run,evt,date,time,dsttype,ecm,nctrk,nntrk,nvecp,ncvecp,nnvecp,sum_px_ch,sum_py_ch,sum_pz_ch,sum_e_ch,sum_p_ch,mean_p_ch,sum_px_all,sum_py_all,sum_pz_all,sum_e_all,echar,emneu,ehneu,nhpc,ehpc_sum,nemf,eemf_sum,nemclu,eemclu_sum,nphot,ephot_sum,ephot_min,ephot_max,nstic,estic_sum,ihad4,sample,file_id
48410,15424,940626,123904,94C2, 9.127600E+01,6,2,8,6,2,-4.625426E-02,-2.969519E-01, 3.378238E+00, 4.874333E+00, 4.766058E+00, 7.943430E-01, 1.376905E-01,-2.966526E-01, 4.364465E+00, 5.891870E+00, 0.000000E+00, 1.017536E+00, 0.000000E+00,0, 0.000000E+00,2, 0.000000E+00,0, 0.000000E+00,NULL,NULL,NULL,NULL,NULL,NULL,0,data,8
48410,15425,940626,123904,94C2, 9.127600E+01,0,2,2,0,2, 0.000000E+00, 0.000000E+00, 0.000000E+00, 0.000000E+00, 0.000000E+00, 0.000000E+00, 1.071333E-01, 3.761339E-02, 6.601486E-01, 9.465057E+01, 0.000000E+00, 9.465057E+01, 0.000000E+00,NULL,NULL,NULL,NULL,0, 0.000000E+00,NULL,NULL,NULL,NULL,2, 9.465057E+01,0,data,8
48410,15428,940626,123904,94C2, 9.127600E+01,0,2,2,0,2, 0.000000E+00, 0.000000E+00, 0.000000E+00, 0.000000E+00, 0.000000E+00, 0.000000E+00,-9.736192E-02,-7.590914E-02, 1.153908E-01, 8.152197E+01, 0.000000E+00, 8.152197E+01, 0.000000E+00,NULL,NULL,NULL,NULL,0, 0.000000E+00,NULL,NULL,NULL,NULL,2, 8.152197E+01,0,data,8
48410,15429,940626,123904,94C2, 9.127600E+01,2,1,3,2,1, 3.547579E-03, 9.473622E-03, 3.500680E-01, 1.746268E+00, 1.723623E+00, 8.618117E-01, 2.362747E-01, 9.684645E-02, 2.484365E-01, 2.014829E+00, 1.741892E+00, 0.000000E+00, 2.685607E-01,1, 0.000000E+00,0, 0.000000E+00,0, 0.000000E+00,NULL,NULL,NULL,NULL,NULL,NULL,0,data,8
48410,15431,940626,123905,94C2, 9.127600E+01,56,18,74,56,18, 4.162468E+00,-5.795677E+00, 1.251217E+01, 6.196967E+01, 6.018823E+01, 1.074790E+00,-2.550877E-01, 4.880994E+00, 2.788889E+00, 9.845550E+01, 5.135118E+01, 3.511666E+01, 0.000000E+00,19, 0.000000E+00,0, 0.000000E+00,0, 0.000000E+00,17, 3.549794E+01, 3.217224E-01, 1.215227E+01,NULL,NULL,1,data,8
48410,15432,940626,123908,94C2, 9.127600E+01,0,2,2,0,2, 0.000000E+00, 0.000000E+00, 0.000000E+00, 0.000000E+00, 0.000000E+00, 0.000000E+00, 2.397882E-01, 1.527739E-02,-1.138840E-01, 9.198202E+01, 0.000000E+00, 9.198202E+01, 0.000000E+00,NULL,NULL,NULL,NULL,0, 0.000000E+00,NULL,NULL,NULL,NULL,2, 9.198202E+01,0,data,8
48410,15438,940626,123909,94C2, 9.127600E+01,32,18,50,32,18, 1.573289E+00,-1.004603E+01,-2.424019E-01, 3.987801E+01, 3.918979E+01, 1.224681E+00, 2.059251E+00,-9.346646E+00, 4.344471E+00, 8.409806E+01, 3.499442E+01, 3.926033E+01, 1.842431E-01,22, 1.495264E+00,0, 0.000000E+00,0, 0.000000E+00,17, 4.403582E+01, 4.660590E-01, 1.592597E+01,NULL,NULL,1,data,8
48410,15440,940626,123909,94C2, 9.127600E+01,2,0,2,2,0, 6.622065E+00,-1.193492E+01,-1.075668E+01, 1.357152E+02, 1.357149E+02, 6.785745E+01, 6.622065E+00,-1.193492E+01,-1.075668E+01, 1.357152E+02, 0.000000E+00, 0.000000E+00, 0.000000E+00,NULL,NULL,NULL,NULL,0, 0.000000E+00,NULL,NULL,NULL,NULL,NULL,NULL,0,data,8
48410,15444,940626,123911,94C2, 9.127600E+01,0,2,2,0,2, 0.000000E+00, 0.000000E+00, 0.000000E+00, 0.000000E+00, 0.000000E+00, 0.000000E+00,-1.835823E-03, 1.421356E-02, 1.502609E-01, 8.938953E+01, 0.000000E+00, 8.938953E+01, 0.000000E+00,NULL,NULL,NULL,NULL,0, 0.000000E+00,NULL,NULL,NULL,NULL,2, 8.938953E+01,0,data,8
48410,15445,940626,123911,94C2, 9.127600E+01,2,3,5,2,3,-4.453351E-01, 1.537854E+00,-1.173259E+00, 9.887851E+00, 9.883744E+00, 4.941872E+00,-9.593297E-01, 4.394235E-01,-1.416775E+00, 1.137100E+01, 0.000000E+00, 1.483146E+00, 0.000000E+00,NULL,NULL,NULL,NULL,0, 0.000000E+00,NULL,NULL,NULL,NULL,NULL,NULL,0,data,8
48410,15447,940626,123911,94C2, 9.127600E+01,0,2,2,0,2, 0.000000E+00, 0.000000E+00, 0.000000E+00, 0.000000E+00, 0.000000E+00, 0.000000E+00,-5.036759E-02, 1.257336E-02, 1.402508E+00, 8.991208E+01, 0.000000E+00, 8.991208E+01, 0.000000E+00,NULL,NULL,NULL,NULL,0, 0.000000E+00,NULL,NULL,NULL,NULL,2, 8.991208E+01,0,data,8
48410,15451,940626,123914,94C2, 9.127600E+01,0,4,4,0,4, 0.000000E+00, 0.000000E+00, 0.000000E+00, 0.000000E+00, 0.000000E+00, 0.000000E+00, 1.124170E-01, 2.061335E-02, 1.517006E+00, 9.121128E+01, 0.000000E+00, 9.121128E+01, 0.000000E+00,NULL,NULL,NULL,NULL,0, 0.000000E+00,NULL,NULL,NULL,NULL,2, 9.109114E+01,0,data,8
48410,15452,940626,123914,94C2, 9.127600E+01,0,2,2,0,2, 0.000000E+00, 0.000000E+00, 0.000000E+00, 0.000000E+00, 0.000000E+00, 0.000000E+00, 2.499285E-01, 1.451885E-01,-2.762627E+00, 9.389594E+01, 0.000000E+00, 9.389594E+01, 0.000000E+00,NULL,NULL,NULL,NULL,0, 0.000000E+00,NULL,NULL,NULL,NULL,2, 9.389594E+01,0,data,8
48410,15453,940626,123914,94C2, 9.127600E+01,0,2,2,0,2, 0.000000E+00, 0.000000E+00, 0.000000E+00, 0.000000E+00, 0.000000E+00, 0.000000E+00, 1.533842E-02,-1.151659E-01, 1.778709E+00, 8.903438E+01, 0.000000E+00, 8.903438E+01, 0.000000E+00,NULL,NULL,NULL,NULL,0, 0.000000E+00,NULL,NULL,NULL,NULL,2, 8.903438E+01,0,data,8
48410,15454,940626,123914,94C2, 9.127600E+01,17,13,30,17,13,-7.138160E-01,-2.653133E+00, 1.419867E-01, 3.568689E+01, 3.544532E+01, 2.085019E+00,-6.880598E+00,-1.069418E+01, 3.220958E+00, 6.937363E+01, 3.635528E+01, 2.994800E+01, 3.749220E-01,18, 1.039318E+01,0, 0.000000E+00,0, 0.000000E+00,11, 3.170254E+01, 5.577467E-01, 1.314181E+01,NULL,NULL,1,data,8
48410,15458,940626,123917,94C2, 9.127600E+01,4,2,6,4,2,-2.363034E-01, 8.410883E-02,-3.265985E+00, 4.672997E+00, 4.622147E+00, 1.155537E+00,-2.577015E-01, 7.146712E-02,-3.336606E+00, 5.442661E+00, 2.649007E+00, 7.696642E-01, 0.000000E+00,NULL,NULL,NULL,NULL,0, 0.000000E+00,NULL,NULL,NULL,NULL,2, 0.000000E+00,0,data,8
48410,15459,940626,123917,94C2, 9.127600E+01,0,2,2,0,2, 0.000000E+00, 0.000000E+00, 0.000000E+00, 0.000000E+00, 0.000000E+00, 0.000000E+00, 5.967224E-02, 1.544816E-01, 1.109135E+00, 9.150749E+01, 0.000000E+00, 9.150749E+01, 0.000000E+00,NULL,NULL,NULL,NULL,0, 0.000000E+00,NULL,NULL,NULL,NULL,2, 9.150749E+01,0,data,8
48410,15461,940626,123917,94C2, 9.127600E+01,0,2,2,0,2, 0.000000E+00, 0.000000E+00, 0.000000E+00, 0.000000E+00, 0.000000E+00, 0.000000E+00, 1.197507E-01, 1.218792E-01, 2.146069E+00, 8.999553E+01, 0.000000E+00, 8.999553E+01, 0.000000E+00,NULL,NULL,NULL,NULL,0, 0.000000E+00,NULL,NULL,NULL,NULL,2, 8.999553E+01,0,data,8
48410,15463,940626,123918,94C2, 9.127600E+01,0,2,2,0,2, 0.000000E+00, 0.000000E+00, 0.000000E+00, 0.000000E+00, 0.000000E+00, 0.000000E+00,-1.493812E-02, 6.776717E-02,-9.032116E+00, 8.221337E+01, 0.000000E+00, 8.221337E+01, 0.000000E+00,NULL,NULL,NULL,NULL,0, 0.000000E+00,NULL,NULL,NULL,NULL,2, 8.221337E+01,0,data,8
48410,15464,940626,123918,94C2, 9.127600E+01,33,16,49,33,16, 1.437598E+01,-9.999903E+00,-2.198815E+00, 3.796282E+01, 3.725090E+01, 1.128815E+00, 2.996460E+00,-4.903351E+00,-8.989916E-01, 7.707797E+01, 3.563795E+01, 3.601375E+01, 0.000000E+00,23, 3.108002E+00,1, 0.000000E+00,0, 0.000000E+00,13, 3.820636E+01, 3.610189E-01, 1.915323E+01,NULL,NULL,1,data,8
48410,15465,940626,123918,94C2, 9.127600E+01,0,2,2,0,2, 0.000000E+00, 0.000000E+00, 0.000000E+00, 0.000000E+00, 0.000000E+00, 0.000000E+00, 8.156407E-02, 6.034088E-02,-8.582687E-01, 9.561185E+01, 0.000000E+00, 9.561185E+01, 0.000000E+00,NULL,NULL,NULL,NULL,0, 0.000000E+00,NULL,NULL,NULL,NULL,2, 9.561185E+01,0,data,8
48410,15467,940626,123918,94C2, 9.127600E+01,47,14,61,47,14,-7.951342E+00, 1.975743E+00, 2.923086E+00, 7.589134E+01, 7.494067E+01, 1.594482E+00,-9.934030E+00, 1.936326E+00, 3.226814E+00, 8.855377E+01, 5.639947E+01, 1.002780E+01, 8.667000E-01,13, 7.976767E-01,1, 0.000000E+00,0, 0.000000E+00,9, 9.614721E+00, 3.804237E-01, 4.177542E+00,NULL,NULL,1,data,8
48410,15469,940626,123920,94C2, 9.127600E+01,39,9,48,39,9,-1.490175E-01, 1.056098E+01, 6.777251E+00, 6.804778E+01, 6.737257E+01, 1.727502E+00,-5.105828E-01, 9.450373E+00, 4.382786E+00, 7.933762E+01, 5.468662E+01, 9.710285E+00, 0.000000E+00,10, 2.332274E-01,1, 0.000000E+00,0, 0.000000E+00,7, 1.033043E+01, 8.236221E-01, 3.741457E+00,NULL,NULL,1,data,8
48410,15473,940626,123921,94C2, 9.127600E+01,0,2,2,0,2, 0.000000E+00, 0.000000E+00, 0.000000E+00, 0.000000E+00, 0.000000E+00, 0.000000E+00,-5.862761E-02,-5.012190E-02,-2.052231E+00, 9.239193E+01, 0.000000E+00, 9.239193E+01, 0.000000E+00,NULL,NULL,NULL,NULL,0, 0.000000E+00,NULL,NULL,NULL,NULL,2, 9.239193E+01,0,data,8
48410,15476,940626,123921,94C2, 9.127600E+01,2,0,2,2,0,-7.987091E-02,-9.497237E-02,-1.232921E+00, 2.010322E+00, 1.990568E+00, 9.952838E-01,-7.987091E-02,-9.497237E-02,-1.232921E+00, 2.010322E+00, 0.000000E+00, 0.000000E+00, 0.000000E+00,1, 2.676090E-01,0, 0.000000E+00,0, 0.000000E+00,NULL,NULL,NULL,NULL,NULL,NULL,0,data,8
48410,15481,940626,123924,94C2, 9.127600E+01,29,10,39,29,10,-1.689643E+00,-1.634113E+00,-7.300894E+00, 5.129114E+01, 5.072855E+01, 1.749260E+00,-4.985650E-01,-7.456252E+00,-1.573647E+01, 6.845551E+01, 4.938535E+01, 1.466348E+01, 2.500889E+00,1, 0.000000E+00,4, 0.000000E+00,0, 0.000000E+00,NULL,NULL,NULL,NULL,NULL,NULL,1,data,8
48410,15482,940626,123926,94C2, 9.127600E+01,0,2,2,0,2, 0.000000E+00, 0.000000E+00, 0.000000E+00, 0.000000E+00, 0.000000E+00, 0.000000E+00, 3.504300E-01,-6.630838E-02,-2.219776E+00, 8.551674E+01, 0.000000E+00, 8.551674E+01, 0.000000E+00,NULL,NULL,NULL,NULL,0, 0.000000E+00,NULL,NULL,NULL,NULL,2, 8.551674E+01,0,data,8
48410,15484,940626,123926,94C2, 9.127600E+01,32,18,50,32,18,-3.309147E+00, 9.030187E-01,-7.473221E+00, 5.276049E+01, 5.207620E+01, 1.627381E+00,-4.269682E+00, 9.842893E-01,-1.141937E+01, 8.198235E+01, 4.796014E+01, 2.789319E+01, 1.328662E+00,0, 0.000000E+00,13, 2.723945E+00,0, 0.000000E+00,NULL,NULL,NULL,NULL,2, 0.000000E+00,1,data,8
48410,15487,940626,123926,94C2, 9.127600E+01,0,2,2,0,2, 0.000000E+00, 0.000000E+00, 0.000000E+00, 0.000000E+00, 0.000000E+00, 0.000000E+00,-3.741300E-02,-1.307392E-02,-1.522106E+00, 9.117252E+01, 0.000000E+00, 9.117252E+01, 0.000000E+00,NULL,NULL,NULL,NULL,0, 0.000000E+00,NULL,NULL,NULL,NULL,2, 9.117252E+01,0,data,8
48410,15488,940626,123926,94C2, 9.127600E+01,0,2,2,0,2, 0.000000E+00, 0.000000E+00, 0.000000E+00, 0.000000E+00, 0.000000E+00, 0.000000E+00, 1.385562E-02, 1.802921E-03, 2.045555E-01, 9.126736E+01, 0.000000E+00, 9.126736E+01, 0.000000E+00,NULL,NULL,NULL,NULL,0, 0.000000E+00,NULL,NULL,NULL,NULL,2, 9.126736E+01,0,data,8
48410,15489,940626,123926,94C2, 9.127600E+01,36,10,46,36,10, 6.822467E+00, 7.712508E-01,-2.644493E+00, 5.119356E+01, 5.037635E+01, 1.399343E+00,-3.271130E+00,-3.770504E+00,-4.905987E-02, 7.622317E+01, 4.199124E+01, 8.454674E+00, 1.492665E+01,11, 2.270051E-01,0, 0.000000E+00,0, 0.000000E+00,6, 1.010296E+01, 4.915270E-01, 2.424494E+00,NULL,NULL,1,data,8
48410,15496,940626,123930,94C2, 9.127600E+01,0,2,2,0,2, 0.000000E+00, 0.000000E+00, 0.000000E+00, 0.000000E+00, 0.000000E+00, 0.000000E+00, 6.606549E-02,-8.558512E-03, 4.642906E-01, 9.415448E+01, 0.000000E+00, 9.415448E+01, 0.000000E+00,NULL,NULL,NULL,NULL,0, 0.000000E+00,NULL,NULL,NULL,NULL,2, 9.415448E+01,0,data,8
48410,15498,940626,123931,94C2, 9.127600E+01,24,15,39,24,15,-7.840091E+00,-8.351232E+00, 5.935590E+00, 6.737289E+01, 6.644258E+01, 2.768441E+00,-1.109581E+01,-9.647585E+00, 6.609783E+00, 8.503558E+01, 6.062521E+01, 1.380130E+01, 2.139489E+00,17, 1.132257E+01,0, 0.000000E+00,0, 0.000000E+00,11, 1.552947E+01, 7.471037E-01, 2.680803E+00,NULL,NULL,1,data,8
48410,15501,940626,123931,94C2, 9.127600E+01,25,14,39,25,14, 7.759161E+00, 2.066570E+00,-8.371666E+00, 4.519313E+01, 4.487779E+01, 1.795112E+00, 1.190798E+01,-9.799778E-02,-1.449004E+01, 7.034569E+01, 3.839020E+01, 1.220284E+01, 1.368428E+00,12, 4.202319E-01,2, 0.000000E+00,0, 0.000000E+00,10, 2.003075E+01, 5.197275E-01, 7.066761E+00,NULL,NULL,1,data,8
48410,15502,940626,123932,94C2, 9.127600E+01,4,4,8,4,4,-2.573662E+00,-4.514655E+00,-2.024104E+01, 2.477862E+01, 2.475520E+01, 6.188801E+00, 1.698937E+00, 5.501653E+00, 2.322528E+01, 6.959395E+01, 0.000000E+00, 4.481533E+01, 0.000000E+00,0, 0.000000E+00,5, 4.698098E+01,0, 0.000000E+00,NULL,NULL,NULL,NULL,NULL,NULL,0,data,8
48410,15504,940626,123932,94C2, 9.127600E+01,5,1,6,5,1,-2.871232E-01,-2.241398E-01,-2.361304E+00, 3.716964E+00, 3.564546E+00, 7.129092E-01,-3.079393E-01,-2.347494E-01,-2.986076E+00, 4.342172E+00, 1.463742E+00, 6.252081E-01, 0.000000E+00,NULL,NULL,NULL,NULL,0, 0.000000E+00,NULL,NULL,NULL,NULL,1, 0.000000E+00,0,data,8
48410,15505,940626,123932,94C2, 9.127600E+01,0,3,3,0,3, 0.000000E+00, 0.000000E+00, 0.000000E+00, 0.000000E+00, 0.000000E+00, 0.000000E+00, 1.257932E-01, 1.663005E-02, 1.797260E+00, 8.988939E+01, 0.000000E+00, 8.988939E+01, 0.000000E+00,NULL,NULL,NULL,NULL,0, 0.000000E+00,NULL,NULL,NULL,NULL,3, 8.988939E+01,0,data,8
48410,15506,940626,123932,94C2, 9.127600E+01,25,9,34,25,9, 6.388435E+00,-6.076805E+00,-7.252471E+00, 6.661635E+01, 6.618775E+01, 2.647510E+00,-3.396152E+00, 3.779372E+00, 3.797686E+00, 9.250661E+01, 6.638170E+01, 2.194446E+01, 2.126707E+00,8, 0.000000E+00,0, 0.000000E+00,0, 0.000000E+00,6, 2.376356E+01, 1.265683E+00, 1.356131E+01,NULL,NULL,1,data,8
48410,15507,940626,123934,94C2, 9.127600E+01,0,2,2,0,2, 0.000000E+00, 0.000000E+00, 0.000000E+00, 0.000000E+00, 0.000000E+00, 0.000000E+00, 1.287723E-01,-2.528286E-02, 1.328106E+00, 9.296223E+01, 0.000000E+00, 9.296223E+01, 0.000000E+00,NULL,NULL,NULL,NULL,0, 0.000000E+00,NULL,NULL,NULL,NULL,2, 9.296223E+01,0,data,8
48410,15508,940626,123934,94C2, 9.127600E+01,0,3,3,0,3, 0.000000E+00, 0.000000E+00, 0.000000E+00, 0.000000E+00, 0.000000E+00, 0.000000E+00, 3.432295E-01, 6.949096E-01, 5.425098E+00, 8.880000E+01, 0.000000E+00, 8.880000E+01, 0.000000E+00,NULL,NULL,NULL,NULL,0, 0.000000E+00,NULL,NULL,NULL,NULL,3, 8.880000E+01,0,data,8
48410,15509,940626,123934,94C2, 9.127600E+01,2,1,3,2,1, 2.812624E-03,-6.897405E-01, 7.023581E-01, 1.760629E+00, 1.738187E+00, 8.690933E-01, 1.205225E-02, 8.218574E-01, 1.633161E+00, 3.535849E+00, 1.889701E+00, 0.000000E+00, 1.775220E+00,1, 0.000000E+00,0, 0.000000E+00,0, 0.000000E+00,NULL,NULL,NULL,NULL,NULL,NULL,0,data,8
48410,15510,940626,123934,94C2, 9.127600E+01,52,7,59,52,7,-1.912174E+01,-1.632177E+01,-2.024777E+00, 5.057275E+01, 4.804594E+01, 9.239603E-01,-2.248135E+01,-2.103606E+01,-1.904779E+00, 5.733959E+01, 3.192808E+01, 4.133953E+00, 8.482458E-01,4, 5.202641E+00,0, 0.000000E+00,0, 0.000000E+00,3, 5.178674E+00, 4.556138E-01, 3.394031E+00,NULL,NULL,0,data,8
48410,15511,940626,123934,94C2, 9.127600E+01,3,0,3,3,0, 6.409649E+00, 2.033097E+01, 1.331968E+01, 5.264426E+01, 5.258415E+01, 1.752805E+01, 6.409649E+00, 2.033097E+01, 1.331968E+01, 5.264426E+01, 0.000000E+00, 0.000000E+00, 0.000000E+00,1, 0.000000E+00,0, 0.000000E+00,0, 0.000000E+00,NULL,NULL,NULL,NULL,NULL,NULL,0,data,8
48410,15512,940626,123934,94C2, 9.127600E+01,21,19,40,21,19,-6.176347E+00, 2.852155E+00,-5.931872E+00, 5.336975E+01, 5.301200E+01, 2.524381E+00,-6.881772E+00, 4.707081E+00,-6.035064E+00, 7.332378E+01, 4.901945E+01, 1.361213E+01, 1.117723E+00,19, 1.447847E+00,0, 0.000000E+00,0, 0.000000E+00,16, 1.883630E+01, 4.445206E-01, 4.685387E+00,NULL,NULL,1,data,8
48410,15514,940626,123934,94C2, 9.127600E+01,39,14,53,39,14, 1.200526E+01,-2.061978E+00,-1.105400E+01, 9.352547E+01, 9.296600E+01, 2.383744E+00, 8.071846E+00,-9.372487E-01,-2.439241E+00, 1.091502E+02, 5.297892E+01, 6.191511E+00, 8.651989E+00,4, 0.000000E+00,16, 9.857786E+00,0, 0.000000E+00,1, 7.812436E-01, 7.812436E-01, 7.812436E-01,1, 0.000000E+00,1,data,8
48410,15515,940626,123936,94C2, 9.127600E+01,0,2,2,0,2, 0.000000E+00, 0.000000E+00, 0.000000E+00, 0.000000E+00, 0.000000E+00, 0.000000E+00,-1.001562E-01, 1.142659E-01, 9.796761E+00, 8.426551E+01, 0.000000E+00, 8.426551E+01, 0.000000E+00,NULL,NULL,NULL,NULL,0, 0.000000E+00,NULL,NULL,NULL,NULL,2, 8.426551E+01,0,data,8
48410,15516,940626,123936,94C2, 9.127600E+01,0,2,2,0,2, 0.000000E+00, 0.000000E+00, 0.000000E+00, 0.000000E+00, 0.000000E+00, 0.000000E+00, 9.211963E-02,-6.722069E-02,-1.789181E+00, 8.967213E+01, 0.000000E+00, 8.967213E+01, 0.000000E+00,NULL,NULL,NULL,NULL,0, 0.000000E+00,NULL,NULL,NULL,NULL,2, 8.967213E+01,0,data,8
48410,15518,940626,123936,94C2, 9.127600E+01,33,10,43,33,10,-2.313294E+01,-6.929986E+00,-8.949257E-01, 6.633007E+01, 6.558542E+01, 1.987437E+00,-4.650555E+00,-5.026765E-01,-7.513713E-01, 9.524055E+01, 6.278273E+01, 8.079194E+00, 1.883734E+01,12, 8.063046E+00,0, 0.000000E+00,0, 0.000000E+00,6, 9.034629E+00, 8.490983E-01, 2.994131E+00,NULL,NULL,1,data,8
48410,15519,940626,123936,94C2, 9.127600E+01,0,2,2,0,2, 0.000000E+00, 0.000000E+00, 0.000000E+00, 0.000000E+00, 0.000000E+00, 0.000000E+00, 6.187129E-02, 1.688282E-01,-2.320515E+00, 9.112920E+01, 0.000000E+00, 9.112920E+01, 0.000000E+00,NULL,NULL,NULL,NULL,0, 0.000000E+00,NULL,NULL,NULL,NULL,2, 9.112920E+01,0,data,8
48410,15521,940626,123939,94C2, 9.127600E+01,30,13,43,30,13,-2.563415E+00,-4.898354E+00,-2.058114E+00, 6.999500E+01, 6.971686E+01, 2.323895E+00, 1.811431E+00,-4.131482E+00,-8.752785E-01, 9.863823E+01, 6.846534E+01, 2.324084E+01, 4.521012E+00,16, 5.928017E-01,0, 0.000000E+00,0, 0.000000E+00,9, 1.964225E+01, 4.586706E-01, 8.328887E+00,NULL,NULL,1,data,8
48410,15523,940626,123939,94C2, 9.127600E+01,0,2,2,0,2, 0.000000E+00, 0.000000E+00, 0.000000E+00, 0.000000E+00, 0.000000E+00, 0.000000E+00,-6.137693E-02, 1.126099E-02, 6.725769E-01, 9.324491E+01, 0.000000E+00, 9.324491E+01, 0.000000E+00,NULL,NULL,NULL,NULL,0, 0.000000E+00,NULL,NULL,NULL,NULL,2, 9.324491E+01,0,data,8
48410,15526,940626,123940,94C2, 9.127600E+01,4,2,6,4,2,-2.144882E-01, 1.289975E-01,-8.746159E-01, 2.020034E+00, 1.880019E+00, 4.700047E-01,-5.120944E-01, 1.877825E-01,-1.846435E+01, 1.995913E+01, 1.253380E+00, 1.793910E+01, 0.000000E+00,1, 0.000000E+00,0, 0.000000E+00,0, 0.000000E+00,NULL,NULL,NULL,NULL,1, 0.000000E+00,0,data,8
48410,15527,940626,123940,94C2, 9.127600E+01,38,17,55,38,17,-2.822851E+02,-2.246415E+00,-1.894494E+02, 4.393546E+02, 4.386083E+02, 1.154232E+01,-2.784435E+02,-2.955355E+00,-1.889143E+02, 4.547998E+02, 4.024487E+01, 8.339852E+00, 2.698560E+00,12, 1.007029E+00,4, 0.000000E+00,0, 0.000000E+00,8, 9.081729E+00, 4.803911E-01, 2.432463E+00,2, 0.000000E+00,1,data,8
48410,15537,940626,123945,94C2, 9.127600E+01,0,2,2,0,2, 0.000000E+00, 0.000000E+00, 0.000000E+00, 0.000000E+00, 0.000000E+00, 0.000000E+00,-1.117134E-02, 4.768249E-02,-8.035431E-01, 9.310349E+01, 0.000000E+00, 9.310349E+01, 0.000000E+00,NULL,NULL,NULL,NULL,0, 0.000000E+00,NULL,NULL,NULL,NULL,2, 9.310349E+01,0,data,8
48410,15540,940626,123945,94C2, 9.127600E+01,0,2,2,0,2, 0.000000E+00, 0.000000E+00, 0.000000E+00, 0.000000E+00, 0.000000E+00, 0.000000E+00, 5.077136E-02, 1.641889E-01, 2.006020E+00, 9.242027E+01, 0.000000E+00, 9.242027E+01, 0.000000E+00,NULL,NULL,NULL,NULL,0, 0.000000E+00,NULL,NULL,NULL,NULL,2, 9.242027E+01,0,data,8
48410,15546,940626,123946,94C2, 9.127600E+01,2,0,2,2,0, 2.236125E+01,-9.948748E+00, 7.614599E+00, 1.088474E+02, 1.088470E+02, 5.442352E+01, 2.236125E+01,-9.948748E+00, 7.614599E+00, 1.088474E+02, 1.088473E+02, 0.000000E+00, 0.000000E+00,2, 4.397090E+00,0, 0.000000E+00,0, 0.000000E+00,NULL,NULL,NULL,NULL,NULL,NULL,0,data,8
48410,15548,940626,123950,94C2, 9.127600E+01,2,0,2,2,0, 8.651085E-01, 1.421423E-01,-5.134373E-01, 9.219942E+01, 9.219899E+01, 4.609949E+01, 8.651085E-01, 1.421423E-01,-5.134373E-01, 9.219942E+01, 9.219932E+01, 0.000000E+00, 0.000000E+00,1, 0.000000E+00,0, 0.000000E+00,0, 0.000000E+00,NULL,NULL,NULL,NULL,NULL,NULL,0,data,8
48410,15549,940626,123950,94C2, 9.127600E+01,0,2,2,0,2, 0.000000E+00, 0.000000E+00, 0.000000E+00, 0.000000E+00, 0.000000E+00, 0.000000E+00, 2.157378E-02, 6.425357E-02, 2.867813E-01, 9.094760E+01, 0.000000E+00, 9.094760E+01, 0.000000E+00,NULL,NULL,NULL,NULL,0, 0.000000E+00,NULL,NULL,NULL,NULL,2, 9.094760E+01,0,data,8
48410,15551,940626,123950,94C2, 9.127600E+01,0,2,2,0,2, 0.000000E+00, 0.000000E+00, 0.000000E+00, 0.000000E+00, 0.000000E+00, 0.000000E+00,-4.438278E-02,-2.215505E-02,-7.675705E-01, 9.214481E+01, 0.000000E+00, 9.214481E+01, 0.000000E+00,NULL,NULL,NULL,NULL,0, 0.000000E+00,NULL,NULL,NULL,NULL,2, 9.214481E+01,0,data,8
48410,15553,940626,123950,94C2, 9.127600E+01,4,6,10,4,6, 5.981072E+00,-1.544938E+01,-2.718015E+00, 6.764459E+01, 6.762926E+01, 1.690732E+01, 5.532426E+00,-1.243469E+01,-1.792453E+00, 8.019004E+01, 6.762990E+01, 1.254545E+01, 0.000000E+00,5, 3.238863E+01,0, 0.000000E+00,0, 0.000000E+00,4, 6.163503E+00, 6.035177E-01, 1.877807E+00,NULL,NULL,0,data,8
48410,15555,940626,123950,94C2, 9.127600E+01,0,2,2,0,2, 0.000000E+00, 0.000000E+00, 0.000000E+00, 0.000000E+00, 0.000000E+00, 0.000000E+00, 2.961659E-02,-1.725526E-01, 6.643307E+00, 8.683583E+01, 0.000000E+00, 8.683583E+01, 0.000000E+00,NULL,NULL,NULL,NULL,0, 0.000000E+00,NULL,NULL,NULL,NULL,2, 8.683583E+01,0,data,8
48410,15556,940626,123950,94C2, 9.127600E+01,2,1,3,2,1, 1.395913E+00, 5.217411E+00,-2.680346E+00, 8.417691E+01, 8.417644E+01, 4.208822E+01, 1.261683E+00, 4.849018E+00,-2.485500E+00, 8.461474E+01, 8.417644E+01, 4.378315E-01, 0.000000E+00,3, 9.135896E+01,0, 0.000000E+00,0, 0.000000E+00,1, 4.378315E-01, 4.378315E-01, 4.378315E-01,NULL,NULL,0,data,8
48410,15557,940626,123952,94C2, 9.127600E+01,0,2,2,0,2, 0.000000E+00, 0.000000E+00, 0.000000E+00, 0.000000E+00, 0.000000E+00, 0.000000E+00,-3.892553E-02, 1.085685E-01,-2.860577E+00, 9.246645E+01, 0.000000E+00, 9.246645E+01, 0.000000E+00,NULL,NULL,NULL,NULL,0, 0.000000E+00,NULL,NULL,NULL,NULL,2, 9.246645E+01,0,data,8
48410,15560,940626,123953,94C2, 9.127600E+01,17,11,28,17,11,-8.423301E+00,-7.377342E+00, 1.358676E+00, 4.480951E+01, 4.465780E+01, 2.626929E+00,-1.638156E+01,-1.387325E+01, 2.638849E+00, 8.093361E+01, 3.641135E+01, 3.410908E+01, 2.005576E-01,13, 7.375153E-01,0, 0.000000E+00,0, 0.000000E+00,9, 3.489377E+01, 5.037953E-01, 1.663382E+01,NULL,NULL,1,data,8
48410,15561,940626,123953,94C2, 9.127600E+01,0,2,2,0,2, 0.000000E+00, 0.000000E+00, 0.000000E+00, 0.000000E+00, 0.000000E+00, 0.000000E+00, 9.868968E-02, 3.083279E-01,-3.200642E+00, 9.248908E+01, 0.000000E+00, 9.248908E+01, 0.000000E+00,NULL,NULL,NULL,NULL,0, 0.000000E+00,NULL,NULL,NULL,NULL,2, 9.248908E+01,0,data,8
48410,15563,940626,123953,94C2, 9.127600E+01,26,16,42,26,16, 1.925155E+00,-7.657195E-01,-6.080054E+00, 4.406765E+01, 4.355662E+01, 1.675255E+00, 4.724056E-01,-4.691814E-01,-3.631204E+00, 8.222117E+01, 3.553788E+01, 3.511903E+01, 3.079213E+00,2, 0.000000E+00,11, 3.536790E+00,0, 0.000000E+00,2, 8.606820E+00, 4.060699E+00, 4.546122E+00,2, 0.000000E+00,1,data,8
48410,15565,940626,123954,94C2, 9.127600E+01,3,1,4,3,1, 4.627205E-01, 5.726631E-01,-5.058457E-01, 1.476077E+00, 1.392290E+00, 4.640965E-01, 1.604446E+00, 3.588387E-01,-2.624319E+01, 2.723961E+01, 0.000000E+00, 2.576354E+01, 0.000000E+00,NULL,NULL,NULL,NULL,0, 0.000000E+00,NULL,NULL,NULL,NULL,1, 0.000000E+00,0,data,8
48410,15571,940626,123958,94C2, 9.127600E+01,3,6,9,3,6, 5.306752E+00, 6.050394E+00, 1.702584E+01, 4.707333E+01, 4.705647E+01, 1.568549E+01, 6.893268E+00, 8.075974E+00, 2.429292E+01, 5.479317E+01, 3.230996E+01, 7.719840E+00, 0.000000E+00,0, 0.000000E+00,8, 1.234642E+01,0, 0.000000E+00,NULL,NULL,NULL,NULL,NULL,NULL,0,data,8
48410,15573,940626,123958,94C2, 9.127600E+01,17,5,22,17,5,-1.109373E-01,-3.140084E-01, 2.184631E+00, 7.114493E+00, 6.410920E+00, 3.771129E-01, 2.729393E-01,-5.818304E-02, 3.066739E+00, 8.743688E+00, 2.320846E+00, 8.403984E-01, 1.619193E-01,2, 0.000000E+00,1, 0.000000E+00,0, 0.000000E+00,2, 9.555274E-01, 3.286502E-01, 6.268772E-01,1, 0.000000E+00,0,data,8
48410,15576,940626,124000,94C2, 9.127600E+01,16,13,29,16,13, 9.153060E+00, 1.673257E+01, 2.261271E+00, 3.795349E+01, 3.767559E+01, 2.354724E+00,-8.207546E-01,-2.562044E+00,-8.672151E-02, 9.071130E+01, 3.567744E+01, 4.673087E+01, 7.152033E-01,14, 5.161988E-01,0, 0.000000E+00,0, 0.000000E+00,10, 5.177679E+01, 5.321283E-01, 3.053354E+01,NULL,NULL,1,data,8
48410,15578,940626,124000,94C2, 9.127600E+01,0,2,2,0,2, 0.000000E+00, 0.000000E+00, 0.000000E+00, 0.000000E+00, 0.000000E+00, 0.000000E+00, 3.571917E-01,-6.899431E-03, 9.807041E+00, 7.824142E+01, 0.000000E+00, 7.824142E+01, 0.000000E+00,NULL,NULL,NULL,NULL,0, 0.000000E+00,NULL,NULL,NULL,NULL,2, 7.824142E+01,0,data,8
48410,15579,940626,124000,94C2, 9.127600E+01,0,5,5,0,5, 0.000000E+00, 0.000000E+00, 0.000000E+00, 0.000000E+00, 0.000000E+00, 0.000000E+00, 9.546134E+00, 2.059621E+01,-5.794014E+00, 2.391538E+01, 0.000000E+00, 6.522238E+00, 0.000000E+00,5, 2.117153E+01,0, 0.000000E+00,0, 0.000000E+00,5, 2.391538E+01, 1.375371E+00, 9.839348E+00,NULL,NULL,0,data,8
48410,15581,940626,124003,94C2, 9.127600E+01,1,3,4,1,3,-9.662896E-01,-1.222980E+00,-2.583523E+00, 3.020507E+00, 3.017281E+00, 3.017281E+00, 2.972886E-01, 4.281781E-01,-4.493025E+01, 4.576619E+01, 3.020507E+00, 4.274569E+01, 0.000000E+00,0, 0.000000E+00,2, 3.290561E+00,0, 0.000000E+00,NULL,NULL,NULL,NULL,2, 4.928582E-01,0,data,8
48410,15582,940626,124003,94C2, 9.127600E+01,0,2,2,0,2, 0.000000E+00, 0.000000E+00, 0.000000E+00, 0.000000E+00, 0.000000E+00, 0.000000E+00, 6.623459E-02,-5.948308E-02,-1.099388E+00, 9.220027E+01, 0.000000E+00, 9.220027E+01, 0.000000E+00,NULL,NULL,NULL,NULL,0, 0.000000E+00,NULL,NULL,NULL,NULL,2, 9.220027E+01,0,data,8
48410,15585,940626,124003,94C2, 9.127600E+01,1,3,4,1,3, 1.040918E+00,-4.035365E-01, 3.727699E+00, 3.893786E+00, 3.891284E+00, 3.891284E+00,-2.545913E+00, 5.387434E-02,-3.991803E+01, 5.230634E+01, 0.000000E+00, 4.841255E+01, 0.000000E+00,0, 0.000000E+00,3, 8.955458E+00,0, 0.000000E+00,NULL,NULL,NULL,NULL,1, 0.000000E+00,0,data,8
48410,15586,940626,124003,94C2, 9.127600E+01,0,2,2,0,2, 0.000000E+00, 0.000000E+00, 0.000000E+00, 0.000000E+00, 0.000000E+00, 0.000000E+00,-4.454350E-02, 4.667926E-02, 2.270966E-01, 9.224069E+01, 0.000000E+00, 9.224069E+01, 0.000000E+00,NULL,NULL,NULL,NULL,0, 0.000000E+00,NULL,NULL,NULL,NULL,2, 9.224069E+01,0,data,8
48410,15587,940626,124003,94C2, 9.127600E+01,0,2,2,0,2, 0.000000E+00, 0.000000E+00, 0.000000E+00, 0.000000E+00, 0.000000E+00, 0.000000E+00, 3.042538E-01, 7.116866E-02,-2.016472E+00, 9.035172E+01, 0.000000E+00, 9.035172E+01, 0.000000E+00,NULL,NULL,NULL,NULL,0, 0.000000E+00,NULL,NULL,NULL,NULL,2, 9.035172E+01,0,data,8
48410,15588,940626,124003,94C2, 9.127600E+01,0,28,28,0,28, 0.000000E+00, 0.000000E+00, 0.000000E+00, 0.000000E+00, 0.000000E+00, 0.000000E+00,-1.206778E+01,-1.381756E+01, 3.802848E+01, 4.415292E+01, 0.000000E+00, 4.415292E+01, 0.000000E+00,0, 0.000000E+00,26, 3.358375E+01,0, 0.000000E+00,NULL,NULL,NULL,NULL,NULL,NULL,0,data,8
48410,15594,940626,124007,94C2, 9.127600E+01,0,2,2,0,2, 0.000000E+00, 0.000000E+00, 0.000000E+00, 0.000000E+00, 0.000000E+00, 0.000000E+00, 4.860997E-03,-6.334639E-02,-3.016998E+00, 9.192366E+01, 0.000000E+00, 9.192366E+01, 0.000000E+00,NULL,NULL,NULL,NULL,0, 0.000000E+00,NULL,NULL,NULL,NULL,2, 9.192366E+01,0,data,8
48410,15595,940626,124007,94C2, 9.127600E+01,33,21,54,33,21, 8.842247E-01, 6.825613E+00, 4.569969E-01, 6.622763E+01, 6.541533E+01, 1.982283E+00,-1.728333E+00,-6.835140E+00,-5.765513E-01, 9.398992E+01, 6.400260E+01, 2.168809E+01, 2.231488E+00,17, 9.771166E+00,1, 0.000000E+00,0, 0.000000E+00,11, 1.734845E+01, 3.347428E-01, 4.974095E+00,1, 0.000000E+00,1,data,8
48410,15597,940626,124010,94C2, 9.127600E+01,0,2,2,0,2, 0.000000E+00, 0.000000E+00, 0.000000E+00, 0.000000E+00, 0.000000E+00, 0.000000E+00,-1.174107E-02,-1.980782E-02,-8.870735E-01, 8.994348E+01, 0.000000E+00, 8.994348E+01, 0.000000E+00,NULL,NULL,NULL,NULL,0, 0.000000E+00,NULL,NULL,NULL,NULL,2, 8.994348E+01,0,data,8
48410,15600,940626,124010,94C2, 9.127600E+01,0,2,2,0,2, 0.000000E+00, 0.000000E+00, 0.000000E+00, 0.000000E+00, 0.000000E+00, 0.000000E+00,-7.109284E-02,-1.059967E-02,-8.458824E-01, 9.364572E+01, 0.000000E+00, 9.364572E+01, 0.000000E+00,NULL,NULL,NULL,NULL,0, 0.000000E+00,NULL,NULL,NULL,NULL,2, 9.364572E+01,0,data,8
48410,15602,940626,124010,94C2, 9.127600E+01,6,2,8,6,2, 3.000167E+00,-7.956889E-02, 2.286768E+00, 4.183095E+00, 3.959161E+00, 6.598601E-01, 3.104295E+00,-8.848605E-02, 4.468080E+00, 6.368217E+00, 0.000000E+00, 2.185122E+00, 0.000000E+00,NULL,NULL,NULL,NULL,0, 0.000000E+00,NULL,NULL,NULL,NULL,2, 0.000000E+00,0,data,8
48410,15603,940626,124010,94C2, 9.127600E+01,0,2,2,0,2, 0.000000E+00, 0.000000E+00, 0.000000E+00, 0.000000E+00, 0.000000E+00, 0.000000E+00, 2.319272E-01, 1.154759E-01,-2.898277E+00, 9.454619E+01, 0.000000E+00, 9.454619E+01, 0.000000E+00,NULL,NULL,NULL,NULL,0, 0.000000E+00,NULL,NULL,NULL,NULL,2, 9.454619E+01,0,data,8
48410,15610,940626,124017,94C2, 9.127600E+01,0,2,2,0,2, 0.000000E+00, 0.000000E+00, 0.000000E+00, 0.000000E+00, 0.000000E+00, 0.000000E+00,-4.318953E-04, 1.337171E-02,-1.151485E+00, 9.083547E+01, 0.000000E+00, 9.083547E+01, 0.000000E+00,NULL,NULL,NULL,NULL,0, 0.000000E+00,NULL,NULL,NULL,NULL,2, 9.083547E+01,0,data,8
48410,15612,940626,124017,94C2, 9.127600E+01,2,0,2,2,0,-4.397866E+00, 5.609089E+00,-8.807995E+00, 7.706966E+01, 7.706914E+01, 3.853457E+01,-4.397866E+00, 5.609089E+00,-8.807995E+00, 7.706966E+01, 7.706966E+01, 0.000000E+00, 0.000000E+00,NULL,NULL,NULL,NULL,0, 0.000000E+00,NULL,NULL,NULL,NULL,NULL,NULL,0,data,8
48410,15613,940626,124017,94C2, 9.127600E+01,0,2,2,0,2, 0.000000E+00, 0.000000E+00, 0.000000E+00, 0.000000E+00, 0.000000E+00, 0.000000E+00, 6.066370E-02,-1.224172E-01,-1.459503E+00, 9.204462E+01, 0.000000E+00, 9.204462E+01, 0.000000E+00,NULL,NULL,NULL,NULL,0, 0.000000E+00,NULL,NULL,NULL,NULL,2, 9.204462E+01,0,data,8
48410,15614,940626,124017,94C2, 9.127600E+01,0,2,2,0,2, 0.000000E+00, 0.000000E+00, 0.000000E+00, 0.000000E+00, 0.000000E+00, 0.000000E+00, 3.165865E-02, 8.578002E-02,-3.480469E+00, 8.510808E+01, 0.000000E+00, 8.510808E+01, 0.000000E+00,NULL,NULL,NULL,NULL,0, 0.000000E+00,NULL,NULL,NULL,NULL,2, 8.510808E+01,0,data,8
48410,15615,940626,124017,94C2, 9.127600E+01,65,24,89,65,24,-1.005992E+01,-3.010707E+00,-7.338305E+00, 6.013039E+01, 5.789843E+01, 8.907451E-01,-6.471085E+00,-3.166423E+00,-8.077238E+00, 8.473676E+01, 4.583332E+01, 1.434442E+01, 5.386576E+00,20, 4.338772E-01,1, 0.000000E+00,0, 0.000000E+00,15, 1.900271E+01, 3.651022E-01, 3.386591E+00,NULL,NULL,1,data,8
48410,15616,940626,124018,94C2, 9.127600E+01,0,2,2,0,2, 0.000000E+00, 0.000000E+00, 0.000000E+00, 0.000000E+00, 0.000000E+00, 0.000000E+00,-3.407612E-03,-2.043462E-02,-1.182259E+00, 9.169460E+01, 0.000000E+00, 9.169460E+01, 0.000000E+00,NULL,NULL,NULL,NULL,0, 0.000000E+00,NULL,NULL,NULL,NULL,2, 9.169460E+01,0,data,8
48410,15617,940626,124018,94C2, 9.127600E+01,0,2,2,0,2, 0.000000E+00, 0.000000E+00, 0.000000E+00, 0.000000E+00, 0.000000E+00, 0.000000E+00,-1.176691E-01,-5.521035E-02, 2.191051E+00, 9.121624E+01, 0.000000E+00, 9.121624E+01, 0.000000E+00,NULL,NULL,NULL,NULL,0, 0.000000E+00,NULL,NULL,NULL,NULL,2, 9.121624E+01,0,data,8
48410,15618,940626,124018,94C2, 9.127600E+01,46,24,70,46,24, 1.753736E+00, 6.564930E+00,-3.857043E+00, 5.050632E+01, 4.955873E+01, 1.077364E+00, 3.276838E+00, 2.943139E+00,-1.034290E+01, 7.866541E+01, 3.950672E+01, 1.655764E+01, 1.002838E+01,7, 0.000000E+00,13, 0.000000E+00,0, 0.000000E+00,5, 5.941301E+00, 5.663247E-01, 2.410460E+00,NULL,NULL,1,data,8
48410,15620,940626,124020,94C2, 9.127600E+01,0,2,2,0,2, 0.000000E+00, 0.000000E+00, 0.000000E+00, 0.000000E+00, 0.000000E+00, 0.000000E+00, 3.951055E-02,-5.321717E-02, 1.137321E+00, 9.572668E+01, 0.000000E+00, 9.572668E+01, 0.000000E+00,NULL,NULL,NULL,NULL,0, 0.000000E+00,NULL,NULL,NULL,NULL,2, 9.572668E+01,0,data,8
48410,15621,940626,124020,94C2, 9.127600E+01,2,0,2,2,0,-3.202877E+01, 1.450235E+01,-5.657772E+01, 6.908504E+01, 6.907706E+01, 3.453853E+01,-3.202877E+01, 1.450235E+01,-5.657772E+01, 6.908504E+01, 6.783777E+01, 0.000000E+00, 0.000000E+00,NULL,NULL,NULL,NULL,0, 0.000000E+00,NULL,NULL,NULL,NULL,NULL,NULL,0,data,8
48410,15623,940626,124020,94C2, 9.127600E+01,0,2,2,0,2, 0.000000E+00, 0.000000E+00, 0.000000E+00, 0.000000E+00, 0.000000E+00, 0.000000E+00, 3.007722E-02, 7.245171E-02,-1.542309E+00, 9.137263E+01, 0.000000E+00, 9.137263E+01, 0.000000E+00,NULL,NULL,NULL,NULL,0, 0.000000E+00,NULL,NULL,NULL,NULL,2, 9.137263E+01,0,data,8
48410,15624,940626,124020,94C2, 9.127600E+01,33,11,44,33,11,-3.996980E+00, 1.796967E+00,-2.347898E+00, 7.547147E+01, 7.492478E+01, 2.270448E+00,-4.875542E+00, 1.000151E+00,-2.089108E+00, 9.064194E+01, 5.472606E+01, 1.352478E+01, 1.645698E+00,3, 0.000000E+00,13, 4.004331E+00,0, 0.000000E+00,2, 3.124002E+00, 1.374075E+00, 1.749926E+00,1, 0.000000E+00,1,data,8
48410,15625,940626,124021,94C2, 9.127600E+01,45,14,59,45,14,-1.805891E+00, 8.683468E-01, 1.420967E+01, 6.575016E+01, 6.470677E+01, 1.437928E+00, 3.502371E-01,-5.680324E+00, 2.373505E+01, 8.487557E+01, 5.368433E+01, 5.666503E+00, 1.352538E+01,5, 0.000000E+00,5, 0.000000E+00,0, 0.000000E+00,2, 2.037765E+00, 3.980187E-01, 1.639747E+00,2, 0.000000E+00,1,data,8
48410,15628,940626,124024,94C2, 9.127600E+01,18,16,34,18,16,-4.296415E+00,-1.003074E+00,-9.291332E+00, 1.702230E+01, 1.659036E+01, 9.216868E-01,-2.563861E+00,-2.332920E+00,-6.245897E+00, 7.338202E+01, 2.418872E+00, 3.353909E+01, 2.282063E+01,1, 0.000000E+00,8, 1.178905E+00,0, 0.000000E+00,NULL,NULL,NULL,NULL,2, 0.000000E+00,0,data,8
48410,15631,940626,124024,94C2, 9.127600E+01,0,2,2,0,2, 0.000000E+00, 0.000000E+00, 0.000000E+00, 0.000000E+00, 0.000000E+00, 0.000000E+00,-1.178138E-01, 7.044816E-02, 1.432915E-01, 9.315814E+01, 0.000000E+00, 9.315814E+01, 0.000000E+00,NULL,NULL,NULL,NULL,0, 0.000000E+00,NULL,NULL,NULL,NULL,2, 9.315814E+01,0,data,8
48410,15632,940626,124024,94C2, 9.127600E+01,0,2,2,0,2, 0.000000E+00, 0.000000E+00, 0.000000E+00, 0.000000E+00, 0.000000E+00, 0.000000E+00, 2.896571E-02, 5.638909E-02, 1.991627E+00, 9.125069E+01, 0.000000E+00, 9.125069E+01, 0.000000E+00,NULL,NULL,NULL,NULL,0, 0.000000E+00,NULL,NULL,NULL,NULL,2, 9.125069E+01,0,data,8
48410,15636,940626,124025,94C2, 9.127600E+01,4,1,5,4,1,-1.262852E-01,-7.799016E-01,-2.858070E-01, 3.425213E+00, 3.373892E+00, 8.434731E-01,-8.400991E-01,-8.497911E-01,-1.637019E+01, 1.952558E+01, 0.000000E+00, 1.610036E+01, 0.000000E+00,NULL,NULL,NULL,NULL,0, 0.000000E+00,NULL,NULL,NULL,NULL,1, 0.000000E+00,0,data,8
48410,15637,940626,124025,94C2, 9.127600E+01,0,2,2,0,2, 0.000000E+00, 0.000000E+00, 0.000000E+00, 0.000000E+00, 0.000000E+00, 0.000000E+00, 3.608942E-02, 1.276519E-01, 3.589630E-02, 9.414079E+01, 0.000000E+00, 9.414079E+01, 0.000000E+00,NULL,NULL,NULL,NULL,0, 0.000000E+00,NULL,NULL,NULL,NULL,2, 9.414079E+01,0,data,8
48410,15638,940626,124025,94C2, 9.127600E+01,17,11,28,17,11, 1.903779E+00,-5.756555E+00, 1.915736E+01, 9.364827E+01, 9.335836E+01, 5.491668E+00, 5.867518E-01,-9.847159E-01, 2.777826E+01, 1.103351E+02, 5.038053E+01, 1.485989E+01, 1.826957E+00,0, 0.000000E+00,13, 1.209531E+01,0, 0.000000E+00,NULL,NULL,NULL,NULL,NULL,NULL,1,data,8
48410,15641,940626,124027,94C2, 9.127600E+01,36,16,52,36,16, 4.288184E+00,-4.214005E+00, 3.160515E+01, 9.068048E+01, 9.020237E+01, 2.505621E+00, 6.488647E+00,-4.550673E+00, 3.994536E+01, 1.077243E+02, 6.822448E+00, 1.670984E+01, 3.339729E-01,1, 0.000000E+00,20, 8.857532E+00,0, 0.000000E+00,1, 4.187950E-01, 4.187950E-01, 4.187950E-01,2, 0.000000E+00,0,data,8
48410,15644,940626,124027,94C2, 9.127600E+01,0,2,2,0,2, 0.000000E+00, 0.000000E+00, 0.000000E+00, 0.000000E+00, 0.000000E+00, 0.000000E+00, 1.876111E-01,-3.429675E-02,-9.888535E-01, 9.218849E+01, 0.000000E+00, 9.218849E+01, 0.000000E+00,NULL,NULL,NULL,NULL,0, 0.000000E+00,NULL,NULL,NULL,NULL,2, 9.218849E+01,0,data,8
48410,15645,940626,124027,94C2, 9.127600E+01,22,9,31,22,9, 1.314678E+01,-2.309037E+01, 4.152812E+00, 6.219785E+01, 6.193470E+01, 2.815214E+00,-5.603074E+00, 4.540960E+00, 1.827611E-01, 9.773869E+01, 5.777710E+01, 1.962072E+01, 9.147621E+00,12, 5.388758E+00,0, 0.000000E+00,0, 0.000000E+00,6, 2.643143E+01, 1.345705E+00, 1.389213E+01,NULL,NULL,1,data,8
48410,15647,940626,124029,94C2, 9.127600E+01,0,2,2,0,2, 0.000000E+00, 0.000000E+00, 0.000000E+00, 0.000000E+00, 0.000000E+00, 0.000000E+00, 8.263850E-02, 2.073146E-01, 3.592049E+00, 9.087283E+01, 0.000000E+00, 9.087283E+01, 0.000000E+00,NULL,NULL,NULL,NULL,0, 0.000000E+00,NULL,NULL,NULL,NULL,2, 9.087283E+01,0,data,8
48410,15653,940626,124031,94C2, 9.127600E+01,0,2,2,0,2, 0.000000E+00, 0.000000E+00, 0.000000E+00, 0.000000E+00, 0.000000E+00, 0.000000E+00, 2.992797E-02, 1.508996E-01,-1.378304E+00, 9.150492E+01, 0.000000E+00, 9.150492E+01, 0.000000E+00,NULL,NULL,NULL,NULL,0, 0.000000E+00,NULL,NULL,NULL,NULL,2, 9.150492E+01,0,data,8
48410,15658,940626,124031,94C2, 9.127600E+01,0,2,2,0,2, 0.000000E+00, 0.000000E+00, 0.000000E+00, 0.000000E+00, 0.000000E+00, 0.000000E+00, 1.696894E-02, 3.431940E-02, 6.660347E+00, 8.749789E+01, 0.000000E+00, 8.749789E+01, 0.000000E+00,NULL,NULL,NULL,NULL,0, 0.000000E+00,NULL,NULL,NULL,NULL,2, 8.749789E+01,0,data,8
48410,15660,940626,124031,94C2, 9.127600E+01,0,2,2,0,2, 0.000000E+00, 0.000000E+00, 0.000000E+00, 0.000000E+00, 0.000000E+00, 0.000000E+00, 9.234452E-02,-1.932585E-02, 2.121777E+00, 9.137628E+01, 0.000000E+00, 9.137628E+01, 0.000000E+00,NULL,NULL,NULL,NULL,0, 0.000000E+00,NULL,NULL,NULL,NULL,2, 9.137628E+01,0,data,8
48410,15662,940626,124034,94C2, 9.127600E+01,0,2,2,0,2, 0.000000E+00, 0.000000E+00, 0.000000E+00, 0.000000E+00, 0.000000E+00, 0.000000E+00, 4.091907E-02,-3.125668E-04, 2.550434E+00, 8.915004E+01, 0.000000E+00, 8.915004E+01, 0.000000E+00,NULL,NULL,NULL,NULL,0, 0.000000E+00,NULL,NULL,NULL,NULL,2, 8.915004E+01,0,data,8
48410,15666,940626,124034,94C2, 9.127600E+01,4,4,8,4,4, 1.031042E+00,-1.738639E+00,-1.439571E+00, 3.838049E+01, 3.836573E+01, 9.591433E+00, 3.343906E+00,-6.900018E+00,-5.614142E+00, 4.547352E+01, 0.000000E+00, 6.310430E+00, 0.000000E+00,4, 1.039354E+00,0, 0.000000E+00,0, 0.000000E+00,3, 3.441975E+00, 7.825938E-01, 1.586577E+00,NULL,NULL,0,data,8
48410,15671,940626,124038,94C2, 9.127600E+01,0,2,2,0,2, 0.000000E+00, 0.000000E+00, 0.000000E+00, 0.000000E+00, 0.000000E+00, 0.000000E+00, 2.084827E-02, 9.970808E-02, 1.636215E+00, 9.317436E+01, 0.000000E+00, 9.317436E+01, 0.000000E+00,NULL,NULL,NULL,NULL,0, 0.000000E+00,NULL,NULL,NULL,NULL,2, 9.317436E+01,0,data,8
48410,15672,940626,124038,94C2, 9.127600E+01,8,3,11,8,3,-1.313299E+00,-3.601674E+00,-3.970165E+00, 3.601071E+01, 3.597241E+01, 4.496552E+00, 6.303728E+00, 1.680643E+01, 2.157737E+00, 6.463214E+01, 2.805062E+01, 2.862142E+01, 0.000000E+00,7, 6.098845E+00,0, 0.000000E+00,0, 0.000000E+00,3, 2.862142E+01, 8.531783E-01, 2.557617E+01,NULL,NULL,1,data,8
48410,15677,940626,124040,94C2, 9.127600E+01,0,2,2,0,2, 0.000000E+00, 0.000000E+00, 0.000000E+00, 0.000000E+00, 0.000000E+00, 0.000000E+00,-8.811057E-02,-2.742398E-02, 3.139645E+00, 9.472183E+01, 0.000000E+00, 9.472183E+01, 0.000000E+00,NULL,NULL,NULL,NULL,0, 0.000000E+00,NULL,NULL,NULL,NULL,2, 9.472183E+01,0,data,8
48410,15678,940626,124040,94C2, 9.127600E+01,0,2,2,0,2, 0.000000E+00, 0.000000E+00, 0.000000E+00, 0.000000E+00, 0.000000E+00, 0.000000E+00, 5.281711E-02,-3.554118E-02,-2.863655E-01, 9.321448E+01, 0.000000E+00, 9.321448E+01, 0.000000E+00,NULL,NULL,NULL,NULL,0, 0.000000E+00,NULL,NULL,NULL,NULL,2, 9.321448E+01,0,data,8
48410,15681,940626,124040,94C2, 9.127600E+01,0,2,2,0,2, 0.000000E+00, 0.000000E+00, 0.000000E+00, 0.000000E+00, 0.000000E+00, 0.000000E+00, 7.799864E-02,-3.833026E-02, 5.682396E+00, 8.546402E+01, 0.000000E+00, 8.546402E+01, 0.000000E+00,NULL,NULL,NULL,NULL,0, 0.000000E+00,NULL,NULL,NULL,NULL,2, 8.546402E+01,0,data,8
48410,15685,940626,124041,94C2, 9.127600E+01,39,21,60,39,21,-1.665812E+00,-8.722583E-01, 3.513865E+00, 4.896547E+01, 4.820393E+01, 1.235998E+00,-3.651001E+00, 3.649693E+00, 2.278284E+00, 8.223135E+01, 4.661270E+01, 3.029138E+01, 2.632585E+00,21, 7.735222E+00,0, 0.000000E+00,0, 0.000000E+00,14, 2.690176E+01, 3.419237E-01, 9.115754E+00,NULL,NULL,1,data,8
48410,15686,940626,124041,94C2, 9.127600E+01,0,2,2,0,2, 0.000000E+00, 0.000000E+00, 0.000000E+00, 0.000000E+00, 0.000000E+00, 0.000000E+00, 5.730665E-02,-3.913808E-02, 2.028275E-02, 9.311535E+01, 0.000000E+00, 9.311535E+01, 0.000000E+00,NULL,NULL,NULL,NULL,0, 0.000000E+00,NULL,NULL,NULL,NULL,2, 9.311535E+01,0,data,8
48410,15687,940626,124041,94C2, 9.127600E+01,0,2,2,0,2, 0.000000E+00, 0.000000E+00, 0.000000E+00, 0.000000E+00, 0.000000E+00, 0.000000E+00, 1.043613E-01, 3.552103E-02,-3.855209E-01, 9.300331E+01, 0.000000E+00, 9.300331E+01, 0.000000E+00,NULL,NULL,NULL,NULL,0, 0.000000E+00,NULL,NULL,NULL,NULL,2, 9.300331E+01,0,data,8
48410,15690,940626,124042,94C2, 9.127600E+01,9,6,15,9,6,-8.509490E-01,-8.633703E-02,-4.919942E+00, 8.612547E+00, 8.281960E+00, 9.202178E-01,-7.758630E-01,-3.226793E-01,-4.704554E+00, 1.219718E+01, 1.034611E+00, 2.697614E+00, 8.870205E-01,0, 0.000000E+00,1, 0.000000E+00,0, 0.000000E+00,NULL,NULL,NULL,NULL,5, 0.000000E+00,0,data,8
48410,15694,940626,124046,94C2, 9.127600E+01,0,2,2,0,2, 0.000000E+00, 0.000000E+00, 0.000000E+00, 0.000000E+00, 0.000000E+00, 0.000000E+00, 6.283665E-02,-9.600866E-02, 1.609993E-01, 9.049347E+01, 0.000000E+00, 9.049347E+01, 0.000000E+00,NULL,NULL,NULL,NULL,0, 0.000000E+00,NULL,NULL,NULL,NULL,2, 9.049347E+01,0,data,8
48410,15695,940626,124046,94C2, 9.127600E+01,0,2,2,0,2, 0.000000E+00, 0.000000E+00, 0.000000E+00, 0.000000E+00, 0.000000E+00, 0.000000E+00,-1.263247E-01, 4.442501E-02, 4.243397E+00, 9.118430E+01, 0.000000E+00, 9.118430E+01, 0.000000E+00,NULL,NULL,NULL,NULL,0, 0.000000E+00,NULL,NULL,NULL,NULL,2, 9.118430E+01,0,data,8
48410,15696,940626,124046,94C2, 9.127600E+01,0,2,2,0,2, 0.000000E+00, 0.000000E+00, 0.000000E+00, 0.000000E+00, 0.000000E+00, 0.000000E+00, 1.201974E-01, 5.647254E-02,-1.030556E+00, 9.496791E+01, 0.000000E+00, 9.496791E+01, 0.000000E+00,NULL,NULL,NULL,NULL,0, 0.000000E+00,NULL,NULL,NULL,NULL,2, 9.496791E+01,0,data,8
48410,15699,940626,124046,94C2, 9.127600E+01,0,2,2,0,2, 0.000000E+00, 0.000000E+00, 0.000000E+00, 0.000000E+00, 0.000000E+00, 0.000000E+00, 2.020166E-01,-3.649269E-02,-2.612507E+00, 8.931482E+01, 0.000000E+00, 8.931482E+01, 0.000000E+00,NULL,NULL,NULL,NULL,0, 0.000000E+00,NULL,NULL,NULL,NULL,2, 8.931482E+01,0,data,8
48410,15701,940626,124046,94C2, 9.127600E+01,0,2,2,0,2, 0.000000E+00, 0.000000E+00, 0.000000E+00, 0.000000E+00, 0.000000E+00, 0.000000E+00, 1.046400E-01,-5.700040E-02, 1.098564E+00, 9.409949E+01, 0.000000E+00, 9.409949E+01, 0.000000E+00,NULL,NULL,NULL,NULL,0, 0.000000E+00,NULL,NULL,NULL,NULL,2, 9.409949E+01,0,data,8
48410,15703,940626,124046,94C2, 9.127600E+01,0,3,3,0,3, 0.000000E+00, 0.000000E+00, 0.000000E+00, 0.000000E+00, 0.000000E+00, 0.000000E+00,-2.800897E-02, 4.026537E-02, 2.093448E-01, 9.596120E+01, 0.000000E+00, 9.596120E+01, 0.000000E+00,0, 0.000000E+00,1, 0.000000E+00,0, 0.000000E+00,NULL,NULL,NULL,NULL,2, 9.536606E+01,0,data,8
48410,15704,940626,124046,94C2, 9.127600E+01,0,4,4,0,4, 0.000000E+00, 0.000000E+00, 0.000000E+00, 0.000000E+00, 0.000000E+00, 0.000000E+00,-2.477562E+00,-1.888243E+00,-8.972238E+00, 1.244320E+01, 0.000000E+00, 1.244320E+01, 0.000000E+00,0, 0.000000E+00,2, 9.947883E+00,0, 0.000000E+00,NULL,NULL,NULL,NULL,NULL,NULL,0,data,8
48410,15710,940626,124048,94C2, 9.127600E+01,7,15,22,7,15,-2.206869E+00,-1.020555E+00,-2.840006E+00, 9.536897E+00, 9.269130E+00, 1.324161E+00,-1.115124E+01, 4.208460E+00,-2.966597E+01, 5.735804E+01, 0.000000E+00, 4.782114E+01, 0.000000E+00,0, 0.000000E+00,14, 1.126791E+01,0, 0.000000E+00,NULL,NULL,NULL,NULL,1, 0.000000E+00,0,data,8
48410,15714,940626,124050,94C2, 9.127600E+01,0,2,2,0,2, 0.000000E+00, 0.000000E+00, 0.000000E+00, 0.000000E+00, 0.000000E+00, 0.000000E+00, 1.648903E-02, 3.417587E-02, 4.514847E-01, 9.518209E+01, 0.000000E+00, 9.518209E+01, 0.000000E+00,NULL,NULL,NULL,NULL,0, 0.000000E+00,NULL,NULL,NULL,NULL,2, 9.518209E+01,0,data,8
48410,15715,940626,124050,94C2, 9.127600E+01,0,2,2,0,2, 0.000000E+00, 0.000000E+00, 0.000000E+00, 0.000000E+00, 0.000000E+00, 0.000000E+00, 8.382702E-02,-7.340951E-02,-1.313927E+00, 9.146588E+01, 0.000000E+00, 9.146588E+01, 0.000000E+00,NULL,NULL,NULL,NULL,0, 0.000000E+00,NULL,NULL,NULL,NULL,2, 9.146588E+01,0,data,8
48410,15717,940626,124050,94C2, 9.127600E+01,0,2,2,0,2, 0.000000E+00, 0.000000E+00, 0.000000E+00, 0.000000E+00, 0.000000E+00, 0.000000E+00,-4.366350E-02, 4.987311E-02, 1.091728E+00, 9.163048E+01, 0.000000E+00, 9.163048E+01, 0.000000E+00,NULL,NULL,NULL,NULL,0, 0.000000E+00,NULL,NULL,NULL,NULL,2, 9.163048E+01,0,data,8
48410,15719,940626,124053,94C2, 9.127600E+01,0,3,3,0,3, 0.000000E+00, 0.000000E+00, 0.000000E+00, 0.000000E+00, 0.000000E+00, 0.000000E+00,-8.804643E-02,-1.107998E-01,-6.996911E+00, 8.764708E+01, 0.000000E+00, 8.764708E+01, 0.000000E+00,NULL,NULL,NULL,NULL,0, 0.000000E+00,NULL,NULL,NULL,NULL,2, 8.751920E+01,0,data,8
48410,15721,940626,124053,94C2, 9.127600E+01,0,2,2,0,2, 0.000000E+00, 0.000000E+00, 0.000000E+00, 0.000000E+00, 0.000000E+00, 0.000000E+00, 1.558324E-01,-4.724813E-02, 1.897942E+00, 9.067433E+01, 0.000000E+00, 9.067433E+01, 0.000000E+00,NULL,NULL,NULL,NULL,0, 0.000000E+00,NULL,NULL,NULL,NULL,2, 9.067433E+01,0,data,8
48410,15724,940626,124053,94C2, 9.127600E+01,0,2,2,0,2, 0.000000E+00, 0.000000E+00, 0.000000E+00, 0.000000E+00, 0.000000E+00, 0.000000E+00, 2.960820E-01, 2.435589E-01, 2.334927E+00, 9.259319E+01, 0.000000E+00, 9.259319E+01, 0.000000E+00,NULL,NULL,NULL,NULL,0, 0.000000E+00,NULL,NULL,NULL,NULL,2, 9.259319E+01,0,data,8
48410,15725,940626,124053,94C2, 9.127600E+01,1,4,5,1,4,-5.001408E-01, 3.243870E+00, 2.747752E-01, 3.296636E+00, 3.293681E+00, 3.293681E+00,-7.506869E-01, 4.105639E+00, 4.660268E+01, 5.488770E+01, 3.293681E+00, 5.085314E+01, 0.000000E+00,3, 2.966258E-01,0, 0.000000E+00,0, 0.000000E+00,3, 5.533268E+00, 7.379296E-01, 3.449238E+00,1, 0.000000E+00,0,data,8
48410,15729,940626,124055,94C2, 9.127600E+01,0,2,2,0,2, 0.000000E+00, 0.000000E+00, 0.000000E+00, 0.000000E+00, 0.000000E+00, 0.000000E+00, 2.779031E-02, 1.557927E-01,-1.131415E+01, 8.080110E+01, 0.000000E+00, 8.080110E+01, 0.000000E+00,NULL,NULL,NULL,NULL,0, 0.000000E+00,NULL,NULL,NULL,NULL,2, 8.080110E+01,0,data,8
48410,15731,940626,124055,94C2, 9.127600E+01,66,16,82,66,16,-7.115043E-01, 3.174748E+00,-5.310926E+00, 8.501442E+01, 8.254536E+01, 1.250687E+00, 7.372515E+00, 1.315904E+00,-7.707983E+00, 1.067385E+02, 6.636049E+01, 1.949867E+01, 2.225440E+00,15, 4.196349E+00,1, 0.000000E+00,0, 0.000000E+00,8, 1.662577E+01, 6.704330E-01, 6.243175E+00,NULL,NULL,1,data,8
48410,15738,940626,124059,94C2, 9.127600E+01,2,2,4,2,2,-1.688338E+00,-3.414187E+00,-3.691617E+00, 5.353140E+00, 5.326353E+00, 2.663176E+00,-4.156635E+00,-6.421816E+00,-7.849296E+00, 1.209005E+01, 4.946330E+00, 6.736911E+00, 0.000000E+00,1, 4.055708E+00,0, 0.000000E+00,0, 0.000000E+00,NULL,NULL,NULL,NULL,NULL,NULL,0,data,8
48410,15740,940626,124100,94C2, 9.127600E+01,0,3,3,0,3, 0.000000E+00, 0.000000E+00, 0.000000E+00, 0.000000E+00, 0.000000E+00, 0.000000E+00,-3.037072E+00, 1.651594E+00,-3.081830E+01, 6.049113E+01, 0.000000E+00, 6.049113E+01, 0.000000E+00,0, 0.000000E+00,1, 0.000000E+00,0, 0.000000E+00,NULL,NULL,NULL,NULL,2, 5.324182E+01,0,data,8
48410,15746,940626,124101,94C2, 9.127600E+01,5,3,8,5,3,-6.718831E-01, 3.112912E-01,-4.780863E-01, 5.443754E+00, 5.339895E+00, 1.067979E+00,-3.912245E-01, 8.280641E-02,-7.424619E+00, 1.249492E+01, 1.967546E+00, 7.051165E+00, 0.000000E+00,0, 0.000000E+00,1, 0.000000E+00,0, 0.000000E+00,NULL,NULL,NULL,NULL,2, 0.000000E+00,0,data,8
48410,15747,940626,124101,94C2, 9.127600E+01,1,3,4,1,3,-2.315930E+00, 6.829703E-02, 1.682950E+00, 2.867054E+00, 2.863655E+00, 2.863655E+00, 1.842396E+00,-4.074962E-01, 4.634750E+01, 4.986065E+01, 2.863655E+00, 4.699360E+01, 0.000000E+00,1, 2.535541E+00,1, 0.000000E+00,0, 0.000000E+00,NULL,NULL,NULL,NULL,1, 0.000000E+00,0,data,8
48410,15752,940626,124103,94C2, 9.127600E+01,0,2,2,0,2, 0.000000E+00, 0.000000E+00, 0.000000E+00, 0.000000E+00, 0.000000E+00, 0.000000E+00,-3.544569E-02, 2.270091E-02,-1.394466E+00, 9.227726E+01, 0.000000E+00, 9.227726E+01, 0.000000E+00,NULL,NULL,NULL,NULL,0, 0.000000E+00,NULL,NULL,NULL,NULL,2, 9.227726E+01,0,data,8
48410,15753,940626,124103,94C2, 9.127600E+01,0,2,2,0,2, 0.000000E+00, 0.000000E+00, 0.000000E+00, 0.000000E+00, 0.000000E+00, 0.000000E+00, 1.741989E-01, 1.725849E-01, 1.466946E+00, 9.403217E+01, 0.000000E+00, 9.403217E+01, 0.000000E+00,NULL,NULL,NULL,NULL,0, 0.000000E+00,NULL,NULL,NULL,NULL,2, 9.403217E+01,0,data,8
48410,15754,940626,124103,94C2, 9.127600E+01,16,13,29,16,13,-6.907450E+00,-3.488814E+00,-6.538132E-01, 4.866828E+01, 4.845597E+01, 3.028498E+00,-1.938056E+01,-7.481585E+00,-1.307445E+00, 8.133229E+01, 4.831311E+01, 2.554855E+01, 2.495903E+00,16, 1.002487E+01,0, 0.000000E+00,0, 0.000000E+00,12, 3.016809E+01, 5.497036E-01, 6.761380E+00,NULL,NULL,1,data,8
48410,15755,940626,124104,94C2, 9.127600E+01,0,2,2,0,2, 0.000000E+00, 0.000000E+00, 0.000000E+00, 0.000000E+00, 0.000000E+00, 0.000000E+00, 1.683593E-03, 7.417786E-02, 1.839996E+00, 9.368744E+01, 0.000000E+00, 9.368744E+01, 0.000000E+00,NULL,NULL,NULL,NULL,0, 0.000000E+00,NULL,NULL,NULL,NULL,2, 9.368744E+01,0,data,8
48410,15756,940626,124104,94C2, 9.127600E+01,0,5,5,0,5, 0.000000E+00, 0.000000E+00, 0.000000E+00, 0.000000E+00, 0.000000E+00, 0.000000E+00,-1.402331E-01, 6.549150E-01, 1.679704E+00, 9.821703E+01, 0.000000E+00, 9.821703E+01, 0.000000E+00,0, 0.000000E+00,2, 0.000000E+00,0, 0.000000E+00,NULL,NULL,NULL,NULL,2, 2.193072E+00,0,data,8
48410,15758,940626,124104,94C2, 9.127600E+01,0,2,2,0,2, 0.000000E+00, 0.000000E+00, 0.000000E+00, 0.000000E+00, 0.000000E+00, 0.000000E+00,-2.830309E-02,-9.861207E-02,-2.070969E+00, 9.207561E+01, 0.000000E+00, 9.207561E+01, 0.000000E+00,NULL,NULL,NULL,NULL,0, 0.000000E+00,NULL,NULL,NULL,NULL,2, 9.207561E+01,0,data,8
48410,15759,940626,124104,94C2, 9.127600E+01,2,2,4,2,2,-7.071993E+00,-4.648767E+00,-1.094539E+01, 8.861388E+01, 8.861342E+01, 4.430671E+01,-7.862708E+00,-5.186145E+00,-1.226887E+01, 9.025559E+01, 8.861387E+01, 1.551272E+00, 9.044404E-02,0, 0.000000E+00,1, 0.000000E+00,0, 0.000000E+00,NULL,NULL,NULL,NULL,NULL,NULL,0,data,8
48410,15761,940626,124104,94C2, 9.127600E+01,29,22,51,29,22,-2.306384E+00,-1.792468E+00,-2.009736E+00, 6.292861E+01, 6.238870E+01, 2.151335E+00,-5.567668E+00,-1.733565E+00,-7.463259E+00, 9.261577E+01, 5.529356E+01, 2.084831E+01, 8.870135E+00,2, 0.000000E+00,17, 2.810261E+00,0, 0.000000E+00,2, 4.457489E+00, 7.700565E-01, 3.687432E+00,NULL,NULL,1,data,8
48410,15764,940626,124109,94C2, 9.127600E+01,0,2,2,0,2, 0.000000E+00, 0.000000E+00, 0.000000E+00, 0.000000E+00, 0.000000E+00, 0.000000E+00,-9.836221E-02,-1.455266E-01,-1.102249E+00, 8.858093E+01, 0.000000E+00, 8.858093E+01, 0.000000E+00,NULL,NULL,NULL,NULL,0, 0.000000E+00,NULL,NULL,NULL,NULL,2, 8.858093E+01,0,data,8
48410,15771,940626,124109,94C2, 9.127600E+01,48,16,64,48,16,-6.599864E+00,-6.203846E+00, 4.387514E+00, 6.070878E+01, 5.970416E+01, 1.243837E+00,-6.233814E+00,-8.228675E+00, 9.059685E+00, 7.779113E+01, 5.552933E+01, 1.431991E+01, 2.762453E+00,4, 0.000000E+00,13, 4.106148E-01,0, 0.000000E+00,3, 2.250353E+00, 5.533015E-01, 8.767440E-01,NULL,NULL,1,data,8
48410,15776,940626,124111,94C2, 9.127600E+01,0,2,2,0,2, 0.000000E+00, 0.000000E+00, 0.000000E+00, 0.000000E+00, 0.000000E+00, 0.000000E+00, 1.059117E-01, 7.607496E-02,-8.803978E-01, 9.124762E+01, 0.000000E+00, 9.124762E+01, 0.000000E+00,NULL,NULL,NULL,NULL,0, 0.000000E+00,NULL,NULL,NULL,NULL,2, 9.124762E+01,0,data,8
48410,15780,940626,124112,94C2, 9.127600E+01,0,2,2,0,2, 0.000000E+00, 0.000000E+00, 0.000000E+00, 0.000000E+00, 0.000000E+00, 0.000000E+00, 3.973006E-02, 1.176500E-01,-2.133747E+00, 9.153363E+01, 0.000000E+00, 9.153363E+01, 0.000000E+00,NULL,NULL,NULL,NULL,0, 0.000000E+00,NULL,NULL,NULL,NULL,2, 9.153363E+01,0,data,8
48410,15781,940626,124112,94C2, 9.127600E+01,50,27,77,50,27, 2.657071E+00, 7.698116E+00,-1.030666E+01, 6.898510E+01, 6.759412E+01, 1.351882E+00,-9.682065E-01, 6.593658E-01,-4.823918E+00, 9.123397E+01, 5.329733E+01, 1.861461E+01, 2.495031E+00,16, 2.100545E-01,4, 0.000000E+00,0, 0.000000E+00,15, 1.538343E+01, 3.820002E-01, 2.851059E+00,3, 0.000000E+00,1,data,8
48410,15787,940626,124112,94C2, 9.127600E+01,2,0,2,2,0, 2.300233E-03,-8.823097E-03,-8.310332E-01, 2.023631E+00, 2.003665E+00, 1.001833E+00, 2.300233E-03,-8.823097E-03,-8.310332E-01, 2.023631E+00, 2.023632E+00, 0.000000E+00, 0.000000E+00,NULL,NULL,NULL,NULL,0, 0.000000E+00,NULL,NULL,NULL,NULL,NULL,NULL,0,data,8
48410,15788,940626,124112,94C2, 9.127600E+01,3,0,3,3,0, 1.420020E-01,-4.911010E-02,-4.554183E-01, 1.694483E+00, 1.624114E+00, 5.413715E-01, 1.420020E-01,-4.911010E-02,-4.554183E-01, 1.694483E+00, 0.000000E+00, 0.000000E+00, 0.000000E+00,NULL,NULL,NULL,NULL,0, 0.000000E+00,NULL,NULL,NULL,NULL,NULL,NULL,0,data,8
48410,15790,940626,124112,94C2, 9.127600E+01,0,2,2,0,2, 0.000000E+00, 0.000000E+00, 0.000000E+00, 0.000000E+00, 0.000000E+00, 0.000000E+00, 1.030991E-01, 1.165080E-02, 1.031696E+00, 9.171121E+01, 0.000000E+00, 9.171121E+01, 0.000000E+00,NULL,NULL,NULL,NULL,0, 0.000000E+00,NULL,NULL,NULL,NULL,2, 9.171121E+01,0,data,8
48410,15791,940626,124112,94C2, 9.127600E+01,19,7,26,19,7,-3.591584E-01, 5.235180E-01, 2.037006E-01, 6.991070E+01, 6.961087E+01, 3.663730E+00, 2.152609E+00, 6.061184E-01, 1.478196E+00, 8.844260E+01, 6.872671E+01, 1.408260E+01, 4.449314E+00,7, 2.193618E+00,0, 0.000000E+00,0, 0.000000E+00,4, 1.408260E+01, 6.535873E-01, 8.165093E+00,NULL,NULL,1,data,8
48410,15794,940626,124115,94C2, 9.127600E+01,0,2,2,0,2, 0.000000E+00, 0.000000E+00, 0.000000E+00, 0.000000E+00, 0.000000E+00, 0.000000E+00, 5.583739E-02, 5.509257E-02, 1.543198E-01, 8.976397E+01, 0.000000E+00, 8.976397E+01, 0.000000E+00,NULL,NULL,NULL,NULL,0, 0.000000E+00,NULL,NULL,NULL,NULL,2, 8.976397E+01,0,data,8
48410,15795,940626,124115,94C2, 9.127600E+01,0,2,2,0,2, 0.000000E+00, 0.000000E+00, 0.000000E+00, 0.000000E+00, 0.000000E+00, 0.000000E+00,-2.060819E-02, 7.116580E-02,-2.853588E+00, 8.980360E+01, 0.000000E+00, 8.980360E+01, 0.000000E+00,NULL,NULL,NULL,NULL,0, 0.000000E+00,NULL,NULL,NULL,NULL,2, 8.980360E+01,0,data,8
48410,15799,940626,124116,94C2, 9.127600E+01,28,21,49,28,21,-7.952136E+00,-1.193218E+01, 1.618887E+01, 5.222045E+01, 5.162204E+01, 1.843644E+00,-9.413141E+00,-1.424057E+01, 2.026584E+01, 9.147336E+01, 4.472146E+01, 1.863584E+01, 1.889420E+01,10, 6.348503E-01,10, 0.000000E+00,0, 0.000000E+00,8, 1.040480E+01, 4.129973E-01, 2.174632E+00,NULL,NULL,1,data,8
48410,15803,940626,124120,94C2, 9.127600E+01,0,2,2,0,2, 0.000000E+00, 0.000000E+00, 0.000000E+00, 0.000000E+00, 0.000000E+00, 0.000000E+00, 1.628828E-02, 3.678393E-02, 6.256180E-01, 9.265143E+01, 0.000000E+00, 9.265143E+01, 0.000000E+00,NULL,NULL,NULL,NULL,0, 0.000000E+00,NULL,NULL,NULL,NULL,2, 9.265143E+01,0,data,8
48410,15806,940626,124120,94C2, 9.127600E+01,0,2,2,0,2, 0.000000E+00, 0.000000E+00, 0.000000E+00, 0.000000E+00, 0.000000E+00, 0.000000E+00, 4.037619E-03, 5.640507E-03, 4.442940E-01, 9.211083E+01, 0.000000E+00, 9.211083E+01, 0.000000E+00,NULL,NULL,NULL,NULL,0, 0.000000E+00,NULL,NULL,NULL,NULL,2, 9.211083E+01,0,data,8
48410,15808,940626,124120,94C2, 9.127600E+01,0,2,2,0,2, 0.000000E+00, 0.000000E+00, 0.000000E+00, 0.000000E+00, 0.000000E+00, 0.000000E+00, 1.233518E-01,-2.243482E-02,-1.841698E+00, 9.245015E+01, 0.000000E+00, 9.245015E+01, 0.000000E+00,NULL,NULL,NULL,NULL,0, 0.000000E+00,NULL,NULL,NULL,NULL,2, 9.245015E+01,0,data,8
48410,15809,940626,124120,94C2, 9.127600E+01,0,2,2,0,2, 0.000000E+00, 0.000000E+00, 0.000000E+00, 0.000000E+00, 0.000000E+00, 0.000000E+00, 7.307577E-02,-5.937290E-02,-1.237068E-01, 9.037674E+01, 0.000000E+00, 9.037674E+01, 0.000000E+00,NULL,NULL,NULL,NULL,0, 0.000000E+00,NULL,NULL,NULL,NULL,2, 9.037674E+01,0,data,8
48410,15814,940626,124121,94C2, 9.127600E+01,0,3,3,0,3, 0.000000E+00, 0.000000E+00, 0.000000E+00, 0.000000E+00, 0.000000E+00, 0.000000E+00, 1.333557E-01,-2.086108E-01,-4.338009E+00, 8.961095E+01, 0.000000E+00, 8.961095E+01, 0.000000E+00,NULL,NULL,NULL,NULL,0, 0.000000E+00,NULL,NULL,NULL,NULL,3, 8.961095E+01,0,data,8
48410,15817,940626,124121,94C2, 9.127600E+01,32,12,44,32,12,-5.045048E+00, 6.506977E+00,-6.221247E-01, 4.305467E+01, 4.223505E+01, 1.319845E+00, 7.309192E+00, 2.204235E-01, 3.711599E+00, 8.319110E+01, 3.347235E+01, 1.081508E+01, 2.703255E+01,11, 2.058663E+00,0, 0.000000E+00,0, 0.000000E+00,6, 1.310388E+01, 2.846673E-01, 4.727876E+00,NULL,NULL,1,data,8
48410,15819,940626,124122,94C2, 9.127600E+01,0,2,2,0,2, 0.000000E+00, 0.000000E+00, 0.000000E+00, 0.000000E+00, 0.000000E+00, 0.000000E+00, 1.724038E-01,-5.075717E-02, 1.156570E+00, 9.152628E+01, 0.000000E+00, 9.152628E+01, 0.000000E+00,NULL,NULL,NULL,NULL,0, 0.000000E+00,NULL,NULL,NULL,NULL,2, 9.152628E+01,0,data,8
48410,15821,940626,124122,94C2, 9.127600E+01,39,24,63,39,24, 1.080909E+00,-5.730558E+00, 5.206093E-02, 6.298252E+01, 6.240379E+01, 1.600097E+00, 5.081601E+00, 1.123452E-02,-1.152143E+01, 8.742647E+01, 5.857216E+01, 1.809184E+01, 2.804552E+00,14, 2.679109E-01,4, 0.000000E+00,0, 0.000000E+00,9, 1.417567E+01, 6.733097E-01, 5.309564E+00,NULL,NULL,1,data,8
48410,15825,940626,124124,94C2, 9.127600E+01,0,2,2,0,2, 0.000000E+00, 0.000000E+00, 0.000000E+00, 0.000000E+00, 0.000000E+00, 0.000000E+00,-3.223095E-01,-2.097178E-01, 1.201973E-01, 9.637788E+01, 0.000000E+00, 9.637788E+01, 0.000000E+00,0, 0.000000E+00,2, 9.637788E+01,0, 0.000000E+00,NULL,NULL,NULL,NULL,NULL,NULL,0,data,8
48410,15829,940626,124127,94C2, 9.127600E+01,0,2,2,0,2, 0.000000E+00, 0.000000E+00, 0.000000E+00, 0.000000E+00, 0.000000E+00, 0.000000E+00, 6.703496E-02, 5.220032E-02, 3.809166E-01, 9.303114E+01, 0.000000E+00, 9.303114E+01, 0.000000E+00,NULL,NULL,NULL,NULL,0, 0.000000E+00,NULL,NULL,NULL,NULL,2, 9.303114E+01,0,data,8
48410,15831,940626,124127,94C2, 9.127600E+01,0,2,2,0,2, 0.000000E+00, 0.000000E+00, 0.000000E+00, 0.000000E+00, 0.000000E+00, 0.000000E+00, 6.488739E-01, 4.484892E-01,-1.364755E+01, 7.787403E+01, 0.000000E+00, 7.787403E+01, 0.000000E+00,NULL,NULL,NULL,NULL,0, 0.000000E+00,NULL,NULL,NULL,NULL,2, 7.787403E+01,0,data,8
48410,15836,940626,124127,94C2, 9.127600E+01,0,2,2,0,2, 0.000000E+00, 0.000000E+00, 0.000000E+00, 0.000000E+00, 0.000000E+00, 0.000000E+00,-5.515093E-02,-3.999949E-03,-1.225594E+00, 9.419722E+01, 0.000000E+00, 9.419722E+01, 0.000000E+00,NULL,NULL,NULL,NULL,0, 0.000000E+00,NULL,NULL,NULL,NULL,2, 9.419722E+01,0,data,8
48410,15838,940626,124127,94C2, 9.127600E+01,0,2,2,0,2, 0.000000E+00, 0.000000E+00, 0.000000E+00, 0.000000E+00, 0.000000E+00, 0.000000E+00, 1.295668E-01,-1.724977E-02,-6.694089E-01, 2.933719E+00, 0.000000E+00, 2.933719E+00, 0.000000E+00,NULL,NULL,NULL,NULL,0, 0.000000E+00,NULL,NULL,NULL,NULL,2, 2.933719E+00,0,data,8
48410,15839,940626,124127,94C2, 9.127600E+01,2,0,2,2,0,-8.107781E-03, 2.303314E-02, 6.690661E-01, 2.427694E+00, 2.411510E+00, 1.205755E+00,-8.107781E-03, 2.303314E-02, 6.690661E-01, 2.427694E+00, 2.427695E+00, 0.000000E+00, 0.000000E+00,1, 2.344993E-01,0, 0.000000E+00,0, 0.000000E+00,NULL,NULL,NULL,NULL,NULL,NULL,0,data,8
48410,15840,940626,124130,94C2, 9.127600E+01,0,2,2,0,2, 0.000000E+00, 0.000000E+00, 0.000000E+00, 0.000000E+00, 0.000000E+00, 0.000000E+00,-4.624328E-02,-5.654573E-03, 3.547821E-01, 9.088647E+01, 0.000000E+00, 9.088647E+01, 0.000000E+00,NULL,NULL,NULL,NULL,0, 0.000000E+00,NULL,NULL,NULL,NULL,2, 9.088647E+01,0,data,8
48410,15842,940626,124130,94C2, 9.127600E+01,0,2,2,0,2, 0.000000E+00, 0.000000E+00, 0.000000E+00, 0.000000E+00, 0.000000E+00, 0.000000E+00,-8.924818E-02, 3.822136E-02, 1.653343E+00, 9.378503E+01, 0.000000E+00, 9.378503E+01, 0.000000E+00,NULL,NULL,NULL,NULL,0, 0.000000E+00,NULL,NULL,NULL,NULL,2, 9.378503E+01,0,data,8
48410,15845,940626,124130,94C2, 9.127600E+01,0,2,2,0,2, 0.000000E+00, 0.000000E+00, 0.000000E+00, 0.000000E+00, 0.000000E+00, 0.000000E+00, 1.369799E-01,-2.014494E-02, 1.361046E+00, 9.214955E+01, 0.000000E+00, 9.214955E+01, 0.000000E+00,NULL,NULL,NULL,NULL,0, 0.000000E+00,NULL,NULL,NULL,NULL,2, 9.214955E+01,0,data,8
48410,15846,940626,124130,94C2, 9.127600E+01,22,10,32,22,10,-1.460752E+01, 2.647476E+00,-1.484178E+00, 4.740928E+01, 4.711867E+01, 2.141758E+00,-1.708323E+00,-5.568147E-01,-1.620957E+00, 7.257819E+01, 4.523045E+01, 1.140401E+01, 1.339843E+01,13, 1.291088E+00,0, 0.000000E+00,0, 0.000000E+00,6, 1.177047E+01, 3.664549E-01, 4.742084E+00,NULL,NULL,1,data,8
48410,15848,940626,124130,94C2, 9.127600E+01,28,19,47,28,19,-2.635221E+00, 3.922245E+00,-4.168277E-01, 6.001102E+01, 5.966029E+01, 2.130725E+00,-8.908471E+00, 2.582938E+00, 8.058028E-01, 1.013613E+02, 4.175520E+01, 3.015844E+01, 6.796403E-01,23, 7.133347E+00,0, 0.000000E+00,0, 0.000000E+00,15, 3.585149E+01, 4.992725E-01, 6.023315E+00,1, 0.000000E+00,1,data,8
48410,15849,940626,124130,94C2, 9.127600E+01,14,20,34,14,20,-1.144814E+00, 2.312503E-01, 4.085461E-01, 3.621367E+01, 3.601583E+01, 2.572560E+00, 8.182562E+00, 7.969769E+00, 2.491830E-01, 8.075198E+01, 1.977344E+01, 2.396878E+01, 1.021387E+00,21, 1.280306E+01,0, 0.000000E+00,0, 0.000000E+00,16, 4.240179E+01, 4.804336E-01, 1.481288E+01,NULL,NULL,1,data,8
48410,15852,940626,124134,94C2, 9.127600E+01,0,2,2,0,2, 0.000000E+00, 0.000000E+00, 0.000000E+00, 0.000000E+00, 0.000000E+00, 0.000000E+00, 2.295270E-01,-2.258549E-01,-3.044662E-01, 9.113402E+01, 0.000000E+00, 9.113402E+01, 0.000000E+00,NULL,NULL,NULL,NULL,0, 0.000000E+00,NULL,NULL,NULL,NULL,2, 9.113402E+01,0,data,8
48410,15853,940626,124134,94C2, 9.127600E+01,9,7,16,9,7, 9.787077E+00, 6.355577E+00, 5.799612E+01, 6.291533E+01, 6.287217E+01, 6.985796E+00, 1.611712E+01, 7.668296E+00, 2.063615E+01, 1.125051E+02, 1.951335E+01, 4.958981E+01, 0.000000E+00,0, 0.000000E+00,8, 3.038561E+01,0, 0.000000E+00,NULL,NULL,NULL,NULL,1, 0.000000E+00,0,data,8
48410,15855,940626,124134,94C2, 9.127600E+01,1,0,1,1,0, 1.378646E+00, 2.240952E-01, 2.532730E+00, 2.895701E+00, 2.892336E+00, 2.892336E+00, 1.378646E+00, 2.240952E-01, 2.532730E+00, 2.895701E+00, 2.895701E+00, 0.000000E+00, 0.000000E+00,0, 0.000000E+00,1, 2.606645E+00,0, 0.000000E+00,NULL,NULL,NULL,NULL,NULL,NULL,0,data,8
48410,15857,940626,124134,94C2, 9.127600E+01,0,2,2,0,2, 0.000000E+00, 0.000000E+00, 0.000000E+00, 0.000000E+00, 0.000000E+00, 0.000000E+00,-1.070070E-02,-1.752951E-02, 9.448814E-01, 9.028948E+01, 0.000000E+00, 9.028948E+01, 0.000000E+00,NULL,NULL,NULL,NULL,0, 0.000000E+00,NULL,NULL,NULL,NULL,2, 9.028948E+01,0,data,8
48410,15858,940626,124134,94C2, 9.127600E+01,2,2,4,2,2,-7.463112E-01, 1.736423E-01, 1.145875E-01, 1.869746E+00, 1.846757E+00, 9.233785E-01,-8.343838E-01,-8.741264E-02,-6.369071E-01, 2.670162E+00, 1.869747E+00, 8.004160E-01, 0.000000E+00,1, 0.000000E+00,1, 0.000000E+00,0, 0.000000E+00,NULL,NULL,NULL,NULL,NULL,NULL,0,data,8
48410,15861,940626,124136,94C2, 9.127600E+01,0,2,2,0,2, 0.000000E+00, 0.000000E+00, 0.000000E+00, 0.000000E+00, 0.000000E+00, 0.000000E+00, 9.542185E-02,-5.609965E-02,-6.804390E-01, 9.151318E+01, 0.000000E+00, 9.151318E+01, 0.000000E+00,NULL,NULL,NULL,NULL,0, 0.000000E+00,NULL,NULL,NULL,NULL,2, 9.151318E+01,0,data,8
48410,15871,940626,124137,94C2, 9.127600E+01,0,2,2,0,2, 0.000000E+00, 0.000000E+00, 0.000000E+00, 0.000000E+00, 0.000000E+00, 0.000000E+00, 5.490386E-02,-3.086090E-02,-2.800293E-01, 9.000936E+01, 0.000000E+00, 9.000936E+01, 0.000000E+00,NULL,NULL,NULL,NULL,0, 0.000000E+00,NULL,NULL,NULL,NULL,2, 9.000936E+01,0,data,8
48410,15872,940626,124137,94C2, 9.127600E+01,0,2,2,0,2, 0.000000E+00, 0.000000E+00, 0.000000E+00, 0.000000E+00, 0.000000E+00, 0.000000E+00,-6.594062E-02,-7.459185E-02, 3.933849E+00, 9.126873E+01, 0.000000E+00, 9.126873E+01, 0.000000E+00,NULL,NULL,NULL,NULL,0, 0.000000E+00,NULL,NULL,NULL,NULL,2, 9.126873E+01,0,data,8
48410,15877,940626,124140,94C2, 9.127600E+01,2,1,3,2,1, 1.355214E+00,-7.106540E-01,-8.188494E-01, 6.502957E+00, 6.496956E+00, 3.248478E+00, 1.360243E+00,-6.868706E-01,-5.899051E-01, 6.733189E+00, 0.000000E+00, 2.302313E-01, 0.000000E+00,NULL,NULL,NULL,NULL,0, 0.000000E+00,NULL,NULL,NULL,NULL,1, 0.000000E+00,0,data,8
48410,15880,940626,124143,94C2, 9.127600E+01,0,2,2,0,2, 0.000000E+00, 0.000000E+00, 0.000000E+00, 0.000000E+00, 0.000000E+00, 0.000000E+00,-8.156031E-02, 5.765224E-02, 1.647343E+00, 9.288477E+01, 0.000000E+00, 9.288477E+01, 0.000000E+00,NULL,NULL,NULL,NULL,0, 0.000000E+00,NULL,NULL,NULL,NULL,2, 9.288477E+01,0,data,8
48410,15881,940626,124143,94C2, 9.127600E+01,0,8,8,0,8, 0.000000E+00, 0.000000E+00, 0.000000E+00, 0.000000E+00, 0.000000E+00, 0.000000E+00,-3.573716E+00,-1.807547E+01,-2.512368E+01, 3.453689E+01, 0.000000E+00, 3.453689E+01, 0.000000E+00,0, 0.000000E+00,3, 1.245467E+01,0, 0.000000E+00,NULL,NULL,NULL,NULL,NULL,NULL,0,data,8
48410,15885,940626,124143,94C2, 9.127600E+01,0,2,2,0,2, 0.000000E+00, 0.000000E+00, 0.000000E+00, 0.000000E+00, 0.000000E+00, 0.000000E+00, 3.436208E-02,-5.174470E-02, 1.144051E+00, 9.179121E+01, 0.000000E+00, 9.179121E+01, 0.000000E+00,NULL,NULL,NULL,NULL,0, 0.000000E+00,NULL,NULL,NULL,NULL,2, 9.179121E+01,0,data,8
48410,15892,940626,124146,94C2, 9.127600E+01,23,14,37,23,14, 5.312727E+00,-9.482212E-01,-2.705346E+00, 4.553775E+01, 4.523893E+01, 1.966910E+00, 1.317140E+01,-8.012972E+00,-8.448579E+00, 7.008569E+01, 4.235821E+01, 1.393127E+01, 1.601267E-01,15, 9.138172E+00,0, 0.000000E+00,0, 0.000000E+00,11, 2.289507E+01, 8.001546E-01, 5.664277E+00,NULL,NULL,1,data,8
48410,15895,940626,124148,94C2, 9.127600E+01,0,2,2,0,2, 0.000000E+00, 0.000000E+00, 0.000000E+00, 0.000000E+00, 0.000000E+00, 0.000000E+00, 6.042981E-02,-7.079041E-02, 1.266587E+01, 8.094017E+01, 0.000000E+00, 8.094017E+01, 0.000000E+00,NULL,NULL,NULL,NULL,0, 0.000000E+00,NULL,NULL,NULL,NULL,2, 8.094017E+01,0,data,8
48410,15901,940626,124148,94C2, 9.127600E+01,2,3,5,2,3,-2.193196E-01,-3.628556E-01,-2.317962E+00, 2.746666E+00, 2.732400E+00, 1.366200E+00, 8.656190E-02, 3.137131E-01,-4.108988E+00, 4.686522E+00, 3.044488E+00, 1.939855E+00, 0.000000E+00,0, 0.000000E+00,3, 2.135958E-01,0, 0.000000E+00,NULL,NULL,NULL,NULL,NULL,NULL,0,data,8
48410,15902,940626,124148,94C2, 9.127600E+01,0,3,3,0,3, 0.000000E+00, 0.000000E+00, 0.000000E+00, 0.000000E+00, 0.000000E+00, 0.000000E+00,-2.811810E+00, 7.006839E+00, 6.566275E+00, 1.641919E+01, 0.000000E+00, 1.641919E+01, 0.000000E+00,0, 0.000000E+00,1, 4.584613E+00,0, 0.000000E+00,NULL,NULL,NULL,NULL,NULL,NULL,0,data,8
48410,15903,940626,124149,94C2, 9.127600E+01,2,1,3,2,1,-1.002158E+00,-2.376735E-01, 7.539110E-01, 1.320190E+00, 1.285077E+00, 6.425385E-01,-2.216617E+00,-3.278643E-01,-2.622944E+01, 2.833101E+01, 0.000000E+00, 2.701082E+01, 0.000000E+00,NULL,NULL,NULL,NULL,0, 0.000000E+00,NULL,NULL,NULL,NULL,1, 0.000000E+00,0,data,8
48410,15907,940626,124152,94C2, 9.127600E+01,0,2,2,0,2, 0.000000E+00, 0.000000E+00, 0.000000E+00, 0.000000E+00, 0.000000E+00, 0.000000E+00, 7.563329E-02,-1.606536E-02, 7.282944E-01, 9.041672E+01, 0.000000E+00, 9.041672E+01, 0.000000E+00,NULL,NULL,NULL,NULL,0, 0.000000E+00,NULL,NULL,NULL,NULL,2, 9.041672E+01,0,data,8
48410,15910,940626,124153,94C2, 9.127600E+01,0,2,2,0,2, 0.000000E+00, 0.000000E+00, 0.000000E+00, 0.000000E+00, 0.000000E+00, 0.000000E+00, 5.854380E-02, 2.390432E-02,-3.187790E-01, 9.279608E+01, 0.000000E+00, 9.279608E+01, 0.000000E+00,NULL,NULL,NULL,NULL,0, 0.000000E+00,NULL,NULL,NULL,NULL,2, 9.279608E+01,0,data,8
48410,15912,940626,124153,94C2, 9.127600E+01,0,2,2,0,2, 0.000000E+00, 0.000000E+00, 0.000000E+00, 0.000000E+00, 0.000000E+00, 0.000000E+00, 1.065643E-01, 3.599334E-02,-6.533470E-01, 9.104977E+01, 0.000000E+00, 9.104977E+01, 0.000000E+00,NULL,NULL,NULL,NULL,0, 0.000000E+00,NULL,NULL,NULL,NULL,2, 9.104977E+01,0,data,8
48410,15913,940626,124153,94C2, 9.127600E+01,15,12,27,15,12,-8.514352E+00,-5.466863E+00,-4.495139E+01, 8.497676E+01, 8.480328E+01, 5.653552E+00,-7.976916E+00,-5.084175E+00,-4.383329E+01, 1.015948E+02, 5.660302E+00, 8.945879E+00, 7.672154E+00,0, 0.000000E+00,14, 1.471323E+01,0, 0.000000E+00,NULL,NULL,NULL,NULL,NULL,NULL,0,data,8
48410,15915,940626,124155,94C2, 9.127600E+01,0,2,2,0,2, 0.000000E+00, 0.000000E+00, 0.000000E+00, 0.000000E+00, 0.000000E+00, 0.000000E+00, 1.658804E-01, 1.689887E-02,-2.164963E+00, 9.180531E+01, 0.000000E+00, 9.180531E+01, 0.000000E+00,NULL,NULL,NULL,NULL,0, 0.000000E+00,NULL,NULL,NULL,NULL,2, 9.180531E+01,0,data,8
48410,15916,940626,124155,94C2, 9.127600E+01,4,6,10,4,6, 3.079488E+00,-1.479787E+00, 7.077584E-01, 2.669465E+01, 2.662778E+01, 6.656944E+00,-3.406300E+00, 1.655453E+00, 4.517845E-01, 4.066831E+01, 2.647397E+01, 1.397366E+01, 0.000000E+00,7, 9.075936E+00,0, 0.000000E+00,0, 0.000000E+00,5, 1.298108E+01, 9.057435E-01, 7.767406E+00,NULL,NULL,0,data,8
48410,15917,940626,124155,94C2, 9.127600E+01,0,4,4,0,4, 0.000000E+00, 0.000000E+00, 0.000000E+00, 0.000000E+00, 0.000000E+00, 0.000000E+00, 9.098220E-02, 2.703148E-01,-4.447403E+01, 4.503478E+01, 0.000000E+00, 4.503478E+01, 0.000000E+00,0, 0.000000E+00,1, 0.000000E+00,0, 0.000000E+00,NULL,NULL,NULL,NULL,3, 2.977117E+01,0,data,8
48410,15918,940626,124155,94C2, 9.127600E+01,2,0,2,2,0,-4.232687E-02, 1.278858E-01, 2.554638E-03, 6.286045E+00, 6.279841E+00, 3.139921E+00,-4.232687E-02, 1.278858E-01, 2.554638E-03, 6.286045E+00, 0.000000E+00, 0.000000E+00, 0.000000E+00,2, 2.758348E-01,0, 0.000000E+00,0, 0.000000E+00,NULL,NULL,NULL,NULL,NULL,NULL,0,data,8
48410,15926,940626,124158,94C2, 9.127600E+01,16,12,28,16,12,-1.622890E+01,-7.794776E+00, 9.805460E+00, 4.977621E+01, 4.962434E+01, 3.101521E+00,-9.759348E+00,-4.562343E+00, 5.974189E+00, 7.429276E+01, 4.736452E+01, 1.554778E+01, 6.742439E+00,14, 4.628811E+00,0, 0.000000E+00,0, 0.000000E+00,9, 1.777411E+01, 3.514191E-01, 4.541976E+00,NULL,NULL,1,data,8
48410,15927,940626,124201,94C2, 9.127600E+01,0,2,2,0,2, 0.000000E+00, 0.000000E+00, 0.000000E+00, 0.000000E+00, 0.000000E+00, 0.000000E+00, 1.917956E-01,-7.442689E-02, 2.554764E+00, 9.225005E+01, 0.000000E+00, 9.225005E+01, 0.000000E+00,NULL,NULL,NULL,NULL,0, 0.000000E+00,NULL,NULL,NULL,NULL,2, 9.225005E+01,0,data,8
48410,15930,940626,124201,94C2, 9.127600E+01,0,2,2,0,2, 0.000000E+00, 0.000000E+00, 0.000000E+00, 0.000000E+00, 0.000000E+00, 0.000000E+00, 7.704830E-02, 5.318975E-02,-7.303543E-01, 9.057434E+01, 0.000000E+00, 9.057434E+01, 0.000000E+00,NULL,NULL,NULL,NULL,0, 0.000000E+00,NULL,NULL,NULL,NULL,2, 9.057434E+01,0,data,8
48410,15935,940626,124201,94C2, 9.127600E+01,0,2,2,0,2, 0.000000E+00, 0.000000E+00, 0.000000E+00, 0.000000E+00, 0.000000E+00, 0.000000E+00, 3.341012E-01, 9.388924E-04, 2.601929E+00, 9.361774E+01, 0.000000E+00, 9.361774E+01, 0.000000E+00,NULL,NULL,NULL,NULL,0, 0.000000E+00,NULL,NULL,NULL,NULL,2, 9.361774E+01,0,data,8
48410,15936,940626,124201,94C2, 9.127600E+01,0,2,2,0,2, 0.000000E+00, 0.000000E+00, 0.000000E+00, 0.000000E+00, 0.000000E+00, 0.000000E+00,-6.807113E-02, 9.733194E-02, 1.635300E+00, 8.915788E+01, 0.000000E+00, 8.915788E+01, 0.000000E+00,NULL,NULL,NULL,NULL,0, 0.000000E+00,NULL,NULL,NULL,NULL,2, 8.915788E+01,0,data,8
48410,15938,940626,124203,94C2, 9.127600E+01,0,2,2,0,2, 0.000000E+00, 0.000000E+00, 0.000000E+00, 0.000000E+00, 0.000000E+00, 0.000000E+00, 7.883555E-02, 3.040314E-03,-9.619102E-01, 9.205902E+01, 0.000000E+00, 9.205902E+01, 0.000000E+00,NULL,NULL,NULL,NULL,0, 0.000000E+00,NULL,NULL,NULL,NULL,2, 9.205902E+01,0,data,8
48410,15941,940626,124203,94C2, 9.127600E+01,28,18,46,28,18,-1.092197E+01, 1.501267E+01,-2.224482E+01, 5.870116E+01, 5.831302E+01, 2.082608E+00,-4.287210E+00, 4.246668E+00,-7.265631E+00, 8.784004E+01, 4.272948E+01, 1.778709E+01, 1.561109E-01,15, 2.161676E-01,3, 0.000000E+00,0, 0.000000E+00,13, 2.256865E+01, 4.052097E-01, 8.853370E+00,NULL,NULL,1,data,8
48410,15942,940626,124204,94C2, 9.127600E+01,17,15,32,17,15, 4.930236E+00,-2.212422E+01, 4.036841E+00, 4.955227E+01, 4.926249E+01, 2.897793E+00, 2.303856E+00,-6.387931E+00,-3.150216E-02, 9.044279E+01, 4.717827E+01, 3.949979E+01, 1.485545E-01,15, 5.803302E+00,0, 0.000000E+00,0, 0.000000E+00,13, 4.049432E+01, 3.872441E-01, 7.302376E+00,NULL,NULL,1,data,8
48410,15944,940626,124204,94C2, 9.127600E+01,0,5,5,0,5, 0.000000E+00, 0.000000E+00, 0.000000E+00, 0.000000E+00, 0.000000E+00, 0.000000E+00,-3.705339E-01,-5.234364E-01, 3.430644E+00, 4.573897E+01, 0.000000E+00, 4.573897E+01, 0.000000E+00,0, 0.000000E+00,3, 1.140538E+00,0, 0.000000E+00,NULL,NULL,NULL,NULL,2, 3.691148E+01,0,data,8
48410,15945,940626,124204,94C2, 9.127600E+01,0,2,2,0,2, 0.000000E+00, 0.000000E+00, 0.000000E+00, 0.000000E+00, 0.000000E+00, 0.000000E+00,-1.600790E-02, 2.956975E-02,-1.434849E+00, 8.904916E+01, 0.000000E+00, 8.904916E+01, 0.000000E+00,NULL,NULL,NULL,NULL,0, 0.000000E+00,NULL,NULL,NULL,NULL,2, 8.904916E+01,0,data,8
48410,15946,940626,124204,94C2, 9.127600E+01,30,19,49,30,19, 6.361044E+00, 3.318100E+00, 9.546423E+00, 5.783001E+01, 5.718240E+01, 1.906080E+00, 3.407132E+00, 1.111748E+00, 4.050747E+00, 7.588431E+01, 5.558138E+01, 8.243799E+00, 8.127807E+00,11, 0.000000E+00,2, 0.000000E+00,0, 0.000000E+00,10, 8.294580E+00, 5.990065E-01, 1.469901E+00,NULL,NULL,1,data,8
48410,15947,940626,124204,94C2, 9.127600E+01,0,2,2,0,2, 0.000000E+00, 0.000000E+00, 0.000000E+00, 0.000000E+00, 0.000000E+00, 0.000000E+00, 1.012022E-01, 1.193762E-01, 1.405724E+00, 9.135222E+01, 0.000000E+00, 9.135222E+01, 0.000000E+00,NULL,NULL,NULL,NULL,0, 0.000000E+00,NULL,NULL,NULL,NULL,2, 9.135222E+01,0,data,8
48410,15948,940626,124204,94C2, 9.127600E+01,20,18,38,20,18, 1.153427E+01,-6.980991E+00, 7.957812E+00, 8.454745E+01, 8.431756E+01, 4.215878E+00, 9.354148E+00,-3.962426E+00, 4.397951E+00, 1.183226E+02, 5.634295E+01, 1.677600E+01, 1.509170E+01,11, 0.000000E+00,0, 0.000000E+00,0, 0.000000E+00,11, 1.386724E+01, 4.163263E-01, 3.151251E+00,NULL,NULL,1,data,8
48410,15951,940626,124206,94C2, 9.127600E+01,0,2,2,0,2, 0.000000E+00, 0.000000E+00, 0.000000E+00, 0.000000E+00, 0.000000E+00, 0.000000E+00, 7.687938E-02, 8.758521E-02,-3.584023E-01, 9.235858E+01, 0.000000E+00, 9.235858E+01, 0.000000E+00,NULL,NULL,NULL,NULL,0, 0.000000E+00,NULL,NULL,NULL,NULL,2, 9.235858E+01,0,data,8
48410,15952,940626,124206,94C2, 9.127600E+01,0,2,2,0,2, 0.000000E+00, 0.000000E+00, 0.000000E+00, 0.000000E+00, 0.000000E+00, 0.000000E+00, 8.029175E-02,-4.009414E-02, 8.658257E-01, 9.206156E+01, 0.000000E+00, 9.206156E+01, 0.000000E+00,NULL,NULL,NULL,NULL,0, 0.000000E+00,NULL,NULL,NULL,NULL,2, 9.206156E+01,0,data,8
48410,15954,940626,124206,94C2, 9.127600E+01,31,20,51,31,20, 6.892393E+01,-7.841740E+01, 4.458559E+02, 5.014416E+02, 5.011536E+02, 1.616625E+01, 6.994003E+01,-7.902991E+01, 4.487438E+02, 5.190834E+02, 1.134534E+01, 1.662131E+01, 1.020475E+00,0, 0.000000E+00,26, 2.049999E+01,0, 0.000000E+00,NULL,NULL,NULL,NULL,1, 0.000000E+00,0,data,8
48410,15957,940626,124209,94C2, 9.127600E+01,0,2,2,0,2, 0.000000E+00, 0.000000E+00, 0.000000E+00, 0.000000E+00, 0.000000E+00, 0.000000E+00, 8.438683E-02, 9.961033E-02,-1.817970E-01, 9.139087E+01, 0.000000E+00, 9.139087E+01, 0.000000E+00,NULL,NULL,NULL,NULL,0, 0.000000E+00,NULL,NULL,NULL,NULL,2, 9.139087E+01,0,data,8
48410,15958,940626,124209,94C2, 9.127600E+01,0,2,2,0,2, 0.000000E+00, 0.000000E+00, 0.000000E+00, 0.000000E+00, 0.000000E+00, 0.000000E+00,-1.434326E-02, 9.522915E-03, 1.871872E-01, 9.064302E+01, 0.000000E+00, 9.064302E+01, 0.000000E+00,NULL,NULL,NULL,NULL,0, 0.000000E+00,NULL,NULL,NULL,NULL,2, 9.064302E+01,0,data,8
48410,15962,940626,124209,94C2, 9.127600E+01,6,2,8,6,2,-9.431940E-01, 1.333222E+00, 1.400853E+00, 3.311963E+00, 3.087559E+00, 5.145932E-01,-1.184409E+00, 1.272296E+00,-1.063094E-01, 8.205797E+00, 0.000000E+00, 4.893834E+00, 0.000000E+00,NULL,NULL,NULL,NULL,0, 0.000000E+00,NULL,NULL,NULL,NULL,2, 0.000000E+00,0,data,8
48410,15963,940626,124209,94C2, 9.127600E+01,0,3,3,0,3, 0.000000E+00, 0.000000E+00, 0.000000E+00, 0.000000E+00, 0.000000E+00, 0.000000E+00, 6.560802E-03,-4.054482E-01,-2.898182E+00, 9.284204E+01, 0.000000E+00, 9.284204E+01, 0.000000E+00,NULL,NULL,NULL,NULL,0, 0.000000E+00,NULL,NULL,NULL,NULL,3, 9.284204E+01,0,data,8
48410,15964,940626,124209,94C2, 9.127600E+01,36,15,51,36,15, 5.618933E+00,-1.523961E+01, 1.253780E+01, 5.629875E+01, 5.564075E+01, 1.545576E+00,-1.170284E+00,-2.496323E+00, 2.208372E+00, 8.961044E+01, 4.846474E+01, 1.002827E+01, 2.125716E+01,13, 1.207966E+00,1, 0.000000E+00,0, 0.000000E+00,8, 1.119652E+01, 5.330230E-01, 2.636504E+00,NULL,NULL,1,data,8
48410,15965,940626,124209,94C2, 9.127600E+01,2,4,6,2,4,-4.425547E+00, 1.317412E+00, 4.294538E+00, 6.315931E+00, 6.308730E+00, 3.154365E+00,-3.630018E+00, 1.215591E+00,-3.453255E+01, 5.533235E+01, 1.964988E+00, 4.901641E+01, 0.000000E+00,2, 0.000000E+00,0, 0.000000E+00,0, 0.000000E+00,2, 3.473898E+00, 1.346734E+00, 2.127164E+00,2, 0.000000E+00,0,data,8
48410,15966,940626,124210,94C2, 9.127600E+01,18,18,36,18,18,-1.700387E-01,-1.737602E+01,-6.413156E+00, 3.136298E+01, 3.105489E+01, 1.725272E+00,-6.380940E-01,-1.061284E+01,-2.921552E+00, 6.513194E+01, 2.718888E+01, 2.589366E+01, 6.586957E-01,16, 4.899190E+00,1, 0.000000E+00,0, 0.000000E+00,13, 2.720402E+01, 3.272955E-01, 6.652665E+00,NULL,NULL,1,data,8
48410,15968,940626,124210,94C2, 9.127600E+01,0,2,2,0,2, 0.000000E+00, 0.000000E+00, 0.000000E+00, 0.000000E+00, 0.000000E+00, 0.000000E+00, 1.567286E-01, 1.355971E-01, 1.203423E-01, 9.035970E+01, 0.000000E+00, 9.035970E+01, 0.000000E+00,NULL,NULL,NULL,NULL,0, 0.000000E+00,NULL,NULL,NULL,NULL,2, 9.035970E+01,0,data,8
48410,15969,940626,124210,94C2, 9.127600E+01,23,18,41,23,18, 4.069527E+00, 3.070743E+00,-7.532606E-01, 5.962169E+01, 5.939626E+01, 2.582446E+00,-9.195802E-02, 4.551062E+00,-2.713288E+00, 8.393845E+01, 5.323258E+01, 2.385554E+01, 4.612292E-01,19, 3.552171E+00,0, 0.000000E+00,0, 0.000000E+00,13, 2.181572E+01, 6.831573E-01, 3.882346E+00,NULL,NULL,1,data,8
48410,15970,940626,124212,94C2, 9.127600E+01,39,10,49,39,10, 1.326745E+01,-5.085495E+02,-1.759308E+02, 5.994745E+02, 5.987210E+02, 1.535182E+01, 1.541292E+01,-5.019926E+02,-1.683918E+02, 6.173046E+02, 5.648597E+01, 1.637161E+01, 4.003854E-01,5, 5.737607E-01,4, 0.000000E+00,0, 0.000000E+00,3, 2.921478E+00, 6.325426E-01, 1.230880E+00,NULL,NULL,1,data,8
48410,15972,940626,124212,94C2, 9.127600E+01,0,2,2,0,2, 0.000000E+00, 0.000000E+00, 0.000000E+00, 0.000000E+00, 0.000000E+00, 0.000000E+00, 1.221163E-01, 2.617180E-02,-3.781509E-01, 8.974303E+01, 0.000000E+00, 8.974303E+01, 0.000000E+00,NULL,NULL,NULL,NULL,0, 0.000000E+00,NULL,NULL,NULL,NULL,2, 8.974303E+01,0,data,8
48410,15976,940626,124213,94C2, 9.127600E+01,4,2,6,4,2, 2.969995E-02,-8.823143E-01,-1.687202E+00, 2.421124E+00, 2.329746E+00, 5.824364E-01,-1.447529E-02,-7.234067E-02,-5.386226E+00, 6.256964E+00, 1.413512E+00, 3.835840E+00, 0.000000E+00,0, 0.000000E+00,1, 0.000000E+00,0, 0.000000E+00,NULL,NULL,NULL,NULL,1, 0.000000E+00,0,data,8
48410,15980,940626,124216,94C2, 9.127600E+01,0,2,2,0,2, 0.000000E+00, 0.000000E+00, 0.000000E+00, 0.000000E+00, 0.000000E+00, 0.000000E+00, 1.768851E-02,-8.595460E-02, 2.174850E+00, 9.196283E+01, 0.000000E+00, 9.196283E+01, 0.000000E+00,NULL,NULL,NULL,NULL,0, 0.000000E+00,NULL,NULL,NULL,NULL,2, 9.196283E+01,0,data,8
48410,15982,940626,124216,94C2, 9.127600E+01,0,2,2,0,2, 0.000000E+00, 0.000000E+00, 0.000000E+00, 0.000000E+00, 0.000000E+00, 0.000000E+00, 1.180446E-01,-4.487658E-02,-3.335953E-02, 9.459875E+01, 0.000000E+00, 9.459875E+01, 0.000000E+00,NULL,NULL,NULL,NULL,0, 0.000000E+00,NULL,NULL,NULL,NULL,2, 9.459875E+01,0,data,8
48410,15985,940626,124216,94C2, 9.127600E+01,0,2,2,0,2, 0.000000E+00, 0.000000E+00, 0.000000E+00, 0.000000E+00, 0.000000E+00, 0.000000E+00, 8.096981E-02, 1.140640E-01, 1.050529E+00, 9.064620E+01, 0.000000E+00, 9.064620E+01, 0.000000E+00,NULL,NULL,NULL,NULL,0, 0.000000E+00,NULL,NULL,NULL,NULL,2, 9.064620E+01,0,data,8
48410,15988,940626,124220,94C2, 9.127600E+01,0,2,2,0,2, 0.000000E+00, 0.000000E+00, 0.000000E+00, 0.000000E+00, 0.000000E+00, 0.000000E+00,-1.615024E-02, 8.067541E-02, 7.178791E+00, 8.329840E+01, 0.000000E+00, 8.329840E+01, 0.000000E+00,NULL,NULL,NULL,NULL,0, 0.000000E+00,NULL,NULL,NULL,NULL,2, 8.329840E+01,0,data,8
48410,15990,940626,124220,94C2, 9.127600E+01,0,2,2,0,2, 0.000000E+00, 0.000000E+00, 0.000000E+00, 0.000000E+00, 0.000000E+00, 0.000000E+00, 1.501870E-02,-6.920958E-02, 1.693653E+00, 8.993562E+01, 0.000000E+00, 8.993562E+01, 0.000000E+00,NULL,NULL,NULL,NULL,0, 0.000000E+00,NULL,NULL,NULL,NULL,2, 8.993562E+01,0,data,8
48410,15992,940626,124220,94C2, 9.127600E+01,0,2,2,0,2, 0.000000E+00, 0.000000E+00, 0.000000E+00, 0.000000E+00, 0.000000E+00, 0.000000E+00, 1.108626E-01,-1.244183E-01, 3.132175E+00, 9.217039E+01, 0.000000E+00, 9.217039E+01, 0.000000E+00,NULL,NULL,NULL,NULL,0, 0.000000E+00,NULL,NULL,NULL,NULL,2, 9.217039E+01,0,data,8
48410,15993,940626,124220,94C2, 9.127600E+01,2,0,2,2,0,-1.164315E-01,-2.330936E-01, 7.029280E-02, 5.432926E-01, 4.587248E-01, 2.293624E-01,-1.164315E-01,-2.330936E-01, 7.029280E-02, 5.432926E-01, 0.000000E+00, 0.000000E+00, 0.000000E+00,NULL,NULL,NULL,NULL,0, 0.000000E+00,NULL,NULL,NULL,NULL,NULL,NULL,0,data,8
48410,15995,940626,124220,94C2, 9.127600E+01,2,2,4,2,2, 1.037471E-01,-2.955645E-02, 4.514040E+00, 4.768592E+00, 4.759903E+00, 2.379951E+00, 1.160789E-01, 6.080043E-02, 4.600417E+00, 4.978899E+00, 1.804231E+00, 2.103060E-01, 0.000000E+00,0, 0.000000E+00,2, 1.193888E+00,0, 0.000000E+00,NULL,NULL,NULL,NULL,NULL,NULL,0,data,8
48410,15996,940626,124222,94C2, 9.127600E+01,0,2,2,0,2, 0.000000E+00, 0.000000E+00, 0.000000E+00, 0.000000E+00, 0.000000E+00, 0.000000E+00, 7.597637E-02, 6.846267E-02, 1.111832E-01, 9.186418E+01, 0.000000E+00, 9.186418E+01, 0.000000E+00,NULL,NULL,NULL,NULL,0, 0.000000E+00,NULL,NULL,NULL,NULL,2, 9.186418E+01,0,data,8
48410,15997,940626,124222,94C2, 9.127600E+01,0,2,2,0,2, 0.000000E+00, 0.000000E+00, 0.000000E+00, 0.000000E+00, 0.000000E+00, 0.000000E+00, 3.435159E-02,-6.551611E-02, 1.210266E+00, 9.288797E+01, 0.000000E+00, 9.288797E+01, 0.000000E+00,NULL,NULL,NULL,NULL,0, 0.000000E+00,NULL,NULL,NULL,NULL,2, 9.288797E+01,0,data,8
48410,15999,940626,124222,94C2, 9.127600E+01,17,16,33,17,16, 7.573628E-01, 4.758704E-02,-6.045249E-01, 3.226458E+01, 3.203607E+01, 1.884475E+00, 9.406881E+00, 8.177443E+00,-5.073706E+00, 8.163240E+01, 2.914196E+01, 3.540552E+01, 1.173998E+01,13, 0.000000E+00,0, 0.000000E+00,0, 0.000000E+00,13, 3.762784E+01, 4.094380E-01, 1.077478E+01,NULL,NULL,1,data,8
48410,16002,940626,124225,94C2, 9.127600E+01,2,0,2,2,0, 8.188761E+00,-9.848025E+01,-8.174035E+01, 2.156102E+02, 2.156100E+02, 1.078050E+02, 8.188761E+00,-9.848025E+01,-8.174035E+01, 2.156102E+02, 0.000000E+00, 0.000000E+00, 0.000000E+00,1, 0.000000E+00,0, 0.000000E+00,0, 0.000000E+00,NULL,NULL,NULL,NULL,NULL,NULL,0,data,8
48410,16006,940626,124225,94C2, 9.127600E+01,0,2,2,0,2, 0.000000E+00, 0.000000E+00, 0.000000E+00, 0.000000E+00, 0.000000E+00, 0.000000E+00, 1.679683E-01,-1.157022E-02, 9.487877E-01, 9.286824E+01, 0.000000E+00, 9.286824E+01, 0.000000E+00,NULL,NULL,NULL,NULL,0, 0.000000E+00,NULL,NULL,NULL,NULL,2, 9.286824E+01,0,data,8
48410,16011,940626,124226,94C2, 9.127600E+01,2,1,3,2,1, 1.001973E+01,-4.280016E+00,-2.013137E+01, 3.107189E+01, 3.106915E+01, 1.553457E+01,-8.487093E+00, 3.829770E+00, 1.753276E+01, 7.381364E+01, 3.109920E+01, 4.274176E+01, 0.000000E+00,0, 0.000000E+00,3, 9.551949E+01,0, 0.000000E+00,NULL,NULL,NULL,NULL,NULL,NULL,0,data,8
48410,16015,940626,124229,94C2, 9.127600E+01,2,1,3,2,1,-9.314238E+00,-4.897753E+00, 1.716146E+01, 9.816644E+01, 9.816603E+01, 4.908302E+01,-8.861848E+00,-4.751960E+00, 1.641965E+01, 9.904747E+01, 9.816627E+01, 8.810249E-01, 0.000000E+00,0, 0.000000E+00,2, 1.100898E+00,0, 0.000000E+00,NULL,NULL,NULL,NULL,NULL,NULL,0,data,8
48410,16016,940626,124229,94C2, 9.127600E+01,0,2,2,0,2, 0.000000E+00, 0.000000E+00, 0.000000E+00, 0.000000E+00, 0.000000E+00, 0.000000E+00, 7.818095E-02,-1.898553E-01, 1.058881E+01, 8.195529E+01, 0.000000E+00, 8.195529E+01, 0.000000E+00,NULL,NULL,NULL,NULL,0, 0.000000E+00,NULL,NULL,NULL,NULL,2, 8.195529E+01,0,data,8
48410,16017,940626,124229,94C2, 9.127600E+01,0,2,2,0,2, 0.000000E+00, 0.000000E+00, 0.000000E+00, 0.000000E+00, 0.000000E+00, 0.000000E+00, 1.036284E-01,-6.241480E-02,-9.800529E-01, 8.917149E+01, 0.000000E+00, 8.917149E+01, 0.000000E+00,NULL,NULL,NULL,NULL,0, 0.000000E+00,NULL,NULL,NULL,NULL,2, 8.917149E+01,0,data,8
48410,16018,940626,124229,94C2, 9.127600E+01,0,2,2,0,2, 0.000000E+00, 0.000000E+00, 0.000000E+00, 0.000000E+00, 0.000000E+00, 0.000000E+00, 2.684808E-02, 1.007989E-01, 1.172333E-01, 9.258612E+01, 0.000000E+00, 9.258612E+01, 0.000000E+00,NULL,NULL,NULL,NULL,0, 0.000000E+00,NULL,NULL,NULL,NULL,2, 9.258612E+01,0,data,8
48410,16020,940626,124229,94C2, 9.127600E+01,3,6,9,3,6, 4.850530E+00, 7.799123E+00, 9.476617E-04, 1.031178E+01, 1.029033E+01, 3.430109E+00, 4.231853E+00, 7.188691E+00, 1.411990E+00, 9.924638E+01, 1.096864E+00, 8.893460E+01, 0.000000E+00,2, 0.000000E+00,3, 0.000000E+00,0, 0.000000E+00,1, 1.015539E+01, 1.015539E+01, 1.015539E+01,1, 0.000000E+00,0,data,8
48410,16021,940626,124231,94C2, 9.127600E+01,0,2,2,0,2, 0.000000E+00, 0.000000E+00, 0.000000E+00, 0.000000E+00, 0.000000E+00, 0.000000E+00,-3.446872E-02,-6.317544E-02,-5.319290E-01, 8.879982E+01, 0.000000E+00, 8.879982E+01, 0.000000E+00,NULL,NULL,NULL,NULL,0, 0.000000E+00,NULL,NULL,NULL,NULL,2, 8.879982E+01,0,data,8
48410,16022,940626,124231,94C2, 9.127600E+01,0,2,2,0,2, 0.000000E+00, 0.000000E+00, 0.000000E+00, 0.000000E+00, 0.000000E+00, 0.000000E+00, 3.251406E-02,-6.800008E-02,-8.430138E-01, 9.230484E+01, 0.000000E+00, 9.230484E+01, 0.000000E+00,NULL,NULL,NULL,NULL,0, 0.000000E+00,NULL,NULL,NULL,NULL,2, 9.230484E+01,0,data,8
48410,16028,940626,124236,94C2, 9.127600E+01,0,2,2,0,2, 0.000000E+00, 0.000000E+00, 0.000000E+00, 0.000000E+00, 0.000000E+00, 0.000000E+00, 7.137005E-02,-6.537104E-02, 3.143360E+00, 9.196889E+01, 0.000000E+00, 9.196889E+01, 0.000000E+00,NULL,NULL,NULL,NULL,0, 0.000000E+00,NULL,NULL,NULL,NULL,2, 9.196889E+01,0,data,8
48410,16031,940626,124236,94C2, 9.127600E+01,0,2,2,0,2, 0.000000E+00, 0.000000E+00, 0.000000E+00, 0.000000E+00, 0.000000E+00, 0.000000E+00, 8.659267E-02, 9.873395E-02, 4.437637E-01, 8.935823E+01, 0.000000E+00, 8.935823E+01, 0.000000E+00,NULL,NULL,NULL,NULL,0, 0.000000E+00,NULL,NULL,NULL,NULL,2, 8.935823E+01,0,data,8
48410,16032,940626,124236,94C2, 9.127600E+01,0,2,2,0,2, 0.000000E+00, 0.000000E+00, 0.000000E+00, 0.000000E+00, 0.000000E+00, 0.000000E+00, 7.837522E-02,-5.075169E-02,-3.144493E-01, 9.354440E+01, 0.000000E+00, 9.354440E+01, 0.000000E+00,NULL,NULL,NULL,NULL,0, 0.000000E+00,NULL,NULL,NULL,NULL,2, 9.354440E+01,0,data,8
48410,16034,940626,124236,94C2, 9.127600E+01,0,2,2,0,2, 0.000000E+00, 0.000000E+00, 0.000000E+00, 0.000000E+00, 0.000000E+00, 0.000000E+00, 2.327728E-02, 7.679963E-02, 6.430740E-01, 9.378108E+01, 0.000000E+00, 9.378108E+01, 0.000000E+00,NULL,NULL,NULL,NULL,0, 0.000000E+00,NULL,NULL,NULL,NULL,2, 9.378108E+01,0,data,8
48410,16037,940626,124236,94C2, 9.127600E+01,1,2,3,1,2,-1.104693E+00, 2.495416E+00, 4.312917E+00, 5.105700E+00, 5.103793E+00, 5.103793E+00,-2.278525E-01, 4.828638E-01,-4.073905E+01, 5.297075E+01, 5.105701E+00, 4.786505E+01, 0.000000E+00,0, 0.000000E+00,2, 2.990523E+00,0, 0.000000E+00,NULL,NULL,NULL,NULL,1, 0.000000E+00,0,data,8
48410,16041,940626,124239,94C2, 9.127600E+01,0,2,2,0,2, 0.000000E+00, 0.000000E+00, 0.000000E+00, 0.000000E+00, 0.000000E+00, 0.000000E+00, 1.447316E-01,-3.365555E-01, 1.018402E+00, 8.960380E+01, 0.000000E+00, 8.960380E+01, 0.000000E+00,NULL,NULL,NULL,NULL,0, 0.000000E+00,NULL,NULL,NULL,NULL,2, 8.960380E+01,0,data,8
48410,16042,940626,124239,94C2, 9.127600E+01,0,2,2,0,2, 0.000000E+00, 0.000000E+00, 0.000000E+00, 0.000000E+00, 0.000000E+00, 0.000000E+00,-3.540248E-02, 1.541991E-01, 3.533848E+00, 9.208425E+01, 0.000000E+00, 9.208425E+01, 0.000000E+00,NULL,NULL,NULL,NULL,0, 0.000000E+00,NULL,NULL,NULL,NULL,2, 9.208425E+01,0,data,8
48410,16049,940626,124240,94C2, 9.127600E+01,0,2,2,0,2, 0.000000E+00, 0.000000E+00, 0.000000E+00, 0.000000E+00, 0.000000E+00, 0.000000E+00,-6.799960E-02, 1.187446E-01, 3.022827E+00, 9.129743E+01, 0.000000E+00, 9.129743E+01, 0.000000E+00,NULL,NULL,NULL,NULL,0, 0.000000E+00,NULL,NULL,NULL,NULL,2, 9.129743E+01,0,data,8
48410,16051,940626,124240,94C2, 9.127600E+01,25,19,44,25,19, 3.069106E+01,-3.105214E+00,-3.117746E+00, 4.434621E+01, 4.390599E+01, 1.756240E+00, 1.056031E+01,-1.222102E+00, 8.484541E-02, 8.884641E+01, 3.854517E+01, 3.651632E+01, 6.750564E+00,15, 1.870762E+00,0, 0.000000E+00,0, 0.000000E+00,12, 3.539095E+01, 3.800212E-01, 2.064294E+01,NULL,NULL,1,data,8
48410,16057,940626,124242,94C2, 9.127600E+01,44,8,52,44,8,-2.367833E+00, 1.104135E+00, 1.268335E+00, 1.278988E+02, 1.271230E+02, 2.889159E+00,-2.065295E+00, 2.646429E+00, 3.757525E-01, 1.346526E+02, 7.832565E+01, 5.985359E+00, 3.818009E-01,3, 0.000000E+00,9, 0.000000E+00,0, 0.000000E+00,2, 1.553843E+00, 3.865600E-01, 1.167283E+00,NULL,NULL,1,data,8
48410,16061,940626,124244,94C2, 9.127600E+01,0,2,2,0,2, 0.000000E+00, 0.000000E+00, 0.000000E+00, 0.000000E+00, 0.000000E+00, 0.000000E+00,-3.196314E-02, 1.469173E-01, 2.150917E+00, 9.422973E+01, 0.000000E+00, 9.422973E+01, 0.000000E+00,NULL,NULL,NULL,NULL,0, 0.000000E+00,NULL,NULL,NULL,NULL,2, 9.422973E+01,0,data,8
48410,16062,940626,124244,94C2, 9.127600E+01,2,0,2,2,0,-4.922681E-01,-5.647917E-01,-7.385552E-03, 2.575126E+01, 2.574975E+01, 1.287488E+01,-4.922681E-01,-5.647917E-01,-7.385552E-03, 2.575126E+01, 0.000000E+00, 0.000000E+00, 0.000000E+00,2, 2.058487E-01,0, 0.000000E+00,0, 0.000000E+00,NULL,NULL,NULL,NULL,NULL,NULL,0,data,8
48410,16069,940626,124248,94C2, 9.127600E+01,0,1,1,0,1, 0.000000E+00, 0.000000E+00, 0.000000E+00, 0.000000E+00, 0.000000E+00, 0.000000E+00, 1.315586E-02, 3.955884E-03, 3.673588E-01, 3.676156E-01, 0.000000E+00, 3.676156E-01, 0.000000E+00,NULL,NULL,NULL,NULL,0, 0.000000E+00,NULL,NULL,NULL,NULL,1, 3.676156E-01,0,data,8
48410,16073,940626,124248,94C2, 9.127600E+01,0,2,2,0,2, 0.000000E+00, 0.000000E+00, 0.000000E+00, 0.000000E+00, 0.000000E+00, 0.000000E+00, 5.983257E-02, 8.770525E-02,-1.448822E-01, 9.199094E+01, 0.000000E+00, 9.199094E+01, 0.000000E+00,NULL,NULL,NULL,NULL,0, 0.000000E+00,NULL,NULL,NULL,NULL,2, 9.199094E+01,0,data,8
48410,16074,940626,124248,94C2, 9.127600E+01,0,2,2,0,2, 0.000000E+00, 0.000000E+00, 0.000000E+00, 0.000000E+00, 0.000000E+00, 0.000000E+00, 1.035249E-01,-2.233505E-03, 2.997437E-01, 9.459042E+01, 0.000000E+00, 9.459042E+01, 0.000000E+00,NULL,NULL,NULL,NULL,0, 0.000000E+00,NULL,NULL,NULL,NULL,2, 9.459042E+01,0,data,8
48410,16077,940626,124251,94C2, 9.127600E+01,0,1,1,0,1, 0.000000E+00, 0.000000E+00, 0.000000E+00, 0.000000E+00, 0.000000E+00, 0.000000E+00,-1.237358E-01, 2.730823E-01, 1.342999E+00, 1.376056E+00, 0.000000E+00, 1.376056E+00, 0.000000E+00,NULL,NULL,NULL,NULL,0, 0.000000E+00,NULL,NULL,NULL,NULL,NULL,NULL,0,data,8
48410,16079,940626,124251,94C2, 9.127600E+01,0,2,2,0,2, 0.000000E+00, 0.000000E+00, 0.000000E+00, 0.000000E+00, 0.000000E+00, 0.000000E+00, 4.886150E-03,-1.989741E-01, 1.334854E+00, 9.390864E+01, 0.000000E+00, 9.390864E+01, 0.000000E+00,NULL,NULL,NULL,NULL,0, 0.000000E+00,NULL,NULL,NULL,NULL,2, 9.390864E+01,0,data,8
48410,16085,940626,124253,94C2, 9.127600E+01,4,2,6,4,2,-1.422020E-01, 4.902405E-01,-9.829093E-01, 2.338975E+00, 2.234926E+00, 5.587315E-01,-8.817350E-01,-4.498017E-01,-2.756789E+01, 2.895233E+01, 1.356607E+00, 2.661336E+01, 0.000000E+00,NULL,NULL,NULL,NULL,0, 0.000000E+00,NULL,NULL,NULL,NULL,2, 0.000000E+00,0,data,8
48410,16087,940626,124253,94C2, 9.127600E+01,0,2,2,0,2, 0.000000E+00, 0.000000E+00, 0.000000E+00, 0.000000E+00, 0.000000E+00, 0.000000E+00, 6.829333E-02,-3.510261E-02, 9.667358E-01, 9.329201E+01, 0.000000E+00, 9.329201E+01, 0.000000E+00,NULL,NULL,NULL,NULL,0, 0.000000E+00,NULL,NULL,NULL,NULL,2, 9.329201E+01,0,data,8
48410,16088,940626,124253,94C2, 9.127600E+01,27,11,38,27,11, 3.501950E+01,-6.676257E+00, 4.560438E+00, 5.823621E+01, 5.760856E+01, 2.133650E+00, 6.638039E+00,-1.568465E+00, 1.307299E+00, 9.312749E+01, 5.525671E+01, 3.145052E+01, 3.446919E+00,9, 1.050982E+01,2, 0.000000E+00,0, 0.000000E+00,3, 2.929816E+01, 1.417606E+00, 2.500782E+01,NULL,NULL,1,data,8
48410,16089,940626,124257,94C2, 9.127600E+01,0,2,2,0,2, 0.000000E+00, 0.000000E+00, 0.000000E+00, 0.000000E+00, 0.000000E+00, 0.000000E+00,-1.716800E-01, 1.758568E-01, 3.488613E+00, 9.173445E+01, 0.000000E+00, 9.173445E+01, 0.000000E+00,NULL,NULL,NULL,NULL,0, 0.000000E+00,NULL,NULL,NULL,NULL,2, 9.173445E+01,0,data,8
48410,16093,940626,124257,94C2, 9.127600E+01,0,2,2,0,2, 0.000000E+00, 0.000000E+00, 0.000000E+00, 0.000000E+00, 0.000000E+00, 0.000000E+00,-1.905060E-02,-6.724954E-03, 7.532692E-01, 9.382870E+01, 0.000000E+00, 9.382870E+01, 0.000000E+00,NULL,NULL,NULL,NULL,0, 0.000000E+00,NULL,NULL,NULL,NULL,2, 9.382870E+01,0,data,8
48410,16095,940626,124257,94C2, 9.127600E+01,0,2,2,0,2, 0.000000E+00, 0.000000E+00, 0.000000E+00, 0.000000E+00, 0.000000E+00, 0.000000E+00, 1.649549E-01, 8.645916E-02, 1.155506E+00, 9.254142E+01, 0.000000E+00, 9.254142E+01, 0.000000E+00,NULL,NULL,NULL,NULL,0, 0.000000E+00,NULL,NULL,NULL,NULL,2, 9.254142E+01,0,data,8
48410,16098,940626,124259,94C2, 9.127600E+01,0,2,2,0,2, 0.000000E+00, 0.000000E+00, 0.000000E+00, 0.000000E+00, 0.000000E+00, 0.000000E+00,-1.422119E-01,-5.317569E-02, 1.150478E+00, 9.212650E+01, 0.000000E+00, 9.212650E+01, 0.000000E+00,NULL,NULL,NULL,NULL,0, 0.000000E+00,NULL,NULL,NULL,NULL,2, 9.212650E+01,0,data,8
48410,16100,940626,124259,94C2, 9.127600E+01,0,2,2,0,2, 0.000000E+00, 0.000000E+00, 0.000000E+00, 0.000000E+00, 0.000000E+00, 0.000000E+00, 8.255184E-03,-1.079216E-01,-1.420181E+00, 9.055832E+01, 0.000000E+00, 9.055832E+01, 0.000000E+00,NULL,NULL,NULL,NULL,0, 0.000000E+00,NULL,NULL,NULL,NULL,2, 9.055832E+01,0,data,8
48410,16101,940626,124259,94C2, 9.127600E+01,16,18,34,16,18, 4.117567E+00,-4.061967E+00, 5.312276E+00, 4.743011E+01, 4.729716E+01, 2.956073E+00, 3.956096E+00,-4.514679E+00, 5.681810E+00, 8.223892E+01, 4.747421E+01, 3.122511E+01, 1.601182E+00,9, 0.000000E+00,3, 0.000000E+00,0, 0.000000E+00,9, 1.614300E+01, 8.365456E-01, 4.435187E+00,NULL,NULL,1,data,8
48410,16104,940626,124301,94C2, 9.127600E+01,0,2,2,0,2, 0.000000E+00, 0.000000E+00, 0.000000E+00, 0.000000E+00, 0.000000E+00, 0.000000E+00,-3.799567E-01, 5.362048E-01,-2.410812E+00, 9.203854E+01, 0.000000E+00, 9.203854E+01, 0.000000E+00,NULL,NULL,NULL,NULL,0, 0.000000E+00,NULL,NULL,NULL,NULL,2, 9.203854E+01,0,data,8
48410,16106,940626,124301,94C2, 9.127600E+01,14,4,18,14,4,-3.186686E+01, 3.513874E+01,-1.146646E+02, 1.431247E+02, 1.430104E+02, 1.021503E+01,-3.171359E+01, 3.499061E+01,-1.143148E+02, 1.486734E+02, 1.086832E+01, 2.580254E+00, 2.968458E+00,0, 0.000000E+00,8, 2.129306E+01,0, 0.000000E+00,NULL,NULL,NULL,NULL,NULL,NULL,0,data,8
48410,16110,940626,124301,94C2, 9.127600E+01,0,2,2,0,2, 0.000000E+00, 0.000000E+00, 0.000000E+00, 0.000000E+00, 0.000000E+00, 0.000000E+00,-4.873812E-03, 7.532334E-02, 9.357796E-01, 9.189354E+01, 0.000000E+00, 9.189354E+01, 0.000000E+00,NULL,NULL,NULL,NULL,0, 0.000000E+00,NULL,NULL,NULL,NULL,2, 9.189354E+01,0,data,8
48410,16111,940626,124301,94C2, 9.127600E+01,46,23,69,46,23, 6.246321E-01,-1.507244E-01, 3.139329E-01, 6.443167E+01, 6.250126E+01, 1.358723E+00, 1.081059E+00, 5.140568E-01,-3.445941E-01, 9.886437E+01, 5.829733E+01, 2.348406E+01, 5.383602E+00,20, 3.075465E+00,0, 0.000000E+00,0, 0.000000E+00,13, 2.313349E+01, 4.804261E-01, 5.992682E+00,NULL,NULL,1,data,8
48410,16118,940626,124306,94C2, 9.127600E+01,0,2,2,0,2, 0.000000E+00, 0.000000E+00, 0.000000E+00, 0.000000E+00, 0.000000E+00, 0.000000E+00,-6.272030E-02,-5.486694E-02, 2.847321E+00, 9.118793E+01, 0.000000E+00, 9.118793E+01, 0.000000E+00,NULL,NULL,NULL,NULL,0, 0.000000E+00,NULL,NULL,NULL,NULL,2, 9.118793E+01,0,data,8
48410,16119,940626,124306,94C2, 9.127600E+01,0,2,2,0,2, 0.000000E+00, 0.000000E+00, 0.000000E+00, 0.000000E+00, 0.000000E+00, 0.000000E+00,-1.937896E-02, 1.374164E-01, 2.106457E+00, 9.112847E+01, 0.000000E+00, 9.112847E+01, 0.000000E+00,NULL,NULL,NULL,NULL,0, 0.000000E+00,NULL,NULL,NULL,NULL,2, 9.112847E+01,0,data,8
48410,16120,940626,124306,94C2, 9.127600E+01,0,2,2,0,2, 0.000000E+00, 0.000000E+00, 0.000000E+00, 0.000000E+00, 0.000000E+00, 0.000000E+00, 1.687241E-02,-1.686194E-01, 2.186768E+00, 9.000509E+01, 0.000000E+00, 9.000509E+01, 0.000000E+00,NULL,NULL,NULL,NULL,0, 0.000000E+00,NULL,NULL,NULL,NULL,2, 9.000509E+01,0,data,8
48410,16127,940626,124306,94C2, 9.127600E+01,39,9,48,39,9, 1.102497E+00,-7.118969E+00,-3.507336E+00, 8.911016E+01, 8.835846E+01, 2.265602E+00, 3.959858E+00,-4.017186E+00,-5.802854E+00, 1.013001E+02, 8.309833E+01, 2.591270E+00, 7.140561E+00,8, 4.796315E+00,1, 0.000000E+00,0, 0.000000E+00,4, 5.056375E+00, 6.133434E-01, 1.947070E+00,NULL,NULL,1,data,8
48410,16130,940626,124307,94C2, 9.127600E+01,0,2,2,0,2, 0.000000E+00, 0.000000E+00, 0.000000E+00, 0.000000E+00, 0.000000E+00, 0.000000E+00, 1.063901E-01, 7.281518E-02,-1.031609E+00, 9.433190E+01, 0.000000E+00, 9.433190E+01, 0.000000E+00,NULL,NULL,NULL,NULL,0, 0.000000E+00,NULL,NULL,NULL,NULL,2, 9.433190E+01,0,data,8
48410,16131,940626,124307,94C2, 9.127600E+01,6,8,14,6,8, 1.469087E+00,-2.116524E-01, 4.141284E+00, 7.634130E+00, 7.576437E+00, 1.262740E+00,-1.154309E+01,-1.370956E+00,-3.373854E+01, 5.831256E+01, 0.000000E+00, 5.067843E+01, 0.000000E+00,0, 0.000000E+00,8, 4.029981E+01,0, 0.000000E+00,NULL,NULL,NULL,NULL,NULL,NULL,0,data,8
48410,16132,940626,124307,94C2, 9.127600E+01,20,3,23,20,3,-1.410557E+01,-5.265913E+00,-1.351993E+00, 6.737981E+01, 6.710625E+01, 3.355312E+00,-1.643269E+01,-5.941247E+00,-1.750701E+00, 7.076043E+01, 6.108430E+01, 0.000000E+00, 5.221069E-01,4, 1.296584E+00,0, 0.000000E+00,0, 0.000000E+00,1, 2.858514E+00, 2.858514E+00, 2.858514E+00,NULL,NULL,1,data,8
48410,16133,940626,124309,94C2, 9.127600E+01,3,2,5,3,2,-1.547245E-01,-2.625355E-01, 2.919841E+00, 3.411975E+00, 3.356879E+00, 1.118960E+00,-2.266805E-01,-9.991929E-03, 5.099760E+00, 5.916545E+00, 3.667596E+00, 2.504570E+00, 0.000000E+00,0, 0.000000E+00,2, 0.000000E+00,0, 0.000000E+00,NULL,NULL,NULL,NULL,NULL,NULL,0,data,8
48410,16134,940626,124309,94C2, 9.127600E+01,0,6,6,0,6, 0.000000E+00, 0.000000E+00, 0.000000E+00, 0.000000E+00, 0.000000E+00, 0.000000E+00, 5.465119E+00, 1.221167E+01, 3.152946E+01, 3.757158E+01, 0.000000E+00, 3.757158E+01, 0.000000E+00,0, 0.000000E+00,4, 3.288640E+01,0, 0.000000E+00,NULL,NULL,NULL,NULL,NULL,NULL,0,data,8
48410,16136,940626,124309,94C2, 9.127600E+01,2,4,6,2,4, 3.362179E+00,-1.345826E+00, 3.223977E+00, 4.861017E+00, 4.852992E+00, 2.426496E+00, 2.594829E+00,-4.305932E-01, 4.945211E+01, 5.256255E+01, 2.481248E+00, 4.770153E+01, 0.000000E+00,2, 0.000000E+00,0, 0.000000E+00,0, 0.000000E+00,2, 4.059836E+00, 1.876872E+00, 2.182965E+00,1, 0.000000E+00,0,data,8
48410,16139,940626,124313,94C2, 9.127600E+01,3,1,4,3,1,-3.959745E-01, 8.376193E-01,-1.554464E+00, 2.372430E+00, 2.296404E+00, 7.654679E-01,-3.909613E-01, 7.662283E-01, 8.706565E-01, 4.798606E+00, 1.771053E+00, 2.426176E+00, 0.000000E+00,0, 0.000000E+00,1, 0.000000E+00,0, 0.000000E+00,NULL,NULL,NULL,NULL,1, 0.000000E+00,0,data,8
48410,16141,940626,124313,94C2, 9.127600E+01,0,2,2,0,2, 0.000000E+00, 0.000000E+00, 0.000000E+00, 0.000000E+00, 0.000000E+00, 0.000000E+00,-7.386220E-02,-1.262650E-01,-2.753700E+00, 9.622243E+01, 0.000000E+00, 9.622243E+01, 0.000000E+00,NULL,NULL,NULL,NULL,0, 0.000000E+00,NULL,NULL,NULL,NULL,2, 9.622243E+01,0,data,8
48410,16145,940626,124314,94C2, 9.127600E+01,29,15,44,29,15,-5.274866E+00,-1.079686E+01,-7.072143E-01, 5.749821E+01, 5.684293E+01, 1.960101E+00,-5.139775E-01,-2.947546E+00,-2.785637E-01, 9.043958E+01, 5.305788E+01, 1.822602E+01, 1.208649E+01,15, 4.982638E+00,0, 0.000000E+00,0, 0.000000E+00,10, 2.008536E+01, 6.419348E-01, 7.341980E+00,NULL,NULL,1,data,8
48410,16147,940626,124314,94C2, 9.127600E+01,23,16,39,23,16, 5.098481E+00,-4.459545E-01, 1.084680E+01, 3.968290E+01, 3.926527E+01, 1.707186E+00, 7.288927E+00,-2.618475E+00, 2.098481E+01, 7.983524E+01, 2.087833E+01, 5.734450E+00, 3.441789E+01,1, 0.000000E+00,11, 7.326278E+00,0, 0.000000E+00,1, 1.115358E+00, 1.115358E+00, 1.115358E+00,NULL,NULL,1,data,8
48410,16150,940626,124315,94C2, 9.127600E+01,0,2,2,0,2, 0.000000E+00, 0.000000E+00, 0.000000E+00, 0.000000E+00, 0.000000E+00, 0.000000E+00, 1.058462E-01,-5.768447E-01, 5.946648E+00, 9.110378E+01, 0.000000E+00, 9.110378E+01, 0.000000E+00,NULL,NULL,NULL,NULL,0, 0.000000E+00,NULL,NULL,NULL,NULL,2, 9.110378E+01,0,data,8
48410,16151,940626,124315,94C2, 9.127600E+01,0,3,3,0,3, 0.000000E+00, 0.000000E+00, 0.000000E+00, 0.000000E+00, 0.000000E+00, 0.000000E+00,-1.228402E-01, 7.844245E-02,-2.694888E+01, 6.820885E+01, 0.000000E+00, 6.820885E+01, 0.000000E+00,NULL,NULL,NULL,NULL,0, 0.000000E+00,NULL,NULL,NULL,NULL,3, 6.820885E+01,0,data,8
48410,16154,940626,124315,94C2, 9.127600E+01,23,16,39,23,16,-4.760312E-01, 1.886901E-01,-8.099857E+00, 2.241372E+01, 2.181394E+01, 9.484321E-01,-6.504090E-01, 2.470490E-01,-6.682305E+00, 7.084045E+01, 5.736078E+00, 4.699156E+01, 1.435172E+00,0, 0.000000E+00,8, 0.000000E+00,0, 0.000000E+00,NULL,NULL,NULL,NULL,5, 0.000000E+00,0,data,8
48410,16156,940626,124316,94C2, 9.127600E+01,24,15,39,24,15, 2.185699E+01,-1.502431E+00,-8.086075E-01, 7.418734E+01, 7.376894E+01, 3.073706E+00, 1.832907E+01,-1.713849E+00, 1.642402E+00, 9.104733E+01, 7.149561E+01, 7.863179E+00, 6.707370E+00,12, 1.153925E+00,0, 0.000000E+00,0, 0.000000E+00,5, 6.304180E+00, 6.302214E-01, 2.059396E+00,NULL,NULL,1,data,8
48410,16158,940626,124317,94C2, 9.127600E+01,15,3,18,15,3, 2.054146E-01, 7.860031E-01, 2.595870E+00, 8.747441E+00, 8.341558E+00, 5.561038E-01, 5.848545E-01, 5.303159E-01, 2.667711E+00, 1.014347E+01, 4.887283E+00, 1.396031E+00, 0.000000E+00,0, 0.000000E+00,2, 0.000000E+00,0, 0.000000E+00,NULL,NULL,NULL,NULL,NULL,NULL,0,data,8
48410,16159,940626,124317,94C2, 9.127600E+01,6,3,9,6,3,-3.415888E+00, 1.153889E+01, 5.769633E+01, 5.901413E+01, 5.898685E+01, 9.831141E+00,-1.232117E+00, 4.463351E+00, 1.289943E+01, 1.109319E+02, 0.000000E+00, 5.191776E+01, 0.000000E+00,0, 0.000000E+00,3, 3.176716E+01,0, 0.000000E+00,NULL,NULL,NULL,NULL,1, 0.000000E+00,0,data,8
48410,16160,940626,124318,94C2, 9.127600E+01,44,11,55,44,11, 4.195898E+00,-4.148770E+00,-3.504612E-01, 7.211367E+01, 7.069392E+01, 1.606680E+00, 1.765812E+01, 9.300716E+00,-3.882788E+00, 1.011927E+02, 6.300346E+01, 1.288934E+01, 1.639280E+01,8, 1.767843E+00,1, 0.000000E+00,0, 0.000000E+00,3, 5.426850E+00, 6.011860E-01, 3.655016E+00,NULL,NULL,1,data,8
48410,16162,940626,124319,94C2, 9.127600E+01,2,0,2,2,0, 5.300568E+00, 6.541007E+00,-1.368508E+00, 1.042795E+01, 1.041683E+01, 5.208415E+00, 5.300568E+00, 6.541007E+00,-1.368508E+00, 1.042795E+01, 1.042795E+01, 0.000000E+00, 0.000000E+00,2, 1.002385E+00,0, 0.000000E+00,0, 0.000000E+00,NULL,NULL,NULL,NULL,NULL,NULL,0,data,8
48410,16164,940626,124319,94C2, 9.127600E+01,0,2,2,0,2, 0.000000E+00, 0.000000E+00, 0.000000E+00, 0.000000E+00, 0.000000E+00, 0.000000E+00, 1.915145E-01, 4.896605E-02, 1.977249E+00, 9.152094E+01, 0.000000E+00, 9.152094E+01, 0.000000E+00,NULL,NULL,NULL,NULL,0, 0.000000E+00,NULL,NULL,NULL,NULL,2, 9.152094E+01,0,data,8
48410,16165,940626,124319,94C2, 9.127600E+01,24,16,40,24,16, 1.012530E+01, 1.359967E+01,-6.115354E+00, 4.313499E+01, 4.237619E+01, 1.765674E+00, 2.786979E+00, 2.996577E+00,-3.513666E-01, 7.509206E+01, 4.012086E+01, 2.916411E+01, 0.000000E+00,14, 8.324434E-01,0, 0.000000E+00,0, 0.000000E+00,13, 3.045012E+01, 3.463717E-01, 1.325035E+01,1, 0.000000E+00,1,data,8
48410,16166,940626,124324,94C2, 9.127600E+01,0,3,3,0,3, 0.000000E+00, 0.000000E+00, 0.000000E+00, 0.000000E+00, 0.000000E+00, 0.000000E+00, 4.470277E-02,-1.663550E-01,-5.927639E-01, 9.146613E+01, 0.000000E+00, 9.146613E+01, 0.000000E+00,0, 0.000000E+00,1, 0.000000E+00,0, 0.000000E+00,NULL,NULL,NULL,NULL,2, 7.712410E+01,0,data,8
48410,16167,940626,124324,94C2, 9.127600E+01,2,1,3,2,1,-1.868486E-03,-1.673180E-02, 3.187495E-01, 2.092352E+00, 2.073509E+00, 1.036755E+00, 2.577412E-01, 8.368664E-01, 1.166707E+00, 3.323229E+00, 2.087998E+00, 0.000000E+00, 1.230877E+00,NULL,NULL,NULL,NULL,0, 0.000000E+00,NULL,NULL,NULL,NULL,NULL,NULL,0,data,8
48410,16170,940626,124324,94C2, 9.127600E+01,0,2,2,0,2, 0.000000E+00, 0.000000E+00, 0.000000E+00, 0.000000E+00, 0.000000E+00, 0.000000E+00, 9.971976E-03, 4.722190E-02, 4.378777E-01, 9.351889E+01, 0.000000E+00, 9.351889E+01, 0.000000E+00,NULL,NULL,NULL,NULL,0, 0.000000E+00,NULL,NULL,NULL,NULL,2, 9.351889E+01,0,data,8
48410,16171,940626,124324,94C2, 9.127600E+01,3,1,4,3,1,-2.015310E+01,-2.337466E+01,-1.728185E+01, 5.435599E+01, 5.435326E+01, 1.811775E+01,-1.996541E+01,-2.330402E+01,-1.711505E+01, 5.461683E+01, 0.000000E+00, 2.608399E-01, 0.000000E+00,NULL,NULL,NULL,NULL,0, 0.000000E+00,NULL,NULL,NULL,NULL,NULL,NULL,0,data,8
48410,16172,940626,124324,94C2, 9.127600E+01,5,5,10,5,5, 3.892761E+00,-1.872670E+00,-1.139637E+01, 1.513159E+01, 1.509607E+01, 3.019214E+00,-1.192162E+01, 5.445050E+00, 3.567801E+01, 6.534550E+01, 0.000000E+00, 5.021392E+01, 0.000000E+00,0, 0.000000E+00,5, 4.605116E+01,0, 0.000000E+00,NULL,NULL,NULL,NULL,NULL,NULL,0,data,8
48410,16175,940626,124326,94C2, 9.127600E+01,0,2,2,0,2, 0.000000E+00, 0.000000E+00, 0.000000E+00, 0.000000E+00, 0.000000E+00, 0.000000E+00, 3.996563E-02, 1.159391E-01,-1.324112E+00, 9.181694E+01, 0.000000E+00, 9.181694E+01, 0.000000E+00,NULL,NULL,NULL,NULL,0, 0.000000E+00,NULL,NULL,NULL,NULL,2, 9.181694E+01,0,data,8
48410,16176,940626,124326,94C2, 9.127600E+01,0,2,2,0,2, 0.000000E+00, 0.000000E+00, 0.000000E+00, 0.000000E+00, 0.000000E+00, 0.000000E+00, 9.042183E-02,-4.994273E-02,-1.473732E-01, 9.155652E+01, 0.000000E+00, 9.155652E+01, 0.000000E+00,NULL,NULL,NULL,NULL,0, 0.000000E+00,NULL,NULL,NULL,NULL,2, 9.155652E+01,0,data,8
48410,16177,940626,124326,94C2, 9.127600E+01,3,6,9,3,6, 1.450617E+00, 2.119385E-02, 1.448699E+00, 4.980063E+00, 4.952092E+00, 1.650697E+00, 1.420320E+00, 6.197217E-02,-1.266527E+00, 1.159044E+01, 3.343454E+00, 6.610381E+00, 0.000000E+00,0, 0.000000E+00,5, 1.690573E+00,0, 0.000000E+00,NULL,NULL,NULL,NULL,3, 0.000000E+00,0,data,8
48410,16184,940626,124327,94C2, 9.127600E+01,4,5,9,4,5, 2.748123E-01, 9.751987E-01, 1.798547E+00, 3.441113E+00, 3.383732E+00, 8.459329E-01, 1.755629E-01,-2.046864E+00,-1.066923E+01, 6.906367E+01, 1.919736E+00, 6.562256E+01, 0.000000E+00,1, 0.000000E+00,1, 4.242114E-01,0, 0.000000E+00,NULL,NULL,NULL,NULL,5, 2.070637E-01,0,data,8
48410,16185,940626,124327,94C2, 9.127600E+01,47,23,70,47,23,-2.101042E+00, 3.063460E+00,-1.951546E+01, 6.913176E+01, 6.802419E+01, 1.447323E+00,-2.877658E+00,-1.914544E-01,-1.515579E+01, 1.003820E+02, 4.031246E+01, 1.770977E+01, 1.069236E+01,14, 0.000000E+00,1, 0.000000E+00,0, 0.000000E+00,12, 1.521729E+01, 3.050932E-01, 6.713503E+00,NULL,NULL,1,data,8
48410,16187,940626,124329,94C2, 9.127600E+01,2,0,2,2,0, 3.138287E+00, 1.650224E+01,-3.819456E+00, 1.029607E+02, 1.029603E+02, 5.148016E+01, 3.138287E+00, 1.650224E+01,-3.819456E+00, 1.029607E+02, 0.000000E+00, 0.000000E+00, 0.000000E+00,2, 2.371257E-01,0, 0.000000E+00,0, 0.000000E+00,NULL,NULL,NULL,NULL,NULL,NULL,0,data,8
48410,16200,940626,124332,94C2, 9.127600E+01,0,3,3,0,3, 0.000000E+00, 0.000000E+00, 0.000000E+00, 0.000000E+00, 0.000000E+00, 0.000000E+00,-3.182888E-03, 4.859021E-02, 4.626198E+01, 4.667107E+01, 0.000000E+00, 4.667107E+01, 0.000000E+00,0, 0.000000E+00,2, 8.170710E-01,0, 0.000000E+00,NULL,NULL,NULL,NULL,1, 3.744422E+01,0,data,8
48410,16202,940626,124332,94C2, 9.127600E+01,34,14,48,34,14, 1.259112E+01,-4.809597E+00,-4.893321E-01, 3.619078E+01, 3.538482E+01, 1.040730E+00, 6.771270E+00,-1.375578E+00,-2.535743E-01, 8.384292E+01, 3.167747E+01, 2.496815E+01, 2.074635E+01,17, 7.087872E+00,0, 0.000000E+00,0, 0.000000E+00,9, 2.690579E+01, 4.077639E-01, 1.711097E+01,NULL,NULL,1,data,8
48410,16204,940626,124332,94C2, 9.127600E+01,0,2,2,0,2, 0.000000E+00, 0.000000E+00, 0.000000E+00, 0.000000E+00, 0.000000E+00, 0.000000E+00, 9.096980E-03, 7.783341E-02,-7.941437E-01, 8.981998E+01, 0.000000E+00, 8.981998E+01, 0.000000E+00,NULL,NULL,NULL,NULL,0, 0.000000E+00,NULL,NULL,NULL,NULL,2, 8.981998E+01,0,data,8
48410,16207,940626,124334,94C2, 9.127600E+01,2,1,3,2,1, 4.110903E-01,-4.184091E-01,-5.825208E-01, 1.021527E+00, 9.722328E-01, 4.861164E-01, 4.048857E-01,-3.885704E-01,-7.893361E-01, 1.230576E+00, 7.320443E-01, 2.090488E-01, 0.000000E+00,NULL,NULL,NULL,NULL,0, 0.000000E+00,NULL,NULL,NULL,NULL,1, 0.000000E+00,0,data,8
48410,16208,940626,124334,94C2, 9.127600E+01,28,17,45,28,17,-4.636476E-01,-1.899998E+00, 1.622750E+00, 5.863897E+01, 5.828451E+01, 2.081590E+00,-2.016590E-01,-1.669798E+00,-1.073091E+00, 7.637450E+01, 5.105103E+01, 1.366937E+01, 4.123480E+00,3, 0.000000E+00,15, 3.881237E+00,0, 0.000000E+00,NULL,NULL,NULL,NULL,NULL,NULL,1,data,8
48410,16209,940626,124334,94C2, 9.127600E+01,22,21,43,22,21,-6.403643E+00,-3.899523E+00,-8.914755E+00, 5.154313E+01, 5.116551E+01, 2.325705E+00,-6.313057E+00,-2.399410E+00,-6.655053E+00, 6.744601E+01, 4.908756E+01, 1.372641E+01, 1.701763E+00,2, 0.000000E+00,17, 1.291292E+01,0, 0.000000E+00,2, 1.159943E+00, 4.747112E-01, 6.852316E-01,NULL,NULL,1,data,8
48410,16210,940626,124335,94C2, 9.127600E+01,0,2,2,0,2, 0.000000E+00, 0.000000E+00, 0.000000E+00, 0.000000E+00, 0.000000E+00, 0.000000E+00,-2.610402E-01,-4.149677E-01, 2.828281E+00, 9.601488E+01, 0.000000E+00, 9.601488E+01, 0.000000E+00,NULL,NULL,NULL,NULL,0, 0.000000E+00,NULL,NULL,NULL,NULL,2, 9.601488E+01,0,data,8
48410,16214,940626,124335,94C2, 9.127600E+01,0,2,2,0,2, 0.000000E+00, 0.000000E+00, 0.000000E+00, 0.000000E+00, 0.000000E+00, 0.000000E+00,-6.412387E-02,-1.736698E-01, 1.953476E+00, 9.249852E+01, 0.000000E+00, 9.249852E+01, 0.000000E+00,NULL,NULL,NULL,NULL,0, 0.000000E+00,NULL,NULL,NULL,NULL,2, 9.249852E+01,0,data,8
48410,16216,940626,124335,94C2, 9.127600E+01,0,2,2,0,2, 0.000000E+00, 0.000000E+00, 0.000000E+00, 0.000000E+00, 0.000000E+00, 0.000000E+00,-4.292703E-02, 5.730987E-03,-1.098785E+00, 9.128902E+01, 0.000000E+00, 9.128902E+01, 0.000000E+00,NULL,NULL,NULL,NULL,0, 0.000000E+00,NULL,NULL,NULL,NULL,2, 9.128902E+01,0,data,8
48410,16218,940626,124338,94C2, 9.127600E+01,0,2,2,0,2, 0.000000E+00, 0.000000E+00, 0.000000E+00, 0.000000E+00, 0.000000E+00, 0.000000E+00, 6.270719E-02,-2.205744E-02,-7.012138E-01, 9.364264E+01, 0.000000E+00, 9.364264E+01, 0.000000E+00,NULL,NULL,NULL,NULL,0, 0.000000E+00,NULL,NULL,NULL,NULL,2, 9.364264E+01,0,data,8
48410,16221,940626,124338,94C2, 9.127600E+01,8,5,13,8,5,-1.856013E+00,-9.257590E-01, 6.942034E-03, 7.622798E+00, 7.455282E+00, 9.319103E-01,-1.914320E+00,-6.875185E-02, 7.309232E+00, 1.538887E+01, 0.000000E+00, 7.766076E+00, 0.000000E+00,1, 0.000000E+00,0, 0.000000E+00,0, 0.000000E+00,1, 1.025247E+00, 1.025247E+00, 1.025247E+00,3, 0.000000E+00,0,data,8
48410,16222,940626,124338,94C2, 9.127600E+01,0,2,2,0,2, 0.000000E+00, 0.000000E+00, 0.000000E+00, 0.000000E+00, 0.000000E+00, 0.000000E+00, 1.164069E-01, 5.135512E-02, 1.614887E+00, 8.945157E+01, 0.000000E+00, 8.945157E+01, 0.000000E+00,NULL,NULL,NULL,NULL,0, 0.000000E+00,NULL,NULL,NULL,NULL,2, 8.945157E+01,0,data,8
48410,16223,940626,124338,94C2, 9.127600E+01,26,15,41,26,15,-7.302411E+00,-4.036731E-01, 3.835680E+00, 6.134161E+01, 6.079943E+01, 2.338440E+00,-3.120490E+00, 4.875163E-01, 7.767518E+00, 7.723083E+01, 5.719164E+01, 1.475870E+01, 1.130503E+00,15, 6.758130E+00,0, 0.000000E+00,0, 0.000000E+00,9, 1.294587E+01, 8.134121E-01, 2.045882E+00,1, 0.000000E+00,1,data,8
48410,16224,940626,124343,94C2, 9.127600E+01,0,2,2,0,2, 0.000000E+00, 0.000000E+00, 0.000000E+00, 0.000000E+00, 0.000000E+00, 0.000000E+00,-9.062529E-02,-6.048809E-01,-1.362778E+00, 9.140755E+01, 0.000000E+00, 9.140755E+01, 0.000000E+00,NULL,NULL,NULL,NULL,0, 0.000000E+00,NULL,NULL,NULL,NULL,2, 9.140755E+01,0,data,8
48410,16226,940626,124343,94C2, 9.127600E+01,1,1,2,1,1, 1.664423E+00,-1.018031E+00,-1.056482E+00, 2.223134E+00, 2.218749E+00, 2.218749E+00,-4.953909E-02,-2.114815E-02, 4.278296E+01, 4.610738E+01, 2.218749E+00, 4.388425E+01, 0.000000E+00,1, 1.564415E+00,0, 0.000000E+00,0, 0.000000E+00,NULL,NULL,NULL,NULL,1, 0.000000E+00,0,data,8
48410,16227,940626,124343,94C2, 9.127600E+01,0,2,2,0,2, 0.000000E+00, 0.000000E+00, 0.000000E+00, 0.000000E+00, 0.000000E+00, 0.000000E+00, 1.221142E-01,-1.220139E-01,-6.703377E-01, 9.305551E+01, 0.000000E+00, 9.305551E+01, 0.000000E+00,NULL,NULL,NULL,NULL,0, 0.000000E+00,NULL,NULL,NULL,NULL,2, 9.305551E+01,0,data,8
48410,16229,940626,124343,94C2, 9.127600E+01,0,4,4,0,4, 0.000000E+00, 0.000000E+00, 0.000000E+00, 0.000000E+00, 0.000000E+00, 0.000000E+00,-6.626245E-02, 2.555268E-02, 7.007141E-01, 9.137918E+01, 0.000000E+00, 9.137918E+01, 0.000000E+00,NULL,NULL,NULL,NULL,0, 0.000000E+00,NULL,NULL,NULL,NULL,2, 9.119931E+01,0,data,8
48410,16230,940626,124343,94C2, 9.127600E+01,0,3,3,0,3, 0.000000E+00, 0.000000E+00, 0.000000E+00, 0.000000E+00, 0.000000E+00, 0.000000E+00,-9.610128E-02, 9.509216E-03,-4.399183E+00, 8.702029E+01, 0.000000E+00, 8.702029E+01, 0.000000E+00,NULL,NULL,NULL,NULL,0, 0.000000E+00,NULL,NULL,NULL,NULL,2, 8.695263E+01,0,data,8
48410,16232,940626,124343,94C2, 9.127600E+01,0,2,2,0,2, 0.000000E+00, 0.000000E+00, 0.000000E+00, 0.000000E+00, 0.000000E+00, 0.000000E+00, 1.868479E-01,-2.630801E-01,-7.225925E+00, 8.423045E+01, 0.000000E+00, 8.423045E+01, 0.000000E+00,NULL,NULL,NULL,NULL,0, 0.000000E+00,NULL,NULL,NULL,NULL,2, 8.423045E+01,0,data,8
48410,16234,940626,124345,94C2, 9.127600E+01,0,2,2,0,2, 0.000000E+00, 0.000000E+00, 0.000000E+00, 0.000000E+00, 0.000000E+00, 0.000000E+00, 4.221767E-02, 7.652259E-02, 9.661522E-01, 9.096325E+01, 0.000000E+00, 9.096325E+01, 0.000000E+00,NULL,NULL,NULL,NULL,0, 0.000000E+00,NULL,NULL,NULL,NULL,2, 9.096325E+01,0,data,8
48410,16237,940626,124345,94C2, 9.127600E+01,0,2,2,0,2, 0.000000E+00, 0.000000E+00, 0.000000E+00, 0.000000E+00, 0.000000E+00, 0.000000E+00,-1.263382E-01,-1.565677E-02,-2.301643E+00, 9.252431E+01, 0.000000E+00, 9.252431E+01, 0.000000E+00,NULL,NULL,NULL,NULL,0, 0.000000E+00,NULL,NULL,NULL,NULL,2, 9.252431E+01,0,data,8
48410,16241,940626,124345,94C2, 9.127600E+01,0,4,4,0,4, 0.000000E+00, 0.000000E+00, 0.000000E+00, 0.000000E+00, 0.000000E+00, 0.000000E+00, 4.799268E-01, 3.598318E-02,-3.841147E+01, 5.464015E+01, 0.000000E+00, 5.464015E+01, 0.000000E+00,0, 0.000000E+00,3, 2.907450E+00,0, 0.000000E+00,NULL,NULL,NULL,NULL,1, 4.645614E+01,0,data,8
48410,16244,940626,124346,94C2, 9.127600E+01,23,23,46,23,23, 2.347779E+00, 1.066413E+00,-4.643466E+00, 4.090328E+01, 4.050064E+01, 1.760897E+00, 3.316350E+00,-4.401031E-01,-3.501369E+00, 6.946458E+01, 3.009934E+01, 2.687248E+01, 1.688809E+00,0, 0.000000E+00,22, 4.828075E+00,0, 0.000000E+00,NULL,NULL,NULL,NULL,1, 0.000000E+00,1,data,8
48410,16247,940626,124348,94C2, 9.127600E+01,0,2,2,0,2, 0.000000E+00, 0.000000E+00, 0.000000E+00, 0.000000E+00, 0.000000E+00, 0.000000E+00,-6.958957E-01, 7.564950E-02,-3.462482E+00, 9.551545E+01, 0.000000E+00, 9.551545E+01, 0.000000E+00,NULL,NULL,NULL,NULL,0, 0.000000E+00,NULL,NULL,NULL,NULL,2, 9.551545E+01,0,data,8
48410,16251,940626,124348,94C2, 9.127600E+01,27,9,36,27,9, 1.300408E+01, 3.733285E+00,-3.927397E+00, 7.227046E+01, 7.200057E+01, 2.666688E+00, 4.369360E+00, 1.439241E+00,-7.611786E-01, 8.740968E+01, 7.016604E+01, 4.688185E+00, 1.480434E+00,14, 3.409045E+00,0, 0.000000E+00,0, 0.000000E+00,7, 1.365877E+01, 3.364471E-01, 6.892885E+00,NULL,NULL,1,data,8
48410,16253,940626,124349,94C2, 9.127600E+01,2,3,5,2,3, 5.475399E-01, 8.872887E-01,-5.149494E-01, 1.380499E+00, 1.342288E+00, 6.711442E-01, 4.793855E-01, 1.425998E-01,-4.197733E+00, 5.146609E+00, 1.026554E+00, 9.802858E-01, 2.785824E+00,0, 0.000000E+00,1, 0.000000E+00,0, 0.000000E+00,NULL,NULL,NULL,NULL,1, 0.000000E+00,0,data,8
48410,16254,940626,124349,94C2, 9.127600E+01,34,15,49,34,15,-4.764062E+00,-1.958725E+00,-2.548142E-01, 7.445256E+01, 7.396349E+01, 2.175397E+00,-4.307532E+00,-2.685947E+00, 3.005744E+00, 9.476386E+01, 4.877189E+01, 1.383198E+01, 6.479333E+00,5, 0.000000E+00,14, 1.734397E+00,0, 0.000000E+00,3, 2.194594E+00, 6.010035E-01, 9.654352E-01,2, 0.000000E+00,1,data,8
48410,16261,940626,124351,94C2, 9.127600E+01,0,2,2,0,2, 0.000000E+00, 0.000000E+00, 0.000000E+00, 0.000000E+00, 0.000000E+00, 0.000000E+00, 2.584696E-02,-1.137720E-01,-1.651875E+00, 9.105163E+01, 0.000000E+00, 9.105163E+01, 0.000000E+00,NULL,NULL,NULL,NULL,0, 0.000000E+00,NULL,NULL,NULL,NULL,2, 9.105163E+01,0,data,8
48410,16264,940626,124352,94C2, 9.127600E+01,41,21,62,41,21, 1.175680E+00,-6.269792E+00, 1.469985E+01, 8.883807E+01, 8.812247E+01, 2.149328E+00,-8.297727E-03, 3.783356E-01, 7.197856E+00, 1.088614E+02, 6.749817E+01, 1.526118E+01, 3.517222E+00,5, 0.000000E+00,6, 0.000000E+00,0, 0.000000E+00,5, 3.929845E+00, 5.722184E-01, 1.048351E+00,NULL,NULL,1,data,8
48410,16268,940626,124353,94C2, 9.127600E+01,25,17,42,25,17,-1.056599E+01, 6.219610E+00,-1.044237E+00, 4.864509E+01, 4.793977E+01, 1.917591E+00,-6.335901E+00, 1.426987E+00,-4.328135E-01, 8.402086E+01, 4.247270E+01, 1.826286E+01, 8.035168E+00,16, 7.856626E+00,0, 0.000000E+00,0, 0.000000E+00,12, 2.734061E+01, 4.593986E-01, 7.189260E+00,NULL,NULL,1,data,8
48410,16270,940626,124354,94C2, 9.127600E+01,0,2,2,0,2, 0.000000E+00, 0.000000E+00, 0.000000E+00, 0.000000E+00, 0.000000E+00, 0.000000E+00,-1.319706E-02, 1.516011E-01, 9.678802E-01, 9.059171E+01, 0.000000E+00, 9.059171E+01, 0.000000E+00,NULL,NULL,NULL,NULL,0, 0.000000E+00,NULL,NULL,NULL,NULL,2, 9.059171E+01,0,data,8
48410,16275,940626,124354,94C2, 9.127600E+01,35,17,52,35,17,-6.300952E+00,-7.159366E+00, 4.443761E+00, 5.879577E+01, 5.819763E+01, 1.662789E+00,-6.361410E+00,-8.143441E+00, 4.450713E+00, 8.905061E+01, 5.249141E+01, 2.278538E+01, 4.411192E+00,17, 1.586074E+00,2, 0.000000E+00,0, 0.000000E+00,11, 2.390869E+01, 5.269779E-01, 8.388338E+00,NULL,NULL,1,data,8
48410,16277,940626,124355,94C2, 9.127600E+01,0,2,2,0,2, 0.000000E+00, 0.000000E+00, 0.000000E+00, 0.000000E+00, 0.000000E+00, 0.000000E+00, 1.304767E-01, 3.954172E-03,-1.533836E+00, 9.365683E+01, 0.000000E+00, 9.365683E+01, 0.000000E+00,NULL,NULL,NULL,NULL,0, 0.000000E+00,NULL,NULL,NULL,NULL,2, 9.365683E+01,0,data,8
48410,16279,940626,124356,94C2, 9.127600E+01,2,0,2,2,0, 2.118378E+00,-5.952141E+00,-1.056499E+00, 8.558488E+01, 8.558443E+01, 4.279221E+01, 2.118378E+00,-5.952141E+00,-1.056499E+00, 8.558488E+01, 0.000000E+00, 0.000000E+00, 0.000000E+00,1, 2.518673E-01,0, 0.000000E+00,0, 0.000000E+00,NULL,NULL,NULL,NULL,NULL,NULL,0,data,8
48410,16280,940626,124356,94C2, 9.127600E+01,0,2,2,0,2, 0.000000E+00, 0.000000E+00, 0.000000E+00, 0.000000E+00, 0.000000E+00, 0.000000E+00, 1.011703E-01, 5.889499E-02, 2.576393E+00, 9.183754E+01, 0.000000E+00, 9.183754E+01, 0.000000E+00,NULL,NULL,NULL,NULL,0, 0.000000E+00,NULL,NULL,NULL,NULL,2, 9.183754E+01,0,data,8
48410,16281,940626,124356,94C2, 9.127600E+01,26,15,41,26,15,-1.627937E+01,-1.863773E+00,-1.278038E+01, 6.937482E+01, 6.895159E+01, 2.651984E+00,-1.465170E+01,-3.938223E+00,-1.052908E+01, 9.464798E+01, 5.309384E+01, 1.785085E+01, 1.944787E-01,17, 8.873809E+00,0, 0.000000E+00,0, 0.000000E+00,11, 2.323900E+01, 6.212615E-01, 8.459200E+00,NULL,NULL,1,data,8
48410,16285,940626,124357,94C2, 9.127600E+01,2,0,2,2,0,-4.163585E-01, 4.238501E-02, 4.061316E-01, 1.391099E+00, 1.362010E+00, 6.810052E-01,-4.163585E-01, 4.238501E-02, 4.061316E-01, 1.391099E+00, 1.813588E+00, 0.000000E+00, 0.000000E+00,1, 3.909050E-01,0, 0.000000E+00,0, 0.000000E+00,NULL,NULL,NULL,NULL,NULL,NULL,0,data,8
48410,16286,940626,124357,94C2, 9.127600E+01,17,8,25,17,8,-3.369601E+01, 1.145623E+01, 1.746459E+01, 6.257602E+01, 6.243911E+01, 3.672889E+00,-1.484503E+00, 7.698545E-01, 1.650340E+00, 1.105624E+02, 6.035477E+01, 4.639877E+01, 1.481332E-01,11, 5.726407E-01,0, 0.000000E+00,0, 0.000000E+00,6, 4.259187E+01, 1.439476E+00, 1.577098E+01,NULL,NULL,1,data,8
48410,16287,940626,124400,94C2, 9.127600E+01,0,2,2,0,2, 0.000000E+00, 0.000000E+00, 0.000000E+00, 0.000000E+00, 0.000000E+00, 0.000000E+00, 2.914596E-02,-3.501068E-02, 8.437843E-01, 9.353300E+01, 0.000000E+00, 9.353300E+01, 0.000000E+00,NULL,NULL,NULL,NULL,0, 0.000000E+00,NULL,NULL,NULL,NULL,2, 9.353300E+01,0,data,8
48410,16288,940626,124400,94C2, 9.127600E+01,0,2,2,0,2, 0.000000E+00, 0.000000E+00, 0.000000E+00, 0.000000E+00, 0.000000E+00, 0.000000E+00,-4.188955E-02, 1.037542E-01, 1.174564E+00, 9.204135E+01, 0.000000E+00, 9.204135E+01, 0.000000E+00,NULL,NULL,NULL,NULL,0, 0.000000E+00,NULL,NULL,NULL,NULL,2, 9.204135E+01,0,data,8
48410,16291,940626,124400,94C2, 9.127600E+01,0,2,2,0,2, 0.000000E+00, 0.000000E+00, 0.000000E+00, 0.000000E+00, 0.000000E+00, 0.000000E+00, 8.723450E-02,-4.687479E-03, 8.589935E-02, 9.191792E+01, 0.000000E+00, 9.191792E+01, 0.000000E+00,NULL,NULL,NULL,NULL,0, 0.000000E+00,NULL,NULL,NULL,NULL,2, 9.191792E+01,0,data,8
48410,16296,940626,124400,94C2, 9.127600E+01,0,2,2,0,2, 0.000000E+00, 0.000000E+00, 0.000000E+00, 0.000000E+00, 0.000000E+00, 0.000000E+00, 1.163640E+00,-3.862745E-01, 8.494282E+00, 8.724969E+01, 0.000000E+00, 8.724969E+01, 0.000000E+00,NULL,NULL,NULL,NULL,0, 0.000000E+00,NULL,NULL,NULL,NULL,2, 8.724969E+01,0,data,8
48410,16299,940626,124401,94C2, 9.127600E+01,0,2,2,0,2, 0.000000E+00, 0.000000E+00, 0.000000E+00, 0.000000E+00, 0.000000E+00, 0.000000E+00,-1.635938E-01, 5.829799E-02, 2.162117E+00, 9.262169E+01, 0.000000E+00, 9.262169E+01, 0.000000E+00,NULL,NULL,NULL,NULL,0, 0.000000E+00,NULL,NULL,NULL,NULL,2, 9.262169E+01,0,data,8
48410,16300,940626,124401,94C2, 9.127600E+01,0,3,3,0,3, 0.000000E+00, 0.000000E+00, 0.000000E+00, 0.000000E+00, 0.000000E+00, 0.000000E+00,-2.850699E-01,-2.399580E-01,-7.463207E+00, 9.218008E+01, 0.000000E+00, 9.218008E+01, 0.000000E+00,NULL,NULL,NULL,NULL,0, 0.000000E+00,NULL,NULL,NULL,NULL,3, 9.218008E+01,0,data,8
48410,16305,940626,124404,94C2, 9.128000E+01,0,2,2,0,2, 0.000000E+00, 0.000000E+00, 0.000000E+00, 0.000000E+00, 0.000000E+00, 0.000000E+00, 9.068084E-02,-6.799626E-02,-6.507607E-01, 9.102203E+01, 0.000000E+00, 9.102203E+01, 0.000000E+00,NULL,NULL,NULL,NULL,0, 0.000000E+00,NULL,NULL,NULL,NULL,2, 9.102203E+01,0,data,8
48410,16310,940626,124404,94C2, 9.128000E+01,0,2,2,0,2, 0.000000E+00, 0.000000E+00, 0.000000E+00, 0.000000E+00, 0.000000E+00, 0.000000E+00,-3.039327E-01,-4.393601E-01, 4.111954E+00, 9.590684E+01, 0.000000E+00, 9.590684E+01, 0.000000E+00,NULL,NULL,NULL,NULL,0, 0.000000E+00,NULL,NULL,NULL,NULL,2, 9.590684E+01,0,data,8
48410,16313,940626,124405,94C2, 9.128000E+01,0,2,2,0,2, 0.000000E+00, 0.000000E+00, 0.000000E+00, 0.000000E+00, 0.000000E+00, 0.000000E+00, 2.151096E-02, 9.274793E-02,-6.750298E+00, 8.824751E+01, 0.000000E+00, 8.824751E+01, 0.000000E+00,NULL,NULL,NULL,NULL,0, 0.000000E+00,NULL,NULL,NULL,NULL,2, 8.824751E+01,0,data,8
48410,16314,940626,124405,94C2, 9.128000E+01,19,6,25,19,6,-4.779442E+00, 1.826912E+01, 3.034550E+01, 5.802501E+01, 5.763747E+01, 3.033551E+00,-2.217957E+00, 9.381791E+00, 1.527864E+01, 7.571234E+01, 5.188580E+01, 1.745408E+01, 2.332510E-01,1, 0.000000E+00,7, 7.473367E-01,0, 0.000000E+00,NULL,NULL,NULL,NULL,NULL,NULL,1,data,8
48410,16317,940626,124405,94C2, 9.128000E+01,0,2,2,0,2, 0.000000E+00, 0.000000E+00, 0.000000E+00, 0.000000E+00, 0.000000E+00, 0.000000E+00, 4.238570E-02,-1.946700E-02, 8.267326E-01, 9.026523E+01, 0.000000E+00, 9.026523E+01, 0.000000E+00,NULL,NULL,NULL,NULL,0, 0.000000E+00,NULL,NULL,NULL,NULL,2, 9.026523E+01,0,data,8
48410,16319,940626,124407,94C2, 9.128000E+01,0,2,2,0,2, 0.000000E+00, 0.000000E+00, 0.000000E+00, 0.000000E+00, 0.000000E+00, 0.000000E+00,-7.214546E-03,-4.049057E-02, 1.735535E-01, 9.152405E+01, 0.000000E+00, 9.152405E+01, 0.000000E+00,NULL,NULL,NULL,NULL,0, 0.000000E+00,NULL,NULL,NULL,NULL,2, 9.152405E+01,0,data,8
48410,16320,940626,124407,94C2, 9.128000E+01,32,23,55,32,23,-1.097931E+00,-9.754622E+00, 1.618916E+01, 5.407093E+01, 5.361788E+01, 1.675559E+00,-6.062939E-01,-9.689421E+00, 1.604292E+01, 8.444698E+01, 4.785138E+01, 1.867424E+01, 1.082388E+01,2, 0.000000E+00,12, 0.000000E+00,0, 0.000000E+00,1, 8.779370E-01, 8.779370E-01, 8.779370E-01,NULL,NULL,1,data,8
48410,16321,940626,124408,94C2, 9.128000E+01,0,4,4,0,4, 0.000000E+00, 0.000000E+00, 0.000000E+00, 0.000000E+00, 0.000000E+00, 0.000000E+00,-6.612575E-01,-6.080244E-01, 3.303360E+00, 5.977777E+00, 0.000000E+00, 5.977777E+00, 0.000000E+00,0, 0.000000E+00,1, 4.494630E+00,0, 0.000000E+00,NULL,NULL,NULL,NULL,NULL,NULL,0,data,8
48410,16323,940626,124408,94C2, 9.128000E+01,51,23,74,51,23,-5.772280E-01,-4.220849E+00, 1.020821E+03, 1.135220E+03, 1.134058E+03, 2.223643E+01, 2.175288E-01,-2.743726E+00, 1.023790E+03, 1.155864E+03, 5.251932E+01, 1.737930E+01, 3.263813E+00,2, 0.000000E+00,20, 1.808534E+01,0, 0.000000E+00,2, 1.268303E+00, 4.479904E-01, 8.203126E-01,NULL,NULL,1,data,8
48410,16325,940626,124410,94C2, 9.128000E+01,0,2,2,0,2, 0.000000E+00, 0.000000E+00, 0.000000E+00, 0.000000E+00, 0.000000E+00, 0.000000E+00,-4.262018E-02, 1.077821E-01, 1.056747E-01, 9.218626E+01, 0.000000E+00, 9.218626E+01, 0.000000E+00,NULL,NULL,NULL,NULL,0, 0.000000E+00,NULL,NULL,NULL,NULL,2, 9.218626E+01,0,data,8
48410,16326,940626,124410,94C2, 9.128000E+01,0,2,2,0,2, 0.000000E+00, 0.000000E+00, 0.000000E+00, 0.000000E+00, 0.000000E+00, 0.000000E+00,-1.117301E-02, 9.819686E-02,-3.131237E+00, 9.361626E+01, 0.000000E+00, 9.361626E+01, 0.000000E+00,NULL,NULL,NULL,NULL,0, 0.000000E+00,NULL,NULL,NULL,NULL,2, 9.361626E+01,0,data,8
48410,16328,940626,124410,94C2, 9.128000E+01,9,1,10,9,1,-5.240456E-01,-6.655853E-01, 4.112943E+00, 5.889479E+00, 5.598787E+00, 6.220875E-01,-4.885784E-01,-5.883770E-01, 5.981398E+00, 7.759865E+00, 0.000000E+00, 1.870386E+00, 0.000000E+00,NULL,NULL,NULL,NULL,0, 0.000000E+00,NULL,NULL,NULL,NULL,1, 0.000000E+00,0,data,8
48410,16332,940626,124410,94C2, 9.128000E+01,4,8,12,4,8,-5.810453E+00,-9.044185E+00, 1.462106E+01, 2.427293E+01, 2.426216E+01, 6.065540E+00,-1.200867E+01,-1.756391E+01, 2.949272E+01, 6.502927E+01, 2.426602E+01, 4.062108E+01, 1.352610E-01,0, 0.000000E+00,9, 2.793656E+01,0, 0.000000E+00,NULL,NULL,NULL,NULL,NULL,NULL,0,data,8
48410,16334,940626,124411,94C2, 9.128000E+01,19,9,28,19,9,-2.538107E+00,-4.044338E+00,-5.163134E+00, 5.180502E+01, 5.159637E+01, 2.715598E+00,-4.086604E+00,-7.787780E+00,-9.130735E+00, 6.437298E+01, 5.157235E+01, 8.753395E+00, 2.241395E+00,7, 1.244683E+01,1, 0.000000E+00,0, 0.000000E+00,5, 1.032657E+01, 5.409295E-01, 5.571685E+00,NULL,NULL,1,data,8
48410,16337,940626,124413,94C2, 9.128000E+01,0,2,2,0,2, 0.000000E+00, 0.000000E+00, 0.000000E+00, 0.000000E+00, 0.000000E+00, 0.000000E+00,-4.281807E-02, 7.695198E-02, 9.804688E-01, 9.289116E+01, 0.000000E+00, 9.289116E+01, 0.000000E+00,NULL,NULL,NULL,NULL,0, 0.000000E+00,NULL,NULL,NULL,NULL,2, 9.289116E+01,0,data,8
48410,16340,940626,124413,94C2, 9.128000E+01,24,22,46,24,22,-6.264946E+00,-9.448838E-01,-3.218259E+00, 7.140966E+01, 7.117358E+01, 2.965566E+00, 1.380066E-01, 3.065012E+00, 6.823062E-01, 9.571490E+01, 4.874399E+01, 1.906301E+01, 3.252471E+00,12, 5.513396E-01,8, 0.000000E+00,0, 0.000000E+00,11, 1.505039E+01, 4.206418E-01, 3.611068E+00,NULL,NULL,1,data,8
48410,16341,940626,124414,94C2, 9.128000E+01,0,2,2,0,2, 0.000000E+00, 0.000000E+00, 0.000000E+00, 0.000000E+00, 0.000000E+00, 0.000000E+00, 9.607697E-02,-4.604238E-02,-1.116867E+00, 8.906731E+01, 0.000000E+00, 8.906731E+01, 0.000000E+00,NULL,NULL,NULL,NULL,0, 0.000000E+00,NULL,NULL,NULL,NULL,2, 8.906731E+01,0,data,8
48410,16349,940626,124416,94C2, 9.128000E+01,40,24,64,40,24,-3.812200E+00,-5.205988E+00,-4.850634E+00, 6.347553E+01, 6.226580E+01, 1.556645E+00,-2.538506E+00,-5.729418E+00,-4.011792E+00, 1.086606E+02, 5.564223E+01, 3.022519E+01, 8.928937E+00,23, 4.339770E-01,1, 0.000000E+00,0, 0.000000E+00,17, 2.900017E+01, 3.681478E-01, 4.638865E+00,NULL,NULL,1,data,8
48410,16350,940626,124416,94C2, 9.128000E+01,44,21,65,44,21, 3.253332E+00, 3.453604E-01, 1.252848E-01, 6.999922E+01, 6.924815E+01, 1.573822E+00,-7.825493E+00, 6.534274E+00, 1.244267E+01, 9.700665E+01, 6.161642E+01, 1.289164E+01, 1.682871E+00,20, 1.510269E+00,3, 0.000000E+00,0, 0.000000E+00,14, 2.285790E+01, 4.326815E-01, 9.793588E+00,NULL,NULL,1,data,8
48410,16352,940626,124417,94C2, 9.128000E+01,37,20,57,37,20, 2.205008E+01,-1.870192E+01,-1.028806E+01, 5.178089E+01, 5.041180E+01, 1.362481E+00, 2.079855E+01,-1.732703E+01,-1.081939E+01, 6.642847E+01, 3.160461E+01, 8.607157E+00, 2.691432E+00,17, 4.849228E-01,0, 0.000000E+00,0, 0.000000E+00,14, 1.135324E+01, 3.473527E-01, 1.586476E+00,NULL,NULL,1,data,8
48410,16367,940626,124421,94C2, 9.128000E+01,31,14,45,31,14,-5.717532E+00,-5.234365E-01,-3.323523E+00, 7.311729E+01, 7.267869E+01, 2.344474E+00,-1.277122E+01,-2.271811E+00,-5.763773E+00, 9.870872E+01, 6.962497E+01, 1.244917E+01, 5.183463E+00,14, 2.498520E-01,0, 0.000000E+00,0, 0.000000E+00,9, 1.729300E+01, 4.512222E-01, 4.162947E+00,NULL,NULL,1,data,8
48410,16370,940626,124421,94C2, 9.128000E+01,0,2,2,0,2, 0.000000E+00, 0.000000E+00, 0.000000E+00, 0.000000E+00, 0.000000E+00, 0.000000E+00, 1.309431E-02, 1.076297E-01,-1.850608E+01, 7.563441E+01, 0.000000E+00, 7.563441E+01, 0.000000E+00,NULL,NULL,NULL,NULL,0, 0.000000E+00,NULL,NULL,NULL,NULL,2, 7.563441E+01,0,data,8
48410,16373,940626,124421,94C2, 9.128000E+01,26,23,49,26,23,-3.419239E+00, 7.044462E+00,-4.642383E+00, 5.593904E+01, 5.558197E+01, 2.137768E+00,-1.471500E+00,-1.364775E+00, 3.753850E+00, 7.992577E+01, 3.985619E+01, 9.804442E+00, 5.833937E+00,15, 1.262174E-01,2, 0.000000E+00,0, 0.000000E+00,11, 1.193541E+01, 4.295333E-01, 2.667701E+00,NULL,NULL,1,data,8
48410,16375,940626,124422,94C2, 9.128000E+01,0,2,2,0,2, 0.000000E+00, 0.000000E+00, 0.000000E+00, 0.000000E+00, 0.000000E+00, 0.000000E+00, 4.540493E-02, 1.116054E-01, 1.263813E+00, 9.269009E+01, 0.000000E+00, 9.269009E+01, 0.000000E+00,NULL,NULL,NULL,NULL,0, 0.000000E+00,NULL,NULL,NULL,NULL,2, 9.269009E+01,0,data,8
48410,16376,940626,124422,94C2, 9.128000E+01,0,2,2,0,2, 0.000000E+00, 0.000000E+00, 0.000000E+00, 0.000000E+00, 0.000000E+00, 0.000000E+00, 3.364372E-02, 1.843047E-01,-1.659494E+01, 7.959280E+01, 0.000000E+00, 7.959280E+01, 0.000000E+00,NULL,NULL,NULL,NULL,0, 0.000000E+00,NULL,NULL,NULL,NULL,2, 7.959280E+01,0,data,8
48410,16377,940626,124422,94C2, 9.128000E+01,22,13,35,22,13, 7.530273E-01, 1.797660E-01, 2.188787E-01, 6.432606E+01, 6.402914E+01, 2.910416E+00, 6.765234E+00,-1.009022E+01,-5.308322E+00, 1.036218E+02, 6.259312E+01, 2.353402E+01, 1.576170E+01,15, 3.681005E+00,1, 0.000000E+00,0, 0.000000E+00,8, 2.297937E+01, 2.872405E-01, 1.075847E+01,NULL,NULL,1,data,8
48410,16378,940626,124422,94C2, 9.128000E+01,0,2,2,0,2, 0.000000E+00, 0.000000E+00, 0.000000E+00, 0.000000E+00, 0.000000E+00, 0.000000E+00, 3.214955E-03, 1.000404E-02, 2.415543E-01, 9.301035E+01, 0.000000E+00, 9.301035E+01, 0.000000E+00,NULL,NULL,NULL,NULL,0, 0.000000E+00,NULL,NULL,NULL,NULL,2, 9.301035E+01,0,data,8
48410,16379,940626,124422,94C2, 9.128000E+01,0,2,2,0,2, 0.000000E+00, 0.000000E+00, 0.000000E+00, 0.000000E+00, 0.000000E+00, 0.000000E+00, 5.840063E-03, 9.043759E-02,-1.426091E+01, 7.870422E+01, 0.000000E+00, 7.870422E+01, 0.000000E+00,NULL,NULL,NULL,NULL,0, 0.000000E+00,NULL,NULL,NULL,NULL,2, 7.870422E+01,0,data,8
48410,16381,940626,124425,94C2, 9.128000E+01,0,2,2,0,2, 0.000000E+00, 0.000000E+00, 0.000000E+00, 0.000000E+00, 0.000000E+00, 0.000000E+00, 4.994118E-02, 5.857968E-02, 1.162033E-01, 9.255923E+01, 0.000000E+00, 9.255923E+01, 0.000000E+00,NULL,NULL,NULL,NULL,0, 0.000000E+00,NULL,NULL,NULL,NULL,2, 9.255923E+01,0,data,8
48410,16385,940626,124425,94C2, 9.128000E+01,29,10,39,29,10, 3.638615E+00,-5.059844E+00, 2.894732E-01, 7.581789E+01, 7.535724E+01, 2.598526E+00, 3.047243E+00,-4.735178E+00, 1.339772E-01, 1.117383E+02, 6.863509E+01, 3.403556E+01, 1.303121E-01,10, 3.686048E-01,0, 0.000000E+00,0, 0.000000E+00,7, 3.343944E+01, 3.304513E-01, 1.294267E+01,NULL,NULL,1,data,8
48410,16386,940626,124427,94C2, 9.128000E+01,10,5,15,10,5,-1.711293E-02,-1.288945E+00, 8.216406E-01, 4.631096E+00, 4.295010E+00, 4.295010E-01, 4.019112E-01,-1.123930E+00, 3.470161E+00, 8.159966E+00, 2.754717E+00, 3.528871E+00, 0.000000E+00,2, 0.000000E+00,2, 0.000000E+00,0, 0.000000E+00,1, 3.708353E-01, 3.708353E-01, 3.708353E-01,NULL,NULL,0,data,8
48410,16388,940626,124427,94C2, 9.128000E+01,0,2,2,0,2, 0.000000E+00, 0.000000E+00, 0.000000E+00, 0.000000E+00, 0.000000E+00, 0.000000E+00, 1.664994E-01, 3.205228E-02,-2.258999E+00, 9.269214E+01, 0.000000E+00, 9.269214E+01, 0.000000E+00,NULL,NULL,NULL,NULL,0, 0.000000E+00,NULL,NULL,NULL,NULL,2, 9.269214E+01,0,data,8
48410,16389,940626,124427,94C2, 9.128000E+01,0,2,2,0,2, 0.000000E+00, 0.000000E+00, 0.000000E+00, 0.000000E+00, 0.000000E+00, 0.000000E+00,-8.521128E-02,-1.230431E-02, 9.069260E+00, 8.249547E+01, 0.000000E+00, 8.249547E+01, 0.000000E+00,NULL,NULL,NULL,NULL,0, 0.000000E+00,NULL,NULL,NULL,NULL,2, 8.249547E+01,0,data,8
48410,16390,940626,124427,94C2, 9.128000E+01,0,2,2,0,2, 0.000000E+00, 0.000000E+00, 0.000000E+00, 0.000000E+00, 0.000000E+00, 0.000000E+00, 2.877235E-01, 7.821369E-02, 8.438374E+00, 8.567767E+01, 0.000000E+00, 8.567767E+01, 0.000000E+00,NULL,NULL,NULL,NULL,0, 0.000000E+00,NULL,NULL,NULL,NULL,2, 8.567767E+01,0,data,8
48410,16392,940626,124427,94C2, 9.128000E+01,44,20,64,44,20,-3.552608E+00,-6.063602E+00,-2.750005E+01, 8.547053E+01, 8.456944E+01, 1.922033E+00,-1.118320E+01, 3.265222E+00,-2.607609E+01, 1.165874E+02, 4.287609E+01, 2.344661E+01, 6.004884E+00,16, 3.888581E-01,7, 0.000000E+00,0, 0.000000E+00,11, 1.927572E+01, 3.567289E-01, 1.016141E+01,NULL,NULL,1,data,8
48410,16395,940626,124431,94C2, 9.128000E+01,0,27,27,0,27, 0.000000E+00, 0.000000E+00, 0.000000E+00, 0.000000E+00, 0.000000E+00, 0.000000E+00,-5.606429E+00,-7.374906E+00, 3.104858E+01, 3.614315E+01, 0.000000E+00, 3.614315E+01, 0.000000E+00,0, 0.000000E+00,27, 3.614315E+01,0, 0.000000E+00,NULL,NULL,NULL,NULL,NULL,NULL,0,data,8
48410,16398,940626,124431,94C2, 9.128000E+01,0,2,2,0,2, 0.000000E+00, 0.000000E+00, 0.000000E+00, 0.000000E+00, 0.000000E+00, 0.000000E+00, 1.366329E-01, 6.350470E-02, 5.870895E-01, 9.248485E+01, 0.000000E+00, 9.248485E+01, 0.000000E+00,NULL,NULL,NULL,NULL,0, 0.000000E+00,NULL,NULL,NULL,NULL,2, 9.248485E+01,0,data,8
48410,16400,940626,124431,94C2, 9.128000E+01,0,2,2,0,2, 0.000000E+00, 0.000000E+00, 0.000000E+00, 0.000000E+00, 0.000000E+00, 0.000000E+00,-8.685565E-02,-1.257920E-02, 2.312344E+00, 8.801051E+01, 0.000000E+00, 8.801051E+01, 0.000000E+00,NULL,NULL,NULL,NULL,0, 0.000000E+00,NULL,NULL,NULL,NULL,2, 8.801051E+01,0,data,8
48410,16401,940626,124431,94C2, 9.128000E+01,2,1,3,2,1,-1.028327E-01,-3.595799E-01, 2.197195E+00, 3.523254E+00, 3.506372E+00, 1.753186E+00,-1.151700E-01,-7.454324E-01, 2.377988E+00, 3.949541E+00, 7.342361E-01, 0.000000E+00, 4.262869E-01,0, 0.000000E+00,1, 5.322241E-01,0, 0.000000E+00,NULL,NULL,NULL,NULL,NULL,NULL,0,data,8
48410,16403,940626,124431,94C2, 9.128000E+01,50,23,73,50,23,-1.223430E+00,-1.862094E+00, 2.674989E+01, 7.815811E+01, 7.706915E+01, 1.541383E+00,-1.070695E+00, 3.973687E-02, 2.309401E+01, 1.034110E+02, 4.243609E+01, 1.946642E+01, 6.086718E+00,9, 0.000000E+00,14, 1.183578E+00,0, 0.000000E+00,5, 5.468289E+00, 6.240396E-01, 1.647133E+00,1, 0.000000E+00,1,data,8
48410,16404,940626,124434,94C2, 9.128000E+01,0,2,2,0,2, 0.000000E+00, 0.000000E+00, 0.000000E+00, 0.000000E+00, 0.000000E+00, 0.000000E+00,-4.012775E-02, 1.538997E-01,-1.250286E+00, 9.539975E+01, 0.000000E+00, 9.539975E+01, 0.000000E+00,NULL,NULL,NULL,NULL,0, 0.000000E+00,NULL,NULL,NULL,NULL,2, 9.539975E+01,0,data,8
48410,16408,940626,124434,94C2, 9.128000E+01,0,2,2,0,2, 0.000000E+00, 0.000000E+00, 0.000000E+00, 0.000000E+00, 0.000000E+00, 0.000000E+00,-5.336165E-02,-2.970546E-02, 1.506168E+00, 9.375445E+01, 0.000000E+00, 9.375445E+01, 0.000000E+00,NULL,NULL,NULL,NULL,0, 0.000000E+00,NULL,NULL,NULL,NULL,2, 9.375445E+01,0,data,8
48410,16410,940626,124434,94C2, 9.128000E+01,19,8,27,19,8,-4.646006E+00,-1.225697E+00, 1.518228E+00, 4.795037E+01, 4.743487E+01, 2.496572E+00, 1.148085E+00, 2.393694E+00, 4.718309E+00, 1.013799E+02, 4.339553E+01, 2.977814E+01, 1.082981E+00,6, 1.597319E-01,0, 0.000000E+00,0, 0.000000E+00,3, 5.234655E+01, 2.332809E+00, 2.977814E+01,NULL,NULL,1,data,8
48410,16411,940626,124435,94C2, 9.128000E+01,41,13,54,41,13, 6.102933E+00, 1.337684E+01,-3.917455E+01, 1.031256E+02, 1.021594E+02, 2.491692E+00, 6.390410E+00, 1.596312E+01,-4.194678E+01, 1.154137E+02, 4.519263E+01, 1.222649E+01, 6.164787E-02,2, 0.000000E+00,18, 8.380507E+00,0, 0.000000E+00,1, 1.599986E+00, 1.599986E+00, 1.599986E+00,1, 0.000000E+00,1,data,8
48410,16415,940626,124438,94C2, 9.128000E+01,0,2,2,0,2, 0.000000E+00, 0.000000E+00, 0.000000E+00, 0.000000E+00, 0.000000E+00, 0.000000E+00, 1.483055E-01,-3.957105E-02,-1.053238E-02, 9.010152E+01, 0.000000E+00, 9.010152E+01, 0.000000E+00,NULL,NULL,NULL,NULL,0, 0.000000E+00,NULL,NULL,NULL,NULL,2, 9.010152E+01,0,data,8
48410,16416,940626,124438,94C2, 9.128000E+01,19,24,43,19,24,-1.001980E+00,-1.773143E+00,-1.916056E+00, 3.723109E+01, 3.694096E+01, 1.944261E+00,-1.577519E+00,-5.285024E+00,-6.891251E+00, 7.161082E+01, 3.546721E+01, 2.320809E+01, 5.056610E+00,11, 5.102758E-02,7, 3.408084E+00,0, 0.000000E+00,10, 1.245646E+01, 3.329147E-01, 3.300622E+00,NULL,NULL,1,data,8
48410,16420,940626,124440,94C2, 9.128000E+01,0,2,2,0,2, 0.000000E+00, 0.000000E+00, 0.000000E+00, 0.000000E+00, 0.000000E+00, 0.000000E+00,-3.292036E-02, 2.304816E-02,-2.248058E+00, 8.972112E+01, 0.000000E+00, 8.972112E+01, 0.000000E+00,NULL,NULL,NULL,NULL,0, 0.000000E+00,NULL,NULL,NULL,NULL,2, 8.972112E+01,0,data,8
48410,16425,940626,124442,94C2, 9.128000E+01,0,2,2,0,2, 0.000000E+00, 0.000000E+00, 0.000000E+00, 0.000000E+00, 0.000000E+00, 0.000000E+00,-3.258514E-02,-9.122372E-03, 1.489323E+00, 9.402960E+01, 0.000000E+00, 9.402960E+01, 0.000000E+00,NULL,NULL,NULL,NULL,0, 0.000000E+00,NULL,NULL,NULL,NULL,2, 9.402960E+01,0,data,8
48410,16427,940626,124442,94C2, 9.128000E+01,0,2,2,0,2, 0.000000E+00, 0.000000E+00, 0.000000E+00, 0.000000E+00, 0.000000E+00, 0.000000E+00, 8.232248E-02, 1.298404E-01, 1.837467E+00, 9.099835E+01, 0.000000E+00, 9.099835E+01, 0.000000E+00,NULL,NULL,NULL,NULL,0, 0.000000E+00,NULL,NULL,NULL,NULL,2, 9.099835E+01,0,data,8
48410,16432,940626,124443,94C2, 9.128000E+01,1,1,2,1,1, 8.405357E+00, 1.295153E+01,-2.393923E+00, 1.562506E+01, 1.562444E+01, 1.562444E+01, 7.101312E+00, 1.113174E+01,-2.105739E+00, 1.788233E+01, 1.562480E+01, 2.257265E+00, 0.000000E+00,1, 8.140714E-02,0, 0.000000E+00,0, 0.000000E+00,NULL,NULL,NULL,NULL,NULL,NULL,0,data,8
48410,16438,940626,124444,94C2, 9.128000E+01,35,14,49,35,14, 6.425235E+00,-2.026032E+01,-5.448988E+00, 6.675554E+01, 6.619790E+01, 1.891369E+00,-4.082955E-01,-3.439163E+00, 2.684341E+00, 9.125905E+01, 6.163698E+01, 2.077939E+01, 1.374718E+00,13, 1.205211E-01,1, 0.000000E+00,0, 0.000000E+00,9, 1.592467E+01, 7.008671E-01, 5.125030E+00,NULL,NULL,1,data,8
48410,16448,940626,124450,94C2, 9.128000E+01,12,4,16,12,4,-4.159311E-01, 3.257723E-01,-2.381127E+00, 5.402217E+00, 4.952853E+00, 4.127377E-01,-3.621671E-02, 2.252623E-01,-1.742326E+01, 2.615774E+01, 0.000000E+00, 2.075552E+01, 0.000000E+00,NULL,NULL,NULL,NULL,0, 0.000000E+00,NULL,NULL,NULL,NULL,4, 0.000000E+00,0,data,8
48410,16449,940626,124450,94C2, 9.128000E+01,0,2,2,0,2, 0.000000E+00, 0.000000E+00, 0.000000E+00, 0.000000E+00, 0.000000E+00, 0.000000E+00, 8.452892E-02, 1.903437E-01,-4.842331E+00, 8.630160E+01, 0.000000E+00, 8.630160E+01, 0.000000E+00,NULL,NULL,NULL,NULL,0, 0.000000E+00,NULL,NULL,NULL,NULL,2, 8.630160E+01,0,data,8
48410,16452,940626,124450,94C2, 9.128000E+01,0,2,2,0,2, 0.000000E+00, 0.000000E+00, 0.000000E+00, 0.000000E+00, 0.000000E+00, 0.000000E+00, 1.409558E-01,-1.122006E-01, 4.712318E+00, 9.082246E+01, 0.000000E+00, 9.082246E+01, 0.000000E+00,NULL,NULL,NULL,NULL,0, 0.000000E+00,NULL,NULL,NULL,NULL,2, 9.082246E+01,0,data,8
48410,16453,940626,124450,94C2, 9.128000E+01,26,16,42,26,16,-8.489490E+00,-3.011345E+00,-9.558718E+00, 4.695065E+01, 4.643044E+01, 1.785786E+00,-8.710395E+00,-2.461698E+00,-1.085187E+01, 6.761850E+01, 3.895949E+01, 1.629510E+01, 1.452061E+00,7, 1.541245E-01,8, 0.000000E+00,0, 0.000000E+00,6, 1.035060E+01, 7.548572E-01, 3.406624E+00,NULL,NULL,1,data,8
48410,16455,940626,124453,94C2, 9.128000E+01,0,2,2,0,2, 0.000000E+00, 0.000000E+00, 0.000000E+00, 0.000000E+00, 0.000000E+00, 0.000000E+00,-4.805803E-03, 5.722553E-03, 1.152912E+00, 9.184983E+01, 0.000000E+00, 9.184983E+01, 0.000000E+00,NULL,NULL,NULL,NULL,0, 0.000000E+00,NULL,NULL,NULL,NULL,2, 9.184983E+01,0,data,8
48410,16456,940626,124453,94C2, 9.128000E+01,0,2,2,0,2, 0.000000E+00, 0.000000E+00, 0.000000E+00, 0.000000E+00, 0.000000E+00, 0.000000E+00,-4.002094E-02,-2.617180E-02, 2.211342E-01, 9.402768E+01, 0.000000E+00, 9.402768E+01, 0.000000E+00,NULL,NULL,NULL,NULL,0, 0.000000E+00,NULL,NULL,NULL,NULL,2, 9.402768E+01,0,data,8
48410,16458,940626,124453,94C2, 9.128000E+01,0,3,3,0,3, 0.000000E+00, 0.000000E+00, 0.000000E+00, 0.000000E+00, 0.000000E+00, 0.000000E+00, 9.397423E-02,-5.806756E-01, 4.574077E+01, 4.602865E+01, 0.000000E+00, 4.602865E+01, 0.000000E+00,0, 0.000000E+00,2, 2.673112E-01,0, 0.000000E+00,NULL,NULL,NULL,NULL,1, 3.680561E+01,0,data,8
48410,16461,940626,124453,94C2, 9.128000E+01,0,2,2,0,2, 0.000000E+00, 0.000000E+00, 0.000000E+00, 0.000000E+00, 0.000000E+00, 0.000000E+00, 9.042780E-02, 1.452346E-01,-1.716038E+00, 8.986159E+01, 0.000000E+00, 8.986159E+01, 0.000000E+00,NULL,NULL,NULL,NULL,0, 0.000000E+00,NULL,NULL,NULL,NULL,2, 8.986159E+01,0,data,8
48410,16463,940626,124455,94C2, 9.128000E+01,0,2,2,0,2, 0.000000E+00, 0.000000E+00, 0.000000E+00, 0.000000E+00, 0.000000E+00, 0.000000E+00, 2.086976E-01, 4.382014E-03, 5.929672E+00, 8.332517E+01, 0.000000E+00, 8.332517E+01, 0.000000E+00,NULL,NULL,NULL,NULL,0, 0.000000E+00,NULL,NULL,NULL,NULL,2, 8.332517E+01,0,data,8
48410,16466,940626,124455,94C2, 9.128000E+01,4,1,5,4,1,-5.409454E-01,-4.086563E-02, 1.324151E+00, 2.213718E+00, 2.111550E+00, 5.278875E-01,-6.109583E-02,-1.083597E-02, 1.611306E+00, 2.773732E+00, 1.588337E+00, 5.600138E-01, 0.000000E+00,1, 0.000000E+00,0, 0.000000E+00,0, 0.000000E+00,1, 5.600138E-01, 5.600138E-01, 5.600138E-01,NULL,NULL,0,data,8
48410,16467,940626,124455,94C2, 9.128000E+01,0,2,2,0,2, 0.000000E+00, 0.000000E+00, 0.000000E+00, 0.000000E+00, 0.000000E+00, 0.000000E+00, 2.475500E-02, 1.048558E-01,-4.247093E-01, 9.293708E+01, 0.000000E+00, 9.293708E+01, 0.000000E+00,NULL,NULL,NULL,NULL,0, 0.000000E+00,NULL,NULL,NULL,NULL,2, 9.293708E+01,0,data,8
48410,16469,940626,124455,94C2, 9.128000E+01,30,13,43,30,13,-9.037638E+00,-7.101190E-01, 6.518924E+00, 7.002975E+01, 6.968814E+01, 2.322938E+00, 1.249530E-01, 6.134340E-01, 1.137469E+00, 8.661534E+01, 6.972925E+01, 1.123473E+01, 5.267069E-01,13, 1.190611E+00,3, 0.000000E+00,0, 0.000000E+00,9, 1.560911E+01, 4.199454E-01, 6.720669E+00,NULL,NULL,1,data,8
48410,16470,940626,124456,94C2, 9.128000E+01,27,19,46,27,19,-3.952641E+00, 6.022000E+00, 7.911293E+00, 3.673693E+01, 3.619449E+01, 1.340537E+00,-8.321539E+00, 1.236934E+01, 1.885955E+01, 6.238780E+01, 3.000742E+01, 1.088815E+01, 1.477808E+01,2, 0.000000E+00,12, 5.525685E+00,0, 0.000000E+00,2, 2.131209E+00, 6.944155E-01, 1.436794E+00,NULL,NULL,1,data,8
48410,16473,940626,124457,94C2, 9.128000E+01,30,15,45,30,15,-3.073637E+01, 2.345770E+01, 1.282525E+01, 5.416046E+01, 5.340728E+01, 1.780243E+00,-1.500343E+01, 1.133796E+01, 6.482623E+00, 1.001229E+02, 4.084648E+01, 2.125753E+01, 2.403049E+01,13, 4.883861E+00,0, 0.000000E+00,0, 0.000000E+00,8, 2.165415E+01, 4.041761E-01, 1.393254E+01,NULL,NULL,1,data,8
48410,16475,940626,124457,94C2, 9.128000E+01,1,3,4,1,3,-2.769806E+00,-5.863044E-03,-1.771848E+00, 3.291015E+00, 3.288054E+00, 3.288054E+00,-2.058850E+00,-4.537793E-01,-3.823171E+01, 4.088333E+01, 3.288054E+00, 3.759231E+01, 0.000000E+00,2, 1.734356E+00,0, 0.000000E+00,0, 0.000000E+00,1, 4.629384E-01, 4.629384E-01, 4.629384E-01,1, 0.000000E+00,0,data,8
48410,16481,940626,124501,94C2, 9.128000E+01,0,2,2,0,2, 0.000000E+00, 0.000000E+00, 0.000000E+00, 0.000000E+00, 0.000000E+00, 0.000000E+00, 2.029245E-01, 1.026738E-01,-2.099331E+00, 8.969679E+01, 0.000000E+00, 8.969679E+01, 0.000000E+00,NULL,NULL,NULL,NULL,0, 0.000000E+00,NULL,NULL,NULL,NULL,2, 8.969679E+01,0,data,8
48410,16482,940626,124501,94C2, 9.128000E+01,0,2,2,0,2, 0.000000E+00, 0.000000E+00, 0.000000E+00, 0.000000E+00, 0.000000E+00, 0.000000E+00,-5.968747E-01,-1.072148E+00,-7.568501E+00, 9.973679E+01, 0.000000E+00, 9.973679E+01, 0.000000E+00,NULL,NULL,NULL,NULL,0, 0.000000E+00,NULL,NULL,NULL,NULL,2, 9.973679E+01,0,data,8
48410,16484,940626,124501,94C2, 9.128000E+01,0,2,2,0,2, 0.000000E+00, 0.000000E+00, 0.000000E+00, 0.000000E+00, 0.000000E+00, 0.000000E+00,-8.842454E-01,-2.421477E-01,-5.675827E+00, 8.694151E+01, 0.000000E+00, 8.694151E+01, 0.000000E+00,NULL,NULL,NULL,NULL,0, 0.000000E+00,NULL,NULL,NULL,NULL,2, 8.694151E+01,0,data,8
48410,16485,940626,124501,94C2, 9.128000E+01,0,2,2,0,2, 0.000000E+00, 0.000000E+00, 0.000000E+00, 0.000000E+00, 0.000000E+00, 0.000000E+00, 7.470226E-02, 4.947677E-02, 7.408218E-01, 8.757424E+01, 0.000000E+00, 8.757424E+01, 0.000000E+00,NULL,NULL,NULL,NULL,0, 0.000000E+00,NULL,NULL,NULL,NULL,2, 8.757424E+01,0,data,8
48410,16487,940626,124501,94C2, 9.128000E+01,2,2,4,2,2, 6.033361E-02,-3.241944E-02,-4.099748E+00, 5.577119E+00, 5.568710E+00, 2.784355E+00,-2.798778E+00,-2.006446E-02,-5.161370E+00, 8.752815E+00, 5.576062E+00, 0.000000E+00, 3.175696E+00,0, 0.000000E+00,1, 0.000000E+00,0, 0.000000E+00,NULL,NULL,NULL,NULL,NULL,NULL,0,data,8
48410,16489,940626,124504,94C2, 9.128000E+01,23,7,30,23,7,-5.508185E+00, 8.031795E+00,-3.592743E+00, 5.289083E+01, 5.253100E+01, 2.283957E+00,-5.087822E+00, 8.797647E+00,-2.143814E+00, 9.513805E+01, 4.420503E+01, 3.680637E+01, 2.854860E+00,8, 0.000000E+00,0, 0.000000E+00,0, 0.000000E+00,6, 3.943625E+01, 1.070591E+00, 1.577970E+01,NULL,NULL,1,data,8
48410,16491,940626,124504,94C2, 9.128000E+01,0,2,2,0,2, 0.000000E+00, 0.000000E+00, 0.000000E+00, 0.000000E+00, 0.000000E+00, 0.000000E+00, 2.595941E-01,-1.020455E-02, 2.121735E-01, 9.173892E+01, 0.000000E+00, 9.173892E+01, 0.000000E+00,NULL,NULL,NULL,NULL,0, 0.000000E+00,NULL,NULL,NULL,NULL,2, 9.173892E+01,0,data,8
48410,16496,940626,124506,94C2, 9.128000E+01,3,0,3,3,0,-2.923304E-02, 2.324830E-01, 3.295768E+00, 3.865776E+00, 3.842745E+00, 1.280915E+00,-2.923304E-02, 2.324830E-01, 3.295768E+00, 3.865776E+00, 4.472253E+00, 0.000000E+00, 0.000000E+00,NULL,NULL,NULL,NULL,0, 0.000000E+00,NULL,NULL,NULL,NULL,NULL,NULL,0,data,8
48410,16500,940626,124506,94C2, 9.128000E+01,0,2,2,0,2, 0.000000E+00, 0.000000E+00, 0.000000E+00, 0.000000E+00, 0.000000E+00, 0.000000E+00,-6.918526E-02, 1.833124E-01,-4.682922E-02, 8.942567E+01, 0.000000E+00, 8.942567E+01, 0.000000E+00,NULL,NULL,NULL,NULL,0, 0.000000E+00,NULL,NULL,NULL,NULL,2, 8.942567E+01,0,data,8
48410,16504,940626,124507,94C2, 9.128000E+01,22,7,29,22,7, 2.198951E+00,-2.411105E+00,-1.501588E+00, 7.404356E+01, 7.363153E+01, 3.346888E+00,-3.643120E+00, 7.007518E-01, 9.065645E-01, 8.287895E+01, 7.276801E+01, 7.694841E+00, 6.388735E-01,10, 1.910648E+00,0, 0.000000E+00,0, 0.000000E+00,4, 8.196514E+00, 5.016726E-01, 3.773778E+00,NULL,NULL,1,data,8
48410,16507,940626,124509,94C2, 9.128000E+01,0,2,2,0,2, 0.000000E+00, 0.000000E+00, 0.000000E+00, 0.000000E+00, 0.000000E+00, 0.000000E+00, 7.069850E-02, 4.739216E-02,-5.912373E+00, 9.036783E+01, 0.000000E+00, 9.036783E+01, 0.000000E+00,NULL,NULL,NULL,NULL,0, 0.000000E+00,NULL,NULL,NULL,NULL,2, 9.036783E+01,0,data,8
48410,16508,940626,124509,94C2, 9.128000E+01,31,16,47,31,16,-2.208144E+00,-1.979589E+00,-1.177819E-01, 5.249218E+01, 5.189115E+01, 1.673908E+00, 2.777830E+00, 4.606829E+00,-1.335516E+00, 8.515362E+01, 4.684388E+01, 2.461668E+01, 5.838224E-01,19, 4.422649E+00,0, 0.000000E+00,0, 0.000000E+00,13, 3.109550E+01, 5.305105E-01, 1.143819E+01,NULL,NULL,1,data,8
48410,16510,940626,124510,94C2, 9.128000E+01,0,2,2,0,2, 0.000000E+00, 0.000000E+00, 0.000000E+00, 0.000000E+00, 0.000000E+00, 0.000000E+00, 2.906473E-01,-1.915946E-01,-2.467182E+00, 8.960041E+01, 0.000000E+00, 8.960041E+01, 0.000000E+00,NULL,NULL,NULL,NULL,0, 0.000000E+00,NULL,NULL,NULL,NULL,2, 8.960041E+01,0,data,8
48410,16513,940626,124510,94C2, 9.128000E+01,2,0,2,2,0,-2.709287E-02, 2.330792E-01, 3.031416E-01, 1.139875E+01, 1.139533E+01, 5.697663E+00,-2.709287E-02, 2.330792E-01, 3.031416E-01, 1.139875E+01, 0.000000E+00, 0.000000E+00, 0.000000E+00,NULL,NULL,NULL,NULL,0, 0.000000E+00,NULL,NULL,NULL,NULL,NULL,NULL,0,data,8
48410,16514,940626,124510,94C2, 9.128000E+01,3,1,4,3,1,-1.821854E+00,-1.674581E+00, 5.281177E-01, 3.119459E+00, 2.993459E+00, 9.978197E-01, 3.367378E-01, 2.084415E-01, 4.527104E+01, 4.795398E+01, 2.735399E+00, 4.483452E+01, 0.000000E+00,1, 1.537699E+00,0, 0.000000E+00,0, 0.000000E+00,NULL,NULL,NULL,NULL,1, 0.000000E+00,0,data,8
48410,16517,940626,124512,94C2, 9.128000E+01,0,2,2,0,2, 0.000000E+00, 0.000000E+00, 0.000000E+00, 0.000000E+00, 0.000000E+00, 0.000000E+00, 5.342484E-02,-1.844435E-01, 7.536163E+00, 8.093213E+01, 0.000000E+00, 8.093213E+01, 0.000000E+00,NULL,NULL,NULL,NULL,0, 0.000000E+00,NULL,NULL,NULL,NULL,2, 8.093213E+01,0,data,8
48410,16519,940626,124512,94C2, 9.128000E+01,0,2,2,0,2, 0.000000E+00, 0.000000E+00, 0.000000E+00, 0.000000E+00, 0.000000E+00, 0.000000E+00, 8.849931E-02, 2.036668E-01, 3.304955E+00, 9.191298E+01, 0.000000E+00, 9.191298E+01, 0.000000E+00,NULL,NULL,NULL,NULL,0, 0.000000E+00,NULL,NULL,NULL,NULL,2, 9.191298E+01,0,data,8
48410,16525,940626,124512,94C2, 9.128000E+01,0,2,2,0,2, 0.000000E+00, 0.000000E+00, 0.000000E+00, 0.000000E+00, 0.000000E+00, 0.000000E+00, 5.059922E-02, 1.305103E-02, 1.889289E+01, 7.378403E+01, 0.000000E+00, 7.378403E+01, 0.000000E+00,NULL,NULL,NULL,NULL,0, 0.000000E+00,NULL,NULL,NULL,NULL,2, 7.378403E+01,0,data,8
48410,16526,940626,124514,94C2, 9.128000E+01,2,1,3,2,1, 2.421707E+00, 3.377985E+00,-5.688709E+00, 9.330203E+01, 9.330161E+01, 4.665081E+01, 2.450961E+00, 3.346769E+00,-5.732625E+00, 9.336334E+01, 9.330185E+01, 0.000000E+00, 6.130852E-02,NULL,NULL,NULL,NULL,0, 0.000000E+00,NULL,NULL,NULL,NULL,NULL,NULL,0,data,8
48410,16527,940626,124514,94C2, 9.128000E+01,0,2,2,0,2, 0.000000E+00, 0.000000E+00, 0.000000E+00, 0.000000E+00, 0.000000E+00, 0.000000E+00, 5.352485E-02, 3.806567E-02,-1.214790E-01, 9.232904E+01, 0.000000E+00, 9.232904E+01, 0.000000E+00,NULL,NULL,NULL,NULL,0, 0.000000E+00,NULL,NULL,NULL,NULL,2, 9.232904E+01,0,data,8
48410,16530,940626,124514,94C2, 9.128000E+01,39,16,55,39,16, 2.986314E+00, 3.070817E+00, 3.938029E+00, 5.049929E+01, 4.961169E+01, 1.272094E+00,-8.610561E-01, 1.171145E+01, 1.052479E+01, 9.421165E+01, 4.359043E+01, 3.124365E+01, 1.084971E+01,8, 5.297454E-01,0, 0.000000E+00,0, 0.000000E+00,6, 3.025677E+01, 6.411959E-01, 1.486755E+01,NULL,NULL,1,data,8
48410,16532,940626,124516,94C2, 9.128000E+01,0,28,28,0,28, 0.000000E+00, 0.000000E+00, 0.000000E+00, 0.000000E+00, 0.000000E+00, 0.000000E+00,-4.494433E+00, 7.765361E-01, 3.087796E+01, 4.202433E+01, 0.000000E+00, 4.202433E+01, 0.000000E+00,0, 0.000000E+00,28, 4.202433E+01,0, 0.000000E+00,NULL,NULL,NULL,NULL,NULL,NULL,0,data,8
48410,16537,940626,124518,94C2, 9.128000E+01,2,3,5,2,3,-6.014526E-02,-3.887951E-02,-1.300520E+00, 2.812160E+00, 2.798039E+00, 1.399020E+00,-9.359832E-01, 3.998268E-02,-2.637039E+00, 5.470181E+00, 2.804195E+00, 2.658021E+00, 0.000000E+00,3, 2.474721E-01,0, 0.000000E+00,0, 0.000000E+00,3, 2.658021E+00, 5.169231E-01, 1.280574E+00,NULL,NULL,0,data,8
48410,16538,940626,124518,94C2, 9.128000E+01,0,2,2,0,2, 0.000000E+00, 0.000000E+00, 0.000000E+00, 0.000000E+00, 0.000000E+00, 0.000000E+00, 8.864236E-02, 3.903914E-02, 8.620911E-01, 9.025427E+01, 0.000000E+00, 9.025427E+01, 0.000000E+00,NULL,NULL,NULL,NULL,0, 0.000000E+00,NULL,NULL,NULL,NULL,2, 9.025427E+01,0,data,8
48410,16541,940626,124518,94C2, 9.128000E+01,2,1,3,2,1,-8.814312E-01, 7.792352E-01,-1.204693E-01, 2.050033E+00, 2.030921E+00, 1.015460E+00,-8.484403E-01, 7.128415E-01,-1.909702E+00, 3.840801E+00, 2.050033E+00, 1.790768E+00, 0.000000E+00,NULL,NULL,NULL,NULL,0, 0.000000E+00,NULL,NULL,NULL,NULL,1, 0.000000E+00,0,data,8
48410,16544,940626,124518,94C2, 9.128000E+01,2,1,3,2,1, 6.975931E-02, 5.734533E-02,-3.261422E+00, 3.506953E+00, 3.495774E+00, 1.747887E+00, 3.288038E-01, 1.548428E-01,-3.418472E+00, 3.825190E+00, 3.749884E+00, 3.182369E-01, 0.000000E+00,0, 0.000000E+00,2, 1.032668E+00,0, 0.000000E+00,NULL,NULL,NULL,NULL,NULL,NULL,0,data,8
48410,16545,940626,124519,94C2, 9.128000E+01,0,2,2,0,2, 0.000000E+00, 0.000000E+00, 0.000000E+00, 0.000000E+00, 0.000000E+00, 0.000000E+00,-1.908660E-02,-5.487657E-02, 2.024887E+00, 9.214653E+01, 0.000000E+00, 9.214653E+01, 0.000000E+00,NULL,NULL,NULL,NULL,0, 0.000000E+00,NULL,NULL,NULL,NULL,2, 9.214653E+01,0,data,8
48410,16547,940626,124519,94C2, 9.128000E+01,0,2,2,0,2, 0.000000E+00, 0.000000E+00, 0.000000E+00, 0.000000E+00, 0.000000E+00, 0.000000E+00, 1.509773E-01,-2.065830E-01, 3.962845E+00, 9.018564E+01, 0.000000E+00, 9.018564E+01, 0.000000E+00,NULL,NULL,NULL,NULL,0, 0.000000E+00,NULL,NULL,NULL,NULL,2, 9.018564E+01,0,data,8
48410,16549,940626,124519,94C2, 9.128000E+01,25,16,41,25,16,-1.127188E+01,-2.406051E+01,-1.176629E+01, 7.836535E+01, 7.798665E+01, 3.119466E+00,-8.940826E+00,-2.144309E+01,-1.090068E+01, 1.083477E+02, 7.631968E+01, 2.016245E+01, 2.209655E+00,13, 3.751431E+00,0, 0.000000E+00,0, 0.000000E+00,10, 1.965099E+01, 6.569399E-01, 5.111540E+00,NULL,NULL,1,data,8
48410,16553,940626,124523,94C2, 9.128000E+01,0,2,2,0,2, 0.000000E+00, 0.000000E+00, 0.000000E+00, 0.000000E+00, 0.000000E+00, 0.000000E+00, 1.003878E-01, 9.607220E-02, 8.451309E-01, 9.208705E+01, 0.000000E+00, 9.208705E+01, 0.000000E+00,NULL,NULL,NULL,NULL,0, 0.000000E+00,NULL,NULL,NULL,NULL,2, 9.208705E+01,0,data,8
48410,16557,940626,124523,94C2, 9.128000E+01,32,19,51,32,19, 9.034160E-01,-9.681041E-01, 7.050227E+00, 4.735237E+01, 4.698029E+01, 1.468134E+00, 2.589039E+00,-1.656786E+00, 1.491547E+01, 7.609565E+01, 4.420097E+01, 2.142945E+01, 5.276345E+00,13, 0.000000E+00,8, 4.246322E-01,0, 0.000000E+00,9, 1.308808E+01, 6.820056E-01, 2.786752E+00,NULL,NULL,1,data,8
48410,16559,940626,124524,94C2, 9.128000E+01,0,2,2,0,2, 0.000000E+00, 0.000000E+00, 0.000000E+00, 0.000000E+00, 0.000000E+00, 0.000000E+00, 4.428790E-01, 9.644032E-02,-4.085056E+00, 8.992506E+01, 0.000000E+00, 8.992506E+01, 0.000000E+00,NULL,NULL,NULL,NULL,0, 0.000000E+00,NULL,NULL,NULL,NULL,2, 8.992506E+01,0,data,8
48410,16561,940626,124524,94C2, 9.128000E+01,0,2,2,0,2, 0.000000E+00, 0.000000E+00, 0.000000E+00, 0.000000E+00, 0.000000E+00, 0.000000E+00,-7.392287E-02, 4.212117E-02,-1.312683E+00, 9.000656E+01, 0.000000E+00, 9.000656E+01, 0.000000E+00,NULL,NULL,NULL,NULL,0, 0.000000E+00,NULL,NULL,NULL,NULL,2, 9.000656E+01,0,data,8
48410,16563,940626,124524,94C2, 9.128000E+01,25,19,44,25,19, 5.463901E-01,-2.528635E-01, 2.061774E-01, 2.202425E+01, 2.139809E+01, 8.559237E-01,-6.013855E+00, 1.004640E+01,-1.513630E+00, 7.750100E+01, 1.471860E+01, 2.297860E+01, 3.170245E+01,16, 1.201724E+00,0, 0.000000E+00,0, 0.000000E+00,13, 2.319029E+01, 3.652807E-01, 8.422649E+00,NULL,NULL,1,data,8
48410,16566,940626,124525,94C2, 9.128000E+01,5,7,12,5,7,-1.036799E+01, 8.971527E-02, 1.072351E+01, 6.603381E+01, 6.600956E+01, 1.320191E+01,-1.611162E+01,-1.202710E-01, 1.645767E+01, 8.068241E+01, 6.552937E+01, 1.064372E+01, 4.004887E+00,5, 1.404907E+01,0, 0.000000E+00,0, 0.000000E+00,3, 1.064372E+01, 9.535365E-01, 8.493568E+00,NULL,NULL,0,data,8
48410,16567,940626,124527,94C2, 9.128000E+01,0,2,2,0,2, 0.000000E+00, 0.000000E+00, 0.000000E+00, 0.000000E+00, 0.000000E+00, 0.000000E+00,-2.654445E-02,-6.075883E-02, 1.620029E+00, 9.279051E+01, 0.000000E+00, 9.279051E+01, 0.000000E+00,NULL,NULL,NULL,NULL,0, 0.000000E+00,NULL,NULL,NULL,NULL,2, 9.279051E+01,0,data,8
48410,16576,940626,124528,94C2, 9.128000E+01,2,0,2,2,0, 6.656170E-01, 8.218307E-01,-1.303997E-01, 9.266479E+01, 9.266437E+01, 4.633218E+01, 6.656170E-01, 8.218307E-01,-1.303997E-01, 9.266479E+01, 9.266461E+01, 0.000000E+00, 0.000000E+00,2, 2.551333E-01,0, 0.000000E+00,0, 0.000000E+00,NULL,NULL,NULL,NULL,NULL,NULL,0,data,8
48410,16577,940626,124528,94C2, 9.128000E+01,7,2,9,7,2,-5.032926E-02,-3.444839E+00, 4.920898E+00, 8.599143E+00, 8.490534E+00, 1.212933E+00,-1.228583E-01,-1.227038E-01, 4.378416E+01, 4.763755E+01, 8.343857E+00, 3.873968E+01, 2.987279E-01,1, 1.156379E-01,0, 0.000000E+00,0, 0.000000E+00,NULL,NULL,NULL,NULL,1, 0.000000E+00,0,data,8
48410,16579,940626,124529,94C2, 9.128000E+01,2,0,2,2,0, 4.518282E+01,-8.013734E+01,-3.115156E+01, 2.481460E+02, 2.481458E+02, 1.240729E+02, 4.518282E+01,-8.013734E+01,-3.115156E+01, 2.481460E+02, 0.000000E+00, 0.000000E+00, 0.000000E+00,1, 0.000000E+00,0, 0.000000E+00,0, 0.000000E+00,NULL,NULL,NULL,NULL,NULL,NULL,0,data,8
48410,16582,940626,124531,94C2, 9.128000E+01,27,12,39,27,12, 1.194453E+00, 2.202458E+00, 1.006186E+00, 3.915043E+01, 3.872314E+01, 1.434191E+00,-8.760268E+00,-8.490122E+00,-3.010525E+00, 6.790906E+01, 3.592229E+01, 2.592566E+01, 1.002511E+00,14, 1.071395E-01,0, 0.000000E+00,0, 0.000000E+00,10, 2.719986E+01, 4.385145E-01, 1.901635E+01,NULL,NULL,1,data,8
48410,16583,940626,124531,94C2, 9.128000E+01,0,3,3,0,3, 0.000000E+00, 0.000000E+00, 0.000000E+00, 0.000000E+00, 0.000000E+00, 0.000000E+00, 7.470477E-02, 1.314640E-02, 3.045673E+00, 8.864270E+01, 0.000000E+00, 8.864270E+01, 0.000000E+00,NULL,NULL,NULL,NULL,0, 0.000000E+00,NULL,NULL,NULL,NULL,3, 8.864270E+01,0,data,8
48410,16584,940626,124531,94C2, 9.128000E+01,0,2,2,0,2, 0.000000E+00, 0.000000E+00, 0.000000E+00, 0.000000E+00, 0.000000E+00, 0.000000E+00, 1.539609E-01,-2.535605E-02, 1.506535E+00, 9.013054E+01, 0.000000E+00, 9.013054E+01, 0.000000E+00,NULL,NULL,NULL,NULL,0, 0.000000E+00,NULL,NULL,NULL,NULL,2, 9.013054E+01,0,data,8
48410,16587,940626,124531,94C2, 9.128000E+01,20,19,39,20,19, 8.704140E+01,-6.443102E+01, 9.785190E-01, 1.223396E+02, 1.212303E+02, 6.061514E+00, 6.612452E+01,-7.946166E+01, 1.670014E+01, 1.537556E+02, 0.000000E+00, 2.667386E+01, 0.000000E+00,19, 0.000000E+00,0, 0.000000E+00,0, 0.000000E+00,19, 3.141609E+01, 5.062528E-01, 9.187567E+00,NULL,NULL,0,data,8
48410,16588,940626,124532,94C2, 9.128000E+01,22,20,42,22,20, 5.773992E+00,-2.960655E+00,-8.683477E+00, 5.148620E+01, 5.111618E+01, 2.323463E+00, 1.605118E+00,-1.924855E+00, 4.213487E+00, 7.590709E+01, 2.807287E+01, 2.311467E+01, 8.169988E-01,1, 0.000000E+00,23, 1.597619E+01,0, 0.000000E+00,1, 4.892296E-01, 4.892296E-01, 4.892296E-01,3, 0.000000E+00,1,data,8
48410,16589,940626,124532,94C2, 9.128000E+01,0,3,3,0,3, 0.000000E+00, 0.000000E+00, 0.000000E+00, 0.000000E+00, 0.000000E+00, 0.000000E+00, 2.533410E-02,-4.256871E-01, 7.786884E+00, 8.747528E+01, 0.000000E+00, 8.747528E+01, 0.000000E+00,NULL,NULL,NULL,NULL,0, 0.000000E+00,NULL,NULL,NULL,NULL,3, 8.747528E+01,0,data,8
48410,16592,940626,124532,94C2, 9.128000E+01,0,2,2,0,2, 0.000000E+00, 0.000000E+00, 0.000000E+00, 0.000000E+00, 0.000000E+00, 0.000000E+00, 7.525420E-02,-1.650205E-01, 1.530186E+00, 9.161169E+01, 0.000000E+00, 9.161169E+01, 0.000000E+00,NULL,NULL,NULL,NULL,0, 0.000000E+00,NULL,NULL,NULL,NULL,2, 9.161169E+01,0,data,8
48410,16593,940626,124532,94C2, 9.128000E+01,2,1,3,2,1,-2.291739E-03, 2.091532E-01,-3.661322E-01, 2.924940E+00, 2.911354E+00, 1.455677E+00,-3.696283E-01, 5.882512E-01,-8.944627E-01, 3.671790E+00, 2.924940E+00, 0.000000E+00, 0.000000E+00,1, 0.000000E+00,0, 0.000000E+00,0, 0.000000E+00,1, 7.468498E-01, 7.468498E-01, 7.468498E-01,NULL,NULL,0,data,8
48410,16602,940626,124534,94C2, 9.128000E+01,4,1,5,4,1,-1.356532E+00, 1.008657E+00, 1.403341E+00, 4.544467E+00, 4.508777E+00, 1.127194E+00,-1.490095E+00, 1.060130E+00, 4.517387E+00, 7.661801E+00, 2.653400E+00, 3.117334E+00, 0.000000E+00,2, 0.000000E+00,0, 0.000000E+00,0, 0.000000E+00,NULL,NULL,NULL,NULL,1, 0.000000E+00,0,data,8
48410,16603,940626,124534,94C2, 9.128000E+01,33,23,56,33,23,-2.930372E+00,-2.229672E+00, 5.961660E+00, 3.216687E+01, 3.154118E+01, 9.557933E-01,-2.981680E+00, 3.144535E-01, 1.290637E+01, 7.229129E+01, 7.228231E+00, 2.507827E+01, 1.379121E+01,3, 0.000000E+00,13, 1.697318E+00,0, 0.000000E+00,2, 1.256318E+00, 4.210482E-01, 8.352699E-01,2, 0.000000E+00,0,data,8
48410,16604,940626,124536,94C2, 9.128000E+01,0,2,2,0,2, 0.000000E+00, 0.000000E+00, 0.000000E+00, 0.000000E+00, 0.000000E+00, 0.000000E+00, 5.857944E-02, 1.032374E-01,-2.019596E+00, 9.039426E+01, 0.000000E+00, 9.039426E+01, 0.000000E+00,NULL,NULL,NULL,NULL,0, 0.000000E+00,NULL,NULL,NULL,NULL,2, 9.039426E+01,0,data,8
48410,16612,940626,124539,94C2, 9.128000E+01,5,1,6,5,1, 2.584441E-01,-5.710859E-01,-1.517661E+00, 4.421076E+00, 4.355858E+00, 8.711717E-01, 2.022046E-01,-6.397890E-01,-1.638885E+00, 4.571336E+00, 4.421077E+00, 0.000000E+00, 1.502604E-01,1, 6.425440E-02,0, 0.000000E+00,0, 0.000000E+00,NULL,NULL,NULL,NULL,NULL,NULL,0,data,8
48410,16613,940626,124539,94C2, 9.128000E+01,0,2,2,0,2, 0.000000E+00, 0.000000E+00, 0.000000E+00, 0.000000E+00, 0.000000E+00, 0.000000E+00,-2.675462E-02,-3.975463E-02,-4.092331E-01, 8.948070E+01, 0.000000E+00, 8.948070E+01, 0.000000E+00,NULL,NULL,NULL,NULL,0, 0.000000E+00,NULL,NULL,NULL,NULL,2, 8.948070E+01,0,data,8
48410,16616,940626,124539,94C2, 9.128000E+01,2,0,2,2,0,-1.512080E+01,-3.442521E+01, 5.111256E+00, 9.046060E+01, 9.046008E+01, 4.523004E+01,-1.512080E+01,-3.442521E+01, 5.111256E+00, 9.046060E+01, 0.000000E+00, 0.000000E+00, 0.000000E+00,1, 1.941437E-01,0, 0.000000E+00,0, 0.000000E+00,NULL,NULL,NULL,NULL,NULL,NULL,0,data,8
48410,16619,940626,124540,94C2, 9.128000E+01,23,15,38,23,15, 3.042776E+00,-3.930723E+00,-6.780352E+00, 5.283498E+01, 5.247988E+01, 2.281734E+00, 4.782941E+00,-4.123808E+00,-6.831626E+00, 7.603737E+01, 5.057214E+01, 1.817905E+01, 2.187856E+00,13, 4.527426E-01,0, 0.000000E+00,0, 0.000000E+00,11, 1.992902E+01, 5.407979E-01, 6.998944E+00,NULL,NULL,1,data,8
48410,16622,940626,124541,94C2, 9.128000E+01,62,22,84,62,22,-3.999488E+00,-1.413756E+01,-1.975580E+00, 7.385015E+01, 7.231535E+01, 1.166377E+00,-2.635265E+00,-1.385884E+01,-3.187704E+00, 1.085411E+02, 5.948714E+01, 1.411279E+01, 1.788844E+01,31, 5.642620E+00,0, 0.000000E+00,0, 0.000000E+00,15, 1.630777E+01, 4.045761E-01, 3.229304E+00,NULL,NULL,1,data,8
48410,16626,940626,124543,94C2, 9.128000E+01,0,2,2,0,2, 0.000000E+00, 0.000000E+00, 0.000000E+00, 0.000000E+00, 0.000000E+00, 0.000000E+00, 5.664408E-02,-7.370448E-02,-1.365646E+00, 9.591946E+01, 0.000000E+00, 9.591946E+01, 0.000000E+00,NULL,NULL,NULL,NULL,0, 0.000000E+00,NULL,NULL,NULL,NULL,2, 9.591946E+01,0,data,8
48410,16633,940626,124544,94C2, 9.128000E+01,0,2,2,0,2, 0.000000E+00, 0.000000E+00, 0.000000E+00, 0.000000E+00, 0.000000E+00, 0.000000E+00, 1.214910E-01, 1.691160E-01,-1.355628E+01, 7.975674E+01, 0.000000E+00, 7.975674E+01, 0.000000E+00,NULL,NULL,NULL,NULL,0, 0.000000E+00,NULL,NULL,NULL,NULL,2, 7.975674E+01,0,data,8
48410,16634,940626,124544,94C2, 9.128000E+01,24,19,43,24,19, 2.799478E+00,-6.094037E-01,-2.600647E+00, 6.201743E+01, 6.182726E+01, 2.576136E+00, 5.247457E+00,-1.694388E-01,-2.701870E+00, 8.597910E+01, 6.274259E+01, 1.621674E+01, 5.587232E+00,23, 6.964408E+00,0, 0.000000E+00,0, 0.000000E+00,13, 1.840344E+01, 5.486470E-01, 5.631453E+00,NULL,NULL,1,data,8
48410,16638,940626,124546,94C2, 9.128000E+01,30,19,49,30,19, 3.763596E-01,-4.030789E+00, 1.342031E+00, 4.565259E+01, 4.472037E+01, 1.490679E+00, 3.723766E+00,-5.799835E+00,-6.006312E+00, 8.092855E+01, 4.062993E+01, 3.437291E+01, 9.043055E-01,15, 7.113772E-01,2, 0.000000E+00,0, 0.000000E+00,13, 3.437165E+01, 5.343300E-01, 7.205132E+00,NULL,NULL,1,data,8
48410,16644,940626,124548,94C2, 9.128000E+01,0,3,3,0,3, 0.000000E+00, 0.000000E+00, 0.000000E+00, 0.000000E+00, 0.000000E+00, 0.000000E+00, 1.098764E-01, 2.556509E-02, 2.104500E+00, 9.440694E+01, 0.000000E+00, 9.440694E+01, 0.000000E+00,NULL,NULL,NULL,NULL,0, 0.000000E+00,NULL,NULL,NULL,NULL,3, 9.440694E+01,0,data,8
48410,16645,940626,124548,94C2, 9.128000E+01,2,1,3,2,1,-4.059858E+01,-1.438886E+02,-2.570350E+01, 1.806911E+02, 1.806904E+02, 9.034518E+01,-4.053569E+01,-1.441583E+02,-2.567441E+01, 1.809696E+02, 0.000000E+00, 2.784707E-01, 0.000000E+00,2, 5.440645E-01,0, 0.000000E+00,0, 0.000000E+00,NULL,NULL,NULL,NULL,NULL,NULL,0,data,8
48410,16646,940626,124549,94C2, 9.128000E+01,0,2,2,0,2, 0.000000E+00, 0.000000E+00, 0.000000E+00, 0.000000E+00, 0.000000E+00, 0.000000E+00, 3.194714E-02,-3.866088E-02, 1.463818E+00, 8.892361E+01, 0.000000E+00, 8.892361E+01, 0.000000E+00,NULL,NULL,NULL,NULL,0, 0.000000E+00,NULL,NULL,NULL,NULL,2, 8.892361E+01,0,data,8
48410,16651,940626,124550,94C2, 9.128000E+01,36,27,63,36,27, 1.939713E+01, 3.128726E+01, 2.913601E+01, 6.934113E+01, 6.851986E+01, 1.903329E+00, 1.380160E+01, 1.812424E+01, 2.268194E+01, 1.196256E+02, 3.442673E+01, 2.773788E+01, 1.201201E+01,22, 5.852269E+00,2, 0.000000E+00,0, 0.000000E+00,18, 3.577538E+01, 4.460558E-01, 4.154098E+00,NULL,NULL,1,data,8
48410,16657,940626,124551,94C2, 9.128000E+01,2,3,5,2,3,-1.198736E+01, 7.162085E+00, 4.271289E+00, 1.466624E+01, 1.460449E+01, 7.302245E+00,-1.226363E+01, 7.164280E+00, 4.918720E+00, 1.885656E+01, 0.000000E+00, 4.190320E+00, 0.000000E+00,NULL,NULL,NULL,NULL,0, 0.000000E+00,NULL,NULL,NULL,NULL,3, 1.012541E+00,0,data,8
48410,16658,940626,124551,94C2, 9.128000E+01,1,1,2,1,1,-1.610698E+01,-2.461815E-01,-2.592190E+01, 3.051982E+01, 3.051950E+01, 3.051950E+01,-1.731760E+01,-3.140717E-01,-5.317168E+01, 5.779657E+01, 0.000000E+00, 2.727675E+01, 0.000000E+00,NULL,NULL,NULL,NULL,0, 0.000000E+00,NULL,NULL,NULL,NULL,1, 0.000000E+00,0,data,8
48410,16664,940626,124553,94C2, 9.128000E+01,0,3,3,0,3, 0.000000E+00, 0.000000E+00, 0.000000E+00, 0.000000E+00, 0.000000E+00, 0.000000E+00,-6.986356E-02, 5.069160E-02, 2.277664E+00, 9.441138E+01, 0.000000E+00, 9.441138E+01, 0.000000E+00,NULL,NULL,NULL,NULL,0, 0.000000E+00,NULL,NULL,NULL,NULL,3, 9.441138E+01,0,data,8
48410,16665,940626,124553,94C2, 9.128000E+01,0,3,3,0,3, 0.000000E+00, 0.000000E+00, 0.000000E+00, 0.000000E+00, 0.000000E+00, 0.000000E+00, 7.744453E-02, 6.479380E-02,-3.280609E+00, 3.283811E+00, 0.000000E+00, 3.283811E+00, 0.000000E+00,NULL,NULL,NULL,NULL,0, 0.000000E+00,NULL,NULL,NULL,NULL,3, 3.283811E+00,0,data,8
48410,16666,940626,124556,94C2, 9.128000E+01,0,3,3,0,3, 0.000000E+00, 0.000000E+00, 0.000000E+00, 0.000000E+00, 0.000000E+00, 0.000000E+00,-1.119387E-01,-2.349484E-02,-4.622185E+00, 9.644019E+01, 0.000000E+00, 9.644019E+01, 0.000000E+00,NULL,NULL,NULL,NULL,0, 0.000000E+00,NULL,NULL,NULL,NULL,3, 9.644019E+01,0,data,8
48410,16667,940626,124556,94C2, 9.128000E+01,0,2,2,0,2, 0.000000E+00, 0.000000E+00, 0.000000E+00, 0.000000E+00, 0.000000E+00, 0.000000E+00, 8.839297E-02,-5.459756E-03, 1.203857E+00, 8.961496E+01, 0.000000E+00, 8.961496E+01, 0.000000E+00,NULL,NULL,NULL,NULL,0, 0.000000E+00,NULL,NULL,NULL,NULL,2, 8.961496E+01,0,data,8
48410,16672,940626,124556,94C2, 9.128000E+01,0,2,2,0,2, 0.000000E+00, 0.000000E+00, 0.000000E+00, 0.000000E+00, 0.000000E+00, 0.000000E+00,-2.522215E-01,-5.382487E-01, 9.563652E+00, 7.951822E+01, 0.000000E+00, 7.951822E+01, 0.000000E+00,NULL,NULL,NULL,NULL,0, 0.000000E+00,NULL,NULL,NULL,NULL,2, 7.951822E+01,0,data,8
48410,16676,940626,124558,94C2, 9.128000E+01,4,1,5,4,1, 1.968384E-02,-1.449039E+00, 4.639734E+00, 8.665947E+00, 8.646647E+00, 2.161662E+00, 4.683580E-02,-1.680314E+00, 5.389580E+00, 9.451118E+00, 0.000000E+00, 7.851706E-01, 0.000000E+00,0, 0.000000E+00,4, 7.420853E+01,0, 0.000000E+00,NULL,NULL,NULL,NULL,NULL,NULL,0,data,8
48410,16681,940626,124559,94C2, 9.128000E+01,4,3,7,4,3, 3.157200E+01,-2.220159E+00,-3.753500E+00, 3.658778E+01, 3.658049E+01, 9.145122E+00, 3.291220E+01,-2.116590E+00,-3.705831E+00, 3.914227E+01, 3.658366E+01, 1.944318E+00, 0.000000E+00,5, 4.342947E+00,0, 0.000000E+00,0, 0.000000E+00,3, 2.554487E+00, 6.101691E-01, 9.933536E-01,NULL,NULL,0,data,8
48410,16682,940626,124559,94C2, 9.128000E+01,10,2,12,10,2,-4.943070E-01, 2.985981E-01, 4.487936E-01, 4.699737E+00, 4.423432E+00, 4.423432E-01,-1.553089E+00, 2.093266E-01, 2.432120E+00, 6.949937E+00, 2.692713E+00, 5.273263E-01, 1.722875E+00,0, 0.000000E+00,1, 0.000000E+00,0, 0.000000E+00,NULL,NULL,NULL,NULL,NULL,NULL,0,data,8
48410,16685,940626,124600,94C2, 9.128000E+01,34,25,59,34,25,-1.923761E+00, 9.176493E+00,-3.774932E+00, 6.734189E+01, 6.676897E+01, 1.963793E+00, 1.502796E+00,-1.575290E+00, 6.734564E-01, 9.158823E+01, 6.476424E+01, 1.825262E+01, 5.697816E+00,28, 4.395033E+00,0, 0.000000E+00,0, 0.000000E+00,16, 1.550502E+01, 3.666727E-01, 2.570383E+00,NULL,NULL,1,data,8
48410,16686,940626,124600,94C2, 9.128000E+01,28,17,45,28,17, 3.357765E+00, 6.238299E+00,-3.843989E+00, 5.220289E+01, 5.169788E+01, 1.846353E+00,-3.275948E+00,-4.200561E+00, 3.719219E+00, 8.608353E+01, 5.068896E+01, 2.421538E+01, 9.665266E+00,23, 3.336703E+00,0, 0.000000E+00,0, 0.000000E+00,13, 2.195514E+01, 4.179555E-01, 4.566302E+00,NULL,NULL,1,data,8
48410,16688,940626,124603,94C2, 9.128000E+01,34,14,48,34,14,-6.688251E+00, 5.261045E+00, 4.812750E+01, 9.540782E+01, 9.457491E+01, 2.781615E+00,-7.051280E+00, 4.561275E+00, 4.951656E+01, 1.193406E+02, 2.179996E+01, 2.393284E+01, 0.000000E+00,2, 0.000000E+00,16, 7.078084E+00,0, 0.000000E+00,2, 2.817169E+00, 9.548704E-01, 1.862298E+00,NULL,NULL,1,data,8
48410,16690,940626,124603,94C2, 9.128000E+01,2,0,2,2,0,-8.893996E-01, 1.592436E+00,-4.645995E+00, 8.363978E+00, 8.356845E+00, 4.178422E+00,-8.893996E-01, 1.592436E+00,-4.645995E+00, 8.363978E+00, 8.361562E+00, 0.000000E+00, 0.000000E+00,0, 0.000000E+00,1, 0.000000E+00,0, 0.000000E+00,NULL,NULL,NULL,NULL,NULL,NULL,0,data,8
48410,16691,940626,124603,94C2, 9.128000E+01,0,2,2,0,2, 0.000000E+00, 0.000000E+00, 0.000000E+00, 0.000000E+00, 0.000000E+00, 0.000000E+00, 1.245265E-01,-2.900267E-02,-6.005669E-01, 9.009193E+01, 0.000000E+00, 9.009193E+01, 0.000000E+00,NULL,NULL,NULL,NULL,0, 0.000000E+00,NULL,NULL,NULL,NULL,2, 9.009193E+01,0,data,8
48410,16693,940626,124603,94C2, 9.128000E+01,0,27,27,0,27, 0.000000E+00, 0.000000E+00, 0.000000E+00, 0.000000E+00, 0.000000E+00, 0.000000E+00,-2.220860E+00,-5.410419E+00, 2.800236E+01, 3.290757E+01, 0.000000E+00, 3.290757E+01, 0.000000E+00,0, 0.000000E+00,27, 3.290757E+01,0, 0.000000E+00,NULL,NULL,NULL,NULL,NULL,NULL,0,data,8
48410,16694,940626,124605,94C2, 9.128000E+01,0,3,3,0,3, 0.000000E+00, 0.000000E+00, 0.000000E+00, 0.000000E+00, 0.000000E+00, 0.000000E+00,-7.396030E-02,-7.844150E-03,-1.880638E+00, 9.462938E+01, 0.000000E+00, 9.462938E+01, 0.000000E+00,NULL,NULL,NULL,NULL,0, 0.000000E+00,NULL,NULL,NULL,NULL,3, 9.462938E+01,0,data,8
48410,16697,940626,124605,94C2, 9.128000E+01,0,2,2,0,2, 0.000000E+00, 0.000000E+00, 0.000000E+00, 0.000000E+00, 0.000000E+00, 0.000000E+00, 9.307694E-02, 1.137395E-01, 1.550010E+01, 7.681836E+01, 0.000000E+00, 7.681836E+01, 0.000000E+00,NULL,NULL,NULL,NULL,0, 0.000000E+00,NULL,NULL,NULL,NULL,2, 7.681836E+01,0,data,8
48410,16699,940626,124605,94C2, 9.128000E+01,0,2,2,0,2, 0.000000E+00, 0.000000E+00, 0.000000E+00, 0.000000E+00, 0.000000E+00, 0.000000E+00,-4.406381E-02, 1.228011E-02,-1.490658E+00, 9.254178E+01, 0.000000E+00, 9.254178E+01, 0.000000E+00,NULL,NULL,NULL,NULL,0, 0.000000E+00,NULL,NULL,NULL,NULL,2, 9.254178E+01,0,data,8
48410,16705,940626,124608,94C2, 9.128000E+01,0,2,2,0,2, 0.000000E+00, 0.000000E+00, 0.000000E+00, 0.000000E+00, 0.000000E+00, 0.000000E+00,-3.204937E-01, 3.310027E-01, 3.379650E+00, 9.113043E+01, 0.000000E+00, 9.113043E+01, 0.000000E+00,NULL,NULL,NULL,NULL,0, 0.000000E+00,NULL,NULL,NULL,NULL,2, 9.113043E+01,0,data,8
48410,16709,940626,124610,94C2, 9.128000E+01,23,10,33,23,10,-8.555354E-01, 1.519060E+00,-1.360361E+00, 5.173256E+01, 5.139668E+01, 2.234638E+00,-1.398753E+00,-9.097322E+00, 9.072863E+00, 6.940540E+01, 5.090131E+01, 1.703680E+01, 6.360400E-01,9, 5.182823E-01,1, 0.000000E+00,0, 0.000000E+00,4, 1.547395E+01, 1.684036E+00, 9.297441E+00,NULL,NULL,1,data,8
48410,16712,940626,124610,94C2, 9.128000E+01,0,2,2,0,2, 0.000000E+00, 0.000000E+00, 0.000000E+00, 0.000000E+00, 0.000000E+00, 0.000000E+00, 4.603100E-02, 9.143221E-02, 1.335632E+00, 9.162187E+01, 0.000000E+00, 9.162187E+01, 0.000000E+00,NULL,NULL,NULL,NULL,0, 0.000000E+00,NULL,NULL,NULL,NULL,2, 9.162187E+01,0,data,8
48410,16713,940626,124610,94C2, 9.128000E+01,0,2,2,0,2, 0.000000E+00, 0.000000E+00, 0.000000E+00, 0.000000E+00, 0.000000E+00, 0.000000E+00, 4.810071E-02,-6.016457E-02, 6.365700E-01, 9.510537E+01, 0.000000E+00, 9.510537E+01, 0.000000E+00,NULL,NULL,NULL,NULL,0, 0.000000E+00,NULL,NULL,NULL,NULL,2, 9.510537E+01,0,data,8
48410,16714,940626,124610,94C2, 9.128000E+01,2,0,2,2,0,-4.111333E+00, 1.206028E+01, 4.606719E+00, 3.984473E+01, 3.984363E+01, 1.992182E+01,-4.111333E+00, 1.206028E+01, 4.606719E+00, 3.984473E+01, 2.669572E+01, 0.000000E+00, 0.000000E+00,1, 0.000000E+00,0, 0.000000E+00,0, 0.000000E+00,NULL,NULL,NULL,NULL,NULL,NULL,0,data,8
48410,16715,940626,124611,94C2, 9.128000E+01,0,2,2,0,2, 0.000000E+00, 0.000000E+00, 0.000000E+00, 0.000000E+00, 0.000000E+00, 0.000000E+00, 4.119251E-01,-7.529318E-02, 3.894772E+00, 9.072630E+01, 0.000000E+00, 9.072630E+01, 0.000000E+00,NULL,NULL,NULL,NULL,0, 0.000000E+00,NULL,NULL,NULL,NULL,2, 9.072630E+01,0,data,8
48410,16718,940626,124611,94C2, 9.128000E+01,26,17,43,26,17,-2.079294E+00, 3.439144E+00, 2.372908E+00, 5.924128E+01, 5.890227E+01, 2.265472E+00, 6.544753E+00, 1.046755E+00,-6.034828E+00, 8.018726E+01, 4.574594E+01, 1.869298E+01, 4.208274E-01,15, 3.064251E+00,3, 0.000000E+00,0, 0.000000E+00,13, 1.798055E+01, 4.829453E-01, 3.809266E+00,NULL,NULL,1,data,8
48410,16720,940626,124615,94C2, 9.128000E+01,0,2,2,0,2, 0.000000E+00, 0.000000E+00, 0.000000E+00, 0.000000E+00, 0.000000E+00, 0.000000E+00, 9.654397E-02, 1.424336E-02,-9.627495E-01, 8.930713E+01, 0.000000E+00, 8.930713E+01, 0.000000E+00,NULL,NULL,NULL,NULL,0, 0.000000E+00,NULL,NULL,NULL,NULL,2, 8.930713E+01,0,data,8
48410,16721,940626,124615,94C2, 9.128000E+01,0,2,2,0,2, 0.000000E+00, 0.000000E+00, 0.000000E+00, 0.000000E+00, 0.000000E+00, 0.000000E+00,-6.789207E-03,-1.052511E-01, 2.012657E+00, 9.252719E+01, 0.000000E+00, 9.252719E+01, 0.000000E+00,NULL,NULL,NULL,NULL,0, 0.000000E+00,NULL,NULL,NULL,NULL,2, 9.252719E+01,0,data,8
48410,16723,940626,124615,94C2, 9.128000E+01,0,2,2,0,2, 0.000000E+00, 0.000000E+00, 0.000000E+00, 0.000000E+00, 0.000000E+00, 0.000000E+00,-1.103748E-01,-5.874634E-03,-2.327698E+00, 8.982053E+01, 0.000000E+00, 8.982053E+01, 0.000000E+00,NULL,NULL,NULL,NULL,0, 0.000000E+00,NULL,NULL,NULL,NULL,2, 8.982053E+01,0,data,8
48410,16725,940626,124615,94C2, 9.128000E+01,0,2,2,0,2, 0.000000E+00, 0.000000E+00, 0.000000E+00, 0.000000E+00, 0.000000E+00, 0.000000E+00, 1.033447E-01, 2.705336E-02,-6.838341E-01, 9.455081E+01, 0.000000E+00, 9.455081E+01, 0.000000E+00,NULL,NULL,NULL,NULL,0, 0.000000E+00,NULL,NULL,NULL,NULL,2, 9.455081E+01,0,data,8
48410,16728,940626,124615,94C2, 9.128000E+01,0,2,2,0,2, 0.000000E+00, 0.000000E+00, 0.000000E+00, 0.000000E+00, 0.000000E+00, 0.000000E+00, 1.856661E-02,-3.845274E-02,-5.306313E+00, 9.052823E+01, 0.000000E+00, 9.052823E+01, 0.000000E+00,NULL,NULL,NULL,NULL,0, 0.000000E+00,NULL,NULL,NULL,NULL,2, 9.052823E+01,0,data,8
48410,16730,940626,124618,94C2, 9.128000E+01,0,2,2,0,2, 0.000000E+00, 0.000000E+00, 0.000000E+00, 0.000000E+00, 0.000000E+00, 0.000000E+00,-1.670151E-01,-4.119039E-02,-2.275757E+00, 9.193265E+01, 0.000000E+00, 9.193265E+01, 0.000000E+00,NULL,NULL,NULL,NULL,0, 0.000000E+00,NULL,NULL,NULL,NULL,2, 9.193265E+01,0,data,8
48410,16732,940626,124618,94C2, 9.128000E+01,28,20,48,28,20, 8.971215E-01, 2.288587E+00,-1.252888E+00, 4.858096E+01, 4.806402E+01, 1.716572E+00,-1.765366E+00,-2.199443E-01, 2.823921E+00, 6.900874E+01, 2.583010E+01, 1.757118E+01, 7.562926E-01,7, 4.152527E-02,15, 2.005478E+01,0, 0.000000E+00,6, 7.188998E+00, 4.695154E-01, 1.763951E+00,3, 0.000000E+00,1,data,8
48410,16734,940626,124618,94C2, 9.128000E+01,30,19,49,30,19, 2.366034E-01, 3.049562E+00, 4.076914E+00, 6.592066E+01, 6.549755E+01, 2.183252E+00, 2.447523E-01, 7.675733E-01, 2.040066E+00, 8.156827E+01, 5.930809E+01, 7.377088E+00, 6.519601E+00,4, 0.000000E+00,5, 0.000000E+00,0, 0.000000E+00,4, 4.339767E+00, 4.198920E-01, 1.750921E+00,NULL,NULL,1,data,8
48410,16736,940626,124620,94C2, 9.128000E+01,0,2,2,0,2, 0.000000E+00, 0.000000E+00, 0.000000E+00, 0.000000E+00, 0.000000E+00, 0.000000E+00, 5.061591E-02,-6.992519E-02, 1.515465E+00, 9.225417E+01, 0.000000E+00, 9.225417E+01, 0.000000E+00,NULL,NULL,NULL,NULL,0, 0.000000E+00,NULL,NULL,NULL,NULL,2, 9.225417E+01,0,data,8
48410,16737,940626,124620,94C2, 9.128000E+01,0,2,2,0,2, 0.000000E+00, 0.000000E+00, 0.000000E+00, 0.000000E+00, 0.000000E+00, 0.000000E+00, 1.475937E-01,-4.356812E-01,-1.010011E+01, 7.859670E+01, 0.000000E+00, 7.859670E+01, 0.000000E+00,NULL,NULL,NULL,NULL,0, 0.000000E+00,NULL,NULL,NULL,NULL,2, 7.859670E+01,0,data,8
48410,16739,940626,124620,94C2, 9.128000E+01,20,11,31,20,11, 6.795252E+00,-8.966350E+00, 4.724969E+00, 3.655475E+01, 3.624878E+01, 1.812439E+00, 5.283950E+00,-5.728687E+00, 2.394454E+00, 6.610081E+01, 3.203071E+01, 2.122635E+01, 7.417375E+00,12, 5.186524E+00,0, 0.000000E+00,0, 0.000000E+00,9, 2.243845E+01, 3.838271E-01, 6.942118E+00,NULL,NULL,1,data,8
48410,16741,940626,124621,94C2, 9.128000E+01,34,12,46,34,12,-2.537968E+00, 6.043813E-01,-2.215141E+00, 8.905856E+01, 8.849883E+01, 2.602907E+00, 8.076215E-01,-1.536485E+00, 6.034858E-01, 9.828837E+01, 8.557490E+01, 5.217087E+00, 2.477627E+00,11, 2.241848E+00,1, 0.000000E+00,0, 0.000000E+00,5, 5.154123E+00, 5.460864E-01, 1.636536E+00,NULL,NULL,1,data,8
48410,16742,940626,124621,94C2, 9.128000E+01,0,2,2,0,2, 0.000000E+00, 0.000000E+00, 0.000000E+00, 0.000000E+00, 0.000000E+00, 0.000000E+00, 1.111650E-02, 9.176970E-03, 4.344749E-01, 9.342802E+01, 0.000000E+00, 9.342802E+01, 0.000000E+00,NULL,NULL,NULL,NULL,0, 0.000000E+00,NULL,NULL,NULL,NULL,2, 9.342802E+01,0,data,8
48410,16743,940626,124622,94C2, 9.128000E+01,70,25,95,70,25, 4.382083E+00,-3.477614E+00,-1.516475E+00, 5.936019E+01, 5.723795E+01, 8.176850E-01,-7.979217E-01,-3.611359E+00,-3.344049E+00, 9.259547E+01, 4.532070E+01, 2.989215E+01, 1.510567E+00,24, 9.465566E-01,0, 0.000000E+00,0, 0.000000E+00,17, 2.709566E+01, 4.632036E-01, 6.409422E+00,NULL,NULL,1,data,8
48410,16744,940626,124624,94C2, 9.128000E+01,0,2,2,0,2, 0.000000E+00, 0.000000E+00, 0.000000E+00, 0.000000E+00, 0.000000E+00, 0.000000E+00, 2.418306E-01, 8.780313E-02,-1.424591E+00, 9.072568E+01, 0.000000E+00, 9.072568E+01, 0.000000E+00,NULL,NULL,NULL,NULL,0, 0.000000E+00,NULL,NULL,NULL,NULL,2, 9.072568E+01,0,data,8
48410,16747,940626,124624,94C2, 9.128000E+01,3,5,8,3,5,-2.002916E-01,-1.327478E+00, 1.295621E+00, 3.260428E+00, 3.183672E+00, 1.061224E+00, 2.117341E-01,-1.057549E+00,-1.362814E+00, 6.745636E+00, 0.000000E+00, 3.485208E+00, 0.000000E+00,NULL,NULL,NULL,NULL,0, 0.000000E+00,NULL,NULL,NULL,NULL,3, 0.000000E+00,0,data,8
48410,16749,940626,124624,94C2, 9.128000E+01,32,18,50,32,18,-4.408155E+00,-9.923093E+00, 7.196367E+00, 5.163026E+01, 5.116830E+01, 1.599009E+00,-2.678618E+00,-1.381957E+00, 1.506305E+00, 9.380552E+01, 4.348870E+01, 3.178637E+01, 6.678090E+00,18, 2.458066E+00,0, 0.000000E+00,0, 0.000000E+00,12, 3.517128E+01, 6.068552E-01, 1.492358E+01,NULL,NULL,1,data,8
48410,16752,940626,124629,94C2, 9.128000E+01,0,2,2,0,2, 0.000000E+00, 0.000000E+00, 0.000000E+00, 0.000000E+00, 0.000000E+00, 0.000000E+00,-1.250021E-01,-1.178664E-01, 2.944386E+00, 9.377922E+01, 0.000000E+00, 9.377922E+01, 0.000000E+00,NULL,NULL,NULL,NULL,0, 0.000000E+00,NULL,NULL,NULL,NULL,2, 9.377922E+01,0,data,8
48410,16755,940626,124629,94C2, 9.128000E+01,0,27,27,0,27, 0.000000E+00, 0.000000E+00, 0.000000E+00, 0.000000E+00, 0.000000E+00, 0.000000E+00,-2.764180E+00,-8.151172E+00, 3.491369E+01, 3.788844E+01, 0.000000E+00, 3.788844E+01, 0.000000E+00,0, 0.000000E+00,27, 3.788844E+01,0, 0.000000E+00,NULL,NULL,NULL,NULL,NULL,NULL,0,data,8
48410,16765,940626,124631,94C2, 9.128000E+01,32,26,58,32,26, 6.913696E+00,-8.140654E+00, 1.109741E+01, 3.517580E+01, 3.450587E+01, 1.078309E+00, 6.398777E+00,-8.548263E+00, 1.328905E+01, 8.080276E+01, 2.988247E+01, 3.782111E+01, 5.117782E+00,11, 7.063748E-02,16, 7.380331E-01,0, 0.000000E+00,10, 2.184390E+01, 3.310091E-01, 5.719728E+00,NULL,NULL,1,data,8
48410,16767,940626,124633,94C2, 9.128000E+01,0,3,3,0,3, 0.000000E+00, 0.000000E+00, 0.000000E+00, 0.000000E+00, 0.000000E+00, 0.000000E+00,-8.511342E-02,-1.204322E-01, 1.659470E-01, 9.160616E+01, 0.000000E+00, 9.160616E+01, 0.000000E+00,NULL,NULL,NULL,NULL,0, 0.000000E+00,NULL,NULL,NULL,NULL,3, 9.160616E+01,0,data,8
48410,16768,940626,124633,94C2, 9.128000E+01,0,2,2,0,2, 0.000000E+00, 0.000000E+00, 0.000000E+00, 0.000000E+00, 0.000000E+00, 0.000000E+00, 2.093606E-01,-3.831649E-02, 1.795620E+00, 9.353862E+01, 0.000000E+00, 9.353862E+01, 0.000000E+00,NULL,NULL,NULL,NULL,0, 0.000000E+00,NULL,NULL,NULL,NULL,2, 9.353862E+01,0,data,8
48410,16772,940626,124633,94C2, 9.128000E+01,1,2,3,1,2,-1.609970E+00,-7.151555E+00, 2.613457E+00, 7.783725E+00, 7.782474E+00, 7.782474E+00,-1.269772E-01,-6.855106E-02,-3.674557E+01, 5.139730E+01, 7.782474E+00, 4.361357E+01, 0.000000E+00,2, 5.652847E+00,1, 0.000000E+00,0, 0.000000E+00,1, 2.348570E+00, 2.348570E+00, 2.348570E+00,NULL,NULL,0,data,8
48410,16774,940626,124636,94C2, 9.128000E+01,7,6,13,7,6, 3.472924E+01,-4.529601E+01,-9.951396E+01, 1.756929E+02, 1.756186E+02, 2.508837E+01, 3.096579E+01,-4.023486E+01,-8.956281E+01, 1.891350E+02, 4.786825E+01, 1.310792E+01, 3.341462E-01,0, 0.000000E+00,8, 7.520981E+01,0, 0.000000E+00,NULL,NULL,NULL,NULL,NULL,NULL,1,data,8
48410,16777,940626,124636,94C2, 9.128000E+01,0,2,2,0,2, 0.000000E+00, 0.000000E+00, 0.000000E+00, 0.000000E+00, 0.000000E+00, 0.000000E+00, 4.874897E-02,-1.882058E-02, 2.876968E-01, 9.175766E+01, 0.000000E+00, 9.175766E+01, 0.000000E+00,NULL,NULL,NULL,NULL,0, 0.000000E+00,NULL,NULL,NULL,NULL,2, 9.175766E+01,0,data,8
48410,16778,940626,124636,94C2, 9.128000E+01,0,2,2,0,2, 0.000000E+00, 0.000000E+00, 0.000000E+00, 0.000000E+00, 0.000000E+00, 0.000000E+00, 3.160949E-01, 3.632432E-01, 5.364273E+00, 8.782178E+01, 0.000000E+00, 8.782178E+01, 0.000000E+00,NULL,NULL,NULL,NULL,0, 0.000000E+00,NULL,NULL,NULL,NULL,2, 8.782178E+01,0,data,8
48410,16779,940626,124636,94C2, 9.128000E+01,0,34,34,0,34, 0.000000E+00, 0.000000E+00, 0.000000E+00, 0.000000E+00, 0.000000E+00, 0.000000E+00, 1.428058E+00,-7.787040E+00,-3.393874E+01, 3.864367E+01, 0.000000E+00, 3.864367E+01, 0.000000E+00,0, 0.000000E+00,27, 3.511369E+01,0, 0.000000E+00,NULL,NULL,NULL,NULL,NULL,NULL,0,data,8
48410,16784,940626,124637,94C2, 9.128000E+01,0,2,2,0,2, 0.000000E+00, 0.000000E+00, 0.000000E+00, 0.000000E+00, 0.000000E+00, 0.000000E+00, 1.521277E-01, 5.051260E-02, 4.817219E+00, 9.012183E+01, 0.000000E+00, 9.012183E+01, 0.000000E+00,NULL,NULL,NULL,NULL,0, 0.000000E+00,NULL,NULL,NULL,NULL,2, 9.012183E+01,0,data,8
48410,16785,940626,124637,94C2, 9.128000E+01,7,2,9,7,2, 2.326418E+00, 3.057129E+00,-1.950655E+01, 2.147353E+01, 2.143858E+01, 3.062654E+00,-3.156551E+00,-3.363095E+00, 2.131187E+01, 6.315630E+01, 0.000000E+00, 4.168277E+01, 0.000000E+00,0, 0.000000E+00,2, 4.733645E+01,0, 0.000000E+00,NULL,NULL,NULL,NULL,1, 0.000000E+00,0,data,8
48410,16787,940626,124638,94C2, 9.128000E+01,0,2,2,0,2, 0.000000E+00, 0.000000E+00, 0.000000E+00, 0.000000E+00, 0.000000E+00, 0.000000E+00,-7.835197E-02,-5.701160E-02,-2.381886E+00, 9.093332E+01, 0.000000E+00, 9.093332E+01, 0.000000E+00,NULL,NULL,NULL,NULL,0, 0.000000E+00,NULL,NULL,NULL,NULL,2, 9.093332E+01,0,data,8
48410,16788,940626,124638,94C2, 9.128000E+01,31,11,42,31,11, 1.487382E+00, 5.518543E-01,-3.862457E+00, 6.710890E+01, 6.655271E+01, 2.146862E+00, 1.873860E+00, 1.227603E+00,-4.749319E+00, 8.562424E+01, 5.836423E+01, 1.102170E+01, 3.150244E+00,16, 2.707782E+00,0, 0.000000E+00,0, 0.000000E+00,9, 1.536509E+01, 6.328558E-01, 3.780428E+00,NULL,NULL,1,data,8
48410,16789,940626,124638,94C2, 9.128000E+01,0,2,2,0,2, 0.000000E+00, 0.000000E+00, 0.000000E+00, 0.000000E+00, 0.000000E+00, 0.000000E+00, 1.892513E-02,-1.242218E-01, 2.476212E+00, 8.984216E+01, 0.000000E+00, 8.984216E+01, 0.000000E+00,NULL,NULL,NULL,NULL,0, 0.000000E+00,NULL,NULL,NULL,NULL,2, 8.984216E+01,0,data,8
48410,16790,940626,124638,94C2, 9.128000E+01,9,2,11,9,2,-5.252657E-01, 1.841502E+00, 6.605795E+00, 4.766039E+01, 4.761429E+01, 5.290476E+00, 8.417467E-02, 1.870533E+00, 7.576829E+00, 4.937497E+01, 0.000000E+00, 1.051676E+00, 0.000000E+00,1, 0.000000E+00,6, 3.910604E+01,0, 0.000000E+00,1, 6.628965E-01, 6.628965E-01, 6.628965E-01,NULL,NULL,0,data,8
48410,16792,940626,124641,94C2, 9.128000E+01,0,2,2,0,2, 0.000000E+00, 0.000000E+00, 0.000000E+00, 0.000000E+00, 0.000000E+00, 0.000000E+00,-6.133389E-02,-6.886840E-02, 2.035149E+00, 9.298308E+01, 0.000000E+00, 9.298308E+01, 0.000000E+00,NULL,NULL,NULL,NULL,0, 0.000000E+00,NULL,NULL,NULL,NULL,2, 9.298308E+01,0,data,8
48410,16801,940626,124642,94C2, 9.128000E+01,2,4,6,2,4,-1.394043E-01,-1.093233E-01,-6.047672E-01, 8.142779E-01, 7.515790E-01, 3.757895E-01,-5.103719E-01,-6.742696E-02, 3.863750E+01, 5.288135E+01, 0.000000E+00, 5.206707E+01, 0.000000E+00,0, 0.000000E+00,2, 0.000000E+00,0, 0.000000E+00,NULL,NULL,NULL,NULL,1, 0.000000E+00,0,data,8
48410,16802,940626,124642,94C2, 9.128000E+01,0,3,3,0,3, 0.000000E+00, 0.000000E+00, 0.000000E+00, 0.000000E+00, 0.000000E+00, 0.000000E+00,-1.347869E-01,-1.894077E-01,-2.544006E+00, 9.283564E+01, 0.000000E+00, 9.283564E+01, 0.000000E+00,NULL,NULL,NULL,NULL,0, 0.000000E+00,NULL,NULL,NULL,NULL,2, 9.269292E+01,0,data,8
48410,16805,940626,124644,94C2, 9.128000E+01,0,2,2,0,2, 0.000000E+00, 0.000000E+00, 0.000000E+00, 0.000000E+00, 0.000000E+00, 0.000000E+00, 7.329988E-02,-8.208312E-02, 2.792141E+00, 9.127725E+01, 0.000000E+00, 9.127725E+01, 0.000000E+00,NULL,NULL,NULL,NULL,0, 0.000000E+00,NULL,NULL,NULL,NULL,2, 9.127725E+01,0,data,8
48410,16808,940626,124644,94C2, 9.128000E+01,28,24,52,28,24,-8.247224E+00,-1.863198E+00,-1.348308E+01, 5.058241E+01, 5.019976E+01, 1.792849E+00,-3.849841E+00,-2.220626E+00,-6.809063E+00, 8.438878E+01, 4.545747E+01, 1.895565E+01, 1.311682E+01,7, 2.199188E-01,10, 0.000000E+00,0, 0.000000E+00,5, 8.520087E+00, 7.377862E-01, 2.967838E+00,NULL,NULL,1,data,8
48410,16810,940626,124645,94C2, 9.128000E+01,0,2,2,0,2, 0.000000E+00, 0.000000E+00, 0.000000E+00, 0.000000E+00, 0.000000E+00, 0.000000E+00,-1.072483E-01, 1.684368E-02, 2.147476E+00, 9.210777E+01, 0.000000E+00, 9.210777E+01, 0.000000E+00,NULL,NULL,NULL,NULL,0, 0.000000E+00,NULL,NULL,NULL,NULL,2, 9.210777E+01,0,data,8
48410,16813,940626,124645,94C2, 9.128000E+01,26,22,48,26,22,-1.175125E+00, 7.500239E+00,-1.261175E+01, 3.556455E+01, 3.509844E+01, 1.349940E+00,-2.445921E+00, 7.906848E+00,-1.614429E+01, 6.420898E+01, 2.284232E+01, 2.312738E+01, 5.517049E+00,4, 0.000000E+00,16, 2.332453E+00,0, 0.000000E+00,2, 1.224537E+00, 4.775074E-01, 7.470293E-01,1, 0.000000E+00,1,data,8
48410,16815,940626,124647,94C2, 9.128000E+01,21,12,33,21,12,-2.404046E+00,-1.761097E+00,-2.243819E+00, 6.852016E+01, 6.816408E+01, 3.245908E+00,-1.572045E+00,-1.830949E+00,-2.121762E+00, 7.700516E+01, 6.201034E+01, 4.408635E+00, 1.315681E+00,8, 3.040563E+00,1, 0.000000E+00,0, 0.000000E+00,6, 6.322062E+00, 6.722923E-01, 1.590068E+00,NULL,NULL,1,data,8
48410,16816,940626,124647,94C2, 9.128000E+01,18,13,31,18,13,-8.528264E+00, 1.625811E+01,-6.589496E+00, 5.495836E+01, 5.480830E+01, 3.044906E+00, 1.619800E+00,-4.607366E+00, 3.110653E+00, 1.034288E+02, 4.864214E+01, 1.252081E+01, 3.506821E+01,16, 1.784453E+00,1, 0.000000E+00,0, 0.000000E+00,8, 9.989629E+00, 4.563842E-01, 4.889134E+00,1, 0.000000E+00,1,data,8
48410,16818,940626,124650,94C2, 9.128000E+01,0,2,2,0,2, 0.000000E+00, 0.000000E+00, 0.000000E+00, 0.000000E+00, 0.000000E+00, 0.000000E+00,-2.831526E-01, 1.269581E-01,-5.568249E+00, 8.608253E+01, 0.000000E+00, 8.608253E+01, 0.000000E+00,NULL,NULL,NULL,NULL,0, 0.000000E+00,NULL,NULL,NULL,NULL,2, 8.608253E+01,0,data,8
48410,16822,940626,124650,94C2, 9.128000E+01,0,2,2,0,2, 0.000000E+00, 0.000000E+00, 0.000000E+00, 0.000000E+00, 0.000000E+00, 0.000000E+00, 2.777427E-02, 7.640886E-02, 2.274685E+00, 9.539134E+01, 0.000000E+00, 9.539134E+01, 0.000000E+00,NULL,NULL,NULL,NULL,0, 0.000000E+00,NULL,NULL,NULL,NULL,2, 9.539134E+01,0,data,8
48410,16823,940626,124650,94C2, 9.128000E+01,0,2,2,0,2, 0.000000E+00, 0.000000E+00, 0.000000E+00, 0.000000E+00, 0.000000E+00, 0.000000E+00, 1.701958E-01, 2.252479E-01,-3.487858E+00, 8.973625E+01, 0.000000E+00, 8.973625E+01, 0.000000E+00,NULL,NULL,NULL,NULL,0, 0.000000E+00,NULL,NULL,NULL,NULL,2, 8.973625E+01,0,data,8
48410,16825,940626,124650,94C2, 9.128000E+01,25,13,38,25,13, 3.367614E+00,-7.301139E+00, 4.932395E+00, 4.991254E+01, 4.927407E+01, 1.970963E+00, 1.870424E+00,-3.579642E+00, 3.244609E+00, 7.777624E+01, 4.474042E+01, 1.401892E+01, 1.384477E+01,11, 1.449603E+01,0, 0.000000E+00,0, 0.000000E+00,7, 1.401892E+01, 7.965793E-01, 4.461056E+00,NULL,NULL,1,data,8
48410,16827,940626,124651,94C2, 9.128000E+01,35,17,52,35,17,-1.004522E+00,-5.583075E-01, 2.125601E+01, 6.600741E+01, 6.534579E+01, 1.867023E+00,-3.492585E-01,-4.491687E-02, 1.535881E+01, 1.069136E+02, 2.297356E+01, 3.384813E+01, 6.582386E+00,3, 0.000000E+00,13, 1.032072E+00,0, 0.000000E+00,2, 3.618842E+00, 7.262582E-01, 2.892584E+00,1, 0.000000E+00,1,data,8
48410,16832,940626,124653,94C2, 9.128000E+01,0,2,2,0,2, 0.000000E+00, 0.000000E+00, 0.000000E+00, 0.000000E+00, 0.000000E+00, 0.000000E+00,-1.592243E-02, 4.044580E-02, 7.379742E+00, 8.494321E+01, 0.000000E+00, 8.494321E+01, 0.000000E+00,NULL,NULL,NULL,NULL,0, 0.000000E+00,NULL,NULL,NULL,NULL,2, 8.494321E+01,0,data,8
48410,16838,940626,124654,94C2, 9.128000E+01,31,18,49,31,18, 3.897391E+00, 2.667444E+00, 4.054899E+00, 4.485000E+01, 4.433495E+01, 1.430160E+00, 1.436350E+00, 2.641486E+00,-1.168712E+00, 6.904987E+01, 3.600297E+01, 1.554912E+01, 8.650747E+00,1, 0.000000E+00,13, 4.785016E+00,0, 0.000000E+00,1, 6.395992E-01, 6.395992E-01, 6.395992E-01,2, 0.000000E+00,1,data,8
48410,16840,940626,124657,94C2, 9.128000E+01,4,0,4,4,0,-8.365798E-01,-2.146876E+00, 3.421726E+00, 4.529387E+00, 4.485135E+00, 1.121284E+00,-8.365798E-01,-2.146876E+00, 3.421726E+00, 4.529387E+00, 4.029980E+00, 0.000000E+00, 0.000000E+00,1, 0.000000E+00,0, 0.000000E+00,0, 0.000000E+00,NULL,NULL,NULL,NULL,NULL,NULL,0,data,8
48410,16842,940626,124657,94C2, 9.128000E+01,0,2,2,0,2, 0.000000E+00, 0.000000E+00, 0.000000E+00, 0.000000E+00, 0.000000E+00, 0.000000E+00, 1.111531E-02,-9.024876E-02, 4.728775E-01, 9.179002E+01, 0.000000E+00, 9.179002E+01, 0.000000E+00,NULL,NULL,NULL,NULL,0, 0.000000E+00,NULL,NULL,NULL,NULL,2, 9.179002E+01,0,data,8
48410,16843,940626,124657,94C2, 9.128000E+01,0,8,8,0,8, 0.000000E+00, 0.000000E+00, 0.000000E+00, 0.000000E+00, 0.000000E+00, 0.000000E+00,-1.594218E-02,-3.687419E-01,-2.167027E+00, 4.825473E+01, 0.000000E+00, 4.825473E+01, 0.000000E+00,0, 0.000000E+00,5, 7.198936E+00,0, 0.000000E+00,NULL,NULL,NULL,NULL,2, 3.860397E+01,0,data,8
48410,16849,940626,124659,94C2, 9.128000E+01,0,19,19,0,19, 0.000000E+00, 0.000000E+00, 0.000000E+00, 0.000000E+00, 0.000000E+00, 0.000000E+00, 2.000257E+01,-2.372674E+00,-3.256635E+01, 3.834481E+01, 0.000000E+00, 3.834481E+01, 0.000000E+00,0, 0.000000E+00,19, 3.834481E+01,0, 0.000000E+00,NULL,NULL,NULL,NULL,NULL,NULL,0,data,8
48410,16853,940626,124659,94C2, 9.128000E+01,0,2,2,0,2, 0.000000E+00, 0.000000E+00, 0.000000E+00, 0.000000E+00, 0.000000E+00, 0.000000E+00,-2.299166E-01, 2.790326E-02,-2.805532E+00, 6.112765E+01, 0.000000E+00, 6.112765E+01, 0.000000E+00,NULL,NULL,NULL,NULL,0, 0.000000E+00,NULL,NULL,NULL,NULL,2, 6.112765E+01,0,data,8
48410,16856,940626,124700,94C2, 9.128000E+01,33,19,52,33,19, 1.622353E+00, 2.002646E+00,-9.072551E-01, 5.441695E+01, 5.386757E+01, 1.632350E+00,-2.042058E+00, 1.720968E+00,-5.729369E+00, 6.987437E+01, 4.715143E+01, 1.022306E+01, 4.379826E+00,7, 0.000000E+00,7, 0.000000E+00,0, 0.000000E+00,6, 6.319818E+00, 3.528882E-01, 2.214779E+00,1, 0.000000E+00,1,data,8
48410,16862,940626,124702,94C2, 9.128000E+01,26,11,37,26,11,-1.593598E+00, 1.358675E+01, 3.906526E+00, 5.650074E+01, 5.603270E+01, 2.155104E+00,-9.497089E-01, 1.060343E+01, 2.682293E+00, 6.735046E+01, 5.543105E+01, 9.449913E+00, 1.399801E+00,12, 1.759100E+00,0, 0.000000E+00,0, 0.000000E+00,5, 9.218119E+00, 4.083535E-01, 2.800117E+00,NULL,NULL,1,data,8
48410,16863,940626,124703,94C2, 9.128000E+01,44,23,67,44,23,-7.851640E+00,-7.501264E+00, 9.610384E-01, 7.318820E+01, 7.233147E+01, 1.643897E+00,-1.078699E+01,-1.088847E+01, 1.354058E+00, 1.112965E+02, 4.030231E+01, 2.777283E+01, 1.044451E+01,24, 4.920848E+00,0, 0.000000E+00,0, 0.000000E+00,16, 2.491999E+01, 3.489060E-01, 6.164126E+00,NULL,NULL,1,data,8
48410,16865,940626,124707,94C2, 9.128000E+01,0,2,2,0,2, 0.000000E+00, 0.000000E+00, 0.000000E+00, 0.000000E+00, 0.000000E+00, 0.000000E+00, 1.973619E-01, 4.072011E-02,-1.504894E+00, 9.112465E+01, 0.000000E+00, 9.112465E+01, 0.000000E+00,NULL,NULL,NULL,NULL,0, 0.000000E+00,NULL,NULL,NULL,NULL,2, 9.112465E+01,0,data,8
48410,16867,940626,124707,94C2, 9.128000E+01,2,0,2,2,0, 3.082207E+01, 5.500137E+01, 1.140279E+01, 1.227384E+02, 1.227380E+02, 6.136898E+01, 3.082207E+01, 5.500137E+01, 1.140279E+01, 1.227384E+02, 0.000000E+00, 0.000000E+00, 0.000000E+00,1, 6.745159E-02,0, 0.000000E+00,0, 0.000000E+00,NULL,NULL,NULL,NULL,NULL,NULL,0,data,8
48410,16868,940626,124707,94C2, 9.128000E+01,0,2,2,0,2, 0.000000E+00, 0.000000E+00, 0.000000E+00, 0.000000E+00, 0.000000E+00, 0.000000E+00, 5.085850E-02, 8.279192E-02,-2.900391E-01, 9.306421E+01, 0.000000E+00, 9.306421E+01, 0.000000E+00,NULL,NULL,NULL,NULL,0, 0.000000E+00,NULL,NULL,NULL,NULL,2, 9.306421E+01,0,data,8
48410,16869,940626,124707,94C2, 9.128000E+01,0,2,2,0,2, 0.000000E+00, 0.000000E+00, 0.000000E+00, 0.000000E+00, 0.000000E+00, 0.000000E+00, 1.710422E-01,-1.838818E-01,-2.592060E+00, 9.618956E+01, 0.000000E+00, 9.618956E+01, 0.000000E+00,NULL,NULL,NULL,NULL,0, 0.000000E+00,NULL,NULL,NULL,NULL,2, 9.618956E+01,0,data,8
48410,16872,940626,124708,94C2, 9.128000E+01,2,0,2,2,0, 1.054722E+00, 1.716061E-01, 6.892395E-01, 9.343137E+01, 9.343095E+01, 4.671548E+01, 1.054722E+00, 1.716061E-01, 6.892395E-01, 9.343137E+01, 9.343118E+01, 0.000000E+00, 0.000000E+00,2, 8.203408E-02,0, 0.000000E+00,0, 0.000000E+00,NULL,NULL,NULL,NULL,NULL,NULL,0,data,8
48410,16877,940626,124708,94C2, 9.128000E+01,2,1,3,2,1, 1.773432E+00,-2.116468E+01,-1.969433E+00, 2.320583E+01, 2.319515E+01, 1.159757E+01, 1.661330E+00,-1.774035E+01,-1.299599E+00, 2.669687E+01, 0.000000E+00, 3.491036E+00, 0.000000E+00,1, 0.000000E+00,0, 0.000000E+00,0, 0.000000E+00,NULL,NULL,NULL,NULL,NULL,NULL,0,data,8
48410,16878,940626,124711,94C2, 9.128000E+01,0,2,2,0,2, 0.000000E+00, 0.000000E+00, 0.000000E+00, 0.000000E+00, 0.000000E+00, 0.000000E+00, 7.089758E-02,-3.228378E-02, 3.666153E-01, 9.542654E+01, 0.000000E+00, 9.542654E+01, 0.000000E+00,NULL,NULL,NULL,NULL,0, 0.000000E+00,NULL,NULL,NULL,NULL,2, 9.542654E+01,0,data,8
48410,16881,940626,124711,94C2, 9.128000E+01,8,21,29,8,21,-1.759849E+00,-6.094139E-01,-6.308628E-01, 6.170445E+00, 6.061983E+00, 7.577479E-01,-1.562383E+00,-5.718780E-01, 4.502964E+00, 4.388903E+01, 6.048853E+00, 3.383629E+01, 3.882296E+00,0, 0.000000E+00,10, 0.000000E+00,0, 0.000000E+00,NULL,NULL,NULL,NULL,5, 0.000000E+00,0,data,8
48410,16884,940626,124711,94C2, 9.128000E+01,0,2,2,0,2, 0.000000E+00, 0.000000E+00, 0.000000E+00, 0.000000E+00, 0.000000E+00, 0.000000E+00, 2.154255E-02,-1.774955E-02,-8.551254E-01, 8.999054E+01, 0.000000E+00, 8.999054E+01, 0.000000E+00,NULL,NULL,NULL,NULL,0, 0.000000E+00,NULL,NULL,NULL,NULL,2, 8.999054E+01,0,data,8
48410,16886,940626,124713,94C2, 9.128000E+01,15,6,21,15,6, 1.512785E+00, 9.643058E-01, 1.789030E+01, 2.372656E+01, 2.341278E+01, 1.560852E+00, 7.966156E-01, 7.379469E-01, 1.724179E+01, 2.748270E+01, 4.431726E+00, 2.887335E+00, 8.688022E-01,0, 0.000000E+00,3, 0.000000E+00,0, 0.000000E+00,NULL,NULL,NULL,NULL,1, 0.000000E+00,0,data,8
48410,16887,940626,124713,94C2, 9.128000E+01,0,2,2,0,2, 0.000000E+00, 0.000000E+00, 0.000000E+00, 0.000000E+00, 0.000000E+00, 0.000000E+00,-3.433818E-02, 2.777267E-02, 9.964027E-01, 9.341755E+01, 0.000000E+00, 9.341755E+01, 0.000000E+00,NULL,NULL,NULL,NULL,0, 0.000000E+00,NULL,NULL,NULL,NULL,2, 9.341755E+01,0,data,8
48410,16891,940626,124713,94C2, 9.128000E+01,0,2,2,0,2, 0.000000E+00, 0.000000E+00, 0.000000E+00, 0.000000E+00, 0.000000E+00, 0.000000E+00, 2.143550E-02, 3.809382E-02,-2.801590E-01, 9.060536E+01, 0.000000E+00, 9.060536E+01, 0.000000E+00,NULL,NULL,NULL,NULL,0, 0.000000E+00,NULL,NULL,NULL,NULL,2, 9.060536E+01,0,data,8
48410,16892,940626,124716,94C2, 9.128000E+01,2,1,3,2,1,-2.067429E-01,-3.033367E-01, 5.166775E-01, 3.279382E+00, 3.267342E+00, 1.633671E+00, 2.464970E-01, 9.117942E-01, 7.795531E-01, 4.602663E+00, 3.274007E+00, 1.323281E+00, 0.000000E+00,2, 1.085921E+00,0, 0.000000E+00,0, 0.000000E+00,1, 1.323281E+00, 1.323281E+00, 1.323281E+00,NULL,NULL,0,data,8
48410,16896,940626,124716,94C2, 9.128000E+01,0,2,2,0,2, 0.000000E+00, 0.000000E+00, 0.000000E+00, 0.000000E+00, 0.000000E+00, 0.000000E+00, 6.461269E-02,-1.020417E-01,-2.347717E+00, 9.048985E+01, 0.000000E+00, 9.048985E+01, 0.000000E+00,NULL,NULL,NULL,NULL,0, 0.000000E+00,NULL,NULL,NULL,NULL,2, 9.048985E+01,0,data,8
48410,16899,940626,124716,94C2, 9.128000E+01,47,24,71,47,24,-5.550867E+00, 1.523763E+00,-3.584124E+00, 4.648693E+01, 4.517491E+01, 9.611682E-01,-2.469261E+00,-1.781093E+00, 1.006644E+00, 7.338908E+01, 3.818478E+01, 1.299400E+01, 8.834787E+00,13, 1.064867E-01,3, 0.000000E+00,0, 0.000000E+00,9, 9.479335E+00, 5.602494E-01, 1.697698E+00,NULL,NULL,1,data,8
48410,16900,940626,124716,94C2, 9.128000E+01,0,2,2,0,2, 0.000000E+00, 0.000000E+00, 0.000000E+00, 0.000000E+00, 0.000000E+00, 0.000000E+00,-2.379465E-02,-2.883077E-02,-2.201347E-01, 9.083334E+01, 0.000000E+00, 9.083334E+01, 0.000000E+00,NULL,NULL,NULL,NULL,0, 0.000000E+00,NULL,NULL,NULL,NULL,2, 9.083334E+01,0,data,8
48410,16902,940626,124716,94C2, 9.128000E+01,23,13,36,23,13, 5.552883E-01,-2.766612E-01,-2.074416E+00, 4.680840E+01, 4.644284E+01, 2.019254E+00,-9.241189E-01,-4.234123E+00, 2.654526E+00, 7.382456E+01, 4.501211E+01, 9.553704E+00, 1.615419E+01,13, 4.314454E+00,0, 0.000000E+00,0, 0.000000E+00,8, 1.087566E+01, 3.689101E-01, 3.007549E+00,NULL,NULL,1,data,8
48410,16904,940626,124716,94C2, 9.128000E+01,2,0,2,2,0,-2.267599E-03,-1.175785E-02,-4.086852E-03, 6.543915E+00, 6.537959E+00, 3.268979E+00,-2.267599E-03,-1.175785E-02,-4.086852E-03, 6.543915E+00, 0.000000E+00, 0.000000E+00, 0.000000E+00,NULL,NULL,NULL,NULL,0, 0.000000E+00,NULL,NULL,NULL,NULL,NULL,NULL,0,data,8
48410,16913,940626,124721,94C2, 9.128000E+01,40,17,57,40,17,-1.004786E+01, 5.523825E+00, 1.023754E+01, 4.354422E+01, 4.275730E+01, 1.068933E+00,-1.111205E+01, 5.554391E+00, 1.857847E+01, 6.059514E+01, 3.894476E+01, 1.180143E+01, 5.249481E+00,6, 1.022529E-01,4, 0.000000E+00,0, 0.000000E+00,3, 4.900208E+00, 7.373183E-01, 2.706474E+00,2, 0.000000E+00,1,data,8
48410,16915,940626,124723,94C2, 9.128000E+01,0,2,2,0,2, 0.000000E+00, 0.000000E+00, 0.000000E+00, 0.000000E+00, 0.000000E+00, 0.000000E+00, 1.844561E-01, 4.448320E-02, 1.312462E+00, 9.138527E+01, 0.000000E+00, 9.138527E+01, 0.000000E+00,NULL,NULL,NULL,NULL,0, 0.000000E+00,NULL,NULL,NULL,NULL,2, 9.138527E+01,0,data,8
48410,16917,940626,124723,94C2, 9.128000E+01,6,1,7,6,1, 6.766368E-01,-5.295810E-02, 1.554310E-01, 1.923121E+00, 1.692972E+00, 2.821620E-01, 6.556188E-01, 1.205049E-01, 8.036556E-01, 2.594483E+00, 5.667983E-01, 6.713616E-01, 0.000000E+00,0, 0.000000E+00,1, 0.000000E+00,0, 0.000000E+00,NULL,NULL,NULL,NULL,NULL,NULL,0,data,8
48410,16919,940626,124723,94C2, 9.128000E+01,2,4,6,2,4, 4.935274E-01, 2.602982E+00, 6.104146E-01, 3.638754E+01, 3.638647E+01, 1.819324E+01, 7.872078E+00,-1.858811E+00, 1.363893E+00, 4.506298E+01, 3.638702E+01, 2.648800E+00, 0.000000E+00,4, 2.439645E+01,0, 0.000000E+00,0, 0.000000E+00,3, 8.577589E+00, 5.454429E-01, 5.481192E+00,NULL,NULL,0,data,8
48410,16921,940626,124723,94C2, 9.128000E+01,2,0,2,2,0,-2.901707E+01, 1.037276E+01, 4.109861E+00, 7.158001E+01, 7.157934E+01, 3.578967E+01,-2.901707E+01, 1.037276E+01, 4.109861E+00, 7.158001E+01, 0.000000E+00, 0.000000E+00, 0.000000E+00,1, 0.000000E+00,0, 0.000000E+00,0, 0.000000E+00,NULL,NULL,NULL,NULL,NULL,NULL,0,data,8
48410,16925,940626,124725,94C2, 9.128000E+01,0,2,2,0,2, 0.000000E+00, 0.000000E+00, 0.000000E+00, 0.000000E+00, 0.000000E+00, 0.000000E+00, 6.203790E-01,-6.755149E-02,-1.083764E+01, 8.648598E+01, 0.000000E+00, 8.648598E+01, 0.000000E+00,NULL,NULL,NULL,NULL,0, 0.000000E+00,NULL,NULL,NULL,NULL,2, 8.648598E+01,0,data,8
48410,16929,940626,124727,94C2, 9.128000E+01,0,2,2,0,2, 0.000000E+00, 0.000000E+00, 0.000000E+00, 0.000000E+00, 0.000000E+00, 0.000000E+00,-9.692907E-04,-4.260933E-02,-1.384918E+00, 9.765051E+01, 0.000000E+00, 9.765051E+01, 0.000000E+00,NULL,NULL,NULL,NULL,0, 0.000000E+00,NULL,NULL,NULL,NULL,2, 9.765051E+01,0,data,8
48410,16930,940626,124727,94C2, 9.128000E+01,31,20,51,31,20,-7.250369E+00, 5.398233E-01,-2.451980E+01, 5.613120E+01, 5.552666E+01, 1.791183E+00,-6.443897E+00, 4.234408E-01,-1.480411E+01, 1.064302E+02, 1.881593E+01, 4.090782E+01, 8.907166E+00,2, 0.000000E+00,15, 5.975509E-01,0, 0.000000E+00,2, 1.448680E+00, 4.840009E-01, 9.646792E-01,2, 0.000000E+00,1,data,8
48410,16931,940626,124727,94C2, 9.128000E+01,0,2,2,0,2, 0.000000E+00, 0.000000E+00, 0.000000E+00, 0.000000E+00, 0.000000E+00, 0.000000E+00, 5.884588E-02,-8.778453E-02,-1.883179E+01, 7.082080E+01, 0.000000E+00, 7.082080E+01, 0.000000E+00,NULL,NULL,NULL,NULL,0, 0.000000E+00,NULL,NULL,NULL,NULL,2, 7.082080E+01,0,data,8
48410,16933,940626,124727,94C2, 9.128000E+01,0,3,3,0,3, 0.000000E+00, 0.000000E+00, 0.000000E+00, 0.000000E+00, 0.000000E+00, 0.000000E+00,-3.371773E-01,-4.253004E-01,-2.832642E-01, 9.517025E+01, 0.000000E+00, 9.517025E+01, 0.000000E+00,NULL,NULL,NULL,NULL,0, 0.000000E+00,NULL,NULL,NULL,NULL,3, 9.517025E+01,0,data,8
48410,16936,940626,124730,94C2, 9.128000E+01,27,20,47,27,20, 4.925806E+00, 7.911674E+00, 1.042259E+01, 6.184565E+01, 6.148322E+01, 2.277156E+00, 8.756740E+00, 6.495688E+00, 1.463934E+01, 1.072194E+02, 5.629309E+01, 1.520761E+01, 2.399329E+01,11, 2.263686E+00,2, 0.000000E+00,0, 0.000000E+00,9, 2.060798E+01, 5.882419E-01, 5.109087E+00,NULL,NULL,1,data,8
48410,16939,940626,124731,94C2, 9.128000E+01,1,3,4,1,3,-1.995407E+00, 7.549297E-01,-2.839613E-01, 2.156775E+00, 2.152255E+00, 2.152255E+00,-1.876816E+00, 3.114533E-01,-4.297781E+01, 4.872912E+01, 2.347883E+00, 4.657234E+01, 0.000000E+00,1, 0.000000E+00,0, 0.000000E+00,0, 0.000000E+00,1, 1.848931E+00, 1.848931E+00, 1.848931E+00,2, 1.113839E+00,0,data,8
48410,16945,940626,124733,94C2, 9.128000E+01,0,3,3,0,3, 0.000000E+00, 0.000000E+00, 0.000000E+00, 0.000000E+00, 0.000000E+00, 0.000000E+00, 3.669681E-01, 1.633607E-01, 1.831832E+00, 9.443816E+01, 0.000000E+00, 9.443816E+01, 0.000000E+00,NULL,NULL,NULL,NULL,0, 0.000000E+00,NULL,NULL,NULL,NULL,2, 9.401225E+01,0,data,8
48410,16946,940626,124733,94C2, 9.128000E+01,0,2,2,0,2, 0.000000E+00, 0.000000E+00, 0.000000E+00, 0.000000E+00, 0.000000E+00, 0.000000E+00, 5.825746E-02,-2.117646E-02, 9.674644E-01, 9.061162E+01, 0.000000E+00, 9.061162E+01, 0.000000E+00,NULL,NULL,NULL,NULL,0, 0.000000E+00,NULL,NULL,NULL,NULL,2, 9.061162E+01,0,data,8
48410,16948,940626,124733,94C2, 9.128000E+01,0,2,2,0,2, 0.000000E+00, 0.000000E+00, 0.000000E+00, 0.000000E+00, 0.000000E+00, 0.000000E+00, 6.231153E-02, 1.012275E-01, 1.456814E+00, 9.382140E+01, 0.000000E+00, 9.382140E+01, 0.000000E+00,NULL,NULL,NULL,NULL,0, 0.000000E+00,NULL,NULL,NULL,NULL,2, 9.382140E+01,0,data,8
48410,16951,940626,124736,94C2, 9.128000E+01,8,4,12,8,4, 2.167381E-01, 4.066988E-02,-1.704294E+00, 4.504709E+00, 4.298830E+00, 5.373538E-01, 7.604680E-02,-1.916708E-01,-3.795518E+00, 6.681069E+00, 1.916034E+00, 2.176360E+00, 0.000000E+00,0, 0.000000E+00,3, 4.399002E-01,0, 0.000000E+00,NULL,NULL,NULL,NULL,2, 0.000000E+00,0,data,8
48410,16955,940626,124736,94C2, 9.128000E+01,0,2,2,0,2, 0.000000E+00, 0.000000E+00, 0.000000E+00, 0.000000E+00, 0.000000E+00, 0.000000E+00,-7.057786E-03, 8.412933E-02,-6.506493E+00, 9.186954E+01, 0.000000E+00, 9.186954E+01, 0.000000E+00,NULL,NULL,NULL,NULL,0, 0.000000E+00,NULL,NULL,NULL,NULL,2, 9.186954E+01,0,data,8
48410,16956,940626,124736,94C2, 9.128000E+01,0,2,2,0,2, 0.000000E+00, 0.000000E+00, 0.000000E+00, 0.000000E+00, 0.000000E+00, 0.000000E+00, 4.481435E-02,-5.028009E-03,-4.816742E-01, 9.142676E+01, 0.000000E+00, 9.142676E+01, 0.000000E+00,NULL,NULL,NULL,NULL,0, 0.000000E+00,NULL,NULL,NULL,NULL,2, 9.142676E+01,0,data,8
48410,16960,940626,124737,94C2, 9.128000E+01,2,0,2,2,0,-3.938094E+00,-4.016076E+01,-4.356644E+01, 6.532344E+01, 6.532001E+01, 3.266001E+01,-3.938094E+00,-4.016076E+01,-4.356644E+01, 6.532344E+01, 0.000000E+00, 0.000000E+00, 0.000000E+00,NULL,NULL,NULL,NULL,0, 0.000000E+00,NULL,NULL,NULL,NULL,NULL,NULL,0,data,8
48410,16964,940626,124737,94C2, 9.128000E+01,18,15,33,18,15,-2.251236E+01,-1.078944E+01, 9.949730E-01, 4.299732E+01, 4.249646E+01, 2.360914E+00,-1.645539E+01,-9.008507E+00, 2.484259E+00, 7.494084E+01, 3.985850E+01, 1.455750E+01, 1.530514E+01,7, 0.000000E+00,1, 0.000000E+00,0, 0.000000E+00,7, 1.690120E+01, 7.615805E-01, 5.647130E+00,NULL,NULL,1,data,8
48410,16965,940626,124738,94C2, 9.128000E+01,2,0,2,2,0,-1.079183E-01,-6.911731E-02, 1.436700E+00, 6.133486E+00, 6.126966E+00, 3.063483E+00,-1.079183E-01,-6.911731E-02, 1.436700E+00, 6.133486E+00, 6.130703E+00, 0.000000E+00, 0.000000E+00,0, 0.000000E+00,1, 0.000000E+00,0, 0.000000E+00,NULL,NULL,NULL,NULL,NULL,NULL,0,data,8
48410,16966,940626,124738,94C2, 9.128000E+01,0,2,2,0,2, 0.000000E+00, 0.000000E+00, 0.000000E+00, 0.000000E+00, 0.000000E+00, 0.000000E+00, 1.680225E-01, 1.895595E-02, 2.622261E+00, 9.231952E+01, 0.000000E+00, 9.231952E+01, 0.000000E+00,NULL,NULL,NULL,NULL,0, 0.000000E+00,NULL,NULL,NULL,NULL,2, 9.231952E+01,0,data,8
48410,16974,940626,124740,94C2, 9.128000E+01,2,1,3,2,1,-6.366829E-01,-5.254095E-01,-1.306086E+00, 2.601319E+00, 2.585757E+00, 1.292879E+00,-7.600793E-01,-1.177328E-01,-1.494124E+00, 3.066921E+00, 2.601319E+00, 0.000000E+00, 4.656022E-01,NULL,NULL,NULL,NULL,0, 0.000000E+00,NULL,NULL,NULL,NULL,NULL,NULL,0,data,8
48410,16975,940626,124740,94C2, 9.128000E+01,3,2,5,3,2, 6.876387E-01, 1.279109E+00,-9.416759E-01, 6.574457E+00, 6.560867E+00, 2.186956E+00, 1.862642E+00,-9.612942E-02, 8.025596E-01, 1.126384E+01, 0.000000E+00, 4.689383E+00, 0.000000E+00,1, 8.305605E-02,0, 0.000000E+00,0, 0.000000E+00,NULL,NULL,NULL,NULL,NULL,NULL,0,data,8
48410,16977,940626,124740,94C2, 9.128000E+01,32,18,50,32,18, 1.890049E+00, 4.518178E+00, 5.622997E+00, 5.090768E+01, 5.010118E+01, 1.565662E+00, 2.546247E+00, 5.910439E+00, 9.556539E+00, 8.366785E+01, 4.585359E+01, 1.691609E+01, 1.301477E+01,14, 2.584210E+00,5, 0.000000E+00,0, 0.000000E+00,10, 1.467391E+01, 3.995378E-01, 3.266566E+00,NULL,NULL,1,data,8
48410,16982,940626,124743,94C2, 9.128000E+01,0,2,2,0,2, 0.000000E+00, 0.000000E+00, 0.000000E+00, 0.000000E+00, 0.000000E+00, 0.000000E+00,-2.290270E-02,-3.563786E-02,-1.157070E+00, 9.133614E+01, 0.000000E+00, 9.133614E+01, 0.000000E+00,NULL,NULL,NULL,NULL,0, 0.000000E+00,NULL,NULL,NULL,NULL,2, 9.133614E+01,0,data,8
48410,16984,940626,124743,94C2, 9.128000E+01,1,0,1,1,0, 8.875127E-01, 1.137559E-01, 2.580059E+00, 2.734375E+00, 2.730810E+00, 2.730810E+00, 8.875127E-01, 1.137559E-01, 2.580059E+00, 2.734375E+00, 0.000000E+00, 0.000000E+00, 0.000000E+00,0, 0.000000E+00,1, 1.506855E+00,0, 0.000000E+00,NULL,NULL,NULL,NULL,NULL,NULL,0,data,8
48410,16989,940626,124745,94C2, 9.128000E+01,0,2,2,0,2, 0.000000E+00, 0.000000E+00, 0.000000E+00, 0.000000E+00, 0.000000E+00, 0.000000E+00,-9.741306E-02, 1.463661E-01, 2.496414E-01, 9.029775E+01, 0.000000E+00, 9.029775E+01, 0.000000E+00,NULL,NULL,NULL,NULL,0, 0.000000E+00,NULL,NULL,NULL,NULL,2, 9.029775E+01,0,data,8
48410,16990,940626,124745,94C2, 9.128000E+01,35,14,49,35,14,-3.030787E+00, 1.183317E+01, 8.222139E-01, 8.305570E+01, 8.240076E+01, 2.354308E+00,-3.389863E+00, 1.291988E+01, 1.322004E+00, 9.971510E+01, 8.054327E+01, 1.168307E+01, 4.267089E+00,15, 3.517128E-02,0, 0.000000E+00,0, 0.000000E+00,11, 1.220125E+01, 2.895054E-01, 2.182279E+00,NULL,NULL,1,data,8
48410,16991,940626,124747,94C2, 9.128000E+01,0,2,2,0,2, 0.000000E+00, 0.000000E+00, 0.000000E+00, 0.000000E+00, 0.000000E+00, 0.000000E+00,-4.106784E-02,-3.885078E-02,-5.567780E-01, 9.308483E+01, 0.000000E+00, 9.308483E+01, 0.000000E+00,NULL,NULL,NULL,NULL,0, 0.000000E+00,NULL,NULL,NULL,NULL,2, 9.308483E+01,0,data,8
48410,16992,940626,124747,94C2, 9.128000E+01,0,2,2,0,2, 0.000000E+00, 0.000000E+00, 0.000000E+00, 0.000000E+00, 0.000000E+00, 0.000000E+00,-9.323260E-01,-3.903818E-01,-2.440466E+01, 7.187876E+01, 0.000000E+00, 7.187876E+01, 0.000000E+00,NULL,NULL,NULL,NULL,0, 0.000000E+00,NULL,NULL,NULL,NULL,2, 7.187876E+01,0,data,8
48410,16994,940626,124747,94C2, 9.128000E+01,2,0,2,2,0,-6.729204E+00, 1.679880E+01, 3.050125E+00, 7.428360E+01, 7.428304E+01, 3.714152E+01,-6.729204E+00, 1.679880E+01, 3.050125E+00, 7.428360E+01, 0.000000E+00, 0.000000E+00, 0.000000E+00,1, 5.309807E-02,0, 0.000000E+00,0, 0.000000E+00,NULL,NULL,NULL,NULL,NULL,NULL,0,data,8
48410,16996,940626,124747,94C2, 9.128000E+01,29,16,45,29,16,-6.558528E-01,-8.606102E-01,-3.728648E-01, 8.060073E+01, 7.999767E+01, 2.758540E+00,-1.353873E+00,-7.491466E-01,-6.887538E-01, 1.036187E+02, 7.888451E+01, 2.289440E+01, 1.235137E-01,17, 1.415925E+00,0, 0.000000E+00,0, 0.000000E+00,12, 1.608680E+01, 4.931266E-01, 2.893402E+00,NULL,NULL,1,data,8
48410,16997,940626,124748,94C2, 9.128000E+01,0,2,2,0,2, 0.000000E+00, 0.000000E+00, 0.000000E+00, 0.000000E+00, 0.000000E+00, 0.000000E+00, 5.795813E-02, 8.590150E-02,-2.943077E-01, 9.090520E+01, 0.000000E+00, 9.090520E+01, 0.000000E+00,NULL,NULL,NULL,NULL,0, 0.000000E+00,NULL,NULL,NULL,NULL,2, 9.090520E+01,0,data,8
48410,16998,940626,124748,94C2, 9.128000E+01,0,2,2,0,2, 0.000000E+00, 0.000000E+00, 0.000000E+00, 0.000000E+00, 0.000000E+00, 0.000000E+00, 8.695650E-02, 3.507435E-02, 3.383827E-01, 9.200591E+01, 0.000000E+00, 9.200591E+01, 0.000000E+00,NULL,NULL,NULL,NULL,0, 0.000000E+00,NULL,NULL,NULL,NULL,2, 9.200591E+01,0,data,8
48410,16999,940626,124748,94C2, 9.128000E+01,0,2,2,0,2, 0.000000E+00, 0.000000E+00, 0.000000E+00, 0.000000E+00, 0.000000E+00, 0.000000E+00,-2.295029E-01, 5.967319E-02,-2.392750E+00, 8.620516E+01, 0.000000E+00, 8.620516E+01, 0.000000E+00,NULL,NULL,NULL,NULL,0, 0.000000E+00,NULL,NULL,NULL,NULL,2, 8.620516E+01,0,data,8
48410,17000,940626,124748,94C2, 9.128000E+01,0,2,2,0,2, 0.000000E+00, 0.000000E+00, 0.000000E+00, 0.000000E+00, 0.000000E+00, 0.000000E+00, 1.492367E-01,-5.848336E-02, 1.539211E+00, 9.339256E+01, 0.000000E+00, 9.339256E+01, 0.000000E+00,NULL,NULL,NULL,NULL,0, 0.000000E+00,NULL,NULL,NULL,NULL,2, 9.339256E+01,0,data,8
48410,17003,940626,124748,94C2, 9.128000E+01,36,10,46,36,10, 1.051263E+01, 4.171398E+00, 1.412884E+01, 1.655893E+02, 1.650443E+02, 4.584565E+00, 9.374569E+00, 4.108493E+00, 1.071539E+01, 1.728109E+02, 1.107616E+02, 6.839318E+00, 3.823438E-01,1, 0.000000E+00,15, 1.400532E+01,0, 0.000000E+00,NULL,NULL,NULL,NULL,NULL,NULL,1,data,8
48410,17005,940626,124750,94C2, 9.128000E+01,0,2,2,0,2, 0.000000E+00, 0.000000E+00, 0.000000E+00, 0.000000E+00, 0.000000E+00, 0.000000E+00, 4.262245E-02, 1.971669E-01,-3.318497E+00, 9.085930E+01, 0.000000E+00, 9.085930E+01, 0.000000E+00,NULL,NULL,NULL,NULL,0, 0.000000E+00,NULL,NULL,NULL,NULL,2, 9.085930E+01,0,data,8
48410,17006,940626,124750,94C2, 9.128000E+01,0,2,2,0,2, 0.000000E+00, 0.000000E+00, 0.000000E+00, 0.000000E+00, 0.000000E+00, 0.000000E+00, 3.690171E-02, 6.304678E-02, 3.227768E-01, 9.502531E+01, 0.000000E+00, 9.502531E+01, 0.000000E+00,NULL,NULL,NULL,NULL,0, 0.000000E+00,NULL,NULL,NULL,NULL,2, 9.502531E+01,0,data,8
48410,17008,940626,124750,94C2, 9.128000E+01,0,3,3,0,3, 0.000000E+00, 0.000000E+00, 0.000000E+00, 0.000000E+00, 0.000000E+00, 0.000000E+00, 1.661146E-01, 4.500860E-02, 3.072876E+00, 9.794196E+01, 0.000000E+00, 9.794196E+01, 0.000000E+00,NULL,NULL,NULL,NULL,0, 0.000000E+00,NULL,NULL,NULL,NULL,3, 9.794196E+01,0,data,8
48410,17012,940626,124750,94C2, 9.128000E+01,47,15,62,47,15,-3.293436E+00,-4.035486E+00,-1.352410E+00, 7.822638E+01, 7.710034E+01, 1.640433E+00,-3.039575E+00,-5.262871E+00,-1.625210E+00, 1.075228E+02, 6.427076E+01, 2.482841E+01, 4.467960E+00,17, 1.245675E+01,0, 0.000000E+00,0, 0.000000E+00,7, 2.342300E+01, 6.129255E-01, 6.431367E+00,NULL,NULL,1,data,8
48410,17013,940626,124752,94C2, 9.128000E+01,0,2,2,0,2, 0.000000E+00, 0.000000E+00, 0.000000E+00, 0.000000E+00, 0.000000E+00, 0.000000E+00, 1.461329E-01, 5.544084E-01,-1.697260E+01, 7.606876E+01, 0.000000E+00, 7.606876E+01, 0.000000E+00,NULL,NULL,NULL,NULL,0, 0.000000E+00,NULL,NULL,NULL,NULL,2, 7.606876E+01,0,data,8
48410,17020,940626,124752,94C2, 9.128000E+01,0,2,2,0,2, 0.000000E+00, 0.000000E+00, 0.000000E+00, 0.000000E+00, 0.000000E+00, 0.000000E+00,-1.412773E-02,-1.119232E-02,-1.200245E+00, 9.149248E+01, 0.000000E+00, 9.149248E+01, 0.000000E+00,NULL,NULL,NULL,NULL,0, 0.000000E+00,NULL,NULL,NULL,NULL,2, 9.149248E+01,0,data,8
48410,17026,940626,124755,94C2, 9.128000E+01,0,2,2,0,2, 0.000000E+00, 0.000000E+00, 0.000000E+00, 0.000000E+00, 0.000000E+00, 0.000000E+00, 3.691053E-02, 2.281432E-01,-2.044952E+00, 9.297801E+01, 0.000000E+00, 9.297801E+01, 0.000000E+00,NULL,NULL,NULL,NULL,0, 0.000000E+00,NULL,NULL,NULL,NULL,2, 9.297801E+01,0,data,8
48410,17027,940626,124755,94C2, 9.128000E+01,0,2,2,0,2, 0.000000E+00, 0.000000E+00, 0.000000E+00, 0.000000E+00, 0.000000E+00, 0.000000E+00, 8.449805E-02, 1.907086E-01, 1.703484E+00, 9.332645E+01, 0.000000E+00, 9.332645E+01, 0.000000E+00,NULL,NULL,NULL,NULL,0, 0.000000E+00,NULL,NULL,NULL,NULL,2, 9.332645E+01,0,data,8
48410,17028,940626,124755,94C2, 9.128000E+01,25,14,39,25,14,-1.688548E+00, 1.060662E+00,-5.698110E+00, 9.691409E+01, 9.664512E+01, 3.865805E+00,-3.008555E+00, 5.173784E+00,-1.354536E+01, 1.095394E+02, 9.357534E+01, 1.054606E+01, 2.079207E+00,0, 0.000000E+00,15, 5.092432E+00,0, 0.000000E+00,NULL,NULL,NULL,NULL,NULL,NULL,1,data,8
48410,17036,940626,124757,94C2, 9.128000E+01,37,21,58,37,21, 4.580976E+00, 2.091715E-01, 5.932919E+00, 6.228735E+01, 6.165659E+01, 1.666394E+00, 4.902560E+00,-2.253948E+00, 8.016271E+00, 8.285278E+01, 5.293097E+01, 1.636965E+01, 3.420634E+00,9, 0.000000E+00,5, 0.000000E+00,0, 0.000000E+00,9, 1.288317E+01, 4.190976E-01, 4.701371E+00,NULL,NULL,1,data,8
48410,17039,940626,124757,94C2, 9.128000E+01,27,13,40,27,13,-1.017484E+00, 3.077404E+00,-4.625653E+00, 6.543474E+01, 6.500741E+01, 2.407682E+00,-4.968587E-01, 6.416995E+00,-1.055622E+01, 8.088956E+01, 5.834928E+01, 1.029693E+01, 3.549494E+00,3, 0.000000E+00,7, 0.000000E+00,0, 0.000000E+00,3, 6.312283E+00, 1.401545E+00, 3.240015E+00,NULL,NULL,1,data,8
48410,17042,940626,124802,94C2, 9.128000E+01,0,2,2,0,2, 0.000000E+00, 0.000000E+00, 0.000000E+00, 0.000000E+00, 0.000000E+00, 0.000000E+00,-1.288459E-01,-3.039312E-02, 2.951576E+00, 9.391685E+01, 0.000000E+00, 9.391685E+01, 0.000000E+00,NULL,NULL,NULL,NULL,0, 0.000000E+00,NULL,NULL,NULL,NULL,2, 9.391685E+01,0,data,8
48410,17043,940626,124802,94C2, 9.128000E+01,0,2,2,0,2, 0.000000E+00, 0.000000E+00, 0.000000E+00, 0.000000E+00, 0.000000E+00, 0.000000E+00, 9.470445E-02, 7.826710E-02,-7.535133E-01, 9.150758E+01, 0.000000E+00, 9.150758E+01, 0.000000E+00,NULL,NULL,NULL,NULL,0, 0.000000E+00,NULL,NULL,NULL,NULL,2, 9.150758E+01,0,data,8
48410,17044,940626,124802,94C2, 9.128000E+01,0,2,2,0,2, 0.000000E+00, 0.000000E+00, 0.000000E+00, 0.000000E+00, 0.000000E+00, 0.000000E+00, 2.892632E-01, 6.153965E-02,-3.480816E+00, 9.324789E+01, 0.000000E+00, 9.324789E+01, 0.000000E+00,NULL,NULL,NULL,NULL,0, 0.000000E+00,NULL,NULL,NULL,NULL,2, 9.324789E+01,0,data,8
48410,17045,940626,124802,94C2, 9.128000E+01,0,3,3,0,3, 0.000000E+00, 0.000000E+00, 0.000000E+00, 0.000000E+00, 0.000000E+00, 0.000000E+00,-1.597550E-01,-2.294886E-02, 2.244545E+00, 9.434360E+01, 0.000000E+00, 9.434360E+01, 0.000000E+00,NULL,NULL,NULL,NULL,0, 0.000000E+00,NULL,NULL,NULL,NULL,3, 9.434360E+01,0,data,8
48410,17046,940626,124802,94C2, 9.128000E+01,0,3,3,0,3, 0.000000E+00, 0.000000E+00, 0.000000E+00, 0.000000E+00, 0.000000E+00, 0.000000E+00,-1.106007E-01, 8.388917E-02,-3.423021E-01, 9.096955E+01, 0.000000E+00, 9.096955E+01, 0.000000E+00,NULL,NULL,NULL,NULL,0, 0.000000E+00,NULL,NULL,NULL,NULL,2, 9.076721E+01,0,data,8
48410,17049,940626,124804,94C2, 9.128000E+01,2,0,2,2,0,-6.775479E+03,-9.555871E+03,-5.484594E+03, 1.320186E+04, 1.320186E+04, 6.600930E+03,-6.775479E+03,-9.555871E+03,-5.484594E+03, 1.320186E+04, 0.000000E+00, 0.000000E+00, 0.000000E+00,1, 0.000000E+00,0, 0.000000E+00,0, 0.000000E+00,NULL,NULL,NULL,NULL,NULL,NULL,0,data,8
48410,17050,940626,124804,94C2, 9.128000E+01,0,2,2,0,2, 0.000000E+00, 0.000000E+00, 0.000000E+00, 0.000000E+00, 0.000000E+00, 0.000000E+00,-1.730275E-01,-1.777040E-01, 3.579319E+00, 9.331837E+01, 0.000000E+00, 9.331837E+01, 0.000000E+00,NULL,NULL,NULL,NULL,0, 0.000000E+00,NULL,NULL,NULL,NULL,2, 9.331837E+01,0,data,8
48410,17057,940626,124808,94C2, 9.128000E+01,0,2,2,0,2, 0.000000E+00, 0.000000E+00, 0.000000E+00, 0.000000E+00, 0.000000E+00, 0.000000E+00, 2.673993E-01, 1.845998E-02, 2.469196E+00, 9.207812E+01, 0.000000E+00, 9.207812E+01, 0.000000E+00,NULL,NULL,NULL,NULL,0, 0.000000E+00,NULL,NULL,NULL,NULL,2, 9.207812E+01,0,data,8
48410,17060,940626,124808,94C2, 9.128000E+01,7,5,12,7,5, 7.593402E-01, 2.167193E-01, 3.027621E+00, 5.049900E+00, 4.893356E+00, 6.990509E-01, 1.986608E-03, 5.727500E-01, 8.694479E+00, 1.173018E+01, 5.295010E+00, 6.680282E+00, 0.000000E+00,1, 0.000000E+00,0, 0.000000E+00,0, 0.000000E+00,NULL,NULL,NULL,NULL,4, 0.000000E+00,0,data,8
48410,17069,940626,124810,94C2, 9.128000E+01,42,22,64,42,22,-4.018162E+00, 2.600705E+01, 1.961328E+01, 9.236989E+01, 9.158105E+01, 2.180501E+00, 1.432368E+00, 2.372120E+01, 1.582994E+01, 1.326955E+02, 5.281701E+01, 2.971784E+01, 3.836038E+00,25, 9.896802E-01,1, 0.000000E+00,0, 0.000000E+00,17, 2.851531E+01, 4.513780E-01, 3.566145E+00,NULL,NULL,1,data,8
48410,17070,940626,124810,94C2, 9.128000E+01,27,16,43,27,16,-1.656333E+01, 3.329748E+00, 1.246643E-01, 4.817400E+01, 4.761398E+01, 1.763481E+00,-2.199554E+00, 1.921042E+00,-4.542789E+00, 9.537739E+01, 4.356843E+01, 4.492261E+01, 2.281840E+00,13, 3.424138E+00,0, 0.000000E+00,0, 0.000000E+00,9, 4.174657E+01, 5.293862E-01, 1.684720E+01,1, 0.000000E+00,1,data,8
48410,17074,940626,124813,94C2, 9.128000E+01,10,11,21,10,11,-1.248785E+01, 1.985085E+01,-1.183696E+01, 6.231994E+01, 6.224166E+01, 6.224166E+00,-3.159333E+00, 5.238001E+00,-2.389739E+00, 8.962669E+01, 6.029746E+01, 2.703467E+01, 2.720666E-01,11, 7.144709E+00,0, 0.000000E+00,0, 0.000000E+00,8, 2.099448E+01, 5.257413E-01, 9.122158E+00,NULL,NULL,1,data,8
48410,17075,940626,124813,94C2, 9.128000E+01,0,2,2,0,2, 0.000000E+00, 0.000000E+00, 0.000000E+00, 0.000000E+00, 0.000000E+00, 0.000000E+00, 1.715257E-01, 3.074217E-02,-1.014786E-01, 9.164445E+01, 0.000000E+00, 9.164445E+01, 0.000000E+00,NULL,NULL,NULL,NULL,0, 0.000000E+00,NULL,NULL,NULL,NULL,2, 9.164445E+01,0,data,8
48410,17077,940626,124813,94C2, 9.128000E+01,0,2,2,0,2, 0.000000E+00, 0.000000E+00, 0.000000E+00, 0.000000E+00, 0.000000E+00, 0.000000E+00, 1.176670E-01, 2.294660E-02, 8.163986E-01, 9.390283E+01, 0.000000E+00, 9.390283E+01, 0.000000E+00,NULL,NULL,NULL,NULL,0, 0.000000E+00,NULL,NULL,NULL,NULL,2, 9.390283E+01,0,data,8
48410,17078,940626,124813,94C2, 9.128000E+01,2,0,2,2,0,-9.218623E+01,-8.044660E+01, 1.144146E+02, 3.472765E+02, 3.472764E+02, 1.736382E+02,-9.218623E+01,-8.044660E+01, 1.144146E+02, 3.472765E+02, 0.000000E+00, 0.000000E+00, 0.000000E+00,NULL,NULL,NULL,NULL,0, 0.000000E+00,NULL,NULL,NULL,NULL,NULL,NULL,0,data,8
48410,17079,940626,124814,94C2, 9.128000E+01,2,3,5,2,3, 3.628967E+00, 1.129528E+00, 6.735395E+00, 7.763245E+00, 7.754499E+00, 3.877250E+00, 2.489989E+01, 6.566067E+00, 1.429461E+01, 1.104281E+02, 7.756019E+00, 1.026649E+02, 0.000000E+00,0, 0.000000E+00,1, 0.000000E+00,0, 0.000000E+00,NULL,NULL,NULL,NULL,1, 0.000000E+00,0,data,8
48410,17080,940626,124814,94C2, 9.128000E+01,0,2,2,0,2, 0.000000E+00, 0.000000E+00, 0.000000E+00, 0.000000E+00, 0.000000E+00, 0.000000E+00,-7.107317E-02, 8.132577E-02, 2.664135E+00, 9.454427E+01, 0.000000E+00, 9.454427E+01, 0.000000E+00,NULL,NULL,NULL,NULL,0, 0.000000E+00,NULL,NULL,NULL,NULL,2, 9.454427E+01,0,data,8
48410,17081,940626,124814,94C2, 9.128000E+01,0,2,2,0,2, 0.000000E+00, 0.000000E+00, 0.000000E+00, 0.000000E+00, 0.000000E+00, 0.000000E+00, 1.283994E-01,-3.132319E-02,-1.473450E+00, 9.290880E+01, 0.000000E+00, 9.290880E+01, 0.000000E+00,NULL,NULL,NULL,NULL,0, 0.000000E+00,NULL,NULL,NULL,NULL,2, 9.290880E+01,0,data,8
48410,17083,940626,124814,94C2, 9.128000E+01,0,2,2,0,2, 0.000000E+00, 0.000000E+00, 0.000000E+00, 0.000000E+00, 0.000000E+00, 0.000000E+00, 1.235707E-01,-4.700565E-02, 6.718826E-01, 8.826140E+01, 0.000000E+00, 8.826140E+01, 0.000000E+00,NULL,NULL,NULL,NULL,0, 0.000000E+00,NULL,NULL,NULL,NULL,2, 8.826140E+01,0,data,8
48410,17084,940626,124814,94C2, 9.128000E+01,28,14,42,28,14, 1.808159E+00, 4.886526E+00,-9.501252E-01, 7.401037E+01, 7.353294E+01, 2.626176E+00,-4.536715E-02,-4.339745E+00,-1.575172E+00, 9.862796E+01, 7.208442E+01, 1.056653E+01, 1.408115E+01,13, 2.696368E-01,0, 0.000000E+00,0, 0.000000E+00,7, 8.573068E+00, 2.904782E-01, 3.763133E+00,NULL,NULL,1,data,8
48410,17091,940626,124818,94C2, 9.128000E+01,0,2,2,0,2, 0.000000E+00, 0.000000E+00, 0.000000E+00, 0.000000E+00, 0.000000E+00, 0.000000E+00, 1.290213E-01, 4.560971E-02,-1.441696E+00, 9.387469E+01, 0.000000E+00, 9.387469E+01, 0.000000E+00,NULL,NULL,NULL,NULL,0, 0.000000E+00,NULL,NULL,NULL,NULL,2, 9.387469E+01,0,data,8
48410,17092,940626,124819,94C2, 9.128000E+01,6,2,8,6,2,-1.709119E+00,-1.537236E+00,-3.638654E+00, 5.531471E+00, 5.348352E+00, 8.913920E-01,-2.226802E+00,-1.940728E+00,-2.220508E+01, 2.414773E+01, 0.000000E+00, 1.861626E+01, 0.000000E+00,NULL,NULL,NULL,NULL,0, 0.000000E+00,NULL,NULL,NULL,NULL,1, 0.000000E+00,0,data,8
48410,17094,940626,124819,94C2, 9.128000E+01,2,2,4,2,2,-2.635971E+01,-1.119302E+01, 2.826001E+01, 4.753903E+01, 4.753614E+01, 2.376807E+01,-2.948771E+00,-2.226704E+00, 3.340165E+00, 8.289619E+01, 4.753637E+01, 3.535716E+01, 0.000000E+00,3, 5.876447E+01,0, 0.000000E+00,0, 0.000000E+00,2, 3.535716E+01, 2.428353E+00, 3.292881E+01,NULL,NULL,0,data,8
48410,17096,940626,124819,94C2, 9.128000E+01,25,13,38,25,13,-1.502638E+00,-6.848019E+00, 1.904619E+00, 7.255453E+01, 7.226296E+01, 2.890518E+00, 5.591636E+00, 4.290904E+00,-4.377983E+00, 9.027088E+01, 6.374098E+01, 1.463040E+01, 2.641913E+00,10, 8.789406E+00,0, 0.000000E+00,0, 0.000000E+00,6, 1.507443E+01, 4.440291E-01, 6.004457E+00,NULL,NULL,1,data,8
48410,17098,940626,124820,94C2, 9.128000E+01,45,12,57,45,12,-8.410671E+00,-1.333746E+01,-1.917271E-01, 6.279945E+01, 6.180727E+01, 1.373495E+00,-6.109941E+00, 1.213170E+00,-6.337072E-01, 8.781946E+01, 5.571251E+01, 1.125660E+01, 1.376340E+01,16, 6.454951E-01,0, 0.000000E+00,0, 0.000000E+00,8, 1.076090E+01, 6.243967E-01, 4.174777E+00,NULL,NULL,1,data,8
48410,17101,940626,124822,94C2, 9.128000E+01,0,3,3,0,3, 0.000000E+00, 0.000000E+00, 0.000000E+00, 0.000000E+00, 0.000000E+00, 0.000000E+00, 1.020728E+00,-1.236832E+00, 8.380417E+00, 9.720015E+01, 0.000000E+00, 9.720015E+01, 0.000000E+00,0, 0.000000E+00,2, 5.246394E+01,0, 0.000000E+00,NULL,NULL,NULL,NULL,1, 4.014750E-01,0,data,8
48410,17103,940626,124822,94C2, 9.128000E+01,0,2,2,0,2, 0.000000E+00, 0.000000E+00, 0.000000E+00, 0.000000E+00, 0.000000E+00, 0.000000E+00,-3.671470E-02, 2.714992E-02,-2.795868E-01, 9.291264E+01, 0.000000E+00, 9.291264E+01, 0.000000E+00,NULL,NULL,NULL,NULL,0, 0.000000E+00,NULL,NULL,NULL,NULL,2, 9.291264E+01,0,data,8
48410,17107,940626,124824,94C2, 9.128000E+01,0,3,3,0,3, 0.000000E+00, 0.000000E+00, 0.000000E+00, 0.000000E+00, 0.000000E+00, 0.000000E+00, 4.738206E-02,-1.447384E-01,-1.845122E+01, 7.686131E+01, 0.000000E+00, 7.686131E+01, 0.000000E+00,NULL,NULL,NULL,NULL,0, 0.000000E+00,NULL,NULL,NULL,NULL,3, 7.686131E+01,0,data,8
48410,17109,940626,124824,94C2, 9.128000E+01,0,2,2,0,2, 0.000000E+00, 0.000000E+00, 0.000000E+00, 0.000000E+00, 0.000000E+00, 0.000000E+00, 7.068121E-02, 5.811733E-02, 4.581261E-01, 9.231268E+01, 0.000000E+00, 9.231268E+01, 0.000000E+00,NULL,NULL,NULL,NULL,0, 0.000000E+00,NULL,NULL,NULL,NULL,2, 9.231268E+01,0,data,8
48410,17110,940626,124824,94C2, 9.128000E+01,2,1,3,2,1, 3.029284E+01,-1.260658E+02,-1.837537E+02, 3.115289E+02, 3.115286E+02, 1.557643E+02, 3.009468E+01,-1.252160E+02,-1.826698E+02, 3.129204E+02, 0.000000E+00, 1.391502E+00, 0.000000E+00,NULL,NULL,NULL,NULL,0, 0.000000E+00,NULL,NULL,NULL,NULL,NULL,NULL,0,data,8
48410,17112,940626,124824,94C2, 9.128000E+01,0,2,2,0,2, 0.000000E+00, 0.000000E+00, 0.000000E+00, 0.000000E+00, 0.000000E+00, 0.000000E+00,-4.457131E-02,-3.963614E-02,-1.377899E+00, 9.015808E+01, 0.000000E+00, 9.015808E+01, 0.000000E+00,NULL,NULL,NULL,NULL,0, 0.000000E+00,NULL,NULL,NULL,NULL,2, 9.015808E+01,0,data,8
48410,17115,940626,124824,94C2, 9.128000E+01,0,2,2,0,2, 0.000000E+00, 0.000000E+00, 0.000000E+00, 0.000000E+00, 0.000000E+00, 0.000000E+00, 2.104750E-01,-3.200573E-02,-1.974594E+00, 9.366652E+01, 0.000000E+00, 9.366652E+01, 0.000000E+00,NULL,NULL,NULL,NULL,0, 0.000000E+00,NULL,NULL,NULL,NULL,2, 9.366652E+01,0,data,8
48410,17121,940626,124826,94C2, 9.128000E+01,25,17,42,25,17, 1.134599E+01, 2.051989E-01,-3.564954E+01, 1.510213E+02, 1.506999E+02, 6.027997E+00, 2.418885E+01,-2.385852E+01,-8.662257E+01, 2.152921E+02, 4.550695E+01, 1.976608E+01, 4.368568E+01,1, 0.000000E+00,14, 3.235968E+00,0, 0.000000E+00,1, 8.190411E-01, 8.190411E-01, 8.190411E-01,NULL,NULL,1,data,8
48410,17123,940626,124826,94C2, 9.128000E+01,24,11,35,24,11,-2.692228E+00,-5.135089E-01, 1.528333E+00, 6.326265E+01, 6.289192E+01, 2.620497E+00,-2.033206E+00,-1.523625E+00, 1.679206E+00, 7.682242E+01, 6.062283E+01, 3.920865E+00, 9.704133E+00,4, 0.000000E+00,5, 0.000000E+00,0, 0.000000E+00,2, 1.909532E+00, 9.067599E-01, 1.002772E+00,NULL,NULL,1,data,8
48410,17125,940626,124827,94C2, 9.128000E+01,3,1,4,3,1, 4.979178E-01, 2.424536E-01, 1.644331E+00, 2.004787E+00, 1.940312E+00, 6.467707E-01, 4.008206E-01, 2.028247E-01, 1.975368E+00, 2.352039E+00, 1.740875E+00, 3.472513E-01, 0.000000E+00,0, 0.000000E+00,1, 0.000000E+00,0, 0.000000E+00,NULL,NULL,NULL,NULL,NULL,NULL,0,data,8
48410,17128,940626,124827,94C2, 9.128000E+01,14,7,21,14,7, 3.654602E+00, 8.359951E-01,-2.750064E-01, 4.154946E+01, 4.136535E+01, 2.954668E+00, 1.202834E+01, 7.484105E+00,-2.572169E+00, 6.731126E+01, 3.892989E+01, 1.112421E+01, 1.140121E+01,4, 1.380799E+01,0, 0.000000E+00,0, 0.000000E+00,2, 1.399388E+01, 3.265054E+00, 1.072882E+01,1, 0.000000E+00,1,data,8
48410,17129,940626,124827,94C2, 9.128000E+01,0,3,3,0,3, 0.000000E+00, 0.000000E+00, 0.000000E+00, 0.000000E+00, 0.000000E+00, 0.000000E+00, 1.927564E-01,-1.408336E-01, 5.090141E-01, 9.073199E+01, 0.000000E+00, 9.073199E+01, 0.000000E+00,NULL,NULL,NULL,NULL,0, 0.000000E+00,NULL,NULL,NULL,NULL,3, 9.073199E+01,0,data,8
48410,17133,940626,124829,94C2, 9.128000E+01,0,2,2,0,2, 0.000000E+00, 0.000000E+00, 0.000000E+00, 0.000000E+00, 0.000000E+00, 0.000000E+00,-4.767239E-02,-6.412506E-03, 1.625137E+00, 9.150458E+01, 0.000000E+00, 9.150458E+01, 0.000000E+00,NULL,NULL,NULL,NULL,0, 0.000000E+00,NULL,NULL,NULL,NULL,2, 9.150458E+01,0,data,8
48410,17136,940626,124829,94C2, 9.128000E+01,0,2,2,0,2, 0.000000E+00, 0.000000E+00, 0.000000E+00, 0.000000E+00, 0.000000E+00, 0.000000E+00, 4.119444E-02,-8.710885E-02,-5.967102E-01, 9.183987E+01, 0.000000E+00, 9.183987E+01, 0.000000E+00,NULL,NULL,NULL,NULL,0, 0.000000E+00,NULL,NULL,NULL,NULL,2, 9.183987E+01,0,data,8
48410,17140,940626,124831,94C2, 9.128000E+01,0,2,2,0,2, 0.000000E+00, 0.000000E+00, 0.000000E+00, 0.000000E+00, 0.000000E+00, 0.000000E+00,-1.172924E-01,-2.423291E-02, 2.779755E+00, 9.409290E+01, 0.000000E+00, 9.409290E+01, 0.000000E+00,NULL,NULL,NULL,NULL,0, 0.000000E+00,NULL,NULL,NULL,NULL,2, 9.409290E+01,0,data,8
48410,17141,940626,124831,94C2, 9.128000E+01,0,2,2,0,2, 0.000000E+00, 0.000000E+00, 0.000000E+00, 0.000000E+00, 0.000000E+00, 0.000000E+00, 9.348083E-02, 1.120992E-01, 5.822563E-01, 9.286947E+01, 0.000000E+00, 9.286947E+01, 0.000000E+00,NULL,NULL,NULL,NULL,0, 0.000000E+00,NULL,NULL,NULL,NULL,2, 9.286947E+01,0,data,8
48410,17143,940626,124831,94C2, 9.128000E+01,0,2,2,0,2, 0.000000E+00, 0.000000E+00, 0.000000E+00, 0.000000E+00, 0.000000E+00, 0.000000E+00, 7.894215E-02,-1.010612E-01,-2.533745E+00, 9.071021E+01, 0.000000E+00, 9.071021E+01, 0.000000E+00,NULL,NULL,NULL,NULL,0, 0.000000E+00,NULL,NULL,NULL,NULL,2, 9.071021E+01,0,data,8
48410,17144,940626,124831,94C2, 9.128000E+01,19,18,37,19,18, 3.202843E+00, 7.809943E+00,-4.891428E+00, 5.322578E+01, 5.298007E+01, 2.788425E+00,-6.165690E+00,-6.924485E+00, 3.999900E+00, 8.958887E+01, 5.172952E+01, 2.508203E+01, 8.992893E+00,19, 7.854404E+00,0, 0.000000E+00,0, 0.000000E+00,13, 2.643320E+01, 4.406770E-01, 5.572142E+00,NULL,NULL,1,data,8
48410,17145,940626,124834,94C2, 9.128000E+01,0,2,2,0,2, 0.000000E+00, 0.000000E+00, 0.000000E+00, 0.000000E+00, 0.000000E+00, 0.000000E+00, 1.038171E-01,-2.509284E-02, 1.293392E+00, 9.055106E+01, 0.000000E+00, 9.055106E+01, 0.000000E+00,NULL,NULL,NULL,NULL,0, 0.000000E+00,NULL,NULL,NULL,NULL,2, 9.055106E+01,0,data,8
48410,17146,940626,124834,94C2, 9.128000E+01,16,12,28,16,12, 2.216460E+00,-5.027016E+00,-4.262280E+00, 6.358533E+01, 6.333253E+01, 3.958283E+00, 4.682941E+00,-1.869983E+01,-1.385958E+01, 9.111250E+01, 4.852743E+01, 4.612867E+00, 1.160128E+01,9, 2.490863E+00,1, 0.000000E+00,0, 0.000000E+00,5, 1.539078E+01, 8.126822E-01, 1.012127E+01,NULL,NULL,1,data,8
48410,17150,940626,124834,94C2, 9.128000E+01,17,20,37,17,20, 4.312385E+00,-8.781762E-01,-4.813091E+00, 4.054312E+01, 4.032734E+01, 2.372196E+00, 6.721050E+00,-2.505780E+00,-8.631343E+00, 7.159296E+01, 3.961832E+01, 3.012645E+01, 4.654784E-01,19, 6.199942E+00,1, 0.000000E+00,0, 0.000000E+00,16, 2.031695E+01, 3.611837E-01, 3.715414E+00,NULL,NULL,1,data,8
48410,17160,940626,124836,94C2, 9.128000E+01,25,16,41,25,16, 7.078756E-01, 9.121240E+00, 6.260376E+00, 4.291535E+01, 4.257657E+01, 1.703063E+00,-1.708515E+00,-3.150672E+00,-1.142445E+00, 6.815705E+01, 3.039753E+01, 1.487075E+01, 9.857461E+00,13, 4.707145E+00,0, 0.000000E+00,0, 0.000000E+00,10, 1.486956E+01, 3.994717E-01, 5.118093E+00,NULL,NULL,1,data,8
48410,17162,940626,124838,94C2, 9.128000E+01,0,2,2,0,2, 0.000000E+00, 0.000000E+00, 0.000000E+00, 0.000000E+00, 0.000000E+00, 0.000000E+00, 1.608524E-01,-6.232405E-02, 3.529102E+00, 9.375263E+01, 0.000000E+00, 9.375263E+01, 0.000000E+00,NULL,NULL,NULL,NULL,0, 0.000000E+00,NULL,NULL,NULL,NULL,2, 9.375263E+01,0,data,8
48410,17165,940626,124838,94C2, 9.128000E+01,2,0,2,2,0, 7.869987E-01, 9.684153E-01,-2.576106E-01, 2.914042E+01, 2.913909E+01, 1.456954E+01, 7.869987E-01, 9.684153E-01,-2.576106E-01, 2.914042E+01, 0.000000E+00, 0.000000E+00, 0.000000E+00,1, 0.000000E+00,0, 0.000000E+00,0, 0.000000E+00,NULL,NULL,NULL,NULL,NULL,NULL,0,data,8
48410,17166,940626,124838,94C2, 9.128000E+01,0,2,2,0,2, 0.000000E+00, 0.000000E+00, 0.000000E+00, 0.000000E+00, 0.000000E+00, 0.000000E+00, 5.603158E-02,-9.884238E-03, 1.423058E+00, 8.925900E+01, 0.000000E+00, 8.925900E+01, 0.000000E+00,NULL,NULL,NULL,NULL,0, 0.000000E+00,NULL,NULL,NULL,NULL,2, 8.925900E+01,0,data,8
48410,17167,940626,124838,94C2, 9.128000E+01,7,4,11,7,4,-8.681110E-01, 2.447475E-01, 3.605040E+00, 5.362538E+00, 5.183320E+00, 7.404742E-01,-8.594962E-01, 2.470781E-01,-1.981335E-01, 1.039538E+01, 5.608176E-01, 4.020617E+00, 1.012219E+00,NULL,NULL,NULL,NULL,0, 0.000000E+00,NULL,NULL,NULL,NULL,1, 0.000000E+00,0,data,8
48410,17172,940626,124840,94C2, 9.128000E+01,0,2,2,0,2, 0.000000E+00, 0.000000E+00, 0.000000E+00, 0.000000E+00, 0.000000E+00, 0.000000E+00, 9.296262E-02, 5.734706E-02, 1.248863E+00, 9.023956E+01, 0.000000E+00, 9.023956E+01, 0.000000E+00,NULL,NULL,NULL,NULL,0, 0.000000E+00,NULL,NULL,NULL,NULL,2, 9.023956E+01,0,data,8
48410,17174,940626,124840,94C2, 9.128000E+01,0,3,3,0,3, 0.000000E+00, 0.000000E+00, 0.000000E+00, 0.000000E+00, 0.000000E+00, 0.000000E+00,-4.125961E-01,-2.608042E-01,-3.145542E+00, 8.840483E+01, 0.000000E+00, 8.840483E+01, 0.000000E+00,NULL,NULL,NULL,NULL,0, 0.000000E+00,NULL,NULL,NULL,NULL,3, 8.840483E+01,0,data,8
48410,17175,940626,124840,94C2, 9.128000E+01,32,12,44,32,12,-1.023405E+01, 9.903234E+00,-5.056310E+00, 6.391929E+01, 6.333534E+01, 1.979229E+00,-5.508399E+00, 4.319667E+00,-6.110343E+00, 7.735315E+01, 6.165527E+01, 1.067978E+01, 2.536500E+00,13, 5.196414E-01,0, 0.000000E+00,0, 0.000000E+00,7, 8.906930E+00, 2.863326E-01, 3.656526E+00,NULL,NULL,1,data,8
48410,17176,940626,124840,94C2, 9.128000E+01,0,3,3,0,3, 0.000000E+00, 0.000000E+00, 0.000000E+00, 0.000000E+00, 0.000000E+00, 0.000000E+00,-8.808911E-02,-2.677655E-01,-3.229591E+00, 9.001073E+01, 0.000000E+00, 9.001073E+01, 0.000000E+00,NULL,NULL,NULL,NULL,0, 0.000000E+00,NULL,NULL,NULL,NULL,3, 9.001073E+01,0,data,8
48410,17177,940626,124840,94C2, 9.128000E+01,0,2,2,0,2, 0.000000E+00, 0.000000E+00, 0.000000E+00, 0.000000E+00, 0.000000E+00, 0.000000E+00, 8.393145E-02, 2.364135E-02, 1.346359E-01, 9.226106E+01, 0.000000E+00, 9.226106E+01, 0.000000E+00,NULL,NULL,NULL,NULL,0, 0.000000E+00,NULL,NULL,NULL,NULL,2, 9.226106E+01,0,data,8
48410,17178,940626,124841,94C2, 9.128000E+01,19,17,36,19,17,-4.125881E+00,-3.186155E-01,-1.797991E+00, 1.433323E+01, 1.367572E+01, 7.197745E-01,-5.863252E+00,-1.907268E+00, 4.704106E+00, 6.059102E+01, 3.638653E+00, 3.890863E+01, 6.646287E+00,3, 5.149261E-01,10, 0.000000E+00,0, 0.000000E+00,2, 1.184741E+00, 4.818677E-01, 7.028728E-01,4, 0.000000E+00,0,data,8
48410,17184,940626,124842,94C2, 9.128000E+01,0,2,2,0,2, 0.000000E+00, 0.000000E+00, 0.000000E+00, 0.000000E+00, 0.000000E+00, 0.000000E+00, 6.281900E-02, 6.094551E-02, 4.328308E-01, 9.506024E+01, 0.000000E+00, 9.506024E+01, 0.000000E+00,NULL,NULL,NULL,NULL,0, 0.000000E+00,NULL,NULL,NULL,NULL,2, 9.506024E+01,0,data,8
48410,17186,940626,124842,94C2, 9.128000E+01,2,0,2,2,0,-9.401274E-02,-7.481108E-01, 1.246134E-01, 1.756562E+01, 1.756340E+01, 8.781699E+00,-9.401274E-02,-7.481108E-01, 1.246134E-01, 1.756562E+01, 0.000000E+00, 0.000000E+00, 0.000000E+00,1, 1.673753E-01,0, 0.000000E+00,0, 0.000000E+00,NULL,NULL,NULL,NULL,NULL,NULL,0,data,8
48410,17187,940626,124842,94C2, 9.128000E+01,0,2,2,0,2, 0.000000E+00, 0.000000E+00, 0.000000E+00, 0.000000E+00, 0.000000E+00, 0.000000E+00, 9.872246E-02, 9.136081E-03,-1.871799E+00, 8.833797E+01, 0.000000E+00, 8.833797E+01, 0.000000E+00,NULL,NULL,NULL,NULL,0, 0.000000E+00,NULL,NULL,NULL,NULL,2, 8.833797E+01,0,data,8
48410,17188,940626,124842,94C2, 9.128000E+01,0,2,2,0,2, 0.000000E+00, 0.000000E+00, 0.000000E+00, 0.000000E+00, 0.000000E+00, 0.000000E+00, 1.072714E-01,-7.365203E-02, 1.174805E+00, 8.958209E+01, 0.000000E+00, 8.958209E+01, 0.000000E+00,NULL,NULL,NULL,NULL,0, 0.000000E+00,NULL,NULL,NULL,NULL,2, 8.958209E+01,0,data,8
48410,17192,940626,124847,94C2, 9.128000E+01,1,4,5,1,4, 3.954270E-01,-2.867191E-01, 2.472000E+00, 2.523654E+00, 2.519792E+00, 2.519792E+00,-3.719910E+00, 5.879507E+00,-3.682417E+01, 4.588383E+01, 0.000000E+00, 4.336018E+01, 0.000000E+00,0, 0.000000E+00,3, 4.011235E+01,0, 0.000000E+00,NULL,NULL,NULL,NULL,1, 0.000000E+00,0,data,8
48410,17193,940626,124847,94C2, 9.128000E+01,2,0,2,2,0,-2.804598E+00, 4.098223E+00, 5.044663E+00, 4.364158E+01, 4.364066E+01, 2.182033E+01,-2.804598E+00, 4.098223E+00, 5.044663E+00, 4.364158E+01, 0.000000E+00, 0.000000E+00, 0.000000E+00,NULL,NULL,NULL,NULL,0, 0.000000E+00,NULL,NULL,NULL,NULL,NULL,NULL,0,data,8
48410,17195,940626,124847,94C2, 9.128000E+01,0,2,2,0,2, 0.000000E+00, 0.000000E+00, 0.000000E+00, 0.000000E+00, 0.000000E+00, 0.000000E+00,-7.621288E-03, 1.408982E-02, 2.669830E-01, 9.454459E+01, 0.000000E+00, 9.454459E+01, 0.000000E+00,NULL,NULL,NULL,NULL,0, 0.000000E+00,NULL,NULL,NULL,NULL,2, 9.454459E+01,0,data,8
48410,17198,940626,124847,94C2, 9.128000E+01,13,12,25,13,12, 8.760468E+00,-1.286881E+00,-4.046090E+00, 6.784379E+01, 6.774270E+01, 5.210977E+00, 1.379098E+01,-1.865288E+00,-6.080814E+00, 9.306417E+01, 6.808130E+01, 1.812003E+01, 5.446716E+00,13, 1.910405E+00,0, 0.000000E+00,0, 0.000000E+00,8, 1.962270E+01, 9.671656E-01, 4.709223E+00,NULL,NULL,1,data,8
48410,17200,940626,124848,94C2, 9.128000E+01,0,2,2,0,2, 0.000000E+00, 0.000000E+00, 0.000000E+00, 0.000000E+00, 0.000000E+00, 0.000000E+00, 7.287717E-02,-8.420658E-02, 5.118980E-01, 9.309595E+01, 0.000000E+00, 9.309595E+01, 0.000000E+00,NULL,NULL,NULL,NULL,0, 0.000000E+00,NULL,NULL,NULL,NULL,2, 9.309595E+01,0,data,8
48410,17205,940626,124850,94C2, 9.128000E+01,0,2,2,0,2, 0.000000E+00, 0.000000E+00, 0.000000E+00, 0.000000E+00, 0.000000E+00, 0.000000E+00,-1.689489E-01,-2.268934E-02, 1.817444E+00, 9.375854E+01, 0.000000E+00, 9.375854E+01, 0.000000E+00,NULL,NULL,NULL,NULL,0, 0.000000E+00,NULL,NULL,NULL,NULL,2, 9.375854E+01,0,data,8
48410,17206,940626,124850,94C2, 9.128000E+01,0,2,2,0,2, 0.000000E+00, 0.000000E+00, 0.000000E+00, 0.000000E+00, 0.000000E+00, 0.000000E+00, 1.638002E-01, 3.080750E-02,-9.367790E-01, 8.876909E+01, 0.000000E+00, 8.876909E+01, 0.000000E+00,NULL,NULL,NULL,NULL,0, 0.000000E+00,NULL,NULL,NULL,NULL,2, 8.876909E+01,0,data,8
48410,17211,940626,124850,94C2, 9.128000E+01,27,15,42,27,15,-4.211303E+00,-3.879642E+00,-3.027795E+00, 5.796827E+01, 5.744100E+01, 2.127445E+00,-3.162581E+00,-4.552171E+00,-3.689502E+00, 9.676514E+01, 5.547611E+01, 3.143216E+01, 0.000000E+00,15, 2.639960E+00,0, 0.000000E+00,0, 0.000000E+00,10, 3.097139E+01, 4.714605E-01, 7.882462E+00,NULL,NULL,1,data,8
48410,17213,940626,124851,94C2, 9.128000E+01,6,10,16,6,10,-7.884884E-02,-1.528490E+00, 2.473067E+00, 2.274935E+01, 2.270158E+01, 3.783596E+00, 6.664395E+00, 2.862607E-01,-2.897767E+01, 6.023510E+01, 0.000000E+00, 3.651182E+01, 9.739226E-01,0, 0.000000E+00,11, 5.118237E+01,0, 0.000000E+00,NULL,NULL,NULL,NULL,NULL,NULL,0,data,8
48410,17214,940626,124851,94C2, 9.128000E+01,4,9,13,4,9,-2.249383E-01,-1.577614E+00, 1.917533E+00, 4.661654E+00, 4.565077E+00, 1.141269E+00,-1.239321E-01,-1.122129E+00,-3.564389E+00, 1.140541E+01, 4.494180E+00, 4.492397E+00, 2.251356E+00,1, 0.000000E+00,1, 0.000000E+00,0, 0.000000E+00,1, 5.855898E-01, 5.855898E-01, 5.855898E-01,2, 0.000000E+00,0,data,8
48410,17216,940626,124851,94C2, 9.128000E+01,0,2,2,0,2, 0.000000E+00, 0.000000E+00, 0.000000E+00, 0.000000E+00, 0.000000E+00, 0.000000E+00, 4.658508E-02, 2.090962E-01,-9.483147E-01, 9.095708E+01, 0.000000E+00, 9.095708E+01, 0.000000E+00,NULL,NULL,NULL,NULL,0, 0.000000E+00,NULL,NULL,NULL,NULL,2, 9.095708E+01,0,data,8
48410,17221,940626,124854,94C2, 9.128000E+01,0,2,2,0,2, 0.000000E+00, 0.000000E+00, 0.000000E+00, 0.000000E+00, 0.000000E+00, 0.000000E+00, 1.192358E+00,-1.254829E+00, 3.184025E+00, 4.393495E+00, 0.000000E+00, 2.662361E+00, 0.000000E+00,1, 0.000000E+00,0, 0.000000E+00,0, 0.000000E+00,1, 1.731134E+00, 1.731134E+00, 1.731134E+00,1, 2.662361E+00,0,data,8
48410,17222,940626,124854,94C2, 9.128000E+01,0,2,2,0,2, 0.000000E+00, 0.000000E+00, 0.000000E+00, 0.000000E+00, 0.000000E+00, 0.000000E+00, 7.702768E-02,-1.482337E-01, 2.878975E+00, 9.149161E+01, 0.000000E+00, 9.149161E+01, 0.000000E+00,NULL,NULL,NULL,NULL,0, 0.000000E+00,NULL,NULL,NULL,NULL,2, 9.149161E+01,0,data,8
48410,17227,940626,124855,94C2, 9.128000E+01,0,3,3,0,3, 0.000000E+00, 0.000000E+00, 0.000000E+00, 0.000000E+00, 0.000000E+00, 0.000000E+00,-4.905232E-01, 3.613961E-01,-5.316420E-01, 9.109856E+01, 0.000000E+00, 9.109856E+01, 0.000000E+00,NULL,NULL,NULL,NULL,0, 0.000000E+00,NULL,NULL,NULL,NULL,2, 9.043477E+01,0,data,8
48410,17228,940626,124856,94C2, 9.128000E+01,0,2,2,0,2, 0.000000E+00, 0.000000E+00, 0.000000E+00, 0.000000E+00, 0.000000E+00, 0.000000E+00, 6.809402E-02, 1.637828E-02, 2.596550E-01, 9.219737E+01, 0.000000E+00, 9.219737E+01, 0.000000E+00,NULL,NULL,NULL,NULL,0, 0.000000E+00,NULL,NULL,NULL,NULL,2, 9.219737E+01,0,data,8
48410,17229,940626,124856,94C2, 9.128000E+01,24,19,43,24,19, 1.011821E+01,-2.179038E+01,-9.478369E+00, 6.174385E+01, 6.140054E+01, 2.558356E+00, 2.931064E+00,-8.029421E+00,-4.775288E+00, 9.405890E+01, 5.847006E+01, 2.062291E+01, 4.347663E+00,17, 3.749354E+00,0, 0.000000E+00,0, 0.000000E+00,13, 2.622621E+01, 3.389730E-01, 5.494155E+00,NULL,NULL,1,data,8
48410,17230,940626,124856,94C2, 9.128000E+01,33,17,50,33,17,-1.955397E+00, 3.373786E+00,-9.403145E+00, 4.778210E+01, 4.707239E+01, 1.426436E+00, 3.586828E+00,-1.535931E+00, 8.009861E-01, 7.703861E+01, 3.314644E+01, 9.032646E+00, 1.794095E+01,9, 1.395327E+00,8, 0.000000E+00,0, 0.000000E+00,3, 2.927832E+00, 4.340658E-01, 1.342359E+00,2, 0.000000E+00,1,data,8
48410,17232,940626,124857,94C2, 9.128000E+01,2,0,2,2,0,-9.125084E+00, 1.544648E+01,-1.419745E+01, 1.014333E+02, 1.014329E+02, 5.071645E+01,-9.125084E+00, 1.544648E+01,-1.419745E+01, 1.014333E+02, 0.000000E+00, 0.000000E+00, 0.000000E+00,1, 0.000000E+00,0, 0.000000E+00,0, 0.000000E+00,NULL,NULL,NULL,NULL,NULL,NULL,0,data,8
48410,17233,940626,124857,94C2, 9.128000E+01,15,11,26,15,11, 1.595960E+00,-6.232408E-01, 2.849405E-01, 7.873608E+01, 7.857794E+01, 5.238530E+00,-1.656609E+00,-3.252012E+00, 3.587985E+00, 9.690643E+01, 7.759181E+01, 9.221727E+00, 2.251465E+00,12, 5.425767E+00,1, 0.000000E+00,0, 0.000000E+00,7, 1.591887E+01, 4.672971E-01, 3.492851E+00,NULL,NULL,1,data,8
48410,17236,940626,124857,94C2, 9.128000E+01,35,13,48,35,13, 1.139244E+01,-1.375473E+01,-4.188860E+00, 5.506355E+01, 5.416855E+01, 1.547673E+00,-5.228508E+00, 3.051340E+00, 5.644433E-01, 9.167725E+01, 4.780051E+01, 1.764525E+01, 1.691331E+01,15, 5.112739E+00,0, 0.000000E+00,0, 0.000000E+00,9, 1.791233E+01, 3.522520E-01, 6.593640E+00,NULL,NULL,1,data,8
48410,17238,940626,124857,94C2, 9.128000E+01,0,2,2,0,2, 0.000000E+00, 0.000000E+00, 0.000000E+00, 0.000000E+00, 0.000000E+00, 0.000000E+00, 4.719645E-02,-5.084538E-02,-1.017536E+00, 9.075040E+01, 0.000000E+00, 9.075040E+01, 0.000000E+00,NULL,NULL,NULL,NULL,0, 0.000000E+00,NULL,NULL,NULL,NULL,2, 9.075040E+01,0,data,8
48410,17243,940626,124900,94C2, 9.128000E+01,0,3,3,0,3, 0.000000E+00, 0.000000E+00, 0.000000E+00, 0.000000E+00, 0.000000E+00, 0.000000E+00, 2.209723E-01,-3.783824E-01,-3.231717E+01, 6.083893E+01, 0.000000E+00, 6.083893E+01, 0.000000E+00,0, 0.000000E+00,2, 3.356884E+00,0, 0.000000E+00,NULL,NULL,NULL,NULL,1, 4.649331E+01,0,data,8
48410,17246,940626,124900,94C2, 9.128000E+01,0,2,2,0,2, 0.000000E+00, 0.000000E+00, 0.000000E+00, 0.000000E+00, 0.000000E+00, 0.000000E+00, 3.357978E-01, 8.126450E-02, 2.761608E+00, 9.161429E+01, 0.000000E+00, 9.161429E+01, 0.000000E+00,NULL,NULL,NULL,NULL,0, 0.000000E+00,NULL,NULL,NULL,NULL,2, 9.161429E+01,0,data,8
48410,17247,940626,124900,94C2, 9.128000E+01,0,2,2,0,2, 0.000000E+00, 0.000000E+00, 0.000000E+00, 0.000000E+00, 0.000000E+00, 0.000000E+00, 1.225145E-01, 5.754626E-02, 2.721611E+00, 9.008850E+01, 0.000000E+00, 9.008850E+01, 0.000000E+00,NULL,NULL,NULL,NULL,0, 0.000000E+00,NULL,NULL,NULL,NULL,2, 9.008850E+01,0,data,8
48410,17248,940626,124900,94C2, 9.128000E+01,5,8,13,5,8, 3.075822E+00, 5.096385E+00, 1.066032E+01, 2.352868E+01, 2.350536E+01, 4.701072E+00,-7.283625E+00,-1.223399E+01,-2.852065E+01, 7.828024E+01, 2.068707E+01, 5.475156E+01, 0.000000E+00,0, 0.000000E+00,10, 2.858939E+01,0, 0.000000E+00,NULL,NULL,NULL,NULL,NULL,NULL,0,data,8
48410,17249,940626,124901,94C2, 9.128000E+01,0,2,2,0,2, 0.000000E+00, 0.000000E+00, 0.000000E+00, 0.000000E+00, 0.000000E+00, 0.000000E+00, 2.363610E-02, 5.145657E-02, 4.423065E-01, 9.142882E+01, 0.000000E+00, 9.142882E+01, 0.000000E+00,NULL,NULL,NULL,NULL,0, 0.000000E+00,NULL,NULL,NULL,NULL,2, 9.142882E+01,0,data,8
48410,17253,940626,124901,94C2, 9.128000E+01,0,2,2,0,2, 0.000000E+00, 0.000000E+00, 0.000000E+00, 0.000000E+00, 0.000000E+00, 0.000000E+00, 1.272607E-02, 7.007480E-02,-3.944588E+00, 8.702824E+01, 0.000000E+00, 8.702824E+01, 0.000000E+00,NULL,NULL,NULL,NULL,0, 0.000000E+00,NULL,NULL,NULL,NULL,2, 8.702824E+01,0,data,8
48410,17254,940626,124901,94C2, 9.128000E+01,0,4,4,0,4, 0.000000E+00, 0.000000E+00, 0.000000E+00, 0.000000E+00, 0.000000E+00, 0.000000E+00, 3.032601E-01, 1.395229E-01,-3.667403E+00, 8.843443E+00, 0.000000E+00, 8.843443E+00, 0.000000E+00,0, 0.000000E+00,1, 0.000000E+00,0, 0.000000E+00,NULL,NULL,NULL,NULL,1, 2.361341E+00,0,data,8
48410,17257,940626,124903,94C2, 9.128000E+01,0,2,2,0,2, 0.000000E+00, 0.000000E+00, 0.000000E+00, 0.000000E+00, 0.000000E+00, 0.000000E+00, 2.650108E-01, 1.884550E-02, 1.630465E+01, 7.513451E+01, 0.000000E+00, 7.513451E+01, 0.000000E+00,NULL,NULL,NULL,NULL,0, 0.000000E+00,NULL,NULL,NULL,NULL,2, 7.513451E+01,0,data,8
48410,17259,940626,124903,94C2, 9.128000E+01,0,2,2,0,2, 0.000000E+00, 0.000000E+00, 0.000000E+00, 0.000000E+00, 0.000000E+00, 0.000000E+00, 6.142139E-02, 4.631829E-02, 1.362865E+00, 9.247707E+01, 0.000000E+00, 9.247707E+01, 0.000000E+00,NULL,NULL,NULL,NULL,0, 0.000000E+00,NULL,NULL,NULL,NULL,2, 9.247707E+01,0,data,8
48410,17262,940626,124903,94C2, 9.128000E+01,30,12,42,30,12,-6.297570E-02, 7.696448E+00, 2.609110E+00, 7.258816E+01, 7.215465E+01, 2.405155E+00,-1.458948E+00,-1.700472E-01,-1.897424E+00, 8.550311E+01, 6.798117E+01, 1.291494E+01, 0.000000E+00,6, 0.000000E+00,7, 0.000000E+00,0, 0.000000E+00,5, 8.170208E+00, 6.297034E-01, 2.958881E+00,NULL,NULL,1,data,8
48410,17264,940626,124904,94C2, 9.128000E+01,51,21,72,51,21, 6.706082E+00,-2.001667E+00, 1.265691E+01, 5.782244E+01, 5.670668E+01, 1.111896E+00, 7.069148E+00,-1.627800E+00, 1.317075E+01, 7.402756E+01, 3.595045E+01, 1.400277E+01, 1.501055E+00,4, 0.000000E+00,18, 1.311444E+00,0, 0.000000E+00,2, 1.096072E+00, 3.947684E-01, 7.013038E-01,1, 0.000000E+00,1,data,8
48410,17265,940626,124904,94C2, 9.128000E+01,0,2,2,0,2, 0.000000E+00, 0.000000E+00, 0.000000E+00, 0.000000E+00, 0.000000E+00, 0.000000E+00, 1.280944E-01,-1.040516E-01, 2.361664E+00, 9.322453E+01, 0.000000E+00, 9.322453E+01, 0.000000E+00,NULL,NULL,NULL,NULL,0, 0.000000E+00,NULL,NULL,NULL,NULL,2, 9.322453E+01,0,data,8
48410,17269,940626,124907,94C2, 9.128000E+01,21,18,39,21,18,-7.219162E+00,-3.615507E-02,-4.143137E+00, 4.124419E+01, 4.102354E+01, 1.953502E+00,-1.558287E+01,-1.554290E+00,-6.817063E+00, 7.592284E+01, 3.471405E+01, 2.334218E+01, 7.394528E+00,21, 1.028644E+00,0, 0.000000E+00,0, 0.000000E+00,14, 2.486637E+01, 3.281688E-01, 5.748204E+00,NULL,NULL,1,data,8
48410,17272,940626,124907,94C2, 9.128000E+01,10,6,16,10,6, 1.419796E+01, 3.753825E+00,-3.415316E-01, 6.301916E+01, 6.289984E+01, 6.289984E+00, 1.647768E+00, 1.433179E-01, 5.358217E-02, 7.679895E+01, 5.721140E+01, 1.204697E+01, 1.732819E+00,9, 1.654849E+01,0, 0.000000E+00,0, 0.000000E+00,5, 1.204697E+01, 3.541582E-01, 5.769106E+00,NULL,NULL,1,data,8
48410,17273,940626,124907,94C2, 9.128000E+01,0,2,2,0,2, 0.000000E+00, 0.000000E+00, 0.000000E+00, 0.000000E+00, 0.000000E+00, 0.000000E+00, 1.610887E-01, 2.358377E-02,-3.947094E+00, 9.047427E+01, 0.000000E+00, 9.047427E+01, 0.000000E+00,NULL,NULL,NULL,NULL,0, 0.000000E+00,NULL,NULL,NULL,NULL,2, 9.047427E+01,0,data,8
48410,17278,940626,124911,94C2, 9.128000E+01,0,2,2,0,2, 0.000000E+00, 0.000000E+00, 0.000000E+00, 0.000000E+00, 0.000000E+00, 0.000000E+00, 6.901407E-02,-4.062128E-02,-1.652794E-01, 9.210780E+01, 0.000000E+00, 9.210780E+01, 0.000000E+00,NULL,NULL,NULL,NULL,0, 0.000000E+00,NULL,NULL,NULL,NULL,2, 9.210780E+01,0,data,8
48410,17281,940626,124911,94C2, 9.128000E+01,36,12,48,36,12,-1.376164E+01, 7.984183E+00,-1.269379E+01, 6.462064E+01, 6.401595E+01, 1.778221E+00,-1.073651E+01, 6.637957E+00,-1.004399E+01, 7.672558E+01, 4.985134E+01, 9.397647E+00, 4.896198E-01,9, 2.469019E-01,1, 0.000000E+00,0, 0.000000E+00,5, 1.074116E+01, 7.198148E-01, 5.133222E+00,1, 0.000000E+00,1,data,8
48410,17282,940626,124911,94C2, 9.128000E+01,0,2,2,0,2, 0.000000E+00, 0.000000E+00, 0.000000E+00, 0.000000E+00, 0.000000E+00, 0.000000E+00,-1.754453E-01, 1.937094E-01, 2.608356E+00, 8.840092E+01, 0.000000E+00, 8.840092E+01, 0.000000E+00,NULL,NULL,NULL,NULL,0, 0.000000E+00,NULL,NULL,NULL,NULL,2, 8.840092E+01,0,data,8
48410,17285,940626,124912,94C2, 9.128000E+01,51,8,59,51,8,-1.218684E+01,-5.623906E+00, 2.069932E+00, 7.473436E+01, 7.295181E+01, 1.430428E+00,-1.498492E+01,-8.321320E+00,-3.416859E+00, 8.763918E+01, 5.575250E+01, 1.666053E+00, 1.123877E+01,4, 5.892339E-02,2, 0.000000E+00,0, 0.000000E+00,1, 5.934409E-01, 5.934409E-01, 5.934409E-01,NULL,NULL,1,data,8
48410,17287,940626,124913,94C2, 9.128000E+01,0,2,2,0,2, 0.000000E+00, 0.000000E+00, 0.000000E+00, 0.000000E+00, 0.000000E+00, 0.000000E+00, 1.136756E-02,-2.289201E-01,-1.414188E+01, 7.818378E+01, 0.000000E+00, 7.818378E+01, 0.000000E+00,NULL,NULL,NULL,NULL,0, 0.000000E+00,NULL,NULL,NULL,NULL,2, 7.818378E+01,0,data,8
48410,17288,940626,124913,94C2, 9.128000E+01,51,12,63,51,12,-7.807886E+00, 7.099132E+00, 1.710605E+00, 5.272494E+01, 5.021365E+01, 9.845813E-01,-7.191185E+00, 9.849958E+00, 2.810290E+00, 7.160130E+01, 4.331417E+01, 1.757255E+01, 1.303816E+00,10, 4.178927E-01,0, 0.000000E+00,0, 0.000000E+00,6, 1.608900E+01, 4.809198E-01, 6.558456E+00,NULL,NULL,1,data,8
48410,17289,940626,124917,94C2, 9.128000E+01,0,2,2,0,2, 0.000000E+00, 0.000000E+00, 0.000000E+00, 0.000000E+00, 0.000000E+00, 0.000000E+00, 2.312714E-01,-2.465887E-01, 3.941113E+00, 9.108206E+01, 0.000000E+00, 9.108206E+01, 0.000000E+00,NULL,NULL,NULL,NULL,0, 0.000000E+00,NULL,NULL,NULL,NULL,2, 9.108206E+01,0,data,8
48410,17291,940626,124917,94C2, 9.128000E+01,2,0,2,2,0, 9.031593E+00,-9.218925E+00,-1.255359E+01, 7.493295E+01, 7.493240E+01, 3.746620E+01, 9.031593E+00,-9.218925E+00,-1.255359E+01, 7.493295E+01, 0.000000E+00, 0.000000E+00, 0.000000E+00,NULL,NULL,NULL,NULL,0, 0.000000E+00,NULL,NULL,NULL,NULL,NULL,NULL,0,data,8
48410,17295,940626,124917,94C2, 9.128000E+01,0,3,3,0,3, 0.000000E+00, 0.000000E+00, 0.000000E+00, 0.000000E+00, 0.000000E+00, 0.000000E+00, 1.808859E-01, 2.675557E-02, 1.441084E+01, 7.823041E+01, 0.000000E+00, 7.823041E+01, 0.000000E+00,NULL,NULL,NULL,NULL,0, 0.000000E+00,NULL,NULL,NULL,NULL,3, 7.823041E+01,0,data,8
48410,17298,940626,124919,94C2, 9.128000E+01,8,3,11,8,3, 4.844436E-01,-5.041607E+00,-2.743719E+01, 2.829274E+01, 2.826167E+01, 3.532708E+00, 7.017854E-01,-5.504902E+00,-2.980039E+01, 3.071342E+01, 0.000000E+00, 2.420681E+00, 0.000000E+00,0, 0.000000E+00,5, 4.199946E+01,0, 0.000000E+00,NULL,NULL,NULL,NULL,NULL,NULL,0,data,8
48410,17303,940626,124919,94C2, 9.128000E+01,1,3,4,1,3, 1.851079E+00,-8.868287E-01, 8.697180E+00, 8.937190E+00, 8.936100E+00, 8.936100E+00, 2.501047E+00,-4.204878E-01,-1.015162E+00, 1.974656E+01, 0.000000E+00, 1.080937E+01, 0.000000E+00,0, 0.000000E+00,2, 5.287282E+00,0, 0.000000E+00,NULL,NULL,NULL,NULL,1, 0.000000E+00,0,data,8
48410,17304,940626,124919,94C2, 9.128000E+01,4,1,5,4,1,-5.781388E-02, 2.767755E-01, 1.247072E+00, 2.263787E+00, 2.182546E+00, 5.456365E-01,-1.130323E-01, 2.542290E-02, 4.348241E+00, 5.375615E+00, 8.390950E-01, 3.111828E+00, 0.000000E+00,NULL,NULL,NULL,NULL,0, 0.000000E+00,NULL,NULL,NULL,NULL,1, 0.000000E+00,0,data,8
48410,17306,940626,124920,94C2, 9.128000E+01,0,2,2,0,2, 0.000000E+00, 0.000000E+00, 0.000000E+00, 0.000000E+00, 0.000000E+00, 0.000000E+00, 1.936677E-01, 1.166984E-01, 3.753975E+00, 9.113568E+01, 0.000000E+00, 9.113568E+01, 0.000000E+00,NULL,NULL,NULL,NULL,0, 0.000000E+00,NULL,NULL,NULL,NULL,2, 9.113568E+01,0,data,8
48410,17307,940626,124920,94C2, 9.128000E+01,29,18,47,29,18, 1.357080E+01, 7.332065E-01, 2.407996E+01, 7.033662E+01, 6.975051E+01, 2.405190E+00, 1.612289E+01, 1.694697E+00, 2.542140E+01, 9.040476E+01, 5.396714E+01, 1.386564E+01, 3.020298E+00,9, 7.343014E-02,5, 0.000000E+00,0, 0.000000E+00,8, 1.053506E+01, 6.022000E-01, 2.957327E+00,NULL,NULL,1,data,8
48410,17308,940626,124920,94C2, 9.128000E+01,0,2,2,0,2, 0.000000E+00, 0.000000E+00, 0.000000E+00, 0.000000E+00, 0.000000E+00, 0.000000E+00,-3.385735E-02,-1.770067E-02,-4.069294E+00, 8.510370E+01, 0.000000E+00, 8.510370E+01, 0.000000E+00,NULL,NULL,NULL,NULL,0, 0.000000E+00,NULL,NULL,NULL,NULL,2, 8.510370E+01,0,data,8
48410,17310,940626,124920,94C2, 9.128000E+01,31,12,43,31,12,-2.806842E-03,-9.068260E-01, 5.684938E+00, 5.144848E+01, 5.090905E+01, 1.642227E+00,-8.160677E-01,-2.577257E+00, 9.906270E+00, 6.497371E+01, 3.448952E+01, 1.327817E+01, 2.470638E-01,1, 0.000000E+00,14, 5.185197E+00,0, 0.000000E+00,1, 5.442920E-01, 5.442920E-01, 5.442920E-01,1, 0.000000E+00,1,data,8
48410,17311,940626,124921,94C2, 9.128000E+01,44,23,67,44,23, 1.463520E+00,-9.843377E-01, 9.270308E+00, 6.808224E+01, 6.729974E+01, 1.529540E+00,-5.896717E-01,-5.771070E+00, 8.468710E+00, 9.339383E+01, 5.660971E+01, 2.179642E+01, 1.901752E+00,18, 1.544540E+00,1, 0.000000E+00,0, 0.000000E+00,13, 1.733196E+01, 4.694211E-01, 2.555966E+00,3, 0.000000E+00,1,data,8
48410,17313,940626,124922,94C2, 9.128000E+01,0,2,2,0,2, 0.000000E+00, 0.000000E+00, 0.000000E+00, 0.000000E+00, 0.000000E+00, 0.000000E+00, 4.689276E-02, 1.786020E-01,-2.445122E+00, 8.947221E+01, 0.000000E+00, 8.947221E+01, 0.000000E+00,NULL,NULL,NULL,NULL,0, 0.000000E+00,NULL,NULL,NULL,NULL,2, 8.947221E+01,0,data,8
48410,17316,940626,124923,94C2, 9.128000E+01,28,19,47,28,19,-1.605735E+01, 1.892509E+00, 1.885285E+00, 3.352575E+01, 3.282239E+01, 1.172228E+00,-4.184616E+00, 4.154098E-01,-1.916815E+00, 9.675034E+01, 2.023736E+01, 5.627596E+01, 4.826863E+00,18, 1.274334E+00,0, 0.000000E+00,0, 0.000000E+00,14, 5.695978E+01, 3.652166E-01, 1.862354E+01,NULL,NULL,1,data,8
48410,17319,940626,124925,94C2, 9.128000E+01,0,2,2,0,2, 0.000000E+00, 0.000000E+00, 0.000000E+00, 0.000000E+00, 0.000000E+00, 0.000000E+00, 5.054474E-04, 2.683067E-01, 2.480370E+00, 9.292683E+01, 0.000000E+00, 9.292683E+01, 0.000000E+00,NULL,NULL,NULL,NULL,0, 0.000000E+00,NULL,NULL,NULL,NULL,2, 9.292683E+01,0,data,8
48410,17321,940626,124925,94C2, 9.128000E+01,0,2,2,0,2, 0.000000E+00, 0.000000E+00, 0.000000E+00, 0.000000E+00, 0.000000E+00, 0.000000E+00, 1.020489E-01,-1.113740E-01,-1.306036E+01, 7.945584E+01, 0.000000E+00, 7.945584E+01, 0.000000E+00,NULL,NULL,NULL,NULL,0, 0.000000E+00,NULL,NULL,NULL,NULL,2, 7.945584E+01,0,data,8
48410,17322,940626,124925,94C2, 9.128000E+01,0,2,2,0,2, 0.000000E+00, 0.000000E+00, 0.000000E+00, 0.000000E+00, 0.000000E+00, 0.000000E+00,-8.969498E-02, 1.838624E-02, 1.749573E+00, 9.379448E+01, 0.000000E+00, 9.379448E+01, 0.000000E+00,NULL,NULL,NULL,NULL,0, 0.000000E+00,NULL,NULL,NULL,NULL,2, 9.379448E+01,0,data,8
48410,17325,940626,124925,94C2, 9.128000E+01,17,12,29,17,12, 1.465173E+00, 6.289679E+00, 1.809685E+00, 3.276558E+01, 3.256118E+01, 1.915364E+00, 7.096872E-01, 8.123462E+00, 4.566521E-01, 6.844739E+01, 3.254017E+01, 2.405349E+01, 1.101716E+01,12, 1.627271E+00,0, 0.000000E+00,0, 0.000000E+00,7, 2.508550E+01, 5.414638E-01, 9.676102E+00,NULL,NULL,1,data,8
48410,17326,940626,124928,94C2, 9.128000E+01,0,2,2,0,2, 0.000000E+00, 0.000000E+00, 0.000000E+00, 0.000000E+00, 0.000000E+00, 0.000000E+00,-5.553937E-02,-5.691552E-02,-1.550144E+00, 9.240947E+01, 0.000000E+00, 9.240947E+01, 0.000000E+00,NULL,NULL,NULL,NULL,0, 0.000000E+00,NULL,NULL,NULL,NULL,2, 9.240947E+01,0,data,8
48410,17328,940626,124928,94C2, 9.128000E+01,0,2,2,0,2, 0.000000E+00, 0.000000E+00, 0.000000E+00, 0.000000E+00, 0.000000E+00, 0.000000E+00, 2.195601E-01,-6.057367E-03, 3.126408E+00, 9.049750E+01, 0.000000E+00, 9.049750E+01, 0.000000E+00,NULL,NULL,NULL,NULL,0, 0.000000E+00,NULL,NULL,NULL,NULL,2, 9.049750E+01,0,data,8
48410,17338,940626,124930,94C2, 9.128000E+01,26,6,32,26,6, 1.020176E+00, 8.652174E-01, 4.403462E+00, 4.917321E+01, 4.860660E+01, 1.869485E+00, 1.672983E+00, 1.193436E+00, 2.060360E+00, 5.357140E+01, 4.624820E+01, 3.858203E+00, 5.399842E-01,1, 0.000000E+00,7, 0.000000E+00,0, 0.000000E+00,NULL,NULL,NULL,NULL,NULL,NULL,1,data,8
48410,17339,940626,124931,94C2, 9.128000E+01,0,2,2,0,2, 0.000000E+00, 0.000000E+00, 0.000000E+00, 0.000000E+00, 0.000000E+00, 0.000000E+00,-9.662867E-03,-7.824421E-03, 7.049736E+00, 8.824771E+01, 0.000000E+00, 8.824771E+01, 0.000000E+00,NULL,NULL,NULL,NULL,0, 0.000000E+00,NULL,NULL,NULL,NULL,2, 8.824771E+01,0,data,8
48410,17342,940626,124932,94C2, 9.128000E+01,0,2,2,0,2, 0.000000E+00, 0.000000E+00, 0.000000E+00, 0.000000E+00, 0.000000E+00, 0.000000E+00, 1.554944E-01, 4.608345E-02,-2.777634E-01, 8.973943E+01, 0.000000E+00, 8.973943E+01, 0.000000E+00,NULL,NULL,NULL,NULL,0, 0.000000E+00,NULL,NULL,NULL,NULL,2, 8.973943E+01,0,data,8
48410,17343,940626,124932,94C2, 9.128000E+01,3,0,3,3,0,-1.424631E+00, 1.446369E+00,-1.256071E+00, 1.097502E+02, 1.097490E+02, 3.658299E+01,-1.424631E+00, 1.446369E+00,-1.256071E+00, 1.097502E+02, 0.000000E+00, 0.000000E+00, 0.000000E+00,2, 4.949513E-02,0, 0.000000E+00,0, 0.000000E+00,NULL,NULL,NULL,NULL,NULL,NULL,0,data,8
48410,17344,940626,124932,94C2, 9.128000E+01,0,2,2,0,2, 0.000000E+00, 0.000000E+00, 0.000000E+00, 0.000000E+00, 0.000000E+00, 0.000000E+00, 1.291798E-01, 8.443141E-02,-4.911270E-01, 9.024554E+01, 0.000000E+00, 9.024554E+01, 0.000000E+00,NULL,NULL,NULL,NULL,0, 0.000000E+00,NULL,NULL,NULL,NULL,2, 9.024554E+01,0,data,8
48410,17346,940626,124932,94C2, 9.128000E+01,0,2,2,0,2, 0.000000E+00, 0.000000E+00, 0.000000E+00, 0.000000E+00, 0.000000E+00, 0.000000E+00, 2.158668E-01,-2.149954E-02,-3.111328E+00, 9.036038E+01, 0.000000E+00, 9.036038E+01, 0.000000E+00,NULL,NULL,NULL,NULL,0, 0.000000E+00,NULL,NULL,NULL,NULL,2, 9.036038E+01,0,data,8
48410,17347,940626,124932,94C2, 9.128000E+01,45,19,64,45,19,-4.530178E+00,-1.029100E+01,-6.055017E+00, 6.941853E+01, 6.763197E+01, 1.502933E+00, 2.778921E+00, 3.364832E-01, 2.089674E-01, 9.584718E+01, 6.096149E+01, 1.293999E+01, 6.543641E+00,18, 1.781085E+00,0, 0.000000E+00,0, 0.000000E+00,12, 1.784000E+01, 4.208818E-01, 5.352232E+00,NULL,NULL,1,data,8
48410,17352,940626,124933,94C2, 9.128000E+01,2,0,2,2,0, 8.506279E-01, 2.107321E+00, 3.078051E-01, 2.608049E+01, 2.607898E+01, 1.303949E+01, 8.506279E-01, 2.107321E+00, 3.078051E-01, 2.608049E+01, 0.000000E+00, 0.000000E+00, 0.000000E+00,1, 0.000000E+00,0, 0.000000E+00,0, 0.000000E+00,NULL,NULL,NULL,NULL,NULL,NULL,0,data,8
48410,17353,940626,124933,94C2, 9.128000E+01,0,3,3,0,3, 0.000000E+00, 0.000000E+00, 0.000000E+00, 0.000000E+00, 0.000000E+00, 0.000000E+00, 6.071657E+00,-3.416532E+00, 9.930671E+00, 2.718298E+01, 0.000000E+00, 2.718298E+01, 0.000000E+00,0, 0.000000E+00,1, 1.071399E+01,0, 0.000000E+00,NULL,NULL,NULL,NULL,NULL,NULL,0,data,8
48410,17357,940626,124934,94C2, 9.128000E+01,0,2,2,0,2, 0.000000E+00, 0.000000E+00, 0.000000E+00, 0.000000E+00, 0.000000E+00, 0.000000E+00, 2.202556E-02, 9.037828E-02,-1.289654E+00, 9.323898E+01, 0.000000E+00, 9.323898E+01, 0.000000E+00,NULL,NULL,NULL,NULL,0, 0.000000E+00,NULL,NULL,NULL,NULL,2, 9.323898E+01,0,data,8
48410,17358,940626,124934,94C2, 9.128000E+01,0,2,2,0,2, 0.000000E+00, 0.000000E+00, 0.000000E+00, 0.000000E+00, 0.000000E+00, 0.000000E+00, 2.691746E-03, 3.476381E-03,-7.365475E+00, 8.478154E+01, 0.000000E+00, 8.478154E+01, 0.000000E+00,NULL,NULL,NULL,NULL,0, 0.000000E+00,NULL,NULL,NULL,NULL,2, 8.478154E+01,0,data,8
48410,17359,940626,124934,94C2, 9.128000E+01,23,28,51,23,28,-7.504508E+00,-1.980459E+00, 6.120170E+00, 3.033379E+01, 2.992458E+01, 1.301069E+00,-4.093626E+00,-2.849064E+00,-6.519958E+00, 6.567629E+01, 2.568635E+01, 1.645138E+01, 1.896753E+01,5, 2.429028E-01,9, 0.000000E+00,0, 0.000000E+00,1, 5.663744E-01, 5.663744E-01, 5.663744E-01,7, 0.000000E+00,1,data,8
48410,17361,940626,124936,94C2, 9.128000E+01,0,2,2,0,2, 0.000000E+00, 0.000000E+00, 0.000000E+00, 0.000000E+00, 0.000000E+00, 0.000000E+00, 7.716548E-02, 8.007240E-02,-9.407463E-01, 9.156846E+01, 0.000000E+00, 9.156846E+01, 0.000000E+00,NULL,NULL,NULL,NULL,0, 0.000000E+00,NULL,NULL,NULL,NULL,2, 9.156846E+01,0,data,8
48410,17363,940626,124936,94C2, 9.128000E+01,26,12,38,26,12, 8.096750E+00, 3.552806E+00,-4.564310E+00, 4.685645E+01, 4.621925E+01, 1.777663E+00, 3.812901E+00, 1.608353E+00,-5.232654E-01, 6.929243E+01, 4.346315E+01, 8.903178E+00, 1.326649E+01,5, 3.113032E-01,6, 0.000000E+00,0, 0.000000E+00,3, 5.847679E+00, 2.663214E-01, 4.041025E+00,1, 0.000000E+00,1,data,8
48410,17367,940626,124936,94C2, 9.128000E+01,26,21,47,26,21,-1.100057E+01,-2.363380E+00, 3.971310E+00, 6.316684E+01, 6.282166E+01, 2.416218E+00, 7.231052E-01,-1.838770E+00, 7.940168E-01, 9.755395E+01, 5.806068E+01, 2.294298E+01, 9.299966E+00,19, 3.428448E+00,0, 0.000000E+00,0, 0.000000E+00,12, 2.018240E+01, 3.598079E-01, 6.440194E+00,NULL,NULL,1,data,8
48410,17368,940626,124937,94C2, 9.128000E+01,23,7,30,23,7, 1.425460E+00, 1.034942E+00, 7.035891E-01, 8.002345E+01, 7.970700E+01, 3.465522E+00, 4.259712E-01, 9.571075E-03,-2.496175E-01, 9.481187E+01, 7.788915E+01, 1.086140E+01, 2.440053E+00,7, 4.287310E-02,0, 0.000000E+00,0, 0.000000E+00,5, 1.093342E+01, 9.943140E-01, 3.001454E+00,NULL,NULL,1,data,8
48410,17370,940626,124937,94C2, 9.128000E+01,0,18,18,0,18, 0.000000E+00, 0.000000E+00, 0.000000E+00, 0.000000E+00, 0.000000E+00, 0.000000E+00, 1.251278E+01,-1.939031E+00,-2.997744E+01, 3.264590E+01, 0.000000E+00, 3.264590E+01, 0.000000E+00,0, 0.000000E+00,18, 3.264590E+01,0, 0.000000E+00,NULL,NULL,NULL,NULL,NULL,NULL,0,data,8
48410,17376,940626,124939,94C2, 9.128000E+01,0,4,4,0,4, 0.000000E+00, 0.000000E+00, 0.000000E+00, 0.000000E+00, 0.000000E+00, 0.000000E+00, 1.482339E-01, 1.815777E-01, 9.940376E-01, 9.921140E+01, 0.000000E+00, 9.921140E+01, 0.000000E+00,NULL,NULL,NULL,NULL,0, 0.000000E+00,NULL,NULL,NULL,NULL,4, 9.921140E+01,0,data,8
48410,17379,940626,124939,94C2, 9.128000E+01,23,12,35,23,12, 1.315688E+01, 9.522624E+00,-1.162127E+00, 5.957170E+01, 5.930259E+01, 2.578373E+00, 1.484558E+01, 1.102218E+01,-5.830116E-01, 6.961902E+01, 5.747493E+01, 6.827125E+00, 1.062063E+00,17, 2.180210E+00,0, 0.000000E+00,0, 0.000000E+00,10, 7.271450E+00, 4.001253E-01, 1.774143E+00,NULL,NULL,1,data,8
48410,17382,940626,124941,94C2, 9.128000E+01,1,4,5,1,4, 2.845504E+00,-3.426843E+00,-3.986374E+00, 5.979198E+00, 5.977569E+00, 5.977569E+00, 5.324715E-01,-7.529838E-01, 1.112332E+00, 9.291733E+01, 5.979198E+00, 8.693813E+01, 0.000000E+00,2, 3.356177E+00,0, 0.000000E+00,0, 0.000000E+00,1, 1.682065E+00, 1.682065E+00, 1.682065E+00,2, 3.943253E+01,0,data,8
48410,17383,940626,124941,94C2, 9.128000E+01,20,15,35,20,15, 5.200915E+00, 1.574292E+01, 9.730261E+00, 6.386647E+01, 6.356555E+01, 3.178277E+00, 5.852336E+00, 2.139483E+01, 1.216440E+01, 1.001297E+02, 6.212702E+01, 2.939113E+01, 5.208571E+00,15, 1.394998E+00,1, 0.000000E+00,0, 0.000000E+00,10, 1.742304E+01, 5.225861E-01, 4.198485E+00,NULL,NULL,1,data,8
48410,17386,940626,124942,94C2, 9.128000E+01,31,18,49,31,18,-1.256196E+01, 4.326276E+00, 5.193856E+00, 6.688902E+01, 6.612168E+01, 2.132957E+00,-5.771218E+00, 1.957765E+00, 7.903106E-01, 9.069022E+01, 6.358367E+01, 1.568927E+01, 5.187140E+00,17, 6.612304E+00,0, 0.000000E+00,0, 0.000000E+00,10, 1.726842E+01, 4.664032E-01, 3.975107E+00,NULL,NULL,1,data,8
48410,17387,940626,124943,94C2, 9.128000E+01,49,17,66,49,17, 4.378244E+00, 1.236853E+00, 2.396123E+00, 8.167294E+01, 7.991447E+01, 1.630908E+00, 5.844761E+00, 1.065143E+00, 1.491008E+00, 1.019992E+02, 7.180809E+01, 1.933963E+01, 9.866347E-01,17, 1.401539E+00,0, 0.000000E+00,0, 0.000000E+00,12, 1.869151E+01, 6.621370E-01, 3.706422E+00,NULL,NULL,1,data,8
48410,17388,940626,124943,94C2, 9.128000E+01,0,2,2,0,2, 0.000000E+00, 0.000000E+00, 0.000000E+00, 0.000000E+00, 0.000000E+00, 0.000000E+00,-5.733013E-02,-1.813447E-01, 2.551540E+00, 9.294597E+01, 0.000000E+00, 9.294597E+01, 0.000000E+00,NULL,NULL,NULL,NULL,0, 0.000000E+00,NULL,NULL,NULL,NULL,2, 9.294597E+01,0,data,8
48410,17392,940626,124945,94C2, 9.128000E+01,2,1,3,2,1,-1.816493E-02, 6.838918E-03, 3.430021E-02, 2.219299E+00, 2.201672E+00, 1.100836E+00,-1.286104E+00, 6.762394E-01, 6.006892E-01, 3.760910E+00, 2.552800E+00, 1.541610E+00, 0.000000E+00,2, 3.821939E-01,0, 0.000000E+00,0, 0.000000E+00,1, 1.541610E+00, 1.541610E+00, 1.541610E+00,NULL,NULL,0,data,8
48410,17394,940626,124945,94C2, 9.128000E+01,0,2,2,0,2, 0.000000E+00, 0.000000E+00, 0.000000E+00, 0.000000E+00, 0.000000E+00, 0.000000E+00, 3.578854E-01,-1.762328E-02,-2.484959E+00, 8.934883E+01, 0.000000E+00, 8.934883E+01, 0.000000E+00,NULL,NULL,NULL,NULL,0, 0.000000E+00,NULL,NULL,NULL,NULL,2, 8.934883E+01,0,data,8
48410,17395,940626,124948,94C2, 9.128000E+01,0,2,2,0,2, 0.000000E+00, 0.000000E+00, 0.000000E+00, 0.000000E+00, 0.000000E+00, 0.000000E+00, 5.808592E-02,-1.300611E-01,-2.029076E-01, 9.023311E+01, 0.000000E+00, 9.023311E+01, 0.000000E+00,NULL,NULL,NULL,NULL,0, 0.000000E+00,NULL,NULL,NULL,NULL,2, 9.023311E+01,0,data,8
48410,17398,940626,124948,94C2, 9.128000E+01,1,4,5,1,4,-6.938685E-02,-1.166983E-01, 4.369034E-01, 4.783270E-01, 4.575124E-01, 4.575124E-01, 5.760473E-02,-1.143677E+00, 6.953185E+00, 7.690856E+00, 0.000000E+00, 7.212529E+00, 0.000000E+00,0, 0.000000E+00,3, 1.020336E+00,0, 0.000000E+00,NULL,NULL,NULL,NULL,NULL,NULL,0,data,8
48410,17399,940626,124948,94C2, 9.128000E+01,0,2,2,0,2, 0.000000E+00, 0.000000E+00, 0.000000E+00, 0.000000E+00, 0.000000E+00, 0.000000E+00, 2.987146E-02, 5.605912E-02, 7.599220E-01, 8.989120E+01, 0.000000E+00, 8.989120E+01, 0.000000E+00,NULL,NULL,NULL,NULL,0, 0.000000E+00,NULL,NULL,NULL,NULL,2, 8.989120E+01,0,data,8
48410,17401,940626,124948,94C2, 9.128000E+01,29,11,40,29,11, 4.155138E+00,-3.060059E+00,-7.347020E+00, 6.895024E+01, 6.862160E+01, 2.366262E+00, 2.395029E+00,-1.397144E+00,-3.592911E-01, 8.675058E+01, 6.617523E+01, 6.448785E+00, 9.330257E+00,12, 1.634109E+01,2, 0.000000E+00,0, 0.000000E+00,4, 4.156490E+00, 5.308650E-01, 1.490422E+00,1, 0.000000E+00,1,data,8
48410,17403,940626,124949,94C2, 9.128000E+01,4,2,6,4,2, 2.422552E-01, 7.490669E-01, 1.508867E-01, 3.854872E+01, 3.854045E+01, 9.635112E+00, 2.280861E+01, 4.200678E+00, 1.459288E+01, 6.558981E+01, 3.859209E+01, 2.656187E+01, 4.792183E-01,3, 1.089017E-01,0, 0.000000E+00,0, 0.000000E+00,1, 2.656187E+01, 2.656187E+01, 2.656187E+01,NULL,NULL,0,data,8
48410,17404,940626,124949,94C2, 9.128000E+01,0,2,2,0,2, 0.000000E+00, 0.000000E+00, 0.000000E+00, 0.000000E+00, 0.000000E+00, 0.000000E+00,-1.419097E-01, 1.571546E-01, 3.041851E+00, 9.229556E+01, 0.000000E+00, 9.229556E+01, 0.000000E+00,NULL,NULL,NULL,NULL,0, 0.000000E+00,NULL,NULL,NULL,NULL,2, 9.229556E+01,0,data,8
48410,17405,940626,124949,94C2, 9.128000E+01,0,2,2,0,2, 0.000000E+00, 0.000000E+00, 0.000000E+00, 0.000000E+00, 0.000000E+00, 0.000000E+00, 4.998660E-02, 1.064854E-01, 1.171711E+00, 9.047497E+01, 0.000000E+00, 9.047497E+01, 0.000000E+00,NULL,NULL,NULL,NULL,0, 0.000000E+00,NULL,NULL,NULL,NULL,2, 9.047497E+01,0,data,8
48410,17406,940626,124949,94C2, 9.128000E+01,16,14,30,16,14, 3.515863E+00, 6.315518E+00,-3.318888E+00, 3.813029E+01, 3.793017E+01, 2.370636E+00,-1.098499E+00,-3.034104E+00, 1.110266E+00, 8.903962E+01, 3.717496E+01, 2.716241E+01, 1.992808E+01,12, 2.706558E+00,0, 0.000000E+00,0, 0.000000E+00,7, 2.048847E+01, 4.677132E-01, 1.097932E+01,NULL,NULL,1,data,8
48410,17407,940626,124949,94C2, 9.128000E+01,0,2,2,0,2, 0.000000E+00, 0.000000E+00, 0.000000E+00, 0.000000E+00, 0.000000E+00, 0.000000E+00, 1.348367E-01, 1.101363E-01, 6.982994E-01, 8.975638E+01, 0.000000E+00, 8.975638E+01, 0.000000E+00,NULL,NULL,NULL,NULL,0, 0.000000E+00,NULL,NULL,NULL,NULL,2, 8.975638E+01,0,data,8
48410,17409,940626,124950,94C2, 9.128000E+01,5,4,9,5,4, 7.214874E-02,-2.408291E-01, 2.847780E+00, 3.474146E+00, 3.330167E+00, 6.660334E-01,-1.089426E-01,-1.888302E-01, 5.624990E+00, 6.334558E+00, 9.261692E-01, 2.860412E+00, 0.000000E+00,0, 0.000000E+00,3, 0.000000E+00,0, 0.000000E+00,NULL,NULL,NULL,NULL,1, 0.000000E+00,0,data,8
48410,17410,940626,124950,94C2, 9.128000E+01,0,2,2,0,2, 0.000000E+00, 0.000000E+00, 0.000000E+00, 0.000000E+00, 0.000000E+00, 0.000000E+00, 8.959754E-02, 7.049246E-01,-1.196708E+01, 7.998802E+01, 0.000000E+00, 7.998802E+01, 0.000000E+00,NULL,NULL,NULL,NULL,0, 0.000000E+00,NULL,NULL,NULL,NULL,2, 7.998802E+01,0,data,8
48410,17414,940626,124950,94C2, 9.128000E+01,33,16,49,33,16,-9.252674E+00,-3.091866E-01,-7.455214E+00, 4.623098E+01, 4.558535E+01, 1.381374E+00,-4.497764E+00, 1.419170E+00, 3.319839E+00, 7.022324E+01, 3.879106E+01, 1.419372E+01, 9.798553E+00,5, 0.000000E+00,9, 2.709660E+00,0, 0.000000E+00,4, 2.423705E+00, 4.335773E-01, 9.739208E-01,2, 0.000000E+00,1,data,8
48410,17415,940626,124953,94C2, 9.128000E+01,0,2,2,0,2, 0.000000E+00, 0.000000E+00, 0.000000E+00, 0.000000E+00, 0.000000E+00, 0.000000E+00, 2.051477E-01, 6.744957E-02,-4.078129E+00, 8.932239E+01, 0.000000E+00, 8.932239E+01, 0.000000E+00,NULL,NULL,NULL,NULL,0, 0.000000E+00,NULL,NULL,NULL,NULL,2, 8.932239E+01,0,data,8
48410,17416,940626,124953,94C2, 9.128000E+01,7,6,13,7,6,-9.639570E+00, 1.170510E+00,-2.417071E+01, 4.651804E+01, 4.647776E+01, 6.639680E+00,-1.091741E+01, 1.235045E+00,-2.883045E+01, 5.137890E+01, 3.042713E+01, 4.860865E+00, 0.000000E+00,0, 0.000000E+00,8, 6.842651E+01,0, 0.000000E+00,NULL,NULL,NULL,NULL,1, 0.000000E+00,0,data,8
48410,17417,940626,124953,94C2, 9.128000E+01,0,2,2,0,2, 0.000000E+00, 0.000000E+00, 0.000000E+00, 0.000000E+00, 0.000000E+00, 0.000000E+00,-9.213448E-03, 8.108550E-02,-1.148098E+00, 9.349809E+01, 0.000000E+00, 9.349809E+01, 0.000000E+00,NULL,NULL,NULL,NULL,0, 0.000000E+00,NULL,NULL,NULL,NULL,2, 9.349809E+01,0,data,8
48410,17419,940626,124953,94C2, 9.128000E+01,30,16,46,30,16,-6.274385E+00,-4.285243E+00, 1.662353E+00, 8.183604E+01, 8.118703E+01, 2.706234E+00, 2.306362E+00, 6.836568E+00, 1.029435E+00, 9.976260E+01, 7.882151E+01, 6.402673E+00, 4.664229E+00,17, 2.309381E+00,0, 0.000000E+00,0, 0.000000E+00,11, 1.144142E+01, 3.704655E-01, 3.495950E+00,NULL,NULL,1,data,8
48410,17422,940626,124955,94C2, 9.128000E+01,0,2,2,0,2, 0.000000E+00, 0.000000E+00, 0.000000E+00, 0.000000E+00, 0.000000E+00, 0.000000E+00, 9.632367E-02, 4.493141E-02,-7.721481E-01, 9.344764E+01, 0.000000E+00, 9.344764E+01, 0.000000E+00,NULL,NULL,NULL,NULL,0, 0.000000E+00,NULL,NULL,NULL,NULL,2, 9.344764E+01,0,data,8
48410,17423,940626,124955,94C2, 9.128000E+01,26,23,49,26,23, 4.692353E+00,-2.291445E+00, 5.126933E+00, 6.287785E+01, 6.250911E+01, 2.404197E+00,-7.696375E+00,-2.221775E+00,-9.092483E+00, 8.958994E+01, 5.944609E+01, 1.535693E+01, 1.006794E+01,6, 1.376874E-01,9, 4.245055E+00,0, 0.000000E+00,5, 6.212047E+00, 5.264485E-01, 2.180665E+00,NULL,NULL,1,data,8
48410,17424,940626,124955,94C2, 9.128000E+01,0,2,2,0,2, 0.000000E+00, 0.000000E+00, 0.000000E+00, 0.000000E+00, 0.000000E+00, 0.000000E+00, 7.080817E-02, 1.021993E-02,-8.704872E-01, 9.150603E+01, 0.000000E+00, 9.150603E+01, 0.000000E+00,NULL,NULL,NULL,NULL,0, 0.000000E+00,NULL,NULL,NULL,NULL,2, 9.150603E+01,0,data,8
48410,17427,940626,124955,94C2, 9.128000E+01,38,15,53,38,15, 9.697074E-02,-1.012768E+00, 1.383755E-01, 6.501168E+01, 6.407056E+01, 1.686067E+00,-9.475117E-01, 7.864780E+00,-1.304625E+01, 8.605012E+01, 5.819368E+01, 6.163036E+00, 1.507380E+01,1, 0.000000E+00,13, 2.882691E+00,0, 0.000000E+00,1, 1.074312E+00, 1.074312E+00, 1.074312E+00,NULL,NULL,1,data,8
48410,17428,940626,124955,94C2, 9.128000E+01,0,2,2,0,2, 0.000000E+00, 0.000000E+00, 0.000000E+00, 0.000000E+00, 0.000000E+00, 0.000000E+00,-3.945065E-02,-3.751373E-02, 4.699478E-01, 9.107464E+01, 0.000000E+00, 9.107464E+01, 0.000000E+00,NULL,NULL,NULL,NULL,0, 0.000000E+00,NULL,NULL,NULL,NULL,2, 9.107464E+01,0,data,8
48410,17431,940626,124959,94C2, 9.128000E+01,0,2,2,0,2, 0.000000E+00, 0.000000E+00, 0.000000E+00, 0.000000E+00, 0.000000E+00, 0.000000E+00,-1.276360E-01,-1.102302E-01,-4.295162E+00, 9.055653E+01, 0.000000E+00, 9.055653E+01, 0.000000E+00,NULL,NULL,NULL,NULL,0, 0.000000E+00,NULL,NULL,NULL,NULL,2, 9.055653E+01,0,data,8
48410,17432,940626,124959,94C2, 9.128000E+01,4,1,5,4,1,-1.436151E-01,-3.929020E-01,-7.363151E-01, 1.758819E+00, 1.646392E+00, 4.115979E-01,-7.474606E-01,-3.922589E-01,-1.414143E+01, 1.517753E+01, 0.000000E+00, 1.341871E+01, 0.000000E+00,NULL,NULL,NULL,NULL,0, 0.000000E+00,NULL,NULL,NULL,NULL,1, 0.000000E+00,0,data,8
48410,17437,940626,124959,94C2, 9.128000E+01,0,2,2,0,2, 0.000000E+00, 0.000000E+00, 0.000000E+00, 0.000000E+00, 0.000000E+00, 0.000000E+00, 6.151670E-02,-4.993081E-02, 1.112923E+00, 9.398026E+01, 0.000000E+00, 9.398026E+01, 0.000000E+00,NULL,NULL,NULL,NULL,0, 0.000000E+00,NULL,NULL,NULL,NULL,2, 9.398026E+01,0,data,8
48410,17439,940626,125002,94C2, 9.128000E+01,15,7,22,15,7, 2.853183E+00,-7.190040E+00, 5.546110E+00, 5.827221E+01, 5.801334E+01, 3.867556E+00, 1.113196E+00,-1.840852E+00, 1.683738E+00, 7.064902E+01, 5.703126E+01, 1.310683E+00, 9.856264E+00,4, 2.398543E-01,1, 0.000000E+00,0, 0.000000E+00,2, 1.236466E+00, 4.884298E-01, 7.480358E-01,NULL,NULL,1,data,8
48410,17443,940626,125002,94C2, 9.128000E+01,0,2,2,0,2, 0.000000E+00, 0.000000E+00, 0.000000E+00, 0.000000E+00, 0.000000E+00, 0.000000E+00, 4.998779E-02, 1.013870E-01, 1.036995E+00, 9.122849E+01, 0.000000E+00, 9.122849E+01, 0.000000E+00,NULL,NULL,NULL,NULL,0, 0.000000E+00,NULL,NULL,NULL,NULL,2, 9.122849E+01,0,data,8
48410,17447,940626,125005,94C2, 9.128000E+01,0,2,2,0,2, 0.000000E+00, 0.000000E+00, 0.000000E+00, 0.000000E+00, 0.000000E+00, 0.000000E+00, 6.254101E-02, 2.104050E-01, 2.249798E+00, 9.081949E+01, 0.000000E+00, 9.081949E+01, 0.000000E+00,NULL,NULL,NULL,NULL,0, 0.000000E+00,NULL,NULL,NULL,NULL,2, 9.081949E+01,0,data,8
48410,17449,940626,125005,94C2, 9.128000E+01,0,2,2,0,2, 0.000000E+00, 0.000000E+00, 0.000000E+00, 0.000000E+00, 0.000000E+00, 0.000000E+00, 1.408991E-01,-1.347364E-01,-1.229816E+00, 7.685252E+01, 0.000000E+00, 7.685252E+01, 0.000000E+00,NULL,NULL,NULL,NULL,0, 0.000000E+00,NULL,NULL,NULL,NULL,2, 7.685252E+01,0,data,8
48410,17450,940626,125005,94C2, 9.128000E+01,12,3,15,12,3, 1.168354E+00, 4.459297E-01,-3.398589E+00, 6.444202E+00, 6.125922E+00, 5.104935E-01, 1.347222E+00, 5.078112E-01,-6.368117E+00, 1.233100E+01, 2.362024E+00, 5.886796E+00, 0.000000E+00,NULL,NULL,NULL,NULL,0, 0.000000E+00,NULL,NULL,NULL,NULL,3, 0.000000E+00,0,data,8
48410,17458,940626,125007,94C2, 9.128000E+01,34,18,52,34,18, 1.264307E+00,-6.125364E+00,-2.058044E-01, 5.739251E+01, 5.685726E+01, 1.672272E+00, 1.994438E+00,-1.493446E+01, 1.455756E+00, 1.040977E+02, 5.389597E+01, 3.094305E+01, 1.253446E+01,19, 4.820023E-01,1, 0.000000E+00,0, 0.000000E+00,14, 3.152344E+01, 6.885500E-01, 8.873821E+00,NULL,NULL,1,data,8
48410,17459,940626,125008,94C2, 9.128000E+01,0,3,3,0,3, 0.000000E+00, 0.000000E+00, 0.000000E+00, 0.000000E+00, 0.000000E+00, 0.000000E+00,-8.692533E+00, 5.120295E+00,-3.806980E+00, 1.391692E+01, 0.000000E+00, 1.391692E+01, 0.000000E+00,1, 5.390248E+00,0, 0.000000E+00,0, 0.000000E+00,1, 7.186322E+00, 7.186322E+00, 7.186322E+00,NULL,NULL,0,data,8
48410,17460,940626,125008,94C2, 9.128000E+01,2,0,2,2,0, 6.320342E-02,-3.272331E-01,-4.274075E-01, 9.850624E+00, 9.846657E+00, 4.923328E+00, 6.320342E-02,-3.272331E-01,-4.274075E-01, 9.850624E+00, 0.000000E+00, 0.000000E+00, 0.000000E+00,NULL,NULL,NULL,NULL,0, 0.000000E+00,NULL,NULL,NULL,NULL,NULL,NULL,0,data,8
48410,17464,940626,125008,94C2, 9.128000E+01,25,17,42,25,17, 7.033007E+00, 4.764748E+00, 2.537731E+00, 6.041035E+01, 5.990533E+01, 2.396213E+00,-1.691196E+00, 1.371430E+00,-2.613174E-01, 8.402697E+01, 5.592920E+01, 1.518369E+01, 2.460613E+00,18, 3.300064E+00,0, 0.000000E+00,0, 0.000000E+00,11, 1.987613E+01, 3.583584E-01, 4.667451E+00,2, 0.000000E+00,1,data,8
48410,17465,940626,125009,94C2, 9.128000E+01,25,25,50,25,25,-8.691410E+00,-3.318876E+00,-1.432943E+01, 4.699237E+01, 4.652685E+01, 1.861074E+00,-6.481175E+00,-1.658847E+00,-4.921813E+00, 8.568634E+01, 4.421132E+01, 3.129122E+01, 1.555599E+00,18, 3.302161E+00,5, 0.000000E+00,0, 0.000000E+00,13, 2.196774E+01, 7.612208E-01, 3.891797E+00,1, 0.000000E+00,1,data,8
48410,17466,940626,125009,94C2, 9.128000E+01,23,15,38,23,15, 1.236534E+01,-1.653720E+01, 9.009647E+00, 6.718790E+01, 6.685769E+01, 2.906856E+00, 7.458451E+00,-1.097273E+01, 4.980384E+00, 1.014867E+02, 6.434753E+01, 8.210897E+00, 1.425089E+01,13, 3.974426E-01,0, 0.000000E+00,0, 0.000000E+00,9, 2.004792E+01, 4.793143E-01, 8.311199E+00,NULL,NULL,1,data,8
48410,17467,940626,125009,94C2, 9.128000E+01,0,2,2,0,2, 0.000000E+00, 0.000000E+00, 0.000000E+00, 0.000000E+00, 0.000000E+00, 0.000000E+00,-7.044852E-02, 1.623096E-01, 2.433552E+00, 9.250224E+01, 0.000000E+00, 9.250224E+01, 0.000000E+00,NULL,NULL,NULL,NULL,0, 0.000000E+00,NULL,NULL,NULL,NULL,2, 9.250224E+01,0,data,8
48410,17469,940626,125009,94C2, 9.128000E+01,0,2,2,0,2, 0.000000E+00, 0.000000E+00, 0.000000E+00, 0.000000E+00, 0.000000E+00, 0.000000E+00, 5.967140E-02,-3.744841E-03,-6.969452E-03, 9.190688E+01, 0.000000E+00, 9.190688E+01, 0.000000E+00,NULL,NULL,NULL,NULL,0, 0.000000E+00,NULL,NULL,NULL,NULL,2, 9.190688E+01,0,data,8
48410,17470,940626,125009,94C2, 9.128000E+01,28,23,51,28,23, 9.300171E+00,-1.090814E+00,-3.640443E+00, 6.747450E+01, 6.697391E+01, 2.391925E+00,-3.795638E+00, 1.423730E-01, 3.837117E+00, 9.385367E+01, 6.428724E+01, 2.017811E+01, 1.904602E+00,17, 1.063740E+01,1, 0.000000E+00,0, 0.000000E+00,13, 2.275618E+01, 4.020367E-01, 5.552195E+00,NULL,NULL,1,data,8
48410,17472,940626,125010,94C2, 9.128000E+01,27,20,47,27,20,-9.704441E+00, 1.391146E+00,-8.451469E+00, 6.846164E+01, 6.821167E+01, 2.526358E+00, 1.611333E+00, 4.582541E+00,-4.749377E-01, 1.108471E+02, 6.134281E+01, 2.967442E+01, 4.867103E+00,17, 1.573144E+00,0, 0.000000E+00,0, 0.000000E+00,12, 2.694160E+01, 7.311529E-01, 6.597524E+00,NULL,NULL,1,data,8
48410,17475,940626,125013,94C2, 9.128000E+01,0,2,2,0,2, 0.000000E+00, 0.000000E+00, 0.000000E+00, 0.000000E+00, 0.000000E+00, 0.000000E+00,-2.674079E-02, 2.238059E-01, 4.793980E+00, 8.933907E+01, 0.000000E+00, 8.933907E+01, 0.000000E+00,NULL,NULL,NULL,NULL,0, 0.000000E+00,NULL,NULL,NULL,NULL,2, 8.933907E+01,0,data,8
48410,17478,940626,125013,94C2, 9.128000E+01,0,2,2,0,2, 0.000000E+00, 0.000000E+00, 0.000000E+00, 0.000000E+00, 0.000000E+00, 0.000000E+00, 6.115317E-02,-2.906491E-02, 2.553940E-02, 9.196074E+01, 0.000000E+00, 9.196074E+01, 0.000000E+00,NULL,NULL,NULL,NULL,0, 0.000000E+00,NULL,NULL,NULL,NULL,2, 9.196074E+01,0,data,8
48410,17479,940626,125013,94C2, 9.128000E+01,0,2,2,0,2, 0.000000E+00, 0.000000E+00, 0.000000E+00, 0.000000E+00, 0.000000E+00, 0.000000E+00, 1.077425E-02, 1.166495E-01,-1.707874E+00, 9.351572E+01, 0.000000E+00, 9.351572E+01, 0.000000E+00,NULL,NULL,NULL,NULL,0, 0.000000E+00,NULL,NULL,NULL,NULL,2, 9.351572E+01,0,data,8
48410,17483,940626,125013,94C2, 9.128000E+01,0,31,31,0,31, 0.000000E+00, 0.000000E+00, 0.000000E+00, 0.000000E+00, 0.000000E+00, 0.000000E+00,-1.490792E+01,-1.868229E+01,-4.614962E+01, 5.310607E+01, 0.000000E+00, 5.310607E+01, 0.000000E+00,0, 0.000000E+00,28, 5.009604E+01,0, 0.000000E+00,NULL,NULL,NULL,NULL,NULL,NULL,0,data,8
48410,17487,940626,125014,94C2, 9.128000E+01,35,16,51,35,16, 3.786548E+00, 3.954490E+00, 1.164941E+01, 5.837645E+01, 5.783062E+01, 1.652303E+00, 3.436846E+00, 2.750474E+00, 1.366930E+01, 8.282713E+01, 4.193283E+01, 1.808654E+01, 2.722543E+00,20, 9.464533E+00,1, 0.000000E+00,0, 0.000000E+00,12, 2.088468E+01, 3.582777E-01, 4.220262E+00,NULL,NULL,1,data,8
48410,17488,940626,125016,94C2, 9.128000E+01,0,2,2,0,2, 0.000000E+00, 0.000000E+00, 0.000000E+00, 0.000000E+00, 0.000000E+00, 0.000000E+00, 8.623481E-02, 4.154307E-02,-6.017876E-01, 9.180865E+01, 0.000000E+00, 9.180865E+01, 0.000000E+00,NULL,NULL,NULL,NULL,0, 0.000000E+00,NULL,NULL,NULL,NULL,2, 9.180865E+01,0,data,8
48410,17489,940626,125016,94C2, 9.128000E+01,0,2,2,0,2, 0.000000E+00, 0.000000E+00, 0.000000E+00, 0.000000E+00, 0.000000E+00, 0.000000E+00, 3.921065E-01, 4.687382E-01,-1.264469E+01, 8.024704E+01, 0.000000E+00, 8.024704E+01, 0.000000E+00,NULL,NULL,NULL,NULL,0, 0.000000E+00,NULL,NULL,NULL,NULL,2, 8.024704E+01,0,data,8
48410,17491,940626,125016,94C2, 9.128000E+01,29,14,43,29,14,-6.929147E+00,-1.146671E+01,-7.830733E-02, 5.762490E+01, 5.725278E+01, 1.974234E+00, 7.167151E-01, 8.136847E+00, 2.890498E+00, 9.097194E+01, 5.309718E+01, 2.028460E+01, 8.547477E+00,13, 3.024161E+00,0, 0.000000E+00,0, 0.000000E+00,7, 2.487751E+01, 7.125714E-01, 1.349609E+01,NULL,NULL,1,data,8
48410,17492,940626,125018,94C2, 9.128000E+01,0,2,2,0,2, 0.000000E+00, 0.000000E+00, 0.000000E+00, 0.000000E+00, 0.000000E+00, 0.000000E+00, 2.126162E-01,-4.533923E-02, 3.125633E+00, 9.133087E+01, 0.000000E+00, 9.133087E+01, 0.000000E+00,NULL,NULL,NULL,NULL,0, 0.000000E+00,NULL,NULL,NULL,NULL,2, 9.133087E+01,0,data,8
48410,17493,940626,125018,94C2, 9.128000E+01,0,2,2,0,2, 0.000000E+00, 0.000000E+00, 0.000000E+00, 0.000000E+00, 0.000000E+00, 0.000000E+00,-3.302717E-02, 2.160326E-01,-2.362305E+00, 9.406001E+01, 0.000000E+00, 9.406001E+01, 0.000000E+00,NULL,NULL,NULL,NULL,0, 0.000000E+00,NULL,NULL,NULL,NULL,2, 9.406001E+01,0,data,8
48410,17496,940626,125018,94C2, 9.128000E+01,1,6,7,1,6,-8.989907E+00,-3.595850E+01, 3.459972E+01, 5.070496E+01, 5.070477E+01, 5.070477E+01,-1.067379E+01,-3.621729E+01, 3.407285E+01, 5.280283E+01, 0.000000E+00, 2.097871E+00, 0.000000E+00,NULL,NULL,NULL,NULL,0, 0.000000E+00,NULL,NULL,NULL,NULL,NULL,NULL,0,data,8
48410,17499,940626,125018,94C2, 9.128000E+01,2,5,7,2,5, 3.667689E+00, 5.470871E+00,-8.078836E+00, 8.867694E+01, 8.867650E+01, 4.433825E+01, 3.807746E+00, 5.722721E+00,-8.581356E+00, 8.990338E+01, 8.867694E+01, 2.919384E-01, 9.344973E-01,0, 0.000000E+00,1, 0.000000E+00,0, 0.000000E+00,NULL,NULL,NULL,NULL,NULL,NULL,0,data,8
48410,17501,940626,125020,94C2, 9.128000E+01,20,20,40,20,20, 8.676769E-01,-7.574512E-01,-3.329694E-01, 6.136392E+01, 6.115903E+01, 3.057951E+00, 3.150964E+00,-9.725142E-02, 1.663072E+00, 7.461185E+01, 6.102258E+01, 7.704131E+00, 5.543795E+00,1, 0.000000E+00,14, 9.977005E-01,0, 0.000000E+00,NULL,NULL,NULL,NULL,NULL,NULL,1,data,8
48410,17503,940626,125021,94C2, 9.128000E+01,28,27,55,28,27, 6.706226E-02, 6.662093E-01,-8.500807E+00, 4.130667E+01, 4.091403E+01, 1.461215E+00, 3.129735E+00,-1.699477E-02,-1.336779E+00, 7.211584E+01, 2.495735E+01, 2.860695E+01, 1.996047E+00,1, 0.000000E+00,28, 8.940933E+00,0, 0.000000E+00,1, 6.197403E-01, 6.197403E-01, 6.197403E-01,NULL,NULL,1,data,8
48410,17506,940626,125024,94C2, 9.128000E+01,3,1,4,3,1,-1.610052E-01,-6.483587E-01,-1.561507E+00, 2.027875E+00, 1.973352E+00, 6.577841E-01,-1.141980E+00,-1.262212E+00,-2.723874E+01, 2.773117E+01, 0.000000E+00, 2.570330E+01, 0.000000E+00,NULL,NULL,NULL,NULL,0, 0.000000E+00,NULL,NULL,NULL,NULL,1, 0.000000E+00,0,data,8
48410,17508,940626,125024,94C2, 9.128000E+01,0,2,2,0,2, 0.000000E+00, 0.000000E+00, 0.000000E+00, 0.000000E+00, 0.000000E+00, 0.000000E+00, 1.290163E-01, 1.018326E-01,-1.549252E+00, 9.171764E+01, 0.000000E+00, 9.171764E+01, 0.000000E+00,NULL,NULL,NULL,NULL,0, 0.000000E+00,NULL,NULL,NULL,NULL,2, 9.171764E+01,0,data,8
48410,17513,940626,125024,94C2, 9.128000E+01,0,2,2,0,2, 0.000000E+00, 0.000000E+00, 0.000000E+00, 0.000000E+00, 0.000000E+00, 0.000000E+00,-1.126222E-01,-1.573536E-01,-1.381599E+00, 9.153226E+01, 0.000000E+00, 9.153226E+01, 0.000000E+00,NULL,NULL,NULL,NULL,0, 0.000000E+00,NULL,NULL,NULL,NULL,2, 9.153226E+01,0,data,8
48410,17516,940626,125026,94C2, 9.128000E+01,7,4,11,7,4, 1.661982E-01, 9.566863E-01,-3.175756E+00, 4.464386E+00, 4.296538E+00, 6.137911E-01, 7.992256E-01, 1.374410E+00,-1.672472E+01, 2.386462E+01, 1.033755E+00, 1.940024E+01, 0.000000E+00,0, 0.000000E+00,2, 0.000000E+00,0, 0.000000E+00,NULL,NULL,NULL,NULL,2, 0.000000E+00,0,data,8
48410,17518,940626,125026,94C2, 9.128000E+01,0,2,2,0,2, 0.000000E+00, 0.000000E+00, 0.000000E+00, 0.000000E+00, 0.000000E+00, 0.000000E+00,-1.689732E-03,-1.385098E-01,-5.600410E+00, 8.734289E+01, 0.000000E+00, 8.734289E+01, 0.000000E+00,NULL,NULL,NULL,NULL,0, 0.000000E+00,NULL,NULL,NULL,NULL,2, 8.734289E+01,0,data,8
48410,17519,940626,125026,94C2, 9.128000E+01,17,8,25,17,8, 2.047644E+00,-1.209456E+01, 3.518223E+00, 7.204572E+01, 7.195451E+01, 4.232618E+00, 3.957994E+00,-2.225580E+01, 2.183223E+00, 1.077448E+02, 6.791163E+01, 1.899954E+01, 1.303245E+01,11, 4.939942E-01,0, 0.000000E+00,0, 0.000000E+00,6, 2.266664E+01, 1.143941E+00, 7.458562E+00,NULL,NULL,1,data,8
48410,17520,940626,125027,94C2, 9.128000E+01,0,3,3,0,3, 0.000000E+00, 0.000000E+00, 0.000000E+00, 0.000000E+00, 0.000000E+00, 0.000000E+00, 2.234221E-01, 2.936021E-01, 7.569451E-01, 9.144367E+01, 0.000000E+00, 9.144367E+01, 0.000000E+00,0, 0.000000E+00,1, 0.000000E+00,0, 0.000000E+00,NULL,NULL,NULL,NULL,2, 8.998515E+01,0,data,8
48410,17524,940626,125028,94C2, 9.128000E+01,12,2,14,12,2, 2.085782E+00,-1.732994E+00,-2.235970E+00, 5.906449E+00, 5.625725E+00, 4.688104E-01, 1.861933E+00,-1.485704E+00,-8.958993E+00, 1.275581E+01, 0.000000E+00, 6.526288E+00, 0.000000E+00,1, 0.000000E+00,0, 0.000000E+00,0, 0.000000E+00,1, 3.230730E-01, 3.230730E-01, 3.230730E-01,1, 0.000000E+00,0,data,8
48410,17525,940626,125028,94C2, 9.128000E+01,46,17,63,46,17, 4.199153E+00, 1.529612E+00,-7.010705E+00, 6.239587E+01, 6.165066E+01, 1.340232E+00, 2.561661E+00, 1.719539E+00,-6.304345E+00, 8.149055E+01, 4.727592E+01, 1.736903E+01, 1.288087E+00,4, 0.000000E+00,12, 0.000000E+00,0, 0.000000E+00,3, 2.178604E+00, 4.115993E-01, 1.329435E+00,NULL,NULL,1,data,8
48410,17526,940626,125030,94C2, 9.128000E+01,0,2,2,0,2, 0.000000E+00, 0.000000E+00, 0.000000E+00, 0.000000E+00, 0.000000E+00, 0.000000E+00, 4.592109E-02, 4.291558E-02,-6.739044E-02, 9.189735E+01, 0.000000E+00, 9.189735E+01, 0.000000E+00,NULL,NULL,NULL,NULL,0, 0.000000E+00,NULL,NULL,NULL,NULL,2, 9.189735E+01,0,data,8
48410,17527,940626,125030,94C2, 9.128000E+01,0,2,2,0,2, 0.000000E+00, 0.000000E+00, 0.000000E+00, 0.000000E+00, 0.000000E+00, 0.000000E+00,-1.505017E-02, 4.706974E-01,-6.468220E+00, 8.915433E+01, 0.000000E+00, 8.915433E+01, 0.000000E+00,NULL,NULL,NULL,NULL,0, 0.000000E+00,NULL,NULL,NULL,NULL,2, 8.915433E+01,0,data,8
48410,17528,940626,125030,94C2, 9.128000E+01,0,2,2,0,2, 0.000000E+00, 0.000000E+00, 0.000000E+00, 0.000000E+00, 0.000000E+00, 0.000000E+00, 1.293299E-01,-5.738735E-02,-1.851475E+00, 9.132417E+01, 0.000000E+00, 9.132417E+01, 0.000000E+00,NULL,NULL,NULL,NULL,0, 0.000000E+00,NULL,NULL,NULL,NULL,2, 9.132417E+01,0,data,8
48410,17532,940626,125030,94C2, 9.128000E+01,25,6,31,25,6,-5.442923E+00, 1.419861E+01, 7.499739E+00, 5.438813E+01, 5.405826E+01, 2.162330E+00,-4.907437E+00, 1.272461E+01, 8.224228E+00, 6.231889E+01, 5.364759E+01, 5.288048E-01, 4.510582E+00,11, 1.302079E+00,1, 0.000000E+00,0, 0.000000E+00,2, 3.006849E+00, 9.412693E-01, 2.065579E+00,NULL,NULL,1,data,8
48410,17536,940626,125033,94C2, 9.128000E+01,0,0,0,0,0, 0.000000E+00, 0.000000E+00, 0.000000E+00, 0.000000E+00, 0.000000E+00, 0.000000E+00, 0.000000E+00, 0.000000E+00, 0.000000E+00, 0.000000E+00, 0.000000E+00, 0.000000E+00, 0.000000E+00,NULL,NULL,NULL,NULL,0, 0.000000E+00,NULL,NULL,NULL,NULL,NULL,NULL,0,data,8
48410,17538,940626,125033,94C2, 9.128000E+01,0,2,2,0,2, 0.000000E+00, 0.000000E+00, 0.000000E+00, 0.000000E+00, 0.000000E+00, 0.000000E+00, 1.617278E-01,-1.196146E-03, 5.771942E-01, 8.987151E+01, 0.000000E+00, 8.987151E+01, 0.000000E+00,NULL,NULL,NULL,NULL,0, 0.000000E+00,NULL,NULL,NULL,NULL,2, 8.987151E+01,0,data,8
48410,17540,940626,125034,94C2, 9.128000E+01,34,19,53,34,19, 6.607497E+00, 2.960131E+00, 1.973756E+01, 7.399638E+01, 7.341663E+01, 2.159313E+00,-7.513289E-01, 3.149932E+00, 8.552859E+00, 8.869721E+01, 6.962472E+01, 1.226274E+01, 1.556494E+00,5, 0.000000E+00,13, 3.498034E+00,0, 0.000000E+00,5, 4.226732E+00, 4.376307E-01, 1.388850E+00,NULL,NULL,1,data,8
48410,17541,940626,125034,94C2, 9.128000E+01,5,2,7,5,2, 4.120386E-02,-6.447816E-02,-1.801908E+00, 2.944953E+00, 2.760413E+00, 5.520826E-01, 1.536134E-01,-6.072949E-01,-2.004441E+00, 3.824317E+00, 1.471918E+00, 8.793633E-01, 0.000000E+00,NULL,NULL,NULL,NULL,0, 0.000000E+00,NULL,NULL,NULL,NULL,NULL,NULL,0,data,8
48410,17542,940626,125034,94C2, 9.128000E+01,0,2,2,0,2, 0.000000E+00, 0.000000E+00, 0.000000E+00, 0.000000E+00, 0.000000E+00, 0.000000E+00,-8.323872E-02, 2.205060E-01, 2.944427E+00, 9.287608E+01, 0.000000E+00, 9.287608E+01, 0.000000E+00,NULL,NULL,NULL,NULL,0, 0.000000E+00,NULL,NULL,NULL,NULL,2, 9.287608E+01,0,data,8
48410,17545,940626,125036,94C2, 9.128000E+01,0,2,2,0,2, 0.000000E+00, 0.000000E+00, 0.000000E+00, 0.000000E+00, 0.000000E+00, 0.000000E+00, 1.106972E-01, 1.703805E-01, 2.790905E+00, 9.421523E+01, 0.000000E+00, 9.421523E+01, 0.000000E+00,NULL,NULL,NULL,NULL,0, 0.000000E+00,NULL,NULL,NULL,NULL,2, 9.421523E+01,0,data,8
48410,17548,940626,125036,94C2, 9.128000E+01,23,21,44,23,21, 1.409593E+01, 3.859612E+00,-8.899166E+00, 4.972322E+01, 4.927703E+01, 2.142479E+00, 1.383239E+01, 5.164201E+00,-9.056585E+00, 8.900612E+01, 4.792704E+01, 2.677752E+01, 6.193285E+00,15, 3.111869E-01,0, 0.000000E+00,0, 0.000000E+00,12, 2.935634E+01, 4.179305E-01, 8.890002E+00,NULL,NULL,1,data,8
48410,17550,940626,125037,94C2, 9.128000E+01,0,2,2,0,2, 0.000000E+00, 0.000000E+00, 0.000000E+00, 0.000000E+00, 0.000000E+00, 0.000000E+00, 8.331859E-02, 4.113829E-02,-8.049088E-01, 9.239920E+01, 0.000000E+00, 9.239920E+01, 0.000000E+00,NULL,NULL,NULL,NULL,0, 0.000000E+00,NULL,NULL,NULL,NULL,2, 9.239920E+01,0,data,8
48410,17553,940626,125037,94C2, 9.128000E+01,0,2,2,0,2, 0.000000E+00, 0.000000E+00, 0.000000E+00, 0.000000E+00, 0.000000E+00, 0.000000E+00, 3.300869E-02, 7.757270E-02,-1.111889E+00, 8.763303E+01, 0.000000E+00, 8.763303E+01, 0.000000E+00,NULL,NULL,NULL,NULL,0, 0.000000E+00,NULL,NULL,NULL,NULL,2, 8.763303E+01,0,data,8
48410,17554,940626,125037,94C2, 9.128000E+01,34,15,49,34,15, 1.372503E+01,-1.055846E+01, 2.011273E+01, 5.987452E+01, 5.897736E+01, 1.734628E+00, 1.404483E+01,-1.421491E+01, 2.012131E+01, 7.579421E+01, 4.959629E+01, 1.082475E+01, 3.273905E+00,3, 0.000000E+00,11, 3.243957E+00,0, 0.000000E+00,2, 2.392130E+00, 5.710969E-01, 1.821033E+00,2, 0.000000E+00,1,data,8
48410,17557,940626,125038,94C2, 9.128000E+01,0,2,2,0,2, 0.000000E+00, 0.000000E+00, 0.000000E+00, 0.000000E+00, 0.000000E+00, 0.000000E+00, 1.962705E-01,-3.505945E-02, 5.155182E-01, 8.902589E+01, 0.000000E+00, 8.902589E+01, 0.000000E+00,NULL,NULL,NULL,NULL,0, 0.000000E+00,NULL,NULL,NULL,NULL,2, 8.902589E+01,0,data,8
48410,17560,940626,125038,94C2, 9.128000E+01,22,1,23,22,1,-3.308481E+00, 1.566987E+00, 2.989161E+00, 1.272989E+01, 1.190986E+01, 5.413573E-01,-8.814011E-01,-4.349833E-01, 3.704760E+01, 4.693334E+01, 8.298573E+00, 3.420345E+01, 0.000000E+00,0, 0.000000E+00,1, 0.000000E+00,0, 0.000000E+00,NULL,NULL,NULL,NULL,1, 0.000000E+00,0,data,8
48410,17562,940626,125040,94C2, 9.128000E+01,44,27,71,44,27,-5.800013E+00, 8.622925E-01,-2.206653E+01, 9.978769E+01, 9.829052E+01, 2.233876E+00,-5.851521E+00, 1.681738E+00,-2.178558E+01, 1.298177E+02, 4.091041E+01, 2.698285E+01, 3.100542E+00,1, 0.000000E+00,24, 1.619550E+01,0, 0.000000E+00,1, 5.376908E-01, 5.376908E-01, 5.376908E-01,2, 0.000000E+00,1,data,8
48410,17563,940626,125040,94C2, 9.128000E+01,23,11,34,23,11, 1.063547E+00, 5.959132E-01,-1.689845E+01, 4.327225E+01, 4.286339E+01, 1.863626E+00, 4.163271E+00, 1.943614E+00, 9.373244E+00, 7.430745E+01, 3.608766E+01, 2.713616E+01, 3.899042E+00,0, 0.000000E+00,10, 4.875575E+00,0, 0.000000E+00,NULL,NULL,NULL,NULL,3, 0.000000E+00,1,data,8
48410,17565,940626,125041,94C2, 9.128000E+01,13,3,16,13,3,-9.168983E-01,-1.825647E-01,-4.157529E+00, 7.607064E+00, 7.214419E+00, 5.549554E-01,-9.618689E-01,-4.378393E-01,-1.575182E+01, 1.924913E+01, 0.000000E+00, 1.164206E+01, 0.000000E+00,0, 0.000000E+00,1, 0.000000E+00,0, 0.000000E+00,NULL,NULL,NULL,NULL,2, 0.000000E+00,0,data,8
48410,17567,940626,125041,94C2, 9.128000E+01,24,28,52,24,28, 3.403413E+00,-8.425834E-01,-1.792272E+00, 1.038587E+02, 1.035889E+02, 4.316205E+00, 4.652821E+00,-1.554591E+00, 3.826949E+00, 1.334662E+02, 1.463969E+01, 2.528533E+01, 4.322182E+00,6, 0.000000E+00,26, 6.282413E+00,0, 0.000000E+00,6, 5.153306E+00, 3.351979E-01, 1.685435E+00,3, 0.000000E+00,1,data,8
48410,17568,940626,125043,94C2, 9.128000E+01,5,3,8,5,3,-2.351741E+01, 2.621273E+01,-1.974539E+01, 4.340373E+01, 4.313429E+01, 8.626859E+00,-2.348786E+01, 2.619054E+01,-2.551769E+01, 4.918005E+01, 0.000000E+00, 5.776318E+00, 0.000000E+00,NULL,NULL,NULL,NULL,0, 0.000000E+00,NULL,NULL,NULL,NULL,3, 0.000000E+00,0,data,8
48410,17569,940626,125043,94C2, 9.128000E+01,0,2,2,0,2, 0.000000E+00, 0.000000E+00, 0.000000E+00, 0.000000E+00, 0.000000E+00, 0.000000E+00, 7.646751E-02, 5.464780E-02, 1.931763E-02, 9.141829E+01, 0.000000E+00, 9.141829E+01, 0.000000E+00,NULL,NULL,NULL,NULL,0, 0.000000E+00,NULL,NULL,NULL,NULL,2, 9.141829E+01,0,data,8
48410,17573,940626,125045,94C2, 9.128000E+01,0,2,2,0,2, 0.000000E+00, 0.000000E+00, 0.000000E+00, 0.000000E+00, 0.000000E+00, 0.000000E+00,-6.690812E-02,-5.968833E-02,-2.054520E+00, 8.970692E+01, 0.000000E+00, 8.970692E+01, 0.000000E+00,NULL,NULL,NULL,NULL,0, 0.000000E+00,NULL,NULL,NULL,NULL,2, 8.970692E+01,0,data,8
48410,17575,940626,125045,94C2, 9.128000E+01,28,9,37,28,9,-2.450545E+01, 1.815019E+01, 2.414649E+01, 1.060492E+02, 1.056824E+02, 3.774370E+00,-2.027443E+01, 1.546355E+01, 1.973862E+01, 1.198419E+02, 1.020350E+02, 8.953583E+00, 4.198501E+00,12, 1.424521E+01,0, 0.000000E+00,0, 0.000000E+00,4, 5.665284E+00, 6.406854E-01, 2.367931E+00,NULL,NULL,1,data,8
48410,17576,940626,125045,94C2, 9.128000E+01,2,2,4,2,2,-2.597968E-01, 2.540022E-02, 1.992909E-01, 1.830304E+00, 1.808648E+00, 9.043240E-01,-5.745884E-01, 5.630364E-02, 1.302120E-01, 2.456000E+00, 1.830304E+00, 0.000000E+00, 6.256963E-01,NULL,NULL,NULL,NULL,0, 0.000000E+00,NULL,NULL,NULL,NULL,NULL,NULL,0,data,8
48410,17578,940626,125047,94C2, 9.128000E+01,2,0,2,2,0, 5.214883E+00,-1.931776E+01, 1.845760E+00, 6.797590E+01, 6.797527E+01, 3.398764E+01, 5.214883E+00,-1.931776E+01, 1.845760E+00, 6.797590E+01, 6.797568E+01, 0.000000E+00, 0.000000E+00,2, 8.623636E+01,0, 0.000000E+00,0, 0.000000E+00,NULL,NULL,NULL,NULL,NULL,NULL,0,data,8
48410,17579,940626,125047,94C2, 9.128000E+01,28,10,38,28,10, 8.224859E-02, 3.377526E+00, 1.257758E-01, 6.591866E+01, 6.548615E+01, 2.338791E+00,-1.512355E+00, 7.962504E+00,-2.896004E+00, 8.196231E+01, 6.240988E+01, 7.451468E+00, 4.762585E+00,15, 4.960299E+00,0, 0.000000E+00,0, 0.000000E+00,6, 1.076038E+01, 4.909692E-01, 3.829615E+00,NULL,NULL,1,data,8
48410,17582,940626,125049,94C2, 9.128000E+01,10,2,12,10,2, 1.193297E+00,-9.361541E-02,-5.821486E+00, 7.696836E+00, 7.265300E+00, 7.265300E-01, 4.751655E-01, 2.925660E-01,-2.349448E+01, 2.539213E+01, 0.000000E+00, 1.769530E+01, 0.000000E+00,0, 0.000000E+00,1, 0.000000E+00,0, 0.000000E+00,NULL,NULL,NULL,NULL,2, 0.000000E+00,0,data,8
48410,17584,940626,125049,94C2, 9.128000E+01,2,0,2,2,0,-1.155655E+00, 2.647476E+00,-1.088485E+00, 8.591174E+01, 8.591129E+01, 4.295565E+01,-1.155655E+00, 2.647476E+00,-1.088485E+00, 8.591174E+01, 8.591151E+01, 0.000000E+00, 0.000000E+00,2, 4.030943E+01,0, 0.000000E+00,0, 0.000000E+00,NULL,NULL,NULL,NULL,NULL,NULL,0,data,8
48410,17585,940626,125050,94C2, 9.128000E+01,0,3,3,0,3, 0.000000E+00, 0.000000E+00, 0.000000E+00, 0.000000E+00, 0.000000E+00, 0.000000E+00,-1.265842E-01,-2.740893E-01,-6.644645E-01, 1.069273E+00, 0.000000E+00, 1.069273E+00, 0.000000E+00,NULL,NULL,NULL,NULL,0, 0.000000E+00,NULL,NULL,NULL,NULL,1, 7.738683E-01,0,data,8
48410,17586,940626,125050,94C2, 9.128000E+01,33,12,45,33,12,-8.961688E+00, 2.538449E+01, 2.989243E+01, 6.833724E+01, 6.773096E+01, 2.052454E+00,-6.259621E+00, 1.891300E+01, 2.126902E+01, 8.919748E+01, 2.818456E+01, 3.757336E+00, 1.663865E+01,5, 3.303760E-02,2, 0.000000E+00,0, 0.000000E+00,4, 3.341704E+00, 4.669273E-01, 1.572807E+00,NULL,NULL,1,data,8
48410,17587,940626,125050,94C2, 9.128000E+01,26,12,38,26,12, 6.030146E+00,-4.460143E+00, 5.213652E-01, 7.926561E+01, 7.894926E+01, 3.036510E+00,-1.842991E+00, 6.818027E+00, 2.545908E+00, 1.019403E+02, 7.768607E+01, 8.610500E+00, 1.151568E+01,8, 1.570634E+01,0, 0.000000E+00,0, 0.000000E+00,5, 1.118884E+01, 9.454317E-01, 6.110873E+00,NULL,NULL,1,data,8
48410,17589,940626,125050,94C2, 9.128000E+01,0,2,2,0,2, 0.000000E+00, 0.000000E+00, 0.000000E+00, 0.000000E+00, 0.000000E+00, 0.000000E+00, 6.386781E-02, 8.173060E-02, 6.575508E-01, 9.210799E+01, 0.000000E+00, 9.210799E+01, 0.000000E+00,NULL,NULL,NULL,NULL,0, 0.000000E+00,NULL,NULL,NULL,NULL,2, 9.210799E+01,0,data,8
48410,17592,940626,125051,94C2, 9.128000E+01,24,17,41,24,17, 8.874143E-01,-8.141628E+00, 1.353896E+00, 7.237888E+01, 7.202055E+01, 3.000856E+00,-1.562279E-01,-1.823190E+01, 5.232821E+00, 1.052523E+02, 4.794153E+01, 4.286621E+00, 1.678944E+01,17, 1.643120E+01,0, 0.000000E+00,0, 0.000000E+00,7, 1.586118E+01, 5.810675E-01, 1.039947E+01,NULL,NULL,1,data,8
48410,17593,940626,125051,94C2, 9.128000E+01,17,13,30,17,13, 1.649324E+00,-6.049712E+00,-1.528503E+01, 5.429969E+01, 5.403088E+01, 3.178287E+00, 1.549149E+00,-7.434145E+00,-1.931313E+01, 6.729962E+01, 3.735458E+01, 1.189564E+01, 7.335990E-01,3, 0.000000E+00,12, 3.081229E+00,0, 0.000000E+00,2, 6.880094E-01, 3.173143E-01, 3.706952E-01,NULL,NULL,1,data,8
48410,17594,940626,125052,94C2, 9.128000E+01,25,12,37,25,12,-2.869483E+01, 1.545436E+01,-1.983125E+01, 9.062650E+01, 9.025306E+01, 3.610122E+00,-1.147745E+01,-3.538930E-01,-4.056730E+00, 1.230863E+02, 7.544424E+01, 7.424584E+00, 1.856045E+01,11, 1.489995E-01,0, 0.000000E+00,0, 0.000000E+00,9, 1.139057E+01, 4.733711E-01, 2.157323E+00,NULL,NULL,1,data,8
48410,17602,940626,125054,94C2, 9.128000E+01,2,0,2,2,0, 2.486426E+00, 6.566641E+00, 3.755075E+00, 5.764565E+01, 5.764496E+01, 2.882248E+01, 2.486426E+00, 6.566641E+00, 3.755075E+00, 5.764565E+01, 5.764552E+01, 0.000000E+00, 0.000000E+00,1, 0.000000E+00,0, 0.000000E+00,0, 0.000000E+00,NULL,NULL,NULL,NULL,NULL,NULL,0,data,8
48410,17603,940626,125054,94C2, 9.128000E+01,0,2,2,0,2, 0.000000E+00, 0.000000E+00, 0.000000E+00, 0.000000E+00, 0.000000E+00, 0.000000E+00, 1.577157E-02, 2.275872E-02, 7.518730E-01, 9.049809E+01, 0.000000E+00, 9.049809E+01, 0.000000E+00,NULL,NULL,NULL,NULL,0, 0.000000E+00,NULL,NULL,NULL,NULL,2, 9.049809E+01,0,data,8
48410,17605,940626,125054,94C2, 9.128000E+01,0,2,2,0,2, 0.000000E+00, 0.000000E+00, 0.000000E+00, 0.000000E+00, 0.000000E+00, 0.000000E+00, 5.388927E-02, 8.731747E-02, 9.808464E-01, 9.189306E+01, 0.000000E+00, 9.189306E+01, 0.000000E+00,NULL,NULL,NULL,NULL,0, 0.000000E+00,NULL,NULL,NULL,NULL,2, 9.189306E+01,0,data,8
48410,17606,940626,125054,94C2, 9.128000E+01,2,1,3,2,1,-1.676680E+00, 5.047476E+00, 1.002437E+00, 3.621748E+01, 3.621638E+01, 1.810819E+01,-1.338459E+00, 4.180439E+00, 9.314593E-01, 3.715086E+01, 0.000000E+00, 0.000000E+00, 0.000000E+00,2, 4.971824E-02,0, 0.000000E+00,0, 0.000000E+00,1, 9.333728E-01, 9.333728E-01, 9.333728E-01,NULL,NULL,0,data,8
48410,17607,940626,125056,94C2, 9.128000E+01,25,17,42,25,17, 1.316648E+01,-3.013181E+00, 1.724843E-01, 5.647231E+01, 5.600087E+01, 2.240035E+00, 8.185276E+00,-2.004825E+00,-2.237764E+00, 7.719811E+01, 5.164425E+01, 1.986018E+01, 0.000000E+00,12, 0.000000E+00,6, 1.160827E+00,0, 0.000000E+00,12, 1.439633E+01, 3.879303E-01, 3.743095E+00,NULL,NULL,1,data,8
48410,17612,940626,125059,94C2, 9.128000E+01,0,2,2,0,2, 0.000000E+00, 0.000000E+00, 0.000000E+00, 0.000000E+00, 0.000000E+00, 0.000000E+00, 7.714272E-03,-5.668581E-02, 4.562378E-01, 9.074176E+01, 0.000000E+00, 9.074176E+01, 0.000000E+00,NULL,NULL,NULL,NULL,0, 0.000000E+00,NULL,NULL,NULL,NULL,2, 9.074176E+01,0,data,8
48410,17613,940626,125059,94C2, 9.128000E+01,0,2,2,0,2, 0.000000E+00, 0.000000E+00, 0.000000E+00, 0.000000E+00, 0.000000E+00, 0.000000E+00, 1.371233E-01, 7.098961E-02,-1.649120E+00, 9.094157E+01, 0.000000E+00, 9.094157E+01, 0.000000E+00,NULL,NULL,NULL,NULL,0, 0.000000E+00,NULL,NULL,NULL,NULL,2, 9.094157E+01,0,data,8
48410,17615,940626,125059,94C2, 9.128000E+01,10,0,10,10,0, 1.078878E+00,-1.546577E-01, 4.974204E-01, 4.396106E+00, 4.099885E+00, 4.099885E-01, 1.078878E+00,-1.546577E-01, 4.974204E-01, 4.396106E+00, 1.006353E+00, 0.000000E+00, 0.000000E+00,1, 0.000000E+00,0, 0.000000E+00,0, 0.000000E+00,NULL,NULL,NULL,NULL,NULL,NULL,0,data,8
48410,17617,940626,125059,94C2, 9.128000E+01,2,1,3,2,1,-4.560165E-02, 1.367152E-03, 1.359033E-01, 1.374858E+00, 1.345988E+00, 6.729941E-01, 5.056055E-02, 8.021130E-02,-3.475472E-02, 1.586016E+00, 1.374858E+00, 0.000000E+00, 2.111581E-01,NULL,NULL,NULL,NULL,0, 0.000000E+00,NULL,NULL,NULL,NULL,NULL,NULL,0,data,8
48410,17620,940626,125100,94C2, 9.128000E+01,0,2,2,0,2, 0.000000E+00, 0.000000E+00, 0.000000E+00, 0.000000E+00, 0.000000E+00, 0.000000E+00, 2.628088E-03, 9.993231E-02,-1.102623E+00, 9.240929E+01, 0.000000E+00, 9.240929E+01, 0.000000E+00,NULL,NULL,NULL,NULL,0, 0.000000E+00,NULL,NULL,NULL,NULL,2, 9.240929E+01,0,data,8
48410,17621,940626,125100,94C2, 9.128000E+01,0,2,2,0,2, 0.000000E+00, 0.000000E+00, 0.000000E+00, 0.000000E+00, 0.000000E+00, 0.000000E+00, 3.944802E-02, 1.984215E-02,-5.200665E+00, 8.665409E+01, 0.000000E+00, 8.665409E+01, 0.000000E+00,NULL,NULL,NULL,NULL,0, 0.000000E+00,NULL,NULL,NULL,NULL,2, 8.665409E+01,0,data,8
48410,17622,940626,125100,94C2, 9.128000E+01,0,2,2,0,2, 0.000000E+00, 0.000000E+00, 0.000000E+00, 0.000000E+00, 0.000000E+00, 0.000000E+00,-6.228769E-02,-4.211342E-02, 6.299438E-01, 9.509364E+01, 0.000000E+00, 9.509364E+01, 0.000000E+00,NULL,NULL,NULL,NULL,0, 0.000000E+00,NULL,NULL,NULL,NULL,2, 9.509364E+01,0,data,8
48410,17623,940626,125100,94C2, 9.128000E+01,0,4,4,0,4, 0.000000E+00, 0.000000E+00, 0.000000E+00, 0.000000E+00, 0.000000E+00, 0.000000E+00,-8.548706E-02, 2.313997E-01,-1.624628E+01, 7.994153E+01, 0.000000E+00, 7.994153E+01, 0.000000E+00,NULL,NULL,NULL,NULL,0, 0.000000E+00,NULL,NULL,NULL,NULL,2, 7.968452E+01,0,data,8
48410,17624,940626,125100,94C2, 9.128000E+01,22,14,36,22,14, 1.630608E+00,-2.358663E-01,-5.740095E+00, 2.863362E+01, 2.825801E+01, 1.284455E+00, 1.446383E+00, 1.739220E+00,-9.880962E+00, 4.680825E+01, 1.467836E+01, 1.153813E+01, 6.800188E+00,2, 0.000000E+00,12, 3.078603E+00,0, 0.000000E+00,2, 1.908337E+00, 8.384919E-01, 1.069845E+00,NULL,NULL,1,data,8
48410,17625,940626,125102,94C2, 9.128000E+01,0,2,2,0,2, 0.000000E+00, 0.000000E+00, 0.000000E+00, 0.000000E+00, 0.000000E+00, 0.000000E+00, 3.564644E-02, 2.687883E-02, 7.835388E-01, 9.223528E+01, 0.000000E+00, 9.223528E+01, 0.000000E+00,NULL,NULL,NULL,NULL,0, 0.000000E+00,NULL,NULL,NULL,NULL,2, 9.223528E+01,0,data,8
48410,17627,940626,125102,94C2, 9.128000E+01,0,2,2,0,2, 0.000000E+00, 0.000000E+00, 0.000000E+00, 0.000000E+00, 0.000000E+00, 0.000000E+00,-4.758406E-02, 2.007723E-02, 1.535343E+00, 9.284692E+01, 0.000000E+00, 9.284692E+01, 0.000000E+00,NULL,NULL,NULL,NULL,0, 0.000000E+00,NULL,NULL,NULL,NULL,2, 9.284692E+01,0,data,8
48410,17630,940626,125102,94C2, 9.127600E+01,0,2,2,0,2, 0.000000E+00, 0.000000E+00, 0.000000E+00, 0.000000E+00, 0.000000E+00, 0.000000E+00, 2.848029E-03, 5.707049E-02,-9.723614E+00, 8.207571E+01, 0.000000E+00, 8.207571E+01, 0.000000E+00,NULL,NULL,NULL,NULL,0, 0.000000E+00,NULL,NULL,NULL,NULL,2, 8.207571E+01,0,data,8
48410,17632,940626,125102,94C2, 9.127600E+01,40,24,64,40,24, 6.770077E-01, 2.569301E+01, 5.014993E+01, 1.477986E+02, 1.470916E+02, 3.677290E+00, 9.479093E-01, 2.536858E+01, 4.188377E+01, 1.791184E+02, 4.923045E+01, 2.245929E+01, 8.183182E+00,7, 1.455406E-01,21, 5.200523E+00,0, 0.000000E+00,4, 5.032300E+00, 6.774107E-01, 1.879622E+00,NULL,NULL,1,data,8
48410,17633,940626,125104,94C2, 9.127600E+01,0,2,2,0,2, 0.000000E+00, 0.000000E+00, 0.000000E+00, 0.000000E+00, 0.000000E+00, 0.000000E+00, 1.603551E-01, 2.806737E-01, 4.279785E+00, 9.359685E+01, 0.000000E+00, 9.359685E+01, 0.000000E+00,NULL,NULL,NULL,NULL,0, 0.000000E+00,NULL,NULL,NULL,NULL,2, 9.359685E+01,0,data,8
48410,17637,940626,125104,94C2, 9.127600E+01,0,2,2,0,2, 0.000000E+00, 0.000000E+00, 0.000000E+00, 0.000000E+00, 0.000000E+00, 0.000000E+00, 5.436397E-02,-5.001473E-02,-1.261166E+00, 9.088860E+01, 0.000000E+00, 9.088860E+01, 0.000000E+00,NULL,NULL,NULL,NULL,0, 0.000000E+00,NULL,NULL,NULL,NULL,2, 9.088860E+01,0,data,8
48410,17638,940626,125104,94C2, 9.127600E+01,34,17,51,34,17, 2.395169E+00,-4.048135E+00,-4.140673E+00, 7.104713E+01, 7.058020E+01, 2.075888E+00, 3.474990E+00,-5.855567E+00,-6.533900E+00, 9.074621E+01, 6.709762E+01, 7.747117E+00, 7.157581E+00,9, 7.295668E-01,6, 0.000000E+00,0, 0.000000E+00,6, 6.850248E+00, 4.071671E-01, 2.952118E+00,NULL,NULL,1,data,8
48410,17639,940626,125105,94C2, 9.127600E+01,29,15,44,29,15, 6.741110E+00, 2.254683E+00, 6.200024E+00, 5.674518E+01, 5.619871E+01, 1.937887E+00,-1.125571E+00,-4.330160E-01, 2.145555E+00, 8.713126E+01, 5.413418E+01, 2.632771E+01, 3.825203E-01,15, 3.027044E-01,0, 0.000000E+00,0, 0.000000E+00,12, 2.976247E+01, 3.416360E-01, 1.525330E+01,1, 0.000000E+00,1,data,8
48410,17641,940626,125105,94C2, 9.127600E+01,0,2,2,0,2, 0.000000E+00, 0.000000E+00, 0.000000E+00, 0.000000E+00, 0.000000E+00, 0.000000E+00, 1.586909E-01, 8.957982E-02,-1.480530E+00, 9.427403E+01, 0.000000E+00, 9.427403E+01, 0.000000E+00,NULL,NULL,NULL,NULL,0, 0.000000E+00,NULL,NULL,NULL,NULL,2, 9.427403E+01,0,data,8
48410,17645,940626,125106,94C2, 9.127600E+01,28,14,42,28,14, 4.364590E+00,-1.929411E+01,-1.950552E+01, 4.841528E+01, 4.806170E+01, 1.716489E+00, 7.380709E+00,-1.937095E+01,-2.205333E+01, 8.300898E+01, 3.821622E+01, 3.032374E+01, 1.548792E+00,14, 1.003034E+00,0, 0.000000E+00,0, 0.000000E+00,10, 3.212533E+01, 5.366303E-01, 1.199069E+01,NULL,NULL,1,data,8
48410,17647,940626,125106,94C2, 9.127600E+01,43,21,64,43,21, 3.183764E+00, 8.009198E-01, 4.147651E+00, 5.413716E+01, 5.314424E+01, 1.235912E+00, 5.194539E+00, 4.546200E+00, 5.777458E+00, 7.704829E+01, 4.458700E+01, 2.036503E+01, 1.639441E+00,3, 0.000000E+00,15, 3.979466E+00,0, 0.000000E+00,3, 2.425716E+00, 5.415882E-01, 9.774730E-01,NULL,NULL,1,data,8
48410,17649,940626,125109,94C2, 9.127600E+01,0,2,2,0,2, 0.000000E+00, 0.000000E+00, 0.000000E+00, 0.000000E+00, 0.000000E+00, 0.000000E+00, 1.083484E-01, 7.965565E-04,-2.067566E-03, 9.263525E+01, 0.000000E+00, 9.263525E+01, 0.000000E+00,NULL,NULL,NULL,NULL,0, 0.000000E+00,NULL,NULL,NULL,NULL,2, 9.263525E+01,0,data,8
48410,17653,940626,125109,94C2, 9.127600E+01,0,2,2,0,2, 0.000000E+00, 0.000000E+00, 0.000000E+00, 0.000000E+00, 0.000000E+00, 0.000000E+00, 1.451796E-02, 2.293701E-01, 3.043392E+00, 9.287505E+01, 0.000000E+00, 9.287505E+01, 0.000000E+00,NULL,NULL,NULL,NULL,0, 0.000000E+00,NULL,NULL,NULL,NULL,2, 9.287505E+01,0,data,8
48410,17656,940626,125110,94C2, 9.127600E+01,29,14,43,29,14,-4.303270E+00, 1.224434E+01,-1.030065E+00, 6.802424E+01, 6.745953E+01, 2.326191E+00,-9.178892E-01, 6.408365E+00,-1.236663E+00, 8.011992E+01, 6.142254E+01, 7.644000E+00, 3.976521E+00,13, 3.734000E+00,0, 0.000000E+00,0, 0.000000E+00,8, 8.119160E+00, 4.094691E-01, 2.297660E+00,NULL,NULL,1,data,8
48410,17658,940626,125110,94C2, 9.127600E+01,5,0,5,5,0, 4.400432E-03,-7.823992E-02,-1.576429E-01, 2.540126E+00, 2.366581E+00, 4.733163E-01, 4.400432E-03,-7.823992E-02,-1.576429E-01, 2.540126E+00, 1.862043E+00, 0.000000E+00, 0.000000E+00,NULL,NULL,NULL,NULL,0, 0.000000E+00,NULL,NULL,NULL,NULL,NULL,NULL,0,data,8
48410,17662,940626,125114,94C2, 9.127600E+01,0,2,2,0,2, 0.000000E+00, 0.000000E+00, 0.000000E+00, 0.000000E+00, 0.000000E+00, 0.000000E+00,-1.022036E-01, 2.845323E-02,-1.018616E+00, 9.042273E+01, 0.000000E+00, 9.042273E+01, 0.000000E+00,NULL,NULL,NULL,NULL,0, 0.000000E+00,NULL,NULL,NULL,NULL,2, 9.042273E+01,0,data,8
48410,17663,940626,125114,94C2, 9.127600E+01,0,2,2,0,2, 0.000000E+00, 0.000000E+00, 0.000000E+00, 0.000000E+00, 0.000000E+00, 0.000000E+00, 1.351364E-01, 5.771732E-02,-1.999500E+00, 9.327554E+01, 0.000000E+00, 9.327554E+01, 0.000000E+00,NULL,NULL,NULL,NULL,0, 0.000000E+00,NULL,NULL,NULL,NULL,2, 9.327554E+01,0,data,8
48410,17664,940626,125114,94C2, 9.127600E+01,0,2,2,0,2, 0.000000E+00, 0.000000E+00, 0.000000E+00, 0.000000E+00, 0.000000E+00, 0.000000E+00, 1.463875E-01,-1.075921E-01,-2.718979E+00, 9.216037E+01, 0.000000E+00, 9.216037E+01, 0.000000E+00,NULL,NULL,NULL,NULL,0, 0.000000E+00,NULL,NULL,NULL,NULL,2, 9.216037E+01,0,data,8
48410,17675,940626,125118,94C2, 9.127600E+01,0,2,2,0,2, 0.000000E+00, 0.000000E+00, 0.000000E+00, 0.000000E+00, 0.000000E+00, 0.000000E+00, 8.329415E-02,-1.037931E-01,-1.468102E+00, 9.367603E+01, 0.000000E+00, 9.367603E+01, 0.000000E+00,NULL,NULL,NULL,NULL,0, 0.000000E+00,NULL,NULL,NULL,NULL,2, 9.367603E+01,0,data,8
48410,17683,940626,125122,94C2, 9.127600E+01,5,4,9,5,4, 2.349529E-01, 9.437111E-02,-1.495999E+00, 2.902452E+00, 2.798142E+00, 5.596284E-01, 5.120798E-01, 1.326285E-01,-4.562942E+00, 5.992806E+00, 1.554089E+00, 3.090354E+00, 0.000000E+00,NULL,NULL,NULL,NULL,0, 0.000000E+00,NULL,NULL,NULL,NULL,4, 0.000000E+00,0,data,8
48410,17684,940626,125122,94C2, 9.127600E+01,0,2,2,0,2, 0.000000E+00, 0.000000E+00, 0.000000E+00, 0.000000E+00, 0.000000E+00, 0.000000E+00, 7.216418E-02,-1.499128E-02, 3.903770E-01, 9.214500E+01, 0.000000E+00, 9.214500E+01, 0.000000E+00,NULL,NULL,NULL,NULL,0, 0.000000E+00,NULL,NULL,NULL,NULL,2, 9.214500E+01,0,data,8
48410,17685,940626,125122,94C2, 9.127600E+01,0,2,2,0,2, 0.000000E+00, 0.000000E+00, 0.000000E+00, 0.000000E+00, 0.000000E+00, 0.000000E+00, 3.999476E-01,-3.704891E-01,-9.439838E+00, 5.517163E+01, 0.000000E+00, 5.517163E+01, 0.000000E+00,NULL,NULL,NULL,NULL,0, 0.000000E+00,NULL,NULL,NULL,NULL,2, 5.517163E+01,0,data,8
48410,17686,940626,125122,94C2, 9.127600E+01,0,2,2,0,2, 0.000000E+00, 0.000000E+00, 0.000000E+00, 0.000000E+00, 0.000000E+00, 0.000000E+00, 1.348069E-02, 9.681082E-02, 1.429222E+00, 9.289962E+01, 0.000000E+00, 9.289962E+01, 0.000000E+00,NULL,NULL,NULL,NULL,0, 0.000000E+00,NULL,NULL,NULL,NULL,2, 9.289962E+01,0,data,8
48410,17687,940626,125122,94C2, 9.127600E+01,0,3,3,0,3, 0.000000E+00, 0.000000E+00, 0.000000E+00, 0.000000E+00, 0.000000E+00, 0.000000E+00, 2.005577E-03,-3.448406E-01,-1.989159E+00, 9.262508E+01, 0.000000E+00, 9.262508E+01, 0.000000E+00,NULL,NULL,NULL,NULL,0, 0.000000E+00,NULL,NULL,NULL,NULL,3, 9.262508E+01,0,data,8
48410,17690,940626,125122,94C2, 9.127600E+01,0,3,3,0,3, 0.000000E+00, 0.000000E+00, 0.000000E+00, 0.000000E+00, 0.000000E+00, 0.000000E+00,-5.282259E-02,-2.776245E-01, 2.010071E+00, 8.853561E+01, 0.000000E+00, 8.853561E+01, 0.000000E+00,NULL,NULL,NULL,NULL,0, 0.000000E+00,NULL,NULL,NULL,NULL,3, 8.853561E+01,0,data,8
48410,17691,940626,125122,94C2, 9.127600E+01,0,2,2,0,2, 0.000000E+00, 0.000000E+00, 0.000000E+00, 0.000000E+00, 0.000000E+00, 0.000000E+00, 1.076868E-01, 1.574135E-02, 9.835701E-01, 9.182592E+01, 0.000000E+00, 9.182592E+01, 0.000000E+00,NULL,NULL,NULL,NULL,0, 0.000000E+00,NULL,NULL,NULL,NULL,2, 9.182592E+01,0,data,8
48410,17692,940626,125122,94C2, 9.127600E+01,18,15,33,18,15, 2.911844E+00,-4.892646E-01, 2.128837E+00, 6.212014E+01, 6.190458E+01, 3.439143E+00,-3.538322E+00,-1.793926E+00,-3.996486E+00, 7.850323E+01, 4.609124E+01, 1.223723E+01, 1.629120E-01,14, 4.425707E+00,0, 0.000000E+00,0, 0.000000E+00,10, 1.186515E+01, 6.134078E-01, 2.993377E+00,1, 0.000000E+00,1,data,8
48410,17694,940626,125123,94C2, 9.127600E+01,41,17,58,41,17,-4.999653E-01, 2.722205E-01,-3.993761E+00, 5.630058E+01, 5.549030E+01, 1.353422E+00,-3.732679E+00, 2.935484E+00, 6.688739E+00, 7.900296E+01, 3.454813E+01, 1.817543E+01, 3.365991E+00,6, 8.851352E-01,13, 6.893211E-01,0, 0.000000E+00,4, 4.897923E+00, 4.870553E-01, 1.846421E+00,1, 0.000000E+00,1,data,8
48410,17699,940626,125127,94C2, 9.127600E+01,0,2,2,0,2, 0.000000E+00, 0.000000E+00, 0.000000E+00, 0.000000E+00, 0.000000E+00, 0.000000E+00, 1.698198E-01,-1.293819E-01,-3.832062E+00, 9.157422E+01, 0.000000E+00, 9.157422E+01, 0.000000E+00,NULL,NULL,NULL,NULL,0, 0.000000E+00,NULL,NULL,NULL,NULL,2, 9.157422E+01,0,data,8
48410,17700,940626,125127,94C2, 9.127600E+01,0,2,2,0,2, 0.000000E+00, 0.000000E+00, 0.000000E+00, 0.000000E+00, 0.000000E+00, 0.000000E+00, 5.699897E-02,-4.727453E-02, 3.592415E-01, 9.078670E+01, 0.000000E+00, 9.078670E+01, 0.000000E+00,NULL,NULL,NULL,NULL,0, 0.000000E+00,NULL,NULL,NULL,NULL,2, 9.078670E+01,0,data,8
48410,17702,940626,125127,94C2, 9.127600E+01,0,2,2,0,2, 0.000000E+00, 0.000000E+00, 0.000000E+00, 0.000000E+00, 0.000000E+00, 0.000000E+00, 1.863115E-01,-7.309186E-02,-3.380466E+00, 9.322388E+01, 0.000000E+00, 9.322388E+01, 0.000000E+00,NULL,NULL,NULL,NULL,0, 0.000000E+00,NULL,NULL,NULL,NULL,2, 9.322388E+01,0,data,8
48410,17704,940626,125127,94C2, 9.127600E+01,40,22,62,40,22,-1.620589E+01, 3.804194E+00, 2.390782E+00, 6.222964E+01, 6.156518E+01, 1.539129E+00, 9.361999E+00,-3.146014E+00, 3.782344E-01, 1.011070E+02, 5.739479E+01, 2.035346E+01, 1.558167E+01,27, 2.277159E+00,0, 0.000000E+00,0, 0.000000E+00,16, 2.092490E+01, 4.584532E-01, 3.187720E+00,NULL,NULL,1,data,8
48410,17707,940626,125130,94C2, 9.127600E+01,0,3,3,0,3, 0.000000E+00, 0.000000E+00, 0.000000E+00, 0.000000E+00, 0.000000E+00, 0.000000E+00, 1.550011E-02,-3.129247E-01,-1.611580E+00, 9.024754E+01, 0.000000E+00, 9.024754E+01, 0.000000E+00,NULL,NULL,NULL,NULL,0, 0.000000E+00,NULL,NULL,NULL,NULL,2, 9.010884E+01,0,data,8
48410,17708,940626,125130,94C2, 9.127600E+01,0,2,2,0,2, 0.000000E+00, 0.000000E+00, 0.000000E+00, 0.000000E+00, 0.000000E+00, 0.000000E+00,-1.471226E-01, 2.462393E-02, 3.373177E+00, 9.517448E+01, 0.000000E+00, 9.517448E+01, 0.000000E+00,NULL,NULL,NULL,NULL,0, 0.000000E+00,NULL,NULL,NULL,NULL,2, 9.517448E+01,0,data,8
48410,17710,940626,125130,94C2, 9.127600E+01,21,28,49,21,28, 2.307046E+01, 1.658776E+01,-2.626024E+00, 5.845567E+01, 5.825611E+01, 2.774101E+00, 4.776270E+00, 4.453518E+00, 1.108336E-02, 9.498190E+01, 4.341555E+01, 2.955480E+01, 5.523152E+00,29, 1.115379E+01,0, 0.000000E+00,0, 0.000000E+00,21, 2.544303E+01, 4.246029E-01, 3.786374E+00,NULL,NULL,1,data,8
48410,17715,940626,125132,94C2, 9.127600E+01,0,2,2,0,2, 0.000000E+00, 0.000000E+00, 0.000000E+00, 0.000000E+00, 0.000000E+00, 0.000000E+00,-1.092982E-01,-1.375737E-01,-1.506176E+00, 9.171637E+01, 0.000000E+00, 9.171637E+01, 0.000000E+00,NULL,NULL,NULL,NULL,0, 0.000000E+00,NULL,NULL,NULL,NULL,2, 9.171637E+01,0,data,8
48410,17716,940626,125132,94C2, 9.127600E+01,0,2,2,0,2, 0.000000E+00, 0.000000E+00, 0.000000E+00, 0.000000E+00, 0.000000E+00, 0.000000E+00,-4.072797E-02,-9.196949E-02, 1.443143E+01, 7.648037E+01, 0.000000E+00, 7.648037E+01, 0.000000E+00,NULL,NULL,NULL,NULL,0, 0.000000E+00,NULL,NULL,NULL,NULL,2, 7.648037E+01,0,data,8
48410,17718,940626,125136,94C2, 9.127600E+01,2,2,4,2,2,-2.050965E-01,-4.607563E-01,-2.237683E+00, 2.318072E+00, 2.295774E+00, 1.147887E+00, 5.163133E+00, 3.760764E+00, 4.084201E+01, 4.755623E+01, 0.000000E+00, 4.523816E+01, 0.000000E+00,0, 0.000000E+00,1, 0.000000E+00,0, 0.000000E+00,NULL,NULL,NULL,NULL,2, 0.000000E+00,0,data,8
48410,17723,940626,125136,94C2, 9.127600E+01,3,6,9,3,6,-1.693265E+00,-1.266596E-01, 3.025389E+00, 4.084499E+00, 4.052639E+00, 1.350880E+00, 5.172825E-02, 2.050415E+00, 3.351143E+01, 5.380622E+01, 4.140170E+00, 4.884349E+01, 8.782299E-01,1, 0.000000E+00,0, 0.000000E+00,0, 0.000000E+00,1, 6.942596E-01, 6.942596E-01, 6.942596E-01,4, 0.000000E+00,0,data,8
48410,17724,940626,125137,94C2, 9.127600E+01,0,2,2,0,2, 0.000000E+00, 0.000000E+00, 0.000000E+00, 0.000000E+00, 0.000000E+00, 0.000000E+00, 1.910663E-02, 5.030829E-02, 1.448315E+00, 9.392975E+01, 0.000000E+00, 9.392975E+01, 0.000000E+00,NULL,NULL,NULL,NULL,0, 0.000000E+00,NULL,NULL,NULL,NULL,2, 9.392975E+01,0,data,8
48410,17726,940626,125137,94C2, 9.127600E+01,23,17,40,23,17, 9.190475E+00, 1.009742E+01,-8.259696E+00, 4.894634E+01, 4.856004E+01, 2.111306E+00, 1.995534E+01, 1.727829E+01,-1.690492E+01, 1.033026E+02, 4.679703E+01, 4.749813E+01, 3.893070E+00,17, 1.095074E+00,0, 0.000000E+00,0, 0.000000E+00,12, 2.796754E+01, 4.744003E-01, 5.415751E+00,NULL,NULL,1,data,8
48410,17728,940626,125137,94C2, 9.127600E+01,0,3,3,0,3, 0.000000E+00, 0.000000E+00, 0.000000E+00, 0.000000E+00, 0.000000E+00, 0.000000E+00, 6.715264E-01, 1.181039E-01,-4.243110E+01, 5.556202E+01, 0.000000E+00, 5.556202E+01, 0.000000E+00,0, 0.000000E+00,2, 6.930704E-01,0, 0.000000E+00,NULL,NULL,NULL,NULL,1, 4.895083E+01,0,data,8
48410,17730,940626,125139,94C2, 9.127600E+01,0,2,2,0,2, 0.000000E+00, 0.000000E+00, 0.000000E+00, 0.000000E+00, 0.000000E+00, 0.000000E+00,-2.686656E-02,-6.861389E-02, 2.455017E+00, 9.188124E+01, 0.000000E+00, 9.188124E+01, 0.000000E+00,NULL,NULL,NULL,NULL,0, 0.000000E+00,NULL,NULL,NULL,NULL,2, 9.188124E+01,0,data,8
48410,17731,940626,125139,94C2, 9.127600E+01,24,15,39,24,15,-4.767306E+00,-2.901427E+00,-6.198925E+00, 8.064513E+01, 8.039957E+01, 3.349982E+00, 9.327059E+00,-1.542694E+00, 7.268752E+00, 1.117993E+02, 7.441216E+01, 1.863514E+01, 1.032986E+01,12, 3.345523E+00,0, 0.000000E+00,0, 0.000000E+00,9, 1.293077E+01, 5.041085E-01, 3.356227E+00,NULL,NULL,1,data,8
48410,17736,940626,125140,94C2, 9.127600E+01,24,11,35,24,11,-1.601502E+01, 9.995909E-01, 2.388114E+01, 5.695952E+01, 5.650152E+01, 2.354230E+00,-1.102028E+01,-1.732873E-01, 1.566906E+01, 6.910818E+01, 5.465482E+01, 9.447356E+00, 2.701316E+00,1, 0.000000E+00,9, 1.130570E+00,0, 0.000000E+00,1, 4.062862E-01, 4.062862E-01, 4.062862E-01,NULL,NULL,1,data,8
48410,17737,940626,125140,94C2, 9.127600E+01,26,19,45,26,19, 3.907636E+00, 4.764263E+00, 1.747797E+00, 4.451792E+01, 4.407162E+01, 1.695062E+00, 2.347988E+01, 2.565913E+01, 1.651947E+01, 9.148955E+01, 4.306732E+01, 3.154767E+01, 1.059837E+01,17, 1.831304E+00,0, 0.000000E+00,0, 0.000000E+00,13, 2.760979E+01, 3.348986E-01, 9.121611E+00,NULL,NULL,1,data,8
48410,17738,940626,125143,94C2, 9.127600E+01,0,2,2,0,2, 0.000000E+00, 0.000000E+00, 0.000000E+00, 0.000000E+00, 0.000000E+00, 0.000000E+00, 7.317781E-03, 6.021786E-02,-3.430710E-01, 9.167567E+01, 0.000000E+00, 9.167567E+01, 0.000000E+00,NULL,NULL,NULL,NULL,0, 0.000000E+00,NULL,NULL,NULL,NULL,2, 9.167567E+01,0,data,8
48410,17740,940626,125143,94C2, 9.127600E+01,0,2,2,0,2, 0.000000E+00, 0.000000E+00, 0.000000E+00, 0.000000E+00, 0.000000E+00, 0.000000E+00, 1.795530E-02, 2.383089E-02, 4.016914E-01, 9.274725E+01, 0.000000E+00, 9.274725E+01, 0.000000E+00,NULL,NULL,NULL,NULL,0, 0.000000E+00,NULL,NULL,NULL,NULL,2, 9.274725E+01,0,data,8
48410,17746,940626,125143,94C2, 9.127600E+01,11,1,12,11,1,-5.786964E-01,-5.878735E-01,-2.531133E+00, 5.540616E+00, 5.269648E+00, 4.790589E-01,-9.985168E-01,-5.836928E-01,-1.250454E+01, 1.552285E+01, 0.000000E+00, 9.982235E+00, 0.000000E+00,NULL,NULL,NULL,NULL,0, 0.000000E+00,NULL,NULL,NULL,NULL,1, 0.000000E+00,0,data,8
48410,17747,940626,125144,94C2, 9.127600E+01,18,20,38,18,20, 2.720236E+00,-4.164461E+00,-1.997658E+00, 5.264569E+01, 5.253433E+01, 2.918574E+00, 4.917153E-01,-1.966044E+00, 9.195921E-01, 8.246143E+01, 5.020731E+01, 1.657929E+01, 6.453220E+00,25, 1.257821E+01,0, 0.000000E+00,0, 0.000000E+00,18, 2.336251E+01, 3.150275E-01, 3.368179E+00,NULL,NULL,1,data,8
48410,17751,940626,125146,94C2, 9.127600E+01,4,0,4,4,0,-1.005066E+01,-4.021992E+00,-1.534405E+01, 4.393665E+01, 4.393156E+01, 1.098289E+01,-1.005066E+01,-4.021992E+00,-1.534405E+01, 4.393665E+01, 4.393532E+01, 0.000000E+00, 0.000000E+00,0, 0.000000E+00,1, 0.000000E+00,0, 0.000000E+00,NULL,NULL,NULL,NULL,NULL,NULL,0,data,8
48410,17753,940626,125146,94C2, 9.127600E+01,2,1,3,2,1,-8.087784E-03,-4.689395E-03, 1.055848E+00, 1.442072E+00, 1.413658E+00, 7.068288E-01,-1.191424E-01, 1.504494E-01, 1.454839E+00, 1.884333E+00, 1.442072E+00, 0.000000E+00, 4.422613E-01,NULL,NULL,NULL,NULL,0, 0.000000E+00,NULL,NULL,NULL,NULL,NULL,NULL,0,data,8
48410,17756,940626,125147,94C2, 9.127600E+01,2,2,4,2,2, 7.744520E-01,-3.036017E-01,-3.515522E+00, 1.224630E+01, 1.224281E+01, 6.121406E+00, 4.544911E-01,-5.182120E-02,-1.574989E+00, 1.423149E+01, 0.000000E+00, 1.985192E+00, 0.000000E+00,0, 0.000000E+00,4, 9.394612E+01,0, 0.000000E+00,NULL,NULL,NULL,NULL,NULL,NULL,0,data,8
48410,17757,940626,125147,94C2, 9.127600E+01,8,4,12,8,4,-2.027421E-01,-7.082708E-01,-1.793303E+00, 4.232310E+00, 3.946352E+00, 4.932940E-01, 6.516495E-02,-5.373140E-02,-4.881930E+00, 8.613884E+00, 2.560143E+00, 4.381574E+00, 0.000000E+00,2, 0.000000E+00,0, 0.000000E+00,0, 0.000000E+00,2, 9.469955E-01, 4.652173E-01, 4.817782E-01,2, 0.000000E+00,0,data,8
48410,17758,940626,125147,94C2, 9.127600E+01,23,18,41,23,18,-1.454249E+01,-5.010491E+00, 5.454636E+00, 4.671560E+01, 4.623335E+01, 2.010145E+00,-1.989726E+01,-7.878551E+00, 2.936185E+00, 6.628957E+01, 4.313300E+01, 1.702735E+01, 1.333125E+00,21, 7.656339E+00,0, 0.000000E+00,0, 0.000000E+00,14, 1.536813E+01, 3.153497E-01, 2.544511E+00,NULL,NULL,1,data,8
48410,17760,940626,125149,94C2, 9.127600E+01,1,1,2,1,1,-1.312176E+00, 1.714142E-01, 3.745457E+00, 3.974811E+00, 3.972360E+00, 3.972360E+00, 5.109072E-01,-3.086860E-02, 2.114208E+01, 2.146787E+01, 0.000000E+00, 1.749306E+01, 0.000000E+00,0, 0.000000E+00,1, 4.221562E+00,0, 0.000000E+00,NULL,NULL,NULL,NULL,1, 0.000000E+00,0,data,8
48410,17762,940626,125149,94C2, 9.127600E+01,0,2,2,0,2, 0.000000E+00, 0.000000E+00, 0.000000E+00, 0.000000E+00, 0.000000E+00, 0.000000E+00, 1.118876E-02,-2.843118E-02,-5.359077E-01, 9.099635E+01, 0.000000E+00, 9.099635E+01, 0.000000E+00,NULL,NULL,NULL,NULL,0, 0.000000E+00,NULL,NULL,NULL,NULL,2, 9.099635E+01,0,data,8
48410,17767,940626,125151,94C2, 9.127600E+01,0,2,2,0,2, 0.000000E+00, 0.000000E+00, 0.000000E+00, 0.000000E+00, 0.000000E+00, 0.000000E+00, 2.458766E-01, 2.795672E-02, 5.314186E+00, 8.943840E+01, 0.000000E+00, 8.943840E+01, 0.000000E+00,NULL,NULL,NULL,NULL,0, 0.000000E+00,NULL,NULL,NULL,NULL,2, 8.943840E+01,0,data,8
48410,17772,940626,125151,94C2, 9.127600E+01,20,14,34,20,14,-1.631777E+00, 4.719666E-01,-2.977079E-01, 4.757969E+01, 4.730190E+01, 2.365095E+00,-2.406188E+00, 6.724434E+00,-1.997444E+00, 8.764906E+01, 3.029669E+01, 3.187261E+01, 6.617569E+00,15, 2.054959E+00,0, 0.000000E+00,0, 0.000000E+00,10, 3.345181E+01, 3.787006E-01, 7.791473E+00,NULL,NULL,1,data,8
48410,17774,940626,125154,94C2, 9.127600E+01,0,2,2,0,2, 0.000000E+00, 0.000000E+00, 0.000000E+00, 0.000000E+00, 0.000000E+00, 0.000000E+00,-7.074451E-02, 1.390340E-01, 3.015278E+00, 9.042252E+01, 0.000000E+00, 9.042252E+01, 0.000000E+00,NULL,NULL,NULL,NULL,0, 0.000000E+00,NULL,NULL,NULL,NULL,2, 9.042252E+01,0,data,8
48410,17776,940626,125154,94C2, 9.127600E+01,0,2,2,0,2, 0.000000E+00, 0.000000E+00, 0.000000E+00, 0.000000E+00, 0.000000E+00, 0.000000E+00,-6.936979E-02,-2.932692E-02, 3.348129E+00, 8.614312E+01, 0.000000E+00, 8.614312E+01, 0.000000E+00,NULL,NULL,NULL,NULL,0, 0.000000E+00,NULL,NULL,NULL,NULL,2, 8.614312E+01,0,data,8
48410,17782,940626,125156,94C2, 9.127600E+01,25,12,37,25,12,-1.184225E+01, 1.175548E+01, 1.563890E+00, 4.721228E+01, 4.681044E+01, 1.872417E+00, 2.964811E-01,-1.960189E+00,-1.146950E+00, 7.819663E+01, 4.594686E+01, 2.509476E+01, 2.650735E+00,10, 1.510598E-01,0, 0.000000E+00,0, 0.000000E+00,8, 2.841600E+01, 5.664297E-01, 1.796347E+01,NULL,NULL,1,data,8
48410,17783,940626,125158,94C2, 9.127600E+01,1,1,2,1,1,-1.673852E+01,-4.426213E+00, 1.184082E+01, 2.097603E+01, 2.097556E+01, 2.097556E+01,-1.787841E+01,-4.541656E+00,-1.381798E+01, 4.666039E+01, 0.000000E+00, 2.568436E+01, 0.000000E+00,NULL,NULL,NULL,NULL,0, 0.000000E+00,NULL,NULL,NULL,NULL,1, 0.000000E+00,0,data,8
48410,17787,940626,125158,94C2, 9.127600E+01,24,11,35,24,11, 2.703593E+00, 4.190667E+00,-2.079973E-01, 6.554180E+01, 6.519396E+01, 2.716415E+00,-4.531591E-01,-6.720760E+00, 4.513130E+00, 9.724473E+01, 6.108515E+01, 1.717908E+01, 2.124843E-01,12, 2.161874E+00,0, 0.000000E+00,0, 0.000000E+00,10, 3.149045E+01, 2.944981E-01, 6.872405E+00,NULL,NULL,1,data,8
48410,17789,940626,125202,94C2, 9.127600E+01,0,3,3,0,3, 0.000000E+00, 0.000000E+00, 0.000000E+00, 0.000000E+00, 0.000000E+00, 0.000000E+00, 3.987816E+00, 5.101463E+00,-1.120183E+01, 1.996144E+01, 0.000000E+00, 1.996144E+01, 0.000000E+00,0, 0.000000E+00,1, 7.721506E+00,0, 0.000000E+00,NULL,NULL,NULL,NULL,NULL,NULL,0,data,8
48410,17792,940626,125202,94C2, 9.127600E+01,0,2,2,0,2, 0.000000E+00, 0.000000E+00, 0.000000E+00, 0.000000E+00, 0.000000E+00, 0.000000E+00, 2.732456E-02,-2.332544E-02, 1.529106E+00, 9.143062E+01, 0.000000E+00, 9.143062E+01, 0.000000E+00,NULL,NULL,NULL,NULL,0, 0.000000E+00,NULL,NULL,NULL,NULL,2, 9.143062E+01,0,data,8
48410,17793,940626,125202,94C2, 9.127600E+01,0,2,2,0,2, 0.000000E+00, 0.000000E+00, 0.000000E+00, 0.000000E+00, 0.000000E+00, 0.000000E+00,-1.135035E-01,-3.409809E-02,-2.743065E+00, 9.200491E+01, 0.000000E+00, 9.200491E+01, 0.000000E+00,NULL,NULL,NULL,NULL,0, 0.000000E+00,NULL,NULL,NULL,NULL,2, 9.200491E+01,0,data,8
48410,17794,940626,125202,94C2, 9.127600E+01,0,2,2,0,2, 0.000000E+00, 0.000000E+00, 0.000000E+00, 0.000000E+00, 0.000000E+00, 0.000000E+00, 6.859237E-02,-1.489949E-02,-1.257658E+01, 8.145718E+01, 0.000000E+00, 8.145718E+01, 0.000000E+00,NULL,NULL,NULL,NULL,0, 0.000000E+00,NULL,NULL,NULL,NULL,2, 8.145718E+01,0,data,8
48410,17795,940626,125202,94C2, 9.127600E+01,0,2,2,0,2, 0.000000E+00, 0.000000E+00, 0.000000E+00, 0.000000E+00, 0.000000E+00, 0.000000E+00, 7.205239E-02,-1.406476E-01, 2.502960E+00, 9.239224E+01, 0.000000E+00, 9.239224E+01, 0.000000E+00,NULL,NULL,NULL,NULL,0, 0.000000E+00,NULL,NULL,NULL,NULL,2, 9.239224E+01,0,data,8
48410,17796,940626,125202,94C2, 9.127600E+01,33,18,51,33,18, 1.368594E+00, 1.150962E+00, 2.859051E+00, 7.025734E+01, 6.958723E+01, 2.108704E+00,-2.285278E+00,-2.220740E+00,-3.468407E+00, 8.688140E+01, 6.584686E+01, 1.613418E+01, 9.811684E-02,5, 0.000000E+00,17, 2.243295E+00,0, 0.000000E+00,4, 5.182371E+00, 3.917669E-01, 3.409473E+00,1, 0.000000E+00,1,data,8
48410,17798,940626,125204,94C2, 9.127600E+01,0,2,2,0,2, 0.000000E+00, 0.000000E+00, 0.000000E+00, 0.000000E+00, 0.000000E+00, 0.000000E+00, 8.498669E-03,-6.174207E-03, 1.160210E+00, 9.281625E+01, 0.000000E+00, 9.281625E+01, 0.000000E+00,NULL,NULL,NULL,NULL,0, 0.000000E+00,NULL,NULL,NULL,NULL,2, 9.281625E+01,0,data,8
48410,17799,940626,125204,94C2, 9.127600E+01,0,2,2,0,2, 0.000000E+00, 0.000000E+00, 0.000000E+00, 0.000000E+00, 0.000000E+00, 0.000000E+00, 8.870922E-03,-1.534402E-01,-3.202793E+00, 8.875401E+01, 0.000000E+00, 8.875401E+01, 0.000000E+00,NULL,NULL,NULL,NULL,0, 0.000000E+00,NULL,NULL,NULL,NULL,2, 8.875401E+01,0,data,8
48410,17805,940626,125207,94C2, 9.127600E+01,0,2,2,0,2, 0.000000E+00, 0.000000E+00, 0.000000E+00, 0.000000E+00, 0.000000E+00, 0.000000E+00, 2.882713E-02,-7.517171E-02, 1.636799E+00, 9.111864E+01, 0.000000E+00, 9.111864E+01, 0.000000E+00,NULL,NULL,NULL,NULL,0, 0.000000E+00,NULL,NULL,NULL,NULL,2, 9.111864E+01,0,data,8
48410,17807,940626,125207,94C2, 9.127600E+01,0,2,2,0,2, 0.000000E+00, 0.000000E+00, 0.000000E+00, 0.000000E+00, 0.000000E+00, 0.000000E+00, 6.100678E-02, 5.784905E-02,-8.539467E-01, 9.150980E+01, 0.000000E+00, 9.150980E+01, 0.000000E+00,NULL,NULL,NULL,NULL,0, 0.000000E+00,NULL,NULL,NULL,NULL,2, 9.150980E+01,0,data,8
48410,17812,940626,125207,94C2, 9.127600E+01,0,2,2,0,2, 0.000000E+00, 0.000000E+00, 0.000000E+00, 0.000000E+00, 0.000000E+00, 0.000000E+00,-6.111193E-02, 6.728029E-02, 1.873211E+00, 9.294347E+01, 0.000000E+00, 9.294347E+01, 0.000000E+00,NULL,NULL,NULL,NULL,0, 0.000000E+00,NULL,NULL,NULL,NULL,2, 9.294347E+01,0,data,8
48410,17813,940626,125207,94C2, 9.127600E+01,0,2,2,0,2, 0.000000E+00, 0.000000E+00, 0.000000E+00, 0.000000E+00, 0.000000E+00, 0.000000E+00,-3.377402E-02,-6.060731E-02, 1.290180E+00, 9.125391E+01, 0.000000E+00, 9.125391E+01, 0.000000E+00,NULL,NULL,NULL,NULL,0, 0.000000E+00,NULL,NULL,NULL,NULL,2, 9.125391E+01,0,data,8
48410,17815,940626,125207,94C2, 9.127600E+01,46,23,69,46,23, 1.074884E+01, 9.191684E+00, 9.167042E+00, 7.021203E+01, 6.924699E+01, 1.505369E+00,-3.463779E+00,-7.808667E+00,-2.141354E+00, 1.100431E+02, 5.443520E+01, 2.757609E+01, 9.381264E+00,21, 2.249112E+00,0, 0.000000E+00,0, 0.000000E+00,15, 2.955938E+01, 4.628455E-01, 7.758038E+00,NULL,NULL,1,data,8
48410,17816,940626,125209,94C2, 9.127600E+01,0,2,2,0,2, 0.000000E+00, 0.000000E+00, 0.000000E+00, 0.000000E+00, 0.000000E+00, 0.000000E+00, 2.864480E-02, 1.030529E-02, 2.607765E-01, 9.443129E+01, 0.000000E+00, 9.443129E+01, 0.000000E+00,NULL,NULL,NULL,NULL,0, 0.000000E+00,NULL,NULL,NULL,NULL,2, 9.443129E+01,0,data,8
48410,17819,940626,125209,94C2, 9.127600E+01,0,2,2,0,2, 0.000000E+00, 0.000000E+00, 0.000000E+00, 0.000000E+00, 0.000000E+00, 0.000000E+00, 4.280943E-02,-2.910852E-02,-4.657745E-01, 9.137383E+01, 0.000000E+00, 9.137383E+01, 0.000000E+00,NULL,NULL,NULL,NULL,0, 0.000000E+00,NULL,NULL,NULL,NULL,2, 9.137383E+01,0,data,8
47964,15716,940612,235810,94C2, 9.127200E+01,0,2,2,0,2, 0.000000E+00, 0.000000E+00, 0.000000E+00, 0.000000E+00, 0.000000E+00, 0.000000E+00, 2.364832E-01,-7.739449E-02, 1.304558E+00, 8.997654E+01, 0.000000E+00, 8.997654E+01, 0.000000E+00,NULL,NULL,NULL,NULL,0, 0.000000E+00,NULL,NULL,NULL,NULL,2, 8.997654E+01,0,data,8
47964,15718,940612,235810,94C2, 9.127200E+01,53,21,74,53,21,-3.554437E-02, 5.736964E+00, 1.485834E+00, 6.043541E+01, 5.908901E+01, 1.114887E+00,-6.287559E-01,-5.230172E+00,-6.997967E+00, 9.631738E+01, 5.278981E+01, 2.328492E+01, 9.894354E+00,15, 3.206007E-01,1, 2.649015E-01,0, 0.000000E+00,13, 2.121083E+01, 4.802775E-01, 4.359364E+00,NULL,NULL,1,data,8
47964,15719,940612,235813,94C2, 9.127200E+01,1,1,2,1,1, 1.825346E+00, 8.509536E-01,-6.001010E+00, 6.331478E+00, 6.329940E+00, 6.329940E+00,-5.960008E-01,-2.711475E-01,-4.159710E+01, 4.202747E+01, 0.000000E+00, 3.569599E+01, 0.000000E+00,0, 0.000000E+00,1, 8.701258E+00,0, 0.000000E+00,NULL,NULL,NULL,NULL,1, 0.000000E+00,0,data,8
47964,15720,940612,235813,94C2, 9.127200E+01,0,3,3,0,3, 0.000000E+00, 0.000000E+00, 0.000000E+00, 0.000000E+00, 0.000000E+00, 0.000000E+00, 2.309308E-01,-3.561354E-02,-1.149853E+00, 8.521584E+01, 0.000000E+00, 8.521584E+01, 0.000000E+00,NULL,NULL,NULL,NULL,0, 0.000000E+00,NULL,NULL,NULL,NULL,3, 8.521584E+01,0,data,8
47964,15725,940612,235816,94C2, 9.127200E+01,0,2,2,0,2, 0.000000E+00, 0.000000E+00, 0.000000E+00, 0.000000E+00, 0.000000E+00, 0.000000E+00,-4.509151E-03,-5.534768E-02, 2.318928E+00, 9.075326E+01, 0.000000E+00, 9.075326E+01, 0.000000E+00,NULL,NULL,NULL,NULL,0, 0.000000E+00,NULL,NULL,NULL,NULL,2, 9.075326E+01,0,data,8
47964,15727,940612,235816,94C2, 9.127200E+01,0,2,2,0,2, 0.000000E+00, 0.000000E+00, 0.000000E+00, 0.000000E+00, 0.000000E+00, 0.000000E+00, 1.099174E-01, 6.457305E-02,-1.978416E-01, 9.058607E+01, 0.000000E+00, 9.058607E+01, 0.000000E+00,NULL,NULL,NULL,NULL,0, 0.000000E+00,NULL,NULL,NULL,NULL,2, 9.058607E+01,0,data,8
47964,15729,940612,235816,94C2, 9.127200E+01,0,6,6,0,6, 0.000000E+00, 0.000000E+00, 0.000000E+00, 0.000000E+00, 0.000000E+00, 0.000000E+00,-1.670575E-02, 5.309184E+00,-1.433217E+01, 3.453326E+01, 0.000000E+00, 3.453326E+01, 0.000000E+00,NULL,NULL,NULL,NULL,0, 0.000000E+00,NULL,NULL,NULL,NULL,NULL,NULL,0,data,8
47964,15730,940612,235816,94C2, 9.127200E+01,0,5,5,0,5, 0.000000E+00, 0.000000E+00, 0.000000E+00, 0.000000E+00, 0.000000E+00, 0.000000E+00,-8.840423E+00, 2.583390E+00,-1.582704E+01, 2.213411E+01, 0.000000E+00, 2.213411E+01, 0.000000E+00,0, 0.000000E+00,1, 4.461690E+00,0, 0.000000E+00,NULL,NULL,NULL,NULL,NULL,NULL,0,data,8
47964,15733,940612,235816,94C2, 9.127200E+01,0,2,2,0,2, 0.000000E+00, 0.000000E+00, 0.000000E+00, 0.000000E+00, 0.000000E+00, 0.000000E+00,-5.207838E-01,-1.178521E-01, 3.850636E+01, 5.605849E+01, 0.000000E+00, 5.605849E+01, 0.000000E+00,0, 0.000000E+00,1, 0.000000E+00,0, 0.000000E+00,NULL,NULL,NULL,NULL,1, 4.721652E+01,0,data,8
47964,15735,940612,235820,94C2, 9.127200E+01,28,27,55,28,27, 7.494040E+00, 1.537223E+00,-9.906327E+00, 5.306182E+01, 5.272586E+01, 1.883066E+00, 1.048577E+01,-4.369187E-01,-1.883969E+01, 8.038136E+01, 4.411108E+01, 1.699367E+01, 3.601011E+00,12, 0.000000E+00,8, 0.000000E+00,0, 0.000000E+00,11, 1.907516E+01, 7.142349E-01, 4.819153E+00,NULL,NULL,1,data,8
47964,15738,940612,235820,94C2, 9.127200E+01,0,2,2,0,2, 0.000000E+00, 0.000000E+00, 0.000000E+00, 0.000000E+00, 0.000000E+00, 0.000000E+00, 9.850860E-03, 4.637635E-02,-3.901978E-01, 9.191049E+01, 0.000000E+00, 9.191049E+01, 0.000000E+00,NULL,NULL,NULL,NULL,0, 0.000000E+00,NULL,NULL,NULL,NULL,2, 9.191049E+01,0,data,8
47964,15741,940612,235822,94C2, 9.127200E+01,1,2,3,1,2,-8.023796E-01, 5.144365E-01,-1.644877E+00, 1.906189E+00, 1.901073E+00, 1.901073E+00,-8.558697E-01, 8.327141E-01,-7.286661E+00, 7.664735E+00, 1.906189E+00, 5.758546E+00, 0.000000E+00,0, 0.000000E+00,1, 0.000000E+00,0, 0.000000E+00,NULL,NULL,NULL,NULL,1, 0.000000E+00,0,data,8
47964,15746,940612,235823,94C2, 9.127200E+01,50,13,63,50,13,-2.929070E+01,-2.184899E+01, 3.129928E+00, 7.953858E+01, 7.774471E+01, 1.554894E+00,-1.475727E+01,-9.976372E+00, 1.885103E+00, 1.097001E+02, 4.267683E+01, 1.281103E+01, 1.739683E+01,13, 1.986630E+00,0, 0.000000E+00,0, 0.000000E+00,8, 8.716315E+00, 3.826182E-01, 3.179289E+00,1, 0.000000E+00,1,data,8
47964,15749,940612,235826,94C2, 9.127200E+01,0,2,2,0,2, 0.000000E+00, 0.000000E+00, 0.000000E+00, 0.000000E+00, 0.000000E+00, 0.000000E+00,-8.612728E-02, 4.679048E-02,-1.254429E+00, 8.694863E+01, 0.000000E+00, 8.694863E+01, 0.000000E+00,NULL,NULL,NULL,NULL,0, 0.000000E+00,NULL,NULL,NULL,NULL,2, 8.694863E+01,0,data,8
47964,15752,940612,235827,94C2, 9.127200E+01,14,2,16,14,2,-1.890796E+00, 8.533033E-01,-3.557012E+00, 8.316407E+00, 7.781615E+00, 5.558296E-01,-1.574070E+00, 1.338188E+00,-4.133492E+00, 9.979657E+00, 1.213816E+00, 1.663250E+00, 0.000000E+00,1, 1.089888E-01,0, 0.000000E+00,0, 0.000000E+00,NULL,NULL,NULL,NULL,1, 0.000000E+00,0,data,8
47964,15754,940612,235827,94C2, 9.127200E+01,34,28,62,34,28,-2.204331E+00, 1.128690E+01,-1.095563E+01, 6.603531E+01, 6.543772E+01, 1.924639E+00,-2.154902E+00, 1.783415E+01,-2.118617E+01, 1.215302E+02, 6.171995E+01, 4.470607E+01, 4.739949E+00,22, 8.387465E-01,0, 0.000000E+00,0, 0.000000E+00,17, 2.668776E+01, 4.057093E-01, 4.186378E+00,1, 0.000000E+00,1,data,8
47964,15758,940612,235829,94C2, 9.127200E+01,0,2,2,0,2, 0.000000E+00, 0.000000E+00, 0.000000E+00, 0.000000E+00, 0.000000E+00, 0.000000E+00,-1.153793E-01, 8.036375E-02, 2.124680E+00, 8.973042E+01, 0.000000E+00, 8.973042E+01, 0.000000E+00,NULL,NULL,NULL,NULL,0, 0.000000E+00,NULL,NULL,NULL,NULL,2, 8.973042E+01,0,data,8
47964,15759,940612,235829,94C2, 9.127200E+01,25,17,42,25,17,-7.132460E+00, 1.465835E+00, 1.611660E+01, 5.401196E+01, 5.347815E+01, 2.139126E+00,-1.979432E+00,-3.039440E+00, 3.299942E+00, 8.238206E+01, 3.372261E+01, 2.465057E+01, 3.768301E+00,2, 0.000000E+00,18, 1.908924E+01,0, 0.000000E+00,2, 1.328775E+00, 6.109501E-01, 7.178248E-01,NULL,NULL,1,data,8
47964,15764,940612,235832,94C2, 9.127200E+01,0,2,2,0,2, 0.000000E+00, 0.000000E+00, 0.000000E+00, 0.000000E+00, 0.000000E+00, 0.000000E+00, 3.397322E-02, 1.146899E-01, 1.538484E+01, 7.618016E+01, 0.000000E+00, 7.618016E+01, 0.000000E+00,NULL,NULL,NULL,NULL,0, 0.000000E+00,NULL,NULL,NULL,NULL,2, 7.618016E+01,0,data,8
47964,15765,940612,235832,94C2, 9.127200E+01,0,2,2,0,2, 0.000000E+00, 0.000000E+00, 0.000000E+00, 0.000000E+00, 0.000000E+00, 0.000000E+00, 2.181467E+00,-2.951252E-01,-1.056185E+01, 1.078900E+01, 0.000000E+00, 1.078900E+01, 0.000000E+00,0, 0.000000E+00,2, 1.078900E+01,0, 0.000000E+00,NULL,NULL,NULL,NULL,NULL,NULL,0,data,8
47964,15766,940612,235832,94C2, 9.127200E+01,4,4,8,4,4,-1.083975E+01,-1.734921E+00, 5.091082E+00, 2.402862E+01, 2.401549E+01, 6.003872E+00,-2.059729E+01,-3.120743E+00, 9.378671E+00, 3.478654E+01, 2.402792E+01, 3.887744E+00, 0.000000E+00,5, 1.353127E+00,0, 0.000000E+00,0, 0.000000E+00,3, 9.192718E+00, 6.161546E-01, 6.870182E+00,NULL,NULL,0,data,8
47964,15774,940612,235835,94C2, 9.127200E+01,2,5,7,2,5, 2.034826E+00,-1.274525E+00, 1.131615E+00, 9.311978E+01, 9.311936E+01, 4.655968E+01,-8.244745E-01, 1.260592E+00, 1.182697E+00, 9.906025E+01, 9.311960E+01, 2.315078E+00, 3.625386E+00,2, 0.000000E+00,0, 0.000000E+00,0, 0.000000E+00,2, 1.257726E+00, 3.599817E-01, 8.977445E-01,NULL,NULL,0,data,8
47964,15783,940612,235839,94C2, 9.127200E+01,3,2,5,3,2, 4.213690E-01,-7.275975E-01, 1.823948E+00, 2.309103E+00, 2.263662E+00, 7.545539E-01, 5.253333E-01,-7.411228E-01, 7.144367E+00, 7.653797E+00, 0.000000E+00, 5.344694E+00, 0.000000E+00,0, 0.000000E+00,1, 0.000000E+00,0, 0.000000E+00,NULL,NULL,NULL,NULL,1, 0.000000E+00,0,data,8
47964,15786,940612,235842,94C2, 9.127200E+01,0,2,2,0,2, 0.000000E+00, 0.000000E+00, 0.000000E+00, 0.000000E+00, 0.000000E+00, 0.000000E+00, 7.731533E-02, 2.096664E-01, 3.987656E-01, 9.159505E+01, 0.000000E+00, 9.159505E+01, 0.000000E+00,NULL,NULL,NULL,NULL,0, 0.000000E+00,NULL,NULL,NULL,NULL,2, 9.159505E+01,0,data,8
47964,15787,940612,235842,94C2, 9.127200E+01,0,2,2,0,2, 0.000000E+00, 0.000000E+00, 0.000000E+00, 0.000000E+00, 0.000000E+00, 0.000000E+00,-3.463852E-02, 8.367097E-02, 7.448540E-01, 9.319373E+01, 0.000000E+00, 9.319373E+01, 0.000000E+00,NULL,NULL,NULL,NULL,0, 0.000000E+00,NULL,NULL,NULL,NULL,2, 9.319373E+01,0,data,8
47964,15788,940612,235842,94C2, 9.127200E+01,30,13,43,30,13,-4.888217E+00, 1.292883E+00, 1.702032E+00, 4.403340E+01, 4.357111E+01, 1.452370E+00,-3.546862E+00,-3.448282E+00, 7.623854E+00, 6.438215E+01, 2.546517E+01, 1.816925E+01, 2.179496E+00,1, 0.000000E+00,12, 1.936195E+00,0, 0.000000E+00,1, 8.183610E-01, 8.183610E-01, 8.183610E-01,3, 0.000000E+00,1,data,8
47964,15789,940612,235843,94C2, 9.127200E+01,39,33,72,39,33, 1.508147E+00, 4.960254E+00,-1.462454E+01, 4.648924E+01, 4.556757E+01, 1.168399E+00, 6.931183E-01, 9.387820E-01,-1.062549E+01, 9.971472E+01, 4.067641E+01, 5.025253E+01, 2.587793E+00,5, 0.000000E+00,25, 5.431390E+00,0, 0.000000E+00,5, 4.140314E+00, 3.851555E-01, 1.403175E+00,NULL,NULL,1,data,8
47964,15790,940612,235843,94C2, 9.127200E+01,0,2,2,0,2, 0.000000E+00, 0.000000E+00, 0.000000E+00, 0.000000E+00, 0.000000E+00, 0.000000E+00, 6.972647E-02,-5.097792E-02,-1.387440E+00, 9.202225E+01, 0.000000E+00, 9.202225E+01, 0.000000E+00,NULL,NULL,NULL,NULL,0, 0.000000E+00,NULL,NULL,NULL,NULL,2, 9.202225E+01,0,data,8
47964,15802,940612,235848,94C2, 9.127200E+01,0,2,2,0,2, 0.000000E+00, 0.000000E+00, 0.000000E+00, 0.000000E+00, 0.000000E+00, 0.000000E+00, 3.379314E-01, 8.849263E-02,-3.462826E+00, 9.262926E+01, 0.000000E+00, 9.262926E+01, 0.000000E+00,NULL,NULL,NULL,NULL,0, 0.000000E+00,NULL,NULL,NULL,NULL,2, 9.262926E+01,0,data,8
47964,15803,940612,235848,94C2, 9.127200E+01,0,2,2,0,2, 0.000000E+00, 0.000000E+00, 0.000000E+00, 0.000000E+00, 0.000000E+00, 0.000000E+00, 1.282352E-02, 3.681302E-02, 1.439304E+00, 9.303385E+01, 0.000000E+00, 9.303385E+01, 0.000000E+00,NULL,NULL,NULL,NULL,0, 0.000000E+00,NULL,NULL,NULL,NULL,2, 9.303385E+01,0,data,8
47964,15806,940612,235851,94C2, 9.127200E+01,0,2,2,0,2, 0.000000E+00, 0.000000E+00, 0.000000E+00, 0.000000E+00, 0.000000E+00, 0.000000E+00, 8.906937E-02, 3.598809E-01, 2.486889E+00, 9.252654E+01, 0.000000E+00, 9.252654E+01, 0.000000E+00,NULL,NULL,NULL,NULL,0, 0.000000E+00,NULL,NULL,NULL,NULL,2, 9.252654E+01,0,data,8
47964,15807,940612,235851,94C2, 9.127200E+01,29,29,58,29,29, 7.514390E+00, 4.671389E+00,-1.725674E+01, 4.576974E+01, 4.535809E+01, 1.564072E+00, 7.602884E+00, 6.814439E+00,-1.589091E+01, 8.192669E+01, 4.162703E+01, 2.670603E+01, 9.485583E+00,5, 4.395413E-02,15, 1.163428E+00,0, 0.000000E+00,4, 2.276527E+00, 4.833047E-01, 6.417825E-01,NULL,NULL,1,data,8
47964,15808,940612,235851,94C2, 9.127200E+01,1,1,2,1,1, 3.038865E+00,-4.185661E-01,-3.074523E+00, 4.345350E+00, 4.343108E+00, 4.343108E+00, 1.128373E-01,-1.812962E-02,-4.470924E+01, 4.608469E+01, 4.343108E+00, 4.173933E+01, 0.000000E+00,1, 3.197742E+00,0, 0.000000E+00,0, 0.000000E+00,NULL,NULL,NULL,NULL,1, 0.000000E+00,0,data,8
47964,15809,940612,235851,94C2, 9.127200E+01,0,2,2,0,2, 0.000000E+00, 0.000000E+00, 0.000000E+00, 0.000000E+00, 0.000000E+00, 0.000000E+00,-5.580254E-01,-3.589933E-01,-4.467503E+00, 9.037937E+01, 0.000000E+00, 9.037937E+01, 0.000000E+00,NULL,NULL,NULL,NULL,0, 0.000000E+00,NULL,NULL,NULL,NULL,2, 9.037937E+01,0,data,8
47964,15810,940612,235851,94C2, 9.127200E+01,0,2,2,0,2, 0.000000E+00, 0.000000E+00, 0.000000E+00, 0.000000E+00, 0.000000E+00, 0.000000E+00, 1.143334E-01,-4.720855E-02,-1.068398E+00, 9.025845E+01, 0.000000E+00, 9.025845E+01, 0.000000E+00,NULL,NULL,NULL,NULL,0, 0.000000E+00,NULL,NULL,NULL,NULL,2, 9.025845E+01,0,data,8
47964,15812,940612,235854,94C2, 9.127200E+01,0,2,2,0,2, 0.000000E+00, 0.000000E+00, 0.000000E+00, 0.000000E+00, 0.000000E+00, 0.000000E+00,-5.033207E-02, 3.358233E-02,-1.018288E+00, 9.638976E+01, 0.000000E+00, 9.638976E+01, 0.000000E+00,NULL,NULL,NULL,NULL,0, 0.000000E+00,NULL,NULL,NULL,NULL,2, 9.638976E+01,0,data,8
47964,15815,940612,235854,94C2, 9.127200E+01,0,2,2,0,2, 0.000000E+00, 0.000000E+00, 0.000000E+00, 0.000000E+00, 0.000000E+00, 0.000000E+00,-2.168107E-02,-2.436390E-01, 3.050076E+00, 9.121309E+01, 0.000000E+00, 9.121309E+01, 0.000000E+00,NULL,NULL,NULL,NULL,0, 0.000000E+00,NULL,NULL,NULL,NULL,2, 9.121309E+01,0,data,8
47964,15818,940612,235854,94C2, 9.127200E+01,2,1,3,2,1, 1.159805E-02,-3.125310E-03,-2.825810E+00, 4.882587E+00, 4.874599E+00, 2.437299E+00, 2.244400E-01,-1.168922E-01,-2.819490E+00, 5.124009E+00, 4.874599E+00, 0.000000E+00, 2.414218E-01,2, 4.850456E+00,0, 0.000000E+00,0, 0.000000E+00,NULL,NULL,NULL,NULL,NULL,NULL,0,data,8
47964,15819,940612,235854,94C2, 9.127200E+01,1,0,1,1,0,-2.355654E+01,-2.268374E+01,-4.812085E+01, 5.818159E+01, 5.818143E+01, 5.818143E+01,-2.355654E+01,-2.268374E+01,-4.812085E+01, 5.818159E+01, 0.000000E+00, 0.000000E+00, 0.000000E+00,NULL,NULL,NULL,NULL,0, 0.000000E+00,NULL,NULL,NULL,NULL,NULL,NULL,0,data,8
47964,15821,940612,235857,94C2, 9.127200E+01,2,2,4,2,2,-2.073470E+01, 1.629232E+01,-2.438099E+01, 7.577304E+01, 7.577238E+01, 3.788619E+01,-1.577862E+01, 1.292907E+01,-1.755839E+01, 8.501272E+01, 0.000000E+00, 9.239674E+00, 0.000000E+00,2, 8.874865E-02,0, 0.000000E+00,0, 0.000000E+00,1, 9.071172E+00, 9.071172E+00, 9.071172E+00,NULL,NULL,0,data,8
47964,15826,940612,235858,94C2, 9.127200E+01,0,2,2,0,2, 0.000000E+00, 0.000000E+00, 0.000000E+00, 0.000000E+00, 0.000000E+00, 0.000000E+00,-1.409864E-02, 2.054914E-01,-6.497307E-01, 9.216658E+01, 0.000000E+00, 9.216658E+01, 0.000000E+00,NULL,NULL,NULL,NULL,0, 0.000000E+00,NULL,NULL,NULL,NULL,2, 9.216658E+01,0,data,8
47964,15827,940612,235858,94C2, 9.127200E+01,5,2,7,5,2,-2.210817E-01, 1.011412E-01,-3.190248E+00, 5.866885E+00, 5.803172E+00, 1.160634E+00,-2.863035E-01, 1.226592E-01,-3.683258E+00, 6.372536E+00, 5.859558E+00, 5.056515E-01, 0.000000E+00,1, 0.000000E+00,1, 0.000000E+00,0, 0.000000E+00,NULL,NULL,NULL,NULL,1, 0.000000E+00,0,data,8
47964,15829,940612,235858,94C2, 9.127200E+01,0,2,2,0,2, 0.000000E+00, 0.000000E+00, 0.000000E+00, 0.000000E+00, 0.000000E+00, 0.000000E+00, 1.847852E-01,-3.710234E-02, 2.740772E+00, 9.081956E+01, 0.000000E+00, 9.081956E+01, 0.000000E+00,NULL,NULL,NULL,NULL,0, 0.000000E+00,NULL,NULL,NULL,NULL,2, 9.081956E+01,0,data,8
47964,15830,940612,235858,94C2, 9.127200E+01,0,2,2,0,2, 0.000000E+00, 0.000000E+00, 0.000000E+00, 0.000000E+00, 0.000000E+00, 0.000000E+00, 1.101638E-02, 2.642930E-01,-3.950680E+00, 9.134964E+01, 0.000000E+00, 9.134964E+01, 0.000000E+00,NULL,NULL,NULL,NULL,0, 0.000000E+00,NULL,NULL,NULL,NULL,2, 9.134964E+01,0,data,8
47964,15831,940612,235858,94C2, 9.127200E+01,7,6,13,7,6, 7.801795E-01,-7.245886E+00,-5.431395E-01, 5.319961E+01, 5.315982E+01, 7.594261E+00, 5.850965E-01,-5.912085E+00,-4.396841E-02, 7.084394E+01, 5.326416E+01, 1.725510E+01, 3.892362E-01,7, 4.372599E+00,0, 0.000000E+00,0, 0.000000E+00,4, 1.725510E+01, 1.735133E+00, 6.176958E+00,NULL,NULL,1,data,8
47964,15834,940612,235902,94C2, 9.127200E+01,20,16,36,20,16, 7.840431E+00, 2.971088E+01, 7.939060E+00, 4.534794E+01, 4.505249E+01, 2.252625E+00, 1.655501E-02, 8.845580E+00, 2.249379E+00, 9.282848E+01, 4.376764E+01, 4.145076E+01, 1.309869E+00,13, 2.123855E+00,0, 0.000000E+00,0, 0.000000E+00,10, 4.592026E+01, 8.375884E-01, 3.202644E+01,NULL,NULL,1,data,8
47964,15836,940612,235902,94C2, 9.127200E+01,0,2,2,0,2, 0.000000E+00, 0.000000E+00, 0.000000E+00, 0.000000E+00, 0.000000E+00, 0.000000E+00, 1.637503E-02,-3.946328E-02,-1.519405E+00, 9.141716E+01, 0.000000E+00, 9.141716E+01, 0.000000E+00,NULL,NULL,NULL,NULL,0, 0.000000E+00,NULL,NULL,NULL,NULL,2, 9.141716E+01,0,data,8
47964,15837,940612,235902,94C2, 9.127200E+01,0,2,2,0,2, 0.000000E+00, 0.000000E+00, 0.000000E+00, 0.000000E+00, 0.000000E+00, 0.000000E+00, 1.002221E-01, 7.373317E-02, 8.450012E-01, 9.418333E+01, 0.000000E+00, 9.418333E+01, 0.000000E+00,NULL,NULL,NULL,NULL,0, 0.000000E+00,NULL,NULL,NULL,NULL,2, 9.418333E+01,0,data,8
47964,15838,940612,235902,94C2, 9.127200E+01,0,2,2,0,2, 0.000000E+00, 0.000000E+00, 0.000000E+00, 0.000000E+00, 0.000000E+00, 0.000000E+00,-2.834260E-02, 1.100142E-01, 6.253014E-01, 9.330043E+01, 0.000000E+00, 9.330043E+01, 0.000000E+00,NULL,NULL,NULL,NULL,0, 0.000000E+00,NULL,NULL,NULL,NULL,2, 9.330043E+01,0,data,8
47964,15839,940612,235902,94C2, 9.127200E+01,0,2,2,0,2, 0.000000E+00, 0.000000E+00, 0.000000E+00, 0.000000E+00, 0.000000E+00, 0.000000E+00, 8.304307E-02, 1.647990E-01, 2.561649E+00, 9.141493E+01, 0.000000E+00, 9.141493E+01, 0.000000E+00,NULL,NULL,NULL,NULL,0, 0.000000E+00,NULL,NULL,NULL,NULL,2, 9.141493E+01,0,data,8
47964,15844,940612,235905,94C2, 9.127200E+01,0,2,2,0,2, 0.000000E+00, 0.000000E+00, 0.000000E+00, 0.000000E+00, 0.000000E+00, 0.000000E+00,-1.139793E-01, 8.781016E-03, 2.194458E+00, 9.305097E+01, 0.000000E+00, 9.305097E+01, 0.000000E+00,NULL,NULL,NULL,NULL,0, 0.000000E+00,NULL,NULL,NULL,NULL,2, 9.305097E+01,0,data,8
47964,15845,940612,235905,94C2, 9.127200E+01,42,19,61,42,19,-2.081867E+00, 6.886029E+00, 1.405125E+01, 5.450840E+01, 5.358492E+01, 1.275831E+00, 7.755220E-02, 3.914556E+00, 1.752796E+01, 7.514482E+01, 4.143476E+01, 1.064855E+01, 9.473673E+00,3, 0.000000E+00,16, 4.560179E+00,0, 0.000000E+00,3, 2.727011E+00, 5.141962E-01, 1.161286E+00,3, 0.000000E+00,1,data,8
47964,15849,940612,235906,94C2, 9.127200E+01,2,1,3,2,1, 1.421666E-02, 1.708525E-01,-4.392328E+00, 4.785200E+00, 4.773550E+00, 2.386775E+00,-2.512436E-01, 1.089559E-01,-4.764482E+00, 5.246501E+00, 1.084675E+00, 4.613011E-01, 0.000000E+00,0, 0.000000E+00,1, 0.000000E+00,0, 0.000000E+00,NULL,NULL,NULL,NULL,NULL,NULL,0,data,8
47964,15851,940612,235906,94C2, 9.127200E+01,5,2,7,5,2,-3.263870E-01,-1.926585E-01, 2.025519E+00, 3.852615E+00, 3.768605E+00, 7.537209E-01, 6.960539E-01,-1.763242E+00, 3.406832E+00, 6.747187E+00, 1.259108E+00, 2.894572E+00, 0.000000E+00,0, 0.000000E+00,1, 0.000000E+00,0, 0.000000E+00,NULL,NULL,NULL,NULL,1, 0.000000E+00,0,data,8
47964,15852,940612,235907,94C2, 9.127200E+01,45,12,57,45,12,-1.314699E+00, 1.673151E+00,-4.217421E+00, 7.384178E+01, 7.317020E+01, 1.626004E+00,-3.919151E+00, 2.693139E+00,-2.700556E+00, 8.712203E+01, 6.927716E+01, 5.328537E+00, 5.354282E+00,13, 2.573024E+00,0, 0.000000E+00,0, 0.000000E+00,4, 6.467237E+00, 1.281209E+00, 2.581986E+00,NULL,NULL,1,data,8
47964,15853,940612,235907,94C2, 9.127200E+01,0,2,2,0,2, 0.000000E+00, 0.000000E+00, 0.000000E+00, 0.000000E+00, 0.000000E+00, 0.000000E+00, 1.392412E-02,-2.260625E-03, 1.337700E-01, 9.102116E+01, 0.000000E+00, 9.102116E+01, 0.000000E+00,NULL,NULL,NULL,NULL,0, 0.000000E+00,NULL,NULL,NULL,NULL,2, 9.102116E+01,0,data,8
47964,15854,940612,235908,94C2, 9.127200E+01,30,13,43,30,13, 4.872298E-01,-1.545975E+01, 2.064328E+01, 4.664687E+01, 4.575142E+01, 1.525047E+00,-1.608943E+00,-2.078157E+01, 2.484098E+01, 6.112052E+01, 3.957631E+01, 8.161493E+00, 6.312156E+00,2, 0.000000E+00,10, 7.418404E+00,0, 0.000000E+00,2, 9.260565E-01, 2.957165E-01, 6.303400E-01,NULL,NULL,1,data,8
47964,15861,940612,235910,94C2, 9.127200E+01,27,21,48,27,21,-9.282500E+00,-1.182951E+01,-6.876558E+00, 5.417704E+01, 5.381413E+01, 1.993116E+00,-1.736242E+01,-1.544256E+01, 2.176444E+00, 9.690103E+01, 5.191711E+01, 3.437069E+01, 7.000297E+00,17, 4.217892E+00,2, 0.000000E+00,0, 0.000000E+00,11, 3.122621E+01, 3.832782E-01, 8.590164E+00,2, 0.000000E+00,1,data,8
47964,15862,940612,235910,94C2, 9.127200E+01,0,2,2,0,2, 0.000000E+00, 0.000000E+00, 0.000000E+00, 0.000000E+00, 0.000000E+00, 0.000000E+00, 1.654462E-01,-6.382847E-02, 2.787552E+00, 9.265999E+01, 0.000000E+00, 9.265999E+01, 0.000000E+00,NULL,NULL,NULL,NULL,0, 0.000000E+00,NULL,NULL,NULL,NULL,2, 9.265999E+01,0,data,8
47964,15864,940612,235910,94C2, 9.127200E+01,0,2,2,0,2, 0.000000E+00, 0.000000E+00, 0.000000E+00, 0.000000E+00, 0.000000E+00, 0.000000E+00,-2.685288E-02, 1.386652E-01, 1.512375E+00, 8.897478E+01, 0.000000E+00, 8.897478E+01, 0.000000E+00,NULL,NULL,NULL,NULL,0, 0.000000E+00,NULL,NULL,NULL,NULL,2, 8.897478E+01,0,data,8
47964,15866,940612,235913,94C2, 9.127200E+01,4,12,16,4,12, 1.206617E-01, 6.340923E-01, 1.668083E+00, 2.280698E+00, 2.166122E+00, 5.415305E-01,-1.026368E+00, 1.767346E+00, 2.144201E+01, 3.766582E+01, 2.132371E+00, 3.166542E+01, 3.719700E+00,0, 0.000000E+00,4, 0.000000E+00,0, 0.000000E+00,NULL,NULL,NULL,NULL,6, 0.000000E+00,0,data,8
47964,15867,940612,235913,94C2, 9.127200E+01,0,2,2,0,2, 0.000000E+00, 0.000000E+00, 0.000000E+00, 0.000000E+00, 0.000000E+00, 0.000000E+00,-1.194150E-01, 2.453594E-01, 3.822750E+00, 9.622293E+01, 0.000000E+00, 9.622293E+01, 0.000000E+00,NULL,NULL,NULL,NULL,0, 0.000000E+00,NULL,NULL,NULL,NULL,2, 9.622293E+01,0,data,8
47964,15872,940612,235913,94C2, 9.127200E+01,34,14,48,34,14, 1.630810E+00,-2.421523E+00,-2.943756E+00, 6.828148E+01, 6.774070E+01, 1.992373E+00, 3.839653E+00,-4.221950E+00,-4.402237E+00, 8.875453E+01, 6.311611E+01, 1.550451E+01, 2.469403E+00,15, 6.132395E+00,1, 0.000000E+00,0, 0.000000E+00,10, 1.784427E+01, 3.178309E-01, 4.292463E+00,NULL,NULL,1,data,8
47964,15873,940612,235916,94C2, 9.127200E+01,0,2,2,0,2, 0.000000E+00, 0.000000E+00, 0.000000E+00, 0.000000E+00, 0.000000E+00, 0.000000E+00, 2.701974E-02,-7.558990E-02,-2.308167E+00, 9.602076E+01, 0.000000E+00, 9.602076E+01, 0.000000E+00,NULL,NULL,NULL,NULL,0, 0.000000E+00,NULL,NULL,NULL,NULL,2, 9.602076E+01,0,data,8
47964,15876,940612,235916,94C2, 9.127200E+01,0,2,2,0,2, 0.000000E+00, 0.000000E+00, 0.000000E+00, 0.000000E+00, 0.000000E+00, 0.000000E+00, 1.913107E-01,-1.294861E-01, 1.654202E+00, 9.015062E+01, 0.000000E+00, 9.015062E+01, 0.000000E+00,NULL,NULL,NULL,NULL,0, 0.000000E+00,NULL,NULL,NULL,NULL,2, 9.015062E+01,0,data,8
47964,15879,940612,235916,94C2, 9.127200E+01,3,4,7,3,4, 7.461527E-01,-3.209071E-01,-3.892153E-01, 1.111330E+00, 9.714755E-01, 3.238252E-01, 9.559006E-01,-3.555871E-01,-2.474899E-01, 5.324562E+00, 0.000000E+00, 4.213232E+00, 0.000000E+00,NULL,NULL,NULL,NULL,0, 0.000000E+00,NULL,NULL,NULL,NULL,4, 3.050125E-01,0,data,8
47964,15884,940612,235920,94C2, 9.127200E+01,18,19,37,18,19,-8.418555E+00, 5.973694E+00, 6.104865E+00, 5.086652E+01, 5.064666E+01, 2.813704E+00,-1.041918E+01, 7.591307E+00, 7.287933E+00, 8.152780E+01, 4.549409E+01, 1.714165E+01, 9.858967E+00,17, 2.419365E+00,1, 0.000000E+00,0, 0.000000E+00,12, 1.867340E+01, 3.937786E-01, 5.879183E+00,NULL,NULL,1,data,8
47964,15885,940612,235920,94C2, 9.127200E+01,2,0,2,2,0, 1.043704E+00,-2.573294E+00,-1.112032E+00, 3.892230E+01, 3.892130E+01, 1.946065E+01, 1.043704E+00,-2.573294E+00,-1.112032E+00, 3.892230E+01, 0.000000E+00, 0.000000E+00, 0.000000E+00,NULL,NULL,NULL,NULL,0, 0.000000E+00,NULL,NULL,NULL,NULL,NULL,NULL,0,data,8
47964,15887,940612,235921,94C2, 9.127200E+01,34,18,52,34,18,-2.458820E-01, 3.994499E-01,-7.536673E+00, 5.715365E+01, 5.662735E+01, 1.665510E+00, 1.243646E+00,-1.936033E+00,-3.649539E+00, 7.617229E+01, 4.990219E+01, 1.065218E+01, 5.125490E+00,7, 1.465205E-01,9, 0.000000E+00,0, 0.000000E+00,5, 5.419869E+00, 7.534828E-01, 1.347270E+00,1, 0.000000E+00,1,data,8
47964,15888,940612,235923,94C2, 9.127200E+01,0,2,2,0,2, 0.000000E+00, 0.000000E+00, 0.000000E+00, 0.000000E+00, 0.000000E+00, 0.000000E+00, 1.402628E-02, 6.290150E-02, 8.721771E-01, 9.194753E+01, 0.000000E+00, 9.194753E+01, 0.000000E+00,NULL,NULL,NULL,NULL,0, 0.000000E+00,NULL,NULL,NULL,NULL,2, 9.194753E+01,0,data,8
47964,15889,940612,235923,94C2, 9.127200E+01,0,2,2,0,2, 0.000000E+00, 0.000000E+00, 0.000000E+00, 0.000000E+00, 0.000000E+00, 0.000000E+00, 1.859260E-02, 4.627109E-02,-5.156136E-01, 9.242276E+01, 0.000000E+00, 9.242276E+01, 0.000000E+00,NULL,NULL,NULL,NULL,0, 0.000000E+00,NULL,NULL,NULL,NULL,2, 9.242276E+01,0,data,8
47964,15893,940612,235923,94C2, 9.127200E+01,29,18,47,29,18, 8.038046E-01, 3.859949E+00,-1.651909E+00, 5.359225E+01, 5.298810E+01, 1.827176E+00,-5.250231E-01, 7.068906E+00,-4.121866E+00, 7.042374E+01, 4.911691E+01, 1.178116E+01, 2.402997E+00,20, 1.969114E+01,0, 0.000000E+00,0, 0.000000E+00,12, 1.326860E+01, 4.901369E-01, 2.921808E+00,NULL,NULL,1,data,8
47964,15894,940612,235928,94C2, 9.127200E+01,0,2,2,0,2, 0.000000E+00, 0.000000E+00, 0.000000E+00, 0.000000E+00, 0.000000E+00, 0.000000E+00, 2.859938E-02, 7.652569E-02,-8.940125E-02, 9.548312E+01, 0.000000E+00, 9.548312E+01, 0.000000E+00,NULL,NULL,NULL,NULL,0, 0.000000E+00,NULL,NULL,NULL,NULL,2, 9.548312E+01,0,data,8
47964,15897,940612,235928,94C2, 9.127200E+01,0,2,2,0,2, 0.000000E+00, 0.000000E+00, 0.000000E+00, 0.000000E+00, 0.000000E+00, 0.000000E+00, 1.271937E-01,-1.345694E-01, 1.585003E+00, 9.432758E+01, 0.000000E+00, 9.432758E+01, 0.000000E+00,NULL,NULL,NULL,NULL,0, 0.000000E+00,NULL,NULL,NULL,NULL,2, 9.432758E+01,0,data,8
47964,15903,940612,235928,94C2, 9.127200E+01,0,2,2,0,2, 0.000000E+00, 0.000000E+00, 0.000000E+00, 0.000000E+00, 0.000000E+00, 0.000000E+00,-2.058060E-01, 2.529345E-01, 3.090260E+00, 9.081077E+01, 0.000000E+00, 9.081077E+01, 0.000000E+00,NULL,NULL,NULL,NULL,0, 0.000000E+00,NULL,NULL,NULL,NULL,2, 9.081077E+01,0,data,8
47964,15904,940612,235928,94C2, 9.127200E+01,0,3,3,0,3, 0.000000E+00, 0.000000E+00, 0.000000E+00, 0.000000E+00, 0.000000E+00, 0.000000E+00, 6.213315E+00,-1.382461E+00, 3.260676E+01, 3.408941E+01, 0.000000E+00, 3.408941E+01, 0.000000E+00,0, 0.000000E+00,2, 3.361035E+01,0, 0.000000E+00,NULL,NULL,NULL,NULL,NULL,NULL,0,data,8
47964,15905,940612,235928,94C2, 9.127200E+01,3,5,8,3,5, 9.176245E-01,-6.198650E-01, 5.582337E+00, 6.035437E+00, 5.989012E+00, 1.996337E+00,-1.001449E+00, 1.272921E+00,-7.185218E+00, 2.673994E+01, 0.000000E+00, 2.070450E+01, 0.000000E+00,0, 0.000000E+00,4, 3.578027E+01,0, 0.000000E+00,NULL,NULL,NULL,NULL,2, 0.000000E+00,0,data,8
47964,15906,940612,235934,94C2, 9.127200E+01,0,2,2,0,2, 0.000000E+00, 0.000000E+00, 0.000000E+00, 0.000000E+00, 0.000000E+00, 0.000000E+00,-6.076837E-01, 6.618065E-02,-5.327991E+00, 8.363464E+01, 0.000000E+00, 8.363464E+01, 0.000000E+00,NULL,NULL,NULL,NULL,0, 0.000000E+00,NULL,NULL,NULL,NULL,2, 8.363464E+01,0,data,8
47964,15907,940612,235934,94C2, 9.127200E+01,0,2,2,0,2, 0.000000E+00, 0.000000E+00, 0.000000E+00, 0.000000E+00, 0.000000E+00, 0.000000E+00, 1.955864E-01, 1.803128E-01, 1.266574E+01, 7.607134E+01, 0.000000E+00, 7.607134E+01, 0.000000E+00,NULL,NULL,NULL,NULL,0, 0.000000E+00,NULL,NULL,NULL,NULL,2, 7.607134E+01,0,data,8
47964,15912,940612,235934,94C2, 9.127200E+01,0,2,2,0,2, 0.000000E+00, 0.000000E+00, 0.000000E+00, 0.000000E+00, 0.000000E+00, 0.000000E+00,-3.500204E-01, 2.849696E-01,-4.358746E+01, 4.528656E+01, 0.000000E+00, 4.528656E+01, 0.000000E+00,0, 0.000000E+00,1, 0.000000E+00,0, 0.000000E+00,NULL,NULL,NULL,NULL,1, 3.686734E+01,0,data,8
47964,15914,940612,235934,94C2, 9.127200E+01,0,2,2,0,2, 0.000000E+00, 0.000000E+00, 0.000000E+00, 0.000000E+00, 0.000000E+00, 0.000000E+00, 2.507820E-01, 2.514246E-01,-5.255993E+00, 8.542342E+01, 0.000000E+00, 8.542342E+01, 0.000000E+00,NULL,NULL,NULL,NULL,0, 0.000000E+00,NULL,NULL,NULL,NULL,2, 8.542342E+01,0,data,8
47964,15915,940612,235934,94C2, 9.127200E+01,0,2,2,0,2, 0.000000E+00, 0.000000E+00, 0.000000E+00, 0.000000E+00, 0.000000E+00, 0.000000E+00, 7.880092E-03, 7.776725E-02,-1.197058E+01, 7.750293E+01, 0.000000E+00, 7.750293E+01, 0.000000E+00,NULL,NULL,NULL,NULL,0, 0.000000E+00,NULL,NULL,NULL,NULL,2, 7.750293E+01,0,data,8
47964,15917,940612,235936,94C2, 9.127200E+01,8,5,13,8,5, 5.367382E-02, 4.323974E-01,-3.111994E+00, 5.183660E+00, 4.961786E+00, 6.202233E-01, 8.399737E-02, 1.043936E-01,-8.984630E-01, 8.374756E+00, 2.429687E+00, 2.010454E+00, 1.180642E+00,0, 0.000000E+00,1, 0.000000E+00,0, 0.000000E+00,NULL,NULL,NULL,NULL,3, 0.000000E+00,0,data,8
47964,15918,940612,235936,94C2, 9.127200E+01,37,15,52,37,15,-2.169749E+01,-4.970010E+00, 5.438831E+00, 6.620036E+01, 6.529665E+01, 1.764774E+00,-9.367502E+00,-2.984809E+00, 1.020522E+00, 9.175864E+01, 5.723284E+01, 2.052961E+01, 3.534895E+00,17, 1.165187E+01,0, 0.000000E+00,0, 0.000000E+00,11, 2.166464E+01, 4.120309E-01, 1.027367E+01,NULL,NULL,1,data,8
47964,15919,940612,235938,94C2, 9.127200E+01,32,26,58,32,26,-2.175323E+00,-4.868132E-02,-3.343214E+00, 4.871770E+01, 4.797828E+01, 1.499321E+00, 6.959087E+00,-1.699749E+01, 1.298190E+01, 1.058622E+02, 3.353511E+01, 2.736215E+01, 1.762138E+01,16, 4.246017E+00,3, 0.000000E+00,0, 0.000000E+00,12, 2.643453E+01, 1.000554E+00, 5.156956E+00,NULL,NULL,1,data,8
47964,15922,940612,235938,94C2, 9.127200E+01,2,2,4,2,2,-8.410954E-02,-2.755796E-01, 4.145631E-01, 2.532323E+00, 2.516855E+00, 1.258427E+00,-3.164766E-01,-2.363911E-01, 7.796960E-01, 3.002145E+00, 2.532323E+00, 0.000000E+00, 4.698220E-01,1, 6.254694E-02,0, 0.000000E+00,0, 0.000000E+00,NULL,NULL,NULL,NULL,NULL,NULL,0,data,8
47964,15923,940612,235938,94C2, 9.127200E+01,78,12,90,78,12, 1.422416E+00,-1.807612E+01,-6.179373E+00, 7.868803E+01, 7.504564E+01, 9.621236E-01,-5.463551E+00,-1.518561E+00,-2.681573E+00, 1.018002E+02, 5.108485E+01, 1.596066E+01, 6.461770E+00,14, 1.304046E+01,0, 0.000000E+00,0, 0.000000E+00,6, 1.668367E+01, 7.230095E-01, 5.956906E+00,NULL,NULL,1,data,8
47964,15925,940612,235939,94C2, 9.127200E+01,33,28,61,33,28, 9.706339E-01,-1.214969E+01, 8.778654E+00, 3.894133E+01, 3.826425E+01, 1.159523E+00, 5.568101E-01,-1.068061E-01, 2.256420E+00, 8.745995E+01, 3.339089E+01, 4.041372E+01, 7.756392E+00,16, 3.332472E-01,2, 0.000000E+00,0, 0.000000E+00,14, 3.359324E+01, 4.158832E-01, 9.643150E+00,NULL,NULL,1,data,8
47964,15926,940612,235939,94C2, 9.127200E+01,29,5,34,29,5, 2.269842E+01,-1.314299E+01, 9.583508E+00, 7.677316E+01, 7.598769E+01, 2.620265E+00, 2.314417E+01,-1.411984E+01, 1.027112E+01, 9.290813E+01, 5.554770E+01, 1.613619E+01, 0.000000E+00,8, 9.238146E+00,0, 0.000000E+00,0, 0.000000E+00,4, 1.406414E+01, 5.474076E-01, 7.523942E+00,NULL,NULL,1,data,8
47964,15929,940612,235947,94C2, 9.127200E+01,0,2,2,0,2, 0.000000E+00, 0.000000E+00, 0.000000E+00, 0.000000E+00, 0.000000E+00, 0.000000E+00, 1.832944E-01,-5.447030E-02, 1.618827E+01, 7.565108E+01, 0.000000E+00, 7.565108E+01, 0.000000E+00,NULL,NULL,NULL,NULL,0, 0.000000E+00,NULL,NULL,NULL,NULL,2, 7.565108E+01,0,data,8
47964,15932,940612,235947,94C2, 9.127200E+01,0,2,2,0,2, 0.000000E+00, 0.000000E+00, 0.000000E+00, 0.000000E+00, 0.000000E+00, 0.000000E+00, 1.899830E-01,-2.183008E-02, 3.391281E+00, 9.273628E+01, 0.000000E+00, 9.273628E+01, 0.000000E+00,NULL,NULL,NULL,NULL,0, 0.000000E+00,NULL,NULL,NULL,NULL,2, 9.273628E+01,0,data,8
47964,15934,940612,235947,94C2, 9.127200E+01,0,2,2,0,2, 0.000000E+00, 0.000000E+00, 0.000000E+00, 0.000000E+00, 0.000000E+00, 0.000000E+00, 1.345673E-01, 6.680024E-02,-1.027588E+00, 9.063643E+01, 0.000000E+00, 9.063643E+01, 0.000000E+00,NULL,NULL,NULL,NULL,0, 0.000000E+00,NULL,NULL,NULL,NULL,2, 9.063643E+01,0,data,8
47964,15936,940612,235949,94C2, 9.127200E+01,1,1,2,1,1,-1.927549E+00,-3.800310E+00,-8.938506E-01, 4.356174E+00, 4.353937E+00, 4.353937E+00, 6.358814E-02, 3.323526E-01, 4.353130E+01, 4.901754E+01, 4.353937E+00, 4.466137E+01, 0.000000E+00,1, 4.132677E+00,0, 0.000000E+00,0, 0.000000E+00,NULL,NULL,NULL,NULL,1, 0.000000E+00,0,data,8
47964,15938,940612,235950,94C2, 9.127200E+01,0,3,3,0,3, 0.000000E+00, 0.000000E+00, 0.000000E+00, 0.000000E+00, 0.000000E+00, 0.000000E+00, 1.645346E-01, 2.924106E-01, 1.330643E+01, 7.986914E+01, 0.000000E+00, 7.986914E+01, 0.000000E+00,0, 0.000000E+00,1, 0.000000E+00,0, 0.000000E+00,NULL,NULL,NULL,NULL,2, 4.766256E+01,0,data,8
47964,15939,940612,235950,94C2, 9.127200E+01,1,1,2,1,1, 7.650499E-01,-4.370515E-01,-2.601813E+00, 2.750495E+00, 2.746952E+00, 2.746952E+00,-1.281485E+01, 4.104936E+00, 3.965723E+01, 4.736966E+01, 0.000000E+00, 4.461916E+01, 0.000000E+00,0, 0.000000E+00,2, 8.809163E+01,0, 0.000000E+00,NULL,NULL,NULL,NULL,NULL,NULL,0,data,8
47964,15941,940612,235950,94C2, 9.127200E+01,0,2,2,0,2, 0.000000E+00, 0.000000E+00, 0.000000E+00, 0.000000E+00, 0.000000E+00, 0.000000E+00,-1.428080E-02, 5.681241E-02, 8.141365E-01, 9.136507E+01, 0.000000E+00, 9.136507E+01, 0.000000E+00,NULL,NULL,NULL,NULL,0, 0.000000E+00,NULL,NULL,NULL,NULL,2, 9.136507E+01,0,data,8
47964,15942,940612,235950,94C2, 9.127200E+01,20,13,33,20,13, 4.508369E+00,-5.450816E+00, 5.676787E+01, 8.177147E+01, 8.152469E+01, 4.076234E+00, 4.255717E+00,-5.542923E+00, 5.881754E+01, 9.499976E+01, 4.311336E+00, 1.165925E+01, 1.569047E+00,0, 0.000000E+00,16, 2.704252E+01,0, 0.000000E+00,NULL,NULL,NULL,NULL,1, 0.000000E+00,0,data,8
47964,15944,940612,235951,94C2, 9.127200E+01,20,5,25,20,5, 5.436894E+00,-4.500628E+00,-3.722203E+00, 9.287309E+01, 9.254766E+01, 4.627383E+00, 8.031614E+00,-5.544457E+00,-5.076753E+00, 9.798125E+01, 8.322622E+01, 1.486696E+00, 2.051497E+00,8, 9.472356E-01,0, 0.000000E+00,0, 0.000000E+00,2, 3.348282E+00, 1.486696E+00, 1.861586E+00,NULL,NULL,1,data,8
47964,15945,940612,235951,94C2, 9.127200E+01,0,4,4,0,4, 0.000000E+00, 0.000000E+00, 0.000000E+00, 0.000000E+00, 0.000000E+00, 0.000000E+00,-1.538199E+01,-3.430798E+00, 9.411359E+00, 2.025866E+01, 0.000000E+00, 1.227423E+01, 0.000000E+00,2, 1.201323E+01,0, 0.000000E+00,0, 0.000000E+00,2, 1.460783E+01, 6.623402E+00, 7.984428E+00,NULL,NULL,0,data,8
47964,15947,940612,235952,94C2, 9.127200E+01,39,15,54,39,15,-1.593424E+00, 1.251206E+00, 1.023580E+00, 5.752431E+01, 5.675752E+01, 1.455321E+00,-2.062009E+00,-3.730222E-01, 9.607924E-01, 9.855144E+01, 5.076143E+01, 3.381811E+01, 7.638065E-02,16, 1.861520E+00,0, 0.000000E+00,0, 0.000000E+00,12, 3.892484E+01, 5.024909E-01, 2.015936E+01,NULL,NULL,1,data,8
47964,15951,940612,235955,94C2, 9.127200E+01,0,2,2,0,2, 0.000000E+00, 0.000000E+00, 0.000000E+00, 0.000000E+00, 0.000000E+00, 0.000000E+00, 1.632602E-01, 1.184476E-01, 1.031086E+00, 9.258752E+01, 0.000000E+00, 9.258752E+01, 0.000000E+00,NULL,NULL,NULL,NULL,0, 0.000000E+00,NULL,NULL,NULL,NULL,2, 9.258752E+01,0,data,8
47964,15954,940612,235955,94C2, 9.127200E+01,0,3,3,0,3, 0.000000E+00, 0.000000E+00, 0.000000E+00, 0.000000E+00, 0.000000E+00, 0.000000E+00, 3.831077E-02, 2.045653E-01,-1.527954E+00, 9.129012E+01, 0.000000E+00, 9.129012E+01, 0.000000E+00,NULL,NULL,NULL,NULL,0, 0.000000E+00,NULL,NULL,NULL,NULL,3, 9.129012E+01,0,data,8
47964,15958,940612,235959,94C2, 9.127200E+01,0,2,2,0,2, 0.000000E+00, 0.000000E+00, 0.000000E+00, 0.000000E+00, 0.000000E+00, 0.000000E+00, 5.700588E-03, 6.622934E-02, 8.323441E-01, 9.319611E+01, 0.000000E+00, 9.319611E+01, 0.000000E+00,NULL,NULL,NULL,NULL,0, 0.000000E+00,NULL,NULL,NULL,NULL,2, 9.319611E+01,0,data,8
47964,15960,940612,235959,94C2, 9.127200E+01,0,2,2,0,2, 0.000000E+00, 0.000000E+00, 0.000000E+00, 0.000000E+00, 0.000000E+00, 0.000000E+00,-1.118002E-01, 1.242184E-01, 1.645813E+00, 9.167055E+01, 0.000000E+00, 9.167055E+01, 0.000000E+00,NULL,NULL,NULL,NULL,0, 0.000000E+00,NULL,NULL,NULL,NULL,2, 9.167055E+01,0,data,8
47964,15963,940612,235959,94C2, 9.127200E+01,26,9,35,26,9, 2.143875E+00, 1.287139E+00, 2.583612E+00, 6.145065E+01, 6.094400E+01, 2.344000E+00,-2.303769E+00, 9.418838E-01,-2.185057E+00, 7.626065E+01, 5.854542E+01, 9.556070E+00, 3.540158E+00,6, 5.335565E+00,2, 0.000000E+00,0, 0.000000E+00,4, 1.062579E+01, 7.785784E-01, 7.512284E+00,NULL,NULL,1,data,8
47964,15965,940613,0,94C2, 9.127200E+01,0,2,2,0,2, 0.000000E+00, 0.000000E+00, 0.000000E+00, 0.000000E+00, 0.000000E+00, 0.000000E+00, 6.696177E-02, 2.362144E-02, 2.721291E-01, 9.040102E+01, 0.000000E+00, 9.040102E+01, 0.000000E+00,NULL,NULL,NULL,NULL,0, 0.000000E+00,NULL,NULL,NULL,NULL,2, 9.040102E+01,0,data,8
47964,15967,940613,0,94C2, 9.127200E+01,37,20,57,37,20, 6.858622E+00,-1.657609E+00, 5.913161E+00, 5.843763E+01, 5.778507E+01, 1.561759E+00, 4.757648E+00,-2.546681E+00,-1.583375E+00, 8.869353E+01, 5.223666E+01, 2.839339E+01, 2.343843E+00,11, 1.985272E+00,6, 0.000000E+00,0, 0.000000E+00,8, 1.367462E+01, 5.683998E-01, 4.646721E+00,NULL,NULL,1,data,8
47964,15969,940613,3,94C2, 9.127200E+01,40,14,54,40,14, 7.444131E+00, 1.579368E+00,-7.082827E+00, 6.016356E+01, 5.887434E+01, 1.471859E+00,-6.193198E+00,-7.348936E+00, 1.289276E+00, 1.044527E+02, 5.435017E+01, 2.877827E+01, 1.349932E+01,14, 6.956090E-01,0, 0.000000E+00,0, 0.000000E+00,9, 2.767298E+01, 4.326340E-01, 1.662541E+01,NULL,NULL,1,data,8
47964,15971,940613,6,94C2, 9.127200E+01,0,2,2,0,2, 0.000000E+00, 0.000000E+00, 0.000000E+00, 0.000000E+00, 0.000000E+00, 0.000000E+00,-3.839761E-03, 6.837463E-02, 5.974426E-01, 9.367204E+01, 0.000000E+00, 9.367204E+01, 0.000000E+00,NULL,NULL,NULL,NULL,0, 0.000000E+00,NULL,NULL,NULL,NULL,2, 9.367204E+01,0,data,8
47964,15972,940613,6,94C2, 9.127200E+01,0,2,2,0,2, 0.000000E+00, 0.000000E+00, 0.000000E+00, 0.000000E+00, 0.000000E+00, 0.000000E+00, 1.149428E-01,-5.844200E-02, 4.005318E-01, 9.165598E+01, 0.000000E+00, 9.165598E+01, 0.000000E+00,NULL,NULL,NULL,NULL,0, 0.000000E+00,NULL,NULL,NULL,NULL,2, 9.165598E+01,0,data,8
47964,15982,940613,8,94C2, 9.127200E+01,4,1,5,4,1,-3.825312E-01, 4.551203E-01, 5.707386E-01, 4.866030E+01, 4.865604E+01, 1.216401E+01, 9.254777E+00, 7.603451E+00, 8.475050E+00, 6.302882E+01, 4.866030E+01, 1.436852E+01, 0.000000E+00,3, 3.139116E-01,0, 0.000000E+00,0, 0.000000E+00,1, 1.436852E+01, 1.436852E+01, 1.436852E+01,NULL,NULL,0,data,8
47964,15985,940613,11,94C2, 9.127200E+01,0,2,2,0,2, 0.000000E+00, 0.000000E+00, 0.000000E+00, 0.000000E+00, 0.000000E+00, 0.000000E+00, 5.776596E-02, 7.838333E-02, 1.071190E+00, 9.056618E+01, 0.000000E+00, 9.056618E+01, 0.000000E+00,NULL,NULL,NULL,NULL,0, 0.000000E+00,NULL,NULL,NULL,NULL,2, 9.056618E+01,0,data,8
47964,15987,940613,11,94C2, 9.127200E+01,4,4,8,4,4,-8.289027E-01,-2.330583E+00,-1.054556E+01, 1.758321E+01, 1.756754E+01, 4.391884E+00,-7.801383E-01,-1.773357E+00,-7.973382E+00, 2.022124E+01, 0.000000E+00, 1.383168E+00, 1.254853E+00,0, 0.000000E+00,3, 1.173193E+01,0, 0.000000E+00,NULL,NULL,NULL,NULL,NULL,NULL,0,data,8
47964,15988,940613,11,94C2, 9.127200E+01,0,2,2,0,2, 0.000000E+00, 0.000000E+00, 0.000000E+00, 0.000000E+00, 0.000000E+00, 0.000000E+00,-8.781195E-03, 1.250802E-01, 3.604622E-01, 9.276868E+01, 0.000000E+00, 9.276868E+01, 0.000000E+00,NULL,NULL,NULL,NULL,0, 0.000000E+00,NULL,NULL,NULL,NULL,2, 9.276868E+01,0,data,8
47964,15989,940613,11,94C2, 9.127200E+01,0,2,2,0,2, 0.000000E+00, 0.000000E+00, 0.000000E+00, 0.000000E+00, 0.000000E+00, 0.000000E+00, 1.024271E-01,-4.209065E-02,-3.083839E-01, 9.193027E+01, 0.000000E+00, 9.193027E+01, 0.000000E+00,NULL,NULL,NULL,NULL,0, 0.000000E+00,NULL,NULL,NULL,NULL,2, 9.193027E+01,0,data,8
47964,15994,940613,13,94C2, 9.127200E+01,0,2,2,0,2, 0.000000E+00, 0.000000E+00, 0.000000E+00, 0.000000E+00, 0.000000E+00, 0.000000E+00, 1.960717E-01,-3.054523E-02, 6.282539E-01, 9.343221E+01, 0.000000E+00, 9.343221E+01, 0.000000E+00,NULL,NULL,NULL,NULL,0, 0.000000E+00,NULL,NULL,NULL,NULL,2, 9.343221E+01,0,data,8
47964,15995,940613,13,94C2, 9.127200E+01,0,8,8,0,8, 0.000000E+00, 0.000000E+00, 0.000000E+00, 0.000000E+00, 0.000000E+00, 0.000000E+00, 2.305402E-01,-1.073915E+00, 5.303704E+00, 5.050508E+01, 0.000000E+00, 5.050508E+01, 0.000000E+00,0, 0.000000E+00,5, 2.446514E+01,0, 0.000000E+00,NULL,NULL,NULL,NULL,3, 1.380297E+01,0,data,8
47964,15998,940613,13,94C2, 9.127200E+01,19,20,39,19,20,-1.264105E+00, 3.901736E+00, 9.479102E-01, 5.378329E+01, 5.356443E+01, 2.819180E+00,-6.198332E-01, 6.051733E+00, 2.028608E+00, 9.048661E+01, 4.298650E+01, 2.652418E+01, 8.770486E+00,22, 1.717273E+01,0, 0.000000E+00,0, 0.000000E+00,14, 2.451011E+01, 4.311222E-01, 7.213932E+00,NULL,NULL,1,data,8
47964,16000,940613,16,94C2, 9.127200E+01,0,2,2,0,2, 0.000000E+00, 0.000000E+00, 0.000000E+00, 0.000000E+00, 0.000000E+00, 0.000000E+00, 7.951009E-02, 1.255858E-01, 1.377317E+01, 8.110841E+01, 0.000000E+00, 8.110841E+01, 0.000000E+00,NULL,NULL,NULL,NULL,0, 0.000000E+00,NULL,NULL,NULL,NULL,2, 8.110841E+01,0,data,8
47964,16001,940613,16,94C2, 9.127200E+01,0,2,2,0,2, 0.000000E+00, 0.000000E+00, 0.000000E+00, 0.000000E+00, 0.000000E+00, 0.000000E+00,-7.696897E-02, 1.351442E-01,-9.420319E-01, 9.304678E+01, 0.000000E+00, 9.304678E+01, 0.000000E+00,NULL,NULL,NULL,NULL,0, 0.000000E+00,NULL,NULL,NULL,NULL,2, 9.304678E+01,0,data,8
47964,16004,940613,16,94C2, 9.127200E+01,5,1,6,5,1, 3.835351E-01, 4.894543E-02,-8.880113E-01, 2.504565E+00, 2.336125E+00, 4.672249E-01, 5.975917E-02,-4.108297E-01,-1.506042E+00, 3.340140E+00, 2.152530E+00, 0.000000E+00, 0.000000E+00,1, 0.000000E+00,0, 0.000000E+00,0, 0.000000E+00,1, 8.355755E-01, 8.355755E-01, 8.355755E-01,NULL,NULL,0,data,8
47964,16009,940613,20,94C2, 9.127200E+01,0,2,2,0,2, 0.000000E+00, 0.000000E+00, 0.000000E+00, 0.000000E+00, 0.000000E+00, 0.000000E+00,-3.498411E-02,-1.654601E-02,-1.379574E+00, 9.300836E+01, 0.000000E+00, 9.300836E+01, 0.000000E+00,NULL,NULL,NULL,NULL,0, 0.000000E+00,NULL,NULL,NULL,NULL,2, 9.300836E+01,0,data,8
47964,16010,940613,20,94C2, 9.127200E+01,0,2,2,0,2, 0.000000E+00, 0.000000E+00, 0.000000E+00, 0.000000E+00, 0.000000E+00, 0.000000E+00, 3.594851E-02, 1.602542E-01, 2.664391E+00, 9.065233E+01, 0.000000E+00, 9.065233E+01, 0.000000E+00,NULL,NULL,NULL,NULL,0, 0.000000E+00,NULL,NULL,NULL,NULL,2, 9.065233E+01,0,data,8
47964,16012,940613,20,94C2, 9.127200E+01,5,1,6,5,1,-1.829821E+00,-2.435595E+00, 9.951306E+00, 1.044976E+01, 1.042152E+01, 2.084304E+00, 5.647392E-01, 1.716077E-01,-3.668851E+01, 5.722372E+01, 0.000000E+00, 4.677396E+01, 0.000000E+00,0, 0.000000E+00,3, 2.263403E+00,0, 0.000000E+00,NULL,NULL,NULL,NULL,1, 0.000000E+00,0,data,8
47964,16014,940613,20,94C2, 9.127200E+01,3,6,9,3,6, 2.165866E-01,-1.254414E-01, 6.397172E-01, 1.791339E+00, 1.697589E+00, 5.658631E-01, 1.370919E-01, 3.980776E-01, 1.105589E+01, 1.262343E+01, 1.616128E+00, 9.194538E+00, 7.674292E-01,1, 0.000000E+00,1, 0.000000E+00,0, 0.000000E+00,1, 8.701244E-01, 8.701244E-01, 8.701244E-01,3, 0.000000E+00,0,data,8
47964,16015,940613,20,94C2, 9.127200E+01,0,2,2,0,2, 0.000000E+00, 0.000000E+00, 0.000000E+00, 0.000000E+00, 0.000000E+00, 0.000000E+00,-5.076122E-02,-1.211733E-02,-1.978203E+01, 7.013171E+01, 0.000000E+00, 7.013171E+01, 0.000000E+00,NULL,NULL,NULL,NULL,0, 0.000000E+00,NULL,NULL,NULL,NULL,2, 7.013171E+01,0,data,8
47964,16022,940613,22,94C2, 9.127200E+01,0,2,2,0,2, 0.000000E+00, 0.000000E+00, 0.000000E+00, 0.000000E+00, 0.000000E+00, 0.000000E+00,-1.552738E+00,-8.745085E-01,-3.600001E+00, 7.170952E+00, 0.000000E+00, 7.170952E+00, 0.000000E+00,0, 0.000000E+00,1, 0.000000E+00,0, 0.000000E+00,NULL,NULL,NULL,NULL,1, 1.623491E+00,0,data,8
47964,16025,940613,24,94C2, 9.127200E+01,0,2,2,0,2, 0.000000E+00, 0.000000E+00, 0.000000E+00, 0.000000E+00, 0.000000E+00, 0.000000E+00,-4.351020E-02,-4.307604E-02, 1.378983E+00, 8.949214E+01, 0.000000E+00, 8.949214E+01, 0.000000E+00,NULL,NULL,NULL,NULL,0, 0.000000E+00,NULL,NULL,NULL,NULL,2, 8.949214E+01,0,data,8
47964,16027,940613,24,94C2, 9.127200E+01,0,2,2,0,2, 0.000000E+00, 0.000000E+00, 0.000000E+00, 0.000000E+00, 0.000000E+00, 0.000000E+00,-1.996708E-01, 6.363821E-02, 9.118881E-01, 8.845982E+01, 0.000000E+00, 8.845982E+01, 0.000000E+00,NULL,NULL,NULL,NULL,0, 0.000000E+00,NULL,NULL,NULL,NULL,2, 8.845982E+01,0,data,8
47964,16031,940613,24,94C2, 9.127200E+01,0,2,2,0,2, 0.000000E+00, 0.000000E+00, 0.000000E+00, 0.000000E+00, 0.000000E+00, 0.000000E+00,-4.427290E-02, 9.363675E-02,-2.979519E+00, 8.606375E+01, 0.000000E+00, 8.606375E+01, 0.000000E+00,NULL,NULL,NULL,NULL,0, 0.000000E+00,NULL,NULL,NULL,NULL,2, 8.606375E+01,0,data,8
47964,16032,940613,30,94C2, 9.127200E+01,2,1,3,2,1, 1.326108E+00,-1.001497E+00,-6.683917E+00, 7.325631E+00, 7.315986E+00, 3.657993E+00, 1.288827E+00,-9.842415E-01,-5.977706E+00, 8.033036E+00, 7.174180E+00, 7.074049E-01, 0.000000E+00,0, 0.000000E+00,1, 0.000000E+00,0, 0.000000E+00,NULL,NULL,NULL,NULL,1, 0.000000E+00,0,data,8
47964,16035,940613,30,94C2, 9.127200E+01,0,2,2,0,2, 0.000000E+00, 0.000000E+00, 0.000000E+00, 0.000000E+00, 0.000000E+00, 0.000000E+00, 6.987894E-02, 4.957557E-02, 1.130524E-01, 9.074846E+01, 0.000000E+00, 9.074846E+01, 0.000000E+00,NULL,NULL,NULL,NULL,0, 0.000000E+00,NULL,NULL,NULL,NULL,2, 9.074846E+01,0,data,8
47964,16036,940613,30,94C2, 9.127200E+01,0,2,2,0,2, 0.000000E+00, 0.000000E+00, 0.000000E+00, 0.000000E+00, 0.000000E+00, 0.000000E+00, 3.844923E-01,-4.113333E-02,-8.490374E+00, 6.126238E+01, 0.000000E+00, 6.126238E+01, 0.000000E+00,NULL,NULL,NULL,NULL,0, 0.000000E+00,NULL,NULL,NULL,NULL,2, 6.126238E+01,0,data,8
47964,16042,940613,34,94C2, 9.127200E+01,2,0,2,2,0, 2.187127E-02,-7.326179E-01,-6.398120E-01, 2.058717E+01, 2.058528E+01, 1.029264E+01, 2.187127E-02,-7.326179E-01,-6.398120E-01, 2.058717E+01, 2.058718E+01, 0.000000E+00, 0.000000E+00,2, 6.040272E-01,0, 0.000000E+00,0, 0.000000E+00,NULL,NULL,NULL,NULL,NULL,NULL,0,data,8
47964,16044,940613,34,94C2, 9.127200E+01,0,2,2,0,2, 0.000000E+00, 0.000000E+00, 0.000000E+00, 0.000000E+00, 0.000000E+00, 0.000000E+00,-8.405852E-02, 4.038155E-02, 3.375393E+00, 8.980336E+01, 0.000000E+00, 8.980336E+01, 0.000000E+00,NULL,NULL,NULL,NULL,0, 0.000000E+00,NULL,NULL,NULL,NULL,2, 8.980336E+01,0,data,8
47964,16047,940613,34,94C2, 9.127200E+01,65,23,88,65,23, 5.697834E+00, 6.236228E+00, 2.725602E+00, 5.951634E+01, 5.649186E+01, 8.691055E-01,-4.439325E-01, 5.522728E+00, 6.442443E+00, 8.446342E+01, 4.909041E+01, 1.438080E+01, 9.679995E+00,11, 2.540087E+00,7, 0.000000E+00,0, 0.000000E+00,7, 6.890900E+00, 6.191024E-01, 1.680576E+00,2, 0.000000E+00,1,data,8
47964,16049,940613,36,94C2, 9.127200E+01,4,4,8,4,4, 1.740083E+02, 2.474035E+01, 5.167491E+02, 7.919890E+02, 7.919736E+02, 1.979934E+02, 1.740828E+02, 2.468765E+01, 5.169306E+02, 7.960577E+02, 0.000000E+00, 4.068705E+00, 0.000000E+00,0, 0.000000E+00,6, 8.910256E+01,0, 0.000000E+00,NULL,NULL,NULL,NULL,NULL,NULL,0,data,8
47964,16051,940613,36,94C2, 9.127200E+01,1,3,4,1,3, 5.232485E-02, 3.947492E-01, 7.010819E-01, 8.182663E-01, 8.062758E-01, 8.062758E-01,-2.050216E-01, 4.922094E-01,-3.872469E+01, 5.194938E+01, 0.000000E+00, 5.113111E+01, 0.000000E+00,0, 0.000000E+00,2, 0.000000E+00,0, 0.000000E+00,NULL,NULL,NULL,NULL,1, 0.000000E+00,0,data,8
47964,16053,940613,37,94C2, 9.127200E+01,39,18,57,39,18,-1.229704E+01,-7.035460E+00,-2.662832E+00, 6.424722E+01, 6.336251E+01, 1.624680E+00, 1.602813E+00, 1.286583E+00,-1.818484E+00, 1.038484E+02, 4.887681E+01, 3.245871E+01, 6.825364E+00,16, 4.561848E+00,0, 0.000000E+00,0, 0.000000E+00,10, 3.035130E+01, 5.758570E-01, 9.816939E+00,NULL,NULL,1,data,8
47964,16054,940613,37,94C2, 9.127200E+01,0,2,2,0,2, 0.000000E+00, 0.000000E+00, 0.000000E+00, 0.000000E+00, 0.000000E+00, 0.000000E+00, 9.422779E-03, 1.639781E-01,-1.022865E+00, 9.105825E+01, 0.000000E+00, 9.105825E+01, 0.000000E+00,NULL,NULL,NULL,NULL,0, 0.000000E+00,NULL,NULL,NULL,NULL,2, 9.105825E+01,0,data,8
47964,16057,940613,42,94C2, 9.127200E+01,0,2,2,0,2, 0.000000E+00, 0.000000E+00, 0.000000E+00, 0.000000E+00, 0.000000E+00, 0.000000E+00,-1.676695E-01, 1.819918E-01,-2.534863E+01, 6.637395E+01, 0.000000E+00, 6.637395E+01, 0.000000E+00,NULL,NULL,NULL,NULL,0, 0.000000E+00,NULL,NULL,NULL,NULL,2, 6.637395E+01,0,data,8
47964,16058,940613,42,94C2, 9.127200E+01,0,2,2,0,2, 0.000000E+00, 0.000000E+00, 0.000000E+00, 0.000000E+00, 0.000000E+00, 0.000000E+00, 8.631825E-02, 9.512007E-02, 5.263214E-01, 9.502513E+01, 0.000000E+00, 9.502513E+01, 0.000000E+00,NULL,NULL,NULL,NULL,0, 0.000000E+00,NULL,NULL,NULL,NULL,2, 9.502513E+01,0,data,8
47964,16060,940613,42,94C2, 9.127200E+01,0,2,2,0,2, 0.000000E+00, 0.000000E+00, 0.000000E+00, 0.000000E+00, 0.000000E+00, 0.000000E+00,-3.327596E-02,-2.068791E-01, 4.574539E+00, 9.314785E+01, 0.000000E+00, 9.314785E+01, 0.000000E+00,NULL,NULL,NULL,NULL,0, 0.000000E+00,NULL,NULL,NULL,NULL,2, 9.314785E+01,0,data,8
47964,16064,940613,42,94C2, 9.127200E+01,0,2,2,0,2, 0.000000E+00, 0.000000E+00, 0.000000E+00, 0.000000E+00, 0.000000E+00, 0.000000E+00, 5.111766E-02, 5.015305E-02, 1.535694E+00, 9.376436E+01, 0.000000E+00, 9.376436E+01, 0.000000E+00,NULL,NULL,NULL,NULL,0, 0.000000E+00,NULL,NULL,NULL,NULL,2, 9.376436E+01,0,data,8
47964,16065,940613,42,94C2, 9.127200E+01,0,2,2,0,2, 0.000000E+00, 0.000000E+00, 0.000000E+00, 0.000000E+00, 0.000000E+00, 0.000000E+00, 7.402550E-02, 2.639656E-01,-8.561821E-01, 9.183651E+01, 0.000000E+00, 9.183651E+01, 0.000000E+00,NULL,NULL,NULL,NULL,0, 0.000000E+00,NULL,NULL,NULL,NULL,2, 9.183651E+01,0,data,8
47964,16066,940613,42,94C2, 9.127200E+01,1,5,6,1,5, 8.582128E-01, 4.861299E-01, 1.869406E+00, 2.118256E+00, 2.113653E+00, 2.113653E+00, 7.211014E-01, 6.154954E-01, 4.711239E+01, 4.770969E+01, 0.000000E+00, 4.559144E+01, 0.000000E+00,0, 0.000000E+00,4, 7.051110E-01,0, 0.000000E+00,NULL,NULL,NULL,NULL,1, 0.000000E+00,0,data,8
47964,16074,940613,44,94C2, 9.127200E+01,0,2,2,0,2, 0.000000E+00, 0.000000E+00, 0.000000E+00, 0.000000E+00, 0.000000E+00, 0.000000E+00, 1.215386E-02, 3.212523E-02,-8.437424E-01, 9.235121E+01, 0.000000E+00, 9.235121E+01, 0.000000E+00,NULL,NULL,NULL,NULL,0, 0.000000E+00,NULL,NULL,NULL,NULL,2, 9.235121E+01,0,data,8
47964,16076,940613,46,94C2, 9.127200E+01,0,2,2,0,2, 0.000000E+00, 0.000000E+00, 0.000000E+00, 0.000000E+00, 0.000000E+00, 0.000000E+00, 6.565821E-02, 1.187482E-01,-7.653313E-01, 9.419060E+01, 0.000000E+00, 9.419060E+01, 0.000000E+00,NULL,NULL,NULL,NULL,0, 0.000000E+00,NULL,NULL,NULL,NULL,2, 9.419060E+01,0,data,8
47964,16080,940613,46,94C2, 9.127200E+01,31,15,46,31,15, 3.194610E+01,-1.889095E+01, 1.510872E+01, 7.735466E+01, 7.672572E+01, 2.475023E+00, 2.063386E+01,-1.289773E+01, 1.635912E+01, 1.035180E+02, 4.797904E+01, 2.026823E+01, 2.138283E+00,15, 5.374556E-01,0, 0.000000E+00,0, 0.000000E+00,11, 2.356335E+01, 5.264021E-01, 1.363462E+01,NULL,NULL,1,data,8
47964,16081,940613,47,94C2, 9.127200E+01,0,2,2,0,2, 0.000000E+00, 0.000000E+00, 0.000000E+00, 0.000000E+00, 0.000000E+00, 0.000000E+00,-4.849434E-04, 2.325870E-01, 1.253883E+01, 8.178897E+01, 0.000000E+00, 8.178897E+01, 0.000000E+00,NULL,NULL,NULL,NULL,0, 0.000000E+00,NULL,NULL,NULL,NULL,2, 8.178897E+01,0,data,8
47964,16083,940613,47,94C2, 9.127200E+01,0,2,2,0,2, 0.000000E+00, 0.000000E+00, 0.000000E+00, 0.000000E+00, 0.000000E+00, 0.000000E+00, 1.620506E-01, 4.628563E-02, 2.809067E-01, 9.032949E+01, 0.000000E+00, 9.032949E+01, 0.000000E+00,NULL,NULL,NULL,NULL,0, 0.000000E+00,NULL,NULL,NULL,NULL,2, 9.032949E+01,0,data,8
47964,16086,940613,47,94C2, 9.127200E+01,30,17,47,30,17,-8.372394E-01,-2.752444E-01, 6.393517E+00, 7.362538E+01, 7.308675E+01, 2.436225E+00, 2.301511E+00,-1.423551E+00, 3.191622E+00, 8.890793E+01, 6.484034E+01, 1.014154E+01, 2.174779E+00,12, 6.654402E-01,2, 0.000000E+00,0, 0.000000E+00,9, 9.258857E+00, 5.070618E-01, 1.949120E+00,1, 0.000000E+00,1,data,8
47964,16090,940613,53,94C2, 9.127200E+01,0,2,2,0,2, 0.000000E+00, 0.000000E+00, 0.000000E+00, 0.000000E+00, 0.000000E+00, 0.000000E+00, 1.412818E-01, 4.709530E-02,-4.523602E+00, 8.884969E+01, 0.000000E+00, 8.884969E+01, 0.000000E+00,NULL,NULL,NULL,NULL,0, 0.000000E+00,NULL,NULL,NULL,NULL,2, 8.884969E+01,0,data,8
47964,16091,940613,53,94C2, 9.127200E+01,0,2,2,0,2, 0.000000E+00, 0.000000E+00, 0.000000E+00, 0.000000E+00, 0.000000E+00, 0.000000E+00, 6.942773E-02,-6.364882E-02,-6.064568E-01, 9.144052E+01, 0.000000E+00, 9.144052E+01, 0.000000E+00,NULL,NULL,NULL,NULL,0, 0.000000E+00,NULL,NULL,NULL,NULL,2, 9.144052E+01,0,data,8
47964,16092,940613,53,94C2, 9.127200E+01,0,3,3,0,3, 0.000000E+00, 0.000000E+00, 0.000000E+00, 0.000000E+00, 0.000000E+00, 0.000000E+00,-2.689037E-02, 3.972309E-02,-2.128454E-01, 9.205259E+01, 0.000000E+00, 9.205259E+01, 0.000000E+00,NULL,NULL,NULL,NULL,0, 0.000000E+00,NULL,NULL,NULL,NULL,2, 9.194115E+01,0,data,8
47964,16094,940613,53,94C2, 9.127200E+01,0,2,2,0,2, 0.000000E+00, 0.000000E+00, 0.000000E+00, 0.000000E+00, 0.000000E+00, 0.000000E+00,-4.265594E-02, 2.165205E-02, 6.208420E+00, 8.507413E+01, 0.000000E+00, 8.507413E+01, 0.000000E+00,NULL,NULL,NULL,NULL,0, 0.000000E+00,NULL,NULL,NULL,NULL,2, 8.507413E+01,0,data,8
47964,16098,940613,56,94C2, 9.127200E+01,0,2,2,0,2, 0.000000E+00, 0.000000E+00, 0.000000E+00, 0.000000E+00, 0.000000E+00, 0.000000E+00,-1.954126E-02, 8.514950E-02,-1.065311E+00, 9.093355E+01, 0.000000E+00, 9.093355E+01, 0.000000E+00,NULL,NULL,NULL,NULL,0, 0.000000E+00,NULL,NULL,NULL,NULL,2, 9.093355E+01,0,data,8
47964,16102,940613,56,94C2, 9.127200E+01,9,9,18,9,9, 1.699784E+01, 1.969649E+00,-3.544826E+01, 5.554218E+01, 5.548425E+01, 6.164917E+00, 1.440713E+00, 3.003175E-01,-4.231827E+00, 1.003268E+02, 5.399573E+01, 1.485744E+01, 2.951349E+01,1, 0.000000E+00,11, 1.876116E+01,0, 0.000000E+00,1, 4.136486E-01, 4.136486E-01, 4.136486E-01,NULL,NULL,1,data,8
47964,16105,940613,58,94C2, 9.127200E+01,0,2,2,0,2, 0.000000E+00, 0.000000E+00, 0.000000E+00, 0.000000E+00, 0.000000E+00, 0.000000E+00,-4.894161E-02, 1.335604E-01,-5.004768E-01, 9.250227E+01, 0.000000E+00, 9.250227E+01, 0.000000E+00,NULL,NULL,NULL,NULL,0, 0.000000E+00,NULL,NULL,NULL,NULL,2, 9.250227E+01,0,data,8
47964,16107,940613,58,94C2, 9.127200E+01,0,2,2,0,2, 0.000000E+00, 0.000000E+00, 0.000000E+00, 0.000000E+00, 0.000000E+00, 0.000000E+00, 8.674848E-02,-1.066160E-02,-1.358379E+00, 9.117401E+01, 0.000000E+00, 9.117401E+01, 0.000000E+00,NULL,NULL,NULL,NULL,0, 0.000000E+00,NULL,NULL,NULL,NULL,2, 9.117401E+01,0,data,8
47964,16108,940613,58,94C2, 9.127200E+01,2,1,3,2,1, 1.739777E-01,-8.911955E+00,-1.049512E+01, 8.494353E+01, 8.494305E+01, 4.247153E+01, 6.502266E-02,-8.708115E+00,-1.057543E+01, 8.518821E+01, 0.000000E+00, 2.446855E-01, 0.000000E+00,NULL,NULL,NULL,NULL,0, 0.000000E+00,NULL,NULL,NULL,NULL,NULL,NULL,0,data,8
47964,16109,940613,58,94C2, 9.127200E+01,3,3,6,3,3, 8.747515E-01, 2.412730E-01, 7.542482E-02, 1.122436E+00, 9.573728E-01, 3.191243E-01, 9.024750E-01, 3.330995E-01, 9.906061E-01, 6.632157E+00, 0.000000E+00, 5.509722E+00, 0.000000E+00,NULL,NULL,NULL,NULL,0, 0.000000E+00,NULL,NULL,NULL,NULL,2, 0.000000E+00,0,data,8
47964,16113,940613,59,94C2, 9.127200E+01,0,30,30,0,30, 0.000000E+00, 0.000000E+00, 0.000000E+00, 0.000000E+00, 0.000000E+00, 0.000000E+00, 3.365549E+01, 2.286129E+00,-6.206244E+01, 7.276273E+01, 0.000000E+00, 7.276273E+01, 0.000000E+00,0, 0.000000E+00,28, 7.062660E+01,0, 0.000000E+00,NULL,NULL,NULL,NULL,NULL,NULL,0,data,8
47964,16114,940613,59,94C2, 9.127200E+01,33,11,44,33,11, 2.201220E+01,-6.303598E+00, 9.018270E+00, 1.072259E+02, 1.066188E+02, 3.230873E+00, 3.119839E+01,-8.527571E+00, 1.345699E+01, 1.358900E+02, 7.521099E+01, 2.583439E+01, 1.789100E+00,11, 2.501972E-01,0, 0.000000E+00,0, 0.000000E+00,5, 8.601643E+00, 7.035470E-01, 4.052275E+00,1, 0.000000E+00,1,data,8
47964,16117,940613,100,94C2, 9.127200E+01,51,16,67,51,16,-5.560333E+02,-4.408611E+02,-4.424706E+02, 8.985667E+02, 8.973365E+02, 1.759483E+01,-5.554916E+02,-4.404575E+02,-4.409189E+02, 9.147675E+02, 4.848939E+01, 8.043444E+00, 5.715880E+00,12, 4.172149E-01,3, 0.000000E+00,0, 0.000000E+00,7, 7.065704E+00, 4.186854E-01, 1.532941E+00,NULL,NULL,1,data,8
47964,16122,940613,106,94C2, 9.127200E+01,0,2,2,0,2, 0.000000E+00, 0.000000E+00, 0.000000E+00, 0.000000E+00, 0.000000E+00, 0.000000E+00,-1.048684E-02, 1.288474E-02, 9.770012E-01, 9.247696E+01, 0.000000E+00, 9.247696E+01, 0.000000E+00,NULL,NULL,NULL,NULL,0, 0.000000E+00,NULL,NULL,NULL,NULL,2, 9.247696E+01,0,data,8
47964,16123,940613,106,94C2, 9.127200E+01,0,2,2,0,2, 0.000000E+00, 0.000000E+00, 0.000000E+00, 0.000000E+00, 0.000000E+00, 0.000000E+00, 7.895887E-02, 5.461693E-03, 3.896294E-01, 9.017662E+01, 0.000000E+00, 9.017662E+01, 0.000000E+00,NULL,NULL,NULL,NULL,0, 0.000000E+00,NULL,NULL,NULL,NULL,2, 9.017662E+01,0,data,8
47964,16124,940613,106,94C2, 9.127200E+01,5,4,9,5,4,-4.796079E+00,-4.502930E-03,-7.264341E+00, 1.040909E+01, 1.034651E+01, 2.069302E+00,-3.308488E+00, 5.293501E-03,-9.653338E+00, 1.338465E+01, 2.283335E+00, 2.975558E+00, 0.000000E+00,1, 0.000000E+00,1, 0.000000E+00,0, 0.000000E+00,1, 5.353706E-01, 5.353706E-01, 5.353706E-01,1, 0.000000E+00,0,data,8
47964,16129,940613,111,94C2, 9.127200E+01,0,2,2,0,2, 0.000000E+00, 0.000000E+00, 0.000000E+00, 0.000000E+00, 0.000000E+00, 0.000000E+00, 9.624243E-03, 1.239388E-01, 1.793329E+01, 7.555685E+01, 0.000000E+00, 7.555685E+01, 0.000000E+00,NULL,NULL,NULL,NULL,0, 0.000000E+00,NULL,NULL,NULL,NULL,2, 7.555685E+01,0,data,8
47964,16130,940613,111,94C2, 9.127200E+01,0,2,2,0,2, 0.000000E+00, 0.000000E+00, 0.000000E+00, 0.000000E+00, 0.000000E+00, 0.000000E+00, 1.213756E-01,-8.725905E-02, 3.206245E+00, 8.756218E+01, 0.000000E+00, 8.756218E+01, 0.000000E+00,NULL,NULL,NULL,NULL,0, 0.000000E+00,NULL,NULL,NULL,NULL,2, 8.756218E+01,0,data,8
47964,16133,940613,111,94C2, 9.127200E+01,2,0,2,2,0, 4.244884E+01, 1.086094E+02, 1.401000E+02, 2.087378E+02, 2.087370E+02, 1.043685E+02, 4.244884E+01, 1.086094E+02, 1.401000E+02, 2.087378E+02, 0.000000E+00, 0.000000E+00, 0.000000E+00,NULL,NULL,NULL,NULL,0, 0.000000E+00,NULL,NULL,NULL,NULL,NULL,NULL,0,data,8
47964,16143,940613,113,94C2, 9.127200E+01,0,2,2,0,2, 0.000000E+00, 0.000000E+00, 0.000000E+00, 0.000000E+00, 0.000000E+00, 0.000000E+00,-1.391578E-02, 8.156538E-03,-7.039833E-01, 9.133615E+01, 0.000000E+00, 9.133615E+01, 0.000000E+00,NULL,NULL,NULL,NULL,0, 0.000000E+00,NULL,NULL,NULL,NULL,2, 9.133615E+01,0,data,8
47964,16144,940613,116,94C2, 9.127200E+01,0,2,2,0,2, 0.000000E+00, 0.000000E+00, 0.000000E+00, 0.000000E+00, 0.000000E+00, 0.000000E+00, 1.108611E-01, 9.334332E-02, 1.261261E+00, 9.114697E+01, 0.000000E+00, 9.114697E+01, 0.000000E+00,NULL,NULL,NULL,NULL,0, 0.000000E+00,NULL,NULL,NULL,NULL,2, 9.114697E+01,0,data,8
47964,16146,940613,116,94C2, 9.127200E+01,0,2,2,0,2, 0.000000E+00, 0.000000E+00, 0.000000E+00, 0.000000E+00, 0.000000E+00, 0.000000E+00, 3.179534E-01,-2.751946E-02, 3.298569E-02, 9.213092E+01, 0.000000E+00, 9.213092E+01, 0.000000E+00,NULL,NULL,NULL,NULL,0, 0.000000E+00,NULL,NULL,NULL,NULL,2, 9.213092E+01,0,data,8
47964,16150,940613,116,94C2, 9.127200E+01,29,10,39,29,10,-5.043829E+00, 1.854330E+00, 6.299713E-02, 7.814543E+01, 7.777493E+01, 2.681894E+00, 1.356564E+01,-1.076919E+00, 1.425304E+00, 9.947264E+01, 7.076988E+01, 1.784797E+01, 0.000000E+00,13, 4.695916E+00,0, 0.000000E+00,0, 0.000000E+00,8, 1.371913E+01, 4.989837E-01, 4.110862E+00,NULL,NULL,1,data,8
47964,16153,940613,119,94C2, 9.127200E+01,0,2,2,0,2, 0.000000E+00, 0.000000E+00, 0.000000E+00, 0.000000E+00, 0.000000E+00, 0.000000E+00,-7.148814E-02,-1.131058E-02,-2.230957E+00, 9.183804E+01, 0.000000E+00, 9.183804E+01, 0.000000E+00,NULL,NULL,NULL,NULL,0, 0.000000E+00,NULL,NULL,NULL,NULL,2, 9.183804E+01,0,data,8
47964,16155,940613,119,94C2, 9.127200E+01,0,2,2,0,2, 0.000000E+00, 0.000000E+00, 0.000000E+00, 0.000000E+00, 0.000000E+00, 0.000000E+00, 1.274705E-03, 4.498124E-02,-6.525116E-01, 9.014924E+01, 0.000000E+00, 9.014924E+01, 0.000000E+00,NULL,NULL,NULL,NULL,0, 0.000000E+00,NULL,NULL,NULL,NULL,2, 9.014924E+01,0,data,8
47964,16157,940613,119,94C2, 9.127200E+01,0,2,2,0,2, 0.000000E+00, 0.000000E+00, 0.000000E+00, 0.000000E+00, 0.000000E+00, 0.000000E+00, 4.252028E-02, 2.043140E-01, 7.991180E-01, 9.144501E+01, 0.000000E+00, 9.144501E+01, 0.000000E+00,NULL,NULL,NULL,NULL,0, 0.000000E+00,NULL,NULL,NULL,NULL,2, 9.144501E+01,0,data,8
47964,16158,940613,119,94C2, 9.127200E+01,0,2,2,0,2, 0.000000E+00, 0.000000E+00, 0.000000E+00, 0.000000E+00, 0.000000E+00, 0.000000E+00, 2.859861E-02,-3.173664E-01, 4.029263E+00, 9.231870E+01, 0.000000E+00, 9.231870E+01, 0.000000E+00,NULL,NULL,NULL,NULL,0, 0.000000E+00,NULL,NULL,NULL,NULL,2, 9.231870E+01,0,data,8
47964,16159,940613,119,94C2, 9.127200E+01,0,2,2,0,2, 0.000000E+00, 0.000000E+00, 0.000000E+00, 0.000000E+00, 0.000000E+00, 0.000000E+00, 2.113122E-02, 2.312970E-02, 1.610050E+00, 9.016640E+01, 0.000000E+00, 9.016640E+01, 0.000000E+00,NULL,NULL,NULL,NULL,0, 0.000000E+00,NULL,NULL,NULL,NULL,2, 9.016640E+01,0,data,8
47964,16161,940613,119,94C2, 9.127200E+01,2,2,4,2,2, 6.104901E-01,-1.384631E+00, 1.645468E+00, 2.659231E+00, 2.641799E+00, 1.320900E+00, 5.967388E-01,-8.905541E-01,-6.845772E+00, 1.125162E+01, 2.656986E+00, 8.298010E+00, 2.943789E-01,NULL,NULL,NULL,NULL,0, 0.000000E+00,NULL,NULL,NULL,NULL,1, 0.000000E+00,0,data,8
47964,16163,940613,122,94C2, 9.127200E+01,31,16,47,31,16,-7.381823E+00,-2.563615E+00, 9.148830E-01, 5.217932E+01, 5.150862E+01, 1.661568E+00, 2.524652E-01, 1.116903E+00,-1.466762E+00, 7.478403E+01, 4.980261E+01, 1.901984E+01, 1.861341E+00,15, 5.319959E-01,0, 0.000000E+00,0, 0.000000E+00,11, 2.074338E+01, 5.371599E-01, 3.923561E+00,NULL,NULL,1,data,8
47964,16164,940613,122,94C2, 9.127200E+01,0,2,2,0,2, 0.000000E+00, 0.000000E+00, 0.000000E+00, 0.000000E+00, 0.000000E+00, 0.000000E+00, 9.360981E-02, 6.642747E-02, 1.042812E+00, 9.118990E+01, 0.000000E+00, 9.118990E+01, 0.000000E+00,NULL,NULL,NULL,NULL,0, 0.000000E+00,NULL,NULL,NULL,NULL,2, 9.118990E+01,0,data,8
47964,16166,940613,122,94C2, 9.127200E+01,3,0,3,3,0,-4.798188E+00, 5.948426E+00, 3.228958E+00, 3.374238E+01, 3.373968E+01, 1.124656E+01,-4.798188E+00, 5.948426E+00, 3.228958E+00, 3.374238E+01, 0.000000E+00, 0.000000E+00, 0.000000E+00,NULL,NULL,NULL,NULL,0, 0.000000E+00,NULL,NULL,NULL,NULL,NULL,NULL,0,data,8
47964,16169,940613,124,94C2, 9.127200E+01,8,4,12,8,4, 4.838718E-01, 1.645017E-01,-1.692071E+00, 3.181957E+00, 2.828380E+00, 3.535475E-01,-2.353515E-01,-3.681465E-01,-1.345359E+01, 1.541842E+01, 1.281664E+00, 1.223646E+01, 0.000000E+00,0, 0.000000E+00,2, 0.000000E+00,0, 0.000000E+00,NULL,NULL,NULL,NULL,1, 0.000000E+00,0,data,8
47964,16171,940613,124,94C2, 9.127200E+01,0,2,2,0,2, 0.000000E+00, 0.000000E+00, 0.000000E+00, 0.000000E+00, 0.000000E+00, 0.000000E+00,-3.286958E-03, 1.077920E-01,-6.646160E+00, 8.690646E+01, 0.000000E+00, 8.690646E+01, 0.000000E+00,NULL,NULL,NULL,NULL,0, 0.000000E+00,NULL,NULL,NULL,NULL,2, 8.690646E+01,0,data,8
47964,16172,940613,124,94C2, 9.127200E+01,0,2,2,0,2, 0.000000E+00, 0.000000E+00, 0.000000E+00, 0.000000E+00, 0.000000E+00, 0.000000E+00,-1.435037E-01, 1.396372E-01,-3.645233E+00, 9.060770E+01, 0.000000E+00, 9.060770E+01, 0.000000E+00,NULL,NULL,NULL,NULL,0, 0.000000E+00,NULL,NULL,NULL,NULL,2, 9.060770E+01,0,data,8
47964,16177,940613,129,94C2, 9.127200E+01,0,2,2,0,2, 0.000000E+00, 0.000000E+00, 0.000000E+00, 0.000000E+00, 0.000000E+00, 0.000000E+00, 6.982047E-02, 8.748913E-02,-6.238152E+00, 8.680473E+01, 0.000000E+00, 8.680473E+01, 0.000000E+00,NULL,NULL,NULL,NULL,0, 0.000000E+00,NULL,NULL,NULL,NULL,2, 8.680473E+01,0,data,8
47964,16178,940613,129,94C2, 9.127200E+01,7,7,14,7,7, 3.901405E+00,-3.748707E+00, 1.554635E+01, 2.473474E+01, 2.469509E+01, 3.527870E+00, 4.704470E+00,-4.633478E+00, 1.918638E+01, 3.260145E+01, 0.000000E+00, 7.531523E+00, 3.351882E-01,0, 0.000000E+00,10, 8.960180E+01,0, 0.000000E+00,NULL,NULL,NULL,NULL,NULL,NULL,0,data,8
47964,16181,940613,129,94C2, 9.127200E+01,29,20,49,29,20, 4.602646E+00, 5.633500E+00,-5.814627E+00, 8.015934E+01, 7.968882E+01, 2.747890E+00, 2.972758E+00, 3.481456E+00,-1.437330E+01, 9.748478E+01, 3.808689E+01, 1.628422E+01, 1.041237E+00,0, 0.000000E+00,16, 1.550303E+00,0, 0.000000E+00,NULL,NULL,NULL,NULL,2, 0.000000E+00,1,data,8
47964,16183,940613,129,94C2, 9.127200E+01,26,15,41,26,15, 6.488624E+00,-1.563438E+01,-1.267483E+00, 3.536867E+01, 3.467682E+01, 1.333724E+00,-2.624853E+00, 4.256567E+00, 1.863050E+00, 7.203321E+01, 3.250258E+01, 3.175394E+01, 2.046999E+00,16, 1.258942E+00,0, 0.000000E+00,0, 0.000000E+00,12, 3.428375E+01, 3.562378E-01, 1.301975E+01,NULL,NULL,1,data,8
47964,16185,940613,129,94C2, 9.127200E+01,2,0,2,2,0,-4.843044E+00, 1.794844E+01, 1.747935E+01, 1.806845E+02, 1.806843E+02, 9.034215E+01,-4.843044E+00, 1.794844E+01, 1.747935E+01, 1.806845E+02, 0.000000E+00, 0.000000E+00, 0.000000E+00,1, 1.895637E-01,0, 0.000000E+00,0, 0.000000E+00,NULL,NULL,NULL,NULL,NULL,NULL,0,data,8
47964,16186,940613,131,94C2, 9.127200E+01,0,2,2,0,2, 0.000000E+00, 0.000000E+00, 0.000000E+00, 0.000000E+00, 0.000000E+00, 0.000000E+00,-5.769601E-01, 1.448214E-01,-3.299004E+00, 8.534387E+01, 0.000000E+00, 8.534387E+01, 0.000000E+00,NULL,NULL,NULL,NULL,0, 0.000000E+00,NULL,NULL,NULL,NULL,2, 8.534387E+01,0,data,8
47964,16191,940613,132,94C2, 9.127200E+01,0,3,3,0,3, 0.000000E+00, 0.000000E+00, 0.000000E+00, 0.000000E+00, 0.000000E+00, 0.000000E+00, 1.319294E-01,-6.664944E-02, 1.172314E+00, 9.199852E+01, 0.000000E+00, 9.199852E+01, 0.000000E+00,NULL,NULL,NULL,NULL,0, 0.000000E+00,NULL,NULL,NULL,NULL,3, 9.199852E+01,0,data,8
47964,16193,940613,132,94C2, 9.127200E+01,0,2,2,0,2, 0.000000E+00, 0.000000E+00, 0.000000E+00, 0.000000E+00, 0.000000E+00, 0.000000E+00, 1.249523E-01,-4.404211E-02, 2.153076E+00, 8.931274E+01, 0.000000E+00, 8.931274E+01, 0.000000E+00,NULL,NULL,NULL,NULL,0, 0.000000E+00,NULL,NULL,NULL,NULL,2, 8.931274E+01,0,data,8
47964,16194,940613,132,94C2, 9.127200E+01,24,18,42,24,18, 1.923644E+02,-3.449551E+01, 5.694390E+02, 6.768885E+02, 6.766968E+02, 2.819570E+01, 1.958171E+02,-3.302524E+01, 5.774395E+02, 6.974532E+02, 6.009471E+01, 1.377253E+01, 6.792273E+00,0, 0.000000E+00,22, 2.057510E+01,0, 0.000000E+00,NULL,NULL,NULL,NULL,NULL,NULL,1,data,8
47964,16202,940613,135,94C2, 9.127200E+01,0,4,4,0,4, 0.000000E+00, 0.000000E+00, 0.000000E+00, 0.000000E+00, 0.000000E+00, 0.000000E+00, 4.605188E-01, 2.872741E-01,-1.955532E+01, 6.561469E+01, 0.000000E+00, 6.561469E+01, 0.000000E+00,NULL,NULL,NULL,NULL,0, 0.000000E+00,NULL,NULL,NULL,NULL,4, 6.561469E+01,0,data,8
47964,16203,940613,135,94C2, 9.127200E+01,0,26,26,0,26, 0.000000E+00, 0.000000E+00, 0.000000E+00, 0.000000E+00, 0.000000E+00, 0.000000E+00, 3.888597E+01,-3.065757E+00,-6.423524E+01, 7.549254E+01, 0.000000E+00, 7.549254E+01, 0.000000E+00,0, 0.000000E+00,26, 7.549254E+01,0, 0.000000E+00,NULL,NULL,NULL,NULL,NULL,NULL,0,data,8
47964,16204,940613,136,94C2, 9.127200E+01,0,28,28,0,28, 0.000000E+00, 0.000000E+00, 0.000000E+00, 0.000000E+00, 0.000000E+00, 0.000000E+00, 2.134149E+01,-4.493123E+00,-6.057010E+01, 6.520233E+01, 0.000000E+00, 6.520233E+01, 0.000000E+00,0, 0.000000E+00,28, 6.520233E+01,0, 0.000000E+00,NULL,NULL,NULL,NULL,NULL,NULL,0,data,8
47964,16213,940613,138,94C2, 9.127200E+01,0,21,21,0,21, 0.000000E+00, 0.000000E+00, 0.000000E+00, 0.000000E+00, 0.000000E+00, 0.000000E+00, 1.946257E+01,-2.240007E+00,-3.219949E+01, 3.847968E+01, 0.000000E+00, 3.847968E+01, 0.000000E+00,0, 0.000000E+00,20, 3.807014E+01,0, 0.000000E+00,NULL,NULL,NULL,NULL,NULL,NULL,0,data,8
47964,16215,940613,139,94C2, 9.127200E+01,12,5,17,12,5, 1.987571E+00,-4.290333E-02,-4.115136E+00, 6.815684E+00, 6.494880E+00, 5.412400E-01, 1.717248E+00,-6.548836E-01,-5.525386E+00, 9.168433E+00, 3.218060E+00, 1.801107E+00, 0.000000E+00,1, 0.000000E+00,3, 0.000000E+00,0, 0.000000E+00,1, 5.516433E-01, 5.516433E-01, 5.516433E-01,1, 0.000000E+00,0,data,8
47964,16222,940613,145,94C2, 9.127200E+01,0,2,2,0,2, 0.000000E+00, 0.000000E+00, 0.000000E+00, 0.000000E+00, 0.000000E+00, 0.000000E+00, 6.429482E-01, 6.441355E-01,-1.641940E+01, 7.295783E+01, 0.000000E+00, 7.295783E+01, 0.000000E+00,NULL,NULL,NULL,NULL,0, 0.000000E+00,NULL,NULL,NULL,NULL,2, 7.295783E+01,0,data,8
47964,16228,940613,147,94C2, 9.127200E+01,0,2,2,0,2, 0.000000E+00, 0.000000E+00, 0.000000E+00, 0.000000E+00, 0.000000E+00, 0.000000E+00, 1.245142E-01, 7.621393E-02, 2.430660E+00, 9.247282E+01, 0.000000E+00, 9.247282E+01, 0.000000E+00,NULL,NULL,NULL,NULL,0, 0.000000E+00,NULL,NULL,NULL,NULL,2, 9.247282E+01,0,data,8
47964,16230,940613,147,94C2, 9.127200E+01,0,2,2,0,2, 0.000000E+00, 0.000000E+00, 0.000000E+00, 0.000000E+00, 0.000000E+00, 0.000000E+00,-9.118375E-02, 3.496804E-01, 4.155128E+00, 8.840574E+01, 0.000000E+00, 8.840574E+01, 0.000000E+00,NULL,NULL,NULL,NULL,0, 0.000000E+00,NULL,NULL,NULL,NULL,2, 8.840574E+01,0,data,8
47964,16233,940613,147,94C2, 9.127200E+01,0,2,2,0,2, 0.000000E+00, 0.000000E+00, 0.000000E+00, 0.000000E+00, 0.000000E+00, 0.000000E+00, 3.301613E-01, 3.090727E-02, 3.365181E+00, 9.270724E+01, 0.000000E+00, 9.270724E+01, 0.000000E+00,NULL,NULL,NULL,NULL,0, 0.000000E+00,NULL,NULL,NULL,NULL,2, 9.270724E+01,0,data,8
47964,16235,940613,147,94C2, 9.127200E+01,0,2,2,0,2, 0.000000E+00, 0.000000E+00, 0.000000E+00, 0.000000E+00, 0.000000E+00, 0.000000E+00, 9.905863E-02, 1.198722E-01, 2.132988E+00, 9.246745E+01, 0.000000E+00, 9.246745E+01, 0.000000E+00,NULL,NULL,NULL,NULL,0, 0.000000E+00,NULL,NULL,NULL,NULL,2, 9.246745E+01,0,data,8
47964,16236,940613,150,94C2, 9.127200E+01,0,2,2,0,2, 0.000000E+00, 0.000000E+00, 0.000000E+00, 0.000000E+00, 0.000000E+00, 0.000000E+00,-1.555109E-01, 4.829001E-02, 1.919544E+00, 9.432879E+01, 0.000000E+00, 9.432879E+01, 0.000000E+00,NULL,NULL,NULL,NULL,0, 0.000000E+00,NULL,NULL,NULL,NULL,2, 9.432879E+01,0,data,8
47964,16238,940613,150,94C2, 9.127200E+01,1,3,4,1,3, 2.624721E-01, 6.347117E-01,-1.987924E+00, 2.107859E+00, 2.103234E+00, 2.103234E+00, 1.448421E+00, 7.297649E-01,-2.568725E+01, 2.588014E+01, 0.000000E+00, 2.377228E+01, 0.000000E+00,0, 0.000000E+00,2, 1.771223E+00,0, 0.000000E+00,NULL,NULL,NULL,NULL,2, 3.929573E-01,0,data,8
47964,16241,940613,150,94C2, 9.127200E+01,4,1,5,4,1,-3.578064E-01,-2.760824E-01, 1.758334E+00, 3.281901E+00, 3.216223E+00, 8.040559E-01,-6.385952E-02,-1.816643E-01, 8.607269E+00, 1.013779E+01, 0.000000E+00, 6.855891E+00, 0.000000E+00,NULL,NULL,NULL,NULL,0, 0.000000E+00,NULL,NULL,NULL,NULL,1, 0.000000E+00,0,data,8
47964,16243,940613,151,94C2, 9.127200E+01,0,2,2,0,2, 0.000000E+00, 0.000000E+00, 0.000000E+00, 0.000000E+00, 0.000000E+00, 0.000000E+00, 8.770928E-01,-6.467414E-01,-3.702087E+00, 9.123545E+01, 0.000000E+00, 9.123545E+01, 0.000000E+00,NULL,NULL,NULL,NULL,0, 0.000000E+00,NULL,NULL,NULL,NULL,2, 9.123545E+01,0,data,8
47964,16248,940613,151,94C2, 9.127200E+01,0,6,6,0,6, 0.000000E+00, 0.000000E+00, 0.000000E+00, 0.000000E+00, 0.000000E+00, 0.000000E+00, 3.067074E+00, 2.054102E+00,-1.980770E+01, 3.079521E+01, 0.000000E+00, 3.079521E+01, 0.000000E+00,1, 7.160561E+00,0, 0.000000E+00,0, 0.000000E+00,1, 7.952868E+00, 7.952868E+00, 7.952868E+00,NULL,NULL,0,data,8
47964,16249,940613,153,94C2, 9.127200E+01,1,3,4,1,3,-1.142851E-01, 2.463445E-01,-9.706920E-01, 1.017580E+00, 1.007963E+00, 1.007963E+00,-6.751168E-02, 2.522129E-01,-4.492004E+01, 4.521809E+01, 0.000000E+00, 4.420052E+01, 0.000000E+00,0, 0.000000E+00,2, 0.000000E+00,0, 0.000000E+00,NULL,NULL,NULL,NULL,1, 0.000000E+00,0,data,8
47964,16253,940613,154,94C2, 9.127200E+01,0,2,2,0,2, 0.000000E+00, 0.000000E+00, 0.000000E+00, 0.000000E+00, 0.000000E+00, 0.000000E+00, 4.221439E-02,-4.176247E-02, 9.937057E-01, 9.154021E+01, 0.000000E+00, 9.154021E+01, 0.000000E+00,NULL,NULL,NULL,NULL,0, 0.000000E+00,NULL,NULL,NULL,NULL,2, 9.154021E+01,0,data,8
47964,16257,940613,159,94C2, 9.127200E+01,0,2,2,0,2, 0.000000E+00, 0.000000E+00, 0.000000E+00, 0.000000E+00, 0.000000E+00, 0.000000E+00,-6.231306E-01,-5.890501E-01,-2.189688E+01, 7.018884E+01, 0.000000E+00, 7.018884E+01, 0.000000E+00,NULL,NULL,NULL,NULL,0, 0.000000E+00,NULL,NULL,NULL,NULL,2, 7.018884E+01,0,data,8
47964,16261,940613,159,94C2, 9.127200E+01,0,4,4,0,4, 0.000000E+00, 0.000000E+00, 0.000000E+00, 0.000000E+00, 0.000000E+00, 0.000000E+00,-2.087951E-03,-9.189665E-03, 9.920197E-01, 9.356061E+01, 0.000000E+00, 9.356061E+01, 0.000000E+00,NULL,NULL,NULL,NULL,0, 0.000000E+00,NULL,NULL,NULL,NULL,4, 9.356061E+01,0,data,8
47964,16262,940613,159,94C2, 9.127200E+01,28,18,46,28,18, 3.879833E-01,-3.212033E+00, 1.254658E+01, 6.259842E+01, 6.207053E+01, 2.216805E+00,-8.913153E+00, 1.111603E+01, 4.883473E+00, 9.513026E+01, 5.940995E+01, 2.853703E+01, 1.624502E+00,9, 1.939878E+00,7, 0.000000E+00,0, 0.000000E+00,6, 7.825785E+00, 5.195211E-01, 2.410621E+00,NULL,NULL,1,data,8
47964,16264,940613,202,94C2, 9.127200E+01,2,0,2,2,0, 1.293983E+01,-1.056492E+01,-1.279549E+01, 3.265681E+01, 3.265477E+01, 1.632738E+01, 1.293983E+01,-1.056492E+01,-1.279549E+01, 3.265681E+01, 3.265573E+01, 0.000000E+00, 0.000000E+00,1, 0.000000E+00,0, 0.000000E+00,0, 0.000000E+00,NULL,NULL,NULL,NULL,NULL,NULL,0,data,8
47964,16265,940613,202,94C2, 9.127200E+01,4,3,7,4,3,-9.710258E-01,-1.202394E-01, 1.250152E-01, 8.458492E+01, 8.457042E+01, 2.114260E+01,-1.018398E+01,-4.025846E-01, 2.157799E+00, 9.406863E+01, 8.457042E+01, 9.483704E+00, 0.000000E+00,4, 8.266849E+01,0, 0.000000E+00,0, 0.000000E+00,2, 5.980419E+00, 7.199734E-01, 5.260446E+00,NULL,NULL,0,data,8
47964,16269,940613,202,94C2, 9.127200E+01,0,2,2,0,2, 0.000000E+00, 0.000000E+00, 0.000000E+00, 0.000000E+00, 0.000000E+00, 0.000000E+00,-1.909101E-02,-9.028625E-02,-1.101955E+01, 8.133238E+01, 0.000000E+00, 8.133238E+01, 0.000000E+00,NULL,NULL,NULL,NULL,0, 0.000000E+00,NULL,NULL,NULL,NULL,2, 8.133238E+01,0,data,8
47964,16273,940613,204,94C2, 9.127200E+01,0,2,2,0,2, 0.000000E+00, 0.000000E+00, 0.000000E+00, 0.000000E+00, 0.000000E+00, 0.000000E+00, 7.808757E-02, 2.170932E-02, 3.115349E-01, 9.118752E+01, 0.000000E+00, 9.118752E+01, 0.000000E+00,NULL,NULL,NULL,NULL,0, 0.000000E+00,NULL,NULL,NULL,NULL,2, 9.118752E+01,0,data,8
47964,16277,940613,204,94C2, 9.127200E+01,2,0,2,2,0,-3.062239E-01, 2.385821E-01, 8.447778E-02, 1.700241E+01, 1.700012E+01, 8.500061E+00,-3.062239E-01, 2.385821E-01, 8.447778E-02, 1.700241E+01, 0.000000E+00, 0.000000E+00, 0.000000E+00,1, 6.151692E-02,0, 0.000000E+00,0, 0.000000E+00,NULL,NULL,NULL,NULL,NULL,NULL,0,data,8
47964,16278,940613,207,94C2, 9.127200E+01,0,3,3,0,3, 0.000000E+00, 0.000000E+00, 0.000000E+00, 0.000000E+00, 0.000000E+00, 0.000000E+00,-1.619303E-02, 6.994057E-02, 2.396851E-01, 9.236642E+01, 0.000000E+00, 9.236642E+01, 0.000000E+00,NULL,NULL,NULL,NULL,0, 0.000000E+00,NULL,NULL,NULL,NULL,3, 9.236642E+01,0,data,8
47964,16281,940613,207,94C2, 9.127200E+01,2,0,2,2,0,-1.695761E+01,-6.701649E+01, 1.251717E+01, 2.054166E+02, 2.054164E+02, 1.027082E+02,-1.695761E+01,-6.701649E+01, 1.251717E+01, 2.054166E+02, 0.000000E+00, 0.000000E+00, 0.000000E+00,1, 1.388093E+00,0, 0.000000E+00,0, 0.000000E+00,NULL,NULL,NULL,NULL,NULL,NULL,0,data,8
47964,16282,940613,207,94C2, 9.127200E+01,8,4,12,8,4, 5.765750E-01, 1.447877E-01,-5.453613E+00, 6.975410E+00, 6.701762E+00, 8.377203E-01, 9.613649E-01,-3.028713E-02,-1.788417E+01, 1.979176E+01, 2.307896E+00, 1.281635E+01, 0.000000E+00,NULL,NULL,NULL,NULL,0, 0.000000E+00,NULL,NULL,NULL,NULL,3, 0.000000E+00,0,data,8
47964,16288,940613,210,94C2, 9.127200E+01,47,21,68,47,21, 2.142936E+00, 6.001080E-01,-2.498498E+00, 8.578495E+01, 8.484969E+01, 1.805313E+00, 2.880107E+00, 8.742688E-01,-3.165741E+00, 1.149271E+02, 6.787223E+01, 1.312767E+01, 1.154113E+01,18, 1.275100E+00,0, 0.000000E+00,0, 0.000000E+00,11, 1.676205E+01, 6.379148E-01, 3.368505E+00,NULL,NULL,1,data,8
47964,16289,940613,212,94C2, 9.127200E+01,0,2,2,0,2, 0.000000E+00, 0.000000E+00, 0.000000E+00, 0.000000E+00, 0.000000E+00, 0.000000E+00, 8.004248E-03,-8.124352E-03, 4.415588E-01, 9.427908E+01, 0.000000E+00, 9.427908E+01, 0.000000E+00,NULL,NULL,NULL,NULL,0, 0.000000E+00,NULL,NULL,NULL,NULL,2, 9.427908E+01,0,data,8
47964,16290,940613,212,94C2, 9.127200E+01,0,3,3,0,3, 0.000000E+00, 0.000000E+00, 0.000000E+00, 0.000000E+00, 0.000000E+00, 0.000000E+00,-8.174562E-02,-2.045421E-01, 5.930061E-01, 9.150055E+01, 0.000000E+00, 9.150055E+01, 0.000000E+00,NULL,NULL,NULL,NULL,0, 0.000000E+00,NULL,NULL,NULL,NULL,3, 9.150055E+01,0,data,8
47964,16291,940613,212,94C2, 9.127200E+01,44,21,65,44,21,-2.297371E+00, 7.031981E-01, 4.357798E-02, 8.151809E+01, 8.086950E+01, 1.837943E+00, 5.604330E+00,-1.787832E+00,-1.507379E-01, 1.265044E+02, 6.995927E+01, 2.426601E+01, 1.434684E+01,25, 1.598137E-01,0, 0.000000E+00,0, 0.000000E+00,18, 2.959966E+01, 5.341482E-01, 4.149337E+00,NULL,NULL,1,data,8
47964,16292,940613,212,94C2, 9.127200E+01,3,3,6,3,3, 9.306340E-01, 2.284967E+00, 3.730227E+01, 5.168570E+01, 5.168356E+01, 1.722785E+01,-2.155540E+00,-5.040831E+00, 4.805925E+01, 6.506360E+01, 5.168530E+01, 1.337790E+01, 0.000000E+00,1, 0.000000E+00,3, 0.000000E+00,0, 0.000000E+00,NULL,NULL,NULL,NULL,NULL,NULL,0,data,8
47964,16296,940613,213,94C2, 9.127200E+01,36,7,43,36,7, 1.770787E+01,-1.444407E+01, 3.077350E+01, 1.066250E+02, 1.061408E+02, 2.948355E+00, 1.491108E+01,-1.140522E+01, 2.685264E+01, 1.136953E+02, 1.029313E+02, 5.279244E+00, 0.000000E+00,5, 0.000000E+00,3, 0.000000E+00,0, 0.000000E+00,5, 4.139440E+00, 4.464743E-01, 1.344528E+00,NULL,NULL,1,data,8
47964,16299,940613,219,94C2, 9.127200E+01,0,2,2,0,2, 0.000000E+00, 0.000000E+00, 0.000000E+00, 0.000000E+00, 0.000000E+00, 0.000000E+00,-1.203146E-01, 4.578102E-02, 2.652504E+00, 9.039084E+01, 0.000000E+00, 9.039084E+01, 0.000000E+00,NULL,NULL,NULL,NULL,0, 0.000000E+00,NULL,NULL,NULL,NULL,2, 9.039084E+01,0,data,8
47964,16300,940613,219,94C2, 9.127200E+01,0,2,2,0,2, 0.000000E+00, 0.000000E+00, 0.000000E+00, 0.000000E+00, 0.000000E+00, 0.000000E+00, 1.794237E-02, 1.193442E-01, 7.568130E-01, 9.007502E+01, 0.000000E+00, 9.007502E+01, 0.000000E+00,NULL,NULL,NULL,NULL,0, 0.000000E+00,NULL,NULL,NULL,NULL,2, 9.007502E+01,0,data,8
47964,16302,940613,220,94C2, 9.127200E+01,0,2,2,0,2, 0.000000E+00, 0.000000E+00, 0.000000E+00, 0.000000E+00, 0.000000E+00, 0.000000E+00,-1.929572E-01, 2.356106E-02,-3.839142E+00, 8.940405E+01, 0.000000E+00, 8.940405E+01, 0.000000E+00,NULL,NULL,NULL,NULL,0, 0.000000E+00,NULL,NULL,NULL,NULL,2, 8.940405E+01,0,data,8
47964,16306,940613,220,94C2, 9.127200E+01,0,2,2,0,2, 0.000000E+00, 0.000000E+00, 0.000000E+00, 0.000000E+00, 0.000000E+00, 0.000000E+00, 3.752451E-01,-6.662745E-01, 3.073769E-01, 8.999754E+01, 0.000000E+00, 8.999754E+01, 0.000000E+00,NULL,NULL,NULL,NULL,0, 0.000000E+00,NULL,NULL,NULL,NULL,2, 8.999754E+01,0,data,8
47964,16310,940613,222,94C2, 9.127200E+01,0,2,2,0,2, 0.000000E+00, 0.000000E+00, 0.000000E+00, 0.000000E+00, 0.000000E+00, 0.000000E+00, 8.434260E-02, 3.218770E-02,-3.373642E-01, 9.144031E+01, 0.000000E+00, 9.144031E+01, 0.000000E+00,NULL,NULL,NULL,NULL,0, 0.000000E+00,NULL,NULL,NULL,NULL,2, 9.144031E+01,0,data,8
47964,16312,940613,222,94C2, 9.127200E+01,27,22,49,27,22,-1.920050E+00,-9.646793E-01, 1.519143E+01, 4.158009E+01, 4.103649E+01, 1.519870E+00,-4.025273E+00, 9.339790E-01, 2.232100E+01, 6.047093E+01, 2.448807E+01, 1.527853E+01, 3.382305E+00,1, 0.000000E+00,19, 1.566512E+01,0, 0.000000E+00,1, 3.051962E-01, 3.051962E-01, 3.051962E-01,1, 0.000000E+00,1,data,8
47964,16313,940613,222,94C2, 9.127200E+01,0,2,2,0,2, 0.000000E+00, 0.000000E+00, 0.000000E+00, 0.000000E+00, 0.000000E+00, 0.000000E+00, 2.439260E-03, 4.079270E-02,-3.907497E+00, 8.780647E+01, 0.000000E+00, 8.780647E+01, 0.000000E+00,NULL,NULL,NULL,NULL,0, 0.000000E+00,NULL,NULL,NULL,NULL,2, 8.780647E+01,0,data,8
47964,16316,940613,226,94C2, 9.127200E+01,25,18,43,25,18, 7.779439E+00,-4.300327E+00,-1.923532E+01, 6.867406E+01, 6.838746E+01, 2.735498E+00, 3.858920E+00,-2.484628E+00,-1.881577E+00, 9.581351E+01, 2.025577E+01, 1.937327E+01, 7.766163E+00,2, 0.000000E+00,21, 1.587997E+01,0, 0.000000E+00,1, 8.793719E-01, 8.793719E-01, 8.793719E-01,1, 0.000000E+00,1,data,8
47964,16320,940613,226,94C2, 9.127200E+01,27,17,44,27,17, 7.619544E-01,-1.248229E+00, 4.054849E+00, 5.415259E+01, 5.363679E+01, 1.986548E+00,-2.494635E+00,-2.498034E-02, 5.855293E-01, 7.072940E+01, 5.078360E+01, 1.196340E+01, 7.401944E-01,11, 0.000000E+00,7, 8.808504E-01,0, 0.000000E+00,10, 9.711188E+00, 5.506887E-01, 1.573212E+00,NULL,NULL,1,data,8
47964,16326,940613,230,94C2, 9.127200E+01,0,2,2,0,2, 0.000000E+00, 0.000000E+00, 0.000000E+00, 0.000000E+00, 0.000000E+00, 0.000000E+00, 1.385818E-01,-1.057500E-01,-7.252502E-01, 9.448462E+01, 0.000000E+00, 9.448462E+01, 0.000000E+00,NULL,NULL,NULL,NULL,0, 0.000000E+00,NULL,NULL,NULL,NULL,2, 9.448462E+01,0,data,8
47964,16329,940613,230,94C2, 9.127200E+01,26,11,37,26,11, 1.054479E+00, 6.819192E+00,-5.841596E-01, 6.623982E+01, 6.574950E+01, 2.528827E+00,-1.060741E+01,-1.873223E+01, 4.239093E+00, 9.703158E+01, 6.516145E+01, 2.863621E+01, 2.647219E-01,14, 2.407561E+00,0, 0.000000E+00,0, 0.000000E+00,7, 1.197807E+01, 8.384401E-01, 3.113619E+00,NULL,NULL,1,data,8
47964,16332,940613,232,94C2, 9.127200E+01,32,14,46,32,14, 5.865058E+00, 6.076062E+00, 1.869284E+00, 6.655112E+01, 6.604504E+01, 2.063908E+00, 6.697969E+00, 8.687897E+00,-5.940731E-01, 9.305102E+01, 6.475061E+01, 7.167579E+00, 7.284611E+00,15, 2.151395E+00,2, 0.000000E+00,0, 0.000000E+00,6, 1.556091E+01, 9.090739E-01, 8.524811E+00,NULL,NULL,1,data,8
47964,16333,940613,235,94C2, 9.127200E+01,0,2,2,0,2, 0.000000E+00, 0.000000E+00, 0.000000E+00, 0.000000E+00, 0.000000E+00, 0.000000E+00, 1.045060E-01, 2.365856E-01,-3.242027E+00, 9.526753E+01, 0.000000E+00, 9.526753E+01, 0.000000E+00,NULL,NULL,NULL,NULL,0, 0.000000E+00,NULL,NULL,NULL,NULL,2, 9.526753E+01,0,data,8
47964,16334,940613,235,94C2, 9.127200E+01,0,2,2,0,2, 0.000000E+00, 0.000000E+00, 0.000000E+00, 0.000000E+00, 0.000000E+00, 0.000000E+00, 1.324835E-01, 1.295648E-01,-2.224236E-01, 8.906888E+01, 0.000000E+00, 8.906888E+01, 0.000000E+00,NULL,NULL,NULL,NULL,0, 0.000000E+00,NULL,NULL,NULL,NULL,2, 8.906888E+01,0,data,8
47964,16338,940613,236,94C2, 9.127200E+01,11,3,14,11,3,-4.044315E+00,-8.332413E-01, 3.170570E+00, 7.200261E+00, 6.846245E+00, 6.223859E-01,-5.278779E+00,-2.084499E+00, 1.273385E+01, 2.387241E+01, 0.000000E+00, 1.667215E+01, 0.000000E+00,NULL,NULL,NULL,NULL,0, 0.000000E+00,NULL,NULL,NULL,NULL,2, 0.000000E+00,0,data,8
47964,16339,940613,237,94C2, 9.127200E+01,0,3,3,0,3, 0.000000E+00, 0.000000E+00, 0.000000E+00, 0.000000E+00, 0.000000E+00, 0.000000E+00,-3.846762E-01, 1.703587E-01,-1.388607E+00, 9.459541E+01, 0.000000E+00, 9.459541E+01, 0.000000E+00,NULL,NULL,NULL,NULL,0, 0.000000E+00,NULL,NULL,NULL,NULL,3, 9.459541E+01,0,data,8
47964,16342,940613,238,94C2, 9.127200E+01,14,11,25,14,11, 1.742473E+02,-1.241054E+02,-2.886699E+01, 2.866012E+02, 2.863994E+02, 2.045710E+01, 1.653276E+02,-1.166174E+02,-2.671636E+01, 3.274474E+02, 2.863461E+02, 1.891835E+01, 1.656812E+01,14, 8.538276E+00,0, 0.000000E+00,0, 0.000000E+00,8, 2.427808E+01, 1.002145E+00, 1.113866E+01,NULL,NULL,1,data,8
47964,16343,940613,238,94C2, 9.127200E+01,23,6,29,23,6, 6.378015E+00,-1.558390E+01,-7.244687E+00, 7.053136E+01, 7.021428E+01, 3.052795E+00,-5.807409E-02, 2.586296E+00, 7.088957E-01, 9.153782E+01, 6.642450E+01, 1.816178E+01, 2.887531E+00,13, 7.201819E+00,0, 0.000000E+00,0, 0.000000E+00,4, 1.583368E+01, 1.187772E+00, 8.539522E+00,NULL,NULL,1,data,8
47964,16345,940613,240,94C2, 9.127200E+01,0,2,2,0,2, 0.000000E+00, 0.000000E+00, 0.000000E+00, 0.000000E+00, 0.000000E+00, 0.000000E+00, 1.003752E-01,-1.587069E-02, 7.397308E-01, 9.307691E+01, 0.000000E+00, 9.307691E+01, 0.000000E+00,NULL,NULL,NULL,NULL,0, 0.000000E+00,NULL,NULL,NULL,NULL,2, 9.307691E+01,0,data,8
47964,16347,940613,240,94C2, 9.127200E+01,0,2,2,0,2, 0.000000E+00, 0.000000E+00, 0.000000E+00, 0.000000E+00, 0.000000E+00, 0.000000E+00,-5.092502E-03, 9.104466E-02, 8.095818E-01, 9.219350E+01, 0.000000E+00, 9.219350E+01, 0.000000E+00,NULL,NULL,NULL,NULL,0, 0.000000E+00,NULL,NULL,NULL,NULL,2, 9.219350E+01,0,data,8
47964,16348,940613,240,94C2, 9.127200E+01,0,2,2,0,2, 0.000000E+00, 0.000000E+00, 0.000000E+00, 0.000000E+00, 0.000000E+00, 0.000000E+00, 5.669260E-02, 1.657087E-01,-4.066513E+00, 8.925740E+01, 0.000000E+00, 8.925740E+01, 0.000000E+00,NULL,NULL,NULL,NULL,0, 0.000000E+00,NULL,NULL,NULL,NULL,2, 8.925740E+01,0,data,8
47964,16352,940613,245,94C2, 9.127200E+01,0,2,2,0,2, 0.000000E+00, 0.000000E+00, 0.000000E+00, 0.000000E+00, 0.000000E+00, 0.000000E+00,-3.463312E-01, 9.664273E-02,-8.186714E+00, 8.140335E+01, 0.000000E+00, 8.140335E+01, 0.000000E+00,NULL,NULL,NULL,NULL,0, 0.000000E+00,NULL,NULL,NULL,NULL,2, 8.140335E+01,0,data,8
47964,16357,940613,246,94C2, 9.127200E+01,3,2,5,3,2,-9.842328E-01, 1.332478E+00, 4.824495E-01, 1.949015E+00, 1.873260E+00, 6.244199E-01, 6.308288E-01, 5.170870E-02,-4.389965E+01, 4.672928E+01, 1.711361E+00, 4.478026E+01, 0.000000E+00,NULL,NULL,NULL,NULL,0, 0.000000E+00,NULL,NULL,NULL,NULL,1, 0.000000E+00,0,data,8
47964,16361,940613,247,94C2, 9.127200E+01,2,1,3,2,1,-9.344435E-01, 1.972847E+00, 1.833836E+00, 8.923322E+01, 8.923279E+01, 4.461639E+01,-7.395207E-01, 1.679777E+00, 1.228828E+00, 8.993317E+01, 8.923305E+01, 6.999422E-01, 0.000000E+00,2, 1.452902E+00,1, 0.000000E+00,0, 0.000000E+00,NULL,NULL,NULL,NULL,NULL,NULL,0,data,8
47964,16366,940613,251,94C2, 9.127200E+01,0,2,2,0,2, 0.000000E+00, 0.000000E+00, 0.000000E+00, 0.000000E+00, 0.000000E+00, 0.000000E+00, 6.177092E-02, 2.744198E-04, 5.638691E+00, 8.456107E+01, 0.000000E+00, 8.456107E+01, 0.000000E+00,NULL,NULL,NULL,NULL,0, 0.000000E+00,NULL,NULL,NULL,NULL,2, 8.456107E+01,0,data,8
47964,16367,940613,251,94C2, 9.127200E+01,0,2,2,0,2, 0.000000E+00, 0.000000E+00, 0.000000E+00, 0.000000E+00, 0.000000E+00, 0.000000E+00, 1.123483E-01,-4.539382E-02, 7.406883E-01, 9.250237E+01, 0.000000E+00, 9.250237E+01, 0.000000E+00,NULL,NULL,NULL,NULL,0, 0.000000E+00,NULL,NULL,NULL,NULL,2, 9.250237E+01,0,data,8
47964,16372,940613,251,94C2, 9.127200E+01,0,2,2,0,2, 0.000000E+00, 0.000000E+00, 0.000000E+00, 0.000000E+00, 0.000000E+00, 0.000000E+00, 1.079259E-01, 9.785676E-02,-5.545311E-01, 9.373320E+01, 0.000000E+00, 9.373320E+01, 0.000000E+00,NULL,NULL,NULL,NULL,0, 0.000000E+00,NULL,NULL,NULL,NULL,2, 9.373320E+01,0,data,8
47964,16374,940613,251,94C2, 9.127200E+01,1,6,7,1,6, 1.682632E-01,-2.451241E-01, 1.731314E+00, 1.762193E+00, 1.756657E+00, 1.756657E+00, 4.304167E-01,-6.429102E-01, 4.140732E+00, 5.480146E+01, 0.000000E+00, 5.303927E+01, 0.000000E+00,0, 0.000000E+00,4, 2.805584E+01,0, 0.000000E+00,NULL,NULL,NULL,NULL,NULL,NULL,0,data,8
47964,16375,940613,254,94C2, 9.127200E+01,42,10,52,42,10, 4.133373E-02,-4.226354E-01,-9.071767E+00, 7.703252E+01, 7.627292E+01, 1.816022E+00, 4.229490E-01, 2.583044E+00,-9.913562E+00, 8.800427E+01, 6.466775E+01, 8.542420E+00, 9.980893E-01,17, 5.500834E+00,3, 0.000000E+00,0, 0.000000E+00,6, 8.885120E+00, 4.564712E-01, 2.128227E+00,NULL,NULL,1,data,8
47964,16376,940613,255,94C2, 9.127200E+01,40,15,55,40,15,-1.412109E+01, 9.346288E+00,-2.124425E-01, 7.219189E+01, 7.139166E+01, 1.784792E+00,-9.923621E+00, 7.636079E+00, 2.709497E-01, 9.222433E+01, 5.243848E+01, 1.498817E+01, 3.638052E+00,17, 2.551176E+00,0, 0.000000E+00,0, 0.000000E+00,10, 1.608381E+01, 5.451763E-01, 4.527580E+00,NULL,NULL,1,data,8
47964,16378,940613,255,94C2, 9.127200E+01,0,2,2,0,2, 0.000000E+00, 0.000000E+00, 0.000000E+00, 0.000000E+00, 0.000000E+00, 0.000000E+00, 1.394880E-02, 7.757986E-02,-6.509457E+00, 8.439230E+01, 0.000000E+00, 8.439230E+01, 0.000000E+00,NULL,NULL,NULL,NULL,0, 0.000000E+00,NULL,NULL,NULL,NULL,2, 8.439230E+01,0,data,8
47964,16379,940613,255,94C2, 9.127200E+01,0,2,2,0,2, 0.000000E+00, 0.000000E+00, 0.000000E+00, 0.000000E+00, 0.000000E+00, 0.000000E+00,-3.235006E-02, 6.067749E-03, 1.009459E+01, 8.279449E+01, 0.000000E+00, 8.279449E+01, 0.000000E+00,NULL,NULL,NULL,NULL,0, 0.000000E+00,NULL,NULL,NULL,NULL,2, 8.279449E+01,0,data,8
47964,16380,940613,255,94C2, 9.127200E+01,8,13,21,8,13,-9.569785E+00, 1.388731E+00,-2.903967E+01, 5.394145E+01, 5.391289E+01, 6.739111E+00,-1.339560E+01, 1.862936E+00,-4.183568E+01, 7.223470E+01, 0.000000E+00, 9.663382E+00, 8.648919E+00,0, 0.000000E+00,15, 2.068374E+01,0, 0.000000E+00,NULL,NULL,NULL,NULL,NULL,NULL,0,data,8
47964,16385,940613,301,94C2, 9.127200E+01,0,2,2,0,2, 0.000000E+00, 0.000000E+00, 0.000000E+00, 0.000000E+00, 0.000000E+00, 0.000000E+00, 4.779685E-02, 1.383634E-01, 2.522652E+00, 9.179925E+01, 0.000000E+00, 9.179925E+01, 0.000000E+00,NULL,NULL,NULL,NULL,0, 0.000000E+00,NULL,NULL,NULL,NULL,2, 9.179925E+01,0,data,8
47964,16386,940613,301,94C2, 9.127200E+01,0,2,2,0,2, 0.000000E+00, 0.000000E+00, 0.000000E+00, 0.000000E+00, 0.000000E+00, 0.000000E+00,-1.136583E-02, 2.708783E-01, 2.914543E+00, 9.102168E+01, 0.000000E+00, 9.102168E+01, 0.000000E+00,NULL,NULL,NULL,NULL,0, 0.000000E+00,NULL,NULL,NULL,NULL,2, 9.102168E+01,0,data,8
47964,16387,940613,301,94C2, 9.127200E+01,0,2,2,0,2, 0.000000E+00, 0.000000E+00, 0.000000E+00, 0.000000E+00, 0.000000E+00, 0.000000E+00, 8.932054E-02, 2.445889E-02, 3.504066E-01, 9.021220E+01, 0.000000E+00, 9.021220E+01, 0.000000E+00,NULL,NULL,NULL,NULL,0, 0.000000E+00,NULL,NULL,NULL,NULL,2, 9.021220E+01,0,data,8
47964,16389,940613,302,94C2, 9.127200E+01,5,3,8,5,3, 5.411712E+00,-1.307230E+00, 1.374774E-01, 7.192471E+00, 7.078539E+00, 1.415708E+00, 4.986104E+00,-1.598873E+00,-2.161078E-01, 1.265088E+01, 0.000000E+00, 4.752052E+00, 7.063570E-01,NULL,NULL,NULL,NULL,0, 0.000000E+00,NULL,NULL,NULL,NULL,2, 0.000000E+00,0,data,8
47964,16391,940613,302,94C2, 9.127200E+01,0,2,2,0,2, 0.000000E+00, 0.000000E+00, 0.000000E+00, 0.000000E+00, 0.000000E+00, 0.000000E+00, 1.178913E-01, 4.071426E-02,-1.130569E+00, 9.174305E+01, 0.000000E+00, 9.174305E+01, 0.000000E+00,NULL,NULL,NULL,NULL,0, 0.000000E+00,NULL,NULL,NULL,NULL,2, 9.174305E+01,0,data,8
47964,16394,940613,304,94C2, 9.127200E+01,2,0,2,2,0, 1.109545E+00, 2.030544E+00,-1.446170E+00, 2.920754E+01, 2.920620E+01, 1.460310E+01, 1.109545E+00, 2.030544E+00,-1.446170E+00, 2.920754E+01, 0.000000E+00, 0.000000E+00, 0.000000E+00,2, 6.378257E-01,0, 0.000000E+00,0, 0.000000E+00,NULL,NULL,NULL,NULL,NULL,NULL,0,data,8
47964,16395,940613,304,94C2, 9.127200E+01,0,2,2,0,2, 0.000000E+00, 0.000000E+00, 0.000000E+00, 0.000000E+00, 0.000000E+00, 0.000000E+00,-1.394579E-01, 1.232643E-01,-1.378307E+00, 8.935368E+01, 0.000000E+00, 8.935368E+01, 0.000000E+00,NULL,NULL,NULL,NULL,0, 0.000000E+00,NULL,NULL,NULL,NULL,2, 8.935368E+01,0,data,8
47964,16398,940613,304,94C2, 9.127200E+01,5,5,10,5,5,-5.398077E-01, 6.658577E-01,-2.363082E-01, 2.951689E+00, 2.820879E+00, 5.641758E-01, 3.690754E-01, 5.634360E-01,-7.828416E-01, 8.533608E+00, 2.669267E+00, 5.581919E+00, 0.000000E+00,0, 0.000000E+00,2, 0.000000E+00,0, 0.000000E+00,NULL,NULL,NULL,NULL,3, 0.000000E+00,0,data,8
47964,16399,940613,304,94C2, 9.127200E+01,2,0,2,2,0,-1.059815E+00, 3.931754E+00, 2.859248E+00, 2.016358E+01, 2.016152E+01, 1.008076E+01,-1.059815E+00, 3.931754E+00, 2.859248E+00, 2.016358E+01, 0.000000E+00, 0.000000E+00, 0.000000E+00,NULL,NULL,NULL,NULL,0, 0.000000E+00,NULL,NULL,NULL,NULL,NULL,NULL,0,data,8
47964,16400,940613,306,94C2, 9.127200E+01,0,2,2,0,2, 0.000000E+00, 0.000000E+00, 0.000000E+00, 0.000000E+00, 0.000000E+00, 0.000000E+00,-1.262140E-02, 1.264495E-01,-1.244057E+00, 9.357143E+01, 0.000000E+00, 9.357143E+01, 0.000000E+00,NULL,NULL,NULL,NULL,0, 0.000000E+00,NULL,NULL,NULL,NULL,2, 9.357143E+01,0,data,8
47964,16401,940613,306,94C2, 9.127200E+01,0,27,27,0,27, 0.000000E+00, 0.000000E+00, 0.000000E+00, 0.000000E+00, 0.000000E+00, 0.000000E+00,-3.204166E+00, 1.521345E+00, 3.383284E+01, 3.902558E+01, 0.000000E+00, 3.902558E+01, 0.000000E+00,0, 0.000000E+00,27, 3.902558E+01,0, 0.000000E+00,NULL,NULL,NULL,NULL,NULL,NULL,0,data,8
47964,16405,940613,309,94C2, 9.127200E+01,0,2,2,0,2, 0.000000E+00, 0.000000E+00, 0.000000E+00, 0.000000E+00, 0.000000E+00, 0.000000E+00, 6.001616E-02, 6.549832E-02,-2.761612E-01, 9.165863E+01, 0.000000E+00, 9.165863E+01, 0.000000E+00,NULL,NULL,NULL,NULL,0, 0.000000E+00,NULL,NULL,NULL,NULL,2, 9.165863E+01,0,data,8
47964,16407,940613,309,94C2, 9.127200E+01,23,13,36,23,13,-1.358601E+00, 3.907976E-01,-2.237578E+00, 4.338771E+01, 4.297526E+01, 1.868490E+00, 1.440557E+00,-4.168452E+00, 1.273181E+01, 9.784482E+01, 4.091114E+01, 4.796864E+01, 4.856713E+00,13, 3.123941E+00,1, 0.000000E+00,0, 0.000000E+00,9, 3.987514E+01, 7.762066E-01, 1.430188E+01,1, 0.000000E+00,1,data,8
47964,16409,940613,309,94C2, 9.127200E+01,0,4,4,0,4, 0.000000E+00, 0.000000E+00, 0.000000E+00, 0.000000E+00, 0.000000E+00, 0.000000E+00,-1.152231E-01, 1.869511E+00, 1.681105E+01, 1.766115E+01, 0.000000E+00, 1.766115E+01, 0.000000E+00,0, 0.000000E+00,2, 1.724176E+01,0, 0.000000E+00,NULL,NULL,NULL,NULL,NULL,NULL,0,data,8
47964,16410,940613,313,94C2, 9.127200E+01,0,3,3,0,3, 0.000000E+00, 0.000000E+00, 0.000000E+00, 0.000000E+00, 0.000000E+00, 0.000000E+00, 2.446343E-01,-2.503929E-01, 4.111008E+00, 9.239558E+01, 0.000000E+00, 9.239558E+01, 0.000000E+00,NULL,NULL,NULL,NULL,0, 0.000000E+00,NULL,NULL,NULL,NULL,3, 9.239558E+01,0,data,8
47964,16411,940613,313,94C2, 9.127200E+01,0,2,2,0,2, 0.000000E+00, 0.000000E+00, 0.000000E+00, 0.000000E+00, 0.000000E+00, 0.000000E+00, 7.116795E-02, 4.448637E-02, 7.001114E-02, 9.082767E+01, 0.000000E+00, 9.082767E+01, 0.000000E+00,NULL,NULL,NULL,NULL,0, 0.000000E+00,NULL,NULL,NULL,NULL,2, 9.082767E+01,0,data,8
47964,16412,940613,313,94C2, 9.127200E+01,0,2,2,0,2, 0.000000E+00, 0.000000E+00, 0.000000E+00, 0.000000E+00, 0.000000E+00, 0.000000E+00, 2.441883E-02,-2.639586E-02, 3.623695E-01, 9.053909E+01, 0.000000E+00, 9.053909E+01, 0.000000E+00,NULL,NULL,NULL,NULL,0, 0.000000E+00,NULL,NULL,NULL,NULL,2, 9.053909E+01,0,data,8
47964,16413,940613,313,94C2, 9.127200E+01,0,2,2,0,2, 0.000000E+00, 0.000000E+00, 0.000000E+00, 0.000000E+00, 0.000000E+00, 0.000000E+00, 1.167260E-01, 1.727476E-01, 3.716934E+00, 9.167276E+01, 0.000000E+00, 9.167276E+01, 0.000000E+00,NULL,NULL,NULL,NULL,0, 0.000000E+00,NULL,NULL,NULL,NULL,2, 9.167276E+01,0,data,8
47964,16423,940613,315,94C2, 9.127200E+01,24,8,32,24,8,-1.163498E+01, 1.853839E+01,-7.233262E+00, 6.541740E+01, 6.510807E+01, 2.712836E+00,-8.766133E+00, 1.267049E+01,-4.460505E+00, 7.786751E+01, 5.923868E+01, 3.391025E+00, 9.095402E+00,9, 1.633500E+01,0, 0.000000E+00,0, 0.000000E+00,4, 2.287096E+00, 4.924476E-01, 6.445051E-01,NULL,NULL,1,data,8
47964,16425,940613,317,94C2, 9.127200E+01,0,2,2,0,2, 0.000000E+00, 0.000000E+00, 0.000000E+00, 0.000000E+00, 0.000000E+00, 0.000000E+00, 1.474059E-01, 2.087698E-01, 4.327557E+00, 9.074966E+01, 0.000000E+00, 9.074966E+01, 0.000000E+00,NULL,NULL,NULL,NULL,0, 0.000000E+00,NULL,NULL,NULL,NULL,2, 9.074966E+01,0,data,8
47964,16426,940613,317,94C2, 9.127200E+01,23,9,32,23,9,-2.095242E-02, 3.471089E+00,-6.919777E-01, 5.439549E+01, 5.386606E+01, 2.342003E+00,-1.182423E+01, 3.840430E+00, 3.911966E+00, 6.922719E+01, 5.205959E+01, 1.267101E+01, 1.397189E+00,13, 9.893214E+00,1, 0.000000E+00,0, 0.000000E+00,6, 1.257386E+01, 6.258116E-01, 4.659147E+00,NULL,NULL,1,data,8
47964,16428,940613,317,94C2, 9.127200E+01,0,2,2,0,2, 0.000000E+00, 0.000000E+00, 0.000000E+00, 0.000000E+00, 0.000000E+00, 0.000000E+00, 2.746379E-01, 2.105443E-01,-3.695122E+00, 9.323547E+01, 0.000000E+00, 9.323547E+01, 0.000000E+00,NULL,NULL,NULL,NULL,0, 0.000000E+00,NULL,NULL,NULL,NULL,2, 9.323547E+01,0,data,8
47964,16430,940613,317,94C2, 9.127200E+01,0,2,2,0,2, 0.000000E+00, 0.000000E+00, 0.000000E+00, 0.000000E+00, 0.000000E+00, 0.000000E+00,-4.990125E-02, 9.117663E-02, 2.433613E+00, 8.881735E+01, 0.000000E+00, 8.881735E+01, 0.000000E+00,NULL,NULL,NULL,NULL,0, 0.000000E+00,NULL,NULL,NULL,NULL,2, 8.881735E+01,0,data,8
47964,16431,940613,317,94C2, 9.127200E+01,9,2,11,9,2,-5.188800E-01,-4.955890E-01, 1.279210E-01, 4.728673E+00, 4.521929E+00, 5.024365E-01,-7.732341E-02,-7.353811E-01, 9.400966E-01, 6.532724E+00, 1.813637E+00, 1.804050E+00, 0.000000E+00,0, 0.000000E+00,2, 0.000000E+00,0, 0.000000E+00,NULL,NULL,NULL,NULL,NULL,NULL,0,data,8
47964,16433,940613,320,94C2, 9.127200E+01,0,2,2,0,2, 0.000000E+00, 0.000000E+00, 0.000000E+00, 0.000000E+00, 0.000000E+00, 0.000000E+00, 1.158237E-02, 6.149268E-02,-6.322861E-01, 9.044599E+01, 0.000000E+00, 9.044599E+01, 0.000000E+00,NULL,NULL,NULL,NULL,0, 0.000000E+00,NULL,NULL,NULL,NULL,2, 9.044599E+01,0,data,8
47964,16434,940613,320,94C2, 9.127200E+01,0,2,2,0,2, 0.000000E+00, 0.000000E+00, 0.000000E+00, 0.000000E+00, 0.000000E+00, 0.000000E+00, 4.502153E-02,-1.107675E-02, 2.860832E-01, 9.235605E+01, 0.000000E+00, 9.235605E+01, 0.000000E+00,NULL,NULL,NULL,NULL,0, 0.000000E+00,NULL,NULL,NULL,NULL,2, 9.235605E+01,0,data,8
47964,16437,940613,320,94C2, 9.127200E+01,17,4,21,17,4,-4.674809E+00, 5.929933E+00,-6.285718E+00, 8.070645E+01, 8.049016E+01, 4.734715E+00,-1.737902E+00, 3.168910E+00,-2.948323E+00, 8.853371E+01, 8.066150E+01, 6.042214E+00, 1.888853E+00,5, 9.304898E-02,0, 0.000000E+00,0, 0.000000E+00,1, 6.040707E+00, 6.040707E+00, 6.040707E+00,NULL,NULL,1,data,8
47964,16439,940613,322,94C2, 9.127200E+01,0,2,2,0,2, 0.000000E+00, 0.000000E+00, 0.000000E+00, 0.000000E+00, 0.000000E+00, 0.000000E+00, 9.167361E-02,-6.332558E-02,-9.724922E-01, 9.169480E+01, 0.000000E+00, 9.169480E+01, 0.000000E+00,NULL,NULL,NULL,NULL,0, 0.000000E+00,NULL,NULL,NULL,NULL,2, 9.169480E+01,0,data,8
47964,16440,940613,322,94C2, 9.127200E+01,28,9,37,28,9, 6.510158E+00,-2.300857E+00, 1.003419E+00, 8.220900E+01, 8.178339E+01, 2.920835E+00, 4.821400E+00, 3.731006E-01, 8.986981E-01, 9.319405E+01, 7.254239E+01, 9.228729E+00, 6.655817E-01,14, 7.337446E+00,0, 0.000000E+00,0, 0.000000E+00,7, 1.031947E+01, 6.259878E-01, 2.218064E+00,NULL,NULL,1,data,8
47964,16441,940613,322,94C2, 9.127200E+01,7,9,16,7,9,-4.767430E-01,-6.082762E-01, 7.047472E+00, 8.727093E+00, 8.533659E+00, 1.219094E+00,-2.235714E+00, 2.592859E-01, 9.667255E+00, 2.760038E+01, 4.370054E-01, 1.188852E+01, 6.984763E+00,0, 0.000000E+00,6, 0.000000E+00,0, 0.000000E+00,NULL,NULL,NULL,NULL,2, 0.000000E+00,0,data,8
47964,16442,940613,325,94C2, 9.127200E+01,0,2,2,0,2, 0.000000E+00, 0.000000E+00, 0.000000E+00, 0.000000E+00, 0.000000E+00, 0.000000E+00, 1.573251E-02,-9.064341E-02,-9.764732E+00, 8.077585E+01, 0.000000E+00, 8.077585E+01, 0.000000E+00,NULL,NULL,NULL,NULL,0, 0.000000E+00,NULL,NULL,NULL,NULL,2, 8.077585E+01,0,data,8
47964,16446,940613,325,94C2, 9.127200E+01,0,2,2,0,2, 0.000000E+00, 0.000000E+00, 0.000000E+00, 0.000000E+00, 0.000000E+00, 0.000000E+00, 6.844854E-02, 1.591932E-01, 7.984505E-01, 9.075636E+01, 0.000000E+00, 9.075636E+01, 0.000000E+00,NULL,NULL,NULL,NULL,0, 0.000000E+00,NULL,NULL,NULL,NULL,2, 9.075636E+01,0,data,8
47964,16448,940613,325,94C2, 9.127200E+01,0,2,2,0,2, 0.000000E+00, 0.000000E+00, 0.000000E+00, 0.000000E+00, 0.000000E+00, 0.000000E+00, 2.291799E-02, 4.146391E-02,-2.096863E-01, 9.310269E+01, 0.000000E+00, 9.310269E+01, 0.000000E+00,NULL,NULL,NULL,NULL,0, 0.000000E+00,NULL,NULL,NULL,NULL,2, 9.310269E+01,0,data,8
47964,16450,940613,326,94C2, 9.127400E+01,0,2,2,0,2, 0.000000E+00, 0.000000E+00, 0.000000E+00, 0.000000E+00, 0.000000E+00, 0.000000E+00,-1.166897E-01, 9.212112E-02,-1.076698E+00, 9.347601E+01, 0.000000E+00, 9.347601E+01, 0.000000E+00,NULL,NULL,NULL,NULL,0, 0.000000E+00,NULL,NULL,NULL,NULL,2, 9.347601E+01,0,data,8
47964,16451,940613,329,94C2, 9.127400E+01,3,3,6,3,3,-1.788320E+00, 1.453937E+00,-1.278269E+00, 3.036546E+00, 2.989325E+00, 9.964417E-01,-1.864632E+00, 1.624375E+00,-4.884732E+00, 8.801706E+00, 0.000000E+00, 5.765160E+00, 0.000000E+00,NULL,NULL,NULL,NULL,0, 0.000000E+00,NULL,NULL,NULL,NULL,3, 0.000000E+00,0,data,8
47964,16452,940613,329,94C2, 9.127400E+01,9,0,9,9,0, 5.834177E-01, 5.707644E-01, 3.376999E+00, 6.649109E+00, 6.429511E+00, 7.143901E-01, 5.834177E-01, 5.707644E-01, 3.376999E+00, 6.649109E+00, 4.381395E+00, 0.000000E+00, 0.000000E+00,1, 0.000000E+00,0, 0.000000E+00,0, 0.000000E+00,NULL,NULL,NULL,NULL,NULL,NULL,0,data,8
47964,16455,940613,331,94C2, 9.127400E+01,22,20,42,22,20, 1.971527E+01, 7.447135E+00, 4.745946E-01, 5.640647E+01, 5.593127E+01, 2.542330E+00, 8.298015E+00, 3.106267E+00, 1.994761E+00, 9.636820E+01, 5.529733E+01, 2.282091E+01, 7.415839E+00,21, 1.019478E+01,0, 0.000000E+00,0, 0.000000E+00,14, 3.072255E+01, 3.256219E-01, 6.034340E+00,NULL,NULL,1,data,8
47964,16457,940613,331,94C2, 9.127400E+01,3,1,4,3,1,-1.085072E-01,-5.842414E-01, 4.893459E-01, 1.152303E+00, 1.016752E+00, 3.389175E-01,-1.077850E-01,-5.427338E-01,-7.659657E-01, 2.408300E+00, 0.000000E+00, 1.255998E+00, 0.000000E+00,NULL,NULL,NULL,NULL,0, 0.000000E+00,NULL,NULL,NULL,NULL,1, 0.000000E+00,0,data,8
47964,16461,940613,334,94C2, 9.127400E+01,0,2,2,0,2, 0.000000E+00, 0.000000E+00, 0.000000E+00, 0.000000E+00, 0.000000E+00, 0.000000E+00, 1.875157E-01, 2.461610E-01, 2.814800E+00, 9.017955E+01, 0.000000E+00, 9.017955E+01, 0.000000E+00,NULL,NULL,NULL,NULL,0, 0.000000E+00,NULL,NULL,NULL,NULL,2, 9.017955E+01,0,data,8
47964,16462,940613,334,94C2, 9.127400E+01,26,13,39,26,13,-1.631602E+01, 2.523327E+00, 5.479023E+00, 6.664263E+01, 6.606400E+01, 2.540923E+00,-2.360164E+01, 3.520887E+00, 6.876091E+00, 8.324947E+01, 6.228962E+01, 1.660684E+01, 0.000000E+00,14, 6.263811E+00,0, 0.000000E+00,0, 0.000000E+00,11, 1.289931E+01, 5.063961E-01, 2.076399E+00,NULL,NULL,1,data,8
47964,16463,940613,336,94C2, 9.127400E+01,0,2,2,0,2, 0.000000E+00, 0.000000E+00, 0.000000E+00, 0.000000E+00, 0.000000E+00, 0.000000E+00, 3.952267E-01, 1.460323E-01,-1.125295E+01, 7.811237E+01, 0.000000E+00, 7.811237E+01, 0.000000E+00,NULL,NULL,NULL,NULL,0, 0.000000E+00,NULL,NULL,NULL,NULL,2, 7.811237E+01,0,data,8
47964,16465,940613,336,94C2, 9.127400E+01,0,2,2,0,2, 0.000000E+00, 0.000000E+00, 0.000000E+00, 0.000000E+00, 0.000000E+00, 0.000000E+00,-1.467373E-02,-9.262323E-03,-1.049679E+00, 8.864261E+01, 0.000000E+00, 8.864261E+01, 0.000000E+00,NULL,NULL,NULL,NULL,0, 0.000000E+00,NULL,NULL,NULL,NULL,2, 8.864261E+01,0,data,8
47964,16467,940613,336,94C2, 9.127400E+01,0,2,2,0,2, 0.000000E+00, 0.000000E+00, 0.000000E+00, 0.000000E+00, 0.000000E+00, 0.000000E+00, 2.877142E-01, 8.526003E-02,-2.429447E+00, 9.384306E+01, 0.000000E+00, 9.384306E+01, 0.000000E+00,NULL,NULL,NULL,NULL,0, 0.000000E+00,NULL,NULL,NULL,NULL,2, 9.384306E+01,0,data,8
47964,16471,940613,337,94C2, 9.127400E+01,45,25,70,45,25, 3.084229E+00, 9.114416E+00, 1.214125E+01, 5.174673E+01, 5.070248E+01, 1.126722E+00, 1.120074E+00, 5.384490E+00, 6.414175E+00, 8.032606E+01, 4.501553E+01, 2.658026E+01, 1.476703E+00,10, 1.830770E+00,18, 4.376338E+00,0, 0.000000E+00,3, 2.037581E+00, 5.223836E-01, 9.438785E-01,1, 0.000000E+00,1,data,8
47964,16474,940613,340,94C2, 9.127400E+01,29,24,53,29,24, 2.515490E+00,-5.006120E-03,-4.407299E+00, 6.542836E+01, 6.496333E+01, 2.240115E+00, 1.491719E+00, 5.696022E+00, 4.939925E-01, 1.007855E+02, 6.004740E+01, 1.634179E+01, 1.469644E+01,10, 1.485919E-01,5, 0.000000E+00,0, 0.000000E+00,9, 1.329592E+01, 4.453016E-01, 4.318951E+00,2, 0.000000E+00,1,data,8
47964,16476,940613,341,94C2, 9.127400E+01,0,2,2,0,2, 0.000000E+00, 0.000000E+00, 0.000000E+00, 0.000000E+00, 0.000000E+00, 0.000000E+00,-6.037748E-02,-1.370931E-02, 1.440651E+00, 9.428050E+01, 0.000000E+00, 9.428050E+01, 0.000000E+00,NULL,NULL,NULL,NULL,0, 0.000000E+00,NULL,NULL,NULL,NULL,2, 9.428050E+01,0,data,8
47964,16477,940613,341,94C2, 9.127400E+01,0,2,2,0,2, 0.000000E+00, 0.000000E+00, 0.000000E+00, 0.000000E+00, 0.000000E+00, 0.000000E+00, 1.985788E-03, 4.839283E-02,-1.056522E+00, 9.366969E+01, 0.000000E+00, 9.366969E+01, 0.000000E+00,NULL,NULL,NULL,NULL,0, 0.000000E+00,NULL,NULL,NULL,NULL,2, 9.366969E+01,0,data,8
47964,16479,940613,341,94C2, 9.127400E+01,0,4,4,0,4, 0.000000E+00, 0.000000E+00, 0.000000E+00, 0.000000E+00, 0.000000E+00, 0.000000E+00, 1.914851E+01,-3.996155E-01,-6.316171E-01, 2.685292E+01, 0.000000E+00, 2.685292E+01, 0.000000E+00,NULL,NULL,NULL,NULL,0, 0.000000E+00,NULL,NULL,NULL,NULL,NULL,NULL,0,data,8
47964,16484,940613,343,94C2, 9.127400E+01,29,13,42,29,13, 5.886394E+00,-9.002641E+00, 3.503341E+01, 5.142215E+01, 5.062831E+01, 1.745804E+00, 8.643850E+00,-9.051351E+00, 2.347844E+01, 8.407010E+01, 6.499012E+00, 2.933696E+01, 3.310981E+00,1, 0.000000E+00,5, 1.973914E+00,0, 0.000000E+00,1, 5.839407E-01, 5.839407E-01, 5.839407E-01,6, 0.000000E+00,0,data,8
47964,16485,940613,343,94C2, 9.127400E+01,50,16,66,50,16, 4.154425E+00, 4.801881E+00,-6.164717E+00, 6.941312E+01, 6.858626E+01, 1.371725E+00, 3.484838E+00, 3.352307E+00,-6.074660E+00, 8.066019E+01, 5.549942E+01, 8.885475E+00, 1.878492E+00,7, 0.000000E+00,4, 0.000000E+00,0, 0.000000E+00,7, 7.341395E+00, 4.830920E-01, 2.131777E+00,NULL,NULL,1,data,8
47964,16486,940613,347,94C2, 9.127400E+01,4,1,5,4,1, 2.266512E-01,-5.395625E-02,-1.186421E+00, 2.546685E+00, 2.460838E+00, 6.152094E-01, 7.272944E-02, 7.650756E-01,-2.129750E+01, 2.267502E+01, 0.000000E+00, 2.012834E+01, 0.000000E+00,NULL,NULL,NULL,NULL,0, 0.000000E+00,NULL,NULL,NULL,NULL,1, 0.000000E+00,0,data,8
47964,16487,940613,347,94C2, 9.127400E+01,0,2,2,0,2, 0.000000E+00, 0.000000E+00, 0.000000E+00, 0.000000E+00, 0.000000E+00, 0.000000E+00,-1.114225E-02,-1.727022E-02, 7.393875E-01, 8.956607E+01, 0.000000E+00, 8.956607E+01, 0.000000E+00,NULL,NULL,NULL,NULL,0, 0.000000E+00,NULL,NULL,NULL,NULL,2, 8.956607E+01,0,data,8
47964,16489,940613,347,94C2, 9.127400E+01,2,2,4,2,2,-3.677643E+00, 1.857506E+01,-7.055850E+00, 2.639455E+01, 2.639100E+01, 1.319550E+01,-3.934445E+00, 2.003254E+01,-7.681952E+00, 2.801321E+01, 2.639322E+01, 1.455998E+00, 1.626558E-01,3, 7.722133E+00,0, 0.000000E+00,0, 0.000000E+00,1, 1.455998E+00, 1.455998E+00, 1.455998E+00,NULL,NULL,0,data,8
47964,16494,940613,349,94C2, 9.127400E+01,0,2,2,0,2, 0.000000E+00, 0.000000E+00, 0.000000E+00, 0.000000E+00, 0.000000E+00, 0.000000E+00,-1.399446E-02, 7.977411E-03,-7.355156E-01, 9.171243E+01, 0.000000E+00, 9.171243E+01, 0.000000E+00,NULL,NULL,NULL,NULL,0, 0.000000E+00,NULL,NULL,NULL,NULL,2, 9.171243E+01,0,data,8
47964,16496,940613,349,94C2, 9.127400E+01,41,21,62,41,21, 1.942231E+01, 5.024634E+00,-3.917747E+01, 1.175121E+02, 1.167458E+02, 2.847458E+00, 1.902532E+01, 6.330270E+00,-4.241819E+01, 1.431900E+02, 5.100303E+01, 2.567785E+01, 0.000000E+00,6, 1.269949E+00,24, 5.906925E+00,0, 0.000000E+00,4, 7.350451E+00, 9.291630E-01, 2.298139E+00,NULL,NULL,1,data,8
47964,16500,940613,351,94C2, 9.127400E+01,26,26,52,26,26, 1.243983E+00, 6.486772E-01,-1.759065E+01, 6.830688E+01, 6.786224E+01, 2.610086E+00, 2.065382E+00,-9.248068E-01,-1.955306E+01, 9.521434E+01, 2.590944E+01, 1.836538E+01, 8.542068E+00,1, 0.000000E+00,18, 4.248341E+00,0, 0.000000E+00,NULL,NULL,NULL,NULL,5, 0.000000E+00,1,data,8
47964,16502,940613,351,94C2, 9.127400E+01,38,17,55,38,17, 5.631658E-01, 2.894380E+01,-6.444645E+02, 8.283784E+02, 8.277850E+02, 2.178382E+01, 1.849596E+00, 2.741984E+01,-6.425093E+02, 8.629646E+02, 2.895579E+01, 3.039578E+01, 4.190509E+00,2, 1.653855E-01,21, 7.944231E+00,0, 0.000000E+00,1, 5.819559E-01, 5.819559E-01, 5.819559E-01,2, 0.000000E+00,1,data,8
47964,16503,940613,352,94C2, 9.127400E+01,0,2,2,0,2, 0.000000E+00, 0.000000E+00, 0.000000E+00, 0.000000E+00, 0.000000E+00, 0.000000E+00,-3.411174E-02, 8.776915E-02,-3.548584E-01, 9.208386E+01, 0.000000E+00, 9.208386E+01, 0.000000E+00,NULL,NULL,NULL,NULL,0, 0.000000E+00,NULL,NULL,NULL,NULL,2, 9.208386E+01,0,data,8
47964,16504,940613,352,94C2, 9.127400E+01,0,2,2,0,2, 0.000000E+00, 0.000000E+00, 0.000000E+00, 0.000000E+00, 0.000000E+00, 0.000000E+00,-1.735568E-02, 4.666257E-02, 8.587685E-01, 9.485489E+01, 0.000000E+00, 9.485489E+01, 0.000000E+00,NULL,NULL,NULL,NULL,0, 0.000000E+00,NULL,NULL,NULL,NULL,2, 9.485489E+01,0,data,8
47964,16508,940613,355,94C2, 9.127400E+01,0,2,2,0,2, 0.000000E+00, 0.000000E+00, 0.000000E+00, 0.000000E+00, 0.000000E+00, 0.000000E+00,-4.536211E-02, 1.098677E-01,-2.848648E+00, 9.171147E+01, 0.000000E+00, 9.171147E+01, 0.000000E+00,NULL,NULL,NULL,NULL,0, 0.000000E+00,NULL,NULL,NULL,NULL,2, 9.171147E+01,0,data,8
47964,16510,940613,355,94C2, 9.127400E+01,8,3,11,8,3,-1.045856E-02, 5.701994E-01, 1.935023E+00, 4.734100E+00, 4.565004E+00, 5.706255E-01, 6.457108E-02, 2.406579E-01, 9.472744E+00, 1.234322E+01, 0.000000E+00, 7.609117E+00, 0.000000E+00,1, 0.000000E+00,1, 0.000000E+00,0, 0.000000E+00,NULL,NULL,NULL,NULL,2, 0.000000E+00,0,data,8
47964,16511,940613,355,94C2, 9.127400E+01,0,2,2,0,2, 0.000000E+00, 0.000000E+00, 0.000000E+00, 0.000000E+00, 0.000000E+00, 0.000000E+00, 1.135206E-02,-3.232169E-01, 2.614132E+00, 8.971506E+01, 0.000000E+00, 8.971506E+01, 0.000000E+00,NULL,NULL,NULL,NULL,0, 0.000000E+00,NULL,NULL,NULL,NULL,2, 8.971506E+01,0,data,8
47964,16512,940613,356,94C2, 9.127400E+01,30,11,41,30,11,-1.687306E+00,-1.557578E+01,-3.442589E+01, 6.997894E+01, 6.946709E+01, 2.315570E+00, 3.741123E+00,-1.369263E+01,-2.677437E+01, 9.443799E+01, 5.872318E+01, 1.544977E+01, 9.288979E+00,2, 0.000000E+00,10, 0.000000E+00,0, 0.000000E+00,1, 4.128823E+00, 4.128823E+00, 4.128823E+00,1, 0.000000E+00,1,data,8
47964,16522,940613,400,94C2, 9.127400E+01,0,2,2,0,2, 0.000000E+00, 0.000000E+00, 0.000000E+00, 0.000000E+00, 0.000000E+00, 0.000000E+00,-4.580474E-02, 8.228350E-02,-1.382061E+00, 9.269299E+01, 0.000000E+00, 9.269299E+01, 0.000000E+00,NULL,NULL,NULL,NULL,0, 0.000000E+00,NULL,NULL,NULL,NULL,2, 9.269299E+01,0,data,8
47964,16523,940613,400,94C2, 9.127400E+01,0,2,2,0,2, 0.000000E+00, 0.000000E+00, 0.000000E+00, 0.000000E+00, 0.000000E+00, 0.000000E+00, 3.382289E-02, 1.012032E-01,-8.196831E-01, 9.406158E+01, 0.000000E+00, 9.406158E+01, 0.000000E+00,NULL,NULL,NULL,NULL,0, 0.000000E+00,NULL,NULL,NULL,NULL,2, 9.406158E+01,0,data,8
47964,16524,940613,400,94C2, 9.127400E+01,4,2,6,4,2, 8.277003E+00,-1.086555E+00, 3.084484E+01, 3.200960E+01, 3.199997E+01, 7.999993E+00, 1.747496E+00,-6.951599E-01,-7.206661E+00, 7.330933E+01, 0.000000E+00, 4.129972E+01, 0.000000E+00,0, 0.000000E+00,2, 1.978056E+01,0, 0.000000E+00,NULL,NULL,NULL,NULL,2, 0.000000E+00,0,data,8
47964,16529,940613,404,94C2, 9.127400E+01,2,0,2,2,0,-2.799435E+01, 5.487500E+01, 6.919917E+01, 1.159054E+02, 1.159045E+02, 5.795224E+01,-2.799435E+01, 5.487500E+01, 6.919917E+01, 1.159054E+02, 0.000000E+00, 0.000000E+00, 0.000000E+00,1, 0.000000E+00,1, 2.478444E-01,0, 0.000000E+00,NULL,NULL,NULL,NULL,NULL,NULL,0,data,8
47964,16536,940613,404,94C2, 9.127400E+01,31,15,46,31,15,-1.731951E+01, 4.834924E-01,-3.742164E+00, 6.125755E+01, 6.060635E+01, 1.955044E+00, 1.322253E-01, 1.565839E-01, 4.127918E-01, 1.021612E+02, 3.771591E+01, 3.452672E+01, 5.344663E+00,20, 1.958136E+01,0, 0.000000E+00,0, 0.000000E+00,13, 3.463288E+01, 2.754883E-01, 7.181431E+00,NULL,NULL,1,data,8
47964,16537,940613,404,94C2, 9.127400E+01,28,23,51,28,23, 1.101660E+00,-1.050786E+00,-7.698041E-01, 7.081068E+01, 7.034173E+01, 2.512205E+00,-1.186482E+00,-1.764482E-01,-2.787842E+00, 9.200043E+01, 6.682552E+01, 1.225876E+01, 5.859647E+00,9, 1.002132E+00,10, 0.000000E+00,0, 0.000000E+00,7, 6.682790E+00, 5.511640E-01, 1.653298E+00,NULL,NULL,1,data,8
47964,16542,940613,407,94C2, 9.127400E+01,0,2,2,0,2, 0.000000E+00, 0.000000E+00, 0.000000E+00, 0.000000E+00, 0.000000E+00, 0.000000E+00, 1.165593E-01, 6.098249E-01,-9.981613E-01, 8.934526E+01, 0.000000E+00, 8.934526E+01, 0.000000E+00,NULL,NULL,NULL,NULL,0, 0.000000E+00,NULL,NULL,NULL,NULL,2, 8.934526E+01,0,data,8
47964,16545,940613,407,94C2, 9.127400E+01,15,13,28,15,13, 1.724820E+01, 1.467523E+01,-1.970681E+01, 5.720886E+01, 5.711746E+01, 3.807831E+00, 1.384479E+01, 1.335265E+01,-1.774465E+01, 1.034068E+02, 5.577332E+01, 6.884415E+00, 3.932080E+01,9, 4.015674E+00,2, 0.000000E+00,0, 0.000000E+00,5, 5.017498E+00, 5.188683E-01, 1.996128E+00,1, 0.000000E+00,1,data,8
47964,16547,940613,410,94C2, 9.127400E+01,0,2,2,0,2, 0.000000E+00, 0.000000E+00, 0.000000E+00, 0.000000E+00, 0.000000E+00, 0.000000E+00,-2.980030E-02,-5.486751E-02,-1.407612E+00, 9.051902E+01, 0.000000E+00, 9.051902E+01, 0.000000E+00,NULL,NULL,NULL,NULL,0, 0.000000E+00,NULL,NULL,NULL,NULL,2, 9.051902E+01,0,data,8
47964,16550,940613,410,94C2, 9.127400E+01,0,2,2,0,2, 0.000000E+00, 0.000000E+00, 0.000000E+00, 0.000000E+00, 0.000000E+00, 0.000000E+00, 2.193873E-01, 1.280656E-01,-1.460125E+00, 9.166611E+01, 0.000000E+00, 9.166611E+01, 0.000000E+00,NULL,NULL,NULL,NULL,0, 0.000000E+00,NULL,NULL,NULL,NULL,2, 9.166611E+01,0,data,8
47964,16551,940613,410,94C2, 9.127400E+01,25,17,42,25,17, 1.445591E+00, 4.215551E+01, 1.693743E+01, 8.758874E+01, 8.715984E+01, 3.486393E+00, 1.755268E+00, 2.195677E+01, 8.934072E+00, 1.392286E+02, 3.500673E+01, 3.233131E+01, 4.371096E+00,16, 1.484514E+00,0, 0.000000E+00,0, 0.000000E+00,13, 4.726882E+01, 5.166837E-01, 1.300161E+01,NULL,NULL,1,data,8
47964,16552,940613,412,94C2, 9.127400E+01,2,1,3,2,1,-1.005100E-01, 1.853951E-01,-5.013258E+00, 5.403621E+00, 5.395860E+00, 2.697930E+00,-2.172903E-01, 4.309802E-02,-5.323702E+00, 5.764540E+00, 1.985840E+00, 3.609185E-01, 0.000000E+00,0, 0.000000E+00,2, 1.092779E+00,0, 0.000000E+00,NULL,NULL,NULL,NULL,NULL,NULL,0,data,8
47964,16559,940613,413,94C2, 9.127400E+01,4,2,6,4,2, 4.147765E+00,-1.254479E+00,-7.870027E-01, 5.350089E+00, 5.227861E+00, 1.306965E+00, 4.553601E+00,-1.367271E+00, 2.747005E+00, 1.285178E+01, 0.000000E+00, 7.501690E+00, 0.000000E+00,NULL,NULL,NULL,NULL,0, 0.000000E+00,NULL,NULL,NULL,NULL,2, 0.000000E+00,0,data,8
47964,16560,940613,413,94C2, 9.127400E+01,38,10,48,38,10,-1.500380E+00,-7.866976E+00,-5.488297E-01, 1.005666E+02, 9.992762E+01, 2.629674E+00,-3.278704E+00,-1.066982E+01,-2.798020E+00, 1.184525E+02, 6.486855E+01, 1.614016E+01, 0.000000E+00,12, 6.301460E+00,0, 0.000000E+00,0, 0.000000E+00,8, 1.574905E+01, 3.558393E-01, 6.599699E+00,NULL,NULL,1,data,8
47964,16563,940613,416,94C2, 9.127400E+01,0,2,2,0,2, 0.000000E+00, 0.000000E+00, 0.000000E+00, 0.000000E+00, 0.000000E+00, 0.000000E+00, 1.782453E-02,-1.502681E-02,-9.883499E-01, 9.077339E+01, 0.000000E+00, 9.077339E+01, 0.000000E+00,NULL,NULL,NULL,NULL,0, 0.000000E+00,NULL,NULL,NULL,NULL,2, 9.077339E+01,0,data,8
47964,16564,940613,416,94C2, 9.127400E+01,0,2,2,0,2, 0.000000E+00, 0.000000E+00, 0.000000E+00, 0.000000E+00, 0.000000E+00, 0.000000E+00, 1.643649E-01, 7.653642E-02,-2.029934E+00, 9.154605E+01, 0.000000E+00, 9.154605E+01, 0.000000E+00,NULL,NULL,NULL,NULL,0, 0.000000E+00,NULL,NULL,NULL,NULL,2, 9.154605E+01,0,data,8
47964,16565,940613,416,94C2, 9.127400E+01,0,2,2,0,2, 0.000000E+00, 0.000000E+00, 0.000000E+00, 0.000000E+00, 0.000000E+00, 0.000000E+00, 7.322085E-02, 1.402862E-01, 5.669724E+00, 9.263586E+01, 0.000000E+00, 9.263586E+01, 0.000000E+00,NULL,NULL,NULL,NULL,0, 0.000000E+00,NULL,NULL,NULL,NULL,2, 9.263586E+01,0,data,8
47964,16566,940613,416,94C2, 9.127400E+01,3,1,4,3,1,-2.670611E-01,-3.601600E-01,-2.093782E+00, 2.596200E+00, 2.561757E+00, 8.539190E-01,-4.591625E-01,-3.790804E-01,-2.452941E+00, 3.003945E+00, 2.596200E+00, 4.077454E-01, 0.000000E+00,NULL,NULL,NULL,NULL,0, 0.000000E+00,NULL,NULL,NULL,NULL,NULL,NULL,0,data,8
47964,16569,940613,421,94C2, 9.127400E+01,4,10,14,4,10, 6.350379E+00, 8.088976E+00, 1.446525E+01, 7.024944E+01, 7.023956E+01, 1.755989E+01, 6.501024E+00, 7.907609E+00, 1.505883E+01, 8.081107E+01, 7.024881E+01, 9.238623E+00, 1.322998E+00,1, 0.000000E+00,8, 1.940504E+00,0, 0.000000E+00,1, 9.268015E-01, 9.268015E-01, 9.268015E-01,NULL,NULL,0,data,8
47964,16570,940613,421,94C2, 9.127400E+01,2,1,3,2,1,-6.363418E+00, 1.791087E+00, 5.882041E+00, 8.991622E+00, 8.891104E+00, 4.445552E+00,-7.719721E+00, 1.469282E+00,-2.421028E+01, 3.911621E+01, 0.000000E+00, 3.012459E+01, 0.000000E+00,NULL,NULL,NULL,NULL,0, 0.000000E+00,NULL,NULL,NULL,NULL,1, 0.000000E+00,0,data,8
47964,16574,940613,421,94C2, 9.127400E+01,0,2,2,0,2, 0.000000E+00, 0.000000E+00, 0.000000E+00, 0.000000E+00, 0.000000E+00, 0.000000E+00,-3.899425E-02, 6.966233E-02,-4.506416E-01, 9.045806E+01, 0.000000E+00, 9.045806E+01, 0.000000E+00,NULL,NULL,NULL,NULL,0, 0.000000E+00,NULL,NULL,NULL,NULL,2, 9.045806E+01,0,data,8
47964,16576,940613,425,94C2, 9.127400E+01,0,2,2,0,2, 0.000000E+00, 0.000000E+00, 0.000000E+00, 0.000000E+00, 0.000000E+00, 0.000000E+00, 9.665930E-02,-5.420113E-02, 1.396343E+00, 8.934145E+01, 0.000000E+00, 8.934145E+01, 0.000000E+00,NULL,NULL,NULL,NULL,0, 0.000000E+00,NULL,NULL,NULL,NULL,2, 8.934145E+01,0,data,8
47964,16579,940613,425,94C2, 9.127400E+01,2,0,2,2,0, 3.398703E+01,-4.963744E+01, 7.835682E+00, 1.559061E+02, 1.559058E+02, 7.795288E+01, 3.398703E+01,-4.963744E+01, 7.835682E+00, 1.559061E+02, 0.000000E+00, 0.000000E+00, 0.000000E+00,2, 9.727585E-02,0, 0.000000E+00,0, 0.000000E+00,NULL,NULL,NULL,NULL,NULL,NULL,0,data,8
47964,16582,940613,427,94C2, 9.127400E+01,36,8,44,36,8, 1.012958E+01, 1.883940E+01, 6.462692E+00, 5.002058E+01, 4.925098E+01, 1.368083E+00,-2.256901E+00, 4.363829E-02,-2.911421E+00, 8.555808E+01, 4.534664E+01, 3.195496E+01, 2.789808E+00,13, 1.931168E+00,0, 0.000000E+00,0, 0.000000E+00,6, 3.274769E+01, 6.357375E-01, 2.752432E+01,NULL,NULL,1,data,8
47964,16588,940613,430,94C2, 9.127400E+01,0,3,3,0,3, 0.000000E+00, 0.000000E+00, 0.000000E+00, 0.000000E+00, 0.000000E+00, 0.000000E+00, 9.207833E-02, 1.266643E-01,-4.485241E+01, 4.524546E+01, 0.000000E+00, 4.524546E+01, 0.000000E+00,0, 0.000000E+00,2, 2.116329E+00,0, 0.000000E+00,NULL,NULL,NULL,NULL,1, 3.246554E+01,0,data,8
47964,16590,940613,430,94C2, 9.127400E+01,0,3,3,0,3, 0.000000E+00, 0.000000E+00, 0.000000E+00, 0.000000E+00, 0.000000E+00, 0.000000E+00,-1.372866E-02, 1.539299E-01, 3.879471E+00, 9.327586E+01, 0.000000E+00, 9.327586E+01, 0.000000E+00,NULL,NULL,NULL,NULL,0, 0.000000E+00,NULL,NULL,NULL,NULL,3, 9.327586E+01,0,data,8
47964,16591,940613,430,94C2, 9.127400E+01,0,2,2,0,2, 0.000000E+00, 0.000000E+00, 0.000000E+00, 0.000000E+00, 0.000000E+00, 0.000000E+00, 6.006694E-02,-1.456183E-01,-2.303658E-01, 9.142142E+01, 0.000000E+00, 9.142142E+01, 0.000000E+00,NULL,NULL,NULL,NULL,0, 0.000000E+00,NULL,NULL,NULL,NULL,2, 9.142142E+01,0,data,8
47964,16593,940613,430,94C2, 9.127400E+01,0,2,2,0,2, 0.000000E+00, 0.000000E+00, 0.000000E+00, 0.000000E+00, 0.000000E+00, 0.000000E+00, 1.904597E-01, 6.360916E-02, 4.591118E+00, 8.662085E+01, 0.000000E+00, 8.662085E+01, 0.000000E+00,NULL,NULL,NULL,NULL,0, 0.000000E+00,NULL,NULL,NULL,NULL,2, 8.662085E+01,0,data,8
47964,16596,940613,430,94C2, 9.127400E+01,31,11,42,31,11,-9.033188E+01, 5.251353E+00,-3.248862E+02, 4.170075E+02, 4.166201E+02, 1.343936E+01,-9.102937E+01, 6.134153E+00,-3.269377E+02, 4.333202E+02, 3.187010E+01, 1.576775E+01, 5.449377E-01,1, 0.000000E+00,15, 9.792768E+00,0, 0.000000E+00,1, 1.509417E+00, 1.509417E+00, 1.509417E+00,NULL,NULL,1,data,8
47964,16600,940613,431,94C2, 9.127400E+01,24,9,33,24,9, 3.894031E+00, 2.584160E+00,-1.718815E+00, 7.898481E+01, 7.839152E+01, 3.266313E+00, 3.332053E+00, 1.769032E+00,-1.580165E+00, 8.567150E+01, 7.681393E+01, 5.532725E+00, 4.360799E-01,10, 1.832046E+00,2, 0.000000E+00,0, 0.000000E+00,5, 4.674348E+00, 4.408246E-01, 1.864384E+00,NULL,NULL,1,data,8
47964,16601,940613,431,94C2, 9.127400E+01,52,21,73,52,21, 6.041162E+00, 5.143848E+00,-3.103726E+00, 7.006458E+01, 6.909717E+01, 1.328792E+00, 4.611573E+00,-4.761742E+00,-5.582649E+00, 9.308719E+01, 5.233759E+01, 1.650517E+01, 3.039403E+00,20, 3.967422E+00,1, 0.000000E+00,0, 0.000000E+00,14, 1.705172E+01, 4.767378E-01, 3.129069E+00,4, 0.000000E+00,1,data,8
47964,16603,940613,435,94C2, 9.127400E+01,24,26,50,24,26, 7.828010E+00,-6.951652E+00, 8.919474E-01, 3.020942E+01, 2.974579E+01, 1.239408E+00,-7.646208E+00, 6.135609E+00,-6.314155E+00, 8.620149E+01, 2.828692E+01, 2.383759E+01, 2.561417E+01,16, 9.789979E-02,1, 0.000000E+00,0, 0.000000E+00,13, 2.168031E+01, 4.595828E-01, 4.676763E+00,1, 0.000000E+00,1,data,8
47964,16604,940613,435,94C2, 9.127400E+01,0,2,2,0,2, 0.000000E+00, 0.000000E+00, 0.000000E+00, 0.000000E+00, 0.000000E+00, 0.000000E+00, 2.371740E-02, 5.250394E-02,-4.094124E-01, 9.120743E+01, 0.000000E+00, 9.120743E+01, 0.000000E+00,NULL,NULL,NULL,NULL,0, 0.000000E+00,NULL,NULL,NULL,NULL,2, 9.120743E+01,0,data,8
47964,16605,940613,435,94C2, 9.127400E+01,0,2,2,0,2, 0.000000E+00, 0.000000E+00, 0.000000E+00, 0.000000E+00, 0.000000E+00, 0.000000E+00, 1.407226E-01, 1.022891E-01,-1.716678E+01, 7.651135E+01, 0.000000E+00, 7.651135E+01, 0.000000E+00,NULL,NULL,NULL,NULL,0, 0.000000E+00,NULL,NULL,NULL,NULL,2, 7.651135E+01,0,data,8
47964,16611,940613,435,94C2, 9.127400E+01,24,12,36,24,12, 3.558988E+00, 7.212184E+00,-4.829268E-01, 2.910052E+01, 2.867255E+01, 1.194689E+00, 1.478709E+00, 4.348449E+00,-4.121588E+00, 5.452606E+01, 2.796808E+01, 1.155620E+01, 1.254051E+01,4, 3.479315E-01,7, 0.000000E+00,0, 0.000000E+00,3, 3.684382E+00, 5.100579E-01, 1.845500E+00,1, 0.000000E+00,1,data,8
47964,16614,940613,438,94C2, 9.127400E+01,35,12,47,35,12, 1.586026E+00, 4.423952E+00,-8.660053E+00, 5.807271E+01, 5.747755E+01, 1.642216E+00,-6.801908E+00,-2.328963E+00, 8.165606E+00, 8.635164E+01, 5.431773E+01, 2.568222E+01, 2.124687E+00,8, 1.099303E-01,4, 7.009013E-01,0, 0.000000E+00,5, 6.473026E+00, 4.720333E-01, 2.582731E+00,NULL,NULL,1,data,8
47964,16616,940613,439,94C2, 9.127400E+01,2,0,2,2,0, 1.689577E-02,-8.825779E-03,-7.161617E-03, 6.613203E+00, 6.607309E+00, 3.303655E+00, 1.689577E-02,-8.825779E-03,-7.161617E-03, 6.613203E+00, 0.000000E+00, 0.000000E+00, 0.000000E+00,1, 0.000000E+00,0, 0.000000E+00,0, 0.000000E+00,NULL,NULL,NULL,NULL,NULL,NULL,0,data,8
47964,16618,940613,439,94C2, 9.127400E+01,0,2,2,0,2, 0.000000E+00, 0.000000E+00, 0.000000E+00, 0.000000E+00, 0.000000E+00, 0.000000E+00,-3.057928E-01, 2.121439E-01,-4.573673E+00, 8.906897E+01, 0.000000E+00, 8.906897E+01, 0.000000E+00,NULL,NULL,NULL,NULL,0, 0.000000E+00,NULL,NULL,NULL,NULL,2, 8.906897E+01,0,data,8
47964,16619,940613,439,94C2, 9.127400E+01,1,2,3,1,2, 1.358637E+00, 1.868300E+00,-1.110798E+00, 2.567059E+00, 2.563262E+00, 2.563262E+00,-3.875253E-01,-7.044604E-01,-4.454052E+01, 4.641923E+01, 2.563262E+00, 4.385217E+01, 0.000000E+00,2, 1.641731E+00,0, 0.000000E+00,0, 0.000000E+00,1, 4.867181E-01, 4.867181E-01, 4.867181E-01,1, 0.000000E+00,0,data,8
47964,16624,940613,439,94C2, 9.127400E+01,0,2,2,0,2, 0.000000E+00, 0.000000E+00, 0.000000E+00, 0.000000E+00, 0.000000E+00, 0.000000E+00, 1.808441E-02, 7.833230E-02, 2.876663E-01, 9.261562E+01, 0.000000E+00, 9.261562E+01, 0.000000E+00,NULL,NULL,NULL,NULL,0, 0.000000E+00,NULL,NULL,NULL,NULL,2, 9.261562E+01,0,data,8
47964,16625,940613,442,94C2, 9.127400E+01,2,2,4,2,2, 2.967824E-01,-1.006415E+00, 1.383181E+00, 2.957109E+00, 2.943640E+00, 1.471820E+00, 1.311988E-01,-1.281559E+00, 2.816161E+00, 5.375006E+00, 2.957109E+00, 2.417897E+00, 0.000000E+00,1, 0.000000E+00,2, 7.557108E-01,0, 0.000000E+00,1, 9.565395E-01, 9.565395E-01, 9.565395E-01,NULL,NULL,0,data,8
47964,16631,940613,442,94C2, 9.127400E+01,55,15,70,55,15, 3.978425E+00, 4.854053E+00, 2.476196E+00, 6.467013E+01, 6.315801E+01, 1.148327E+00, 1.540141E+00,-2.340458E+00,-4.627059E-01, 8.693580E+01, 5.782777E+01, 2.043763E+01, 1.360317E+00,11, 9.808195E-02,7, 0.000000E+00,0, 0.000000E+00,7, 1.616969E+01, 4.677128E-01, 1.059609E+01,NULL,NULL,1,data,8
47964,16632,940613,443,94C2, 9.127400E+01,16,26,42,16,26, 9.259233E+00, 3.001311E+00,-3.051637E+01, 3.588474E+01, 3.555542E+01, 2.222214E+00, 4.933115E+00, 1.760527E+00,-1.745659E+01, 7.258234E+01, 5.369538E-01, 2.857820E+01, 8.119400E+00,2, 0.000000E+00,16, 1.385242E+00,0, 0.000000E+00,2, 2.152122E+00, 8.858874E-01, 1.266235E+00,4, 0.000000E+00,0,data,8
47964,16633,940613,445,94C2, 9.127400E+01,0,2,2,0,2, 0.000000E+00, 0.000000E+00, 0.000000E+00, 0.000000E+00, 0.000000E+00, 0.000000E+00, 4.467338E-02, 8.542228E-02,-8.189198E+00, 7.581248E+01, 0.000000E+00, 7.581248E+01, 0.000000E+00,NULL,NULL,NULL,NULL,0, 0.000000E+00,NULL,NULL,NULL,NULL,2, 7.581248E+01,0,data,8
47964,16635,940613,445,94C2, 9.127400E+01,37,7,44,37,7,-3.657940E+00,-9.918453E-01,-1.088131E+00, 8.345135E+01, 8.271315E+01, 2.235491E+00, 4.173542E-01, 1.822881E+00, 1.022891E+00, 9.647291E+01, 7.141355E+01, 1.240477E+01, 0.000000E+00,10, 2.126473E+00,0, 0.000000E+00,0, 0.000000E+00,6, 1.186673E+01, 6.167930E-01, 5.949677E+00,NULL,NULL,1,data,8
47964,16637,940613,445,94C2, 9.127400E+01,33,14,47,33,14, 1.691646E-01,-1.393132E+00, 1.683527E+00, 4.860464E+01, 4.798075E+01, 1.453962E+00, 5.822351E+00,-3.646978E+00, 9.898431E+00, 8.017702E+01, 4.179648E+01, 1.590941E+01, 1.567114E+01,1, 0.000000E+00,16, 7.812195E-01,0, 0.000000E+00,NULL,NULL,NULL,NULL,NULL,NULL,1,data,8
47964,16638,940613,445,94C2, 9.127400E+01,4,3,7,4,3,-9.071072E+00, 2.157327E+01, 6.932927E+01, 8.174532E+01, 8.173135E+01, 2.043284E+01,-9.574586E+00, 2.121982E+01, 6.832871E+01, 8.334470E+01, 0.000000E+00, 1.599383E+00, 0.000000E+00,0, 0.000000E+00,4, 6.596312E+01,0, 0.000000E+00,NULL,NULL,NULL,NULL,NULL,NULL,0,data,8
47964,16642,940613,446,94C2, 9.127400E+01,20,14,34,20,14,-2.080167E+01, 1.050312E+01,-5.216181E+00, 3.270510E+01, 3.212209E+01, 1.606105E+00, 9.667624E+00,-5.624905E+00,-8.158153E-02, 8.666174E+01, 2.894468E+01, 1.399942E+01, 3.945214E+01,8, 3.619766E+00,0, 0.000000E+00,0, 0.000000E+00,5, 1.325469E+01, 5.059971E-01, 9.807546E+00,NULL,NULL,1,data,8
47964,16646,940613,450,94C2, 9.127400E+01,0,2,2,0,2, 0.000000E+00, 0.000000E+00, 0.000000E+00, 0.000000E+00, 0.000000E+00, 0.000000E+00, 1.140859E-01, 6.885481E-02, 1.413744E+01, 7.799706E+01, 0.000000E+00, 7.799706E+01, 0.000000E+00,NULL,NULL,NULL,NULL,0, 0.000000E+00,NULL,NULL,NULL,NULL,2, 7.799706E+01,0,data,8
47964,16651,940613,450,94C2, 9.127400E+01,0,2,2,0,2, 0.000000E+00, 0.000000E+00, 0.000000E+00, 0.000000E+00, 0.000000E+00, 0.000000E+00, 2.266312E-02,-1.754372E-01, 3.597641E-02, 9.254100E+01, 0.000000E+00, 9.254100E+01, 0.000000E+00,NULL,NULL,NULL,NULL,0, 0.000000E+00,NULL,NULL,NULL,NULL,2, 9.254100E+01,0,data,8
47964,16652,940613,450,94C2, 9.127400E+01,0,2,2,0,2, 0.000000E+00, 0.000000E+00, 0.000000E+00, 0.000000E+00, 0.000000E+00, 0.000000E+00, 1.598215E-01, 1.132226E-02, 3.096413E+00, 9.185228E+01, 0.000000E+00, 9.185228E+01, 0.000000E+00,NULL,NULL,NULL,NULL,0, 0.000000E+00,NULL,NULL,NULL,NULL,2, 9.185228E+01,0,data,8
47964,16654,940613,452,94C2, 9.127400E+01,0,2,2,0,2, 0.000000E+00, 0.000000E+00, 0.000000E+00, 0.000000E+00, 0.000000E+00, 0.000000E+00, 4.213901E-01,-2.382314E-01, 4.602112E+00, 9.330170E+01, 0.000000E+00, 9.330170E+01, 0.000000E+00,NULL,NULL,NULL,NULL,0, 0.000000E+00,NULL,NULL,NULL,NULL,2, 9.330170E+01,0,data,8
47964,16656,940613,452,94C2, 9.127400E+01,0,2,2,0,2, 0.000000E+00, 0.000000E+00, 0.000000E+00, 0.000000E+00, 0.000000E+00, 0.000000E+00,-4.769778E-02,-8.462280E-02, 5.491867E-01, 9.220093E+01, 0.000000E+00, 9.220093E+01, 0.000000E+00,NULL,NULL,NULL,NULL,0, 0.000000E+00,NULL,NULL,NULL,NULL,2, 9.220093E+01,0,data,8
47964,16659,940613,452,94C2, 9.127400E+01,9,1,10,9,1, 8.649155E-01, 1.073074E+00,-3.892903E+00, 7.116594E+00, 6.912867E+00, 7.680963E-01, 5.076512E-01, 1.161033E+00,-1.258709E+01, 1.581857E+01, 0.000000E+00, 8.701973E+00, 0.000000E+00,1, 0.000000E+00,0, 0.000000E+00,0, 0.000000E+00,NULL,NULL,NULL,NULL,1, 0.000000E+00,0,data,8
47964,16660,940613,457,94C2, 9.127400E+01,0,6,6,0,6, 0.000000E+00, 0.000000E+00, 0.000000E+00, 0.000000E+00, 0.000000E+00, 0.000000E+00, 5.743657E+00, 7.818343E+00,-3.109188E+01, 3.889107E+01, 0.000000E+00, 3.280175E+01, 0.000000E+00,5, 5.734544E+00,0, 0.000000E+00,0, 0.000000E+00,5, 9.280199E+00, 4.911093E-01, 6.089321E+00,1, 2.961088E+01,0,data,8
47964,16663,940613,458,94C2, 9.127400E+01,0,2,2,0,2, 0.000000E+00, 0.000000E+00, 0.000000E+00, 0.000000E+00, 0.000000E+00, 0.000000E+00, 1.111803E-01, 4.518509E-02, 5.785904E-01, 9.333147E+01, 0.000000E+00, 9.333147E+01, 0.000000E+00,NULL,NULL,NULL,NULL,0, 0.000000E+00,NULL,NULL,NULL,NULL,2, 9.333147E+01,0,data,8
47964,16670,940613,500,94C2, 9.127400E+01,2,0,2,2,0, 1.242530E+01,-1.395860E+01,-3.273694E+01, 1.232628E+02, 1.232625E+02, 6.163123E+01, 1.242530E+01,-1.395860E+01,-3.273694E+01, 1.232628E+02, 1.232628E+02, 0.000000E+00, 0.000000E+00,0, 0.000000E+00,2, 9.341934E+01,0, 0.000000E+00,NULL,NULL,NULL,NULL,NULL,NULL,0,data,8
47964,16672,940613,500,94C2, 9.127400E+01,0,2,2,0,2, 0.000000E+00, 0.000000E+00, 0.000000E+00, 0.000000E+00, 0.000000E+00, 0.000000E+00, 2.185960E-01, 1.128676E-01, 1.698223E+00, 9.079614E+01, 0.000000E+00, 9.079614E+01, 0.000000E+00,NULL,NULL,NULL,NULL,0, 0.000000E+00,NULL,NULL,NULL,NULL,2, 9.079614E+01,0,data,8
47964,16673,940613,500,94C2, 9.127400E+01,4,3,7,4,3, 1.130246E-01, 8.103992E-01, 1.753806E+00, 2.283498E+00, 2.194294E+00, 5.485735E-01, 4.574439E-01, 6.498912E-01, 2.947806E+00, 3.547338E+00, 1.477927E+00, 1.263840E+00, 0.000000E+00,0, 0.000000E+00,1, 0.000000E+00,0, 0.000000E+00,NULL,NULL,NULL,NULL,1, 0.000000E+00,0,data,8
47964,16675,940613,506,94C2, 9.127400E+01,2,0,2,2,0,-1.273551E+00,-1.034063E+01, 1.413966E+01, 4.295680E+01, 4.295572E+01, 2.147786E+01,-1.273551E+00,-1.034063E+01, 1.413966E+01, 4.295680E+01, 0.000000E+00, 0.000000E+00, 0.000000E+00,NULL,NULL,NULL,NULL,0, 0.000000E+00,NULL,NULL,NULL,NULL,NULL,NULL,0,data,8
47964,16676,940613,506,94C2, 9.127400E+01,0,2,2,0,2, 0.000000E+00, 0.000000E+00, 0.000000E+00, 0.000000E+00, 0.000000E+00, 0.000000E+00,-3.080696E-03,-8.261442E-03, 1.280212E-01, 9.024124E+01, 0.000000E+00, 9.024124E+01, 0.000000E+00,NULL,NULL,NULL,NULL,0, 0.000000E+00,NULL,NULL,NULL,NULL,2, 9.024124E+01,0,data,8
47964,16679,940613,506,94C2, 9.127400E+01,0,2,2,0,2, 0.000000E+00, 0.000000E+00, 0.000000E+00, 0.000000E+00, 0.000000E+00, 0.000000E+00, 1.032270E-01,-1.391983E-02, 3.319969E-01, 9.275839E+01, 0.000000E+00, 9.275839E+01, 0.000000E+00,NULL,NULL,NULL,NULL,0, 0.000000E+00,NULL,NULL,NULL,NULL,2, 9.275839E+01,0,data,8
47964,16682,940613,506,94C2, 9.127400E+01,0,2,2,0,2, 0.000000E+00, 0.000000E+00, 0.000000E+00, 0.000000E+00, 0.000000E+00, 0.000000E+00, 1.077695E-01,-3.196001E-02, 8.019295E-01, 8.959842E+01, 0.000000E+00, 8.959842E+01, 0.000000E+00,NULL,NULL,NULL,NULL,0, 0.000000E+00,NULL,NULL,NULL,NULL,2, 8.959842E+01,0,data,8
47964,16683,940613,506,94C2, 9.127400E+01,0,2,2,0,2, 0.000000E+00, 0.000000E+00, 0.000000E+00, 0.000000E+00, 0.000000E+00, 0.000000E+00, 1.650910E-01, 4.822385E-02, 1.168327E+00, 9.121179E+01, 0.000000E+00, 9.121179E+01, 0.000000E+00,NULL,NULL,NULL,NULL,0, 0.000000E+00,NULL,NULL,NULL,NULL,2, 9.121179E+01,0,data,8
47964,16687,940613,513,94C2, 9.127400E+01,2,2,4,2,2,-1.413234E-01,-2.991021E-02,-1.596076E+00, 3.743264E+00, 3.732791E+00, 1.866396E+00,-7.092916E-01, 3.133169E-01,-2.888309E+00, 6.705999E+00, 3.743264E+00, 2.962735E+00, 0.000000E+00,2, 0.000000E+00,0, 0.000000E+00,0, 0.000000E+00,2, 2.962735E+00, 1.262688E+00, 1.700046E+00,NULL,NULL,0,data,8
47964,16691,940613,513,94C2, 9.127400E+01,0,2,2,0,2, 0.000000E+00, 0.000000E+00, 0.000000E+00, 0.000000E+00, 0.000000E+00, 0.000000E+00, 1.303144E-01, 3.787732E-02,-4.557877E-01, 8.996980E+01, 0.000000E+00, 8.996980E+01, 0.000000E+00,NULL,NULL,NULL,NULL,0, 0.000000E+00,NULL,NULL,NULL,NULL,2, 8.996980E+01,0,data,8
47964,16694,940613,515,94C2, 9.127400E+01,0,2,2,0,2, 0.000000E+00, 0.000000E+00, 0.000000E+00, 0.000000E+00, 0.000000E+00, 0.000000E+00,-3.355503E-03,-4.518747E-02,-7.896004E-01, 9.420455E+01, 0.000000E+00, 9.420455E+01, 0.000000E+00,NULL,NULL,NULL,NULL,0, 0.000000E+00,NULL,NULL,NULL,NULL,2, 9.420455E+01,0,data,8
47964,16696,940613,515,94C2, 9.127400E+01,0,2,2,0,2, 0.000000E+00, 0.000000E+00, 0.000000E+00, 0.000000E+00, 0.000000E+00, 0.000000E+00, 1.070598E+00,-3.550327E-02, 2.140781E+00, 8.947312E+01, 0.000000E+00, 8.947312E+01, 0.000000E+00,NULL,NULL,NULL,NULL,0, 0.000000E+00,NULL,NULL,NULL,NULL,2, 8.947312E+01,0,data,8
47964,16698,940613,515,94C2, 9.127400E+01,10,5,15,10,5, 9.478630E-01, 8.288307E-01, 3.263490E+00, 5.541050E+00, 5.219312E+00, 5.219312E-01,-1.857251E-01, 1.908478E+00, 6.292408E+00, 1.030408E+01, 2.435161E+00, 4.599014E+00, 1.640119E-01,1, 0.000000E+00,2, 0.000000E+00,0, 0.000000E+00,1, 1.046191E+00, 1.046191E+00, 1.046191E+00,1, 0.000000E+00,0,data,8
47964,16699,940613,515,94C2, 9.127400E+01,2,1,3,2,1,-6.710368E-02,-1.593292E-03,-8.029437E-01, 2.156997E+00, 2.138847E+00, 1.069423E+00,-6.476355E-01, 5.543384E-02,-9.957211E-01, 2.771353E+00, 2.156998E+00, 0.000000E+00, 6.143553E-01,1, 0.000000E+00,0, 0.000000E+00,0, 0.000000E+00,NULL,NULL,NULL,NULL,NULL,NULL,0,data,8
47964,16701,940613,515,94C2, 9.127400E+01,31,14,45,31,14, 8.851001E-01,-1.773402E+00, 2.457816E-01, 8.302628E+01, 8.251234E+01, 2.661689E+00,-1.522134E+01, 3.934006E-01,-2.164823E+00, 1.066936E+02, 6.996524E+01, 1.693672E+01, 3.851552E+00,14, 1.709042E+00,0, 0.000000E+00,0, 0.000000E+00,8, 1.035807E+01, 5.275243E-01, 2.206090E+00,1, 0.000000E+00,1,data,8
47964,16702,940613,517,94C2, 9.127400E+01,0,2,2,0,2, 0.000000E+00, 0.000000E+00, 0.000000E+00, 0.000000E+00, 0.000000E+00, 0.000000E+00,-5.000949E-02, 5.856299E-02, 1.550343E+00, 9.262722E+01, 0.000000E+00, 9.262722E+01, 0.000000E+00,NULL,NULL,NULL,NULL,0, 0.000000E+00,NULL,NULL,NULL,NULL,2, 9.262722E+01,0,data,8
47964,16704,940613,517,94C2, 9.127400E+01,0,2,2,0,2, 0.000000E+00, 0.000000E+00, 0.000000E+00, 0.000000E+00, 0.000000E+00, 0.000000E+00, 1.812720E-01,-7.407963E-02,-1.043335E+00, 9.194147E+01, 0.000000E+00, 9.194147E+01, 0.000000E+00,NULL,NULL,NULL,NULL,0, 0.000000E+00,NULL,NULL,NULL,NULL,2, 9.194147E+01,0,data,8
47964,16707,940613,518,94C2, 9.127400E+01,0,2,2,0,2, 0.000000E+00, 0.000000E+00, 0.000000E+00, 0.000000E+00, 0.000000E+00, 0.000000E+00, 3.719871E-01,-4.034114E-02,-1.151427E+01, 7.951598E+01, 0.000000E+00, 7.951598E+01, 0.000000E+00,NULL,NULL,NULL,NULL,0, 0.000000E+00,NULL,NULL,NULL,NULL,2, 7.951598E+01,0,data,8
47964,16709,940613,518,94C2, 9.127400E+01,39,4,43,39,4, 8.298869E+00, 3.956439E+01,-6.095248E+00, 6.845865E+01, 6.605746E+01, 1.693781E+00, 6.883674E+00, 2.921785E+01,-5.748526E+00, 7.897874E+01, 4.940338E+01, 5.765740E+00, 0.000000E+00,3, 2.523032E+01,0, 0.000000E+00,0, 0.000000E+00,2, 7.114176E+00, 2.359822E+00, 4.754354E+00,NULL,NULL,0,data,8
47964,16710,940613,518,94C2, 9.127400E+01,28,18,46,28,18,-6.239305E+00, 3.367998E+00,-2.586792E+00, 5.351642E+01, 5.303796E+01, 1.894213E+00, 3.743018E+00,-5.345045E-01, 8.020055E-01, 8.196899E+01, 5.188950E+01, 2.434906E+01, 2.743120E+00,17, 4.144826E-01,0, 0.000000E+00,0, 0.000000E+00,13, 2.378297E+01, 5.659012E-01, 5.282025E+00,NULL,NULL,1,data,8
47964,16711,940613,521,94C2, 9.127400E+01,59,17,76,59,17, 1.400196E+00,-4.239246E+01,-3.022283E+00, 9.717216E+01, 9.577172E+01, 1.623250E+00,-8.450778E-01,-2.917715E+01,-4.986740E+00, 1.347725E+02, 3.597704E+01, 3.358187E+01, 1.138773E+00,18, 6.607316E-01,0, 0.000000E+00,0, 0.000000E+00,10, 2.792306E+01, 7.274085E-01, 7.138194E+00,NULL,NULL,1,data,8
47964,16712,940613,524,94C2, 9.127400E+01,32,7,39,32,7,-7.005815E+00,-3.478471E+00,-1.104430E+00, 8.380975E+01, 8.328234E+01, 2.602573E+00, 5.624576E+00, 5.781624E+00, 3.423511E+00, 1.005441E+02, 7.453011E+01, 1.651123E+01, 2.231591E-01,13, 1.321676E+01,0, 0.000000E+00,0, 0.000000E+00,5, 1.651123E+01, 4.921146E-01, 8.123486E+00,NULL,NULL,1,data,8
47964,16713,940613,524,94C2, 9.127400E+01,0,2,2,0,2, 0.000000E+00, 0.000000E+00, 0.000000E+00, 0.000000E+00, 0.000000E+00, 0.000000E+00,-1.391277E-01,-2.764606E-02,-9.651947E-01, 8.755740E+01, 0.000000E+00, 8.755740E+01, 0.000000E+00,NULL,NULL,NULL,NULL,0, 0.000000E+00,NULL,NULL,NULL,NULL,2, 8.755740E+01,0,data,8
47964,16714,940613,524,94C2, 9.127400E+01,40,15,55,40,15, 1.109420E+01,-2.434337E+00, 2.793006E+00, 5.778547E+01, 5.689554E+01, 1.422388E+00,-7.856475E-01,-1.981937E-01,-2.139845E-01, 9.160778E+01, 5.214834E+01, 1.848095E+01, 7.291314E+00,17, 2.345817E+00,0, 0.000000E+00,0, 0.000000E+00,9, 2.280546E+01, 4.951838E-01, 8.617299E+00,NULL,NULL,1,data,8
47964,16715,940613,525,94C2, 9.127400E+01,0,2,2,0,2, 0.000000E+00, 0.000000E+00, 0.000000E+00, 0.000000E+00, 0.000000E+00, 0.000000E+00, 9.515792E-02,-4.737639E-02,-9.988632E-01, 9.022117E+01, 0.000000E+00, 9.022117E+01, 0.000000E+00,NULL,NULL,NULL,NULL,0, 0.000000E+00,NULL,NULL,NULL,NULL,2, 9.022117E+01,0,data,8
47964,16716,940613,526,94C2, 9.127400E+01,0,2,2,0,2, 0.000000E+00, 0.000000E+00, 0.000000E+00, 0.000000E+00, 0.000000E+00, 0.000000E+00,-1.497452E-01, 5.719090E-02, 3.209938E+00, 9.437646E+01, 0.000000E+00, 9.437646E+01, 0.000000E+00,NULL,NULL,NULL,NULL,0, 0.000000E+00,NULL,NULL,NULL,NULL,2, 9.437646E+01,0,data,8
47964,16721,940613,526,94C2, 9.127400E+01,0,2,2,0,2, 0.000000E+00, 0.000000E+00, 0.000000E+00, 0.000000E+00, 0.000000E+00, 0.000000E+00, 1.802235E-01, 7.345676E-02,-2.144962E+00, 9.217050E+01, 0.000000E+00, 9.217050E+01, 0.000000E+00,NULL,NULL,NULL,NULL,0, 0.000000E+00,NULL,NULL,NULL,NULL,2, 9.217050E+01,0,data,8
47964,16727,940613,527,94C2, 9.127400E+01,30,14,44,30,14,-9.538181E+00, 8.355048E+00,-6.433992E+00, 6.583611E+01, 6.551774E+01, 2.183925E+00,-1.810559E+01, 1.497496E+01,-1.272956E+01, 8.271507E+01, 5.804174E+01, 7.677665E+00, 8.680761E+00,16, 1.576450E+01,1, 0.000000E+00,0, 0.000000E+00,8, 7.825923E+00, 5.952577E-01, 1.514426E+00,NULL,NULL,1,data,8
47964,16731,940613,528,94C2, 9.127400E+01,0,2,2,0,2, 0.000000E+00, 0.000000E+00, 0.000000E+00, 0.000000E+00, 0.000000E+00, 0.000000E+00, 8.544803E-03, 6.630671E-02,-1.244022E+00, 9.173135E+01, 0.000000E+00, 9.173135E+01, 0.000000E+00,NULL,NULL,NULL,NULL,0, 0.000000E+00,NULL,NULL,NULL,NULL,2, 9.173135E+01,0,data,8
47964,16732,940613,528,94C2, 9.127400E+01,7,6,13,7,6,-7.475413E+01, 6.018733E+01,-3.005971E+02, 3.654928E+02, 3.654688E+02, 5.220983E+01,-7.504173E+01, 6.056725E+01,-3.031936E+02, 3.732680E+02, 2.370599E+01, 7.775281E+00, 0.000000E+00,0, 0.000000E+00,10, 6.468075E+01,0, 0.000000E+00,NULL,NULL,NULL,NULL,NULL,NULL,0,data,8
47964,16737,940613,531,94C2, 9.127400E+01,0,2,2,0,2, 0.000000E+00, 0.000000E+00, 0.000000E+00, 0.000000E+00, 0.000000E+00, 0.000000E+00, 2.412719E-02, 7.296991E-02, 1.785057E+00, 9.041344E+01, 0.000000E+00, 9.041344E+01, 0.000000E+00,NULL,NULL,NULL,NULL,0, 0.000000E+00,NULL,NULL,NULL,NULL,2, 9.041344E+01,0,data,8
47964,16738,940613,531,94C2, 9.127400E+01,31,19,50,31,19, 1.488087E+00, 5.979922E+00, 3.061018E+00, 6.269210E+01, 6.196566E+01, 1.998892E+00,-8.359379E-02, 1.438415E-02,-1.255440E-01, 1.027134E+02, 5.848508E+01, 3.762951E+01, 2.391835E+00,21, 2.250036E+00,0, 0.000000E+00,0, 0.000000E+00,16, 3.762951E+01, 5.577589E-01, 7.677723E+00,NULL,NULL,1,data,8
47964,16741,940613,535,94C2, 9.127400E+01,0,2,2,0,2, 0.000000E+00, 0.000000E+00, 0.000000E+00, 0.000000E+00, 0.000000E+00, 0.000000E+00,-3.829338E-03,-2.792740E-02,-2.530479E-01, 9.431504E+01, 0.000000E+00, 9.431504E+01, 0.000000E+00,NULL,NULL,NULL,NULL,0, 0.000000E+00,NULL,NULL,NULL,NULL,2, 9.431504E+01,0,data,8
47964,16745,940613,535,94C2, 9.127400E+01,19,15,34,19,15, 9.042063E+00, 1.756900E+00,-3.991065E+00, 3.267496E+01, 3.236585E+01, 1.703466E+00,-2.417423E+00,-2.380224E+00, 9.048735E-01, 5.467473E+01, 2.999264E+01, 2.103778E+01, 9.619917E-01,12, 1.920167E+00,1, 0.000000E+00,0, 0.000000E+00,10, 1.750305E+01, 4.641902E-01, 5.046324E+00,NULL,NULL,1,data,8
47964,16748,940613,538,94C2, 9.127400E+01,0,2,2,0,2, 0.000000E+00, 0.000000E+00, 0.000000E+00, 0.000000E+00, 0.000000E+00, 0.000000E+00, 5.289149E-02, 1.022267E-02, 1.080666E+00, 9.339690E+01, 0.000000E+00, 9.339690E+01, 0.000000E+00,NULL,NULL,NULL,NULL,0, 0.000000E+00,NULL,NULL,NULL,NULL,2, 9.339690E+01,0,data,8
47964,16749,940613,538,94C2, 9.127400E+01,0,2,2,0,2, 0.000000E+00, 0.000000E+00, 0.000000E+00, 0.000000E+00, 0.000000E+00, 0.000000E+00, 8.619928E-02,-9.960753E-02,-2.189476E+00, 8.971838E+01, 0.000000E+00, 8.971838E+01, 0.000000E+00,NULL,NULL,NULL,NULL,0, 0.000000E+00,NULL,NULL,NULL,NULL,2, 8.971838E+01,0,data,8
47964,16750,940613,538,94C2, 9.127400E+01,0,2,2,0,2, 0.000000E+00, 0.000000E+00, 0.000000E+00, 0.000000E+00, 0.000000E+00, 0.000000E+00,-6.356168E-02, 1.215839E-02, 9.436035E-01, 9.335869E+01, 0.000000E+00, 9.335869E+01, 0.000000E+00,NULL,NULL,NULL,NULL,0, 0.000000E+00,NULL,NULL,NULL,NULL,2, 9.335869E+01,0,data,8
47964,16758,940613,539,94C2, 9.127400E+01,4,1,5,4,1, 1.611193E-01, 1.694893E-01, 1.609852E+00, 2.392061E+00, 2.256237E+00, 5.640593E-01, 4.575658E-02, 1.170542E-01, 1.845923E+00, 2.659993E+00, 1.998382E+00, 0.000000E+00, 2.679321E-01,NULL,NULL,NULL,NULL,0, 0.000000E+00,NULL,NULL,NULL,NULL,NULL,NULL,0,data,8
47964,16761,940613,545,94C2, 9.127400E+01,0,2,2,0,2, 0.000000E+00, 0.000000E+00, 0.000000E+00, 0.000000E+00, 0.000000E+00, 0.000000E+00, 1.717385E-01, 4.027343E-02,-1.191547E+01, 8.170398E+01, 0.000000E+00, 8.170398E+01, 0.000000E+00,NULL,NULL,NULL,NULL,0, 0.000000E+00,NULL,NULL,NULL,NULL,2, 8.170398E+01,0,data,8
47964,16762,940613,545,94C2, 9.127400E+01,0,2,2,0,2, 0.000000E+00, 0.000000E+00, 0.000000E+00, 0.000000E+00, 0.000000E+00, 0.000000E+00, 1.375235E-01,-6.581205E-02,-3.656494E+00, 9.189088E+01, 0.000000E+00, 9.189088E+01, 0.000000E+00,NULL,NULL,NULL,NULL,0, 0.000000E+00,NULL,NULL,NULL,NULL,2, 9.189088E+01,0,data,8
47964,16766,940613,545,94C2, 9.127400E+01,0,1,1,0,1, 0.000000E+00, 0.000000E+00, 0.000000E+00, 0.000000E+00, 0.000000E+00, 0.000000E+00, 6.247787E-02, 3.060211E-03,-2.008618E+00, 2.009592E+00, 0.000000E+00, 2.009592E+00, 0.000000E+00,NULL,NULL,NULL,NULL,0, 0.000000E+00,NULL,NULL,NULL,NULL,1, 2.009592E+00,0,data,8
47964,16769,940613,550,94C2, 9.127400E+01,0,2,2,0,2, 0.000000E+00, 0.000000E+00, 0.000000E+00, 0.000000E+00, 0.000000E+00, 0.000000E+00, 1.578054E-01, 2.199574E-01, 1.698326E+00, 8.878607E+01, 0.000000E+00, 8.878607E+01, 0.000000E+00,NULL,NULL,NULL,NULL,0, 0.000000E+00,NULL,NULL,NULL,NULL,2, 8.878607E+01,0,data,8
47964,16770,940613,550,94C2, 9.127400E+01,0,2,2,0,2, 0.000000E+00, 0.000000E+00, 0.000000E+00, 0.000000E+00, 0.000000E+00, 0.000000E+00, 9.606993E-02,-1.940489E-03, 3.065872E-02, 9.235110E+01, 0.000000E+00, 9.235110E+01, 0.000000E+00,NULL,NULL,NULL,NULL,0, 0.000000E+00,NULL,NULL,NULL,NULL,2, 9.235110E+01,0,data,8
47964,16774,940613,550,94C2, 9.127400E+01,0,2,2,0,2, 0.000000E+00, 0.000000E+00, 0.000000E+00, 0.000000E+00, 0.000000E+00, 0.000000E+00, 3.538263E-02, 2.744126E-02, 3.394073E+00, 8.872794E+01, 0.000000E+00, 8.872794E+01, 0.000000E+00,NULL,NULL,NULL,NULL,0, 0.000000E+00,NULL,NULL,NULL,NULL,2, 8.872794E+01,0,data,8
47964,16777,940613,550,94C2, 9.127400E+01,0,2,2,0,2, 0.000000E+00, 0.000000E+00, 0.000000E+00, 0.000000E+00, 0.000000E+00, 0.000000E+00,-1.041663E+00, 8.575469E-02,-6.391914E+00, 9.456798E+01, 0.000000E+00, 9.456798E+01, 0.000000E+00,NULL,NULL,NULL,NULL,0, 0.000000E+00,NULL,NULL,NULL,NULL,2, 9.456798E+01,0,data,8
47964,16784,940613,554,94C2, 9.127400E+01,0,2,2,0,2, 0.000000E+00, 0.000000E+00, 0.000000E+00, 0.000000E+00, 0.000000E+00, 0.000000E+00, 1.305628E-02, 1.263893E-01,-7.014275E-01, 9.239808E+01, 0.000000E+00, 9.239808E+01, 0.000000E+00,NULL,NULL,NULL,NULL,0, 0.000000E+00,NULL,NULL,NULL,NULL,2, 9.239808E+01,0,data,8
47964,16785,940613,554,94C2, 9.127400E+01,0,2,2,0,2, 0.000000E+00, 0.000000E+00, 0.000000E+00, 0.000000E+00, 0.000000E+00, 0.000000E+00,-1.477242E-03,-6.187376E-02, 7.138405E-01, 9.279573E+01, 0.000000E+00, 9.279573E+01, 0.000000E+00,NULL,NULL,NULL,NULL,0, 0.000000E+00,NULL,NULL,NULL,NULL,2, 9.279573E+01,0,data,8
47964,16786,940613,554,94C2, 9.127400E+01,0,2,2,0,2, 0.000000E+00, 0.000000E+00, 0.000000E+00, 0.000000E+00, 0.000000E+00, 0.000000E+00, 6.859410E-02, 2.695835E-02,-2.010345E-03, 9.321072E+01, 0.000000E+00, 9.321072E+01, 0.000000E+00,NULL,NULL,NULL,NULL,0, 0.000000E+00,NULL,NULL,NULL,NULL,2, 9.321072E+01,0,data,8
47964,16789,940613,554,94C2, 9.127400E+01,0,2,2,0,2, 0.000000E+00, 0.000000E+00, 0.000000E+00, 0.000000E+00, 0.000000E+00, 0.000000E+00,-7.306787E-02,-1.866579E-02,-2.136334E+01, 2.156742E+01, 0.000000E+00, 2.156742E+01, 0.000000E+00,0, 0.000000E+00,1, 0.000000E+00,0, 0.000000E+00,NULL,NULL,NULL,NULL,1, 1.639923E+01,0,data,8
47964,16791,940613,557,94C2, 9.127400E+01,0,2,2,0,2, 0.000000E+00, 0.000000E+00, 0.000000E+00, 0.000000E+00, 0.000000E+00, 0.000000E+00,-2.048369E-02, 5.945683E-03, 4.082489E-02, 9.127626E+01, 0.000000E+00, 9.127626E+01, 0.000000E+00,NULL,NULL,NULL,NULL,0, 0.000000E+00,NULL,NULL,NULL,NULL,2, 9.127626E+01,0,data,8
47964,16793,940613,557,94C2, 9.127400E+01,1,0,1,1,0,-3.917201E-01, 1.683508E-01,-2.080633E+00, 2.128450E+00, 2.123869E+00, 2.123869E+00,-3.917201E-01, 1.683508E-01,-2.080633E+00, 2.128450E+00, 0.000000E+00, 0.000000E+00, 0.000000E+00,0, 0.000000E+00,1, 2.269905E+00,0, 0.000000E+00,NULL,NULL,NULL,NULL,NULL,NULL,0,data,8
47964,16797,940613,557,94C2, 9.127400E+01,17,6,23,17,6, 1.336743E+01,-5.987476E+00, 4.102632E+01, 5.744064E+01, 5.690246E+01, 3.347203E+00, 1.267005E+01,-3.482129E+00, 4.433025E+01, 6.208367E+01, 9.948742E+00, 2.468386E+00, 2.174423E-01,6, 9.118904E-01,2, 3.164479E+01,0, 0.000000E+00,3, 3.955155E+00, 6.800504E-01, 1.957210E+00,NULL,NULL,0,data,8
47964,16801,940613,601,94C2, 9.127400E+01,2,2,4,2,2,-4.535419E-02, 1.340905E-02,-2.196235E+00, 2.646723E+00, 2.631886E+00, 1.315943E+00,-1.824081E-01,-2.185700E-03,-1.211215E+00, 4.389205E+00, 2.646723E+00, 1.742482E+00, 0.000000E+00,0, 0.000000E+00,2, 4.127987E-01,0, 0.000000E+00,NULL,NULL,NULL,NULL,1, 0.000000E+00,0,data,8
47964,16805,940613,604,94C2, 9.127400E+01,0,2,2,0,2, 0.000000E+00, 0.000000E+00, 0.000000E+00, 0.000000E+00, 0.000000E+00, 0.000000E+00, 1.434612E-02,-1.923850E-01, 1.778488E+00, 9.199066E+01, 0.000000E+00, 9.199066E+01, 0.000000E+00,NULL,NULL,NULL,NULL,0, 0.000000E+00,NULL,NULL,NULL,NULL,2, 9.199066E+01,0,data,8
47964,16806,940613,604,94C2, 9.127400E+01,4,6,10,4,6, 1.279544E+00,-8.054531E-01, 1.343943E+00, 4.879070E+00, 4.794019E+00, 1.198505E+00,-1.543179E+00,-1.954967E-01, 4.153237E+01, 4.628207E+01, 0.000000E+00, 4.140300E+01, 0.000000E+00,0, 0.000000E+00,7, 8.246099E+00,0, 0.000000E+00,NULL,NULL,NULL,NULL,1, 0.000000E+00,0,data,8
47964,16809,940613,604,94C2, 9.127400E+01,0,2,2,0,2, 0.000000E+00, 0.000000E+00, 0.000000E+00, 0.000000E+00, 0.000000E+00, 0.000000E+00, 1.513321E-01,-4.780158E-02, 1.734066E+00, 9.266780E+01, 0.000000E+00, 9.266780E+01, 0.000000E+00,NULL,NULL,NULL,NULL,0, 0.000000E+00,NULL,NULL,NULL,NULL,2, 9.266780E+01,0,data,8
47964,16810,940613,604,94C2, 9.127400E+01,0,2,2,0,2, 0.000000E+00, 0.000000E+00, 0.000000E+00, 0.000000E+00, 0.000000E+00, 0.000000E+00, 2.504259E-02,-4.076135E-02, 6.734467E-02, 9.202379E+01, 0.000000E+00, 9.202379E+01, 0.000000E+00,NULL,NULL,NULL,NULL,0, 0.000000E+00,NULL,NULL,NULL,NULL,2, 9.202379E+01,0,data,8
47964,16811,940613,604,94C2, 9.127400E+01,24,15,39,24,15, 4.461532E+00,-1.536402E+00, 2.347483E+00, 7.291373E+01, 7.251881E+01, 3.021617E+00, 6.756428E+00,-5.136222E+00, 3.237414E+00, 9.586823E+01, 6.750137E+01, 1.216538E+01, 7.790534E+00,13, 1.068748E+01,0, 0.000000E+00,0, 0.000000E+00,11, 1.539833E+01, 3.717466E-01, 6.178504E+00,NULL,NULL,1,data,8
47964,16814,940613,609,94C2, 9.127400E+01,0,2,2,0,2, 0.000000E+00, 0.000000E+00, 0.000000E+00, 0.000000E+00, 0.000000E+00, 0.000000E+00, 4.003179E-02,-9.907985E-02,-2.051468E+00, 9.312697E+01, 0.000000E+00, 9.312697E+01, 0.000000E+00,NULL,NULL,NULL,NULL,0, 0.000000E+00,NULL,NULL,NULL,NULL,2, 9.312697E+01,0,data,8
47964,16821,940613,610,94C2, 9.127400E+01,0,2,2,0,2, 0.000000E+00, 0.000000E+00, 0.000000E+00, 0.000000E+00, 0.000000E+00, 0.000000E+00,-6.041646E-02, 5.503058E-03,-6.241295E+00, 8.724460E+01, 0.000000E+00, 8.724460E+01, 0.000000E+00,NULL,NULL,NULL,NULL,0, 0.000000E+00,NULL,NULL,NULL,NULL,2, 8.724460E+01,0,data,8
47964,16823,940613,610,94C2, 9.127400E+01,47,27,74,47,27, 3.766630E+00, 3.642027E+00,-3.064911E+00, 5.191259E+01, 5.036989E+01, 1.071700E+00,-1.787239E+00,-9.241830E+00,-1.877014E+01, 9.781646E+01, 3.974231E+01, 2.730338E+01, 1.318659E+01,17, 4.326546E-01,4, 0.000000E+00,0, 0.000000E+00,13, 2.446026E+01, 3.687066E-01, 6.305658E+00,4, 0.000000E+00,1,data,8
47964,16824,940613,611,94C2, 9.127400E+01,5,4,9,5,4, 3.229968E-03,-3.604789E-02,-5.067236E-01, 2.025550E+00, 1.811793E+00, 3.623586E-01, 9.784883E-01, 2.965300E-01,-1.044722E+01, 1.272270E+01, 0.000000E+00, 1.069715E+01, 0.000000E+00,0, 0.000000E+00,1, 0.000000E+00,0, 0.000000E+00,NULL,NULL,NULL,NULL,1, 0.000000E+00,0,data,8
47964,16825,940613,611,94C2, 9.127400E+01,0,3,3,0,3, 0.000000E+00, 0.000000E+00, 0.000000E+00, 0.000000E+00, 0.000000E+00, 0.000000E+00,-7.579665E-02,-1.933520E-01, 4.500047E+01, 4.535874E+01, 0.000000E+00, 4.535874E+01, 0.000000E+00,0, 0.000000E+00,2, 1.027359E+00,0, 0.000000E+00,NULL,NULL,NULL,NULL,1, 3.258670E+01,0,data,8
47964,16832,940613,612,94C2, 9.127400E+01,34,13,47,34,13,-1.127651E+01,-6.997586E+00, 1.207826E+01, 6.827779E+01, 6.740157E+01, 1.982399E+00,-9.499312E+00,-5.521828E+00, 9.842324E+00, 8.445021E+01, 6.630717E+01, 7.067285E+00, 5.577896E+00,11, 4.522354E+00,0, 0.000000E+00,0, 0.000000E+00,8, 1.059454E+01, 4.086939E-01, 2.573599E+00,NULL,NULL,1,data,8
47964,16834,940613,617,94C2, 9.127400E+01,0,2,2,0,2, 0.000000E+00, 0.000000E+00, 0.000000E+00, 0.000000E+00, 0.000000E+00, 0.000000E+00,-2.023077E-02, 1.787710E-02, 7.016754E-01, 9.272731E+01, 0.000000E+00, 9.272731E+01, 0.000000E+00,NULL,NULL,NULL,NULL,0, 0.000000E+00,NULL,NULL,NULL,NULL,2, 9.272731E+01,0,data,8
47964,16839,940613,618,94C2, 9.127400E+01,38,19,57,38,19,-3.789247E+01,-3.132684E+01, 6.092315E+01, 1.264639E+02, 1.252004E+02, 3.294748E+00,-3.384254E+01,-2.300881E+01, 5.003680E+01, 1.483682E+02, 1.216669E+02, 1.876789E+01, 1.443056E+00,6, 0.000000E+00,11, 0.000000E+00,0, 0.000000E+00,5, 6.913874E+00, 4.378150E-01, 3.372294E+00,NULL,NULL,1,data,8
47964,16843,940613,620,94C2, 9.127400E+01,20,16,36,20,16,-2.945047E+01,-3.171050E+01, 1.522443E+01, 9.985105E+01, 9.964424E+01, 4.982212E+00,-1.827144E+01,-1.720299E+01, 8.478832E+00, 1.496115E+02, 6.325616E+01, 4.065065E+01, 1.166943E+00,16, 1.214313E+01,0, 0.000000E+00,0, 0.000000E+00,11, 3.176013E+01, 5.089163E-01, 1.465039E+01,NULL,NULL,1,data,8
47964,16850,940613,624,94C2, 9.127400E+01,7,3,10,7,3, 7.046482E-01, 2.045287E-01, 4.021318E-01, 4.161621E+00, 3.985199E+00, 5.693142E-01, 5.828753E-01, 2.752254E-01, 1.692147E+00, 5.720911E+00, 2.411927E+00, 1.559290E+00, 0.000000E+00,1, 0.000000E+00,2, 0.000000E+00,0, 0.000000E+00,1, 4.028061E-01, 4.028061E-01, 4.028061E-01,NULL,NULL,0,data,8
47964,16851,940613,625,94C2, 9.127400E+01,2,1,3,2,1, 5.776435E-02,-6.481001E-02, 2.082205E-01, 1.458958E+00, 1.431659E+00, 7.158293E-01, 3.619425E-02, 6.611034E-01,-3.384894E-02, 2.224473E+00, 1.458958E+00, 7.655150E-01, 0.000000E+00,1, 0.000000E+00,0, 0.000000E+00,0, 0.000000E+00,1, 7.655150E-01, 7.655150E-01, 7.655150E-01,NULL,NULL,0,data,8
47964,16852,940613,625,94C2, 9.127400E+01,4,5,9,4,5,-4.299424E+00, 7.305506E+00, 2.948067E+01, 4.939509E+01, 4.938148E+01, 1.234537E+01,-3.093805E+00, 7.517175E+00, 2.753797E+01, 5.556410E+01, 0.000000E+00, 6.169013E+00, 0.000000E+00,0, 0.000000E+00,8, 8.066437E+01,0, 0.000000E+00,NULL,NULL,NULL,NULL,NULL,NULL,0,data,8
47964,16853,940613,625,94C2, 9.127400E+01,36,17,53,36,17, 6.816345E+00, 3.982552E+00,-9.614848E+00, 5.220448E+01, 5.150186E+01, 1.430607E+00, 5.293524E+00, 1.402175E+00,-1.972727E+00, 8.688178E+01, 4.762648E+01, 2.578295E+01, 7.948021E+00,14, 6.791703E-02,0, 0.000000E+00,0, 0.000000E+00,11, 2.570109E+01, 3.058222E-01, 1.708530E+01,2, 0.000000E+00,1,data,8
47964,16854,940613,626,94C2, 9.127400E+01,31,13,44,31,13, 5.464446E+00, 2.241442E+01, 4.227170E+00, 7.158855E+01, 7.080833E+01, 2.284140E+00, 8.257854E+00, 2.339919E+01, 3.869713E+00, 9.686330E+01, 5.677707E+01, 2.299724E+01, 9.419546E-02,13, 1.480216E+00,0, 0.000000E+00,0, 0.000000E+00,8, 1.650069E+01, 6.196409E-01, 6.477043E+00,NULL,NULL,1,data,8
47964,16855,940613,626,94C2, 9.127400E+01,2,4,6,2,4,-1.860095E+00,-7.077505E+00,-9.233100E+00, 1.179320E+01, 1.178166E+01, 5.890831E+00, 1.692660E+00, 3.738297E+00, 3.007575E+01, 6.413487E+01, 1.179320E+01, 4.681710E+01, 5.524562E+00,0, 0.000000E+00,1, 0.000000E+00,0, 0.000000E+00,NULL,NULL,NULL,NULL,1, 0.000000E+00,0,data,8
47964,16859,940613,629,94C2, 9.127400E+01,0,2,2,0,2, 0.000000E+00, 0.000000E+00, 0.000000E+00, 0.000000E+00, 0.000000E+00, 0.000000E+00,-8.272350E-02, 9.205520E-02, 4.490467E+00, 9.051643E+01, 0.000000E+00, 9.051643E+01, 0.000000E+00,NULL,NULL,NULL,NULL,0, 0.000000E+00,NULL,NULL,NULL,NULL,2, 9.051643E+01,0,data,8
47964,16863,940613,629,94C2, 9.127400E+01,32,20,52,32,20, 5.712049E+00, 1.028293E+01,-1.617378E+00, 6.005243E+01, 5.929712E+01, 1.853035E+00,-4.720299E-01,-1.406676E+00,-3.621762E-01, 9.743700E+01, 5.485546E+01, 2.450551E+01, 1.290999E+01,16, 6.476586E+00,0, 0.000000E+00,0, 0.000000E+00,11, 1.562964E+01, 5.817965E-01, 4.676130E+00,NULL,NULL,1,data,8
47964,16865,940613,630,94C2, 9.127400E+01,0,5,5,0,5, 0.000000E+00, 0.000000E+00, 0.000000E+00, 0.000000E+00, 0.000000E+00, 0.000000E+00, 5.146010E-01, 9.688440E+00, 1.720578E+01, 2.183668E+01, 0.000000E+00, 2.183668E+01, 0.000000E+00,0, 0.000000E+00,2, 1.311019E+01,0, 0.000000E+00,NULL,NULL,NULL,NULL,NULL,NULL,0,data,8
47964,16866,940613,630,94C2, 9.127400E+01,32,15,47,32,15, 1.387335E-02,-8.511621E+00,-4.331650E+00, 6.971935E+01, 6.914181E+01, 2.160681E+00, 1.734996E+00,-8.779602E+00,-4.117573E+00, 8.986478E+01, 6.430700E+01, 1.369256E+01, 5.228616E+00,8, 5.599589E-01,7, 0.000000E+00,0, 0.000000E+00,6, 8.896189E+00, 3.999476E-01, 4.237940E+00,NULL,NULL,1,data,8
47964,16867,940613,630,94C2, 9.127400E+01,0,2,2,0,2, 0.000000E+00, 0.000000E+00, 0.000000E+00, 0.000000E+00, 0.000000E+00, 0.000000E+00,-4.857576E-02, 6.125498E-02, 3.682137E-01, 9.239659E+01, 0.000000E+00, 9.239659E+01, 0.000000E+00,NULL,NULL,NULL,NULL,0, 0.000000E+00,NULL,NULL,NULL,NULL,2, 9.239659E+01,0,data,8
47964,16875,940613,637,94C2, 9.127400E+01,0,2,2,0,2, 0.000000E+00, 0.000000E+00, 0.000000E+00, 0.000000E+00, 0.000000E+00, 0.000000E+00, 1.038226E-01,-2.666903E-02, 1.701065E+00, 9.362520E+01, 0.000000E+00, 9.362520E+01, 0.000000E+00,NULL,NULL,NULL,NULL,0, 0.000000E+00,NULL,NULL,NULL,NULL,2, 9.362520E+01,0,data,8
47964,16877,940613,637,94C2, 9.127400E+01,0,2,2,0,2, 0.000000E+00, 0.000000E+00, 0.000000E+00, 0.000000E+00, 0.000000E+00, 0.000000E+00,-2.677047E-02, 9.884477E-02, 4.460468E+00, 8.797781E+01, 0.000000E+00, 8.797781E+01, 0.000000E+00,NULL,NULL,NULL,NULL,0, 0.000000E+00,NULL,NULL,NULL,NULL,2, 8.797781E+01,0,data,8
47964,16878,940613,637,94C2, 9.127400E+01,0,2,2,0,2, 0.000000E+00, 0.000000E+00, 0.000000E+00, 0.000000E+00, 0.000000E+00, 0.000000E+00, 1.442515E-01, 7.011056E-02, 6.524010E-01, 9.188608E+01, 0.000000E+00, 9.188608E+01, 0.000000E+00,NULL,NULL,NULL,NULL,0, 0.000000E+00,NULL,NULL,NULL,NULL,2, 9.188608E+01,0,data,8
47964,16882,940613,637,94C2, 9.127400E+01,0,2,2,0,2, 0.000000E+00, 0.000000E+00, 0.000000E+00, 0.000000E+00, 0.000000E+00, 0.000000E+00, 1.075280E-01,-3.778136E-02,-1.758148E+00, 8.809520E+01, 0.000000E+00, 8.809520E+01, 0.000000E+00,NULL,NULL,NULL,NULL,0, 0.000000E+00,NULL,NULL,NULL,NULL,2, 8.809520E+01,0,data,8
47964,16883,940613,637,94C2, 9.127400E+01,0,2,2,0,2, 0.000000E+00, 0.000000E+00, 0.000000E+00, 0.000000E+00, 0.000000E+00, 0.000000E+00, 3.132558E-02,-1.124980E-01,-1.332825E+00, 9.397730E+01, 0.000000E+00, 9.397730E+01, 0.000000E+00,NULL,NULL,NULL,NULL,0, 0.000000E+00,NULL,NULL,NULL,NULL,2, 9.397730E+01,0,data,8
47964,16887,940613,639,94C2, 9.127400E+01,0,2,2,0,2, 0.000000E+00, 0.000000E+00, 0.000000E+00, 0.000000E+00, 0.000000E+00, 0.000000E+00, 7.334709E-03,-4.135525E-02, 1.400146E+00, 9.206491E+01, 0.000000E+00, 9.206491E+01, 0.000000E+00,NULL,NULL,NULL,NULL,0, 0.000000E+00,NULL,NULL,NULL,NULL,2, 9.206491E+01,0,data,8
47964,16889,940613,639,94C2, 9.127400E+01,21,15,36,21,15,-6.236210E-01,-7.671356E-02, 8.575910E-02, 6.644167E+01, 6.605971E+01, 3.145700E+00,-9.918840E-01,-5.465029E+00, 6.264446E+00, 9.540096E+01, 6.564069E+01, 2.673941E+01, 0.000000E+00,14, 5.068007E+00,0, 0.000000E+00,0, 0.000000E+00,12, 2.281477E+01, 3.928517E-01, 4.544900E+00,NULL,NULL,1,data,8
47964,16894,940613,643,94C2, 9.127400E+01,3,1,4,3,1,-2.102945E+01,-8.895261E+01,-9.407085E+01, 1.656432E+02, 1.656139E+02, 5.520464E+01,-2.110112E+01,-8.927245E+01,-9.439780E+01, 1.661062E+02, 1.480656E+02, 0.000000E+00, 0.000000E+00,1, 0.000000E+00,0, 0.000000E+00,0, 0.000000E+00,1, 4.629501E-01, 4.629501E-01, 4.629501E-01,NULL,NULL,0,data,8
47964,16895,940613,643,94C2, 9.127400E+01,2,0,2,2,0,-7.291651E-02, 6.451178E-02,-8.185911E-02, 2.184671E+01, 2.184492E+01, 1.092246E+01,-7.291651E-02, 6.451178E-02,-8.185911E-02, 2.184671E+01, 2.184595E+01, 0.000000E+00, 0.000000E+00,2, 1.148110E-01,0, 0.000000E+00,0, 0.000000E+00,NULL,NULL,NULL,NULL,NULL,NULL,0,data,8
47964,16899,940613,648,94C2, 9.127400E+01,0,2,2,0,2, 0.000000E+00, 0.000000E+00, 0.000000E+00, 0.000000E+00, 0.000000E+00, 0.000000E+00, 1.551606E-01,-2.399611E-02, 1.127220E+00, 9.207712E+01, 0.000000E+00, 9.207712E+01, 0.000000E+00,NULL,NULL,NULL,NULL,0, 0.000000E+00,NULL,NULL,NULL,NULL,2, 9.207712E+01,0,data,8
47964,16902,940613,648,94C2, 9.127400E+01,0,2,2,0,2, 0.000000E+00, 0.000000E+00, 0.000000E+00, 0.000000E+00, 0.000000E+00, 0.000000E+00,-1.350980E-01, 1.008363E-01, 1.204960E+00, 8.765144E+01, 0.000000E+00, 8.765144E+01, 0.000000E+00,NULL,NULL,NULL,NULL,0, 0.000000E+00,NULL,NULL,NULL,NULL,2, 8.765144E+01,0,data,8
47964,16904,940613,648,94C2, 9.127400E+01,0,2,2,0,2, 0.000000E+00, 0.000000E+00, 0.000000E+00, 0.000000E+00, 0.000000E+00, 0.000000E+00,-2.297423E-01,-8.126962E-02,-3.226948E+00, 9.325267E+01, 0.000000E+00, 9.325267E+01, 0.000000E+00,NULL,NULL,NULL,NULL,0, 0.000000E+00,NULL,NULL,NULL,NULL,2, 9.325267E+01,0,data,8
47964,16905,940613,648,94C2, 9.127400E+01,0,3,3,0,3, 0.000000E+00, 0.000000E+00, 0.000000E+00, 0.000000E+00, 0.000000E+00, 0.000000E+00, 1.522112E-01, 1.120086E-01, 1.037376E+00, 9.223186E+01, 0.000000E+00, 9.223186E+01, 0.000000E+00,NULL,NULL,NULL,NULL,0, 0.000000E+00,NULL,NULL,NULL,NULL,3, 9.223186E+01,0,data,8
47964,16907,940613,648,94C2, 9.127400E+01,2,1,3,2,1,-1.704840E+01,-4.218750E+00,-3.353950E+01, 3.796722E+01, 3.786515E+01, 1.893257E+01,-1.816809E+01,-4.332797E+00,-6.211630E+01, 6.656618E+01, 0.000000E+00, 2.859896E+01, 0.000000E+00,NULL,NULL,NULL,NULL,0, 0.000000E+00,NULL,NULL,NULL,NULL,1, 0.000000E+00,0,data,8
47964,16908,940613,648,94C2, 9.127400E+01,50,21,71,50,21,-3.182353E+00, 5.049011E+00, 4.042531E+00, 7.792111E+01, 7.653535E+01, 1.530707E+00,-3.931784E+00, 6.285834E+00, 1.945556E+00, 1.025780E+02, 6.699467E+01, 1.481174E+01, 1.962406E+00,15, 2.161822E-02,7, 0.000000E+00,0, 0.000000E+00,11, 1.268049E+01, 2.809005E-01, 4.458020E+00,NULL,NULL,1,data,8
47964,16909,940613,648,94C2, 9.127400E+01,16,11,27,16,11, 5.142281E+00, 1.938855E+00, 9.533553E+00, 6.248307E+01, 6.228645E+01, 3.892903E+00,-3.531436E+00,-1.983880E+00,-3.640330E+00, 7.957184E+01, 5.399952E+01, 1.666578E+01, 4.229917E-01,2, 6.057602E-02,9, 0.000000E+00,0, 0.000000E+00,NULL,NULL,NULL,NULL,NULL,NULL,1,data,8
47964,16910,940613,649,94C2, 9.127400E+01,0,1,1,0,1, 0.000000E+00, 0.000000E+00, 0.000000E+00, 0.000000E+00, 0.000000E+00, 0.000000E+00, 1.440700E-01, 5.777223E-03,-3.888228E+00, 3.890901E+00, 0.000000E+00, 3.890901E+00, 0.000000E+00,NULL,NULL,NULL,NULL,0, 0.000000E+00,NULL,NULL,NULL,NULL,1, 3.890901E+00,0,data,8
47964,16911,940613,649,94C2, 9.127400E+01,23,9,32,23,9,-3.813055E+00,-7.790990E+00, 4.845781E+00, 7.335951E+01, 7.308062E+01, 3.177418E+00,-1.771351E+00,-3.018127E+00, 1.854609E+00, 8.683492E+01, 7.017468E+01, 1.230230E+01, 3.576266E-01,17, 7.875185E-01,0, 0.000000E+00,0, 0.000000E+00,7, 1.295009E+01, 8.154661E-01, 3.643710E+00,NULL,NULL,1,data,8
47964,16914,940613,651,94C2, 9.127400E+01,47,16,63,47,16, 1.053705E+01,-1.691901E-01,-2.012691E-02, 5.339462E+01, 5.167366E+01, 1.099440E+00, 3.698317E+00,-1.107678E+00, 1.014131E+00, 9.484151E+01, 4.689309E+01, 3.637597E+01, 1.878574E+00,15, 6.549549E-01,0, 0.000000E+00,0, 0.000000E+00,12, 3.391819E+01, 4.443000E-01, 1.404343E+01,NULL,NULL,1,data,8
47964,16915,940613,651,94C2, 9.127400E+01,0,2,2,0,2, 0.000000E+00, 0.000000E+00, 0.000000E+00, 0.000000E+00, 0.000000E+00, 0.000000E+00, 1.587410E-01, 1.541615E-02,-8.057899E-01, 9.606030E+01, 0.000000E+00, 9.606030E+01, 0.000000E+00,NULL,NULL,NULL,NULL,0, 0.000000E+00,NULL,NULL,NULL,NULL,2, 9.606030E+01,0,data,8
47964,16918,940613,654,94C2, 9.127400E+01,17,6,23,17,6,-1.815395E+00,-4.658775E+00, 8.245659E-01, 7.818288E+01, 7.791738E+01, 4.583375E+00,-1.251947E+00,-5.119433E+00, 1.294345E+00, 8.283357E+01, 7.712595E+01, 3.889487E+00, 3.224103E-01,8, 1.191440E+00,0, 0.000000E+00,0, 0.000000E+00,5, 4.328291E+00, 4.388036E-01, 1.645591E+00,NULL,NULL,1,data,8
47964,16919,940613,654,94C2, 9.127400E+01,0,2,2,0,2, 0.000000E+00, 0.000000E+00, 0.000000E+00, 0.000000E+00, 0.000000E+00, 0.000000E+00,-3.190911E-02, 4.095149E-02,-4.380814E+00, 8.710378E+01, 0.000000E+00, 8.710378E+01, 0.000000E+00,NULL,NULL,NULL,NULL,0, 0.000000E+00,NULL,NULL,NULL,NULL,2, 8.710378E+01,0,data,8
47964,16923,940613,655,94C2, 9.127400E+01,0,2,2,0,2, 0.000000E+00, 0.000000E+00, 0.000000E+00, 0.000000E+00, 0.000000E+00, 0.000000E+00,-1.693320E-02, 9.093004E-02, 6.485416E+00, 8.541293E+01, 0.000000E+00, 8.541293E+01, 0.000000E+00,NULL,NULL,NULL,NULL,0, 0.000000E+00,NULL,NULL,NULL,NULL,2, 8.541293E+01,0,data,8
47964,16926,940613,655,94C2, 9.127400E+01,0,31,31,0,31, 0.000000E+00, 0.000000E+00, 0.000000E+00, 0.000000E+00, 0.000000E+00, 0.000000E+00,-2.072491E+01,-4.917509E+00, 4.825873E+01, 5.468648E+01, 0.000000E+00, 5.468648E+01, 0.000000E+00,0, 0.000000E+00,28, 5.203035E+01,0, 0.000000E+00,NULL,NULL,NULL,NULL,NULL,NULL,0,data,8
47964,16928,940613,657,94C2, 9.127400E+01,2,0,2,2,0,-2.463688E+00, 3.016086E-01, 8.126144E-01, 9.009956E+01, 9.009914E+01, 4.504957E+01,-2.463688E+00, 3.016086E-01, 8.126144E-01, 9.009956E+01, 9.009938E+01, 0.000000E+00, 0.000000E+00,1, 8.119625E-02,0, 0.000000E+00,0, 0.000000E+00,NULL,NULL,NULL,NULL,NULL,NULL,0,data,8
47964,16931,940613,657,94C2, 9.127400E+01,12,3,15,12,3,-7.310033E-01,-5.284357E-02, 1.225548E+00, 6.969545E+00, 6.566792E+00, 5.472327E-01,-4.545208E-01,-2.737657E-01, 4.513953E+00, 1.028208E+01, 5.286642E+00, 3.312534E+00, 0.000000E+00,NULL,NULL,NULL,NULL,0, 0.000000E+00,NULL,NULL,NULL,NULL,3, 0.000000E+00,0,data,8
47964,16935,940613,659,94C2, 9.127400E+01,0,2,2,0,2, 0.000000E+00, 0.000000E+00, 0.000000E+00, 0.000000E+00, 0.000000E+00, 0.000000E+00, 7.324517E-03,-8.802819E-02, 2.627869E-01, 9.090242E+01, 0.000000E+00, 9.090242E+01, 0.000000E+00,NULL,NULL,NULL,NULL,0, 0.000000E+00,NULL,NULL,NULL,NULL,2, 9.090242E+01,0,data,8
47964,16938,940613,659,94C2, 9.127400E+01,0,2,2,0,2, 0.000000E+00, 0.000000E+00, 0.000000E+00, 0.000000E+00, 0.000000E+00, 0.000000E+00, 1.892757E-02, 9.384632E-03, 5.707169E-01, 9.203841E+01, 0.000000E+00, 9.203841E+01, 0.000000E+00,NULL,NULL,NULL,NULL,0, 0.000000E+00,NULL,NULL,NULL,NULL,2, 9.203841E+01,0,data,8
47964,16939,940613,659,94C2, 9.127400E+01,0,6,6,0,6, 0.000000E+00, 0.000000E+00, 0.000000E+00, 0.000000E+00, 0.000000E+00, 0.000000E+00,-8.887866E-01, 1.027673E-03,-4.087788E+00, 5.110334E+01, 0.000000E+00, 5.110334E+01, 0.000000E+00,0, 0.000000E+00,4, 2.904893E+00,0, 0.000000E+00,NULL,NULL,NULL,NULL,2, 1.570294E+01,0,data,8
47964,16942,940613,701,94C2, 9.127400E+01,0,2,2,0,2, 0.000000E+00, 0.000000E+00, 0.000000E+00, 0.000000E+00, 0.000000E+00, 0.000000E+00,-1.261232E-01, 5.641198E-02,-1.648048E+00, 9.050108E+01, 0.000000E+00, 9.050108E+01, 0.000000E+00,NULL,NULL,NULL,NULL,0, 0.000000E+00,NULL,NULL,NULL,NULL,2, 9.050108E+01,0,data,8
47964,16944,940613,701,94C2, 9.127400E+01,0,2,2,0,2, 0.000000E+00, 0.000000E+00, 0.000000E+00, 0.000000E+00, 0.000000E+00, 0.000000E+00, 7.855058E-02, 1.035004E-01, 7.835159E-01, 9.114977E+01, 0.000000E+00, 9.114977E+01, 0.000000E+00,NULL,NULL,NULL,NULL,0, 0.000000E+00,NULL,NULL,NULL,NULL,2, 9.114977E+01,0,data,8
47964,16946,940613,701,94C2, 9.127400E+01,43,15,58,43,15, 2.737588E+00, 2.456932E+00, 7.435711E+00, 7.781097E+01, 7.700768E+01, 1.790876E+00, 3.951594E+00, 1.157358E+00, 7.018126E+00, 1.042391E+02, 5.921917E+01, 1.063517E+01, 1.532757E+01,3, 0.000000E+00,11, 2.581602E+00,0, 0.000000E+00,1, 4.666375E-01, 4.666375E-01, 4.666375E-01,NULL,NULL,1,data,8
47964,16947,940613,702,94C2, 9.127400E+01,34,14,48,34,14,-1.211682E+00,-1.086624E+01,-4.295161E+00, 4.867381E+01, 4.805199E+01, 1.413294E+00, 5.949916E-01, 9.945007E+00, 7.274556E+00, 8.147615E+01, 3.821588E+01, 3.135647E+01, 0.000000E+00,17, 1.038914E+01,1, 0.000000E+00,0, 0.000000E+00,12, 3.129276E+01, 4.294977E-01, 1.678037E+01,NULL,NULL,1,data,8
47964,16952,940613,705,94C2, 9.127400E+01,26,19,45,26,19,-5.184265E+00, 1.695704E+00,-6.378634E+00, 5.830462E+01, 5.789659E+01, 2.226792E+00,-8.196181E+00, 2.520408E+00,-1.101276E+01, 7.746239E+01, 4.894352E+01, 1.483163E+01, 2.285770E+00,5, 9.504489E-02,15, 4.189109E+00,0, 0.000000E+00,4, 5.395802E+00, 6.757749E-01, 2.419046E+00,NULL,NULL,1,data,8
47964,16955,940613,706,94C2, 9.127400E+01,0,2,2,0,2, 0.000000E+00, 0.000000E+00, 0.000000E+00, 0.000000E+00, 0.000000E+00, 0.000000E+00,-6.569624E-02,-1.418722E-02, 1.545509E+00, 9.133525E+01, 0.000000E+00, 9.133525E+01, 0.000000E+00,NULL,NULL,NULL,NULL,0, 0.000000E+00,NULL,NULL,NULL,NULL,2, 9.133525E+01,0,data,8
47964,16957,940613,706,94C2, 9.127400E+01,0,2,2,0,2, 0.000000E+00, 0.000000E+00, 0.000000E+00, 0.000000E+00, 0.000000E+00, 0.000000E+00,-4.328442E-02, 4.843283E-02, 6.287079E-01, 9.348293E+01, 0.000000E+00, 9.348293E+01, 0.000000E+00,NULL,NULL,NULL,NULL,0, 0.000000E+00,NULL,NULL,NULL,NULL,2, 9.348293E+01,0,data,8
47964,16961,940613,706,94C2, 9.127400E+01,9,2,11,9,2, 9.548426E-01, 4.786089E-01, 1.189201E+00, 4.002131E+00, 3.649641E+00, 4.055157E-01, 1.105771E+00, 6.034409E-01, 3.807314E+00, 6.632915E+00, 0.000000E+00, 2.630785E+00, 0.000000E+00,NULL,NULL,NULL,NULL,0, 0.000000E+00,NULL,NULL,NULL,NULL,2, 0.000000E+00,0,data,8
47964,16963,940613,708,94C2, 9.127400E+01,4,5,9,4,5,-4.914205E-01,-7.189099E-01,-8.823810E-01, 1.916811E+00, 1.812317E+00, 4.530792E-01,-7.787153E-01,-5.919319E-01, 8.600949E+00, 1.425497E+01, 8.952847E-01, 1.077808E+01, 1.560083E+00,1, 0.000000E+00,0, 0.000000E+00,0, 0.000000E+00,NULL,NULL,NULL,NULL,4, 0.000000E+00,0,data,8
47964,16964,940613,708,94C2, 9.127400E+01,0,2,2,0,2, 0.000000E+00, 0.000000E+00, 0.000000E+00, 0.000000E+00, 0.000000E+00, 0.000000E+00, 2.306509E-02, 1.826020E-01,-6.160736E-02, 9.235400E+01, 0.000000E+00, 9.235400E+01, 0.000000E+00,NULL,NULL,NULL,NULL,0, 0.000000E+00,NULL,NULL,NULL,NULL,2, 9.235400E+01,0,data,8
47964,16965,940613,708,94C2, 9.127400E+01,0,2,2,0,2, 0.000000E+00, 0.000000E+00, 0.000000E+00, 0.000000E+00, 0.000000E+00, 0.000000E+00, 1.328640E-01,-9.770072E-02,-2.139378E+00, 8.568602E+01, 0.000000E+00, 8.568602E+01, 0.000000E+00,NULL,NULL,NULL,NULL,0, 0.000000E+00,NULL,NULL,NULL,NULL,2, 8.568602E+01,0,data,8
47964,16966,940613,708,94C2, 9.127400E+01,32,17,49,32,17, 1.085065E+01,-3.131509E+00,-1.088129E+01, 3.969361E+01, 3.905978E+01, 1.220618E+00, 1.338614E+01,-5.673068E-01,-1.635207E+01, 9.327640E+01, 3.124525E+01, 3.282386E+01, 1.859192E+01,16, 5.700073E-02,0, 0.000000E+00,0, 0.000000E+00,13, 3.397103E+01, 5.211740E-01, 8.768461E+00,NULL,NULL,1,data,8
47964,16967,940613,710,94C2, 9.127400E+01,0,2,2,0,2, 0.000000E+00, 0.000000E+00, 0.000000E+00, 0.000000E+00, 0.000000E+00, 0.000000E+00, 1.099944E-03, 1.040707E-01,-1.529232E+00, 9.350916E+01, 0.000000E+00, 9.350916E+01, 0.000000E+00,NULL,NULL,NULL,NULL,0, 0.000000E+00,NULL,NULL,NULL,NULL,2, 9.350916E+01,0,data,8
47964,16970,940613,710,94C2, 9.127400E+01,0,2,2,0,2, 0.000000E+00, 0.000000E+00, 0.000000E+00, 0.000000E+00, 0.000000E+00, 0.000000E+00, 6.976032E-02, 1.122434E-01, 1.636608E+00, 9.176612E+01, 0.000000E+00, 9.176612E+01, 0.000000E+00,NULL,NULL,NULL,NULL,0, 0.000000E+00,NULL,NULL,NULL,NULL,2, 9.176612E+01,0,data,8
47964,16971,940613,711,94C2, 9.127400E+01,4,8,12,4,8,-3.372600E+01, 3.029153E+01, 1.534699E+02, 1.886144E+02, 1.886032E+02, 4.715081E+01,-3.331820E+01, 3.044745E+01, 1.585684E+02, 1.969863E+02, 0.000000E+00, 8.371922E+00, 0.000000E+00,0, 0.000000E+00,8, 7.866888E+01,0, 0.000000E+00,NULL,NULL,NULL,NULL,1, 0.000000E+00,0,data,8
47964,16973,940613,711,94C2, 9.127400E+01,0,2,2,0,2, 0.000000E+00, 0.000000E+00, 0.000000E+00, 0.000000E+00, 0.000000E+00, 0.000000E+00, 9.392571E-02, 8.422361E-02, 9.875069E-01, 8.936431E+01, 0.000000E+00, 8.936431E+01, 0.000000E+00,NULL,NULL,NULL,NULL,0, 0.000000E+00,NULL,NULL,NULL,NULL,2, 8.936431E+01,0,data,8
47964,16974,940613,711,94C2, 9.127400E+01,28,20,48,28,20, 7.106997E-01,-7.667754E-01,-4.004377E-01, 5.309279E+01, 5.268360E+01, 1.881557E+00, 1.571355E-01, 4.175684E+00,-7.863406E+00, 1.060092E+02, 4.824738E+01, 3.253185E+01, 1.872536E+01,16, 3.418547E+00,1, 0.000000E+00,0, 0.000000E+00,11, 2.677125E+01, 5.429093E-01, 7.826944E+00,NULL,NULL,1,data,8
47964,16975,940613,713,94C2, 9.127400E+01,0,2,2,0,2, 0.000000E+00, 0.000000E+00, 0.000000E+00, 0.000000E+00, 0.000000E+00, 0.000000E+00, 4.005522E-03, 4.431033E-02, 4.441223E-01, 9.167506E+01, 0.000000E+00, 9.167506E+01, 0.000000E+00,NULL,NULL,NULL,NULL,0, 0.000000E+00,NULL,NULL,NULL,NULL,2, 9.167506E+01,0,data,8
47964,16980,940613,713,94C2, 9.127400E+01,0,2,2,0,2, 0.000000E+00, 0.000000E+00, 0.000000E+00, 0.000000E+00, 0.000000E+00, 0.000000E+00,-1.105870E-01,-4.443312E-02, 2.303459E+00, 8.987843E+01, 0.000000E+00, 8.987843E+01, 0.000000E+00,NULL,NULL,NULL,NULL,0, 0.000000E+00,NULL,NULL,NULL,NULL,2, 8.987843E+01,0,data,8
47964,16981,940613,713,94C2, 9.127400E+01,0,2,2,0,2, 0.000000E+00, 0.000000E+00, 0.000000E+00, 0.000000E+00, 0.000000E+00, 0.000000E+00, 1.991093E-02,-4.549670E-02, 1.534119E-01, 9.319823E+01, 0.000000E+00, 9.319823E+01, 0.000000E+00,NULL,NULL,NULL,NULL,0, 0.000000E+00,NULL,NULL,NULL,NULL,2, 9.319823E+01,0,data,8
47964,16982,940613,713,94C2, 9.127400E+01,0,2,2,0,2, 0.000000E+00, 0.000000E+00, 0.000000E+00, 0.000000E+00, 0.000000E+00, 0.000000E+00,-3.960395E-02,-2.679107E-02,-3.882366E+00, 8.676624E+01, 0.000000E+00, 8.676624E+01, 0.000000E+00,NULL,NULL,NULL,NULL,0, 0.000000E+00,NULL,NULL,NULL,NULL,2, 8.676624E+01,0,data,8
47964,16985,940613,716,94C2, 9.127400E+01,0,2,2,0,2, 0.000000E+00, 0.000000E+00, 0.000000E+00, 0.000000E+00, 0.000000E+00, 0.000000E+00, 8.799866E-01,-2.453844E-01,-7.138370E+00, 7.239917E+00, 0.000000E+00, 7.239917E+00, 0.000000E+00,0, 0.000000E+00,1, 0.000000E+00,0, 0.000000E+00,NULL,NULL,NULL,NULL,1, 2.296530E+00,0,data,8
47964,16991,940613,716,94C2, 9.127400E+01,0,2,2,0,2, 0.000000E+00, 0.000000E+00, 0.000000E+00, 0.000000E+00, 0.000000E+00, 0.000000E+00, 6.472468E-02, 1.586945E-01, 3.319256E+00, 9.170763E+01, 0.000000E+00, 9.170763E+01, 0.000000E+00,NULL,NULL,NULL,NULL,0, 0.000000E+00,NULL,NULL,NULL,NULL,2, 9.170763E+01,0,data,8
47964,16992,940613,722,94C2, 9.127400E+01,2,2,4,2,2,-5.946231E-02,-1.897037E-02, 2.223029E+00, 4.821112E+00, 4.812329E+00, 2.406165E+00,-3.843647E-01, 3.008168E-02, 1.794106E+00, 5.366915E+00, 4.819765E+00, 0.000000E+00, 5.458026E-01,1, 6.108252E-02,1, 0.000000E+00,0, 0.000000E+00,NULL,NULL,NULL,NULL,NULL,NULL,0,data,8
47964,16995,940613,722,94C2, 9.127400E+01,0,4,4,0,4, 0.000000E+00, 0.000000E+00, 0.000000E+00, 0.000000E+00, 0.000000E+00, 0.000000E+00,-5.446309E+00,-1.910401E+00, 2.389205E+01, 2.708528E+01, 0.000000E+00, 2.708528E+01, 0.000000E+00,0, 0.000000E+00,1, 5.616714E+00,0, 0.000000E+00,NULL,NULL,NULL,NULL,NULL,NULL,0,data,8
47964,17001,940613,724,94C2, 9.127400E+01,0,2,2,0,2, 0.000000E+00, 0.000000E+00, 0.000000E+00, 0.000000E+00, 0.000000E+00, 0.000000E+00, 3.357327E-02, 5.099553E-02,-1.196089E+01, 7.971637E+01, 0.000000E+00, 7.971637E+01, 0.000000E+00,NULL,NULL,NULL,NULL,0, 0.000000E+00,NULL,NULL,NULL,NULL,2, 7.971637E+01,0,data,8
47964,17004,940613,725,94C2, 9.127400E+01,0,2,2,0,2, 0.000000E+00, 0.000000E+00, 0.000000E+00, 0.000000E+00, 0.000000E+00, 0.000000E+00, 1.357507E-01,-3.206253E-03, 1.000114E+00, 9.105024E+01, 0.000000E+00, 9.105024E+01, 0.000000E+00,NULL,NULL,NULL,NULL,0, 0.000000E+00,NULL,NULL,NULL,NULL,2, 9.105024E+01,0,data,8
47964,17006,940613,725,94C2, 9.127400E+01,4,3,7,4,3,-8.980319E-01,-5.083749E-01, 1.324807E+00, 2.527703E+00, 2.455107E+00, 6.137767E-01,-5.317796E-01,-7.638299E-02, 4.957729E+00, 6.248548E+00, 5.733179E-01, 3.720845E+00, 0.000000E+00,0, 0.000000E+00,2, 0.000000E+00,0, 0.000000E+00,NULL,NULL,NULL,NULL,1, 0.000000E+00,0,data,8
47964,17008,940613,727,94C2, 9.127400E+01,0,4,4,0,4, 0.000000E+00, 0.000000E+00, 0.000000E+00, 0.000000E+00, 0.000000E+00, 0.000000E+00, 2.621055E-01, 2.316318E-01, 2.102661E+00, 8.965160E+01, 0.000000E+00, 8.965160E+01, 0.000000E+00,NULL,NULL,NULL,NULL,0, 0.000000E+00,NULL,NULL,NULL,NULL,4, 8.965160E+01,0,data,8
47964,17009,940613,727,94C2, 9.127400E+01,0,28,28,0,28, 0.000000E+00, 0.000000E+00, 0.000000E+00, 0.000000E+00, 0.000000E+00, 0.000000E+00,-1.165697E+01, 6.256783E+00, 3.451670E+01, 3.983805E+01, 0.000000E+00, 3.983805E+01, 0.000000E+00,0, 0.000000E+00,28, 3.983805E+01,0, 0.000000E+00,NULL,NULL,NULL,NULL,NULL,NULL,0,data,8
47964,17010,940613,727,94C2, 9.127400E+01,30,9,39,30,9, 6.544408E-01, 2.354662E-01,-3.722476E+00, 8.359171E+01, 8.306880E+01, 2.768960E+00,-4.550284E-01, 6.965198E+00,-8.442305E+00, 1.012855E+02, 7.622442E+01, 5.530320E+00, 1.170076E+01,3, 0.000000E+00,11, 2.420462E+00,0, 0.000000E+00,2, 1.663767E+00, 4.627477E-01, 1.201020E+00,NULL,NULL,1,data,8
47964,17012,940613,729,94C2, 9.127400E+01,0,2,2,0,2, 0.000000E+00, 0.000000E+00, 0.000000E+00, 0.000000E+00, 0.000000E+00, 0.000000E+00, 2.759058E-01,-1.541940E-01,-1.103036E+01, 8.177545E+01, 0.000000E+00, 8.177545E+01, 0.000000E+00,NULL,NULL,NULL,NULL,0, 0.000000E+00,NULL,NULL,NULL,NULL,2, 8.177545E+01,0,data,8
47964,17014,940613,729,94C2, 9.127400E+01,2,0,2,2,0,-3.985345E-03, 8.542448E-03, 6.510658E-01, 2.954545E+00, 2.940963E+00, 1.470482E+00,-3.985345E-03, 8.542448E-03, 6.510658E-01, 2.954545E+00, 2.954545E+00, 0.000000E+00, 0.000000E+00,0, 0.000000E+00,1, 0.000000E+00,0, 0.000000E+00,NULL,NULL,NULL,NULL,NULL,NULL,0,data,8
47964,17021,940613,731,94C2, 9.127400E+01,0,2,2,0,2, 0.000000E+00, 0.000000E+00, 0.000000E+00, 0.000000E+00, 0.000000E+00, 0.000000E+00, 9.461403E-02, 6.331420E-02,-1.445568E+00, 9.039883E+01, 0.000000E+00, 9.039883E+01, 0.000000E+00,NULL,NULL,NULL,NULL,0, 0.000000E+00,NULL,NULL,NULL,NULL,2, 9.039883E+01,0,data,8
47964,17022,940613,731,94C2, 9.127400E+01,0,2,2,0,2, 0.000000E+00, 0.000000E+00, 0.000000E+00, 0.000000E+00, 0.000000E+00, 0.000000E+00, 9.942010E-03, 4.357457E-02,-7.202759E-01, 9.175272E+01, 0.000000E+00, 9.175272E+01, 0.000000E+00,NULL,NULL,NULL,NULL,0, 0.000000E+00,NULL,NULL,NULL,NULL,2, 9.175272E+01,0,data,8
47964,17023,940613,731,94C2, 9.127400E+01,31,11,42,31,11, 5.688142E+00,-2.709954E+00, 3.008854E+00, 6.873350E+01, 6.782546E+01, 2.187918E+00, 7.567908E+00,-1.709510E+00, 9.015364E-01, 7.784046E+01, 6.445148E+01, 5.902094E+00, 2.299245E+00,5, 0.000000E+00,3, 0.000000E+00,0, 0.000000E+00,4, 4.122009E+00, 7.911059E-01, 1.333434E+00,1, 0.000000E+00,1,data,8
47964,17028,940613,737,94C2, 9.127400E+01,1,2,3,1,2,-4.430027E-01,-6.360644E-02,-1.240290E+00, 1.325932E+00, 1.318566E+00, 1.318566E+00, 1.387340E+00,-5.782487E-01,-3.946873E+01, 3.962620E+01, 0.000000E+00, 3.830027E+01, 0.000000E+00,0, 0.000000E+00,2, 4.729408E+00,0, 0.000000E+00,NULL,NULL,NULL,NULL,1, 0.000000E+00,0,data,8
47964,17030,940613,737,94C2, 9.127400E+01,0,2,2,0,2, 0.000000E+00, 0.000000E+00, 0.000000E+00, 0.000000E+00, 0.000000E+00, 0.000000E+00, 1.954341E-02, 3.290153E-02,-1.095505E-01, 8.979799E+01, 0.000000E+00, 8.979799E+01, 0.000000E+00,NULL,NULL,NULL,NULL,0, 0.000000E+00,NULL,NULL,NULL,NULL,2, 8.979799E+01,0,data,8
47964,17034,940613,737,94C2, 9.127400E+01,0,2,2,0,2, 0.000000E+00, 0.000000E+00, 0.000000E+00, 0.000000E+00, 0.000000E+00, 0.000000E+00, 1.137305E-01,-3.235483E-02, 2.282391E+00, 9.334665E+01, 0.000000E+00, 9.334665E+01, 0.000000E+00,NULL,NULL,NULL,NULL,0, 0.000000E+00,NULL,NULL,NULL,NULL,2, 9.334665E+01,0,data,8
47964,17035,940613,737,94C2, 9.127400E+01,0,2,2,0,2, 0.000000E+00, 0.000000E+00, 0.000000E+00, 0.000000E+00, 0.000000E+00, 0.000000E+00, 2.226388E-01, 4.519996E-02, 2.488930E+00, 9.091063E+01, 0.000000E+00, 9.091063E+01, 0.000000E+00,NULL,NULL,NULL,NULL,0, 0.000000E+00,NULL,NULL,NULL,NULL,2, 9.091063E+01,0,data,8
47964,17038,940613,740,94C2, 9.127400E+01,0,2,2,0,2, 0.000000E+00, 0.000000E+00, 0.000000E+00, 0.000000E+00, 0.000000E+00, 0.000000E+00, 2.100545E-02, 7.240915E-02, 9.708328E-01, 9.125869E+01, 0.000000E+00, 9.125869E+01, 0.000000E+00,NULL,NULL,NULL,NULL,0, 0.000000E+00,NULL,NULL,NULL,NULL,2, 9.125869E+01,0,data,8
47964,17041,940613,740,94C2, 9.127400E+01,1,2,3,1,2,-4.211404E-01, 7.341000E-01,-2.075780E+00, 2.246020E+00, 2.241679E+00, 2.241679E+00,-2.939773E-01, 7.804177E-01,-5.605095E+00, 1.005362E+01, 2.430120E+00, 7.807596E+00, 0.000000E+00,0, 0.000000E+00,1, 2.078617E+00,0, 0.000000E+00,NULL,NULL,NULL,NULL,2, 2.138275E+00,0,data,8
47964,17043,940613,740,94C2, 9.127400E+01,3,2,5,3,2, 2.478902E+00,-7.581686E-01, 1.161447E+01, 1.546577E+01, 1.544363E+01, 5.147875E+00, 6.003129E+00,-1.729722E+00, 1.344028E+01, 1.995820E+01, 5.317311E+00, 4.492438E+00, 0.000000E+00,2, 0.000000E+00,2, 3.521326E+01,0, 0.000000E+00,1, 4.001255E+00, 4.001255E+00, 4.001255E+00,NULL,NULL,0,data,8
47964,17044,940613,743,94C2, 9.127400E+01,2,5,7,2,5, 1.260388E+00,-1.780351E+00, 4.439990E+00, 5.180274E+00, 5.162772E+00, 2.581386E+00, 1.307614E+00,-1.888802E+00, 7.556610E-01, 1.332667E+01, 5.274149E+00, 8.146395E+00, 0.000000E+00,0, 0.000000E+00,5, 2.546447E+00,0, 0.000000E+00,NULL,NULL,NULL,NULL,1, 0.000000E+00,0,data,8
47964,17045,940613,743,94C2, 9.127400E+01,0,2,2,0,2, 0.000000E+00, 0.000000E+00, 0.000000E+00, 0.000000E+00, 0.000000E+00, 0.000000E+00,-1.195061E-02,-7.370591E-02, 5.384624E+00, 8.850761E+01, 0.000000E+00, 8.850761E+01, 0.000000E+00,NULL,NULL,NULL,NULL,0, 0.000000E+00,NULL,NULL,NULL,NULL,2, 8.850761E+01,0,data,8
47964,17050,940613,743,94C2, 9.127400E+01,0,2,2,0,2, 0.000000E+00, 0.000000E+00, 0.000000E+00, 0.000000E+00, 0.000000E+00, 0.000000E+00, 1.480821E-01, 3.753376E-02,-7.907524E-01, 9.085767E+01, 0.000000E+00, 9.085767E+01, 0.000000E+00,NULL,NULL,NULL,NULL,0, 0.000000E+00,NULL,NULL,NULL,NULL,2, 9.085767E+01,0,data,8
47964,17053,940613,748,94C2, 9.127400E+01,0,3,3,0,3, 0.000000E+00, 0.000000E+00, 0.000000E+00, 0.000000E+00, 0.000000E+00, 0.000000E+00, 7.482195E-02, 1.975119E-01, 1.872567E+01, 7.419868E+01, 0.000000E+00, 7.419868E+01, 0.000000E+00,0, 0.000000E+00,2, 1.292632E+00,0, 0.000000E+00,NULL,NULL,NULL,NULL,1, 4.635825E+01,0,data,8
47964,17054,940613,748,94C2, 9.127400E+01,0,3,3,0,3, 0.000000E+00, 0.000000E+00, 0.000000E+00, 0.000000E+00, 0.000000E+00, 0.000000E+00, 2.152396E-01, 1.043139E-01,-6.176903E+00, 9.690858E+01, 0.000000E+00, 9.690858E+01, 0.000000E+00,NULL,NULL,NULL,NULL,0, 0.000000E+00,NULL,NULL,NULL,NULL,3, 9.690858E+01,0,data,8
47964,17057,940613,748,94C2, 9.127400E+01,0,2,2,0,2, 0.000000E+00, 0.000000E+00, 0.000000E+00, 0.000000E+00, 0.000000E+00, 0.000000E+00,-1.475716E-02, 1.036408E-01,-1.518009E+00, 9.317221E+01, 0.000000E+00, 9.317221E+01, 0.000000E+00,NULL,NULL,NULL,NULL,0, 0.000000E+00,NULL,NULL,NULL,NULL,2, 9.317221E+01,0,data,8
47964,17060,940613,749,94C2, 9.127400E+01,1,1,2,1,1,-6.240088E+01, 7.725914E+01, 3.367962E+01, 1.048674E+02, 1.048673E+02, 1.048673E+02,-6.188432E+01, 7.662821E+01, 3.351881E+01, 1.056986E+02, 0.000000E+00, 8.311242E-01, 0.000000E+00,1, 0.000000E+00,0, 0.000000E+00,0, 0.000000E+00,1, 8.311242E-01, 8.311242E-01, 8.311242E-01,NULL,NULL,0,data,8
47964,17061,940613,752,94C2, 9.127400E+01,3,2,5,3,2,-1.407171E+00,-2.592499E-01,-2.193848E+00, 2.945024E+00, 2.840005E+00, 9.466683E-01,-2.120966E+00,-2.950360E-01, 2.645702E+00, 1.428055E+01, 2.001533E+00, 1.133553E+01, 0.000000E+00,NULL,NULL,NULL,NULL,0, 0.000000E+00,NULL,NULL,NULL,NULL,2, 0.000000E+00,0,data,8
47964,17066,940613,755,94C2, 9.127400E+01,35,21,56,35,21, 1.962736E+01, 7.324489E+00, 5.204419E+00, 5.769333E+01, 5.715126E+01, 1.632893E+00, 1.189872E+01, 3.670671E+00, 3.226312E+00, 9.492450E+01, 4.488879E+01, 2.846729E+01, 6.266172E+00,18, 4.579639E+00,0, 0.000000E+00,0, 0.000000E+00,15, 2.682984E+01, 4.814053E-01, 1.087951E+01,NULL,NULL,1,data,8
47964,17068,940613,755,94C2, 9.127400E+01,0,2,2,0,2, 0.000000E+00, 0.000000E+00, 0.000000E+00, 0.000000E+00, 0.000000E+00, 0.000000E+00, 1.062587E-01, 1.090140E-01,-9.134026E-01, 9.148006E+01, 0.000000E+00, 9.148006E+01, 0.000000E+00,NULL,NULL,NULL,NULL,0, 0.000000E+00,NULL,NULL,NULL,NULL,2, 9.148006E+01,0,data,8
47964,17071,940613,800,94C2, 9.127400E+01,0,2,2,0,2, 0.000000E+00, 0.000000E+00, 0.000000E+00, 0.000000E+00, 0.000000E+00, 0.000000E+00, 8.568507E-02, 9.320831E-02, 9.132843E-01, 9.418341E+01, 0.000000E+00, 9.418341E+01, 0.000000E+00,NULL,NULL,NULL,NULL,0, 0.000000E+00,NULL,NULL,NULL,NULL,2, 9.418341E+01,0,data,8
47964,17083,940613,803,94C2, 9.127400E+01,0,2,2,0,2, 0.000000E+00, 0.000000E+00, 0.000000E+00, 0.000000E+00, 0.000000E+00, 0.000000E+00, 1.449938E-01, 1.833439E-03,-2.307091E-01, 9.036593E+01, 0.000000E+00, 9.036593E+01, 0.000000E+00,NULL,NULL,NULL,NULL,0, 0.000000E+00,NULL,NULL,NULL,NULL,2, 9.036593E+01,0,data,8
47964,17085,940613,803,94C2, 9.127400E+01,0,2,2,0,2, 0.000000E+00, 0.000000E+00, 0.000000E+00, 0.000000E+00, 0.000000E+00, 0.000000E+00, 3.782080E-02,-8.276439E-02, 2.002846E+00, 9.082097E+01, 0.000000E+00, 9.082097E+01, 0.000000E+00,NULL,NULL,NULL,NULL,0, 0.000000E+00,NULL,NULL,NULL,NULL,2, 9.082097E+01,0,data,8
47964,17088,940613,808,94C2, 9.127400E+01,0,2,2,0,2, 0.000000E+00, 0.000000E+00, 0.000000E+00, 0.000000E+00, 0.000000E+00, 0.000000E+00, 4.500389E-01, 3.138857E-01,-3.418842E+00, 9.363185E+01, 0.000000E+00, 9.363185E+01, 0.000000E+00,NULL,NULL,NULL,NULL,0, 0.000000E+00,NULL,NULL,NULL,NULL,2, 9.363185E+01,0,data,8
47964,17089,940613,808,94C2, 9.127400E+01,3,2,5,3,2,-1.992188E-01, 2.974943E-01,-8.565163E-01, 3.474939E+00, 3.449249E+00, 1.149750E+00,-3.277025E-02, 1.384368E-01,-3.373096E+00, 6.004693E+00, 2.750405E+00, 2.529754E+00, 0.000000E+00,NULL,NULL,NULL,NULL,0, 0.000000E+00,NULL,NULL,NULL,NULL,2, 0.000000E+00,0,data,8
47964,17091,940613,808,94C2, 9.127400E+01,0,2,2,0,2, 0.000000E+00, 0.000000E+00, 0.000000E+00, 0.000000E+00, 0.000000E+00, 0.000000E+00, 1.203446E-01,-5.768943E-02,-1.200554E+00, 9.043975E+01, 0.000000E+00, 9.043975E+01, 0.000000E+00,NULL,NULL,NULL,NULL,0, 0.000000E+00,NULL,NULL,NULL,NULL,2, 9.043975E+01,0,data,8
47964,17095,940613,809,94C2, 9.127400E+01,0,2,2,0,2, 0.000000E+00, 0.000000E+00, 0.000000E+00, 0.000000E+00, 0.000000E+00, 0.000000E+00,-1.798201E-02, 2.471015E-01, 9.522629E-02, 8.671265E+01, 0.000000E+00, 8.671265E+01, 0.000000E+00,NULL,NULL,NULL,NULL,0, 0.000000E+00,NULL,NULL,NULL,NULL,2, 8.671265E+01,0,data,8
47964,17099,940613,809,94C2, 9.127400E+01,18,14,32,18,14,-2.603807E+00,-2.611519E+00, 1.995353E+00, 4.338974E+01, 4.312646E+01, 2.395915E+00,-6.987402E-01,-2.393920E+00, 2.542249E+00, 7.052764E+01, 4.117315E+01, 1.710285E+01, 3.008801E+00,16, 1.074024E+01,0, 0.000000E+00,0, 0.000000E+00,11, 2.428628E+01, 5.313484E-01, 5.387973E+00,NULL,NULL,1,data,8
47964,17100,940613,809,94C2, 9.127400E+01,37,12,49,37,12, 1.630523E+01,-1.651310E+01,-5.336788E+01, 1.080980E+02, 1.075174E+02, 2.905876E+00, 1.715466E+01,-5.343468E+00,-6.092752E+01, 1.611868E+02, 4.973630E+01, 5.265574E+01, 6.612720E-01,2, 0.000000E+00,14, 9.228751E+00,0, 0.000000E+00,2, 1.877336E+01, 6.100648E-01, 1.816329E+01,NULL,NULL,1,data,8
47964,17106,940613,814,94C2, 9.127400E+01,22,9,31,22,9, 1.330717E+01, 1.174358E-01, 4.399201E-01, 4.036950E+01, 4.001629E+01, 1.818922E+00, 2.046218E+01,-2.524869E-01,-7.050772E-01, 6.342933E+01, 3.523949E+01, 1.534473E+01, 7.716598E+00,12, 5.031970E+00,0, 0.000000E+00,0, 0.000000E+00,7, 1.534473E+01, 7.154651E-01, 6.657682E+00,NULL,NULL,1,data,8
47964,17115,940613,820,94C2, 9.127400E+01,1,2,3,1,2,-3.271602E-01, 5.369533E-01,-5.181802E-01, 8.266453E-01, 8.147781E-01, 8.147781E-01, 9.573641E-01,-3.097280E-01,-1.386861E+01, 1.468104E+01, 0.000000E+00, 1.385439E+01, 0.000000E+00,1, 0.000000E+00,0, 0.000000E+00,0, 0.000000E+00,1, 1.537095E+00, 1.537095E+00, 1.537095E+00,1, 0.000000E+00,0,data,8
47964,17116,940613,822,94C2, 9.127400E+01,0,2,2,0,2, 0.000000E+00, 0.000000E+00, 0.000000E+00, 0.000000E+00, 0.000000E+00, 0.000000E+00,-1.617696E+00, 3.981003E-01,-1.137176E+01, 8.136031E+01, 0.000000E+00, 8.136031E+01, 0.000000E+00,NULL,NULL,NULL,NULL,0, 0.000000E+00,NULL,NULL,NULL,NULL,2, 8.136031E+01,0,data,8
47964,17118,940613,822,94C2, 9.127400E+01,6,3,9,6,3,-3.840386E-01, 2.933933E-01, 4.945673E+00, 6.134501E+00, 6.050014E+00, 1.008336E+00,-2.602753E-01, 3.113976E-01, 8.588248E+00, 9.859125E+00, 2.844527E+00, 3.614762E+00, 1.098629E-01,0, 0.000000E+00,2, 0.000000E+00,0, 0.000000E+00,NULL,NULL,NULL,NULL,2, 0.000000E+00,0,data,8
47964,17121,940613,822,94C2, 9.127400E+01,45,13,58,45,13,-5.106047E-02,-1.557194E+00,-2.861754E+00, 6.869633E+01, 6.774596E+01, 1.505466E+00, 2.533156E+00,-9.920497E+00, 3.628606E+00, 9.528922E+01, 6.429835E+01, 1.604497E+01, 1.010586E+01,13, 4.900475E+00,3, 0.000000E+00,0, 0.000000E+00,7, 8.875184E+00, 4.420632E-01, 3.921071E+00,NULL,NULL,1,data,8
47964,17129,940613,827,94C2, 9.127400E+01,0,2,2,0,2, 0.000000E+00, 0.000000E+00, 0.000000E+00, 0.000000E+00, 0.000000E+00, 0.000000E+00, 1.560603E-01,-6.815875E-02, 2.674465E+00, 9.166383E+01, 0.000000E+00, 9.166383E+01, 0.000000E+00,NULL,NULL,NULL,NULL,0, 0.000000E+00,NULL,NULL,NULL,NULL,2, 9.166383E+01,0,data,8
47964,17130,940613,829,94C2, 9.127400E+01,0,2,2,0,2, 0.000000E+00, 0.000000E+00, 0.000000E+00, 0.000000E+00, 0.000000E+00, 0.000000E+00,-4.596710E-03, 5.215466E-02,-1.140228E+00, 9.194194E+01, 0.000000E+00, 9.194194E+01, 0.000000E+00,NULL,NULL,NULL,NULL,0, 0.000000E+00,NULL,NULL,NULL,NULL,2, 9.194194E+01,0,data,8
47964,17132,940613,829,94C2, 9.127400E+01,5,8,13,5,8,-3.648506E+00, 4.511684E+00, 2.929232E+00, 5.401868E+01, 5.399822E+01, 1.079964E+01,-3.840778E+00, 4.116648E+00, 2.383592E+00, 6.515517E+01, 5.401868E+01, 5.960077E+00, 6.002945E-01,8, 1.310395E+01,0, 0.000000E+00,0, 0.000000E+00,6, 1.053621E+01, 5.274235E-01, 4.048710E+00,NULL,NULL,1,data,8
47964,17137,940613,829,94C2, 9.127400E+01,0,2,2,0,2, 0.000000E+00, 0.000000E+00, 0.000000E+00, 0.000000E+00, 0.000000E+00, 0.000000E+00, 3.627181E-03,-9.097576E-03,-5.448151E-02, 9.128716E+01, 0.000000E+00, 9.128716E+01, 0.000000E+00,NULL,NULL,NULL,NULL,0, 0.000000E+00,NULL,NULL,NULL,NULL,2, 9.128716E+01,0,data,8
47964,17140,940613,833,94C2, 9.127400E+01,1,1,2,1,1,-7.389538E-01, 1.282969E+00, 5.973187E+00, 6.155527E+00, 6.153944E+00, 6.153944E+00,-6.333331E-01, 1.062124E+00,-2.200279E-01, 1.235358E+01, 0.000000E+00, 6.198051E+00, 0.000000E+00,0, 0.000000E+00,1, 4.351446E+00,0, 0.000000E+00,NULL,NULL,NULL,NULL,1, 0.000000E+00,0,data,8
47964,17143,940613,833,94C2, 9.127400E+01,0,2,2,0,2, 0.000000E+00, 0.000000E+00, 0.000000E+00, 0.000000E+00, 0.000000E+00, 0.000000E+00, 3.829145E-01, 1.803961E-01, 4.014977E+00, 9.266238E+01, 0.000000E+00, 9.266238E+01, 0.000000E+00,NULL,NULL,NULL,NULL,0, 0.000000E+00,NULL,NULL,NULL,NULL,2, 9.266238E+01,0,data,8
47964,17144,940613,833,94C2, 9.127400E+01,2,2,4,2,2,-1.449899E+00,-4.053135E+00,-1.428144E+00, 8.030688E+01, 8.030640E+01, 4.015320E+01, 2.570552E+00, 6.295259E+00, 1.528126E+00, 9.300311E+01, 8.030666E+01, 1.269623E+01, 0.000000E+00,3, 7.860420E+01,0, 0.000000E+00,0, 0.000000E+00,1, 1.184867E+01, 1.184867E+01, 1.184867E+01,1, 0.000000E+00,0,data,8
47964,17145,940613,833,94C2, 9.127400E+01,0,2,2,0,2, 0.000000E+00, 0.000000E+00, 0.000000E+00, 0.000000E+00, 0.000000E+00, 0.000000E+00,-6.995893E-02, 8.601847E-02,-1.759911E+00, 9.173778E+01, 0.000000E+00, 9.173778E+01, 0.000000E+00,NULL,NULL,NULL,NULL,0, 0.000000E+00,NULL,NULL,NULL,NULL,2, 9.173778E+01,0,data,8
47964,17152,940613,836,94C2, 9.127400E+01,0,2,2,0,2, 0.000000E+00, 0.000000E+00, 0.000000E+00, 0.000000E+00, 0.000000E+00, 0.000000E+00, 6.845784E-02,-6.910956E-02, 1.652874E+00, 9.257318E+01, 0.000000E+00, 9.257318E+01, 0.000000E+00,NULL,NULL,NULL,NULL,0, 0.000000E+00,NULL,NULL,NULL,NULL,2, 9.257318E+01,0,data,8
47964,17153,940613,836,94C2, 9.127400E+01,0,1,1,0,1, 0.000000E+00, 0.000000E+00, 0.000000E+00, 0.000000E+00, 0.000000E+00, 0.000000E+00,-2.734415E-02, 9.147785E-01,-5.145707E+00, 5.226459E+00, 0.000000E+00, 5.226459E+00, 0.000000E+00,0, 0.000000E+00,1, 5.226459E+00,0, 0.000000E+00,NULL,NULL,NULL,NULL,NULL,NULL,0,data,8
47964,17154,940613,836,94C2, 9.127400E+01,2,0,2,2,0,-2.441015E+00,-2.755574E+00,-3.480285E+00, 1.551270E+01, 1.550989E+01, 7.754943E+00,-2.441015E+00,-2.755574E+00,-3.480285E+00, 1.551270E+01, 0.000000E+00, 0.000000E+00, 0.000000E+00,1, 0.000000E+00,0, 0.000000E+00,0, 0.000000E+00,NULL,NULL,NULL,NULL,NULL,NULL,0,data,8
47964,17158,940613,840,94C2, 9.127400E+01,0,4,4,0,4, 0.000000E+00, 0.000000E+00, 0.000000E+00, 0.000000E+00, 0.000000E+00, 0.000000E+00,-1.621966E-01, 2.617821E-01,-4.703878E+00, 1.006175E+02, 0.000000E+00, 1.006175E+02, 0.000000E+00,0, 0.000000E+00,2, 4.694473E+01,0, 0.000000E+00,NULL,NULL,NULL,NULL,1, 3.106360E-01,0,data,8
47964,17159,940613,840,94C2, 9.127400E+01,0,2,2,0,2, 0.000000E+00, 0.000000E+00, 0.000000E+00, 0.000000E+00, 0.000000E+00, 0.000000E+00, 5.395234E+00, 1.111564E+01,-9.900648E-01, 1.239794E+01, 0.000000E+00, 3.048662E+00, 0.000000E+00,2, 1.131450E+01,0, 0.000000E+00,0, 0.000000E+00,2, 1.239794E+01, 3.048662E+00, 9.349275E+00,NULL,NULL,0,data,8
47964,17165,940613,843,94C2, 9.127400E+01,0,2,2,0,2, 0.000000E+00, 0.000000E+00, 0.000000E+00, 0.000000E+00, 0.000000E+00, 0.000000E+00, 2.315450E-01, 2.194094E-01, 1.654053E-01, 8.779423E+01, 0.000000E+00, 8.779423E+01, 0.000000E+00,NULL,NULL,NULL,NULL,0, 0.000000E+00,NULL,NULL,NULL,NULL,2, 8.779423E+01,0,data,8
47964,17166,940613,843,94C2, 9.127400E+01,16,7,23,16,7, 1.279835E+01, 4.866214E+00, 3.502843E+01, 3.922355E+01, 3.899749E+01, 2.437343E+00, 4.486821E+00, 3.254799E+00,-4.200031E+00, 8.272565E+01, 1.836429E+01, 4.350210E+01, 0.000000E+00,0, 0.000000E+00,11, 1.069708E+01,0, 0.000000E+00,NULL,NULL,NULL,NULL,NULL,NULL,0,data,8
47964,17169,940613,843,94C2, 9.127400E+01,6,5,11,6,5, 3.622275E+00,-3.204739E+00,-2.239195E+00, 1.103152E+01, 1.087543E+01, 1.812572E+00, 4.279223E+00,-3.207125E+00, 3.294563E+00, 1.687625E+01, 0.000000E+00, 5.844723E+00, 0.000000E+00,0, 0.000000E+00,4, 0.000000E+00,0, 0.000000E+00,NULL,NULL,NULL,NULL,1, 0.000000E+00,0,data,8
47964,17170,940613,848,94C2, 9.127400E+01,0,2,2,0,2, 0.000000E+00, 0.000000E+00, 0.000000E+00, 0.000000E+00, 0.000000E+00, 0.000000E+00,-1.258225E-01, 1.101453E-01,-3.230217E+00, 9.148479E+01, 0.000000E+00, 9.148479E+01, 0.000000E+00,NULL,NULL,NULL,NULL,0, 0.000000E+00,NULL,NULL,NULL,NULL,2, 9.148479E+01,0,data,8
47964,17175,940613,848,94C2, 9.127400E+01,0,2,2,0,2, 0.000000E+00, 0.000000E+00, 0.000000E+00, 0.000000E+00, 0.000000E+00, 0.000000E+00,-6.696725E-02, 5.963063E-02, 2.111858E+00, 9.005724E+01, 0.000000E+00, 9.005724E+01, 0.000000E+00,NULL,NULL,NULL,NULL,0, 0.000000E+00,NULL,NULL,NULL,NULL,2, 9.005724E+01,0,data,8
47964,17178,940613,848,94C2, 9.127400E+01,27,16,43,27,16,-1.052170E+01, 7.537740E+00,-4.682884E+00, 6.140960E+01, 6.103793E+01, 2.260664E+00,-3.720098E+00, 3.182555E+00,-1.500288E+00, 8.339663E+01, 5.589539E+01, 1.997042E+01, 2.886084E-01,18, 9.936898E+00,1, 0.000000E+00,0, 0.000000E+00,12, 2.045333E+01, 4.923993E-01, 4.212668E+00,NULL,NULL,1,data,8
47964,17180,940613,849,94C2, 9.127400E+01,0,2,2,0,2, 0.000000E+00, 0.000000E+00, 0.000000E+00, 0.000000E+00, 0.000000E+00, 0.000000E+00, 1.612747E-01, 6.624484E-02,-1.433353E+00, 8.811517E+01, 0.000000E+00, 8.811517E+01, 0.000000E+00,NULL,NULL,NULL,NULL,0, 0.000000E+00,NULL,NULL,NULL,NULL,2, 8.811517E+01,0,data,8
47964,17185,940613,850,94C2, 9.127400E+01,42,29,71,42,29, 5.086336E+00, 3.953848E+00, 1.480481E+01, 5.068997E+01, 4.979751E+01, 1.185655E+00, 1.277902E+01, 4.063552E+00, 6.779868E+00, 1.092377E+02, 3.431258E+01, 3.267086E+01, 2.382469E+01,12, 0.000000E+00,10, 0.000000E+00,0, 0.000000E+00,11, 2.341105E+01, 5.105052E-01, 9.416594E+00,NULL,NULL,1,data,8
47964,17186,940613,850,94C2, 9.127400E+01,0,2,2,0,2, 0.000000E+00, 0.000000E+00, 0.000000E+00, 0.000000E+00, 0.000000E+00, 0.000000E+00,-8.241892E-03, 5.152977E-02,-1.685677E-01, 8.927032E+01, 0.000000E+00, 8.927032E+01, 0.000000E+00,NULL,NULL,NULL,NULL,0, 0.000000E+00,NULL,NULL,NULL,NULL,2, 8.927032E+01,0,data,8
47964,17188,940613,851,94C2, 9.127400E+01,23,6,29,23,6,-6.546132E+00,-2.528128E+01, 1.015543E+01, 6.110694E+01, 6.059842E+01, 2.634714E+00,-3.647042E+00,-1.269050E+01, 5.070589E+00, 8.640134E+01, 5.897295E+01, 1.855933E+01, 6.075490E+00,7, 2.436817E+00,0, 0.000000E+00,0, 0.000000E+00,3, 1.924301E+01, 6.836800E-01, 1.756309E+01,NULL,NULL,1,data,8
47964,17192,940613,851,94C2, 9.127400E+01,1,4,5,1,4, 4.776692E-01, 5.582134E-01, 2.187041E+00, 2.311362E+00, 2.307145E+00, 2.307145E+00,-1.085993E+00,-2.916714E-01, 4.464283E+01, 4.584617E+01, 0.000000E+00, 4.353481E+01, 0.000000E+00,0, 0.000000E+00,3, 3.023525E+00,0, 0.000000E+00,NULL,NULL,NULL,NULL,1, 0.000000E+00,0,data,8
47964,17194,940613,853,94C2, 9.127400E+01,20,15,35,20,15, 2.420937E+01, 1.641632E+01, 3.209552E+01, 6.709254E+01, 6.679217E+01, 3.339608E+00, 1.989773E+01, 1.339678E+01, 2.204070E+01, 1.244491E+02, 6.673940E+01, 3.871773E+01, 1.865909E+01,8, 2.135380E-01,1, 0.000000E+00,0, 0.000000E+00,6, 3.453856E+01, 3.857949E-01, 2.634081E+01,NULL,NULL,1,data,8
47964,17196,940613,853,94C2, 9.127400E+01,13,12,25,13,12,-1.681650E-01, 2.093560E-01,-2.798141E+00, 9.968144E+00, 9.616035E+00, 7.396950E-01, 2.007701E-01, 2.146708E+00,-7.030877E+00, 6.030014E+01, 6.410439E+00, 3.573150E+01, 1.403163E+01,1, 0.000000E+00,5, 1.630215E+00,0, 0.000000E+00,1, 5.688658E-01, 5.688658E-01, 5.688658E-01,4, 0.000000E+00,0,data,8
47964,17201,940613,855,94C2, 9.127400E+01,43,12,55,43,12, 2.117714E+01,-2.730763E+01, 8.573863E+01, 2.127133E+02, 2.119798E+02, 4.929763E+00, 2.152853E+01,-2.565472E+01, 7.962429E+01, 2.307867E+02, 1.464903E+01, 1.542887E+01, 2.644494E+00,2, 0.000000E+00,17, 7.663588E+00,0, 0.000000E+00,1, 1.394419E+00, 1.394419E+00, 1.394419E+00,1, 0.000000E+00,0,data,8
47964,17202,940613,855,94C2, 9.127400E+01,1,3,4,1,3,-7.058871E-01,-1.873160E+00,-9.566505E+00, 9.774688E+00, 9.773691E+00, 9.773691E+00, 9.941581E-01, 7.268706E+00, 3.345834E+01, 5.379719E+01, 0.000000E+00, 4.402251E+01, 0.000000E+00,0, 0.000000E+00,4, 6.093784E+01,0, 0.000000E+00,NULL,NULL,NULL,NULL,NULL,NULL,0,data,8
47964,17203,940613,855,94C2, 9.127400E+01,56,17,73,56,17,-2.935704E+00, 4.747982E+00,-5.200406E+00, 6.324539E+01, 6.186327E+01, 1.104701E+00,-3.590772E+00, 3.712435E+00,-6.638597E+00, 7.501348E+01, 5.405571E+01, 9.647137E+00, 1.442055E+00,12, 9.984539E-02,5, 4.076039E-01,0, 0.000000E+00,8, 6.717231E+00, 3.874333E-01, 1.214230E+00,NULL,NULL,1,data,8
47964,17204,940613,858,94C2, 9.127400E+01,0,2,2,0,2, 0.000000E+00, 0.000000E+00, 0.000000E+00, 0.000000E+00, 0.000000E+00, 0.000000E+00, 5.439770E-02,-5.346298E-03, 1.072853E+00, 8.962112E+01, 0.000000E+00, 8.962112E+01, 0.000000E+00,NULL,NULL,NULL,NULL,0, 0.000000E+00,NULL,NULL,NULL,NULL,2, 8.962112E+01,0,data,8
47964,17207,940613,858,94C2, 9.127400E+01,25,11,36,25,11,-2.375657E+01,-1.298952E+01,-5.897691E+00, 5.771776E+01, 5.725859E+01, 2.290344E+00,-6.046892E+00,-4.206464E+00,-2.081018E+00, 8.189169E+01, 5.652877E+01, 2.278314E+01, 5.499736E-01,14, 5.398242E+00,0, 0.000000E+00,0, 0.000000E+00,8, 2.337544E+01, 4.141054E-01, 1.074536E+01,NULL,NULL,1,data,8
47964,17209,940613,902,94C2, 9.127400E+01,0,2,2,0,2, 0.000000E+00, 0.000000E+00, 0.000000E+00, 0.000000E+00, 0.000000E+00, 0.000000E+00, 4.441769E-01,-1.092381E-01, 1.370228E+00, 9.112193E+01, 0.000000E+00, 9.112193E+01, 0.000000E+00,NULL,NULL,NULL,NULL,0, 0.000000E+00,NULL,NULL,NULL,NULL,2, 9.112193E+01,0,data,8
47964,17213,940613,902,94C2, 9.127400E+01,0,2,2,0,2, 0.000000E+00, 0.000000E+00, 0.000000E+00, 0.000000E+00, 0.000000E+00, 0.000000E+00, 2.172728E-01,-3.997186E-02,-1.751461E+00, 9.016990E+01, 0.000000E+00, 9.016990E+01, 0.000000E+00,NULL,NULL,NULL,NULL,0, 0.000000E+00,NULL,NULL,NULL,NULL,2, 9.016990E+01,0,data,8
47964,17215,940613,902,94C2, 9.127400E+01,0,2,2,0,2, 0.000000E+00, 0.000000E+00, 0.000000E+00, 0.000000E+00, 0.000000E+00, 0.000000E+00, 1.878483E-01, 7.759380E-02,-1.589905E+00, 9.097650E+01, 0.000000E+00, 9.097650E+01, 0.000000E+00,NULL,NULL,NULL,NULL,0, 0.000000E+00,NULL,NULL,NULL,NULL,2, 9.097650E+01,0,data,8
47964,17223,940613,905,94C2, 9.127400E+01,43,17,60,43,17, 2.876860E+01, 5.804750E+00, 4.166110E+01, 1.801665E+02, 1.784729E+02, 4.150532E+00, 4.126038E+01, 6.729590E+00, 4.164864E+01, 2.188327E+02, 1.158531E+02, 2.944842E+01, 2.790833E+00,21, 5.858205E+00,0, 0.000000E+00,0, 0.000000E+00,14, 3.405196E+01, 5.386096E-01, 6.914668E+00,NULL,NULL,1,data,8
47964,17224,940613,907,94C2, 9.127400E+01,0,2,2,0,2, 0.000000E+00, 0.000000E+00, 0.000000E+00, 0.000000E+00, 0.000000E+00, 0.000000E+00,-1.874316E-02, 3.035676E-02, 1.643108E+00, 9.241916E+01, 0.000000E+00, 9.241916E+01, 0.000000E+00,NULL,NULL,NULL,NULL,0, 0.000000E+00,NULL,NULL,NULL,NULL,2, 9.241916E+01,0,data,8
47964,17226,940613,907,94C2, 9.127400E+01,2,2,4,2,2,-2.574271E-01, 3.159599E-02, 3.749795E-01, 1.700179E+00, 1.675321E+00, 8.376605E-01,-1.551765E-01, 2.289347E-02, 6.863081E-02, 2.073390E+00, 1.700179E+00, 0.000000E+00, 3.732108E-01,NULL,NULL,NULL,NULL,0, 0.000000E+00,NULL,NULL,NULL,NULL,NULL,NULL,0,data,8
47964,17227,940613,907,94C2, 9.127400E+01,2,0,2,2,0, 8.738188E+00,-4.237296E+01, 3.415418E+01, 1.809623E+02, 1.809620E+02, 9.048102E+01, 8.738188E+00,-4.237296E+01, 3.415418E+01, 1.809623E+02, 0.000000E+00, 0.000000E+00, 0.000000E+00,2, 7.428602E+00,0, 0.000000E+00,0, 0.000000E+00,NULL,NULL,NULL,NULL,NULL,NULL,0,data,8
47964,17232,940613,911,94C2, 9.127400E+01,6,5,11,6,5,-1.375225E+01, 6.148985E+00,-2.708012E+01, 9.229768E+01, 9.222047E+01, 1.537008E+01,-1.034595E+01, 4.904792E+00,-1.865620E+01, 1.031522E+02, 9.491015E+01, 1.085451E+01, 0.000000E+00,0, 0.000000E+00,7, 5.038875E+01,0, 0.000000E+00,NULL,NULL,NULL,NULL,NULL,NULL,0,data,8
47964,17236,940613,911,94C2, 9.127400E+01,0,2,2,0,2, 0.000000E+00, 0.000000E+00, 0.000000E+00, 0.000000E+00, 0.000000E+00, 0.000000E+00, 4.535413E-02,-2.971041E-02,-5.589676E-02, 9.227242E+01, 0.000000E+00, 9.227242E+01, 0.000000E+00,NULL,NULL,NULL,NULL,0, 0.000000E+00,NULL,NULL,NULL,NULL,2, 9.227242E+01,0,data,8
47964,17242,940613,913,94C2, 9.127400E+01,0,2,2,0,2, 0.000000E+00, 0.000000E+00, 0.000000E+00, 0.000000E+00, 0.000000E+00, 0.000000E+00,-4.292119E-02,-3.087997E-03,-3.694878E-01, 9.112292E+01, 0.000000E+00, 9.112292E+01, 0.000000E+00,NULL,NULL,NULL,NULL,0, 0.000000E+00,NULL,NULL,NULL,NULL,2, 9.112292E+01,0,data,8
47964,17247,940613,914,94C2, 9.127400E+01,27,24,51,27,24,-3.310422E+00, 4.041647E+00, 4.216490E+00, 6.968969E+01, 6.926977E+01, 2.565547E+00,-8.658254E+00, 9.469955E+00, 1.408655E+01, 9.376926E+01, 6.606855E+01, 1.217384E+01, 8.411824E+00,10, 1.126271E+00,8, 0.000000E+00,0, 0.000000E+00,8, 9.125978E+00, 4.247577E-01, 2.577790E+00,NULL,NULL,1,data,8
47964,17250,940613,919,94C2, 9.127400E+01,0,2,2,0,2, 0.000000E+00, 0.000000E+00, 0.000000E+00, 0.000000E+00, 0.000000E+00, 0.000000E+00, 2.067780E-02,-2.949145E-02, 5.568542E-01, 8.743340E+01, 0.000000E+00, 8.743340E+01, 0.000000E+00,NULL,NULL,NULL,NULL,0, 0.000000E+00,NULL,NULL,NULL,NULL,2, 8.743340E+01,0,data,8
47964,17252,940613,919,94C2, 9.127400E+01,1,1,2,1,1,-4.093106E+01,-2.868667E+01, 2.411885E+01, 5.549789E+01, 5.549771E+01, 5.549771E+01,-3.830789E+01,-2.681369E+01, 2.296192E+01, 5.892245E+01, 0.000000E+00, 3.424555E+00, 0.000000E+00,1, 1.274482E-01,0, 0.000000E+00,0, 0.000000E+00,NULL,NULL,NULL,NULL,NULL,NULL,0,data,8
47964,17257,940613,919,94C2, 9.127400E+01,21,11,32,21,11,-3.090447E+01, 1.574705E+01, 1.587741E+01, 7.852348E+01, 7.825218E+01, 3.726294E+00,-2.517241E+01, 1.237541E+01, 1.181118E+01, 9.811111E+01, 5.259229E+01, 1.223331E+01, 3.702597E+00,10, 9.440028E-01,0, 0.000000E+00,0, 0.000000E+00,8, 1.496481E+01, 5.426698E-01, 3.332941E+00,NULL,NULL,1,data,8
47964,17261,940613,922,94C2, 9.127400E+01,0,2,2,0,2, 0.000000E+00, 0.000000E+00, 0.000000E+00, 0.000000E+00, 0.000000E+00, 0.000000E+00,-3.439403E-02, 8.242822E-02,-1.492851E+00, 9.095316E+01, 0.000000E+00, 9.095316E+01, 0.000000E+00,NULL,NULL,NULL,NULL,0, 0.000000E+00,NULL,NULL,NULL,NULL,2, 9.095316E+01,0,data,8
47964,17263,940613,922,94C2, 9.127400E+01,0,2,2,0,2, 0.000000E+00, 0.000000E+00, 0.000000E+00, 0.000000E+00, 0.000000E+00, 0.000000E+00, 8.019931E-02,-2.963972E-02, 9.115982E-01, 9.168726E+01, 0.000000E+00, 9.168726E+01, 0.000000E+00,NULL,NULL,NULL,NULL,0, 0.000000E+00,NULL,NULL,NULL,NULL,2, 9.168726E+01,0,data,8
47964,17266,940613,922,94C2, 9.127400E+01,4,1,5,4,1, 1.418513E+01,-1.161532E+00, 8.454970E-01, 1.054094E+02, 1.054008E+02, 2.635021E+01, 2.048051E+01,-1.857983E-01, 7.680858E-01, 1.117804E+02, 1.054008E+02, 6.371020E+00, 0.000000E+00,3, 7.240356E+01,0, 0.000000E+00,0, 0.000000E+00,NULL,NULL,NULL,NULL,NULL,NULL,0,data,8
47964,17267,940613,924,94C2, 9.127400E+01,0,2,2,0,2, 0.000000E+00, 0.000000E+00, 0.000000E+00, 0.000000E+00, 0.000000E+00, 0.000000E+00, 1.302528E-02, 1.134800E-01,-1.108063E+00, 9.159576E+01, 0.000000E+00, 9.159576E+01, 0.000000E+00,NULL,NULL,NULL,NULL,0, 0.000000E+00,NULL,NULL,NULL,NULL,2, 9.159576E+01,0,data,8
47964,17269,940613,924,94C2, 9.127400E+01,2,1,3,2,1,-1.303369E-02, 1.866531E-02,-7.635151E-01, 2.486911E+00, 2.471149E+00, 1.235575E+00, 4.875599E-01,-2.733870E-01,-8.637466E-01, 3.075073E+00, 2.486911E+00, 5.881623E-01, 0.000000E+00,1, 0.000000E+00,0, 0.000000E+00,0, 0.000000E+00,1, 5.881623E-01, 5.881623E-01, 5.881623E-01,NULL,NULL,0,data,8
47964,17270,940613,924,94C2, 9.127400E+01,0,2,2,0,2, 0.000000E+00, 0.000000E+00, 0.000000E+00, 0.000000E+00, 0.000000E+00, 0.000000E+00, 2.357005E-01, 4.603386E-02,-3.357845E+00, 8.869791E+01, 0.000000E+00, 8.869791E+01, 0.000000E+00,NULL,NULL,NULL,NULL,0, 0.000000E+00,NULL,NULL,NULL,NULL,2, 8.869791E+01,0,data,8
47964,17273,940613,928,94C2, 9.127400E+01,0,2,2,0,2, 0.000000E+00, 0.000000E+00, 0.000000E+00, 0.000000E+00, 0.000000E+00, 0.000000E+00,-1.199272E-01,-8.721900E-02, 2.839893E+00, 9.320425E+01, 0.000000E+00, 9.320425E+01, 0.000000E+00,NULL,NULL,NULL,NULL,0, 0.000000E+00,NULL,NULL,NULL,NULL,2, 9.320425E+01,0,data,8
47964,17274,940613,929,94C2, 9.127400E+01,0,2,2,0,2, 0.000000E+00, 0.000000E+00, 0.000000E+00, 0.000000E+00, 0.000000E+00, 0.000000E+00, 2.678275E-01, 7.959443E-02,-1.813553E+00, 8.834875E+01, 0.000000E+00, 8.834875E+01, 0.000000E+00,NULL,NULL,NULL,NULL,0, 0.000000E+00,NULL,NULL,NULL,NULL,2, 8.834875E+01,0,data,8
47964,17280,940613,930,94C2, 9.127400E+01,43,21,64,43,21, 5.585444E+00, 2.227862E+00,-1.419700E+00, 5.881264E+01, 5.765179E+01, 1.340739E+00, 2.624078E-01, 2.364737E-01,-8.103173E+00, 8.244131E+01, 4.225494E+01, 1.985256E+01, 2.835407E+00,15, 4.985211E+00,3, 0.000000E+00,0, 0.000000E+00,10, 1.410967E+01, 3.749545E-01, 5.636077E+00,1, 0.000000E+00,1,data,8
47964,17281,940613,930,94C2, 9.127400E+01,4,2,6,4,2, 5.428272E+00, 1.712492E+01,-3.448681E+00, 6.283585E+01, 6.280460E+01, 1.570115E+01, 4.856685E+00, 1.533090E+01,-3.402335E+00, 6.471936E+01, 4.967213E+01, 1.200299E+00, 6.832129E-01,2, 3.400988E+01,0, 0.000000E+00,0, 0.000000E+00,NULL,NULL,NULL,NULL,NULL,NULL,0,data,8
47964,17284,940613,930,94C2, 9.127400E+01,2,3,5,2,3, 7.304692E+01, 8.262852E+01, 1.602171E+02, 2.314552E+02, 2.314546E+02, 1.157273E+02, 6.055573E+01, 8.514479E+01, 1.574421E+02, 2.470882E+02, 0.000000E+00, 1.563302E+01, 0.000000E+00,0, 0.000000E+00,1, 0.000000E+00,0, 0.000000E+00,NULL,NULL,NULL,NULL,NULL,NULL,0,data,8
47964,17288,940613,934,94C2, 9.127400E+01,10,2,12,10,2, 8.743815E-01, 1.457398E+00, 3.878032E+00, 5.949104E+00, 5.645396E+00, 5.645396E-01, 1.241889E+00, 1.306653E+00, 8.168568E+00, 1.026802E+01, 6.746019E-01, 4.318914E+00, 0.000000E+00,0, 0.000000E+00,1, 0.000000E+00,0, 0.000000E+00,NULL,NULL,NULL,NULL,2, 0.000000E+00,0,data,8
47964,17291,940613,934,94C2, 9.127400E+01,2,5,7,2,5, 9.290427E-04,-1.373628E+00,-4.236261E+00, 4.468255E+00, 4.459494E+00, 2.229747E+00,-4.913231E+00, 8.618482E+00, 4.029983E+01, 5.457810E+01, 0.000000E+00, 5.010985E+01, 0.000000E+00,0, 0.000000E+00,7, 7.586275E+01,0, 0.000000E+00,NULL,NULL,NULL,NULL,NULL,NULL,0,data,8
47964,17293,940613,937,94C2, 9.127400E+01,31,19,50,31,19, 8.876322E+00, 1.241384E+00, 3.410733E+00, 4.810862E+01, 4.754988E+01, 1.533867E+00,-2.644105E+00, 3.519008E-01,-7.315292E-01, 9.305127E+01, 4.487674E+01, 2.961528E+01, 1.072252E+01,16, 7.134711E-01,2, 0.000000E+00,0, 0.000000E+00,13, 3.187353E+01, 3.735583E-01, 9.435236E+00,NULL,NULL,1,data,8
47964,17296,940613,937,94C2, 9.127400E+01,11,4,15,11,4,-1.037680E+01, 1.766335E+01, 2.913151E+00, 5.747722E+01, 5.727532E+01, 5.206847E+00,-6.678856E+00, 1.039500E+01, 1.876760E+00, 6.932693E+01, 5.602344E+01, 9.921624E+00, 1.929192E+00,6, 2.039492E+01,0, 0.000000E+00,0, 0.000000E+00,2, 9.920523E+00, 1.650640E+00, 8.269882E+00,NULL,NULL,1,data,8
47964,17298,940613,939,94C2, 9.127400E+01,0,2,2,0,2, 0.000000E+00, 0.000000E+00, 0.000000E+00, 0.000000E+00, 0.000000E+00, 0.000000E+00, 1.524241E-01, 4.672766E-02, 3.947067E-01, 9.168769E+01, 0.000000E+00, 9.168769E+01, 0.000000E+00,NULL,NULL,NULL,NULL,0, 0.000000E+00,NULL,NULL,NULL,NULL,2, 9.168769E+01,0,data,8
47964,17299,940613,939,94C2, 9.127400E+01,0,5,5,0,5, 0.000000E+00, 0.000000E+00, 0.000000E+00, 0.000000E+00, 0.000000E+00, 0.000000E+00, 2.293966E-01, 2.668212E-01, 1.090424E+00, 9.608257E+01, 0.000000E+00, 9.608257E+01, 0.000000E+00,NULL,NULL,NULL,NULL,0, 0.000000E+00,NULL,NULL,NULL,NULL,5, 9.608257E+01,0,data,8
47964,17301,940613,939,94C2, 9.127400E+01,65,20,85,65,20, 1.220703E+00,-1.134813E+01,-3.173687E+00, 7.884354E+01, 7.721478E+01, 1.187920E+00, 2.503304E+00,-9.680009E+00,-3.164323E+00, 9.846577E+01, 5.491504E+01, 9.195471E+00, 6.142688E+00,15, 2.853861E+00,4, 0.000000E+00,0, 0.000000E+00,9, 9.857613E+00, 4.558052E-01, 2.295396E+00,NULL,NULL,1,data,8
47964,17303,940613,943,94C2, 9.127400E+01,19,23,42,19,23,-4.547970E+00, 3.902411E+00,-6.577439E+00, 1.951338E+01, 1.908735E+01, 1.004597E+00,-3.300658E+00, 1.752884E+00,-2.981937E+00, 8.240036E+01, 6.512269E+00, 3.991245E+01, 2.297453E+01,4, 0.000000E+00,8, 9.694993E-01,0, 0.000000E+00,4, 5.027228E+00, 5.332597E-01, 1.613974E+00,7, 0.000000E+00,0,data,8
47964,17305,940613,943,94C2, 9.127400E+01,0,2,2,0,2, 0.000000E+00, 0.000000E+00, 0.000000E+00, 0.000000E+00, 0.000000E+00, 0.000000E+00, 4.511499E-02, 4.063427E-03, 5.474968E-01, 9.560773E+01, 0.000000E+00, 9.560773E+01, 0.000000E+00,NULL,NULL,NULL,NULL,0, 0.000000E+00,NULL,NULL,NULL,NULL,2, 9.560773E+01,0,data,8
47964,17307,940613,943,94C2, 9.127400E+01,26,19,45,26,19,-1.636734E+01,-6.633263E-01,-3.656874E+01, 9.362984E+01, 9.318594E+01, 3.584074E+00,-1.597488E+01,-6.061347E-01,-3.557060E+01, 1.196411E+02, 8.196965E+01, 2.518993E+01, 8.212939E-01,4, 0.000000E+00,17, 3.906169E+00,0, 0.000000E+00,3, 3.403108E+00, 4.601555E-01, 1.973772E+00,2, 0.000000E+00,1,data,8
47964,17308,940613,943,94C2, 9.127400E+01,0,2,2,0,2, 0.000000E+00, 0.000000E+00, 0.000000E+00, 0.000000E+00, 0.000000E+00, 0.000000E+00, 9.724271E-02,-1.696396E-02, 6.578026E-01, 8.888400E+01, 0.000000E+00, 8.888400E+01, 0.000000E+00,NULL,NULL,NULL,NULL,0, 0.000000E+00,NULL,NULL,NULL,NULL,2, 8.888400E+01,0,data,8
47964,17315,940613,948,94C2, 9.127400E+01,19,11,30,19,11, 7.219420E+00,-2.325554E+00, 7.621923E+00, 7.151035E+01, 7.113683E+01, 3.744044E+00, 4.470609E+00,-1.001831E+00, 4.833180E+00, 9.204855E+01, 6.899590E+01, 1.856658E+01, 0.000000E+00,14, 1.887127E+01,0, 0.000000E+00,0, 0.000000E+00,10, 2.029251E+01, 3.007637E-01, 8.960139E+00,NULL,NULL,1,data,8
47964,17317,940613,948,94C2, 9.127400E+01,2,0,2,2,0,-3.739624E-01, 4.414825E-01, 3.241234E-01, 9.408337E+01, 9.408295E+01, 4.704148E+01,-3.739624E-01, 4.414825E-01, 3.241234E-01, 9.408337E+01, 9.408319E+01, 0.000000E+00, 0.000000E+00,NULL,NULL,NULL,NULL,0, 0.000000E+00,NULL,NULL,NULL,NULL,NULL,NULL,0,data,8
47964,17320,940613,950,94C2, 9.127400E+01,0,2,2,0,2, 0.000000E+00, 0.000000E+00, 0.000000E+00, 0.000000E+00, 0.000000E+00, 0.000000E+00, 8.368221E-02,-1.426294E-01,-2.471439E+00, 8.957864E+01, 0.000000E+00, 8.957864E+01, 0.000000E+00,NULL,NULL,NULL,NULL,0, 0.000000E+00,NULL,NULL,NULL,NULL,2, 8.957864E+01,0,data,8
47964,17329,940613,953,94C2, 9.127400E+01,29,16,45,29,16, 1.431506E+01,-4.040272E+00,-7.716079E+00, 4.425265E+01, 4.368549E+01, 1.506396E+00,-1.095394E+00,-1.151798E+00, 2.023019E+00, 7.949869E+01, 3.981948E+01, 2.535715E+01, 7.360160E+00,10, 3.765548E-01,4, 0.000000E+00,0, 0.000000E+00,6, 2.188397E+01, 7.666486E-01, 1.000401E+01,1, 0.000000E+00,1,data,8
47964,17334,940613,956,94C2, 9.127400E+01,0,2,2,0,2, 0.000000E+00, 0.000000E+00, 0.000000E+00, 0.000000E+00, 0.000000E+00, 0.000000E+00, 2.937043E-02, 6.158972E-02, 4.990158E-01, 9.027654E+01, 0.000000E+00, 9.027654E+01, 0.000000E+00,NULL,NULL,NULL,NULL,0, 0.000000E+00,NULL,NULL,NULL,NULL,2, 9.027654E+01,0,data,8
47964,17335,940613,956,94C2, 9.127400E+01,0,2,2,0,2, 0.000000E+00, 0.000000E+00, 0.000000E+00, 0.000000E+00, 0.000000E+00, 0.000000E+00, 1.469660E-01, 2.713373E-01,-1.242107E+00, 8.823169E+01, 0.000000E+00, 8.823169E+01, 0.000000E+00,NULL,NULL,NULL,NULL,0, 0.000000E+00,NULL,NULL,NULL,NULL,2, 8.823169E+01,0,data,8
47964,17336,940613,956,94C2, 9.127400E+01,2,0,2,2,0, 4.230766E-01,-2.337379E-01,-2.782402E-01, 8.620950E+01, 8.620905E+01, 4.310453E+01, 4.230766E-01,-2.337379E-01,-2.782402E-01, 8.620950E+01, 8.620928E+01, 0.000000E+00, 0.000000E+00,2, 6.294601E+01,0, 0.000000E+00,0, 0.000000E+00,NULL,NULL,NULL,NULL,NULL,NULL,0,data,8
47964,17342,940613,1000,94C2, 9.127400E+01,0,2,2,0,2, 0.000000E+00, 0.000000E+00, 0.000000E+00, 0.000000E+00, 0.000000E+00, 0.000000E+00, 1.101995E-02, 7.338405E-02, 3.518677E-02, 8.940608E+01, 0.000000E+00, 8.940608E+01, 0.000000E+00,NULL,NULL,NULL,NULL,0, 0.000000E+00,NULL,NULL,NULL,NULL,2, 8.940608E+01,0,data,8
47964,17346,940613,1000,94C2, 9.127400E+01,21,5,26,21,5,-1.681728E-01, 1.615528E+00,-3.862548E+00, 1.064128E+01, 1.010687E+01, 4.812794E-01,-3.149183E-02, 1.500597E+00,-1.593070E+01, 2.309658E+01, 1.371599E+00, 1.245530E+01, 0.000000E+00,0, 0.000000E+00,2, 0.000000E+00,0, 0.000000E+00,NULL,NULL,NULL,NULL,2, 0.000000E+00,0,data,8
47964,17347,940613,1001,94C2, 9.127400E+01,0,6,6,0,6, 0.000000E+00, 0.000000E+00, 0.000000E+00, 0.000000E+00, 0.000000E+00, 0.000000E+00, 1.699928E+00, 4.233691E+00,-2.720267E+00, 1.189237E+01, 0.000000E+00, 1.189237E+01, 0.000000E+00,0, 0.000000E+00,2, 4.201450E-01,0, 0.000000E+00,NULL,NULL,NULL,NULL,1, 5.243807E+00,0,data,8
47964,17351,940613,1001,94C2, 9.127400E+01,0,2,2,0,2, 0.000000E+00, 0.000000E+00, 0.000000E+00, 0.000000E+00, 0.000000E+00, 0.000000E+00,-3.150225E-03, 5.604854E-02,-1.209873E+00, 8.947804E+01, 0.000000E+00, 8.947804E+01, 0.000000E+00,NULL,NULL,NULL,NULL,0, 0.000000E+00,NULL,NULL,NULL,NULL,2, 8.947804E+01,0,data,8
47964,17352,940613,1001,94C2, 9.127400E+01,0,2,2,0,2, 0.000000E+00, 0.000000E+00, 0.000000E+00, 0.000000E+00, 0.000000E+00, 0.000000E+00, 1.198059E-01,-9.381771E-03, 9.007263E-02, 9.288149E+01, 0.000000E+00, 9.288149E+01, 0.000000E+00,NULL,NULL,NULL,NULL,0, 0.000000E+00,NULL,NULL,NULL,NULL,2, 9.288149E+01,0,data,8
47964,17353,940613,1001,94C2, 9.127400E+01,12,1,13,12,1, 1.514126E+00, 2.229641E-01, 2.820656E+00, 1.075074E+01, 1.046301E+01, 8.719175E-01, 1.694465E+00, 3.927411E-01, 5.638038E+00, 1.357899E+01, 0.000000E+00, 2.828248E+00, 0.000000E+00,0, 0.000000E+00,1, 0.000000E+00,0, 0.000000E+00,NULL,NULL,NULL,NULL,1, 0.000000E+00,0,data,8
47964,17355,940613,1007,94C2, 9.127400E+01,0,2,2,0,2, 0.000000E+00, 0.000000E+00, 0.000000E+00, 0.000000E+00, 0.000000E+00, 0.000000E+00, 7.505488E-02, 1.396156E-01,-4.205589E-01, 9.063675E+01, 0.000000E+00, 9.063675E+01, 0.000000E+00,NULL,NULL,NULL,NULL,0, 0.000000E+00,NULL,NULL,NULL,NULL,2, 9.063675E+01,0,data,8
47964,17356,940613,1007,94C2, 9.127400E+01,3,0,3,3,0, 1.995692E+00, 7.392073E+00,-1.379372E+00, 3.718402E+01, 3.712241E+01, 1.237414E+01, 1.995692E+00, 7.392073E+00,-1.379372E+00, 3.718402E+01, 0.000000E+00, 0.000000E+00, 0.000000E+00,2, 1.295749E+00,0, 0.000000E+00,0, 0.000000E+00,NULL,NULL,NULL,NULL,NULL,NULL,0,data,8
47964,17359,940613,1007,94C2, 9.127400E+01,0,2,2,0,2, 0.000000E+00, 0.000000E+00, 0.000000E+00, 0.000000E+00, 0.000000E+00, 0.000000E+00,-7.312393E-02, 5.899702E-02,-8.948708E-01, 9.088143E+01, 0.000000E+00, 9.088143E+01, 0.000000E+00,NULL,NULL,NULL,NULL,0, 0.000000E+00,NULL,NULL,NULL,NULL,2, 9.088143E+01,0,data,8
47964,17361,940613,1008,94C2, 9.127400E+01,0,2,2,0,2, 0.000000E+00, 0.000000E+00, 0.000000E+00, 0.000000E+00, 0.000000E+00, 0.000000E+00, 6.138122E-02, 1.998651E-01, 2.635815E+00, 9.109862E+01, 0.000000E+00, 9.109862E+01, 0.000000E+00,NULL,NULL,NULL,NULL,0, 0.000000E+00,NULL,NULL,NULL,NULL,2, 9.109862E+01,0,data,8
47964,17362,940613,1008,94C2, 9.127400E+01,33,18,51,33,18,-3.305940E+00,-2.931523E+00, 6.460433E+00, 6.253748E+01, 6.187598E+01, 1.875030E+00,-5.250411E+00,-3.893891E+00, 9.774764E+00, 8.500431E+01, 5.672463E+01, 1.751114E+01, 4.955812E+00,6, 0.000000E+00,9, 0.000000E+00,0, 0.000000E+00,4, 5.175486E+00, 3.400920E-01, 1.935393E+00,NULL,NULL,1,data,8
47964,17364,940613,1008,94C2, 9.127400E+01,6,13,19,6,13,-5.013813E-01,-6.497310E-01,-2.289530E+00, 4.452797E+00, 4.256186E+00, 7.093644E-01,-3.175235E-01,-2.875844E+00, 2.183419E+00, 5.040424E+01, 1.743846E+00, 4.021265E+01, 4.904226E+00,1, 0.000000E+00,3, 6.589317E-01,0, 0.000000E+00,1, 8.345771E-01, 8.345771E-01, 8.345771E-01,4, 0.000000E+00,0,data,8
47964,17365,940613,1009,94C2, 9.127400E+01,30,14,44,30,14,-1.285651E+00, 9.969077E+00, 2.133471E+01, 6.048957E+01, 5.960294E+01, 1.986765E+00,-1.919868E-01, 6.263014E+00, 1.468037E+01, 7.842448E+01, 3.618791E+01, 1.743557E+01, 4.993424E-01,1, 0.000000E+00,18, 1.373244E+01,0, 0.000000E+00,1, 1.545209E+00, 1.545209E+00, 1.545209E+00,1, 0.000000E+00,1,data,8
47964,17371,940613,1009,94C2, 9.127400E+01,17,15,32,17,15, 5.753018E-01, 6.386882E-01, 9.676745E-01, 4.316640E+01, 4.288673E+01, 2.522749E+00, 1.992151E+00, 5.724008E+00, 3.175300E+00, 7.832122E+01, 4.178570E+01, 2.025690E+01, 1.489791E+01,10, 3.358994E-01,1, 0.000000E+00,0, 0.000000E+00,8, 1.160954E+01, 2.800448E-01, 2.996983E+00,NULL,NULL,1,data,8
47964,17373,940613,1011,94C2, 9.127400E+01,33,15,48,33,15,-7.028630E+00, 3.927470E+00, 1.901052E+01, 8.328991E+01, 8.274432E+01, 2.507404E+00,-2.655000E+00, 3.661807E+00, 7.905367E+00, 1.014018E+02, 6.363050E+01, 1.325120E+01, 4.909775E+00,0, 0.000000E+00,19, 9.067738E+00,0, 0.000000E+00,NULL,NULL,NULL,NULL,NULL,NULL,1,data,8
47964,17374,940613,1011,94C2, 9.127400E+01,0,3,3,0,3, 0.000000E+00, 0.000000E+00, 0.000000E+00, 0.000000E+00, 0.000000E+00, 0.000000E+00, 4.574323E-02,-9.107292E-02, 1.302753E+00, 8.951312E+01, 0.000000E+00, 8.951312E+01, 0.000000E+00,NULL,NULL,NULL,NULL,0, 0.000000E+00,NULL,NULL,NULL,NULL,3, 8.951312E+01,0,data,8
47964,17375,940613,1011,94C2, 9.127400E+01,0,2,2,0,2, 0.000000E+00, 0.000000E+00, 0.000000E+00, 0.000000E+00, 0.000000E+00, 0.000000E+00, 1.523250E-01, 2.757072E-02,-1.112587E+00, 9.019025E+01, 0.000000E+00, 9.019025E+01, 0.000000E+00,NULL,NULL,NULL,NULL,0, 0.000000E+00,NULL,NULL,NULL,NULL,2, 9.019025E+01,0,data,8
47964,17377,940613,1011,94C2, 9.127400E+01,0,2,2,0,2, 0.000000E+00, 0.000000E+00, 0.000000E+00, 0.000000E+00, 0.000000E+00, 0.000000E+00, 7.191205E-02, 1.379750E-01, 2.519428E+00, 8.935919E+01, 0.000000E+00, 8.935919E+01, 0.000000E+00,NULL,NULL,NULL,NULL,0, 0.000000E+00,NULL,NULL,NULL,NULL,2, 8.935919E+01,0,data,8
47964,17387,940613,1016,94C2, 9.127400E+01,30,16,46,30,16,-2.670426E+00,-2.026884E+01,-7.336968E+00, 5.027907E+01, 4.977102E+01, 1.659034E+00,-1.591449E+00, 1.629819E+00,-4.099822E-01, 9.257862E+01, 4.685189E+01, 3.812313E+01, 2.963025E+00,19, 2.415720E+00,0, 0.000000E+00,0, 0.000000E+00,11, 3.778820E+01, 4.989020E-01, 1.695847E+01,NULL,NULL,1,data,8
47964,17389,940613,1016,94C2, 9.127400E+01,0,2,2,0,2, 0.000000E+00, 0.000000E+00, 0.000000E+00, 0.000000E+00, 0.000000E+00, 0.000000E+00,-3.104882E-01, 7.605958E-02, 3.525669E+00, 9.504350E+01, 0.000000E+00, 9.504350E+01, 0.000000E+00,NULL,NULL,NULL,NULL,0, 0.000000E+00,NULL,NULL,NULL,NULL,2, 9.504350E+01,0,data,8
47964,17390,940613,1016,94C2, 9.127400E+01,0,2,2,0,2, 0.000000E+00, 0.000000E+00, 0.000000E+00, 0.000000E+00, 0.000000E+00, 0.000000E+00, 4.905754E-02,-3.648376E-02, 8.263969E-01, 9.427398E+01, 0.000000E+00, 9.427398E+01, 0.000000E+00,NULL,NULL,NULL,NULL,0, 0.000000E+00,NULL,NULL,NULL,NULL,2, 9.427398E+01,0,data,8
47964,17393,940613,1017,94C2, 9.127400E+01,1,2,3,1,2, 2.583310E-01,-3.828941E-01,-2.405599E-01, 5.391577E-01, 5.207801E-01, 5.207801E-01, 4.238504E-02,-2.514780E-03,-1.796287E+01, 2.760335E+01, 0.000000E+00, 2.706419E+01, 0.000000E+00,0, 0.000000E+00,1, 0.000000E+00,0, 0.000000E+00,NULL,NULL,NULL,NULL,1, 0.000000E+00,0,data,8
47964,17394,940613,1017,94C2, 9.127400E+01,5,1,6,5,1,-1.373482E+00,-1.739902E-01,-1.931273E+00, 2.737206E+00, 2.622612E+00, 5.245223E-01,-1.902047E+00,-8.552101E-02,-2.556235E+00, 3.560483E+00, 2.043195E+00, 8.232772E-01, 0.000000E+00,NULL,NULL,NULL,NULL,0, 0.000000E+00,NULL,NULL,NULL,NULL,NULL,NULL,0,data,8
47964,17397,940613,1017,94C2, 9.127400E+01,0,2,2,0,2, 0.000000E+00, 0.000000E+00, 0.000000E+00, 0.000000E+00, 0.000000E+00, 0.000000E+00, 1.417527E-01, 3.799367E-02, 7.020569E-01, 9.354860E+01, 0.000000E+00, 9.354860E+01, 0.000000E+00,NULL,NULL,NULL,NULL,0, 0.000000E+00,NULL,NULL,NULL,NULL,2, 9.354860E+01,0,data,8
47964,17402,940613,1020,94C2, 9.127400E+01,0,2,2,0,2, 0.000000E+00, 0.000000E+00, 0.000000E+00, 0.000000E+00, 0.000000E+00, 0.000000E+00,-2.298594E-02, 3.955269E-02, 9.554062E-01, 8.933366E+01, 0.000000E+00, 8.933366E+01, 0.000000E+00,NULL,NULL,NULL,NULL,0, 0.000000E+00,NULL,NULL,NULL,NULL,2, 8.933366E+01,0,data,8
47964,17403,940613,1020,94C2, 9.127400E+01,0,4,4,0,4, 0.000000E+00, 0.000000E+00, 0.000000E+00, 0.000000E+00, 0.000000E+00, 0.000000E+00, 7.642409E-01, 6.558504E-01, 6.829257E+00, 7.272009E+00, 0.000000E+00, 7.272009E+00, 0.000000E+00,0, 0.000000E+00,2, 5.135068E-01,0, 0.000000E+00,NULL,NULL,NULL,NULL,1, 1.339283E+00,0,data,8
47964,17404,940613,1020,94C2, 9.127400E+01,2,0,2,2,0, 4.697323E-03, 1.212578E-01, 1.722913E-01, 9.382069E+01, 9.382028E+01, 4.691014E+01, 4.697323E-03, 1.212578E-01, 1.722913E-01, 9.382069E+01, 9.382053E+01, 0.000000E+00, 0.000000E+00,2, 3.885455E-01,0, 0.000000E+00,0, 0.000000E+00,NULL,NULL,NULL,NULL,NULL,NULL,0,data,8
47964,17406,940613,1020,94C2, 9.127400E+01,26,16,42,26,16, 1.585295E+00, 2.742413E+00, 4.568543E+00, 4.637636E+01, 4.599146E+01, 1.768902E+00, 2.145560E+00, 1.074325E+01, 2.084390E+00, 8.146691E+01, 4.088827E+01, 2.969037E+01, 2.322490E+00,19, 1.480835E+00,0, 0.000000E+00,0, 0.000000E+00,11, 2.811545E+01, 4.629336E-01, 1.092566E+01,NULL,NULL,1,data,8
47964,17407,940613,1021,94C2, 9.127400E+01,29,16,45,29,16, 1.981299E+00, 9.013523E-01, 5.057675E+00, 3.665010E+01, 3.569279E+01, 1.230786E+00,-2.380697E+00,-6.637657E+00,-8.597190E-01, 8.525124E+01, 3.264145E+01, 4.100689E+01, 5.865527E+00,13, 1.361052E+00,0, 0.000000E+00,0, 0.000000E+00,9, 4.227962E+01, 8.836759E-01, 1.284726E+01,NULL,NULL,1,data,8
47964,17410,940613,1023,94C2, 9.127400E+01,0,6,6,0,6, 0.000000E+00, 0.000000E+00, 0.000000E+00, 0.000000E+00, 0.000000E+00, 0.000000E+00,-2.307699E-01,-2.387264E-01,-1.121605E+00, 6.826986E+01, 0.000000E+00, 6.826986E+01, 0.000000E+00,0, 0.000000E+00,4, 3.248267E+01,0, 0.000000E+00,NULL,NULL,NULL,NULL,2, 6.058262E+00,0,data,8
47964,17413,940613,1023,94C2, 9.127400E+01,0,2,2,0,2, 0.000000E+00, 0.000000E+00, 0.000000E+00, 0.000000E+00, 0.000000E+00, 0.000000E+00, 9.217024E-03,-7.557124E-03,-1.680336E-01, 9.086594E+01, 0.000000E+00, 9.086594E+01, 0.000000E+00,NULL,NULL,NULL,NULL,0, 0.000000E+00,NULL,NULL,NULL,NULL,2, 9.086594E+01,0,data,8
47964,17415,940613,1023,94C2, 9.127400E+01,30,15,45,30,15, 2.663119E+01,-5.340216E+00, 1.750269E+00, 5.392484E+01, 5.348780E+01, 1.782927E+00, 1.257504E+01,-4.529242E+00, 2.354306E-01, 8.389775E+01, 3.795703E+01, 9.869864E+00, 1.180097E+00,19, 1.103920E+01,0, 0.000000E+00,0, 0.000000E+00,13, 2.879279E+01, 4.735599E-01, 1.322574E+01,NULL,NULL,1,data,8
47964,17417,940613,1026,94C2, 9.127400E+01,31,15,46,31,15, 4.976387E+00,-1.183747E+01,-2.212709E+00, 5.030748E+01, 4.948029E+01, 1.596138E+00, 5.717791E+00,-1.603868E+01,-2.883952E+00, 7.267068E+01, 4.176580E+01, 1.465128E+01, 6.024778E+00,16, 8.909679E+00,0, 0.000000E+00,0, 0.000000E+00,10, 1.593819E+01, 3.891665E-01, 4.717967E+00,NULL,NULL,1,data,8
47964,17418,940613,1026,94C2, 9.127400E+01,0,2,2,0,2, 0.000000E+00, 0.000000E+00, 0.000000E+00, 0.000000E+00, 0.000000E+00, 0.000000E+00, 1.564720E-01, 5.474712E-02, 2.213413E+00, 9.240766E+01, 0.000000E+00, 9.240766E+01, 0.000000E+00,NULL,NULL,NULL,NULL,0, 0.000000E+00,NULL,NULL,NULL,NULL,2, 9.240766E+01,0,data,8
47964,17419,940613,1026,94C2, 9.127400E+01,0,3,3,0,3, 0.000000E+00, 0.000000E+00, 0.000000E+00, 0.000000E+00, 0.000000E+00, 0.000000E+00, 1.339428E-01,-1.164532E-01,-1.457424E+00, 8.807697E+01, 0.000000E+00, 8.807697E+01, 0.000000E+00,NULL,NULL,NULL,NULL,0, 0.000000E+00,NULL,NULL,NULL,NULL,3, 8.807697E+01,0,data,8
47964,17422,940613,1030,94C2, 9.127400E+01,0,2,2,0,2, 0.000000E+00, 0.000000E+00, 0.000000E+00, 0.000000E+00, 0.000000E+00, 0.000000E+00, 2.241585E-01,-1.105063E-02,-1.969406E+00, 9.109028E+01, 0.000000E+00, 9.109028E+01, 0.000000E+00,NULL,NULL,NULL,NULL,0, 0.000000E+00,NULL,NULL,NULL,NULL,2, 9.109028E+01,0,data,8
47964,17424,940613,1030,94C2, 9.127400E+01,0,2,2,0,2, 0.000000E+00, 0.000000E+00, 0.000000E+00, 0.000000E+00, 0.000000E+00, 0.000000E+00, 4.432273E-02, 1.500775E-01, 9.320755E-01, 9.282103E+01, 0.000000E+00, 9.282103E+01, 0.000000E+00,NULL,NULL,NULL,NULL,0, 0.000000E+00,NULL,NULL,NULL,NULL,2, 9.282103E+01,0,data,8
47964,17428,940613,1030,94C2, 9.127400E+01,30,12,42,30,12, 4.179192E+01, 1.085822E+02,-7.894377E+01, 1.839386E+02, 1.831909E+02, 6.106365E+00, 3.752138E+01, 1.007632E+02,-8.043339E+01, 2.002923E+02, 1.657794E+02, 9.663649E+00, 3.313133E+00,12, 4.820563E+00,0, 0.000000E+00,0, 0.000000E+00,7, 1.276490E+01, 4.025212E-01, 4.227669E+00,NULL,NULL,1,data,8
47964,17431,940613,1032,94C2, 9.127400E+01,23,13,36,23,13, 1.737852E+01, 2.145073E+01, 1.380504E+01, 6.822287E+01, 6.771276E+01, 2.944033E+00, 1.579982E+01, 2.151539E+01, 1.120847E+01, 9.587057E+01, 3.738937E+01, 1.680605E+01, 1.084165E+01,12, 1.530795E+01,0, 0.000000E+00,0, 0.000000E+00,8, 1.680605E+01, 5.867296E-01, 3.844522E+00,NULL,NULL,1,data,8
47964,17439,940613,1035,94C2, 9.127400E+01,0,8,8,0,8, 0.000000E+00, 0.000000E+00, 0.000000E+00, 0.000000E+00, 0.000000E+00, 0.000000E+00,-3.485170E+00,-4.934457E-01, 1.793045E+01, 6.713980E+01, 0.000000E+00, 6.713980E+01, 0.000000E+00,0, 0.000000E+00,4, 4.167373E+01,0, 0.000000E+00,NULL,NULL,NULL,NULL,2, 1.370008E+00,0,data,8
47964,17440,940613,1035,94C2, 9.127400E+01,29,22,51,29,22,-2.401494E+00,-8.933665E+00,-1.808546E+01, 5.692944E+01, 5.635109E+01, 1.943141E+00,-1.616010E+00,-1.814554E+00,-6.602698E+00, 7.692140E+01, 4.601319E+01, 1.878698E+01, 4.104013E-01,1, 0.000000E+00,28, 1.211315E+01,0, 0.000000E+00,1, 7.945830E-01, 7.945830E-01, 7.945830E-01,NULL,NULL,1,data,8
47964,17444,940613,1036,94C2, 9.127400E+01,0,2,2,0,2, 0.000000E+00, 0.000000E+00, 0.000000E+00, 0.000000E+00, 0.000000E+00, 0.000000E+00,-4.596114E-03,-1.434588E-02, 5.943298E-02, 9.347295E+01, 0.000000E+00, 9.347295E+01, 0.000000E+00,NULL,NULL,NULL,NULL,0, 0.000000E+00,NULL,NULL,NULL,NULL,2, 9.347295E+01,0,data,8
47964,17445,940613,1036,94C2, 9.127400E+01,1,0,1,1,0, 4.199116E+00, 2.421214E+00, 4.282125E+00, 6.469229E+00, 6.467723E+00, 6.467723E+00, 4.199116E+00, 2.421214E+00, 4.282125E+00, 6.469229E+00, 0.000000E+00, 0.000000E+00, 0.000000E+00,NULL,NULL,NULL,NULL,0, 0.000000E+00,NULL,NULL,NULL,NULL,NULL,NULL,0,data,8
47964,17447,940613,1036,94C2, 9.127400E+01,4,1,5,4,1,-3.130179E+00,-3.417935E-01,-9.266630E-01, 3.558049E+00, 3.355385E+00, 8.388463E-01,-3.228023E+00,-3.403058E-01,-3.634375E+00, 6.267529E+00, 0.000000E+00, 2.709480E+00, 0.000000E+00,NULL,NULL,NULL,NULL,0, 0.000000E+00,NULL,NULL,NULL,NULL,1, 0.000000E+00,0,data,8
47964,17450,940613,1038,94C2, 9.127400E+01,25,15,40,25,15,-6.950478E+00, 5.898033E+00,-2.861726E+00, 6.447693E+01, 6.411102E+01, 2.564441E+00, 5.439898E-02, 1.103387E+00,-3.318404E+00, 9.670589E+01, 4.770591E+01, 2.018632E+01, 1.204267E+01,15, 1.059115E+01,0, 0.000000E+00,0, 0.000000E+00,9, 2.018632E+01, 3.630225E-01, 5.428446E+00,NULL,NULL,1,data,8
47964,17451,940613,1041,94C2, 9.127400E+01,27,15,42,27,15, 2.513265E+01, 1.297998E+01, 2.181373E+01, 6.092986E+01, 6.053070E+01, 2.241878E+00, 1.184649E+01, 3.111743E+00, 9.921389E+00, 9.922221E+01, 4.741947E+01, 1.478249E+01, 2.239640E+01,13, 2.636447E-01,0, 0.000000E+00,0, 0.000000E+00,9, 1.272340E+01, 3.109130E-01, 2.769635E+00,NULL,NULL,1,data,8
47964,17455,940613,1041,94C2, 9.127400E+01,0,2,2,0,2, 0.000000E+00, 0.000000E+00, 0.000000E+00, 0.000000E+00, 0.000000E+00, 0.000000E+00,-3.812027E-02, 4.085541E-03,-3.074570E-01, 9.086423E+01, 0.000000E+00, 9.086423E+01, 0.000000E+00,NULL,NULL,NULL,NULL,0, 0.000000E+00,NULL,NULL,NULL,NULL,2, 9.086423E+01,0,data,8
47964,17462,940613,1044,94C2, 9.127400E+01,0,3,3,0,3, 0.000000E+00, 0.000000E+00, 0.000000E+00, 0.000000E+00, 0.000000E+00, 0.000000E+00,-4.403710E-02, 7.053781E-02, 9.936447E-01, 9.184306E+01, 0.000000E+00, 9.184306E+01, 0.000000E+00,NULL,NULL,NULL,NULL,0, 0.000000E+00,NULL,NULL,NULL,NULL,3, 9.184306E+01,0,data,8
47964,17463,940613,1044,94C2, 9.127400E+01,37,19,56,37,19,-2.436165E+01, 1.905277E+01,-5.765116E+00, 6.810457E+01, 6.719550E+01, 1.816095E+00,-1.088986E+01, 7.105179E+00,-1.051626E+00, 1.003334E+02, 5.859225E+01, 2.377546E+01, 3.713310E+00,19, 6.087776E+00,0, 0.000000E+00,0, 0.000000E+00,14, 2.034084E+01, 4.981249E-01, 2.733566E+00,NULL,NULL,1,data,8
47964,17466,940613,1046,94C2, 9.127400E+01,6,2,8,6,2, 1.018079E+00,-3.717397E-01,-2.114619E+00, 3.292752E+00, 3.029939E+00, 5.049898E-01, 9.447565E-01, 5.130726E-01,-9.460687E+00, 1.077073E+01, 0.000000E+00, 3.844903E+00, 3.633079E+00,NULL,NULL,NULL,NULL,0, 0.000000E+00,NULL,NULL,NULL,NULL,1, 0.000000E+00,0,data,8
47964,17469,940613,1047,94C2, 9.127400E+01,0,2,2,0,2, 0.000000E+00, 0.000000E+00, 0.000000E+00, 0.000000E+00, 0.000000E+00, 0.000000E+00,-1.393218E+00,-2.696357E-01,-3.940029E+00, 9.448489E+01, 0.000000E+00, 9.448489E+01, 0.000000E+00,NULL,NULL,NULL,NULL,0, 0.000000E+00,NULL,NULL,NULL,NULL,2, 9.448489E+01,0,data,8
47964,17470,940613,1047,94C2, 9.127400E+01,0,2,2,0,2, 0.000000E+00, 0.000000E+00, 0.000000E+00, 0.000000E+00, 0.000000E+00, 0.000000E+00,-1.176422E-01, 4.753530E-02,-4.895592E+00, 8.551492E+01, 0.000000E+00, 8.551492E+01, 0.000000E+00,NULL,NULL,NULL,NULL,0, 0.000000E+00,NULL,NULL,NULL,NULL,2, 8.551492E+01,0,data,8
47964,17472,940613,1047,94C2, 9.127400E+01,57,18,75,57,18,-3.099048E+00, 8.433923E+00, 4.159730E+00, 5.474286E+01, 5.284587E+01, 9.271204E-01,-1.998523E+00, 4.991692E+00, 5.910779E+00, 7.933482E+01, 4.381353E+01, 7.154031E+00, 1.665878E+01,9, 3.244763E+00,3, 0.000000E+00,0, 0.000000E+00,4, 2.644462E+00, 5.648717E-01, 7.791536E-01,1, 0.000000E+00,1,data,8
47964,17475,940613,1051,94C2, 9.127400E+01,0,2,2,0,2, 0.000000E+00, 0.000000E+00, 0.000000E+00, 0.000000E+00, 0.000000E+00, 0.000000E+00,-9.478934E-01, 1.135373E-01,-3.814812E-01, 8.803783E+01, 0.000000E+00, 8.803783E+01, 0.000000E+00,NULL,NULL,NULL,NULL,0, 0.000000E+00,NULL,NULL,NULL,NULL,2, 8.803783E+01,0,data,8
47964,17476,940613,1051,94C2, 9.127400E+01,0,2,2,0,2, 0.000000E+00, 0.000000E+00, 0.000000E+00, 0.000000E+00, 0.000000E+00, 0.000000E+00,-7.030666E-02,-3.206587E-02,-6.744690E-01, 9.362074E+01, 0.000000E+00, 9.362074E+01, 0.000000E+00,NULL,NULL,NULL,NULL,0, 0.000000E+00,NULL,NULL,NULL,NULL,2, 9.362074E+01,0,data,8
47964,17477,940613,1051,94C2, 9.127400E+01,2,1,3,2,1,-1.652704E-01,-1.324024E-01,-4.354338E+00, 4.629298E+00, 4.618282E+00, 2.309141E+00,-2.222159E-01,-1.823422E-01,-4.633153E+00, 4.918218E+00, 1.194962E+00, 2.889198E-01, 0.000000E+00,0, 0.000000E+00,1, 5.137800E-01,0, 0.000000E+00,NULL,NULL,NULL,NULL,NULL,NULL,0,data,8
47964,17478,940613,1051,94C2, 9.127400E+01,2,1,3,2,1, 1.188660E+01, 4.017153E+00,-8.003025E+00, 1.509449E+01, 1.505552E+01, 7.527760E+00, 1.198017E+01, 4.021841E+00,-1.088520E+01, 1.797820E+01, 0.000000E+00, 2.883701E+00, 0.000000E+00,NULL,NULL,NULL,NULL,0, 0.000000E+00,NULL,NULL,NULL,NULL,1, 0.000000E+00,0,data,8
47964,17489,940613,1056,94C2, 9.127400E+01,51,22,73,51,22,-5.001642E+00,-3.392853E+00,-1.497301E+01, 6.795671E+01, 6.661440E+01, 1.306165E+00,-4.733604E+00,-6.255233E+00,-2.069873E+01, 9.571274E+01, 2.762419E+01, 1.826240E+01, 9.493639E+00,1, 0.000000E+00,19, 9.206541E+00,0, 0.000000E+00,1, 5.984654E-01, 5.984654E-01, 5.984654E-01,NULL,NULL,1,data,8
47964,17497,940613,1100,94C2, 9.127400E+01,0,2,2,0,2, 0.000000E+00, 0.000000E+00, 0.000000E+00, 0.000000E+00, 0.000000E+00, 0.000000E+00,-8.461368E-02, 7.721424E-03, 8.691902E-01, 8.850809E+01, 0.000000E+00, 8.850809E+01, 0.000000E+00,NULL,NULL,NULL,NULL,0, 0.000000E+00,NULL,NULL,NULL,NULL,2, 8.850809E+01,0,data,8
47964,17500,940613,1104,94C2, 9.127400E+01,0,2,2,0,2, 0.000000E+00, 0.000000E+00, 0.000000E+00, 0.000000E+00, 0.000000E+00, 0.000000E+00, 4.146817E-01,-3.183448E-01, 7.648659E-01, 9.048358E+01, 0.000000E+00, 9.048358E+01, 0.000000E+00,NULL,NULL,NULL,NULL,0, 0.000000E+00,NULL,NULL,NULL,NULL,2, 9.048358E+01,0,data,8
47964,17505,940613,1104,94C2, 9.127400E+01,0,2,2,0,2, 0.000000E+00, 0.000000E+00, 0.000000E+00, 0.000000E+00, 0.000000E+00, 0.000000E+00, 6.263733E-03, 1.996185E-01,-1.427784E+00, 9.014395E+01, 0.000000E+00, 9.014395E+01, 0.000000E+00,NULL,NULL,NULL,NULL,0, 0.000000E+00,NULL,NULL,NULL,NULL,2, 9.014395E+01,0,data,8
47964,17508,940613,1106,94C2, 9.127400E+01,30,10,40,30,10,-8.458325E+00,-3.393020E+01,-1.513068E+01, 8.801626E+01, 8.744274E+01, 2.914758E+00,-5.345273E+00,-2.920767E+01,-1.109892E+01, 1.047545E+02, 7.710126E+01, 8.534727E+00, 5.723166E+00,10, 1.192969E-01,0, 0.000000E+00,0, 0.000000E+00,7, 1.058469E+01, 6.870487E-01, 2.070343E+00,NULL,NULL,1,data,8
47964,17510,940613,1106,94C2, 9.127400E+01,3,5,8,3,5,-2.939469E+00, 9.291348E+00,-3.354527E+01, 4.430726E+01, 4.430401E+01, 1.476800E+01,-2.795315E+00, 7.948327E+00,-2.922565E+01, 4.962655E+01, 0.000000E+00, 2.843116E+00, 2.476173E+00,0, 0.000000E+00,5, 4.385146E+01,0, 0.000000E+00,NULL,NULL,NULL,NULL,NULL,NULL,0,data,8
47964,17512,940613,1109,94C2, 9.127400E+01,0,2,2,0,2, 0.000000E+00, 0.000000E+00, 0.000000E+00, 0.000000E+00, 0.000000E+00, 0.000000E+00,-9.257531E-02, 1.633238E+00,-1.792831E+00, 8.918933E+01, 0.000000E+00, 8.918933E+01, 0.000000E+00,NULL,NULL,NULL,NULL,0, 0.000000E+00,NULL,NULL,NULL,NULL,2, 8.918933E+01,0,data,8
47964,17515,940613,1109,94C2, 9.127400E+01,3,1,4,3,1,-1.296478E+00,-4.124966E-01, 1.052282E+00, 2.268009E+00, 2.142813E+00, 7.142711E-01,-2.240818E+00,-2.733098E-01,-1.932309E+01, 2.266573E+01, 0.000000E+00, 2.039772E+01, 0.000000E+00,NULL,NULL,NULL,NULL,0, 0.000000E+00,NULL,NULL,NULL,NULL,1, 0.000000E+00,0,data,8
47964,17516,940613,1109,94C2, 9.127400E+01,0,2,2,0,2, 0.000000E+00, 0.000000E+00, 0.000000E+00, 0.000000E+00, 0.000000E+00, 0.000000E+00,-8.049715E-02,-1.288137E-01,-1.402798E+00, 9.051497E+01, 0.000000E+00, 9.051497E+01, 0.000000E+00,NULL,NULL,NULL,NULL,0, 0.000000E+00,NULL,NULL,NULL,NULL,2, 9.051497E+01,0,data,8
47964,17519,940613,1109,94C2, 9.127400E+01,2,0,2,2,0, 1.892062E-01, 1.256012E-01, 1.062396E+00, 2.484813E+00, 2.468841E+00, 1.234421E+00, 1.892062E-01, 1.256012E-01, 1.062396E+00, 2.484813E+00, 2.484813E+00, 0.000000E+00, 0.000000E+00,1, 2.659314E-01,0, 0.000000E+00,0, 0.000000E+00,NULL,NULL,NULL,NULL,NULL,NULL,0,data,8
47964,17528,940613,1114,94C2, 9.127400E+01,0,2,2,0,2, 0.000000E+00, 0.000000E+00, 0.000000E+00, 0.000000E+00, 0.000000E+00, 0.000000E+00, 9.070324E-02,-1.042500E-01, 2.714367E+00, 9.195506E+01, 0.000000E+00, 9.195506E+01, 0.000000E+00,NULL,NULL,NULL,NULL,0, 0.000000E+00,NULL,NULL,NULL,NULL,2, 9.195506E+01,0,data,8
47964,17529,940613,1114,94C2, 9.127400E+01,23,14,37,23,14, 7.725007E+00, 4.111623E+00,-6.021974E+00, 4.640187E+01, 4.597853E+01, 1.999067E+00,-4.860970E+00,-2.494766E+00, 6.194167E+00, 8.563352E+01, 4.456263E+01, 3.862154E+01, 6.101056E-01,12, 4.850692E-01,2, 0.000000E+00,0, 0.000000E+00,11, 3.709845E+01, 5.813480E-01, 1.716809E+01,NULL,NULL,1,data,8
47964,17530,940613,1116,94C2, 9.127400E+01,37,18,55,37,18, 5.468765E-01, 2.776291E+00,-2.889847E+00, 7.305999E+01, 7.239745E+01, 1.956688E+00,-1.629801E+00, 1.233827E+01,-3.935125E+00, 1.011718E+02, 6.070139E+01, 2.400721E+01, 2.158003E+00,16, 7.703321E+00,1, 0.000000E+00,0, 0.000000E+00,10, 2.458082E+01, 5.472150E-01, 1.201924E+01,NULL,NULL,1,data,8
47964,17532,940613,1116,94C2, 9.127400E+01,0,2,2,0,2, 0.000000E+00, 0.000000E+00, 0.000000E+00, 0.000000E+00, 0.000000E+00, 0.000000E+00,-1.174521E-02, 8.247507E-02, 1.627403E+00, 9.163603E+01, 0.000000E+00, 9.163603E+01, 0.000000E+00,NULL,NULL,NULL,NULL,0, 0.000000E+00,NULL,NULL,NULL,NULL,2, 9.163603E+01,0,data,8
47964,17533,940613,1116,94C2, 9.127400E+01,0,2,2,0,2, 0.000000E+00, 0.000000E+00, 0.000000E+00, 0.000000E+00, 0.000000E+00, 0.000000E+00,-3.871918E-03, 1.963308E-01,-1.219297E+01, 8.213791E+01, 0.000000E+00, 8.213791E+01, 0.000000E+00,NULL,NULL,NULL,NULL,0, 0.000000E+00,NULL,NULL,NULL,NULL,2, 8.213791E+01,0,data,8
47964,17535,940613,1117,94C2, 9.127400E+01,35,17,52,35,17, 3.484524E-01,-6.107020E+00,-5.424592E+00, 4.976518E+01, 4.904721E+01, 1.401349E+00, 1.774552E+00,-4.196932E+00,-9.269544E+00, 7.346102E+01, 4.263931E+01, 2.369583E+01, 0.000000E+00,6, 0.000000E+00,16, 5.329689E+00,0, 0.000000E+00,5, 5.751085E+00, 5.061497E-01, 1.693332E+00,NULL,NULL,1,data,8
47964,17536,940613,1117,94C2, 9.127400E+01,0,2,2,0,2, 0.000000E+00, 0.000000E+00, 0.000000E+00, 0.000000E+00, 0.000000E+00, 0.000000E+00,-2.317786E-02, 5.157971E-02,-2.020531E-01, 8.957645E+01, 0.000000E+00, 8.957645E+01, 0.000000E+00,NULL,NULL,NULL,NULL,0, 0.000000E+00,NULL,NULL,NULL,NULL,2, 8.957645E+01,0,data,8
47964,17540,940613,1120,94C2, 9.127400E+01,29,26,55,29,26, 8.806977E+00,-7.391364E+00, 7.829097E+00, 2.589586E+01, 2.501748E+01, 8.626718E-01, 3.983735E+00, 2.435502E-01,-2.888709E+00, 6.679031E+01, 2.140224E+01, 2.568262E+01, 1.414093E+01,10, 3.021957E-01,9, 0.000000E+00,0, 0.000000E+00,9, 1.698920E+01, 4.287267E-01, 4.570544E+00,1, 0.000000E+00,1,data,8
47964,17542,940613,1123,94C2, 9.127400E+01,0,2,2,0,2, 0.000000E+00, 0.000000E+00, 0.000000E+00, 0.000000E+00, 0.000000E+00, 0.000000E+00,-2.166805E-01, 3.327370E-03,-1.905271E+01, 7.301073E+01, 0.000000E+00, 7.301073E+01, 0.000000E+00,NULL,NULL,NULL,NULL,0, 0.000000E+00,NULL,NULL,NULL,NULL,2, 7.301073E+01,0,data,8
47964,17544,940613,1124,94C2, 9.127400E+01,0,2,2,0,2, 0.000000E+00, 0.000000E+00, 0.000000E+00, 0.000000E+00, 0.000000E+00, 0.000000E+00, 1.280661E-01, 5.892682E-02, 7.919464E-01, 9.154280E+01, 0.000000E+00, 9.154280E+01, 0.000000E+00,NULL,NULL,NULL,NULL,0, 0.000000E+00,NULL,NULL,NULL,NULL,2, 9.154280E+01,0,data,8
47964,17545,940613,1124,94C2, 9.127400E+01,29,14,43,29,14,-3.431358E-01,-8.676249E-02, 1.581884E+00, 4.527875E+01, 4.466764E+01, 1.540263E+00, 7.217879E+00, 4.920707E+00, 8.460775E+00, 6.424473E+01, 4.121856E+01, 1.779204E+01, 1.173930E+00,9, 2.563655E+00,4, 0.000000E+00,0, 0.000000E+00,6, 1.526356E+01, 6.110215E-01, 9.571176E+00,2, 0.000000E+00,1,data,8
47964,17546,940613,1124,94C2, 9.127400E+01,0,2,2,0,2, 0.000000E+00, 0.000000E+00, 0.000000E+00, 0.000000E+00, 0.000000E+00, 0.000000E+00,-1.443319E-01, 1.807227E-01,-1.311165E+00, 8.990808E+01, 0.000000E+00, 8.990808E+01, 0.000000E+00,NULL,NULL,NULL,NULL,0, 0.000000E+00,NULL,NULL,NULL,NULL,2, 8.990808E+01,0,data,8
47964,17548,940613,1127,94C2, 9.127400E+01,0,2,2,0,2, 0.000000E+00, 0.000000E+00, 0.000000E+00, 0.000000E+00, 0.000000E+00, 0.000000E+00,-1.055784E-01, 2.630830E-02,-1.826817E+00, 9.329831E+01, 0.000000E+00, 9.329831E+01, 0.000000E+00,NULL,NULL,NULL,NULL,0, 0.000000E+00,NULL,NULL,NULL,NULL,2, 9.329831E+01,0,data,8
47964,17553,940613,1127,94C2, 9.127400E+01,0,2,2,0,2, 0.000000E+00, 0.000000E+00, 0.000000E+00, 0.000000E+00, 0.000000E+00, 0.000000E+00, 4.386616E-02, 1.693033E-01,-6.915627E-01, 8.969474E+01, 0.000000E+00, 8.969474E+01, 0.000000E+00,NULL,NULL,NULL,NULL,0, 0.000000E+00,NULL,NULL,NULL,NULL,2, 8.969474E+01,0,data,8
47964,17555,940613,1127,94C2, 9.127400E+01,0,2,2,0,2, 0.000000E+00, 0.000000E+00, 0.000000E+00, 0.000000E+00, 0.000000E+00, 0.000000E+00, 1.960111E-02, 1.168647E-01,-5.615002E+00, 8.445793E+01, 0.000000E+00, 8.445793E+01, 0.000000E+00,NULL,NULL,NULL,NULL,0, 0.000000E+00,NULL,NULL,NULL,NULL,2, 8.445793E+01,0,data,8
47964,17558,940613,1130,94C2, 9.127400E+01,0,2,2,0,2, 0.000000E+00, 0.000000E+00, 0.000000E+00, 0.000000E+00, 0.000000E+00, 0.000000E+00,-2.150917E-02, 1.838551E-01,-4.028683E+00, 9.086874E+01, 0.000000E+00, 9.086874E+01, 0.000000E+00,NULL,NULL,NULL,NULL,0, 0.000000E+00,NULL,NULL,NULL,NULL,2, 9.086874E+01,0,data,8
47964,17559,940613,1130,94C2, 9.127400E+01,0,2,2,0,2, 0.000000E+00, 0.000000E+00, 0.000000E+00, 0.000000E+00, 0.000000E+00, 0.000000E+00, 1.231935E-01, 8.810069E-02, 1.251350E+00, 9.102177E+01, 0.000000E+00, 9.102177E+01, 0.000000E+00,NULL,NULL,NULL,NULL,0, 0.000000E+00,NULL,NULL,NULL,NULL,2, 9.102177E+01,0,data,8
47964,17562,940613,1130,94C2, 9.127400E+01,0,2,2,0,2, 0.000000E+00, 0.000000E+00, 0.000000E+00, 0.000000E+00, 0.000000E+00, 0.000000E+00,-1.093984E-01,-6.131709E-02, 2.757118E+00, 9.341027E+01, 0.000000E+00, 9.341027E+01, 0.000000E+00,NULL,NULL,NULL,NULL,0, 0.000000E+00,NULL,NULL,NULL,NULL,2, 9.341027E+01,0,data,8
47964,17563,940613,1130,94C2, 9.127400E+01,21,20,41,21,20, 1.144400E+01, 7.345884E+00, 2.233394E+00, 6.975143E+01, 6.948958E+01, 3.309027E+00, 8.657782E-02,-3.173728E+00,-1.097234E+01, 1.003307E+02, 5.692483E+01, 2.009769E+01, 1.048161E+01,17, 4.082057E+00,1, 0.000000E+00,0, 0.000000E+00,13, 1.823313E+01, 4.225954E-01, 5.560050E+00,1, 0.000000E+00,1,data,8
47964,17564,940613,1132,94C2, 9.127400E+01,4,1,5,4,1, 2.845951E-01, 1.404506E-01,-1.119487E+00, 2.585446E+00, 2.469107E+00, 6.172768E-01, 4.338820E-01, 2.201324E-01,-1.060705E+00, 2.764586E+00, 2.059057E+00, 0.000000E+00, 1.791401E-01,0, 0.000000E+00,1, 0.000000E+00,0, 0.000000E+00,NULL,NULL,NULL,NULL,NULL,NULL,0,data,8
47964,17566,940613,1132,94C2, 9.127400E+01,41,11,52,41,11,-7.701742E+00,-4.482019E+00, 3.293698E+01, 8.933830E+01, 8.856802E+01, 2.160196E+00,-1.240005E+01,-4.069267E+00, 4.535823E+01, 1.047219E+02, 1.920197E+01, 9.673668E+00, 5.709899E+00,0, 0.000000E+00,17, 2.751903E+01,0, 0.000000E+00,NULL,NULL,NULL,NULL,NULL,NULL,1,data,8
47964,17568,940613,1133,94C2, 9.127400E+01,0,2,2,0,2, 0.000000E+00, 0.000000E+00, 0.000000E+00, 0.000000E+00, 0.000000E+00, 0.000000E+00, 1.270356E-01, 3.485485E-02,-5.565365E+00, 8.627286E+01, 0.000000E+00, 8.627286E+01, 0.000000E+00,NULL,NULL,NULL,NULL,0, 0.000000E+00,NULL,NULL,NULL,NULL,2, 8.627286E+01,0,data,8
47964,17569,940613,1133,94C2, 9.127400E+01,0,3,3,0,3, 0.000000E+00, 0.000000E+00, 0.000000E+00, 0.000000E+00, 0.000000E+00, 0.000000E+00, 1.046565E-01,-4.705644E-02,-1.212826E+00, 9.412050E+01, 0.000000E+00, 9.412050E+01, 0.000000E+00,NULL,NULL,NULL,NULL,0, 0.000000E+00,NULL,NULL,NULL,NULL,3, 9.412050E+01,0,data,8
47964,17570,940613,1133,94C2, 9.127400E+01,8,5,13,8,5,-1.408244E-01,-6.226205E-01, 5.858332E+00, 7.558763E+00, 7.411460E+00, 9.264325E-01,-3.938564E-01,-4.191318E-01, 9.308162E+00, 1.107488E+01, 1.995144E+00, 3.516117E+00, 0.000000E+00,0, 0.000000E+00,2, 0.000000E+00,0, 0.000000E+00,NULL,NULL,NULL,NULL,3, 0.000000E+00,0,data,8
47964,17576,940613,1137,94C2, 9.127400E+01,0,2,2,0,2, 0.000000E+00, 0.000000E+00, 0.000000E+00, 0.000000E+00, 0.000000E+00, 0.000000E+00,-7.250400E-01, 1.209717E+00, 9.428913E+00, 9.218492E+01, 0.000000E+00, 9.218492E+01, 0.000000E+00,NULL,NULL,NULL,NULL,0, 0.000000E+00,NULL,NULL,NULL,NULL,2, 9.218492E+01,0,data,8
47964,17577,940613,1137,94C2, 9.127400E+01,0,2,2,0,2, 0.000000E+00, 0.000000E+00, 0.000000E+00, 0.000000E+00, 0.000000E+00, 0.000000E+00,-6.943083E-02, 1.271175E-01,-3.236389E-01, 9.230872E+01, 0.000000E+00, 9.230872E+01, 0.000000E+00,NULL,NULL,NULL,NULL,0, 0.000000E+00,NULL,NULL,NULL,NULL,2, 9.230872E+01,0,data,8
47964,17580,940613,1138,94C2, 9.127400E+01,0,2,2,0,2, 0.000000E+00, 0.000000E+00, 0.000000E+00, 0.000000E+00, 0.000000E+00, 0.000000E+00, 8.263588E-02, 4.890177E-02, 6.094360E-02, 9.043617E+01, 0.000000E+00, 9.043617E+01, 0.000000E+00,NULL,NULL,NULL,NULL,0, 0.000000E+00,NULL,NULL,NULL,NULL,2, 9.043617E+01,0,data,8
47964,17587,940613,1141,94C2, 9.127400E+01,2,3,5,2,3, 4.942497E-01, 1.892173E+00, 1.005090E+01, 1.024877E+01, 1.024427E+01, 5.122134E+00,-1.859177E+00,-7.346763E+00,-3.609334E+01, 6.244785E+01, 0.000000E+00, 5.219908E+01, 0.000000E+00,0, 0.000000E+00,3, 3.976928E+01,0, 0.000000E+00,NULL,NULL,NULL,NULL,1, 0.000000E+00,0,data,8
47964,17589,940613,1144,94C2, 9.127400E+01,0,2,2,0,2, 0.000000E+00, 0.000000E+00, 0.000000E+00, 0.000000E+00, 0.000000E+00, 0.000000E+00, 6.142886E-01,-5.688190E-01, 3.539444E+00, 9.301940E+01, 0.000000E+00, 9.301940E+01, 0.000000E+00,NULL,NULL,NULL,NULL,0, 0.000000E+00,NULL,NULL,NULL,NULL,2, 9.301940E+01,0,data,8
47964,17590,940613,1144,94C2, 9.127400E+01,0,2,2,0,2, 0.000000E+00, 0.000000E+00, 0.000000E+00, 0.000000E+00, 0.000000E+00, 0.000000E+00, 1.114274E-01, 3.736687E-02, 7.255630E-01, 9.477245E+01, 0.000000E+00, 9.477245E+01, 0.000000E+00,NULL,NULL,NULL,NULL,0, 0.000000E+00,NULL,NULL,NULL,NULL,2, 9.477245E+01,0,data,8
47964,17591,940613,1144,94C2, 9.127400E+01,0,2,2,0,2, 0.000000E+00, 0.000000E+00, 0.000000E+00, 0.000000E+00, 0.000000E+00, 0.000000E+00, 4.613362E-01,-3.025138E-01, 1.248043E+01, 1.257174E+01, 0.000000E+00, 1.257174E+01, 0.000000E+00,0, 0.000000E+00,1, 0.000000E+00,0, 0.000000E+00,NULL,NULL,NULL,NULL,1, 8.320708E+00,0,data,8
47964,17593,940613,1144,94C2, 9.127400E+01,0,2,2,0,2, 0.000000E+00, 0.000000E+00, 0.000000E+00, 0.000000E+00, 0.000000E+00, 0.000000E+00,-6.379414E-02, 3.881627E-02,-4.859474E+00, 8.888834E+01, 0.000000E+00, 8.888834E+01, 0.000000E+00,NULL,NULL,NULL,NULL,0, 0.000000E+00,NULL,NULL,NULL,NULL,2, 8.888834E+01,0,data,8
47964,17600,940613,1147,94C2, 9.127400E+01,0,2,2,0,2, 0.000000E+00, 0.000000E+00, 0.000000E+00, 0.000000E+00, 0.000000E+00, 0.000000E+00, 8.506572E-02,-4.900265E-02,-1.819309E+00, 8.864420E+01, 0.000000E+00, 8.864420E+01, 0.000000E+00,NULL,NULL,NULL,NULL,0, 0.000000E+00,NULL,NULL,NULL,NULL,2, 8.864420E+01,0,data,8
47964,17605,940613,1147,94C2, 9.127400E+01,5,3,8,5,3,-1.981114E+00, 1.147612E+02,-1.318175E+01, 2.690594E+02, 2.689087E+02, 5.378173E+01,-1.659921E+00, 1.149437E+02,-1.515806E+01, 2.731708E+02, 0.000000E+00, 4.111324E+00, 0.000000E+00,1, 0.000000E+00,0, 0.000000E+00,0, 0.000000E+00,NULL,NULL,NULL,NULL,2, 0.000000E+00,0,data,8
47964,17606,940613,1151,94C2, 9.127400E+01,0,2,2,0,2, 0.000000E+00, 0.000000E+00, 0.000000E+00, 0.000000E+00, 0.000000E+00, 0.000000E+00, 5.521518E-02,-4.862404E-02, 1.112492E+00, 9.244798E+01, 0.000000E+00, 9.244798E+01, 0.000000E+00,NULL,NULL,NULL,NULL,0, 0.000000E+00,NULL,NULL,NULL,NULL,2, 9.244798E+01,0,data,8
47964,17607,940613,1151,94C2, 9.127400E+01,0,2,2,0,2, 0.000000E+00, 0.000000E+00, 0.000000E+00, 0.000000E+00, 0.000000E+00, 0.000000E+00, 4.949413E-02,-1.409283E-01,-2.282951E+00, 9.178261E+01, 0.000000E+00, 9.178261E+01, 0.000000E+00,NULL,NULL,NULL,NULL,0, 0.000000E+00,NULL,NULL,NULL,NULL,2, 9.178261E+01,0,data,8
47964,17608,940613,1151,94C2, 9.127400E+01,2,5,7,2,5, 8.293903E-01,-6.067330E-02, 7.264084E-01, 1.313488E+00, 1.278169E+00, 6.390846E-01, 8.077892E-01,-5.153853E-01, 4.505470E+01, 4.682091E+01, 9.032523E-01, 4.550742E+01, 0.000000E+00,1, 0.000000E+00,3, 0.000000E+00,0, 0.000000E+00,1, 9.015637E-01, 9.015637E-01, 9.015637E-01,1, 0.000000E+00,0,data,8
47964,17609,940613,1151,94C2, 9.127400E+01,2,3,5,2,3,-3.996204E-01,-3.364742E-02,-1.399493E+00, 2.712266E+00, 2.697864E+00, 1.348932E+00,-1.574556E+00, 1.452339E-02,-2.477320E+00, 5.151233E+00, 2.712267E+00, 7.063713E-01, 4.590556E-01,3, 7.313735E-01,0, 0.000000E+00,0, 0.000000E+00,2, 1.979911E+00, 7.063713E-01, 1.273540E+00,NULL,NULL,0,data,8
47964,17614,940613,1151,94C2, 9.127400E+01,0,2,2,0,2, 0.000000E+00, 0.000000E+00, 0.000000E+00, 0.000000E+00, 0.000000E+00, 0.000000E+00,-1.782947E-01, 2.885442E-01, 2.294899E+00, 9.210957E+01, 0.000000E+00, 9.210957E+01, 0.000000E+00,NULL,NULL,NULL,NULL,0, 0.000000E+00,NULL,NULL,NULL,NULL,2, 9.210957E+01,0,data,8
47964,17617,940613,1153,94C2, 9.127400E+01,27,15,42,27,15, 4.731832E-01, 1.340075E+00, 9.319221E-01, 5.679007E+01, 5.639187E+01, 2.088588E+00,-2.747004E-01,-8.124452E+00, 2.664009E+00, 7.536465E+01, 5.149285E+01, 1.316868E+01, 8.878529E-01,18, 3.045838E+01,0, 0.000000E+00,0, 0.000000E+00,12, 1.768673E+01, 5.376105E-01, 3.242590E+00,NULL,NULL,1,data,8
47964,17618,940613,1153,94C2, 9.127400E+01,2,4,6,2,4,-1.091594E+01, 6.171089E+00,-2.265048E+00, 7.314542E+01, 7.314486E+01, 3.657243E+01,-2.591195E+00, 7.039993E-01, 3.253213E+00, 8.645702E+01, 0.000000E+00, 8.092151E+00, 0.000000E+00,2, 0.000000E+00,0, 0.000000E+00,0, 0.000000E+00,2, 5.979019E+00, 7.595732E-01, 5.219446E+00,NULL,NULL,0,data,8
47964,17620,940613,1156,94C2, 9.127400E+01,0,2,2,0,2, 0.000000E+00, 0.000000E+00, 0.000000E+00, 0.000000E+00, 0.000000E+00, 0.000000E+00, 1.282763E-01, 1.324632E-01,-2.186108E+00, 8.520222E+01, 0.000000E+00, 8.520222E+01, 0.000000E+00,NULL,NULL,NULL,NULL,0, 0.000000E+00,NULL,NULL,NULL,NULL,2, 8.520222E+01,0,data,8
47964,17623,940613,1156,94C2, 9.127400E+01,0,2,2,0,2, 0.000000E+00, 0.000000E+00, 0.000000E+00, 0.000000E+00, 0.000000E+00, 0.000000E+00, 1.233462E-01, 8.428395E-02, 2.506813E+00, 9.269582E+01, 0.000000E+00, 9.269582E+01, 0.000000E+00,NULL,NULL,NULL,NULL,0, 0.000000E+00,NULL,NULL,NULL,NULL,2, 9.269582E+01,0,data,8
47964,17624,940613,1156,94C2, 9.127400E+01,14,7,21,14,7, 1.011570E+01, 2.044618E+01, 4.845148E+00, 5.534725E+01, 5.517488E+01, 3.941063E+00, 7.596051E+00, 1.544060E+01, 3.172110E+00, 8.271590E+01, 5.496359E+01, 9.561889E+00, 1.656490E+01,8, 4.926532E-01,0, 0.000000E+00,0, 0.000000E+00,3, 5.966781E+00, 1.143036E+00, 3.581892E+00,NULL,NULL,1,data,8
47964,17625,940613,1157,94C2, 9.127400E+01,59,12,71,59,12,-4.728187E-01, 7.368024E-02, 2.671360E+00, 8.565591E+01, 8.465147E+01, 1.434771E+00, 9.731354E-01, 4.595400E+00, 1.111222E+00, 9.843968E+01, 7.377075E+01, 6.691719E+00, 0.000000E+00,21, 7.629525E+00,0, 0.000000E+00,0, 0.000000E+00,11, 1.240311E+01, 3.133876E-01, 3.057239E+00,NULL,NULL,1,data,8
47964,17626,940613,1157,94C2, 9.127400E+01,43,19,62,43,19,-1.466038E+00,-7.448240E+00,-1.044492E+01, 5.601409E+01, 5.528742E+01, 1.285754E+00,-1.419520E+00,-2.836424E+00,-7.134916E+00, 7.597424E+01, 4.736934E+01, 1.473061E+01, 3.100269E+00,16, 1.730567E-01,0, 0.000000E+00,0, 0.000000E+00,11, 1.438336E+01, 3.984447E-01, 2.561589E+00,NULL,NULL,1,data,8
47964,17628,940613,1158,94C2, 9.127400E+01,0,2,2,0,2, 0.000000E+00, 0.000000E+00, 0.000000E+00, 0.000000E+00, 0.000000E+00, 0.000000E+00,-1.750350E-02, 7.255614E-02,-4.440117E-01, 9.193480E+01, 0.000000E+00, 9.193480E+01, 0.000000E+00,NULL,NULL,NULL,NULL,0, 0.000000E+00,NULL,NULL,NULL,NULL,2, 9.193480E+01,0,data,8
47964,17630,940613,1201,94C2, 9.127400E+01,0,2,2,0,2, 0.000000E+00, 0.000000E+00, 0.000000E+00, 0.000000E+00, 0.000000E+00, 0.000000E+00, 6.513843E-02,-6.279898E-02, 2.381134E-01, 8.979014E+01, 0.000000E+00, 8.979014E+01, 0.000000E+00,NULL,NULL,NULL,NULL,0, 0.000000E+00,NULL,NULL,NULL,NULL,2, 8.979014E+01,0,data,8
47964,17636,940613,1201,94C2, 9.127400E+01,33,19,52,33,19, 4.410650E+01,-9.133414E+00,-1.122640E+02, 1.813214E+02, 1.805276E+02, 5.470533E+00, 4.724904E+01,-7.736501E+00,-1.170156E+02, 2.035974E+02, 3.217004E+01, 2.227599E+01, 0.000000E+00,2, 0.000000E+00,21, 8.131417E+00,0, 0.000000E+00,2, 2.665032E+00, 1.095089E+00, 1.569943E+00,NULL,NULL,1,data,8
47964,17637,940613,1202,94C2, 9.127400E+01,0,2,2,0,2, 0.000000E+00, 0.000000E+00, 0.000000E+00, 0.000000E+00, 0.000000E+00, 0.000000E+00,-7.858276E-02, 6.993222E-02, 1.896908E+00, 9.286875E+01, 0.000000E+00, 9.286875E+01, 0.000000E+00,NULL,NULL,NULL,NULL,0, 0.000000E+00,NULL,NULL,NULL,NULL,2, 9.286875E+01,0,data,8
47964,17640,940613,1202,94C2, 9.127400E+01,30,25,55,30,25, 2.763163E+00,-1.156132E+00, 1.655518E+01, 5.241544E+01, 5.201991E+01, 1.733997E+00, 1.121799E+00,-7.059184E-02, 1.190880E+01, 8.140644E+01, 4.290163E+01, 2.061923E+01, 7.705684E+00,9, 2.751146E+00,16, 2.242498E+00,0, 0.000000E+00,3, 3.086965E+00, 6.660831E-01, 1.582739E+00,1, 0.000000E+00,1,data,8
47964,17644,940613,1204,94C2, 9.127400E+01,0,2,2,0,2, 0.000000E+00, 0.000000E+00, 0.000000E+00, 0.000000E+00, 0.000000E+00, 0.000000E+00, 6.707974E-02,-1.842988E-01, 2.906494E+00, 9.388589E+01, 0.000000E+00, 9.388589E+01, 0.000000E+00,NULL,NULL,NULL,NULL,0, 0.000000E+00,NULL,NULL,NULL,NULL,2, 9.388589E+01,0,data,8
47964,17649,940613,1207,94C2, 9.127400E+01,2,0,2,2,0,-1.814571E+00, 1.260199E+00,-2.164791E+00, 9.756467E+01, 9.756427E+01, 4.878214E+01,-1.814571E+00, 1.260199E+00,-2.164791E+00, 9.756467E+01, 9.756450E+01, 0.000000E+00, 0.000000E+00,1, 0.000000E+00,0, 0.000000E+00,0, 0.000000E+00,NULL,NULL,NULL,NULL,NULL,NULL,0,data,8
47964,17653,940613,1207,94C2, 9.127400E+01,1,1,2,1,1,-2.159940E+01, 4.971424E+01,-6.018959E+01, 8.099905E+01, 8.099893E+01, 8.099893E+01,-2.151234E+01, 4.977216E+01,-6.074971E+01, 8.156885E+01, 0.000000E+00, 5.697955E-01, 0.000000E+00,0, 0.000000E+00,1, 0.000000E+00,0, 0.000000E+00,NULL,NULL,NULL,NULL,NULL,NULL,0,data,8
47964,17654,940613,1207,94C2, 9.127400E+01,28,14,42,28,14, 2.235319E-01, 1.952884E+00, 3.683229E-01, 5.941333E+01, 5.891019E+01, 2.103935E+00,-5.251577E-01, 4.790531E+00,-2.464417E-01, 8.763773E+01, 5.717497E+01, 1.713156E+01, 1.009483E+01,10, 6.703218E-01,0, 0.000000E+00,0, 0.000000E+00,6, 1.517738E+01, 9.388762E-01, 7.975708E+00,NULL,NULL,1,data,8
47964,17655,940613,1207,94C2, 9.127400E+01,2,0,2,2,0, 5.339289E+00, 1.924838E+00, 1.113826E+00, 3.742488E+01, 3.742381E+01, 1.871191E+01, 5.339289E+00, 1.924838E+00, 1.113826E+00, 3.742488E+01, 0.000000E+00, 0.000000E+00, 0.000000E+00,1, 0.000000E+00,0, 0.000000E+00,0, 0.000000E+00,NULL,NULL,NULL,NULL,NULL,NULL,0,data,8
47964,17656,940613,1207,94C2, 9.127400E+01,27,11,38,27,11, 6.684002E+00,-1.165283E+01, 1.091129E+01, 7.032627E+01, 6.947787E+01, 2.573255E+00,-2.213179E+00, 2.565057E+00,-3.071384E+00, 1.046815E+02, 6.683007E+01, 8.398206E+00, 1.685374E+01,10, 3.130415E+00,0, 0.000000E+00,0, 0.000000E+00,5, 1.656444E+01, 1.064399E+00, 9.103261E+00,NULL,NULL,1,data,8
47964,17659,940613,1210,94C2, 9.127400E+01,0,2,2,0,2, 0.000000E+00, 0.000000E+00, 0.000000E+00, 0.000000E+00, 0.000000E+00, 0.000000E+00, 8.249927E-02, 9.196210E-02,-6.334248E+00, 8.456163E+01, 0.000000E+00, 8.456163E+01, 0.000000E+00,NULL,NULL,NULL,NULL,0, 0.000000E+00,NULL,NULL,NULL,NULL,2, 8.456163E+01,0,data,8
47964,17661,940613,1210,94C2, 9.127400E+01,0,2,2,0,2, 0.000000E+00, 0.000000E+00, 0.000000E+00, 0.000000E+00, 0.000000E+00, 0.000000E+00, 3.746390E-02, 1.052551E-01,-9.678650E-01, 9.506905E+01, 0.000000E+00, 9.506905E+01, 0.000000E+00,NULL,NULL,NULL,NULL,0, 0.000000E+00,NULL,NULL,NULL,NULL,2, 9.506905E+01,0,data,8
47964,17666,940613,1210,94C2, 9.127400E+01,20,10,30,20,10,-1.673284E+01,-4.454986E+00,-1.016979E+01, 6.309364E+01, 6.272023E+01, 3.136012E+00,-9.158075E+00,-1.383062E+00,-4.332257E+00, 7.705859E+01, 6.204349E+01, 8.894489E+00, 1.802006E+00,10, 3.765811E-01,0, 0.000000E+00,0, 0.000000E+00,6, 1.145893E+01, 5.237418E-01, 4.771568E+00,NULL,NULL,1,data,8
47964,17668,940613,1212,94C2, 9.127400E+01,35,18,53,35,18,-1.037567E+01,-2.971227E+00,-6.358410E+00, 7.515646E+01, 7.435781E+01, 2.124509E+00,-5.059331E+00,-1.604649E+00,-1.393879E+00, 9.654606E+01, 6.536392E+01, 1.397061E+01, 2.825145E+00,17, 8.923732E-01,0, 0.000000E+00,0, 0.000000E+00,12, 1.789304E+01, 3.901128E-01, 5.006575E+00,NULL,NULL,1,data,8
47964,17669,940613,1212,94C2, 9.127400E+01,0,2,2,0,2, 0.000000E+00, 0.000000E+00, 0.000000E+00, 0.000000E+00, 0.000000E+00, 0.000000E+00,-2.159359E-01,-6.980658E-02,-1.522339E+00, 9.000690E+01, 0.000000E+00, 9.000690E+01, 0.000000E+00,NULL,NULL,NULL,NULL,0, 0.000000E+00,NULL,NULL,NULL,NULL,2, 9.000690E+01,0,data,8
47964,17671,940613,1214,94C2, 9.127400E+01,30,17,47,30,17,-1.854710E+00, 5.558050E-01,-2.288860E+01, 7.444180E+01, 7.381352E+01, 2.460451E+00,-1.001753E+00, 1.977870E-01,-2.201418E+01, 9.265775E+01, 4.403925E+01, 1.671037E+01, 1.505570E+00,0, 0.000000E+00,21, 2.199105E+01,0, 0.000000E+00,NULL,NULL,NULL,NULL,1, 0.000000E+00,1,data,8
47964,17672,940613,1214,94C2, 9.127400E+01,3,2,5,3,2,-3.267799E-01,-1.708734E-01,-1.361127E+00, 2.260648E+00, 2.215940E+00, 7.386465E-01,-1.122184E+00,-3.612174E-01,-2.524673E+01, 2.617468E+01, 0.000000E+00, 2.391403E+01, 0.000000E+00,1, 1.322159E-01,0, 0.000000E+00,0, 0.000000E+00,NULL,NULL,NULL,NULL,2, 0.000000E+00,0,data,8
47964,17673,940613,1214,94C2, 9.127400E+01,6,1,7,6,1,-5.981139E-02, 6.322609E-01,-2.220257E+00, 3.880888E+00, 3.698591E+00, 6.164319E-01,-6.741934E-01, 4.020858E-01,-1.664284E+01, 1.831838E+01, 0.000000E+00, 1.443749E+01, 0.000000E+00,NULL,NULL,NULL,NULL,0, 0.000000E+00,NULL,NULL,NULL,NULL,1, 0.000000E+00,0,data,8
47964,17674,940613,1215,94C2, 9.127400E+01,0,2,2,0,2, 0.000000E+00, 0.000000E+00, 0.000000E+00, 0.000000E+00, 0.000000E+00, 0.000000E+00, 4.821873E-02, 1.856170E-01, 2.727097E+00, 9.124480E+01, 0.000000E+00, 9.124480E+01, 0.000000E+00,NULL,NULL,NULL,NULL,0, 0.000000E+00,NULL,NULL,NULL,NULL,2, 9.124480E+01,0,data,8
47964,17676,940613,1215,94C2, 9.127400E+01,24,19,43,24,19,-8.940340E+00,-3.161577E-01, 1.135501E+01, 2.710417E+01, 2.643444E+01, 1.101435E+00,-1.129170E+01, 8.895531E-01, 1.027986E+01, 6.702237E+01, 2.296213E+01, 2.108085E+01, 1.496539E+01,14, 0.000000E+00,0, 0.000000E+00,0, 0.000000E+00,13, 2.279445E+01, 5.305032E-01, 5.672653E+00,NULL,NULL,1,data,8
47964,17677,940613,1215,94C2, 9.127400E+01,21,6,27,21,6,-2.890573E+01,-2.079539E+00, 2.617474E+01, 8.970309E+01, 8.953974E+01, 4.263797E+00,-2.596319E+01,-2.273651E+00, 2.307958E+01, 1.086199E+02, 7.856387E+01, 1.796238E+01, 4.592811E-01,5, 1.202617E-01,1, 0.000000E+00,0, 0.000000E+00,4, 1.845751E+01, 4.951299E-01, 1.054531E+01,NULL,NULL,1,data,8
47964,17679,940613,1217,94C2, 9.127400E+01,23,14,37,23,14, 9.017996E-01, 1.913755E+00, 3.600211E-01, 4.999567E+01, 4.949012E+01, 2.151744E+00, 1.177568E+00,-2.717751E+00,-4.692463E-01, 8.524239E+01, 4.463055E+01, 1.463984E+01, 1.304034E+01,18, 2.710461E+00,0, 0.000000E+00,0, 0.000000E+00,11, 2.192339E+01, 3.538725E-01, 6.467016E+00,NULL,NULL,1,data,8
47964,17680,940613,1217,94C2, 9.127400E+01,0,2,2,0,2, 0.000000E+00, 0.000000E+00, 0.000000E+00, 0.000000E+00, 0.000000E+00, 0.000000E+00,-7.785177E-02,-1.257515E-02, 1.207927E+01, 8.000517E+01, 0.000000E+00, 8.000517E+01, 0.000000E+00,NULL,NULL,NULL,NULL,0, 0.000000E+00,NULL,NULL,NULL,NULL,2, 8.000517E+01,0,data,8
47964,17681,940613,1217,94C2, 9.127400E+01,2,0,2,2,0,-2.215644E+01, 3.077339E+02,-1.387362E+01, 3.750336E+02, 3.750332E+02, 1.875166E+02,-2.215644E+01, 3.077339E+02,-1.387362E+01, 3.750336E+02, 0.000000E+00, 0.000000E+00, 0.000000E+00,NULL,NULL,NULL,NULL,0, 0.000000E+00,NULL,NULL,NULL,NULL,NULL,NULL,0,data,8
47964,17682,940613,1217,94C2, 9.127400E+01,16,6,22,16,6, 1.204106E+00, 5.271718E+00,-3.798320E+00, 1.877390E+01, 1.840009E+01, 1.150005E+00, 9.630889E-01, 4.982159E-01,-2.698486E+00, 6.798927E+01, 7.851538E+00, 4.921538E+01, 0.000000E+00,2, 0.000000E+00,5, 0.000000E+00,0, 0.000000E+00,1, 5.487810E-01, 5.487810E-01, 5.487810E-01,2, 0.000000E+00,0,data,8
47964,17684,940613,1220,94C2, 9.127400E+01,0,2,2,0,2, 0.000000E+00, 0.000000E+00, 0.000000E+00, 0.000000E+00, 0.000000E+00, 0.000000E+00, 2.860183E-02,-5.864835E-02,-8.508530E-01, 9.327584E+01, 0.000000E+00, 9.327584E+01, 0.000000E+00,NULL,NULL,NULL,NULL,0, 0.000000E+00,NULL,NULL,NULL,NULL,2, 9.327584E+01,0,data,8
47964,17691,940613,1222,94C2, 9.127400E+01,2,1,3,2,1,-2.324371E-01,-2.493382E-02,-1.895981E-01, 9.023820E+01, 9.023778E+01, 4.511889E+01,-3.122840E-01,-6.122258E-02,-3.375742E-01, 9.041022E+01, 9.023802E+01, 0.000000E+00, 1.720154E-01,2, 3.885018E-01,0, 0.000000E+00,0, 0.000000E+00,NULL,NULL,NULL,NULL,NULL,NULL,0,data,8
47964,17692,940613,1222,94C2, 9.127400E+01,23,13,36,23,13,-9.146479E-01, 4.659898E+00, 5.338579E+00, 6.722733E+01, 6.698048E+01, 2.912195E+00, 7.743503E-01, 1.932104E+00, 8.754556E-01, 9.005552E+01, 6.536063E+01, 1.351925E+01, 1.663004E+00,13, 1.374676E+01,3, 0.000000E+00,0, 0.000000E+00,7, 1.878718E+01, 8.557568E-01, 7.645943E+00,NULL,NULL,1,data,8
47964,17693,940613,1222,94C2, 9.127400E+01,2,2,4,2,2, 5.124062E-04,-3.464460E-03, 1.184589E+00, 1.585322E+00, 1.558669E+00, 7.793344E-01, 6.384595E-02,-4.467328E-01, 1.906554E+00, 2.554982E+00, 1.585322E+00, 0.000000E+00, 9.696603E-01,NULL,NULL,NULL,NULL,0, 0.000000E+00,NULL,NULL,NULL,NULL,NULL,NULL,0,data,8
47964,17696,940613,1223,94C2, 9.127400E+01,24,17,41,24,17, 4.631614E+00, 2.301872E+00,-1.255593E+00, 5.656060E+01, 5.625324E+01, 2.343885E+00, 9.526999E+00, 7.510324E+00,-7.906631E+00, 9.506615E+01, 5.420009E+01, 1.940985E+01, 1.422725E+01,12, 8.286642E-01,2, 0.000000E+00,0, 0.000000E+00,9, 2.333838E+01, 4.704936E-01, 5.899766E+00,NULL,NULL,1,data,8
47964,17697,940613,1223,94C2, 9.127400E+01,0,2,2,0,2, 0.000000E+00, 0.000000E+00, 0.000000E+00, 0.000000E+00, 0.000000E+00, 0.000000E+00,-5.346227E-02,-1.847148E-04,-1.146466E+01, 8.149696E+01, 0.000000E+00, 8.149696E+01, 0.000000E+00,NULL,NULL,NULL,NULL,0, 0.000000E+00,NULL,NULL,NULL,NULL,2, 8.149696E+01,0,data,8
47964,17699,940613,1224,94C2, 9.127400E+01,44,17,61,44,17, 1.558190E+01, 3.280645E+00, 5.707507E+00, 8.633687E+01, 8.565057E+01, 1.946604E+00, 7.167259E+00,-2.174954E+00, 2.690305E+00, 1.051673E+02, 8.146291E+01, 1.579142E+01, 5.331475E-01,24, 4.787058E+00,0, 0.000000E+00,0, 0.000000E+00,12, 1.531394E+01, 3.174714E-01, 2.453727E+00,NULL,NULL,1,data,8
47964,17701,940613,1227,94C2, 9.127400E+01,0,2,2,0,2, 0.000000E+00, 0.000000E+00, 0.000000E+00, 0.000000E+00, 0.000000E+00, 0.000000E+00,-1.345173E-01, 1.290343E-01,-2.995304E+00, 8.802480E+01, 0.000000E+00, 8.802480E+01, 0.000000E+00,NULL,NULL,NULL,NULL,0, 0.000000E+00,NULL,NULL,NULL,NULL,2, 8.802480E+01,0,data,8
47964,17704,940613,1227,94C2, 9.127400E+01,2,0,2,2,0, 2.041599E+00, 4.634848E-01, 1.659067E+00, 9.142766E+01, 9.142723E+01, 4.571362E+01, 2.041599E+00, 4.634848E-01, 1.659067E+00, 9.142766E+01, 9.142747E+01, 0.000000E+00, 0.000000E+00,2, 2.457684E-01,0, 0.000000E+00,0, 0.000000E+00,NULL,NULL,NULL,NULL,NULL,NULL,0,data,8
47964,17705,940613,1227,94C2, 9.127400E+01,0,3,3,0,3, 0.000000E+00, 0.000000E+00, 0.000000E+00, 0.000000E+00, 0.000000E+00, 0.000000E+00,-3.874876E-01,-1.558721E-01, 1.519076E+01, 7.816881E+01, 0.000000E+00, 7.816881E+01, 0.000000E+00,NULL,NULL,NULL,NULL,0, 0.000000E+00,NULL,NULL,NULL,NULL,3, 7.816881E+01,0,data,8
47964,17708,940613,1229,94C2, 9.127400E+01,0,3,3,0,3, 0.000000E+00, 0.000000E+00, 0.000000E+00, 0.000000E+00, 0.000000E+00, 0.000000E+00, 5.167437E-02,-2.755398E-02,-4.573160E+01, 4.621274E+01, 0.000000E+00, 4.621274E+01, 0.000000E+00,0, 0.000000E+00,2, 3.833664E-01,0, 0.000000E+00,NULL,NULL,NULL,NULL,1, 3.370173E+01,0,data,8
47964,17711,940613,1229,94C2, 9.127400E+01,26,27,53,26,27, 4.922331E+00, 9.590135E-01,-5.647334E+00, 3.409665E+01, 3.365717E+01, 1.294507E+00, 5.491443E+00, 8.832243E-01,-5.393822E+00, 6.583012E+01, 6.480822E+00, 3.158710E+01, 1.463700E-01,1, 0.000000E+00,26, 7.569748E+00,0, 0.000000E+00,NULL,NULL,NULL,NULL,3, 0.000000E+00,0,data,8
47964,17716,940613,1231,94C2, 9.127400E+01,0,2,2,0,2, 0.000000E+00, 0.000000E+00, 0.000000E+00, 0.000000E+00, 0.000000E+00, 0.000000E+00, 1.273293E-01, 6.597084E-02, 1.382442E+00, 9.469479E+01, 0.000000E+00, 9.469479E+01, 0.000000E+00,NULL,NULL,NULL,NULL,0, 0.000000E+00,NULL,NULL,NULL,NULL,2, 9.469479E+01,0,data,8
47964,17719,940613,1234,94C2, 9.127400E+01,2,3,5,2,3, 8.900166E-02, 4.318151E-01,-3.091331E-01, 1.871157E+01, 1.870949E+01, 9.354743E+00,-3.077216E-01, 5.862405E-01,-1.020003E+00, 1.955198E+01, 9.086531E+00, 8.404075E-01, 0.000000E+00,1, 4.919416E-02,0, 0.000000E+00,0, 0.000000E+00,NULL,NULL,NULL,NULL,NULL,NULL,0,data,8
47964,17720,940613,1234,94C2, 9.127400E+01,0,2,2,0,2, 0.000000E+00, 0.000000E+00, 0.000000E+00, 0.000000E+00, 0.000000E+00, 0.000000E+00, 1.083385E-01, 6.871629E-02,-4.112244E-01, 9.101058E+01, 0.000000E+00, 9.101058E+01, 0.000000E+00,NULL,NULL,NULL,NULL,0, 0.000000E+00,NULL,NULL,NULL,NULL,2, 9.101058E+01,0,data,8
47964,17728,940613,1236,94C2, 9.127400E+01,17,6,23,17,6, 1.498801E-01,-9.138210E-01, 1.594942E+00, 1.390706E+01, 1.341623E+01, 7.891902E-01, 7.144940E-01,-3.193026E-01, 5.235966E+00, 2.433797E+01, 7.316652E+00, 1.025002E+01, 1.808844E-01,0, 0.000000E+00,4, 4.215096E-01,0, 0.000000E+00,NULL,NULL,NULL,NULL,2, 0.000000E+00,0,data,8
47964,17729,940613,1241,94C2, 9.127400E+01,0,2,2,0,2, 0.000000E+00, 0.000000E+00, 0.000000E+00, 0.000000E+00, 0.000000E+00, 0.000000E+00,-6.889352E-02, 9.028268E-02, 1.024467E+00, 9.083895E+01, 0.000000E+00, 9.083895E+01, 0.000000E+00,NULL,NULL,NULL,NULL,0, 0.000000E+00,NULL,NULL,NULL,NULL,2, 9.083895E+01,0,data,8
47964,17731,940613,1241,94C2, 9.127400E+01,0,2,2,0,2, 0.000000E+00, 0.000000E+00, 0.000000E+00, 0.000000E+00, 0.000000E+00, 0.000000E+00,-3.057607E-02, 1.524982E-01, 2.501457E+00, 9.234189E+01, 0.000000E+00, 9.234189E+01, 0.000000E+00,NULL,NULL,NULL,NULL,0, 0.000000E+00,NULL,NULL,NULL,NULL,2, 9.234189E+01,0,data,8
47964,17734,940613,1241,94C2, 9.127400E+01,0,2,2,0,2, 0.000000E+00, 0.000000E+00, 0.000000E+00, 0.000000E+00, 0.000000E+00, 0.000000E+00,-5.843794E-02, 2.805769E-01,-2.861938E+00, 9.021350E+01, 0.000000E+00, 9.021350E+01, 0.000000E+00,NULL,NULL,NULL,NULL,0, 0.000000E+00,NULL,NULL,NULL,NULL,2, 9.021350E+01,0,data,8
47964,17740,940613,1241,94C2, 9.127400E+01,30,14,44,30,14, 4.502555E+00, 3.472399E+00, 9.490924E+00, 5.395186E+01, 5.341103E+01, 1.780368E+00,-4.988670E-01,-1.385629E+00, 1.413724E+01, 8.021389E+01, 5.195769E+01, 1.082335E+01, 1.403768E+01,12, 0.000000E+00,0, 0.000000E+00,0, 0.000000E+00,7, 8.727783E+00, 4.959303E-01, 2.789085E+00,1, 0.000000E+00,1,data,8
47964,17741,940613,1245,94C2, 9.127400E+01,2,1,3,2,1,-1.645148E-02,-1.223884E-01, 1.603518E-01, 2.079438E+01, 2.079251E+01, 1.039626E+01,-3.982256E-01,-1.599900E-01, 4.361936E-01, 2.126688E+01, 0.000000E+00, 4.724977E-01, 0.000000E+00,NULL,NULL,NULL,NULL,0, 0.000000E+00,NULL,NULL,NULL,NULL,NULL,NULL,0,data,8
47964,17746,940613,1245,94C2, 9.127400E+01,0,2,2,0,2, 0.000000E+00, 0.000000E+00, 0.000000E+00, 0.000000E+00, 0.000000E+00, 0.000000E+00,-3.424716E-02,-1.102924E-02, 2.382225E+00, 9.171481E+01, 0.000000E+00, 9.171481E+01, 0.000000E+00,NULL,NULL,NULL,NULL,0, 0.000000E+00,NULL,NULL,NULL,NULL,2, 9.171481E+01,0,data,8
47964,17747,940613,1245,94C2, 9.127400E+01,0,2,2,0,2, 0.000000E+00, 0.000000E+00, 0.000000E+00, 0.000000E+00, 0.000000E+00, 0.000000E+00,-7.916576E-02, 9.006500E-02, 1.680790E+00, 8.987801E+01, 0.000000E+00, 8.987801E+01, 0.000000E+00,NULL,NULL,NULL,NULL,0, 0.000000E+00,NULL,NULL,NULL,NULL,2, 8.987801E+01,0,data,8
47964,17748,940613,1245,94C2, 9.127400E+01,0,3,3,0,3, 0.000000E+00, 0.000000E+00, 0.000000E+00, 0.000000E+00, 0.000000E+00, 0.000000E+00, 6.284955E-02, 1.041746E-02,-3.822289E-01, 9.207579E+01, 0.000000E+00, 9.207579E+01, 0.000000E+00,NULL,NULL,NULL,NULL,0, 0.000000E+00,NULL,NULL,NULL,NULL,3, 9.207579E+01,0,data,8
47964,17750,940613,1245,94C2, 9.127400E+01,0,2,2,0,2, 0.000000E+00, 0.000000E+00, 0.000000E+00, 0.000000E+00, 0.000000E+00, 0.000000E+00, 1.235449E-01,-1.188084E-02,-1.677094E+00, 9.414081E+01, 0.000000E+00, 9.414081E+01, 0.000000E+00,NULL,NULL,NULL,NULL,0, 0.000000E+00,NULL,NULL,NULL,NULL,2, 9.414081E+01,0,data,8
47964,17755,940613,1247,94C2, 9.127400E+01,16,8,24,16,8,-6.420025E+00,-2.629725E+00, 5.729176E+00, 8.212536E+01, 8.192194E+01, 5.120121E+00,-9.836385E+00,-3.972336E+00, 7.937057E+00, 9.095644E+01, 7.972285E+01, 2.712113E+00, 1.634654E-01,10, 7.069449E-01,0, 0.000000E+00,0, 0.000000E+00,7, 8.667618E+00, 5.944547E-01, 1.769449E+00,NULL,NULL,1,data,8
47964,17756,940613,1247,94C2, 9.127400E+01,0,2,2,0,2, 0.000000E+00, 0.000000E+00, 0.000000E+00, 0.000000E+00, 0.000000E+00, 0.000000E+00,-3.990912E-02,-1.497686E-02,-1.467525E+00, 9.267246E+01, 0.000000E+00, 9.267246E+01, 0.000000E+00,NULL,NULL,NULL,NULL,0, 0.000000E+00,NULL,NULL,NULL,NULL,2, 9.267246E+01,0,data,8
47964,17761,940613,1248,94C2, 9.127400E+01,21,12,33,21,12, 1.537681E+01,-2.670928E+00,-1.077947E+01, 5.818214E+01, 5.789410E+01, 2.756862E+00, 2.079619E+00,-1.303475E-01,-2.557643E+00, 9.114983E+01, 5.527414E+01, 2.642021E+01, 9.277307E-01,8, 6.146454E+00,4, 0.000000E+00,0, 0.000000E+00,7, 2.899140E+01, 4.828033E-01, 1.843018E+01,NULL,NULL,1,data,8
47964,17765,940613,1251,94C2, 9.127400E+01,0,2,2,0,2, 0.000000E+00, 0.000000E+00, 0.000000E+00, 0.000000E+00, 0.000000E+00, 0.000000E+00,-2.270666E-02, 4.844427E-02, 9.449654E-01, 8.846040E+01, 0.000000E+00, 8.846040E+01, 0.000000E+00,NULL,NULL,NULL,NULL,0, 0.000000E+00,NULL,NULL,NULL,NULL,2, 8.846040E+01,0,data,8
47964,17770,940613,1255,94C2, 9.127400E+01,0,2,2,0,2, 0.000000E+00, 0.000000E+00, 0.000000E+00, 0.000000E+00, 0.000000E+00, 0.000000E+00, 1.628910E-01, 6.409955E-02, 2.036835E+00, 8.799640E+01, 0.000000E+00, 8.799640E+01, 0.000000E+00,NULL,NULL,NULL,NULL,0, 0.000000E+00,NULL,NULL,NULL,NULL,2, 8.799640E+01,0,data,8
47964,17772,940613,1255,94C2, 9.127400E+01,24,10,34,24,10, 3.010627E+00, 3.110030E+00,-4.150174E+00, 5.420301E+01, 5.377686E+01, 2.240702E+00, 2.632113E+00, 3.804169E+00,-3.691596E+00, 6.749408E+01, 5.240026E+01, 1.021821E+01, 2.426906E+00,5, 9.525020E-01,0, 0.000000E+00,0, 0.000000E+00,3, 4.063069E+00, 7.431552E-01, 2.246378E+00,NULL,NULL,1,data,8
47964,17774,940613,1255,94C2, 9.127400E+01,23,23,46,23,23,-9.458798E+00, 8.879806E+00,-4.362011E+00, 5.186148E+01, 5.157022E+01, 2.242183E+00,-2.037949E+01, 1.791151E+01,-7.732429E+00, 1.096424E+02, 4.804812E+01, 2.823187E+01, 2.199127E+01,19, 3.629769E-01,1, 1.056814E+00,0, 0.000000E+00,16, 3.588369E+01, 4.804699E-01, 1.031486E+01,NULL,NULL,1,data,8
47964,17781,940613,1259,94C2, 9.127400E+01,20,17,37,20,17, 6.393022E+00, 1.001108E+01, 9.965446E+00, 6.106162E+01, 6.086723E+01, 3.043361E+00, 1.201577E+01, 1.488628E+01, 1.558272E+01, 8.811294E+01, 5.871443E+01, 2.167921E+01, 1.007675E+00,19, 3.573149E+00,0, 0.000000E+00,0, 0.000000E+00,13, 2.188772E+01, 7.995046E-01, 3.580661E+00,NULL,NULL,1,data,8
47964,17784,940613,1259,94C2, 9.127400E+01,5,3,8,5,3, 1.263717E+00,-6.794237E-01,-8.100149E+00, 1.332617E+01, 1.329708E+01, 2.659416E+00, 9.054506E+00,-2.479689E+00,-4.357491E+01, 4.969308E+01, 0.000000E+00, 3.636691E+01, 0.000000E+00,0, 0.000000E+00,5, 4.904044E+01,0, 0.000000E+00,NULL,NULL,NULL,NULL,NULL,NULL,0,data,8
47964,17787,940613,1303,94C2, 9.127400E+01,2,0,2,2,0, 3.796888E+00, 3.687054E+00,-1.662543E+00, 9.603255E+01, 9.603214E+01, 4.801607E+01, 3.796888E+00, 3.687054E+00,-1.662543E+00, 9.603255E+01, 9.603238E+01, 0.000000E+00, 0.000000E+00,2, 2.307532E-01,0, 0.000000E+00,0, 0.000000E+00,NULL,NULL,NULL,NULL,NULL,NULL,0,data,8
47964,17790,940613,1303,94C2, 9.127400E+01,2,0,2,2,0,-1.803451E+01,-1.956671E+01,-1.086283E+01, 7.096748E+01, 7.096683E+01, 3.548341E+01,-1.803451E+01,-1.956671E+01,-1.086283E+01, 7.096748E+01, 0.000000E+00, 0.000000E+00, 0.000000E+00,1, 0.000000E+00,0, 0.000000E+00,0, 0.000000E+00,NULL,NULL,NULL,NULL,NULL,NULL,0,data,8
47964,17793,940613,1303,94C2, 9.127400E+01,0,8,8,0,8, 0.000000E+00, 0.000000E+00, 0.000000E+00, 0.000000E+00, 0.000000E+00, 0.000000E+00,-1.465590E-01, 2.729848E+00, 1.529243E+00, 2.889109E+01, 0.000000E+00, 2.889109E+01, 0.000000E+00,NULL,NULL,NULL,NULL,0, 0.000000E+00,NULL,NULL,NULL,NULL,NULL,NULL,0,data,8
47964,17796,940613,1306,94C2, 9.127400E+01,9,2,11,9,2,-2.937585E-01,-2.677806E-01, 2.888389E+00, 4.546331E+00, 4.233002E+00, 4.703336E-01, 1.861121E-01, 4.432723E-01, 4.378138E+00, 6.290536E+00, 2.333008E+00, 1.744204E+00, 0.000000E+00,0, 0.000000E+00,1, 0.000000E+00,0, 0.000000E+00,NULL,NULL,NULL,NULL,NULL,NULL,0,data,8
47964,17799,940613,1306,94C2, 9.127400E+01,0,4,4,0,4, 0.000000E+00, 0.000000E+00, 0.000000E+00, 0.000000E+00, 0.000000E+00, 0.000000E+00, 8.356900E-01, 1.553870E+00, 3.284575E+00, 9.498672E+01, 0.000000E+00, 9.498672E+01, 0.000000E+00,0, 0.000000E+00,3, 9.475429E+01,0, 0.000000E+00,NULL,NULL,NULL,NULL,NULL,NULL,0,data,8
47964,17802,940613,1309,94C2, 9.127400E+01,0,2,2,0,2, 0.000000E+00, 0.000000E+00, 0.000000E+00, 0.000000E+00, 0.000000E+00, 0.000000E+00, 5.719493E-02,-1.589339E-01, 3.007774E+00, 9.479102E+01, 0.000000E+00, 9.479102E+01, 0.000000E+00,NULL,NULL,NULL,NULL,0, 0.000000E+00,NULL,NULL,NULL,NULL,2, 9.479102E+01,0,data,8
47964,17806,940613,1309,94C2, 9.127400E+01,0,2,2,0,2, 0.000000E+00, 0.000000E+00, 0.000000E+00, 0.000000E+00, 0.000000E+00, 0.000000E+00, 1.501098E-01,-2.925253E-02, 3.760376E-01, 9.009358E+01, 0.000000E+00, 9.009358E+01, 0.000000E+00,NULL,NULL,NULL,NULL,0, 0.000000E+00,NULL,NULL,NULL,NULL,2, 9.009358E+01,0,data,8
47964,17807,940613,1310,94C2, 9.127400E+01,0,2,2,0,2, 0.000000E+00, 0.000000E+00, 0.000000E+00, 0.000000E+00, 0.000000E+00, 0.000000E+00, 1.292441E-01, 6.743073E-03,-6.959953E-01, 8.995856E+01, 0.000000E+00, 8.995856E+01, 0.000000E+00,NULL,NULL,NULL,NULL,0, 0.000000E+00,NULL,NULL,NULL,NULL,2, 8.995856E+01,0,data,8
47964,17808,940613,1310,94C2, 9.127400E+01,30,8,38,30,8, 1.188440E+01, 1.233837E+00,-2.570131E+01, 1.080937E+02, 1.077097E+02, 3.590323E+00, 1.195859E+01, 2.485680E+00,-2.973659E+01, 1.207387E+02, 3.123241E+01, 6.542064E+00, 6.103017E+00,0, 0.000000E+00,12, 7.414742E+00,0, 0.000000E+00,NULL,NULL,NULL,NULL,NULL,NULL,1,data,8
47964,17809,940613,1310,94C2, 9.127400E+01,25,10,35,25,10, 1.444234E+00,-2.931676E+00,-2.273101E-01, 6.411092E+01, 6.334100E+01, 2.533640E+00,-1.421918E+01, 8.294764E+00, 4.296335E+00, 8.715661E+01, 4.041996E+01, 1.577706E+01, 2.858245E+00,8, 8.569165E-02,0, 0.000000E+00,0, 0.000000E+00,7, 1.841286E+01, 4.973024E-01, 9.412460E+00,NULL,NULL,1,data,8
47964,17814,940613,1315,94C2, 9.127400E+01,22,13,35,22,13, 1.280420E+01, 1.171643E+01, 8.195913E+00, 5.378424E+01, 5.338860E+01, 2.426754E+00, 3.018822E+00, 1.593883E+00,-8.957930E-01, 9.625021E+01, 4.433965E+01, 3.732850E+01, 3.848438E+00,12, 2.719664E-01,0, 0.000000E+00,0, 0.000000E+00,8, 3.808377E+01, 3.574688E-01, 2.281949E+01,NULL,NULL,1,data,8
47964,17823,940613,1317,94C2, 9.127400E+01,0,1,1,0,1, 0.000000E+00, 0.000000E+00, 0.000000E+00, 0.000000E+00, 0.000000E+00, 0.000000E+00,-1.364026E-01, 2.321750E-03, 3.718289E+00, 3.720791E+00, 0.000000E+00, 3.720791E+00, 0.000000E+00,NULL,NULL,NULL,NULL,0, 0.000000E+00,NULL,NULL,NULL,NULL,1, 3.720791E+00,0,data,8
47964,17824,940613,1317,94C2, 9.127400E+01,29,14,43,29,14, 1.219506E+01, 1.804481E+01,-2.011793E+01, 5.370292E+01, 5.323978E+01, 1.835855E+00, 2.573013E+00, 2.474215E+00,-4.126768E+00, 9.453227E+01, 5.012025E+01, 3.661579E+01, 3.165302E+00,13, 7.178243E-02,2, 0.000000E+00,0, 0.000000E+00,8, 3.530320E+01, 3.866133E-01, 2.980297E+01,NULL,NULL,1,data,8
47964,17826,940613,1322,94C2, 9.127400E+01,0,29,29,0,29, 0.000000E+00, 0.000000E+00, 0.000000E+00, 0.000000E+00, 0.000000E+00, 0.000000E+00,-3.919997E+00,-2.788408E+00,-4.354625E+01, 4.860920E+01, 0.000000E+00, 4.860920E+01, 0.000000E+00,0, 0.000000E+00,28, 4.843718E+01,0, 0.000000E+00,NULL,NULL,NULL,NULL,NULL,NULL,0,data,8
47964,17829,940613,1322,94C2, 9.127400E+01,1,4,5,1,4,-7.056289E-01,-1.451406E-01, 1.831047E+00, 1.972610E+00, 1.967666E+00, 1.967666E+00,-1.141387E+00,-8.558144E-02, 1.096055E+01, 1.125041E+01, 1.972610E+00, 9.277802E+00, 0.000000E+00,0, 0.000000E+00,3, 3.536013E-01,0, 0.000000E+00,NULL,NULL,NULL,NULL,1, 0.000000E+00,0,data,8
47964,17831,940613,1322,94C2, 9.127400E+01,0,2,2,0,2, 0.000000E+00, 0.000000E+00, 0.000000E+00, 0.000000E+00, 0.000000E+00, 0.000000E+00,-1.605732E-01,-6.184912E-02, 1.392548E+00, 9.409349E+01, 0.000000E+00, 9.409349E+01, 0.000000E+00,NULL,NULL,NULL,NULL,0, 0.000000E+00,NULL,NULL,NULL,NULL,2, 9.409349E+01,0,data,8
47964,17833,940613,1323,94C2, 9.127400E+01,27,16,43,27,16,-1.010072E+02, 1.564899E+02,-1.089677E+01, 2.165102E+02, 2.159031E+02, 7.996410E+00,-9.682766E+01, 1.476748E+02,-1.066622E+01, 2.646582E+02, 3.205133E+01, 2.516712E+01, 2.246913E+01,10, 0.000000E+00,0, 0.000000E+00,0, 0.000000E+00,9, 2.373425E+01, 3.665975E-01, 9.533486E+00,NULL,NULL,1,data,8
47964,17834,940613,1323,94C2, 9.127400E+01,0,2,2,0,2, 0.000000E+00, 0.000000E+00, 0.000000E+00, 0.000000E+00, 0.000000E+00, 0.000000E+00, 5.842805E-02, 1.247282E-01, 1.723389E+00, 9.215598E+01, 0.000000E+00, 9.215598E+01, 0.000000E+00,NULL,NULL,NULL,NULL,0, 0.000000E+00,NULL,NULL,NULL,NULL,2, 9.215598E+01,0,data,8
47964,17836,940613,1323,94C2, 9.127400E+01,31,27,58,31,27, 1.472285E+00, 1.267550E+00, 3.497331E+00, 5.769560E+01, 5.699333E+01, 1.838494E+00, 2.155330E+00, 6.160689E+00, 8.698872E+00, 1.071034E+02, 4.848565E+01, 4.539218E+01, 1.338837E+00,23, 8.139849E+00,0, 0.000000E+00,0, 0.000000E+00,21, 3.537671E+01, 3.918349E-01, 7.635297E+00,NULL,NULL,1,data,8
47964,17841,940613,1325,94C2, 9.127400E+01,0,2,2,0,2, 0.000000E+00, 0.000000E+00, 0.000000E+00, 0.000000E+00, 0.000000E+00, 0.000000E+00, 4.230237E-02,-5.371857E-02,-3.549881E-01, 9.096215E+01, 0.000000E+00, 9.096215E+01, 0.000000E+00,NULL,NULL,NULL,NULL,0, 0.000000E+00,NULL,NULL,NULL,NULL,2, 9.096215E+01,0,data,8
47964,17844,940613,1325,94C2, 9.127400E+01,7,7,14,7,7,-3.120199E+00, 9.183412E-01,-8.092027E+00, 5.779526E+01, 5.775927E+01, 8.251325E+00,-2.040160E+00, 8.623511E-01,-4.978933E+00, 6.463494E+01, 0.000000E+00, 6.839683E+00, 0.000000E+00,0, 0.000000E+00,10, 6.246354E+01,0, 0.000000E+00,NULL,NULL,NULL,NULL,NULL,NULL,0,data,8
47964,17847,940613,1327,94C2, 9.127400E+01,0,2,2,0,2, 0.000000E+00, 0.000000E+00, 0.000000E+00, 0.000000E+00, 0.000000E+00, 0.000000E+00,-1.938641E-02, 1.774424E-02,-1.172932E+01, 8.394630E+01, 0.000000E+00, 8.394630E+01, 0.000000E+00,NULL,NULL,NULL,NULL,0, 0.000000E+00,NULL,NULL,NULL,NULL,2, 8.394630E+01,0,data,8
47964,17849,940613,1327,94C2, 9.127400E+01,38,11,49,38,11,-8.106414E+00, 2.588159E-01,-1.085132E+01, 6.427431E+01, 6.361180E+01, 1.673995E+00,-7.628579E+00,-1.349488E-01,-9.547557E+00, 7.463542E+01, 5.857110E+01, 9.644496E+00, 1.717408E-01,8, 1.837292E-01,10, 2.821992E-01,0, 0.000000E+00,6, 6.413367E+00, 5.448631E-01, 2.268571E+00,NULL,NULL,1,data,8
47964,17850,940613,1331,94C2, 9.127400E+01,0,2,2,0,2, 0.000000E+00, 0.000000E+00, 0.000000E+00, 0.000000E+00, 0.000000E+00, 0.000000E+00, 6.121218E-02,-7.714748E-02,-1.584759E+00, 9.217171E+01, 0.000000E+00, 9.217171E+01, 0.000000E+00,NULL,NULL,NULL,NULL,0, 0.000000E+00,NULL,NULL,NULL,NULL,2, 9.217171E+01,0,data,8
47964,17859,940613,1331,94C2, 9.127400E+01,0,6,6,0,6, 0.000000E+00, 0.000000E+00, 0.000000E+00, 0.000000E+00, 0.000000E+00, 0.000000E+00,-3.494069E+00,-2.023749E+00, 1.933020E+01, 1.006596E+02, 0.000000E+00, 1.006596E+02, 0.000000E+00,0, 0.000000E+00,5, 7.485162E+01,0, 0.000000E+00,NULL,NULL,NULL,NULL,1, 1.077586E+00,0,data,8
47964,17860,940613,1331,94C2, 9.127400E+01,51,21,72,51,21,-1.224466E+00, 9.765242E-01,-3.967931E+00, 6.416609E+01, 6.309361E+01, 1.237130E+00, 1.348397E+00,-3.637558E+00, 3.069349E+00, 1.067731E+02, 4.317759E+01, 1.461575E+01, 2.356124E+01,16, 9.035856E-02,3, 3.252718E-01,0, 0.000000E+00,13, 1.909104E+01, 5.221949E-01, 3.002863E+00,NULL,NULL,1,data,8
47964,17862,940613,1334,94C2, 9.127400E+01,0,2,2,0,2, 0.000000E+00, 0.000000E+00, 0.000000E+00, 0.000000E+00, 0.000000E+00, 0.000000E+00,-3.916354E-01,-3.571930E-01, 3.630371E+00, 8.946014E+01, 0.000000E+00, 8.946014E+01, 0.000000E+00,NULL,NULL,NULL,NULL,0, 0.000000E+00,NULL,NULL,NULL,NULL,2, 8.946014E+01,0,data,8
47964,17863,940613,1334,94C2, 9.127400E+01,0,2,2,0,2, 0.000000E+00, 0.000000E+00, 0.000000E+00, 0.000000E+00, 0.000000E+00, 0.000000E+00,-1.526546E-02,-9.541583E-02,-2.144527E+00, 8.983003E+01, 0.000000E+00, 8.983003E+01, 0.000000E+00,NULL,NULL,NULL,NULL,0, 0.000000E+00,NULL,NULL,NULL,NULL,2, 8.983003E+01,0,data,8
47964,17866,940613,1334,94C2, 9.127400E+01,24,26,50,24,26,-5.961339E+00,-3.829528E+00,-4.569446E+00, 4.179279E+01, 4.138606E+01, 1.724419E+00, 5.109354E+00, 3.374476E+00, 5.682760E+00, 8.985880E+01, 4.048406E+01, 3.486722E+01, 5.647869E+00,24, 1.098216E+01,0, 0.000000E+00,0, 0.000000E+00,20, 4.082860E+01, 7.400975E-01, 6.707221E+00,NULL,NULL,1,data,8
47964,17867,940613,1340,94C2, 9.127400E+01,0,2,2,0,2, 0.000000E+00, 0.000000E+00, 0.000000E+00, 0.000000E+00, 0.000000E+00, 0.000000E+00,-3.349280E-02,-5.889186E-02, 1.386040E+00, 9.221718E+01, 0.000000E+00, 9.221718E+01, 0.000000E+00,NULL,NULL,NULL,NULL,0, 0.000000E+00,NULL,NULL,NULL,NULL,2, 9.221718E+01,0,data,8
47964,17875,940613,1343,94C2, 9.127400E+01,0,2,2,0,2, 0.000000E+00, 0.000000E+00, 0.000000E+00, 0.000000E+00, 0.000000E+00, 0.000000E+00,-1.103337E-01, 9.405145E-02,-1.738255E+00, 9.103821E+01, 0.000000E+00, 9.103821E+01, 0.000000E+00,NULL,NULL,NULL,NULL,0, 0.000000E+00,NULL,NULL,NULL,NULL,2, 9.103821E+01,0,data,8
47964,17879,940613,1343,94C2, 9.127400E+01,0,2,2,0,2, 0.000000E+00, 0.000000E+00, 0.000000E+00, 0.000000E+00, 0.000000E+00, 0.000000E+00, 5.938935E-02,-9.631193E-02, 5.927773E-01, 8.770395E+01, 0.000000E+00, 8.770395E+01, 0.000000E+00,NULL,NULL,NULL,NULL,0, 0.000000E+00,NULL,NULL,NULL,NULL,2, 8.770395E+01,0,data,8
47964,17882,940613,1344,94C2, 9.127400E+01,39,20,59,39,20, 2.293760E+00,-3.718509E-01, 1.859171E+01, 4.992715E+01, 4.895477E+01, 1.255250E+00, 1.336998E+00,-2.076605E+00, 1.499193E+01, 7.579485E+01, 9.500788E+00, 2.415170E+01, 1.715997E+00,2, 1.155218E-01,19, 3.626669E+00,0, 0.000000E+00,1, 2.985705E-01, 2.985705E-01, 2.985705E-01,3, 0.000000E+00,0,data,8
47964,17884,940613,1344,94C2, 9.127400E+01,7,4,11,7,4, 1.265720E+01, 2.246246E+01,-1.542633E+00, 7.943397E+01, 7.914972E+01, 1.130710E+01, 1.196138E+01, 2.127781E+01,-1.168696E+00, 8.307320E+01, 5.221348E+01, 2.399776E+00, 4.120365E-01,5, 2.047149E+00,0, 0.000000E+00,0, 0.000000E+00,3, 3.227193E+00, 8.274172E-01, 1.477323E+00,NULL,NULL,0,data,8
47964,17885,940613,1348,94C2, 9.127400E+01,2,5,7,2,5, 3.481663E-01,-1.409087E-01, 9.162493E-01, 8.313100E+00, 8.308350E+00, 4.154175E+00,-3.542123E+00, 5.535708E+00,-3.175880E+01, 4.899031E+01, 0.000000E+00, 4.067721E+01, 0.000000E+00,0, 0.000000E+00,6, 4.366625E+01,0, 0.000000E+00,NULL,NULL,NULL,NULL,1, 0.000000E+00,0,data,8
47964,17889,940613,1348,94C2, 9.127400E+01,0,2,2,0,2, 0.000000E+00, 0.000000E+00, 0.000000E+00, 0.000000E+00, 0.000000E+00, 0.000000E+00, 4.553986E-02,-3.633952E-02, 1.719345E+00, 8.993771E+01, 0.000000E+00, 8.993771E+01, 0.000000E+00,NULL,NULL,NULL,NULL,0, 0.000000E+00,NULL,NULL,NULL,NULL,2, 8.993771E+01,0,data,8
47964,17891,940613,1348,94C2, 9.127400E+01,0,2,2,0,2, 0.000000E+00, 0.000000E+00, 0.000000E+00, 0.000000E+00, 0.000000E+00, 0.000000E+00,-1.939555E-01, 1.682491E-01, 2.323719E+00, 9.066939E+01, 0.000000E+00, 9.066939E+01, 0.000000E+00,NULL,NULL,NULL,NULL,0, 0.000000E+00,NULL,NULL,NULL,NULL,2, 9.066939E+01,0,data,8
47964,17896,940613,1349,94C2, 9.127400E+01,0,2,2,0,2, 0.000000E+00, 0.000000E+00, 0.000000E+00, 0.000000E+00, 0.000000E+00, 0.000000E+00, 2.741394E-01, 1.112443E-01, 3.411839E+00, 9.282849E+01, 0.000000E+00, 9.282849E+01, 0.000000E+00,NULL,NULL,NULL,NULL,0, 0.000000E+00,NULL,NULL,NULL,NULL,2, 9.282849E+01,0,data,8
47964,17899,940613,1349,94C2, 9.127400E+01,21,14,35,21,14, 1.089674E+01, 6.751048E+00,-9.886735E+00, 8.502660E+01, 8.491484E+01, 4.043564E+00, 7.397370E+00, 4.732924E+00,-7.500476E+00, 1.123972E+02, 6.077869E+01, 2.467211E+01, 1.781037E+00,14, 1.915906E+00,0, 0.000000E+00,0, 0.000000E+00,12, 2.558957E+01, 3.684846E-01, 6.791186E+00,NULL,NULL,1,data,8
47964,17900,940613,1354,94C2, 9.127400E+01,0,2,2,0,2, 0.000000E+00, 0.000000E+00, 0.000000E+00, 0.000000E+00, 0.000000E+00, 0.000000E+00, 7.378244E-02,-1.363044E-01,-1.790302E+00, 9.435278E+01, 0.000000E+00, 9.435278E+01, 0.000000E+00,NULL,NULL,NULL,NULL,0, 0.000000E+00,NULL,NULL,NULL,NULL,2, 9.435278E+01,0,data,8
47964,17901,940613,1354,94C2, 9.127400E+01,0,2,2,0,2, 0.000000E+00, 0.000000E+00, 0.000000E+00, 0.000000E+00, 0.000000E+00, 0.000000E+00,-3.982258E-02,-1.009686E-01, 5.654526E-01, 9.159457E+01, 0.000000E+00, 9.159457E+01, 0.000000E+00,NULL,NULL,NULL,NULL,0, 0.000000E+00,NULL,NULL,NULL,NULL,2, 9.159457E+01,0,data,8
47964,17903,940613,1354,94C2, 9.127400E+01,0,2,2,0,2, 0.000000E+00, 0.000000E+00, 0.000000E+00, 0.000000E+00, 0.000000E+00, 0.000000E+00,-7.056522E-02, 1.620133E-01, 3.760323E+00, 9.111002E+01, 0.000000E+00, 9.111002E+01, 0.000000E+00,NULL,NULL,NULL,NULL,0, 0.000000E+00,NULL,NULL,NULL,NULL,2, 9.111002E+01,0,data,8
47964,17904,940613,1354,94C2, 9.127400E+01,0,2,2,0,2, 0.000000E+00, 0.000000E+00, 0.000000E+00, 0.000000E+00, 0.000000E+00, 0.000000E+00,-1.024075E-01, 8.210096E-02,-2.072296E+00, 9.193169E+01, 0.000000E+00, 9.193169E+01, 0.000000E+00,NULL,NULL,NULL,NULL,0, 0.000000E+00,NULL,NULL,NULL,NULL,2, 9.193169E+01,0,data,8
47964,17906,940613,1354,94C2, 9.127400E+01,0,2,2,0,2, 0.000000E+00, 0.000000E+00, 0.000000E+00, 0.000000E+00, 0.000000E+00, 0.000000E+00, 4.865289E-02, 8.124089E-02, 1.307369E+00, 9.412440E+01, 0.000000E+00, 9.412440E+01, 0.000000E+00,NULL,NULL,NULL,NULL,0, 0.000000E+00,NULL,NULL,NULL,NULL,2, 9.412440E+01,0,data,8
47964,17907,940613,1354,94C2, 9.127400E+01,0,2,2,0,2, 0.000000E+00, 0.000000E+00, 0.000000E+00, 0.000000E+00, 0.000000E+00, 0.000000E+00, 8.407611E-02, 3.006244E-02,-2.682724E-01, 9.314238E+01, 0.000000E+00, 9.314238E+01, 0.000000E+00,NULL,NULL,NULL,NULL,0, 0.000000E+00,NULL,NULL,NULL,NULL,2, 9.314238E+01,0,data,8
47964,17909,940613,1354,94C2, 9.127400E+01,2,2,4,2,2, 3.183704E+00, 1.786892E+00,-5.085993E+00, 8.190564E+01, 8.190517E+01, 4.095258E+01, 7.219884E-01, 5.049365E-01,-2.006582E+00, 8.641756E+01, 8.190517E+01, 4.308147E+00, 2.037728E-01,3, 7.917515E+01,0, 0.000000E+00,0, 0.000000E+00,1, 4.308147E+00, 4.308147E+00, 4.308147E+00,NULL,NULL,0,data,8
47964,17911,940613,1357,94C2, 9.127400E+01,2,2,4,2,2,-2.128273E+00, 9.995270E-02,-4.626255E-01, 8.950867E+01, 8.950822E+01, 4.475411E+01,-1.594763E+00,-1.276779E-01,-4.021472E-01, 9.083533E+01, 8.950848E+01, 4.974607E-01, 0.000000E+00,2, 0.000000E+00,0, 0.000000E+00,0, 0.000000E+00,2, 1.326668E+00, 4.974607E-01, 8.292070E-01,NULL,NULL,0,data,8
47964,17913,940613,1357,94C2, 9.127400E+01,0,2,2,0,2, 0.000000E+00, 0.000000E+00, 0.000000E+00, 0.000000E+00, 0.000000E+00, 0.000000E+00, 9.270251E-02, 2.410417E-01,-1.824028E+00, 9.352042E+01, 0.000000E+00, 9.352042E+01, 0.000000E+00,NULL,NULL,NULL,NULL,0, 0.000000E+00,NULL,NULL,NULL,NULL,2, 9.352042E+01,0,data,8
47964,17915,940613,1357,94C2, 9.127400E+01,26,14,40,26,14, 1.661657E+00, 3.195251E+01, 1.024536E-01, 5.562718E+01, 5.494271E+01, 2.113181E+00, 1.001612E+00, 3.408345E+01,-1.470482E+00, 1.098066E+02, 1.412883E+01, 2.278875E+01, 2.089451E+01,13, 3.046396E+00,0, 0.000000E+00,0, 0.000000E+00,8, 2.957440E+01, 3.804141E-01, 1.176131E+01,NULL,NULL,1,data,8
47964,17917,940613,1358,94C2, 9.127400E+01,6,2,8,6,2, 1.880944E-01, 1.867163E-01, 1.153152E-01, 2.472269E+00, 2.233349E+00, 3.722248E-01,-4.700137E-01,-7.480359E-02, 5.723351E-01, 3.696026E+00, 1.530901E+00, 8.175145E-01, 4.062425E-01,2, 4.009212E-02,0, 0.000000E+00,0, 0.000000E+00,1, 8.175145E-01, 8.175145E-01, 8.175145E-01,NULL,NULL,0,data,8
47964,17918,940613,1358,94C2, 9.127400E+01,34,16,50,34,16, 6.458004E+01,-3.902886E+01,-1.741279E+02, 2.398983E+02, 2.391643E+02, 7.034245E+00, 6.720101E+01,-4.145855E+01,-1.792915E+02, 2.534973E+02, 4.559871E+01, 1.112273E+01, 2.476305E+00,1, 0.000000E+00,14, 8.629924E+00,0, 0.000000E+00,NULL,NULL,NULL,NULL,NULL,NULL,1,data,8
47964,17923,940613,1401,94C2, 9.127400E+01,0,2,2,0,2, 0.000000E+00, 0.000000E+00, 0.000000E+00, 0.000000E+00, 0.000000E+00, 0.000000E+00, 1.551235E-02, 1.387570E-01, 1.607449E+00, 9.423110E+01, 0.000000E+00, 9.423110E+01, 0.000000E+00,NULL,NULL,NULL,NULL,0, 0.000000E+00,NULL,NULL,NULL,NULL,2, 9.423110E+01,0,data,8
47964,17925,940613,1401,94C2, 9.127400E+01,24,16,40,24,16,-8.918594E+00, 4.653411E-01, 5.473186E+00, 6.504508E+01, 6.450845E+01, 2.687852E+00,-5.064270E+00,-1.757644E+00, 4.007047E+00, 9.637295E+01, 6.308179E+01, 2.173100E+01, 4.655699E+00,14, 1.886130E+01,0, 0.000000E+00,0, 0.000000E+00,9, 2.176850E+01, 3.239667E-01, 7.652867E+00,NULL,NULL,1,data,8
47964,17926,940613,1405,94C2, 9.127400E+01,0,2,2,0,2, 0.000000E+00, 0.000000E+00, 0.000000E+00, 0.000000E+00, 0.000000E+00, 0.000000E+00,-4.623699E-02,-2.000749E-02,-1.277439E+00, 8.946840E+01, 0.000000E+00, 8.946840E+01, 0.000000E+00,NULL,NULL,NULL,NULL,0, 0.000000E+00,NULL,NULL,NULL,NULL,2, 8.946840E+01,0,data,8
47964,17927,940613,1405,94C2, 9.127400E+01,0,2,2,0,2, 0.000000E+00, 0.000000E+00, 0.000000E+00, 0.000000E+00, 0.000000E+00, 0.000000E+00,-2.742243E-02, 1.956237E-01, 5.411911E-02, 8.923579E+01, 0.000000E+00, 8.923579E+01, 0.000000E+00,NULL,NULL,NULL,NULL,0, 0.000000E+00,NULL,NULL,NULL,NULL,2, 8.923579E+01,0,data,8
47964,17928,940613,1405,94C2, 9.127400E+01,2,0,2,2,0, 4.264782E+00, 3.296367E+00, 6.583349E+00, 7.324332E+01, 7.324277E+01, 3.662139E+01, 4.264782E+00, 3.296367E+00, 6.583349E+00, 7.324332E+01, 7.324332E+01, 0.000000E+00, 0.000000E+00,NULL,NULL,NULL,NULL,0, 0.000000E+00,NULL,NULL,NULL,NULL,NULL,NULL,0,data,8
47964,17930,940613,1405,94C2, 9.127400E+01,30,16,46,30,16, 6.130749E+02, 6.031417E+02, 2.069872E+03, 2.315958E+03, 2.315533E+03, 7.718445E+01, 6.146224E+02, 5.994841E+02, 2.065410E+03, 2.340103E+03, 6.788884E+01, 2.124098E+01, 2.903894E+00,10, 4.095363E-01,7, 4.375911E-01,0, 0.000000E+00,6, 1.452202E+01, 7.494045E-01, 6.829835E+00,NULL,NULL,1,data,8
47964,17933,940613,1408,94C2, 9.127400E+01,0,2,2,0,2, 0.000000E+00, 0.000000E+00, 0.000000E+00, 0.000000E+00, 0.000000E+00, 0.000000E+00, 6.162119E-02,-2.117290E-01,-2.079762E+00, 9.313867E+01, 0.000000E+00, 9.313867E+01, 0.000000E+00,NULL,NULL,NULL,NULL,0, 0.000000E+00,NULL,NULL,NULL,NULL,2, 9.313867E+01,0,data,8
47964,17940,940613,1411,94C2, 9.127400E+01,0,2,2,0,2, 0.000000E+00, 0.000000E+00, 0.000000E+00, 0.000000E+00, 0.000000E+00, 0.000000E+00, 5.133224E-02,-4.819679E-02,-1.298924E+01, 7.719479E+01, 0.000000E+00, 7.719479E+01, 0.000000E+00,NULL,NULL,NULL,NULL,0, 0.000000E+00,NULL,NULL,NULL,NULL,2, 7.719479E+01,0,data,8
47964,17941,940613,1411,94C2, 9.127400E+01,0,2,2,0,2, 0.000000E+00, 0.000000E+00, 0.000000E+00, 0.000000E+00, 0.000000E+00, 0.000000E+00, 5.567813E-02, 2.857900E-02,-3.767109E+00, 8.620807E+01, 0.000000E+00, 8.620807E+01, 0.000000E+00,NULL,NULL,NULL,NULL,0, 0.000000E+00,NULL,NULL,NULL,NULL,2, 8.620807E+01,0,data,8
47964,17949,940613,1412,94C2, 9.127400E+01,23,11,34,23,11,-3.119209E+00, 2.859263E-01, 2.529859E+00, 6.946582E+01, 6.903295E+01, 3.001433E+00,-6.276484E+00,-1.508055E+00, 3.261639E+00, 8.171906E+01, 5.767348E+01, 7.704127E+00, 2.737062E+00,5, 0.000000E+00,3, 0.000000E+00,0, 0.000000E+00,4, 3.054774E+00, 5.769364E-01, 1.083542E+00,NULL,NULL,1,data,8
47964,17952,940613,1416,94C2, 9.127400E+01,2,1,3,2,1, 3.483319E-02, 4.355647E-03,-7.028380E-01, 2.569272E+00, 2.553420E+00, 1.276710E+00, 1.097311E+00,-1.702529E+00, 1.199985E+00, 5.337494E+00, 2.562519E+00, 0.000000E+00, 2.768222E+00,0, 0.000000E+00,1, 0.000000E+00,0, 0.000000E+00,NULL,NULL,NULL,NULL,NULL,NULL,0,data,8
47964,17953,940613,1416,94C2, 9.127400E+01,0,2,2,0,2, 0.000000E+00, 0.000000E+00, 0.000000E+00, 0.000000E+00, 0.000000E+00, 0.000000E+00, 6.371522E-02, 3.856206E-02, 1.051197E+00, 9.548058E+01, 0.000000E+00, 9.548058E+01, 0.000000E+00,NULL,NULL,NULL,NULL,0, 0.000000E+00,NULL,NULL,NULL,NULL,2, 9.548058E+01,0,data,8
47964,17954,940613,1416,94C2, 9.127400E+01,0,2,2,0,2, 0.000000E+00, 0.000000E+00, 0.000000E+00, 0.000000E+00, 0.000000E+00, 0.000000E+00, 1.900959E-02, 1.189561E-01, 1.954842E-01, 9.237281E+01, 0.000000E+00, 9.237281E+01, 0.000000E+00,NULL,NULL,NULL,NULL,0, 0.000000E+00,NULL,NULL,NULL,NULL,2, 9.237281E+01,0,data,8
47964,17956,940613,1416,94C2, 9.127400E+01,0,2,2,0,2, 0.000000E+00, 0.000000E+00, 0.000000E+00, 0.000000E+00, 0.000000E+00, 0.000000E+00, 9.989762E-02, 6.759775E-02, 1.060738E+00, 9.114719E+01, 0.000000E+00, 9.114719E+01, 0.000000E+00,NULL,NULL,NULL,NULL,0, 0.000000E+00,NULL,NULL,NULL,NULL,2, 9.114719E+01,0,data,8
47964,17958,940613,1416,94C2, 9.127400E+01,0,2,2,0,2, 0.000000E+00, 0.000000E+00, 0.000000E+00, 0.000000E+00, 0.000000E+00, 0.000000E+00, 2.445322E-02, 1.211829E-01,-3.464775E-01, 9.193597E+01, 0.000000E+00, 9.193597E+01, 0.000000E+00,NULL,NULL,NULL,NULL,0, 0.000000E+00,NULL,NULL,NULL,NULL,2, 9.193597E+01,0,data,8
47964,17959,940613,1416,94C2, 9.127400E+01,0,2,2,0,2, 0.000000E+00, 0.000000E+00, 0.000000E+00, 0.000000E+00, 0.000000E+00, 0.000000E+00,-3.146005E-02, 1.263516E-01,-8.279457E-01, 9.071934E+01, 0.000000E+00, 9.071934E+01, 0.000000E+00,NULL,NULL,NULL,NULL,0, 0.000000E+00,NULL,NULL,NULL,NULL,2, 9.071934E+01,0,data,8
47964,17960,940613,1416,94C2, 9.127400E+01,0,2,2,0,2, 0.000000E+00, 0.000000E+00, 0.000000E+00, 0.000000E+00, 0.000000E+00, 0.000000E+00, 3.219552E-01,-7.355094E-03, 2.839005E+00, 9.258719E+01, 0.000000E+00, 9.258719E+01, 0.000000E+00,NULL,NULL,NULL,NULL,0, 0.000000E+00,NULL,NULL,NULL,NULL,2, 9.258719E+01,0,data,8
47964,17961,940613,1416,94C2, 9.127400E+01,0,2,2,0,2, 0.000000E+00, 0.000000E+00, 0.000000E+00, 0.000000E+00, 0.000000E+00, 0.000000E+00, 1.889293E-01,-7.760477E-02,-1.717243E+00, 9.397513E+01, 0.000000E+00, 9.397513E+01, 0.000000E+00,NULL,NULL,NULL,NULL,0, 0.000000E+00,NULL,NULL,NULL,NULL,2, 9.397513E+01,0,data,8
47964,17963,940613,1420,94C2, 9.127400E+01,0,2,2,0,2, 0.000000E+00, 0.000000E+00, 0.000000E+00, 0.000000E+00, 0.000000E+00, 0.000000E+00, 7.797968E-02,-1.165249E-01,-2.147427E+00, 9.525787E+01, 0.000000E+00, 9.525787E+01, 0.000000E+00,NULL,NULL,NULL,NULL,0, 0.000000E+00,NULL,NULL,NULL,NULL,2, 9.525787E+01,0,data,8
47964,17965,940613,1420,94C2, 9.127400E+01,0,3,3,0,3, 0.000000E+00, 0.000000E+00, 0.000000E+00, 0.000000E+00, 0.000000E+00, 0.000000E+00, 1.710696E-01,-6.531062E-01,-5.125126E+00, 9.778774E+01, 0.000000E+00, 9.778774E+01, 0.000000E+00,NULL,NULL,NULL,NULL,0, 0.000000E+00,NULL,NULL,NULL,NULL,3, 9.778774E+01,0,data,8
47964,17966,940613,1420,94C2, 9.127400E+01,1,7,8,1,7,-8.631426E-01,-4.114804E-01, 4.206054E+00, 4.315635E+00, 4.313377E+00, 4.313377E+00, 6.168300E+00, 5.818527E+00,-4.457893E+01, 6.091813E+01, 0.000000E+00, 5.660250E+01, 0.000000E+00,0, 0.000000E+00,4, 4.301785E+01,0, 0.000000E+00,NULL,NULL,NULL,NULL,2, 6.592937E-01,0,data,8
47964,17967,940613,1420,94C2, 9.127400E+01,0,2,2,0,2, 0.000000E+00, 0.000000E+00, 0.000000E+00, 0.000000E+00, 0.000000E+00, 0.000000E+00, 3.258371E-02,-5.702317E-03,-1.183472E-01, 9.149316E+01, 0.000000E+00, 9.149316E+01, 0.000000E+00,NULL,NULL,NULL,NULL,0, 0.000000E+00,NULL,NULL,NULL,NULL,2, 9.149316E+01,0,data,8
47964,17968,940613,1420,94C2, 9.127400E+01,0,2,2,0,2, 0.000000E+00, 0.000000E+00, 0.000000E+00, 0.000000E+00, 0.000000E+00, 0.000000E+00,-8.380973E-02, 1.723987E-01, 2.814667E+00, 9.050266E+01, 0.000000E+00, 9.050266E+01, 0.000000E+00,NULL,NULL,NULL,NULL,0, 0.000000E+00,NULL,NULL,NULL,NULL,2, 9.050266E+01,0,data,8
47964,17970,940613,1420,94C2, 9.127400E+01,36,15,51,36,15, 2.313266E+00,-4.500032E+00, 1.147120E+01, 4.594979E+01, 4.502394E+01, 1.250665E+00, 2.527830E-01,-5.851155E+00, 9.253165E+00, 6.033500E+01, 2.893465E+01, 1.042257E+01, 7.561569E-01,6, 5.276565E-02,14, 2.389976E-01,0, 0.000000E+00,3, 5.821680E+00, 5.379519E-01, 3.206477E+00,NULL,NULL,1,data,8
47964,17972,940613,1425,94C2, 9.127400E+01,0,2,2,0,2, 0.000000E+00, 0.000000E+00, 0.000000E+00, 0.000000E+00, 0.000000E+00, 0.000000E+00, 3.396144E-01,-7.646084E-02,-2.294430E+00, 9.657706E+01, 0.000000E+00, 9.657706E+01, 0.000000E+00,NULL,NULL,NULL,NULL,0, 0.000000E+00,NULL,NULL,NULL,NULL,2, 9.657706E+01,0,data,8
47964,17974,940613,1425,94C2, 9.127400E+01,0,2,2,0,2, 0.000000E+00, 0.000000E+00, 0.000000E+00, 0.000000E+00, 0.000000E+00, 0.000000E+00, 6.791997E-02, 8.368987E-02,-6.323204E-01, 9.448978E+01, 0.000000E+00, 9.448978E+01, 0.000000E+00,NULL,NULL,NULL,NULL,0, 0.000000E+00,NULL,NULL,NULL,NULL,2, 9.448978E+01,0,data,8
47964,17975,940613,1425,94C2, 9.127400E+01,0,2,2,0,2, 0.000000E+00, 0.000000E+00, 0.000000E+00, 0.000000E+00, 0.000000E+00, 0.000000E+00, 3.229938E-01,-9.795290E-02,-3.123898E+00, 9.319505E+01, 0.000000E+00, 9.319505E+01, 0.000000E+00,NULL,NULL,NULL,NULL,0, 0.000000E+00,NULL,NULL,NULL,NULL,2, 9.319505E+01,0,data,8
47964,17978,940613,1425,94C2, 9.127400E+01,2,0,2,2,0, 2.366803E-01,-1.494464E+00, 6.324921E-01, 3.289734E+01, 3.289615E+01, 1.644808E+01, 2.366803E-01,-1.494464E+00, 6.324921E-01, 3.289734E+01, 1.562853E+01, 0.000000E+00, 0.000000E+00,1, 4.492385E-02,0, 0.000000E+00,0, 0.000000E+00,NULL,NULL,NULL,NULL,NULL,NULL,0,data,8
47964,17979,940613,1425,94C2, 9.127400E+01,0,2,2,0,2, 0.000000E+00, 0.000000E+00, 0.000000E+00, 0.000000E+00, 0.000000E+00, 0.000000E+00, 2.453351E-02, 9.555650E-02,-6.900291E-01, 9.188190E+01, 0.000000E+00, 9.188190E+01, 0.000000E+00,NULL,NULL,NULL,NULL,0, 0.000000E+00,NULL,NULL,NULL,NULL,2, 9.188190E+01,0,data,8
47964,17981,940613,1427,94C2, 9.127400E+01,8,1,9,8,1,-1.816538E-02, 7.121153E-01, 4.416246E+00, 6.401962E+00, 6.265231E+00, 7.831538E-01, 8.320146E-01, 6.019554E-01, 2.212729E+01, 2.413374E+01, 0.000000E+00, 1.773178E+01, 0.000000E+00,1, 0.000000E+00,0, 0.000000E+00,0, 0.000000E+00,NULL,NULL,NULL,NULL,1, 0.000000E+00,0,data,8
47964,17983,940613,1427,94C2, 9.127400E+01,0,2,2,0,2, 0.000000E+00, 0.000000E+00, 0.000000E+00, 0.000000E+00, 0.000000E+00, 0.000000E+00, 1.236842E-01,-4.352307E-02,-8.684391E+00, 8.584848E+01, 0.000000E+00, 8.584848E+01, 0.000000E+00,NULL,NULL,NULL,NULL,0, 0.000000E+00,NULL,NULL,NULL,NULL,2, 8.584848E+01,0,data,8
47964,17984,940613,1427,94C2, 9.127400E+01,6,3,9,6,3,-1.245059E-01,-8.417355E-01, 1.759247E+00, 3.913455E+00, 3.744826E+00, 6.241377E-01, 2.956648E-01,-3.994507E-01, 3.780544E+00, 7.258072E+00, 2.199356E+00, 3.344617E+00, 0.000000E+00,1, 0.000000E+00,1, 0.000000E+00,0, 0.000000E+00,1, 9.640734E-01, 9.640734E-01, 9.640734E-01,1, 0.000000E+00,0,data,8
47964,17985,940613,1427,94C2, 9.127400E+01,0,2,2,0,2, 0.000000E+00, 0.000000E+00, 0.000000E+00, 0.000000E+00, 0.000000E+00, 0.000000E+00, 1.658700E-01, 1.249597E-01, 2.968056E+00, 9.256380E+01, 0.000000E+00, 9.256380E+01, 0.000000E+00,NULL,NULL,NULL,NULL,0, 0.000000E+00,NULL,NULL,NULL,NULL,2, 9.256380E+01,0,data,8
47964,17990,940613,1429,94C2, 9.127400E+01,0,2,2,0,2, 0.000000E+00, 0.000000E+00, 0.000000E+00, 0.000000E+00, 0.000000E+00, 0.000000E+00, 1.340506E-01, 1.205607E-01, 4.143661E+00, 8.948209E+01, 0.000000E+00, 8.948209E+01, 0.000000E+00,NULL,NULL,NULL,NULL,0, 0.000000E+00,NULL,NULL,NULL,NULL,2, 8.948209E+01,0,data,8
47964,17991,940613,1429,94C2, 9.127400E+01,44,20,64,44,20,-6.269430E+00,-1.654911E+00,-2.060998E+00, 5.787335E+01, 5.671450E+01, 1.288966E+00,-1.680552E+00,-9.599477E+00,-7.282877E+00, 9.363966E+01, 4.946979E+01, 2.919691E+01, 5.207314E+00,15, 2.430631E-01,0, 0.000000E+00,0, 0.000000E+00,13, 2.998037E+01, 1.127574E+00, 4.872426E+00,NULL,NULL,1,data,8
47964,17994,940613,1432,94C2, 9.127400E+01,0,2,2,0,2, 0.000000E+00, 0.000000E+00, 0.000000E+00, 0.000000E+00, 0.000000E+00, 0.000000E+00, 2.181649E-01, 1.737833E-03, 1.525986E+00, 9.221565E+01, 0.000000E+00, 9.221565E+01, 0.000000E+00,NULL,NULL,NULL,NULL,0, 0.000000E+00,NULL,NULL,NULL,NULL,2, 9.221565E+01,0,data,8
47964,17997,940613,1432,94C2, 9.127400E+01,0,2,2,0,2, 0.000000E+00, 0.000000E+00, 0.000000E+00, 0.000000E+00, 0.000000E+00, 0.000000E+00, 3.103348E-01,-3.131735E-02, 5.798855E+00, 8.977361E+01, 0.000000E+00, 8.977361E+01, 0.000000E+00,NULL,NULL,NULL,NULL,0, 0.000000E+00,NULL,NULL,NULL,NULL,2, 8.977361E+01,0,data,8
47964,17999,940613,1438,94C2, 9.127400E+01,2,4,6,2,4,-1.022434E+00,-2.144480E+00, 1.512281E+00, 5.661522E+01, 5.661453E+01, 2.830727E+01,-2.957658E+00,-4.772652E+00, 4.156941E+00, 6.082173E+01, 5.661507E+01, 2.890987E+00, 0.000000E+00,5, 2.461439E+00,0, 0.000000E+00,0, 0.000000E+00,4, 4.206513E+00, 5.119342E-01, 1.742896E+00,NULL,NULL,0,data,8
47964,18001,940613,1438,94C2, 9.127400E+01,0,2,2,0,2, 0.000000E+00, 0.000000E+00, 0.000000E+00, 0.000000E+00, 0.000000E+00, 0.000000E+00,-4.568732E-02, 5.827951E-02, 1.459957E+00, 9.062823E+01, 0.000000E+00, 9.062823E+01, 0.000000E+00,NULL,NULL,NULL,NULL,0, 0.000000E+00,NULL,NULL,NULL,NULL,2, 9.062823E+01,0,data,8
47964,18004,940613,1438,94C2, 9.127400E+01,0,3,3,0,3, 0.000000E+00, 0.000000E+00, 0.000000E+00, 0.000000E+00, 0.000000E+00, 0.000000E+00,-6.098056E-02, 4.120970E-02, 2.616497E+00, 9.227781E+01, 0.000000E+00, 9.227781E+01, 0.000000E+00,NULL,NULL,NULL,NULL,0, 0.000000E+00,NULL,NULL,NULL,NULL,3, 9.227781E+01,0,data,8
47964,18006,940613,1438,94C2, 9.127400E+01,0,2,2,0,2, 0.000000E+00, 0.000000E+00, 0.000000E+00, 0.000000E+00, 0.000000E+00, 0.000000E+00,-2.431460E-01,-5.398250E-02,-1.740681E+00, 9.154579E+01, 0.000000E+00, 9.154579E+01, 0.000000E+00,NULL,NULL,NULL,NULL,0, 0.000000E+00,NULL,NULL,NULL,NULL,2, 9.154579E+01,0,data,8
47964,18009,940613,1441,94C2, 9.127400E+01,4,3,7,4,3,-9.954887E-02, 1.669652E-01,-5.710412E-01, 1.800528E+00, 1.670499E+00, 4.176247E-01, 5.740730E-01,-1.064581E+00,-9.381877E+00, 1.228770E+01, 0.000000E+00, 1.048717E+01, 0.000000E+00,0, 0.000000E+00,1, 0.000000E+00,0, 0.000000E+00,NULL,NULL,NULL,NULL,1, 0.000000E+00,0,data,8
47964,18010,940613,1441,94C2, 9.127400E+01,0,2,2,0,2, 0.000000E+00, 0.000000E+00, 0.000000E+00, 0.000000E+00, 0.000000E+00, 0.000000E+00,-1.455003E-01, 1.126215E+00,-1.917590E+01, 1.147065E+02, 0.000000E+00, 1.147065E+02, 0.000000E+00,NULL,NULL,NULL,NULL,0, 0.000000E+00,NULL,NULL,NULL,NULL,2, 1.147065E+02,0,data,8
47964,18014,940613,1441,94C2, 9.127400E+01,0,2,2,0,2, 0.000000E+00, 0.000000E+00, 0.000000E+00, 0.000000E+00, 0.000000E+00, 0.000000E+00, 1.514776E-01,-2.323079E-02, 1.799538E+00, 9.245665E+01, 0.000000E+00, 9.245665E+01, 0.000000E+00,NULL,NULL,NULL,NULL,0, 0.000000E+00,NULL,NULL,NULL,NULL,2, 9.245665E+01,0,data,8
47964,18020,940613,1445,94C2, 9.127400E+01,0,2,2,0,2, 0.000000E+00, 0.000000E+00, 0.000000E+00, 0.000000E+00, 0.000000E+00, 0.000000E+00, 6.515026E-02, 8.234835E-02,-6.383705E-01, 9.020973E+01, 0.000000E+00, 9.020973E+01, 0.000000E+00,NULL,NULL,NULL,NULL,0, 0.000000E+00,NULL,NULL,NULL,NULL,2, 9.020973E+01,0,data,8
47964,18021,940613,1445,94C2, 9.127400E+01,0,9,9,0,9, 0.000000E+00, 0.000000E+00, 0.000000E+00, 0.000000E+00, 0.000000E+00, 0.000000E+00, 7.981352E-01,-1.049566E+00, 6.176088E+00, 4.496223E+01, 0.000000E+00, 4.496223E+01, 0.000000E+00,0, 0.000000E+00,7, 2.337540E+01,0, 0.000000E+00,NULL,NULL,NULL,NULL,2, 1.328440E+01,0,data,8
47964,18022,940613,1447,94C2, 9.127400E+01,12,5,17,12,5,-4.918390E-01, 3.560216E-01,-3.727371E+00, 6.271350E+00, 5.722331E+00, 4.768609E-01,-1.409250E+00, 8.401277E-01,-2.424396E+01, 2.699239E+01, 0.000000E+00, 2.072104E+01, 0.000000E+00,0, 0.000000E+00,3, 0.000000E+00,0, 0.000000E+00,NULL,NULL,NULL,NULL,2, 0.000000E+00,0,data,8
47964,18024,940613,1447,94C2, 9.127400E+01,36,16,52,36,16, 2.270849E+00, 3.053613E+00, 3.459356E+01, 8.625661E+01, 8.540299E+01, 2.372305E+00,-5.747975E-01, 5.955866E-02, 4.386496E+01, 1.218458E+02, 2.032311E+01, 2.088085E+01, 1.470836E+01,0, 0.000000E+00,18, 9.492752E+00,0, 0.000000E+00,NULL,NULL,NULL,NULL,3, 0.000000E+00,1,data,8
47964,18028,940613,1448,94C2, 9.127400E+01,0,2,2,0,2, 0.000000E+00, 0.000000E+00, 0.000000E+00, 0.000000E+00, 0.000000E+00, 0.000000E+00, 1.271157E-01, 7.118618E-02, 7.236591E+00, 8.783868E+01, 0.000000E+00, 8.783868E+01, 0.000000E+00,NULL,NULL,NULL,NULL,0, 0.000000E+00,NULL,NULL,NULL,NULL,2, 8.783868E+01,0,data,8
47964,18030,940613,1450,94C2, 9.127400E+01,48,15,63,48,15, 6.515119E+00, 8.932875E+00,-9.924567E-01, 5.351689E+01, 5.244626E+01, 1.092630E+00, 5.007288E+00,-4.138275E+00, 7.828835E+00, 7.990137E+01, 4.517988E+01, 1.766385E+01, 8.720619E+00,13, 2.250058E+00,4, 0.000000E+00,0, 0.000000E+00,6, 1.410715E+01, 1.246309E+00, 4.416602E+00,NULL,NULL,1,data,8
47964,18034,940613,1452,94C2, 9.127400E+01,27,13,40,27,13,-2.005069E+00, 9.636590E-01,-5.166349E+00, 5.688497E+01, 5.652774E+01, 2.093620E+00,-9.880966E+00, 4.402934E+00,-9.509813E+00, 7.871099E+01, 5.704002E+01, 7.627802E+00, 1.184413E+01,17, 6.333130E+00,0, 0.000000E+00,0, 0.000000E+00,7, 9.428427E+00, 6.492597E-01, 2.367201E+00,NULL,NULL,1,data,8
47964,18036,940613,1455,94C2, 9.127400E+01,2,1,3,2,1, 1.406230E+00,-1.780094E+00,-2.527578E+00, 2.776362E+01, 2.776219E+01, 1.388110E+01, 1.400613E+00,-1.753082E+00,-2.714799E+00, 2.795286E+01, 0.000000E+00, 1.892426E-01, 0.000000E+00,NULL,NULL,NULL,NULL,0, 0.000000E+00,NULL,NULL,NULL,NULL,1, 0.000000E+00,0,data,8
47964,18037,940613,1455,94C2, 9.127400E+01,0,2,2,0,2, 0.000000E+00, 0.000000E+00, 0.000000E+00, 0.000000E+00, 0.000000E+00, 0.000000E+00, 9.298727E-02,-5.600643E-02,-1.425716E+00, 8.928575E+01, 0.000000E+00, 8.928575E+01, 0.000000E+00,NULL,NULL,NULL,NULL,0, 0.000000E+00,NULL,NULL,NULL,NULL,2, 8.928575E+01,0,data,8
47964,18038,940613,1455,94C2, 9.127400E+01,0,2,2,0,2, 0.000000E+00, 0.000000E+00, 0.000000E+00, 0.000000E+00, 0.000000E+00, 0.000000E+00, 8.635467E-02, 7.578051E-02,-1.619595E+00, 9.235260E+01, 0.000000E+00, 9.235260E+01, 0.000000E+00,NULL,NULL,NULL,NULL,0, 0.000000E+00,NULL,NULL,NULL,NULL,2, 9.235260E+01,0,data,8
47964,18039,940613,1455,94C2, 9.127400E+01,40,12,52,40,12,-2.902118E+00,-4.499387E+00, 2.929703E+00, 5.651012E+01, 5.573793E+01, 1.393448E+00,-3.899095E+00,-2.775198E+00, 2.495117E-01, 7.294662E+01, 5.495885E+01, 3.036815E+00, 1.266578E+01,11, 2.893755E-01,1, 0.000000E+00,0, 0.000000E+00,4, 3.287040E+00, 4.245252E-01, 1.721320E+00,NULL,NULL,1,data,8
47964,18041,940613,1459,94C2, 9.127400E+01,0,2,2,0,2, 0.000000E+00, 0.000000E+00, 0.000000E+00, 0.000000E+00, 0.000000E+00, 0.000000E+00,-1.430440E-02, 1.206911E-01,-9.039383E-01, 9.301521E+01, 0.000000E+00, 9.301521E+01, 0.000000E+00,NULL,NULL,NULL,NULL,0, 0.000000E+00,NULL,NULL,NULL,NULL,2, 9.301521E+01,0,data,8
47964,18045,940613,1500,94C2, 9.127400E+01,0,7,7,0,7, 0.000000E+00, 0.000000E+00, 0.000000E+00, 0.000000E+00, 0.000000E+00, 0.000000E+00,-2.726598E-01, 1.579180E-01,-7.718787E-01, 9.286399E+01, 0.000000E+00, 9.286399E+01, 0.000000E+00,0, 0.000000E+00,6, 9.145169E+01,0, 0.000000E+00,NULL,NULL,NULL,NULL,NULL,NULL,0,data,8
47964,18057,940613,1504,94C2, 9.127400E+01,43,14,57,43,14, 3.826090E+00, 1.346479E+01, 3.710748E+01, 1.117968E+02, 1.108194E+02, 2.577196E+00, 8.550065E-01, 8.757477E+00, 2.409769E+01, 1.345538E+02, 5.381313E+01, 1.806230E+01, 4.698318E+00,0, 0.000000E+00,16, 1.318866E+01,0, 0.000000E+00,NULL,NULL,NULL,NULL,NULL,NULL,1,data,8
47964,18058,940613,1506,94C2, 9.127400E+01,15,11,26,15,11, 1.901491E+00, 1.155637E+01, 8.650539E+00, 5.414445E+01, 5.405053E+01, 3.603368E+00,-1.613558E-01, 6.754115E+00, 3.636181E+00, 6.874070E+01, 5.320517E+01, 1.136238E+01, 2.175294E+00,13, 1.685808E+01,1, 0.000000E+00,0, 0.000000E+00,8, 1.158820E+01, 3.546382E-01, 3.627028E+00,NULL,NULL,1,data,8
47964,18061,940613,1506,94C2, 9.127400E+01,0,2,2,0,2, 0.000000E+00, 0.000000E+00, 0.000000E+00, 0.000000E+00, 0.000000E+00, 0.000000E+00,-9.744930E-02, 1.177406E-02, 3.132191E+00, 9.213614E+01, 0.000000E+00, 9.213614E+01, 0.000000E+00,NULL,NULL,NULL,NULL,0, 0.000000E+00,NULL,NULL,NULL,NULL,2, 9.213614E+01,0,data,8
47964,18062,940613,1506,94C2, 9.127400E+01,6,2,8,6,2,-1.248713E+00,-1.891468E-03,-1.429439E-02, 2.719200E+00, 2.467120E+00, 4.111866E-01,-9.313477E-01,-1.007686E-01, 7.604380E+00, 1.054567E+01, 0.000000E+00, 7.826471E+00, 0.000000E+00,1, 0.000000E+00,0, 0.000000E+00,0, 0.000000E+00,NULL,NULL,NULL,NULL,1, 0.000000E+00,0,data,8
47964,18066,940613,1512,94C2, 9.127400E+01,0,2,2,0,2, 0.000000E+00, 0.000000E+00, 0.000000E+00, 0.000000E+00, 0.000000E+00, 0.000000E+00, 7.238150E-02,-1.621473E-02, 6.239510E-01, 9.212766E+01, 0.000000E+00, 9.212766E+01, 0.000000E+00,NULL,NULL,NULL,NULL,0, 0.000000E+00,NULL,NULL,NULL,NULL,2, 9.212766E+01,0,data,8
47964,18074,940613,1514,94C2, 9.127400E+01,0,2,2,0,2, 0.000000E+00, 0.000000E+00, 0.000000E+00, 0.000000E+00, 0.000000E+00, 0.000000E+00,-1.312776E-01, 7.603776E-02,-1.304361E+01, 7.729962E+01, 0.000000E+00, 7.729962E+01, 0.000000E+00,NULL,NULL,NULL,NULL,0, 0.000000E+00,NULL,NULL,NULL,NULL,2, 7.729962E+01,0,data,8
47964,18079,940613,1515,94C2, 9.127400E+01,27,21,48,27,21,-8.350752E-01,-1.731540E+00,-5.613096E-01, 4.769558E+01, 4.717597E+01, 1.747258E+00,-1.839669E+00,-5.653038E+00,-2.868298E-01, 7.419811E+01, 4.487017E+01, 2.362421E+01, 1.107607E+00,23, 2.904396E+00,0, 0.000000E+00,0, 0.000000E+00,15, 1.943851E+01, 3.502494E-01, 4.358801E+00,NULL,NULL,1,data,8
47964,18086,940613,1518,94C2, 9.127400E+01,60,15,75,60,15,-1.232444E+01, 1.423758E-02, 1.260125E+01, 7.791618E+01, 7.660757E+01, 1.276793E+00, 1.546834E+00, 8.156556E-01,-1.341519E-01, 1.001886E+02, 6.603358E+01, 1.745491E+01, 9.352885E-01,14, 1.323216E-01,2, 0.000000E+00,0, 0.000000E+00,10, 1.705339E+01, 4.540540E-01, 4.428762E+00,NULL,NULL,1,data,8
47964,18087,940613,1519,94C2, 9.127400E+01,2,4,6,2,4,-2.815148E+00, 3.852629E-02, 1.086873E+01, 1.123560E+01, 1.122904E+01, 5.614522E+00, 5.640610E+00,-1.107035E+00,-3.338023E+01, 5.922528E+01, 0.000000E+00, 4.798969E+01, 0.000000E+00,0, 0.000000E+00,4, 3.307946E+01,0, 0.000000E+00,NULL,NULL,NULL,NULL,1, 0.000000E+00,0,data,8
47964,18088,940613,1519,94C2, 9.127400E+01,0,2,2,0,2, 0.000000E+00, 0.000000E+00, 0.000000E+00, 0.000000E+00, 0.000000E+00, 0.000000E+00,-3.787473E-01, 6.687670E-01,-4.044262E+00, 8.722849E+01, 0.000000E+00, 8.722849E+01, 0.000000E+00,NULL,NULL,NULL,NULL,0, 0.000000E+00,NULL,NULL,NULL,NULL,2, 8.722849E+01,0,data,8
47964,18089,940613,1519,94C2, 9.127400E+01,25,13,38,25,13,-1.091082E+00,-9.419199E-01, 1.579302E+00, 7.730006E+01, 7.707745E+01, 3.083098E+00,-3.259538E+00,-1.893935E+00, 9.623077E-01, 9.542674E+01, 6.226384E+01, 1.564510E+01, 2.002638E+00,14, 1.417837E+00,0, 0.000000E+00,0, 0.000000E+00,9, 1.612403E+01, 4.319595E-01, 4.098324E+00,NULL,NULL,1,data,8
47964,18090,940613,1519,94C2, 9.127400E+01,23,6,29,23,6,-1.453404E+01,-1.050566E+01, 3.257266E+00, 6.719318E+01, 6.679028E+01, 2.903925E+00,-7.395827E+00,-5.457669E+00, 2.464295E+00, 7.837538E+01, 6.462503E+01, 0.000000E+00, 1.155351E+00,5, 1.230172E+00,0, 0.000000E+00,0, 0.000000E+00,3, 1.002685E+01, 8.152838E-01, 7.167552E+00,NULL,NULL,1,data,8
47964,18094,940613,1526,94C2, 9.127400E+01,0,6,6,0,6, 0.000000E+00, 0.000000E+00, 0.000000E+00, 0.000000E+00, 0.000000E+00, 0.000000E+00,-6.308985E-01,-1.896420E-01, 2.529366E+00, 8.894669E+01, 0.000000E+00, 8.894669E+01, 0.000000E+00,0, 0.000000E+00,4, 4.632741E+01,0, 0.000000E+00,NULL,NULL,NULL,NULL,2, 2.626815E+00,0,data,8
47964,18096,940613,1526,94C2, 9.127400E+01,0,2,2,0,2, 0.000000E+00, 0.000000E+00, 0.000000E+00, 0.000000E+00, 0.000000E+00, 0.000000E+00,-2.430904E-02,-3.374481E-02,-1.572876E-01, 8.998368E+01, 0.000000E+00, 8.998368E+01, 0.000000E+00,NULL,NULL,NULL,NULL,0, 0.000000E+00,NULL,NULL,NULL,NULL,2, 8.998368E+01,0,data,8
47964,18097,940613,1526,94C2, 9.127400E+01,3,5,8,3,5,-1.713619E+01,-3.983431E+00,-7.420940E+01, 7.831014E+01, 7.829793E+01, 2.609931E+01,-7.081742E+00,-1.391847E+00,-2.865420E+01, 1.254686E+02, 0.000000E+00, 4.715850E+01, 0.000000E+00,0, 0.000000E+00,4, 4.810924E+01,0, 0.000000E+00,NULL,NULL,NULL,NULL,NULL,NULL,0,data,8
47964,18098,940613,1526,94C2, 9.127400E+01,3,2,5,3,2,-2.051032E-02,-9.183228E-03, 9.782027E-01, 6.231030E+00, 6.214913E+00, 2.071638E+00, 1.925521E-01, 3.779062E-01, 1.984924E+00, 1.262847E+01, 6.214913E+00, 6.397437E+00, 0.000000E+00,3, 2.869492E+00,0, 0.000000E+00,0, 0.000000E+00,1, 3.092402E+00, 3.092402E+00, 3.092402E+00,NULL,NULL,0,data,8
47964,18099,940613,1526,94C2, 9.127400E+01,15,8,23,15,8, 1.094176E+01,-1.780164E+00, 1.343591E+01, 2.855648E+01, 2.819715E+01, 1.879810E+00,-2.873467E+00, 2.398264E+00,-4.361351E+00, 6.767496E+01, 2.670887E+01, 2.916093E+01, 9.957562E+00,2, 0.000000E+00,5, 0.000000E+00,0, 0.000000E+00,1, 4.581210E-01, 4.581210E-01, 4.581210E-01,NULL,NULL,1,data,8
47964,18103,940613,1529,94C2, 9.127400E+01,0,3,3,0,3, 0.000000E+00, 0.000000E+00, 0.000000E+00, 0.000000E+00, 0.000000E+00, 0.000000E+00, 9.816885E-02, 5.526602E-03,-2.761665E+00, 8.883180E+01, 0.000000E+00, 8.883180E+01, 0.000000E+00,NULL,NULL,NULL,NULL,0, 0.000000E+00,NULL,NULL,NULL,NULL,3, 8.883180E+01,0,data,8
47964,18106,940613,1529,94C2, 9.127400E+01,0,2,2,0,2, 0.000000E+00, 0.000000E+00, 0.000000E+00, 0.000000E+00, 0.000000E+00, 0.000000E+00, 2.515254E-01,-1.309183E-01,-6.971786E+00, 8.271214E+01, 0.000000E+00, 8.271214E+01, 0.000000E+00,NULL,NULL,NULL,NULL,0, 0.000000E+00,NULL,NULL,NULL,NULL,2, 8.271214E+01,0,data,8
47964,18107,940613,1529,94C2, 9.127400E+01,0,2,2,0,2, 0.000000E+00, 0.000000E+00, 0.000000E+00, 0.000000E+00, 0.000000E+00, 0.000000E+00, 8.230209E-04, 6.759930E-02,-2.182846E-01, 8.958368E+01, 0.000000E+00, 8.958368E+01, 0.000000E+00,NULL,NULL,NULL,NULL,0, 0.000000E+00,NULL,NULL,NULL,NULL,2, 8.958368E+01,0,data,8
47964,18109,940613,1531,94C2, 9.127400E+01,19,10,29,19,10, 1.304998E+01, 7.118168E+00, 1.079437E+01, 1.006324E+02, 1.003839E+02, 5.283365E+00, 3.126770E+01, 1.949774E+01, 1.469911E+01, 1.315264E+02, 4.996158E+01, 2.828410E+01, 1.623164E+00,12, 3.255710E+00,0, 0.000000E+00,0, 0.000000E+00,8, 2.938001E+01, 3.687715E-01, 1.746710E+01,NULL,NULL,1,data,8
47964,18112,940613,1531,94C2, 9.127400E+01,0,2,2,0,2, 0.000000E+00, 0.000000E+00, 0.000000E+00, 0.000000E+00, 0.000000E+00, 0.000000E+00, 3.243303E-02, 1.181211E-01,-9.917641E-01, 9.023221E+01, 0.000000E+00, 9.023221E+01, 0.000000E+00,NULL,NULL,NULL,NULL,0, 0.000000E+00,NULL,NULL,NULL,NULL,2, 9.023221E+01,0,data,8
47964,18113,940613,1531,94C2, 9.127400E+01,3,2,5,3,2,-4.076037E-02, 1.072406E-01,-1.067339E+00, 1.480871E+00, 1.396910E+00, 4.656366E-01, 1.059647E+00, 2.612970E-01,-2.010662E+01, 2.271505E+01, 6.025600E-01, 2.123418E+01, 0.000000E+00,0, 0.000000E+00,1, 0.000000E+00,0, 0.000000E+00,NULL,NULL,NULL,NULL,1, 0.000000E+00,0,data,8
47964,18118,940613,1534,94C2, 9.127400E+01,1,1,2,1,1, 2.624196E+02, 1.840884E+02,-6.899257E+01, 3.278911E+02, 3.278911E+02, 3.278911E+02, 2.593943E+02, 1.821884E+02,-6.836772E+01, 3.315179E+02, 0.000000E+00, 3.626699E+00, 0.000000E+00,1, 2.861754E-01,0, 0.000000E+00,0, 0.000000E+00,NULL,NULL,NULL,NULL,NULL,NULL,0,data,8
47964,18119,940613,1534,94C2, 9.127400E+01,28,17,45,28,17, 1.469861E+01, 1.893931E+01,-2.848854E+01, 1.086513E+02, 1.082171E+02, 3.864897E+00, 1.640306E+01, 2.166153E+01,-3.203241E+01, 1.225132E+02, 7.133370E+01, 1.332762E+01, 5.342590E-01,6, 0.000000E+00,8, 0.000000E+00,0, 0.000000E+00,5, 5.375528E+00, 3.820878E-01, 1.481749E+00,NULL,NULL,1,data,8
47964,18121,940613,1537,94C2, 9.127400E+01,2,0,2,2,0, 7.614498E-01,-2.280922E+00, 8.684020E-01, 3.149685E+01, 3.149561E+01, 1.574780E+01, 7.614498E-01,-2.280922E+00, 8.684020E-01, 3.149685E+01, 1.702601E+01, 0.000000E+00, 0.000000E+00,2, 2.187220E-01,0, 0.000000E+00,0, 0.000000E+00,NULL,NULL,NULL,NULL,NULL,NULL,0,data,8
47964,18123,940613,1537,94C2, 9.127400E+01,0,2,2,0,2, 0.000000E+00, 0.000000E+00, 0.000000E+00, 0.000000E+00, 0.000000E+00, 0.000000E+00,-1.732588E-03,-1.160483E-01,-6.295395E-01, 8.924234E+01, 0.000000E+00, 8.924234E+01, 0.000000E+00,NULL,NULL,NULL,NULL,0, 0.000000E+00,NULL,NULL,NULL,NULL,2, 8.924234E+01,0,data,8
47964,18125,940613,1537,94C2, 9.127400E+01,21,25,46,21,25, 3.588652E+00,-6.769801E+00, 9.345140E+00, 5.572847E+01, 5.550482E+01, 2.643087E+00, 9.267070E+00,-1.364636E+01, 1.147635E+01, 9.421961E+01, 5.532567E+01, 2.114720E+01, 1.405966E+01,20, 9.093211E-01,2, 0.000000E+00,0, 0.000000E+00,15, 2.079895E+01, 4.560276E-01, 3.926918E+00,1, 0.000000E+00,1,data,8
47964,18126,940613,1542,94C2, 9.127400E+01,2,0,2,2,0, 6.726608E-01,-1.413136E+00,-8.247757E-01, 9.333501E+01, 9.333459E+01, 4.666729E+01, 6.726608E-01,-1.413136E+00,-8.247757E-01, 9.333501E+01, 9.333482E+01, 0.000000E+00, 0.000000E+00,1, 0.000000E+00,0, 0.000000E+00,0, 0.000000E+00,NULL,NULL,NULL,NULL,NULL,NULL,0,data,8
47964,18131,940613,1542,94C2, 9.127400E+01,0,2,2,0,2, 0.000000E+00, 0.000000E+00, 0.000000E+00, 0.000000E+00, 0.000000E+00, 0.000000E+00, 1.283817E-01, 1.492918E-01, 2.257607E+00, 9.056961E+01, 0.000000E+00, 9.056961E+01, 0.000000E+00,NULL,NULL,NULL,NULL,0, 0.000000E+00,NULL,NULL,NULL,NULL,2, 9.056961E+01,0,data,8
47964,18132,940613,1542,94C2, 9.127400E+01,0,2,2,0,2, 0.000000E+00, 0.000000E+00, 0.000000E+00, 0.000000E+00, 0.000000E+00, 0.000000E+00, 7.659376E-02, 6.482017E-02, 2.248268E-01, 9.262576E+01, 0.000000E+00, 9.262576E+01, 0.000000E+00,NULL,NULL,NULL,NULL,0, 0.000000E+00,NULL,NULL,NULL,NULL,2, 9.262576E+01,0,data,8
47964,18135,940613,1544,94C2, 9.127400E+01,0,3,3,0,3, 0.000000E+00, 0.000000E+00, 0.000000E+00, 0.000000E+00, 0.000000E+00, 0.000000E+00, 2.577494E-01, 1.388462E-01,-3.459896E+00, 9.477551E+01, 0.000000E+00, 9.477551E+01, 0.000000E+00,NULL,NULL,NULL,NULL,0, 0.000000E+00,NULL,NULL,NULL,NULL,3, 9.477551E+01,0,data,8
47964,18138,940613,1544,94C2, 9.127400E+01,12,9,21,12,9,-1.355400E+01, 1.765270E+00,-3.356441E+00, 5.737106E+01, 5.728556E+01, 4.773797E+00,-1.527068E+01, 2.448491E+00,-1.667978E+00, 7.000409E+01, 5.753621E+01, 1.094247E+01, 4.644996E-01,12, 1.405266E+01,0, 0.000000E+00,0, 0.000000E+00,7, 1.216853E+01, 5.644469E-01, 3.890308E+00,NULL,NULL,1,data,8
47964,18139,940613,1544,94C2, 9.127400E+01,19,11,30,19,11,-3.761851E+00,-2.442750E+00, 6.464918E+00, 4.596167E+01, 4.571576E+01, 2.406092E+00,-1.107280E+00, 2.542493E+00,-3.988981E-01, 9.028400E+01, 4.547866E+01, 4.405494E+01, 2.673836E-01,16, 3.627536E+00,0, 0.000000E+00,0, 0.000000E+00,10, 4.405494E+01, 9.063385E-01, 1.635555E+01,NULL,NULL,1,data,8
47964,18140,940613,1549,94C2, 9.127400E+01,0,2,2,0,2, 0.000000E+00, 0.000000E+00, 0.000000E+00, 0.000000E+00, 0.000000E+00, 0.000000E+00, 3.796005E-02,-1.043422E-01, 1.602219E+00, 9.250888E+01, 0.000000E+00, 9.250888E+01, 0.000000E+00,NULL,NULL,NULL,NULL,0, 0.000000E+00,NULL,NULL,NULL,NULL,2, 9.250888E+01,0,data,8
47964,18142,940613,1549,94C2, 9.127400E+01,0,2,2,0,2, 0.000000E+00, 0.000000E+00, 0.000000E+00, 0.000000E+00, 0.000000E+00, 0.000000E+00,-1.073373E-02,-1.716270E-01,-4.799850E+00, 8.662613E+01, 0.000000E+00, 8.662613E+01, 0.000000E+00,NULL,NULL,NULL,NULL,0, 0.000000E+00,NULL,NULL,NULL,NULL,2, 8.662613E+01,0,data,8
47964,18143,940613,1549,94C2, 9.127400E+01,0,2,2,0,2, 0.000000E+00, 0.000000E+00, 0.000000E+00, 0.000000E+00, 0.000000E+00, 0.000000E+00, 2.249360E-03, 3.950357E-02, 8.557510E-02, 9.115701E+01, 0.000000E+00, 9.115701E+01, 0.000000E+00,NULL,NULL,NULL,NULL,0, 0.000000E+00,NULL,NULL,NULL,NULL,2, 9.115701E+01,0,data,8
47964,18144,940613,1549,94C2, 9.127400E+01,0,2,2,0,2, 0.000000E+00, 0.000000E+00, 0.000000E+00, 0.000000E+00, 0.000000E+00, 0.000000E+00, 1.715676E-01, 8.505344E-02, 8.705177E-01, 9.033509E+01, 0.000000E+00, 9.033509E+01, 0.000000E+00,NULL,NULL,NULL,NULL,0, 0.000000E+00,NULL,NULL,NULL,NULL,2, 9.033509E+01,0,data,8
47964,18145,940613,1549,94C2, 9.127400E+01,0,3,3,0,3, 0.000000E+00, 0.000000E+00, 0.000000E+00, 0.000000E+00, 0.000000E+00, 0.000000E+00, 1.331345E-01, 1.961013E-01, 7.665169E-01, 9.115147E+01, 0.000000E+00, 9.115147E+01, 0.000000E+00,0, 0.000000E+00,1, 0.000000E+00,0, 0.000000E+00,NULL,NULL,NULL,NULL,2, 9.064014E+01,0,data,8
47964,18150,940613,1553,94C2, 9.127400E+01,0,2,2,0,2, 0.000000E+00, 0.000000E+00, 0.000000E+00, 0.000000E+00, 0.000000E+00, 0.000000E+00, 9.272504E-02, 8.185242E-02, 8.765640E-01, 9.184291E+01, 0.000000E+00, 9.184291E+01, 0.000000E+00,NULL,NULL,NULL,NULL,0, 0.000000E+00,NULL,NULL,NULL,NULL,2, 9.184291E+01,0,data,8
47964,18151,940613,1553,94C2, 9.127400E+01,0,2,2,0,2, 0.000000E+00, 0.000000E+00, 0.000000E+00, 0.000000E+00, 0.000000E+00, 0.000000E+00, 1.141310E-01, 3.459978E-01, 3.387451E-01, 9.056809E+01, 0.000000E+00, 9.056809E+01, 0.000000E+00,NULL,NULL,NULL,NULL,0, 0.000000E+00,NULL,NULL,NULL,NULL,2, 9.056809E+01,0,data,8
47964,18152,940613,1553,94C2, 9.127400E+01,1,3,4,1,3, 7.610041E-01, 1.249228E+00, 2.409915E+00, 2.822564E+00, 2.819111E+00, 2.819111E+00, 5.675239E-01, 1.036027E+00, 5.356045E-01, 4.921033E+00, 2.822564E+00, 2.098469E+00, 0.000000E+00,0, 0.000000E+00,1, 2.419341E+00,0, 0.000000E+00,NULL,NULL,NULL,NULL,1, 0.000000E+00,0,data,8
47964,18155,940613,1553,94C2, 9.127400E+01,0,9,9,0,9, 0.000000E+00, 0.000000E+00, 0.000000E+00, 0.000000E+00, 0.000000E+00, 0.000000E+00,-4.686333E+00, 3.127710E+01,-4.844905E+01, 5.890525E+01, 0.000000E+00, 5.890525E+01, 0.000000E+00,0, 0.000000E+00,6, 5.289977E+01,0, 0.000000E+00,NULL,NULL,NULL,NULL,NULL,NULL,0,data,8
47964,18157,940613,1553,94C2, 9.127400E+01,31,15,46,31,15,-2.203568E+00, 6.658025E-01, 1.379944E+01, 4.410065E+01, 4.354806E+01, 1.404776E+00,-4.117479E+00,-3.996343E-01,-1.596531E+00, 6.740014E+01, 3.094172E+01, 2.095620E+01, 2.343283E+00,2, 0.000000E+00,13, 1.901592E+00,0, 0.000000E+00,1, 1.967487E+00, 1.967487E+00, 1.967487E+00,2, 0.000000E+00,1,data,8
47964,18158,940613,1555,94C2, 9.127400E+01,23,10,33,23,10,-3.462685E+00, 2.236539E+01,-8.319144E-01, 6.744421E+01, 6.686800E+01, 2.907305E+00,-4.181086E+00, 1.283974E+01,-3.379786E-02, 8.124742E+01, 6.313268E+01, 7.008396E+00, 6.913452E+00,8, 1.360992E-01,0, 0.000000E+00,0, 0.000000E+00,5, 7.008396E+00, 9.063885E-01, 3.070751E+00,NULL,NULL,1,data,8
47964,18160,940613,1555,94C2, 9.127400E+01,0,2,2,0,2, 0.000000E+00, 0.000000E+00, 0.000000E+00, 0.000000E+00, 0.000000E+00, 0.000000E+00,-9.609199E-02,-1.373580E-01, 1.028681E+01, 8.513277E+01, 0.000000E+00, 8.513277E+01, 0.000000E+00,NULL,NULL,NULL,NULL,0, 0.000000E+00,NULL,NULL,NULL,NULL,2, 8.513277E+01,0,data,8
47964,18162,940613,1555,94C2, 9.127400E+01,0,2,2,0,2, 0.000000E+00, 0.000000E+00, 0.000000E+00, 0.000000E+00, 0.000000E+00, 0.000000E+00, 2.304711E-01, 1.329923E-01, 2.557957E+00, 9.084540E+01, 0.000000E+00, 9.084540E+01, 0.000000E+00,NULL,NULL,NULL,NULL,0, 0.000000E+00,NULL,NULL,NULL,NULL,2, 9.084540E+01,0,data,8
47964,18163,940613,1555,94C2, 9.127400E+01,33,14,47,33,14, 3.077736E+00,-3.076637E+00,-2.501050E+00, 7.003379E+01, 6.935326E+01, 2.101614E+00,-4.980101E+00, 4.486324E+00, 2.276803E+00, 9.836033E+01, 6.744898E+01, 2.249599E+01, 2.642876E+00,18, 1.794688E+00,0, 0.000000E+00,0, 0.000000E+00,10, 2.568367E+01, 4.895461E-01, 8.387594E+00,NULL,NULL,1,data,8
47964,18166,940613,1559,94C2, 9.127400E+01,0,2,2,0,2, 0.000000E+00, 0.000000E+00, 0.000000E+00, 0.000000E+00, 0.000000E+00, 0.000000E+00, 1.059601E-01,-1.950872E-02,-4.055710E-01, 9.403896E+01, 0.000000E+00, 9.403896E+01, 0.000000E+00,NULL,NULL,NULL,NULL,0, 0.000000E+00,NULL,NULL,NULL,NULL,2, 9.403896E+01,0,data,8
47964,18167,940613,1559,94C2, 9.127400E+01,0,2,2,0,2, 0.000000E+00, 0.000000E+00, 0.000000E+00, 0.000000E+00, 0.000000E+00, 0.000000E+00, 1.116693E-01,-1.428080E-02, 5.607681E-01, 9.240437E+01, 0.000000E+00, 9.240437E+01, 0.000000E+00,NULL,NULL,NULL,NULL,0, 0.000000E+00,NULL,NULL,NULL,NULL,2, 9.240437E+01,0,data,8
47964,18172,940613,1559,94C2, 9.127400E+01,47,18,65,47,18,-7.947029E+00,-8.021358E-01,-4.547313E+00, 6.006762E+01, 5.881459E+01, 1.251374E+00,-5.205748E+00,-1.471043E+00,-8.409567E-01, 8.380867E+01, 5.351664E+01, 1.917883E+01, 1.020615E+00,12, 1.237003E-01,2, 0.000000E+00,0, 0.000000E+00,10, 1.854353E+01, 6.683080E-01, 7.117313E+00,1, 0.000000E+00,1,data,8
47964,18173,940613,1600,94C2, 9.127400E+01,24,11,35,24,11,-1.939745E+01,-1.743586E+00, 1.506066E+01, 6.340453E+01, 6.303453E+01, 2.626439E+00,-1.069038E+01,-5.530993E-01, 7.685155E+00, 8.536900E+01, 6.009394E+01, 1.073323E+01, 1.025724E+01,9, 1.192968E+00,0, 0.000000E+00,0, 0.000000E+00,6, 1.052327E+01, 4.572520E-01, 6.662332E+00,NULL,NULL,1,data,8
47964,18182,940613,1603,94C2, 9.127400E+01,0,2,2,0,2, 0.000000E+00, 0.000000E+00, 0.000000E+00, 0.000000E+00, 0.000000E+00, 0.000000E+00,-3.793836E-02,-1.388248E-01, 3.175365E+00, 9.152937E+01, 0.000000E+00, 9.152937E+01, 0.000000E+00,NULL,NULL,NULL,NULL,0, 0.000000E+00,NULL,NULL,NULL,NULL,2, 9.152937E+01,0,data,8
47964,18188,940613,1605,94C2, 9.127400E+01,42,14,56,42,14, 1.070535E+01,-7.564394E+00, 3.577829E+00, 9.071201E+01, 8.990788E+01, 2.140664E+00, 1.296932E+01,-8.524587E+00, 4.231177E+00, 1.029626E+02, 8.687244E+01, 8.117633E+00, 1.854564E-01,15, 3.321351E+00,1, 0.000000E+00,0, 0.000000E+00,8, 9.619799E+00, 5.421508E-01, 1.626451E+00,NULL,NULL,1,data,8
47964,18192,940613,1608,94C2, 9.127400E+01,18,17,35,18,17,-1.348158E+00, 5.565417E+00, 1.617305E+00, 4.444668E+01, 4.417758E+01, 2.454310E+00, 1.241518E+00, 9.550359E-01, 1.197320E+00, 9.003578E+01, 3.721611E+01, 3.822342E+01, 6.342469E+00,16, 1.190509E+01,0, 0.000000E+00,0, 0.000000E+00,11, 3.883789E+01, 9.657345E-01, 1.375033E+01,NULL,NULL,1,data,8
47964,18193,940613,1608,94C2, 9.127400E+01,9,1,10,9,1,-2.796190E-01,-7.702734E-01, 1.276663E+00, 4.887669E+00, 4.612474E+00, 5.124971E-01,-3.013942E-01,-7.202594E-01, 2.316513E+00, 5.928949E+00, 3.902856E+00, 1.041281E+00, 0.000000E+00,NULL,NULL,NULL,NULL,0, 0.000000E+00,NULL,NULL,NULL,NULL,1, 0.000000E+00,0,data,8
47964,18195,940613,1609,94C2, 9.127400E+01,33,6,39,33,6,-7.449374E-02, 3.629054E+00, 1.835213E+00, 6.820569E+01, 6.730439E+01, 2.039527E+00, 1.041660E+00, 4.563630E+00, 2.633412E+00, 7.315634E+01, 6.226458E+01, 3.678516E+00, 4.669822E-01,6, 2.893075E-01,1, 0.000000E+00,0, 0.000000E+00,2, 3.290576E+00, 8.051609E-01, 2.485415E+00,NULL,NULL,1,data,8
47964,18201,940613,1611,94C2, 9.127400E+01,0,3,3,0,3, 0.000000E+00, 0.000000E+00, 0.000000E+00, 0.000000E+00, 0.000000E+00, 0.000000E+00,-4.975997E-01,-1.541293E-01, 1.012844E+01, 1.020732E+02, 0.000000E+00, 1.020732E+02, 0.000000E+00,NULL,NULL,NULL,NULL,0, 0.000000E+00,NULL,NULL,NULL,NULL,3, 1.020732E+02,0,data,8
47964,18213,940613,1618,94C2, 9.127400E+01,28,19,47,28,19, 4.061306E+00, 1.107542E+01, 1.266591E+00, 4.869572E+01, 4.807193E+01, 1.716855E+00,-3.848261E-01,-3.329096E+00,-1.571284E+00, 9.115705E+01, 4.574981E+01, 3.295952E+01, 0.000000E+00,19, 4.753203E+00,1, 0.000000E+00,0, 0.000000E+00,15, 3.499165E+01, 4.326417E-01, 1.362118E+01,NULL,NULL,1,data,8
47964,18214,940613,1618,94C2, 9.127400E+01,13,15,28,13,15,-1.179627E+01, 1.335040E+01,-2.516311E+01, 4.952050E+01, 4.935598E+01, 3.796614E+00,-6.372778E+00, 7.542967E+00,-1.182831E+01, 8.502723E+01, 1.740077E+01, 3.550673E+01, 0.000000E+00,0, 0.000000E+00,17, 2.920205E+01,0, 0.000000E+00,NULL,NULL,NULL,NULL,NULL,NULL,0,data,8
47964,18215,940613,1622,94C2, 9.127400E+01,0,2,2,0,2, 0.000000E+00, 0.000000E+00, 0.000000E+00, 0.000000E+00, 0.000000E+00, 0.000000E+00, 1.433889E-01, 7.467484E-02,-1.496170E+00, 8.942521E+01, 0.000000E+00, 8.942521E+01, 0.000000E+00,NULL,NULL,NULL,NULL,0, 0.000000E+00,NULL,NULL,NULL,NULL,2, 8.942521E+01,0,data,8
47964,18217,940613,1622,94C2, 9.127400E+01,0,2,2,0,2, 0.000000E+00, 0.000000E+00, 0.000000E+00, 0.000000E+00, 0.000000E+00, 0.000000E+00, 6.970036E-02,-2.285817E-01,-3.898525E+00, 9.162592E+01, 0.000000E+00, 9.162592E+01, 0.000000E+00,NULL,NULL,NULL,NULL,0, 0.000000E+00,NULL,NULL,NULL,NULL,2, 9.162592E+01,0,data,8
47964,18218,940613,1622,94C2, 9.127400E+01,2,0,2,2,0,-4.923549E-02, 1.093880E-01, 4.162755E+00, 4.346118E+00, 4.337081E+00, 2.168540E+00,-4.923549E-02, 1.093880E-01, 4.162755E+00, 4.346118E+00, 0.000000E+00, 0.000000E+00, 0.000000E+00,0, 0.000000E+00,2, 9.808258E-01,0, 0.000000E+00,NULL,NULL,NULL,NULL,NULL,NULL,0,data,8
47964,18226,940613,1627,94C2, 9.127400E+01,0,3,3,0,3, 0.000000E+00, 0.000000E+00, 0.000000E+00, 0.000000E+00, 0.000000E+00, 0.000000E+00, 4.031539E-02, 6.100678E-02,-3.025055E-02, 9.011170E+01, 0.000000E+00, 9.011170E+01, 0.000000E+00,NULL,NULL,NULL,NULL,0, 0.000000E+00,NULL,NULL,NULL,NULL,3, 9.011170E+01,0,data,8
47964,18227,940613,1627,94C2, 9.127400E+01,0,2,2,0,2, 0.000000E+00, 0.000000E+00, 0.000000E+00, 0.000000E+00, 0.000000E+00, 0.000000E+00, 1.320252E-01, 9.566951E-02,-1.338436E+00, 9.007685E+01, 0.000000E+00, 9.007685E+01, 0.000000E+00,NULL,NULL,NULL,NULL,0, 0.000000E+00,NULL,NULL,NULL,NULL,2, 9.007685E+01,0,data,8
47964,18231,940613,1627,94C2, 9.127400E+01,0,2,2,0,2, 0.000000E+00, 0.000000E+00, 0.000000E+00, 0.000000E+00, 0.000000E+00, 0.000000E+00, 1.796132E-02, 1.305733E-01,-1.819172E+00, 9.143555E+01, 0.000000E+00, 9.143555E+01, 0.000000E+00,NULL,NULL,NULL,NULL,0, 0.000000E+00,NULL,NULL,NULL,NULL,2, 9.143555E+01,0,data,8
47964,18232,940613,1627,94C2, 9.127400E+01,0,3,3,0,3, 0.000000E+00, 0.000000E+00, 0.000000E+00, 0.000000E+00, 0.000000E+00, 0.000000E+00, 2.044347E+00,-9.057479E-02,-8.397807E+00, 1.062434E+01, 0.000000E+00, 1.062434E+01, 0.000000E+00,0, 0.000000E+00,1, 0.000000E+00,0, 0.000000E+00,NULL,NULL,NULL,NULL,2, 5.638786E+00,0,data,8
47964,18233,940613,1628,94C2, 9.127400E+01,2,0,2,2,0,-3.630257E-01,-2.183684E+00, 2.895360E+00, 5.555023E+00, 5.542814E+00, 2.771407E+00,-3.630257E-01,-2.183684E+00, 2.895360E+00, 5.555023E+00, 0.000000E+00, 0.000000E+00, 0.000000E+00,NULL,NULL,NULL,NULL,0, 0.000000E+00,NULL,NULL,NULL,NULL,NULL,NULL,0,data,8
47964,18235,940613,1628,94C2, 9.127400E+01,18,11,29,18,11, 3.231441E+00,-9.878911E+00,-6.757926E+00, 6.869272E+01, 6.850770E+01, 3.805983E+00, 1.036700E+00,-3.073132E+00,-1.705240E+00, 8.934434E+01, 6.786163E+01, 1.897200E+01, 1.679622E+00,12, 1.090707E+01,0, 0.000000E+00,0, 0.000000E+00,6, 1.129693E+01, 8.176097E-01, 3.190618E+00,NULL,NULL,1,data,8
47964,18238,940613,1631,94C2, 9.127400E+01,31,9,40,31,9,-2.205457E+00, 3.461496E+00,-1.049765E+01, 7.504541E+01, 7.435365E+01, 2.398505E+00,-8.123362E-01, 3.305355E-01,-4.098050E+00, 8.847059E+01, 5.885305E+01, 4.470821E+00, 8.017822E+00,1, 0.000000E+00,9, 2.567255E+01,0, 0.000000E+00,1, 9.365279E-01, 9.365279E-01, 9.365279E-01,NULL,NULL,1,data,8
47964,18239,940613,1631,94C2, 9.127400E+01,0,2,2,0,2, 0.000000E+00, 0.000000E+00, 0.000000E+00, 0.000000E+00, 0.000000E+00, 0.000000E+00, 1.958132E-03, 2.400994E-02, 6.716385E-01, 9.191908E+01, 0.000000E+00, 9.191908E+01, 0.000000E+00,NULL,NULL,NULL,NULL,0, 0.000000E+00,NULL,NULL,NULL,NULL,2, 9.191908E+01,0,data,8
47964,18242,940613,1631,94C2, 9.127400E+01,0,2,2,0,2, 0.000000E+00, 0.000000E+00, 0.000000E+00, 0.000000E+00, 0.000000E+00, 0.000000E+00, 4.056215E-02,-7.506251E-02,-6.974411E-01, 8.893562E+01, 0.000000E+00, 8.893562E+01, 0.000000E+00,NULL,NULL,NULL,NULL,0, 0.000000E+00,NULL,NULL,NULL,NULL,2, 8.893562E+01,0,data,8
47964,18243,940613,1631,94C2, 9.127400E+01,27,10,37,27,10,-1.973705E+01,-1.872732E+00, 1.058007E+01, 6.814369E+01, 6.748672E+01, 2.499508E+00, 6.762640E-01,-6.667857E-01,-1.116891E+00, 9.214739E+01, 6.544722E+01, 1.962264E+01, 9.834900E-01,10, 1.470397E-01,0, 0.000000E+00,0, 0.000000E+00,7, 2.023359E+01, 4.199270E-01, 1.135267E+01,NULL,NULL,1,data,8
47964,18245,940613,1633,94C2, 9.127400E+01,40,26,66,40,26, 1.452811E+00, 4.354678E+00, 7.490467E+00, 7.577645E+01, 7.505878E+01, 1.876470E+00, 3.794850E+00, 1.199938E+01, 8.923935E+00, 1.068073E+02, 7.315147E+01, 2.701165E+01, 2.180170E+00,20, 2.482393E+00,4, 0.000000E+00,0, 0.000000E+00,16, 2.458646E+01, 4.962182E-01, 4.228961E+00,NULL,NULL,1,data,8
47964,18247,940613,1636,94C2, 9.127400E+01,2,0,2,2,0, 1.477736E+01,-1.749207E+02, 9.405710E+01, 2.877844E+02, 2.877841E+02, 1.438921E+02, 1.477736E+01,-1.749207E+02, 9.405710E+01, 2.877844E+02, 0.000000E+00, 0.000000E+00, 0.000000E+00,2, 3.984850E-01,0, 0.000000E+00,0, 0.000000E+00,NULL,NULL,NULL,NULL,NULL,NULL,0,data,8
47964,18252,940613,1636,94C2, 9.127400E+01,0,2,2,0,2, 0.000000E+00, 0.000000E+00, 0.000000E+00, 0.000000E+00, 0.000000E+00, 0.000000E+00,-2.036905E-01,-1.686589E-01, 3.198006E+00, 9.129858E+01, 0.000000E+00, 9.129858E+01, 0.000000E+00,NULL,NULL,NULL,NULL,0, 0.000000E+00,NULL,NULL,NULL,NULL,2, 9.129858E+01,0,data,8
47964,18254,940613,1642,94C2, 9.127400E+01,4,1,5,4,1,-1.253109E-01, 1.470203E-01,-2.370702E+00, 2.850937E+00, 2.789953E+00, 6.974881E-01, 2.495225E+00,-6.802732E+00,-2.600917E+00, 1.028190E+01, 3.205717E+00, 0.000000E+00, 7.430967E+00,0, 0.000000E+00,1, 0.000000E+00,0, 0.000000E+00,NULL,NULL,NULL,NULL,NULL,NULL,0,data,8
47964,18258,940613,1642,94C2, 9.127400E+01,0,2,2,0,2, 0.000000E+00, 0.000000E+00, 0.000000E+00, 0.000000E+00, 0.000000E+00, 0.000000E+00,-2.061002E-02,-3.484654E-02,-8.169136E-01, 8.696085E+01, 0.000000E+00, 8.696085E+01, 0.000000E+00,NULL,NULL,NULL,NULL,0, 0.000000E+00,NULL,NULL,NULL,NULL,2, 8.696085E+01,0,data,8
47964,18260,940613,1642,94C2, 9.127400E+01,0,2,2,0,2, 0.000000E+00, 0.000000E+00, 0.000000E+00, 0.000000E+00, 0.000000E+00, 0.000000E+00,-3.684163E-04, 1.845219E-01,-2.916302E+00, 9.213387E+01, 0.000000E+00, 9.213387E+01, 0.000000E+00,NULL,NULL,NULL,NULL,0, 0.000000E+00,NULL,NULL,NULL,NULL,2, 9.213387E+01,0,data,8
47964,18262,940613,1642,94C2, 9.127400E+01,3,1,4,3,1, 1.980251E-01,-7.962993E-01,-7.406682E-02, 1.280629E+00, 1.191665E+00, 3.972217E-01, 1.942512E-01,-7.361609E-01,-1.547465E+00, 2.755259E+00, 1.061727E+00, 1.474630E+00, 0.000000E+00,1, 3.215420E-01,0, 0.000000E+00,0, 0.000000E+00,NULL,NULL,NULL,NULL,1, 0.000000E+00,0,data,8
47964,18266,940613,1646,94C2, 9.127400E+01,2,1,3,2,1, 1.013890E+00,-2.376520E+00, 1.542549E+00, 2.879641E+01, 2.879505E+01, 1.439752E+01, 1.149516E+00,-2.473708E+00, 1.620904E+00, 2.898075E+01, 0.000000E+00, 1.843351E-01, 0.000000E+00,2, 1.924490E-01,0, 0.000000E+00,0, 0.000000E+00,NULL,NULL,NULL,NULL,NULL,NULL,0,data,8
47964,18267,940613,1646,94C2, 9.127400E+01,0,2,2,0,2, 0.000000E+00, 0.000000E+00, 0.000000E+00, 0.000000E+00, 0.000000E+00, 0.000000E+00, 5.994201E-02,-2.775395E-02, 2.356033E-01, 8.903253E+01, 0.000000E+00, 8.903253E+01, 0.000000E+00,NULL,NULL,NULL,NULL,0, 0.000000E+00,NULL,NULL,NULL,NULL,2, 8.903253E+01,0,data,8
47964,18269,940613,1646,94C2, 9.127400E+01,6,2,8,6,2, 1.447910E+01,-1.967804E-01, 3.818765E+01, 5.823833E+01, 5.822310E+01, 9.703850E+00, 1.445130E+01,-1.614426E-01, 3.867094E+01, 5.914322E+01, 2.680091E+01, 9.048791E-01, 0.000000E+00,0, 0.000000E+00,4, 7.206097E+01,0, 0.000000E+00,NULL,NULL,NULL,NULL,1, 0.000000E+00,0,data,8
47964,18270,940613,1646,94C2, 9.127400E+01,3,4,7,3,4, 4.358120E+00,-1.442144E+00,-7.371384E+00, 9.160089E+00, 9.034801E+00, 3.011600E+00, 4.495190E+00,-1.440800E+00,-8.594069E+00, 1.496550E+01, 8.717514E+00, 5.805405E+00, 0.000000E+00,NULL,NULL,NULL,NULL,0, 0.000000E+00,NULL,NULL,NULL,NULL,2, 0.000000E+00,0,data,8
47964,18271,940613,1648,94C2, 9.127400E+01,7,4,11,7,4, 8.719005E-02,-8.708173E-01, 2.059554E+00, 4.663021E+00, 4.538458E+00, 6.483511E-01, 4.775950E-02,-4.106819E-01, 1.725169E+01, 1.990616E+01, 5.232932E+00, 1.524314E+01, 0.000000E+00,NULL,NULL,NULL,NULL,0, 0.000000E+00,NULL,NULL,NULL,NULL,4, 0.000000E+00,0,data,8
47964,18273,940613,1648,94C2, 9.127400E+01,22,22,44,22,22,-1.371995E+00,-3.150744E+00, 1.147709E+00, 3.246837E+01, 3.205720E+01, 1.457146E+00,-4.214660E+00,-1.416827E+00,-4.401226E-01, 7.316671E+01, 3.016783E+01, 2.902031E+01, 1.167803E+01,3, 0.000000E+00,13, 3.861775E+00,0, 0.000000E+00,1, 1.378605E+00, 1.378605E+00, 1.378605E+00,3, 0.000000E+00,1,data,8
47964,18275,940613,1649,94C2, 9.127400E+01,24,7,31,24,7,-1.475754E+00, 1.121094E+00,-2.252257E+01, 2.970621E+01, 2.929065E+01, 1.220444E+00,-2.742425E+00, 9.976733E-01,-3.486063E+01, 4.282039E+01, 1.733317E+01, 1.189508E+01, 1.219100E+00,0, 0.000000E+00,8, 8.165525E-01,0, 0.000000E+00,NULL,NULL,NULL,NULL,1, 0.000000E+00,1,data,8
47964,18276,940613,1649,94C2, 9.127400E+01,2,1,3,2,1,-3.603199E+00,-9.401601E+00,-3.624884E+01, 1.051488E+02, 1.051483E+02, 5.257417E+01,-3.457424E+00,-9.621237E+00,-3.670282E+01, 1.056737E+02, 0.000000E+00, 5.249566E-01, 0.000000E+00,0, 0.000000E+00,3, 1.457515E+00,0, 0.000000E+00,NULL,NULL,NULL,NULL,NULL,NULL,0,data,8
47964,18278,940613,1649,94C2, 9.127400E+01,0,2,2,0,2, 0.000000E+00, 0.000000E+00, 0.000000E+00, 0.000000E+00, 0.000000E+00, 0.000000E+00,-3.798068E-02, 6.673503E-02,-1.543655E+00, 9.229745E+01, 0.000000E+00, 9.229745E+01, 0.000000E+00,NULL,NULL,NULL,NULL,0, 0.000000E+00,NULL,NULL,NULL,NULL,2, 9.229745E+01,0,data,8
47964,18281,940613,1653,94C2, 9.127400E+01,0,2,2,0,2, 0.000000E+00, 0.000000E+00, 0.000000E+00, 0.000000E+00, 0.000000E+00, 0.000000E+00, 1.928902E-02, 7.345212E-02, 1.184864E+00, 9.572721E+01, 0.000000E+00, 9.572721E+01, 0.000000E+00,NULL,NULL,NULL,NULL,0, 0.000000E+00,NULL,NULL,NULL,NULL,2, 9.572721E+01,0,data,8
47964,18283,940613,1653,94C2, 9.127400E+01,0,2,2,0,2, 0.000000E+00, 0.000000E+00, 0.000000E+00, 0.000000E+00, 0.000000E+00, 0.000000E+00, 2.871609E-02,-6.223679E-03, 1.107224E+00, 9.391100E+01, 0.000000E+00, 9.391100E+01, 0.000000E+00,NULL,NULL,NULL,NULL,0, 0.000000E+00,NULL,NULL,NULL,NULL,2, 9.391100E+01,0,data,8
47964,18286,940613,1653,94C2, 9.127400E+01,2,1,3,2,1,-2.912903E-02, 5.648155E-01, 1.875811E-01, 8.480412E+01, 8.480367E+01, 4.240183E+01, 7.097705E-02,-3.863275E-02, 6.204100E-02, 8.542857E+01, 8.480367E+01, 0.000000E+00, 6.244448E-01,2, 8.308582E+01,0, 0.000000E+00,0, 0.000000E+00,NULL,NULL,NULL,NULL,NULL,NULL,0,data,8
47964,18287,940613,1653,94C2, 9.127400E+01,2,2,4,2,2, 6.830011E-02, 3.410824E+00,-5.872435E+00, 6.800164E+00, 6.793253E+00, 3.396626E+00, 8.315481E-02, 1.018717E+00,-4.831361E+01, 4.944472E+01, 6.823449E+00, 4.264456E+01, 0.000000E+00,0, 0.000000E+00,3, 4.152617E+00,0, 0.000000E+00,NULL,NULL,NULL,NULL,1, 0.000000E+00,0,data,8
47964,18290,940613,1656,94C2, 9.127400E+01,0,2,2,0,2, 0.000000E+00, 0.000000E+00, 0.000000E+00, 0.000000E+00, 0.000000E+00, 0.000000E+00, 1.292102E-01, 7.045865E-02,-4.730797E-01, 9.211782E+01, 0.000000E+00, 9.211782E+01, 0.000000E+00,NULL,NULL,NULL,NULL,0, 0.000000E+00,NULL,NULL,NULL,NULL,2, 9.211782E+01,0,data,8
47964,18294,940613,1656,94C2, 9.127400E+01,2,2,4,2,2,-1.578391E-01, 2.475941E-02, 3.211760E+00, 3.506749E+00, 3.492307E+00, 1.746154E+00,-3.984693E-01,-7.681555E-02, 3.689156E+00, 4.104409E+00, 9.174649E-01, 0.000000E+00, 5.976601E-01,0, 0.000000E+00,1, 0.000000E+00,0, 0.000000E+00,NULL,NULL,NULL,NULL,NULL,NULL,0,data,8
47964,18295,940613,1656,94C2, 9.127400E+01,4,7,11,4,7, 7.108386E+00, 6.498415E+00,-1.396637E+01, 1.003406E+02, 1.003347E+02, 2.508367E+01, 6.080811E+00, 5.507408E+00,-1.185825E+01, 1.070702E+02, 1.003530E+02, 6.729646E+00, 0.000000E+00,0, 0.000000E+00,10, 6.667520E+01,0, 0.000000E+00,NULL,NULL,NULL,NULL,NULL,NULL,0,data,8
47964,18301,940613,1700,94C2, 9.127400E+01,35,17,52,35,17, 1.278272E+01,-1.189227E+01, 6.765020E+00, 7.178773E+01, 7.137254E+01, 2.039215E+00, 3.562241E-02, 1.523687E+00,-2.702978E+00, 1.067427E+02, 5.255021E+01, 9.311999E+00, 2.564299E+01,8, 1.709193E+00,7, 0.000000E+00,0, 0.000000E+00,3, 2.533291E+00, 5.607699E-01, 9.964792E-01,NULL,NULL,1,data,8
47964,18302,940613,1702,94C2, 9.127400E+01,0,2,2,0,2, 0.000000E+00, 0.000000E+00, 0.000000E+00, 0.000000E+00, 0.000000E+00, 0.000000E+00, 1.451272E-02,-1.269974E-01, 4.444111E+00, 8.684204E+01, 0.000000E+00, 8.684204E+01, 0.000000E+00,NULL,NULL,NULL,NULL,0, 0.000000E+00,NULL,NULL,NULL,NULL,2, 8.684204E+01,0,data,8
47964,18305,940613,1702,94C2, 9.127400E+01,2,0,2,2,0,-2.135146E-02, 2.434235E-01,-9.718919E-02, 2.112555E+01, 2.112370E+01, 1.056185E+01,-2.135146E-02, 2.434235E-01,-9.718919E-02, 2.112555E+01, 0.000000E+00, 0.000000E+00, 0.000000E+00,1, 0.000000E+00,0, 0.000000E+00,0, 0.000000E+00,NULL,NULL,NULL,NULL,NULL,NULL,0,data,8
47964,18309,940613,1702,94C2, 9.127400E+01,3,4,7,3,4,-2.970610E-01, 5.479485E-01, 2.903350E+00, 3.322735E+00, 3.294170E+00, 1.098057E+00,-4.654705E-01, 4.944501E-01, 8.721979E+00, 9.188532E+00, 1.875651E+00, 5.865796E+00, 0.000000E+00,0, 0.000000E+00,2, 5.365242E-01,0, 0.000000E+00,NULL,NULL,NULL,NULL,3, 0.000000E+00,0,data,8
47964,18314,940613,1707,94C2, 9.127400E+01,0,2,2,0,2, 0.000000E+00, 0.000000E+00, 0.000000E+00, 0.000000E+00, 0.000000E+00, 0.000000E+00,-1.439878E-01, 7.898855E-02, 6.080513E-01, 9.216206E+01, 0.000000E+00, 9.216206E+01, 0.000000E+00,NULL,NULL,NULL,NULL,0, 0.000000E+00,NULL,NULL,NULL,NULL,2, 9.216206E+01,0,data,8
47964,18317,940613,1710,94C2, 9.127400E+01,0,2,2,0,2, 0.000000E+00, 0.000000E+00, 0.000000E+00, 0.000000E+00, 0.000000E+00, 0.000000E+00,-4.122370E-02,-1.077437E+00,-7.476376E+00, 1.009977E+02, 0.000000E+00, 1.009977E+02, 0.000000E+00,NULL,NULL,NULL,NULL,0, 0.000000E+00,NULL,NULL,NULL,NULL,2, 1.009977E+02,0,data,8
47964,18322,940613,1710,94C2, 9.127400E+01,33,21,54,33,21,-2.728458E+00, 7.971388E-01, 1.882325E+01, 3.759912E+01, 3.694099E+01, 1.119424E+00,-4.464155E-02, 7.973573E-01, 1.359996E+01, 6.115356E+01, 2.293358E+01, 1.969000E+01, 3.076730E+00,5, 9.978239E-02,12, 1.567035E+00,0, 0.000000E+00,3, 4.260068E+00, 7.877029E-01, 2.380672E+00,2, 0.000000E+00,1,data,8
47964,18325,940613,1715,94C2, 9.127400E+01,2,3,5,2,3, 4.907115E+00,-5.961771E+00,-4.669721E+00, 3.066566E+01, 3.066426E+01, 1.533213E+01, 1.541800E+01,-1.796797E+01,-1.448512E+01, 5.163054E+01, 3.066527E+01, 2.078307E+01, 1.818050E-01,4, 2.934012E+01,0, 0.000000E+00,0, 0.000000E+00,2, 2.078307E+01, 9.651150E-01, 1.981796E+01,NULL,NULL,0,data,8
47964,18328,940613,1715,94C2, 9.127400E+01,0,3,3,0,3, 0.000000E+00, 0.000000E+00, 0.000000E+00, 0.000000E+00, 0.000000E+00, 0.000000E+00,-7.811189E-02, 1.077974E-01, 7.726097E-01, 8.873531E+01, 0.000000E+00, 8.873531E+01, 0.000000E+00,NULL,NULL,NULL,NULL,0, 0.000000E+00,NULL,NULL,NULL,NULL,3, 8.873531E+01,0,data,8
47964,18331,940613,1717,94C2, 9.127400E+01,38,18,56,38,18,-3.607104E+00, 2.131432E+01, 7.289664E+00, 3.537027E+01, 3.442788E+01, 9.059967E-01,-1.261371E+00, 2.578182E+00, 3.742164E+00, 8.107092E+01, 2.732150E+01, 2.595094E+01, 1.747552E+01,18, 3.901940E+00,0, 0.000000E+00,0, 0.000000E+00,12, 2.737785E+01, 4.316311E-01, 1.067106E+01,NULL,NULL,1,data,8
47964,18334,940613,1720,94C2, 9.127400E+01,0,2,2,0,2, 0.000000E+00, 0.000000E+00, 0.000000E+00, 0.000000E+00, 0.000000E+00, 0.000000E+00, 4.196415E-01, 3.848028E-02, 2.126213E+00, 8.698744E+01, 0.000000E+00, 8.698744E+01, 0.000000E+00,NULL,NULL,NULL,NULL,0, 0.000000E+00,NULL,NULL,NULL,NULL,2, 8.698744E+01,0,data,8
47964,18335,940613,1720,94C2, 9.127400E+01,0,2,2,0,2, 0.000000E+00, 0.000000E+00, 0.000000E+00, 0.000000E+00, 0.000000E+00, 0.000000E+00, 5.566916E-02,-5.597878E-02, 1.192398E+00, 8.953506E+01, 0.000000E+00, 8.953506E+01, 0.000000E+00,NULL,NULL,NULL,NULL,0, 0.000000E+00,NULL,NULL,NULL,NULL,2, 8.953506E+01,0,data,8
47964,18339,940613,1720,94C2, 9.127400E+01,0,2,2,0,2, 0.000000E+00, 0.000000E+00, 0.000000E+00, 0.000000E+00, 0.000000E+00, 0.000000E+00,-3.211975E-03,-1.608980E-01, 3.182087E+00, 8.958228E+01, 0.000000E+00, 8.958228E+01, 0.000000E+00,NULL,NULL,NULL,NULL,0, 0.000000E+00,NULL,NULL,NULL,NULL,2, 8.958228E+01,0,data,8
47964,18344,940613,1723,94C2, 9.127400E+01,7,8,15,7,8, 7.453144E-02,-1.476018E+00, 3.203560E+00, 4.858266E+00, 4.698557E+00, 6.712225E-01, 7.922221E-01, 1.201098E+00, 1.863051E+01, 2.059868E+01, 4.319473E+00, 4.372989E+00, 1.136742E+01,0, 0.000000E+00,2, 0.000000E+00,0, 0.000000E+00,NULL,NULL,NULL,NULL,5, 0.000000E+00,0,data,8
47964,18346,940613,1723,94C2, 9.127400E+01,0,2,2,0,2, 0.000000E+00, 0.000000E+00, 0.000000E+00, 0.000000E+00, 0.000000E+00, 0.000000E+00,-7.227969E-02, 9.284794E-02,-1.623001E+00, 8.990732E+01, 0.000000E+00, 8.990732E+01, 0.000000E+00,NULL,NULL,NULL,NULL,0, 0.000000E+00,NULL,NULL,NULL,NULL,2, 8.990732E+01,0,data,8
47964,18349,940613,1725,94C2, 9.127400E+01,0,2,2,0,2, 0.000000E+00, 0.000000E+00, 0.000000E+00, 0.000000E+00, 0.000000E+00, 0.000000E+00, 1.159300E-01, 2.136111E-02, 6.130714E-01, 9.067858E+01, 0.000000E+00, 9.067858E+01, 0.000000E+00,NULL,NULL,NULL,NULL,0, 0.000000E+00,NULL,NULL,NULL,NULL,2, 9.067858E+01,0,data,8
47964,18355,940613,1728,94C2, 9.127400E+01,0,2,2,0,2, 0.000000E+00, 0.000000E+00, 0.000000E+00, 0.000000E+00, 0.000000E+00, 0.000000E+00, 1.110597E-01, 1.038623E-02,-2.413567E+00, 8.985870E+01, 0.000000E+00, 8.985870E+01, 0.000000E+00,NULL,NULL,NULL,NULL,0, 0.000000E+00,NULL,NULL,NULL,NULL,2, 8.985870E+01,0,data,8
47964,18368,940613,1732,94C2, 9.127400E+01,0,2,2,0,2, 0.000000E+00, 0.000000E+00, 0.000000E+00, 0.000000E+00, 0.000000E+00, 0.000000E+00, 6.532729E-03, 5.127454E-02,-1.483721E+01, 7.528625E+01, 0.000000E+00, 7.528625E+01, 0.000000E+00,NULL,NULL,NULL,NULL,0, 0.000000E+00,NULL,NULL,NULL,NULL,2, 7.528625E+01,0,data,8
47964,18372,940613,1734,94C2, 9.127400E+01,24,16,40,24,16,-2.147814E+00, 3.506309E+00,-8.259612E+00, 6.240219E+01, 6.203069E+01, 2.584612E+00,-2.061868E+00, 7.675520E+00,-1.310754E+01, 8.934581E+01, 5.083530E+01, 1.929917E+01, 6.676267E+00,1, 0.000000E+00,18, 1.031221E+01,0, 0.000000E+00,1, 9.681808E-01, 9.681808E-01, 9.681808E-01,NULL,NULL,1,data,8
47964,18375,940613,1739,94C2, 9.127400E+01,0,2,2,0,2, 0.000000E+00, 0.000000E+00, 0.000000E+00, 0.000000E+00, 0.000000E+00, 0.000000E+00,-5.742884E-02, 2.833819E-02, 1.128635E+00, 9.129570E+01, 0.000000E+00, 9.129570E+01, 0.000000E+00,NULL,NULL,NULL,NULL,0, 0.000000E+00,NULL,NULL,NULL,NULL,2, 9.129570E+01,0,data,8
47964,18376,940613,1739,94C2, 9.127400E+01,0,2,2,0,2, 0.000000E+00, 0.000000E+00, 0.000000E+00, 0.000000E+00, 0.000000E+00, 0.000000E+00, 2.177274E-01,-3.820002E-02, 2.638798E+00, 9.196344E+01, 0.000000E+00, 9.196344E+01, 0.000000E+00,NULL,NULL,NULL,NULL,0, 0.000000E+00,NULL,NULL,NULL,NULL,2, 9.196344E+01,0,data,8
47964,18377,940613,1740,94C2, 9.127400E+01,0,2,2,0,2, 0.000000E+00, 0.000000E+00, 0.000000E+00, 0.000000E+00, 0.000000E+00, 0.000000E+00,-8.708692E-01, 2.338503E+00,-1.665435E+01, 9.469047E+01, 0.000000E+00, 9.469047E+01, 0.000000E+00,NULL,NULL,NULL,NULL,0, 0.000000E+00,NULL,NULL,NULL,NULL,2, 9.469047E+01,0,data,8
47964,18379,940613,1740,94C2, 9.127400E+01,0,2,2,0,2, 0.000000E+00, 0.000000E+00, 0.000000E+00, 0.000000E+00, 0.000000E+00, 0.000000E+00,-2.308393E-02, 1.145108E-01, 1.244526E+00, 8.854768E+01, 0.000000E+00, 8.854768E+01, 0.000000E+00,NULL,NULL,NULL,NULL,0, 0.000000E+00,NULL,NULL,NULL,NULL,2, 8.854768E+01,0,data,8
47964,18381,940613,1740,94C2, 9.127400E+01,0,2,2,0,2, 0.000000E+00, 0.000000E+00, 0.000000E+00, 0.000000E+00, 0.000000E+00, 0.000000E+00, 5.927858E-02,-1.622391E-02,-9.848099E-01, 9.415005E+01, 0.000000E+00, 9.415005E+01, 0.000000E+00,NULL,NULL,NULL,NULL,0, 0.000000E+00,NULL,NULL,NULL,NULL,2, 9.415005E+01,0,data,8
47964,18384,940613,1740,94C2, 9.127400E+01,0,2,2,0,2, 0.000000E+00, 0.000000E+00, 0.000000E+00, 0.000000E+00, 0.000000E+00, 0.000000E+00, 1.166244E-01, 9.279633E-02,-1.278389E+00, 9.161775E+01, 0.000000E+00, 9.161775E+01, 0.000000E+00,NULL,NULL,NULL,NULL,0, 0.000000E+00,NULL,NULL,NULL,NULL,2, 9.161775E+01,0,data,8
47964,18385,940613,1740,94C2, 9.127400E+01,5,6,11,5,6, 4.146008E+00,-6.639560E+00, 3.179002E+01, 4.127053E+01, 4.124863E+01, 8.249726E+00,-9.676881E-01,-2.787542E-02,-3.970047E+00, 8.114185E+01, 0.000000E+00, 3.987132E+01, 0.000000E+00,0, 0.000000E+00,8, 4.736073E+01,0, 0.000000E+00,NULL,NULL,NULL,NULL,1, 0.000000E+00,0,data,8
47964,18386,940613,1740,94C2, 9.127400E+01,23,15,38,23,15,-7.557208E+00, 3.287935E+00, 9.107533E+00, 4.682485E+01, 4.641069E+01, 2.017856E+00,-4.574996E+00,-1.450839E+00, 5.946734E+00, 8.581292E+01, 4.383928E+01, 1.408403E+01, 2.447320E+01,15, 3.223737E+00,0, 0.000000E+00,0, 0.000000E+00,7, 1.290206E+01, 5.263399E-01, 3.754256E+00,1, 0.000000E+00,1,data,8
47964,18390,940613,1743,94C2, 9.127400E+01,5,3,8,5,3,-3.014990E+01, 9.903558E+00,-1.054742E+02, 1.587866E+02, 1.587655E+02, 3.175311E+01,-2.498882E+01, 8.137562E+00,-8.745986E+01, 1.776161E+02, 0.000000E+00, 2.897652E+00, 1.597059E+01,0, 0.000000E+00,5, 7.681839E+01,0, 0.000000E+00,NULL,NULL,NULL,NULL,NULL,NULL,0,data,8
47964,18391,940613,1743,94C2, 9.127400E+01,11,15,26,11,15, 5.055798E+00, 1.105685E+01,-1.021144E+01, 2.575871E+01, 2.565678E+01, 2.332435E+00,-3.497985E+00, 5.899903E-01, 9.001702E-01, 5.757746E+01, 2.242824E+01, 1.519119E+01, 9.932507E+00,11, 9.357956E+00,0, 0.000000E+00,0, 0.000000E+00,8, 2.135906E+01, 5.114383E-01, 4.754684E+00,NULL,NULL,1,data,8
47964,18395,940613,1746,94C2, 9.127400E+01,8,4,12,8,4, 6.630831E-01, 1.269783E+00, 7.904108E-02, 3.377984E+00, 3.091368E+00, 3.864210E-01, 2.449626E-01, 1.200909E+00, 2.101874E+00, 8.878077E+00, 2.257318E+00, 4.035470E+00, 1.464623E+00,0, 0.000000E+00,1, 0.000000E+00,0, 0.000000E+00,NULL,NULL,NULL,NULL,1, 0.000000E+00,0,data,8
47964,18396,940613,1746,94C2, 9.127400E+01,0,2,2,0,2, 0.000000E+00, 0.000000E+00, 0.000000E+00, 0.000000E+00, 0.000000E+00, 0.000000E+00, 3.977537E-02,-2.702713E-03,-1.012535E-01, 9.079721E+01, 0.000000E+00, 9.079721E+01, 0.000000E+00,NULL,NULL,NULL,NULL,0, 0.000000E+00,NULL,NULL,NULL,NULL,2, 9.079721E+01,0,data,8
47964,18398,940613,1746,94C2, 9.127400E+01,0,2,2,0,2, 0.000000E+00, 0.000000E+00, 0.000000E+00, 0.000000E+00, 0.000000E+00, 0.000000E+00, 4.764581E-02,-3.506935E-02, 6.333466E-01, 9.178172E+01, 0.000000E+00, 9.178172E+01, 0.000000E+00,NULL,NULL,NULL,NULL,0, 0.000000E+00,NULL,NULL,NULL,NULL,2, 9.178172E+01,0,data,8
47964,18402,940613,1748,94C2, 9.127400E+01,0,8,8,0,8, 0.000000E+00, 0.000000E+00, 0.000000E+00, 0.000000E+00, 0.000000E+00, 0.000000E+00, 3.979080E+00, 1.019157E+01,-2.347234E+00, 1.405865E+01, 0.000000E+00, 1.369631E+01, 0.000000E+00,5, 8.463245E+00,0, 0.000000E+00,0, 0.000000E+00,5, 1.189633E+01, 3.623390E-01, 7.927096E+00,2, 1.651796E+00,0,data,8
47964,18403,940613,1748,94C2, 9.127400E+01,31,18,49,31,18,-4.321105E+00, 3.934874E+00, 2.834567E+00, 5.804959E+01, 5.761623E+01, 1.858588E+00,-1.401078E+00, 4.708058E-01, 2.927421E+00, 8.847462E+01, 4.975586E+01, 2.701431E+01, 1.851308E+00,17, 2.286082E+00,0, 0.000000E+00,0, 0.000000E+00,12, 2.692986E+01, 7.654265E-01, 9.276217E+00,NULL,NULL,1,data,8
47964,18404,940613,1752,94C2, 9.127400E+01,0,2,2,0,2, 0.000000E+00, 0.000000E+00, 0.000000E+00, 0.000000E+00, 0.000000E+00, 0.000000E+00, 5.708811E-02,-5.009508E-02,-5.268288E-01, 9.360020E+01, 0.000000E+00, 9.360020E+01, 0.000000E+00,NULL,NULL,NULL,NULL,0, 0.000000E+00,NULL,NULL,NULL,NULL,2, 9.360020E+01,0,data,8
47964,18407,940613,1753,94C2, 9.127400E+01,4,8,12,4,8, 6.611924E+00,-5.224763E+00, 5.371717E+00, 6.395459E+01, 6.394033E+01, 1.598508E+01,-1.773674E+00, 4.335918E+00,-3.557785E+00, 8.060102E+01, 6.395418E+01, 7.995975E+00, 2.630041E+00,9, 2.125715E+01,0, 0.000000E+00,0, 0.000000E+00,7, 1.401638E+01, 6.493067E-01, 4.176143E+00,NULL,NULL,0,data,8
47964,18408,940613,1753,94C2, 9.127400E+01,0,2,2,0,2, 0.000000E+00, 0.000000E+00, 0.000000E+00, 0.000000E+00, 0.000000E+00, 0.000000E+00, 9.884512E-02, 1.242464E-01,-1.077789E+00, 9.284925E+01, 0.000000E+00, 9.284925E+01, 0.000000E+00,NULL,NULL,NULL,NULL,0, 0.000000E+00,NULL,NULL,NULL,NULL,2, 9.284925E+01,0,data,8
47964,18409,940613,1753,94C2, 9.127400E+01,0,4,4,0,4, 0.000000E+00, 0.000000E+00, 0.000000E+00, 0.000000E+00, 0.000000E+00, 0.000000E+00,-2.786200E-01,-8.436804E-01,-7.590321E-01, 1.065101E+01, 0.000000E+00, 1.065101E+01, 0.000000E+00,0, 0.000000E+00,2, 7.467978E-01,0, 0.000000E+00,NULL,NULL,NULL,NULL,1, 5.399836E+00,0,data,8
47964,18411,940613,1753,94C2, 9.127400E+01,6,2,8,6,2, 8.001766E-02,-3.337013E-01,-1.924217E+00, 2.677486E+00, 2.523725E+00, 4.206208E-01, 6.790382E-02, 1.513527E-01,-4.728700E+00, 5.647922E+00, 2.124461E+00, 2.970435E+00, 0.000000E+00,0, 0.000000E+00,1, 0.000000E+00,0, 0.000000E+00,NULL,NULL,NULL,NULL,NULL,NULL,0,data,8
47964,18413,940613,1754,94C2, 9.127400E+01,5,2,7,5,2, 1.655498E+01,-1.166100E+01, 5.208514E+01, 1.071325E+02, 1.071232E+02, 2.142463E+01, 1.625517E+01,-1.143749E+01, 5.104377E+01, 1.082419E+02, 4.114389E+01, 1.109398E+00, 0.000000E+00,0, 0.000000E+00,4, 5.083725E+01,0, 0.000000E+00,NULL,NULL,NULL,NULL,NULL,NULL,0,data,8
47964,18414,940613,1754,94C2, 9.127400E+01,22,15,37,22,15,-2.672182E+00, 1.431499E+01, 2.253382E+01, 5.661457E+01, 5.643298E+01, 2.565135E+00,-1.859217E+00, 9.963014E+00, 1.655835E+01, 7.016520E+01, 5.514926E+01, 1.153221E+01, 2.018415E+00,2, 8.758629E-02,15, 2.697779E+00,0, 0.000000E+00,NULL,NULL,NULL,NULL,NULL,NULL,1,data,8
47964,18416,940613,1754,94C2, 9.127400E+01,0,2,2,0,2, 0.000000E+00, 0.000000E+00, 0.000000E+00, 0.000000E+00, 0.000000E+00, 0.000000E+00,-2.485394E-02,-5.299032E-02, 1.150467E+00, 9.447964E+01, 0.000000E+00, 9.447964E+01, 0.000000E+00,NULL,NULL,NULL,NULL,0, 0.000000E+00,NULL,NULL,NULL,NULL,2, 9.447964E+01,0,data,8
47964,18418,940613,1755,94C2, 9.127400E+01,2,0,2,2,0, 1.622120E+00, 1.966672E-01,-6.429329E-01, 9.037753E+01, 9.037710E+01, 4.518855E+01, 1.622120E+00, 1.966672E-01,-6.429329E-01, 9.037753E+01, 9.037734E+01, 0.000000E+00, 0.000000E+00,NULL,NULL,NULL,NULL,0, 0.000000E+00,NULL,NULL,NULL,NULL,NULL,NULL,0,data,8
47964,18419,940613,1755,94C2, 9.127400E+01,20,18,38,20,18, 1.385823E+01, 1.832430E+01, 1.854715E+02, 1.932562E+02, 1.929435E+02, 9.647176E+00, 1.268672E+01, 1.239966E+01, 1.649278E+02, 2.246895E+02, 5.696368E+01, 1.928226E+01, 1.215106E+01,3, 5.492360E-01,17, 3.107140E+00,0, 0.000000E+00,2, 1.096739E+00, 4.255714E-01, 6.711679E-01,NULL,NULL,1,data,8
47964,18420,940613,1755,94C2, 9.127400E+01,0,2,2,0,2, 0.000000E+00, 0.000000E+00, 0.000000E+00, 0.000000E+00, 0.000000E+00, 0.000000E+00, 1.986212E-02, 2.764249E-02,-2.957096E+00, 8.795853E+01, 0.000000E+00, 8.795853E+01, 0.000000E+00,NULL,NULL,NULL,NULL,0, 0.000000E+00,NULL,NULL,NULL,NULL,2, 8.795853E+01,0,data,8
47964,18424,940613,1758,94C2, 9.127400E+01,0,2,2,0,2, 0.000000E+00, 0.000000E+00, 0.000000E+00, 0.000000E+00, 0.000000E+00, 0.000000E+00,-5.787206E-02,-1.084542E-02, 1.000019E+00, 9.188251E+01, 0.000000E+00, 9.188251E+01, 0.000000E+00,NULL,NULL,NULL,NULL,0, 0.000000E+00,NULL,NULL,NULL,NULL,2, 9.188251E+01,0,data,8
47964,18426,940613,1758,94C2, 9.127400E+01,26,27,53,26,27,-6.702366E+00,-1.875435E+01, 4.982712E+00, 4.229144E+01, 4.183626E+01, 1.609087E+00, 1.221642E+00, 3.313178E+00,-1.695905E+00, 9.885230E+01, 3.991940E+01, 2.187186E+01, 2.452372E+01,24, 2.341418E+00,0, 0.000000E+00,0, 0.000000E+00,18, 3.028627E+01, 4.891516E-01, 6.971392E+00,NULL,NULL,1,data,8
47964,18427,940613,1758,94C2, 9.127400E+01,23,13,36,23,13,-6.565757E+00,-5.378569E+00,-3.349491E+00, 5.192428E+01, 5.159365E+01, 2.243202E+00,-1.371570E+01,-8.001155E+00,-5.018627E+00, 9.057369E+01, 4.865889E+01, 2.621758E+01, 8.797881E+00,13, 6.345914E-01,0, 0.000000E+00,0, 0.000000E+00,10, 2.922285E+01, 5.709622E-01, 7.489455E+00,NULL,NULL,1,data,8
47964,18434,940613,1802,94C2, 9.127400E+01,2,1,3,2,1, 2.019312E-01,-1.311862E-02,-1.561546E+00, 2.105266E+00, 2.086679E+00, 1.043339E+00, 2.249205E-01,-8.848405E-02,-1.706730E+00, 2.270453E+00, 2.455755E+00, 0.000000E+00, 1.651877E-01,NULL,NULL,NULL,NULL,0, 0.000000E+00,NULL,NULL,NULL,NULL,NULL,NULL,0,data,8
47964,18435,940613,1802,94C2, 9.127400E+01,42,35,77,42,35, 2.378887E+00,-5.379289E+00, 2.110226E+00, 5.559540E+01, 5.456359E+01, 1.299133E+00,-1.838802E-01,-4.483019E-01,-2.252038E+00, 9.023906E+01, 4.046946E+01, 2.626701E+01, 5.282581E+00,23, 1.542496E+01,1, 0.000000E+00,0, 0.000000E+00,21, 2.184365E+01, 3.648511E-01, 3.569294E+00,NULL,NULL,1,data,8
47964,18443,940613,1807,94C2, 9.127400E+01,1,3,4,1,3, 1.063934E+00,-8.025104E-01, 3.796370E+00, 4.025901E+00, 4.023481E+00, 4.023481E+00,-2.200076E+00, 8.840852E-01,-3.942514E+01, 4.938312E+01, 0.000000E+00, 4.535722E+01, 0.000000E+00,0, 0.000000E+00,3, 1.270264E+01,0, 0.000000E+00,NULL,NULL,NULL,NULL,1, 0.000000E+00,0,data,8
47964,18444,940613,1807,94C2, 9.127400E+01,34,21,55,34,21,-9.464226E-01,-2.095747E+00, 1.054836E+01, 6.853783E+01, 6.790999E+01, 1.997353E+00, 1.139035E+01,-1.258142E+00, 2.126499E+01, 1.012049E+02, 6.343987E+01, 1.523902E+01, 1.541051E+01,9, 2.671620E+00,10, 2.342139E+00,0, 0.000000E+00,6, 4.362640E+00, 4.472872E-01, 1.141445E+00,1, 0.000000E+00,1,data,8
47964,18447,940613,1811,94C2, 9.127400E+01,0,2,2,0,2, 0.000000E+00, 0.000000E+00, 0.000000E+00, 0.000000E+00, 0.000000E+00, 0.000000E+00, 2.761674E-02, 6.780791E-02,-7.828598E-01, 9.154826E+01, 0.000000E+00, 9.154826E+01, 0.000000E+00,NULL,NULL,NULL,NULL,0, 0.000000E+00,NULL,NULL,NULL,NULL,2, 9.154826E+01,0,data,8
47964,18448,940613,1811,94C2, 9.127400E+01,0,2,2,0,2, 0.000000E+00, 0.000000E+00, 0.000000E+00, 0.000000E+00, 0.000000E+00, 0.000000E+00, 9.725159E-02, 9.076452E-02,-1.687798E+00, 9.086986E+01, 0.000000E+00, 9.086986E+01, 0.000000E+00,NULL,NULL,NULL,NULL,0, 0.000000E+00,NULL,NULL,NULL,NULL,2, 9.086986E+01,0,data,8
47964,18450,940613,1811,94C2, 9.127400E+01,18,11,29,18,11, 2.017159E+00,-1.535296E-01,-1.072312E+00, 5.225358E+01, 5.209003E+01, 2.893891E+00, 2.030939E+00, 1.754450E+00,-5.230469E+00, 1.109986E+02, 1.242460E+01, 5.874499E+01, 0.000000E+00,0, 0.000000E+00,16, 1.458472E+01,0, 0.000000E+00,NULL,NULL,NULL,NULL,NULL,NULL,0,data,8
47964,18455,940613,1812,94C2, 9.127400E+01,23,12,35,23,12,-1.866471E+01,-7.144494E+00,-4.477140E+01, 1.155077E+02, 1.151069E+02, 5.004648E+00,-1.805921E+01,-6.864586E+00,-4.487413E+01, 1.296485E+02, 6.145235E+01, 1.022035E+01, 0.000000E+00,16, 8.379620E+00,2, 0.000000E+00,0, 0.000000E+00,10, 1.282742E+01, 3.623660E-01, 2.860585E+00,NULL,NULL,1,data,8
47964,18467,940613,1821,94C2, 9.127400E+01,0,2,2,0,2, 0.000000E+00, 0.000000E+00, 0.000000E+00, 0.000000E+00, 0.000000E+00, 0.000000E+00, 9.032416E-02,-1.351511E-02,-1.055416E+00, 8.951730E+01, 0.000000E+00, 8.951730E+01, 0.000000E+00,NULL,NULL,NULL,NULL,0, 0.000000E+00,NULL,NULL,NULL,NULL,2, 8.951730E+01,0,data,8
47964,18476,940613,1823,94C2, 9.127400E+01,0,2,2,0,2, 0.000000E+00, 0.000000E+00, 0.000000E+00, 0.000000E+00, 0.000000E+00, 0.000000E+00,-4.480362E-03,-4.780293E-03,-1.686783E-01, 9.229935E+01, 0.000000E+00, 9.229935E+01, 0.000000E+00,NULL,NULL,NULL,NULL,0, 0.000000E+00,NULL,NULL,NULL,NULL,2, 9.229935E+01,0,data,8
47964,18479,940613,1824,94C2, 9.127400E+01,0,2,2,0,2, 0.000000E+00, 0.000000E+00, 0.000000E+00, 0.000000E+00, 0.000000E+00, 0.000000E+00,-3.592396E-02, 1.086609E-01, 8.124046E-01, 9.192613E+01, 0.000000E+00, 9.192613E+01, 0.000000E+00,NULL,NULL,NULL,NULL,0, 0.000000E+00,NULL,NULL,NULL,NULL,2, 9.192613E+01,0,data,8
47964,18482,940613,1824,94C2, 9.127400E+01,29,16,45,29,16, 2.850757E+01,-3.977238E+02, 5.994900E+02, 7.600237E+02, 7.595930E+02, 2.619286E+01, 3.265460E+01,-3.983111E+02, 6.025145E+02, 7.891199E+02, 3.446622E+01, 1.820188E+01, 1.089434E+01,0, 0.000000E+00,17, 1.400911E+01,0, 0.000000E+00,NULL,NULL,NULL,NULL,2, 0.000000E+00,1,data,8
47964,18484,940613,1827,94C2, 9.127400E+01,0,2,2,0,2, 0.000000E+00, 0.000000E+00, 0.000000E+00, 0.000000E+00, 0.000000E+00, 0.000000E+00, 6.243920E-02,-1.165569E-02,-4.680252E-02, 9.160513E+01, 0.000000E+00, 9.160513E+01, 0.000000E+00,NULL,NULL,NULL,NULL,0, 0.000000E+00,NULL,NULL,NULL,NULL,2, 9.160513E+01,0,data,8
47964,18488,940613,1827,94C2, 9.127400E+01,3,2,5,3,2, 1.231315E-01,-1.774723E+00, 6.478025E+00, 6.767081E+00, 6.753622E+00, 2.251207E+00,-1.318021E+00, 1.029712E+01,-3.628467E+01, 5.250357E+01, 0.000000E+00, 4.573648E+01, 0.000000E+00,0, 0.000000E+00,4, 4.034255E+01,0, 0.000000E+00,NULL,NULL,NULL,NULL,NULL,NULL,0,data,8
47964,18489,940613,1827,94C2, 9.127400E+01,0,2,2,0,2, 0.000000E+00, 0.000000E+00, 0.000000E+00, 0.000000E+00, 0.000000E+00, 0.000000E+00, 3.116522E-01, 1.500783E-01,-1.979065E+00, 9.575935E+01, 0.000000E+00, 9.575935E+01, 0.000000E+00,NULL,NULL,NULL,NULL,0, 0.000000E+00,NULL,NULL,NULL,NULL,2, 9.575935E+01,0,data,8
47964,18496,940613,1830,94C2, 9.127400E+01,44,17,61,44,17,-8.540037E+00,-3.823965E+00, 2.516832E+00, 5.276098E+01, 5.177965E+01, 1.176810E+00,-6.561529E+00,-1.417980E+00, 2.723734E-01, 7.082818E+01, 4.983204E+01, 1.539711E+01, 1.368089E+00,20, 5.349813E+00,0, 0.000000E+00,0, 0.000000E+00,11, 1.384309E+01, 4.411820E-01, 2.350125E+00,NULL,NULL,1,data,8
47964,18498,940613,1832,94C2, 9.127400E+01,0,2,2,0,2, 0.000000E+00, 0.000000E+00, 0.000000E+00, 0.000000E+00, 0.000000E+00, 0.000000E+00, 1.526562E-02, 7.270885E-02, 1.493984E+00, 9.391819E+01, 0.000000E+00, 9.391819E+01, 0.000000E+00,NULL,NULL,NULL,NULL,0, 0.000000E+00,NULL,NULL,NULL,NULL,2, 9.391819E+01,0,data,8
47964,18500,940613,1832,94C2, 9.127400E+01,0,2,2,0,2, 0.000000E+00, 0.000000E+00, 0.000000E+00, 0.000000E+00, 0.000000E+00, 0.000000E+00,-6.022680E-02, 6.557465E-03,-1.443344E+00, 9.186974E+01, 0.000000E+00, 9.186974E+01, 0.000000E+00,NULL,NULL,NULL,NULL,0, 0.000000E+00,NULL,NULL,NULL,NULL,2, 9.186974E+01,0,data,8
47964,18501,940613,1832,94C2, 9.127400E+01,2,0,2,2,0, 7.348299E-02,-1.743386E-01,-6.860630E+00, 7.245272E+00, 7.239729E+00, 3.619864E+00, 7.348299E-02,-1.743386E-01,-6.860630E+00, 7.245272E+00, 2.999558E+00, 0.000000E+00, 0.000000E+00,0, 0.000000E+00,1, 0.000000E+00,0, 0.000000E+00,NULL,NULL,NULL,NULL,NULL,NULL,0,data,8
47964,18506,940613,1836,94C2, 9.127400E+01,0,2,2,0,2, 0.000000E+00, 0.000000E+00, 0.000000E+00, 0.000000E+00, 0.000000E+00, 0.000000E+00, 7.499170E-02, 9.840178E-02,-1.413609E+00, 9.195081E+01, 0.000000E+00, 9.195081E+01, 0.000000E+00,NULL,NULL,NULL,NULL,0, 0.000000E+00,NULL,NULL,NULL,NULL,2, 9.195081E+01,0,data,8
47964,18511,940613,1836,94C2, 9.127400E+01,0,2,2,0,2, 0.000000E+00, 0.000000E+00, 0.000000E+00, 0.000000E+00, 0.000000E+00, 0.000000E+00,-9.867573E-02, 5.782893E-02,-2.041256E+00, 9.430185E+01, 0.000000E+00, 9.430185E+01, 0.000000E+00,NULL,NULL,NULL,NULL,0, 0.000000E+00,NULL,NULL,NULL,NULL,2, 9.430185E+01,0,data,8
47964,18515,940613,1838,94C2, 9.127400E+01,46,18,64,46,18, 2.499577E+00,-1.302102E+01,-2.376674E+01, 9.045145E+01, 8.938885E+01, 1.943236E+00, 3.601382E+00,-3.531122E+00,-1.523621E+01, 1.197062E+02, 6.403224E+01, 2.364744E+01, 4.136385E+00,13, 1.814289E-01,6, 4.991353E-01,0, 0.000000E+00,9, 2.007638E+01, 4.290762E-01, 1.115205E+01,NULL,NULL,1,data,8
47964,18517,940613,1840,94C2, 9.127400E+01,0,3,3,0,3, 0.000000E+00, 0.000000E+00, 0.000000E+00, 0.000000E+00, 0.000000E+00, 0.000000E+00,-1.022109E-01, 4.095197E-02, 4.631111E+00, 9.347208E+01, 0.000000E+00, 9.347208E+01, 0.000000E+00,NULL,NULL,NULL,NULL,0, 0.000000E+00,NULL,NULL,NULL,NULL,3, 9.347208E+01,0,data,8
47964,18518,940613,1840,94C2, 9.127400E+01,23,10,33,23,10, 1.014063E+01,-1.144754E+01,-6.491079E-01, 4.939882E+01, 4.874397E+01, 2.119303E+00, 1.234466E+01,-1.552046E+01,-6.707540E-01, 7.816383E+01, 4.652816E+01, 1.564961E+01, 1.131297E+01,9, 5.241265E+00,0, 0.000000E+00,0, 0.000000E+00,7, 1.685227E+01, 9.774194E-01, 5.279293E+00,NULL,NULL,1,data,8
47964,18521,940613,1843,94C2, 9.127400E+01,2,1,3,2,1, 7.765539E-01,-6.476730E-03, 1.175399E-01, 5.067695E+00, 5.059906E+00, 2.529953E+00, 3.514222E-01,-2.030847E-02, 6.983320E+00, 1.194664E+01, 0.000000E+00, 6.878944E+00, 0.000000E+00,NULL,NULL,NULL,NULL,0, 0.000000E+00,NULL,NULL,NULL,NULL,1, 0.000000E+00,0,data,8
47964,18522,940613,1843,94C2, 9.127400E+01,3,1,4,3,1,-6.502106E-02, 8.793504E-01,-6.616638E-02, 1.152825E+00, 1.062780E+00, 3.542598E-01,-1.644626E-01, 1.105052E+00, 3.726264E+00, 4.953267E+00, 0.000000E+00, 3.800441E+00, 0.000000E+00,NULL,NULL,NULL,NULL,0, 0.000000E+00,NULL,NULL,NULL,NULL,1, 0.000000E+00,0,data,8
47964,18523,940613,1843,94C2, 9.127400E+01,2,0,2,2,0,-8.115595E+01, 1.397325E+02,-1.718552E+02, 2.717645E+02, 2.717639E+02, 1.358820E+02,-8.115595E+01, 1.397325E+02,-1.718552E+02, 2.717645E+02, 0.000000E+00, 0.000000E+00, 0.000000E+00,1, 0.000000E+00,0, 0.000000E+00,0, 0.000000E+00,NULL,NULL,NULL,NULL,NULL,NULL,0,data,8
47964,18524,940613,1843,94C2, 9.127400E+01,0,3,3,0,3, 0.000000E+00, 0.000000E+00, 0.000000E+00, 0.000000E+00, 0.000000E+00, 0.000000E+00,-7.896356E-02, 5.154947E-02, 9.361115E-01, 8.927351E+01, 0.000000E+00, 8.927351E+01, 0.000000E+00,NULL,NULL,NULL,NULL,0, 0.000000E+00,NULL,NULL,NULL,NULL,2, 8.914687E+01,0,data,8
47964,18526,940613,1848,94C2, 9.127400E+01,0,2,2,0,2, 0.000000E+00, 0.000000E+00, 0.000000E+00, 0.000000E+00, 0.000000E+00, 0.000000E+00, 2.641988E-02, 9.470844E-02, 7.092323E-01, 9.153740E+01, 0.000000E+00, 9.153740E+01, 0.000000E+00,NULL,NULL,NULL,NULL,0, 0.000000E+00,NULL,NULL,NULL,NULL,2, 9.153740E+01,0,data,8
47964,18527,940613,1848,94C2, 9.127400E+01,0,2,2,0,2, 0.000000E+00, 0.000000E+00, 0.000000E+00, 0.000000E+00, 0.000000E+00, 0.000000E+00,-4.818511E-02, 1.720371E-01, 4.470463E+00, 8.810016E+01, 0.000000E+00, 8.810016E+01, 0.000000E+00,NULL,NULL,NULL,NULL,0, 0.000000E+00,NULL,NULL,NULL,NULL,2, 8.810016E+01,0,data,8
47964,18528,940613,1848,94C2, 9.127400E+01,0,3,3,0,3, 0.000000E+00, 0.000000E+00, 0.000000E+00, 0.000000E+00, 0.000000E+00, 0.000000E+00,-1.932240E-01,-9.984040E-01, 4.356734E+01, 4.578368E+01, 0.000000E+00, 4.578368E+01, 0.000000E+00,0, 0.000000E+00,3, 4.578368E+01,0, 0.000000E+00,NULL,NULL,NULL,NULL,NULL,NULL,0,data,8
47964,18530,940613,1848,94C2, 9.127400E+01,0,2,2,0,2, 0.000000E+00, 0.000000E+00, 0.000000E+00, 0.000000E+00, 0.000000E+00, 0.000000E+00,-2.378464E-03,-1.421068E-02, 6.916656E-01, 9.019724E+01, 0.000000E+00, 9.019724E+01, 0.000000E+00,NULL,NULL,NULL,NULL,0, 0.000000E+00,NULL,NULL,NULL,NULL,2, 9.019724E+01,0,data,8
47964,18536,940613,1848,94C2, 9.127400E+01,0,2,2,0,2, 0.000000E+00, 0.000000E+00, 0.000000E+00, 0.000000E+00, 0.000000E+00, 0.000000E+00, 1.254433E-01,-2.568438E+00, 1.959603E-01, 8.628057E+00, 0.000000E+00, 8.628057E+00, 0.000000E+00,NULL,NULL,NULL,NULL,0, 0.000000E+00,NULL,NULL,NULL,NULL,NULL,NULL,0,data,8
47964,18537,940613,1848,94C2, 9.127400E+01,35,13,48,35,13, 1.576870E+00, 1.880935E+01, 4.713284E+00, 5.492124E+01, 5.420187E+01, 1.548625E+00, 2.802927E+00, 1.001757E+01, 2.966567E+00, 9.151277E+01, 5.170319E+01, 3.139927E+01, 3.329321E+00,14, 7.280962E+00,0, 0.000000E+00,0, 0.000000E+00,10, 3.259520E+01, 9.785395E-01, 1.599916E+01,NULL,NULL,1,data,8
47964,18541,940613,1851,94C2, 9.127400E+01,0,2,2,0,2, 0.000000E+00, 0.000000E+00, 0.000000E+00, 0.000000E+00, 0.000000E+00, 0.000000E+00, 2.463598E-01,-9.228528E-02, 2.124355E+00, 9.281940E+01, 0.000000E+00, 9.281940E+01, 0.000000E+00,NULL,NULL,NULL,NULL,0, 0.000000E+00,NULL,NULL,NULL,NULL,2, 9.281940E+01,0,data,8
47964,18542,940613,1851,94C2, 9.127400E+01,3,7,10,3,7,-4.628399E+00,-2.864902E+00,-2.326438E+01, 2.511414E+01, 2.509637E+01, 8.365456E+00, 2.611017E+00, 1.744388E+00, 1.258311E+01, 6.198813E+01, 0.000000E+00, 3.687399E+01, 0.000000E+00,0, 0.000000E+00,7, 5.287440E+01,0, 0.000000E+00,NULL,NULL,NULL,NULL,1, 0.000000E+00,0,data,8
47964,18543,940613,1851,94C2, 9.127400E+01,46,21,67,46,21, 8.080245E+00, 1.262436E+01,-2.456334E+00, 6.067623E+01, 5.953971E+01, 1.294342E+00, 5.393991E+00, 1.398514E+01,-4.984081E+00, 9.438882E+01, 4.588028E+01, 1.867011E+01, 5.905835E+00,21, 1.436629E+00,1, 0.000000E+00,0, 0.000000E+00,13, 2.024394E+01, 4.170073E-01, 4.363908E+00,NULL,NULL,1,data,8
47964,18548,940613,1854,94C2, 9.127400E+01,1,2,3,1,2, 4.362519E+00, 1.619792E+00,-1.991355E+01, 2.045053E+01, 2.045006E+01, 2.045006E+01, 4.316836E+00, 1.611661E+00,-2.108579E+01, 2.162394E+01, 0.000000E+00, 1.173403E+00, 0.000000E+00,0, 0.000000E+00,1, 5.081521E+00,0, 0.000000E+00,NULL,NULL,NULL,NULL,2, 2.088977E-01,0,data,8
47964,18549,940613,1854,94C2, 9.127400E+01,2,2,4,2,2, 2.574816E-01,-1.469469E-01,-1.644238E+00, 2.507959E+00, 2.491912E+00, 1.245956E+00, 8.135274E-01,-1.503483E+00,-2.308183E+00, 4.137474E+00, 2.507959E+00, 0.000000E+00, 1.629514E+00,NULL,NULL,NULL,NULL,0, 0.000000E+00,NULL,NULL,NULL,NULL,NULL,NULL,0,data,8
47964,18551,940613,1854,94C2, 9.127400E+01,0,2,2,0,2, 0.000000E+00, 0.000000E+00, 0.000000E+00, 0.000000E+00, 0.000000E+00, 0.000000E+00, 1.378038E-01, 8.941150E-02,-1.954926E+00, 8.904449E+01, 0.000000E+00, 8.904449E+01, 0.000000E+00,NULL,NULL,NULL,NULL,0, 0.000000E+00,NULL,NULL,NULL,NULL,2, 8.904449E+01,0,data,8
47964,18552,940613,1854,94C2, 9.127400E+01,33,19,52,33,19, 2.705989E+01, 4.636711E+00, 1.641792E+01, 6.680378E+01, 6.627953E+01, 2.008471E+00, 3.896874E+01, 7.284544E+00, 3.321256E+01, 9.882547E+01, 4.147850E+01, 3.018063E+01, 1.841051E+00,6, 0.000000E+00,10, 5.531312E+00,0, 0.000000E+00,4, 5.609020E+00, 8.981612E-01, 2.107475E+00,NULL,NULL,1,data,8
47964,18554,940613,1854,94C2, 9.127400E+01,0,2,2,0,2, 0.000000E+00, 0.000000E+00, 0.000000E+00, 0.000000E+00, 0.000000E+00, 0.000000E+00, 2.893353E-02, 1.131830E-01,-1.504749E+00, 9.115096E+01, 0.000000E+00, 9.115096E+01, 0.000000E+00,NULL,NULL,NULL,NULL,0, 0.000000E+00,NULL,NULL,NULL,NULL,2, 9.115096E+01,0,data,8
47964,18557,940613,1859,94C2, 9.127400E+01,30,17,47,30,17, 7.515171E+00,-3.977088E+00,-1.594187E+01, 4.050396E+01, 3.988394E+01, 1.329465E+00, 8.654435E+00,-6.429117E+00,-1.729273E+01, 6.296322E+01, 3.194389E+01, 1.498275E+01, 2.081919E+00,6, 2.276293E-01,8, 2.366088E+00,0, 0.000000E+00,4, 7.081279E+00, 3.901707E-01, 4.439761E+00,1, 0.000000E+00,1,data,8
47964,18560,940613,1900,94C2, 9.127400E+01,40,14,54,40,14,-1.738337E+00,-1.801729E+00, 3.139592E+01, 6.718134E+01, 6.601901E+01, 1.650475E+00,-1.261762E-01, 8.511019E-01, 3.620774E+01, 8.071664E+01, 1.651574E+01, 1.353530E+01, 0.000000E+00,0, 0.000000E+00,15, 6.438654E+00,0, 0.000000E+00,NULL,NULL,NULL,NULL,NULL,NULL,1,data,8
47964,18563,940613,1903,94C2, 9.127400E+01,0,2,2,0,2, 0.000000E+00, 0.000000E+00, 0.000000E+00, 0.000000E+00, 0.000000E+00, 0.000000E+00, 1.355187E-01, 1.110668E-01,-1.491997E+00, 9.394762E+01, 0.000000E+00, 9.394762E+01, 0.000000E+00,NULL,NULL,NULL,NULL,0, 0.000000E+00,NULL,NULL,NULL,NULL,2, 9.394762E+01,0,data,8
47964,18564,940613,1903,94C2, 9.127400E+01,0,3,3,0,3, 0.000000E+00, 0.000000E+00, 0.000000E+00, 0.000000E+00, 0.000000E+00, 0.000000E+00,-9.123296E-03, 2.700710E-02,-2.160873E-01, 9.017848E+01, 0.000000E+00, 9.017848E+01, 0.000000E+00,NULL,NULL,NULL,NULL,0, 0.000000E+00,NULL,NULL,NULL,NULL,3, 9.017848E+01,0,data,8
47964,18565,940613,1903,94C2, 9.127400E+01,0,2,2,0,2, 0.000000E+00, 0.000000E+00, 0.000000E+00, 0.000000E+00, 0.000000E+00, 0.000000E+00,-2.283573E-03,-2.853137E-02, 3.197212E-01, 9.031400E+01, 0.000000E+00, 9.031400E+01, 0.000000E+00,NULL,NULL,NULL,NULL,0, 0.000000E+00,NULL,NULL,NULL,NULL,2, 9.031400E+01,0,data,8
47964,18566,940613,1903,94C2, 9.127400E+01,2,2,4,2,2,-4.074950E+00, 3.024477E+00,-9.263062E+00, 4.646657E+01, 4.646568E+01, 2.323284E+01,-3.196219E+00, 2.510787E+00,-7.406962E+00, 4.981850E+01, 4.646657E+01, 3.351932E+00, 0.000000E+00,0, 0.000000E+00,4, 9.063895E+01,0, 0.000000E+00,NULL,NULL,NULL,NULL,NULL,NULL,0,data,8
47964,18569,940613,1904,94C2, 9.127400E+01,28,13,41,28,13, 2.022665E+00,-1.297589E+00,-5.947021E+00, 6.047812E+01, 6.008872E+01, 2.146026E+00, 4.298251E+00, 2.377728E+00,-1.544866E+01, 8.522064E+01, 3.421560E+01, 2.321845E+01, 1.524063E+00,0, 0.000000E+00,11, 1.613848E+00,0, 0.000000E+00,NULL,NULL,NULL,NULL,3, 0.000000E+00,1,data,8
47964,18571,940613,1904,94C2, 9.127400E+01,0,2,2,0,2, 0.000000E+00, 0.000000E+00, 0.000000E+00, 0.000000E+00, 0.000000E+00, 0.000000E+00, 2.495377E-01,-3.295261E-02,-3.243771E+00, 9.366026E+01, 0.000000E+00, 9.366026E+01, 0.000000E+00,NULL,NULL,NULL,NULL,0, 0.000000E+00,NULL,NULL,NULL,NULL,2, 9.366026E+01,0,data,8
47964,18573,940613,1904,94C2, 9.127400E+01,0,2,2,0,2, 0.000000E+00, 0.000000E+00, 0.000000E+00, 0.000000E+00, 0.000000E+00, 0.000000E+00,-9.249014E-02, 2.682209E-02,-6.611519E-01, 9.075238E+01, 0.000000E+00, 9.075238E+01, 0.000000E+00,NULL,NULL,NULL,NULL,0, 0.000000E+00,NULL,NULL,NULL,NULL,2, 9.075238E+01,0,data,8
47964,18579,940613,1906,94C2, 9.127400E+01,41,20,61,41,20,-1.047681E+01, 9.833608E+00,-1.377439E+01, 6.811046E+01, 6.729530E+01, 1.641349E+00,-6.978013E+00, 6.729425E+00,-9.453159E+00, 9.939231E+01, 6.178461E+01, 1.492299E+01, 1.441671E+01,17, 5.247498E+00,1, 0.000000E+00,0, 0.000000E+00,11, 1.540790E+01, 4.666212E-01, 3.110885E+00,NULL,NULL,1,data,8
47964,18580,940613,1908,94C2, 9.127400E+01,4,3,7,4,3, 6.861451E+00, 6.568199E-01,-1.597905E+00, 8.710895E+00, 8.587206E+00, 2.146801E+00, 7.092022E+00, 7.566289E-01, 2.051745E+00, 1.456950E+01, 0.000000E+00, 5.858603E+00, 0.000000E+00,NULL,NULL,NULL,NULL,0, 0.000000E+00,NULL,NULL,NULL,NULL,3, 0.000000E+00,0,data,8
47964,18581,940613,1908,94C2, 9.127400E+01,0,2,2,0,2, 0.000000E+00, 0.000000E+00, 0.000000E+00, 0.000000E+00, 0.000000E+00, 0.000000E+00, 1.580660E-01, 1.963942E-01,-2.041569E+00, 9.210760E+01, 0.000000E+00, 9.210760E+01, 0.000000E+00,NULL,NULL,NULL,NULL,0, 0.000000E+00,NULL,NULL,NULL,NULL,2, 9.210760E+01,0,data,8
47964,18582,940613,1908,94C2, 9.127400E+01,0,2,2,0,2, 0.000000E+00, 0.000000E+00, 0.000000E+00, 0.000000E+00, 0.000000E+00, 0.000000E+00, 5.286241E-02,-6.372881E-02, 7.999802E-01, 9.418909E+01, 0.000000E+00, 9.418909E+01, 0.000000E+00,NULL,NULL,NULL,NULL,0, 0.000000E+00,NULL,NULL,NULL,NULL,2, 9.418909E+01,0,data,8
47964,18587,940613,1911,94C2, 9.127400E+01,0,3,3,0,3, 0.000000E+00, 0.000000E+00, 0.000000E+00, 0.000000E+00, 0.000000E+00, 0.000000E+00,-6.065822E-02, 1.764151E-01, 1.728439E-01, 9.064985E+01, 0.000000E+00, 9.064985E+01, 0.000000E+00,NULL,NULL,NULL,NULL,0, 0.000000E+00,NULL,NULL,NULL,NULL,3, 9.064985E+01,0,data,8
47964,18592,940613,1911,94C2, 9.127400E+01,0,2,2,0,2, 0.000000E+00, 0.000000E+00, 0.000000E+00, 0.000000E+00, 0.000000E+00, 0.000000E+00, 2.050252E-01, 5.282688E-02,-4.567604E-01, 8.973174E+01, 0.000000E+00, 8.973174E+01, 0.000000E+00,NULL,NULL,NULL,NULL,0, 0.000000E+00,NULL,NULL,NULL,NULL,2, 8.973174E+01,0,data,8
47964,18594,940613,1911,94C2, 9.127400E+01,14,6,20,14,6,-1.812121E+00, 5.713956E-01,-6.008614E-01, 1.039769E+01, 9.951131E+00, 7.107950E-01,-2.087721E+00, 1.423330E+00,-1.370779E+01, 2.399873E+01, 9.741777E-01, 1.360103E+01, 0.000000E+00,1, 0.000000E+00,2, 0.000000E+00,0, 0.000000E+00,1, 4.538972E-01, 4.538972E-01, 4.538972E-01,2, 0.000000E+00,0,data,8
47964,18599,940613,1915,94C2, 9.127400E+01,0,2,2,0,2, 0.000000E+00, 0.000000E+00, 0.000000E+00, 0.000000E+00, 0.000000E+00, 0.000000E+00, 2.681100E-02, 1.154468E-01,-9.905167E-01, 9.019966E+01, 0.000000E+00, 9.019966E+01, 0.000000E+00,NULL,NULL,NULL,NULL,0, 0.000000E+00,NULL,NULL,NULL,NULL,2, 9.019966E+01,0,data,8
47964,18601,940613,1915,94C2, 9.127400E+01,0,2,2,0,2, 0.000000E+00, 0.000000E+00, 0.000000E+00, 0.000000E+00, 0.000000E+00, 0.000000E+00, 3.949428E-02, 6.885517E-02, 1.460003E+00, 9.319067E+01, 0.000000E+00, 9.319067E+01, 0.000000E+00,NULL,NULL,NULL,NULL,0, 0.000000E+00,NULL,NULL,NULL,NULL,2, 9.319067E+01,0,data,8
47964,18605,940613,1918,94C2, 9.127400E+01,0,2,2,0,2, 0.000000E+00, 0.000000E+00, 0.000000E+00, 0.000000E+00, 0.000000E+00, 0.000000E+00, 6.942534E-02, 5.747318E-03,-5.808868E-01, 9.278452E+01, 0.000000E+00, 9.278452E+01, 0.000000E+00,NULL,NULL,NULL,NULL,0, 0.000000E+00,NULL,NULL,NULL,NULL,2, 9.278452E+01,0,data,8
47964,18606,940613,1918,94C2, 9.127400E+01,2,1,3,2,1, 3.376842E-03, 2.399743E-03, 4.457722E-01, 1.845549E+00, 1.824309E+00, 9.121546E-01,-3.141946E-01,-9.413089E-02, 5.172774E-01, 2.185082E+00, 1.845550E+00, 0.000000E+00, 3.395332E-01,1, 0.000000E+00,0, 0.000000E+00,0, 0.000000E+00,NULL,NULL,NULL,NULL,NULL,NULL,0,data,8
47964,18610,940613,1918,94C2, 9.127400E+01,0,2,2,0,2, 0.000000E+00, 0.000000E+00, 0.000000E+00, 0.000000E+00, 0.000000E+00, 0.000000E+00, 6.394446E-02,-1.541662E-02,-6.992188E-01, 9.043656E+01, 0.000000E+00, 9.043656E+01, 0.000000E+00,NULL,NULL,NULL,NULL,0, 0.000000E+00,NULL,NULL,NULL,NULL,2, 9.043656E+01,0,data,8
47964,18614,940613,1920,94C2, 9.127400E+01,11,3,14,11,3,-2.492229E+00, 1.982425E+00,-1.153329E+01, 1.569780E+01, 1.550367E+01, 1.409425E+00,-2.777699E+00, 2.282437E+00,-1.638552E+01, 2.058903E+01, 0.000000E+00, 4.891226E+00, 0.000000E+00,0, 0.000000E+00,2, 0.000000E+00,0, 0.000000E+00,NULL,NULL,NULL,NULL,2, 0.000000E+00,0,data,8
47964,18615,940613,1920,94C2, 9.127400E+01,8,3,11,8,3, 2.258987E+00, 2.761471E+00,-8.750368E+00, 5.910247E+01, 5.907129E+01, 7.383911E+00, 2.343881E+00, 2.487015E+00,-7.656231E+00, 6.154263E+01, 0.000000E+00, 2.440154E+00, 0.000000E+00,0, 0.000000E+00,6, 8.920467E+01,0, 0.000000E+00,NULL,NULL,NULL,NULL,NULL,NULL,0,data,8
47964,18617,940613,1921,94C2, 9.127400E+01,0,2,2,0,2, 0.000000E+00, 0.000000E+00, 0.000000E+00, 0.000000E+00, 0.000000E+00, 0.000000E+00, 7.445335E-02,-3.914547E-02, 6.759644E-01, 9.108389E+01, 0.000000E+00, 9.108389E+01, 0.000000E+00,NULL,NULL,NULL,NULL,0, 0.000000E+00,NULL,NULL,NULL,NULL,2, 9.108389E+01,0,data,8
47964,18618,940613,1921,94C2, 9.127400E+01,8,9,17,8,9, 6.380300E+00, 1.225726E+01,-4.130544E+01, 4.367171E+01, 4.363935E+01, 5.454919E+00, 1.271948E-01, 5.227848E-01,-3.012481E+00, 8.704349E+01, 0.000000E+00, 4.337178E+01, 0.000000E+00,0, 0.000000E+00,11, 3.594697E+01,0, 0.000000E+00,NULL,NULL,NULL,NULL,NULL,NULL,0,data,8
47964,18623,940613,1924,94C2, 9.127400E+01,13,5,18,13,5, 1.758929E+00, 1.750431E+01,-1.151785E+00, 5.384303E+01, 5.377180E+01, 4.136292E+00, 1.482465E+00, 1.915952E+01,-9.563088E-01, 6.100172E+01, 5.340903E+01, 6.019357E+00, 1.139322E+00,5, 7.774591E+00,0, 0.000000E+00,0, 0.000000E+00,2, 4.191415E+00, 8.560430E-01, 3.335372E+00,NULL,NULL,1,data,8
47964,18624,940613,1924,94C2, 9.127400E+01,0,2,2,0,2, 0.000000E+00, 0.000000E+00, 0.000000E+00, 0.000000E+00, 0.000000E+00, 0.000000E+00,-5.241787E-02,-1.459682E-02,-1.750904E+00, 8.847255E+01, 0.000000E+00, 8.847255E+01, 0.000000E+00,NULL,NULL,NULL,NULL,0, 0.000000E+00,NULL,NULL,NULL,NULL,2, 8.847255E+01,0,data,8
47964,18627,940613,1924,94C2, 9.127400E+01,55,19,74,55,19, 8.788046E+00, 3.653235E-01, 1.117779E+00, 7.882169E+01, 7.717555E+01, 1.403192E+00, 1.729383E+01,-7.505516E-01, 2.260410E+00, 1.029017E+02, 6.290797E+01, 2.135301E+01, 1.956943E+00,23, 2.000750E+01,0, 0.000000E+00,0, 0.000000E+00,14, 1.694030E+01, 5.048751E-01, 3.378222E+00,NULL,NULL,1,data,8
47964,18628,940613,1924,94C2, 9.127400E+01,20,17,37,20,17, 1.002858E+00, 3.104220E+00, 5.065192E-01, 5.078144E+01, 5.035507E+01, 2.517753E+00, 2.529970E+00, 9.161895E+00, 3.600505E+00, 8.830512E+01, 4.966711E+01, 3.608622E+01, 2.905282E-01,18, 1.396817E+00,0, 0.000000E+00,0, 0.000000E+00,15, 3.686542E+01, 4.995803E-01, 6.345222E+00,NULL,NULL,1,data,8
47964,18629,940613,1927,94C2, 9.127400E+01,3,3,6,3,3, 6.551420E+00,-7.216986E-01, 4.612091E+00, 8.821438E+00, 8.805976E+00, 2.935325E+00, 7.102261E+00,-6.621308E-01, 2.491341E+00, 1.413019E+01, 0.000000E+00, 5.308753E+00, 0.000000E+00,NULL,NULL,NULL,NULL,0, 0.000000E+00,NULL,NULL,NULL,NULL,2, 0.000000E+00,0,data,8
47964,18631,940613,1928,94C2, 9.127400E+01,0,8,8,0,8, 0.000000E+00, 0.000000E+00, 0.000000E+00, 0.000000E+00, 0.000000E+00, 0.000000E+00, 4.855188E-01,-1.541455E+00, 1.103334E+01, 7.430963E+01, 0.000000E+00, 7.430963E+01, 0.000000E+00,0, 0.000000E+00,7, 5.183766E+01,0, 0.000000E+00,NULL,NULL,NULL,NULL,1, 3.976120E-01,0,data,8
47964,18632,940613,1928,94C2, 9.127400E+01,2,0,2,2,0,-4.573177E-01,-1.669461E+01, 9.726871E+00, 6.977490E+01, 6.977430E+01, 3.488715E+01,-4.573177E-01,-1.669461E+01, 9.726871E+00, 6.977490E+01, 6.977468E+01, 0.000000E+00, 0.000000E+00,2, 8.513654E+01,0, 0.000000E+00,0, 0.000000E+00,NULL,NULL,NULL,NULL,NULL,NULL,0,data,8
47964,18636,940613,1929,94C2, 9.127400E+01,18,7,25,18,7,-6.240954E-01, 1.946215E+00,-2.624004E-01, 8.612202E+01, 8.577486E+01, 4.765270E+00,-5.621163E-01,-3.890587E-01,-9.735525E-04, 9.369043E+01, 8.481557E+01, 4.667999E+00, 1.180158E+00,7, 1.867186E-01,0, 0.000000E+00,0, 0.000000E+00,5, 6.388251E+00, 7.069350E-01, 3.037633E+00,NULL,NULL,1,data,8
47964,18637,940613,1929,94C2, 9.127200E+01,0,1,1,0,1, 0.000000E+00, 0.000000E+00, 0.000000E+00, 0.000000E+00, 0.000000E+00, 0.000000E+00,-1.211294E+00,-1.919222E-01,-2.704335E+01, 2.707114E+01, 0.000000E+00, 2.707114E+01, 0.000000E+00,NULL,NULL,NULL,NULL,0, 0.000000E+00,NULL,NULL,NULL,NULL,1, 2.707114E+01,0,data,8
47964,18638,940613,1929,94C2, 9.127200E+01,0,2,2,0,2, 0.000000E+00, 0.000000E+00, 0.000000E+00, 0.000000E+00, 0.000000E+00, 0.000000E+00, 6.377062E-02, 8.639407E-02, 1.369007E+00, 9.151354E+01, 0.000000E+00, 9.151354E+01, 0.000000E+00,NULL,NULL,NULL,NULL,0, 0.000000E+00,NULL,NULL,NULL,NULL,2, 9.151354E+01,0,data,8
47964,18639,940613,1929,94C2, 9.127200E+01,0,2,2,0,2, 0.000000E+00, 0.000000E+00, 0.000000E+00, 0.000000E+00, 0.000000E+00, 0.000000E+00, 1.233005E-01,-4.784298E-02, 7.716942E-01, 9.410389E+01, 0.000000E+00, 9.410389E+01, 0.000000E+00,NULL,NULL,NULL,NULL,0, 0.000000E+00,NULL,NULL,NULL,NULL,2, 9.410389E+01,0,data,8
47964,18640,940613,1929,94C2, 9.127200E+01,0,2,2,0,2, 0.000000E+00, 0.000000E+00, 0.000000E+00, 0.000000E+00, 0.000000E+00, 0.000000E+00, 6.532001E-02,-2.037495E-02, 1.372414E-01, 9.168291E+01, 0.000000E+00, 9.168291E+01, 0.000000E+00,NULL,NULL,NULL,NULL,0, 0.000000E+00,NULL,NULL,NULL,NULL,2, 9.168291E+01,0,data,8
47964,18643,940613,1932,94C2, 9.127200E+01,0,2,2,0,2, 0.000000E+00, 0.000000E+00, 0.000000E+00, 0.000000E+00, 0.000000E+00, 0.000000E+00,-5.571580E-02,-1.328952E-01, 2.479492E+00, 8.911423E+01, 0.000000E+00, 8.911423E+01, 0.000000E+00,NULL,NULL,NULL,NULL,0, 0.000000E+00,NULL,NULL,NULL,NULL,2, 8.911423E+01,0,data,8
47964,18646,940613,1932,94C2, 9.127200E+01,46,17,63,46,17,-5.886520E+00,-5.933195E-04,-1.493285E+01, 4.253569E+01, 4.099109E+01, 8.911106E-01,-2.713552E+00,-9.059093E-01,-4.408848E+00, 7.825629E+01, 2.318038E+01, 1.063218E+01, 2.508843E+01,2, 0.000000E+00,17, 1.107677E+00,0, 0.000000E+00,1, 5.611396E-01, 5.611396E-01, 5.611396E-01,NULL,NULL,1,data,8
47964,18647,940613,1933,94C2, 9.127200E+01,28,16,44,28,16,-1.064129E+01, 9.804596E+00, 7.867968E+00, 6.836050E+01, 6.784494E+01, 2.423033E+00,-2.984956E+00, 3.722502E+00,-6.054339E-01, 9.680513E+01, 6.107886E+01, 2.340157E+01, 1.556572E+00,18, 5.512331E+00,2, 0.000000E+00,0, 0.000000E+00,10, 2.582486E+01, 3.410272E-01, 1.467349E+01,NULL,NULL,1,data,8
47964,18651,940613,1933,94C2, 9.127200E+01,0,2,2,0,2, 0.000000E+00, 0.000000E+00, 0.000000E+00, 0.000000E+00, 0.000000E+00, 0.000000E+00,-6.283700E-03, 5.848002E-02, 7.296906E-01, 9.070547E+01, 0.000000E+00, 9.070547E+01, 0.000000E+00,NULL,NULL,NULL,NULL,0, 0.000000E+00,NULL,NULL,NULL,NULL,2, 9.070547E+01,0,data,8
47964,18655,940613,1937,94C2, 9.127200E+01,1,1,2,1,1,-1.519672E+00, 6.684042E-01, 3.925709E+00, 4.264603E+00, 4.262318E+00, 4.262318E+00, 3.861623E-01,-1.650087E-01, 4.479647E+01, 4.518826E+01, 4.364368E+00, 4.092366E+01, 0.000000E+00,0, 0.000000E+00,1, 3.759953E+00,0, 0.000000E+00,NULL,NULL,NULL,NULL,1, 0.000000E+00,0,data,8
47964,18657,940613,1937,94C2, 9.127200E+01,18,11,29,18,11, 3.909911E-01,-3.922516E+00,-1.031452E+00, 5.412700E+01, 5.387562E+01, 2.993090E+00,-3.000206E+00,-6.547225E+00,-1.700241E+00, 8.059431E+01, 5.382962E+01, 2.449950E+01, 4.371331E-01,14, 1.253259E+01,0, 0.000000E+00,0, 0.000000E+00,9, 2.603019E+01, 4.748459E-01, 1.017406E+01,NULL,NULL,1,data,8
47964,18664,940613,1940,94C2, 9.127200E+01,42,12,54,42,12,-2.341089E+00, 8.498217E+00,-7.164611E+00, 8.060028E+01, 7.993225E+01, 1.903149E+00, 1.113106E+01, 9.553112E+00,-7.972795E+00, 1.049444E+02, 6.546069E+01, 8.438472E+00, 1.180800E+00,5, 0.000000E+00,10, 1.858860E+00,0, 0.000000E+00,4, 1.784354E+01, 5.173158E-01, 1.420753E+01,NULL,NULL,1,data,8
47964,18665,940613,1940,94C2, 9.127200E+01,0,2,2,0,2, 0.000000E+00, 0.000000E+00, 0.000000E+00, 0.000000E+00, 0.000000E+00, 0.000000E+00,-9.665751E-02,-1.028829E-01, 2.264631E+01, 7.294176E+01, 0.000000E+00, 7.294176E+01, 0.000000E+00,NULL,NULL,NULL,NULL,0, 0.000000E+00,NULL,NULL,NULL,NULL,2, 7.294176E+01,0,data,8
47964,18666,940613,1940,94C2, 9.127200E+01,0,2,2,0,2, 0.000000E+00, 0.000000E+00, 0.000000E+00, 0.000000E+00, 0.000000E+00, 0.000000E+00, 1.122915E-01, 5.464244E-02,-2.039211E+00, 9.035410E+01, 0.000000E+00, 9.035410E+01, 0.000000E+00,NULL,NULL,NULL,NULL,0, 0.000000E+00,NULL,NULL,NULL,NULL,2, 9.035410E+01,0,data,8
47964,18670,940613,1942,94C2, 9.127200E+01,2,0,2,2,0, 6.307840E-02,-1.247705E+00, 1.771282E+00, 1.002794E+02, 1.002790E+02, 5.013950E+01, 6.307840E-02,-1.247705E+00, 1.771282E+00, 1.002794E+02, 1.002792E+02, 0.000000E+00, 0.000000E+00,0, 0.000000E+00,2, 1.165729E+00,0, 0.000000E+00,NULL,NULL,NULL,NULL,NULL,NULL,0,data,8
47964,18675,940613,1943,94C2, 9.127200E+01,2,1,3,2,1,-6.984985E-02,-9.659328E-02, 2.301002E+00, 3.213383E+00, 3.197332E+00, 1.598666E+00,-1.583551E-01,-1.692278E-01, 2.239829E+00, 3.343195E+00, 8.189631E-01, 1.298116E-01, 0.000000E+00,0, 0.000000E+00,1, 0.000000E+00,0, 0.000000E+00,NULL,NULL,NULL,NULL,NULL,NULL,0,data,8
47964,18676,940613,1943,94C2, 9.127200E+01,0,4,4,0,4, 0.000000E+00, 0.000000E+00, 0.000000E+00, 0.000000E+00, 0.000000E+00, 0.000000E+00, 1.158274E-01, 8.920741E-02,-1.033817E+00, 9.139734E+01, 0.000000E+00, 9.139734E+01, 0.000000E+00,NULL,NULL,NULL,NULL,0, 0.000000E+00,NULL,NULL,NULL,NULL,4, 9.139734E+01,0,data,8
47964,18677,940613,1943,94C2, 9.127200E+01,20,11,31,20,11, 2.623094E+01, 1.610073E+01, 6.391585E+00, 5.256250E+01, 5.224338E+01, 2.612169E+00, 6.551891E+00, 3.691952E+00, 1.118229E+00, 8.938136E+01, 5.039555E+01, 1.825241E+01, 1.110124E+01,11, 1.310736E-01,0, 0.000000E+00,0, 0.000000E+00,6, 2.571763E+01, 9.393196E-01, 1.371766E+01,NULL,NULL,1,data,8
47964,18681,940613,1948,94C2, 9.127200E+01,0,2,2,0,2, 0.000000E+00, 0.000000E+00, 0.000000E+00, 0.000000E+00, 0.000000E+00, 0.000000E+00, 3.299260E-02, 6.976533E-02,-2.882156E-01, 9.168666E+01, 0.000000E+00, 9.168666E+01, 0.000000E+00,NULL,NULL,NULL,NULL,0, 0.000000E+00,NULL,NULL,NULL,NULL,2, 9.168666E+01,0,data,8
47964,18684,940613,1948,94C2, 9.127200E+01,23,9,32,23,9,-6.707408E+00, 5.761234E+00, 6.546711E+00, 5.028014E+01, 4.991109E+01, 2.170047E+00, 6.093460E+00,-7.515109E+00,-5.385935E+00, 7.766215E+01, 4.735941E+01, 2.469045E+01, 1.156822E+00,10, 1.467918E-01,0, 0.000000E+00,0, 0.000000E+00,7, 2.195771E+01, 5.557336E-01, 1.548716E+01,NULL,NULL,1,data,8
47964,18685,940613,1952,94C2, 9.127200E+01,0,2,2,0,2, 0.000000E+00, 0.000000E+00, 0.000000E+00, 0.000000E+00, 0.000000E+00, 0.000000E+00, 5.505488E-01,-2.989492E-01, 2.214386E+00, 9.332193E+01, 0.000000E+00, 9.332193E+01, 0.000000E+00,0, 0.000000E+00,2, 9.332193E+01,0, 0.000000E+00,NULL,NULL,NULL,NULL,NULL,NULL,0,data,8
47964,18690,940613,1952,94C2, 9.127200E+01,0,3,3,0,3, 0.000000E+00, 0.000000E+00, 0.000000E+00, 0.000000E+00, 0.000000E+00, 0.000000E+00, 2.709825E-01, 1.773472E-01, 4.652473E+00, 9.258203E+01, 0.000000E+00, 9.258203E+01, 0.000000E+00,NULL,NULL,NULL,NULL,0, 0.000000E+00,NULL,NULL,NULL,NULL,3, 9.258203E+01,0,data,8
47964,18691,940613,1952,94C2, 9.127200E+01,0,2,2,0,2, 0.000000E+00, 0.000000E+00, 0.000000E+00, 0.000000E+00, 0.000000E+00, 0.000000E+00, 5.559683E-03, 8.808589E-02,-1.162159E+00, 9.217294E+01, 0.000000E+00, 9.217294E+01, 0.000000E+00,NULL,NULL,NULL,NULL,0, 0.000000E+00,NULL,NULL,NULL,NULL,2, 9.217294E+01,0,data,8
47964,18696,940613,1957,94C2, 9.127200E+01,0,2,2,0,2, 0.000000E+00, 0.000000E+00, 0.000000E+00, 0.000000E+00, 0.000000E+00, 0.000000E+00, 1.286276E-01,-5.846906E-02,-1.298123E+01, 8.096622E+01, 0.000000E+00, 8.096622E+01, 0.000000E+00,NULL,NULL,NULL,NULL,0, 0.000000E+00,NULL,NULL,NULL,NULL,2, 8.096622E+01,0,data,8
47964,18697,940613,1957,94C2, 9.127200E+01,1,2,3,1,2, 4.055783E-02, 7.992522E-02, 3.322131E-01, 3.713188E-01, 3.440909E-01, 3.440909E-01,-4.393820E-01, 1.917689E-01,-3.946164E+01, 5.545218E+01, 0.000000E+00, 5.508086E+01, 0.000000E+00,0, 0.000000E+00,1, 0.000000E+00,0, 0.000000E+00,NULL,NULL,NULL,NULL,1, 0.000000E+00,0,data,8
47964,18699,940613,1957,94C2, 9.127200E+01,0,2,2,0,2, 0.000000E+00, 0.000000E+00, 0.000000E+00, 0.000000E+00, 0.000000E+00, 0.000000E+00,-1.020689E-01,-8.618510E-02,-2.987564E+00, 9.211739E+01, 0.000000E+00, 9.211739E+01, 0.000000E+00,NULL,NULL,NULL,NULL,0, 0.000000E+00,NULL,NULL,NULL,NULL,2, 9.211739E+01,0,data,8
47964,18705,940613,1959,94C2, 9.127200E+01,2,0,2,2,0, 2.537308E-01,-3.203449E-01,-3.094025E-01, 6.122028E+01, 6.121964E+01, 3.060982E+01, 2.537308E-01,-3.203449E-01,-3.094025E-01, 6.122028E+01, 0.000000E+00, 0.000000E+00, 0.000000E+00,NULL,NULL,NULL,NULL,0, 0.000000E+00,NULL,NULL,NULL,NULL,NULL,NULL,0,data,8
47964,18713,940613,2003,94C2, 9.127200E+01,0,2,2,0,2, 0.000000E+00, 0.000000E+00, 0.000000E+00, 0.000000E+00, 0.000000E+00, 0.000000E+00, 1.239209E-01,-2.459359E-02, 1.266327E-01, 9.467554E+01, 0.000000E+00, 9.467554E+01, 0.000000E+00,NULL,NULL,NULL,NULL,0, 0.000000E+00,NULL,NULL,NULL,NULL,2, 9.467554E+01,0,data,8
47964,18715,940613,2003,94C2, 9.127200E+01,0,2,2,0,2, 0.000000E+00, 0.000000E+00, 0.000000E+00, 0.000000E+00, 0.000000E+00, 0.000000E+00, 1.138330E-03,-6.524539E-02,-1.496563E+00, 9.348378E+01, 0.000000E+00, 9.348378E+01, 0.000000E+00,NULL,NULL,NULL,NULL,0, 0.000000E+00,NULL,NULL,NULL,NULL,2, 9.348378E+01,0,data,8
47964,18717,940613,2004,94C2, 9.127200E+01,37,15,52,37,15, 4.140798E+00, 9.190107E+00,-5.266406E+00, 5.259317E+01, 5.159923E+01, 1.394574E+00,-6.833818E+00,-2.035132E+01, 4.333445E+00, 8.961137E+01, 5.005455E+01, 3.701820E+01, 0.000000E+00,18, 4.495849E+00,0, 0.000000E+00,0, 0.000000E+00,12, 2.173413E+01, 4.071004E-01, 5.655486E+00,NULL,NULL,1,data,8
47964,18723,940613,2008,94C2, 9.127200E+01,0,2,2,0,2, 0.000000E+00, 0.000000E+00, 0.000000E+00, 0.000000E+00, 0.000000E+00, 0.000000E+00,-2.630484E-02, 1.700568E-02, 2.044258E-01, 9.400011E+01, 0.000000E+00, 9.400011E+01, 0.000000E+00,NULL,NULL,NULL,NULL,0, 0.000000E+00,NULL,NULL,NULL,NULL,2, 9.400011E+01,0,data,8
47964,18726,940613,2008,94C2, 9.127200E+01,48,10,58,48,10, 1.201423E+01,-2.890034E+01, 1.842554E+01, 1.280976E+02, 1.272495E+02, 2.651032E+00, 1.023170E+01,-2.360722E+01, 1.557837E+01, 1.440743E+02, 8.943994E+01, 8.760450E+00, 3.983512E-01,12, 1.351095E-01,0, 0.000000E+00,0, 0.000000E+00,7, 1.349256E+01, 4.544263E-01, 4.689681E+00,1, 0.000000E+00,1,data,8
47964,18730,940613,2011,94C2, 9.127200E+01,2,0,2,2,0,-4.915893E-02, 2.096019E-02,-4.024766E-01, 1.432202E+00, 1.404737E+00, 7.023684E-01,-4.915893E-02, 2.096019E-02,-4.024766E-01, 1.432202E+00, 1.432202E+00, 0.000000E+00, 0.000000E+00,NULL,NULL,NULL,NULL,0, 0.000000E+00,NULL,NULL,NULL,NULL,NULL,NULL,0,data,8
47964,18736,940613,2013,94C2, 9.127200E+01,0,2,2,0,2, 0.000000E+00, 0.000000E+00, 0.000000E+00, 0.000000E+00, 0.000000E+00, 0.000000E+00,-5.584610E-02, 7.154036E-02,-1.470642E+00, 9.116656E+01, 0.000000E+00, 9.116656E+01, 0.000000E+00,NULL,NULL,NULL,NULL,0, 0.000000E+00,NULL,NULL,NULL,NULL,2, 9.116656E+01,0,data,8
47964,18738,940613,2013,94C2, 9.127200E+01,22,4,26,22,4, 3.928057E-01, 8.356659E-01,-4.049841E+00, 9.131395E+00, 8.361151E+00, 3.800523E-01, 1.389170E+00, 7.373452E-01,-2.613092E+01, 3.127392E+01, 0.000000E+00, 2.214253E+01, 0.000000E+00,0, 0.000000E+00,3, 0.000000E+00,0, 0.000000E+00,NULL,NULL,NULL,NULL,1, 0.000000E+00,0,data,8
47964,18741,940613,2015,94C2, 9.127200E+01,0,2,2,0,2, 0.000000E+00, 0.000000E+00, 0.000000E+00, 0.000000E+00, 0.000000E+00, 0.000000E+00,-6.305966E-02, 6.648088E-02, 1.059559E+00, 9.330069E+01, 0.000000E+00, 9.330069E+01, 0.000000E+00,NULL,NULL,NULL,NULL,0, 0.000000E+00,NULL,NULL,NULL,NULL,2, 9.330069E+01,0,data,8
47964,18744,940613,2015,94C2, 9.127200E+01,1,1,2,1,1, 8.517043E-01, 2.595471E+01, 3.037418E+00, 2.614608E+01, 2.614571E+01, 2.614571E+01, 1.022303E+00, 2.422259E+01, 2.852047E+00, 2.789642E+01, 0.000000E+00, 1.750341E+00, 0.000000E+00,NULL,NULL,NULL,NULL,0, 0.000000E+00,NULL,NULL,NULL,NULL,NULL,NULL,0,data,8
47964,18745,940613,2015,94C2, 9.127200E+01,29,10,39,29,10, 1.440260E+01, 8.690062E+00, 3.498038E+00, 6.205274E+01, 6.163486E+01, 2.125340E+00, 5.945573E+00, 1.245304E+01, 3.438522E+00, 9.513125E+01, 6.014275E+01, 2.368472E+01, 1.211784E+00,12, 1.130765E-01,0, 0.000000E+00,0, 0.000000E+00,7, 2.240655E+01, 9.531574E-01, 8.181999E+00,NULL,NULL,1,data,8
47964,18747,940613,2016,94C2, 9.127200E+01,0,2,2,0,2, 0.000000E+00, 0.000000E+00, 0.000000E+00, 0.000000E+00, 0.000000E+00, 0.000000E+00,-2.106023E-01, 2.511847E-02,-7.510998E+00, 8.795491E+01, 0.000000E+00, 8.795491E+01, 0.000000E+00,NULL,NULL,NULL,NULL,0, 0.000000E+00,NULL,NULL,NULL,NULL,2, 8.795491E+01,0,data,8
47964,18748,940613,2016,94C2, 9.127200E+01,43,15,58,43,15,-2.387634E+00, 1.115317E+00,-5.360581E+00, 5.665711E+01, 5.579804E+01, 1.297629E+00,-7.975086E-01,-2.011239E+00, 3.284159E-02, 9.080872E+01, 4.361023E+01, 3.261792E+01, 5.684646E-01,17, 1.373040E-01,0, 0.000000E+00,0, 0.000000E+00,12, 2.936292E+01, 7.561921E-01, 6.765982E+00,NULL,NULL,1,data,8
47964,18750,940613,2020,94C2, 9.127200E+01,5,3,8,5,3, 5.306669E-01, 2.050437E+00, 3.569442E+00, 5.343587E+00, 5.239362E+00, 1.047872E+00, 3.813590E-01, 1.623375E+00, 8.290672E+00, 1.015728E+01, 0.000000E+00, 4.813690E+00, 0.000000E+00,NULL,NULL,NULL,NULL,0, 0.000000E+00,NULL,NULL,NULL,NULL,2, 0.000000E+00,0,data,8
47964,18753,940613,2020,94C2, 9.127200E+01,0,2,2,0,2, 0.000000E+00, 0.000000E+00, 0.000000E+00, 0.000000E+00, 0.000000E+00, 0.000000E+00, 1.313641E-01,-5.245495E-02, 2.031624E+00, 9.124727E+01, 0.000000E+00, 9.124727E+01, 0.000000E+00,NULL,NULL,NULL,NULL,0, 0.000000E+00,NULL,NULL,NULL,NULL,2, 9.124727E+01,0,data,8
47964,18754,940613,2020,94C2, 9.127200E+01,31,8,39,31,8,-6.506144E+00,-1.450620E+01,-2.599346E+01, 5.058405E+01, 5.004364E+01, 1.614311E+00, 3.878933E-02,-1.155029E+00, 5.419832E-02, 8.383658E+01, 4.265427E+01, 3.325253E+01, 0.000000E+00,0, 0.000000E+00,12, 4.881720E-01,0, 0.000000E+00,NULL,NULL,NULL,NULL,NULL,NULL,1,data,8
47964,18755,940613,2021,94C2, 9.127200E+01,1,1,2,1,1, 3.179862E+00,-3.222993E+00, 1.926142E+00, 4.922267E+00, 4.920288E+00, 4.920288E+00,-9.870243E-02, 1.154251E-01, 4.260142E+01, 4.586579E+01, 4.920288E+00, 4.094352E+01, 0.000000E+00,1, 2.749617E+00,0, 0.000000E+00,0, 0.000000E+00,NULL,NULL,NULL,NULL,1, 0.000000E+00,0,data,8
47964,18756,940613,2021,94C2, 9.127200E+01,0,2,2,0,2, 0.000000E+00, 0.000000E+00, 0.000000E+00, 0.000000E+00, 0.000000E+00, 0.000000E+00, 1.678334E-01,-1.291746E-02, 2.966221E+00, 9.150317E+01, 0.000000E+00, 9.150317E+01, 0.000000E+00,NULL,NULL,NULL,NULL,0, 0.000000E+00,NULL,NULL,NULL,NULL,2, 9.150317E+01,0,data,8
47964,18759,940613,2021,94C2, 9.127200E+01,13,18,31,13,18, 7.556716E+00, 8.937656E+00, 9.504279E+00, 8.007151E+01, 7.993275E+01, 6.148673E+00, 5.873631E+00, 6.993269E+00, 7.906058E+00, 1.063430E+02, 7.914259E+01, 1.717854E+01, 7.947716E-01,16, 1.391918E+01,0, 0.000000E+00,0, 0.000000E+00,14, 2.273868E+01, 4.285617E-01, 4.032617E+00,NULL,NULL,1,data,8
47964,18760,940613,2021,94C2, 9.127200E+01,22,10,32,22,10, 2.145003E+01, 3.863569E+01,-4.257895E+00, 7.084193E+01, 7.047783E+01, 3.203538E+00, 1.847005E+01, 3.312280E+01,-4.230123E+00, 8.428467E+01, 6.672475E+01, 5.772322E+00, 4.556590E+00,12, 4.381784E+00,0, 0.000000E+00,0, 0.000000E+00,6, 8.178948E+00, 6.229435E-01, 1.842250E+00,1, 0.000000E+00,1,data,8
47964,18763,940613,2024,94C2, 9.127200E+01,0,2,2,0,2, 0.000000E+00, 0.000000E+00, 0.000000E+00, 0.000000E+00, 0.000000E+00, 0.000000E+00, 7.822537E-02,-6.000471E-02,-3.278469E+00, 9.246375E+01, 0.000000E+00, 9.246375E+01, 0.000000E+00,NULL,NULL,NULL,NULL,0, 0.000000E+00,NULL,NULL,NULL,NULL,2, 9.246375E+01,0,data,8
47964,18766,940613,2024,94C2, 9.127200E+01,6,4,10,6,4, 1.960190E+00,-3.944859E+00, 1.946763E+01, 7.174020E+01, 7.167804E+01, 1.194634E+01, 1.209622E+01,-5.507513E+00, 6.260070E+01, 1.166994E+02, 0.000000E+00, 4.495920E+01, 0.000000E+00,0, 0.000000E+00,6, 1.997736E+01,0, 0.000000E+00,NULL,NULL,NULL,NULL,NULL,NULL,0,data,8
47964,18767,940613,2024,94C2, 9.127200E+01,1,2,3,1,2,-4.026286E-02, 8.869747E-02, 1.893398E-02, 1.712481E-01, 9.923122E-02, 9.923122E-02,-1.614581E-01, 6.959581E-02,-4.543922E+01, 4.597856E+01, 0.000000E+00, 4.580731E+01, 0.000000E+00,0, 0.000000E+00,1, 0.000000E+00,0, 0.000000E+00,NULL,NULL,NULL,NULL,1, 0.000000E+00,0,data,8
47964,18768,940613,2024,94C2, 9.127200E+01,2,0,2,2,0,-1.179425E+00,-2.729083E+00,-6.821842E-01, 2.299872E+01, 2.299699E+01, 1.149850E+01,-1.179425E+00,-2.729083E+00,-6.821842E-01, 2.299872E+01, 1.302400E+01, 0.000000E+00, 0.000000E+00,2, 3.588795E-01,0, 0.000000E+00,0, 0.000000E+00,NULL,NULL,NULL,NULL,NULL,NULL,0,data,8
47964,18769,940613,2024,94C2, 9.127200E+01,6,2,8,6,2, 1.690055E-01, 4.387119E-01,-1.768183E+00, 2.949666E+00, 2.805415E+00, 4.675691E-01, 1.564915E-01, 6.432670E-01,-1.672370E+01, 1.793911E+01, 0.000000E+00, 1.498944E+01, 0.000000E+00,NULL,NULL,NULL,NULL,0, 0.000000E+00,NULL,NULL,NULL,NULL,2, 0.000000E+00,0,data,8
47964,18770,940613,2027,94C2, 9.127200E+01,0,2,2,0,2, 0.000000E+00, 0.000000E+00, 0.000000E+00, 0.000000E+00, 0.000000E+00, 0.000000E+00, 1.424956E-01,-6.818056E-03,-1.103300E+01, 8.030266E+01, 0.000000E+00, 8.030266E+01, 0.000000E+00,NULL,NULL,NULL,NULL,0, 0.000000E+00,NULL,NULL,NULL,NULL,2, 8.030266E+01,0,data,8
47964,18775,940613,2027,94C2, 9.127200E+01,17,22,39,17,22, 2.574575E+00,-1.353467E+00,-3.140950E+00, 5.430705E+01, 5.415251E+01, 3.185442E+00,-5.856547E-01, 2.595111E+00, 3.548500E-01, 7.333658E+01, 5.441304E+01, 1.627262E+01, 2.004096E+00,7, 6.224099E-01,9, 3.708912E-01,0, 0.000000E+00,6, 1.017792E+01, 3.489702E-01, 5.711510E+00,NULL,NULL,1,data,8
47964,18777,940613,2032,94C2, 9.127200E+01,0,2,2,0,2, 0.000000E+00, 0.000000E+00, 0.000000E+00, 0.000000E+00, 0.000000E+00, 0.000000E+00, 4.404309E-02,-1.177835E-02,-5.800323E-01, 9.284203E+01, 0.000000E+00, 9.284203E+01, 0.000000E+00,NULL,NULL,NULL,NULL,0, 0.000000E+00,NULL,NULL,NULL,NULL,2, 9.284203E+01,0,data,8
47964,18779,940613,2032,94C2, 9.127200E+01,0,2,2,0,2, 0.000000E+00, 0.000000E+00, 0.000000E+00, 0.000000E+00, 0.000000E+00, 0.000000E+00,-3.540373E-02,-1.397674E-01, 1.440575E+00, 9.710319E+01, 0.000000E+00, 9.710319E+01, 0.000000E+00,NULL,NULL,NULL,NULL,0, 0.000000E+00,NULL,NULL,NULL,NULL,2, 9.710319E+01,0,data,8
47964,18781,940613,2033,94C2, 9.127200E+01,0,2,2,0,2, 0.000000E+00, 0.000000E+00, 0.000000E+00, 0.000000E+00, 0.000000E+00, 0.000000E+00, 5.705249E-02,-1.053753E-01, 1.995899E+00, 9.218906E+01, 0.000000E+00, 9.218906E+01, 0.000000E+00,NULL,NULL,NULL,NULL,0, 0.000000E+00,NULL,NULL,NULL,NULL,2, 9.218906E+01,0,data,8
47964,18782,940613,2033,94C2, 9.127200E+01,0,2,2,0,2, 0.000000E+00, 0.000000E+00, 0.000000E+00, 0.000000E+00, 0.000000E+00, 0.000000E+00, 3.092226E-02, 1.805067E-01, 7.877579E-01, 9.263760E+01, 0.000000E+00, 9.263760E+01, 0.000000E+00,NULL,NULL,NULL,NULL,0, 0.000000E+00,NULL,NULL,NULL,NULL,2, 9.263760E+01,0,data,8
47964,18785,940613,2033,94C2, 9.127200E+01,0,2,2,0,2, 0.000000E+00, 0.000000E+00, 0.000000E+00, 0.000000E+00, 0.000000E+00, 0.000000E+00, 5.866754E-02,-9.898186E-02, 1.497528E+00, 9.418518E+01, 0.000000E+00, 9.418518E+01, 0.000000E+00,NULL,NULL,NULL,NULL,0, 0.000000E+00,NULL,NULL,NULL,NULL,2, 9.418518E+01,0,data,8
47964,18788,940613,2034,94C2, 9.127200E+01,20,7,27,20,7, 5.040517E-01,-1.199438E+01, 4.439531E+00, 7.690726E+01, 7.653452E+01, 3.826726E+00, 6.539182E-01,-1.267425E+01, 4.077330E+00, 8.752905E+01, 7.488946E+01, 6.810889E+00, 0.000000E+00,9, 1.169130E+01,0, 0.000000E+00,0, 0.000000E+00,5, 6.012314E+00, 5.000676E-01, 2.724440E+00,NULL,NULL,1,data,8
47964,18793,940613,2035,94C2, 9.127200E+01,22,10,32,22,10, 1.511957E+01,-2.496148E+01, 8.366912E+01, 1.993940E+02, 1.991689E+02, 9.053132E+00, 1.093559E+01,-1.805838E+01, 9.731489E+01, 2.252414E+02, 6.830509E+01, 2.556308E+01, 0.000000E+00,2, 0.000000E+00,8, 2.675298E+01,0, 0.000000E+00,2, 9.741046E-01, 2.843225E-01, 6.897822E-01,2, 0.000000E+00,1,data,8
47964,18795,940613,2035,94C2, 9.127200E+01,0,2,2,0,2, 0.000000E+00, 0.000000E+00, 0.000000E+00, 0.000000E+00, 0.000000E+00, 0.000000E+00, 1.272922E+00, 8.406138E-01,-4.482204E+00, 4.791634E+00, 0.000000E+00, 4.791634E+00, 0.000000E+00,0, 0.000000E+00,1, 4.695825E+00,0, 0.000000E+00,NULL,NULL,NULL,NULL,NULL,NULL,0,data,8
47964,18796,940613,2035,94C2, 9.127200E+01,0,2,2,0,2, 0.000000E+00, 0.000000E+00, 0.000000E+00, 0.000000E+00, 0.000000E+00, 0.000000E+00, 1.346822E-01, 1.178008E-01, 1.300484E+00, 9.129370E+01, 0.000000E+00, 9.129370E+01, 0.000000E+00,NULL,NULL,NULL,NULL,0, 0.000000E+00,NULL,NULL,NULL,NULL,2, 9.129370E+01,0,data,8
47964,18797,940613,2035,94C2, 9.127200E+01,0,2,2,0,2, 0.000000E+00, 0.000000E+00, 0.000000E+00, 0.000000E+00, 0.000000E+00, 0.000000E+00,-3.676569E-02, 2.314806E-02, 1.473450E+00, 8.944357E+01, 0.000000E+00, 8.944357E+01, 0.000000E+00,NULL,NULL,NULL,NULL,0, 0.000000E+00,NULL,NULL,NULL,NULL,2, 8.944357E+01,0,data,8
47964,18798,940613,2037,94C2, 9.127200E+01,0,2,2,0,2, 0.000000E+00, 0.000000E+00, 0.000000E+00, 0.000000E+00, 0.000000E+00, 0.000000E+00, 3.110371E-02,-5.026269E-02,-1.290306E+00, 9.264584E+01, 0.000000E+00, 9.264584E+01, 0.000000E+00,NULL,NULL,NULL,NULL,0, 0.000000E+00,NULL,NULL,NULL,NULL,2, 9.264584E+01,0,data,8
47964,18800,940613,2037,94C2, 9.127200E+01,0,2,2,0,2, 0.000000E+00, 0.000000E+00, 0.000000E+00, 0.000000E+00, 0.000000E+00, 0.000000E+00, 9.281528E-02,-8.727551E-03,-5.663261E-01, 9.427007E+01, 0.000000E+00, 9.427007E+01, 0.000000E+00,NULL,NULL,NULL,NULL,0, 0.000000E+00,NULL,NULL,NULL,NULL,2, 9.427007E+01,0,data,8
47964,18802,940613,2037,94C2, 9.127200E+01,16,4,20,16,4,-3.950112E-01,-1.574721E+00,-5.244974E-01, 8.624387E+00, 8.088902E+00, 5.055563E-01,-4.533222E-01,-1.590149E+00,-4.648716E+00, 1.284615E+01, 2.193192E+00, 4.221767E+00, 0.000000E+00,0, 0.000000E+00,1, 0.000000E+00,0, 0.000000E+00,NULL,NULL,NULL,NULL,2, 0.000000E+00,0,data,8
47964,18804,940613,2038,94C2, 9.127200E+01,2,1,3,2,1, 1.814497E-01,-7.544817E-02,-1.358899E-01, 1.102923E+00, 1.066790E+00, 5.333948E-01,-6.567686E-01,-6.560668E-03,-2.751063E+00, 3.850009E+00, 1.102924E+00, 0.000000E+00, 2.747086E+00,NULL,NULL,NULL,NULL,0, 0.000000E+00,NULL,NULL,NULL,NULL,NULL,NULL,0,data,8
47964,18805,940613,2038,94C2, 9.127200E+01,39,9,48,39,9, 1.399109E+01,-1.453591E+01,-1.412786E+01, 4.711209E+01, 4.623246E+01, 1.185448E+00,-1.209986E+00, 2.749616E+00, 4.954839E+00, 7.871485E+01, 4.003099E+01, 2.922978E+01, 1.278474E+00,8, 0.000000E+00,1, 0.000000E+00,0, 0.000000E+00,8, 3.042402E+01, 3.150127E-01, 2.381030E+01,NULL,NULL,1,data,8
47964,18806,940613,2041,94C2, 9.127200E+01,22,11,33,22,11,-1.981949E+00, 2.025205E+01,-5.084808E+00, 5.623960E+01, 5.582766E+01, 2.537621E+00,-8.828435E-01, 1.226339E+01,-3.286159E+00, 7.089188E+01, 5.283072E+01, 5.950215E+00, 8.702065E+00,12, 9.211773E+00,0, 0.000000E+00,0, 0.000000E+00,5, 4.473782E+00, 5.787800E-01, 1.651752E+00,NULL,NULL,1,data,8
47964,18807,940613,2041,94C2, 9.127200E+01,0,3,3,0,3, 0.000000E+00, 0.000000E+00, 0.000000E+00, 0.000000E+00, 0.000000E+00, 0.000000E+00,-6.819725E-02,-1.495856E-02, 1.878719E+00, 9.029886E+01, 0.000000E+00, 9.029886E+01, 0.000000E+00,NULL,NULL,NULL,NULL,0, 0.000000E+00,NULL,NULL,NULL,NULL,3, 9.029886E+01,0,data,8
47964,18810,940613,2042,94C2, 9.127200E+01,32,16,48,32,16, 2.076497E+01, 5.983666E+00, 9.710263E+00, 5.815386E+01, 5.752724E+01, 1.797726E+00, 8.977535E+00, 2.779725E-01, 4.004087E+00, 1.053904E+02, 5.016338E+01, 2.703664E+01, 1.868128E+01,16, 1.198618E+00,0, 0.000000E+00,0, 0.000000E+00,12, 2.663599E+01, 3.383312E-01, 8.826351E+00,NULL,NULL,1,data,8
47964,18811,940613,2042,94C2, 9.127200E+01,22,11,33,22,11, 3.322007E+00,-1.698018E+00, 1.215203E+00, 5.399270E+01, 5.363498E+01, 2.437954E+00,-4.205850E+00,-3.501660E+00,-9.330972E-01, 7.167082E+01, 5.095609E+01, 7.594313E+00, 3.727709E+00,15, 1.189279E+01,0, 0.000000E+00,0, 0.000000E+00,9, 1.114202E+01, 4.523256E-01, 3.844122E+00,NULL,NULL,1,data,8
47964,18816,940613,2045,94C2, 9.127200E+01,0,2,2,0,2, 0.000000E+00, 0.000000E+00, 0.000000E+00, 0.000000E+00, 0.000000E+00, 0.000000E+00,-1.996469E-02, 1.068436E-01, 6.546135E-01, 9.491858E+01, 0.000000E+00, 9.491858E+01, 0.000000E+00,NULL,NULL,NULL,NULL,0, 0.000000E+00,NULL,NULL,NULL,NULL,2, 9.491858E+01,0,data,8
47964,18818,940613,2045,94C2, 9.127200E+01,2,0,2,2,0, 5.308049E+01, 1.240830E+02,-7.921906E+01, 3.001381E+02, 3.001379E+02, 1.500689E+02, 5.308049E+01, 1.240830E+02,-7.921906E+01, 3.001381E+02, 0.000000E+00, 0.000000E+00, 0.000000E+00,2, 1.827594E-01,0, 0.000000E+00,0, 0.000000E+00,NULL,NULL,NULL,NULL,NULL,NULL,0,data,8
47964,18820,940613,2046,94C2, 9.127200E+01,29,22,51,29,22, 1.196644E+01, 9.919294E-01, 3.839365E+00, 5.881212E+01, 5.827272E+01, 2.009404E+00,-6.141064E+00, 1.784836E+00,-3.790742E+00, 1.252669E+02, 4.957143E+01, 2.122500E+01, 4.470025E+01,17, 1.209165E+00,0, 0.000000E+00,0, 0.000000E+00,10, 1.195102E+01, 4.168765E-01, 2.715242E+00,NULL,NULL,1,data,8
47964,18825,940613,2050,94C2, 9.127200E+01,28,12,40,28,12, 7.013649E+00,-1.312438E+01, 2.279792E+01, 8.884338E+01, 8.824985E+01, 3.151780E+00, 1.624653E+01,-1.184719E+01, 3.949561E+01, 1.098354E+02, 4.274438E+01, 2.099202E+01, 0.000000E+00,1, 0.000000E+00,16, 2.303337E+01,0, 0.000000E+00,1, 6.902268E-01, 6.902268E-01, 6.902268E-01,NULL,NULL,1,data,8
47964,18829,940613,2050,94C2, 9.127200E+01,47,10,57,47,10, 1.955322E+00, 1.706344E+00,-1.172158E+00, 7.439571E+01, 7.368164E+01, 1.567694E+00, 3.236215E+00, 2.064804E+00,-3.240968E+00, 8.995184E+01, 5.960347E+01, 1.451065E+01, 6.319588E-01,15, 8.433300E+00,2, 0.000000E+00,0, 0.000000E+00,6, 1.107228E+01, 4.068001E-01, 4.973141E+00,NULL,NULL,1,data,8
47964,18832,940613,2055,94C2, 9.127200E+01,0,2,2,0,2, 0.000000E+00, 0.000000E+00, 0.000000E+00, 0.000000E+00, 0.000000E+00, 0.000000E+00, 1.622639E-01, 5.918837E-02, 1.338127E+00, 8.958133E+01, 0.000000E+00, 8.958133E+01, 0.000000E+00,NULL,NULL,NULL,NULL,0, 0.000000E+00,NULL,NULL,NULL,NULL,2, 8.958133E+01,0,data,8
47964,18833,940613,2055,94C2, 9.127200E+01,0,2,2,0,2, 0.000000E+00, 0.000000E+00, 0.000000E+00, 0.000000E+00, 0.000000E+00, 0.000000E+00, 6.968284E-02, 2.323303E-01, 1.793892E+00, 9.143926E+01, 0.000000E+00, 9.143926E+01, 0.000000E+00,NULL,NULL,NULL,NULL,0, 0.000000E+00,NULL,NULL,NULL,NULL,2, 9.143926E+01,0,data,8
47964,18835,940613,2055,94C2, 9.127200E+01,6,1,7,6,1,-5.892788E-01, 9.781696E-01,-5.522643E+00, 7.404776E+00, 7.268612E+00, 1.211435E+00,-5.416251E-01, 8.335147E-01,-4.738762E+00, 8.203315E+00, 2.289712E+00, 7.985391E-01, 0.000000E+00,0, 0.000000E+00,3, 8.731527E-01,0, 0.000000E+00,NULL,NULL,NULL,NULL,NULL,NULL,0,data,8
47964,18836,940613,2055,94C2, 9.127200E+01,0,2,2,0,2, 0.000000E+00, 0.000000E+00, 0.000000E+00, 0.000000E+00, 0.000000E+00, 0.000000E+00,-4.009429E-02, 3.715754E-03,-5.138321E-01, 9.219651E+01, 0.000000E+00, 9.219651E+01, 0.000000E+00,NULL,NULL,NULL,NULL,0, 0.000000E+00,NULL,NULL,NULL,NULL,2, 9.219651E+01,0,data,8
47964,18839,940613,2055,94C2, 9.127200E+01,0,2,2,0,2, 0.000000E+00, 0.000000E+00, 0.000000E+00, 0.000000E+00, 0.000000E+00, 0.000000E+00, 2.683897E-01, 1.424675E-01, 2.247574E+00, 9.136803E+01, 0.000000E+00, 9.136803E+01, 0.000000E+00,NULL,NULL,NULL,NULL,0, 0.000000E+00,NULL,NULL,NULL,NULL,2, 9.136803E+01,0,data,8
47964,18843,940613,2058,94C2, 9.127200E+01,0,2,2,0,2, 0.000000E+00, 0.000000E+00, 0.000000E+00, 0.000000E+00, 0.000000E+00, 0.000000E+00, 4.918647E-02, 4.553795E-02, 5.331612E-01, 9.267046E+01, 0.000000E+00, 9.267046E+01, 0.000000E+00,NULL,NULL,NULL,NULL,0, 0.000000E+00,NULL,NULL,NULL,NULL,2, 9.267046E+01,0,data,8
47964,18844,940613,2058,94C2, 9.127200E+01,0,3,3,0,3, 0.000000E+00, 0.000000E+00, 0.000000E+00, 0.000000E+00, 0.000000E+00, 0.000000E+00, 1.645439E-01,-6.081426E-02, 1.091281E+01, 8.019714E+01, 0.000000E+00, 8.019714E+01, 0.000000E+00,NULL,NULL,NULL,NULL,0, 0.000000E+00,NULL,NULL,NULL,NULL,3, 8.019714E+01,0,data,8
47964,18855,940613,2101,94C2, 9.127200E+01,40,26,66,40,26,-8.041167E+00,-3.076284E+00, 1.362989E+01, 6.242657E+01, 6.175937E+01, 1.543984E+00,-4.434608E+00,-2.078372E+00, 6.794971E+00, 8.593518E+01, 4.867541E+01, 1.977934E+01, 1.032613E+00,8, 1.315206E-01,17, 4.509096E+00,0, 0.000000E+00,6, 5.108829E+00, 4.889815E-01, 1.282692E+00,1, 0.000000E+00,1,data,8
47964,18857,940613,2101,94C2, 9.127200E+01,0,2,2,0,2, 0.000000E+00, 0.000000E+00, 0.000000E+00, 0.000000E+00, 0.000000E+00, 0.000000E+00, 5.126834E-02, 1.939975E-01, 1.609905E+00, 9.030338E+01, 0.000000E+00, 9.030338E+01, 0.000000E+00,NULL,NULL,NULL,NULL,0, 0.000000E+00,NULL,NULL,NULL,NULL,2, 9.030338E+01,0,data,8
47964,18859,940613,2101,94C2, 9.127200E+01,0,2,2,0,2, 0.000000E+00, 0.000000E+00, 0.000000E+00, 0.000000E+00, 0.000000E+00, 0.000000E+00, 2.219939E-01, 1.224686E-01, 7.988663E-01, 8.780640E+01, 0.000000E+00, 8.780640E+01, 0.000000E+00,NULL,NULL,NULL,NULL,0, 0.000000E+00,NULL,NULL,NULL,NULL,2, 8.780640E+01,0,data,8
47964,18860,940613,2101,94C2, 9.127200E+01,9,1,10,9,1,-1.443248E-01, 3.426475E-01, 3.290873E+00, 5.808660E+00, 5.602171E+00, 6.224635E-01, 1.341724E-02, 5.355275E-02, 1.034655E+01, 1.287202E+01, 0.000000E+00, 7.063358E+00, 0.000000E+00,NULL,NULL,NULL,NULL,0, 0.000000E+00,NULL,NULL,NULL,NULL,1, 0.000000E+00,0,data,8
47964,18862,940613,2103,94C2, 9.127200E+01,0,2,2,0,2, 0.000000E+00, 0.000000E+00, 0.000000E+00, 0.000000E+00, 0.000000E+00, 0.000000E+00, 5.361319E-02, 2.351737E-02, 1.457787E-01, 9.678513E+01, 0.000000E+00, 9.678513E+01, 0.000000E+00,NULL,NULL,NULL,NULL,0, 0.000000E+00,NULL,NULL,NULL,NULL,2, 9.678513E+01,0,data,8
47964,18864,940613,2103,94C2, 9.127200E+01,29,16,45,29,16,-1.392801E+00,-2.978602E+00,-1.169732E+00, 5.426869E+01, 5.347590E+01, 1.843997E+00,-2.912078E+00,-4.782275E+00,-2.609904E+00, 9.037330E+01, 4.772054E+01, 3.297877E+01, 1.122107E+00,15, 1.725946E+00,0, 0.000000E+00,0, 0.000000E+00,14, 3.465662E+01, 6.629320E-01, 1.225103E+01,NULL,NULL,1,data,8
47964,18866,940613,2104,94C2, 9.127200E+01,0,2,2,0,2, 0.000000E+00, 0.000000E+00, 0.000000E+00, 0.000000E+00, 0.000000E+00, 0.000000E+00,-6.432962E-02,-4.414248E-02,-2.286446E+00, 9.085457E+01, 0.000000E+00, 9.085457E+01, 0.000000E+00,NULL,NULL,NULL,NULL,0, 0.000000E+00,NULL,NULL,NULL,NULL,2, 9.085457E+01,0,data,8
47964,18867,940613,2104,94C2, 9.127200E+01,39,19,58,39,19,-5.036381E-01, 7.028877E-01, 8.638165E-01, 6.848525E+01, 6.779546E+01, 1.738345E+00,-3.158752E+00,-3.763384E+00,-3.521961E-01, 1.085951E+02, 6.267764E+01, 2.886844E+01, 1.131454E+01,16, 1.614375E-01,0, 0.000000E+00,0, 0.000000E+00,12, 2.002078E+01, 7.708114E-01, 3.128971E+00,NULL,NULL,1,data,8
47964,18869,940613,2105,94C2, 9.127200E+01,0,2,2,0,2, 0.000000E+00, 0.000000E+00, 0.000000E+00, 0.000000E+00, 0.000000E+00, 0.000000E+00,-1.775137E-02,-9.634733E-03,-4.252396E-01, 9.239810E+01, 0.000000E+00, 9.239810E+01, 0.000000E+00,NULL,NULL,NULL,NULL,0, 0.000000E+00,NULL,NULL,NULL,NULL,2, 9.239810E+01,0,data,8
47964,44306,940613,34210,94C2, 9.127600E+01,0,2,2,0,2, 0.000000E+00, 0.000000E+00, 0.000000E+00, 0.000000E+00, 0.000000E+00, 0.000000E+00, 4.497619E-01,-4.942167E-02, 2.686241E+00, 9.276970E+01, 0.000000E+00, 9.276970E+01, 0.000000E+00,NULL,NULL,NULL,NULL,0, 0.000000E+00,NULL,NULL,NULL,NULL,2, 9.276970E+01,0,data,8
47964,44311,940613,34213,94C2, 9.127600E+01,0,22,22,0,22, 0.000000E+00, 0.000000E+00, 0.000000E+00, 0.000000E+00, 0.000000E+00, 0.000000E+00, 2.135386E+01,-2.131306E+00,-3.450488E+01, 4.070764E+01, 0.000000E+00, 4.070764E+01, 0.000000E+00,0, 0.000000E+00,22, 4.070764E+01,0, 0.000000E+00,NULL,NULL,NULL,NULL,NULL,NULL,0,data,8
47964,44315,940613,34213,94C2, 9.127600E+01,2,1,3,2,1, 2.134657E-01, 5.185928E-01,-4.838009E-01, 8.409320E+01, 8.409274E+01, 4.204637E+01,-1.057270E+00,-3.667764E+00, 2.969211E+00, 8.966668E+01, 8.409297E+01, 5.573477E+00, 0.000000E+00,3, 8.247764E+01,0, 0.000000E+00,0, 0.000000E+00,1, 5.573477E+00, 5.573477E+00, 5.573477E+00,NULL,NULL,0,data,8
47964,44321,940613,34217,94C2, 9.127600E+01,0,2,2,0,2, 0.000000E+00, 0.000000E+00, 0.000000E+00, 0.000000E+00, 0.000000E+00, 0.000000E+00, 1.004466E-01, 3.679276E-02, 1.341972E-01, 8.967612E+01, 0.000000E+00, 8.967612E+01, 0.000000E+00,NULL,NULL,NULL,NULL,0, 0.000000E+00,NULL,NULL,NULL,NULL,2, 8.967612E+01,0,data,8
47964,44322,940613,34217,94C2, 9.127600E+01,0,2,2,0,2, 0.000000E+00, 0.000000E+00, 0.000000E+00, 0.000000E+00, 0.000000E+00, 0.000000E+00, 2.118845E-01,-2.495804E-02,-9.254341E-01, 9.369291E+01, 0.000000E+00, 9.369291E+01, 0.000000E+00,NULL,NULL,NULL,NULL,0, 0.000000E+00,NULL,NULL,NULL,NULL,2, 9.369291E+01,0,data,8
47964,44324,940613,34217,94C2, 9.127600E+01,0,2,2,0,2, 0.000000E+00, 0.000000E+00, 0.000000E+00, 0.000000E+00, 0.000000E+00, 0.000000E+00, 5.146706E-02, 3.836131E-02,-4.472084E-01, 9.154896E+01, 0.000000E+00, 9.154896E+01, 0.000000E+00,NULL,NULL,NULL,NULL,0, 0.000000E+00,NULL,NULL,NULL,NULL,2, 9.154896E+01,0,data,8
47964,44326,940613,34217,94C2, 9.127600E+01,0,2,2,0,2, 0.000000E+00, 0.000000E+00, 0.000000E+00, 0.000000E+00, 0.000000E+00, 0.000000E+00, 7.169223E-02,-2.814069E-02,-4.164772E-01, 9.196468E+01, 0.000000E+00, 9.196468E+01, 0.000000E+00,NULL,NULL,NULL,NULL,0, 0.000000E+00,NULL,NULL,NULL,NULL,2, 9.196468E+01,0,data,8
47964,44330,940613,34220,94C2, 9.127600E+01,0,2,2,0,2, 0.000000E+00, 0.000000E+00, 0.000000E+00, 0.000000E+00, 0.000000E+00, 0.000000E+00, 7.375336E-02,-7.469320E-02, 1.562420E+00, 9.444156E+01, 0.000000E+00, 9.444156E+01, 0.000000E+00,NULL,NULL,NULL,NULL,0, 0.000000E+00,NULL,NULL,NULL,NULL,2, 9.444156E+01,0,data,8
47964,44342,940613,34230,94C2, 9.127600E+01,0,2,2,0,2, 0.000000E+00, 0.000000E+00, 0.000000E+00, 0.000000E+00, 0.000000E+00, 0.000000E+00, 4.293203E-03,-4.567099E-02,-6.618843E-01, 9.117061E+01, 0.000000E+00, 9.117061E+01, 0.000000E+00,NULL,NULL,NULL,NULL,0, 0.000000E+00,NULL,NULL,NULL,NULL,2, 9.117061E+01,0,data,8
47964,44344,940613,34230,94C2, 9.127600E+01,34,14,48,34,14, 4.700470E-01,-7.706700E+00, 3.289223E+00, 8.527159E+01, 8.468913E+01, 2.490857E+00,-5.424564E+00,-9.825155E-02, 1.000573E+01, 1.039759E+02, 7.527257E+01, 1.663033E+01, 2.073960E+00,5, 0.000000E+00,11, 5.395581E+00,0, 0.000000E+00,4, 7.888147E+00, 9.114349E-01, 5.000421E+00,1, 0.000000E+00,1,data,8
47964,44346,940613,34230,94C2, 9.127600E+01,0,2,2,0,2, 0.000000E+00, 0.000000E+00, 0.000000E+00, 0.000000E+00, 0.000000E+00, 0.000000E+00,-3.022146E-02,-2.698112E-02, 1.187222E+00, 9.281938E+01, 0.000000E+00, 9.281938E+01, 0.000000E+00,NULL,NULL,NULL,NULL,0, 0.000000E+00,NULL,NULL,NULL,NULL,2, 9.281938E+01,0,data,8
47964,44347,940613,34230,94C2, 9.127600E+01,3,2,5,3,2, 1.829767E+00,-8.008171E-01, 5.195684E-01, 2.225977E+00, 2.099172E+00, 6.997240E-01, 2.132689E+00,-8.365855E-01, 7.436578E-01, 9.035990E+00, 0.000000E+00, 6.810013E+00, 0.000000E+00,NULL,NULL,NULL,NULL,0, 0.000000E+00,NULL,NULL,NULL,NULL,2, 0.000000E+00,0,data,8
47964,44349,940613,34235,94C2, 9.127600E+01,0,2,2,0,2, 0.000000E+00, 0.000000E+00, 0.000000E+00, 0.000000E+00, 0.000000E+00, 0.000000E+00,-1.049652E-01,-1.889720E-01, 2.154575E+00, 9.109966E+01, 0.000000E+00, 9.109966E+01, 0.000000E+00,NULL,NULL,NULL,NULL,0, 0.000000E+00,NULL,NULL,NULL,NULL,2, 9.109966E+01,0,data,8
47964,44351,940613,34235,94C2, 9.127600E+01,0,2,2,0,2, 0.000000E+00, 0.000000E+00, 0.000000E+00, 0.000000E+00, 0.000000E+00, 0.000000E+00,-3.950869E-01,-1.138019E+00, 9.040054E+00, 8.156968E+01, 0.000000E+00, 8.156968E+01, 0.000000E+00,NULL,NULL,NULL,NULL,0, 0.000000E+00,NULL,NULL,NULL,NULL,2, 8.156968E+01,0,data,8
47964,44359,940613,34239,94C2, 9.127600E+01,0,6,6,0,6, 0.000000E+00, 0.000000E+00, 0.000000E+00, 0.000000E+00, 0.000000E+00, 0.000000E+00, 1.767534E+00,-4.172439E+00,-2.381509E+01, 7.187642E+01, 0.000000E+00, 7.187642E+01, 0.000000E+00,0, 0.000000E+00,3, 3.606325E+00,0, 0.000000E+00,NULL,NULL,NULL,NULL,2, 5.342796E+01,0,data,8
47964,44360,940613,34239,94C2, 9.127600E+01,0,1,1,0,1, 0.000000E+00, 0.000000E+00, 0.000000E+00, 0.000000E+00, 0.000000E+00, 0.000000E+00, 1.249560E+00, 5.092274E-02,-2.869164E+01, 2.871889E+01, 0.000000E+00, 2.871889E+01, 0.000000E+00,NULL,NULL,NULL,NULL,0, 0.000000E+00,NULL,NULL,NULL,NULL,1, 2.871889E+01,0,data,8
47964,44362,940613,34239,94C2, 9.127600E+01,0,3,3,0,3, 0.000000E+00, 0.000000E+00, 0.000000E+00, 0.000000E+00, 0.000000E+00, 0.000000E+00,-1.067878E-01,-1.358852E+00, 1.173256E+01, 8.180305E+01, 0.000000E+00, 8.180305E+01, 0.000000E+00,NULL,NULL,NULL,NULL,0, 0.000000E+00,NULL,NULL,NULL,NULL,3, 8.180305E+01,0,data,8
47964,44364,940613,34239,94C2, 9.127600E+01,2,0,2,2,0,-1.111412E+01, 7.069487E+01, 1.077465E+01, 1.444946E+02, 1.444942E+02, 7.224712E+01,-1.111412E+01, 7.069487E+01, 1.077465E+01, 1.444946E+02, 0.000000E+00, 0.000000E+00, 0.000000E+00,1, 1.530343E-01,0, 0.000000E+00,0, 0.000000E+00,NULL,NULL,NULL,NULL,NULL,NULL,0,data,8
47964,44365,940613,34245,94C2, 9.127600E+01,0,2,2,0,2, 0.000000E+00, 0.000000E+00, 0.000000E+00, 0.000000E+00, 0.000000E+00, 0.000000E+00,-5.939960E-02, 2.641082E-03,-9.550667E-01, 9.043674E+01, 0.000000E+00, 9.043674E+01, 0.000000E+00,NULL,NULL,NULL,NULL,0, 0.000000E+00,NULL,NULL,NULL,NULL,2, 9.043674E+01,0,data,8
47964,44368,940613,34245,94C2, 9.127600E+01,14,10,24,14,10, 6.413638E+01,-4.023920E+01, 3.756079E+01, 1.156302E+02, 1.152920E+02, 8.235145E+00, 6.487589E+01,-4.047604E+01, 3.700993E+01, 1.504457E+02, 1.135940E+02, 1.736462E+01, 1.505865E+01,8, 4.191993E+00,0, 0.000000E+00,0, 0.000000E+00,6, 1.706190E+01, 3.697851E-01, 1.287933E+01,NULL,NULL,1,data,8
47964,44371,940613,34249,94C2, 9.127600E+01,0,2,2,0,2, 0.000000E+00, 0.000000E+00, 0.000000E+00, 0.000000E+00, 0.000000E+00, 0.000000E+00, 7.895133E-02, 7.655692E-02,-2.188602E+00, 9.028432E+01, 0.000000E+00, 9.028432E+01, 0.000000E+00,NULL,NULL,NULL,NULL,0, 0.000000E+00,NULL,NULL,NULL,NULL,2, 9.028432E+01,0,data,8
47964,44373,940613,34249,94C2, 9.127600E+01,4,1,5,4,1,-7.795883E-01,-1.146457E+00, 2.197542E-01, 1.883143E+00, 1.792164E+00, 4.480411E-01,-1.288286E+00,-1.041372E+00, 1.122980E+01, 1.290544E+01, 0.000000E+00, 1.102229E+01, 0.000000E+00,NULL,NULL,NULL,NULL,0, 0.000000E+00,NULL,NULL,NULL,NULL,1, 0.000000E+00,0,data,8
47964,44375,940613,34249,94C2, 9.127600E+01,0,2,2,0,2, 0.000000E+00, 0.000000E+00, 0.000000E+00, 0.000000E+00, 0.000000E+00, 0.000000E+00, 6.959260E-02, 1.443007E-01,-1.590118E+00, 8.912366E+01, 0.000000E+00, 8.912366E+01, 0.000000E+00,NULL,NULL,NULL,NULL,0, 0.000000E+00,NULL,NULL,NULL,NULL,2, 8.912366E+01,0,data,8
47964,44378,940613,34249,94C2, 9.127600E+01,0,2,2,0,2, 0.000000E+00, 0.000000E+00, 0.000000E+00, 0.000000E+00, 0.000000E+00, 0.000000E+00, 1.536989E-01,-7.317543E-03, 1.033951E+00, 8.844503E+01, 0.000000E+00, 8.844503E+01, 0.000000E+00,NULL,NULL,NULL,NULL,0, 0.000000E+00,NULL,NULL,NULL,NULL,2, 8.844503E+01,0,data,8
47964,44383,940613,34254,94C2, 9.127600E+01,0,12,12,0,12, 0.000000E+00, 0.000000E+00, 0.000000E+00, 0.000000E+00, 0.000000E+00, 0.000000E+00, 6.783025E+00,-3.237058E+01, 6.500180E+01, 8.038020E+01, 0.000000E+00, 8.038020E+01, 0.000000E+00,0, 0.000000E+00,10, 6.429545E+01,0, 0.000000E+00,NULL,NULL,NULL,NULL,NULL,NULL,0,data,8
47964,44385,940613,34254,94C2, 9.127600E+01,0,4,4,0,4, 0.000000E+00, 0.000000E+00, 0.000000E+00, 0.000000E+00, 0.000000E+00, 0.000000E+00, 5.332929E-01, 4.766797E-02, 4.319018E+01, 4.387526E+01, 0.000000E+00, 4.387526E+01, 0.000000E+00,0, 0.000000E+00,2, 7.560789E-01,0, 0.000000E+00,NULL,NULL,NULL,NULL,1, 3.561895E+01,0,data,8
47964,44388,940613,34256,94C2, 9.127600E+01,17,10,27,17,10, 5.489306E+00, 1.901093E+01,-8.714446E+00, 3.690558E+01, 3.659346E+01, 2.152557E+00, 6.207557E+00, 1.665825E+01,-7.679269E+00, 6.465697E+01, 3.590323E+01, 8.639090E+00, 1.508179E+01,9, 3.551589E-01,0, 0.000000E+00,0, 0.000000E+00,6, 1.266961E+01, 9.378246E-01, 4.587225E+00,NULL,NULL,1,data,8
47964,44389,940613,34256,94C2, 9.127600E+01,2,0,2,2,0,-1.132666E+00, 1.410591E+01, 7.956613E+00, 6.391468E+01, 6.391403E+01, 3.195702E+01,-1.132666E+00, 1.410591E+01, 7.956613E+00, 6.391468E+01, 6.391468E+01, 0.000000E+00, 0.000000E+00,2, 9.556363E+01,0, 0.000000E+00,0, 0.000000E+00,NULL,NULL,NULL,NULL,NULL,NULL,0,data,8
47964,44391,940613,34301,94C2, 9.127600E+01,5,5,10,5,5, 4.890268E-01,-2.835509E+00,-9.274053E-01, 4.515929E+00, 4.379235E+00, 8.758470E-01, 1.870875E+00,-3.307052E-01,-4.376358E-01, 8.359100E+00, 3.874588E+00, 3.142706E+00, 0.000000E+00,3, 0.000000E+00,0, 0.000000E+00,0, 0.000000E+00,3, 2.923624E+00, 7.004648E-01, 1.312034E+00,2, 0.000000E+00,0,data,8
47964,44394,940613,34301,94C2, 9.127600E+01,0,2,2,0,2, 0.000000E+00, 0.000000E+00, 0.000000E+00, 0.000000E+00, 0.000000E+00, 0.000000E+00, 4.187584E-02,-5.792475E-02,-7.764408E+00, 8.610207E+01, 0.000000E+00, 8.610207E+01, 0.000000E+00,NULL,NULL,NULL,NULL,0, 0.000000E+00,NULL,NULL,NULL,NULL,2, 8.610207E+01,0,data,8
47964,44396,940613,34301,94C2, 9.127600E+01,0,2,2,0,2, 0.000000E+00, 0.000000E+00, 0.000000E+00, 0.000000E+00, 0.000000E+00, 0.000000E+00, 2.070343E-01,-6.821811E-02, 2.573498E+00, 9.627127E+01, 0.000000E+00, 9.627127E+01, 0.000000E+00,NULL,NULL,NULL,NULL,0, 0.000000E+00,NULL,NULL,NULL,NULL,2, 9.627127E+01,0,data,8
47964,44398,940613,34301,94C2, 9.127600E+01,39,14,53,39,14, 1.170131E+01,-4.522942E+00, 7.278095E+00, 6.842672E+01, 6.776268E+01, 1.737505E+00, 1.133031E+01,-2.497701E+00, 7.555545E+00, 8.380351E+01, 5.740290E+01, 9.458328E+00, 4.703144E+00,12, 1.438660E+00,2, 0.000000E+00,0, 0.000000E+00,7, 6.928778E+00, 3.548751E-01, 1.578092E+00,NULL,NULL,1,data,8
47964,44400,940613,34303,94C2, 9.127600E+01,0,2,2,0,2, 0.000000E+00, 0.000000E+00, 0.000000E+00, 0.000000E+00, 0.000000E+00, 0.000000E+00, 6.208193E-02,-7.931197E-02,-2.047031E+00, 9.205276E+01, 0.000000E+00, 9.205276E+01, 0.000000E+00,NULL,NULL,NULL,NULL,0, 0.000000E+00,NULL,NULL,NULL,NULL,2, 9.205276E+01,0,data,8
47964,44401,940613,34303,94C2, 9.127600E+01,36,22,58,36,22,-2.361973E+00,-3.478948E+00,-2.478543E-01, 8.162431E+01, 8.093514E+01, 2.248199E+00,-1.453086E+01, 4.234760E-01,-8.521193E+00, 1.169649E+02, 6.657516E+01, 2.734322E+01, 6.149263E+00,16, 9.536377E-02,0, 0.000000E+00,0, 0.000000E+00,13, 1.931838E+01, 4.142725E-01, 5.075625E+00,NULL,NULL,1,data,8
47964,44403,940613,34308,94C2, 9.127600E+01,2,0,2,2,0,-3.444808E-01,-1.187282E+00, 1.204427E+00, 3.119969E+01, 3.119844E+01, 1.559922E+01,-3.444808E-01,-1.187282E+00, 1.204427E+00, 3.119969E+01, 0.000000E+00, 0.000000E+00, 0.000000E+00,NULL,NULL,NULL,NULL,0, 0.000000E+00,NULL,NULL,NULL,NULL,NULL,NULL,0,data,8
47964,44405,940613,34308,94C2, 9.127600E+01,0,2,2,0,2, 0.000000E+00, 0.000000E+00, 0.000000E+00, 0.000000E+00, 0.000000E+00, 0.000000E+00, 7.702851E-02, 7.930756E-03, 7.403946E-02, 9.345167E+01, 0.000000E+00, 9.345167E+01, 0.000000E+00,NULL,NULL,NULL,NULL,0, 0.000000E+00,NULL,NULL,NULL,NULL,2, 9.345167E+01,0,data,8
47964,44416,940613,34311,94C2, 9.127600E+01,0,2,2,0,2, 0.000000E+00, 0.000000E+00, 0.000000E+00, 0.000000E+00, 0.000000E+00, 0.000000E+00, 1.078225E-01,-2.152312E-02, 1.563622E+00, 9.206857E+01, 0.000000E+00, 9.206857E+01, 0.000000E+00,NULL,NULL,NULL,NULL,0, 0.000000E+00,NULL,NULL,NULL,NULL,2, 9.206857E+01,0,data,8
47964,44417,940613,34311,94C2, 9.127600E+01,31,24,55,31,24,-8.086188E+00, 7.432248E+00,-6.813028E+00, 3.928427E+01, 3.841639E+01, 1.239238E+00, 8.506140E+00,-1.278576E+01, 1.026726E+01, 1.053974E+02, 3.059132E+01, 4.903086E+01, 1.172190E+01,18, 4.232959E-01,0, 0.000000E+00,0, 0.000000E+00,17, 4.649976E+01, 4.928630E-01, 6.755011E+00,NULL,NULL,1,data,8
47964,44418,940613,34313,94C2, 9.127600E+01,0,2,2,0,2, 0.000000E+00, 0.000000E+00, 0.000000E+00, 0.000000E+00, 0.000000E+00, 0.000000E+00,-5.254984E-02, 1.709223E-03,-1.329094E+00, 9.058687E+01, 0.000000E+00, 9.058687E+01, 0.000000E+00,NULL,NULL,NULL,NULL,0, 0.000000E+00,NULL,NULL,NULL,NULL,2, 9.058687E+01,0,data,8
47964,44421,940613,34313,94C2, 9.127600E+01,37,19,56,37,19,-1.116620E+00,-1.344803E+01,-1.898890E+01, 4.988354E+01, 4.873177E+01, 1.317075E+00, 4.666227E+00,-6.674507E+00,-1.571316E+01, 7.618157E+01, 3.499284E+01, 1.215785E+01, 1.283791E+01,6, 1.231819E-01,5, 0.000000E+00,0, 0.000000E+00,3, 3.761338E+00, 5.558215E-01, 1.903251E+00,2, 0.000000E+00,1,data,8
47964,44425,940613,34318,94C2, 9.127600E+01,0,2,2,0,2, 0.000000E+00, 0.000000E+00, 0.000000E+00, 0.000000E+00, 0.000000E+00, 0.000000E+00, 1.113231E-01,-2.093110E-01, 2.818642E+00, 9.125495E+01, 0.000000E+00, 9.125495E+01, 0.000000E+00,NULL,NULL,NULL,NULL,0, 0.000000E+00,NULL,NULL,NULL,NULL,2, 9.125495E+01,0,data,8
47964,44429,940613,34318,94C2, 9.127600E+01,32,9,41,32,9, 3.652337E+00, 4.734297E-01,-3.062584E+00, 5.253014E+01, 5.201928E+01, 1.625602E+00, 4.109917E-01,-7.112435E+00,-1.139519E+01, 8.494754E+01, 4.183342E+01, 1.505128E+01, 1.233704E+01,7, 0.000000E+00,0, 0.000000E+00,0, 0.000000E+00,4, 2.039424E+01, 1.916695E+00, 1.308156E+01,NULL,NULL,1,data,8
47964,44430,940613,34325,94C2, 9.127600E+01,0,2,2,0,2, 0.000000E+00, 0.000000E+00, 0.000000E+00, 0.000000E+00, 0.000000E+00, 0.000000E+00,-8.423042E-02,-7.982373E-02,-1.055939E+00, 9.468478E+01, 0.000000E+00, 9.468478E+01, 0.000000E+00,NULL,NULL,NULL,NULL,0, 0.000000E+00,NULL,NULL,NULL,NULL,2, 9.468478E+01,0,data,8
47964,44432,940613,34325,94C2, 9.127600E+01,0,2,2,0,2, 0.000000E+00, 0.000000E+00, 0.000000E+00, 0.000000E+00, 0.000000E+00, 0.000000E+00, 1.876787E-01, 4.794651E-02, 2.498253E+00, 9.001250E+01, 0.000000E+00, 9.001250E+01, 0.000000E+00,NULL,NULL,NULL,NULL,0, 0.000000E+00,NULL,NULL,NULL,NULL,2, 9.001250E+01,0,data,8
47964,44436,940613,34325,94C2, 9.127600E+01,8,5,13,8,5, 1.878070E+00,-7.623473E+00,-3.371727E+01, 4.151746E+01, 4.146713E+01, 5.183391E+00,-1.530194E+00, 9.217534E-01, 8.907470E-01, 8.002107E+01, 0.000000E+00, 3.850361E+01, 0.000000E+00,0, 0.000000E+00,9, 4.540865E+01,0, 0.000000E+00,NULL,NULL,NULL,NULL,NULL,NULL,0,data,8
47964,44437,940613,34325,94C2, 9.127600E+01,14,8,22,14,8,-6.189438E+00,-4.022006E+01, 3.559009E+00, 9.062753E+01, 9.044876E+01, 6.460626E+00,-6.838981E+00,-3.656473E+01, 1.953445E+00, 1.026525E+02, 4.435627E+01, 6.011373E+00, 4.526611E+00,6, 5.659220E-01,1, 0.000000E+00,0, 0.000000E+00,3, 6.176977E+00, 1.301966E+00, 3.388049E+00,2, 0.000000E+00,1,data,8
47964,44438,940613,34325,94C2, 9.127600E+01,51,26,77,51,26,-2.581342E+00,-5.912487E+00,-3.093959E+00, 7.054214E+01, 6.959106E+01, 1.364531E+00, 3.387166E+00, 4.081377E+00, 5.017488E+00, 1.062068E+02, 5.793650E+01, 2.785599E+01, 5.227020E+00,21, 7.009740E+00,0, 0.000000E+00,0, 0.000000E+00,14, 1.872719E+01, 5.879116E-01, 2.690359E+00,NULL,NULL,1,data,8
47964,44440,940613,34328,94C2, 9.127600E+01,0,2,2,0,2, 0.000000E+00, 0.000000E+00, 0.000000E+00, 0.000000E+00, 0.000000E+00, 0.000000E+00,-5.676651E-02,-5.102682E-02, 1.899895E+00, 9.168338E+01, 0.000000E+00, 9.168338E+01, 0.000000E+00,NULL,NULL,NULL,NULL,0, 0.000000E+00,NULL,NULL,NULL,NULL,2, 9.168338E+01,0,data,8
47964,44442,940613,34328,94C2, 9.127600E+01,33,15,48,33,15, 1.766653E+01, 1.723904E+00,-5.490119E+00, 5.449014E+01, 5.376323E+01, 1.629189E+00, 2.362302E+01, 4.600322E+00,-7.684645E+00, 8.029217E+01, 3.751826E+01, 1.748181E+01, 3.504370E-01,13, 1.614989E+00,0, 0.000000E+00,0, 0.000000E+00,9, 1.832365E+01, 4.117336E-01, 6.979509E+00,NULL,NULL,1,data,8
47964,44443,940613,34328,94C2, 9.127600E+01,40,19,59,40,19,-4.399776E+00, 5.323462E+00,-3.881446E+00, 6.479128E+01, 6.409708E+01, 1.602427E+00, 1.464562E+00,-8.960485E+00, 3.420446E+00, 1.021337E+02, 5.250171E+01, 2.404274E+01, 1.125231E+01,24, 3.785821E+00,0, 0.000000E+00,0, 0.000000E+00,12, 2.244026E+01, 3.491843E-01, 3.659626E+00,NULL,NULL,1,data,8
47964,44447,940613,34329,94C2, 9.127600E+01,26,18,44,26,18, 1.822046E+00, 5.724596E+00, 1.452269E+00, 5.930595E+01, 5.899068E+01, 2.268872E+00,-4.312235E+00,-3.149317E+00,-1.792490E+00, 9.524020E+01, 5.072260E+01, 2.447104E+01, 5.664873E+00,20, 4.396859E+00,0, 0.000000E+00,0, 0.000000E+00,12, 2.975682E+01, 8.569574E-01, 5.688241E+00,1, 0.000000E+00,1,data,8
47964,44448,940613,34332,94C2, 9.127600E+01,0,2,2,0,2, 0.000000E+00, 0.000000E+00, 0.000000E+00, 0.000000E+00, 0.000000E+00, 0.000000E+00, 9.268357E-02,-1.714730E-02, 1.817066E+00, 9.483406E+01, 0.000000E+00, 9.483406E+01, 0.000000E+00,NULL,NULL,NULL,NULL,0, 0.000000E+00,NULL,NULL,NULL,NULL,2, 9.483406E+01,0,data,8
47964,44450,940613,34332,94C2, 9.127600E+01,0,2,2,0,2, 0.000000E+00, 0.000000E+00, 0.000000E+00, 0.000000E+00, 0.000000E+00, 0.000000E+00, 1.224275E-01, 6.880045E-03,-1.137154E+00, 9.242471E+01, 0.000000E+00, 9.242471E+01, 0.000000E+00,NULL,NULL,NULL,NULL,0, 0.000000E+00,NULL,NULL,NULL,NULL,2, 9.242471E+01,0,data,8
47964,44451,940613,34332,94C2, 9.127600E+01,1,2,3,1,2,-2.055009E+00,-1.536336E+00,-2.544609E+00, 3.616338E+00, 3.613644E+00, 3.613644E+00,-6.816344E-01,-3.862688E-01, 4.144622E+01, 4.981020E+01, 3.647208E+00, 4.619386E+01, 0.000000E+00,1, 0.000000E+00,0, 0.000000E+00,0, 0.000000E+00,1, 1.246390E+00, 1.246390E+00, 1.246390E+00,1, 0.000000E+00,0,data,8
47964,44453,940613,34332,94C2, 9.127600E+01,0,2,2,0,2, 0.000000E+00, 0.000000E+00, 0.000000E+00, 0.000000E+00, 0.000000E+00, 0.000000E+00, 4.523969E-01, 4.794540E-01, 5.441257E+00, 8.918167E+01, 0.000000E+00, 8.918167E+01, 0.000000E+00,NULL,NULL,NULL,NULL,0, 0.000000E+00,NULL,NULL,NULL,NULL,2, 8.918167E+01,0,data,8
47964,44455,940613,34332,94C2, 9.127600E+01,0,3,3,0,3, 0.000000E+00, 0.000000E+00, 0.000000E+00, 0.000000E+00, 0.000000E+00, 0.000000E+00, 2.035327E-01, 4.882577E-02, 9.411711E-02, 9.029546E+01, 0.000000E+00, 9.029546E+01, 0.000000E+00,NULL,NULL,NULL,NULL,0, 0.000000E+00,NULL,NULL,NULL,NULL,2, 9.003887E+01,0,data,8
47964,44459,940613,34334,94C2, 9.127600E+01,6,3,9,6,3,-9.625598E-01, 2.820679E-01, 7.809540E-02, 1.841162E+00, 1.552735E+00, 2.587892E-01,-1.687924E+00, 3.122544E+00,-1.429372E+01, 2.196970E+01, 0.000000E+00, 2.012854E+01, 0.000000E+00,NULL,NULL,NULL,NULL,0, 0.000000E+00,NULL,NULL,NULL,NULL,1, 0.000000E+00,0,data,8
47964,44462,940613,34335,94C2, 9.127600E+01,12,10,22,12,10, 2.209174E+01,-1.217153E+01,-1.843969E+01, 3.934718E+01, 3.923857E+01, 3.269881E+00, 6.089708E+00,-2.548359E+00,-5.824520E+00, 7.606653E+01, 3.550534E+01, 1.505297E+01, 1.914721E+01,11, 1.633449E-01,0, 0.000000E+00,0, 0.000000E+00,8, 1.757213E+01, 8.264359E-01, 4.660871E+00,NULL,NULL,1,data,8
47964,44464,940613,34338,94C2, 9.127600E+01,0,2,2,0,2, 0.000000E+00, 0.000000E+00, 0.000000E+00, 0.000000E+00, 0.000000E+00, 0.000000E+00,-3.259227E-03, 8.316326E-02, 1.492027E+00, 9.111843E+01, 0.000000E+00, 9.111843E+01, 0.000000E+00,NULL,NULL,NULL,NULL,0, 0.000000E+00,NULL,NULL,NULL,NULL,2, 9.111843E+01,0,data,8
47964,44467,940613,34338,94C2, 9.127600E+01,0,2,2,0,2, 0.000000E+00, 0.000000E+00, 0.000000E+00, 0.000000E+00, 0.000000E+00, 0.000000E+00, 1.348048E-02, 3.529835E-02, 2.002182E-01, 9.189314E+01, 0.000000E+00, 9.189314E+01, 0.000000E+00,NULL,NULL,NULL,NULL,0, 0.000000E+00,NULL,NULL,NULL,NULL,2, 9.189314E+01,0,data,8
47964,44469,940613,34338,94C2, 9.127600E+01,29,12,41,29,12,-1.525506E+00, 9.503295E+00,-1.714206E-01, 7.408295E+01, 7.382480E+01, 2.545683E+00, 1.119572E+00, 5.114444E-01, 3.605617E-01, 9.063269E+01, 7.288347E+01, 6.130825E+00, 1.041891E+01,11, 2.466139E-01,0, 0.000000E+00,0, 0.000000E+00,3, 3.652122E+00, 7.158867E-01, 2.065932E+00,NULL,NULL,1,data,8
47964,44470,940613,34341,94C2, 9.127600E+01,0,2,2,0,2, 0.000000E+00, 0.000000E+00, 0.000000E+00, 0.000000E+00, 0.000000E+00, 0.000000E+00, 3.276718E-02,-7.953572E-02,-1.933704E+00, 8.693108E+01, 0.000000E+00, 8.693108E+01, 0.000000E+00,NULL,NULL,NULL,NULL,0, 0.000000E+00,NULL,NULL,NULL,NULL,2, 8.693108E+01,0,data,8
47964,44473,940613,34341,94C2, 9.127600E+01,2,4,6,2,4, 1.502831E+01,-3.705897E+00, 1.283147E+00, 5.361240E+01, 5.361161E+01, 2.680581E+01, 6.627917E-01,-1.919293E-01,-2.239618E-01, 6.849754E+01, 5.361228E+01, 1.467459E+01, 2.105509E-01,3, 1.750226E+01,0, 0.000000E+00,0, 0.000000E+00,2, 1.391139E+01, 5.448873E-01, 1.336650E+01,NULL,NULL,0,data,8
47964,44486,940613,34348,94C2, 9.127600E+01,1,1,2,1,1,-3.289425E+01,-2.962102E-01,-6.351421E+01, 7.152757E+01, 7.152744E+01, 7.152744E+01,-3.413974E+01,-4.457397E-01,-3.702009E+01, 9.805137E+01, 0.000000E+00, 2.652379E+01, 0.000000E+00,NULL,NULL,NULL,NULL,0, 0.000000E+00,NULL,NULL,NULL,NULL,1, 0.000000E+00,0,data,8
47964,44490,940613,34350,94C2, 9.127600E+01,30,9,39,30,9, 4.557034E+00, 5.445399E+00,-5.219849E+00, 6.732475E+01, 6.676575E+01, 2.225525E+00, 5.898376E+00, 4.747882E+00,-4.283168E+00, 9.532888E+01, 6.495295E+01, 2.010216E+01, 5.653772E+00,12, 3.701585E+00,0, 0.000000E+00,0, 0.000000E+00,6, 2.248360E+01, 4.425018E-01, 1.293073E+01,NULL,NULL,1,data,8
47964,44492,940613,34350,94C2, 9.127600E+01,0,2,2,0,2, 0.000000E+00, 0.000000E+00, 0.000000E+00, 0.000000E+00, 0.000000E+00, 0.000000E+00,-3.287411E-02, 1.136502E-01,-4.925728E-01, 9.140371E+01, 0.000000E+00, 9.140371E+01, 0.000000E+00,NULL,NULL,NULL,NULL,0, 0.000000E+00,NULL,NULL,NULL,NULL,2, 9.140371E+01,0,data,8
47964,44493,940613,34351,94C2, 9.127600E+01,1,1,2,1,1, 2.870531E+00, 2.533652E+00, 2.687431E+00, 4.679862E+00, 4.677780E+00, 4.677780E+00, 6.041551E-02, 4.879761E-02,-4.150854E+01, 4.903474E+01, 4.677780E+00, 4.435487E+01, 0.000000E+00,1, 4.611431E+00,0, 0.000000E+00,0, 0.000000E+00,NULL,NULL,NULL,NULL,1, 0.000000E+00,0,data,8
47964,44494,940613,34351,94C2, 9.127600E+01,2,7,9,2,7,-1.155869E+01,-2.193064E+00,-2.080141E+01, 4.780135E+01, 4.780027E+01, 2.390014E+01,-7.296065E+00,-1.876996E+00,-1.197989E+01, 6.173266E+01, 4.780136E+01, 1.393131E+01, 0.000000E+00,0, 0.000000E+00,9, 2.355560E+01,0, 0.000000E+00,NULL,NULL,NULL,NULL,NULL,NULL,0,data,8
47964,44496,940613,34351,94C2, 9.127600E+01,36,18,54,36,18, 7.400074E+00,-7.236099E+00,-2.162561E+00, 6.997263E+01, 6.941127E+01, 1.928091E+00,-2.725815E+00, 4.541938E+00,-8.147562E-01, 9.985558E+01, 6.303821E+01, 2.284898E+01, 5.426992E+00,22, 3.300376E-01,0, 0.000000E+00,0, 0.000000E+00,15, 2.281864E+01, 5.612367E-01, 6.074352E+00,NULL,NULL,1,data,8
47964,44499,940613,34355,94C2, 9.127600E+01,3,0,3,3,0,-6.744030E-01,-1.079237E-01,-3.783305E-01, 1.870479E+00, 1.816594E+00, 6.055314E-01,-6.744030E-01,-1.079237E-01,-3.783305E-01, 1.870479E+00, 9.535910E-01, 0.000000E+00, 0.000000E+00,NULL,NULL,NULL,NULL,0, 0.000000E+00,NULL,NULL,NULL,NULL,NULL,NULL,0,data,8
47964,44501,940613,34355,94C2, 9.127600E+01,0,2,2,0,2, 0.000000E+00, 0.000000E+00, 0.000000E+00, 0.000000E+00, 0.000000E+00, 0.000000E+00, 9.503067E-02, 1.380130E-01,-2.133617E+01, 7.046866E+01, 0.000000E+00, 7.046866E+01, 0.000000E+00,NULL,NULL,NULL,NULL,0, 0.000000E+00,NULL,NULL,NULL,NULL,2, 7.046866E+01,0,data,8
47964,44504,940613,34359,94C2, 9.127600E+01,0,2,2,0,2, 0.000000E+00, 0.000000E+00, 0.000000E+00, 0.000000E+00, 0.000000E+00, 0.000000E+00,-2.062321E-03,-7.227063E-03, 1.343391E+00, 9.202151E+01, 0.000000E+00, 9.202151E+01, 0.000000E+00,NULL,NULL,NULL,NULL,0, 0.000000E+00,NULL,NULL,NULL,NULL,2, 9.202151E+01,0,data,8
47964,44505,940613,34359,94C2, 9.127600E+01,6,8,14,6,8,-1.429978E+00, 4.075685E-01,-3.348336E-01, 5.948744E+00, 5.803117E+00, 9.671862E-01,-2.531195E+00, 1.986285E-01, 1.400793E+01, 2.059270E+01, 0.000000E+00, 1.464396E+01, 0.000000E+00,0, 0.000000E+00,3, 0.000000E+00,0, 0.000000E+00,NULL,NULL,NULL,NULL,3, 0.000000E+00,0,data,8
47964,44506,940613,34359,94C2, 9.127600E+01,0,3,3,0,3, 0.000000E+00, 0.000000E+00, 0.000000E+00, 0.000000E+00, 0.000000E+00, 0.000000E+00,-3.817123E-02,-1.536369E-01,-3.354626E+00, 9.415286E+01, 0.000000E+00, 9.415286E+01, 0.000000E+00,NULL,NULL,NULL,NULL,0, 0.000000E+00,NULL,NULL,NULL,NULL,3, 9.415286E+01,0,data,8
47964,44511,940613,34359,94C2, 9.127600E+01,0,2,2,0,2, 0.000000E+00, 0.000000E+00, 0.000000E+00, 0.000000E+00, 0.000000E+00, 0.000000E+00, 6.670046E-02,-6.075668E-02, 2.117676E+00, 9.189351E+01, 0.000000E+00, 9.189351E+01, 0.000000E+00,NULL,NULL,NULL,NULL,0, 0.000000E+00,NULL,NULL,NULL,NULL,2, 9.189351E+01,0,data,8
47964,44514,940613,34403,94C2, 9.127600E+01,0,2,2,0,2, 0.000000E+00, 0.000000E+00, 0.000000E+00, 0.000000E+00, 0.000000E+00, 0.000000E+00, 9.830475E-02, 1.969563E-01, 1.426670E+00, 9.377715E+01, 0.000000E+00, 9.377715E+01, 0.000000E+00,NULL,NULL,NULL,NULL,0, 0.000000E+00,NULL,NULL,NULL,NULL,2, 9.377715E+01,0,data,8
47964,44516,940613,34403,94C2, 9.127600E+01,0,2,2,0,2, 0.000000E+00, 0.000000E+00, 0.000000E+00, 0.000000E+00, 0.000000E+00, 0.000000E+00, 5.576432E-02, 1.346211E-01,-3.915024E-02, 8.951411E+01, 0.000000E+00, 8.951411E+01, 0.000000E+00,NULL,NULL,NULL,NULL,0, 0.000000E+00,NULL,NULL,NULL,NULL,2, 8.951411E+01,0,data,8
47964,44517,940613,34403,94C2, 9.127600E+01,0,2,2,0,2, 0.000000E+00, 0.000000E+00, 0.000000E+00, 0.000000E+00, 0.000000E+00, 0.000000E+00,-6.123447E-02, 2.187142E-01,-2.068161E+00, 8.963771E+01, 0.000000E+00, 8.963771E+01, 0.000000E+00,NULL,NULL,NULL,NULL,0, 0.000000E+00,NULL,NULL,NULL,NULL,2, 8.963771E+01,0,data,8
47964,44523,940613,34407,94C2, 9.127600E+01,0,3,3,0,3, 0.000000E+00, 0.000000E+00, 0.000000E+00, 0.000000E+00, 0.000000E+00, 0.000000E+00,-1.670322E-01,-1.552522E-01,-2.969517E+00, 8.981519E+01, 0.000000E+00, 8.981519E+01, 0.000000E+00,NULL,NULL,NULL,NULL,0, 0.000000E+00,NULL,NULL,NULL,NULL,3, 8.981519E+01,0,data,8
47964,44524,940613,34407,94C2, 9.127600E+01,0,5,5,0,5, 0.000000E+00, 0.000000E+00, 0.000000E+00, 0.000000E+00, 0.000000E+00, 0.000000E+00, 5.114829E+00,-1.980969E+00,-1.966746E+01, 2.467452E+01, 0.000000E+00, 2.275090E+01, 0.000000E+00,1, 1.577214E+00,2, 2.180503E+00,0, 0.000000E+00,1, 1.923624E+00, 1.923624E+00, 1.923624E+00,NULL,NULL,0,data,8
47964,44529,940613,34412,94C2, 9.127600E+01,8,4,12,8,4, 7.200720E-01, 4.562884E-01, 2.354826E+00, 4.053839E+00, 3.777605E+00, 4.722007E-01, 1.496925E+00, 1.097274E+00, 4.541644E+00, 6.689634E+00, 0.000000E+00, 1.683500E+00, 0.000000E+00,1, 0.000000E+00,1, 0.000000E+00,0, 0.000000E+00,1, 9.522951E-01, 9.522951E-01, 9.522951E-01,2, 0.000000E+00,0,data,8
47964,44532,940613,34412,94C2, 9.127600E+01,36,32,68,36,32, 1.348747E+00,-1.766339E+00,-9.659207E+00, 4.268791E+01, 4.186040E+01, 1.162789E+00, 4.372865E+00,-4.936784E+00,-7.919686E+00, 1.030872E+02, 3.615713E+01, 5.159911E+01, 1.132240E+00,28, 2.400824E-01,0, 0.000000E+00,0, 0.000000E+00,25, 5.196553E+01, 3.521748E-01, 9.407424E+00,NULL,NULL,1,data,8
47964,44534,940613,34416,94C2, 9.127600E+01,0,2,2,0,2, 0.000000E+00, 0.000000E+00, 0.000000E+00, 0.000000E+00, 0.000000E+00, 0.000000E+00, 8.285522E-03, 2.441053E-02, 7.613449E-01, 9.072311E+01, 0.000000E+00, 9.072311E+01, 0.000000E+00,NULL,NULL,NULL,NULL,0, 0.000000E+00,NULL,NULL,NULL,NULL,2, 9.072311E+01,0,data,8
47964,44539,940613,34416,94C2, 9.127600E+01,0,2,2,0,2, 0.000000E+00, 0.000000E+00, 0.000000E+00, 0.000000E+00, 0.000000E+00, 0.000000E+00,-8.536077E-02, 2.485538E-02,-3.137672E+00, 8.789052E+01, 0.000000E+00, 8.789052E+01, 0.000000E+00,NULL,NULL,NULL,NULL,0, 0.000000E+00,NULL,NULL,NULL,NULL,2, 8.789052E+01,0,data,8
47964,44540,940613,34416,94C2, 9.127600E+01,37,13,50,37,13, 3.545675E+00, 5.491629E+00, 7.894655E+00, 6.114526E+01, 6.053076E+01, 1.635966E+00, 2.345961E+00, 2.666767E+00, 3.380796E+00, 7.397772E+01, 5.323807E+01, 1.230863E+01, 0.000000E+00,4, 0.000000E+00,15, 6.958980E+00,0, 0.000000E+00,3, 1.308021E+00, 2.852911E-01, 5.238291E-01,NULL,NULL,1,data,8
47964,44541,940613,34420,94C2, 9.127600E+01,0,2,2,0,2, 0.000000E+00, 0.000000E+00, 0.000000E+00, 0.000000E+00, 0.000000E+00, 0.000000E+00, 2.656174E-02,-7.868659E-02, 1.667732E+00, 9.108345E+01, 0.000000E+00, 9.108345E+01, 0.000000E+00,NULL,NULL,NULL,NULL,0, 0.000000E+00,NULL,NULL,NULL,NULL,2, 9.108345E+01,0,data,8
47964,44542,940613,34420,94C2, 9.127600E+01,0,2,2,0,2, 0.000000E+00, 0.000000E+00, 0.000000E+00, 0.000000E+00, 0.000000E+00, 0.000000E+00,-2.309597E-02, 4.444790E-02,-7.361488E-01, 9.217508E+01, 0.000000E+00, 9.217508E+01, 0.000000E+00,NULL,NULL,NULL,NULL,0, 0.000000E+00,NULL,NULL,NULL,NULL,2, 9.217508E+01,0,data,8
47964,44548,940613,34421,94C2, 9.127600E+01,20,20,40,20,20,-3.011222E+01, 1.396983E+01,-1.802969E+01, 4.538747E+01, 4.510658E+01, 2.255329E+00,-1.871804E+01, 3.301715E+00,-1.454229E+01, 1.175630E+02, 3.617016E+01, 6.485203E+01, 1.630521E+00,15, 2.088905E-01,1, 0.000000E+00,0, 0.000000E+00,13, 5.997921E+01, 3.208992E-01, 4.203929E+01,NULL,NULL,1,data,8
47964,44550,940613,34425,94C2, 9.127600E+01,0,2,2,0,2, 0.000000E+00, 0.000000E+00, 0.000000E+00, 0.000000E+00, 0.000000E+00, 0.000000E+00,-5.401182E-02, 7.461101E-02,-1.155758E+00, 8.965488E+01, 0.000000E+00, 8.965488E+01, 0.000000E+00,NULL,NULL,NULL,NULL,0, 0.000000E+00,NULL,NULL,NULL,NULL,2, 8.965488E+01,0,data,8
47964,44551,940613,34425,94C2, 9.127600E+01,2,1,3,2,1, 1.917520E-01, 2.256861E-01, 1.509490E+00, 3.392520E+00, 3.380763E+00, 1.690382E+00, 1.660762E-01,-3.705385E-02, 1.461560E+00, 3.660828E+00, 3.385778E+00, 0.000000E+00, 2.683073E-01,1, 8.227322E-01,0, 0.000000E+00,0, 0.000000E+00,NULL,NULL,NULL,NULL,NULL,NULL,0,data,8
47964,44555,940613,34425,94C2, 9.127600E+01,0,2,2,0,2, 0.000000E+00, 0.000000E+00, 0.000000E+00, 0.000000E+00, 0.000000E+00, 0.000000E+00,-1.935318E-01,-9.325981E-02,-1.712845E+00, 9.389401E+01, 0.000000E+00, 9.389401E+01, 0.000000E+00,NULL,NULL,NULL,NULL,0, 0.000000E+00,NULL,NULL,NULL,NULL,2, 9.389401E+01,0,data,8
47964,44556,940613,34425,94C2, 9.127600E+01,2,1,3,2,1, 9.543926E-03, 4.247266E+00, 6.102095E-01, 3.408883E+01, 3.408767E+01, 1.704383E+01,-3.202918E-01, 4.301722E+00, 3.304949E-01, 3.452471E+01, 0.000000E+00, 4.358868E-01, 0.000000E+00,2, 3.814468E-01,0, 0.000000E+00,0, 0.000000E+00,NULL,NULL,NULL,NULL,NULL,NULL,0,data,8
47964,44563,940613,34429,94C2, 9.127600E+01,2,3,5,2,3,-8.595648E+00,-1.253127E+01,-9.907759E+00, 6.200594E+01, 6.200525E+01, 3.100262E+01,-1.092340E+01,-1.138381E+01,-8.692861E+00, 6.498968E+01, 0.000000E+00, 2.983742E+00, 0.000000E+00,NULL,NULL,NULL,NULL,0, 0.000000E+00,NULL,NULL,NULL,NULL,NULL,NULL,0,data,8
47964,44566,940613,34429,94C2, 9.127600E+01,0,5,5,0,5, 0.000000E+00, 0.000000E+00, 0.000000E+00, 0.000000E+00, 0.000000E+00, 0.000000E+00,-4.882378E+00, 6.341055E+00, 7.587460E+00, 1.283579E+01, 0.000000E+00, 1.283579E+01, 0.000000E+00,0, 0.000000E+00,2, 4.939379E+00,0, 0.000000E+00,NULL,NULL,NULL,NULL,NULL,NULL,0,data,8
47964,44567,940613,34429,94C2, 9.127600E+01,28,13,41,28,13,-1.896498E-02,-2.399610E+00, 1.723710E+00, 7.365732E+01, 7.312029E+01, 2.611439E+00,-2.064014E+00,-4.459077E+00, 3.020232E+00, 8.308897E+01, 6.814613E+01, 1.579837E+00, 3.563046E+00,10, 4.305202E+00,0, 0.000000E+00,0, 0.000000E+00,5, 4.664248E+00, 4.799718E-01, 1.879800E+00,NULL,NULL,1,data,8
47964,44571,940613,34432,94C2, 9.127600E+01,3,8,11,3,8,-4.536553E-01,-2.868006E-01,-1.455180E+00, 1.926861E+00, 1.863386E+00, 6.211286E-01,-1.789097E+00, 2.836511E-01,-2.183366E+01, 2.252493E+01, 8.693514E-01, 2.059807E+01, 0.000000E+00,0, 0.000000E+00,5, 0.000000E+00,0, 0.000000E+00,NULL,NULL,NULL,NULL,3, 0.000000E+00,0,data,8
47964,44573,940613,34436,94C2, 9.127600E+01,0,2,2,0,2, 0.000000E+00, 0.000000E+00, 0.000000E+00, 0.000000E+00, 0.000000E+00, 0.000000E+00, 7.897055E-02, 2.499604E-02, 3.652611E-01, 9.268849E+01, 0.000000E+00, 9.268849E+01, 0.000000E+00,NULL,NULL,NULL,NULL,0, 0.000000E+00,NULL,NULL,NULL,NULL,2, 9.268849E+01,0,data,8
47964,44574,940613,34436,94C2, 9.127600E+01,5,6,11,5,6,-5.935931E-01,-3.586947E-01,-2.428010E+00, 2.976619E+00, 2.881049E+00, 5.762098E-01,-8.968477E-01, 3.798975E-01,-6.119694E+00, 6.887676E+00, 1.447676E+00, 1.910265E+00, 2.000792E+00,0, 0.000000E+00,3, 0.000000E+00,0, 0.000000E+00,NULL,NULL,NULL,NULL,1, 0.000000E+00,0,data,8
47964,44575,940613,34436,94C2, 9.127600E+01,0,2,2,0,2, 0.000000E+00, 0.000000E+00, 0.000000E+00, 0.000000E+00, 0.000000E+00, 0.000000E+00, 3.434753E-02,-1.158785E-01,-7.414169E-01, 9.172804E+01, 0.000000E+00, 9.172804E+01, 0.000000E+00,NULL,NULL,NULL,NULL,0, 0.000000E+00,NULL,NULL,NULL,NULL,2, 9.172804E+01,0,data,8
47964,44579,940613,34436,94C2, 9.127600E+01,32,14,46,32,14,-3.757396E+00,-3.872410E+00,-1.069147E+00, 8.807392E+01, 8.759695E+01, 2.737405E+00,-1.432017E+01,-1.483254E+01,-1.675659E+00, 1.141514E+02, 7.171003E+01, 2.001011E+01, 6.069588E+00,14, 5.144621E+00,0, 0.000000E+00,0, 0.000000E+00,8, 1.547882E+01, 7.484246E-01, 4.624117E+00,NULL,NULL,1,data,8
47964,44581,940613,34439,94C2, 9.127600E+01,2,1,3,2,1, 5.625119E-01,-3.805514E-01, 7.200229E-01, 1.813887E+00, 1.791061E+00, 8.955303E-01, 8.022264E-01,-1.072400E+00, 1.246967E+01, 1.358632E+01, 0.000000E+00, 1.177244E+01, 0.000000E+00,1, 4.563020E-01,0, 0.000000E+00,0, 0.000000E+00,NULL,NULL,NULL,NULL,1, 0.000000E+00,0,data,8
47964,44589,940613,34445,94C2, 9.127600E+01,0,4,4,0,4, 0.000000E+00, 0.000000E+00, 0.000000E+00, 0.000000E+00, 0.000000E+00, 0.000000E+00, 2.039085E+00,-7.931216E+00,-1.194422E+01, 1.630198E+01, 0.000000E+00, 1.630198E+01, 0.000000E+00,0, 0.000000E+00,2, 8.541138E+00,0, 0.000000E+00,NULL,NULL,NULL,NULL,NULL,NULL,0,data,8
47964,44597,940613,34449,94C2, 9.127600E+01,0,2,2,0,2, 0.000000E+00, 0.000000E+00, 0.000000E+00, 0.000000E+00, 0.000000E+00, 0.000000E+00,-3.714509E-02, 5.144429E-02, 9.163284E-02, 8.911185E+01, 0.000000E+00, 8.911185E+01, 0.000000E+00,NULL,NULL,NULL,NULL,0, 0.000000E+00,NULL,NULL,NULL,NULL,2, 8.911185E+01,0,data,8
47964,44605,940613,34455,94C2, 9.127600E+01,0,2,2,0,2, 0.000000E+00, 0.000000E+00, 0.000000E+00, 0.000000E+00, 0.000000E+00, 0.000000E+00, 9.052658E-02, 1.745987E-02,-1.562138E+00, 9.133237E+01, 0.000000E+00, 9.133237E+01, 0.000000E+00,NULL,NULL,NULL,NULL,0, 0.000000E+00,NULL,NULL,NULL,NULL,2, 9.133237E+01,0,data,8
47964,44607,940613,34455,94C2, 9.127600E+01,0,2,2,0,2, 0.000000E+00, 0.000000E+00, 0.000000E+00, 0.000000E+00, 0.000000E+00, 0.000000E+00, 6.144135E-02, 5.415320E-02,-1.377983E+00, 9.306944E+01, 0.000000E+00, 9.306944E+01, 0.000000E+00,NULL,NULL,NULL,NULL,0, 0.000000E+00,NULL,NULL,NULL,NULL,2, 9.306944E+01,0,data,8
47964,44609,940613,34455,94C2, 9.127600E+01,0,3,3,0,3, 0.000000E+00, 0.000000E+00, 0.000000E+00, 0.000000E+00, 0.000000E+00, 0.000000E+00,-6.663871E-02,-9.172201E-02,-5.888523E+00, 9.861140E+01, 0.000000E+00, 9.861140E+01, 0.000000E+00,NULL,NULL,NULL,NULL,0, 0.000000E+00,NULL,NULL,NULL,NULL,3, 9.861140E+01,0,data,8
47964,44610,940613,34455,94C2, 9.127600E+01,3,3,6,3,3, 1.344895E-01,-8.496566E-02, 2.162013E+00, 2.580986E+00, 2.525838E+00, 8.419461E-01,-2.210587E-01,-3.277715E-02, 3.448146E+00, 4.166108E+00, 2.305580E+00, 1.256993E+00, 3.281285E-01,0, 0.000000E+00,2, 5.707974E-01,0, 0.000000E+00,NULL,NULL,NULL,NULL,NULL,NULL,0,data,8
47964,44612,940613,34500,94C2, 9.127600E+01,1,2,3,1,2,-3.307313E+00, 1.134798E+00,-1.911148E+00, 3.987237E+00, 3.984793E+00, 3.984793E+00,-8.531395E-01, 4.874358E-01, 4.048671E+01, 4.806156E+01, 3.984793E+00, 4.303415E+01, 0.000000E+00,2, 2.933905E+00,0, 0.000000E+00,0, 0.000000E+00,1, 1.040171E+00, 1.040171E+00, 1.040171E+00,1, 0.000000E+00,0,data,8
47964,44614,940613,34500,94C2, 9.127600E+01,8,6,14,8,6, 6.695938E-01,-3.073011E-01, 5.942299E-01, 4.706772E+00, 4.466753E+00, 5.583441E-01, 7.347346E-01, 2.699077E-03,-1.181957E+01, 1.748511E+01, 2.923903E+00, 1.259156E+01, 1.867812E-01,0, 0.000000E+00,2, 0.000000E+00,0, 0.000000E+00,NULL,NULL,NULL,NULL,4, 0.000000E+00,0,data,8
47964,44615,940613,34500,94C2, 9.127600E+01,0,3,3,0,3, 0.000000E+00, 0.000000E+00, 0.000000E+00, 0.000000E+00, 0.000000E+00, 0.000000E+00,-1.143832E-01, 1.664551E-01,-9.064003E+00, 8.228827E+01, 0.000000E+00, 8.228827E+01, 0.000000E+00,NULL,NULL,NULL,NULL,0, 0.000000E+00,NULL,NULL,NULL,NULL,3, 8.228827E+01,0,data,8
47964,44622,940613,34507,94C2, 9.127600E+01,0,2,2,0,2, 0.000000E+00, 0.000000E+00, 0.000000E+00, 0.000000E+00, 0.000000E+00, 0.000000E+00,-6.373644E-03, 1.920545E-01,-2.504543E+00, 9.482475E+01, 0.000000E+00, 9.482475E+01, 0.000000E+00,NULL,NULL,NULL,NULL,0, 0.000000E+00,NULL,NULL,NULL,NULL,2, 9.482475E+01,0,data,8
47964,44624,940613,34507,94C2, 9.127600E+01,0,2,2,0,2, 0.000000E+00, 0.000000E+00, 0.000000E+00, 0.000000E+00, 0.000000E+00, 0.000000E+00,-4.820585E-03,-1.360393E-02, 1.062363E+00, 9.187669E+01, 0.000000E+00, 9.187669E+01, 0.000000E+00,NULL,NULL,NULL,NULL,0, 0.000000E+00,NULL,NULL,NULL,NULL,2, 9.187669E+01,0,data,8
47964,44628,940613,34507,94C2, 9.127600E+01,17,9,26,17,9,-1.276296E+00, 1.532261E+00,-1.242933E+00, 5.941608E+01, 5.915325E+01, 3.479603E+00,-3.218703E+00,-2.704787E-01,-1.816010E+00, 7.691085E+01, 5.858405E+01, 1.405024E+01, 3.444516E+00,14, 8.333563E+00,0, 0.000000E+00,0, 0.000000E+00,7, 1.271984E+01, 7.337160E-01, 2.587952E+00,NULL,NULL,1,data,8
47964,44630,940613,34510,94C2, 9.127600E+01,59,7,66,59,7, 3.097513E+00, 8.012673E-01, 3.198551E+01, 5.244683E+01, 5.045257E+01, 8.551283E-01,-4.285288E-02, 5.639518E-01, 1.073096E+01, 7.713176E+01, 3.975467E+01, 2.249959E+01, 2.185342E+00,0, 0.000000E+00,6, 0.000000E+00,0, 0.000000E+00,NULL,NULL,NULL,NULL,3, 0.000000E+00,1,data,8
47964,44632,940613,34513,94C2, 9.127600E+01,11,2,13,11,2,-7.847748E-01,-6.855448E-01,-2.918077E+00, 6.082069E+00, 5.790672E+00, 5.264248E-01,-9.883679E-01,-7.475860E-01,-1.179994E+01, 1.499882E+01, 4.572526E-01, 8.916753E+00, 0.000000E+00,1, 0.000000E+00,1, 0.000000E+00,0, 0.000000E+00,NULL,NULL,NULL,NULL,1, 0.000000E+00,0,data,8
47964,44637,940613,34518,94C2, 9.127600E+01,0,2,2,0,2, 0.000000E+00, 0.000000E+00, 0.000000E+00, 0.000000E+00, 0.000000E+00, 0.000000E+00, 6.509463E+00,-1.720151E+00,-5.504500E+00, 9.808700E+00, 0.000000E+00, 6.337435E-01, 0.000000E+00,1, 8.722795E+00,0, 0.000000E+00,0, 0.000000E+00,1, 9.174956E+00, 9.174956E+00, 9.174956E+00,NULL,NULL,0,data,8
47964,44641,940613,34519,94C2, 9.127600E+01,0,2,2,0,2, 0.000000E+00, 0.000000E+00, 0.000000E+00, 0.000000E+00, 0.000000E+00, 0.000000E+00, 2.304804E-01,-9.853446E-02,-1.234112E+01, 8.335112E+01, 0.000000E+00, 8.335112E+01, 0.000000E+00,NULL,NULL,NULL,NULL,0, 0.000000E+00,NULL,NULL,NULL,NULL,2, 8.335112E+01,0,data,8
47964,44642,940613,34519,94C2, 9.127600E+01,0,2,2,0,2, 0.000000E+00, 0.000000E+00, 0.000000E+00, 0.000000E+00, 0.000000E+00, 0.000000E+00, 2.952242E-02, 1.176231E-01,-1.189648E+00, 9.372241E+01, 0.000000E+00, 9.372241E+01, 0.000000E+00,NULL,NULL,NULL,NULL,0, 0.000000E+00,NULL,NULL,NULL,NULL,2, 9.372241E+01,0,data,8
47964,44644,940613,34519,94C2, 9.127600E+01,0,2,2,0,2, 0.000000E+00, 0.000000E+00, 0.000000E+00, 0.000000E+00, 0.000000E+00, 0.000000E+00, 1.270641E-01, 1.850858E-01, 2.540321E+00, 9.254419E+01, 0.000000E+00, 9.254419E+01, 0.000000E+00,NULL,NULL,NULL,NULL,0, 0.000000E+00,NULL,NULL,NULL,NULL,2, 9.254419E+01,0,data,8
47964,44648,940613,34519,94C2, 9.127600E+01,29,21,50,29,21,-6.914712E-01,-5.254424E-01,-1.649168E+00, 6.301449E+01, 6.264608E+01, 2.160210E+00,-6.666417E+00, 4.040335E+00,-3.560148E-01, 9.409301E+01, 5.998391E+01, 1.651618E+01, 7.091335E+00,12, 3.650471E+00,8, 0.000000E+00,0, 0.000000E+00,10, 1.826621E+01, 5.015042E-01, 5.300205E+00,1, 0.000000E+00,1,data,8
47964,44649,940613,34520,94C2, 9.127600E+01,40,17,57,40,17, 3.114092E+00, 1.152350E+00, 4.046760E+00, 6.657391E+01, 6.573186E+01, 1.643297E+00, 6.390219E+00, 6.132400E+00, 7.609322E+00, 9.572087E+01, 5.451591E+01, 2.052180E+01, 6.425070E+00,5, 0.000000E+00,9, 7.051586E-01,0, 0.000000E+00,4, 9.716552E+00, 8.920794E-01, 6.461720E+00,1, 0.000000E+00,1,data,8
47964,44650,940613,34525,94C2, 9.127600E+01,0,2,2,0,2, 0.000000E+00, 0.000000E+00, 0.000000E+00, 0.000000E+00, 0.000000E+00, 0.000000E+00,-1.676104E+00, 2.060353E+00, 4.134855E+00, 5.032135E+00, 0.000000E+00, 5.032135E+00, 0.000000E+00,0, 0.000000E+00,1, 4.852163E+00,0, 0.000000E+00,NULL,NULL,NULL,NULL,NULL,NULL,0,data,8
47964,44652,940613,34525,94C2, 9.127600E+01,2,2,4,2,2,-2.749143E-01, 1.689659E+00, 1.570511E+00, 9.092065E+01, 9.092022E+01, 4.546011E+01, 3.232938E-01, 1.947239E+00, 4.904064E-01, 9.248654E+01, 9.092065E+01, 0.000000E+00, 1.565882E+00,2, 7.874628E-01,0, 0.000000E+00,0, 0.000000E+00,NULL,NULL,NULL,NULL,NULL,NULL,0,data,8
47964,44654,940613,34525,94C2, 9.127600E+01,1,1,2,1,1,-1.097858E+00,-3.958068E-01, 2.710014E+00, 2.953915E+00, 2.950616E+00, 2.950616E+00,-3.202342E-01,-3.993149E-01, 1.430316E+01, 1.457311E+01, 2.953915E+00, 1.161919E+01, 0.000000E+00,0, 0.000000E+00,1, 2.145576E+00,0, 0.000000E+00,NULL,NULL,NULL,NULL,1, 0.000000E+00,0,data,8
47964,44655,940613,34525,94C2, 9.127600E+01,0,2,2,0,2, 0.000000E+00, 0.000000E+00, 0.000000E+00, 0.000000E+00, 0.000000E+00, 0.000000E+00, 8.116680E-02,-4.559910E-02, 1.128273E-01, 9.211839E+01, 0.000000E+00, 9.211839E+01, 0.000000E+00,NULL,NULL,NULL,NULL,0, 0.000000E+00,NULL,NULL,NULL,NULL,2, 9.211839E+01,0,data,8
47964,44656,940613,34525,94C2, 9.127600E+01,0,2,2,0,2, 0.000000E+00, 0.000000E+00, 0.000000E+00, 0.000000E+00, 0.000000E+00, 0.000000E+00,-1.934774E-01,-1.990070E-01, 9.166756E-01, 9.233331E+01, 0.000000E+00, 9.233331E+01, 0.000000E+00,NULL,NULL,NULL,NULL,0, 0.000000E+00,NULL,NULL,NULL,NULL,2, 9.233331E+01,0,data,8
47964,44658,940613,34531,94C2, 9.127600E+01,14,2,16,14,2,-5.928807E+00, 2.395556E+01,-7.139990E+01, 9.808118E+01, 9.801015E+01, 7.000725E+00,-5.867605E+00, 2.542735E+01,-7.583132E+01, 1.027515E+02, 0.000000E+00, 4.670290E+00, 0.000000E+00,0, 0.000000E+00,7, 3.580326E+01,0, 0.000000E+00,NULL,NULL,NULL,NULL,NULL,NULL,0,data,8
47964,44660,940613,34531,94C2, 9.127600E+01,0,2,2,0,2, 0.000000E+00, 0.000000E+00, 0.000000E+00, 0.000000E+00, 0.000000E+00, 0.000000E+00, 3.207629E-01, 2.581069E-01, 3.339291E+00, 9.247676E+01, 0.000000E+00, 9.247676E+01, 0.000000E+00,NULL,NULL,NULL,NULL,0, 0.000000E+00,NULL,NULL,NULL,NULL,2, 9.247676E+01,0,data,8
47964,44668,940613,34537,94C2, 9.127600E+01,0,2,2,0,2, 0.000000E+00, 0.000000E+00, 0.000000E+00, 0.000000E+00, 0.000000E+00, 0.000000E+00, 2.905543E-02,-1.826279E-01,-1.510702E+01, 7.857981E+01, 0.000000E+00, 7.857981E+01, 0.000000E+00,NULL,NULL,NULL,NULL,0, 0.000000E+00,NULL,NULL,NULL,NULL,2, 7.857981E+01,0,data,8
47964,44673,940613,34537,94C2, 9.127600E+01,0,2,2,0,2, 0.000000E+00, 0.000000E+00, 0.000000E+00, 0.000000E+00, 0.000000E+00, 0.000000E+00,-1.648204E-01,-3.206921E-02, 1.030117E+00, 8.710107E+01, 0.000000E+00, 8.710107E+01, 0.000000E+00,NULL,NULL,NULL,NULL,0, 0.000000E+00,NULL,NULL,NULL,NULL,2, 8.710107E+01,0,data,8
47964,44681,940613,34540,94C2, 9.127600E+01,0,2,2,0,2, 0.000000E+00, 0.000000E+00, 0.000000E+00, 0.000000E+00, 0.000000E+00, 0.000000E+00, 6.110609E-02,-1.504159E-02, 1.701927E-01, 9.554642E+01, 0.000000E+00, 9.554642E+01, 0.000000E+00,NULL,NULL,NULL,NULL,0, 0.000000E+00,NULL,NULL,NULL,NULL,2, 9.554642E+01,0,data,8
47964,44683,940613,34540,94C2, 9.127600E+01,0,2,2,0,2, 0.000000E+00, 0.000000E+00, 0.000000E+00, 0.000000E+00, 0.000000E+00, 0.000000E+00,-6.864810E-02,-5.055571E-02, 3.195953E-02, 9.269377E+01, 0.000000E+00, 9.269377E+01, 0.000000E+00,NULL,NULL,NULL,NULL,0, 0.000000E+00,NULL,NULL,NULL,NULL,2, 9.269377E+01,0,data,8
47964,44686,940613,34543,94C2, 9.127600E+01,23,7,30,23,7,-7.649004E+00, 2.585350E+00,-3.875982E+00, 7.857105E+01, 7.828433E+01, 3.403667E+00,-8.606638E+00, 3.285038E+00,-4.579541E+00, 8.422110E+01, 7.335969E+01, 7.794887E-01, 3.159945E-01,9, 1.187091E+01,0, 0.000000E+00,0, 0.000000E+00,5, 5.334050E+00, 6.147834E-01, 1.676535E+00,NULL,NULL,1,data,8
47964,44695,940613,34547,94C2, 9.127600E+01,0,2,2,0,2, 0.000000E+00, 0.000000E+00, 0.000000E+00, 0.000000E+00, 0.000000E+00, 0.000000E+00, 1.120164E-01, 3.333163E-02,-9.140396E-01, 9.026251E+01, 0.000000E+00, 9.026251E+01, 0.000000E+00,NULL,NULL,NULL,NULL,0, 0.000000E+00,NULL,NULL,NULL,NULL,2, 9.026251E+01,0,data,8
47964,44696,940613,34547,94C2, 9.127600E+01,23,8,31,23,8,-2.286835E+00, 7.079310E+00,-5.243588E+00, 7.878808E+01, 7.850723E+01, 3.413358E+00,-4.219965E-01, 1.251669E+00,-8.760353E-01, 9.134624E+01, 3.839516E+01, 9.089256E+00, 2.004252E+00,11, 6.492050E+00,0, 0.000000E+00,0, 0.000000E+00,5, 1.055391E+01, 7.834067E-01, 6.026023E+00,NULL,NULL,1,data,8
47964,44701,940613,34549,94C2, 9.127600E+01,5,2,7,5,2,-1.901922E+00,-1.944189E+00,-1.946317E-01, 3.921384E+00, 3.841978E+00, 7.683955E-01, 3.784113E-01, 5.342662E-02, 4.330941E+01, 4.753796E+01, 4.006884E+00, 4.361657E+01, 0.000000E+00,0, 0.000000E+00,1, 0.000000E+00,0, 0.000000E+00,NULL,NULL,NULL,NULL,1, 0.000000E+00,0,data,8
47964,44702,940613,34549,94C2, 9.127600E+01,0,1,1,0,1, 0.000000E+00, 0.000000E+00, 0.000000E+00, 0.000000E+00, 0.000000E+00, 0.000000E+00, 1.263622E+00, 5.982401E-02,-2.946569E+01, 2.949283E+01, 0.000000E+00, 2.949283E+01, 0.000000E+00,NULL,NULL,NULL,NULL,0, 0.000000E+00,NULL,NULL,NULL,NULL,1, 2.949283E+01,0,data,8
47964,44703,940613,34549,94C2, 9.127600E+01,1,1,2,1,1,-3.736758E+01, 2.379766E+02, 7.812991E+01, 2.532460E+02, 2.532459E+02, 2.532459E+02,-3.732839E+01, 2.367793E+02, 7.778951E+01, 2.544913E+02, 0.000000E+00, 1.245380E+00, 0.000000E+00,1, 2.354813E-01,0, 0.000000E+00,0, 0.000000E+00,NULL,NULL,NULL,NULL,NULL,NULL,0,data,8
47964,44704,940613,34550,94C2, 9.127600E+01,0,2,2,0,2, 0.000000E+00, 0.000000E+00, 0.000000E+00, 0.000000E+00, 0.000000E+00, 0.000000E+00, 8.039355E-03, 7.723975E-02,-2.474693E+00, 8.825307E+01, 0.000000E+00, 8.825307E+01, 0.000000E+00,NULL,NULL,NULL,NULL,0, 0.000000E+00,NULL,NULL,NULL,NULL,2, 8.825307E+01,0,data,8
47964,44705,940613,34550,94C2, 9.127600E+01,15,12,27,15,12, 1.551715E+01,-7.586589E+00,-3.280529E+01, 7.224618E+01, 7.203628E+01, 4.802419E+00, 1.223993E+01,-6.605957E+00,-2.577332E+01, 8.238474E+01, 5.013665E+01, 1.004544E+01, 9.312189E-02,0, 0.000000E+00,13, 1.719060E+01,0, 0.000000E+00,NULL,NULL,NULL,NULL,1, 0.000000E+00,1,data,8
47964,44707,940613,34550,94C2, 9.127600E+01,30,15,45,30,15,-2.154304E+00, 3.345554E-01,-1.526403E-01, 6.629462E+01, 6.572289E+01, 2.190763E+00,-4.994439E+00,-1.304477E+00,-1.323889E+00, 8.556419E+01, 5.960783E+01, 1.015754E+01, 3.419419E+00,17, 1.784257E+01,0, 0.000000E+00,0, 0.000000E+00,11, 1.423096E+01, 3.225322E-01, 4.190077E+00,NULL,NULL,1,data,8
47964,44714,940613,34556,94C2, 9.127600E+01,28,11,39,28,11, 1.932028E+01, 5.315095E+00,-1.481842E+01, 6.880870E+01, 6.832603E+01, 2.440215E+00, 7.065748E+00, 2.455482E+00,-4.517651E+00, 8.936943E+01, 6.466080E+01, 1.742812E+01, 4.731999E-01,13, 2.908133E+00,0, 0.000000E+00,0, 0.000000E+00,7, 1.724207E+01, 4.849516E-01, 7.158320E+00,1, 0.000000E+00,1,data,8
47964,44716,940613,34557,94C2, 9.127600E+01,0,2,2,0,2, 0.000000E+00, 0.000000E+00, 0.000000E+00, 0.000000E+00, 0.000000E+00, 0.000000E+00, 1.368953E-01, 2.458906E-02,-4.740944E-01, 9.070331E+01, 0.000000E+00, 9.070331E+01, 0.000000E+00,NULL,NULL,NULL,NULL,0, 0.000000E+00,NULL,NULL,NULL,NULL,2, 9.070331E+01,0,data,8
47964,44721,940613,34601,94C2, 9.127600E+01,0,2,2,0,2, 0.000000E+00, 0.000000E+00, 0.000000E+00, 0.000000E+00, 0.000000E+00, 0.000000E+00,-1.808877E-01, 6.883027E-02,-3.474888E+00, 9.194157E+01, 0.000000E+00, 9.194157E+01, 0.000000E+00,NULL,NULL,NULL,NULL,0, 0.000000E+00,NULL,NULL,NULL,NULL,2, 9.194157E+01,0,data,8
47964,44725,940613,34601,94C2, 9.127600E+01,2,2,4,2,2, 1.155752E-02, 4.025443E-01,-1.357141E-01, 1.830051E+00, 1.808361E+00, 9.041806E-01,-1.884245E-01,-4.281933E-01, 1.013296E-01, 3.122482E+00, 1.815299E+00, 0.000000E+00, 7.503342E-01,2, 5.861208E-01,0, 0.000000E+00,0, 0.000000E+00,1, 5.420961E-01, 5.420961E-01, 5.420961E-01,NULL,NULL,0,data,8
47964,44727,940613,34601,94C2, 9.127600E+01,0,3,3,0,3, 0.000000E+00, 0.000000E+00, 0.000000E+00, 0.000000E+00, 0.000000E+00, 0.000000E+00,-2.340746E-02, 1.321702E-01, 1.630226E+00, 9.306844E+01, 0.000000E+00, 9.306844E+01, 0.000000E+00,NULL,NULL,NULL,NULL,0, 0.000000E+00,NULL,NULL,NULL,NULL,3, 9.306844E+01,0,data,8
47964,44729,940613,34605,94C2, 9.127600E+01,0,2,2,0,2, 0.000000E+00, 0.000000E+00, 0.000000E+00, 0.000000E+00, 0.000000E+00, 0.000000E+00,-1.305207E-01, 2.011216E-01, 4.478607E+00, 9.110014E+01, 0.000000E+00, 9.110014E+01, 0.000000E+00,NULL,NULL,NULL,NULL,0, 0.000000E+00,NULL,NULL,NULL,NULL,2, 9.110014E+01,0,data,8
47964,44733,940613,34605,94C2, 9.127600E+01,25,11,36,25,11, 4.572738E-01,-6.797552E+00,-5.482903E+00, 8.169855E+01, 8.128715E+01, 3.251486E+00, 4.184253E-01,-5.291550E+00,-3.931518E+00, 8.956435E+01, 7.843320E+01, 4.315172E+00, 3.090099E+00,4, 3.039068E-01,0, 0.000000E+00,0, 0.000000E+00,3, 4.089069E+00, 4.605291E-01, 2.487618E+00,NULL,NULL,1,data,8
47964,44736,940613,34608,94C2, 9.127600E+01,0,2,2,0,2, 0.000000E+00, 0.000000E+00, 0.000000E+00, 0.000000E+00, 0.000000E+00, 0.000000E+00, 1.365852E-02,-6.904048E-02,-1.221859E+00, 8.973317E+01, 0.000000E+00, 8.973317E+01, 0.000000E+00,NULL,NULL,NULL,NULL,0, 0.000000E+00,NULL,NULL,NULL,NULL,2, 8.973317E+01,0,data,8
47964,44738,940613,34608,94C2, 9.127600E+01,0,2,2,0,2, 0.000000E+00, 0.000000E+00, 0.000000E+00, 0.000000E+00, 0.000000E+00, 0.000000E+00, 2.087359E-01,-2.749944E-02, 2.040253E+00, 9.318016E+01, 0.000000E+00, 9.318016E+01, 0.000000E+00,NULL,NULL,NULL,NULL,0, 0.000000E+00,NULL,NULL,NULL,NULL,2, 9.318016E+01,0,data,8
47964,44740,940613,34608,94C2, 9.127600E+01,0,2,2,0,2, 0.000000E+00, 0.000000E+00, 0.000000E+00, 0.000000E+00, 0.000000E+00, 0.000000E+00, 3.234828E-02, 7.215023E-03, 7.127953E-01, 9.440146E+01, 0.000000E+00, 9.440146E+01, 0.000000E+00,NULL,NULL,NULL,NULL,0, 0.000000E+00,NULL,NULL,NULL,NULL,2, 9.440146E+01,0,data,8
47964,44745,940613,34611,94C2, 9.127600E+01,0,2,2,0,2, 0.000000E+00, 0.000000E+00, 0.000000E+00, 0.000000E+00, 0.000000E+00, 0.000000E+00,-7.022858E-03, 8.401912E-02, 7.628746E-01, 9.253320E+01, 0.000000E+00, 9.253320E+01, 0.000000E+00,NULL,NULL,NULL,NULL,0, 0.000000E+00,NULL,NULL,NULL,NULL,2, 9.253320E+01,0,data,8
47964,44747,940613,34611,94C2, 9.127600E+01,55,16,71,55,16,-1.859614E+01, 3.889021E+00,-4.415398E+01, 1.189121E+02, 1.176581E+02, 2.139238E+00,-1.470177E+01, 2.837320E+00,-3.657270E+01, 1.361292E+02, 6.581793E+01, 1.662617E+01, 5.908952E-01,2, 0.000000E+00,24, 2.189513E+01,0, 0.000000E+00,1, 9.822277E-01, 9.822277E-01, 9.822277E-01,NULL,NULL,1,data,8
47964,44751,940613,34617,94C2, 9.127600E+01,0,2,2,0,2, 0.000000E+00, 0.000000E+00, 0.000000E+00, 0.000000E+00, 0.000000E+00, 0.000000E+00,-1.990669E-01,-1.812845E-02, 8.735840E+00, 8.765169E+01, 0.000000E+00, 8.765169E+01, 0.000000E+00,NULL,NULL,NULL,NULL,0, 0.000000E+00,NULL,NULL,NULL,NULL,2, 8.765169E+01,0,data,8
47964,44754,940613,34620,94C2, 9.127600E+01,2,5,7,2,5,-1.240589E+00,-2.428470E+00, 7.993454E+00, 8.480665E+00, 8.461086E+00, 4.230543E+00, 6.763904E+00, 8.807475E+00,-3.273770E+01, 5.799083E+01, 0.000000E+00, 4.930147E+01, 2.086911E-01,0, 0.000000E+00,5, 4.760982E+01,0, 0.000000E+00,NULL,NULL,NULL,NULL,NULL,NULL,0,data,8
47964,44757,940613,34620,94C2, 9.127600E+01,0,2,2,0,2, 0.000000E+00, 0.000000E+00, 0.000000E+00, 0.000000E+00, 0.000000E+00, 0.000000E+00,-1.022067E-01, 1.404368E-01,-7.203571E+00, 8.654555E+01, 0.000000E+00, 8.654555E+01, 0.000000E+00,NULL,NULL,NULL,NULL,0, 0.000000E+00,NULL,NULL,NULL,NULL,2, 8.654555E+01,0,data,8
47964,44763,940613,34623,94C2, 9.127600E+01,17,3,20,17,3, 6.389379E-01, 1.078513E+00,-6.406087E-02, 4.821338E+00, 3.896998E+00, 2.292352E-01, 5.218152E-01, 9.542489E-01,-1.166443E+00, 6.816961E+00, 4.987233E-01, 1.995624E+00, 0.000000E+00,NULL,NULL,NULL,NULL,0, 0.000000E+00,NULL,NULL,NULL,NULL,3, 0.000000E+00,0,data,8
47964,44770,940613,34628,94C2, 9.127600E+01,16,13,29,16,13, 4.686700E+00,-5.076210E+00, 1.943210E+01, 2.766925E+01, 2.736386E+01, 1.710241E+00, 2.452593E+00,-2.109352E+00, 5.054123E+00, 5.267422E+01, 1.320395E+01, 2.053343E+01, 4.471528E+00,0, 0.000000E+00,12, 4.686348E-01,0, 0.000000E+00,NULL,NULL,NULL,NULL,1, 0.000000E+00,0,data,8
47964,44774,940613,34630,94C2, 9.127600E+01,3,1,4,3,1, 5.691514E+00, 5.915819E-01, 3.824720E+00, 7.421951E+00, 7.354713E+00, 2.451571E+00, 5.810090E+00, 6.005766E-01, 6.815493E-01, 1.056737E+01, 0.000000E+00, 3.145419E+00, 0.000000E+00,NULL,NULL,NULL,NULL,0, 0.000000E+00,NULL,NULL,NULL,NULL,1, 0.000000E+00,0,data,8
47964,44776,940613,34630,94C2, 9.127600E+01,0,2,2,0,2, 0.000000E+00, 0.000000E+00, 0.000000E+00, 0.000000E+00, 0.000000E+00, 0.000000E+00, 1.133059E-01,-7.373142E-02, 1.646702E+00, 9.172110E+01, 0.000000E+00, 9.172110E+01, 0.000000E+00,NULL,NULL,NULL,NULL,0, 0.000000E+00,NULL,NULL,NULL,NULL,2, 9.172110E+01,0,data,8
47964,44779,940613,34635,94C2, 9.127600E+01,0,2,2,0,2, 0.000000E+00, 0.000000E+00, 0.000000E+00, 0.000000E+00, 0.000000E+00, 0.000000E+00, 6.837696E-02,-7.967925E-02, 1.243286E+00, 9.221840E+01, 0.000000E+00, 9.221840E+01, 0.000000E+00,NULL,NULL,NULL,NULL,0, 0.000000E+00,NULL,NULL,NULL,NULL,2, 9.221840E+01,0,data,8
47964,44783,940613,34635,94C2, 9.127600E+01,0,2,2,0,2, 0.000000E+00, 0.000000E+00, 0.000000E+00, 0.000000E+00, 0.000000E+00, 0.000000E+00,-2.926683E-02,-1.207914E-01,-1.133156E-01, 8.999702E+01, 0.000000E+00, 8.999702E+01, 0.000000E+00,NULL,NULL,NULL,NULL,0, 0.000000E+00,NULL,NULL,NULL,NULL,2, 8.999702E+01,0,data,8
47964,44785,940613,34635,94C2, 9.127600E+01,27,12,39,27,12, 1.834375E+01, 8.122670E+00,-1.481908E+01, 5.294494E+01, 5.239194E+01, 1.940442E+00, 5.427046E+00, 1.138901E+00,-3.706728E+00, 7.916690E+01, 4.355656E+01, 1.216091E+01, 6.933272E+00,12, 1.073902E+01,0, 0.000000E+00,0, 0.000000E+00,8, 1.932974E+01, 4.214146E-01, 6.181603E+00,NULL,NULL,1,data,8
47964,44791,940613,34638,94C2, 9.127600E+01,0,1,1,0,1, 0.000000E+00, 0.000000E+00, 0.000000E+00, 0.000000E+00, 0.000000E+00, 0.000000E+00, 3.036046E-01, 3.170838E+01, 3.660354E+01, 4.842864E+01, 0.000000E+00, 4.842864E+01, 0.000000E+00,1, 4.242144E+01,0, 0.000000E+00,0, 0.000000E+00,1, 4.842864E+01, 4.842864E+01, 4.842864E+01,NULL,NULL,0,data,8
47964,44792,940613,34638,94C2, 9.127600E+01,0,2,2,0,2, 0.000000E+00, 0.000000E+00, 0.000000E+00, 0.000000E+00, 0.000000E+00, 0.000000E+00,-2.751332E-02,-5.052733E-02,-1.389133E+00, 9.321497E+01, 0.000000E+00, 9.321497E+01, 0.000000E+00,NULL,NULL,NULL,NULL,0, 0.000000E+00,NULL,NULL,NULL,NULL,2, 9.321497E+01,0,data,8
47964,44793,940613,34638,94C2, 9.127600E+01,2,1,3,2,1, 6.009783E+00, 5.929049E+00,-1.471006E+00, 8.609255E+00, 8.569951E+00, 4.284976E+00, 6.060067E+00, 5.931172E+00,-2.816848E+00, 9.956038E+00, 0.000000E+00, 1.346782E+00, 0.000000E+00,NULL,NULL,NULL,NULL,0, 0.000000E+00,NULL,NULL,NULL,NULL,1, 0.000000E+00,0,data,8
47964,44796,940613,34643,94C2, 9.127600E+01,0,2,2,0,2, 0.000000E+00, 0.000000E+00, 0.000000E+00, 0.000000E+00, 0.000000E+00, 0.000000E+00,-4.217875E-02, 6.735659E-02,-1.087341E-01, 8.777264E+01, 0.000000E+00, 8.777264E+01, 0.000000E+00,NULL,NULL,NULL,NULL,0, 0.000000E+00,NULL,NULL,NULL,NULL,2, 8.777264E+01,0,data,8
47964,44797,940613,34643,94C2, 9.127600E+01,0,2,2,0,2, 0.000000E+00, 0.000000E+00, 0.000000E+00, 0.000000E+00, 0.000000E+00, 0.000000E+00, 9.974432E-02, 1.084356E-01,-1.033195E+00, 9.257558E+01, 0.000000E+00, 9.257558E+01, 0.000000E+00,NULL,NULL,NULL,NULL,0, 0.000000E+00,NULL,NULL,NULL,NULL,2, 9.257558E+01,0,data,8
47964,44798,940613,34643,94C2, 9.127600E+01,0,4,4,0,4, 0.000000E+00, 0.000000E+00, 0.000000E+00, 0.000000E+00, 0.000000E+00, 0.000000E+00,-3.378238E-01,-1.073736E-01, 4.701258E+00, 9.147466E+01, 0.000000E+00, 9.147466E+01, 0.000000E+00,NULL,NULL,NULL,NULL,0, 0.000000E+00,NULL,NULL,NULL,NULL,2, 9.116827E+01,0,data,8
47964,44803,940613,34647,94C2, 9.127600E+01,0,4,4,0,4, 0.000000E+00, 0.000000E+00, 0.000000E+00, 0.000000E+00, 0.000000E+00, 0.000000E+00,-7.057838E-01, 7.040734E-01,-5.069897E+00, 9.561694E+01, 0.000000E+00, 9.561694E+01, 0.000000E+00,0, 0.000000E+00,3, 4.585669E+01,0, 0.000000E+00,NULL,NULL,NULL,NULL,1, 2.838587E-01,0,data,8
47964,44805,940613,34647,94C2, 9.127600E+01,5,1,6,5,1,-1.280176E+00, 3.554207E-02,-3.564327E+00, 5.972626E+00, 5.912950E+00, 1.182590E+00,-1.525156E+00, 4.611573E-02,-8.610605E+00, 1.102486E+01, 5.559699E-01, 5.052232E+00, 0.000000E+00,NULL,NULL,NULL,NULL,0, 0.000000E+00,NULL,NULL,NULL,NULL,1, 0.000000E+00,0,data,8
47964,44806,940613,34647,94C2, 9.127600E+01,0,3,3,0,3, 0.000000E+00, 0.000000E+00, 0.000000E+00, 0.000000E+00, 0.000000E+00, 0.000000E+00, 1.965331E-01, 9.673777E-01,-4.788071E+00, 1.169283E+02, 0.000000E+00, 1.169283E+02, 0.000000E+00,0, 0.000000E+00,3, 1.169283E+02,0, 0.000000E+00,NULL,NULL,NULL,NULL,NULL,NULL,0,data,8
47964,44808,940613,34647,94C2, 9.127600E+01,20,15,35,20,15,-3.723834E+00, 1.064949E+00,-1.668868E+01, 4.177765E+01, 4.134927E+01, 2.067463E+00,-2.902590E+00, 1.216075E+00,-1.011471E+01, 7.074647E+01, 0.000000E+00, 2.896882E+01, 0.000000E+00,0, 0.000000E+00,11, 1.760979E+01,0, 0.000000E+00,NULL,NULL,NULL,NULL,3, 0.000000E+00,0,data,8
47964,44809,940613,34649,94C2, 9.127600E+01,5,1,6,5,1,-1.419087E-01,-4.273119E-01,-1.026462E+00, 2.730501E+00, 2.589586E+00, 5.179171E-01,-1.201690E-01,-4.237499E-01,-3.444319E-01, 3.412887E+00, 2.639959E+00, 6.823859E-01, 0.000000E+00,NULL,NULL,NULL,NULL,0, 0.000000E+00,NULL,NULL,NULL,NULL,1, 0.000000E+00,0,data,8
47964,44814,940613,34649,94C2, 9.127600E+01,21,10,31,21,10, 1.997350E+01, 1.161733E+01,-1.093359E+01, 5.750164E+01, 5.715677E+01, 2.721751E+00, 8.608879E+00, 3.978038E+00,-2.817463E+00, 1.032658E+02, 3.553787E+01, 4.212924E+01, 3.251173E-01,14, 1.537522E+00,0, 0.000000E+00,0, 0.000000E+00,8, 4.374360E+01, 2.076201E+00, 1.953404E+01,NULL,NULL,1,data,8
47964,44815,940613,34654,94C2, 9.127600E+01,5,1,6,5,1, 2.299598E-01, 6.612204E-01,-6.017674E-01, 2.756155E+00, 2.638488E+00, 5.276975E-01, 3.008730E-01,-1.497967E-01,-1.439561E+01, 1.657400E+01, 4.695721E-01, 1.381785E+01, 0.000000E+00,NULL,NULL,NULL,NULL,0, 0.000000E+00,NULL,NULL,NULL,NULL,1, 0.000000E+00,0,data,8
47964,44816,940613,34654,94C2, 9.127600E+01,0,2,2,0,2, 0.000000E+00, 0.000000E+00, 0.000000E+00, 0.000000E+00, 0.000000E+00, 0.000000E+00,-2.207422E-02, 9.757900E-02, 7.434120E-01, 9.047475E+01, 0.000000E+00, 9.047475E+01, 0.000000E+00,NULL,NULL,NULL,NULL,0, 0.000000E+00,NULL,NULL,NULL,NULL,2, 9.047475E+01,0,data,8
47964,44819,940613,34654,94C2, 9.127600E+01,0,2,2,0,2, 0.000000E+00, 0.000000E+00, 0.000000E+00, 0.000000E+00, 0.000000E+00, 0.000000E+00, 7.622862E-02, 5.715001E-02,-3.147507E-02, 8.988284E+01, 0.000000E+00, 8.988284E+01, 0.000000E+00,NULL,NULL,NULL,NULL,0, 0.000000E+00,NULL,NULL,NULL,NULL,2, 8.988284E+01,0,data,8
47964,44821,940613,34654,94C2, 9.127600E+01,0,2,2,0,2, 0.000000E+00, 0.000000E+00, 0.000000E+00, 0.000000E+00, 0.000000E+00, 0.000000E+00, 6.419730E-02, 5.367875E-03,-5.715446E-01, 9.094057E+01, 0.000000E+00, 9.094057E+01, 0.000000E+00,NULL,NULL,NULL,NULL,0, 0.000000E+00,NULL,NULL,NULL,NULL,2, 9.094057E+01,0,data,8
47964,44824,940613,34654,94C2, 9.127600E+01,0,2,2,0,2, 0.000000E+00, 0.000000E+00, 0.000000E+00, 0.000000E+00, 0.000000E+00, 0.000000E+00, 1.429303E+00, 9.972682E-01,-5.404364E+01, 5.476877E+01, 0.000000E+00, 5.476877E+01, 0.000000E+00,0, 0.000000E+00,1, 0.000000E+00,0, 0.000000E+00,NULL,NULL,NULL,NULL,1, 2.632938E+01,0,data,8
47964,44825,940613,34656,94C2, 9.127600E+01,23,17,40,23,17,-1.445786E-01,-2.180622E-01, 5.697186E+00, 7.495423E+01, 7.476096E+01, 3.250476E+00,-1.782911E+00,-1.438080E+00, 1.374851E+00, 8.372525E+01, 6.885515E+01, 4.412605E+00, 3.778242E+00,6, 0.000000E+00,7, 0.000000E+00,0, 0.000000E+00,4, 2.149089E+00, 4.031344E-01, 6.980154E-01,2, 0.000000E+00,1,data,8
47964,44827,940613,34656,94C2, 9.127600E+01,0,2,2,0,2, 0.000000E+00, 0.000000E+00, 0.000000E+00, 0.000000E+00, 0.000000E+00, 0.000000E+00, 7.322502E-02,-1.309884E-02, 4.350552E+00, 8.860854E+01, 0.000000E+00, 8.860854E+01, 0.000000E+00,NULL,NULL,NULL,NULL,0, 0.000000E+00,NULL,NULL,NULL,NULL,2, 8.860854E+01,0,data,8
47964,44828,940613,34656,94C2, 9.127600E+01,40,14,54,40,14, 6.452255E+00,-1.678642E+01,-4.404612E+00, 7.140891E+01, 7.011781E+01, 1.752945E+00, 7.130674E+00,-2.105855E+01,-5.796644E+00, 8.959010E+01, 5.197817E+01, 1.320428E+01, 4.182584E+00,13, 1.689222E+01,0, 0.000000E+00,0, 0.000000E+00,8, 1.363548E+01, 4.022442E-01, 3.119802E+00,NULL,NULL,1,data,8
47964,44831,940613,34659,94C2, 9.127600E+01,2,1,3,2,1,-2.997828E-02, 2.609205E-02,-7.631489E-02, 1.226358E+00, 1.194167E+00, 5.970833E-01,-7.633781E-03,-1.990008E-01,-8.184826E-02, 1.452625E+00, 1.226359E+00, 0.000000E+00, 2.262669E-01,NULL,NULL,NULL,NULL,0, 0.000000E+00,NULL,NULL,NULL,NULL,NULL,NULL,0,data,8
47964,44837,940613,34701,94C2, 9.127600E+01,36,10,46,36,10, 2.215498E+00, 2.786027E+00, 5.342204E+00, 6.157471E+01, 6.081852E+01, 1.689403E+00,-8.790642E-03, 1.060388E+00, 2.028158E+00, 7.454368E+01, 5.796382E+01, 9.440008E+00, 2.109604E+00,14, 2.437844E+00,2, 0.000000E+00,0, 0.000000E+00,4, 9.240209E+00, 8.508996E-01, 4.514534E+00,NULL,NULL,1,data,8
47964,44842,940613,34704,94C2, 9.127600E+01,0,2,2,0,2, 0.000000E+00, 0.000000E+00, 0.000000E+00, 0.000000E+00, 0.000000E+00, 0.000000E+00,-9.648371E-02,-2.171159E-02, 1.159393E+00, 9.267982E+01, 0.000000E+00, 9.267982E+01, 0.000000E+00,NULL,NULL,NULL,NULL,0, 0.000000E+00,NULL,NULL,NULL,NULL,2, 9.267982E+01,0,data,8
47964,44844,940613,34704,94C2, 9.127600E+01,0,2,2,0,2, 0.000000E+00, 0.000000E+00, 0.000000E+00, 0.000000E+00, 0.000000E+00, 0.000000E+00, 1.401055E-02, 1.755023E-02,-5.787048E-01, 9.134669E+01, 0.000000E+00, 9.134669E+01, 0.000000E+00,NULL,NULL,NULL,NULL,0, 0.000000E+00,NULL,NULL,NULL,NULL,2, 9.134669E+01,0,data,8
47964,44845,940613,34704,94C2, 9.127600E+01,0,2,2,0,2, 0.000000E+00, 0.000000E+00, 0.000000E+00, 0.000000E+00, 0.000000E+00, 0.000000E+00,-3.929043E-02,-5.136967E-02,-6.820267E+00, 8.449832E+01, 0.000000E+00, 8.449832E+01, 0.000000E+00,NULL,NULL,NULL,NULL,0, 0.000000E+00,NULL,NULL,NULL,NULL,2, 8.449832E+01,0,data,8
47964,44847,940613,34710,94C2, 9.127600E+01,7,9,16,7,9, 1.367298E+01, 9.472157E+00, 6.965205E+01, 7.747421E+01, 7.740820E+01, 1.105831E+01, 5.890281E+00, 4.537945E+00, 2.697598E+01, 1.214725E+02, 0.000000E+00, 4.399829E+01, 0.000000E+00,0, 0.000000E+00,7, 4.614637E+01,0, 0.000000E+00,NULL,NULL,NULL,NULL,1, 0.000000E+00,0,data,8
47964,44848,940613,34710,94C2, 9.127600E+01,0,2,2,0,2, 0.000000E+00, 0.000000E+00, 0.000000E+00, 0.000000E+00, 0.000000E+00, 0.000000E+00, 2.023041E-02,-9.046829E-02,-1.531567E+01, 7.647219E+01, 0.000000E+00, 7.647219E+01, 0.000000E+00,NULL,NULL,NULL,NULL,0, 0.000000E+00,NULL,NULL,NULL,NULL,2, 7.647219E+01,0,data,8
47964,44849,940613,34710,94C2, 9.127600E+01,0,2,2,0,2, 0.000000E+00, 0.000000E+00, 0.000000E+00, 0.000000E+00, 0.000000E+00, 0.000000E+00, 2.956191E-01,-1.352515E-01,-1.163415E+01, 7.703990E+01, 0.000000E+00, 7.703990E+01, 0.000000E+00,NULL,NULL,NULL,NULL,0, 0.000000E+00,NULL,NULL,NULL,NULL,2, 7.703990E+01,0,data,8
47964,44855,940613,34710,94C2, 9.127600E+01,18,24,42,18,24, 5.863925E+00,-5.414232E+00,-5.688517E+00, 4.315825E+01, 4.282106E+01, 2.378947E+00, 1.317375E+01,-1.458567E+01,-1.244149E+01, 1.149499E+02, 4.065154E+01, 3.581267E+01, 2.720921E+01,20, 2.923492E+00,0, 0.000000E+00,0, 0.000000E+00,17, 4.211586E+01, 4.327335E-01, 1.114204E+01,NULL,NULL,1,data,8
47964,44860,940613,34715,94C2, 9.127600E+01,0,2,2,0,2, 0.000000E+00, 0.000000E+00, 0.000000E+00, 0.000000E+00, 0.000000E+00, 0.000000E+00,-5.271387E-02,-1.269178E-01,-4.448357E+01, 4.480338E+01, 0.000000E+00, 4.480338E+01, 0.000000E+00,0, 0.000000E+00,1, 0.000000E+00,0, 0.000000E+00,NULL,NULL,NULL,NULL,1, 3.350949E+01,0,data,8
47964,44861,940613,34715,94C2, 9.127600E+01,0,2,2,0,2, 0.000000E+00, 0.000000E+00, 0.000000E+00, 0.000000E+00, 0.000000E+00, 0.000000E+00, 2.394700E-02,-1.300365E-01, 2.028999E+00, 9.000381E+01, 0.000000E+00, 9.000381E+01, 0.000000E+00,NULL,NULL,NULL,NULL,0, 0.000000E+00,NULL,NULL,NULL,NULL,2, 9.000381E+01,0,data,8
47964,44862,940613,34715,94C2, 9.127600E+01,10,6,16,10,6, 4.232310E+00,-7.873903E+00,-3.235916E+01, 4.563534E+01, 4.558504E+01, 4.558504E+00,-2.516719E-01, 9.907365E-01, 2.240793E+00, 9.174166E+01, 0.000000E+00, 4.562127E+01, 4.850447E-01,0, 0.000000E+00,8, 3.722322E+01,0, 0.000000E+00,NULL,NULL,NULL,NULL,1, 0.000000E+00,0,data,8
47964,44864,940613,34715,94C2, 9.127600E+01,1,4,5,1,4,-9.590190E-01, 5.889075E-01,-1.987126E+00, 2.287942E+00, 2.283681E+00, 2.283681E+00,-1.383490E+00, 8.904961E-01,-6.279498E-01, 5.825438E+00, 2.287942E+00, 3.537496E+00, 0.000000E+00,0, 0.000000E+00,2, 8.360893E-01,0, 0.000000E+00,NULL,NULL,NULL,NULL,3, 1.485394E+00,0,data,8
47964,44869,940613,34724,94C2, 9.127600E+01,2,1,3,2,1,-2.757996E+00,-5.374753E-01,-3.149597E+00, 8.715189E+01, 8.715144E+01, 4.357572E+01,-2.625639E+00,-4.668388E-01,-3.037199E+00, 8.733935E+01, 8.715189E+01, 0.000000E+00, 1.874592E-01,2, 1.244780E+01,0, 0.000000E+00,0, 0.000000E+00,NULL,NULL,NULL,NULL,NULL,NULL,0,data,8
47964,44870,940613,34724,94C2, 9.127600E+01,0,2,2,0,2, 0.000000E+00, 0.000000E+00, 0.000000E+00, 0.000000E+00, 0.000000E+00, 0.000000E+00,-7.464099E-02, 6.617475E-02, 3.072319E-01, 9.282195E+01, 0.000000E+00, 9.282195E+01, 0.000000E+00,NULL,NULL,NULL,NULL,0, 0.000000E+00,NULL,NULL,NULL,NULL,2, 9.282195E+01,0,data,8
47964,44872,940613,34724,94C2, 9.127600E+01,0,3,3,0,3, 0.000000E+00, 0.000000E+00, 0.000000E+00, 0.000000E+00, 0.000000E+00, 0.000000E+00, 4.883034E-01, 3.627846E-01,-6.561852E+00, 8.652359E+01, 0.000000E+00, 8.652359E+01, 0.000000E+00,NULL,NULL,NULL,NULL,0, 0.000000E+00,NULL,NULL,NULL,NULL,3, 8.652359E+01,0,data,8
47964,44880,940613,34729,94C2, 9.127600E+01,2,0,2,2,0,-4.009467E-02, 1.033831E-02,-3.051448E+00, 4.193535E+00, 4.181692E+00, 2.090846E+00,-4.009467E-02, 1.033831E-02,-3.051448E+00, 4.193535E+00, 4.192179E+00, 0.000000E+00, 0.000000E+00,1, 1.207941E-01,1, 0.000000E+00,0, 0.000000E+00,NULL,NULL,NULL,NULL,NULL,NULL,0,data,8
47964,44882,940613,34729,94C2, 9.127600E+01,0,2,2,0,2, 0.000000E+00, 0.000000E+00, 0.000000E+00, 0.000000E+00, 0.000000E+00, 0.000000E+00, 1.312177E-01, 8.025694E-02,-1.518692E+00, 8.993994E+01, 0.000000E+00, 8.993994E+01, 0.000000E+00,NULL,NULL,NULL,NULL,0, 0.000000E+00,NULL,NULL,NULL,NULL,2, 8.993994E+01,0,data,8
47964,44884,940613,34729,94C2, 9.127600E+01,23,14,37,23,14,-9.719427E+00, 2.263246E+01,-1.050170E+02, 1.509666E+02, 1.505121E+02, 6.544006E+00,-6.695067E+00, 1.874215E+01,-9.675829E+01, 1.679779E+02, 3.915864E+01, 9.312828E+00, 7.682751E+00,4, 0.000000E+00,9, 5.182514E-01,0, 0.000000E+00,4, 2.600057E+00, 3.831456E-01, 9.742312E-01,NULL,NULL,1,data,8
47964,44885,940613,34733,94C2, 9.127600E+01,2,0,2,2,0, 2.551497E+02, 1.870398E+02,-9.089073E+01, 3.546791E+02, 3.546783E+02, 1.773391E+02, 2.551497E+02, 1.870398E+02,-9.089073E+01, 3.546791E+02, 0.000000E+00, 0.000000E+00, 0.000000E+00,NULL,NULL,NULL,NULL,0, 0.000000E+00,NULL,NULL,NULL,NULL,NULL,NULL,0,data,8
47964,44886,940613,34733,94C2, 9.127600E+01,0,3,3,0,3, 0.000000E+00, 0.000000E+00, 0.000000E+00, 0.000000E+00, 0.000000E+00, 0.000000E+00, 2.935326E-02, 1.363118E-01, 1.460392E+00, 9.038490E+01, 0.000000E+00, 9.038490E+01, 0.000000E+00,NULL,NULL,NULL,NULL,0, 0.000000E+00,NULL,NULL,NULL,NULL,3, 9.038490E+01,0,data,8
47964,44888,940613,34733,94C2, 9.127600E+01,0,6,6,0,6, 0.000000E+00, 0.000000E+00, 0.000000E+00, 0.000000E+00, 0.000000E+00, 0.000000E+00,-4.824720E+00,-1.427530E+00, 1.609566E+01, 2.091787E+01, 0.000000E+00, 2.091787E+01, 0.000000E+00,0, 0.000000E+00,4, 1.002012E+01,0, 0.000000E+00,NULL,NULL,NULL,NULL,NULL,NULL,0,data,8
47964,44893,940613,34735,94C2, 9.127600E+01,32,10,42,32,10, 4.433824E+00,-1.781293E+01, 2.079344E+00, 5.987270E+01, 5.937626E+01, 1.855508E+00,-1.012047E+00, 2.581055E+00,-1.373891E+00, 8.396471E+01, 5.561936E+01, 2.176996E+01, 2.322025E+00,13, 1.003284E+01,0, 0.000000E+00,0, 0.000000E+00,4, 1.858267E+01, 6.499988E-01, 1.589366E+01,1, 0.000000E+00,1,data,8
47964,44894,940613,34735,94C2, 9.127600E+01,0,2,2,0,2, 0.000000E+00, 0.000000E+00, 0.000000E+00, 0.000000E+00, 0.000000E+00, 0.000000E+00, 4.213095E-02, 9.888855E-02, 5.234566E-01, 9.493649E+01, 0.000000E+00, 9.493649E+01, 0.000000E+00,NULL,NULL,NULL,NULL,0, 0.000000E+00,NULL,NULL,NULL,NULL,2, 9.493649E+01,0,data,8
47964,44897,940613,34740,94C2, 9.127600E+01,0,2,2,0,2, 0.000000E+00, 0.000000E+00, 0.000000E+00, 0.000000E+00, 0.000000E+00, 0.000000E+00, 2.928431E-01, 5.123005E-01,-1.571112E+01, 7.954478E+01, 0.000000E+00, 7.954478E+01, 0.000000E+00,NULL,NULL,NULL,NULL,0, 0.000000E+00,NULL,NULL,NULL,NULL,2, 7.954478E+01,0,data,8
47964,44898,940613,34740,94C2, 9.127600E+01,18,7,25,18,7,-1.827759E+00,-5.185902E-01, 2.232215E+00, 1.001229E+01, 9.489266E+00, 5.271814E-01,-3.540260E+00,-1.779649E+00,-2.241503E+00, 1.652972E+01, 3.371785E+00, 3.261111E+00, 3.616003E+00,0, 0.000000E+00,2, 0.000000E+00,0, 0.000000E+00,NULL,NULL,NULL,NULL,3, 0.000000E+00,0,data,8
47964,44899,940613,34740,94C2, 9.127600E+01,66,20,86,66,20, 5.825588E+00, 3.475257E-01, 2.197364E+00, 5.509885E+01, 5.209284E+01, 7.892855E-01,-2.099232E+01,-6.104080E-01,-8.405064E-01, 9.765781E+01, 4.423505E+01, 3.844535E+01, 3.912158E+00,22, 1.857667E+01,0, 0.000000E+00,0, 0.000000E+00,14, 3.587422E+01, 3.751915E-01, 1.063420E+01,NULL,NULL,1,data,8
47964,44902,940613,34744,94C2, 9.127600E+01,2,0,2,2,0, 1.497784E+01,-1.220797E+02,-7.232339E+01, 2.460197E+02, 2.460194E+02, 1.230097E+02, 1.497784E+01,-1.220797E+02,-7.232339E+01, 2.460197E+02, 0.000000E+00, 0.000000E+00, 0.000000E+00,1, 0.000000E+00,0, 0.000000E+00,0, 0.000000E+00,NULL,NULL,NULL,NULL,NULL,NULL,0,data,8
47964,44905,940613,34744,94C2, 9.127600E+01,21,18,39,21,18,-1.161761E+01, 6.790984E+00,-4.675703E+00, 4.715776E+01, 4.679499E+01, 2.228333E+00,-2.070333E+00,-1.715232E-01,-4.198619E+00, 9.605276E+01, 4.520950E+01, 2.736497E+01, 1.970515E+01,14, 7.169063E-01,1, 0.000000E+00,0, 0.000000E+00,12, 2.442052E+01, 3.376372E-01, 4.566685E+00,NULL,NULL,1,data,8
47964,44906,940613,34745,94C2, 9.127600E+01,0,2,2,0,2, 0.000000E+00, 0.000000E+00, 0.000000E+00, 0.000000E+00, 0.000000E+00, 0.000000E+00,-8.357310E-02, 7.817721E-02, 3.094032E+00, 9.180875E+01, 0.000000E+00, 9.180875E+01, 0.000000E+00,NULL,NULL,NULL,NULL,0, 0.000000E+00,NULL,NULL,NULL,NULL,2, 9.180875E+01,0,data,8
47964,44907,940613,34745,94C2, 9.127600E+01,4,2,6,4,2,-1.415361E+01,-2.910873E+00,-1.226261E+00, 8.874798E+01, 8.872129E+01, 2.218032E+01,-1.734076E+01,-3.531139E+00,-1.474321E+00, 9.200880E+01, 8.872129E+01, 3.068385E+00, 1.924351E-01,3, 7.745119E+01,0, 0.000000E+00,0, 0.000000E+00,NULL,NULL,NULL,NULL,NULL,NULL,0,data,8
47964,44908,940613,34745,94C2, 9.127600E+01,38,25,63,38,25,-1.718672E+00, 4.708572E+00,-4.494147E+00, 5.950247E+01, 5.863722E+01, 1.543085E+00, 8.327034E-01, 4.725257E+00,-4.563623E+00, 8.841844E+01, 4.515235E+01, 1.670529E+01, 1.115353E+01,5, 7.538806E-01,18, 3.044764E+00,0, 0.000000E+00,3, 2.390274E+00, 5.065168E-01, 1.057157E+00,NULL,NULL,1,data,8
47964,44914,940613,34750,94C2, 9.127600E+01,0,2,2,0,2, 0.000000E+00, 0.000000E+00, 0.000000E+00, 0.000000E+00, 0.000000E+00, 0.000000E+00,-8.466721E-03,-2.463351E-01, 3.345287E+00, 9.313182E+01, 0.000000E+00, 9.313182E+01, 0.000000E+00,NULL,NULL,NULL,NULL,0, 0.000000E+00,NULL,NULL,NULL,NULL,2, 9.313182E+01,0,data,8
47964,44915,940613,34750,94C2, 9.127600E+01,0,3,3,0,3, 0.000000E+00, 0.000000E+00, 0.000000E+00, 0.000000E+00, 0.000000E+00, 0.000000E+00, 1.190013E-02,-2.124655E-01,-2.237648E+00, 8.948738E+01, 0.000000E+00, 8.948738E+01, 0.000000E+00,NULL,NULL,NULL,NULL,0, 0.000000E+00,NULL,NULL,NULL,NULL,3, 8.948738E+01,0,data,8
47964,44923,940613,34753,94C2, 9.127600E+01,2,0,2,2,0,-2.093687E-01,-8.685570E-01,-3.002481E-01, 9.094405E+01, 9.094362E+01, 4.547181E+01,-2.093687E-01,-8.685570E-01,-3.002481E-01, 9.094405E+01, 9.094386E+01, 0.000000E+00, 0.000000E+00,2, 3.838197E-01,0, 0.000000E+00,0, 0.000000E+00,NULL,NULL,NULL,NULL,NULL,NULL,0,data,8
47964,44924,940613,34753,94C2, 9.127600E+01,1,0,1,1,0, 4.801448E+00,-1.663577E+01,-2.276520E+01, 2.860204E+01, 2.860170E+01, 2.860170E+01, 4.801448E+00,-1.663577E+01,-2.276520E+01, 2.860204E+01, 0.000000E+00, 0.000000E+00, 0.000000E+00,NULL,NULL,NULL,NULL,0, 0.000000E+00,NULL,NULL,NULL,NULL,NULL,NULL,0,data,8
47964,44925,940613,34753,94C2, 9.127600E+01,6,6,12,6,6,-2.332608E-01,-3.150926E-01,-2.511917E+00, 4.208405E+00, 4.096246E+00, 6.827077E-01,-2.309967E-01,-4.631525E-01,-2.356281E+01, 2.535784E+01, 1.031606E+00, 2.114943E+01, 0.000000E+00,NULL,NULL,NULL,NULL,0, 0.000000E+00,NULL,NULL,NULL,NULL,5, 0.000000E+00,0,data,8
47964,44929,940613,34756,94C2, 9.127600E+01,24,11,35,24,11,-1.674606E+01, 4.469369E+00,-1.778614E+01, 4.698620E+01, 4.649326E+01, 1.937219E+00,-1.116015E+01, 3.583893E+00,-1.156499E+01, 7.751919E+01, 4.128741E+01, 2.812364E+01, 1.674034E+00,11, 1.235310E+01,1, 0.000000E+00,0, 0.000000E+00,6, 2.822461E+01, 2.575366E-01, 1.374347E+01,1, 0.000000E+00,1,data,8
47964,44930,940613,34756,94C2, 9.127600E+01,0,2,2,0,2, 0.000000E+00, 0.000000E+00, 0.000000E+00, 0.000000E+00, 0.000000E+00, 0.000000E+00,-6.927538E-02,-9.028792E-03, 1.574910E+01, 7.580331E+01, 0.000000E+00, 7.580331E+01, 0.000000E+00,NULL,NULL,NULL,NULL,0, 0.000000E+00,NULL,NULL,NULL,NULL,2, 7.580331E+01,0,data,8
47964,44935,940613,34802,94C2, 9.127600E+01,34,16,50,34,16,-2.843720E+00, 1.833654E+00,-3.057450E+00, 5.177221E+01, 5.085795E+01, 1.495822E+00,-9.799217E+00, 3.782079E+00,-1.158664E+01, 8.090817E+01, 4.869435E+01, 1.810772E+01, 4.628932E+00,10, 0.000000E+00,2, 0.000000E+00,0, 0.000000E+00,10, 2.293386E+01, 5.158861E-01, 8.459281E+00,NULL,NULL,1,data,8
47964,44944,940613,34811,94C2, 9.127600E+01,2,4,6,2,4,-3.479293E-01,-3.604010E-01, 2.379518E+00, 6.164977E+00, 6.157507E+00, 3.078753E+00,-5.583667E-01,-2.635591E+00, 1.251789E+01, 1.655988E+01, 0.000000E+00, 1.020690E+01, 1.879973E-01,0, 0.000000E+00,5, 8.709905E+01,0, 0.000000E+00,NULL,NULL,NULL,NULL,NULL,NULL,0,data,8
47964,44957,940613,34817,94C2, 9.127600E+01,44,15,59,44,15,-6.774670E+00, 1.101074E+01, 1.025546E+01, 9.978886E+01, 9.904480E+01, 2.251018E+00,-4.221784E+00, 8.120526E+00, 7.789748E+00, 1.164316E+02, 9.108900E+01, 1.173218E+01, 1.591071E+00,13, 1.277925E+00,0, 0.000000E+00,0, 0.000000E+00,10, 1.505166E+01, 3.903491E-01, 4.060272E+00,NULL,NULL,1,data,8
47964,44958,940613,34823,94C2, 9.127600E+01,0,2,2,0,2, 0.000000E+00, 0.000000E+00, 0.000000E+00, 0.000000E+00, 0.000000E+00, 0.000000E+00,-2.914548E-03, 3.143597E-02, 1.198387E-01, 9.210595E+01, 0.000000E+00, 9.210595E+01, 0.000000E+00,NULL,NULL,NULL,NULL,0, 0.000000E+00,NULL,NULL,NULL,NULL,2, 9.210595E+01,0,data,8
47964,44959,940613,34823,94C2, 9.127600E+01,0,2,2,0,2, 0.000000E+00, 0.000000E+00, 0.000000E+00, 0.000000E+00, 0.000000E+00, 0.000000E+00,-1.332295E-02, 2.124500E-02,-5.183945E-01, 9.348238E+01, 0.000000E+00, 9.348238E+01, 0.000000E+00,NULL,NULL,NULL,NULL,0, 0.000000E+00,NULL,NULL,NULL,NULL,2, 9.348238E+01,0,data,8
47964,44960,940613,34823,94C2, 9.127600E+01,0,2,2,0,2, 0.000000E+00, 0.000000E+00, 0.000000E+00, 0.000000E+00, 0.000000E+00, 0.000000E+00, 3.396897E-01, 2.039489E-02,-4.156158E+00, 9.067917E+01, 0.000000E+00, 9.067917E+01, 0.000000E+00,NULL,NULL,NULL,NULL,0, 0.000000E+00,NULL,NULL,NULL,NULL,2, 9.067917E+01,0,data,8
47964,44963,940613,34823,94C2, 9.127600E+01,2,1,3,2,1,-1.902027E+00,-1.495028E+00, 1.046841E+00, 8.859764E+01, 8.859720E+01, 4.429860E+01,-2.383232E+00,-1.602250E+00, 1.307746E+00, 8.915543E+01, 8.859741E+01, 5.577874E-01, 0.000000E+00,3, 8.135428E+01,0, 0.000000E+00,0, 0.000000E+00,1, 5.577874E-01, 5.577874E-01, 5.577874E-01,NULL,NULL,0,data,8
47964,44966,940613,34824,94C2, 9.127600E+01,0,2,2,0,2, 0.000000E+00, 0.000000E+00, 0.000000E+00, 0.000000E+00, 0.000000E+00, 0.000000E+00, 3.061008E-02,-1.794773E-02,-5.375641E+00, 8.610869E+01, 0.000000E+00, 8.610869E+01, 0.000000E+00,NULL,NULL,NULL,NULL,0, 0.000000E+00,NULL,NULL,NULL,NULL,2, 8.610869E+01,0,data,8
47964,44969,940613,34825,94C2, 9.127600E+01,26,13,39,26,13, 2.247916E-01, 2.233778E+00,-4.387625E-01, 5.348223E+01, 5.298980E+01, 2.038069E+00, 1.096033E+00, 2.250858E+00,-1.313637E+00, 7.355923E+01, 4.459104E+01, 1.461584E+01, 2.878146E-01,9, 0.000000E+00,1, 0.000000E+00,0, 0.000000E+00,8, 1.391018E+01, 9.109629E-01, 3.292709E+00,NULL,NULL,1,data,8
47964,44972,940613,34830,94C2, 9.127600E+01,3,0,3,3,0,-9.566736E-01, 4.897328E-01,-2.318456E+00, 3.021111E+00, 2.978706E+00, 9.929020E-01,-9.566736E-01, 4.897328E-01,-2.318456E+00, 3.021111E+00, 2.737873E+00, 0.000000E+00, 0.000000E+00,0, 0.000000E+00,1, 0.000000E+00,0, 0.000000E+00,NULL,NULL,NULL,NULL,NULL,NULL,0,data,8
47964,44975,940613,34831,94C2, 9.127600E+01,0,2,2,0,2, 0.000000E+00, 0.000000E+00, 0.000000E+00, 0.000000E+00, 0.000000E+00, 0.000000E+00, 1.214949E-01, 1.019158E-01, 4.906044E-01, 9.258543E+01, 0.000000E+00, 9.258543E+01, 0.000000E+00,NULL,NULL,NULL,NULL,0, 0.000000E+00,NULL,NULL,NULL,NULL,2, 9.258543E+01,0,data,8
47964,44976,940613,34831,94C2, 9.127600E+01,7,3,10,7,3,-6.286165E+00,-4.257828E+00, 3.285864E+01, 3.377732E+01, 3.375734E+01, 4.822477E+00,-3.764741E+00,-2.778870E+00, 6.916631E+01, 7.028888E+01, 0.000000E+00, 3.651156E+01, 0.000000E+00,0, 0.000000E+00,3, 1.141089E+01,0, 0.000000E+00,NULL,NULL,NULL,NULL,1, 0.000000E+00,0,data,8
47964,44977,940613,34831,94C2, 9.127600E+01,0,2,2,0,2, 0.000000E+00, 0.000000E+00, 0.000000E+00, 0.000000E+00, 0.000000E+00, 0.000000E+00,-9.421635E-02, 1.364850E-01,-1.515526E+00, 9.037502E+01, 0.000000E+00, 9.037502E+01, 0.000000E+00,NULL,NULL,NULL,NULL,0, 0.000000E+00,NULL,NULL,NULL,NULL,2, 9.037502E+01,0,data,8
47964,44980,940613,34831,94C2, 9.127600E+01,0,2,2,0,2, 0.000000E+00, 0.000000E+00, 0.000000E+00, 0.000000E+00, 0.000000E+00, 0.000000E+00,-2.697974E-02, 7.789826E-02, 1.652172E+00, 9.269710E+01, 0.000000E+00, 9.269710E+01, 0.000000E+00,NULL,NULL,NULL,NULL,0, 0.000000E+00,NULL,NULL,NULL,NULL,2, 9.269710E+01,0,data,8
47964,44982,940613,34832,94C2, 9.127600E+01,2,0,2,2,0, 1.157813E+00,-1.822641E+00, 4.134384E+00, 8.804459E+01, 8.804415E+01, 4.402208E+01, 1.157813E+00,-1.822641E+00, 4.134384E+00, 8.804459E+01, 8.804440E+01, 0.000000E+00, 0.000000E+00,0, 0.000000E+00,2, 8.199443E-01,0, 0.000000E+00,NULL,NULL,NULL,NULL,NULL,NULL,0,data,8
47964,44983,940613,34832,94C2, 9.127600E+01,26,24,50,26,24, 4.171950E-01,-8.823547E+00,-4.576972E-01, 5.967549E+01, 5.893490E+01, 2.266727E+00, 7.748125E-01,-9.528135E+00, 1.128877E-01, 1.069460E+02, 4.945396E+01, 2.609975E+01, 4.498282E+00,22, 9.626628E+00,0, 0.000000E+00,0, 0.000000E+00,18, 3.728179E+01, 3.269030E-01, 9.511745E+00,NULL,NULL,1,data,8
47964,44984,940613,34832,94C2, 9.127600E+01,27,18,45,27,18, 2.008955E+00, 3.352143E+00, 5.438160E+00, 5.218953E+01, 5.185154E+01, 1.920427E+00,-2.118553E-01,-2.828480E+00,-5.500564E+00, 7.720320E+01, 5.001363E+01, 2.296451E+01, 1.658076E+00,4, 0.000000E+00,11, 3.182048E+00,0, 0.000000E+00,4, 4.187800E+00, 3.296408E-01, 2.551706E+00,NULL,NULL,1,data,8
47964,44987,940613,34834,94C2, 9.127600E+01,4,0,4,4,0,-1.374578E+00, 1.076052E+00,-7.924944E+00, 1.570717E+01, 1.569675E+01, 3.924186E+00,-1.374578E+00, 1.076052E+00,-7.924944E+00, 1.570717E+01, 0.000000E+00, 0.000000E+00, 0.000000E+00,0, 0.000000E+00,2, 4.792031E+01,0, 0.000000E+00,NULL,NULL,NULL,NULL,NULL,NULL,0,data,8
47964,44988,940613,34834,94C2, 9.127600E+01,4,2,6,4,2, 6.707322E+00,-1.262007E+00,-5.071364E+00, 8.959203E+00, 8.877165E+00, 2.219291E+00, 6.806612E+00,-1.300603E+00,-5.774363E+00, 1.139403E+01, 0.000000E+00, 2.434824E+00, 0.000000E+00,NULL,NULL,NULL,NULL,0, 0.000000E+00,NULL,NULL,NULL,NULL,2, 0.000000E+00,0,data,8
47964,44996,940613,34838,94C2, 9.127600E+01,6,2,8,6,2,-5.695093E-01, 1.108075E+00, 1.337700E+00, 2.651370E+00, 2.476142E+00, 4.126904E-01,-6.073564E-01, 1.223017E+00, 2.268297E+00, 3.651715E+00, 0.000000E+00, 1.000345E+00, 0.000000E+00,1, 0.000000E+00,0, 0.000000E+00,0, 0.000000E+00,NULL,NULL,NULL,NULL,1, 0.000000E+00,0,data,8
47964,45000,940613,34842,94C2, 9.127600E+01,1,1,2,1,1, 8.772732E-01,-4.338288E+00, 7.172585E+00, 8.429461E+00, 8.428305E+00, 8.428305E+00,-1.694692E-01, 3.756142E-02, 4.493712E+01, 4.646107E+01, 8.442750E+00, 3.803162E+01, 0.000000E+00,0, 0.000000E+00,1, 3.040018E+00,0, 0.000000E+00,NULL,NULL,NULL,NULL,1, 0.000000E+00,0,data,8
47964,45007,940613,34847,94C2, 9.127600E+01,0,2,2,0,2, 0.000000E+00, 0.000000E+00, 0.000000E+00, 0.000000E+00, 0.000000E+00, 0.000000E+00, 2.004930E-01,-1.532617E-01, 3.000511E+00, 8.945940E+01, 0.000000E+00, 8.945940E+01, 0.000000E+00,NULL,NULL,NULL,NULL,0, 0.000000E+00,NULL,NULL,NULL,NULL,2, 8.945940E+01,0,data,8
47964,45009,940613,34847,94C2, 9.127600E+01,2,0,2,2,0, 3.369260E-02, 1.005917E-01, 3.025508E-02, 9.944341E+00, 9.940422E+00, 4.970211E+00, 3.369260E-02, 1.005917E-01, 3.025508E-02, 9.944341E+00, 0.000000E+00, 0.000000E+00, 0.000000E+00,NULL,NULL,NULL,NULL,0, 0.000000E+00,NULL,NULL,NULL,NULL,NULL,NULL,0,data,8
47964,45014,940613,34851,94C2, 9.127600E+01,0,2,2,0,2, 0.000000E+00, 0.000000E+00, 0.000000E+00, 0.000000E+00, 0.000000E+00, 0.000000E+00, 4.300356E-02, 1.049571E-01,-1.504456E+00, 8.915643E+01, 0.000000E+00, 8.915643E+01, 0.000000E+00,NULL,NULL,NULL,NULL,0, 0.000000E+00,NULL,NULL,NULL,NULL,2, 8.915643E+01,0,data,8
47964,45016,940613,34851,94C2, 9.127600E+01,0,2,2,0,2, 0.000000E+00, 0.000000E+00, 0.000000E+00, 0.000000E+00, 0.000000E+00, 0.000000E+00, 1.464437E-01,-1.078764E-01, 2.891472E+00, 9.198140E+01, 0.000000E+00, 9.198140E+01, 0.000000E+00,NULL,NULL,NULL,NULL,0, 0.000000E+00,NULL,NULL,NULL,NULL,2, 9.198140E+01,0,data,8
47964,45017,940613,34851,94C2, 9.127600E+01,2,1,3,2,1, 3.977553E+01, 1.727760E+02, 9.137418E+01, 3.171649E+02, 3.171647E+02, 1.585823E+02, 3.964679E+01, 1.721771E+02, 9.106644E+01, 3.178504E+02, 0.000000E+00, 0.000000E+00, 0.000000E+00,2, 5.846950E-02,0, 0.000000E+00,0, 0.000000E+00,1, 6.855911E-01, 6.855911E-01, 6.855911E-01,NULL,NULL,0,data,8
47964,45019,940613,34851,94C2, 9.127600E+01,25,12,37,25,12,-2.253935E+00,-8.310831E+00, 1.319775E+01, 3.638913E+01, 3.567797E+01, 1.427119E+00,-1.923231E+00,-5.146572E+00, 7.280168E+00, 5.499144E+01, 3.169952E+01, 1.553214E+01, 2.397408E+00,4, 1.495298E-01,11, 1.497782E+00,0, 0.000000E+00,3, 2.555834E+00, 6.311375E-01, 1.251945E+00,1, 0.000000E+00,1,data,8
47964,45020,940613,34858,94C2, 9.127600E+01,0,2,2,0,2, 0.000000E+00, 0.000000E+00, 0.000000E+00, 0.000000E+00, 0.000000E+00, 0.000000E+00, 2.875955E-01,-5.908341E-01, 4.917610E+00, 9.075094E+01, 0.000000E+00, 9.075094E+01, 0.000000E+00,NULL,NULL,NULL,NULL,0, 0.000000E+00,NULL,NULL,NULL,NULL,2, 9.075094E+01,0,data,8
47964,45032,940613,34902,94C2, 9.127600E+01,0,2,2,0,2, 0.000000E+00, 0.000000E+00, 0.000000E+00, 0.000000E+00, 0.000000E+00, 0.000000E+00,-2.943492E-02, 2.202821E-02,-7.388611E-01, 9.508930E+01, 0.000000E+00, 9.508930E+01, 0.000000E+00,NULL,NULL,NULL,NULL,0, 0.000000E+00,NULL,NULL,NULL,NULL,2, 9.508930E+01,0,data,8
47964,45033,940613,34902,94C2, 9.127600E+01,24,9,33,24,9,-2.494195E-02,-8.900173E+00, 4.425699E+00, 1.936370E+01, 1.860175E+01, 7.750729E-01, 1.043635E+00,-7.532697E+00, 2.194692E+01, 3.775064E+01, 5.396182E+00, 1.707824E+01, 1.308710E+00,0, 0.000000E+00,3, 0.000000E+00,0, 0.000000E+00,NULL,NULL,NULL,NULL,4, 0.000000E+00,0,data,8
47964,45037,940613,34904,94C2, 9.127600E+01,37,21,58,37,21, 2.867897E-01, 1.040998E+00,-9.832172E-01, 6.267873E+01, 6.207940E+01, 1.677822E+00, 3.233817E+00, 3.877390E-01, 3.694667E+00, 8.773730E+01, 5.745548E+01, 1.860833E+01, 5.427096E-01,17, 6.027567E+00,4, 0.000000E+00,0, 0.000000E+00,11, 1.888593E+01, 6.167356E-01, 4.181852E+00,NULL,NULL,1,data,8
47964,45042,940613,34907,94C2, 9.127600E+01,2,0,2,2,0, 6.575725E+01,-1.021410E+01,-1.017330E+01, 1.234759E+02, 1.234755E+02, 6.173774E+01, 6.575725E+01,-1.021410E+01,-1.017330E+01, 1.234759E+02, 0.000000E+00, 0.000000E+00, 0.000000E+00,NULL,NULL,NULL,NULL,0, 0.000000E+00,NULL,NULL,NULL,NULL,NULL,NULL,0,data,8
47964,45044,940613,34907,94C2, 9.127600E+01,18,20,38,18,20, 1.315108E+01,-5.574388E+00, 4.886865E+00, 4.371687E+01, 4.354278E+01, 2.419044E+00,-8.581334E+00, 1.206539E+00,-5.052385E+00, 7.859059E+01, 4.418520E+01, 3.022747E+01, 4.646252E+00,18, 7.723509E+00,1, 0.000000E+00,0, 0.000000E+00,15, 3.002658E+01, 5.657074E-01, 7.205842E+00,NULL,NULL,1,data,8
47964,45052,940613,34917,94C2, 9.127600E+01,2,4,6,2,4,-1.254676E+00,-1.097354E+00, 7.183881E+00, 9.452172E+00, 9.441661E+00, 4.720830E+00, 4.787986E+00, 5.963753E+00,-3.185513E+01, 4.958615E+01, 0.000000E+00, 4.013398E+01, 0.000000E+00,0, 0.000000E+00,5, 4.858003E+01,0, 0.000000E+00,NULL,NULL,NULL,NULL,NULL,NULL,0,data,8
47964,45060,940613,34920,94C2, 9.127600E+01,20,8,28,20,8,-3.155119E-02,-1.410085E+00, 1.571257E+01, 7.076588E+01, 7.036157E+01, 3.518079E+00, 1.948669E-01,-1.979211E+00, 1.612420E+01, 7.511995E+01, 2.769927E+01, 4.354063E+00, 0.000000E+00,2, 0.000000E+00,8, 4.984138E+00,0, 0.000000E+00,2, 1.218687E+00, 3.935024E-01, 8.251851E-01,2, 0.000000E+00,1,data,8
47964,45062,940613,34920,94C2, 9.127600E+01,7,2,9,7,2, 4.857517E-01,-1.101402E+00,-4.059403E-01, 3.143711E+00, 2.932611E+00, 4.189444E-01, 3.247933E-01,-9.164941E-01,-3.565832E-01, 3.754390E+00, 2.351831E+00, 2.474288E-01, 0.000000E+00,1, 0.000000E+00,0, 0.000000E+00,0, 0.000000E+00,1, 3.632509E-01, 3.632509E-01, 3.632509E-01,NULL,NULL,0,data,8
47964,45065,940613,34922,94C2, 9.127600E+01,0,2,2,0,2, 0.000000E+00, 0.000000E+00, 0.000000E+00, 0.000000E+00, 0.000000E+00, 0.000000E+00, 6.422949E-02, 4.979706E-02, 7.404289E-01, 9.016917E+01, 0.000000E+00, 9.016917E+01, 0.000000E+00,NULL,NULL,NULL,NULL,0, 0.000000E+00,NULL,NULL,NULL,NULL,2, 9.016917E+01,0,data,8
47964,45067,940613,34922,94C2, 9.127600E+01,26,19,45,26,19,-2.474635E+00, 2.085619E+00, 9.067116E+00, 6.030297E+01, 5.997047E+01, 2.306557E+00, 2.864800E-01, 1.360068E-02, 5.844666E-01, 8.046323E+01, 5.363809E+01, 1.520948E+01, 4.954407E+00,3, 0.000000E+00,15, 3.496334E+00,0, 0.000000E+00,3, 1.471367E+00, 3.629189E-01, 6.284326E-01,NULL,NULL,1,data,8
47964,45068,940613,34926,94C2, 9.127600E+01,0,4,4,0,4, 0.000000E+00, 0.000000E+00, 0.000000E+00, 0.000000E+00, 0.000000E+00, 0.000000E+00,-7.242948E+00, 4.896677E-01,-1.125708E+01, 1.697091E+01, 0.000000E+00, 1.697091E+01, 0.000000E+00,0, 0.000000E+00,2, 7.664439E+00,0, 0.000000E+00,NULL,NULL,NULL,NULL,NULL,NULL,0,data,8
47964,45072,940613,34926,94C2, 9.127600E+01,0,2,2,0,2, 0.000000E+00, 0.000000E+00, 0.000000E+00, 0.000000E+00, 0.000000E+00, 0.000000E+00,-1.511061E-02, 2.416635E-02,-8.255424E-01, 9.521315E+01, 0.000000E+00, 9.521315E+01, 0.000000E+00,NULL,NULL,NULL,NULL,0, 0.000000E+00,NULL,NULL,NULL,NULL,2, 9.521315E+01,0,data,8
47964,45078,940613,34930,94C2, 9.127600E+01,0,2,2,0,2, 0.000000E+00, 0.000000E+00, 0.000000E+00, 0.000000E+00, 0.000000E+00, 0.000000E+00,-1.090254E-01, 1.764156E-02, 3.365033E+00, 4.108134E+00, 0.000000E+00, 4.108134E+00, 0.000000E+00,NULL,NULL,NULL,NULL,0, 0.000000E+00,NULL,NULL,NULL,NULL,2, 4.108134E+00,0,data,8
47964,45082,940613,34930,94C2, 9.127600E+01,2,0,2,2,0, 2.546386E+01,-7.087237E+00,-1.655428E+01, 5.627762E+01, 5.627662E+01, 2.813831E+01, 2.546386E+01,-7.087237E+00,-1.655428E+01, 5.627762E+01, 5.627739E+01, 0.000000E+00, 0.000000E+00,2, 8.202890E+01,0, 0.000000E+00,0, 0.000000E+00,NULL,NULL,NULL,NULL,NULL,NULL,0,data,8
47964,45086,940613,34935,94C2, 9.127600E+01,0,2,2,0,2, 0.000000E+00, 0.000000E+00, 0.000000E+00, 0.000000E+00, 0.000000E+00, 0.000000E+00, 1.657506E-01,-7.290399E-02,-4.877800E+00, 8.304212E+01, 0.000000E+00, 8.304212E+01, 0.000000E+00,NULL,NULL,NULL,NULL,0, 0.000000E+00,NULL,NULL,NULL,NULL,2, 8.304212E+01,0,data,8
47964,45087,940613,34935,94C2, 9.127600E+01,2,1,3,2,1, 1.761243E+00, 1.709634E+00,-2.250412E+00, 1.363494E+01, 1.363190E+01, 6.815952E+00, 1.907018E+00, 1.489998E+00,-2.704382E+00, 1.415990E+01, 5.166464E+00, 5.249566E-01, 0.000000E+00,0, 0.000000E+00,1, 0.000000E+00,0, 0.000000E+00,NULL,NULL,NULL,NULL,NULL,NULL,0,data,8
47964,45089,940613,34935,94C2, 9.127600E+01,0,2,2,0,2, 0.000000E+00, 0.000000E+00, 0.000000E+00, 0.000000E+00, 0.000000E+00, 0.000000E+00, 1.538279E-01,-4.560351E-03,-1.362507E+00, 9.289962E+01, 0.000000E+00, 9.289962E+01, 0.000000E+00,NULL,NULL,NULL,NULL,0, 0.000000E+00,NULL,NULL,NULL,NULL,2, 9.289962E+01,0,data,8
47964,45090,940613,34935,94C2, 9.127600E+01,10,8,18,10,8,-2.460801E+00,-3.190917E+00, 6.265936E+00, 2.435875E+01, 2.419198E+01, 2.419198E+00,-1.802294E+00,-1.813193E+00, 2.719661E+00, 7.136839E+01, 2.032318E+01, 2.400964E+01, 2.269659E+01,1, 0.000000E+00,6, 1.370588E+00,0, 0.000000E+00,1, 3.034145E-01, 3.034145E-01, 3.034145E-01,NULL,NULL,0,data,8
47964,45092,940613,34937,94C2, 9.127600E+01,3,2,5,3,2,-6.834178E-01,-2.935300E-01,-5.688942E+00, 9.974046E+01, 9.973933E+01, 3.324644E+01,-3.302467E+00,-7.378492E-01,-7.653933E+00, 1.030706E+02, 8.497032E+01, 3.330155E+00, 0.000000E+00,1, 0.000000E+00,3, 8.607353E+01,0, 0.000000E+00,1, 3.034408E+00, 3.034408E+00, 3.034408E+00,NULL,NULL,0,data,8
47964,45095,940613,34937,94C2, 9.127600E+01,3,1,4,3,1,-6.855660E+00, 9.486584E+00,-2.914431E+01, 3.142681E+01, 3.142048E+01, 1.047349E+01,-4.285512E+00, 6.324648E+00, 1.620709E+01, 7.696090E+01, 2.947058E+01, 4.553409E+01, 0.000000E+00,0, 0.000000E+00,1, 8.103877E+00,0, 0.000000E+00,NULL,NULL,NULL,NULL,1, 0.000000E+00,0,data,8
47964,45096,940613,34937,94C2, 9.127600E+01,2,1,3,2,1, 2.343002E+00, 5.573332E+00, 1.590576E+00, 2.578579E+01, 2.578418E+01, 1.289209E+01, 2.449523E+00, 8.827238E+00, 2.913187E+00, 2.929984E+01, 0.000000E+00, 3.514050E+00, 0.000000E+00,1, 0.000000E+00,0, 0.000000E+00,0, 0.000000E+00,NULL,NULL,NULL,NULL,NULL,NULL,0,data,8
47964,45098,940613,34943,94C2, 9.127600E+01,0,2,2,0,2, 0.000000E+00, 0.000000E+00, 0.000000E+00, 0.000000E+00, 0.000000E+00, 0.000000E+00, 1.277945E-01, 3.024960E-01, 3.101219E+00, 9.032511E+01, 0.000000E+00, 9.032511E+01, 0.000000E+00,NULL,NULL,NULL,NULL,0, 0.000000E+00,NULL,NULL,NULL,NULL,2, 9.032511E+01,0,data,8
47964,45100,940613,34943,94C2, 9.127600E+01,0,2,2,0,2, 0.000000E+00, 0.000000E+00, 0.000000E+00, 0.000000E+00, 0.000000E+00, 0.000000E+00, 8.456469E-03,-2.006578E-02,-5.908852E-01, 9.333436E+01, 0.000000E+00, 9.333436E+01, 0.000000E+00,NULL,NULL,NULL,NULL,0, 0.000000E+00,NULL,NULL,NULL,NULL,2, 9.333436E+01,0,data,8
47964,45106,940613,34943,94C2, 9.127600E+01,28,9,37,28,9, 1.473904E+00, 9.377075E-01, 2.057898E+00, 8.491811E+01, 8.432353E+01, 3.011555E+00, 1.102087E-01,-6.643864E+00,-8.840569E+00, 9.888988E+01, 7.925524E+01, 3.595297E+00, 9.724004E+00,1, 0.000000E+00,9, 1.997886E+00,0, 0.000000E+00,1, 6.535586E-01, 6.535586E-01, 6.535586E-01,NULL,NULL,1,data,8
47964,45108,940613,34947,94C2, 9.127600E+01,0,2,2,0,2, 0.000000E+00, 0.000000E+00, 0.000000E+00, 0.000000E+00, 0.000000E+00, 0.000000E+00,-7.600999E-02, 6.186241E-02,-3.891579E+00, 8.894043E+01, 0.000000E+00, 8.894043E+01, 0.000000E+00,NULL,NULL,NULL,NULL,0, 0.000000E+00,NULL,NULL,NULL,NULL,2, 8.894043E+01,0,data,8
47964,45112,940613,34947,94C2, 9.127600E+01,0,4,4,0,4, 0.000000E+00, 0.000000E+00, 0.000000E+00, 0.000000E+00, 0.000000E+00, 0.000000E+00,-1.753052E+00, 3.542097E+00, 1.245981E+01, 1.626775E+01, 0.000000E+00, 1.626775E+01, 0.000000E+00,0, 0.000000E+00,2, 9.295866E+00,0, 0.000000E+00,NULL,NULL,NULL,NULL,NULL,NULL,0,data,8
47964,45121,940613,34951,94C2, 9.127600E+01,0,3,3,0,3, 0.000000E+00, 0.000000E+00, 0.000000E+00, 0.000000E+00, 0.000000E+00, 0.000000E+00,-1.214261E+01,-9.434295E+00,-5.061990E+00, 1.679352E+01, 0.000000E+00, 1.679352E+01, 0.000000E+00,NULL,NULL,NULL,NULL,0, 0.000000E+00,NULL,NULL,NULL,NULL,NULL,NULL,0,data,8
47964,45127,940613,34958,94C2, 9.127600E+01,0,2,2,0,2, 0.000000E+00, 0.000000E+00, 0.000000E+00, 0.000000E+00, 0.000000E+00, 0.000000E+00, 1.973677E-01,-1.730895E-02, 1.009560E-01, 9.158386E+01, 0.000000E+00, 9.158386E+01, 0.000000E+00,NULL,NULL,NULL,NULL,0, 0.000000E+00,NULL,NULL,NULL,NULL,2, 9.158386E+01,0,data,8
47964,45133,940613,35003,94C2, 9.127600E+01,0,5,5,0,5, 0.000000E+00, 0.000000E+00, 0.000000E+00, 0.000000E+00, 0.000000E+00, 0.000000E+00, 5.679823E+00, 7.506400E+00, 2.778912E+01, 3.802621E+01, 0.000000E+00, 3.802621E+01, 0.000000E+00,4, 7.390806E+00,0, 0.000000E+00,0, 0.000000E+00,4, 9.336032E+00, 4.504235E-01, 7.155440E+00,1, 2.869018E+01,0,data,8
47964,45134,940613,35003,94C2, 9.127600E+01,0,2,2,0,2, 0.000000E+00, 0.000000E+00, 0.000000E+00, 0.000000E+00, 0.000000E+00, 0.000000E+00,-8.827418E-03, 3.258586E-02,-3.955078E-01, 9.107956E+01, 0.000000E+00, 9.107956E+01, 0.000000E+00,NULL,NULL,NULL,NULL,0, 0.000000E+00,NULL,NULL,NULL,NULL,2, 9.107956E+01,0,data,8
47964,45135,940613,35003,94C2, 9.127600E+01,0,2,2,0,2, 0.000000E+00, 0.000000E+00, 0.000000E+00, 0.000000E+00, 0.000000E+00, 0.000000E+00,-4.948962E-02, 2.862942E-02,-4.892139E+00, 8.627681E+01, 0.000000E+00, 8.627681E+01, 0.000000E+00,NULL,NULL,NULL,NULL,0, 0.000000E+00,NULL,NULL,NULL,NULL,2, 8.627681E+01,0,data,8
47964,45141,940613,35007,94C2, 9.127600E+01,0,2,2,0,2, 0.000000E+00, 0.000000E+00, 0.000000E+00, 0.000000E+00, 0.000000E+00, 0.000000E+00, 1.094215E-01, 5.081296E-02,-8.455086E-01, 9.316708E+01, 0.000000E+00, 9.316708E+01, 0.000000E+00,NULL,NULL,NULL,NULL,0, 0.000000E+00,NULL,NULL,NULL,NULL,2, 9.316708E+01,0,data,8
47964,45147,940613,35007,94C2, 9.127600E+01,29,4,33,29,4,-1.103200E+01,-7.345336E-01, 1.666543E+00, 7.736613E+01, 7.684678E+01, 2.649889E+00,-4.535635E+00,-5.702683E-01, 5.817169E-01, 8.410332E+01, 7.659290E+01, 5.752119E+00, 3.790366E-01,13, 7.664276E-01,0, 0.000000E+00,0, 0.000000E+00,3, 6.358160E+00, 4.542003E-01, 5.297918E+00,NULL,NULL,1,data,8
47964,45148,940613,35009,94C2, 9.127600E+01,19,8,27,19,8,-1.663128E+00, 9.061838E-01, 2.201727E+00, 7.299011E+01, 7.279648E+01, 3.831393E+00,-1.005280E+00, 8.865571E-02, 1.029537E+00, 8.201833E+01, 7.096734E+01, 6.058323E+00, 2.850490E-01,11, 2.994402E+00,0, 0.000000E+00,0, 0.000000E+00,6, 8.743163E+00, 8.229825E-01, 2.684840E+00,NULL,NULL,1,data,8
47964,45155,940613,35013,94C2, 9.127600E+01,2,1,3,2,1, 1.644077E+00,-2.575297E+00, 1.853772E-01, 3.080966E+01, 3.080838E+01, 1.540419E+01, 1.582903E+00,-2.598322E+00, 7.514516E-02, 3.093781E+01, 3.080911E+01, 1.281540E-01, 0.000000E+00,NULL,NULL,NULL,NULL,0, 0.000000E+00,NULL,NULL,NULL,NULL,NULL,NULL,0,data,8
47964,45158,940613,35013,94C2, 9.127600E+01,0,28,28,0,28, 0.000000E+00, 0.000000E+00, 0.000000E+00, 0.000000E+00, 0.000000E+00, 0.000000E+00, 3.704949E+00,-2.597276E+00,-3.879179E+01, 4.066871E+01, 0.000000E+00, 4.066871E+01, 0.000000E+00,0, 0.000000E+00,28, 4.066871E+01,0, 0.000000E+00,NULL,NULL,NULL,NULL,NULL,NULL,0,data,8
47964,45165,940613,35016,94C2, 9.127600E+01,1,4,5,1,4,-5.944483E-01, 1.281794E-01,-2.682001E+00, 2.753618E+00, 2.750078E+00, 2.750078E+00, 6.626980E+00,-4.928314E+00, 3.719413E+01, 4.686909E+01, 0.000000E+00, 4.411547E+01, 0.000000E+00,0, 0.000000E+00,4, 8.200958E+01,0, 0.000000E+00,NULL,NULL,NULL,NULL,1, 0.000000E+00,0,data,8
47964,45172,940613,35022,94C2, 9.127600E+01,1,3,4,1,3,-4.264587E-01,-6.749731E-01, 2.244304E+00, 2.386176E+00, 2.382091E+00, 2.382091E+00, 2.090415E-01, 6.050950E-01, 4.396386E+01, 4.429509E+01, 0.000000E+00, 4.190892E+01, 0.000000E+00,0, 0.000000E+00,3, 3.360037E+00,0, 0.000000E+00,NULL,NULL,NULL,NULL,1, 0.000000E+00,0,data,8
47964,45189,940613,35032,94C2, 9.127600E+01,0,2,2,0,2, 0.000000E+00, 0.000000E+00, 0.000000E+00, 0.000000E+00, 0.000000E+00, 0.000000E+00,-3.353953E-02, 4.631042E-03, 1.088100E+00, 9.132220E+01, 0.000000E+00, 9.132220E+01, 0.000000E+00,NULL,NULL,NULL,NULL,0, 0.000000E+00,NULL,NULL,NULL,NULL,2, 9.132220E+01,0,data,8
47964,45193,940613,35034,94C2, 9.127600E+01,0,2,2,0,2, 0.000000E+00, 0.000000E+00, 0.000000E+00, 0.000000E+00, 0.000000E+00, 0.000000E+00, 4.732711E-01,-1.719020E-01,-1.093049E+01, 7.845291E+01, 0.000000E+00, 7.845291E+01, 0.000000E+00,NULL,NULL,NULL,NULL,0, 0.000000E+00,NULL,NULL,NULL,NULL,2, 7.845291E+01,0,data,8
47964,45196,940613,35034,94C2, 9.127600E+01,1,1,2,1,1, 1.146357E-01,-4.137713E-01,-2.113908E+00, 2.161581E+00, 2.157071E+00, 2.157071E+00,-4.459390E-01, 1.030329E+00,-3.084282E+01, 3.093222E+01, 0.000000E+00, 2.877064E+01, 0.000000E+00,0, 0.000000E+00,1, 6.445499E+00,0, 0.000000E+00,NULL,NULL,NULL,NULL,1, 0.000000E+00,0,data,8
47964,45197,940613,35034,94C2, 9.127600E+01,0,2,2,0,2, 0.000000E+00, 0.000000E+00, 0.000000E+00, 0.000000E+00, 0.000000E+00, 0.000000E+00,-1.810956E-01, 3.893161E-02, 1.547993E+00, 9.917949E+01, 0.000000E+00, 9.917949E+01, 0.000000E+00,NULL,NULL,NULL,NULL,0, 0.000000E+00,NULL,NULL,NULL,NULL,2, 9.917949E+01,0,data,8
47964,45198,940613,35034,94C2, 9.127600E+01,5,2,7,5,2,-1.381056E+00,-6.588293E-01,-3.143829E+00, 4.720377E+00, 4.645479E+00, 9.290957E-01,-2.224067E+00,-9.282975E-01,-2.423387E+01, 2.582944E+01, 0.000000E+00, 2.110906E+01, 0.000000E+00,NULL,NULL,NULL,NULL,0, 0.000000E+00,NULL,NULL,NULL,NULL,2, 0.000000E+00,0,data,8
47964,45201,940613,35039,94C2, 9.127600E+01,0,2,2,0,2, 0.000000E+00, 0.000000E+00, 0.000000E+00, 0.000000E+00, 0.000000E+00, 0.000000E+00, 4.834044E-02, 5.333269E-02,-3.663712E-01, 9.124782E+01, 0.000000E+00, 9.124782E+01, 0.000000E+00,NULL,NULL,NULL,NULL,0, 0.000000E+00,NULL,NULL,NULL,NULL,2, 9.124782E+01,0,data,8
47964,45210,940613,35046,94C2, 9.127600E+01,16,5,21,16,5,-1.375534E+01, 1.290909E+01,-4.337951E+00, 7.413650E+01, 7.384732E+01, 4.615458E+00,-2.004405E+01, 1.455064E+01,-6.971100E+00, 8.306379E+01, 3.470578E+01, 3.696724E+00, 5.230564E+00,7, 2.040731E-01,0, 0.000000E+00,0, 0.000000E+00,3, 3.445512E+00, 8.731076E-01, 1.297691E+00,NULL,NULL,1,data,8
47964,45211,940613,35046,94C2, 9.127600E+01,0,5,5,0,5, 0.000000E+00, 0.000000E+00, 0.000000E+00, 0.000000E+00, 0.000000E+00, 0.000000E+00, 2.262245E-01, 2.066467E-01, 2.440464E+00, 8.964362E+01, 0.000000E+00, 8.964362E+01, 0.000000E+00,NULL,NULL,NULL,NULL,0, 0.000000E+00,NULL,NULL,NULL,NULL,5, 8.964362E+01,0,data,8
47964,45212,940613,35046,94C2, 9.127600E+01,0,2,2,0,2, 0.000000E+00, 0.000000E+00, 0.000000E+00, 0.000000E+00, 0.000000E+00, 0.000000E+00, 6.559169E-02, 1.007959E-01,-1.888313E-01, 9.107472E+01, 0.000000E+00, 9.107472E+01, 0.000000E+00,NULL,NULL,NULL,NULL,0, 0.000000E+00,NULL,NULL,NULL,NULL,2, 9.107472E+01,0,data,8
47964,45216,940613,35046,94C2, 9.127600E+01,0,2,2,0,2, 0.000000E+00, 0.000000E+00, 0.000000E+00, 0.000000E+00, 0.000000E+00, 0.000000E+00, 2.539468E-02,-2.017468E-02,-5.986023E-02, 9.216700E+01, 0.000000E+00, 9.216700E+01, 0.000000E+00,NULL,NULL,NULL,NULL,0, 0.000000E+00,NULL,NULL,NULL,NULL,2, 9.216700E+01,0,data,8
47964,45219,940613,35047,94C2, 9.127600E+01,0,2,2,0,2, 0.000000E+00, 0.000000E+00, 0.000000E+00, 0.000000E+00, 0.000000E+00, 0.000000E+00,-5.735517E-03, 5.803132E-02, 9.405174E-01, 9.426816E+01, 0.000000E+00, 9.426816E+01, 0.000000E+00,NULL,NULL,NULL,NULL,0, 0.000000E+00,NULL,NULL,NULL,NULL,2, 9.426816E+01,0,data,8
47964,45224,940613,35047,94C2, 9.127600E+01,25,13,38,25,13, 4.699655E+00,-6.432373E+00,-1.318384E+00, 3.786641E+01, 3.730131E+01, 1.492052E+00, 1.043316E+01,-8.278151E+00, 2.227068E+00, 7.363538E+01, 2.475377E+01, 2.488140E+01, 9.600781E+00,15, 1.017164E+00,0, 0.000000E+00,0, 0.000000E+00,10, 2.598322E+01, 5.960472E-01, 6.081222E+00,NULL,NULL,1,data,8
47964,45225,940613,35047,94C2, 9.127600E+01,15,14,29,15,14,-8.099970E+00,-1.602518E+00, 2.234131E+00, 5.731264E+01, 5.712796E+01, 3.808531E+00,-1.358222E+01,-2.533344E+00, 8.319382E+00, 7.306580E+01, 5.683417E+01, 1.369185E+01, 7.783513E-01,12, 1.158508E+01,0, 0.000000E+00,0, 0.000000E+00,6, 9.439272E+00, 5.417726E-01, 4.357126E+00,5, 0.000000E+00,1,data,8
47964,45228,940613,35050,94C2, 9.127600E+01,3,0,3,3,0,-2.792501E+00, 1.113909E+01,-6.728183E+00, 2.388889E+01, 2.388438E+01, 7.961462E+00,-2.792501E+00, 1.113909E+01,-6.728183E+00, 2.388889E+01, 0.000000E+00, 0.000000E+00, 0.000000E+00,1, 4.983010E-02,0, 0.000000E+00,0, 0.000000E+00,NULL,NULL,NULL,NULL,NULL,NULL,0,data,8
47964,45229,940613,35050,94C2, 9.127600E+01,0,1,1,0,1, 0.000000E+00, 0.000000E+00, 0.000000E+00, 0.000000E+00, 0.000000E+00, 0.000000E+00,-2.041967E-02,-4.431973E-02,-1.115935E+00, 1.117001E+00, 0.000000E+00, 1.117001E+00, 0.000000E+00,NULL,NULL,NULL,NULL,0, 0.000000E+00,NULL,NULL,NULL,NULL,1, 1.117001E+00,0,data,8
47964,45235,940613,35054,94C2, 9.127600E+01,0,0,0,0,0, 0.000000E+00, 0.000000E+00, 0.000000E+00, 0.000000E+00, 0.000000E+00, 0.000000E+00, 0.000000E+00, 0.000000E+00, 0.000000E+00, 0.000000E+00, 0.000000E+00, 0.000000E+00, 0.000000E+00,NULL,NULL,NULL,NULL,0, 0.000000E+00,NULL,NULL,NULL,NULL,NULL,NULL,0,data,8
47964,45237,940613,35055,94C2, 9.127600E+01,0,2,2,0,2, 0.000000E+00, 0.000000E+00, 0.000000E+00, 0.000000E+00, 0.000000E+00, 0.000000E+00, 1.139927E-01, 4.884660E-03,-8.262062E-01, 9.250429E+01, 0.000000E+00, 9.250429E+01, 0.000000E+00,NULL,NULL,NULL,NULL,0, 0.000000E+00,NULL,NULL,NULL,NULL,2, 9.250429E+01,0,data,8
47964,45238,940613,35055,94C2, 9.127600E+01,35,16,51,35,16,-4.352384E-01,-5.255185E+00, 1.202273E+00, 4.294690E+01, 4.157660E+01, 1.187903E+00, 4.117326E+00, 4.802840E-01,-7.317945E-02, 1.025144E+02, 3.850740E+01, 4.729117E+01, 9.302469E+00,18, 1.247164E+00,0, 0.000000E+00,0, 0.000000E+00,14, 4.683846E+01, 4.905673E-01, 2.221301E+01,NULL,NULL,1,data,8
47964,45240,940613,35057,94C2, 9.127600E+01,0,2,2,0,2, 0.000000E+00, 0.000000E+00, 0.000000E+00, 0.000000E+00, 0.000000E+00, 0.000000E+00, 5.979192E-02, 1.083810E-01, 1.476963E+00, 8.984190E+01, 0.000000E+00, 8.984190E+01, 0.000000E+00,NULL,NULL,NULL,NULL,0, 0.000000E+00,NULL,NULL,NULL,NULL,2, 8.984190E+01,0,data,8
47964,45242,940613,35057,94C2, 9.127600E+01,31,17,48,31,17, 6.626626E+00,-5.859220E+00,-4.158122E+01, 9.958186E+01, 9.899503E+01, 3.193388E+00, 8.352623E+00,-5.548681E+00,-4.302627E+01, 1.204340E+02, 3.198601E+01, 1.975134E+01, 4.287608E-01,1, 0.000000E+00,18, 8.505301E+00,0, 0.000000E+00,1, 6.720179E-01, 6.720179E-01, 6.720179E-01,1, 0.000000E+00,1,data,8
47964,45247,940613,35102,94C2, 9.127600E+01,21,12,33,21,12, 5.015396E-01, 8.639854E-01,-9.046715E-02, 6.426765E+01, 6.398332E+01, 3.046825E+00, 3.482424E-02, 1.010360E+00,-5.373480E-01, 8.112154E+01, 5.672687E+01, 1.456875E+01, 1.698620E+00,7, 1.633853E-01,3, 0.000000E+00,0, 0.000000E+00,5, 1.304666E+01, 5.304351E-01, 5.123281E+00,NULL,NULL,1,data,8
47964,45249,940613,35102,94C2, 9.127600E+01,2,0,2,2,0, 4.502821E-01,-2.536108E+00, 9.029722E-01, 5.229179E+01, 5.229105E+01, 2.614552E+01, 4.502821E-01,-2.536108E+00, 9.029722E-01, 5.229179E+01, 0.000000E+00, 0.000000E+00, 0.000000E+00,1, 3.666024E-01,0, 0.000000E+00,0, 0.000000E+00,NULL,NULL,NULL,NULL,NULL,NULL,0,data,8
47964,45250,940613,35104,94C2, 9.127600E+01,17,17,34,17,17,-2.768484E+00, 2.759609E+00,-3.586761E+00, 4.809201E+01, 4.783015E+01, 2.813538E+00,-1.504010E+00,-2.728506E+00, 7.285671E+00, 6.877353E+01, 3.894168E+01, 2.013338E+01, 5.481359E-01,2, 0.000000E+00,17, 1.385888E+01,0, 0.000000E+00,2, 1.456879E+00, 6.238331E-01, 8.330456E-01,2, 0.000000E+00,1,data,8
47964,45255,940613,35108,94C2, 9.127600E+01,0,2,2,0,2, 0.000000E+00, 0.000000E+00, 0.000000E+00, 0.000000E+00, 0.000000E+00, 0.000000E+00, 3.643531E-02, 1.198671E-01,-9.237213E-01, 9.275206E+01, 0.000000E+00, 9.275206E+01, 0.000000E+00,NULL,NULL,NULL,NULL,0, 0.000000E+00,NULL,NULL,NULL,NULL,2, 9.275206E+01,0,data,8
47964,45256,940613,35108,94C2, 9.127600E+01,0,2,2,0,2, 0.000000E+00, 0.000000E+00, 0.000000E+00, 0.000000E+00, 0.000000E+00, 0.000000E+00, 3.460622E-02,-3.137350E-02,-6.767082E-01, 9.095997E+01, 0.000000E+00, 9.095997E+01, 0.000000E+00,NULL,NULL,NULL,NULL,0, 0.000000E+00,NULL,NULL,NULL,NULL,2, 9.095997E+01,0,data,8
47964,45257,940613,35108,94C2, 9.127600E+01,1,6,7,1,6, 5.836694E-01, 4.457467E+00, 1.607195E+01, 1.668942E+01, 1.668884E+01, 1.668884E+01, 9.055015E-01, 3.752221E+00, 2.816611E+01, 2.922787E+01, 0.000000E+00, 1.253846E+01, 0.000000E+00,0, 0.000000E+00,3, 1.316011E+00,0, 0.000000E+00,NULL,NULL,NULL,NULL,1, 0.000000E+00,0,data,8
47964,45259,940613,35108,94C2, 9.127600E+01,0,2,2,0,2, 0.000000E+00, 0.000000E+00, 0.000000E+00, 0.000000E+00, 0.000000E+00, 0.000000E+00,-2.410305E-02,-1.817000E-02, 1.954933E+00, 9.150089E+01, 0.000000E+00, 9.150089E+01, 0.000000E+00,NULL,NULL,NULL,NULL,0, 0.000000E+00,NULL,NULL,NULL,NULL,2, 9.150089E+01,0,data,8
47964,45260,940613,35108,94C2, 9.127600E+01,17,18,35,17,18, 5.732816E+00, 3.050117E+00, 6.265244E+00, 4.426846E+01, 4.403921E+01, 2.590542E+00, 2.321684E+00, 1.216541E+00, 4.018457E+00, 8.095216E+01, 4.300870E+01, 2.532306E+01, 1.009933E+01,6, 0.000000E+00,6, 4.908301E-01,0, 0.000000E+00,6, 1.339163E+01, 3.362614E-01, 5.752195E+00,NULL,NULL,1,data,8
47964,45262,940613,35109,94C2, 9.127600E+01,0,2,2,0,2, 0.000000E+00, 0.000000E+00, 0.000000E+00, 0.000000E+00, 0.000000E+00, 0.000000E+00,-4.890370E-02, 4.435658E-02, 1.192196E+00, 9.268694E+01, 0.000000E+00, 9.268694E+01, 0.000000E+00,NULL,NULL,NULL,NULL,0, 0.000000E+00,NULL,NULL,NULL,NULL,2, 9.268694E+01,0,data,8
47964,45264,940613,35109,94C2, 9.127600E+01,53,21,74,53,21, 2.608080E+00,-1.136623E+01,-5.392105E+00, 5.830882E+01, 5.710287E+01, 1.077413E+00, 3.534196E+00,-1.747895E+01,-6.680151E+00, 7.720060E+01, 5.036586E+01, 1.298477E+01, 2.214995E+00,21, 8.398199E-01,0, 0.000000E+00,0, 0.000000E+00,16, 1.360620E+01, 3.556432E-01, 2.163670E+00,1, 0.000000E+00,1,data,8
47964,45265,940613,35114,94C2, 9.127600E+01,2,0,2,2,0,-2.401289E+00, 1.029713E+01,-9.970775E-01, 6.964263E+01, 6.964206E+01, 3.482103E+01,-2.401289E+00, 1.029713E+01,-9.970775E-01, 6.964263E+01, 0.000000E+00, 0.000000E+00, 0.000000E+00,1, 1.208559E-01,0, 0.000000E+00,0, 0.000000E+00,NULL,NULL,NULL,NULL,NULL,NULL,0,data,8
47964,45267,940613,35114,94C2, 9.127600E+01,0,2,2,0,2, 0.000000E+00, 0.000000E+00, 0.000000E+00, 0.000000E+00, 0.000000E+00, 0.000000E+00,-4.863429E-02, 1.763439E-02, 1.516048E+00, 8.670492E+01, 0.000000E+00, 8.670492E+01, 0.000000E+00,NULL,NULL,NULL,NULL,0, 0.000000E+00,NULL,NULL,NULL,NULL,2, 8.670492E+01,0,data,8
47964,45277,940613,35118,94C2, 9.127600E+01,2,0,2,2,0, 4.342470E-01,-4.193480E-01, 2.294580E-01, 6.006115E+00, 5.999550E+00, 2.999775E+00, 4.342470E-01,-4.193480E-01, 2.294580E-01, 6.006115E+00, 0.000000E+00, 0.000000E+00, 0.000000E+00,1, 7.807960E-02,0, 0.000000E+00,0, 0.000000E+00,NULL,NULL,NULL,NULL,NULL,NULL,0,data,8
47964,45281,940613,35123,94C2, 9.127600E+01,0,2,2,0,2, 0.000000E+00, 0.000000E+00, 0.000000E+00, 0.000000E+00, 0.000000E+00, 0.000000E+00, 1.184096E-01, 1.520545E-01,-1.217884E+00, 8.895569E+01, 0.000000E+00, 8.895569E+01, 0.000000E+00,NULL,NULL,NULL,NULL,0, 0.000000E+00,NULL,NULL,NULL,NULL,2, 8.895569E+01,0,data,8
47964,45289,940613,35123,94C2, 9.127600E+01,0,28,28,0,28, 0.000000E+00, 0.000000E+00, 0.000000E+00, 0.000000E+00, 0.000000E+00, 0.000000E+00,-5.488309E+00,-9.904840E+00, 3.256943E+01, 3.721114E+01, 0.000000E+00, 3.721114E+01, 0.000000E+00,0, 0.000000E+00,28, 3.721114E+01,0, 0.000000E+00,NULL,NULL,NULL,NULL,NULL,NULL,0,data,8
47964,45299,940613,35128,94C2, 9.127600E+01,22,20,42,22,20,-3.307008E+00, 3.904808E+00, 2.865685E+00, 7.046617E+01, 7.019811E+01, 3.190823E+00,-3.639413E+00, 5.240521E+00,-2.138023E+00, 8.994427E+01, 4.727449E+01, 1.644548E+01, 3.032605E+00,1, 0.000000E+00,20, 1.351106E+01,0, 0.000000E+00,1, 8.746154E-01, 8.746154E-01, 8.746154E-01,1, 0.000000E+00,1,data,8
47964,45303,940613,35128,94C2, 9.127600E+01,14,13,27,14,13, 1.600987E+01,-4.764193E-01, 1.216561E+01, 6.657169E+01, 6.646155E+01, 4.747253E+00, 1.501129E+01,-1.508247E-01, 1.124283E+01, 9.387191E+01, 6.657169E+01, 1.643167E+01, 1.088067E+01,11, 1.711311E+00,1, 0.000000E+00,0, 0.000000E+00,8, 1.338700E+01, 3.692057E-01, 6.281418E+00,NULL,NULL,1,data,8
47964,45304,940613,35129,94C2, 9.127600E+01,18,15,33,18,15,-9.525128E+00,-8.052449E-01, 6.838387E+00, 6.960717E+01, 6.947383E+01, 3.859657E+00,-1.882385E+01,-5.015521E+00, 1.062480E+01, 8.810269E+01, 6.828249E+01, 1.172206E+01, 2.317871E+00,13, 5.732262E-01,0, 0.000000E+00,0, 0.000000E+00,10, 1.307075E+01, 5.784073E-01, 2.721076E+00,NULL,NULL,1,data,8
47964,45308,940613,35129,94C2, 9.127600E+01,2,0,2,2,0, 1.753744E-01,-7.840815E-01,-1.555864E-01, 1.884198E+01, 1.883991E+01, 9.419955E+00, 1.753744E-01,-7.840815E-01,-1.555864E-01, 1.884198E+01, 1.884152E+01, 0.000000E+00, 0.000000E+00,1, 9.439463E-02,0, 0.000000E+00,0, 0.000000E+00,NULL,NULL,NULL,NULL,NULL,NULL,0,data,8
47964,45310,940613,35134,94C2, 9.127600E+01,0,2,2,0,2, 0.000000E+00, 0.000000E+00, 0.000000E+00, 0.000000E+00, 0.000000E+00, 0.000000E+00, 2.154398E-01, 6.545067E-03,-2.591282E+00, 8.802711E+01, 0.000000E+00, 8.802711E+01, 0.000000E+00,NULL,NULL,NULL,NULL,0, 0.000000E+00,NULL,NULL,NULL,NULL,2, 8.802711E+01,0,data,8
47964,45316,940613,35134,94C2, 9.127600E+01,0,2,2,0,2, 0.000000E+00, 0.000000E+00, 0.000000E+00, 0.000000E+00, 0.000000E+00, 0.000000E+00, 7.286322E-02, 1.988301E-01, 1.650852E+00, 8.989684E+01, 0.000000E+00, 8.989684E+01, 0.000000E+00,NULL,NULL,NULL,NULL,0, 0.000000E+00,NULL,NULL,NULL,NULL,2, 8.989684E+01,0,data,8
47964,45326,940613,35139,94C2, 9.127600E+01,0,2,2,0,2, 0.000000E+00, 0.000000E+00, 0.000000E+00, 0.000000E+00, 0.000000E+00, 0.000000E+00, 9.095156E-02,-6.286621E-02,-3.297401E+00, 7.661222E+01, 0.000000E+00, 7.661222E+01, 0.000000E+00,NULL,NULL,NULL,NULL,0, 0.000000E+00,NULL,NULL,NULL,NULL,2, 7.661222E+01,0,data,8
47964,45327,940613,35139,94C2, 9.127600E+01,30,14,44,30,14, 5.137655E+00, 7.262642E+00, 1.752873E+00, 6.127410E+01, 6.069135E+01, 2.023045E+00, 1.405780E+01, 1.503867E+01, 1.745287E+00, 8.885318E+01, 5.834927E+01, 1.421181E+01, 1.140625E+01,17, 1.977013E+01,0, 0.000000E+00,0, 0.000000E+00,8, 1.451965E+01, 6.637497E-01, 3.770632E+00,NULL,NULL,1,data,8
47964,45333,940613,35145,94C2, 9.127600E+01,0,2,2,0,2, 0.000000E+00, 0.000000E+00, 0.000000E+00, 0.000000E+00, 0.000000E+00, 0.000000E+00,-8.312893E-02,-2.061129E-03,-1.049049E+01, 7.852126E+01, 0.000000E+00, 7.852126E+01, 0.000000E+00,NULL,NULL,NULL,NULL,0, 0.000000E+00,NULL,NULL,NULL,NULL,2, 7.852126E+01,0,data,8
47964,45335,940613,35145,94C2, 9.127600E+01,27,16,43,27,16,-2.971919E+00, 1.527590E+01,-9.308107E+00, 6.654486E+01, 6.610373E+01, 2.448286E+00,-1.938333E+00, 7.689309E+00,-4.333461E+00, 7.967574E+01, 6.416489E+01, 1.051040E+01, 1.744418E+00,15, 5.652308E-01,0, 0.000000E+00,0, 0.000000E+00,10, 1.093405E+01, 3.727637E-01, 4.498867E+00,NULL,NULL,1,data,8
47964,45336,940613,35146,94C2, 9.127600E+01,0,2,2,0,2, 0.000000E+00, 0.000000E+00, 0.000000E+00, 0.000000E+00, 0.000000E+00, 0.000000E+00, 1.774247E-01, 3.422458E-01, 2.415428E+00, 9.133896E+01, 0.000000E+00, 9.133896E+01, 0.000000E+00,NULL,NULL,NULL,NULL,0, 0.000000E+00,NULL,NULL,NULL,NULL,2, 9.133896E+01,0,data,8
47964,45338,940613,35146,94C2, 9.127600E+01,31,4,35,31,4,-9.825483E-01, 4.385759E-01, 1.209329E+00, 8.472133E+00, 6.519753E+00, 2.103146E-01,-8.218387E-01, 3.175483E-01, 2.022294E+00, 1.139548E+01, 3.215172E+00, 2.386248E+00, 0.000000E+00,1, 0.000000E+00,0, 0.000000E+00,0, 0.000000E+00,1, 5.370981E-01, 5.370981E-01, 5.370981E-01,2, 0.000000E+00,0,data,8
47964,45339,940613,35146,94C2, 9.127600E+01,44,16,60,44,16,-1.425139E+01, 4.481621E+00, 9.946153E+00, 6.465954E+01, 6.333683E+01, 1.439473E+00,-2.584249E+00, 3.256752E+00, 3.942704E+00, 8.229292E+01, 5.877333E+01, 8.327614E+00, 8.275901E+00,14, 1.191195E+01,0, 0.000000E+00,0, 0.000000E+00,6, 7.301250E+00, 4.872458E-01, 1.960842E+00,NULL,NULL,1,data,8
47964,45344,940613,35151,94C2, 9.127600E+01,48,24,72,48,24, 1.442474E+01, 6.668488E+00, 1.092021E+01, 6.772205E+01, 6.685432E+01, 1.392798E+00, 9.993982E+00, 8.836923E+00, 9.739395E+00, 9.787566E+01, 5.737431E+01, 2.853013E+01, 1.108227E+00,27, 1.649830E+00,0, 0.000000E+00,0, 0.000000E+00,19, 2.800146E+01, 4.598325E-01, 4.817463E+00,NULL,NULL,1,data,8
47964,45345,940613,35151,94C2, 9.127600E+01,0,2,2,0,2, 0.000000E+00, 0.000000E+00, 0.000000E+00, 0.000000E+00, 0.000000E+00, 0.000000E+00, 2.294683E-02, 5.643070E-02,-1.106239E+00, 9.249667E+01, 0.000000E+00, 9.249667E+01, 0.000000E+00,NULL,NULL,NULL,NULL,0, 0.000000E+00,NULL,NULL,NULL,NULL,2, 9.249667E+01,0,data,8
47964,45348,940613,35153,94C2, 9.127600E+01,0,2,2,0,2, 0.000000E+00, 0.000000E+00, 0.000000E+00, 0.000000E+00, 0.000000E+00, 0.000000E+00, 3.888154E-02, 1.827296E-01,-3.380219E+00, 8.515208E+01, 0.000000E+00, 8.515208E+01, 0.000000E+00,NULL,NULL,NULL,NULL,0, 0.000000E+00,NULL,NULL,NULL,NULL,2, 8.515208E+01,0,data,8
47964,45350,940613,35153,94C2, 9.127600E+01,21,11,32,21,11, 1.179122E-01,-7.873050E-01, 1.851608E+01, 3.709121E+01, 3.683191E+01, 1.753900E+00,-2.395965E+00,-1.039885E+00, 7.450555E+00, 6.364596E+01, 3.077032E+01, 1.731159E+01, 9.614026E+00,2, 0.000000E+00,4, 1.049194E+00,0, 0.000000E+00,NULL,NULL,NULL,NULL,1, 0.000000E+00,1,data,8
47964,45354,940613,35154,94C2, 9.127600E+01,0,2,2,0,2, 0.000000E+00, 0.000000E+00, 0.000000E+00, 0.000000E+00, 0.000000E+00, 0.000000E+00, 4.593289E-02,-1.830300E-01,-3.326229E+00, 8.973743E+01, 0.000000E+00, 8.973743E+01, 0.000000E+00,NULL,NULL,NULL,NULL,0, 0.000000E+00,NULL,NULL,NULL,NULL,2, 8.973743E+01,0,data,8
47964,45356,940613,35154,94C2, 9.127600E+01,0,26,26,0,26, 0.000000E+00, 0.000000E+00, 0.000000E+00, 0.000000E+00, 0.000000E+00, 0.000000E+00,-9.558895E+00, 8.100201E-01, 2.906726E+01, 3.234065E+01, 0.000000E+00, 3.234065E+01, 0.000000E+00,0, 0.000000E+00,26, 3.234065E+01,0, 0.000000E+00,NULL,NULL,NULL,NULL,NULL,NULL,0,data,8
47964,45357,940613,35155,94C2, 9.127600E+01,14,2,16,14,2, 5.007030E+00, 4.221825E+00, 2.225088E+00, 1.185640E+01, 1.119053E+01, 7.993234E-01, 5.999063E+00, 3.756294E+00,-1.689143E+01, 3.127070E+01, 1.112529E+00, 1.941430E+01, 0.000000E+00,NULL,NULL,NULL,NULL,0, 0.000000E+00,NULL,NULL,NULL,NULL,1, 0.000000E+00,0,data,8
47964,45363,940613,35159,94C2, 9.127600E+01,2,0,2,2,0,-8.949895E+01,-1.134011E+02, 5.122960E+01, 2.311537E+02, 2.311534E+02, 1.155767E+02,-8.949895E+01,-1.134011E+02, 5.122960E+01, 2.311537E+02, 0.000000E+00, 0.000000E+00, 0.000000E+00,1, 0.000000E+00,0, 0.000000E+00,0, 0.000000E+00,NULL,NULL,NULL,NULL,NULL,NULL,0,data,8
47964,45365,940613,35159,94C2, 9.127600E+01,0,2,2,0,2, 0.000000E+00, 0.000000E+00, 0.000000E+00, 0.000000E+00, 0.000000E+00, 0.000000E+00,-2.072387E-01, 4.441957E-01,-3.097801E+00, 9.498206E+01, 0.000000E+00, 9.498206E+01, 0.000000E+00,NULL,NULL,NULL,NULL,0, 0.000000E+00,NULL,NULL,NULL,NULL,2, 9.498206E+01,0,data,8
47964,45368,940613,35159,94C2, 9.127600E+01,2,0,2,2,0,-2.177303E+01, 2.666602E+01,-2.061033E+01, 9.367558E+01, 9.367508E+01, 4.683754E+01,-2.177303E+01, 2.666602E+01,-2.061033E+01, 9.367558E+01, 0.000000E+00, 0.000000E+00, 0.000000E+00,1, 4.231784E-01,0, 0.000000E+00,0, 0.000000E+00,NULL,NULL,NULL,NULL,NULL,NULL,0,data,8
47964,45369,940613,35159,94C2, 9.127600E+01,27,11,38,27,11,-1.723508E+02,-1.790858E+02, 5.589279E+02, 6.780846E+02, 6.778561E+02, 2.510578E+01,-1.700015E+02,-1.769134E+02, 5.525986E+02, 6.910371E+02, 4.148712E+01, 1.279880E+01, 1.537241E-01,2, 0.000000E+00,20, 2.483226E+01,0, 0.000000E+00,NULL,NULL,NULL,NULL,NULL,NULL,1,data,8
47964,45370,940613,35204,94C2, 9.127600E+01,0,2,2,0,2, 0.000000E+00, 0.000000E+00, 0.000000E+00, 0.000000E+00, 0.000000E+00, 0.000000E+00, 2.406354E-01,-1.618564E-02, 5.126911E+00, 8.905142E+01, 0.000000E+00, 8.905142E+01, 0.000000E+00,NULL,NULL,NULL,NULL,0, 0.000000E+00,NULL,NULL,NULL,NULL,2, 8.905142E+01,0,data,8
47964,45371,940613,35204,94C2, 9.127600E+01,0,2,2,0,2, 0.000000E+00, 0.000000E+00, 0.000000E+00, 0.000000E+00, 0.000000E+00, 0.000000E+00, 1.492019E-01, 5.056620E-02, 4.821930E-01, 9.125412E+01, 0.000000E+00, 9.125412E+01, 0.000000E+00,NULL,NULL,NULL,NULL,0, 0.000000E+00,NULL,NULL,NULL,NULL,2, 9.125412E+01,0,data,8
47964,45373,940613,35204,94C2, 9.127600E+01,0,2,2,0,2, 0.000000E+00, 0.000000E+00, 0.000000E+00, 0.000000E+00, 0.000000E+00, 0.000000E+00, 1.434540E-01,-2.002265E-01, 5.618946E+00, 8.477817E+01, 0.000000E+00, 8.477817E+01, 0.000000E+00,NULL,NULL,NULL,NULL,0, 0.000000E+00,NULL,NULL,NULL,NULL,2, 8.477817E+01,0,data,8
47964,45381,940613,35210,94C2, 9.127600E+01,0,2,2,0,2, 0.000000E+00, 0.000000E+00, 0.000000E+00, 0.000000E+00, 0.000000E+00, 0.000000E+00, 4.401565E-03,-6.312776E-02, 5.603142E-01, 9.000276E+01, 0.000000E+00, 9.000276E+01, 0.000000E+00,NULL,NULL,NULL,NULL,0, 0.000000E+00,NULL,NULL,NULL,NULL,2, 9.000276E+01,0,data,8
47964,45384,940613,35210,94C2, 9.127600E+01,0,2,2,0,2, 0.000000E+00, 0.000000E+00, 0.000000E+00, 0.000000E+00, 0.000000E+00, 0.000000E+00, 2.303700E-01, 4.923420E-01,-4.148380E+00, 8.922533E+01, 0.000000E+00, 8.922533E+01, 0.000000E+00,NULL,NULL,NULL,NULL,0, 0.000000E+00,NULL,NULL,NULL,NULL,2, 8.922533E+01,0,data,8
47964,45390,940613,35212,94C2, 9.127600E+01,15,7,22,15,7,-7.575557E-01,-6.882391E-01, 9.721170E-01, 3.649757E+01, 3.619069E+01, 2.412713E+00,-6.858649E+00, 8.653203E+00, 3.784965E+00, 6.129023E+01, 3.350340E+01, 6.523453E+00, 1.756318E+01,7, 7.409720E-01,0, 0.000000E+00,0, 0.000000E+00,3, 7.544064E+00, 1.020611E+00, 4.258648E+00,NULL,NULL,1,data,8
47964,45392,940613,35214,94C2, 9.127600E+01,4,1,5,4,1,-5.632719E+00, 5.305958E+00,-5.596096E+00, 9.837881E+01, 9.833305E+01, 2.458326E+01,-6.691012E+00, 6.005651E+00,-6.515524E+00, 9.994563E+01, 9.810849E+01, 1.566813E+00, 0.000000E+00,3, 8.248224E+01,0, 0.000000E+00,0, 0.000000E+00,1, 1.566813E+00, 1.566813E+00, 1.566813E+00,NULL,NULL,0,data,8
47964,45396,940613,35214,94C2, 9.127600E+01,3,2,5,3,2, 2.488514E+00, 4.932234E-01, 1.706534E-01, 3.152454E+00, 3.095745E+00, 1.031915E+00, 2.705714E+00, 4.913631E-01,-1.529478E+00, 8.067225E+00, 0.000000E+00, 4.914771E+00, 0.000000E+00,NULL,NULL,NULL,NULL,0, 0.000000E+00,NULL,NULL,NULL,NULL,2, 0.000000E+00,0,data,8
47964,45399,940613,35217,94C2, 9.127600E+01,2,0,2,2,0, 8.298544E+01, 1.370833E+01,-3.232947E+01, 1.680307E+02, 1.680303E+02, 8.401517E+01, 8.298544E+01, 1.370833E+01,-3.232947E+01, 1.680307E+02, 0.000000E+00, 0.000000E+00, 0.000000E+00,1, 0.000000E+00,0, 0.000000E+00,0, 0.000000E+00,NULL,NULL,NULL,NULL,NULL,NULL,0,data,8
47964,45403,940613,35217,94C2, 9.127600E+01,0,2,2,0,2, 0.000000E+00, 0.000000E+00, 0.000000E+00, 0.000000E+00, 0.000000E+00, 0.000000E+00, 1.241988E-01,-7.224965E-02, 1.634491E+00, 9.037549E+01, 0.000000E+00, 9.037549E+01, 0.000000E+00,NULL,NULL,NULL,NULL,0, 0.000000E+00,NULL,NULL,NULL,NULL,2, 9.037549E+01,0,data,8
47964,45404,940613,35217,94C2, 9.127600E+01,2,1,3,2,1, 7.694093E+00, 5.009375E+00,-1.532551E+01, 1.798534E+01, 1.793331E+01, 8.966653E+00, 7.712503E+00, 4.991244E+00,-1.464039E+01, 1.867095E+01, 0.000000E+00, 6.856136E-01, 0.000000E+00,NULL,NULL,NULL,NULL,0, 0.000000E+00,NULL,NULL,NULL,NULL,1, 0.000000E+00,0,data,8
47964,45406,940613,35218,94C2, 9.127600E+01,0,2,2,0,2, 0.000000E+00, 0.000000E+00, 0.000000E+00, 0.000000E+00, 0.000000E+00, 0.000000E+00, 1.131134E-01,-7.419312E-02, 3.261482E+00, 9.213129E+01, 0.000000E+00, 9.213129E+01, 0.000000E+00,NULL,NULL,NULL,NULL,0, 0.000000E+00,NULL,NULL,NULL,NULL,2, 9.213129E+01,0,data,8
47964,45408,940613,35218,94C2, 9.127600E+01,39,18,57,39,18,-5.233139E+00, 2.940721E-01,-3.115855E+00, 8.396221E+01, 8.332063E+01, 2.136426E+00, 2.006320E+00,-3.224424E+00, 2.448231E+00, 1.216832E+02, 7.919868E+01, 1.046330E+01, 2.424051E+01,16, 4.185863E+00,0, 0.000000E+00,0, 0.000000E+00,9, 1.064721E+01, 5.074117E-01, 3.202256E+00,1, 0.000000E+00,1,data,8
47964,45409,940613,35219,94C2, 9.127600E+01,28,29,57,28,29, 9.675983E+00, 4.792965E+00, 2.270006E+00, 4.481776E+01, 4.426244E+01, 1.580801E+00,-8.846900E-01, 6.135670E+00,-1.290147E+00, 8.773139E+01, 3.490849E+01, 3.112743E+01, 8.179411E+00,10, 8.596475E-02,14, 7.772864E-01,0, 0.000000E+00,8, 1.933273E+01, 9.592623E-01, 5.719153E+00,NULL,NULL,1,data,8
47964,45411,940613,35219,94C2, 9.127600E+01,39,23,62,39,23,-3.543912E+00, 4.143904E+00,-1.934762E+00, 6.223464E+01, 6.144350E+01, 1.575475E+00, 2.806488E+00, 1.499636E+01, 1.690959E+00, 1.168874E+02, 4.744155E+01, 1.737210E+01, 3.532326E+01,17, 1.674313E+00,1, 0.000000E+00,0, 0.000000E+00,12, 1.926077E+01, 6.118009E-01, 6.395167E+00,NULL,NULL,1,data,8
47964,45414,940613,35222,94C2, 9.127600E+01,5,5,10,5,5, 4.992590E+00,-1.897346E+00,-1.119016E+01, 1.277469E+01, 1.269720E+01, 2.539439E+00,-1.501178E+00, 1.488871E+00,-4.316657E+01, 4.609872E+01, 1.000825E+01, 3.332403E+01, 0.000000E+00,0, 0.000000E+00,5, 1.049840E+01,0, 0.000000E+00,NULL,NULL,NULL,NULL,NULL,NULL,0,data,8
47964,45415,940613,35222,94C2, 9.127600E+01,0,2,2,0,2, 0.000000E+00, 0.000000E+00, 0.000000E+00, 0.000000E+00, 0.000000E+00, 0.000000E+00,-1.655025E-01,-1.471027E-01,-4.621696E+00, 9.078629E+01, 0.000000E+00, 9.078629E+01, 0.000000E+00,NULL,NULL,NULL,NULL,0, 0.000000E+00,NULL,NULL,NULL,NULL,2, 9.078629E+01,0,data,8
47964,45422,940613,35226,94C2, 9.127600E+01,5,1,6,5,1, 5.010854E+00, 7.163262E+00,-1.049955E+00, 9.874702E+01, 9.863739E+01, 1.972748E+01, 5.199063E+00, 7.914267E+00,-1.310467E+00, 9.956390E+01, 9.829987E+01, 8.168823E-01, 0.000000E+00,3, 3.858966E-01,0, 0.000000E+00,0, 0.000000E+00,1, 8.168823E-01, 8.168823E-01, 8.168823E-01,NULL,NULL,0,data,8
47964,45423,940613,35226,94C2, 9.127600E+01,0,2,2,0,2, 0.000000E+00, 0.000000E+00, 0.000000E+00, 0.000000E+00, 0.000000E+00, 0.000000E+00,-3.143787E-02, 1.196220E-01,-7.565308E-01, 8.936564E+01, 0.000000E+00, 8.936564E+01, 0.000000E+00,NULL,NULL,NULL,NULL,0, 0.000000E+00,NULL,NULL,NULL,NULL,2, 8.936564E+01,0,data,8
47964,45425,940613,35226,94C2, 9.127600E+01,0,1,1,0,1, 0.000000E+00, 0.000000E+00, 0.000000E+00, 0.000000E+00, 0.000000E+00, 0.000000E+00,-1.122513E+00,-2.892904E+00,-1.367929E+01, 1.402683E+01, 0.000000E+00, 1.402683E+01, 0.000000E+00,0, 0.000000E+00,1, 1.402683E+01,0, 0.000000E+00,NULL,NULL,NULL,NULL,NULL,NULL,0,data,8
47964,45434,940613,35230,94C2, 9.127600E+01,4,3,7,4,3, 2.186212E+00,-2.123352E+01,-1.692102E+01, 6.338892E+01, 6.337495E+01, 1.584374E+01, 1.416729E+00, 9.045855E+00, 7.243382E+00, 1.026534E+02, 6.337561E+01, 3.869262E+01, 0.000000E+00,3, 0.000000E+00,0, 0.000000E+00,0, 0.000000E+00,2, 3.364462E+01, 5.718880E-01, 3.307273E+01,NULL,NULL,0,data,8
47964,45435,940613,35230,94C2, 9.127600E+01,18,10,28,18,10, 4.727320E+00, 4.256644E+00,-7.930061E+00, 4.711972E+01, 4.683188E+01, 2.601771E+00,-2.354989E+00, 9.993660E-01, 6.422168E+00, 6.880254E+01, 4.530211E+01, 1.894293E+01, 2.739884E+00,0, 0.000000E+00,10, 1.676314E+00,0, 0.000000E+00,NULL,NULL,NULL,NULL,NULL,NULL,1,data,8
47964,45436,940613,35230,94C2, 9.127600E+01,0,2,2,0,2, 0.000000E+00, 0.000000E+00, 0.000000E+00, 0.000000E+00, 0.000000E+00, 0.000000E+00, 6.830311E-02, 1.075971E-01, 4.965897E-01, 9.225174E+01, 0.000000E+00, 9.225174E+01, 0.000000E+00,NULL,NULL,NULL,NULL,0, 0.000000E+00,NULL,NULL,NULL,NULL,2, 9.225174E+01,0,data,8
47964,45437,940613,35230,94C2, 9.127600E+01,3,0,3,3,0, 7.476749E-01, 3.905684E+00, 4.821104E+00, 6.205711E+01, 6.204953E+01, 2.068318E+01, 7.476749E-01, 3.905684E+00, 4.821104E+00, 6.205711E+01, 0.000000E+00, 0.000000E+00, 0.000000E+00,1, 0.000000E+00,0, 0.000000E+00,0, 0.000000E+00,NULL,NULL,NULL,NULL,NULL,NULL,0,data,8
47964,45438,940613,35234,94C2, 9.127600E+01,19,17,36,19,17,-9.883197E+00, 1.652176E+01,-1.292002E+01, 9.235957E+01, 9.216509E+01, 4.850794E+00,-1.075214E+01, 1.158662E+01,-1.119366E+01, 1.379050E+02, 5.448800E+01, 1.069773E+01, 2.856801E+01,17, 1.852100E+00,0, 0.000000E+00,0, 0.000000E+00,12, 1.698491E+01, 3.688212E-01, 4.824042E+00,NULL,NULL,1,data,8
47964,45439,940613,35234,94C2, 9.127600E+01,0,2,2,0,2, 0.000000E+00, 0.000000E+00, 0.000000E+00, 0.000000E+00, 0.000000E+00, 0.000000E+00, 3.403521E-02,-1.683736E-02,-4.461708E-01, 9.114526E+01, 0.000000E+00, 9.114526E+01, 0.000000E+00,NULL,NULL,NULL,NULL,0, 0.000000E+00,NULL,NULL,NULL,NULL,2, 9.114526E+01,0,data,8
47964,45440,940613,35234,94C2, 9.127600E+01,0,2,2,0,2, 0.000000E+00, 0.000000E+00, 0.000000E+00, 0.000000E+00, 0.000000E+00, 0.000000E+00,-3.552544E-02,-6.513476E-02,-1.087475E+00, 9.238980E+01, 0.000000E+00, 9.238980E+01, 0.000000E+00,NULL,NULL,NULL,NULL,0, 0.000000E+00,NULL,NULL,NULL,NULL,2, 9.238980E+01,0,data,8
47964,45441,940613,35234,94C2, 9.127600E+01,0,2,2,0,2, 0.000000E+00, 0.000000E+00, 0.000000E+00, 0.000000E+00, 0.000000E+00, 0.000000E+00,-2.372074E-02, 2.704990E-02, 8.562889E+00, 8.512485E+01, 0.000000E+00, 8.512485E+01, 0.000000E+00,NULL,NULL,NULL,NULL,0, 0.000000E+00,NULL,NULL,NULL,NULL,2, 8.512485E+01,0,data,8
47964,45442,940613,35234,94C2, 9.127600E+01,0,2,2,0,2, 0.000000E+00, 0.000000E+00, 0.000000E+00, 0.000000E+00, 0.000000E+00, 0.000000E+00,-4.622030E-02, 1.593999E-01,-1.241776E+00, 9.322931E+01, 0.000000E+00, 9.322931E+01, 0.000000E+00,NULL,NULL,NULL,NULL,0, 0.000000E+00,NULL,NULL,NULL,NULL,2, 9.322931E+01,0,data,8
47964,45446,940613,35238,94C2, 9.127600E+01,23,16,39,23,16, 2.863477E-01,-1.729471E+00,-1.436909E+00, 6.390383E+01, 6.367349E+01, 2.768413E+00,-1.286012E+00, 1.030076E+01,-1.006367E+01, 9.079427E+01, 5.993090E+01, 2.329391E+01, 2.684904E-01,21, 4.399234E+00,0, 0.000000E+00,0, 0.000000E+00,13, 2.530070E+01, 3.700247E-01, 5.080473E+00,NULL,NULL,1,data,8
47964,45447,940613,35238,94C2, 9.127600E+01,0,2,2,0,2, 0.000000E+00, 0.000000E+00, 0.000000E+00, 0.000000E+00, 0.000000E+00, 0.000000E+00, 5.546240E-01, 1.361699E-01, 3.731739E+00, 9.187653E+01, 0.000000E+00, 9.187653E+01, 0.000000E+00,NULL,NULL,NULL,NULL,0, 0.000000E+00,NULL,NULL,NULL,NULL,2, 9.187653E+01,0,data,8
47964,45448,940613,35238,94C2, 9.127600E+01,0,4,4,0,4, 0.000000E+00, 0.000000E+00, 0.000000E+00, 0.000000E+00, 0.000000E+00, 0.000000E+00, 7.675511E-02, 9.966464E-02,-1.013536E+00, 9.206781E+01, 0.000000E+00, 9.206781E+01, 0.000000E+00,0, 0.000000E+00,1, 0.000000E+00,0, 0.000000E+00,NULL,NULL,NULL,NULL,3, 9.133730E+01,0,data,8
47964,45449,940613,35240,94C2, 9.127600E+01,42,16,58,42,16, 6.040366E-01, 2.045335E+00, 2.389432E+00, 7.064855E+01, 6.990415E+01, 1.664385E+00, 3.129394E+00, 6.114105E+00, 4.222380E+00, 9.221008E+01, 5.665197E+01, 1.528084E+01, 2.816212E+00,22, 3.838956E+00,0, 0.000000E+00,0, 0.000000E+00,12, 1.632509E+01, 3.661456E-01, 3.823368E+00,NULL,NULL,1,data,8
47964,45452,940613,35241,94C2, 9.127600E+01,41,23,64,41,23,-9.344600E-01,-5.271996E+00, 4.658648E+00, 7.408736E+01, 7.332597E+01, 1.788438E+00, 2.129378E-01,-9.603384E-01,-8.119835E-01, 1.172831E+02, 6.639368E+01, 2.496116E+01, 1.650612E+01,21, 7.556594E+00,0, 0.000000E+00,0, 0.000000E+00,12, 2.109203E+01, 3.388591E-01, 8.743005E+00,NULL,NULL,1,data,8
47964,45455,940613,35246,94C2, 9.127600E+01,0,14,14,0,14, 0.000000E+00, 0.000000E+00, 0.000000E+00, 0.000000E+00, 0.000000E+00, 0.000000E+00, 4.224862E+01,-3.061645E+01, 6.790796E+01, 9.055235E+01, 0.000000E+00, 8.886548E+01, 0.000000E+00,3, 1.535260E+00,3, 0.000000E+00,0, 0.000000E+00,3, 2.634208E+00, 7.462640E-01, 9.473398E-01,NULL,NULL,0,data,8
47964,45461,940613,35246,94C2, 9.127600E+01,0,2,2,0,2, 0.000000E+00, 0.000000E+00, 0.000000E+00, 0.000000E+00, 0.000000E+00, 0.000000E+00, 2.631354E-02, 9.531498E-02,-6.854515E-01, 9.388580E+01, 0.000000E+00, 9.388580E+01, 0.000000E+00,NULL,NULL,NULL,NULL,0, 0.000000E+00,NULL,NULL,NULL,NULL,2, 9.388580E+01,0,data,8
47964,45467,940613,35249,94C2, 9.127600E+01,0,2,2,0,2, 0.000000E+00, 0.000000E+00, 0.000000E+00, 0.000000E+00, 0.000000E+00, 0.000000E+00,-9.731483E-02, 1.429669E-01, 3.478848E+00, 9.315583E+01, 0.000000E+00, 9.315583E+01, 0.000000E+00,NULL,NULL,NULL,NULL,0, 0.000000E+00,NULL,NULL,NULL,NULL,2, 9.315583E+01,0,data,8
47964,45472,940613,35254,94C2, 9.127600E+01,0,2,2,0,2, 0.000000E+00, 0.000000E+00, 0.000000E+00, 0.000000E+00, 0.000000E+00, 0.000000E+00, 1.328858E-01,-4.979968E-02, 1.778297E+00, 9.470309E+01, 0.000000E+00, 9.470309E+01, 0.000000E+00,NULL,NULL,NULL,NULL,0, 0.000000E+00,NULL,NULL,NULL,NULL,2, 9.470309E+01,0,data,8
47964,45473,940613,35254,94C2, 9.127600E+01,0,2,2,0,2, 0.000000E+00, 0.000000E+00, 0.000000E+00, 0.000000E+00, 0.000000E+00, 0.000000E+00, 1.044495E-01, 3.189683E-02, 8.540573E-01, 9.265987E+01, 0.000000E+00, 9.265987E+01, 0.000000E+00,NULL,NULL,NULL,NULL,0, 0.000000E+00,NULL,NULL,NULL,NULL,2, 9.265987E+01,0,data,8
47964,45474,940613,35254,94C2, 9.127600E+01,0,4,4,0,4, 0.000000E+00, 0.000000E+00, 0.000000E+00, 0.000000E+00, 0.000000E+00, 0.000000E+00,-4.735775E+00,-3.328570E+00,-6.416460E+00, 1.541022E+01, 0.000000E+00, 1.541022E+01, 0.000000E+00,0, 0.000000E+00,2, 8.604527E+00,0, 0.000000E+00,NULL,NULL,NULL,NULL,NULL,NULL,0,data,8
47964,45477,940613,35254,94C2, 9.127600E+01,0,1,1,0,1, 0.000000E+00, 0.000000E+00, 0.000000E+00, 0.000000E+00, 0.000000E+00, 0.000000E+00,-1.507160E+00, 6.111842E-01, 3.765049E+00, 4.101301E+00, 0.000000E+00, 4.101301E+00, 0.000000E+00,0, 0.000000E+00,1, 4.101301E+00,0, 0.000000E+00,NULL,NULL,NULL,NULL,NULL,NULL,0,data,8
47964,45478,940613,35254,94C2, 9.127600E+01,0,2,2,0,2, 0.000000E+00, 0.000000E+00, 0.000000E+00, 0.000000E+00, 0.000000E+00, 0.000000E+00, 4.344797E-02,-6.213234E-02,-7.567596E-02, 9.141288E+01, 0.000000E+00, 9.141288E+01, 0.000000E+00,NULL,NULL,NULL,NULL,0, 0.000000E+00,NULL,NULL,NULL,NULL,2, 9.141288E+01,0,data,8
47964,45483,940613,35257,94C2, 9.127600E+01,0,2,2,0,2, 0.000000E+00, 0.000000E+00, 0.000000E+00, 0.000000E+00, 0.000000E+00, 0.000000E+00,-1.109207E-02, 8.275622E-02,-1.741516E+00, 8.980956E+01, 0.000000E+00, 8.980956E+01, 0.000000E+00,NULL,NULL,NULL,NULL,0, 0.000000E+00,NULL,NULL,NULL,NULL,2, 8.980956E+01,0,data,8
47964,45486,940613,35257,94C2, 9.127600E+01,0,2,2,0,2, 0.000000E+00, 0.000000E+00, 0.000000E+00, 0.000000E+00, 0.000000E+00, 0.000000E+00, 1.677585E-02,-6.005263E-02,-2.428471E+00, 8.584681E+01, 0.000000E+00, 8.584681E+01, 0.000000E+00,NULL,NULL,NULL,NULL,0, 0.000000E+00,NULL,NULL,NULL,NULL,2, 8.584681E+01,0,data,8
47964,45492,940613,35307,94C2, 9.127600E+01,0,2,2,0,2, 0.000000E+00, 0.000000E+00, 0.000000E+00, 0.000000E+00, 0.000000E+00, 0.000000E+00,-1.707315E-02,-5.381656E-02, 8.776855E-01, 9.288415E+01, 0.000000E+00, 9.288415E+01, 0.000000E+00,NULL,NULL,NULL,NULL,0, 0.000000E+00,NULL,NULL,NULL,NULL,2, 9.288415E+01,0,data,8
47964,45494,940613,35307,94C2, 9.127600E+01,0,2,2,0,2, 0.000000E+00, 0.000000E+00, 0.000000E+00, 0.000000E+00, 0.000000E+00, 0.000000E+00, 1.890543E-01, 4.259706E-02,-3.492813E-01, 9.090768E+01, 0.000000E+00, 9.090768E+01, 0.000000E+00,NULL,NULL,NULL,NULL,0, 0.000000E+00,NULL,NULL,NULL,NULL,2, 9.090768E+01,0,data,8
47964,45496,940613,35307,94C2, 9.127600E+01,0,2,2,0,2, 0.000000E+00, 0.000000E+00, 0.000000E+00, 0.000000E+00, 0.000000E+00, 0.000000E+00, 3.575945E-02, 3.070855E-02,-3.562927E-01, 9.056491E+01, 0.000000E+00, 9.056491E+01, 0.000000E+00,NULL,NULL,NULL,NULL,0, 0.000000E+00,NULL,NULL,NULL,NULL,2, 9.056491E+01,0,data,8
47964,45497,940613,35307,94C2, 9.127600E+01,0,2,2,0,2, 0.000000E+00, 0.000000E+00, 0.000000E+00, 0.000000E+00, 0.000000E+00, 0.000000E+00, 5.479729E-02,-1.197677E-01, 2.296829E-01, 8.933739E+01, 0.000000E+00, 8.933739E+01, 0.000000E+00,NULL,NULL,NULL,NULL,0, 0.000000E+00,NULL,NULL,NULL,NULL,2, 8.933739E+01,0,data,8
47964,45504,940613,35310,94C2, 9.127600E+01,0,2,2,0,2, 0.000000E+00, 0.000000E+00, 0.000000E+00, 0.000000E+00, 0.000000E+00, 0.000000E+00, 6.483358E-02, 6.779909E-03, 1.668930E+00, 9.324213E+01, 0.000000E+00, 9.324213E+01, 0.000000E+00,NULL,NULL,NULL,NULL,0, 0.000000E+00,NULL,NULL,NULL,NULL,2, 9.324213E+01,0,data,8
47964,45506,940613,35310,94C2, 9.127600E+01,2,0,2,2,0,-2.704130E+01,-1.968893E+02, 1.130446E+02, 1.330491E+03, 1.330491E+03, 6.652455E+02,-2.704130E+01,-1.968893E+02, 1.130446E+02, 1.330491E+03, 0.000000E+00, 0.000000E+00, 0.000000E+00,1, 0.000000E+00,0, 0.000000E+00,0, 0.000000E+00,NULL,NULL,NULL,NULL,NULL,NULL,0,data,8
47964,45507,940613,35310,94C2, 9.127600E+01,31,14,45,31,14,-1.225270E+01, 1.003961E+01, 1.343633E+00, 7.717520E+01, 7.665780E+01, 2.472832E+00, 1.128755E+00, 1.615030E+00,-5.082530E-01, 9.893794E+01, 6.707957E+01, 1.614902E+01, 3.741994E+00,16, 4.937560E+00,0, 0.000000E+00,0, 0.000000E+00,9, 1.802074E+01, 4.409090E-01, 7.803514E+00,NULL,NULL,1,data,8
47964,45511,940613,35316,94C2, 9.127600E+01,0,2,2,0,2, 0.000000E+00, 0.000000E+00, 0.000000E+00, 0.000000E+00, 0.000000E+00, 0.000000E+00, 1.037635E-01,-7.183099E-02, 1.410343E+00, 8.999200E+01, 0.000000E+00, 8.999200E+01, 0.000000E+00,NULL,NULL,NULL,NULL,0, 0.000000E+00,NULL,NULL,NULL,NULL,2, 8.999200E+01,0,data,8
47964,45514,940613,35320,94C2, 9.127600E+01,0,2,2,0,2, 0.000000E+00, 0.000000E+00, 0.000000E+00, 0.000000E+00, 0.000000E+00, 0.000000E+00, 2.085373E-01, 6.215873E-02,-2.250469E+00, 9.126848E+01, 0.000000E+00, 9.126848E+01, 0.000000E+00,NULL,NULL,NULL,NULL,0, 0.000000E+00,NULL,NULL,NULL,NULL,2, 9.126848E+01,0,data,8
47964,45518,940613,35320,94C2, 9.127600E+01,0,2,2,0,2, 0.000000E+00, 0.000000E+00, 0.000000E+00, 0.000000E+00, 0.000000E+00, 0.000000E+00,-7.423162E-03, 3.107548E-03, 1.163181E+00, 9.124556E+01, 0.000000E+00, 9.124556E+01, 0.000000E+00,NULL,NULL,NULL,NULL,0, 0.000000E+00,NULL,NULL,NULL,NULL,2, 9.124556E+01,0,data,8
47964,45519,940613,35320,94C2, 9.127600E+01,28,19,47,28,19, 8.266976E-01, 2.249948E+00,-2.031046E+01, 4.304504E+01, 4.260007E+01, 1.521431E+00,-1.278608E+00,-1.683300E+00,-1.422110E+01, 7.044107E+01, 3.868112E+01, 1.515082E+01, 1.038815E+01,7, 1.829339E-01,7, 0.000000E+00,0, 0.000000E+00,5, 3.700328E+00, 5.209411E-01, 1.121291E+00,1, 0.000000E+00,1,data,8
47964,45524,940613,35323,94C2, 9.127600E+01,31,18,49,31,18, 4.891989E+00, 1.422919E+01,-1.302459E+01, 6.330415E+01, 6.290112E+01, 2.029068E+00, 1.548044E-02, 2.212026E+00,-7.244843E-01, 1.066839E+02, 5.825988E+01, 3.326028E+01, 8.569225E+00,19, 1.108567E+01,1, 0.000000E+00,0, 0.000000E+00,11, 2.788318E+01, 5.387952E-01, 8.372414E+00,NULL,NULL,1,data,8
47964,45525,940613,35326,94C2, 9.127600E+01,25,10,35,25,10, 2.007703E+01, 1.137418E+01,-8.735089E-01, 4.975624E+01, 4.921888E+01, 1.968755E+00, 1.731197E+01, 9.729160E+00,-1.457309E+00, 7.003902E+01, 4.530758E+01, 1.946594E+01, 0.000000E+00,10, 2.022776E+01,0, 0.000000E+00,0, 0.000000E+00,7, 1.866935E+01, 7.223749E-01, 9.226705E+00,NULL,NULL,1,data,8
47964,45526,940613,35326,94C2, 9.127600E+01,2,0,2,2,0,-4.075820E+02,-3.776181E+02,-6.840488E+02, 8.843093E+02, 8.843029E+02, 4.421515E+02,-4.075820E+02,-3.776181E+02,-6.840488E+02, 8.843093E+02, 0.000000E+00, 0.000000E+00, 0.000000E+00,NULL,NULL,NULL,NULL,0, 0.000000E+00,NULL,NULL,NULL,NULL,NULL,NULL,0,data,8
47964,45531,940613,35329,94C2, 9.127600E+01,0,2,2,0,2, 0.000000E+00, 0.000000E+00, 0.000000E+00, 0.000000E+00, 0.000000E+00, 0.000000E+00,-1.397306E-02, 4.485130E-01, 4.323265E+01, 4.369556E+01, 0.000000E+00, 4.369556E+01, 0.000000E+00,0, 0.000000E+00,1, 0.000000E+00,0, 0.000000E+00,NULL,NULL,NULL,NULL,1, 3.349623E+01,0,data,8
47964,45534,940613,35329,94C2, 9.127600E+01,0,2,2,0,2, 0.000000E+00, 0.000000E+00, 0.000000E+00, 0.000000E+00, 0.000000E+00, 0.000000E+00,-2.349517E-01, 1.343489E-03,-1.134987E-01, 8.859126E+01, 0.000000E+00, 8.859126E+01, 0.000000E+00,NULL,NULL,NULL,NULL,0, 0.000000E+00,NULL,NULL,NULL,NULL,2, 8.859126E+01,0,data,8
47964,45535,940613,35329,94C2, 9.127600E+01,0,2,2,0,2, 0.000000E+00, 0.000000E+00, 0.000000E+00, 0.000000E+00, 0.000000E+00, 0.000000E+00, 1.232009E-01,-4.898793E-02,-1.178799E+00, 9.201530E+01, 0.000000E+00, 9.201530E+01, 0.000000E+00,NULL,NULL,NULL,NULL,0, 0.000000E+00,NULL,NULL,NULL,NULL,2, 9.201530E+01,0,data,8
47964,45537,940613,35329,94C2, 9.127600E+01,4,2,6,4,2,-6.088561E-01,-5.226907E-01, 1.206596E+00, 2.295186E+00, 2.195662E+00, 5.489155E-01,-4.265569E-01,-1.123623E+00, 1.531965E+01, 1.644580E+01, 0.000000E+00, 1.415061E+01, 0.000000E+00,1, 0.000000E+00,0, 0.000000E+00,0, 0.000000E+00,NULL,NULL,NULL,NULL,2, 0.000000E+00,0,data,8
47964,45538,940613,35331,94C2, 9.127600E+01,0,2,2,0,2, 0.000000E+00, 0.000000E+00, 0.000000E+00, 0.000000E+00, 0.000000E+00, 0.000000E+00, 6.105804E-02, 9.225595E-02, 2.783318E-01, 9.483583E+01, 0.000000E+00, 9.483583E+01, 0.000000E+00,NULL,NULL,NULL,NULL,0, 0.000000E+00,NULL,NULL,NULL,NULL,2, 9.483583E+01,0,data,8
47964,45539,940613,35331,94C2, 9.127600E+01,0,2,2,0,2, 0.000000E+00, 0.000000E+00, 0.000000E+00, 0.000000E+00, 0.000000E+00, 0.000000E+00, 4.911534E-04, 1.349626E-01,-1.810478E+00, 9.290002E+01, 0.000000E+00, 9.290002E+01, 0.000000E+00,NULL,NULL,NULL,NULL,0, 0.000000E+00,NULL,NULL,NULL,NULL,2, 9.290002E+01,0,data,8
47964,45541,940613,35331,94C2, 9.127600E+01,25,14,39,25,14,-3.078226E+00,-2.827669E-01,-9.695543E-01, 2.245167E+01, 2.185280E+01, 8.741121E-01,-3.840146E+00, 7.104347E-01,-4.113923E+00, 5.144728E+01, 5.560215E+00, 2.842876E+01, 5.668641E-01,0, 0.000000E+00,9, 3.856211E+00,0, 0.000000E+00,NULL,NULL,NULL,NULL,7, 0.000000E+00,0,data,8
47964,45542,940613,35331,94C2, 9.127600E+01,20,17,37,20,17,-8.999372E+00, 5.277007E+00, 3.950385E+01, 6.646922E+01, 6.611263E+01, 3.305632E+00,-4.784082E+00, 2.014625E+00, 1.861746E+01, 1.036920E+02, 6.608716E+00, 1.401726E+01, 2.320555E+01,1, 0.000000E+00,18, 7.238336E+00,0, 0.000000E+00,NULL,NULL,NULL,NULL,NULL,NULL,0,data,8
47964,45543,940613,35335,94C2, 9.127600E+01,0,2,2,0,2, 0.000000E+00, 0.000000E+00, 0.000000E+00, 0.000000E+00, 0.000000E+00, 0.000000E+00, 4.002845E-02, 1.956303E-01, 2.459469E+00, 9.026527E+01, 0.000000E+00, 9.026527E+01, 0.000000E+00,NULL,NULL,NULL,NULL,0, 0.000000E+00,NULL,NULL,NULL,NULL,2, 9.026527E+01,0,data,8
47964,45546,940613,35335,94C2, 9.127600E+01,0,2,2,0,2, 0.000000E+00, 0.000000E+00, 0.000000E+00, 0.000000E+00, 0.000000E+00, 0.000000E+00, 1.127456E-01,-2.513170E-02, 1.077827E+00, 9.177086E+01, 0.000000E+00, 9.177086E+01, 0.000000E+00,NULL,NULL,NULL,NULL,0, 0.000000E+00,NULL,NULL,NULL,NULL,2, 9.177086E+01,0,data,8
47964,45547,940613,35335,94C2, 9.127600E+01,0,2,2,0,2, 0.000000E+00, 0.000000E+00, 0.000000E+00, 0.000000E+00, 0.000000E+00, 0.000000E+00, 1.407162E-01, 1.220942E-02, 5.004768E-01, 9.351669E+01, 0.000000E+00, 9.351669E+01, 0.000000E+00,NULL,NULL,NULL,NULL,0, 0.000000E+00,NULL,NULL,NULL,NULL,2, 9.351669E+01,0,data,8
47964,45554,940613,35336,94C2, 9.127600E+01,29,22,51,29,22,-1.325350E+00,-2.553363E+00,-1.516325E+01, 8.925253E+01, 8.880885E+01, 3.062374E+00,-5.251337E+00,-4.044757E+00,-2.142629E+01, 1.072350E+02, 5.472421E+01, 1.619128E+01, 1.364797E+00,2, 0.000000E+00,17, 9.130857E+00,0, 0.000000E+00,2, 9.552873E-01, 4.263519E-01, 5.289355E-01,1, 0.000000E+00,1,data,8
47964,45555,940613,35336,94C2, 9.127600E+01,16,8,24,16,8,-2.003878E+00, 2.514050E+00, 1.610419E+00, 5.566291E+01, 5.530575E+01, 3.456609E+00,-7.333214E+00, 9.184426E+00, 5.612595E+00, 7.011143E+01, 5.460545E+01, 1.297073E+01, 6.357163E-01,9, 1.713400E+01,0, 0.000000E+00,0, 0.000000E+00,5, 1.286397E+01, 3.995332E-01, 7.303865E+00,NULL,NULL,1,data,8
47964,45563,940613,35343,94C2, 9.127600E+01,0,2,2,0,2, 0.000000E+00, 0.000000E+00, 0.000000E+00, 0.000000E+00, 0.000000E+00, 0.000000E+00, 3.323472E-02,-1.089082E-01, 1.722614E+00, 9.246978E+01, 0.000000E+00, 9.246978E+01, 0.000000E+00,NULL,NULL,NULL,NULL,0, 0.000000E+00,NULL,NULL,NULL,NULL,2, 9.246978E+01,0,data,8
47964,45567,940613,35344,94C2, 9.127600E+01,0,3,3,0,3, 0.000000E+00, 0.000000E+00, 0.000000E+00, 0.000000E+00, 0.000000E+00, 0.000000E+00,-1.662369E+01, 6.475066E+00,-1.322236E-01, 2.220014E+01, 0.000000E+00, 3.285105E+00, 0.000000E+00,1, 1.696491E+01,0, 0.000000E+00,0, 0.000000E+00,1, 1.891503E+01, 1.891503E+01, 1.891503E+01,NULL,NULL,0,data,8
47964,45569,940613,35346,94C2, 9.127600E+01,19,11,30,19,11, 2.801369E+01, 1.552738E+01,-1.532209E+00, 6.862669E+01, 6.832523E+01, 3.596065E+00, 2.463136E+01, 1.165023E+01,-6.494585E-01, 1.122684E+02, 6.539886E+01, 1.123027E+01, 2.318410E+01,16, 2.494760E+00,0, 0.000000E+00,0, 0.000000E+00,7, 2.017127E+01, 9.199241E-01, 5.435955E+00,NULL,NULL,1,data,8
47964,45572,940613,35347,94C2, 9.127600E+01,2,0,2,2,0, 8.291159E-01,-7.330332E-01,-8.293638E-01, 4.610464E+01, 4.610380E+01, 2.305190E+01, 8.291159E-01,-7.330332E-01,-8.293638E-01, 4.610464E+01, 0.000000E+00, 0.000000E+00, 0.000000E+00,NULL,NULL,NULL,NULL,0, 0.000000E+00,NULL,NULL,NULL,NULL,NULL,NULL,0,data,8
47964,45576,940613,35351,94C2, 9.127600E+01,0,2,2,0,2, 0.000000E+00, 0.000000E+00, 0.000000E+00, 0.000000E+00, 0.000000E+00, 0.000000E+00,-7.850391E-02, 4.030931E-02, 1.278770E+00, 8.751889E+01, 0.000000E+00, 8.751889E+01, 0.000000E+00,NULL,NULL,NULL,NULL,0, 0.000000E+00,NULL,NULL,NULL,NULL,2, 8.751889E+01,0,data,8
47964,45579,940613,35351,94C2, 9.127600E+01,0,2,2,0,2, 0.000000E+00, 0.000000E+00, 0.000000E+00, 0.000000E+00, 0.000000E+00, 0.000000E+00, 1.289510E-01,-2.650857E-03, 1.825848E+00, 9.218150E+01, 0.000000E+00, 9.218150E+01, 0.000000E+00,NULL,NULL,NULL,NULL,0, 0.000000E+00,NULL,NULL,NULL,NULL,2, 9.218150E+01,0,data,8
47964,45580,940613,35351,94C2, 9.127600E+01,0,2,2,0,2, 0.000000E+00, 0.000000E+00, 0.000000E+00, 0.000000E+00, 0.000000E+00, 0.000000E+00, 7.164049E-02, 4.308305E-01, 3.503407E+00, 8.928232E+01, 0.000000E+00, 8.928232E+01, 0.000000E+00,NULL,NULL,NULL,NULL,0, 0.000000E+00,NULL,NULL,NULL,NULL,2, 8.928232E+01,0,data,8
47964,45586,940613,35354,94C2, 9.127600E+01,28,18,46,28,18, 1.649438E+00,-1.635267E+00, 2.161687E+00, 6.496893E+01, 6.445300E+01, 2.301893E+00, 2.477790E+00,-4.654327E+00, 4.784418E+00, 9.462398E+01, 6.197724E+01, 1.047083E+01, 1.563364E+01,17, 4.595946E+00,0, 0.000000E+00,0, 0.000000E+00,10, 1.159753E+01, 4.389656E-01, 2.585394E+00,NULL,NULL,1,data,8
47964,45587,940613,35359,94C2, 9.127600E+01,0,2,2,0,2, 0.000000E+00, 0.000000E+00, 0.000000E+00, 0.000000E+00, 0.000000E+00, 0.000000E+00,-2.359331E-01,-3.926969E-02, 1.190739E+00, 9.215880E+01, 0.000000E+00, 9.215880E+01, 0.000000E+00,NULL,NULL,NULL,NULL,0, 0.000000E+00,NULL,NULL,NULL,NULL,2, 9.215880E+01,0,data,8
47964,45591,940613,35359,94C2, 9.127600E+01,0,2,2,0,2, 0.000000E+00, 0.000000E+00, 0.000000E+00, 0.000000E+00, 0.000000E+00, 0.000000E+00, 5.399799E-02, 1.166709E-01,-3.015862E-01, 9.131113E+01, 0.000000E+00, 9.131113E+01, 0.000000E+00,NULL,NULL,NULL,NULL,0, 0.000000E+00,NULL,NULL,NULL,NULL,2, 9.131113E+01,0,data,8
47964,45592,940613,35359,94C2, 9.127600E+01,25,16,41,25,16, 7.039673E+00,-7.760279E+00, 9.115823E+00, 6.198709E+01, 6.147681E+01, 2.459072E+00, 1.428925E+01,-1.105759E+01, 1.732471E+01, 1.052083E+02, 5.810658E+01, 1.497004E+01, 2.684226E+01,9, 0.000000E+00,1, 0.000000E+00,0, 0.000000E+00,9, 1.431735E+01, 4.414702E-01, 4.707128E+00,NULL,NULL,1,data,8
47964,45593,940613,35401,94C2, 9.127600E+01,0,2,2,0,2, 0.000000E+00, 0.000000E+00, 0.000000E+00, 0.000000E+00, 0.000000E+00, 0.000000E+00, 1.181185E-01, 1.802306E-01,-1.493038E+00, 8.994641E+01, 0.000000E+00, 8.994641E+01, 0.000000E+00,NULL,NULL,NULL,NULL,0, 0.000000E+00,NULL,NULL,NULL,NULL,2, 8.994641E+01,0,data,8
47964,45594,940613,35401,94C2, 9.127600E+01,0,2,2,0,2, 0.000000E+00, 0.000000E+00, 0.000000E+00, 0.000000E+00, 0.000000E+00, 0.000000E+00, 8.014435E-02, 6.103539E-02,-4.464684E-01, 9.155009E+01, 0.000000E+00, 9.155009E+01, 0.000000E+00,NULL,NULL,NULL,NULL,0, 0.000000E+00,NULL,NULL,NULL,NULL,2, 9.155009E+01,0,data,8
47964,45597,940613,35401,94C2, 9.127600E+01,2,0,2,2,0, 5.701976E+01, 8.030615E+01, 1.885267E+00, 2.784258E+02, 2.784257E+02, 1.392128E+02, 5.701976E+01, 8.030615E+01, 1.885267E+00, 2.784258E+02, 0.000000E+00, 0.000000E+00, 0.000000E+00,2, 2.000837E+00,0, 0.000000E+00,0, 0.000000E+00,NULL,NULL,NULL,NULL,NULL,NULL,0,data,8
47964,45608,940613,35408,94C2, 9.127600E+01,0,2,2,0,2, 0.000000E+00, 0.000000E+00, 0.000000E+00, 0.000000E+00, 0.000000E+00, 0.000000E+00, 2.361593E-01, 1.325462E-02,-2.075150E+00, 9.302672E+01, 0.000000E+00, 9.302672E+01, 0.000000E+00,NULL,NULL,NULL,NULL,0, 0.000000E+00,NULL,NULL,NULL,NULL,2, 9.302672E+01,0,data,8
47964,45612,940613,35408,94C2, 9.127600E+01,12,22,34,12,22,-8.053272E+00,-1.144991E+01, 1.905516E+01, 3.152295E+01, 3.132806E+01, 2.610672E+00,-5.414775E+00,-7.093097E+00, 1.570726E+01, 6.132990E+01, 3.070308E+01, 1.717105E+01, 1.145002E+01,4, 2.120180E-01,15, 1.785136E+00,0, 0.000000E+00,3, 2.519628E+00, 4.955930E-01, 1.333753E+00,NULL,NULL,1,data,8
47964,45615,940613,35413,94C2, 9.127600E+01,0,2,2,0,2, 0.000000E+00, 0.000000E+00, 0.000000E+00, 0.000000E+00, 0.000000E+00, 0.000000E+00,-3.113014E-02, 1.529121E-01, 1.483894E+00, 8.998074E+01, 0.000000E+00, 8.998074E+01, 0.000000E+00,NULL,NULL,NULL,NULL,0, 0.000000E+00,NULL,NULL,NULL,NULL,2, 8.998074E+01,0,data,8
47964,45617,940613,35413,94C2, 9.127600E+01,0,2,2,0,2, 0.000000E+00, 0.000000E+00, 0.000000E+00, 0.000000E+00, 0.000000E+00, 0.000000E+00, 1.370530E-01,-6.527257E-02, 5.188446E-01, 9.401073E+01, 0.000000E+00, 9.401073E+01, 0.000000E+00,NULL,NULL,NULL,NULL,0, 0.000000E+00,NULL,NULL,NULL,NULL,2, 9.401073E+01,0,data,8
47964,45621,940613,35413,94C2, 9.127600E+01,0,2,2,0,2, 0.000000E+00, 0.000000E+00, 0.000000E+00, 0.000000E+00, 0.000000E+00, 0.000000E+00, 1.128069E-01,-4.103804E-02,-1.006771E+00, 9.070952E+01, 0.000000E+00, 9.070952E+01, 0.000000E+00,NULL,NULL,NULL,NULL,0, 0.000000E+00,NULL,NULL,NULL,NULL,2, 9.070952E+01,0,data,8
47964,45622,940613,35413,94C2, 9.127600E+01,35,24,59,35,24,-4.829284E+00, 1.756727E+00,-3.897316E+01, 7.458565E+01, 7.394679E+01, 2.112766E+00,-6.449538E+00, 1.156761E+00,-2.995338E+01, 1.009918E+02, 3.777385E+01, 2.488707E+01, 1.519068E+00,7, 8.879335E-01,16, 3.421208E-01,0, 0.000000E+00,4, 3.883882E+00, 6.402426E-01, 1.265340E+00,5, 0.000000E+00,1,data,8
47964,45627,940613,35418,94C2, 9.127600E+01,0,2,2,0,2, 0.000000E+00, 0.000000E+00, 0.000000E+00, 0.000000E+00, 0.000000E+00, 0.000000E+00,-2.416492E-03, 1.408241E-01, 2.647278E+00, 9.250333E+01, 0.000000E+00, 9.250333E+01, 0.000000E+00,NULL,NULL,NULL,NULL,0, 0.000000E+00,NULL,NULL,NULL,NULL,2, 9.250333E+01,0,data,8
47964,45630,940613,35418,94C2, 9.127600E+01,29,14,43,29,14,-3.099373E+00, 7.225262E-01,-3.529608E+00, 5.315056E+01, 5.242026E+01, 1.807595E+00, 4.916571E+00, 8.713249E+00,-3.475113E+00, 7.381986E+01, 4.874168E+01, 1.050269E+01, 3.907541E+00,14, 2.110301E+00,1, 0.000000E+00,0, 0.000000E+00,7, 1.099994E+01, 4.730201E-01, 6.294441E+00,NULL,NULL,1,data,8
47964,45632,940613,35420,94C2, 9.127600E+01,23,13,36,23,13, 2.572181E+00,-2.292389E+00,-5.001360E+00, 5.109631E+01, 5.081563E+01, 2.209375E+00,-5.245626E+00, 5.327314E+00,-1.099203E+01, 7.868665E+01, 4.920774E+01, 2.759035E+01, 0.000000E+00,11, 7.376848E+00,7, 2.153447E+00,0, 0.000000E+00,7, 2.204068E+01, 4.009174E-01, 1.617897E+01,NULL,NULL,1,data,8
47964,45635,940613,35426,94C2, 9.127600E+01,0,2,2,0,2, 0.000000E+00, 0.000000E+00, 0.000000E+00, 0.000000E+00, 0.000000E+00, 0.000000E+00,-9.834528E-03, 3.996003E-02,-1.315201E+00, 9.143260E+01, 0.000000E+00, 9.143260E+01, 0.000000E+00,NULL,NULL,NULL,NULL,0, 0.000000E+00,NULL,NULL,NULL,NULL,2, 9.143260E+01,0,data,8
47964,45640,940613,35426,94C2, 9.127600E+01,0,2,2,0,2, 0.000000E+00, 0.000000E+00, 0.000000E+00, 0.000000E+00, 0.000000E+00, 0.000000E+00,-9.344542E-02,-1.539445E-01,-1.589573E+00, 9.205214E+01, 0.000000E+00, 9.205214E+01, 0.000000E+00,NULL,NULL,NULL,NULL,0, 0.000000E+00,NULL,NULL,NULL,NULL,2, 9.205214E+01,0,data,8
47964,45642,940613,35426,94C2, 9.127600E+01,0,2,2,0,2, 0.000000E+00, 0.000000E+00, 0.000000E+00, 0.000000E+00, 0.000000E+00, 0.000000E+00, 3.440428E-02,-1.265502E-02, 6.849556E-01, 9.104428E+01, 0.000000E+00, 9.104428E+01, 0.000000E+00,NULL,NULL,NULL,NULL,0, 0.000000E+00,NULL,NULL,NULL,NULL,2, 9.104428E+01,0,data,8
47964,45643,940613,35426,94C2, 9.127600E+01,32,22,54,32,22,-1.673784E+00,-9.018068E-01,-4.238034E+00, 7.366341E+01, 7.306138E+01, 2.283168E+00, 4.021353E+00,-8.064604E+00,-7.499122E+00, 1.181708E+02, 7.023129E+01, 3.034970E+01, 1.111858E+01,17, 5.647696E-01,1, 0.000000E+00,0, 0.000000E+00,14, 2.389972E+01, 2.145508E-01, 5.708034E+00,NULL,NULL,1,data,8
47964,45648,940613,35429,94C2, 9.127600E+01,10,33,43,10,33,-7.745968E-01,-5.745013E-01,-3.321085E+00, 5.228503E+00, 4.906756E+00, 4.906756E-01,-1.184529E+00,-7.491682E+00,-2.805148E+01, 6.339663E+01, 3.521074E+00, 1.846611E+01, 3.903410E+01,4, 0.000000E+00,15, 0.000000E+00,0, 0.000000E+00,4, 2.203031E+00, 3.956366E-01, 6.679003E-01,5, 0.000000E+00,0,data,8
47964,45650,940613,35429,94C2, 9.127600E+01,42,23,65,42,23, 2.930267E+00, 8.519925E+00, 8.072835E+00, 4.988057E+01, 4.909628E+01, 1.168959E+00, 4.374718E+00, 4.549681E+00,-1.231914E+00, 8.469686E+01, 3.127612E+01, 2.710060E+01, 7.774460E+00,6, 0.000000E+00,16, 2.073597E+00,0, 0.000000E+00,5, 6.528589E+00, 4.523619E-01, 2.549228E+00,2, 0.000000E+00,1,data,8
47964,45657,940613,35433,94C2, 9.127600E+01,25,17,42,25,17,-1.499943E+00,-8.603615E-01, 6.035315E-01, 5.289042E+01, 5.249531E+01, 2.099812E+00, 2.135412E+00, 6.270733E+00, 4.595431E+00, 9.273591E+01, 4.536874E+01, 2.292821E+01, 3.599864E+00,14, 1.314128E-01,1, 0.000000E+00,0, 0.000000E+00,12, 3.555464E+01, 4.741737E-01, 7.037246E+00,NULL,NULL,1,data,8
47964,45658,940613,35434,94C2, 9.127600E+01,0,2,2,0,2, 0.000000E+00, 0.000000E+00, 0.000000E+00, 0.000000E+00, 0.000000E+00, 0.000000E+00,-4.057364E-01, 4.762888E-02,-2.866917E+00, 9.155446E+01, 0.000000E+00, 9.155446E+01, 0.000000E+00,NULL,NULL,NULL,NULL,0, 0.000000E+00,NULL,NULL,NULL,NULL,2, 9.155446E+01,0,data,8
47964,45660,940613,35434,94C2, 9.127600E+01,0,3,3,0,3, 0.000000E+00, 0.000000E+00, 0.000000E+00, 0.000000E+00, 0.000000E+00, 0.000000E+00,-6.644009E-01, 1.037414E+00,-8.704746E-02, 3.137948E+00, 0.000000E+00, 3.137948E+00, 0.000000E+00,0, 0.000000E+00,1, 4.227575E-01,0, 0.000000E+00,NULL,NULL,NULL,NULL,NULL,NULL,0,data,8
47964,45663,940613,35438,94C2, 9.127600E+01,3,1,4,3,1, 9.527441E+00,-1.004006E+01,-9.274225E+00, 7.342025E+01, 7.341190E+01, 2.447063E+01, 8.702961E+00,-9.546062E+00,-8.637512E+00, 7.457317E+01, 7.341967E+01, 0.000000E+00, 0.000000E+00,3, 8.104039E+01,0, 0.000000E+00,0, 0.000000E+00,1, 1.152913E+00, 1.152913E+00, 1.152913E+00,NULL,NULL,0,data,8
47964,45664,940613,35438,94C2, 9.127600E+01,0,2,2,0,2, 0.000000E+00, 0.000000E+00, 0.000000E+00, 0.000000E+00, 0.000000E+00, 0.000000E+00, 2.379715E-02, 2.786148E-02,-4.950180E-01, 9.086075E+01, 0.000000E+00, 9.086075E+01, 0.000000E+00,NULL,NULL,NULL,NULL,0, 0.000000E+00,NULL,NULL,NULL,NULL,2, 9.086075E+01,0,data,8
47964,45666,940613,35438,94C2, 9.127600E+01,32,18,50,32,18, 1.805841E+00, 8.847753E+00,-5.410541E-02, 4.595532E+01, 4.533612E+01, 1.416754E+00,-1.048144E+01, 5.972599E+00, 4.763606E+00, 9.798142E+01, 4.312762E+01, 2.809202E+01, 2.172124E+01,15, 2.648729E+00,1, 0.000000E+00,0, 0.000000E+00,11, 3.030485E+01, 4.210199E-01, 2.042817E+01,NULL,NULL,1,data,8
47964,45669,940613,35441,94C2, 9.127600E+01,17,12,29,17,12, 1.615874E+01,-1.285356E+01,-1.331638E+01, 5.522450E+01, 5.477428E+01, 3.222017E+00, 7.018157E+00,-4.547268E+00,-5.554387E+00, 8.109871E+01, 5.398786E+01, 1.621242E+01, 7.029324E+00,12, 1.312887E+01,0, 0.000000E+00,0, 0.000000E+00,9, 1.884488E+01, 7.548742E-01, 6.973768E+00,NULL,NULL,1,data,8
47964,45671,940613,35441,94C2, 9.127600E+01,29,16,45,29,16,-2.422176E+00, 4.402604E+00,-5.396199E+01, 1.319783E+02, 1.313072E+02, 4.527836E+00,-2.064329E+00, 5.001206E+00,-4.803731E+01, 1.472927E+02, 3.582350E+01, 1.006917E+01, 4.377945E+00,2, 0.000000E+00,12, 2.136606E+01,0, 0.000000E+00,2, 8.728747E-01, 3.908015E-01, 4.820732E-01,2, 0.000000E+00,1,data,8
47964,45675,940613,35444,94C2, 9.127600E+01,2,2,4,2,2,-8.698809E-02, 1.916348E-01, 2.416885E-01, 7.279935E+00, 7.274571E+00, 3.637285E+00,-1.760387E-01, 6.804144E-02, 5.193595E-01, 7.720584E+00, 0.000000E+00, 4.406487E-01, 0.000000E+00,NULL,NULL,NULL,NULL,0, 0.000000E+00,NULL,NULL,NULL,NULL,1, 0.000000E+00,0,data,8
47964,45676,940613,35444,94C2, 9.127600E+01,0,2,2,0,2, 0.000000E+00, 0.000000E+00, 0.000000E+00, 0.000000E+00, 0.000000E+00, 0.000000E+00, 8.445609E-02,-4.464746E-02,-3.235588E-01, 9.098738E+01, 0.000000E+00, 9.098738E+01, 0.000000E+00,NULL,NULL,NULL,NULL,0, 0.000000E+00,NULL,NULL,NULL,NULL,2, 9.098738E+01,0,data,8
47964,45677,940613,35444,94C2, 9.127600E+01,2,1,3,2,1,-3.539351E+00,-2.893091E+00, 2.633729E+00, 3.323773E+01, 3.323653E+01, 1.661826E+01,-3.963616E+00,-3.346910E+00, 3.108165E+00, 3.401942E+01, 3.323692E+01, 0.000000E+00, 7.816915E-01,1, 0.000000E+00,0, 0.000000E+00,0, 0.000000E+00,NULL,NULL,NULL,NULL,NULL,NULL,0,data,8
47964,45679,940613,35447,94C2, 9.127600E+01,0,2,2,0,2, 0.000000E+00, 0.000000E+00, 0.000000E+00, 0.000000E+00, 0.000000E+00, 0.000000E+00, 4.556127E-02,-7.766676E-02, 1.251930E+00, 9.191893E+01, 0.000000E+00, 9.191893E+01, 0.000000E+00,NULL,NULL,NULL,NULL,0, 0.000000E+00,NULL,NULL,NULL,NULL,2, 9.191893E+01,0,data,8
47964,45682,940613,35447,94C2, 9.127600E+01,0,2,2,0,2, 0.000000E+00, 0.000000E+00, 0.000000E+00, 0.000000E+00, 0.000000E+00, 0.000000E+00, 2.299476E-02,-8.559856E-02, 5.422974E-01, 9.346700E+01, 0.000000E+00, 9.346700E+01, 0.000000E+00,NULL,NULL,NULL,NULL,0, 0.000000E+00,NULL,NULL,NULL,NULL,2, 9.346700E+01,0,data,8
47964,45689,940613,35451,94C2, 9.127600E+01,0,2,2,0,2, 0.000000E+00, 0.000000E+00, 0.000000E+00, 0.000000E+00, 0.000000E+00, 0.000000E+00, 4.091451E-01, 1.115749E+00,-9.240656E-01, 8.978975E+00, 0.000000E+00, 8.978975E+00, 0.000000E+00,0, 0.000000E+00,1, 0.000000E+00,0, 0.000000E+00,NULL,NULL,NULL,NULL,1, 3.936381E+00,0,data,8
47964,45691,940613,35451,94C2, 9.127600E+01,0,2,2,0,2, 0.000000E+00, 0.000000E+00, 0.000000E+00, 0.000000E+00, 0.000000E+00, 0.000000E+00, 1.543410E-01,-9.443069E-02, 1.943398E+00, 9.292438E+01, 0.000000E+00, 9.292438E+01, 0.000000E+00,NULL,NULL,NULL,NULL,0, 0.000000E+00,NULL,NULL,NULL,NULL,2, 9.292438E+01,0,data,8
47964,45694,940613,35451,94C2, 9.127600E+01,6,4,10,6,4,-2.444999E+01,-9.363934E-01,-6.232574E+01, 6.972162E+01, 6.964968E+01, 1.160828E+01,-7.755772E+00,-2.016062E-01,-1.952131E+01, 1.163835E+02, 2.285171E+01, 4.666184E+01, 0.000000E+00,0, 0.000000E+00,5, 4.960218E+01,0, 0.000000E+00,NULL,NULL,NULL,NULL,NULL,NULL,0,data,8
47964,45701,940613,35454,94C2, 9.127600E+01,0,2,2,0,2, 0.000000E+00, 0.000000E+00, 0.000000E+00, 0.000000E+00, 0.000000E+00, 0.000000E+00, 1.543686E-01, 5.242639E-01, 4.336647E+00, 8.766948E+01, 0.000000E+00, 8.766948E+01, 0.000000E+00,NULL,NULL,NULL,NULL,0, 0.000000E+00,NULL,NULL,NULL,NULL,2, 8.766948E+01,0,data,8
47964,45703,940613,35500,94C2, 9.127600E+01,0,2,2,0,2, 0.000000E+00, 0.000000E+00, 0.000000E+00, 0.000000E+00, 0.000000E+00, 0.000000E+00, 3.084171E-02, 1.785563E-01,-2.152063E+01, 7.436594E+01, 0.000000E+00, 7.436594E+01, 0.000000E+00,NULL,NULL,NULL,NULL,0, 0.000000E+00,NULL,NULL,NULL,NULL,2, 7.436594E+01,0,data,8
47964,45705,940613,35500,94C2, 9.127600E+01,0,2,2,0,2, 0.000000E+00, 0.000000E+00, 0.000000E+00, 0.000000E+00, 0.000000E+00, 0.000000E+00,-1.568508E-02, 2.932107E-01,-2.340359E+00, 9.330956E+01, 0.000000E+00, 9.330956E+01, 0.000000E+00,NULL,NULL,NULL,NULL,0, 0.000000E+00,NULL,NULL,NULL,NULL,2, 9.330956E+01,0,data,8
47964,45710,940613,35506,94C2, 9.127600E+01,0,2,2,0,2, 0.000000E+00, 0.000000E+00, 0.000000E+00, 0.000000E+00, 0.000000E+00, 0.000000E+00, 7.689714E-03, 5.369215E-02,-4.559135E-01, 9.170441E+01, 0.000000E+00, 9.170441E+01, 0.000000E+00,NULL,NULL,NULL,NULL,0, 0.000000E+00,NULL,NULL,NULL,NULL,2, 9.170441E+01,0,data,8
47964,45719,940613,35510,94C2, 9.127600E+01,4,1,5,4,1,-6.896760E-01,-1.379359E+00,-2.379967E+00, 3.941960E+00, 3.879892E+00, 9.699730E-01,-1.277615E+00,-1.221206E+00,-1.674790E+01, 1.832278E+01, 1.771052E+00, 1.438083E+01, 0.000000E+00,NULL,NULL,NULL,NULL,0, 0.000000E+00,NULL,NULL,NULL,NULL,1, 0.000000E+00,0,data,8
47964,45722,940613,35510,94C2, 9.127600E+01,2,0,2,2,0,-4.349138E+00,-2.992490E+01, 4.110583E+01, 5.111668E+01, 5.109444E+01, 2.554722E+01,-4.349138E+00,-2.992490E+01, 4.110583E+01, 5.111668E+01, 5.066380E+01, 0.000000E+00, 0.000000E+00,NULL,NULL,NULL,NULL,0, 0.000000E+00,NULL,NULL,NULL,NULL,NULL,NULL,0,data,8
47964,45723,940613,35510,94C2, 9.127600E+01,0,2,2,0,2, 0.000000E+00, 0.000000E+00, 0.000000E+00, 0.000000E+00, 0.000000E+00, 0.000000E+00, 5.997574E-02, 7.347417E-02, 1.524078E+00, 8.991613E+01, 0.000000E+00, 8.991613E+01, 0.000000E+00,NULL,NULL,NULL,NULL,0, 0.000000E+00,NULL,NULL,NULL,NULL,2, 8.991613E+01,0,data,8
47964,45725,940613,35512,94C2, 9.127600E+01,0,2,2,0,2, 0.000000E+00, 0.000000E+00, 0.000000E+00, 0.000000E+00, 0.000000E+00, 0.000000E+00,-6.521308E-02, 6.338358E-03, 2.521790E+00, 9.167702E+01, 0.000000E+00, 9.167702E+01, 0.000000E+00,NULL,NULL,NULL,NULL,0, 0.000000E+00,NULL,NULL,NULL,NULL,2, 9.167702E+01,0,data,8
47964,45726,940613,35512,94C2, 9.127600E+01,3,4,7,3,4, 3.745349E-01,-1.735736E-01, 2.387763E+00, 2.483880E+00, 2.447144E+00, 8.157145E-01, 3.697631E+00,-2.920561E-01, 1.797163E+01, 7.925867E+01, 0.000000E+00, 7.677478E+01, 0.000000E+00,0, 0.000000E+00,4, 4.031052E-01,0, 0.000000E+00,NULL,NULL,NULL,NULL,NULL,NULL,0,data,8
47964,45731,940613,35517,94C2, 9.127600E+01,0,2,2,0,2, 0.000000E+00, 0.000000E+00, 0.000000E+00, 0.000000E+00, 0.000000E+00, 0.000000E+00,-1.680477E-01, 1.212685E-01, 3.080154E+00, 9.206617E+01, 0.000000E+00, 9.206617E+01, 0.000000E+00,NULL,NULL,NULL,NULL,0, 0.000000E+00,NULL,NULL,NULL,NULL,2, 9.206617E+01,0,data,8
47964,45736,940613,35518,94C2, 9.127600E+01,2,0,2,2,0,-1.906262E+00, 1.058928E+00, 1.780201E+00, 1.916535E+01, 1.916327E+01, 9.581635E+00,-1.906262E+00, 1.058928E+00, 1.780201E+00, 1.916535E+01, 1.916446E+01, 0.000000E+00, 0.000000E+00,NULL,NULL,NULL,NULL,0, 0.000000E+00,NULL,NULL,NULL,NULL,NULL,NULL,0,data,8
47964,45738,940613,35518,94C2, 9.127600E+01,18,10,28,18,10, 1.072854E+00,-1.148606E+00, 3.370737E+00, 1.115143E+01, 1.061173E+01, 5.895403E-01, 8.176242E-01,-1.918804E-01, 1.535616E+01, 2.352618E+01, 8.355442E+00, 1.110350E+01, 1.271240E+00,0, 0.000000E+00,4, 0.000000E+00,0, 0.000000E+00,NULL,NULL,NULL,NULL,4, 0.000000E+00,0,data,8
47964,45739,940613,35519,94C2, 9.127600E+01,0,2,2,0,2, 0.000000E+00, 0.000000E+00, 0.000000E+00, 0.000000E+00, 0.000000E+00, 0.000000E+00,-5.011225E-02, 4.501028E-01,-3.157150E+00, 9.239475E+01, 0.000000E+00, 9.239475E+01, 0.000000E+00,NULL,NULL,NULL,NULL,0, 0.000000E+00,NULL,NULL,NULL,NULL,2, 9.239475E+01,0,data,8
47964,45742,940613,35519,94C2, 9.127600E+01,33,11,44,33,11,-4.819966E+00,-6.984680E-01,-1.848397E+00, 8.009068E+01, 7.963538E+01, 2.413193E+00, 5.740522E+00,-1.625582E+00, 1.765941E+00, 1.001541E+02, 7.304599E+01, 1.432479E+01, 2.737696E+00,16, 8.396336E+00,0, 0.000000E+00,0, 0.000000E+00,7, 1.296182E+01, 1.055236E+00, 3.397560E+00,NULL,NULL,1,data,8
47964,45743,940613,35522,94C2, 9.127600E+01,25,12,37,25,12,-2.400393E+00,-5.670757E+00, 2.716317E+00, 5.287862E+01, 5.235337E+01, 2.094135E+00,-1.271635E+00, 1.643982E+00, 1.202893E+00, 8.144416E+01, 4.779082E+01, 1.463842E+01, 1.001547E+01,10, 7.648475E-02,1, 0.000000E+00,0, 0.000000E+00,9, 1.856273E+01, 5.540958E-01, 5.590603E+00,NULL,NULL,1,data,8
47964,45748,940613,35522,94C2, 9.127600E+01,34,14,48,34,14, 6.219233E+00, 2.640318E+00, 1.755241E-01, 7.332419E+01, 7.272464E+01, 2.138960E+00, 4.079725E+00, 1.523938E+00, 1.489096E+00, 9.431735E+01, 6.764400E+01, 1.805157E+01, 0.000000E+00,15, 3.077555E+00,0, 0.000000E+00,0, 0.000000E+00,11, 1.670017E+01, 6.375011E-01, 2.730842E+00,NULL,NULL,1,data,8
47964,45751,940613,35523,94C2, 9.127600E+01,0,2,2,0,2, 0.000000E+00, 0.000000E+00, 0.000000E+00, 0.000000E+00, 0.000000E+00, 0.000000E+00, 8.206034E-02, 2.845941E-01,-1.065739E+00, 8.860229E+01, 0.000000E+00, 8.860229E+01, 0.000000E+00,NULL,NULL,NULL,NULL,0, 0.000000E+00,NULL,NULL,NULL,NULL,2, 8.860229E+01,0,data,8
47964,45752,940613,35523,94C2, 9.127600E+01,0,2,2,0,2, 0.000000E+00, 0.000000E+00, 0.000000E+00, 0.000000E+00, 0.000000E+00, 0.000000E+00, 3.553903E-02, 1.229405E-02,-1.646980E+00, 9.273208E+01, 0.000000E+00, 9.273208E+01, 0.000000E+00,NULL,NULL,NULL,NULL,0, 0.000000E+00,NULL,NULL,NULL,NULL,2, 9.273208E+01,0,data,8
47964,45754,940613,35523,94C2, 9.127600E+01,24,14,38,24,14, 1.516016E+00, 1.267214E+01,-4.461280E+01, 7.394499E+01, 7.346795E+01, 3.061165E+00, 1.203655E+00, 1.059389E+01,-3.652021E+01, 9.250462E+01, 2.211833E+01, 6.348729E+00, 1.221090E+01,1, 0.000000E+00,17, 2.646566E+01,0, 0.000000E+00,NULL,NULL,NULL,NULL,2, 0.000000E+00,1,data,8
47964,45757,940613,35526,94C2, 9.127600E+01,0,2,2,0,2, 0.000000E+00, 0.000000E+00, 0.000000E+00, 0.000000E+00, 0.000000E+00, 0.000000E+00,-9.759665E-03, 3.989768E-02, 7.681084E-01, 9.346212E+01, 0.000000E+00, 9.346212E+01, 0.000000E+00,NULL,NULL,NULL,NULL,0, 0.000000E+00,NULL,NULL,NULL,NULL,2, 9.346212E+01,0,data,8
47964,45759,940613,35527,94C2, 9.127600E+01,24,19,43,24,19,-9.713131E+00, 1.076786E+00, 2.238274E+00, 4.051067E+01, 4.007824E+01, 1.669927E+00,-1.081340E+01, 1.701137E+00,-2.857756E+00, 6.352284E+01, 3.505745E+01, 2.182817E+01, 1.183998E+00,9, 2.637843E-01,11, 1.328698E+00,0, 0.000000E+00,6, 6.016777E+00, 3.964806E-01, 2.332005E+00,NULL,NULL,1,data,8
47964,45763,940613,35529,94C2, 9.127600E+01,12,7,19,12,7,-5.335465E+00, 1.537913E+00, 1.859140E+01, 2.679212E+01, 2.671107E+01, 2.225923E+00, 8.400714E+00,-2.824364E+00,-2.780774E+01, 7.876453E+01, 0.000000E+00, 5.197240E+01, 0.000000E+00,0, 0.000000E+00,9, 3.438462E+01,0, 0.000000E+00,NULL,NULL,NULL,NULL,NULL,NULL,0,data,8
47964,45766,940613,35529,94C2, 9.127600E+01,23,12,35,23,12,-1.692043E+01, 1.695897E+01, 2.925802E+00, 7.782159E+01, 7.732093E+01, 3.361780E+00,-1.438531E+01, 1.522678E+01, 2.859686E+00, 8.926110E+01, 6.190503E+01, 1.003127E+01, 6.451415E-01,16, 7.332646E+00,0, 0.000000E+00,0, 0.000000E+00,8, 8.363412E+00, 5.039702E-01, 2.583354E+00,NULL,NULL,1,data,8
47964,45768,940613,35529,94C2, 9.127600E+01,23,21,44,23,21,-1.898936E+00, 4.467984E+00, 2.433133E-01, 4.839716E+01, 4.807985E+01, 2.090428E+00,-1.259688E+00, 3.229550E+00,-7.247519E-01, 6.678477E+01, 4.665665E+01, 1.512644E+01, 1.565106E+00,10, 5.952985E-02,5, 0.000000E+00,0, 0.000000E+00,9, 1.316043E+01, 9.861702E-01, 1.914853E+00,3, 0.000000E+00,1,data,8
47964,45770,940613,35529,94C2, 9.127600E+01,5,1,6,5,1, 2.749245E-01, 3.525624E-01,-1.276304E+00, 2.178488E+00, 2.018670E+00, 4.037341E-01, 1.335713E-01, 1.621076E-01,-1.684838E+00, 2.650879E+00, 1.240702E+00, 4.723913E-01, 0.000000E+00,NULL,NULL,NULL,NULL,0, 0.000000E+00,NULL,NULL,NULL,NULL,NULL,NULL,0,data,8
47964,45775,940613,35532,94C2, 9.127600E+01,0,2,2,0,2, 0.000000E+00, 0.000000E+00, 0.000000E+00, 0.000000E+00, 0.000000E+00, 0.000000E+00,-3.095865E-03,-1.540172E-02,-1.336559E+00, 9.046006E+01, 0.000000E+00, 9.046006E+01, 0.000000E+00,NULL,NULL,NULL,NULL,0, 0.000000E+00,NULL,NULL,NULL,NULL,2, 9.046006E+01,0,data,8
47964,45776,940613,35532,94C2, 9.127600E+01,2,0,2,2,0,-1.686663E+01, 1.120891E+02,-8.692521E+01, 2.344494E+02, 2.344491E+02, 1.172246E+02,-1.686663E+01, 1.120891E+02,-8.692521E+01, 2.344494E+02, 0.000000E+00, 0.000000E+00, 0.000000E+00,2, 2.729362E+00,0, 0.000000E+00,0, 0.000000E+00,NULL,NULL,NULL,NULL,NULL,NULL,0,data,8
47964,45777,940613,35532,94C2, 9.127600E+01,0,2,2,0,2, 0.000000E+00, 0.000000E+00, 0.000000E+00, 0.000000E+00, 0.000000E+00, 0.000000E+00, 1.324294E-01, 5.042696E-02,-1.620304E+00, 9.058253E+01, 0.000000E+00, 9.058253E+01, 0.000000E+00,NULL,NULL,NULL,NULL,0, 0.000000E+00,NULL,NULL,NULL,NULL,2, 9.058253E+01,0,data,8
47964,45783,940613,35535,94C2, 9.127600E+01,0,1,1,0,1, 0.000000E+00, 0.000000E+00, 0.000000E+00, 0.000000E+00, 0.000000E+00, 0.000000E+00,-1.323342E-01, 2.572747E+00,-1.360817E+01, 1.384986E+01, 0.000000E+00, 1.384986E+01, 0.000000E+00,0, 0.000000E+00,1, 1.384986E+01,0, 0.000000E+00,NULL,NULL,NULL,NULL,NULL,NULL,0,data,8
47964,45784,940613,35535,94C2, 9.127600E+01,0,2,2,0,2, 0.000000E+00, 0.000000E+00, 0.000000E+00, 0.000000E+00, 0.000000E+00, 0.000000E+00, 8.787781E-02,-6.153834E-01, 6.129608E+00, 8.318370E+01, 0.000000E+00, 8.318370E+01, 0.000000E+00,NULL,NULL,NULL,NULL,0, 0.000000E+00,NULL,NULL,NULL,NULL,2, 8.318370E+01,0,data,8
47964,45785,940613,35535,94C2, 9.127600E+01,0,6,6,0,6, 0.000000E+00, 0.000000E+00, 0.000000E+00, 0.000000E+00, 0.000000E+00, 0.000000E+00, 7.986055E-02, 4.574057E-01, 2.956600E+01, 6.306169E+01, 0.000000E+00, 6.306169E+01, 0.000000E+00,0, 0.000000E+00,4, 4.737723E+00,0, 0.000000E+00,NULL,NULL,NULL,NULL,1, 4.587171E+01,0,data,8
47964,45788,940613,35540,94C2, 9.127600E+01,0,2,2,0,2, 0.000000E+00, 0.000000E+00, 0.000000E+00, 0.000000E+00, 0.000000E+00, 0.000000E+00, 1.252565E-01, 1.766764E-01, 8.549538E-01, 9.260419E+01, 0.000000E+00, 9.260419E+01, 0.000000E+00,NULL,NULL,NULL,NULL,0, 0.000000E+00,NULL,NULL,NULL,NULL,2, 9.260419E+01,0,data,8
47964,45789,940613,35540,94C2, 9.127600E+01,2,1,3,2,1,-1.292786E-01,-3.585006E-01,-6.649827E+00, 8.081596E+00, 8.075336E+00, 4.037668E+00,-4.016036E-01,-1.246989E+00,-9.027852E+00, 1.063475E+01, 8.077991E+00, 2.553150E+00, 0.000000E+00,0, 0.000000E+00,1, 0.000000E+00,0, 0.000000E+00,NULL,NULL,NULL,NULL,NULL,NULL,0,data,8
47964,45791,940613,35540,94C2, 9.127600E+01,0,2,2,0,2, 0.000000E+00, 0.000000E+00, 0.000000E+00, 0.000000E+00, 0.000000E+00, 0.000000E+00, 6.466985E-02, 2.223015E-02, 5.981102E-01, 9.202393E+01, 0.000000E+00, 9.202393E+01, 0.000000E+00,NULL,NULL,NULL,NULL,0, 0.000000E+00,NULL,NULL,NULL,NULL,2, 9.202393E+01,0,data,8
47964,45804,940613,35548,94C2, 9.127600E+01,0,2,2,0,2, 0.000000E+00, 0.000000E+00, 0.000000E+00, 0.000000E+00, 0.000000E+00, 0.000000E+00,-7.250094E-02,-9.387553E-03, 1.953197E+00, 9.062959E+01, 0.000000E+00, 9.062959E+01, 0.000000E+00,NULL,NULL,NULL,NULL,0, 0.000000E+00,NULL,NULL,NULL,NULL,2, 9.062959E+01,0,data,8
47964,45808,940613,35548,94C2, 9.127600E+01,0,2,2,0,2, 0.000000E+00, 0.000000E+00, 0.000000E+00, 0.000000E+00, 0.000000E+00, 0.000000E+00, 7.388175E-02, 8.095774E-02, 9.167595E-01, 8.968732E+01, 0.000000E+00, 8.968732E+01, 0.000000E+00,NULL,NULL,NULL,NULL,0, 0.000000E+00,NULL,NULL,NULL,NULL,2, 8.968732E+01,0,data,8
47964,45810,940613,35548,94C2, 9.127600E+01,19,13,32,19,13,-9.142162E+00,-1.919425E-01, 1.584822E+01, 2.603720E+01, 2.578387E+01, 1.357046E+00,-5.973177E+00,-1.751439E-01, 2.678833E+01, 4.013601E+01, 2.468500E+01, 8.488745E+00, 5.670615E+00,0, 0.000000E+00,9, 0.000000E+00,0, 0.000000E+00,NULL,NULL,NULL,NULL,NULL,NULL,1,data,8
47964,45813,940613,35552,94C2, 9.127600E+01,0,2,2,0,2, 0.000000E+00, 0.000000E+00, 0.000000E+00, 0.000000E+00, 0.000000E+00, 0.000000E+00, 1.987798E-01, 1.074340E-01,-1.599777E+00, 8.959303E+01, 0.000000E+00, 8.959303E+01, 0.000000E+00,NULL,NULL,NULL,NULL,0, 0.000000E+00,NULL,NULL,NULL,NULL,2, 8.959303E+01,0,data,8
47964,45816,940613,35552,94C2, 9.127600E+01,2,0,2,2,0, 2.868158E-02, 1.352950E-01, 1.246886E+00, 2.637288E+00, 2.622390E+00, 1.311195E+00, 2.868158E-02, 1.352950E-01, 1.246886E+00, 2.637288E+00, 2.637288E+00, 0.000000E+00, 0.000000E+00,NULL,NULL,NULL,NULL,0, 0.000000E+00,NULL,NULL,NULL,NULL,NULL,NULL,0,data,8
47964,45817,940613,35552,94C2, 9.127600E+01,23,7,30,23,7,-1.160993E+01,-8.314313E-01, 1.384302E+01, 8.372689E+01, 8.329594E+01, 3.621563E+00,-8.165666E+00,-1.306692E+00, 9.091834E+00, 9.153421E+01, 7.228250E+01, 6.791929E+00, 0.000000E+00,6, 0.000000E+00,3, 0.000000E+00,0, 0.000000E+00,4, 6.438994E+00, 5.606802E-01, 4.151661E+00,NULL,NULL,1,data,8
47964,45818,940613,35555,94C2, 9.127600E+01,0,2,2,0,2, 0.000000E+00, 0.000000E+00, 0.000000E+00, 0.000000E+00, 0.000000E+00, 0.000000E+00, 3.555191E-02,-5.763710E-02,-6.926498E-01, 9.049030E+01, 0.000000E+00, 9.049030E+01, 0.000000E+00,NULL,NULL,NULL,NULL,0, 0.000000E+00,NULL,NULL,NULL,NULL,2, 9.049030E+01,0,data,8
47964,45820,940613,35555,94C2, 9.127600E+01,2,0,2,2,0,-9.454556E-01, 1.591711E+00, 7.342207E-02, 6.236456E+01, 6.236394E+01, 3.118197E+01,-9.454556E-01, 1.591711E+00, 7.342207E-02, 6.236456E+01, 0.000000E+00, 0.000000E+00, 0.000000E+00,1, 0.000000E+00,0, 0.000000E+00,0, 0.000000E+00,NULL,NULL,NULL,NULL,NULL,NULL,0,data,8
47964,45822,940613,35555,94C2, 9.127600E+01,0,3,3,0,3, 0.000000E+00, 0.000000E+00, 0.000000E+00, 0.000000E+00, 0.000000E+00, 0.000000E+00, 3.972979E-01,-2.690027E-01,-2.635315E+01, 6.569447E+01, 0.000000E+00, 6.569447E+01, 0.000000E+00,0, 0.000000E+00,2, 9.369783E-01,0, 0.000000E+00,NULL,NULL,NULL,NULL,1, 4.585665E+01,0,data,8
47964,45825,940613,35557,94C2, 9.127600E+01,26,7,33,26,7,-7.841732E+00,-9.188880E+00, 2.167645E+01, 1.652044E+02, 1.649429E+02, 6.343959E+00,-8.107600E+00,-9.743658E+00, 2.287328E+01, 1.726206E+02, 5.801670E+01, 7.416176E+00, 0.000000E+00,0, 0.000000E+00,9, 2.883077E+01,0, 0.000000E+00,NULL,NULL,NULL,NULL,1, 0.000000E+00,1,data,8
47964,45827,940613,35557,94C2, 9.127600E+01,2,1,3,2,1,-3.445911E-02,-2.423146E-02, 4.238384E+00, 5.511380E+00, 5.502575E+00, 2.751287E+00, 3.435186E-02,-1.527617E-01, 4.374360E+00, 5.710740E+00, 5.510334E+00, 0.000000E+00, 1.993596E-01,0, 0.000000E+00,1, 0.000000E+00,0, 0.000000E+00,NULL,NULL,NULL,NULL,NULL,NULL,0,data,8
47964,45831,940613,35559,94C2, 9.127600E+01,35,12,47,35,12, 7.876524E+00, 1.452841E+01, 8.595617E+00, 6.269080E+01, 6.131683E+01, 1.751909E+00, 8.462949E+00, 1.621758E+01, 8.198822E+00, 7.878957E+01, 5.579727E+01, 1.580547E+01, 2.932889E-01,11, 2.101134E+00,0, 0.000000E+00,0, 0.000000E+00,8, 1.404480E+01, 4.891248E-01, 4.539037E+00,NULL,NULL,1,data,8
47964,45838,940613,35602,94C2, 9.127600E+01,0,2,2,0,2, 0.000000E+00, 0.000000E+00, 0.000000E+00, 0.000000E+00, 0.000000E+00, 0.000000E+00,-3.953795E-02, 1.432848E-02,-1.098747E-01, 9.090454E+01, 0.000000E+00, 9.090454E+01, 0.000000E+00,NULL,NULL,NULL,NULL,0, 0.000000E+00,NULL,NULL,NULL,NULL,2, 9.090454E+01,0,data,8
47964,45839,940613,35602,94C2, 9.127600E+01,0,2,2,0,2, 0.000000E+00, 0.000000E+00, 0.000000E+00, 0.000000E+00, 0.000000E+00, 0.000000E+00,-4.426873E-02,-3.625951E-01, 3.913826E+00, 9.562398E+01, 0.000000E+00, 9.562398E+01, 0.000000E+00,NULL,NULL,NULL,NULL,0, 0.000000E+00,NULL,NULL,NULL,NULL,2, 9.562398E+01,0,data,8
47964,45844,940613,35608,94C2, 9.127600E+01,0,2,2,0,2, 0.000000E+00, 0.000000E+00, 0.000000E+00, 0.000000E+00, 0.000000E+00, 0.000000E+00, 1.785719E-02, 7.266843E-02, 9.151840E-02, 9.129900E+01, 0.000000E+00, 9.129900E+01, 0.000000E+00,NULL,NULL,NULL,NULL,0, 0.000000E+00,NULL,NULL,NULL,NULL,2, 9.129900E+01,0,data,8
47964,45846,940613,35608,94C2, 9.127600E+01,3,5,8,3,5,-7.827169E-01, 2.651848E-02, 1.374393E+00, 2.503290E+00, 2.461954E+00, 8.206513E-01,-1.274321E+00, 1.812587E-01, 2.013032E+00, 4.516843E+00, 8.007812E-01, 1.798699E+00, 2.148536E-01,1, 0.000000E+00,2, 5.549546E-01,0, 0.000000E+00,1, 3.400237E-01, 3.400237E-01, 3.400237E-01,1, 0.000000E+00,0,data,8
47964,45848,940613,35608,94C2, 9.127600E+01,0,2,2,0,2, 0.000000E+00, 0.000000E+00, 0.000000E+00, 0.000000E+00, 0.000000E+00, 0.000000E+00, 1.455772E-01, 5.715752E-02, 2.861366E-01, 9.155835E+01, 0.000000E+00, 9.155835E+01, 0.000000E+00,NULL,NULL,NULL,NULL,0, 0.000000E+00,NULL,NULL,NULL,NULL,2, 9.155835E+01,0,data,8
47964,45857,940613,35611,94C2, 9.127600E+01,4,14,18,4,14, 9.834457E+00,-2.549992E+00, 1.534530E+01, 4.976833E+01, 4.975920E+01, 1.243980E+01,-1.210306E+00, 1.012566E-01,-2.369182E+00, 8.306274E+01, 4.977247E+01, 3.329441E+01, 0.000000E+00,0, 0.000000E+00,15, 5.584796E+01,0, 0.000000E+00,NULL,NULL,NULL,NULL,1, 0.000000E+00,0,data,8
47964,45858,940613,35612,94C2, 9.127600E+01,24,21,45,24,21, 7.686487E+00, 2.714281E+00, 5.733850E-01, 5.220918E+01, 5.188802E+01, 2.162001E+00,-1.678520E+00,-4.528769E+00,-1.896447E+00, 8.281882E+01, 4.635344E+01, 1.468393E+01, 1.349612E+01,18, 4.304542E+00,3, 3.294491E-01,0, 0.000000E+00,9, 1.248134E+01, 3.678358E-01, 4.114632E+00,NULL,NULL,1,data,8
47964,45862,940613,35618,94C2, 9.127600E+01,2,0,2,2,0,-1.455279E-01, 9.617081E-02,-2.763262E+00, 3.027634E+00, 3.013799E+00, 1.506900E+00,-1.455279E-01, 9.617081E-02,-2.763262E+00, 3.027634E+00, 1.455591E+00, 0.000000E+00, 0.000000E+00,0, 0.000000E+00,1, 0.000000E+00,0, 0.000000E+00,NULL,NULL,NULL,NULL,NULL,NULL,0,data,8
47964,45866,940613,35618,94C2, 9.127600E+01,0,2,2,0,2, 0.000000E+00, 0.000000E+00, 0.000000E+00, 0.000000E+00, 0.000000E+00, 0.000000E+00,-6.466293E-02,-2.114081E-01, 9.692001E-02, 9.444908E+01, 0.000000E+00, 9.444908E+01, 0.000000E+00,NULL,NULL,NULL,NULL,0, 0.000000E+00,NULL,NULL,NULL,NULL,2, 9.444908E+01,0,data,8
47964,45869,940613,35618,94C2, 9.127600E+01,0,2,2,0,2, 0.000000E+00, 0.000000E+00, 0.000000E+00, 0.000000E+00, 0.000000E+00, 0.000000E+00, 1.266693E-01, 1.757216E-02, 3.408508E-01, 8.984262E+01, 0.000000E+00, 8.984262E+01, 0.000000E+00,NULL,NULL,NULL,NULL,0, 0.000000E+00,NULL,NULL,NULL,NULL,2, 8.984262E+01,0,data,8
47964,45872,940613,35619,94C2, 9.127600E+01,30,17,47,30,17, 1.155731E+01, 2.760823E+00,-1.062127E+01, 6.479250E+01, 6.406270E+01, 2.135423E+00,-1.291507E+00,-1.467033E+00, 6.502004E-01, 1.022200E+02, 6.163558E+01, 2.734848E+01, 5.471206E+00,15, 7.664147E+00,0, 0.000000E+00,0, 0.000000E+00,11, 3.174570E+01, 4.096561E-01, 8.409678E+00,1, 0.000000E+00,1,data,8
47964,45876,940613,35623,94C2, 9.127600E+01,0,2,2,0,2, 0.000000E+00, 0.000000E+00, 0.000000E+00, 0.000000E+00, 0.000000E+00, 0.000000E+00,-2.557290E-02, 1.693146E-01, 1.441864E+00, 9.288093E+01, 0.000000E+00, 9.288093E+01, 0.000000E+00,NULL,NULL,NULL,NULL,0, 0.000000E+00,NULL,NULL,NULL,NULL,2, 9.288093E+01,0,data,8
47964,45880,940613,35623,94C2, 9.127600E+01,5,1,6,5,1, 2.262605E-01, 8.439190E-01,-7.580854E-01, 2.140978E+00, 1.901021E+00, 3.802041E-01, 1.108107E+00, 5.969337E-01,-2.117334E+01, 2.257676E+01, 0.000000E+00, 2.043579E+01, 0.000000E+00,1, 0.000000E+00,0, 0.000000E+00,0, 0.000000E+00,NULL,NULL,NULL,NULL,1, 0.000000E+00,0,data,8
47964,45884,940613,35625,94C2, 9.127600E+01,31,21,52,31,21, 1.124792E+00,-1.111000E+00, 5.521628E-01, 7.758928E+01, 7.716534E+01, 2.489205E+00, 6.941643E+00,-1.451229E+00, 5.583507E+00, 1.002571E+02, 6.576118E+01, 1.525475E+01, 7.413086E+00,1, 0.000000E+00,22, 1.937207E+01,0, 0.000000E+00,1, 1.049781E+00, 1.049781E+00, 1.049781E+00,NULL,NULL,1,data,8
47964,45886,940613,35626,94C2, 9.127600E+01,0,2,2,0,2, 0.000000E+00, 0.000000E+00, 0.000000E+00, 0.000000E+00, 0.000000E+00, 0.000000E+00, 3.688121E-02, 1.379709E-01,-1.100185E+00, 8.706235E+01, 0.000000E+00, 8.706235E+01, 0.000000E+00,NULL,NULL,NULL,NULL,0, 0.000000E+00,NULL,NULL,NULL,NULL,2, 8.706235E+01,0,data,8
47964,45887,940613,35626,94C2, 9.127600E+01,0,2,2,0,2, 0.000000E+00, 0.000000E+00, 0.000000E+00, 0.000000E+00, 0.000000E+00, 0.000000E+00, 2.498794E-01, 2.929652E-02, 2.394165E+00, 9.002081E+01, 0.000000E+00, 9.002081E+01, 0.000000E+00,NULL,NULL,NULL,NULL,0, 0.000000E+00,NULL,NULL,NULL,NULL,2, 9.002081E+01,0,data,8
47964,45889,940613,35626,94C2, 9.127600E+01,31,13,44,31,13, 4.999729E+00,-2.819548E-01,-4.910295E+00, 8.263881E+01, 8.212950E+01, 2.649339E+00, 5.159256E+00,-1.282205E+01,-1.526070E+00, 1.013707E+02, 6.570975E+01, 1.343499E+01, 2.234998E+00,13, 6.172598E-01,0, 0.000000E+00,0, 0.000000E+00,8, 1.210818E+01, 4.678312E-01, 3.772157E+00,NULL,NULL,1,data,8
47964,45895,940613,35630,94C2, 9.127600E+01,32,15,47,32,15,-2.096032E-01,-1.684175E+00,-2.765272E+00, 5.041174E+01, 4.966266E+01, 1.551958E+00,-1.238217E+00,-1.579556E+00,-2.980406E+00, 6.779843E+01, 4.266113E+01, 1.336616E+01, 1.855156E+00,13, 6.762946E+00,2, 0.000000E+00,0, 0.000000E+00,9, 1.290235E+01, 3.199736E-01, 2.664513E+00,1, 0.000000E+00,1,data,8
47964,45899,940613,35633,94C2, 9.127600E+01,0,2,2,0,2, 0.000000E+00, 0.000000E+00, 0.000000E+00, 0.000000E+00, 0.000000E+00, 0.000000E+00, 1.477790E-02,-2.956966E-02, 4.532928E-01, 8.830582E+01, 0.000000E+00, 8.830582E+01, 0.000000E+00,NULL,NULL,NULL,NULL,0, 0.000000E+00,NULL,NULL,NULL,NULL,2, 8.830582E+01,0,data,8
47964,45900,940613,35633,94C2, 9.127600E+01,24,11,35,24,11, 1.230896E+00,-3.202855E-01, 9.375305E-01, 8.005925E+01, 7.983801E+01, 3.326584E+00, 1.368746E+01,-6.298924E+00,-5.378196E+00, 1.076079E+02, 7.932438E+01, 1.105037E+01, 1.470005E+01,11, 1.123388E+00,0, 0.000000E+00,0, 0.000000E+00,9, 1.288780E+01, 5.482847E-01, 2.828736E+00,NULL,NULL,1,data,8
47964,45905,940613,35636,94C2, 9.127600E+01,0,2,2,0,2, 0.000000E+00, 0.000000E+00, 0.000000E+00, 0.000000E+00, 0.000000E+00, 0.000000E+00, 9.609127E-02, 1.937324E-01,-1.328575E+01, 7.784576E+01, 0.000000E+00, 7.784576E+01, 0.000000E+00,NULL,NULL,NULL,NULL,0, 0.000000E+00,NULL,NULL,NULL,NULL,2, 7.784576E+01,0,data,8
47964,45906,940613,35636,94C2, 9.127600E+01,0,2,2,0,2, 0.000000E+00, 0.000000E+00, 0.000000E+00, 0.000000E+00, 0.000000E+00, 0.000000E+00,-3.596854E-02,-6.769586E-02, 1.329395E+00, 9.180077E+01, 0.000000E+00, 9.180077E+01, 0.000000E+00,NULL,NULL,NULL,NULL,0, 0.000000E+00,NULL,NULL,NULL,NULL,2, 9.180077E+01,0,data,8
47964,45908,940613,35636,94C2, 9.127600E+01,18,6,24,18,6, 1.839170E+00, 1.111494E+00,-1.791795E+00, 7.588823E+00, 6.931796E+00, 3.850998E-01, 1.542143E+00, 5.098113E-01,-1.281750E+01, 1.897922E+01, 3.000863E+00, 1.049198E+01, 8.984171E-01,0, 0.000000E+00,1, 0.000000E+00,0, 0.000000E+00,NULL,NULL,NULL,NULL,2, 0.000000E+00,0,data,8
47964,45910,940613,35639,94C2, 9.127600E+01,2,0,2,2,0,-3.917336E-03,-2.082909E-02, 8.981307E-01, 1.419163E+00, 1.389219E+00, 6.946095E-01,-3.917336E-03,-2.082909E-02, 8.981307E-01, 1.419163E+00, 1.419163E+00, 0.000000E+00, 0.000000E+00,NULL,NULL,NULL,NULL,0, 0.000000E+00,NULL,NULL,NULL,NULL,NULL,NULL,0,data,8
47964,45913,940613,35639,94C2, 9.127600E+01,2,0,2,2,0, 1.407968E+01,-1.911046E+01,-1.579009E+00, 1.008279E+02, 1.008275E+02, 5.041376E+01, 1.407968E+01,-1.911046E+01,-1.579009E+00, 1.008279E+02, 1.008278E+02, 0.000000E+00, 0.000000E+00,2, 1.058270E-01,0, 0.000000E+00,0, 0.000000E+00,NULL,NULL,NULL,NULL,NULL,NULL,0,data,8
47964,45914,940613,35639,94C2, 9.127600E+01,1,3,4,1,3,-1.681791E+01, 5.100871E+01,-8.177213E+01, 9.783369E+01, 9.783360E+01, 9.783360E+01,-1.694839E+01, 5.503401E+01,-8.048153E+01, 1.087155E+02, 0.000000E+00, 4.721409E+00, 0.000000E+00,1, 0.000000E+00,1, 0.000000E+00,0, 0.000000E+00,1, 6.160439E+00, 6.160439E+00, 6.160439E+00,NULL,NULL,0,data,8
