run,evt,date,time,dsttype,ecm,nctrk,nntrk,nvecp,ncvecp,nnvecp,sum_px_ch,sum_py_ch,sum_pz_ch,sum_e_ch,sum_p_ch,mean_p_ch,sum_px_all,sum_py_all,sum_pz_all,sum_e_all,echar,emneu,ehneu,nhpc,ehpc_sum,nemf,eemf_sum,nemclu,eemclu_sum,nphot,ephot_sum,ephot_min,ephot_max,nstic,estic_sum,ihad4,sample,file_id
-21022,2350,20228,180410,94C2, 9.125000E+01,23,19,42,23,19,-2.220057E+01, 2.613894E+00,-8.939054E+00, 7.481556E+01, 7.462265E+01, 3.244463E+00,-2.271336E+01, 5.449305E+00,-7.846832E+00, 1.081721E+02, 4.306973E+01, 2.393614E+01, 8.244068E+00,22, 1.054686E+01,0, 0.000000E+00,0, 0.000000E+00,14, 2.511245E+01, 3.886684E-01, 4.324487E+00,NULL,NULL,1,mc_qqps,34
-21022,2351,20228,180429,94C2, 9.125000E+01,26,11,37,26,11,-2.007583E+00, 8.685322E-01, 3.181914E+00, 5.971584E+01, 5.943344E+01, 2.285902E+00,-2.293415E+00, 2.483081E+00, 1.758725E+00, 7.622202E+01, 5.975177E+01, 1.650618E+01, 0.000000E+00,23, 1.872109E+01,0, 0.000000E+00,0, 0.000000E+00,11, 1.650618E+01, 5.757415E-01, 4.695163E+00,NULL,NULL,1,mc_qqps,34
-21022,2352,20228,180447,94C2, 9.125000E+01,19,15,34,19,15, 1.725711E+01,-1.622442E+01,-7.115861E+00, 4.450315E+01, 4.417465E+01, 2.324982E+00, 1.985650E+00,-6.606674E+00,-7.308736E-01, 9.073699E+01, 4.216611E+01, 1.773783E+01, 2.410822E+01,12, 4.583461E-01,0, 0.000000E+00,0, 0.000000E+00,10, 1.973601E+01, 5.756113E-01, 6.383521E+00,NULL,NULL,1,mc_qqps,34
-21022,2353,20228,180504,94C2, 9.125000E+01,23,7,30,23,7,-8.999648E+00,-2.683968E+00, 2.159900E+01, 1.044269E+02, 1.042303E+02, 4.531752E+00,-7.657927E+00,-1.770581E+00, 1.617137E+01, 1.137697E+02, 7.965443E+01, 9.342818E+00, 0.000000E+00,1, 0.000000E+00,11, 1.084763E+01,0, 0.000000E+00,1, 1.133088E+00, 1.133088E+00, 1.133088E+00,1, 0.000000E+00,1,mc_qqps,34
-21022,2354,20228,180519,94C2, 9.125000E+01,27,11,38,27,11, 9.258457E-01, 1.889643E+00,-3.812637E+00, 6.761501E+01, 6.706881E+01, 2.484030E+00, 3.117508E-02, 5.690255E+00,-1.211067E+01, 8.317649E+01, 5.597924E+01, 1.403095E+01, 6.239012E-01,2, 0.000000E+00,13, 2.404686E+00,0, 0.000000E+00,1, 9.066330E-01, 9.066330E-01, 9.066330E-01,1, 0.000000E+00,1,mc_qqps,34
-21022,2355,20228,180537,94C2, 9.125000E+01,14,7,21,14,7, 5.857282E+00,-1.041568E+01,-4.548099E+00, 3.783997E+01, 3.770543E+01, 2.693245E+00,-7.252388E+00, 1.641066E+01, 5.947848E+00, 8.232270E+01, 3.774291E+01, 3.935630E+01, 5.230174E+00,10, 7.433329E+00,0, 0.000000E+00,0, 0.000000E+00,4, 3.935630E+01, 8.103043E-01, 2.451066E+01,NULL,NULL,1,mc_qqps,34
-21022,2356,20228,180549,94C2, 9.125000E+01,17,11,28,17,11, 2.651179E+00,-4.121787E+00,-2.978803E+00, 4.768840E+01, 4.745979E+01, 2.791752E+00, 1.293348E+00,-3.767224E+00,-4.916331E-01, 6.929805E+01, 4.778915E+01, 1.251209E+01, 7.777522E+00,11, 1.835110E+01,0, 0.000000E+00,0, 0.000000E+00,8, 1.393425E+01, 5.261611E-01, 4.011292E+00,NULL,NULL,1,mc_qqps,34
-21022,2357,20228,180603,94C2, 9.125000E+01,12,8,20,12,8, 8.023255E+00, 4.049378E+00,-9.987944E+00, 6.770466E+01, 6.752592E+01, 5.627161E+00, 5.155589E+00, 2.812033E+00,-6.984371E+00, 7.815609E+01, 6.737939E+01, 8.167461E+00, 5.466549E-01,5, 7.696909E-02,4, 9.338508E-01,0, 0.000000E+00,4, 7.596713E+00, 8.824890E-01, 3.858135E+00,NULL,NULL,1,mc_qqps,34
-21022,2358,20228,180626,94C2, 9.125000E+01,18,17,35,18,17, 3.505013E+00, 5.680984E+00,-1.052592E+01, 4.214622E+01, 4.177606E+01, 2.320892E+00,-4.547881E+00,-6.969248E+00, 1.119799E+01, 7.337592E+01, 3.959852E+01, 2.198169E+01, 8.571887E+00,5, 4.609651E+00,5, 0.000000E+00,0, 0.000000E+00,3, 1.647577E+01, 6.761221E-01, 1.511415E+01,NULL,NULL,1,mc_qqps,34
-21022,2359,20228,180648,94C2, 9.125000E+01,20,11,31,20,11, 4.365560E-01,-8.283043E-01,-3.161351E-01, 6.059514E+01, 6.019535E+01, 3.009767E+00, 7.146052E+00,-9.268819E+00,-7.199636E-01, 9.353864E+01, 5.760866E+01, 2.086674E+01, 1.211869E+01,16, 1.448054E+01,0, 0.000000E+00,0, 0.000000E+00,8, 1.892010E+01, 9.428116E-01, 6.439298E+00,NULL,NULL,1,mc_qqps,34
-21022,2360,20228,180706,94C2, 9.125000E+01,23,12,35,23,12, 9.818464E-01, 3.698032E+00, 6.617847E+00, 5.864296E+01, 5.834442E+01, 2.536714E+00, 7.973344E-01, 1.464598E+00,-1.058889E+00, 7.245392E+01, 5.188354E+01, 1.172694E+01, 2.084020E+00,4, 0.000000E+00,13, 2.723672E+01,0, 0.000000E+00,3, 2.258345E+00, 3.235148E-01, 1.301942E+00,NULL,NULL,1,mc_qqps,34
-21022,2361,20228,180719,94C2, 9.125000E+01,30,19,49,30,19,-8.686086E+00, 4.973238E+00, 7.910470E-01, 4.751180E+01, 4.679862E+01, 1.559954E+00,-3.840827E+00, 1.688720E+00,-1.424443E-01, 8.017836E+01, 3.496830E+01, 2.107263E+01, 5.840628E+00,19, 4.315584E+00,1, 0.000000E+00,0, 0.000000E+00,15, 2.592852E+01, 3.545229E-01, 4.972390E+00,NULL,NULL,1,mc_qqps,34
-21022,2362,20228,180742,94C2, 9.125000E+01,39,21,60,39,21,-3.373176E-01, 9.698921E-01, 1.967047E+01, 5.146175E+01, 5.046762E+01, 1.294042E+00, 1.221743E+00,-7.995816E-02, 1.897755E+01, 7.260495E+01, 2.308587E+01, 1.593430E+01, 5.208904E+00,0, 0.000000E+00,22, 2.778469E+00,0, 0.000000E+00,NULL,NULL,NULL,NULL,2, 0.000000E+00,1,mc_qqps,34
-21022,2363,20228,180804,94C2, 9.125000E+01,34,20,54,34,20, 6.979171E+00, 3.722163E+00,-4.973064E+00, 5.521324E+01, 5.470155E+01, 1.608869E+00, 3.853497E+00, 6.350160E+00, 1.130125E+00, 9.484788E+01, 4.892658E+01, 1.650124E+01, 1.973776E+01,14, 1.219982E-01,4, 0.000000E+00,0, 0.000000E+00,11, 1.273457E+01, 4.200174E-01, 2.569722E+00,NULL,NULL,1,mc_qqps,34
-21022,2364,20228,180829,94C2, 9.125000E+01,43,7,50,43,7, 1.121249E-01,-8.333260E-01,-7.171260E-01, 5.721095E+01, 5.614766E+01, 1.305759E+00,-4.081088E+00, 7.488498E+00, 6.489513E-01, 6.991740E+01, 3.955360E+01, 1.270645E+01, 0.000000E+00,13, 4.092121E+00,0, 0.000000E+00,0, 0.000000E+00,6, 1.155121E+01, 5.104315E-01, 5.931203E+00,NULL,NULL,1,mc_qqps,34
-21022,2365,20228,180849,94C2, 9.125000E+01,51,21,72,51,21,-1.507572E+01, 1.970376E+02,-1.264316E+01, 2.562186E+02, 2.546252E+02, 4.992651E+00,-1.511320E+01, 1.892795E+02,-1.515833E+01, 2.891363E+02, 4.579090E+01, 2.641107E+01, 2.655680E+00,25, 9.931196E+00,0, 0.000000E+00,0, 0.000000E+00,18, 2.490971E+01, 4.551878E-01, 4.077715E+00,1, 0.000000E+00,1,mc_qqps,34
-21022,2366,20228,180916,94C2, 9.125000E+01,45,14,59,45,14, 7.468899E+00,-2.139516E+00, 2.531922E+00, 7.234441E+01, 7.096631E+01, 1.577029E+00,-1.181607E+00,-7.247933E-01, 2.698547E-01, 9.140063E+01, 6.418948E+01, 1.312375E+01, 4.862752E+00,14, 6.079111E+00,0, 0.000000E+00,0, 0.000000E+00,9, 1.389759E+01, 4.856653E-01, 3.712220E+00,NULL,NULL,1,mc_qqps,34
-21022,2367,20228,180938,94C2, 9.125000E+01,31,15,46,31,15,-4.117150E-01,-1.703267E+00, 1.795751E+00, 5.660139E+01, 5.607253E+01, 1.808791E+00, 2.736771E+00,-1.742103E+00, 3.823593E+00, 7.572450E+01, 5.443966E+01, 1.217480E+01, 5.997267E+00,16, 1.923048E+01,0, 0.000000E+00,0, 0.000000E+00,8, 1.041714E+01, 4.787889E-01, 1.979407E+00,NULL,NULL,1,mc_qqps,34
-21022,2368,20228,180957,94C2, 9.125000E+01,23,19,42,23,19, 1.546154E+01,-5.461359E+00,-1.021501E+01, 6.313361E+01, 6.277316E+01, 2.729268E+00, 2.222787E+01,-9.737404E+00,-1.706043E+01, 1.297276E+02, 3.635989E+01, 4.918012E+01, 4.774858E+00,19, 7.918759E+00,0, 0.000000E+00,0, 0.000000E+00,14, 5.000941E+01, 5.799924E-01, 1.116591E+01,NULL,NULL,1,mc_qqps,34
-21022,2369,20228,181015,94C2, 9.125000E+01,22,14,36,22,14,-1.118656E+01,-1.173992E+01,-6.476446E+00, 5.509963E+01, 5.464600E+01, 2.483909E+00, 2.715804E+00, 8.802503E-03,-6.531183E-01, 8.605057E+01, 5.197445E+01, 2.472573E+01, 1.252376E+00,19, 2.086604E+01,0, 0.000000E+00,0, 0.000000E+00,12, 2.969857E+01, 3.781530E-01, 9.694361E+00,NULL,NULL,1,mc_qqps,34
-21022,2370,20228,181031,94C2, 9.125000E+01,19,10,29,19,10,-6.774627E+00,-1.242319E+00,-4.258014E+00, 4.143562E+01, 4.102290E+01, 2.159100E+00,-6.288177E+00,-1.058325E+00,-4.028751E-01, 7.127319E+01, 4.034700E+01, 1.088068E+01, 1.624766E+01,8, 9.229620E-02,0, 0.000000E+00,0, 0.000000E+00,7, 1.367368E+01, 7.674488E-01, 6.789596E+00,NULL,NULL,1,mc_qqps,34
-21022,2371,20228,181051,94C2, 9.125000E+01,30,16,46,30,16, 4.529717E+00,-3.564657E+00,-1.120132E+01, 4.608541E+01, 4.535650E+01, 1.511883E+00,-1.876897E+00, 8.099528E-01,-1.954969E+00, 6.777838E+01, 4.056468E+01, 2.146782E+01, 2.259215E-01,5, 3.580606E+00,10, 0.000000E+00,0, 0.000000E+00,2, 1.253305E+01, 5.828708E-01, 1.195018E+01,1, 0.000000E+00,1,mc_qqps,34
-21022,2372,20228,181115,94C2, 9.125000E+01,32,17,49,32,17,-7.647467E-01,-3.824865E-01, 7.440406E+00, 8.622691E+01, 8.578810E+01, 2.680878E+00,-2.991747E+00,-3.929478E-01,-5.231566E-01, 1.103928E+02, 2.367023E+01, 1.352632E+01, 1.063957E+01,1, 0.000000E+00,20, 6.487655E+00,0, 0.000000E+00,1, 9.914261E-01, 9.914261E-01, 9.914261E-01,2, 0.000000E+00,1,mc_qqps,34
-21022,2373,20228,181139,94C2, 9.125000E+01,34,14,48,34,14, 4.077322E+00, 1.939876E+01,-4.765237E+01, 9.723373E+01, 9.640970E+01, 2.835579E+00, 5.229623E-01, 1.892408E+01,-4.651995E+01, 1.386602E+02, 3.096972E+01, 3.924566E+01, 2.321706E+00,0, 0.000000E+00,10, 1.529070E+01,0, 0.000000E+00,NULL,NULL,NULL,NULL,2, 0.000000E+00,1,mc_qqps,34
-21022,2374,20228,181158,94C2, 9.125000E+01,46,13,59,46,13,-9.988811E+00, 6.953032E+00, 6.022944E+00, 7.288743E+01, 7.194738E+01, 1.564073E+00,-1.039838E+01, 3.146791E+00, 5.752501E+00, 9.096512E+01, 4.823476E+01, 1.212147E+01, 8.948187E-01,15, 1.378572E-01,1, 0.000000E+00,0, 0.000000E+00,8, 1.650053E+01, 4.605907E-01, 4.600809E+00,NULL,NULL,1,mc_qqps,34
-21022,2375,20228,181219,94C2, 9.125000E+01,43,8,51,43,8, 3.411071E+00, 8.061813E+00,-8.159111E+00, 8.883657E+01, 8.798619E+01, 2.046191E+00, 4.704698E+00, 4.665936E+00,-6.497711E+00, 1.097507E+02, 6.847935E+01, 1.625346E+01, 4.694632E+00,9, 0.000000E+00,0, 0.000000E+00,0, 0.000000E+00,4, 9.641566E+00, 1.256874E+00, 3.138424E+00,NULL,NULL,1,mc_qqps,34
-21022,2376,20228,181238,94C2, 9.125000E+01,37,14,51,37,14,-5.119190E+00, 2.843878E+00,-3.709839E+00, 7.966115E+01, 7.909978E+01, 2.137832E+00, 6.064692E+00,-2.868890E+00, 4.978193E+00, 1.046890E+02, 7.237576E+01, 2.298492E+01, 1.449160E+00,19, 1.195621E+01,0, 0.000000E+00,0, 0.000000E+00,9, 2.045949E+01, 5.937736E-01, 8.293911E+00,NULL,NULL,1,mc_qqps,34
-21022,2377,20228,181255,94C2, 9.125000E+01,31,10,41,31,10,-2.230448E+00, 2.900297E-01,-3.264861E+00, 7.511253E+01, 7.464227E+01, 2.407815E+00,-4.729874E+00, 1.112236E+01, 1.600978E+00, 9.525356E+01, 6.776460E+01, 2.014102E+01, 0.000000E+00,16, 4.933640E+00,1, 0.000000E+00,0, 0.000000E+00,8, 1.598927E+01, 3.499114E-01, 5.347906E+00,1, 0.000000E+00,1,mc_qqps,34
-21022,2378,20228,181313,94C2, 9.125000E+01,19,10,29,19,10, 1.337091E+00,-1.030632E+01, 7.966497E+00, 6.446539E+01, 6.400520E+01, 3.368695E+00, 6.851305E-01,-1.200709E+01, 1.015490E+01, 1.010595E+02, 5.356673E+01, 3.210240E+01, 3.150208E+00,11, 1.823024E+01,0, 0.000000E+00,0, 0.000000E+00,7, 3.313287E+01, 1.337681E+00, 9.716455E+00,NULL,NULL,1,mc_qqps,34
-21022,2379,20228,181327,94C2, 9.125000E+01,33,27,60,33,27, 2.142914E+00,-4.188156E+00,-1.091779E+01, 6.058426E+01, 5.980922E+01, 1.812401E+00, 2.857634E+00,-4.494569E+00,-9.609669E+00, 9.333326E+01, 3.243587E+01, 2.933914E+01, 7.236187E-01,9, 0.000000E+00,18, 1.074009E+00,0, 0.000000E+00,8, 1.281150E+01, 4.167576E-01, 2.959744E+00,1, 0.000000E+00,1,mc_qqps,34
-21022,2380,20228,181359,94C2, 9.125000E+01,32,13,45,32,13,-2.298470E+01,-3.341600E-01, 4.326110E+00, 5.779252E+01, 5.709509E+01, 1.784222E+00,-2.619984E+01, 1.202597E+00, 4.093568E+00, 9.017509E+01, 4.828924E+01, 1.217965E+01, 1.822860E+01,13, 2.898623E+00,0, 0.000000E+00,0, 0.000000E+00,8, 1.392134E+01, 4.587054E-01, 5.229130E+00,NULL,NULL,1,mc_qqps,34
-21022,2381,20228,181418,94C2, 9.125000E+01,41,17,58,41,17, 6.437233E+00, 1.421053E+00,-1.758866E+01, 7.909647E+01, 7.821694E+01, 1.907730E+00, 3.138624E+00,-3.101538E+00,-8.512295E+00, 1.081364E+02, 8.008241E+01, 1.894050E+01, 5.449907E+00,4, 0.000000E+00,14, 4.733678E-01,0, 0.000000E+00,3, 6.100850E+00, 6.365939E-01, 4.014736E+00,NULL,NULL,1,mc_qqps,34
-21022,2382,20228,181442,94C2, 9.125000E+01,19,14,33,19,14,-1.849326E+00,-3.441616E-02,-9.288935E-01, 5.313232E+01, 5.280157E+01, 2.779030E+00,-7.883387E+00, 4.039807E+00, 1.791986E-01, 9.521447E+01, 5.191405E+01, 3.152791E+01, 1.220683E+00,15, 1.377073E+01,0, 0.000000E+00,0, 0.000000E+00,13, 4.086146E+01, 4.624248E-01, 9.274014E+00,NULL,NULL,1,mc_qqps,34
-21022,2383,20228,181457,94C2, 9.125000E+01,34,6,40,34,6, 1.228295E+01,-2.603507E+00,-1.277814E+01, 4.710303E+01, 4.642397E+01, 1.365411E+00, 6.347015E+00,-1.894056E+00,-6.845086E+00, 7.494221E+01, 4.159775E+01, 2.750203E+01, 3.371396E-01,5, 1.224031E+01,0, 0.000000E+00,0, 0.000000E+00,2, 1.672461E+01, 1.442627E+00, 1.528199E+01,NULL,NULL,1,mc_qqps,34
-21022,2384,20228,181524,94C2, 9.125000E+01,24,10,34,24,10,-4.962299E+00, 4.673941E+00, 2.930539E-01, 6.620422E+01, 6.587583E+01, 2.744826E+00,-4.504476E+00, 3.837994E+00, 3.649800E+00, 7.950691E+01, 4.834179E+01, 1.130795E+01, 0.000000E+00,11, 3.431860E+00,4, 1.258770E+00,0, 0.000000E+00,6, 7.853054E+00, 5.896277E-01, 3.091390E+00,1, 0.000000E+00,1,mc_qqps,34
-21022,2385,20228,181543,94C2, 9.125000E+01,18,21,39,18,21, 1.155712E+01,-1.015678E+01, 1.800598E+01, 7.504429E+01, 7.490916E+01, 4.161620E+00, 1.073890E+01,-2.339285E+00, 1.758187E+01, 1.028331E+02, 7.534683E+01, 1.968303E+01, 5.323047E+00,13, 9.136975E-01,5, 0.000000E+00,0, 0.000000E+00,9, 1.419519E+01, 5.704991E-01, 3.809033E+00,1, 0.000000E+00,1,mc_qqps,34
-21022,2386,20228,181610,94C2, 9.125000E+01,19,14,33,19,14, 5.105656E+01, 2.527733E+02, 2.995180E+00, 2.960855E+02, 2.956976E+02, 1.556303E+01, 4.816894E+01, 2.356326E+02, 4.046098E+00, 3.256967E+02, 3.216444E+01, 2.314329E+01, 2.853901E+00,16, 6.591529E+00,0, 0.000000E+00,0, 0.000000E+00,11, 2.257752E+01, 4.548388E-01, 8.708097E+00,NULL,NULL,1,mc_qqps,34
-21022,2387,20228,181630,94C2, 9.125000E+01,19,17,36,19,17, 2.171873E+00,-1.305384E+01, 4.325591E+00, 3.831955E+01, 3.800338E+01, 2.000178E+00, 7.420983E-01, 3.538050E+00, 7.840837E-01, 7.257539E+01, 3.573232E+01, 2.876542E+01, 5.721393E-01,16, 2.451324E+00,0, 0.000000E+00,0, 0.000000E+00,14, 3.235085E+01, 6.825635E-01, 6.916542E+00,NULL,NULL,1,mc_qqps,34
-21022,2388,20228,181651,94C2, 9.125000E+01,29,25,54,29,25, 3.766166E+01, 3.250299E+01, 1.076031E+02, 1.614296E+02, 1.608754E+02, 5.547429E+00, 3.773983E+01, 2.667489E+01, 1.122847E+02, 1.885216E+02, 1.625693E+01, 1.835207E+01, 8.739973E+00,2, 0.000000E+00,16, 1.803934E+01,0, 0.000000E+00,2, 2.058530E+00, 9.341409E-01, 1.124389E+00,1, 0.000000E+00,1,mc_qqps,34
-21022,2389,20228,181713,94C2, 9.125000E+01,26,15,41,26,15,-1.126305E+01, 2.052043E-01, 3.183063E+01, 5.803262E+01, 5.752041E+01, 2.212323E+00,-1.074088E+01,-2.786621E+00, 3.719718E+01, 7.646535E+01, 3.128934E+01, 1.113411E+01, 7.304520E+00,2, 0.000000E+00,10, 1.258188E+00,0, 0.000000E+00,1, 9.531392E-01, 9.531392E-01, 9.531392E-01,2, 0.000000E+00,1,mc_qqps,34
-21022,2390,20228,181734,94C2, 9.125000E+01,17,12,29,17,12, 1.507744E+01, 7.532157E+00, 8.196634E+01, 1.505376E+02, 1.503914E+02, 8.846554E+00, 1.621076E+01, 7.586576E+00, 8.409591E+01, 1.717623E+02, 5.624455E+01, 2.122470E+01, 0.000000E+00,0, 0.000000E+00,17, 2.575129E+01,0, 0.000000E+00,NULL,NULL,NULL,NULL,NULL,NULL,1,mc_qqps,34
-21022,2391,20228,181750,94C2, 9.125000E+01,23,9,32,23,9,-6.526052E+00, 5.699543E+00, 6.442483E+00, 3.712140E+01, 3.671409E+01, 1.596265E+00, 3.513394E+00,-4.450980E+00,-3.391790E+00, 8.461158E+01, 3.402303E+01, 1.981820E+01, 2.767198E+01,14, 1.948402E+00,0, 0.000000E+00,0, 0.000000E+00,6, 1.688762E+01, 3.809699E-01, 8.505429E+00,NULL,NULL,1,mc_qqps,34
-21022,2392,20228,181807,94C2, 9.125000E+01,56,11,67,56,11,-8.486619E+00,-1.719523E+01, 1.447653E+01, 5.424969E+01, 5.292851E+01, 9.451519E-01,-4.219546E+00,-5.063016E+00, 1.170704E+01, 7.783899E+01, 3.881070E+01, 5.708914E+00, 1.488404E+01,9, 4.689302E+00,3, 0.000000E+00,0, 0.000000E+00,3, 5.983117E+00, 8.593338E-01, 2.996348E+00,NULL,NULL,1,mc_qqps,34
-21022,2393,20228,181832,94C2, 9.125000E+01,30,16,46,30,16, 1.139137E+01,-1.423148E+01,-3.405595E-01, 2.794325E+01, 2.731186E+01, 9.103953E-01,-6.273067E+00, 1.025496E+01, 8.242723E-01, 8.168658E+01, 2.491432E+01, 1.723843E+01, 3.175665E+01,18, 1.579249E+00,0, 0.000000E+00,0, 0.000000E+00,14, 2.068792E+01, 5.169852E-01, 5.295011E+00,NULL,NULL,1,mc_qqps,34
-21022,2394,20228,181854,94C2, 9.125000E+01,13,14,27,13,14,-1.023510E+01,-9.898735E+00, 1.020070E+00, 4.617676E+01, 4.598705E+01, 3.537466E+00,-1.275788E+01,-1.222114E+01, 1.274354E+00, 7.697983E+01, 4.621293E+01, 3.047002E+01, 3.330450E-01,14, 2.616065E+00,0, 0.000000E+00,0, 0.000000E+00,10, 2.635259E+01, 5.385514E-01, 6.238375E+00,NULL,NULL,1,mc_qqps,34
-21022,2395,20228,181908,94C2, 9.125000E+01,18,15,33,18,15,-1.651388E+01, 6.483017E+00, 8.220925E+00, 5.364223E+01, 5.333566E+01, 2.963092E+00, 4.936545E+00,-3.901281E+00,-7.435849E+00, 9.513747E+01, 5.066603E+01, 4.149524E+01, 0.000000E+00,15, 1.205122E+00,2, 0.000000E+00,0, 0.000000E+00,12, 3.833967E+01, 7.676376E-01, 1.120214E+01,NULL,NULL,1,mc_qqps,34
-21022,2396,20228,181927,94C2, 9.125000E+01,25,13,38,25,13, 1.478603E+01,-6.981207E+00, 1.403104E+00, 5.853320E+01, 5.801392E+01, 2.320557E+00,-6.720104E+00, 2.663439E+00, 8.843905E-01, 8.659219E+01, 5.638473E+01, 2.756750E+01, 0.000000E+00,17, 4.089783E+00,0, 0.000000E+00,0, 0.000000E+00,11, 2.518727E+01, 4.914767E-01, 9.512703E+00,NULL,NULL,1,mc_qqps,34
-21022,2397,20228,181950,94C2, 9.125000E+01,38,17,55,38,17, 3.089552E+00,-2.754515E+00, 6.818434E-01, 5.269972E+01, 5.187619E+01, 1.365163E+00, 1.445784E+01, 1.445904E+00, 1.492244E+00, 9.705266E+01, 4.328657E+01, 3.557475E+01, 7.868928E+00,14, 3.038006E+00,2, 0.000000E+00,0, 0.000000E+00,11, 3.455846E+01, 5.587185E-01, 1.083964E+01,NULL,NULL,1,mc_qqps,34
-21022,2398,20228,182008,94C2, 9.125000E+01,45,14,59,45,14, 2.043250E+01,-4.989008E+01, 4.489651E-01, 8.562720E+01, 8.434039E+01, 1.874231E+00, 2.028326E+01,-3.481385E+01, 3.157974E+00, 1.293248E+02, 7.409634E+01, 1.420051E+01, 2.199256E+01,16, 7.745223E+00,0, 0.000000E+00,0, 0.000000E+00,8, 1.742758E+01, 8.408660E-01, 4.723760E+00,NULL,NULL,1,mc_qqps,34
-21022,2399,20228,182029,94C2, 9.125000E+01,35,11,46,35,11, 1.712064E+00, 8.179474E+00, 1.333409E+00, 7.274854E+01, 7.227303E+01, 2.064944E+00, 8.534321E+00, 1.959257E+01, 1.668786E+00, 9.341989E+01, 5.900043E+01, 2.051884E+01, 1.525135E-01,15, 6.226493E+00,0, 0.000000E+00,0, 0.000000E+00,8, 9.742065E+00, 5.738336E-01, 2.512214E+00,NULL,NULL,1,mc_qqps,34
-21022,2400,20228,182046,94C2, 9.125000E+01,34,16,50,34,16, 2.098339E+00,-2.986486E+00, 4.120158E+00, 2.630358E+01, 2.527487E+01, 7.433786E-01,-2.747042E+00,-4.115716E+00, 8.419571E-01, 8.016902E+01, 1.281108E+01, 4.354504E+01, 1.032040E+01,0, 0.000000E+00,9, 3.514654E-01,0, 0.000000E+00,NULL,NULL,NULL,NULL,3, 0.000000E+00,0,mc_qqps,34
-21022,2401,20228,182124,94C2, 9.125000E+01,33,16,49,33,16,-8.227164E-01, 7.975761E+00,-5.133900E-01, 5.984312E+01, 5.909633E+01, 1.790798E+00,-1.859874E-01, 9.627167E+00, 2.357485E-01, 8.031725E+01, 5.568478E+01, 1.555671E+01, 4.949146E+00,10, 0.000000E+00,2, 0.000000E+00,0, 0.000000E+00,8, 9.608637E+00, 4.139199E-01, 3.078379E+00,1, 0.000000E+00,1,mc_qqps,34
-21022,2402,20228,182149,94C2, 9.125000E+01,43,14,57,43,14,-2.832577E+00, 2.044697E+00, 1.273975E+01, 3.818785E+01, 3.705742E+01, 8.618004E-01,-8.761241E-01, 2.419911E+00, 5.685404E+00, 5.627762E+01, 2.681735E+01, 1.181600E+01, 6.273772E+00,4, 3.181000E-01,8, 0.000000E+00,0, 0.000000E+00,1, 1.285242E+00, 1.285242E+00, 1.285242E+00,3, 0.000000E+00,1,mc_qqps,34
-21022,2403,20228,182212,94C2, 9.125000E+01,38,17,55,38,17,-8.775484E+00,-1.341022E+01,-1.002142E+01, 5.955144E+01, 5.847082E+01, 1.538706E+00,-3.912809E+00, 6.850762E-01,-3.975299E+00, 1.022859E+02, 4.585356E+01, 4.071148E+01, 9.304814E-01,14, 1.053357E-01,1, 0.000000E+00,0, 0.000000E+00,12, 3.988705E+01, 4.585561E-01, 1.628251E+01,1, 0.000000E+00,1,mc_qqps,34
-21022,2404,20228,182239,94C2, 9.125000E+01,19,14,33,19,14,-3.236698E+00, 7.475297E+00, 3.723755E+00, 3.523621E+01, 3.478886E+01, 1.830993E+00, 1.825679E+00,-5.131597E+00,-5.453629E+00, 8.468939E+01, 3.303971E+01, 4.380047E+01, 4.438527E+00,13, 6.722612E+00,1, 0.000000E+00,0, 0.000000E+00,10, 4.378186E+01, 4.875040E-01, 1.902445E+01,NULL,NULL,1,mc_qqps,34
-21022,2405,20228,182255,94C2, 9.125000E+01,38,10,48,38,10, 1.686271E+01, 1.087370E+01,-3.109991E+00, 6.117886E+01, 6.028054E+01, 1.586330E+00, 2.623248E+00,-3.032106E+00,-2.153286E+00, 8.894481E+01, 5.189150E+01, 2.502485E+01, 1.273705E+00,15, 4.681293E+00,0, 0.000000E+00,0, 0.000000E+00,8, 1.755620E+01, 7.144129E-01, 6.940716E+00,NULL,NULL,1,mc_qqps,34
-21022,2406,20228,182316,94C2, 9.125000E+01,20,15,35,20,15, 5.645102E+00, 4.440271E+00, 8.471416E+00, 4.650261E+01, 4.629321E+01, 2.314661E+00, 2.153849E+00, 3.286290E+00, 3.311648E+00, 7.460091E+01, 3.942682E+01, 1.261804E+01, 1.469655E+01,1, 0.000000E+00,10, 7.242602E-01,0, 0.000000E+00,1, 7.837058E-01, 7.837058E-01, 7.837058E-01,NULL,NULL,1,mc_qqps,34
-21022,2407,20228,182336,94C2, 9.125000E+01,26,11,37,26,11, 1.161923E+01,-5.126934E+00, 7.521996E+00, 5.082514E+01, 5.028731E+01, 1.934127E+00,-2.190314E+00,-5.926510E-01,-2.266666E+00, 7.227907E+01, 4.857656E+01, 1.524709E+01, 1.538456E+00,13, 2.469444E+01,0, 0.000000E+00,0, 0.000000E+00,9, 1.841098E+01, 5.053462E-01, 4.849580E+00,NULL,NULL,1,mc_qqps,34
-21022,2408,20228,182354,94C2, 9.125000E+01,32,18,50,32,18,-5.794954E+00,-7.981299E+00, 1.065346E+01, 6.754063E+01, 6.700671E+01, 2.093960E+00, 3.069583E+00, 3.152900E+00, 7.284904E+00, 9.477034E+01, 5.635558E+01, 1.703882E+01, 6.109144E+00,10, 7.368460E+00,9, 0.000000E+00,0, 0.000000E+00,5, 8.907579E+00, 7.067962E-01, 4.221905E+00,NULL,NULL,1,mc_qqps,34
-21022,2409,20228,182415,94C2, 9.125000E+01,30,15,45,30,15,-4.671740E+00, 4.409452E+00,-4.375819E+00, 5.281673E+01, 5.240031E+01, 1.746677E+00,-1.048285E+00, 1.568021E+00, 6.236620E-01, 7.501726E+01, 5.060541E+01, 1.066902E+01, 1.090203E+01,8, 4.379454E+00,7, 0.000000E+00,0, 0.000000E+00,3, 2.034901E+00, 4.943141E-01, 8.989972E-01,NULL,NULL,1,mc_qqps,34
-21022,2410,20228,182440,94C2, 9.125000E+01,24,7,31,24,7, 4.272388E+00, 4.357846E+00, 8.124588E+01, 2.529304E+02, 2.527131E+02, 1.052971E+01, 3.559925E+00, 3.090406E+00, 7.644477E+01, 2.591862E+02, 2.887600E+01, 6.255866E+00, 0.000000E+00,0, 0.000000E+00,14, 8.781993E+00,0, 0.000000E+00,NULL,NULL,NULL,NULL,1, 0.000000E+00,1,mc_qqps,34
-21022,2411,20228,182457,94C2, 9.125000E+01,23,15,38,23,15, 4.279113E-01,-4.677016E+00,-6.069174E+00, 5.110817E+01, 5.086021E+01, 2.211314E+00,-1.159328E-01,-1.564407E-02, 2.926340E+00, 7.579033E+01, 4.362365E+01, 2.121964E+01, 2.941572E+00,2, 1.671892E-01,16, 7.754627E+00,0, 0.000000E+00,1, 5.209407E-01, 5.209407E-01, 5.209407E-01,NULL,NULL,1,mc_qqps,34
-21022,2412,20228,182515,94C2, 9.125000E+01,6,9,15,6,9, 5.851418E+00,-6.670366E+00,-3.774861E+01, 4.312304E+01, 4.300735E+01, 7.167892E+00, 6.885294E+00,-6.943075E+00,-4.527373E+01, 5.437535E+01, 2.664594E+00, 1.125232E+01, 0.000000E+00,0, 0.000000E+00,8, 1.109016E+01,0, 0.000000E+00,NULL,NULL,NULL,NULL,2, 0.000000E+00,0,mc_qqps,34
-21022,2413,20228,182528,94C2, 9.125000E+01,29,7,36,29,7, 6.795132E-01, 5.846173E+00, 1.244932E+00, 7.916661E+01, 7.850502E+01, 2.707070E+00, 2.334215E-01, 3.402218E+00, 6.434088E-01, 8.576720E+01, 7.066759E+01, 5.447808E+00, 0.000000E+00,14, 2.906337E+00,0, 0.000000E+00,0, 0.000000E+00,6, 6.094291E+00, 3.608536E-01, 1.939131E+00,NULL,NULL,1,mc_qqps,34
-21022,2414,20228,182547,94C2, 9.125000E+01,28,6,34,28,6,-3.472946E+00,-2.098666E+00,-1.072139E+00, 5.761837E+01, 5.725699E+01, 2.044893E+00,-3.930624E+00,-2.783297E+00,-1.449006E+00, 6.714909E+01, 5.304671E+01, 6.897285E+00, 0.000000E+00,12, 5.646571E+00,0, 0.000000E+00,0, 0.000000E+00,6, 9.530725E+00, 9.178566E-01, 2.626570E+00,NULL,NULL,1,mc_qqps,34
-21022,2415,20228,182603,94C2, 9.125000E+01,27,20,47,27,20,-2.009382E+00,-1.580162E+00,-8.561166E-01, 5.887793E+01, 5.834027E+01, 2.160751E+00,-4.625823E+00,-9.956457E+00, 2.630135E+00, 8.472762E+01, 4.746066E+01, 2.118094E+01, 3.025726E+00,17, 2.576000E+00,1, 0.000000E+00,0, 0.000000E+00,13, 2.128047E+01, 3.975886E-01, 4.767999E+00,NULL,NULL,1,mc_qqps,34
-21022,2416,20228,182619,94C2, 9.125000E+01,22,10,32,22,10, 6.274927E+01,-2.722486E+01, 8.009043E+02, 8.697912E+02, 8.695651E+02, 3.952569E+01, 4.887571E+01,-2.879910E+01, 7.936193E+02, 8.896774E+02, 6.974584E+01, 1.721795E+01, 1.467984E+00,10, 2.807446E+00,2, 0.000000E+00,0, 0.000000E+00,6, 1.081415E+01, 7.921090E-01, 3.385234E+00,NULL,NULL,1,mc_qqps,34
-21022,2417,20228,182635,94C2, 9.125000E+01,25,8,33,25,8, 3.525906E+00, 3.047056E+00,-4.686964E-01, 5.075853E+01, 5.039616E+01, 2.015846E+00, 1.458587E+01, 1.603558E+01,-2.160469E+00, 7.088848E+01, 4.906455E+01, 1.695979E+01, 1.616288E+00,10, 1.318959E-01,0, 0.000000E+00,0, 0.000000E+00,5, 1.784894E+01, 7.203391E-01, 7.783829E+00,NULL,NULL,1,mc_qqps,34
-21022,2418,20228,182652,94C2, 9.125000E+01,44,20,64,44,20, 2.749530E+00,-2.751476E+00, 2.405667E-01, 7.063749E+01, 6.956628E+01, 1.581052E+00, 5.921741E+00,-5.264151E+00, 2.798641E-01, 1.078319E+02, 5.733984E+01, 2.615195E+01, 1.052946E+01,21, 3.181969E+00,0, 0.000000E+00,0, 0.000000E+00,16, 2.555438E+01, 5.227631E-01, 5.853008E+00,NULL,NULL,1,mc_qqps,34
-21022,2419,20228,182715,94C2, 9.125000E+01,26,13,39,26,13, 2.397189E+00,-1.550345E+00,-3.126462E+00, 7.380825E+01, 7.345365E+01, 2.825140E+00,-2.602116E+00, 2.080112E+00, 3.320325E+00, 1.004031E+02, 6.749160E+01, 2.376548E+01, 2.082680E+00,9, 0.000000E+00,1, 0.000000E+00,0, 0.000000E+00,8, 2.217077E+01, 3.103768E-01, 8.654099E+00,NULL,NULL,1,mc_qqps,34
-21022,2420,20228,182732,94C2, 9.125000E+01,43,15,58,43,15,-2.006800E+00,-4.862649E-01, 2.582417E+00, 4.661958E+01, 4.554793E+01, 1.059254E+00, 3.693915E+00,-2.867008E+00, 8.556415E-01, 8.355347E+01, 4.151225E+01, 2.271404E+01, 4.896377E+00,17, 1.144868E+00,0, 0.000000E+00,0, 0.000000E+00,12, 3.062845E+01, 7.417546E-01, 6.569818E+00,NULL,NULL,1,mc_qqps,34
-21022,2421,20228,182758,94C2, 9.125000E+01,28,15,43,28,15, 3.971188E+00,-3.748625E+00, 3.991726E+00, 5.683274E+01, 5.619403E+01, 2.006930E+00, 3.240001E+00,-2.627364E+00, 3.638062E+00, 7.349316E+01, 5.393863E+01, 1.399699E+01, 1.298011E+00,17, 1.821947E+01,0, 0.000000E+00,0, 0.000000E+00,12, 1.298387E+01, 5.050673E-01, 2.308419E+00,NULL,NULL,1,mc_qqps,34
-21022,2422,20228,182816,94C2, 9.125000E+01,27,8,35,27,8,-3.780745E+00, 3.719091E+00,-6.490666E+00, 5.322044E+01, 5.200901E+01, 1.926260E+00, 1.206528E+00,-5.541732E-01, 2.760249E+00, 7.158249E+01, 4.940353E+01, 1.836205E+01, 0.000000E+00,0, 0.000000E+00,9, 1.215709E+01,0, 0.000000E+00,NULL,NULL,NULL,NULL,1, 0.000000E+00,1,mc_qqps,34
-21022,2423,20228,182834,94C2, 9.125000E+01,52,17,69,52,17, 5.145468E+00, 5.285242E+00, 1.534595E+01, 6.725094E+01, 6.611825E+01, 1.271505E+00,-8.718095E+00, 1.652918E+00, 5.349296E+00, 9.267328E+01, 4.984535E+01, 2.406219E+01, 1.360141E+00,22, 2.081081E+00,0, 0.000000E+00,0, 0.000000E+00,14, 2.290212E+01, 5.732159E-01, 6.123775E+00,1, 0.000000E+00,1,mc_qqps,34
-21022,2424,20228,182905,94C2, 9.125000E+01,23,8,31,23,8, 2.317529E+00, 1.276141E+00,-2.938681E-01, 7.148976E+01, 7.127265E+01, 3.098811E+00, 7.521462E+00, 7.534700E+00, 5.590225E+00, 9.763255E+01, 7.037531E+01, 2.854024E+00, 2.205824E+01,11, 4.115989E+00,0, 0.000000E+00,0, 0.000000E+00,5, 4.158312E+00, 5.018036E-01, 1.304288E+00,NULL,NULL,1,mc_qqps,34
-21022,2425,20228,182920,94C2, 9.125000E+01,14,9,23,14,9,-5.404192E+00,-1.781141E+00, 2.843697E-01, 6.553246E+01, 6.540173E+01, 4.671552E+00,-5.660403E-01,-1.057168E-01,-3.845253E-01, 9.005317E+01, 6.277441E+01, 2.444356E+01, 7.804371E-02,10, 7.617179E+00,0, 0.000000E+00,0, 0.000000E+00,7, 2.333118E+01, 4.890876E-01, 1.014505E+01,NULL,NULL,1,mc_qqps,34
-21022,2426,20228,182934,94C2, 9.125000E+01,29,14,43,29,14, 3.776225E-01,-1.323149E+01,-3.016639E+00, 4.790271E+01, 4.713215E+01, 1.625247E+00,-4.822417E-02,-1.375219E+01,-3.152225E+00, 8.119212E+01, 3.752649E+01, 3.237212E+01, 5.494930E-01,16, 1.720948E+00,0, 0.000000E+00,0, 0.000000E+00,12, 3.210028E+01, 3.678010E-01, 1.192560E+01,NULL,NULL,1,mc_qqps,34
-21022,2427,20228,182957,94C2, 9.125000E+01,19,17,36,19,17,-3.318548E+00, 1.126738E+00,-1.643688E+01, 3.864944E+01, 3.834877E+01, 2.018356E+00,-4.016768E+00,-1.506824E+00,-1.458296E+01, 6.682462E+01, 2.491466E+01, 2.464458E+01, 3.530603E+00,1, 0.000000E+00,11, 2.740602E+00,0, 0.000000E+00,1, 1.452939E+00, 1.452939E+00, 1.452939E+00,2, 0.000000E+00,0,mc_qqps,34
-21022,2428,20228,183019,94C2, 9.125000E+01,32,17,49,32,17,-5.671062E+00,-7.532001E+00, 2.102900E+00, 6.832455E+01, 6.774482E+01, 2.117026E+00, 4.458537E+00, 8.671493E+00,-5.583881E+00, 9.165194E+01, 6.379260E+01, 2.273751E+01, 5.898708E-01,15, 2.760060E+00,0, 0.000000E+00,0, 0.000000E+00,11, 1.717000E+01, 4.293071E-01, 3.410712E+00,NULL,NULL,1,mc_qqps,34
-21022,2429,20228,183042,94C2, 9.125000E+01,31,13,44,31,13, 2.207763E+00,-1.653291E+00, 1.163557E+00, 4.956029E+01, 4.896541E+01, 1.579529E+00, 5.999565E+00,-9.147786E-01, 7.225849E+00, 7.009910E+01, 3.820959E+01, 1.688807E+01, 3.650732E+00,3, 0.000000E+00,10, 7.200286E-01,0, 0.000000E+00,1, 9.594865E-01, 9.594865E-01, 9.594865E-01,NULL,NULL,1,mc_qqps,34
-21022,2430,20228,183102,94C2, 9.125000E+01,22,13,35,22,13, 6.990870E-01, 5.152264E+00,-1.364878E+00, 5.262914E+01, 5.226492E+01, 2.375678E+00, 1.179444E+00, 5.349666E-02,-4.073558E-01, 8.725437E+01, 4.894061E+01, 3.219696E+01, 1.204966E+00,13, 7.978600E-01,0, 0.000000E+00,0, 0.000000E+00,10, 3.241751E+01, 5.075688E-01, 1.636805E+01,NULL,NULL,1,mc_qqps,34
-21022,2431,20228,183126,94C2, 9.125000E+01,25,14,39,25,14, 1.841258E+01,-2.145148E+01, 2.355063E+01, 6.029260E+01, 5.965722E+01, 2.386289E+00, 1.712332E+01,-1.956293E+01, 2.361764E+01, 9.068645E+01, 5.684003E+01, 9.592659E+00, 1.105404E+01,8, 1.399575E-01,6, 5.750577E-01,0, 0.000000E+00,6, 1.576460E+01, 6.939806E-01, 8.024393E+00,NULL,NULL,1,mc_qqps,34
-21022,2432,20228,183144,94C2, 9.125000E+01,12,16,28,12,16, 9.749085E-01,-1.202246E+00,-1.557453E+00, 6.499785E+01, 6.491241E+01, 5.409368E+00,-1.008011E+00,-1.005159E+01,-9.537025E+00, 9.501551E+01, 6.407163E+01, 1.495158E+01, 3.700132E+00,18, 1.970754E+01,1, 0.000000E+00,0, 0.000000E+00,13, 2.517922E+01, 5.177603E-01, 1.014295E+01,NULL,NULL,1,mc_qqps,34
-21022,2433,20228,183200,94C2, 9.125000E+01,28,10,38,28,10, 6.814022E+00, 3.271066E+00, 3.980058E+00, 4.853449E+01, 4.791196E+01, 1.711141E+00, 5.644397E+00, 1.661035E+00, 1.987535E+00, 7.962304E+01, 4.587563E+01, 1.149946E+01, 2.911287E+00,9, 1.813866E-01,0, 0.000000E+00,0, 0.000000E+00,5, 2.645366E+01, 1.449105E+00, 1.667780E+01,NULL,NULL,1,mc_qqps,34
-21022,2434,20228,183217,94C2, 9.125000E+01,22,15,37,22,15,-1.522558E+00, 1.013402E+00, 4.032296E+00, 6.426710E+01, 6.409528E+01, 2.913422E+00,-8.480913E+00,-6.563137E-01, 1.909877E+01, 1.034719E+02, 5.954027E+01, 3.682501E+01, 2.379769E+00,1, 0.000000E+00,14, 2.256269E+00,0, 0.000000E+00,NULL,NULL,NULL,NULL,1, 0.000000E+00,1,mc_qqps,34
-21022,2435,20228,183237,94C2, 9.125000E+01,31,25,56,31,25,-2.683823E+00, 1.001367E+01,-1.412867E+01, 4.750939E+01, 4.693984E+01, 1.514188E+00,-1.855236E+00, 5.873840E+00,-7.539109E+00, 8.854941E+01, 4.357018E+01, 3.116827E+01, 9.441967E+00,8, 0.000000E+00,13, 0.000000E+00,0, 0.000000E+00,7, 1.048840E+01, 5.051298E-01, 4.561623E+00,NULL,NULL,1,mc_qqps,34
-21022,2436,20228,183304,94C2, 9.125000E+01,31,17,48,31,17,-1.079775E+01,-1.361305E+01,-4.473877E-01, 5.853672E+01, 5.805164E+01, 1.872634E+00,-5.572721E+00,-6.394171E+00,-4.014535E-01, 9.487770E+01, 4.998517E+01, 2.354308E+01, 4.066989E+00,20, 5.902241E+00,0, 0.000000E+00,0, 0.000000E+00,14, 3.161374E+01, 3.847913E-01, 8.841975E+00,NULL,NULL,1,mc_qqps,34
-21022,2437,20228,183325,94C2, 9.125000E+01,25,15,40,25,15,-1.053130E-01, 3.036757E-01, 1.633432E+00, 5.676414E+01, 5.646716E+01, 2.258686E+00,-1.314594E+00,-2.657818E+00, 1.282899E+00, 9.010667E+01, 4.896365E+01, 3.174299E+01, 1.599562E+00,17, 1.506919E+01,4, 0.000000E+00,0, 0.000000E+00,8, 2.200168E+01, 5.226535E-01, 1.169477E+01,NULL,NULL,1,mc_qqps,34
-21022,2438,20228,183344,94C2, 9.125000E+01,25,9,34,25,9,-6.475630E+00,-5.098015E+00,-5.980504E+00, 6.093452E+01, 6.072293E+01, 2.428917E+00,-1.105219E+01,-8.655590E+00,-1.127672E+01, 7.947975E+01, 5.843925E+01, 1.494677E+01, 7.271473E-01,15, 1.628588E+00,0, 0.000000E+00,0, 0.000000E+00,7, 1.732735E+01, 5.760763E-01, 1.141705E+01,NULL,NULL,1,mc_qqps,34
-21022,2439,20228,183359,94C2, 9.125000E+01,32,14,46,32,14, 7.672260E+00, 8.416711E+00,-1.372589E+00, 6.273055E+01, 6.174981E+01, 1.929681E+00,-2.633698E+00, 4.329801E-01,-2.104908E+00, 8.990343E+01, 5.917273E+01, 8.551642E+00, 1.630170E+01,14, 7.442300E-01,0, 0.000000E+00,0, 0.000000E+00,12, 1.087118E+01, 4.515839E-01, 1.677232E+00,NULL,NULL,1,mc_qqps,34
-21022,2440,20228,183420,94C2, 9.125000E+01,23,12,35,23,12, 9.648175E+00,-2.816153E+01, 4.484483E+01, 5.643782E+01, 5.605238E+01, 2.437060E+00, 8.931118E+00,-2.175586E+01, 3.490999E+01, 8.089524E+01, 5.244831E+01, 1.310042E+01, 1.135699E+01,3, 0.000000E+00,7, 0.000000E+00,0, 0.000000E+00,3, 5.587586E+00, 1.153830E+00, 3.223897E+00,NULL,NULL,1,mc_qqps,34
-21022,2441,20228,183439,94C2, 9.125000E+01,35,15,50,35,15,-2.044770E+00,-4.257824E+00, 8.188337E-01, 3.322628E+01, 3.244476E+01, 9.269933E-01, 5.108373E-01, 9.220236E+00,-1.022522E+00, 7.029086E+01, 3.089851E+01, 2.310171E+01, 6.478075E+00,9, 5.620383E+00,2, 0.000000E+00,0, 0.000000E+00,8, 2.624716E+01, 6.653293E-01, 6.634933E+00,NULL,NULL,1,mc_qqps,34
-21022,2442,20228,183504,94C2, 9.125000E+01,29,16,45,29,16,-4.581165E+00,-2.224389E+01,-9.079561E+00, 7.373538E+01, 7.335120E+01, 2.529352E+00, 3.704419E-01,-7.687111E+00,-2.520154E+00, 1.023957E+02, 6.027839E+01, 1.489210E+01, 1.191312E+01,16, 9.701205E+00,0, 0.000000E+00,0, 0.000000E+00,10, 1.403611E+01, 5.700739E-01, 2.009558E+00,NULL,NULL,1,mc_qqps,34
-21022,2443,20228,183520,94C2, 9.125000E+01,27,3,30,27,3, 7.721932E-01, 4.107502E+00, 3.975290E+00, 7.290029E+01, 7.235222E+01, 2.679712E+00, 1.131550E-01,-2.495085E+00, 2.241489E+00, 7.977647E+01, 6.825385E+01, 6.876181E+00, 0.000000E+00,7, 9.020568E+00,0, 0.000000E+00,0, 0.000000E+00,3, 6.876181E+00, 1.376503E+00, 3.731165E+00,NULL,NULL,1,mc_qqps,34
-21022,2444,20228,183540,94C2, 9.125000E+01,39,12,51,39,12,-7.650113E-01,-2.421730E+00,-5.680240E-01, 7.758194E+01, 7.701526E+01, 1.974750E+00, 7.940007E-01,-1.431794E+00, 1.015213E+00, 1.000619E+02, 6.803721E+01, 2.073409E+01, 3.092462E-01,16, 3.721260E+00,0, 0.000000E+00,0, 0.000000E+00,9, 1.817561E+01, 4.344968E-01, 5.329931E+00,NULL,NULL,1,mc_qqps,34
-21022,2445,20228,183602,94C2, 9.125000E+01,29,25,54,29,25, 7.367020E+00, 1.296969E+01,-2.233317E+01, 4.987875E+01, 4.923635E+01, 1.697805E+00, 5.601916E+00, 1.174586E+01,-1.931542E+01, 7.937350E+01, 4.208791E+01, 2.587024E+01, 1.806193E+00,7, 9.347037E-01,18, 9.555448E+00,0, 0.000000E+00,6, 5.798524E+00, 5.671343E-01, 1.818319E+00,NULL,NULL,1,mc_qqps,34
-21022,2446,20228,183623,94C2, 9.125000E+01,39,10,49,39,10, 1.089279E+01, 7.343315E+00,-7.216323E+00, 5.687326E+01, 5.584306E+01, 1.431873E+00, 3.194440E+00, 5.840000E+00,-1.799880E+00, 9.870869E+01, 4.763346E+01, 3.668464E+01, 5.209706E+00,11, 3.061380E+00,0, 0.000000E+00,0, 0.000000E+00,6, 3.668464E+01, 5.550126E-01, 1.608546E+01,NULL,NULL,1,mc_qqps,34
-21022,2447,20228,183639,94C2, 9.125000E+01,24,19,43,24,19,-4.133307E+00,-2.688475E+00, 5.364286E+00, 3.664897E+01, 3.623349E+01, 1.509729E+00,-3.309605E-01, 1.023023E+00,-1.703650E-02, 8.054869E+01, 3.405451E+01, 4.389971E+01, 0.000000E+00,16, 0.000000E+00,2, 0.000000E+00,0, 0.000000E+00,15, 3.469077E+01, 7.129640E-01, 1.139355E+01,NULL,NULL,1,mc_qqps,34
-21022,2448,20228,183701,94C2, 9.125000E+01,49,17,66,49,17, 2.322181E+00,-2.994646E+00, 2.005467E+00, 5.765439E+01, 5.663967E+01, 1.155912E+00, 1.001910E+01,-5.521148E+00,-8.575408E-01, 8.064662E+01, 4.675046E+01, 2.228320E+01, 0.000000E+00,16, 5.188922E+00,1, 0.000000E+00,0, 0.000000E+00,9, 1.406325E+01, 5.856375E-01, 4.625379E+00,3, 0.000000E+00,1,mc_qqps,34
-21022,2449,20228,183726,94C2, 9.125000E+01,24,16,40,24,16,-1.098996E+01,-2.004642E+01,-1.061200E+00, 5.047425E+01, 4.999694E+01, 2.083206E+00,-7.435706E+00,-1.103180E+01, 3.129871E-01, 7.699868E+01, 4.781670E+01, 2.094183E+01, 4.225386E+00,15, 1.404004E+01,0, 0.000000E+00,0, 0.000000E+00,11, 2.229905E+01, 4.456285E-01, 6.848204E+00,NULL,NULL,1,mc_qqps,34
-21022,2450,20228,183744,94C2, 9.125000E+01,48,17,65,48,17, 5.640839E+00, 2.777441E+00, 5.943552E+00, 1.014511E+02, 1.007088E+02, 2.098099E+00, 1.259906E+01, 4.290826E+00, 6.197866E+00, 1.293383E+02, 5.018097E+01, 2.432936E+01, 2.377825E+00,23, 7.000397E+00,1, 0.000000E+00,0, 0.000000E+00,11, 1.947230E+01, 5.592370E-01, 4.890373E+00,NULL,NULL,1,mc_qqps,34
-21022,2451,20228,183808,94C2, 9.125000E+01,31,19,50,31,19, 1.060162E+00,-2.256458E+00,-2.605026E+00, 6.232332E+01, 6.170013E+01, 1.990327E+00, 1.150270E+00,-9.708738E-01, 2.551286E+00, 9.754320E+01, 5.358497E+01, 2.108986E+01, 1.413000E+01,0, 0.000000E+00,20, 5.881603E+00,0, 0.000000E+00,NULL,NULL,NULL,NULL,2, 0.000000E+00,1,mc_qqps,34
-21022,2452,20228,183831,94C2, 9.125000E+01,17,11,28,17,11,-6.499133E+00,-4.840309E+00,-1.814166E+00, 1.403548E+01, 1.370948E+01, 8.064398E-01, 7.477808E-01,-8.640671E-01,-1.058785E+00, 7.603279E+01, 1.169672E+01, 5.822329E+01, 3.774021E+00,8, 4.193856E+00,0, 0.000000E+00,0, 0.000000E+00,4, 5.683258E+01, 1.161283E+00, 2.322090E+01,NULL,NULL,1,mc_qqps,34
-21022,2453,20228,183849,94C2, 9.125000E+01,33,21,54,33,21,-4.805115E+00,-5.539915E+00,-2.702587E+01, 8.933662E+01, 8.894484E+01, 2.695298E+00,-4.438011E+00,-3.681467E+00,-2.289775E+01, 1.116135E+02, 5.524864E+01, 1.665492E+01, 5.715757E+00,0, 0.000000E+00,28, 1.364923E+01,0, 0.000000E+00,NULL,NULL,NULL,NULL,NULL,NULL,1,mc_qqps,34
-21022,2454,20228,183910,94C2, 9.125000E+01,22,13,35,22,13,-5.269312E-01,-3.307539E+00, 1.498085E+00, 5.239259E+01, 5.189156E+01, 2.358707E+00, 1.050295E+00,-3.388104E+00, 3.116066E+00, 6.738748E+01, 3.710854E+01, 1.499489E+01, 0.000000E+00,0, 0.000000E+00,18, 4.155011E+00,0, 0.000000E+00,NULL,NULL,NULL,NULL,NULL,NULL,1,mc_qqps,34
-21022,2455,20228,183927,94C2, 9.125000E+01,21,15,36,21,15, 1.293406E+00,-5.239432E+00,-4.361617E+00, 5.559971E+01, 5.523611E+01, 2.630291E+00, 1.540677E+01,-2.508760E+01,-1.992116E+01, 9.459470E+01, 5.514816E+01, 1.318017E+01, 2.509023E+01,12, 3.141775E+00,0, 0.000000E+00,0, 0.000000E+00,7, 1.095969E+01, 6.513174E-01, 3.406624E+00,NULL,NULL,1,mc_qqps,34
-21022,2456,20228,183946,94C2, 9.125000E+01,23,19,42,23,19, 1.779626E+00,-5.120756E+00,-1.931827E+00, 6.226622E+01, 6.191291E+01, 2.691865E+00,-8.046103E+00,-8.804959E-01,-1.069025E+01, 8.999552E+01, 5.285055E+01, 1.590185E+01, 9.551217E-01,9, 0.000000E+00,6, 0.000000E+00,0, 0.000000E+00,9, 2.160100E+01, 8.735614E-01, 7.005324E+00,1, 0.000000E+00,1,mc_qqps,34
-21022,2457,20228,184006,94C2, 9.125000E+01,48,21,69,48,21,-2.711959E+00,-2.695665E-01,-3.362559E+00, 6.956076E+01, 6.875110E+01, 1.432315E+00, 1.491057E+00,-1.853993E+00,-8.083821E-01, 1.009685E+02, 5.914884E+01, 1.579969E+01, 1.205703E+01,24, 1.709384E+00,0, 0.000000E+00,0, 0.000000E+00,15, 1.854814E+01, 4.557289E-01, 2.926858E+00,NULL,NULL,1,mc_qqps,34
-21022,2458,20228,184033,94C2, 9.125000E+01,37,12,49,37,12,-3.050036E-01,-2.689094E+00, 2.627043E+00, 7.022021E+01, 6.910473E+01, 1.867695E+00, 3.012457E+00,-4.510089E+00, 2.398194E+00, 8.906116E+01, 6.577982E+01, 8.522075E+00, 6.060846E+00,10, 7.326327E+00,0, 0.000000E+00,0, 0.000000E+00,6, 1.075827E+01, 6.378050E-01, 4.208199E+00,NULL,NULL,1,mc_qqps,34
-21022,2459,20228,184054,94C2, 9.125000E+01,18,10,28,18,10, 1.854369E+01, 1.743980E+01, 6.300869E+00, 5.151187E+01, 5.132042E+01, 2.851134E+00, 1.031733E+01, 1.038609E+01, 3.319939E+00, 9.007805E+01, 4.371658E+01, 3.821434E+01, 3.518469E-01,11, 9.726393E-01,0, 0.000000E+00,0, 0.000000E+00,9, 3.821434E+01, 6.779686E-01, 2.031268E+01,NULL,NULL,1,mc_qqps,34
-21022,2460,20228,184108,94C2, 9.125000E+01,25,18,43,25,18, 9.658953E+00, 2.556077E+00,-5.428114E+00, 5.072665E+01, 5.039563E+01, 2.015825E+00, 8.811207E+00,-1.336293E-01,-5.145412E+00, 8.175388E+01, 4.830222E+01, 2.678804E+01, 8.181221E-01,21, 8.704945E+00,0, 0.000000E+00,0, 0.000000E+00,13, 2.440024E+01, 6.462042E-01, 8.833970E+00,NULL,NULL,1,mc_qqps,34
-21022,2461,20228,184129,94C2, 9.125000E+01,46,27,73,46,27, 2.160410E+01, 1.004570E+01, 9.917084E+01, 1.414042E+02, 1.404131E+02, 3.052458E+00, 1.875331E+01, 8.229096E+00, 9.241249E+01, 1.656655E+02, 1.530939E+01, 2.179345E+01, 4.307604E-01,1, 0.000000E+00,26, 9.370737E+00,0, 0.000000E+00,1, 2.037102E+00, 2.037102E+00, 2.037102E+00,4, 0.000000E+00,1,mc_qqps,34
-21022,2462,20228,184158,94C2, 9.125000E+01,37,10,47,37,10,-1.563289E+00, 6.876617E+00, 1.797800E-01, 7.347050E+01, 7.209524E+01, 1.948520E+00,-2.823501E+00, 2.755363E+00,-3.062700E+00, 8.350643E+01, 6.101194E+01, 5.410027E+00, 3.974581E+00,7, 1.141925E+01,1, 0.000000E+00,0, 0.000000E+00,4, 3.880860E+00, 3.767897E-01, 1.572048E+00,NULL,NULL,1,mc_qqps,34
-21022,2463,20228,184225,94C2, 9.125000E+01,41,27,68,41,27,-1.546225E+00, 2.938452E+00, 6.197107E-01, 5.168443E+01, 5.098096E+01, 1.243438E+00, 2.146716E+00,-6.905647E+00,-3.391674E+00, 9.633784E+01, 4.594771E+01, 2.767782E+01, 1.205938E+01,27, 5.585167E+00,0, 0.000000E+00,0, 0.000000E+00,21, 3.227703E+01, 5.067233E-01, 3.322679E+00,NULL,NULL,1,mc_qqps,34
-21022,2464,20228,184246,94C2, 9.125000E+01,49,12,61,49,12,-4.619709E-02, 5.221985E+00, 9.240815E+00, 6.448718E+01, 6.340390E+01, 1.293957E+00, 1.070467E-01,-2.443193E+00, 1.675546E+00, 9.838157E+01, 5.589493E+01, 3.247476E+01, 1.419632E+00,16, 5.072154E-01,0, 0.000000E+00,0, 0.000000E+00,8, 2.794519E+01, 6.728292E-01, 1.610313E+01,NULL,NULL,1,mc_qqps,34
-21022,2465,20228,184309,94C2, 9.125000E+01,49,16,65,49,16,-6.458438E+00,-1.032033E+01, 2.727430E-01, 7.304818E+01, 7.119495E+01, 1.452958E+00, 2.245571E+00, 1.143997E+00,-1.077942E+00, 1.022448E+02, 6.658684E+01, 2.417207E+01, 9.271351E-01,19, 5.468913E+00,0, 0.000000E+00,0, 0.000000E+00,13, 2.613602E+01, 6.835700E-01, 6.214151E+00,NULL,NULL,1,mc_qqps,34
-21022,2466,20228,184337,94C2, 9.125000E+01,24,13,37,24,13,-8.671864E-01,-1.085302E+00,-4.751104E+00, 6.746426E+01, 6.712721E+01, 2.796967E+00, 1.989261E+00, 1.245303E+00,-9.950373E-02, 8.670689E+01, 6.437715E+01, 1.537971E+01, 7.659118E-01,5, 1.741667E+00,13, 1.855429E+00,0, 0.000000E+00,3, 1.258320E+01, 7.127638E-01, 9.486176E+00,1, 0.000000E+00,1,mc_qqps,34
-21022,2467,20228,184359,94C2, 9.125000E+01,29,8,37,29,8, 1.241768E-01, 5.329566E+00,-1.704008E+00, 6.001635E+01, 5.948129E+01, 2.051079E+00, 1.950023E-01,-6.691463E+00, 2.063127E+00, 7.980864E+01, 5.118343E+01, 1.428039E+01, 0.000000E+00,14, 2.884480E-01,0, 0.000000E+00,0, 0.000000E+00,7, 1.953324E+01, 1.210330E+00, 6.657124E+00,NULL,NULL,1,mc_qqps,34
-21022,2468,20228,184413,94C2, 9.125000E+01,17,12,29,17,12,-4.744091E+00,-4.853057E-01, 8.419624E+00, 4.228008E+01, 4.203241E+01, 2.472495E+00,-4.925201E+00,-9.471823E-02, 1.029993E+01, 5.999874E+01, 3.846111E+01, 1.211443E+01, 5.604239E+00,2, 0.000000E+00,6, 3.125776E-01,0, 0.000000E+00,2, 6.785953E+00, 7.521669E-01, 6.033786E+00,1, 0.000000E+00,1,mc_qqps,34
-21022,2469,20228,184434,94C2, 9.125000E+01,20,19,39,20,19,-5.432816E+00,-8.882946E-01, 1.309471E+01, 2.924500E+01, 2.885442E+01, 1.442721E+00,-3.649930E+00, 2.620880E+00, 4.137409E-01, 8.196532E+01, 2.476020E+01, 2.825702E+01, 2.447632E+01,1, 0.000000E+00,11, 6.421183E-01,0, 0.000000E+00,1, 7.502401E-01, 7.502401E-01, 7.502401E-01,3, 0.000000E+00,1,mc_qqps,34
-21022,2470,20228,184456,94C2, 9.125000E+01,20,6,26,20,6,-1.135549E+01, 4.164343E+00, 1.407403E+01, 5.330235E+01, 5.308849E+01, 2.654424E+00, 3.966234E+00,-2.601708E+00,-6.666864E+00, 9.049374E+01, 5.177618E+01, 3.311620E+01, 4.114854E+00,3, 0.000000E+00,1, 0.000000E+00,0, 0.000000E+00,2, 3.033337E+01, 8.816196E-01, 2.945175E+01,2, 0.000000E+00,1,mc_qqps,34
-21022,2471,20228,184521,94C2, 9.125000E+01,31,15,46,31,15,-1.820675E+00,-3.241662E+00, 8.178967E+00, 4.239761E+01, 4.185009E+01, 1.350003E+00,-2.516707E+00,-5.156051E+00, 1.222156E+01, 8.349077E+01, 3.481371E+01, 2.358086E+01, 1.754157E+01,1, 0.000000E+00,16, 3.066667E+00,0, 0.000000E+00,NULL,NULL,NULL,NULL,NULL,NULL,1,mc_qqps,34
-21022,2472,20228,184543,94C2, 9.125000E+01,27,15,42,27,15,-1.095022E+01,-5.432512E+00, 3.779794E+00, 7.316327E+01, 7.269600E+01, 2.692444E+00,-4.151358E+00, 1.709962E-01,-6.283239E-02, 9.567021E+01, 6.944386E+01, 1.788097E+01, 3.954606E+00,16, 3.274117E+00,0, 0.000000E+00,0, 0.000000E+00,11, 1.528454E+01, 4.805458E-01, 3.434052E+00,NULL,NULL,1,mc_qqps,34
-21022,2473,20228,184603,94C2, 9.125000E+01,21,18,39,21,18, 1.956669E+00, 6.452054E-02, 6.496602E+00, 2.949815E+01, 2.888622E+01, 1.375534E+00,-1.690666E+00,-2.601420E+00,-4.165375E+00, 6.173464E+01, 2.619615E+01, 2.111286E+01, 6.632938E+00,5, 0.000000E+00,12, 1.407638E+00,0, 0.000000E+00,5, 6.760984E+00, 5.645766E-01, 2.467793E+00,1, 0.000000E+00,1,mc_qqps,34
-21022,2474,20228,184619,94C2, 9.125000E+01,27,13,40,27,13,-1.631686E+00, 9.914617E+00, 4.584055E+00, 5.029995E+01, 4.974863E+01, 1.842542E+00, 1.417871E+00, 1.383335E+01, 4.256202E+00, 6.832330E+01, 4.533813E+01, 1.361628E+01, 4.583280E+00,11, 5.108175E+00,2, 0.000000E+00,0, 0.000000E+00,5, 8.045699E+00, 6.425771E-01, 3.561331E+00,NULL,NULL,1,mc_qqps,34
-21022,2475,20228,184641,94C2, 9.125000E+01,26,8,34,26,8, 6.219250E+00,-6.894755E+00,-1.449613E+01, 4.821263E+01, 4.773380E+01, 1.835915E+00, 7.451168E+00,-7.960827E+00,-1.645096E+01, 5.625426E+01, 3.606754E+01, 7.361780E+00, 0.000000E+00,1, 0.000000E+00,9, 0.000000E+00,0, 0.000000E+00,1, 6.798480E-01, 6.798480E-01, 6.798480E-01,NULL,NULL,1,mc_qqps,34
-21022,2476,20228,184658,94C2, 9.125000E+01,23,11,34,23,11, 2.581381E+00, 3.298003E+00, 4.734595E-01, 5.578906E+01, 5.548026E+01, 2.412185E+00, 1.717884E+00, 2.869607E+00, 8.261554E-01, 7.713356E+01, 5.097946E+01, 1.410231E+01, 7.312137E+00,14, 3.298127E+00,0, 0.000000E+00,0, 0.000000E+00,8, 1.352562E+01, 5.496850E-01, 4.829883E+00,NULL,NULL,1,mc_qqps,34
-21022,2477,20228,184712,94C2, 9.125000E+01,31,17,48,31,17, 1.144495E+00, 1.448864E+01, 6.661441E+00, 6.532120E+01, 6.493412E+01, 2.094649E+00,-2.041770E+00, 2.592690E+00, 3.938956E+00, 9.560419E+01, 5.916303E+01, 1.696572E+01, 1.302392E+01,24, 6.373726E+00,0, 0.000000E+00,0, 0.000000E+00,13, 1.573178E+01, 4.192512E-01, 3.022458E+00,NULL,NULL,1,mc_qqps,34
-21022,2478,20228,184732,94C2, 9.125000E+01,21,9,30,21,9,-2.252505E+00,-1.115898E+00, 1.866289E+00, 7.866558E+01, 7.838249E+01, 3.732500E+00, 1.195602E+01, 1.779122E+00,-3.718978E+00, 9.908493E+01, 7.495123E+01, 1.852081E+01, 8.963766E-01,11, 4.341269E+00,0, 0.000000E+00,0, 0.000000E+00,7, 1.952297E+01, 3.839238E-01, 9.810973E+00,NULL,NULL,1,mc_qqps,34
-21022,2479,20228,184748,94C2, 9.125000E+01,21,7,28,21,7,-1.508029E+00, 1.924407E+00,-1.851178E+00, 4.928109E+01, 4.888937E+01, 2.328065E+00, 1.974351E+00,-2.308490E+00, 4.110014E+00, 6.312679E+01, 4.807037E+01, 2.651121E+00, 1.036379E+01,7, 8.612622E+00,1, 0.000000E+00,0, 0.000000E+00,2, 3.004614E+00, 8.488126E-01, 2.155802E+00,NULL,NULL,1,mc_qqps,34
-21022,2480,20228,184810,94C2, 9.125000E+01,26,9,35,26,9,-1.527513E+00, 5.499463E+00, 5.816197E+00, 7.254421E+01, 7.223283E+01, 2.778186E+00, 1.560383E-01, 2.262855E+00, 2.261245E+00, 7.999283E+01, 7.001512E+01, 4.593636E+00, 4.724383E-01,5, 2.064040E+00,8, 0.000000E+00,0, 0.000000E+00,3, 4.354248E+00, 5.672276E-01, 2.382541E+00,1, 0.000000E+00,1,mc_qqps,34
-21022,2481,20228,184829,94C2, 9.125000E+01,40,19,59,40,19, 3.460219E+00, 4.910661E+00, 1.036860E+01, 5.789386E+01, 5.695134E+01, 1.423783E+00, 3.494539E+00, 5.981060E+00, 1.132178E+01, 8.549270E+01, 4.549376E+01, 1.845084E+01, 6.169662E+00,11, 1.701602E-01,7, 0.000000E+00,0, 0.000000E+00,10, 1.434718E+01, 5.135410E-01, 2.833551E+00,NULL,NULL,1,mc_qqps,34
-21022,2482,20228,184854,94C2, 9.125000E+01,21,21,42,21,21,-6.828117E+00, 1.741462E+00, 3.725867E+00, 3.568657E+01, 3.533332E+01, 1.682539E+00,-1.708549E+00, 3.293297E+00,-2.931732E+00, 6.438318E+01, 3.161133E+01, 2.284523E+01, 5.851381E+00,1, 0.000000E+00,12, 2.204820E-01,0, 0.000000E+00,1, 1.026233E+00, 1.026233E+00, 1.026233E+00,1, 0.000000E+00,1,mc_qqps,34
-21022,2483,20228,184915,94C2, 9.125000E+01,49,19,68,49,19, 5.182820E+00,-7.310089E+00, 1.894846E+00, 5.966504E+01, 5.878790E+01, 1.199753E+00, 6.073130E+00,-8.608150E+00, 8.990996E+00, 1.025463E+02, 4.956205E+01, 4.025460E+01, 0.000000E+00,23, 1.797888E+00,0, 0.000000E+00,0, 0.000000E+00,17, 3.788512E+01, 4.190588E-01, 1.046734E+01,NULL,NULL,1,mc_qqps,34
-21022,2484,20228,184940,94C2, 9.125000E+01,27,15,42,27,15, 3.367670E+02,-1.177647E+02,-9.852444E+02, 1.098942E+03, 1.098668E+03, 4.069143E+01, 3.346463E+02,-1.138684E+02,-9.777866E+02, 1.126873E+03, 4.940506E+01, 2.265355E+01, 4.644020E+00,11, 1.107445E-01,3, 0.000000E+00,0, 0.000000E+00,9, 2.183402E+01, 4.123822E-01, 4.376703E+00,NULL,NULL,1,mc_qqps,34
-21022,2485,20228,184959,94C2, 9.125000E+01,37,18,55,37,18,-1.047844E+01,-9.320263E+00, 1.230659E+01, 8.069698E+01, 7.989967E+01, 2.159451E+00,-1.275286E+01,-1.691518E+01, 1.904359E+01, 1.060004E+02, 5.935943E+01, 2.100162E+01, 0.000000E+00,17, 1.578293E+00,3, 0.000000E+00,0, 0.000000E+00,12, 2.038617E+01, 5.425023E-01, 6.781510E+00,NULL,NULL,1,mc_qqps,34
-21022,2486,20228,185021,94C2, 9.125000E+01,36,10,46,36,10, 2.898437E+00, 1.255299E+00, 9.367992E-01, 7.181017E+01, 7.089241E+01, 1.969234E+00, 1.179991E+01, 3.955973E+00, 5.294268E-01, 8.404494E+01, 6.779394E+01, 1.050570E+01, 1.800315E+00,12, 4.591031E-01,1, 0.000000E+00,0, 0.000000E+00,7, 9.765769E+00, 7.605417E-01, 3.999300E+00,NULL,NULL,1,mc_qqps,34
-21022,2487,20228,185042,94C2, 9.125000E+01,29,16,45,29,16, 5.123409E+01,-4.858168E+01,-2.569153E+00, 9.028613E+01, 8.969997E+01, 3.093102E+00, 3.633022E+01,-3.743594E+01,-5.010758E+00, 1.360218E+02, 3.722402E+01, 2.413972E+01, 2.059995E+01,13, 0.000000E+00,0, 0.000000E+00,0, 0.000000E+00,11, 2.454445E+01, 4.452066E-01, 5.534550E+00,NULL,NULL,1,mc_qqps,34
-21022,2488,20228,185101,94C2, 9.125000E+01,26,5,31,26,5, 1.244413E+01,-1.576902E+01,-2.808993E+01, 5.756926E+01, 5.702385E+01, 2.193225E+00, 1.142556E+01,-1.445199E+01,-2.649467E+01, 6.195771E+01, 4.984921E+01, 1.496820E+00, 2.418605E+00,2, 1.178355E+00,7, 7.369738E-01,0, 0.000000E+00,1, 4.730253E-01, 4.730253E-01, 4.730253E-01,NULL,NULL,1,mc_qqps,34
-21022,2489,20228,185113,94C2, 9.125000E+01,20,10,30,20,10,-2.942476E+00,-1.180413E+00, 1.162289E+01, 3.880227E+01, 3.840543E+01, 1.920272E+00,-1.109187E+00,-6.000679E-01, 4.976500E+00, 5.945065E+01, 8.332832E+00, 1.204943E+01, 8.598953E+00,0, 0.000000E+00,10, 0.000000E+00,0, 0.000000E+00,NULL,NULL,NULL,NULL,1, 0.000000E+00,0,mc_qqps,34
-21022,2490,20228,185132,94C2, 9.125000E+01,39,11,50,39,11,-2.676780E-01,-1.269420E+01,-1.158400E+01, 8.865601E+01, 8.798387E+01, 2.255997E+00,-3.355179E-01,-1.535542E+01,-1.438876E+01, 9.855788E+01, 7.196484E+01, 9.674139E+00, 2.277381E-01,2, 0.000000E+00,7, 0.000000E+00,0, 0.000000E+00,1, 7.609262E-01, 7.609262E-01, 7.609262E-01,NULL,NULL,1,mc_qqps,34
-21022,2491,20228,185155,94C2, 9.125000E+01,32,17,49,32,17, 1.492506E+00,-8.320589E-01, 3.292094E+00, 9.390369E+01, 9.341879E+01, 2.919337E+00, 8.534235E-01,-2.752897E+00, 1.955813E+00, 1.125504E+02, 6.904987E+01, 8.074183E+00, 8.906074E-01,17, 6.384184E+00,1, 0.000000E+00,0, 0.000000E+00,12, 1.587588E+01, 5.506795E-01, 6.495380E+00,1, 0.000000E+00,1,mc_qqps,34
-21022,2492,20228,185216,94C2, 9.125000E+01,33,11,44,33,11,-7.280005E+00,-9.228029E-01,-5.948027E+01, 1.052187E+02, 1.045454E+02, 3.168042E+00,-1.177865E+01,-4.161772E-01,-6.628574E+01, 1.250046E+02, 2.259852E+01, 1.978590E+01, 0.000000E+00,4, 5.897348E-02,11, 4.158310E-01,0, 0.000000E+00,2, 3.668120E+00, 9.700465E-01, 2.698074E+00,4, 0.000000E+00,1,mc_qqps,34
-21022,2493,20228,185236,94C2, 9.125000E+01,13,19,32,13,19, 4.549958E+00, 3.385140E+00, 6.633988E+00, 4.063000E+01, 4.050751E+01, 3.115962E+00, 5.568357E+00, 3.244125E+00, 6.660230E+00, 7.219386E+01, 4.036766E+01, 3.080907E+01, 7.547932E-01,2, 0.000000E+00,17, 1.146193E+01,0, 0.000000E+00,2, 2.569439E+00, 1.026257E+00, 1.543182E+00,NULL,NULL,1,mc_qqps,34
-21022,2494,20228,185252,94C2, 9.125000E+01,30,13,43,30,13,-3.314757E+00,-3.949206E+00,-1.123071E+00, 4.825990E+01, 4.766997E+01, 1.588999E+00,-1.690703E+01,-9.765815E+00, 1.987146E+00, 7.413300E+01, 4.524707E+01, 6.926369E+00, 1.641399E+01,13, 5.417525E-01,0, 0.000000E+00,0, 0.000000E+00,7, 9.235394E+00, 3.278308E-01, 2.728261E+00,NULL,NULL,1,mc_qqps,34
-21022,2495,20228,185311,94C2, 9.125000E+01,73,13,86,73,13,-3.908222E+00,-7.278279E+00, 1.133010E+00, 7.472533E+01, 7.166159E+01, 9.816656E-01,-2.143932E+00,-3.608547E+00,-5.401896E+00, 9.035479E+01, 5.328594E+01, 1.289504E+01, 2.352782E+00,1, 0.000000E+00,14, 5.666979E+00,0, 0.000000E+00,1, 3.816449E-01, 3.816449E-01, 3.816449E-01,NULL,NULL,1,mc_qqps,34
-21022,2496,20228,185335,94C2, 9.125000E+01,37,19,56,37,19, 2.079195E+00, 2.857572E+00,-2.722700E+00, 5.702253E+01, 5.645852E+01, 1.525906E+00, 2.763453E+00, 1.588687E+00, 1.449393E+00, 9.043975E+01, 5.325005E+01, 1.261544E+01, 1.881319E+01,17, 4.128545E+00,0, 0.000000E+00,0, 0.000000E+00,12, 1.149254E+01, 4.499272E-01, 1.674541E+00,NULL,NULL,1,mc_qqps,34
-21022,2497,20228,185400,94C2, 9.125000E+01,14,7,21,14,7, 7.245425E-01, 9.456723E+00, 6.671992E+00, 5.310246E+01, 5.299080E+01, 3.785057E+00, 3.156653E+00, 1.696897E+01, 1.093812E+01, 6.260005E+01, 5.307721E+01, 4.605595E+00, 1.471798E+00,9, 3.431402E+00,0, 0.000000E+00,0, 0.000000E+00,6, 8.113103E+00, 2.223809E-01, 3.194514E+00,NULL,NULL,1,mc_qqps,34
-21022,2498,20228,185417,94C2, 9.125000E+01,48,26,74,48,26, 8.400654E-01,-1.778201E+01,-1.098640E-01, 5.682224E+01, 5.538409E+01, 1.153835E+00,-3.690090E+00,-7.959224E+00, 7.312105E-01, 9.958452E+01, 4.470451E+01, 3.294649E+01, 6.721775E+00,29, 7.325498E+00,0, 0.000000E+00,0, 0.000000E+00,15, 2.742547E+01, 3.936038E-01, 4.321874E+00,NULL,NULL,1,mc_qqps,34
-21022,2499,20228,185442,94C2, 9.125000E+01,21,9,30,21,9, 9.240300E+00,-2.380077E+00,-1.716430E+01, 6.279618E+01, 6.222636E+01, 2.963160E+00, 1.204041E+01,-2.558807E+00,-2.295907E+01, 7.954651E+01, 5.482082E+01, 1.640121E+01, 3.491237E-01,0, 0.000000E+00,13, 7.835060E+00,0, 0.000000E+00,NULL,NULL,NULL,NULL,NULL,NULL,1,mc_qqps,34
-21022,2500,20228,185500,94C2, 9.125000E+01,40,15,55,40,15,-2.475546E+00, 2.723568E+00, 3.196446E+00, 5.650959E+01, 5.576256E+01, 1.394064E+00, 1.268502E+00, 1.712183E+00, 3.568846E+00, 7.389493E+01, 4.892591E+01, 7.152974E+00, 9.588729E+00,9, 0.000000E+00,3, 0.000000E+00,0, 0.000000E+00,7, 7.891366E+00, 5.016584E-01, 3.049338E+00,NULL,NULL,1,mc_qqps,34
-21022,2501,20228,185519,94C2, 9.125000E+01,31,14,45,31,14, 1.690129E+00, 4.293262E-01, 1.675418E+00, 6.361756E+01, 6.310873E+01, 2.035765E+00,-1.099432E+00, 3.296188E-01,-9.688895E-01, 1.022525E+02, 5.621695E+01, 3.571754E+01, 9.336805E-02,18, 3.881882E+00,0, 0.000000E+00,0, 0.000000E+00,12, 3.506502E+01, 5.928049E-01, 1.133688E+01,NULL,NULL,1,mc_qqps,34
-21022,2502,20228,185541,94C2, 9.125000E+01,45,11,56,45,11, 1.632407E+00, 2.103343E+00,-6.341982E+00, 6.975434E+01, 6.868932E+01, 1.526429E+00,-1.027127E+00,-5.685114E+00,-3.837787E+00, 8.547398E+01, 6.218119E+01, 1.528538E+01, 0.000000E+00,15, 1.916680E+01,2, 0.000000E+00,0, 0.000000E+00,6, 1.198023E+01, 4.342567E-01, 5.611449E+00,1, 0.000000E+00,1,mc_qqps,34
-21022,2503,20228,185606,94C2, 9.125000E+01,27,19,46,27,19, 1.447225E+00, 4.064881E+00,-3.156973E+00, 6.149464E+01, 6.112449E+01, 2.263870E+00, 2.564957E+00, 5.832211E+00,-5.573183E+00, 1.192878E+02, 6.058861E+01, 3.263089E+01, 2.252173E+01,18, 7.842202E-01,0, 0.000000E+00,0, 0.000000E+00,14, 2.682622E+01, 5.690963E-01, 6.453453E+00,NULL,NULL,1,mc_qqps,34
-21022,2504,20228,185624,94C2, 9.125000E+01,21,12,33,21,12, 1.463510E+01, 1.057751E+01,-2.015903E+01, 6.099801E+01, 6.067252E+01, 2.889168E+00, 2.240331E+00, 1.528332E+00,-4.159569E+00, 8.915178E+01, 5.769316E+01, 1.641251E+01, 1.102696E+01,7, 0.000000E+00,0, 0.000000E+00,0, 0.000000E+00,7, 1.097539E+01, 7.143173E-01, 3.772485E+00,NULL,NULL,1,mc_qqps,34
-21022,2505,20228,185645,94C2, 9.125000E+01,28,11,39,28,11, 1.763050E+01,-4.320281E+01, 4.537907E+01, 1.330064E+02, 1.325767E+02, 4.734883E+00, 1.899773E+01,-4.807788E+01, 4.825443E+01, 1.477027E+02, 6.908298E+01, 7.462983E+00, 0.000000E+00,13, 7.235159E-01,3, 0.000000E+00,0, 0.000000E+00,8, 1.228767E+01, 4.973629E-01, 4.905247E+00,NULL,NULL,1,mc_qqps,34
-21022,2506,20228,185703,94C2, 9.125000E+01,27,7,34,27,7, 1.443258E+01,-2.045537E+01, 1.457368E+01, 4.850978E+01, 4.815202E+01, 1.783408E+00, 7.807456E+00,-1.177443E+01, 8.063196E+00, 6.826859E+01, 4.388504E+01, 1.788081E+01, 1.878676E+00,10, 6.484915E+00,0, 0.000000E+00,0, 0.000000E+00,4, 1.693742E+01, 5.272673E-01, 1.365975E+01,NULL,NULL,1,mc_qqps,34
-21022,2507,20228,185717,94C2, 9.125000E+01,53,24,77,53,24, 1.364117E+01,-7.454092E+00, 3.097802E+00, 6.518474E+01, 6.397372E+01, 1.207051E+00, 6.989614E+00, 2.573401E+00, 4.544506E+00, 1.012437E+02, 4.735199E+01, 2.931729E+01, 3.976267E+00,24, 4.866957E+00,0, 0.000000E+00,0, 0.000000E+00,16, 2.377190E+01, 3.828540E-01, 5.439957E+00,NULL,NULL,1,mc_qqps,34
-21022,2508,20228,185740,94C2, 9.125000E+01,15,17,32,15,17, 1.344094E+00,-1.707935E+00, 6.826245E+00, 1.375054E+01, 1.341086E+01, 8.940571E-01,-1.893580E+00,-2.271346E+00,-7.524439E+00, 4.436720E+01, 1.786430E+00, 2.283677E+01, 7.779883E+00,1, 0.000000E+00,10, 3.244466E+00,0, 0.000000E+00,NULL,NULL,NULL,NULL,5, 0.000000E+00,0,mc_qqps,34
-21022,2509,20228,185815,94C2, 9.125000E+01,26,14,40,26,14,-5.325763E-01, 6.351050E-01, 2.155590E+00, 4.447438E+01, 4.404948E+01, 1.694211E+00,-1.087431E+00, 7.291850E-01, 4.074596E+00, 5.483605E+01, 3.952168E+01, 9.491276E+00, 1.491777E+00,0, 0.000000E+00,17, 1.715031E+01,0, 0.000000E+00,NULL,NULL,NULL,NULL,NULL,NULL,1,mc_qqps,34
-21022,2510,20228,185839,94C2, 9.125000E+01,37,15,52,37,15,-7.619799E+00, 4.892996E-01,-6.191736E+00, 7.824998E+01, 7.759645E+01, 2.097201E+00,-4.027936E+00,-3.320934E+00,-3.599675E+00, 9.780576E+01, 7.276183E+01, 8.692756E+00, 7.793150E+00,12, 2.532582E+00,2, 4.403696E+00,0, 0.000000E+00,7, 8.641970E+00, 5.862147E-01, 2.603960E+00,NULL,NULL,1,mc_qqps,34
-21022,2511,20228,185900,94C2, 9.125000E+01,45,15,60,45,15,-1.854570E+00, 8.255892E+00, 1.981607E-01, 6.280067E+01, 6.180541E+01, 1.373453E+00, 1.487284E-01,-8.723908E+00,-1.333566E+00, 9.766818E+01, 4.900472E+01, 3.441872E+01, 4.487776E-01,19, 3.272383E+00,0, 0.000000E+00,0, 0.000000E+00,12, 2.622485E+01, 6.141968E-01, 5.606506E+00,NULL,NULL,1,mc_qqps,34
-21022,2512,20228,185921,94C2, 9.125000E+01,37,18,55,37,18, 1.135288E+00, 4.499052E+00,-1.460646E+00, 6.731030E+01, 6.663461E+01, 1.800936E+00, 5.837972E+00, 5.734848E+00,-6.744191E+00, 8.649610E+01, 5.272301E+01, 6.948747E+00, 1.226845E+01,1, 0.000000E+00,10, 2.716920E+00,0, 0.000000E+00,1, 1.791978E+00, 1.791978E+00, 1.791978E+00,NULL,NULL,1,mc_qqps,34
-21022,2513,20228,185946,94C2, 9.125000E+01,15,2,17,15,2, 8.849404E+00,-8.880995E+00,-2.282741E+00, 6.237750E+01, 6.231176E+01, 4.154117E+00, 2.681697E+00,-1.174794E+00,-7.447195E-01, 7.875912E+01, 6.259392E+01, 0.000000E+00, 1.319054E+01,7, 3.961842E+00,0, 0.000000E+00,0, 0.000000E+00,1, 3.201169E+00, 3.201169E+00, 3.201169E+00,NULL,NULL,1,mc_qqps,34
-21022,2514,20228,185958,94C2, 9.125000E+01,32,13,45,32,13, 1.416012E+00, 5.048783E-01,-1.832706E+00, 7.160678E+01, 7.115801E+01, 2.223688E+00, 1.121013E+01,-1.341955E+01,-1.018538E+01, 9.315414E+01, 6.992894E+01, 1.564636E+01, 5.901006E+00,17, 2.641764E+00,0, 0.000000E+00,0, 0.000000E+00,10, 1.487693E+01, 5.407988E-01, 3.672974E+00,NULL,NULL,1,mc_qqps,34
-21022,2515,20228,190015,94C2, 9.125000E+01,26,14,40,26,14,-7.419363E+00, 1.020037E+01,-2.276087E+01, 7.682835E+01, 7.647375E+01, 2.941298E+00,-2.571194E+00, 4.311794E+00,-9.738154E+00, 9.744336E+01, 7.762766E+01, 2.061499E+01, 0.000000E+00,1, 0.000000E+00,12, 0.000000E+00,0, 0.000000E+00,1, 5.019740E-01, 5.019740E-01, 5.019740E-01,NULL,NULL,1,mc_qqps,34
-21022,2516,20228,190034,94C2, 9.125000E+01,47,15,62,47,15,-6.774142E-01, 4.905745E-01,-2.732337E+00, 6.093402E+01, 5.975967E+01, 1.271482E+00, 4.730485E+00, 1.737981E+00,-7.121769E-01, 7.786858E+01, 5.030516E+01, 1.157289E+01, 8.984442E-01,18, 3.519969E+00,1, 0.000000E+00,0, 0.000000E+00,9, 1.056225E+01, 3.407688E-01, 2.807725E+00,NULL,NULL,1,mc_qqps,34
-21022,2517,20228,190055,94C2, 9.125000E+01,24,19,43,24,19,-2.152385E+01, 1.211950E+01, 1.398004E+01, 6.300653E+01, 6.264663E+01, 2.610276E+00,-5.948492E+00, 5.740605E+00, 5.480238E+00, 8.926242E+01, 5.687027E+01, 1.665183E+01, 6.859684E+00,19, 5.317640E+00,0, 0.000000E+00,0, 0.000000E+00,12, 1.750446E+01, 4.097570E-01, 3.511267E+00,NULL,NULL,1,mc_qqps,34
-21022,2518,20228,190112,94C2, 9.125000E+01,21,19,40,21,19,-1.575418E+01,-1.184877E+01, 5.693641E+00, 6.468848E+01, 6.440157E+01, 3.066741E+00, 2.528975E+00, 4.303929E-01, 7.334070E-01, 1.051459E+02, 5.974453E+01, 2.873162E+01, 4.818693E+00,17, 1.156614E+00,0, 0.000000E+00,0, 0.000000E+00,13, 2.588495E+01, 5.451716E-01, 3.245575E+00,NULL,NULL,1,mc_qqps,34
-21022,2519,20228,190133,94C2, 9.125000E+01,27,12,39,27,12,-1.835655E+01,-8.090861E+00,-1.038345E+01, 4.120596E+01, 4.056142E+01, 1.502275E+00,-4.716943E+00,-2.633448E+00,-1.948955E+00, 8.252426E+01, 1.851303E+01, 1.050609E+01, 3.020571E+01,10, 8.665294E-02,0, 0.000000E+00,0, 0.000000E+00,7, 9.924247E+00, 5.192835E-01, 3.403661E+00,NULL,NULL,1,mc_qqps,34
-21022,2520,20228,190152,94C2, 9.125000E+01,29,11,40,29,11, 2.201168E+00, 1.633139E+00, 9.525038E+00, 6.327717E+01, 6.286597E+01, 2.167792E+00, 2.180421E+00, 9.533365E+00, 1.300337E+01, 9.767332E+01, 5.688709E+01, 1.640782E+01, 1.804095E+01,6, 1.555317E-01,3, 0.000000E+00,0, 0.000000E+00,2, 6.096293E+00, 1.571551E+00, 4.524743E+00,1, 0.000000E+00,1,mc_qqps,34
-21022,2521,20228,190217,94C2, 9.125000E+01,32,19,51,32,19, 3.393427E+00, 1.763395E+00, 1.148704E+01, 5.048373E+01, 5.000870E+01, 1.562772E+00, 2.218737E+00, 7.471792E-01, 1.632444E+01, 7.324403E+01, 4.237862E+01, 1.310316E+01, 4.913160E+00,10, 4.420497E-01,8, 0.000000E+00,0, 0.000000E+00,6, 1.272834E+01, 5.834658E-01, 4.915363E+00,NULL,NULL,1,mc_qqps,34
-21022,2522,20228,190239,94C2, 9.125000E+01,18,7,25,18,7, 2.729773E+00,-1.142833E+00, 1.891031E-01, 6.274572E+01, 6.240243E+01, 3.466802E+00, 3.819433E+00,-7.549038E-01, 1.163586E+00, 7.175783E+01, 6.093226E+01, 4.840848E+00, 2.678298E-01,10, 2.004830E+00,0, 0.000000E+00,0, 0.000000E+00,6, 8.744282E+00, 4.418353E-01, 3.134280E+00,NULL,NULL,1,mc_qqps,34
-21022,2523,20228,190253,94C2, 9.125000E+01,37,14,51,37,14, 1.318027E+01,-6.599548E+00,-1.780641E+01, 1.299643E+02, 1.295169E+02, 3.500457E+00, 1.295818E+01,-8.048988E+00,-2.105490E+01, 1.429130E+02, 2.062164E+01, 1.128618E+01, 4.478134E-01,3, 0.000000E+00,15, 5.811090E-01,0, 0.000000E+00,2, 2.183600E+00, 9.689159E-01, 1.214684E+00,3, 0.000000E+00,1,mc_qqps,34
-21022,2524,20228,190318,94C2, 9.125000E+01,24,15,39,24,15,-5.826740E-01, 7.181082E-01,-1.429700E+00, 6.290053E+01, 6.245820E+01, 2.602425E+00,-1.560937E-01,-4.731162E+00, 6.277845E+00, 7.688735E+01, 5.870135E+01, 1.353680E+01, 4.500157E-01,4, 0.000000E+00,12, 3.690557E+00,0, 0.000000E+00,4, 2.504306E+00, 5.291600E-01, 8.601559E-01,NULL,NULL,1,mc_qqps,34
-21022,2525,20228,190336,94C2, 9.125000E+01,20,7,27,20,7, 6.871042E-01, 2.443220E+00,-9.130478E-02, 6.536436E+01, 6.517300E+01, 3.258650E+00, 6.973043E+00, 7.094058E+00,-4.634449E+00, 7.745029E+01, 6.472764E+01, 3.375150E+00, 6.619097E+00,13, 1.744701E+00,0, 0.000000E+00,0, 0.000000E+00,6, 5.486135E+00, 6.336468E-01, 1.395444E+00,NULL,NULL,1,mc_qqps,34
-21022,2526,20228,190350,94C2, 9.125000E+01,43,9,52,43,9, 2.070548E+01,-3.339653E+00, 4.247967E+00, 7.712375E+01, 7.613780E+01, 1.770647E+00, 1.175361E+01, 7.033124E-01,-5.844649E-01, 1.066465E+02, 6.047434E+01, 7.757005E+00, 2.178170E+00,9, 0.000000E+00,0, 0.000000E+00,0, 0.000000E+00,6, 2.723917E+01, 5.772412E-01, 1.787809E+01,NULL,NULL,1,mc_qqps,34
-21022,2527,20228,190413,94C2, 9.125000E+01,26,8,34,26,8, 1.327482E+00,-1.563552E+00,-8.838907E+00, 8.095771E+01, 8.046934E+01, 3.094975E+00,-2.213324E+00,-1.151680E+00,-1.336069E+01, 8.959357E+01, 5.669165E+01, 6.450140E+00, 1.233988E+00,9, 1.967257E+00,6, 6.320342E+00,0, 0.000000E+00,4, 4.073150E+00, 9.142246E-01, 1.272871E+00,NULL,NULL,1,mc_qqps,34
-21022,2528,20228,190431,94C2, 9.125000E+01,15,9,24,15,9, 1.109806E+01,-2.062416E+01, 2.829936E+00, 6.523885E+01, 6.506319E+01, 4.337546E+00, 2.777990E+00,-4.894293E+00, 4.800217E-01, 9.825110E+01, 5.706808E+01, 1.656727E+01, 1.587211E+01,10, 1.989554E+01,0, 0.000000E+00,0, 0.000000E+00,6, 1.714013E+01, 5.728573E-01, 9.115934E+00,NULL,NULL,1,mc_qqps,34
-21022,2529,20228,190450,94C2, 9.125000E+01,28,14,42,28,14, 2.835284E+00, 7.205062E+00, 8.696643E+00, 6.207901E+01, 6.152767E+01, 2.197417E+00, 1.578707E+00, 2.695155E+00, 7.711423E+00, 1.016163E+02, 5.740058E+01, 1.310400E+01, 2.578484E+01,14, 8.159355E+00,1, 4.993572E-01,0, 0.000000E+00,8, 1.298821E+01, 6.111428E-01, 5.549709E+00,NULL,NULL,1,mc_qqps,34
-21022,2530,20228,190508,94C2, 9.125000E+01,27,7,34,27,7, 7.578144E-01,-2.741086E+00,-9.926764E+00, 6.389136E+01, 6.355466E+01, 2.353876E+00,-5.932196E-01,-2.227656E+00,-1.050603E+01, 6.868932E+01, 2.818212E+01, 4.158398E+00, 6.395699E-01,0, 0.000000E+00,13, 6.812453E+00,0, 0.000000E+00,NULL,NULL,NULL,NULL,1, 0.000000E+00,1,mc_qqps,34
-21022,2531,20228,190528,94C2, 9.125000E+01,33,18,51,33,18,-1.347777E+00,-3.191858E+00, 9.240274E-01, 5.849968E+01, 5.782761E+01, 1.752352E+00,-1.248166E+00,-2.016016E+00, 3.572384E+00, 7.987058E+01, 2.432139E+01, 1.646268E+01, 2.607131E+00,3, 0.000000E+00,16, 1.736179E+01,0, 0.000000E+00,3, 3.259557E+00, 9.584607E-01, 1.208960E+00,2, 0.000000E+00,1,mc_qqps,34
-21022,2532,20228,190550,94C2, 9.125000E+01,27,14,41,27,14, 1.786542E-01, 4.531357E-01,-4.403958E-01, 8.034904E+01, 7.971782E+01, 2.952512E+00,-3.882503E+00, 3.108078E+00, 2.712580E+00, 1.102596E+02, 7.409819E+01, 1.851512E+01, 5.854078E+00,11, 0.000000E+00,1, 0.000000E+00,0, 0.000000E+00,8, 2.283330E+01, 6.687866E-01, 5.847292E+00,NULL,NULL,1,mc_qqps,34
-21022,2533,20228,190606,94C2, 9.125000E+01,40,18,58,40,18,-1.609501E+00, 6.163919E+00, 1.756228E+00, 6.736864E+01, 6.665359E+01, 1.666340E+00,-2.912705E-01, 3.725298E+00, 8.532543E-01, 9.432845E+01, 6.158678E+01, 2.223671E+01, 1.771905E+00,20, 1.194487E+01,1, 0.000000E+00,0, 0.000000E+00,11, 2.372101E+01, 4.210636E-01, 7.192777E+00,NULL,NULL,1,mc_qqps,34
-21022,2534,20228,190625,94C2, 9.125000E+01,50,27,77,50,27,-3.509479E+00,-3.327794E+00,-9.365297E-01, 5.772329E+01, 5.635986E+01, 1.127197E+00,-3.376090E+00,-3.302026E+00,-2.686141E+00, 9.041296E+01, 5.071973E+01, 2.466252E+01, 2.276910E+00,28, 1.355272E+00,0, 0.000000E+00,0, 0.000000E+00,24, 2.935250E+01, 3.672302E-01, 3.354733E+00,NULL,NULL,1,mc_qqps,34
-21022,2535,20228,190652,94C2, 9.125000E+01,47,17,64,47,17,-9.694215E+00, 9.940475E+00, 4.366059E+00, 5.703957E+01, 5.617093E+01, 1.195126E+00, 3.032060E-01, 5.201731E-01, 3.364097E+00, 8.066636E+01, 5.275006E+01, 1.078731E+01, 7.777517E+00,16, 3.219849E+00,0, 0.000000E+00,0, 0.000000E+00,8, 1.218257E+01, 4.986614E-01, 3.317086E+00,1, 0.000000E+00,1,mc_qqps,34
-21022,2536,20228,190719,94C2, 9.125000E+01,28,16,44,28,16, 9.257148E+00, 9.384019E+00, 2.734132E+01, 7.751465E+01, 7.718307E+01, 2.756538E+00, 9.454193E+00, 5.472438E+00, 2.017762E+01, 9.710118E+01, 7.560091E+01, 1.518658E+01, 4.438757E+00,5, 0.000000E+00,13, 9.952889E+00,0, 0.000000E+00,4, 5.716165E+00, 9.580520E-01, 2.249759E+00,NULL,NULL,1,mc_qqps,34
-21022,2537,20228,190739,94C2, 9.125000E+01,25,12,37,25,12,-9.323221E+00,-5.977054E+00,-8.580317E-01, 4.912085E+01, 4.854192E+01, 1.941677E+00,-6.301339E+00,-4.486540E+00,-3.456528E-01, 9.147789E+01, 3.846655E+01, 4.170917E+01, 6.478679E-01,13, 1.099169E+01,0, 0.000000E+00,0, 0.000000E+00,9, 3.982141E+01, 4.362259E-01, 1.419236E+01,1, 0.000000E+00,1,mc_qqps,34
-21022,2538,20228,190757,94C2, 9.125000E+01,27,17,44,27,17, 4.146157E+01,-1.819855E+01, 1.643711E+01, 9.080870E+01, 9.038708E+01, 3.347670E+00, 3.835843E+01,-1.641266E+01, 1.526606E+01, 1.160476E+02, 6.045951E+01, 1.456902E+01, 8.011866E+00,17, 1.875383E+00,0, 0.000000E+00,0, 0.000000E+00,12, 1.378561E+01, 3.269050E-01, 2.812132E+00,NULL,NULL,1,mc_qqps,34
-21022,2539,20228,190818,94C2, 9.125000E+01,28,17,45,28,17,-5.301412E+00,-1.437089E+01, 2.585629E+01, 4.831673E+01, 4.769491E+01, 1.703390E+00,-2.438704E+00,-6.131017E+00, 1.282883E+01, 8.899653E+01, 3.993128E+01, 3.507102E+01, 5.608772E+00,1, 0.000000E+00,19, 4.762890E+00,0, 0.000000E+00,NULL,NULL,NULL,NULL,2, 0.000000E+00,1,mc_qqps,34
-21022,2540,20228,190835,94C2, 9.125000E+01,28,14,42,28,14, 7.297461E-01,-1.612652E+00,-1.316299E+01, 6.296131E+01, 6.236440E+01, 2.227300E+00, 2.111655E+00,-3.159616E+00,-8.650534E+00, 7.948092E+01, 1.202517E+01, 1.347648E+01, 3.043116E+00,0, 0.000000E+00,17, 1.147671E+01,0, 0.000000E+00,NULL,NULL,NULL,NULL,3, 0.000000E+00,0,mc_qqps,34
-21022,2541,20228,190857,94C2, 9.125000E+01,41,17,58,41,17,-1.617382E+00,-2.200893E+00,-2.524676E+00, 4.039373E+01, 3.955164E+01, 9.646742E-01,-7.924395E-01, 1.439550E+00,-2.129473E+00, 6.250016E+01, 3.328872E+01, 1.717134E+01, 4.041149E-01,13, 2.041428E+00,5, 0.000000E+00,0, 0.000000E+00,10, 1.352702E+01, 5.237992E-01, 3.926787E+00,NULL,NULL,1,mc_qqps,34
-21022,2542,20228,190923,94C2, 9.125000E+01,19,9,28,19,9, 3.002466E+00, 2.894722E+00, 7.895950E-01, 7.522058E+01, 7.504070E+01, 3.949511E+00, 1.670363E+00,-7.357388E-01, 2.061259E+00, 8.417282E+01, 7.451306E+01, 5.344303E+00, 1.737666E+00,12, 2.730480E+00,0, 0.000000E+00,0, 0.000000E+00,7, 7.069338E+00, 6.522083E-01, 1.488392E+00,1, 0.000000E+00,1,mc_qqps,34
-21022,2543,20228,190938,94C2, 9.125000E+01,37,22,59,37,22, 2.787754E+00,-4.039439E+00, 7.198285E+00, 6.451261E+01, 6.363406E+01, 1.719839E+00, 2.834334E+00, 1.494948E+00, 7.227164E+00, 8.189607E+01, 5.538462E+01, 8.734837E+00, 6.743666E+00,6, 1.798157E-01,11, 0.000000E+00,0, 0.000000E+00,4, 4.708648E+00, 9.955069E-01, 1.356201E+00,1, 0.000000E+00,1,mc_qqps,34
-21022,2544,20228,191008,94C2, 9.125000E+01,22,18,40,22,18,-5.725193E-02,-6.484803E+00, 5.218475E+00, 5.145932E+01, 5.102720E+01, 2.319418E+00,-3.679101E+00,-2.931799E+01, 1.792814E+01, 1.043697E+02, 4.720921E+01, 1.576544E+01, 3.490546E+01,15, 1.353403E+01,0, 0.000000E+00,0, 0.000000E+00,9, 1.201501E+01, 5.648591E-01, 2.982574E+00,NULL,NULL,1,mc_qqps,34
-21022,2545,20228,191022,94C2, 9.125000E+01,28,14,42,28,14, 3.717204E-01, 9.458568E-01,-1.483734E+00, 5.945214E+01, 5.911303E+01, 2.111180E+00,-2.151323E+00, 2.677239E+00,-8.173822E+00, 8.189709E+01, 4.342202E+01, 1.691818E+01, 4.905923E+00,3, 0.000000E+00,17, 1.371325E+01,0, 0.000000E+00,2, 1.163276E+00, 5.424170E-01, 6.208592E-01,NULL,NULL,1,mc_qqps,34
-21022,2546,20228,191041,94C2, 9.125000E+01,29,20,49,29,20,-2.922403E+00,-9.496646E-01, 1.042138E+00, 3.905183E+01, 3.847906E+01, 1.326864E+00, 7.283370E+00, 2.694363E+00, 4.546579E+00, 9.139707E+01, 3.585578E+01, 5.014508E+01, 5.561310E-01,19, 1.412179E+00,1, 0.000000E+00,0, 0.000000E+00,15, 4.902728E+01, 4.311403E-01, 1.768362E+01,NULL,NULL,1,mc_qqps,34
-21022,2547,20228,191103,94C2, 9.125000E+01,37,14,51,37,14, 1.734140E+00, 6.432239E+00,-5.103390E+00, 7.255423E+01, 7.199494E+01, 1.945809E+00,-8.226037E-03, 7.358184E+00,-9.863180E+00, 9.579041E+01, 6.163055E+01, 3.532879E+00, 1.913434E+01,4, 4.195017E-01,6, 0.000000E+00,0, 0.000000E+00,2, 1.543586E+00, 6.649781E-01, 8.786077E-01,1, 0.000000E+00,1,mc_qqps,34
-21022,2548,20228,191127,94C2, 9.125000E+01,24,15,39,24,15, 3.528102E+00, 4.116789E+00,-9.964190E+00, 4.383429E+01, 4.342104E+01, 1.809210E+00, 3.159686E+00, 1.586929E+00,-8.165226E+00, 6.634764E+01, 1.821573E+01, 1.086722E+01, 1.164613E+01,2, 0.000000E+00,15, 1.374616E+00,0, 0.000000E+00,1, 1.075802E+00, 1.075802E+00, 1.075802E+00,1, 0.000000E+00,1,mc_qqps,34
-21022,2549,20228,191149,94C2, 9.125000E+01,19,14,33,19,14, 3.030542E+00, 4.284481E+00, 1.113541E-01, 6.438386E+01, 6.429416E+01, 3.383903E+00,-9.542669E+00, 5.360082E+00, 6.515589E-01, 9.697357E+01, 4.962732E+01, 2.847955E+01, 2.403913E+00,18, 1.227753E+01,1, 0.000000E+00,0, 0.000000E+00,9, 2.703939E+01, 8.919584E-01, 1.180696E+01,NULL,NULL,1,mc_qqps,34
-21022,2550,20228,191204,94C2, 9.125000E+01,26,14,40,26,14,-8.178741E+00,-4.503350E+00, 4.549625E+00, 5.890090E+01, 5.852935E+01, 2.251129E+00,-7.858201E+00,-3.194545E+00, 4.108595E+00, 8.719032E+01, 5.436576E+01, 2.610550E+01, 1.501036E+00,6, 7.778664E+00,6, 0.000000E+00,0, 0.000000E+00,4, 8.666499E+00, 4.726264E-01, 5.449246E+00,1, 0.000000E+00,1,mc_qqps,34
-21022,2551,20228,191223,94C2, 9.125000E+01,32,20,52,32,20,-1.809597E-02,-1.052571E+00,-7.086012E-01, 5.883123E+01, 5.824010E+01, 1.820003E+00, 1.034874E+00,-2.039070E+00,-5.354797E+00, 8.891496E+01, 5.170633E+01, 2.731403E+01, 2.102822E+00,6, 1.763403E+00,14, 1.791834E+00,0, 0.000000E+00,5, 6.142568E+00, 4.842629E-01, 3.234610E+00,NULL,NULL,1,mc_qqps,34
-21022,2552,20228,191251,94C2, 9.125000E+01,22,12,34,22,12, 5.140828E+00,-3.883889E+00, 6.637716E+00, 7.198759E+01, 7.169287E+01, 3.258767E+00, 6.004025E+00,-1.982210E+00, 9.517470E+00, 9.144250E+01, 5.069142E+01, 1.923061E+01, 2.242870E-01,6, 1.504724E+00,10, 1.604804E+00,0, 0.000000E+00,5, 1.058348E+01, 1.390432E+00, 3.374711E+00,NULL,NULL,1,mc_qqps,34
-21022,2553,20228,191313,94C2, 9.125000E+01,24,10,34,24,10,-7.093828E+00, 6.946201E+00,-1.884374E+00, 5.706418E+01, 5.664964E+01, 2.360401E+00,-4.809977E+00, 6.726196E+00,-6.459106E-01, 8.812536E+01, 5.378392E+01, 2.537503E+01, 4.395361E+00,15, 9.489590E+00,0, 0.000000E+00,0, 0.000000E+00,7, 1.978628E+01, 3.763669E-01, 8.300633E+00,NULL,NULL,1,mc_qqps,34
-21022,2554,20228,191328,94C2, 9.125000E+01,23,16,39,23,16, 5.844970E+00, 6.068510E-01, 7.262187E+00, 4.816709E+01, 4.771713E+01, 2.074658E+00, 2.980102E+00, 4.188120E-01, 5.583470E+00, 8.573495E+01, 4.467523E+01, 3.392014E+01, 0.000000E+00,14, 5.606618E+00,2, 0.000000E+00,0, 0.000000E+00,12, 3.078192E+01, 4.295919E-01, 6.388690E+00,NULL,NULL,1,mc_qqps,34
-21022,2555,20228,191347,94C2, 9.125000E+01,39,15,54,39,15,-1.843728E+00, 2.790062E+00,-1.928526E+00, 7.207608E+01, 7.126346E+01, 1.827268E+00,-4.803793E-01, 1.683313E+00,-2.442694E-02, 8.616579E+01, 5.911743E+01, 1.402474E+01, 6.497726E-02,7, 7.518442E-01,11, 0.000000E+00,0, 0.000000E+00,4, 4.320939E+00, 6.661098E-01, 1.474317E+00,NULL,NULL,1,mc_qqps,34
-21022,2556,20228,191410,94C2, 9.125000E+01,26,18,44,26,18,-2.389503E-01, 5.197141E+00,-1.384099E+01, 8.644378E+01, 8.618299E+01, 3.314730E+00, 9.446584E-01, 8.117697E+00,-2.076094E+01, 1.104793E+02, 6.470655E+01, 2.245321E+01, 1.582312E+00,1, 0.000000E+00,25, 2.213479E+01,0, 0.000000E+00,NULL,NULL,NULL,NULL,NULL,NULL,1,mc_qqps,34
-21022,2557,20228,191431,94C2, 9.125000E+01,40,11,51,40,11, 4.080634E+00,-2.059101E+00, 1.348128E+00, 6.536559E+01, 6.472306E+01, 1.618077E+00, 1.641805E+00,-3.158841E+00,-2.963296E-02, 8.304814E+01, 5.329392E+01, 1.595816E+01, 0.000000E+00,19, 2.521760E+00,0, 0.000000E+00,0, 0.000000E+00,9, 1.425026E+01, 3.251120E-01, 6.180908E+00,NULL,NULL,1,mc_qqps,34
-21022,2558,20228,191457,94C2, 9.125000E+01,43,14,57,43,14,-2.779201E+00,-3.711933E+00,-1.353847E+01, 5.880627E+01, 5.782273E+01, 1.344715E+00,-3.186503E+00,-3.386151E+00,-1.385292E+01, 8.010356E+01, 3.987513E+01, 1.769919E+01, 3.664233E+00,2, 0.000000E+00,13, 0.000000E+00,0, 0.000000E+00,1, 1.151796E+00, 1.151796E+00, 1.151796E+00,1, 0.000000E+00,1,mc_qqps,34
-21022,2559,20228,191528,94C2, 9.125000E+01,31,14,45,31,14, 4.409869E-01, 1.193481E+00,-2.215289E-01, 6.124045E+01, 6.080732E+01, 1.961526E+00, 3.658255E-01,-6.567580E-01,-1.839556E-01, 9.574831E+01, 3.675042E+01, 3.387983E+01, 0.000000E+00,3, 0.000000E+00,15, 4.876321E+00,0, 0.000000E+00,2, 1.136082E+00, 5.080570E-01, 6.280247E-01,2, 0.000000E+00,1,mc_qqps,34
-21022,2560,20228,191547,94C2, 9.125000E+01,18,14,32,18,14, 3.643167E+01,-1.092666E+01,-2.710721E+01, 6.269614E+01, 6.250121E+01, 3.472290E+00, 1.655649E+01,-5.788094E+00,-1.166310E+01, 1.136346E+02, 4.909826E+01, 4.469370E+01, 0.000000E+00,17, 1.617496E+00,0, 0.000000E+00,0, 0.000000E+00,14, 5.093851E+01, 8.114705E-01, 1.158206E+01,NULL,NULL,1,mc_qqps,34
-21022,2561,20228,191603,94C2, 9.125000E+01,21,12,33,21,12, 2.374188E+01,-2.429218E+00,-3.366690E+01, 8.392864E+01, 8.363555E+01, 3.982645E+00, 2.120339E+01,-3.429090E+00,-3.165549E+01, 1.079095E+02, 8.139749E+01, 2.025966E+01, 1.546156E+00,13, 1.162126E+00,0, 0.000000E+00,0, 0.000000E+00,9, 1.658898E+01, 7.523342E-01, 3.495853E+00,NULL,NULL,1,mc_qqps,34
-21022,2562,20228,191616,94C2, 9.125000E+01,35,12,47,35,12,-8.839957E-01,-5.785105E+00,-1.783603E+00, 7.215847E+01, 7.183204E+01, 2.052344E+00,-2.146719E+00,-9.700470E+00,-7.829314E+00, 9.091454E+01, 6.638091E+01, 1.207599E+01, 3.217738E+00,7, 0.000000E+00,5, 0.000000E+00,0, 0.000000E+00,7, 1.194579E+01, 6.967757E-01, 5.280126E+00,NULL,NULL,1,mc_qqps,34
-21022,2563,20228,191639,94C2, 9.125000E+01,48,12,60,48,12, 1.395367E+01,-5.629194E-01, 5.298376E+00, 5.961175E+01, 5.868512E+01, 1.222607E+00,-2.910907E+00, 8.513710E-01,-1.129123E+00, 1.027182E+02, 4.661189E+01, 2.541391E+01, 1.437118E+01,19, 9.770038E-01,0, 0.000000E+00,0, 0.000000E+00,8, 2.958102E+01, 5.765167E-01, 1.698363E+01,NULL,NULL,1,mc_qqps,34
-21022,2564,20228,191658,94C2, 9.125000E+01,19,16,35,19,16, 1.295660E+01,-5.636054E+00,-5.893651E+00, 6.563220E+01, 6.544088E+01, 3.444257E+00, 8.420161E+00,-5.067693E+00,-5.107644E+00, 1.129981E+02, 4.890309E+01, 1.943460E+01, 2.443582E+01,17, 7.914077E+00,1, 0.000000E+00,0, 0.000000E+00,11, 1.709537E+01, 5.120713E-01, 5.103614E+00,NULL,NULL,1,mc_qqps,34
-21022,2565,20228,191713,94C2, 9.125000E+01,26,16,42,26,16,-3.840168E-01, 9.400940E-02,-1.617884E+00, 7.303902E+01, 7.272322E+01, 2.797047E+00, 6.340280E+00,-1.853762E+01,-1.953566E+01, 1.174819E+02, 6.334118E+01, 2.237450E+01, 2.100316E+01,16, 4.152739E+00,1, 0.000000E+00,0, 0.000000E+00,10, 1.717733E+01, 6.766493E-01, 4.826728E+00,NULL,NULL,1,mc_qqps,34
-21022,2566,20228,191731,94C2, 9.125000E+01,25,22,47,25,22, 1.127115E+01, 7.452094E+00,-4.801853E+00, 5.981498E+01, 5.946937E+01, 2.378775E+00, 1.761180E+01, 7.562284E+00,-6.608668E+00, 9.423822E+01, 4.697564E+01, 2.813075E+01, 2.097483E+00,23, 6.580821E+00,0, 0.000000E+00,0, 0.000000E+00,19, 3.232574E+01, 5.123547E-01, 5.208720E+00,NULL,NULL,1,mc_qqps,34
-21022,2567,20228,191751,94C2, 9.125000E+01,33,14,47,33,14,-2.446754E+00, 2.246583E+00, 6.825279E+00, 6.928458E+01, 6.872590E+01, 2.082603E+00,-5.853028E+00, 1.027857E+01, 1.332007E+01, 9.532779E+01, 6.540665E+01, 1.640641E+01, 6.339352E+00,15, 1.204362E+00,3, 0.000000E+00,0, 0.000000E+00,8, 1.690596E+01, 7.412047E-01, 6.457212E+00,1, 0.000000E+00,1,mc_qqps,34
-21022,2568,20228,191811,94C2, 9.125000E+01,23,9,32,23,9,-5.001922E-01,-3.799623E-01, 6.844895E-01, 5.769874E+01, 5.718189E+01, 2.486169E+00,-4.758176E-01, 6.306379E-01, 3.048657E-01, 7.431672E+01, 5.614692E+01, 1.395100E+01, 2.666986E+00,1, 0.000000E+00,9, 9.556625E+00,0, 0.000000E+00,1, 6.965750E-01, 6.965750E-01, 6.965750E-01,NULL,NULL,1,mc_qqps,34
-21022,2569,20228,191829,94C2, 9.125000E+01,31,14,45,31,14, 2.837629E+01, 1.020934E+01,-1.355942E+01, 5.261138E+01, 5.215680E+01, 1.682477E+00, 2.805601E+00, 2.728801E+00,-1.718375E+00, 1.020512E+02, 4.215445E+01, 2.438095E+01, 2.268456E+01,15, 2.608064E+00,0, 0.000000E+00,0, 0.000000E+00,10, 2.661428E+01, 6.111510E-01, 1.133702E+01,NULL,NULL,1,mc_qqps,34
-21022,2570,20228,191846,94C2, 9.125000E+01,51,17,68,51,17,-2.527740E-01, 4.067239E+00,-5.484011E+00, 8.515065E+01, 8.418446E+01, 1.650676E+00,-1.372899E+00, 5.178218E+00,-5.426957E+00, 1.097595E+02, 6.438783E+01, 2.025533E+01, 3.826788E+00,16, 5.556202E-02,1, 0.000000E+00,0, 0.000000E+00,14, 1.893311E+01, 3.855126E-01, 3.753599E+00,NULL,NULL,1,mc_qqps,34
-21022,2571,20228,191909,94C2, 9.125000E+01,13,10,23,13,10, 3.183095E+00, 4.302230E+00,-6.696835E-01, 3.433068E+01, 3.418192E+01, 2.629378E+00, 3.190171E+00, 3.501516E+00, 1.788520E+00, 6.964597E+01, 3.424422E+01, 1.786143E+01, 1.745387E+01,12, 3.896733E+00,0, 0.000000E+00,0, 0.000000E+00,6, 1.704581E+01, 5.544481E-01, 1.014548E+01,NULL,NULL,1,mc_qqps,34
-21022,2572,20228,191923,94C2, 9.125000E+01,23,12,35,23,12, 3.376697E+00,-2.790565E-01,-3.189029E-01, 7.364914E+01, 7.329832E+01, 3.186883E+00,-6.727142E+00, 2.455082E+00, 1.333070E+00, 9.550658E+01, 6.385534E+01, 2.185743E+01, 0.000000E+00,19, 1.200733E+01,0, 0.000000E+00,0, 0.000000E+00,11, 2.104588E+01, 8.361869E-01, 4.952241E+00,NULL,NULL,1,mc_qqps,34
-21022,2573,20228,191941,94C2, 9.125000E+01,26,16,42,26,16, 3.271135E+00, 5.294648E-01, 2.700804E+00, 6.959241E+01, 6.932986E+01, 2.666533E+00, 1.552883E+00, 1.502038E-01, 2.748400E+00, 8.455491E+01, 6.691403E+01, 8.937347E+00, 5.264010E-01,12, 2.276263E+00,7, 0.000000E+00,0, 0.000000E+00,8, 8.399396E+00, 3.921486E-01, 2.913200E+00,NULL,NULL,1,mc_qqps,34
-21022,2574,20228,191959,94C2, 9.125000E+01,17,13,30,17,13,-1.849873E+01, 1.550374E+01, 1.459253E+00, 5.894423E+01, 5.868716E+01, 3.452186E+00,-2.985340E+00, 2.573382E+00, 3.275626E-01, 8.161663E+01, 5.759389E+01, 1.087560E+01, 4.596073E+00,12, 1.370683E+00,0, 0.000000E+00,0, 0.000000E+00,8, 1.547623E+01, 6.046237E-01, 4.346431E+00,NULL,NULL,1,mc_qqps,34
-21022,2575,20228,192014,94C2, 9.125000E+01,28,13,41,28,13,-7.028693E-01, 1.560868E+00,-6.356033E+00, 6.276271E+01, 6.227256E+01, 2.224020E+00, 3.429775E-01, 3.944875E+00,-7.312064E+00, 9.623080E+01, 5.777084E+01, 1.912301E+01, 1.322710E+01,14, 2.776000E+00,3, 0.000000E+00,0, 0.000000E+00,8, 1.785058E+01, 1.055156E+00, 6.683609E+00,NULL,NULL,1,mc_qqps,34
-21022,2576,20228,192036,94C2, 9.125000E+01,20,16,36,20,16, 3.105222E-01,-2.761081E+00,-7.829948E-01, 6.454447E+01, 6.426385E+01, 3.213192E+00,-2.721364E+00,-4.123404E+00,-1.109878E+00, 9.357732E+01, 6.023495E+01, 2.695889E+01, 0.000000E+00,19, 1.265282E+00,0, 0.000000E+00,0, 0.000000E+00,16, 2.903285E+01, 5.539883E-01, 1.042548E+01,NULL,NULL,1,mc_qqps,34
-21022,2577,20228,192052,94C2, 9.125000E+01,27,12,39,27,12,-5.789393E+00,-1.771491E+00,-3.922851E+00, 5.751703E+01, 5.699452E+01, 2.110908E+00,-4.403192E+00,-1.709220E+00,-5.952137E+00, 6.808195E+01, 4.063491E+01, 8.846421E+00, 1.718509E+00,1, 0.000000E+00,14, 1.046247E+01,0, 0.000000E+00,1, 7.457266E-01, 7.457266E-01, 7.457266E-01,1, 0.000000E+00,1,mc_qqps,34
-21022,2578,20228,192111,94C2, 9.125000E+01,34,17,51,34,17, 1.157016E+01,-6.257853E+00,-2.512331E+00, 5.634940E+01, 5.573647E+01, 1.639308E+00,-2.809746E+00, 3.170985E+00, 2.125598E+00, 8.977946E+01, 5.195946E+01, 3.128343E+01, 1.017946E+00,23, 5.463672E+00,0, 0.000000E+00,0, 0.000000E+00,11, 2.552738E+01, 3.532347E-01, 6.815469E+00,NULL,NULL,1,mc_qqps,34
-21022,2579,20228,192131,94C2, 9.125000E+01,31,16,47,31,16,-2.306846E+00, 2.494331E+00,-4.641890E+00, 7.062232E+01, 7.019266E+01, 2.264279E+00,-4.626658E+00, 7.328603E-01,-2.789608E+00, 1.076256E+02, 6.613589E+01, 1.682306E+01, 1.836156E+01,7, 4.666705E-01,4, 0.000000E+00,0, 0.000000E+00,4, 7.189018E+00, 8.330107E-01, 3.410257E+00,NULL,NULL,1,mc_qqps,34
-21022,2580,20228,192153,94C2, 9.125000E+01,32,10,42,32,10,-5.944541E+00, 4.331392E+00,-1.213533E+01, 8.489542E+01, 8.438254E+01, 2.636954E+00,-7.497534E+00, 8.078279E+00,-2.093198E+01, 1.103749E+02, 7.793077E+01, 7.723743E+00, 1.776406E+01,7, 3.349034E+00,3, 0.000000E+00,0, 0.000000E+00,2, 4.291820E+00, 1.321866E+00, 2.969954E+00,NULL,NULL,1,mc_qqps,34
-21022,2581,20228,192215,94C2, 9.125000E+01,18,10,28,18,10,-5.008595E+00,-2.032380E+00, 5.510962E-01, 6.549115E+01, 6.533595E+01, 3.629775E+00,-6.815198E+00,-1.307466E+00,-2.428217E-01, 8.885686E+01, 6.322366E+01, 2.123727E+01, 2.128448E+00,14, 4.553845E+00,0, 0.000000E+00,0, 0.000000E+00,9, 2.123727E+01, 4.742283E-01, 9.264756E+00,NULL,NULL,1,mc_qqps,34
-21022,2582,20228,192233,94C2, 9.125000E+01,29,10,39,29,10, 5.663336E+00, 8.965384E+00,-1.428161E+01, 6.252049E+01, 6.206255E+01, 2.140088E+00, 2.854976E+00, 4.077823E+00,-9.548927E+00, 7.729942E+01, 5.818788E+01, 9.885698E+00, 5.035790E+00,9, 5.535099E+00,1, 0.000000E+00,0, 0.000000E+00,4, 4.006574E+00, 5.104833E-01, 1.469729E+00,NULL,NULL,1,mc_qqps,34
-21022,2583,20228,192254,94C2, 9.125000E+01,27,14,41,27,14, 3.166044E+00,-1.859287E+00, 4.581142E+00, 6.800908E+01, 6.773685E+01, 2.508772E+00, 1.538551E+01,-1.063238E+01, 1.723637E+01, 1.020094E+02, 6.066304E+01, 2.387745E+01, 5.657397E+00,14, 6.504681E+00,4, 0.000000E+00,0, 0.000000E+00,7, 2.386700E+01, 4.283483E-01, 1.398462E+01,NULL,NULL,1,mc_qqps,34
-21022,2584,20228,192317,94C2, 9.125000E+01,41,13,54,41,13,-9.178996E-02,-4.091732E+00,-1.508561E+00, 5.553311E+01, 5.447325E+01, 1.328616E+00, 2.288651E+00,-5.279599E-01,-7.147278E+00, 8.184322E+01, 4.607944E+01, 7.194373E+00, 1.821445E+01,7, 0.000000E+00,1, 1.208143E+00,0, 0.000000E+00,4, 4.750449E+00, 7.067686E-01, 1.571773E+00,NULL,NULL,1,mc_qqps,34
-21022,2585,20228,192345,94C2, 9.125000E+01,32,21,53,32,21,-2.562054E+00,-5.066827E+00, 1.662016E+00, 5.083527E+01, 5.018359E+01, 1.568237E+00, 1.264500E+01, 1.444775E+01,-1.031676E+01, 1.044898E+02, 4.552295E+01, 2.725080E+01, 2.640372E+01,4, 0.000000E+00,15, 3.610247E+00,0, 0.000000E+00,4, 5.885466E+00, 5.983729E-01, 3.261143E+00,NULL,NULL,1,mc_qqps,34
-21022,2586,20228,192408,94C2, 9.125000E+01,19,16,35,19,16,-2.622799E+00,-6.795033E+00, 2.338955E+00, 3.024778E+01, 2.983862E+01, 1.570454E+00,-2.024267E+00,-4.144931E+00, 4.418202E-01, 8.439856E+01, 2.515778E+01, 2.138262E+01, 3.239864E+01,13, 3.202932E-01,0, 0.000000E+00,0, 0.000000E+00,9, 1.971682E+01, 3.801655E-01, 8.067486E+00,NULL,NULL,1,mc_qqps,34
-21022,2587,20228,192427,94C2, 9.125000E+01,46,7,53,46,7,-8.717823E-01, 4.682752E+00, 3.922810E+00, 7.395741E+01, 7.294460E+01, 1.585752E+00,-9.371689E-01, 4.805498E+00, 3.783195E+00, 7.991914E+01, 6.861055E+01, 4.641660E+00, 1.320074E+00,8, 1.002507E-01,2, 0.000000E+00,0, 0.000000E+00,2, 2.294985E+00, 1.115759E+00, 1.179226E+00,1, 0.000000E+00,1,mc_qqps,34
-21022,2588,20228,192454,94C2, 9.125000E+01,36,16,52,36,16,-3.669051E+00,-6.311485E-01,-3.607257E-01, 5.054483E+01, 4.955956E+01, 1.376654E+00,-1.342053E+01, 9.972715E+00,-3.157093E+00, 8.124507E+01, 4.660963E+01, 2.312175E+01, 4.550807E+00,20, 1.128534E+01,0, 0.000000E+00,0, 0.000000E+00,12, 2.385393E+01, 5.288212E-01, 6.509730E+00,1, 0.000000E+00,1,mc_qqps,34
-21022,2589,20228,192515,94C2, 9.125000E+01,48,9,57,48,9,-2.236329E+00,-5.616679E-01,-4.058597E+00, 7.252981E+01, 7.161497E+01, 1.491979E+00,-1.356989E+00, 6.309536E+00,-3.476945E+00, 8.805984E+01, 6.712240E+01, 5.886245E+00, 7.296731E+00,13, 6.595926E-01,1, 0.000000E+00,0, 0.000000E+00,4, 4.934433E+00, 5.352963E-01, 2.432234E+00,1, 0.000000E+00,1,mc_qqps,34
-21022,2590,20228,192542,94C2, 9.125000E+01,33,16,49,33,16,-8.564449E-01, 7.362135E+00,-1.167286E+01, 5.572831E+01, 5.512504E+01, 1.670456E+00,-2.284276E+00, 6.925608E+00,-1.019599E+01, 7.408838E+01, 5.251601E+01, 1.121449E+01, 6.563811E+00,7, 2.906687E+00,9, 0.000000E+00,0, 0.000000E+00,3, 3.795859E+00, 6.946619E-01, 1.555797E+00,NULL,NULL,1,mc_qqps,34
-21022,2591,20228,192611,94C2, 9.125000E+01,30,18,48,30,18, 2.707186E+00,-3.834643E+00,-6.419931E+00, 7.551342E+01, 7.501384E+01, 2.500461E+00, 3.163900E+00,-4.874818E+00,-8.835777E+00, 1.123905E+02, 5.989034E+01, 3.679401E+01, 8.304498E-02,0, 0.000000E+00,19, 2.233332E+00,0, 0.000000E+00,NULL,NULL,NULL,NULL,NULL,NULL,1,mc_qqps,34
-21022,2592,20228,192630,94C2, 9.125000E+01,42,15,57,42,15, 1.281147E+00,-1.756857E+00, 2.695364E+00, 6.831007E+01, 6.777821E+01, 1.613767E+00, 1.775079E-01,-1.094239E+00, 6.169455E+00, 8.653891E+01, 5.557038E+01, 1.469833E+01, 3.640063E+00,0, 0.000000E+00,21, 1.155611E+01,0, 0.000000E+00,NULL,NULL,NULL,NULL,1, 0.000000E+00,1,mc_qqps,34
-21022,2593,20228,192649,94C2, 9.125000E+01,34,24,58,34,24,-1.178601E+00, 3.354112E+00, 4.251953E+00, 5.460611E+01, 5.377741E+01, 1.581689E+00,-5.363961E+00, 2.471624E+00, 5.451645E-01, 8.728033E+01, 4.843123E+01, 2.553289E+01, 5.703208E+00,10, 5.661513E-02,9, 0.000000E+00,0, 0.000000E+00,9, 1.644633E+01, 6.946064E-01, 4.037300E+00,1, 0.000000E+00,1,mc_qqps,34
-21022,2594,20228,192720,94C2, 9.125000E+01,38,16,54,38,16, 9.058425E+00,-1.642728E+00, 8.700589E+01, 1.448903E+02, 1.444960E+02, 3.802525E+00, 1.175677E+01,-2.310847E+00, 9.157639E+01, 1.643216E+02, 5.384372E+01, 1.943124E+01, 0.000000E+00,2, 0.000000E+00,25, 1.697225E+01,0, 0.000000E+00,2, 1.515771E+00, 6.394621E-01, 8.763084E-01,1, 0.000000E+00,1,mc_qqps,34
-21022,2595,20228,192737,94C2, 9.125000E+01,30,22,52,30,22, 6.061019E+00,-1.447339E+00, 3.858805E+00, 5.411889E+01, 5.359005E+01, 1.786335E+00,-8.065308E-01,-4.107128E+00, 6.635489E+00, 9.246215E+01, 4.531937E+01, 2.483720E+01, 1.350748E+01,18, 2.241294E+00,2, 0.000000E+00,0, 0.000000E+00,14, 2.240021E+01, 5.860291E-01, 6.429401E+00,NULL,NULL,1,mc_qqps,34
-21022,2596,20228,192759,94C2, 9.125000E+01,20,16,36,20,16,-4.755911E+00, 4.201043E+00, 3.403479E+00, 5.112764E+01, 5.090448E+01, 2.545224E+00,-4.528098E+00, 8.295530E+00, 4.090619E+00, 8.187557E+01, 5.032965E+01, 2.934291E+01, 1.406737E+00,15, 2.422502E+00,0, 0.000000E+00,0, 0.000000E+00,11, 2.146123E+01, 5.240794E-01, 5.348717E+00,NULL,NULL,1,mc_qqps,34
-21022,2597,20228,192815,94C2, 9.125000E+01,36,21,57,36,21, 6.692091E+00, 8.065633E-01, 5.775913E-01, 3.523345E+01, 3.444788E+01, 9.568856E-01,-6.319032E-01, 2.649801E+00,-1.037442E+00, 7.480086E+01, 2.598169E+01, 2.404187E+01, 1.391120E+01,23, 3.151133E+00,0, 0.000000E+00,0, 0.000000E+00,15, 2.566032E+01, 6.573508E-01, 5.363366E+00,NULL,NULL,1,mc_qqps,34
-21022,2598,20228,192838,94C2, 9.125000E+01,22,19,41,22,19,-6.730032E+00, 1.969521E+00,-8.484521E+00, 3.454441E+01, 3.405529E+01, 1.547968E+00,-1.601616E+00, 2.372788E-01,-2.260380E+00, 6.263245E+01, 2.129886E+01, 2.468272E+01, 3.405328E+00,5, 0.000000E+00,15, 6.320715E+00,0, 0.000000E+00,5, 5.195456E+00, 3.868602E-01, 2.099155E+00,2, 0.000000E+00,1,mc_qqps,34
-21022,2599,20228,192852,94C2, 9.125000E+01,57,12,69,57,12,-6.378371E+00,-1.500519E+00, 2.113791E-02, 6.792347E+01, 6.671650E+01, 1.170465E+00,-8.883740E+00,-4.315697E+00, 3.260764E-02, 8.202435E+01, 6.039711E+01, 1.204191E+01, 1.202518E+00,17, 1.348137E+00,0, 0.000000E+00,0, 0.000000E+00,9, 1.252342E+01, 4.583608E-01, 3.594014E+00,NULL,NULL,1,mc_qqps,34
-21022,2600,20228,192924,94C2, 9.125000E+01,19,19,38,19,19, 1.927793E+00,-1.846824E+00,-2.565765E+00, 3.548377E+01, 3.510784E+01, 1.847781E+00, 3.728092E+00, 8.470339E-01,-1.589426E+01, 5.916787E+01, 1.074747E+01, 1.854272E+01, 5.141390E+00,0, 0.000000E+00,18, 5.920622E+00,0, 0.000000E+00,NULL,NULL,NULL,NULL,3, 0.000000E+00,0,mc_qqps,34
-21022,2601,20228,192945,94C2, 9.125000E+01,32,22,54,32,22,-9.360436E+00,-2.641229E+00, 1.649332E+01, 5.972213E+01, 5.929324E+01, 1.852914E+00,-2.707273E+00, 9.804425E-01, 6.261840E+00, 1.017777E+02, 5.077394E+01, 3.018793E+01, 1.187904E+01,1, 0.000000E+00,27, 6.164182E+00,0, 0.000000E+00,NULL,NULL,NULL,NULL,NULL,NULL,1,mc_qqps,34
-21022,2602,20228,193003,94C2, 9.125000E+01,41,30,71,41,30,-8.309569E+00, 1.298713E+01,-7.245120E+00, 4.411873E+01, 4.319447E+01, 1.053524E+00, 3.475524E+00,-3.504298E+00,-3.439494E+00, 9.237329E+01, 3.518858E+01, 3.731408E+01, 4.869404E+00,21, 4.472547E+00,6, 0.000000E+00,0, 0.000000E+00,17, 3.322199E+01, 6.505725E-01, 6.032662E+00,NULL,NULL,1,mc_qqps,34
-21022,2603,20228,193028,94C2, 9.125000E+01,18,9,27,18,9, 3.887545E-01,-3.499581E+01, 9.604798E+00, 4.880552E+01, 4.845912E+01, 2.692173E+00, 9.628534E-02,-1.196241E+01, 6.166816E+00, 9.122351E+01, 3.163382E+01, 1.964376E+01, 2.058399E+01,8, 1.607003E-01,1, 0.000000E+00,0, 0.000000E+00,4, 2.088643E+01, 2.190235E+00, 1.006228E+01,NULL,NULL,1,mc_qqps,34
-21022,2604,20228,193046,94C2, 9.125000E+01,45,17,62,45,17,-2.157188E+00, 2.587438E+00,-2.874871E-01, 4.955308E+01, 4.866276E+01, 1.081395E+00, 2.782064E+00, 4.204899E-03, 1.496098E+00, 8.257166E+01, 3.930130E+01, 2.873967E+01, 4.981180E-01,23, 6.863793E-01,0, 0.000000E+00,0, 0.000000E+00,15, 3.162928E+01, 4.460457E-01, 7.932832E+00,NULL,NULL,1,mc_qqps,34
-21022,2605,20228,193108,94C2, 9.125000E+01,41,21,62,41,21,-3.556875E+00, 6.725161E+00, 2.391493E+00, 5.702611E+01, 5.628796E+01, 1.372877E+00, 1.142925E+01,-2.894789E+00,-2.198914E-01, 8.976157E+01, 5.281908E+01, 1.875824E+01, 7.785970E+00,26, 3.613479E+00,0, 0.000000E+00,0, 0.000000E+00,16, 2.455924E+01, 3.505493E-01, 4.160863E+00,NULL,NULL,1,mc_qqps,34
-21022,2606,20228,193130,94C2, 9.125000E+01,45,13,58,45,13, 9.885989E-01, 1.540229E+00,-1.086148E+00, 4.803574E+01, 4.697032E+01, 1.043785E+00,-4.025888E-01, 1.057167E+00,-1.888139E+00, 8.470834E+01, 3.424942E+01, 2.307727E+01, 6.758263E+00,16, 4.827653E+00,0, 0.000000E+00,0, 0.000000E+00,10, 2.673354E+01, 6.055722E-01, 8.414694E+00,NULL,NULL,1,mc_qqps,34
-21022,2607,20228,193154,94C2, 9.125000E+01,44,16,60,44,16,-2.547565E+00,-9.290082E-01, 2.357652E+00, 5.689602E+01, 5.600121E+01, 1.272755E+00,-4.463571E+00,-6.030469E-01, 4.826157E+00, 7.883637E+01, 5.146753E+01, 2.087054E+01, 0.000000E+00,17, 2.848100E-01,0, 0.000000E+00,0, 0.000000E+00,11, 1.820930E+01, 4.566071E-01, 3.338346E+00,NULL,NULL,1,mc_qqps,34
-21022,2608,20228,193216,94C2, 9.125000E+01,39,13,52,39,13, 3.292836E+00, 6.752834E-01,-1.885136E+00, 7.729103E+01, 7.638182E+01, 1.958508E+00, 3.817559E+00, 1.467437E+00,-2.081551E+00, 9.644770E+01, 6.212683E+01, 1.636680E+01, 2.789875E+00,13, 1.227677E+01,0, 0.000000E+00,0, 0.000000E+00,8, 1.348875E+01, 4.961637E-01, 3.737477E+00,NULL,NULL,1,mc_qqps,34
-21022,2609,20228,193235,94C2, 9.125000E+01,41,16,57,41,16,-1.114231E+01, 6.898549E+00, 7.561505E+00, 6.973499E+01, 6.890865E+01, 1.680699E+00,-4.271651E+00, 2.332763E+00, 1.862685E+00, 1.055020E+02, 6.169304E+01, 2.546859E+01, 8.936631E+00,18, 4.099072E+00,0, 0.000000E+00,0, 0.000000E+00,13, 2.462559E+01, 3.762898E-01, 5.326563E+00,NULL,NULL,1,mc_qqps,34
-21022,2610,20228,193255,94C2, 9.125000E+01,25,12,37,25,12,-1.160649E+00, 3.394616E-01,-2.442367E+01, 7.818037E+01, 7.788376E+01, 3.115350E+00, 2.868126E+00,-3.061638E+00,-1.860895E+01, 1.045415E+02, 4.898502E+01, 1.320244E+01, 8.551376E+00,13, 3.216503E+00,1, 0.000000E+00,0, 0.000000E+00,9, 1.780977E+01, 4.309284E-01, 4.904232E+00,NULL,NULL,1,mc_qqps,34
-21022,2611,20228,193314,94C2, 9.125000E+01,26,12,38,26,12, 1.264018E+01,-2.701906E+00, 2.760406E+00, 6.965947E+01, 6.945554E+01, 2.671367E+00, 1.137319E+01,-1.548018E+00, 2.874938E+00, 9.083662E+01, 6.498639E+01, 1.351249E+01, 6.213572E+00,20, 1.050164E+01,0, 0.000000E+00,0, 0.000000E+00,10, 1.501314E+01, 3.897208E-01, 4.574529E+00,NULL,NULL,1,mc_qqps,34
-21022,2612,20228,193331,94C2, 9.125000E+01,25,10,35,25,10, 1.101445E+01, 7.176375E-01,-1.310169E+01, 5.445774E+01, 5.393900E+01, 2.157560E+00, 8.386436E-01, 2.007968E+00,-1.597777E+00, 9.680279E+01, 4.475937E+01, 1.689454E+01, 2.545052E+01,6, 3.548524E-01,7, 0.000000E+00,0, 0.000000E+00,5, 9.461613E+00, 6.601630E-01, 3.799113E+00,NULL,NULL,1,mc_qqps,34
-21022,2613,20228,193352,94C2, 9.125000E+01,30,14,44,30,14,-1.370687E+01,-2.232555E+00,-6.581226E+01, 1.412673E+02, 1.408256E+02, 4.694186E+00,-1.664175E+01,-6.164583E+00,-6.779588E+01, 1.560771E+02, 5.347561E+01, 9.102489E+00, 4.145622E+00,10, 6.917883E-01,7, 0.000000E+00,0, 0.000000E+00,6, 7.629362E+00, 6.903999E-01, 2.151088E+00,NULL,NULL,1,mc_qqps,34
-21022,2614,20228,193412,94C2, 9.125000E+01,25,15,40,25,15,-3.239960E+00,-5.897593E-01,-2.507127E+00, 4.018083E+01, 3.973608E+01, 1.589443E+00,-2.113627E+00,-2.049272E+00, 4.363551E+00, 6.094632E+01, 2.796416E+01, 1.547510E+01, 5.290401E+00,0, 0.000000E+00,14, 6.009366E+00,0, 0.000000E+00,NULL,NULL,NULL,NULL,1, 0.000000E+00,1,mc_qqps,34
-21022,2615,20228,193434,94C2, 9.125000E+01,33,20,53,33,20,-8.182734E+00, 1.964411E+00, 9.123197E-01, 4.222488E+01, 4.161474E+01, 1.261053E+00, 3.543487E+00,-2.046028E+00, 6.820774E+00, 8.423374E+01, 3.037042E+01, 3.184301E+01, 8.395353E+00,13, 4.182980E-02,9, 5.826325E-01,0, 0.000000E+00,12, 2.887807E+01, 3.662610E-01, 1.003359E+01,1, 0.000000E+00,1,mc_qqps,34
-21022,2616,20228,193459,94C2, 9.125000E+01,42,11,53,42,11,-5.945644E+00, 1.464917E+00, 2.172260E+00, 5.205664E+01, 5.104501E+01, 1.215357E+00,-2.250894E+00, 7.235436E-01,-1.844835E-01, 6.883987E+01, 4.004929E+01, 1.594482E+01, 0.000000E+00,4, 0.000000E+00,12, 0.000000E+00,0, 0.000000E+00,3, 3.917512E+00, 7.767773E-01, 2.302315E+00,1, 0.000000E+00,1,mc_qqps,34
-21022,2617,20228,193524,94C2, 9.125000E+01,40,9,49,40,9, 5.768142E+00,-1.734229E+01,-9.003734E+00, 6.812862E+01, 6.720692E+01, 1.680173E+00, 1.349719E-01,-4.650399E+00,-1.562573E+00, 9.642254E+01, 5.452794E+01, 2.427644E+01, 4.048330E+00,13, 1.661389E+00,0, 0.000000E+00,0, 0.000000E+00,6, 1.762361E+01, 1.021068E+00, 1.022983E+01,NULL,NULL,1,mc_qqps,34
-21022,2618,20228,193543,94C2, 9.125000E+01,25,21,46,25,21, 1.990208E+00,-7.595059E+00, 9.891729E+00, 5.535322E+01, 5.508575E+01, 2.203430E+00,-1.935475E+00, 3.825019E+00,-2.141794E+00, 8.890740E+01, 5.455573E+01, 2.676109E+01, 3.499651E+00,20, 4.877063E+00,3, 0.000000E+00,0, 0.000000E+00,15, 2.491519E+01, 4.188638E-01, 5.772347E+00,NULL,NULL,1,mc_qqps,34
-21022,2619,20228,193603,94C2, 9.125000E+01,43,18,61,43,18, 4.550148E-01,-6.040587E-01, 5.573379E+00, 8.876354E+01, 8.804789E+01, 2.047625E+00, 3.948825E+00, 4.441927E-02, 1.254670E+01, 1.068474E+02, 4.274366E+01, 1.777969E+01, 3.042182E-01,1, 0.000000E+00,26, 1.335908E+01,0, 0.000000E+00,NULL,NULL,NULL,NULL,1, 0.000000E+00,1,mc_qqps,34
-21022,2620,20228,193632,94C2, 9.125000E+01,28,26,54,28,26,-6.558076E+00, 2.869927E+00, 1.145375E+01, 3.577817E+01, 3.506718E+01, 1.252399E+00, 1.492947E+00,-6.874397E+00, 4.775387E+00, 8.248858E+01, 3.015113E+01, 1.440426E+01, 3.186707E+01,2, 6.797535E-02,13, 6.233132E-01,0, 0.000000E+00,1, 4.390932E-01, 4.390932E-01, 4.390932E-01,5, 0.000000E+00,1,mc_qqps,34
-21022,2621,20228,193701,94C2, 9.125000E+01,16,14,30,16,14,-8.543921E+00, 1.063202E+01, 4.133712E+01, 7.916599E+01, 7.898302E+01, 4.936439E+00,-5.534659E+00, 7.388786E+00, 3.071179E+01, 1.036460E+02, 7.836551E+00, 1.751790E+01, 6.962094E+00,1, 0.000000E+00,14, 6.431342E+00,0, 0.000000E+00,1, 6.410363E-01, 6.410363E-01, 6.410363E-01,3, 0.000000E+00,0,mc_qqps,34
-21022,2622,20228,193728,94C2, 9.125000E+01,18,10,28,18,10, 1.509447E+01,-1.192259E+01,-2.831543E+00, 6.327558E+01, 6.302896E+01, 3.501609E+00, 4.581600E+00,-6.259329E+00,-2.688446E+00, 8.244795E+01, 6.280729E+01, 7.062737E+00, 1.194922E+01,11, 1.316974E+01,0, 0.000000E+00,0, 0.000000E+00,6, 7.522398E+00, 4.596607E-01, 3.537357E+00,NULL,NULL,1,mc_qqps,34
-21022,2623,20228,193742,94C2, 9.125000E+01,24,19,43,24,19, 8.970883E-01, 3.105379E+00, 5.704391E+00, 4.691652E+01, 4.658210E+01, 1.940921E+00,-7.705039E-02,-8.506572E-02, 2.456383E+00, 6.611885E+01, 2.851878E+01, 1.772486E+01, 3.746867E-01,4, 8.351533E-01,19, 1.429716E+01,0, 0.000000E+00,3, 3.324349E+00, 8.426193E-01, 1.378951E+00,2, 0.000000E+00,1,mc_qqps,34
-21022,2624,20228,193800,94C2, 9.125000E+01,28,13,41,28,13, 3.777682E-01, 1.584637E+01,-8.333331E+00, 3.571495E+01, 3.505339E+01, 1.251907E+00, 1.860551E+00,-1.142807E+01, 2.613406E+00, 7.231870E+01, 2.975798E+01, 3.078474E+01, 5.855712E-01,10, 2.727115E-01,1, 0.000000E+00,0, 0.000000E+00,8, 3.218279E+01, 1.064150E+00, 1.497089E+01,NULL,NULL,1,mc_qqps,34
-21022,2625,20228,193818,94C2, 9.125000E+01,42,11,53,42,11, 5.085891E+00,-4.377116E+00,-3.534301E+00, 8.791836E+01, 8.730971E+01, 2.078803E+00, 7.467104E+00,-4.800466E+00,-7.305469E+00, 1.038280E+02, 7.376129E+01, 1.470652E+01, 1.203154E+00,18, 6.028059E+00,0, 0.000000E+00,0, 0.000000E+00,9, 1.448655E+01, 5.473919E-01, 4.553086E+00,NULL,NULL,1,mc_qqps,34
-21022,2626,20228,193837,94C2, 9.125000E+01,26,8,34,26,8,-4.778358E-01,-9.846418E-01, 8.784266E-01, 4.622430E+01, 4.580979E+01, 1.761915E+00, 9.657558E-01,-5.135740E+00,-5.101494E+00, 5.558731E+01, 4.392265E+01, 6.213480E+00, 2.075938E+00,3, 0.000000E+00,3, 0.000000E+00,0, 0.000000E+00,3, 2.761881E+00, 7.106450E-01, 1.073588E+00,NULL,NULL,1,mc_qqps,34
-21022,2627,20228,193859,94C2, 9.125000E+01,16,12,28,16,12, 2.694313E+00,-1.167060E+01, 2.434297E+00, 3.359240E+01, 3.334324E+01, 2.083953E+00, 2.052206E+00,-4.499571E+00, 3.243044E-02, 1.034351E+02, 3.333057E+01, 6.984267E+01, 0.000000E+00,13, 2.163526E+00,0, 0.000000E+00,0, 0.000000E+00,9, 5.777313E+01, 7.021093E-01, 3.830191E+01,NULL,NULL,1,mc_qqps,34
-21022,2628,20228,193914,94C2, 9.125000E+01,34,18,52,34,18, 2.240077E+00,-3.706132E+00,-3.044138E+00, 6.333925E+01, 6.282413E+01, 1.847769E+00,-3.784481E+00, 6.791533E+00, 2.315266E+00, 1.054774E+02, 5.508327E+01, 3.892520E+01, 1.682984E+00,18, 2.774301E+00,1, 0.000000E+00,0, 0.000000E+00,12, 3.374908E+01, 6.113285E-01, 9.993216E+00,NULL,NULL,1,mc_qqps,34
-21022,2629,20228,193933,94C2, 9.125000E+01,24,8,32,24,8,-3.320026E+00,-5.421828E+00, 1.620650E+00, 7.224573E+01, 7.189455E+01, 2.995606E+00, 1.570424E+00, 1.728301E+00,-3.152484E+00, 8.256019E+01, 6.995962E+01, 9.624887E+00, 6.895718E-01,10, 1.079098E-01,0, 0.000000E+00,0, 0.000000E+00,6, 9.624887E+00, 4.765772E-01, 3.206259E+00,NULL,NULL,1,mc_qqps,34
-21022,2630,20228,193951,94C2, 9.125000E+01,29,8,37,29,8,-1.289226E+01,-1.275498E+01,-2.067800E+01, 5.922079E+01, 5.869430E+01, 2.023942E+00,-6.046149E+00,-5.349054E+00,-9.493541E+00, 7.695772E+01, 4.790575E+01, 1.397861E+01, 0.000000E+00,7, 0.000000E+00,2, 0.000000E+00,0, 0.000000E+00,7, 1.724449E+01, 5.979177E-01, 7.270124E+00,NULL,NULL,1,mc_qqps,34
-21022,2631,20228,194014,94C2, 9.125000E+01,24,13,37,24,13,-7.349755E+00, 4.401936E+00,-1.011941E+01, 5.306426E+01, 5.284497E+01, 2.201874E+00, 4.612115E+00,-1.894973E+00, 3.673998E+00, 8.776950E+01, 3.502817E+01, 3.105405E+01, 3.651192E+00,14, 2.367442E+00,3, 0.000000E+00,0, 0.000000E+00,6, 1.557235E+01, 4.144026E-01, 1.038713E+01,1, 0.000000E+00,1,mc_qqps,34
-21022,2632,20228,194032,94C2, 9.125000E+01,50,21,71,50,21, 9.640989E+00,-1.540881E-01,-1.042585E+01, 5.083135E+01, 4.948329E+01, 9.896658E-01,-1.013863E+00,-5.358131E+00, 2.585123E+00, 8.418213E+01, 4.007767E+01, 2.607682E+01, 1.203539E+00,21, 5.551418E-01,1, 0.000000E+00,0, 0.000000E+00,14, 2.801317E+01, 3.447522E-01, 5.693593E+00,NULL,NULL,1,mc_qqps,34
-21022,2633,20228,194056,94C2, 9.125000E+01,15,8,23,15,8,-2.847234E+00,-5.208569E+00, 2.865908E-01, 5.018718E+01, 4.995689E+01, 3.330460E+00, 5.548882E+00, 7.082323E+00,-6.044853E-01, 9.300439E+01, 4.924889E+01, 2.648274E+01, 1.226282E+01,11, 5.009352E+00,0, 0.000000E+00,0, 0.000000E+00,5, 3.018009E+01, 5.503535E-01, 2.175771E+01,NULL,NULL,1,mc_qqps,34
-21022,2634,20228,194112,94C2, 9.125000E+01,32,13,45,32,13, 7.198077E+00,-1.460465E+01, 7.049778E+01, 1.137750E+02, 1.133793E+02, 3.543103E+00, 6.698762E+00,-1.230740E+01, 5.694544E+01, 1.420889E+02, 1.890372E+01, 2.728535E+01, 1.028525E+00,2, 0.000000E+00,20, 8.030055E+00,0, 0.000000E+00,NULL,NULL,NULL,NULL,5, 0.000000E+00,1,mc_qqps,34
-21022,2635,20228,194150,94C2, 9.125000E+01,28,26,54,28,26, 3.083457E+00, 7.435850E+00, 5.583733E+00, 2.416292E+01, 2.352376E+01, 8.401341E-01, 4.166167E-01,-1.336909E+00,-2.893651E+00, 7.047542E+01, 1.909538E+01, 3.971535E+01, 4.387002E+00,12, 1.499724E-01,8, 0.000000E+00,0, 0.000000E+00,11, 2.552989E+01, 7.714141E-01, 5.868974E+00,NULL,NULL,1,mc_qqps,34
-21022,2636,20228,194213,94C2, 9.125000E+01,33,19,52,33,19, 2.642224E+00, 1.942982E+00,-1.938593E+01, 5.712423E+01, 5.659840E+01, 1.715103E+00, 1.043506E-01, 2.393166E+00,-2.918403E+01, 7.361129E+01, 1.034103E+01, 1.524948E+01, 1.669992E+00,2, 0.000000E+00,20, 9.762031E+00,0, 0.000000E+00,NULL,NULL,NULL,NULL,4, 0.000000E+00,0,mc_qqps,34
-21022,2637,20228,194233,94C2, 9.125000E+01,22,13,35,22,13,-3.882791E+00, 2.837837E+00, 3.639810E-01, 2.711033E+01, 2.638528E+01, 1.199331E+00, 9.016867E+00,-7.968949E+00,-3.781222E+00, 7.302643E+01, 2.129176E+01, 4.224624E+01, 3.713230E+00,12, 5.320544E+00,0, 0.000000E+00,0, 0.000000E+00,8, 4.162437E+01, 1.016635E+00, 2.376447E+01,NULL,NULL,1,mc_qqps,34
-21022,2638,20228,194251,94C2, 9.125000E+01,41,19,60,41,19,-2.355435E+00,-3.657068E+00,-1.784777E+00, 7.824609E+01, 7.768112E+01, 1.894662E+00,-4.576758E+00,-8.618979E+00,-6.253111E+00, 9.850838E+01, 5.382561E+01, 1.738430E+01, 2.877977E+00,14, 2.567633E+00,9, 0.000000E+00,0, 0.000000E+00,10, 1.292529E+01, 5.721638E-01, 2.371979E+00,NULL,NULL,1,mc_qqps,34
-21022,2639,20228,194317,94C2, 9.125000E+01,40,18,58,40,18,-6.087793E-01,-3.800234E+00,-3.078866E+00, 7.224468E+01, 7.101790E+01, 1.775447E+00, 4.637885E+00, 8.092400E-01,-9.328634E-02, 1.051532E+02, 6.309702E+01, 2.155652E+01, 1.100308E+01,23, 2.994688E+00,0, 0.000000E+00,0, 0.000000E+00,11, 1.794203E+01, 3.722687E-01, 4.381650E+00,1, 0.000000E+00,1,mc_qqps,34
-21022,2640,20228,194338,94C2, 9.125000E+01,19,21,40,19,21, 4.493899E-01, 3.440422E-01,-1.076267E+01, 8.407817E+01, 8.389863E+01, 4.415717E+00, 1.397459E+00, 3.720595E+00,-1.462342E+00, 1.327194E+02, 7.501746E+01, 3.435606E+01, 1.341884E+01,5, 0.000000E+00,15, 8.659639E+00,0, 0.000000E+00,5, 5.138196E+00, 4.970672E-01, 1.950369E+00,2, 0.000000E+00,1,mc_qqps,34
-21022,2641,20228,194401,94C2, 9.125000E+01,24,10,34,24,10,-6.084727E+00, 3.481656E+00,-5.278278E+00, 6.970081E+01, 6.942174E+01, 2.892572E+00,-1.222411E+01, 7.579836E+00,-7.870515E+00, 8.598159E+01, 6.307470E+01, 9.944306E+00, 3.634506E+00,11, 8.167375E+00,0, 0.000000E+00,0, 0.000000E+00,7, 1.198649E+01, 5.147830E-01, 2.736394E+00,NULL,NULL,1,mc_qqps,34
-21022,2642,20228,194422,94C2, 9.125000E+01,21,7,28,21,7,-4.007827E+00, 9.535395E-01,-3.491034E+00, 7.984937E+01, 7.962440E+01, 3.791638E+00, 9.293651E+00,-1.122804E+01, 4.022624E+00, 1.064512E+02, 7.879385E+01, 2.592246E+01, 0.000000E+00,13, 5.926370E+00,0, 0.000000E+00,0, 0.000000E+00,6, 1.284996E+01, 6.793823E-01, 3.264230E+00,NULL,NULL,1,mc_qqps,34
-21022,2643,20228,194439,94C2, 9.125000E+01,56,19,75,56,19, 7.350805E-01,-1.452226E+00,-5.997514E-01, 5.303796E+01, 5.189260E+01, 9.266535E-01,-9.988484E+00, 1.873201E-01, 1.151886E+00, 8.147304E+01, 4.046101E+01, 2.056854E+01, 4.328382E+00,20, 3.030250E+00,0, 0.000000E+00,0, 0.000000E+00,12, 2.139774E+01, 5.577065E-01, 9.445568E+00,NULL,NULL,1,mc_qqps,34
-21022,2644,20228,194508,94C2, 9.125000E+01,32,16,48,32,16, 6.638993E+00,-5.373710E+00,-6.278387E+01, 1.780742E+02, 1.776651E+02, 5.552034E+00, 5.904888E+00,-7.415104E+00,-5.962986E+01, 2.027544E+02, 1.266997E+01, 1.496457E+01, 9.715696E+00,0, 0.000000E+00,19, 1.200499E+01,0, 0.000000E+00,NULL,NULL,NULL,NULL,3, 0.000000E+00,1,mc_qqps,34
-21022,2645,20228,194528,94C2, 9.125000E+01,38,19,57,38,19,-7.328120E+00, 7.110187E+00, 7.004641E+00, 5.478062E+01, 5.410334E+01, 1.423772E+00,-4.889548E+00, 8.575897E+00, 4.735087E+00, 9.615394E+01, 5.219075E+01, 3.744493E+01, 3.282362E+00,18, 7.059574E+00,2, 0.000000E+00,0, 0.000000E+00,10, 3.509437E+01, 3.943765E-01, 1.953211E+01,NULL,NULL,1,mc_qqps,34
-21022,2646,20228,194549,94C2, 9.125000E+01,29,15,44,29,15, 1.709817E+00,-3.260936E+00, 2.820372E+00, 6.414901E+01, 6.374036E+01, 2.197943E+00,-7.888887E+00, 6.103356E+00,-5.520144E+00, 9.190958E+01, 6.285560E+01, 2.326123E+01, 2.922395E+00,14, 3.041157E+00,2, 0.000000E+00,0, 0.000000E+00,9, 1.596618E+01, 4.480214E-01, 3.622040E+00,NULL,NULL,1,mc_qqps,34
-21022,2647,20228,194607,94C2, 9.125000E+01,20,17,37,20,17,-5.929573E+00, 1.327959E+01,-5.019775E+00, 5.226850E+01, 5.202577E+01, 2.601289E+00,-9.191336E+00, 2.194764E+01,-9.543446E+00, 7.899622E+01, 4.521025E+01, 2.066028E+01, 4.857531E+00,15, 2.333534E-01,0, 0.000000E+00,0, 0.000000E+00,13, 2.118398E+01, 7.009162E-01, 3.330582E+00,NULL,NULL,1,mc_qqps,34
-21022,2648,20228,194625,94C2, 9.125000E+01,30,18,48,30,18,-2.830302E+00,-3.297634E-01,-2.269638E-01, 5.926909E+01, 5.864809E+01, 1.954936E+00,-4.744394E+00, 3.533397E+00, 4.623138E+00, 9.785384E+01, 5.553469E+01, 3.171957E+01, 5.761064E+00,21, 5.421928E+00,0, 0.000000E+00,0, 0.000000E+00,16, 3.284608E+01, 7.503991E-01, 5.296236E+00,NULL,NULL,1,mc_qqps,34
-21022,2649,20228,194644,94C2, 9.125000E+01,38,18,56,38,18,-3.429676E+00,-6.422953E+00,-1.031189E+01, 7.258084E+01, 7.158311E+01, 1.883766E+00,-5.374424E+00,-6.687404E+00,-1.266465E+01, 1.173193E+02, 6.779185E+01, 1.499269E+01, 2.242149E+01,13, 1.269459E+00,6, 0.000000E+00,0, 0.000000E+00,10, 1.878189E+01, 5.502279E-01, 7.324224E+00,NULL,NULL,1,mc_qqps,34
-21022,2650,20228,194710,94C2, 9.125000E+01,34,15,49,34,15,-1.769133E+00, 2.483937E-02, 1.033759E+00, 5.269003E+01, 5.166954E+01, 1.519692E+00, 5.599148E-01, 1.040158E+00, 8.518151E-01, 8.221991E+01, 4.659879E+01, 2.673049E+01, 1.953125E-01,15, 2.925144E+00,0, 0.000000E+00,0, 0.000000E+00,11, 2.784312E+01, 5.319906E-01, 8.363723E+00,NULL,NULL,1,mc_qqps,34
-21022,2651,20228,194734,94C2, 9.125000E+01,22,10,32,22,10, 7.788335E+00, 1.074778E+01,-7.399585E+00, 6.752708E+01, 6.722335E+01, 3.055607E+00, 3.166478E+00, 4.765276E+00,-2.271598E+00, 9.514001E+01, 6.412574E+01, 1.531847E+01, 1.253561E+01,12, 6.788233E+00,0, 0.000000E+00,0, 0.000000E+00,6, 1.419587E+01, 6.266152E-01, 6.136134E+00,NULL,NULL,1,mc_qqps,34
-21022,2652,20228,194755,94C2, 9.125000E+01,17,16,33,17,16,-4.360848E+00, 2.074306E+01, 1.412201E+01, 7.326849E+01, 7.316467E+01, 4.303804E+00,-6.016246E+00, 1.383260E+01, 1.418778E+01, 1.098225E+02, 5.204937E+01, 1.594737E+01, 1.808101E+01,17, 5.218456E+00,0, 0.000000E+00,0, 0.000000E+00,12, 1.852169E+01, 4.518515E-01, 3.766848E+00,NULL,NULL,1,mc_qqps,34
-21022,2653,20228,194811,94C2, 9.125000E+01,45,16,61,45,16, 6.729515E-01,-2.669250E+00, 6.304056E+00, 6.229026E+01, 6.137987E+01, 1.363997E+00, 3.070886E+00,-5.456886E+00, 6.839873E+00, 9.328784E+01, 5.602552E+01, 2.551352E+01, 1.509822E+00,11, 0.000000E+00,2, 0.000000E+00,0, 0.000000E+00,10, 2.215155E+01, 9.632671E-01, 7.240775E+00,1, 0.000000E+00,1,mc_qqps,34
-21022,2654,20228,194839,94C2, 9.125000E+01,30,17,47,30,17,-2.090206E+00, 1.942830E+00,-3.921677E+00, 5.633103E+01, 5.591105E+01, 1.863701E+00,-1.853150E+00, 6.791084E-01,-9.263749E+00, 8.656083E+01, 5.138582E+01, 2.290789E+01, 5.847305E+00,7, 0.000000E+00,12, 1.770380E+00,0, 0.000000E+00,5, 4.295414E+00, 4.137593E-01, 1.258216E+00,NULL,NULL,1,mc_qqps,34
-21022,2655,20228,194859,94C2, 9.125000E+01,32,18,50,32,18,-5.076012E+01,-3.795948E+01, 2.190704E+03, 2.239563E+03, 2.239246E+03, 6.997643E+01,-5.203632E+01,-3.749290E+01, 2.187076E+03, 2.254355E+03, 1.084166E+01, 1.425706E+01, 5.356466E-01,0, 0.000000E+00,21, 7.459489E+00,0, 0.000000E+00,NULL,NULL,NULL,NULL,2, 0.000000E+00,0,mc_qqps,34
-21022,2656,20228,194926,94C2, 9.125000E+01,25,22,47,25,22,-1.438572E+01, 8.332678E+00, 8.242759E+00, 3.630215E+01, 3.576097E+01, 1.430439E+00, 7.794009E-01, 1.048603E-01, 1.610366E+00, 1.031668E+02, 3.513559E+01, 5.113538E+01, 5.656818E+00,18, 7.333346E-02,2, 0.000000E+00,0, 0.000000E+00,15, 4.642611E+01, 7.140193E-01, 9.396758E+00,NULL,NULL,1,mc_qqps,34
-21022,2657,20228,194947,94C2, 9.125000E+01,31,15,46,31,15, 4.889856E+00,-9.926356E-01, 4.076996E+00, 6.664590E+01, 6.592871E+01, 2.126733E+00, 6.687707E+00,-2.389182E+00, 5.791573E+00, 9.087587E+01, 6.330562E+01, 1.693315E+01, 6.548034E+00,16, 2.590504E+00,0, 0.000000E+00,0, 0.000000E+00,10, 1.605091E+01, 5.274733E-01, 4.234495E+00,NULL,NULL,1,mc_qqps,34
-21022,2658,20228,195005,94C2, 9.125000E+01,25,20,45,25,20,-9.486695E+00, 3.397024E+00, 6.684739E+00, 4.704998E+01, 4.649342E+01, 1.859737E+00, 1.179346E+01,-7.667593E+00,-1.286447E+01, 9.345502E+01, 3.934956E+01, 3.573416E+01, 8.444964E+00,21, 5.187054E-01,0, 0.000000E+00,0, 0.000000E+00,18, 3.723763E+01, 5.211255E-01, 6.198203E+00,NULL,NULL,1,mc_qqps,34
-21022,2659,20228,195023,94C2, 9.125000E+01,29,13,42,29,13, 9.635905E+00, 4.971863E+00, 1.223711E+01, 8.774157E+01, 8.737077E+01, 3.012785E+00, 8.848462E+00, 5.559223E+00, 1.144940E+01, 1.080921E+02, 7.803446E+01, 1.853512E+01, 7.108117E-01,7, 0.000000E+00,6, 1.312660E+01,0, 0.000000E+00,6, 1.466763E+01, 5.425863E-01, 6.344876E+00,NULL,NULL,1,mc_qqps,34
-21022,2660,20228,195050,94C2, 9.125000E+01,25,14,39,25,14,-6.731186E+00,-6.599435E+00, 5.851848E+00, 6.511985E+01, 6.459338E+01, 2.583735E+00, 6.572494E+00, 8.145726E+00,-4.969585E+00, 9.828519E+01, 6.030463E+01, 3.104534E+01, 2.120013E+00,9, 2.008473E+00,1, 0.000000E+00,0, 0.000000E+00,7, 1.728314E+01, 8.434409E-01, 7.353195E+00,NULL,NULL,1,mc_qqps,34
-21022,2661,20228,195109,94C2, 9.125000E+01,24,18,42,24,18,-8.312619E+00,-1.242729E+01,-8.474060E+00, 3.720268E+01, 3.664611E+01, 1.526921E+00,-2.389597E+00,-5.666772E+00,-1.751967E+00, 7.724569E+01, 2.977938E+01, 3.408015E+01, 3.264060E+00,16, 1.166808E-01,1, 0.000000E+00,0, 0.000000E+00,13, 3.588449E+01, 4.151321E-01, 9.571172E+00,NULL,NULL,1,mc_qqps,34
-21022,2662,20228,195126,94C2, 9.125000E+01,35,24,59,35,24, 2.976785E+00,-6.240454E-01, 2.703163E+00, 5.021645E+01, 4.947921E+01, 1.413692E+00, 3.814977E+00,-8.260754E-01, 5.362713E+00, 8.185764E+01, 4.627369E+01, 1.926974E+01, 7.944914E+00,15, 4.527190E+00,9, 0.000000E+00,0, 0.000000E+00,12, 1.610379E+01, 5.073789E-01, 4.256308E+00,NULL,NULL,1,mc_qqps,34
-21022,2663,20228,195153,94C2, 9.125000E+01,22,18,40,22,18,-1.737498E+00,-3.270641E+00,-4.923939E+00, 3.923303E+01, 3.869682E+01, 1.758947E+00,-2.138868E+00,-3.952647E+00,-8.195086E+00, 6.074818E+01, 4.794697E+00, 7.683409E+00, 1.383175E+01,1, 0.000000E+00,12, 8.871418E+00,0, 0.000000E+00,1, 6.752774E-01, 6.752774E-01, 6.752774E-01,1, 0.000000E+00,0,mc_qqps,34
-21022,2664,20228,195210,94C2, 9.125000E+01,37,15,52,37,15,-1.702782E+01,-3.378549E+00,-6.160793E+00, 2.506710E+01, 2.387855E+01, 6.453663E-01,-1.119804E+01,-1.574343E+00,-8.993770E+00, 6.318080E+01, 1.120268E+01, 1.254254E+01, 2.557116E+01,1, 0.000000E+00,8, 0.000000E+00,0, 0.000000E+00,1, 6.148079E-01, 6.148079E-01, 6.148079E-01,2, 0.000000E+00,0,mc_qqps,34
-21022,2665,20228,195237,94C2, 9.125000E+01,29,13,42,29,13,-6.068353E+00, 4.351559E+00,-8.668666E+00, 8.520872E+01, 8.464426E+01, 2.918767E+00,-8.632715E+00, 3.665068E+00,-5.822347E+00, 9.914341E+01, 5.163647E+01, 1.301363E+01, 9.210572E-01,1, 0.000000E+00,16, 2.972581E+00,0, 0.000000E+00,1, 1.158508E+00, 1.158508E+00, 1.158508E+00,NULL,NULL,1,mc_qqps,34
-21022,2666,20228,195251,94C2, 9.125000E+01,34,15,49,34,15,-4.638927E+00,-1.173013E+00, 3.953650E+00, 6.514286E+01, 6.455317E+01, 1.898623E+00,-4.386904E+00,-4.723645E-01, 4.088791E+00, 8.374201E+01, 5.768511E+01, 1.152548E+01, 6.044989E+00,10, 2.679147E+00,4, 0.000000E+00,0, 0.000000E+00,6, 9.428943E+00, 1.031167E+00, 2.148056E+00,NULL,NULL,1,mc_qqps,34
-21022,2667,20228,195317,94C2, 9.125000E+01,25,15,40,25,15, 6.160813E-01,-5.408523E+00,-1.516108E+01, 7.051960E+01, 6.997605E+01, 2.799042E+00,-4.647201E-01,-3.099503E+00,-1.262039E+01, 8.580000E+01, 5.640946E+01, 1.013942E+01, 5.140985E+00,9, 3.847456E+00,9, 0.000000E+00,0, 0.000000E+00,5, 6.241027E+00, 3.749546E-01, 2.097034E+00,NULL,NULL,1,mc_qqps,34
-21022,2668,20228,195335,94C2, 9.125000E+01,26,15,41,26,15, 4.638839E+00,-2.351462E+00, 1.939882E+00, 4.560080E+01, 4.502032E+01, 1.731551E+00, 1.534799E+01,-6.100101E+00, 8.586702E+00, 7.612393E+01, 2.677181E+01, 2.640738E+01, 1.468648E+00,15, 1.951657E+00,1, 0.000000E+00,0, 0.000000E+00,11, 2.688676E+01, 4.654611E-01, 1.709632E+01,1, 0.000000E+00,1,mc_qqps,34
-21022,2669,20228,195351,94C2, 9.125000E+01,35,16,51,35,16, 1.925639E+00,-1.865981E+00,-4.460475E-01, 4.344203E+01, 4.242486E+01, 1.212139E+00, 1.009020E+01, 3.549802E+00,-1.641825E+00, 6.516273E+01, 3.716649E+01, 1.551100E+01, 6.274019E+00,17, 3.074573E+00,0, 0.000000E+00,0, 0.000000E+00,12, 1.523749E+01, 4.360053E-01, 4.837014E+00,NULL,NULL,1,mc_qqps,34
-21022,2670,20228,195406,94C2, 9.125000E+01,29,10,39,29,10, 8.357282E-01,-5.111716E+00,-5.042428E+01, 9.911887E+01, 9.856025E+01, 3.398629E+00, 1.164435E+00,-3.234013E+00,-5.543270E+01, 1.168907E+02, 1.986423E+01, 1.535323E+01, 2.494327E+00,0, 0.000000E+00,16, 4.141461E+00,0, 0.000000E+00,NULL,NULL,NULL,NULL,2, 0.000000E+00,1,mc_qqps,34
-21022,2671,20228,195435,94C2, 9.125000E+01,23,13,36,23,13,-1.302446E+00,-2.375269E+00, 3.074735E+00, 6.120237E+01, 6.093847E+01, 2.649499E+00, 3.795449E+00,-1.031198E+01,-1.092653E+01, 8.651614E+01, 5.243763E+01, 2.492559E+01, 0.000000E+00,12, 8.954464E-02,2, 0.000000E+00,0, 0.000000E+00,9, 1.864719E+01, 3.881839E-01, 5.838649E+00,NULL,NULL,1,mc_qqps,34
-21022,2672,20228,195455,94C2, 9.125000E+01,36,8,44,36,8,-1.209769E+01,-1.178121E+01, 9.102347E+00, 6.824664E+01, 6.764695E+01, 1.879082E+00,-8.474762E+00,-9.235394E+00, 5.336168E+00, 7.821294E+01, 6.346622E+01, 3.986605E+00, 2.761807E+00,11, 1.294967E+00,0, 0.000000E+00,0, 0.000000E+00,4, 6.002956E+00, 7.721074E-01, 3.227671E+00,NULL,NULL,1,mc_qqps,34
-21022,2673,20228,195518,94C2, 9.125000E+01,22,18,40,22,18, 1.165828E+01,-1.142845E+01,-3.674612E+01, 7.225867E+01, 7.211200E+01, 3.277818E+00, 8.160284E+00,-9.150401E+00,-2.788725E+01, 9.231267E+01, 6.352244E+01, 1.898750E+01, 1.066512E+00,0, 0.000000E+00,19, 3.703985E+00,0, 0.000000E+00,NULL,NULL,NULL,NULL,1, 0.000000E+00,1,mc_qqps,34
-21022,2674,20228,195537,94C2, 9.125000E+01,46,14,60,46,14, 1.644655E+01,-2.583275E+00,-9.687196E+01, 1.448781E+02, 1.435609E+02, 3.120889E+00, 2.044093E+01,-2.277453E+00,-9.082059E+01, 1.738370E+02, 3.451282E+01, 2.402876E+01, 6.638148E-01,7, 0.000000E+00,8, 0.000000E+00,0, 0.000000E+00,7, 2.393409E+01, 6.124595E-01, 9.926053E+00,1, 0.000000E+00,1,mc_qqps,34
-21022,2675,20228,195559,94C2, 9.125000E+01,22,9,31,22,9, 1.888884E+01,-9.435950E+00, 1.348951E+00, 5.766354E+01, 5.738719E+01, 2.608509E+00, 4.502014E+00,-2.169713E+00, 1.922939E+00, 8.233405E+01, 3.770444E+01, 2.353802E+01, 3.462368E-01,14, 1.097385E+01,0, 0.000000E+00,0, 0.000000E+00,7, 2.399841E+01, 5.107310E-01, 1.553800E+01,NULL,NULL,1,mc_qqps,34
-21022,2676,20228,195616,94C2, 9.125000E+01,28,14,42,28,14, 7.462378E+00,-1.379232E+01, 1.180826E+01, 5.631134E+01, 5.596071E+01, 1.998597E+00, 9.073245E+00,-1.903955E+01, 1.356075E+01, 9.361711E+01, 4.734270E+01, 1.777981E+01, 1.655807E+01,14, 3.563752E-01,1, 0.000000E+00,0, 0.000000E+00,8, 1.579335E+01, 9.998274E-01, 4.945862E+00,1, 0.000000E+00,1,mc_qqps,34
-21022,2677,20228,195634,94C2, 9.125000E+01,35,14,49,35,14, 1.455153E+01, 3.261709E+00,-2.478538E+01, 6.136921E+01, 6.072712E+01, 1.735061E+00, 4.752131E-01, 1.136222E+00,-8.655411E+00, 8.952886E+01, 3.973709E+01, 2.585757E+01, 1.077525E+00,4, 0.000000E+00,12, 0.000000E+00,0, 0.000000E+00,4, 2.150590E+01, 1.224548E+00, 1.375660E+01,1, 0.000000E+00,1,mc_qqps,34
-21022,2678,20228,195658,94C2, 9.125000E+01,23,13,36,23,13,-1.105468E+01,-1.158772E+00, 1.419257E+01, 6.790710E+01, 6.752222E+01, 2.935749E+00,-6.052259E+00,-3.792346E-01, 4.601963E+00, 8.763776E+01, 6.642683E+01, 1.442823E+01, 4.147888E+00,2, 0.000000E+00,8, 1.646668E+00,0, 0.000000E+00,2, 2.669917E+00, 1.209269E+00, 1.460648E+00,NULL,NULL,1,mc_qqps,34
-21022,2679,20228,195716,94C2, 9.125000E+01,34,13,47,34,13, 6.753016E+01,-3.546552E+01, 6.356529E+01, 1.649336E+02, 1.641532E+02, 4.828035E+00, 8.696915E+01,-4.841689E+01, 7.930483E+01, 2.053216E+02, 3.708499E+01, 3.831644E+01, 1.467501E+00,15, 3.458653E+00,0, 0.000000E+00,0, 0.000000E+00,10, 3.892878E+01, 5.415665E-01, 1.493351E+01,NULL,NULL,1,mc_qqps,34
-21022,2680,20228,195736,94C2, 9.125000E+01,23,2,25,23,2, 9.232966E-01,-6.151983E+00, 6.526503E+00, 8.216876E+01, 8.181926E+01, 3.557359E+00, 3.016988E-01,-4.758262E+00, 5.216144E+00, 8.534687E+01, 7.653033E+01, 3.178112E+00, 0.000000E+00,3, 7.648956E-02,3, 0.000000E+00,0, 0.000000E+00,NULL,NULL,NULL,NULL,NULL,NULL,1,mc_qqps,34
-21022,2681,20228,195756,94C2, 9.125000E+01,25,13,38,25,13, 2.156851E-01, 9.614758E-01, 1.858123E+00, 7.276508E+01, 7.232256E+01, 2.892903E+00,-6.689984E+00,-2.790436E+01, 2.622142E+01, 1.207553E+02, 6.882417E+01, 6.586733E+00, 3.833664E+01,11, 5.007737E-01,0, 0.000000E+00,0, 0.000000E+00,9, 9.680900E+00, 5.160704E-01, 2.085715E+00,NULL,NULL,1,mc_qqps,34
-21022,2682,20228,195819,94C2, 9.125000E+01,33,19,52,33,19,-4.118766E+00,-5.222198E-01, 4.889003E+00, 4.024609E+01, 3.967556E+01, 1.202290E+00, 4.329545E-01,-1.949837E+00,-1.655127E+00, 8.810564E+01, 3.199757E+01, 1.368478E+01, 1.322968E+01,15, 3.064344E+00,2, 0.000000E+00,0, 0.000000E+00,10, 3.053292E+01, 4.508597E-01, 9.748931E+00,NULL,NULL,1,mc_qqps,34
-21022,2683,20228,195838,94C2, 9.125000E+01,40,17,57,40,17,-5.972139E+00, 1.459275E+00,-2.126005E+00, 5.080647E+01, 4.957485E+01, 1.239371E+00,-8.838970E+00,-5.964969E-01,-4.219068E+00, 6.977541E+01, 4.159916E+01, 1.215061E+01, 5.408386E+00,17, 2.722013E+00,1, 0.000000E+00,0, 0.000000E+00,10, 1.017138E+01, 5.627638E-01, 2.911382E+00,NULL,NULL,1,mc_qqps,34
-21022,2684,20228,195900,94C2, 9.125000E+01,25,10,35,25,10,-5.579015E+01, 2.926520E+01,-1.555710E+01, 1.398398E+02, 1.394795E+02, 5.579180E+00,-6.396136E+01, 3.418096E+01,-1.785915E+01, 1.579047E+02, 1.106642E+02, 1.602656E+01, 3.170648E-01,13, 3.159674E+00,0, 0.000000E+00,0, 0.000000E+00,7, 1.608092E+01, 5.335304E-01, 8.945188E+00,NULL,NULL,1,mc_qqps,34
-21022,2685,20228,195916,94C2, 9.125000E+01,15,21,36,15,21, 1.108282E+01, 1.090927E+01,-1.787251E+01, 3.896190E+01, 3.879540E+01, 2.586360E+00, 4.355060E+00, 3.887184E+00,-1.470028E+01, 7.640038E+01, 3.875301E+01, 2.469646E+01, 1.173663E+01,7, 0.000000E+00,12, 0.000000E+00,0, 0.000000E+00,7, 9.571170E+00, 7.999125E-01, 2.678015E+00,NULL,NULL,1,mc_qqps,34
-21022,2686,20228,195937,94C2, 9.125000E+01,22,10,32,22,10, 1.251189E+00,-8.694895E-01,-2.306957E+00, 5.664758E+01, 5.622855E+01, 2.555843E+00, 4.223808E+00,-2.407885E+00,-5.487313E+00, 6.692960E+01, 5.465870E+01, 6.810563E+00, 0.000000E+00,13, 2.815100E-01,0, 0.000000E+00,0, 0.000000E+00,8, 8.665508E+00, 3.725140E-01, 2.220870E+00,1, 0.000000E+00,1,mc_qqps,34
-21022,2687,20228,195954,94C2, 9.125000E+01,30,15,45,30,15, 6.811121E+00,-1.385912E+01,-6.427034E+00, 5.746836E+01, 5.693630E+01, 1.897877E+00, 3.607712E+00,-6.224829E+00,-6.914504E+00, 8.003605E+01, 5.126105E+01, 1.878630E+01, 2.537823E+00,14, 6.983230E+00,2, 0.000000E+00,0, 0.000000E+00,7, 1.691124E+01, 7.016270E-01, 5.484101E+00,1, 0.000000E+00,1,mc_qqps,34
-21022,2688,20228,200010,94C2, 9.125000E+01,24,7,31,24,7,-1.561419E+00,-1.865915E+00, 2.523898E+00, 6.531624E+01, 6.503228E+01, 2.709678E+00,-4.509462E+00,-9.320955E+00, 1.150202E+01, 7.879995E+01, 6.088649E+01, 3.320821E+00, 8.416114E+00,9, 1.030911E-01,1, 0.000000E+00,0, 0.000000E+00,4, 4.296778E+00, 4.447317E-01, 2.090019E+00,1, 0.000000E+00,1,mc_qqps,34
-21022,2689,20228,200029,94C2, 9.125000E+01,29,14,43,29,14, 2.336606E+00, 1.290693E+00,-6.640763E-01, 5.167711E+01, 5.115004E+01, 1.763794E+00, 3.286069E-01, 5.551307E-01,-5.958750E-01, 8.156623E+01, 4.510054E+01, 2.777753E+01, 2.111584E+00,1, 0.000000E+00,17, 8.213579E+00,0, 0.000000E+00,NULL,NULL,NULL,NULL,NULL,NULL,1,mc_qqps,34
-21022,2690,20228,200049,94C2, 9.125000E+01,28,19,47,28,19,-1.023981E+01,-1.379193E+01, 8.229053E+00, 6.544434E+01, 6.496600E+01, 2.320215E+00,-1.592580E+01,-1.646147E+01, 5.885753E+00, 1.019636E+02, 3.891727E+01, 2.938705E+01, 2.135725E-01,22, 1.759909E+00,0, 0.000000E+00,0, 0.000000E+00,15, 3.210588E+01, 5.020844E-01, 6.171093E+00,NULL,NULL,1,mc_qqps,34
-21022,2691,20228,200108,94C2, 9.125000E+01,59,21,80,59,21,-1.433777E+01, 1.348533E+00,-4.450057E+00, 7.293249E+01, 7.153599E+01, 1.212474E+00,-7.992468E+00,-1.419037E+00, 8.986890E-01, 9.682806E+01, 6.170251E+01, 1.841112E+01, 3.906038E+00,23, 6.882257E+00,0, 0.000000E+00,0, 0.000000E+00,12, 1.523620E+01, 3.772215E-01, 3.948832E+00,NULL,NULL,1,mc_qqps,34
-21022,2692,20228,200140,94C2, 9.125000E+01,29,14,43,29,14, 4.035888E+00,-3.861020E+00, 1.388414E+01, 4.072249E+01, 3.981788E+01, 1.373030E+00, 2.132733E+00,-2.567307E+00, 6.802803E+00, 5.923833E+01, 2.943267E+01, 1.680362E+01, 1.712227E+00,2, 0.000000E+00,9, 1.904108E+00,0, 0.000000E+00,2, 2.656675E+00, 1.217647E+00, 1.439028E+00,3, 0.000000E+00,1,mc_qqps,34
-21022,2693,20228,200206,94C2, 9.125000E+01,41,15,56,41,15,-2.640332E+00,-1.177666E+00, 7.813224E-01, 6.635137E+01, 6.565585E+01, 1.601362E+00,-2.101074E+00,-9.821132E-01,-2.453169E-01, 9.910361E+01, 5.408282E+01, 2.027728E+01, 1.119171E+01,18, 5.926884E-01,0, 0.000000E+00,0, 0.000000E+00,11, 1.770536E+01, 4.770141E-01, 4.779987E+00,NULL,NULL,1,mc_qqps,34
-21022,2694,20228,200226,94C2, 9.125000E+01,34,14,48,34,14,-3.468897E+00,-3.810665E+00, 8.175497E+00, 6.208749E+01, 6.157933E+01, 1.811157E+00,-2.315372E+00,-2.013485E+00, 9.710944E+00, 7.741994E+01, 4.905492E+01, 1.391840E+01, 1.081375E+00,7, 0.000000E+00,10, 1.695981E+00,0, 0.000000E+00,7, 8.183341E+00, 3.509145E-01, 2.212673E+00,NULL,NULL,1,mc_qqps,34
-21022,2695,20228,200247,94C2, 9.125000E+01,35,15,50,35,15, 4.076631E+00,-1.512884E+01,-7.526887E+00, 5.622535E+01, 5.513457E+01, 1.575274E+00, 2.970987E+00,-5.473345E+00,-2.088207E+00, 7.646864E+01, 4.895681E+01, 1.565243E+01, 4.669631E+00,12, 1.184855E+01,0, 0.000000E+00,0, 0.000000E+00,7, 1.407728E+01, 4.224874E-01, 5.136478E+00,NULL,NULL,1,mc_qqps,34
-21022,2696,20228,200306,94C2, 9.125000E+01,15,10,25,15,10,-2.493462E+00,-1.273853E+01,-5.497153E-01, 6.369497E+01, 6.352584E+01, 4.235056E+00, 1.194024E+00,-1.574036E+01,-2.356324E+00, 7.752083E+01, 6.428215E+01, 1.006718E+01, 2.882935E+00,13, 2.004066E+01,0, 0.000000E+00,0, 0.000000E+00,7, 1.082178E+01, 6.000822E-01, 3.062507E+00,NULL,NULL,1,mc_qqps,34
-21022,2697,20228,200321,94C2, 9.125000E+01,42,16,58,42,16, 3.759319E-01, 3.612640E+00, 1.636240E+00, 6.155928E+01, 6.060443E+01, 1.442963E+00,-1.821055E+00, 9.488860E+00,-3.814533E+00, 1.019444E+02, 4.157298E+01, 2.630734E+01, 1.129391E+01,18, 3.355277E+00,0, 0.000000E+00,0, 0.000000E+00,12, 2.686407E+01, 2.988719E-01, 8.696705E+00,NULL,NULL,1,mc_qqps,34
-21022,2698,20228,200340,94C2, 9.125000E+01,55,18,73,55,18,-1.181961E+00,-3.402911E+00,-3.214182E+00, 4.987735E+01, 4.797126E+01, 8.722047E-01, 8.544606E+00,-4.585019E+00,-3.378005E+00, 7.718355E+01, 3.563852E+01, 2.138548E+01, 2.265592E+00,17, 1.492594E-01,0, 0.000000E+00,0, 0.000000E+00,12, 2.335876E+01, 5.273001E-01, 9.416274E+00,NULL,NULL,1,mc_qqps,34
-21022,2699,20228,200406,94C2, 9.125000E+01,45,12,57,45,12, 1.182726E+01,-7.206298E-01,-1.195268E+00, 7.681030E+01, 7.609695E+01, 1.691043E+00, 4.355456E+00,-2.251163E-01, 1.383126E-01, 9.324491E+01, 6.856439E+01, 1.643461E+01, 0.000000E+00,19, 4.340573E+00,0, 0.000000E+00,0, 0.000000E+00,9, 1.437574E+01, 6.196331E-01, 4.793345E+00,NULL,NULL,1,mc_qqps,34
-21022,2700,20228,200431,94C2, 9.125000E+01,35,17,52,35,17,-3.974883E-01,-6.967668E+00, 5.780621E+00, 6.802998E+01, 6.699989E+01, 1.914282E+00,-1.493301E+00, 7.281511E-01, 2.324153E+00, 9.462812E+01, 6.230450E+01, 2.414944E+01, 1.460707E+00,20, 7.562413E+00,0, 0.000000E+00,0, 0.000000E+00,14, 2.438423E+01, 3.974372E-01, 4.338577E+00,NULL,NULL,1,mc_qqps,34
-21022,2701,20228,200451,94C2, 9.125000E+01,25,13,38,25,13, 1.424187E+01, 4.121143E+00, 7.484792E+00, 5.898839E+01, 5.845440E+01, 2.338176E+00, 5.776831E+00,-4.274156E+00, 3.069584E+00, 1.330885E+02, 4.707198E+01, 5.384474E+01, 2.032196E+01,10, 0.000000E+00,0, 0.000000E+00,0, 0.000000E+00,9, 5.294393E+01, 7.794166E-01, 2.556866E+01,NULL,NULL,1,mc_qqps,34
-21022,2702,20228,200510,94C2, 9.125000E+01,30,12,42,30,12, 3.524369E+00, 2.286037E+00,-1.634483E+00, 6.277997E+01, 6.230961E+01, 2.076987E+00, 2.100504E+00, 1.756619E+00, 1.262350E+00, 8.487907E+01, 6.081504E+01, 1.703263E+01, 3.768532E+00,4, 2.388979E-01,11, 0.000000E+00,0, 0.000000E+00,1, 1.345366E+00, 1.345366E+00, 1.345366E+00,1, 0.000000E+00,1,mc_qqps,34
-21022,2703,20228,200533,94C2, 9.125000E+01,27,9,36,27,9, 1.614579E+00,-3.124037E+00, 6.139051E+00, 5.969868E+01, 5.900952E+01, 2.185538E+00, 2.196166E+00,-6.194314E+00, 9.290197E+00, 8.321526E+01, 5.313978E+01, 2.324204E+01, 2.745361E-01,1, 0.000000E+00,14, 1.421658E+01,0, 0.000000E+00,NULL,NULL,NULL,NULL,NULL,NULL,1,mc_qqps,34
-21022,2704,20228,200549,94C2, 9.125000E+01,31,7,38,31,7, 5.411018E+00, 4.211695E+00, 2.947196E+00, 8.504971E+01, 8.457252E+01, 2.728146E+00, 3.575513E+00, 5.416472E-01, 8.901756E+00, 9.712281E+01, 7.103984E+01, 9.827971E+00, 2.299193E+00,2, 1.469745E-01,10, 0.000000E+00,0, 0.000000E+00,NULL,NULL,NULL,NULL,NULL,NULL,1,mc_qqps,34
-21022,2705,20228,200612,94C2, 9.125000E+01,22,16,38,22,16,-4.338435E+00, 5.180268E+00, 3.366065E+00, 6.408596E+01, 6.390306E+01, 2.904684E+00,-6.919265E-02,-1.316411E+00,-4.079908E+00, 8.736822E+01, 5.713776E+01, 1.657976E+01, 6.702500E+00,11, 1.621506E-01,12, 8.208447E+00,0, 0.000000E+00,9, 8.923665E+00, 5.241495E-01, 1.994783E+00,NULL,NULL,1,mc_qqps,34
-21022,2706,20228,200635,94C2, 9.125000E+01,22,13,35,22,13,-3.090548E+00,-5.194004E+00,-8.620965E-01, 5.071140E+01, 5.039816E+01, 2.290826E+00,-1.305441E+01,-1.679798E+01,-4.066196E+00, 8.665106E+01, 4.739555E+01, 2.855887E+01, 6.615136E+00,17, 5.004258E+00,0, 0.000000E+00,0, 0.000000E+00,11, 2.932451E+01, 6.351908E-01, 1.520619E+01,NULL,NULL,1,mc_qqps,34
-21022,2707,20228,200650,94C2, 9.125000E+01,21,11,32,21,11, 3.905059E+01,-6.689834E+01,-1.148130E+02, 1.886629E+02, 1.884251E+02, 8.972626E+00, 3.699969E+01,-6.067312E+01,-1.039459E+02, 2.102964E+02, 1.874018E+02, 5.820508E+00, 1.321368E+01,3, 9.004289E-01,8, 8.042529E-01,0, 0.000000E+00,2, 4.472397E+00, 1.862190E+00, 2.610207E+00,NULL,NULL,1,mc_qqps,34
-21022,2708,20228,200706,94C2, 9.125000E+01,45,18,63,45,18, 1.481816E+01, 6.951684E+00, 9.567340E+00, 5.647593E+01, 5.554331E+01, 1.234296E+00, 9.729986E+00, 3.129714E+00, 5.337110E+00, 1.104400E+02, 4.683450E+01, 5.179850E+01, 3.151483E-01,18, 1.437754E-01,0, 0.000000E+00,0, 0.000000E+00,14, 5.045932E+01, 5.029289E-01, 1.496662E+01,NULL,NULL,1,mc_qqps,34
-21022,2709,20228,200726,94C2, 9.125000E+01,29,11,40,29,11,-4.594185E+00, 7.644785E-01,-1.922422E+00, 4.856393E+01, 4.805618E+01, 1.657110E+00,-9.659286E+00, 6.256978E-02, 2.708235E+00, 7.535847E+01, 4.101237E+01, 2.029623E+01, 5.284735E+00,15, 3.664615E+00,2, 6.370631E-01,0, 0.000000E+00,9, 2.039173E+01, 7.251370E-01, 7.594007E+00,NULL,NULL,1,mc_qqps,34
-21022,2710,20228,200745,94C2, 9.125000E+01,17,18,35,17,18,-5.455680E+00,-3.920197E+00, 1.593542E+01, 6.551305E+01, 6.534525E+01, 3.843838E+00,-1.257292E+00,-1.529717E+00, 4.390036E+00, 8.485595E+01, 5.390698E+01, 1.769119E+01, 1.651700E+00,1, 0.000000E+00,19, 1.154395E+01,0, 0.000000E+00,1, 4.001769E-01, 4.001769E-01, 4.001769E-01,NULL,NULL,1,mc_qqps,34
-21022,2711,20228,200759,94C2, 9.125000E+01,37,14,51,37,14, 2.111415E+00, 2.576147E+00, 4.912229E-01, 7.696809E+01, 7.622659E+01, 2.060178E+00, 4.312533E+00, 5.213235E+00, 3.524721E+00, 9.686665E+01, 7.227886E+01, 9.657255E+00, 8.857963E+00,4, 0.000000E+00,9, 0.000000E+00,0, 0.000000E+00,2, 2.027414E+00, 6.286272E-01, 1.398787E+00,NULL,NULL,1,mc_qqps,34
-21022,2712,20228,200822,94C2, 9.125000E+01,20,6,26,20,6, 2.932698E+00,-2.896325E+00, 3.255566E+00, 5.623787E+01, 5.570314E+01, 2.785157E+00, 8.410784E-01, 2.911704E-01,-3.273090E-01, 8.199667E+01, 5.411043E+01, 2.575879E+01, 0.000000E+00,9, 5.607507E+00,0, 0.000000E+00,0, 0.000000E+00,6, 2.575879E+01, 9.545027E-01, 1.215662E+01,NULL,NULL,1,mc_qqps,34
-21022,2713,20228,200848,94C2, 9.125000E+01,31,9,40,31,9,-9.180179E+00, 3.463334E+00,-2.678825E+00, 6.532829E+01, 6.464854E+01, 2.085437E+00,-9.305151E-01,-1.104050E+00, 1.056587E-01, 9.561877E+01, 6.073643E+01, 2.779289E+01, 2.497590E+00,17, 9.233234E+00,0, 0.000000E+00,0, 0.000000E+00,8, 2.779289E+01, 3.660654E-01, 1.460700E+01,NULL,NULL,1,mc_qqps,34
-21022,2714,20228,200905,94C2, 9.125000E+01,27,13,40,27,13, 9.810541E+00, 1.897586E+01, 1.423055E+01, 4.996381E+01, 4.952890E+01, 1.834404E+00, 1.270960E+01, 2.194169E+01, 1.867118E+01, 7.827444E+01, 3.491277E+01, 2.055928E+01, 5.619613E+00,12, 3.804513E+00,0, 0.000000E+00,0, 0.000000E+00,9, 1.942505E+01, 6.136451E-01, 4.339421E+00,NULL,NULL,1,mc_qqps,34
-21022,2715,20228,200920,94C2, 9.125000E+01,26,13,39,26,13,-1.236157E+01, 8.823283E+00, 9.812773E+00, 5.343664E+01, 5.292211E+01, 2.035466E+00, 9.507514E-01, 1.633518E+00, 1.937722E+00, 9.269157E+01, 4.990350E+01, 3.733009E+01, 1.045746E-01,15, 5.968235E+00,0, 0.000000E+00,0, 0.000000E+00,11, 3.650069E+01, 6.139293E-01, 1.414248E+01,NULL,NULL,1,mc_qqps,34
-21022,2716,20228,200938,94C2, 9.125000E+01,26,13,39,26,13, 2.004626E+00,-8.156473E+00, 3.012452E+00, 4.539013E+01, 4.493488E+01, 1.728265E+00, 3.566882E+00,-1.170030E+01, 3.326498E+00, 8.169616E+01, 3.893744E+01, 2.294545E+01, 0.000000E+00,17, 4.536048E-01,0, 0.000000E+00,0, 0.000000E+00,11, 3.443532E+01, 7.213851E-01, 1.162282E+01,NULL,NULL,1,mc_qqps,34
-21022,2717,20228,200953,94C2, 9.125000E+01,33,8,41,33,8,-3.262812E+00,-8.437652E+00,-6.013753E-01, 7.215046E+01, 7.161826E+01, 2.170250E+00,-4.834231E+00,-8.907894E+00,-3.166486E+00, 1.082357E+02, 5.792827E+01, 2.513889E+01, 5.688550E+00,15, 1.627976E+00,0, 0.000000E+00,0, 0.000000E+00,7, 3.050747E+01, 4.127901E-01, 1.211337E+01,NULL,NULL,1,mc_qqps,34
-21022,2718,20228,201009,94C2, 9.125000E+01,38,10,48,38,10, 2.919648E-01,-5.332091E-01,-3.499711E+00, 5.778920E+01, 5.689783E+01, 1.497311E+00,-2.915128E+00,-4.863130E-01, 2.021547E+00, 6.999671E+01, 4.110248E+01, 9.607135E+00, 2.600383E+00,3, 1.095173E+00,6, 0.000000E+00,0, 0.000000E+00,2, 1.324763E+00, 5.034326E-01, 8.213302E-01,NULL,NULL,1,mc_qqps,34
-21022,2719,20228,201036,94C2, 9.125000E+01,21,10,31,21,10, 3.898049E-01, 1.366409E+00, 1.379708E+01, 3.070742E+01, 3.041370E+01, 1.448271E+00, 1.470554E+00, 1.879277E+00, 1.624145E+01, 4.530133E+01, 1.400359E+01, 1.459391E+01, 0.000000E+00,1, 0.000000E+00,8, 1.644121E+00,0, 0.000000E+00,1, 6.008309E-01, 6.008309E-01, 6.008309E-01,3, 0.000000E+00,1,mc_qqps,34
-21022,2720,20228,201101,94C2, 9.125000E+01,31,12,43,31,12,-2.722066E+01,-1.330657E+00, 8.712881E+00, 5.995417E+01, 5.948094E+01, 1.918740E+00,-1.802131E+01,-2.154779E+00, 4.107298E+00, 7.753767E+01, 5.224821E+01, 1.323067E+01, 2.917200E+00,15, 1.271486E+01,0, 0.000000E+00,0, 0.000000E+00,8, 1.429092E+01, 4.289149E-01, 4.282283E+00,NULL,NULL,1,mc_qqps,34
-21022,2721,20228,201120,94C2, 9.125000E+01,51,20,71,51,20, 3.568174E+00, 9.069618E+00,-1.162314E+00, 5.913560E+01, 5.808599E+01, 1.138941E+00, 3.166049E+00, 1.375160E+01,-2.655674E+00, 8.919255E+01, 4.913189E+01, 2.160000E+01, 1.467613E+00,24, 9.940138E+00,0, 0.000000E+00,0, 0.000000E+00,14, 2.232369E+01, 1.948035E-01, 4.480340E+00,NULL,NULL,1,mc_qqps,34
-21022,2722,20228,201143,94C2, 9.125000E+01,28,7,35,28,7, 2.726126E+00, 1.835896E+00, 2.692761E+00, 7.453137E+01, 7.405471E+01, 2.644811E+00,-3.073046E+00,-1.987324E+00,-1.305588E+00, 9.182980E+01, 6.838560E+01, 1.715704E+01, 1.413963E-01,12, 3.035672E+00,0, 0.000000E+00,0, 0.000000E+00,6, 1.715704E+01, 1.006629E+00, 6.640335E+00,NULL,NULL,1,mc_qqps,34
-21022,2723,20228,201200,94C2, 9.125000E+01,28,4,32,28,4,-1.362342E+01,-5.982150E+00,-1.567727E+00, 6.899868E+01, 6.852356E+01, 2.447270E+00, 1.138597E+01, 2.299763E+00, 2.896933E+00, 9.578806E+01, 6.376371E+01, 1.289466E+01, 1.389473E+01,4, 0.000000E+00,0, 0.000000E+00,0, 0.000000E+00,2, 1.289466E+01, 1.693231E+00, 1.120143E+01,NULL,NULL,1,mc_qqps,34
-21022,2724,20228,201217,94C2, 9.125000E+01,21,14,35,21,14,-1.799481E+00, 2.733786E+00, 1.378692E+00, 5.266898E+01, 5.223870E+01, 2.487557E+00,-4.755703E+00, 6.786220E+00,-5.952618E-01, 8.529137E+01, 5.034614E+01, 2.930038E+01, 2.696434E+00,13, 1.689978E+00,0, 0.000000E+00,0, 0.000000E+00,10, 2.948077E+01, 4.508957E-01, 1.469611E+01,NULL,NULL,1,mc_qqps,34
-21022,2725,20228,201234,94C2, 9.125000E+01,23,10,33,23,10, 6.243424E+00,-1.236043E+00,-3.180625E+00, 5.203057E+01, 5.166381E+01, 2.246253E+00,-7.066895E+00, 1.009537E+00, 2.627298E+00, 9.947883E+01, 5.090550E+01, 2.826247E+01, 0.000000E+00,14, 1.900072E+00,0, 0.000000E+00,0, 0.000000E+00,9, 4.470775E+01, 5.819967E-01, 1.918581E+01,NULL,NULL,1,mc_qqps,34
-21022,2726,20228,201250,94C2, 9.125000E+01,27,24,51,27,24, 2.537764E+00,-8.397340E+00, 2.642539E+00, 4.067693E+01, 4.027169E+01, 1.491544E+00,-9.596100E-01,-1.108622E+01, 2.650076E+00, 7.642374E+01, 3.985627E+01, 2.572598E+01, 9.063353E+00,32, 1.760025E+01,0, 0.000000E+00,0, 0.000000E+00,19, 2.376109E+01, 3.228650E-01, 3.845416E+00,NULL,NULL,1,mc_qqps,34
-21022,2727,20228,201314,94C2, 9.125000E+01,29,17,46,29,17, 5.739244E+00,-1.163388E+01, 1.139692E+01, 6.629488E+01, 6.578549E+01, 2.268465E+00,-1.134938E-01, 5.402803E-03,-7.537171E-01, 9.255685E+01, 6.197446E+01, 1.994108E+01, 6.348237E+00,7, 0.000000E+00,5, 7.208808E-01,0, 0.000000E+00,7, 1.289287E+01, 4.671852E-01, 6.184299E+00,NULL,NULL,1,mc_qqps,34
-21022,2728,20228,201336,94C2, 9.125000E+01,41,24,65,41,24, 9.345793E+00, 5.286654E+00,-5.187446E+00, 5.068660E+01, 4.945387E+01, 1.206192E+00, 5.846303E+00, 2.748783E+00,-4.227637E+00, 9.140073E+01, 3.212035E+01, 3.287419E+01, 1.644423E+00,24, 3.060997E+00,0, 0.000000E+00,0, 0.000000E+00,21, 3.646031E+01, 4.369611E-01, 6.332716E+00,NULL,NULL,1,mc_qqps,34
-21022,2729,20228,201358,94C2, 9.125000E+01,31,15,46,31,15, 7.261024E+00,-3.482939E-01, 2.500179E+01, 6.372268E+01, 6.316984E+01, 2.037737E+00, 7.431320E+00,-3.193653E-01, 2.493242E+01, 7.668800E+01, 2.765447E+01, 1.242650E+01, 5.388339E-01,1, 0.000000E+00,20, 4.867311E+00,0, 0.000000E+00,NULL,NULL,NULL,NULL,NULL,NULL,1,mc_qqps,34
-21022,2730,20228,201420,94C2, 9.125000E+01,33,13,46,33,13,-1.408302E+00, 8.028659E-01,-3.893955E+00, 7.126743E+01, 7.074052E+01, 2.143652E+00,-2.785594E+00, 4.734709E+00,-5.916653E+00, 9.247906E+01, 6.815210E+01, 1.781784E+01, 3.393774E+00,19, 1.224065E+01,1, 0.000000E+00,0, 0.000000E+00,10, 1.718342E+01, 4.191101E-01, 4.466519E+00,NULL,NULL,1,mc_qqps,34
-21022,2731,20228,201437,94C2, 9.125000E+01,24,13,37,24,13,-7.948548E+00,-2.013678E+01,-6.626565E+00, 6.080921E+01, 6.032449E+01, 2.513520E+00, 3.045032E-01,-9.190557E-01, 1.169205E-01, 8.868827E+01, 5.491599E+01, 2.670704E+01, 1.470000E-01,11, 2.855639E-01,1, 0.000000E+00,0, 0.000000E+00,8, 2.532228E+01, 1.025010E+00, 1.251679E+01,NULL,NULL,1,mc_qqps,34
-21022,2732,20228,201458,94C2, 9.125000E+01,26,11,37,26,11, 8.569778E+00, 3.142362E+01, 2.413860E-01, 8.723864E+01, 8.676593E+01, 3.337151E+00, 5.086493E+00, 1.457256E+01,-5.955209E-01, 1.116235E+02, 7.271718E+01, 1.811307E+01, 5.698806E+00,14, 1.669908E+01,0, 0.000000E+00,0, 0.000000E+00,8, 1.871089E+01, 5.740921E-01, 7.186476E+00,NULL,NULL,1,mc_qqps,34
-21022,2733,20228,201515,94C2, 9.125000E+01,26,17,43,26,17, 6.113721E-01,-2.656037E+00, 2.306644E+00, 3.839119E+01, 3.801838E+01, 1.462245E+00, 2.276695E+00,-3.189697E+00, 6.007079E+00, 7.329896E+01, 3.469568E+01, 1.844575E+01, 1.577054E+01,12, 4.013033E+00,5, 0.000000E+00,0, 0.000000E+00,7, 1.511093E+01, 7.854798E-01, 3.984858E+00,NULL,NULL,1,mc_qqps,34
-21022,2734,20228,201535,94C2, 9.125000E+01,22,20,42,22,20, 7.236903E-01,-3.475938E-01,-2.411315E-01, 5.724510E+01, 5.693806E+01, 2.588094E+00, 5.670954E+00,-3.080010E+00,-2.690130E+00, 8.077458E+01, 5.252944E+01, 9.795603E+00, 1.334540E+01,6, 0.000000E+00,7, 4.395831E+00,0, 0.000000E+00,5, 4.858441E+00, 7.364580E-01, 1.373854E+00,NULL,NULL,1,mc_qqps,34
-21022,2735,20228,201555,94C2, 9.125000E+01,30,20,50,30,20, 1.255877E+01,-6.196365E+00,-1.121417E+01, 5.555320E+01, 5.482257E+01, 1.827419E+00, 7.251413E+00,-2.678364E+00,-9.960040E+00, 8.863704E+01, 4.396398E+01, 2.147255E+01, 8.630914E+00,14, 0.000000E+00,3, 0.000000E+00,0, 0.000000E+00,13, 2.145432E+01, 5.064749E-01, 4.563404E+00,2, 0.000000E+00,1,mc_qqps,34
-21022,2736,20228,201621,94C2, 9.125000E+01,35,21,56,35,21,-5.914203E+00, 5.448964E+00,-2.273446E+00, 6.947462E+01, 6.882800E+01, 1.966514E+00,-4.635497E+00, 4.498881E+00,-3.296313E-01, 9.651173E+01, 6.740634E+01, 1.718921E+01, 9.038795E+00,24, 9.662081E+00,0, 0.000000E+00,0, 0.000000E+00,17, 1.681753E+01, 5.173309E-01, 2.317513E+00,NULL,NULL,1,mc_qqps,34
-21022,2737,20228,201646,94C2, 9.125000E+01,29,11,40,29,11,-1.680882E+00, 4.359000E+00,-4.580594E-01, 7.670882E+01, 7.594715E+01, 2.618867E+00, 1.992714E+00, 6.271806E+00,-9.502122E-01, 9.782523E+01, 7.190621E+01, 1.130654E+01, 1.191307E+00,13, 6.796872E+00,0, 0.000000E+00,0, 0.000000E+00,9, 1.837181E+01, 5.968956E-01, 4.854044E+00,NULL,NULL,1,mc_qqps,34
-21022,2738,20228,201709,94C2, 9.125000E+01,23,14,37,23,14, 2.666303E+00, 2.696993E+00, 5.747015E+00, 5.076778E+01, 5.009846E+01, 2.178194E+00, 1.753111E+00, 9.733791E+00, 2.068804E+01, 8.784500E+01, 4.660099E+01, 3.112150E+01, 2.810712E+00,10, 2.215626E+00,5, 0.000000E+00,0, 0.000000E+00,7, 8.935076E+00, 4.736994E-01, 3.145013E+00,NULL,NULL,1,mc_qqps,34
-21022,2739,20228,201730,94C2, 9.125000E+01,30,15,45,30,15, 1.143164E+01,-3.485927E+00,-2.393270E+01, 8.376427E+01, 8.320645E+01, 2.773548E+00, 7.048363E+00,-5.874295E+00,-2.280055E+01, 1.039297E+02, 4.907462E+01, 1.682983E+01, 1.696668E+00,5, 0.000000E+00,14, 1.954533E+00,0, 0.000000E+00,5, 8.834005E+00, 3.368253E-01, 4.002995E+00,NULL,NULL,1,mc_qqps,34
-21022,2740,20228,201750,94C2, 9.125000E+01,33,20,53,33,20,-3.792246E+00, 6.814421E+00,-1.030060E+00, 5.269216E+01, 5.202663E+01, 1.576565E+00,-4.875907E+00, 1.260717E+01,-6.322312E-01, 7.725092E+01, 5.049058E+01, 2.052290E+01, 4.083919E+00,20, 3.980678E+00,0, 0.000000E+00,0, 0.000000E+00,13, 1.948698E+01, 5.726272E-01, 4.320797E+00,NULL,NULL,1,mc_qqps,34
-21022,2741,20228,201807,94C2, 9.125000E+01,25,8,33,25,8, 5.114346E+00,-6.889555E+00,-2.659121E-02, 4.203730E+01, 4.163906E+01, 1.665563E+00, 4.355182E+00,-5.063724E+00, 5.275819E-01, 6.776819E+01, 4.092405E+01, 1.375625E+01, 1.197464E+01,10, 5.931087E+00,0, 0.000000E+00,0, 0.000000E+00,4, 1.375625E+01, 1.113980E+00, 6.316365E+00,NULL,NULL,1,mc_qqps,34
-21022,2742,20228,201823,94C2, 9.125000E+01,16,6,22,16,6,-2.652046E+01, 1.588462E+01,-8.197914E+00, 1.136645E+02, 1.135124E+02, 7.094523E+00,-2.296796E+01, 1.304046E+01,-7.719569E+00, 1.196930E+02, 1.137569E+02, 4.940434E+00, 4.949279E-01,8, 3.814831E-01,0, 0.000000E+00,0, 0.000000E+00,4, 4.460356E+00, 5.931203E-01, 2.392227E+00,NULL,NULL,1,mc_qqps,34
-21022,2743,20228,201834,94C2, 9.125000E+01,50,13,63,50,13, 1.055035E+02, 3.087279E+01, 6.718056E+03, 6.753085E+03, 6.751751E+03, 1.350350E+02, 1.008643E+02, 3.125125E+01, 6.709155E+03, 6.776300E+03, 2.760079E+01, 2.147921E+01, 1.734957E+00,8, 2.533059E-01,8, 1.055735E+00,0, 0.000000E+00,5, 8.575663E+00, 7.005417E-01, 2.560579E+00,2, 0.000000E+00,1,mc_qqps,34
-21022,2744,20228,201917,94C2, 9.125000E+01,20,9,29,20,9, 9.673997E+00, 1.643069E+01, 1.393918E+01, 4.546836E+01, 4.520921E+01, 2.260460E+00, 4.021418E+00, 6.564551E+00, 4.797369E+00, 7.940874E+01, 4.474389E+01, 2.845820E+01, 2.242454E+00,13, 8.084930E+00,0, 0.000000E+00,0, 0.000000E+00,6, 3.147785E+01, 4.218794E-01, 1.748708E+01,NULL,NULL,1,mc_qqps,34
-21022,2745,20228,201932,94C2, 9.125000E+01,41,15,56,41,15, 6.724057E+00,-4.914163E+00,-7.934761E+01, 1.193512E+02, 1.184696E+02, 2.889503E+00, 4.781427E+00,-3.982343E+00,-7.669925E+01, 1.396807E+02, 1.496699E+01, 1.986092E+01, 4.685698E-01,1, 0.000000E+00,19, 4.292061E+00,0, 0.000000E+00,1, 1.272999E+00, 1.272999E+00, 1.272999E+00,4, 0.000000E+00,0,mc_qqps,34
-21022,2746,20228,201953,94C2, 9.125000E+01,55,15,70,55,15,-1.846486E+00, 9.578633E-02, 1.878040E-01, 8.009148E+01, 7.906403E+01, 1.437528E+00,-8.539702E+00,-1.115511E+01, 2.346049E+00, 1.075041E+02, 6.640090E+01, 1.926797E+01, 0.000000E+00,22, 3.067309E+00,0, 0.000000E+00,0, 0.000000E+00,12, 2.561076E+01, 4.693211E-01, 9.100614E+00,NULL,NULL,1,mc_qqps,34
-21022,2747,20228,202017,94C2, 9.125000E+01,37,20,57,37,20, 9.975205E-02, 1.132360E+01,-2.230137E+00, 5.308197E+01, 5.217402E+01, 1.410109E+00, 1.561196E-01, 9.876199E-01, 1.445042E+00, 8.969887E+01, 3.654401E+01, 3.661770E+01, 0.000000E+00,18, 4.195949E-01,3, 0.000000E+00,0, 0.000000E+00,13, 3.101903E+01, 4.768116E-01, 1.132175E+01,NULL,NULL,1,mc_qqps,34
-21022,2748,20228,202039,94C2, 9.125000E+01,38,7,45,38,7,-3.746407E-02, 9.840939E-01,-3.208082E+00, 8.059991E+01, 8.008458E+01, 2.107489E+00,-5.767907E-01, 7.662169E-01,-3.014740E+00, 8.527097E+01, 7.816127E+01, 4.671052E+00, 0.000000E+00,1, 0.000000E+00,12, 5.796272E-01,0, 0.000000E+00,NULL,NULL,NULL,NULL,NULL,NULL,1,mc_qqps,34
-21022,2749,20228,202100,94C2, 9.125000E+01,24,14,38,24,14,-7.151258E+00, 4.002021E+00, 1.052605E+01, 4.657427E+01, 4.612978E+01, 1.922074E+00,-4.063034E+00, 3.669929E+00, 5.813975E+00, 7.637981E+01, 3.710784E+01, 1.695865E+01, 1.284689E+01,2, 0.000000E+00,15, 7.483877E+00,0, 0.000000E+00,2, 2.060272E+00, 6.682552E-01, 1.392017E+00,NULL,NULL,1,mc_qqps,34
-21022,2750,20228,202120,94C2, 9.125000E+01,45,15,60,45,15, 1.162706E+01, 1.017379E+01, 2.251812E+00, 4.981279E+01, 4.853295E+01, 1.078510E+00, 2.201901E+00, 4.407957E+00,-1.463341E-01, 7.607066E+01, 4.536441E+01, 2.515177E+01, 2.342362E-01,20, 3.638535E+00,0, 0.000000E+00,0, 0.000000E+00,11, 2.314946E+01, 4.805376E-01, 5.755974E+00,NULL,NULL,1,mc_qqps,34
-21022,2751,20228,202142,94C2, 9.125000E+01,31,20,51,31,20,-5.767517E+00,-2.025465E+01,-8.037509E+00, 4.811395E+01, 4.745021E+01, 1.530652E+00,-3.979699E-01,-5.746581E+00,-2.521933E+00, 9.308215E+01, 4.296668E+01, 2.628115E+01, 5.535401E+00,20, 2.138517E+00,0, 0.000000E+00,0, 0.000000E+00,15, 3.739208E+01, 3.264087E-01, 9.532014E+00,NULL,NULL,1,mc_qqps,34
-21022,2752,20228,202202,94C2, 9.125000E+01,27,15,42,27,15, 3.014667E-01, 3.733430E-01,-3.123170E+00, 6.530276E+01, 6.496721E+01, 2.406193E+00, 5.108290E+00, 6.538699E+00,-1.160064E+01, 1.034218E+02, 6.099832E+01, 1.315895E+01, 2.282767E+01,12, 8.163291E-01,5, 0.000000E+00,0, 0.000000E+00,8, 1.325941E+01, 7.734324E-01, 3.857330E+00,NULL,NULL,1,mc_qqps,34
-21022,2753,20228,202223,94C2, 9.125000E+01,31,19,50,31,19, 1.455225E+01,-1.405759E+01,-3.899476E+01, 9.914352E+01, 9.857426E+01, 3.179815E+00, 1.091714E+01,-1.421715E+01,-3.505742E+01, 1.217199E+02, 6.288605E+01, 1.421457E+01, 4.155504E+00,16, 4.102625E+00,8, 0.000000E+00,0, 0.000000E+00,10, 1.355648E+01, 3.900129E-01, 2.734537E+00,NULL,NULL,1,mc_qqps,34
-21022,2754,20228,202242,94C2, 9.125000E+01,62,10,72,62,10, 1.295346E+01,-1.753490E+01, 9.850012E+00, 5.555193E+01, 5.302105E+01, 8.551782E-01, 1.168781E+00, 1.031372E+01,-1.830837E+00, 1.143415E+02, 3.620145E+01, 2.033130E+01, 3.198208E+01,16, 3.123637E+00,0, 0.000000E+00,0, 0.000000E+00,9, 2.680752E+01, 7.014347E-01, 8.019556E+00,NULL,NULL,1,mc_qqps,34
-21022,2755,20228,202302,94C2, 9.125000E+01,30,15,45,30,15,-1.468841E+00, 8.957896E+00,-1.344853E+01, 3.768270E+01, 3.700833E+01, 1.233611E+00, 1.815538E-02,-2.009552E+00, 5.756263E+00, 8.446646E+01, 3.007304E+01, 4.642194E+01, 3.618265E-01,5, 0.000000E+00,13, 9.597342E-01,0, 0.000000E+00,4, 4.666106E+00, 5.882739E-01, 2.227279E+00,1, 0.000000E+00,1,mc_qqps,34
-21022,2756,20228,202317,94C2, 9.125000E+01,31,19,50,31,19, 7.826566E+00,-2.841211E+00, 1.897592E+01, 3.941821E+01, 3.882570E+01, 1.252442E+00, 7.052308E+00,-9.913758E-01, 1.372167E+01, 8.437937E+01, 1.133102E+01, 2.621650E+01, 1.651351E+01,5, 8.089893E-02,11, 9.178665E-01,0, 0.000000E+00,4, 1.241907E+01, 1.431353E+00, 6.425559E+00,1, 0.000000E+00,1,mc_qqps,34
-21022,2757,20228,202339,94C2, 9.125000E+01,33,11,44,33,11, 4.480045E+00, 2.816352E-01,-6.404796E+00, 6.604585E+01, 6.564149E+01, 1.989136E+00,-2.892780E-01, 1.728459E+00, 6.049161E-01, 8.566960E+01, 6.352164E+01, 1.962376E+01, 0.000000E+00,6, 0.000000E+00,4, 0.000000E+00,0, 0.000000E+00,5, 1.296796E+01, 7.093571E-01, 7.005038E+00,NULL,NULL,1,mc_qqps,34
-21022,2758,20228,202402,94C2, 9.125000E+01,25,16,41,25,16,-5.803996E+00,-1.625423E+00, 6.268505E+00, 5.976052E+01, 5.940576E+01, 2.376230E+00,-1.331522E+00,-8.315603E-01, 1.230571E+01, 7.865891E+01, 3.170337E+01, 1.590847E+01, 2.989928E+00,5, 8.329902E-02,14, 6.570983E+00,0, 0.000000E+00,3, 2.732008E+00, 5.234785E-01, 1.286214E+00,4, 0.000000E+00,1,mc_qqps,34
-21022,2759,20228,202425,94C2, 9.125000E+01,23,13,36,23,13, 1.419477E+01, 2.720205E+01, 8.646252E+00, 2.171593E+02, 2.168956E+02, 9.430245E+00, 1.013117E+01, 2.142159E+01,-2.439761E+00, 2.439914E+02, 4.682141E+01, 1.574075E+01, 1.109221E+01,3, 0.000000E+00,15, 5.614824E+00,0, 0.000000E+00,1, 1.007302E+00, 1.007302E+00, 1.007302E+00,NULL,NULL,1,mc_qqps,34
-21022,2760,20228,202448,94C2, 9.125000E+01,50,20,70,50,20, 6.433564E+00,-2.212278E+00,-4.419436E+00, 6.931289E+01, 6.822964E+01, 1.364593E+00,-8.202128E-01, 7.107436E+00,-4.548241E+00, 1.096673E+02, 5.704152E+01, 2.956515E+01, 8.307762E+00,22, 3.901014E+00,1, 0.000000E+00,0, 0.000000E+00,14, 2.567591E+01, 4.955660E-01, 4.360032E+00,NULL,NULL,1,mc_qqps,34
-21022,2761,20228,202519,94C2, 9.125000E+01,32,15,47,32,15,-1.098271E+01, 2.194007E+00, 5.198853E+02, 5.827391E+02, 5.819665E+02, 1.818645E+01,-1.527242E+01, 4.947343E+00, 5.312000E+02, 6.027478E+02, 4.047601E+01, 1.581343E+01, 4.225294E+00,4, 0.000000E+00,14, 1.740769E+01,0, 0.000000E+00,4, 3.474650E+00, 6.270736E-01, 1.124363E+00,1, 0.000000E+00,1,mc_qqps,34
-21022,2762,20228,202538,94C2, 9.125000E+01,39,18,57,39,18, 5.238063E+00,-3.120198E+00,-6.907971E-01, 6.080127E+01, 6.007188E+01, 1.540305E+00, 3.709253E+00, 1.041264E+01,-1.552742E+01, 9.465382E+01, 5.295747E+01, 2.570756E+01, 4.277280E+00,11, 2.195745E+00,10, 6.368267E-01,0, 0.000000E+00,9, 1.532950E+01, 4.871625E-01, 4.168425E+00,NULL,NULL,1,mc_qqps,34
-21022,2763,20228,202602,94C2, 9.125000E+01,21,11,32,21,11, 7.864580E+00,-3.860203E+00,-5.139166E+00, 8.036561E+01, 8.003674E+01, 3.811273E+00,-2.556468E+00, 1.892886E+00, 2.484343E+00, 9.525317E+01, 6.557016E+01, 1.271380E+01, 7.597294E-02,11, 1.206581E+00,0, 0.000000E+00,0, 0.000000E+00,8, 1.232996E+01, 4.135416E-01, 3.027291E+00,NULL,NULL,1,mc_qqps,34
-21022,2764,20228,202618,94C2, 9.125000E+01,37,12,49,37,12, 2.000987E+00,-8.971815E-01,-4.534357E+00, 5.411797E+01, 5.338196E+01, 1.442756E+00, 2.209774E-01, 3.762804E+00,-8.273619E+00, 6.659982E+01, 4.437493E+01, 1.130483E+01, 1.177032E+00,10, 7.794751E-01,4, 0.000000E+00,0, 0.000000E+00,6, 7.631894E+00, 8.876805E-01, 1.804571E+00,NULL,NULL,1,mc_qqps,34
-21022,2765,20228,202651,94C2, 9.125000E+01,26,26,52,26,26, 5.889230E+00, 1.534280E-02,-4.555463E+00, 5.090143E+01, 5.049926E+01, 1.942279E+00, 6.919896E+00, 2.754433E+00,-5.862413E+00, 7.959508E+01, 4.775609E+01, 2.188310E+01, 5.504125E+00,11, 5.448155E+00,11, 3.765124E-01,0, 0.000000E+00,10, 1.317440E+01, 5.032366E-01, 4.473665E+00,NULL,NULL,1,mc_qqps,34
-21022,2766,20228,202719,94C2, 9.125000E+01,21,12,33,21,12, 1.888175E+00,-3.089716E+00, 3.847979E+00, 4.229961E+01, 4.189160E+01, 1.994838E+00, 5.959397E+00,-7.887731E+00, 1.229633E+01, 7.033351E+01, 3.996195E+01, 2.298612E+01, 0.000000E+00,7, 1.220828E-01,7, 5.083872E-01,0, 0.000000E+00,6, 1.002391E+01, 1.026500E+00, 2.719294E+00,NULL,NULL,1,mc_qqps,34
-21022,2767,20228,202747,94C2, 9.125000E+01,31,12,43,31,12,-4.852997E-01, 4.282884E+00,-4.764217E+00, 8.134743E+01, 8.082274E+01, 2.607185E+00, 8.058841E+00,-1.362996E+01, 6.991755E+00, 1.153060E+02, 6.148792E+01, 2.596457E+01, 7.194439E+00,15, 1.921368E+00,0, 0.000000E+00,0, 0.000000E+00,9, 2.465331E+01, 5.971933E-01, 9.428872E+00,NULL,NULL,1,mc_qqps,34
-21022,2768,20228,202803,94C2, 9.125000E+01,48,12,60,48,12,-2.568827E+00, 6.388491E+00,-3.131338E+00, 7.537048E+01, 7.435801E+01, 1.549125E+00,-3.443690E+00,-4.387660E+00, 5.915398E+00, 9.296189E+01, 6.647053E+01, 1.759140E+01, 0.000000E+00,14, 3.363775E+00,2, 0.000000E+00,0, 0.000000E+00,8, 1.469297E+01, 5.645701E-01, 6.628262E+00,NULL,NULL,1,mc_qqps,34
-21022,2769,20228,202827,94C2, 9.125000E+01,49,14,63,49,14,-1.187024E+00,-9.588494E-01, 2.100566E+00, 7.483181E+01, 7.369613E+01, 1.504003E+00,-1.205049E+00, 3.491610E-01, 1.157533E+00, 8.406634E+01, 6.586626E+01, 6.561304E+00, 2.673218E+00,9, 1.575850E+01,4, 0.000000E+00,0, 0.000000E+00,5, 3.742027E+00, 4.581417E-01, 1.038822E+00,1, 0.000000E+00,1,mc_qqps,34
-21022,2770,20228,202853,94C2, 9.125000E+01,35,13,48,35,13, 2.769517E+00,-2.879269E+00,-1.118077E+00, 6.781322E+01, 6.711111E+01, 1.917460E+00, 8.170199E+00,-7.306143E+00,-7.884237E+00, 8.290326E+01, 5.917670E+01, 1.038945E+01, 7.802169E-01,9, 7.524413E+00,5, 0.000000E+00,0, 0.000000E+00,6, 1.155553E+01, 5.879558E-01, 3.920365E+00,NULL,NULL,1,mc_qqps,34
-21022,2771,20228,202920,94C2, 9.125000E+01,24,4,28,24,4, 1.825826E+00,-6.951747E-01,-1.584485E+00, 7.489547E+01, 7.432416E+01, 3.096840E+00, 4.428553E+00, 6.972274E-01,-7.822155E+00, 8.201663E+01, 7.042184E+01, 6.625062E+00, 4.961028E-01,1, 0.000000E+00,7, 1.625540E+00,0, 0.000000E+00,NULL,NULL,NULL,NULL,1, 0.000000E+00,1,mc_qqps,34
-21022,2772,20228,202943,94C2, 9.125000E+01,27,14,41,27,14, 1.747816E-01,-7.074675E-01, 1.995096E+01, 8.467226E+01, 8.420761E+01, 3.118800E+00, 5.325253E-01, 2.274493E+00, 2.582878E+01, 1.068690E+02, 3.179960E+01, 2.086018E+01, 1.740973E+00,3, 0.000000E+00,13, 1.660972E+01,0, 0.000000E+00,3, 2.567044E+00, 7.083805E-01, 9.696987E-01,2, 0.000000E+00,1,mc_qqps,34
-21022,2773,20228,203006,94C2, 9.125000E+01,27,12,39,27,12, 2.072400E+00,-1.959264E+00, 1.403098E+00, 4.410347E+01, 4.368050E+01, 1.617796E+00, 2.682694E+00, 4.708611E-01,-2.424853E+00, 6.025000E+01, 4.248083E+01, 1.103477E+01, 5.304113E+00,7, 5.080352E-02,7, 0.000000E+00,0, 0.000000E+00,4, 7.943493E+00, 1.296128E+00, 2.525939E+00,NULL,NULL,1,mc_qqps,34
-21022,2774,20228,203032,94C2, 9.125000E+01,28,9,37,28,9, 5.551187E-01, 2.901075E+00, 4.105686E+00, 6.469617E+01, 6.420766E+01, 2.293131E+00, 6.121255E-01,-2.425288E+00, 1.543428E+00, 7.329934E+01, 6.222103E+01, 7.625904E+00, 0.000000E+00,12, 1.355071E-01,0, 0.000000E+00,0, 0.000000E+00,8, 7.195345E+00, 4.269567E-01, 1.658705E+00,1, 0.000000E+00,1,mc_qqps,34
-21022,2775,20228,203053,94C2, 9.125000E+01,15,21,36,15,21,-7.216287E-01, 1.276206E-01, 3.168018E+00, 2.332911E+01, 2.312185E+01, 1.541456E+00,-3.515365E+00, 2.629461E+00, 5.593010E-01, 8.472733E+01, 2.319472E+01, 5.987718E+01, 0.000000E+00,22, 2.985290E+01,2, 0.000000E+00,0, 0.000000E+00,19, 5.967195E+01, 6.624392E-01, 1.477114E+01,NULL,NULL,1,mc_qqps,34
-21022,2776,20228,203108,94C2, 9.125000E+01,29,8,37,29,8, 1.154607E+01,-2.738431E+01,-1.564488E+01, 6.553619E+01, 6.489671E+01, 2.237818E+00, 1.777619E+00,-6.129997E+00,-3.340937E+00, 9.486615E+01, 6.164522E+01, 1.274856E+01, 1.509749E+01,9, 0.000000E+00,0, 0.000000E+00,0, 0.000000E+00,6, 1.396187E+01, 5.314355E-01, 5.313942E+00,NULL,NULL,1,mc_qqps,34
-21022,2777,20228,203128,94C2, 9.125000E+01,39,16,55,39,16, 4.721691E+00, 7.769895E-01,-6.444277E+00, 6.968070E+01, 6.893913E+01, 1.767670E+00,-1.507004E+00, 3.667580E+00,-2.959116E+00, 9.041602E+01, 6.520464E+01, 1.281017E+01, 2.532631E+00,14, 4.850207E+00,0, 0.000000E+00,0, 0.000000E+00,10, 1.713069E+01, 5.503172E-01, 4.312900E+00,NULL,NULL,1,mc_qqps,34
-21022,2778,20228,203151,94C2, 9.125000E+01,33,15,48,33,15, 2.271651E+00, 1.791374E+00, 2.028514E+00, 5.638593E+01, 5.574358E+01, 1.689199E+00, 6.874900E-01,-2.243446E+00, 5.777384E-01, 8.590675E+01, 5.263341E+01, 2.096207E+01, 8.022975E+00,18, 9.045947E-01,2, 0.000000E+00,0, 0.000000E+00,12, 2.009342E+01, 5.357929E-01, 5.142098E+00,NULL,NULL,1,mc_qqps,34
-21022,2779,20228,203212,94C2, 9.125000E+01,37,16,53,37,16, 2.441239E-01, 2.056428E+00,-2.943102E+00, 6.488834E+01, 6.415558E+01, 1.733935E+00,-1.559651E-02,-5.770481E-01,-7.545651E-02, 8.083385E+01, 5.713026E+01, 1.479556E+01, 1.027210E-01,12, 3.443504E+00,8, 0.000000E+00,0, 0.000000E+00,8, 6.845308E+00, 4.242273E-01, 1.569068E+00,NULL,NULL,1,mc_qqps,34
-21022,2780,20228,203232,94C2, 9.125000E+01,49,20,69,49,20,-2.542413E+00,-2.521516E+00,-7.081648E+00, 4.565834E+01, 4.384809E+01, 8.948591E-01, 3.246806E+00,-1.002267E+01,-1.241779E+01, 7.207967E+01, 3.430517E+01, 1.413150E+01, 1.114800E+01,7, 0.000000E+00,9, 0.000000E+00,0, 0.000000E+00,6, 4.249647E+00, 4.547115E-01, 1.194492E+00,2, 0.000000E+00,1,mc_qqps,34
-21022,2781,20228,203301,94C2, 9.125000E+01,28,19,47,28,19,-3.844933E+00, 6.834915E+00, 7.855078E+00, 6.539828E+01, 6.497301E+01, 2.320465E+00,-2.997206E-01, 2.561630E+00, 3.327316E+00, 8.564117E+01, 6.248373E+01, 1.330612E+01, 6.552143E+00,14, 1.125809E+01,4, 0.000000E+00,0, 0.000000E+00,10, 8.412583E+00, 5.337104E-01, 1.456212E+00,NULL,NULL,1,mc_qqps,34
-21022,2782,20228,203322,94C2, 9.125000E+01,46,8,54,46,8, 4.602939E+00,-2.860780E+00, 1.694562E+00, 8.912595E+01, 8.812914E+01, 1.915851E+00, 5.004339E+00,-5.784612E+00, 1.028795E+00, 9.526731E+01, 6.084597E+01, 1.339546E+00, 3.224242E+00,14, 1.042541E-01,0, 0.000000E+00,0, 0.000000E+00,5, 2.917137E+00, 3.346866E-01, 9.281120E-01,NULL,NULL,1,mc_qqps,34
-21022,2783,20228,203345,94C2, 9.125000E+01,39,14,53,39,14,-7.063503E+00,-1.717165E+00,-8.135695E+00, 6.123315E+01, 6.037648E+01, 1.548115E+00,-6.739454E+00,-3.797761E+00,-8.809847E+00, 7.645020E+01, 4.481735E+01, 7.582330E+00, 7.767715E+00,12, 3.266248E-01,2, 0.000000E+00,0, 0.000000E+00,6, 6.620159E+00, 6.327634E-01, 1.722717E+00,NULL,NULL,1,mc_qqps,34
-21022,2784,20228,203407,94C2, 9.125000E+01,28,10,38,28,10, 7.070489E+00, 1.487190E+01,-9.660618E-01, 6.154099E+01, 6.076799E+01, 2.170285E+00, 7.452606E+00, 1.396119E+01,-2.046334E+00, 7.816547E+01, 5.309411E+01, 1.366011E+01, 0.000000E+00,12, 1.280042E+01,1, 0.000000E+00,0, 0.000000E+00,8, 1.591689E+01, 7.222578E-01, 3.121756E+00,NULL,NULL,1,mc_qqps,34
-21022,2785,20228,203424,94C2, 9.125000E+01,14,5,19,14,5, 5.933355E+00,-3.803272E+00,-1.765414E+00, 8.093410E+01, 8.087452E+01, 5.776752E+00, 9.174212E+00,-4.620986E+00,-2.071132E+00, 9.122096E+01, 8.121478E+01, 9.685855E+00, 6.010101E-01,10, 3.971464E+00,0, 0.000000E+00,0, 0.000000E+00,4, 9.685855E+00, 4.604262E-01, 6.026809E+00,NULL,NULL,1,mc_qqps,34
-21022,2786,20228,203438,94C2, 9.125000E+01,30,14,44,30,14, 4.562709E+01, 1.590513E+01,-1.918923E+02, 2.772746E+02, 2.768602E+02, 9.228673E+00, 4.617106E+01, 1.671904E+01,-1.937142E+02, 2.879444E+02, 7.301724E+01, 8.394156E+00, 2.275654E+00,0, 0.000000E+00,15, 1.259321E+01,0, 0.000000E+00,NULL,NULL,NULL,NULL,1, 0.000000E+00,1,mc_qqps,34
-21022,2787,20228,203459,94C2, 9.125000E+01,37,16,53,37,16, 2.181081E+00,-4.894330E+00,-1.627566E+01, 8.720615E+01, 8.642103E+01, 2.335703E+00, 5.818813E+00,-1.395148E+00,-1.310445E+01, 1.096687E+02, 4.317813E+01, 1.532785E+01, 7.134713E+00,2, 0.000000E+00,16, 1.016181E+01,0, 0.000000E+00,1, 8.477313E-01, 8.477313E-01, 8.477313E-01,NULL,NULL,1,mc_qqps,34
-21022,2788,20228,203518,94C2, 9.125000E+01,31,7,38,31,7, 9.177073E+00,-5.188216E+00, 8.531927E+00, 6.967235E+01, 6.919064E+01, 2.231956E+00, 1.449357E+00, 2.212518E-01, 2.888633E+00, 8.712233E+01, 5.210456E+01, 1.599714E+01, 0.000000E+00,12, 6.748899E-01,0, 0.000000E+00,0, 0.000000E+00,7, 1.744998E+01, 5.237702E-01, 6.228464E+00,NULL,NULL,1,mc_qqps,34
-21022,2789,20228,203537,94C2, 9.125000E+01,17,8,25,17,8, 2.182900E+00, 1.226099E+01,-4.889281E+00, 7.026115E+01, 7.014471E+01, 4.126159E+00,-3.152219E+00,-1.495023E+01, 4.901225E+00, 1.007176E+02, 7.026974E+01, 3.000620E+01, 0.000000E+00,16, 1.822650E+01,0, 0.000000E+00,0, 0.000000E+00,7, 2.432594E+01, 4.511589E-01, 9.676953E+00,NULL,NULL,1,mc_qqps,34
-21022,2790,20228,203553,94C2, 9.125000E+01,24,10,34,24,10, 2.685197E+00,-3.181662E+00, 6.088025E-01, 6.428020E+01, 6.401388E+01, 2.667245E+00, 2.608472E+00,-2.157547E+00,-5.114713E-02, 8.221531E+01, 6.301608E+01, 1.436453E+01, 0.000000E+00,19, 4.452415E+00,0, 0.000000E+00,0, 0.000000E+00,9, 1.775819E+01, 4.707861E-01, 3.570580E+00,NULL,NULL,1,mc_qqps,34
-21022,2791,20228,203610,94C2, 9.125000E+01,26,16,42,26,16, 2.041684E+01, 1.004502E+01,-6.156092E+00, 6.004593E+01, 5.931283E+01, 2.281263E+00,-3.873738E-01, 2.548261E+00, 9.917940E-01, 8.793742E+01, 5.701730E+01, 2.679710E+01, 2.394185E-01,15, 4.563755E+00,0, 0.000000E+00,0, 0.000000E+00,12, 2.660927E+01, 5.396283E-01, 1.630729E+01,NULL,NULL,1,mc_qqps,34
-21022,2792,20228,203632,94C2, 9.125000E+01,19,11,30,19,11, 1.928833E+00,-3.126896E+00, 1.496166E-03, 5.845245E+01, 5.822462E+01, 3.064454E+00, 1.249755E+01,-1.064841E+01, 4.970514E+00, 7.566962E+01, 4.968288E+01, 1.685225E+01, 3.649006E-01,13, 1.445455E+00,0, 0.000000E+00,0, 0.000000E+00,9, 1.685225E+01, 4.882003E-01, 6.284063E+00,NULL,NULL,1,mc_qqps,34
-21022,2793,20228,203648,94C2, 9.125000E+01,18,8,26,18,8, 2.354438E+00,-3.215631E+00,-1.344892E+00, 6.750414E+01, 6.735619E+01, 3.742010E+00, 5.829606E+01, 1.549738E+02, 2.600940E+01, 2.649514E+02, 5.260632E+01, 1.863295E+02, 1.048198E+01,12, 2.059717E+01,0, 0.000000E+00,0, 0.000000E+00,4, 9.091320E+00, 6.358490E-01, 6.670288E+00,NULL,NULL,1,mc_qqps,34
-21022,2794,20228,203707,94C2, 9.125000E+01,24,10,34,24,10,-2.759666E-01,-2.048960E+00,-3.031523E+01, 8.994476E+01, 8.944768E+01, 3.726987E+00, 1.407455E+00,-1.693927E+00,-3.699862E+01, 1.081442E+02, 1.311470E+01, 1.477216E+01, 3.427262E+00,0, 0.000000E+00,11, 1.896255E+00,0, 0.000000E+00,NULL,NULL,NULL,NULL,1, 0.000000E+00,1,mc_qqps,34
-21022,2795,20228,203724,94C2, 9.125000E+01,21,11,32,21,11,-4.281675E+00, 1.831157E+01,-1.585587E+01, 5.209259E+01, 5.177712E+01, 2.465577E+00,-2.432772E+00, 1.429295E+01,-1.169971E+01, 7.851556E+01, 4.960330E+01, 1.754383E+01, 6.197429E+00,16, 2.223654E+01,0, 0.000000E+00,0, 0.000000E+00,9, 1.914813E+01, 7.075952E-01, 4.558434E+00,NULL,NULL,1,mc_qqps,34
-21022,2796,20228,203738,94C2, 9.125000E+01,39,16,55,39,16, 3.649137E+00, 2.976274E+00, 8.572292E+00, 5.919662E+01, 5.819176E+01, 1.492096E+00, 2.791533E+00,-1.587655E+00,-2.735283E+00, 8.534284E+01, 4.898671E+01, 9.421339E+00, 1.379895E+01,4, 0.000000E+00,14, 8.212692E+00,0, 0.000000E+00,3, 3.968100E+00, 9.398962E-01, 1.819852E+00,3, 0.000000E+00,1,mc_qqps,34
-21022,2797,20228,203805,94C2, 9.125000E+01,40,20,60,40,20, 2.109858E+00, 6.335215E+00, 1.293837E+01, 6.073898E+01, 5.968567E+01, 1.492142E+00, 1.039139E+01,-2.784077E+00, 1.806224E+01, 9.513091E+01, 5.156646E+01, 2.183967E+01, 1.135595E+01,16, 3.531460E-01,3, 0.000000E+00,0, 0.000000E+00,12, 1.589470E+01, 4.984913E-01, 3.097596E+00,1, 0.000000E+00,1,mc_qqps,34
-21022,2798,20228,203827,94C2, 9.125000E+01,27,16,43,27,16, 8.193991E-01, 3.143411E+00, 3.732650E-01, 5.919569E+01, 5.872205E+01, 2.174891E+00,-1.745591E+00, 2.758177E+00, 2.272262E+00, 8.306577E+01, 5.731488E+01, 1.716739E+01, 2.421572E+00,10, 1.793398E-01,5, 0.000000E+00,0, 0.000000E+00,9, 1.278891E+01, 4.603635E-01, 3.575852E+00,NULL,NULL,1,mc_qqps,34
-21022,2799,20228,203850,94C2, 9.125000E+01,24,17,41,24,17, 3.615690E+00, 3.142207E+01, 3.006447E+00, 5.176336E+01, 5.102037E+01, 2.125849E+00, 1.189483E+00, 2.439829E+01, 2.600863E+00, 8.139998E+01, 4.717839E+01, 2.203148E+01, 7.047458E+00,17, 8.911905E+00,0, 0.000000E+00,0, 0.000000E+00,13, 2.172415E+01, 4.235232E-01, 7.027646E+00,NULL,NULL,1,mc_qqps,34
-21022,2800,20228,203912,94C2, 9.125000E+01,76,16,92,76,16,-3.915744E+00, 2.077985E+00,-3.057204E+00, 8.991408E+01, 8.643292E+01, 1.137275E+00,-1.109631E+01, 8.704546E+00,-2.879839E+00, 1.212949E+02, 6.529397E+01, 2.380778E+01, 4.269238E+00,20, 8.084850E+00,0, 0.000000E+00,0, 0.000000E+00,12, 2.329433E+01, 5.950958E-01, 8.476387E+00,NULL,NULL,1,mc_qqps,34
-21022,2801,20228,203938,94C2, 9.125000E+01,26,12,38,26,12,-1.097949E+01, 4.083311E+00, 1.267214E+01, 5.107574E+01, 5.051879E+01, 1.943030E+00,-1.015484E+01, 3.389271E+00, 1.011431E+01, 6.498283E+01, 4.537711E+01, 8.874575E+00, 5.036144E+00,1, 0.000000E+00,12, 1.067616E+00,0, 0.000000E+00,NULL,NULL,NULL,NULL,NULL,NULL,1,mc_qqps,34
-21022,2802,20228,204000,94C2, 9.125000E+01,42,23,65,42,23,-2.246992E+00, 3.069709E+00, 7.437310E+00, 7.143342E+01, 7.061671E+01, 1.681350E+00,-2.891083E+00, 1.660753E+00, 8.107537E+00, 9.856598E+01, 5.840948E+01, 1.887968E+01, 7.783325E+00,6, 0.000000E+00,14, 9.122787E+00,0, 0.000000E+00,6, 5.677824E+00, 4.695289E-01, 2.069974E+00,NULL,NULL,1,mc_qqps,34
-21022,2803,20228,204031,94C2, 9.125000E+01,30,9,39,30,9, 3.310602E+00, 4.435482E+00,-1.710322E+01, 9.424364E+01, 9.359533E+01, 3.119844E+00, 2.780931E+00, 7.066288E+00,-2.123680E+01, 1.032275E+02, 6.785100E+01, 6.208920E+00, 1.929678E+00,2, 0.000000E+00,10, 0.000000E+00,0, 0.000000E+00,1, 9.461673E-01, 9.461673E-01, 9.461673E-01,NULL,NULL,1,mc_qqps,34
-21022,2804,20228,204053,94C2, 9.125000E+01,25,19,44,25,19, 1.043733E+00, 5.460575E+00, 8.194948E+00, 4.689980E+01, 4.650277E+01, 1.860111E+00, 6.145243E+00, 1.643076E+01, 1.764746E+01, 9.571417E+01, 4.429036E+01, 3.431121E+01, 9.606802E+00,19, 3.076869E+00,2, 0.000000E+00,0, 0.000000E+00,13, 2.828984E+01, 4.992448E-01, 6.556493E+00,NULL,NULL,1,mc_qqps,34
-21022,2805,20228,204112,94C2, 9.125000E+01,25,10,35,25,10, 1.080585E+00, 2.268506E+00, 1.935339E-02, 4.890493E+01, 4.840945E+01, 1.936378E+00, 1.880042E+00, 1.581379E+00,-1.146222E+00, 7.433041E+01, 4.155832E+01, 2.457017E+01, 9.920437E-01,12, 1.354083E+01,1, 0.000000E+00,0, 0.000000E+00,6, 2.196468E+01, 6.052506E-01, 1.184215E+01,NULL,NULL,1,mc_qqps,34
-21022,2806,20228,204129,94C2, 9.125000E+01,22,18,40,22,18, 1.415648E+00, 1.780192E+00,-7.196662E+00, 3.646606E+01, 3.603020E+01, 1.637736E+00, 2.223888E+00, 3.039934E+00,-1.530998E+00, 6.327500E+01, 7.232742E+00, 2.412148E+01, 2.687462E+00,0, 0.000000E+00,12, 3.930182E-01,0, 0.000000E+00,NULL,NULL,NULL,NULL,7, 0.000000E+00,0,mc_qqps,34
-21022,2807,20228,204212,94C2, 9.125000E+01,20,11,31,20,11,-6.429126E+00, 5.463171E+00,-1.164519E+01, 6.073946E+01, 6.055117E+01, 3.027559E+00,-4.345439E+00, 2.551118E+00,-5.900336E+00, 7.818933E+01, 5.676154E+01, 1.626240E+01, 5.728247E-01,1, 0.000000E+00,16, 9.476372E+00,0, 0.000000E+00,1, 6.146333E-01, 6.146333E-01, 6.146333E-01,NULL,NULL,1,mc_qqps,34
-21022,2808,20228,204226,94C2, 9.125000E+01,58,13,71,58,13, 5.727287E+00, 3.631311E+00, 5.962930E+00, 6.204581E+01, 6.068666E+01, 1.046322E+00, 2.250993E+00,-4.330552E+00, 2.173815E+00, 8.094062E+01, 5.417597E+01, 1.735322E+01, 0.000000E+00,18, 6.381090E+00,0, 0.000000E+00,0, 0.000000E+00,10, 1.623885E+01, 4.352586E-01, 4.837606E+00,NULL,NULL,1,mc_qqps,34
-21022,2809,20228,204250,94C2, 9.125000E+01,23,20,43,23,20, 4.010655E+00, 6.025734E-01,-8.698272E-01, 4.185327E+01, 4.145313E+01, 1.802310E+00,-1.318202E+00, 1.569727E+00,-3.157261E+00, 8.918518E+01, 3.127560E+01, 2.746995E+01, 5.458858E+00,10, 0.000000E+00,8, 1.518154E+00,0, 0.000000E+00,9, 2.756571E+01, 5.240328E-01, 1.033520E+01,NULL,NULL,1,mc_qqps,34
-21022,2810,20228,204309,94C2, 9.125000E+01,27,7,34,27,7, 3.851031E+00, 2.425457E+00, 4.049104E-01, 7.921239E+01, 7.883791E+01, 2.919922E+00,-6.593930E-01,-2.521568E+00,-8.053972E-01, 8.930573E+01, 7.696417E+01, 3.433581E+00, 8.632947E-01,13, 2.306582E+01,0, 0.000000E+00,0, 0.000000E+00,5, 7.552802E+00, 3.682065E-01, 4.669646E+00,NULL,NULL,1,mc_qqps,34
-21022,2811,20228,204324,94C2, 9.125000E+01,43,9,52,43,9,-1.562082E+00, 1.166559E+01, 1.986065E+00, 6.257198E+01, 6.035112E+01, 1.403514E+00,-1.543316E+00, 2.529656E+00, 1.268489E+00, 8.012831E+01, 5.548548E+01, 1.705323E+01, 5.031090E-01,11, 6.293421E+00,0, 0.000000E+00,0, 0.000000E+00,7, 1.681828E+01, 6.448944E-01, 5.634815E+00,NULL,NULL,1,mc_qqps,34
-21022,2812,20228,204343,94C2, 9.125000E+01,27,16,43,27,16,-2.294730E+00,-5.266489E+00, 4.696882E+00, 6.599190E+01, 6.564727E+01, 2.431380E+00, 1.667649E+00, 2.591590E+00,-4.785530E+00, 9.531839E+01, 5.873964E+01, 2.635425E+01, 1.487337E+00,16, 4.647236E+00,0, 0.000000E+00,0, 0.000000E+00,12, 2.079251E+01, 9.023470E-01, 4.403002E+00,NULL,NULL,1,mc_qqps,34
-21022,2813,20228,204405,94C2, 9.125000E+01,34,10,44,34,10, 2.768934E+00,-9.709767E+00,-1.248006E+01, 7.432928E+01, 7.385165E+01, 2.172107E+00,-5.698788E-01,-9.230408E+00,-1.099505E+01, 8.128478E+01, 6.502941E+01, 6.518285E+00, 4.372256E-01,8, 7.871401E-01,6, 0.000000E+00,0, 0.000000E+00,5, 4.523726E+00, 5.266206E-01, 1.300471E+00,NULL,NULL,1,mc_qqps,34
-21022,2814,20228,204423,94C2, 9.125000E+01,17,14,31,17,14,-1.427670E+00, 6.205779E-01, 8.448079E-01, 5.079445E+01, 5.054570E+01, 2.973276E+00,-4.655086E+00, 1.380939E+01, 4.412831E-02, 7.369818E+01, 4.969332E+01, 1.819907E+01, 3.478095E+00,14, 1.152038E+01,0, 0.000000E+00,0, 0.000000E+00,10, 1.818336E+01, 5.714718E-01, 4.621434E+00,NULL,NULL,1,mc_qqps,34
-21022,2815,20228,204440,94C2, 9.125000E+01,4,10,14,4,10, 2.634968E-01,-1.035427E+00, 1.004378E+00, 3.770710E+00, 3.719537E+00, 9.298842E-01,-1.192479E-02,-7.393510E-01, 2.577102E+00, 3.240829E+01, 2.748692E+00, 2.863758E+01, 0.000000E+00,0, 0.000000E+00,3, 0.000000E+00,0, 0.000000E+00,NULL,NULL,NULL,NULL,7, 1.628753E+00,0,mc_qqps,34
-21022,2816,20228,204503,94C2, 9.125000E+01,19,5,24,19,5, 5.813519E-01, 1.125194E+00,-9.860159E+00, 1.798059E+01, 1.740081E+01, 9.158321E-01, 8.835456E-01, 9.641008E-01, 2.975988E-01, 3.771069E+01, 9.498071E+00, 1.973010E+01, 0.000000E+00,1, 0.000000E+00,4, 0.000000E+00,0, 0.000000E+00,1, 4.470743E-01, 4.470743E-01, 4.470743E-01,1, 0.000000E+00,0,mc_qqps,34
-21022,2817,20228,204541,94C2, 9.125000E+01,22,8,30,22,8, 1.071765E+00,-9.651582E-01, 1.831921E-01, 7.730210E+01, 7.686935E+01, 3.494061E+00, 4.297282E+00,-3.214566E+00,-3.472102E+00, 9.525056E+01, 7.123064E+01, 1.627800E+01, 1.677231E+00,8, 2.071224E+00,1, 0.000000E+00,0, 0.000000E+00,5, 1.079363E+01, 7.118711E-01, 5.743492E+00,NULL,NULL,1,mc_qqps,34
-21022,2818,20228,204600,94C2, 9.125000E+01,54,14,68,54,14,-4.869882E+00,-4.214154E+00,-1.143924E+01, 8.922693E+01, 8.799884E+01, 1.629608E+00,-6.787804E+00,-4.985544E+00,-1.109117E+01, 1.015487E+02, 7.076588E+01, 1.232172E+01, 0.000000E+00,10, 0.000000E+00,6, 0.000000E+00,0, 0.000000E+00,7, 4.872126E+00, 4.156457E-01, 1.109117E+00,NULL,NULL,1,mc_qqps,34
-21022,2819,20228,204628,94C2, 9.125000E+01,29,7,36,29,7,-5.159472E+00,-1.260183E+00,-3.772940E+00, 8.744196E+01, 8.678329E+01, 2.992527E+00,-4.791306E+00,-5.936024E-01,-3.559456E+00, 9.342690E+01, 7.156431E+01, 5.852471E+00, 1.324682E-01,11, 2.317298E+00,0, 0.000000E+00,0, 0.000000E+00,5, 4.439276E+00, 3.971526E-01, 1.528879E+00,NULL,NULL,1,mc_qqps,34
-21022,2820,20228,204645,94C2, 9.125000E+01,21,8,29,21,8, 8.261086E+00,-8.983913E+00, 6.946503E+00, 6.564999E+01, 6.497805E+01, 3.094193E+00, 2.604381E+00,-5.571158E+00, 3.480870E+00, 9.122902E+01, 6.140747E+01, 1.075648E+01, 6.825077E+00,8, 8.037307E+00,1, 0.000000E+00,0, 0.000000E+00,5, 1.773733E+01, 4.203889E-01, 7.055363E+00,NULL,NULL,1,mc_qqps,34
-21022,2821,20228,204701,94C2, 9.125000E+01,28,22,50,28,22, 9.956087E+00, 1.849619E+01, 9.677487E+00, 4.081062E+01, 4.028889E+01, 1.438889E+00, 1.060470E+01, 2.373935E+01, 1.255854E+01, 9.185627E+01, 3.437874E+01, 2.652840E+01, 9.669792E+00,23, 4.480828E+00,0, 0.000000E+00,0, 0.000000E+00,16, 3.351031E+01, 4.407491E-01, 1.247061E+01,NULL,NULL,1,mc_qqps,34
-21022,2822,20228,204721,94C2, 9.125000E+01,14,11,25,14,11,-7.957630E+00, 8.669621E+00, 1.124983E+00, 4.391284E+01, 4.373137E+01, 3.123669E+00,-1.264603E+01, 1.058224E+01,-5.398566E-01, 6.043187E+01, 4.391158E+01, 8.541471E+00, 6.402257E+00,14, 1.021296E+01,0, 0.000000E+00,0, 0.000000E+00,9, 1.011677E+01, 4.240493E-01, 2.654657E+00,NULL,NULL,1,mc_qqps,34
-21022,2823,20228,204738,94C2, 9.125000E+01,18,11,29,18,11,-5.149188E+00,-2.010370E+00, 2.307659E+00, 5.494860E+01, 5.473555E+01, 3.040864E+00,-4.301074E+00,-4.013965E+00, 1.013935E+01, 8.019345E+01, 5.383924E+01, 1.842489E+01, 6.819946E+00,1, 0.000000E+00,12, 2.842026E+00,0, 0.000000E+00,1, 8.093551E+00, 8.093551E+00, 8.093551E+00,NULL,NULL,1,mc_qqps,34
-21022,2824,20228,204757,94C2, 9.125000E+01,22,17,39,22,17,-4.702033E-01,-2.832690E+00,-6.700507E+00, 6.246828E+01, 6.216054E+01, 2.825479E+00,-2.160177E+00,-6.265513E+00,-1.215793E+01, 8.499256E+01, 5.912297E+01, 2.120226E+01, 1.322011E+00,3, 0.000000E+00,15, 8.593302E+00,0, 0.000000E+00,3, 3.923313E+00, 6.637949E-01, 2.240439E+00,NULL,NULL,1,mc_qqps,34
-21022,2825,20228,204823,94C2, 9.125000E+01,25,18,43,25,18,-6.518636E-01, 3.923230E-01,-1.685767E+00, 5.735633E+01, 5.697182E+01, 2.278873E+00, 1.122404E+01, 5.431196E+00, 6.661650E+00, 8.038510E+01, 4.985830E+01, 1.717451E+01, 3.875945E+00,18, 1.185489E+01,0, 0.000000E+00,0, 0.000000E+00,14, 1.915283E+01, 5.166075E-01, 3.355998E+00,NULL,NULL,1,mc_qqps,34
-21022,2826,20228,204838,94C2, 9.125000E+01,34,17,51,34,17,-5.364914E-02,-7.281560E+00, 2.998339E+00, 6.644969E+01, 6.605216E+01, 1.942711E+00, 8.536998E-01,-1.545691E+01, 6.759498E+00, 1.056868E+02, 6.514813E+01, 3.496599E+01, 4.441496E+00,22, 6.046600E+00,0, 0.000000E+00,0, 0.000000E+00,11, 2.213022E+01, 9.733249E-01, 5.245725E+00,NULL,NULL,1,mc_qqps,34
-21022,2827,20228,204855,94C2, 9.125000E+01,27,7,34,27,7,-1.250614E+00, 2.700666E-01,-1.110367E+00, 6.623573E+01, 6.579476E+01, 2.436843E+00,-4.877469E+00, 3.788159E+00,-2.769929E+00, 7.575977E+01, 6.508701E+01, 8.429508E+00, 1.270431E+00,18, 1.171715E+01,0, 0.000000E+00,0, 0.000000E+00,5, 8.429508E+00, 7.055084E-01, 3.333170E+00,NULL,NULL,1,mc_qqps,34
-21022,2828,20228,204910,94C2, 9.125000E+01,13,14,27,13,14,-9.519439E+00,-8.014137E+00, 1.501955E+00, 4.193324E+01, 4.173780E+01, 3.210600E+00,-1.739482E+01,-1.439995E+01, 2.803923E+00, 6.768457E+01, 4.040845E+01, 2.485932E+01, 0.000000E+00,15, 6.980689E+00,0, 0.000000E+00,0, 0.000000E+00,12, 2.394837E+01, 5.702725E-01, 4.763863E+00,NULL,NULL,1,mc_qqps,34
-21022,2829,20228,204925,94C2, 9.125000E+01,23,8,31,23,8,-4.530632E+00,-2.527970E+00,-1.487273E+00, 4.536798E+01, 4.477596E+01, 1.946781E+00,-7.860826E+00,-6.816124E+00,-6.940949E-01, 7.787072E+01, 4.319497E+01, 1.511857E+01, 1.738564E+01,10, 4.379014E+00,0, 0.000000E+00,0, 0.000000E+00,4, 1.427056E+01, 8.561550E-01, 6.202747E+00,NULL,NULL,1,mc_qqps,34
-21022,2830,20228,204943,94C2, 9.125000E+01,39,15,54,39,15,-6.034319E+00, 1.207544E+01, 1.286973E+01, 5.622238E+01, 5.545084E+01, 1.421816E+00, 2.158846E+00,-1.431362E+00,-2.468058E+00, 9.012322E+01, 5.423842E+01, 3.262848E+01, 1.272363E+00,12, 3.756641E-01,2, 0.000000E+00,0, 0.000000E+00,8, 2.633423E+01, 4.093949E-01, 1.985732E+01,NULL,NULL,1,mc_qqps,34
-21022,2831,20228,205007,94C2, 9.125000E+01,10,9,19,10,9, 1.210369E+01,-2.583622E+00, 3.562552E+00, 4.326389E+01, 4.318468E+01, 4.318468E+00, 1.460536E+00, 1.070308E+00, 1.435509E+00, 7.772391E+01, 4.164330E+01, 2.930115E+01, 4.347610E+00,11, 1.013144E+01,0, 0.000000E+00,0, 0.000000E+00,8, 3.014145E+01, 8.402985E-01, 1.193997E+01,NULL,NULL,1,mc_qqps,34
-21022,2832,20228,205019,94C2, 9.125000E+01,21,14,35,21,14,-7.837326E+00,-4.043525E-01,-1.323264E+01, 5.347931E+01, 5.312980E+01, 2.529991E+00,-6.065335E+00,-1.130178E+00,-4.664547E+00, 7.679382E+01, 5.109114E+01, 2.331450E+01, 0.000000E+00,5, 1.288924E+00,15, 1.014413E+01,0, 0.000000E+00,1, 1.752139E+00, 1.752139E+00, 1.752139E+00,NULL,NULL,1,mc_qqps,34
-21022,2833,20228,205034,94C2, 9.125000E+01,22,13,35,22,13,-5.205029E+00,-7.386727E+00,-2.764181E+01, 4.451567E+01, 4.413438E+01, 2.006108E+00,-4.936493E+00,-2.921581E+00,-1.797390E+01, 7.201546E+01, 2.269540E+01, 1.168598E+01, 1.581380E+01,0, 0.000000E+00,15, 7.966931E+00,0, 0.000000E+00,NULL,NULL,NULL,NULL,1, 0.000000E+00,1,mc_qqps,34
-21022,2834,20228,205052,94C2, 9.125000E+01,30,14,44,30,14,-8.372002E+00, 7.537727E-01,-9.947619E+00, 5.608188E+01, 5.548303E+01, 1.849434E+00,-1.046740E+01,-4.668817E-03,-1.396250E+01, 7.464384E+01, 4.716923E+01, 1.717826E+01, 0.000000E+00,3, 4.394370E+00,10, 0.000000E+00,0, 0.000000E+00,2, 3.992337E+00, 1.383718E+00, 2.608618E+00,NULL,NULL,1,mc_qqps,34
-21022,2835,20228,205116,94C2, 9.125000E+01,27,14,41,27,14, 6.812494E-01,-2.057031E-01, 1.700338E+00, 4.718076E+01, 4.669769E+01, 1.729544E+00,-3.089567E+00, 4.834742E+00,-3.923412E+00, 7.975280E+01, 3.879090E+01, 2.556268E+01, 3.501699E+00,17, 2.641210E-01,0, 0.000000E+00,0, 0.000000E+00,12, 2.907035E+01, 4.883785E-01, 1.154930E+01,NULL,NULL,1,mc_qqps,34
-21022,2836,20228,205135,94C2, 9.125000E+01,46,22,68,46,22,-1.259269E+01, 1.394619E+00,-7.887249E+00, 8.058725E+01, 7.975880E+01, 1.733887E+00,-1.521669E+01, 4.828884E+00,-1.430879E+01, 1.101900E+02, 4.076191E+01, 2.707783E+01, 1.068846E+00,5, 7.229160E-02,17, 5.011071E-01,0, 0.000000E+00,3, 4.168044E+00, 4.666077E-01, 2.711985E+00,NULL,NULL,1,mc_qqps,34
-21022,2837,20228,205158,94C2, 9.125000E+01,36,22,58,36,22,-5.738860E-01, 1.333367E+01,-3.095576E+01, 5.282967E+01, 5.199172E+01, 1.444214E+00,-2.699696E+00, 1.957560E+01,-2.691735E+01, 1.056640E+02, 2.985628E+01, 2.562226E+01, 2.721348E+01,11, 3.633717E-01,9, 0.000000E+00,0, 0.000000E+00,8, 1.294471E+01, 5.458097E-01, 3.866273E+00,NULL,NULL,1,mc_qqps,34
-21022,2838,20228,205220,94C2, 9.125000E+01,42,11,53,42,11,-3.306651E+00,-3.898713E+00,-7.014743E+00, 9.264986E+01, 9.153304E+01, 2.179358E+00,-2.986531E+00,-9.058702E+00,-1.453287E+01, 1.094986E+02, 3.986767E+01, 1.581901E+01, 0.000000E+00,3, 0.000000E+00,14, 8.486649E+00,0, 0.000000E+00,3, 2.484342E+00, 5.857753E-01, 1.029771E+00,NULL,NULL,1,mc_qqps,34
-21022,2839,20228,205242,94C2, 9.125000E+01,18,16,34,18,16,-5.150837E+01,-3.896954E+01, 4.231991E+00, 9.323851E+01, 9.309653E+01, 5.172029E+00,-4.432340E+01,-3.329702E+01, 3.479452E+00, 1.248895E+02, 3.875526E+01, 1.901254E+01, 1.276517E+01,17, 9.654838E+00,0, 0.000000E+00,0, 0.000000E+00,12, 1.901254E+01, 4.179381E-01, 4.581107E+00,NULL,NULL,1,mc_qqps,34
-21022,2840,20228,205257,94C2, 9.125000E+01,30,13,43,30,13,-1.660094E+00, 7.997386E-01, 5.404491E-01, 8.115871E+01, 8.067337E+01, 2.689112E+00, 1.598260E-01,-3.535410E+00, 2.919068E+00, 1.180840E+02, 7.322614E+01, 8.765832E+00, 2.700381E+01,11, 3.209851E+00,3, 0.000000E+00,0, 0.000000E+00,7, 7.349496E+00, 4.405133E-01, 2.017580E+00,NULL,NULL,1,mc_qqps,34
-21022,2841,20228,205318,94C2, 9.125000E+01,39,14,53,39,14,-5.515602E+00,-6.423594E+00,-5.593736E+00, 7.317506E+01, 7.232525E+01, 1.854493E+00, 1.422434E+00, 3.366090E+00, 2.749422E+00, 9.556924E+01, 6.928996E+01, 2.239419E+01, 0.000000E+00,18, 1.147848E+01,0, 0.000000E+00,0, 0.000000E+00,13, 2.180900E+01, 4.950579E-01, 8.003819E+00,NULL,NULL,1,mc_qqps,34
-21022,2842,20228,205338,94C2, 9.125000E+01,24,11,35,24,11, 5.883220E+00, 6.142965E+00,-7.341711E+00, 4.470353E+01, 4.433970E+01, 1.847488E+00, 1.002617E+00,-1.771023E+00, 4.718447E-02, 9.215041E+01, 3.720982E+01, 2.497341E+01, 2.049818E+00,16, 1.974249E+00,0, 0.000000E+00,0, 0.000000E+00,9, 4.440950E+01, 7.143481E-01, 1.474254E+01,NULL,NULL,1,mc_qqps,34
-21022,2843,20228,205353,94C2, 9.125000E+01,39,11,50,39,11, 3.421833E+01,-6.133825E+01,-2.358763E-01, 1.406193E+02, 1.399224E+02, 3.587753E+00, 3.668257E+01,-6.326515E+01,-3.434259E-01, 1.555303E+02, 5.919090E+01, 1.078294E+01, 5.234666E-01,15, 9.419172E+00,0, 0.000000E+00,0, 0.000000E+00,9, 1.388433E+01, 5.574914E-01, 3.604538E+00,NULL,NULL,1,mc_qqps,34
-21022,2844,20228,205417,94C2, 9.125000E+01,34,13,47,34,13, 6.710494E+00, 1.361971E+00,-6.678778E+00, 7.407268E+01, 7.363345E+01, 2.165690E+00, 5.198653E+00, 2.638232E+00,-4.850671E+00, 9.359241E+01, 6.743761E+01, 1.384020E+01, 5.912085E+00,12, 6.879249E-01,4, 0.000000E+00,0, 0.000000E+00,8, 1.006692E+01, 4.461433E-01, 2.316207E+00,NULL,NULL,1,mc_qqps,34
-21022,2845,20228,205437,94C2, 9.125000E+01,23,17,40,23,17,-1.125241E+00, 6.430217E+00, 8.908045E+00, 5.201071E+01, 5.157721E+01, 2.242487E+00, 1.966981E+00, 3.387096E+01, 4.802677E+01, 1.104326E+02, 4.312593E+01, 5.640666E+01, 2.015272E+00,2, 0.000000E+00,10, 2.688174E-01,0, 0.000000E+00,2, 4.223908E+00, 1.826040E+00, 2.397869E+00,1, 0.000000E+00,1,mc_qqps,34
-21022,2846,20228,205457,94C2, 9.125000E+01,41,14,55,41,14,-2.803379E-01, 2.562155E+01,-1.797064E+00, 7.748223E+01, 7.661399E+01, 1.868634E+00, 1.214361E+00, 1.136826E+01,-7.517349E-01, 1.020054E+02, 5.068784E+01, 1.548567E+01, 9.037509E+00,20, 3.783165E+00,0, 0.000000E+00,0, 0.000000E+00,11, 1.386681E+01, 4.006948E-01, 2.886149E+00,NULL,NULL,1,mc_qqps,34
-21022,2847,20228,205519,94C2, 9.125000E+01,30,6,36,30,6, 7.888515E+01,-4.665650E+01,-1.628758E+02, 2.304574E+02, 2.298920E+02, 7.663066E+00, 7.734584E+01,-4.616469E+01,-1.593735E+02, 2.387254E+02, 8.071006E+01, 8.267971E+00, 0.000000E+00,0, 0.000000E+00,10, 3.334726E+00,0, 0.000000E+00,NULL,NULL,NULL,NULL,NULL,NULL,1,mc_qqps,34
-21022,2848,20228,205538,94C2, 9.125000E+01,22,2,24,22,2, 5.849955E+00, 1.030031E+01, 1.010328E+01, 6.408800E+01, 6.371272E+01, 2.896033E+00, 2.370005E+00, 3.177977E-01, 6.121022E+00, 7.762312E+01, 6.090562E+01, 1.235791E+01, 1.177948E+00,7, 1.619265E+01,0, 0.000000E+00,0, 0.000000E+00,1, 1.235717E+01, 1.235717E+01, 1.235717E+01,NULL,NULL,1,mc_qqps,34
-21022,2849,20228,205558,94C2, 9.125000E+01,37,11,48,37,11,-5.286371E-01, 8.032733E+00,-5.296181E+00, 6.774265E+01, 6.634831E+01, 1.793198E+00, 5.987136E-01, 6.629187E+00,-4.276120E+00, 1.014156E+02, 6.179033E+01, 2.163804E+01, 1.094092E+01,14, 1.229559E+01,0, 0.000000E+00,0, 0.000000E+00,7, 2.232082E+01, 7.917129E-01, 1.603884E+01,NULL,NULL,1,mc_qqps,34
-21022,2850,20228,205617,94C2, 9.125000E+01,42,13,55,42,13, 5.508642E-01, 8.557693E+00,-7.372934E+00, 7.233955E+01, 7.149848E+01, 1.702345E+00, 2.994892E+00,-4.318592E+00, 4.667423E+00, 1.009141E+02, 6.147089E+01, 2.628735E+01, 1.147968E+00,17, 7.013803E+00,0, 0.000000E+00,0, 0.000000E+00,11, 2.118980E+01, 4.408253E-01, 6.980327E+00,NULL,NULL,1,mc_qqps,34
-21022,2851,20228,205638,94C2, 9.125000E+01,25,14,39,25,14,-2.238848E+01,-3.611938E+00,-3.532312E+01, 8.503701E+01, 8.471942E+01, 3.388777E+00,-1.002751E+01,-6.476290E+00,-1.548386E+01, 1.382968E+02, 3.603697E+01, 2.433455E+01, 2.778301E+01,2, 0.000000E+00,10, 0.000000E+00,0, 0.000000E+00,1, 1.149133E+00, 1.149133E+00, 1.149133E+00,NULL,NULL,1,mc_qqps,34
-21022,2852,20228,205656,94C2, 9.125000E+01,39,13,52,39,13, 1.405589E+02, 3.619680E+01, 6.063144E+01, 2.235604E+02, 2.229809E+02, 5.717458E+00, 1.374253E+02, 3.463436E+01, 6.105868E+01, 2.395908E+02, 7.202700E+01, 1.234891E+01, 1.221265E+00,20, 2.167728E+00,0, 0.000000E+00,0, 0.000000E+00,11, 1.399405E+01, 4.160395E-01, 5.742720E+00,NULL,NULL,1,mc_qqps,34
-21022,2853,20228,205717,94C2, 9.125000E+01,28,15,43,28,15, 3.225050E+00,-1.463026E+00,-8.363957E-01, 6.663753E+01, 6.632743E+01, 2.368837E+00, 3.708666E+00,-3.140576E+00, 8.750698E+00, 8.195737E+01, 6.488789E+00, 1.531983E+01, 0.000000E+00,1, 0.000000E+00,17, 1.092966E+01,0, 0.000000E+00,1, 4.304377E-01, 4.304377E-01, 4.304377E-01,4, 0.000000E+00,0,mc_qqps,34
-21022,2854,20228,205740,94C2, 9.125000E+01,29,17,46,29,17, 1.953571E+01, 1.782171E-01, 3.902166E+00, 3.171064E+01, 3.107578E+01, 1.071579E+00, 1.122917E+01,-2.125465E-01, 1.258421E+00, 7.796748E+01, 1.769236E+01, 3.713937E+01, 2.831259E+00,17, 2.776108E+00,0, 0.000000E+00,0, 0.000000E+00,14, 4.080434E+01, 6.019182E-01, 1.022201E+01,NULL,NULL,1,mc_qqps,34
-21022,2855,20228,205759,94C2, 9.125000E+01,26,9,35,26,9, 3.446944E-01,-1.958916E+00,-2.667727E+00, 6.099622E+01, 6.058221E+01, 2.330085E+00, 7.555290E+00, 6.095161E+00, 1.909089E-01, 9.851926E+01, 5.651869E+01, 2.936619E+01, 7.020355E+00,14, 5.129289E+00,0, 0.000000E+00,0, 0.000000E+00,8, 3.050268E+01, 4.492173E-01, 1.137626E+01,NULL,NULL,1,mc_qqps,34
-21022,2856,20228,205818,94C2, 9.125000E+01,29,10,39,29,10,-6.343937E+00, 2.001630E+00, 5.624750E-01, 4.438325E+01, 4.394981E+01, 1.515511E+00, 5.329310E-01,-7.393456E+00,-1.299314E+00, 6.178513E+01, 4.489020E+01, 1.224811E+01, 1.910241E+00,15, 1.375539E+00,0, 0.000000E+00,0, 0.000000E+00,8, 1.549164E+01, 5.132455E-01, 4.234434E+00,NULL,NULL,1,mc_qqps,34
-21022,2857,20228,205836,94C2, 9.125000E+01,17,23,40,17,23, 4.983366E+00,-5.192755E+00,-2.146890E+00, 4.287102E+01, 4.272624E+01, 2.513308E+00, 4.919212E+00,-4.965252E+00,-5.863809E+00, 8.725314E+01, 4.294366E+01, 2.317464E+01, 1.150409E+01,23, 1.103364E+01,1, 0.000000E+00,0, 0.000000E+00,19, 3.196807E+01, 5.112239E-01, 3.929443E+00,1, 0.000000E+00,1,mc_qqps,34
-21022,2858,20228,205853,94C2, 9.125000E+01,12,8,20,12,8,-1.853605E-01,-1.710066E-01,-4.075920E+00, 3.212365E+01, 3.177154E+01, 2.647628E+00, 2.504375E+00,-1.056504E+00,-1.704072E+01, 6.585688E+01, 2.803417E+00, 3.003376E+01, 3.699471E+00,0, 0.000000E+00,4, 4.718337E+00,0, 0.000000E+00,NULL,NULL,NULL,NULL,4, 0.000000E+00,0,mc_qqps,34
-21022,2859,20228,205926,94C2, 9.125000E+01,23,15,38,23,15,-1.162553E+00, 1.375069E+00,-9.821144E-01, 6.244281E+01, 6.222055E+01, 2.705241E+00,-1.271809E+00,-5.980913E+00,-7.309369E+00, 9.024014E+01, 6.053751E+01, 2.596259E+01, 1.834741E+00,13, 3.220733E+00,0, 0.000000E+00,0, 0.000000E+00,10, 1.845263E+01, 5.061290E-01, 4.453690E+00,NULL,NULL,1,mc_qqps,34
-21022,2860,20228,205946,94C2, 9.125000E+01,29,11,40,29,11,-5.136180E+00, 1.659348E+01,-9.892893E+00, 5.762976E+01, 5.688667E+01, 1.961609E+00,-6.188344E+00, 1.538803E+01,-9.408628E+00, 7.430592E+01, 5.205884E+01, 1.554437E+01, 0.000000E+00,13, 9.911809E+00,0, 0.000000E+00,0, 0.000000E+00,8, 1.275210E+01, 2.678417E-01, 6.422978E+00,NULL,NULL,1,mc_qqps,34
-21022,2861,20228,210004,94C2, 9.125000E+01,24,15,39,24,15,-3.127204E+00,-3.993244E+00,-8.473459E+00, 4.874538E+01, 4.842559E+01, 2.017733E+00,-7.854382E-01,-2.055359E+00,-3.725158E+00, 7.067163E+01, 4.583341E+01, 2.037240E+01, 6.335305E-01,6, 0.000000E+00,7, 0.000000E+00,0, 0.000000E+00,6, 6.906625E+00, 6.485346E-01, 1.749285E+00,NULL,NULL,1,mc_qqps,34
-21022,2862,20228,210024,94C2, 9.125000E+01,28,24,52,28,24, 8.610536E-01,-6.602208E+00,-2.593539E+01, 5.119719E+01, 5.061990E+01, 1.807853E+00, 9.720629E-01,-8.886609E+00,-3.018593E+01, 7.139763E+01, 2.085780E+01, 1.849177E+01, 1.708682E+00,0, 0.000000E+00,22, 5.461932E+00,0, 0.000000E+00,NULL,NULL,NULL,NULL,2, 0.000000E+00,1,mc_qqps,34
-21022,2863,20228,210046,94C2, 9.125000E+01,23,18,41,23,18,-5.465007E+00, 1.975201E+01,-1.189485E+01, 1.024639E+02, 1.022467E+02, 4.445508E+00,-1.832297E+00, 9.025929E+00,-6.417097E+00, 1.381252E+02, 1.014777E+02, 1.732569E+01, 1.442047E+01,23, 1.099033E+01,0, 0.000000E+00,0, 0.000000E+00,12, 1.885425E+01, 4.278575E-01, 3.349386E+00,NULL,NULL,1,mc_qqps,34
-21022,2864,20228,210101,94C2, 9.125000E+01,23,10,33,23,10,-4.781988E+00,-5.880049E-02,-7.986407E+00, 1.593378E+01, 1.519280E+01, 6.605565E-01,-2.087005E+00,-1.097550E-01, 3.902318E+00, 4.998045E+01, 4.115137E+00, 2.313043E+01, 1.177770E+01,1, 0.000000E+00,3, 0.000000E+00,0, 0.000000E+00,1, 6.152422E-01, 6.152422E-01, 6.152422E-01,5, 0.000000E+00,0,mc_qqps,34
-21022,2865,20228,210130,94C2, 9.125000E+01,29,10,39,29,10,-7.075248E+00,-9.515470E+00, 6.392394E+00, 6.801703E+01, 6.766026E+01, 2.333112E+00, 3.046435E+00, 1.707266E+00,-7.529280E-01, 9.042204E+01, 6.600577E+01, 1.677685E+01, 5.165947E+00,13, 2.629337E+00,0, 0.000000E+00,0, 0.000000E+00,6, 1.351259E+01, 3.582219E-01, 6.256623E+00,NULL,NULL,1,mc_qqps,34
-21022,2866,20228,210152,94C2, 9.125000E+01,40,13,53,40,13, 1.261592E+00, 2.447685E+00,-1.611117E+00, 8.181493E+01, 8.111457E+01, 2.027864E+00,-3.649176E+00,-5.472888E+00,-1.150544E+01, 1.084248E+02, 7.109246E+01, 2.438329E+01, 0.000000E+00,17, 7.162789E+00,3, 0.000000E+00,0, 0.000000E+00,8, 1.348335E+01, 3.704687E-01, 4.241761E+00,NULL,NULL,1,mc_qqps,34
-21022,2867,20228,210212,94C2, 9.125000E+01,19,18,37,19,18,-5.525720E+00, 9.279717E+00, 1.761682E+01, 5.735532E+01, 5.708446E+01, 3.004445E+00,-4.780656E+00, 8.181583E+00, 1.401134E+01, 7.831339E+01, 5.299670E+01, 1.682986E+01, 3.286171E+00,2, 0.000000E+00,14, 6.557474E+00,0, 0.000000E+00,1, 8.420433E-01, 8.420433E-01, 8.420433E-01,NULL,NULL,1,mc_qqps,34
-21022,2868,20228,210230,94C2, 9.125000E+01,31,18,49,31,18,-4.572107E+00,-3.522005E+00, 2.349647E-01, 5.751117E+01, 5.694323E+01, 1.836879E+00,-3.325455E+00, 3.144591E+00, 4.614775E+00, 9.781908E+01, 5.577033E+01, 1.993388E+01, 1.596730E+01,20, 1.243343E+01,0, 0.000000E+00,0, 0.000000E+00,13, 1.931800E+01, 2.363245E-01, 4.356056E+00,NULL,NULL,1,mc_qqps,34
-21022,2869,20228,210250,94C2, 9.125000E+01,21,21,42,21,21,-8.788884E-03,-7.542999E+00,-6.996766E+00, 4.363647E+01, 4.338467E+01, 2.065937E+00, 6.731027E-01,-5.279067E+00, 1.049243E+00, 6.854360E+01, 4.028501E+01, 1.846124E+01, 6.445883E+00,2, 0.000000E+00,18, 2.267482E+00,0, 0.000000E+00,1, 2.212770E+00, 2.212770E+00, 2.212770E+00,NULL,NULL,1,mc_qqps,34
-21022,2870,20228,210310,94C2, 9.125000E+01,27,15,42,27,15, 1.222983E+00,-9.544445E+00,-5.996058E-01, 5.233351E+01, 5.190186E+01, 1.922291E+00, 4.925503E-01,-1.106185E+01, 9.926473E-01, 8.405486E+01, 3.992652E+01, 2.751086E+01, 1.678996E+00,17, 1.178193E+00,0, 0.000000E+00,0, 0.000000E+00,13, 2.844364E+01, 6.163359E-01, 8.345033E+00,NULL,NULL,1,mc_qqps,34
-21022,2871,20228,210332,94C2, 9.125000E+01,32,17,49,32,17,-3.870470E+00,-5.917957E+00, 6.491665E+00, 4.287024E+01, 4.232297E+01, 1.322593E+00,-3.484205E+00, 2.529220E+00,-3.546279E+00, 7.962423E+01, 4.137438E+01, 3.645858E+01, 2.953934E-01,12, 6.382638E+00,6, 0.000000E+00,0, 0.000000E+00,8, 3.289579E+01, 8.719094E-01, 9.984876E+00,NULL,NULL,1,mc_qqps,34
-21022,2872,20228,210359,94C2, 9.125000E+01,33,15,48,33,15, 1.004168E+01, 9.913852E+00,-1.198858E-01, 6.629472E+01, 6.579224E+01, 1.993704E+00, 1.967967E-02, 5.767080E-01,-1.584515E+00, 9.982709E+01, 6.024578E+01, 2.364985E+01, 1.003184E+01,18, 7.320010E+00,0, 0.000000E+00,0, 0.000000E+00,11, 2.301899E+01, 5.005887E-01, 5.298025E+00,NULL,NULL,1,mc_qqps,34
-21022,2873,20228,210420,94C2, 9.125000E+01,28,24,52,28,24,-5.473660E+00,-1.558414E+01,-4.683973E+01, 7.672268E+01, 7.621480E+01, 2.721957E+00,-4.062490E+00,-1.147393E+01,-4.684229E+01, 1.085600E+02, 4.851433E+01, 2.813008E+01, 3.707258E+00,5, 2.397447E-01,18, 4.183592E+00,0, 0.000000E+00,3, 3.041201E+00, 7.476783E-01, 1.338784E+00,2, 0.000000E+00,1,mc_qqps,34
-21022,2874,20228,210452,94C2, 9.125000E+01,15,16,31,15,16, 1.301794E+00, 7.589533E-01, 2.644248E+00, 2.483284E+01, 2.454680E+01, 1.636453E+00, 5.843785E-01, 1.396929E+00,-1.805185E+00, 4.762918E+01, 5.144821E-01, 1.784163E+01, 4.954720E+00,1, 0.000000E+00,14, 1.260849E+01,0, 0.000000E+00,1, 1.069808E+00, 1.069808E+00, 1.069808E+00,1, 0.000000E+00,0,mc_qqps,34
-21022,2875,20228,210509,94C2, 9.125000E+01,38,14,52,38,14, 1.330211E+01, 6.945835E+00,-6.764037E+00, 5.979581E+01, 5.886380E+01, 1.549047E+00, 8.595798E+00, 3.933211E+00,-3.458416E+00, 9.278905E+01, 4.810324E+01, 3.206034E+01, 2.813050E-01,18, 9.174369E+00,0, 0.000000E+00,0, 0.000000E+00,11, 3.065342E+01, 5.606785E-01, 9.721762E+00,NULL,NULL,1,mc_qqps,34
-21022,2876,20228,210526,94C2, 9.125000E+01,36,9,45,36,9, 1.385394E+00,-8.609699E+00, 5.500033E-02, 7.527177E+01, 7.402116E+01, 2.056144E+00,-6.622811E-01,-5.169263E+00,-9.411285E+00, 9.444839E+01, 2.556713E+01, 8.428512E+00, 1.074810E+01,2, 1.170759E+00,10, 1.218685E+00,0, 0.000000E+00,1, 1.881735E+00, 1.881735E+00, 1.881735E+00,2, 0.000000E+00,1,mc_qqps,34
-21022,2877,20228,210546,94C2, 9.125000E+01,23,12,35,23,12, 1.280858E+01,-5.550234E+00,-3.779500E+01, 6.504487E+01, 6.453339E+01, 2.805799E+00, 5.976395E+00,-8.880755E-01,-1.530996E+01, 8.973512E+01, 2.973870E+01, 9.740680E+00, 1.494957E+01,1, 0.000000E+00,19, 1.757666E+01,0, 0.000000E+00,NULL,NULL,NULL,NULL,1, 0.000000E+00,1,mc_qqps,34
-21022,2878,20228,210601,94C2, 9.125000E+01,26,9,35,26,9, 5.037242E+00,-7.423323E+00,-3.206322E+00, 6.939156E+01, 6.916441E+01, 2.660169E+00, 1.228150E+00,-1.037970E+00,-5.577164E-01, 8.791211E+01, 6.748600E+01, 1.372941E+01, 3.357887E+00,17, 1.010177E+01,0, 0.000000E+00,0, 0.000000E+00,7, 1.483542E+01, 4.546081E-01, 5.304298E+00,NULL,NULL,1,mc_qqps,34
-21022,2879,20228,210616,94C2, 9.125000E+01,25,7,32,25,7,-7.013772E+00,-5.750514E+00, 2.674032E+00, 5.441674E+01, 5.396382E+01, 2.158553E+00,-1.685139E+01,-1.109110E+01, 3.720321E+00, 7.319163E+01, 5.243324E+01, 1.548224E+01, 6.900003E-01,11, 1.958717E+00,0, 0.000000E+00,0, 0.000000E+00,4, 6.962675E+00, 3.502625E-01, 3.436192E+00,NULL,NULL,1,mc_qqps,34
-21022,2880,20228,210633,94C2, 9.125000E+01,35,14,49,35,14,-7.275475E+00, 4.732555E+00, 3.454985E+00, 6.154172E+01, 6.069285E+01, 1.734081E+00,-1.157666E+01, 6.828281E+00, 4.906918E+00, 8.638129E+01, 5.170298E+01, 1.285483E+01, 2.387866E+00,17, 4.788694E+00,1, 0.000000E+00,0, 0.000000E+00,11, 2.118554E+01, 3.503516E-01, 6.575694E+00,NULL,NULL,1,mc_qqps,34
-21022,2881,20228,210652,94C2, 9.125000E+01,33,17,50,33,17, 2.208462E+01,-2.249027E+01,-1.791526E+02, 2.575577E+02, 2.569491E+02, 7.786337E+00, 2.496617E+01,-2.528946E+01,-1.791947E+02, 2.756542E+02, 4.031366E+01, 1.430973E+01, 3.786788E+00,3, 6.832501E-02,11, 0.000000E+00,0, 0.000000E+00,2, 2.095386E+00, 8.331336E-01, 1.262252E+00,1, 0.000000E+00,1,mc_qqps,34
-21022,2882,20228,210716,94C2, 9.125000E+01,22,10,32,22,10,-7.663095E+00,-7.241189E+00, 3.823628E+00, 7.286969E+01, 7.267875E+01, 3.303580E+00,-1.354425E+01,-8.494558E+00, 5.934779E+00, 9.963486E+01, 4.816318E+01, 1.278365E+01, 1.340403E+01,12, 4.046326E-01,1, 2.310198E-01,0, 0.000000E+00,6, 1.061132E+01, 5.774902E-01, 4.408304E+00,NULL,NULL,1,mc_qqps,34
-21022,2883,20228,210733,94C2, 9.125000E+01,34,14,48,34,14,-2.530554E+00, 2.839663E+00,-1.893301E+01, 4.317840E+01, 4.256379E+01, 1.251876E+00,-1.907581E+00, 4.806362E+00,-1.829095E+01, 5.600084E+01, 3.360918E+01, 1.092687E+01, 1.895568E+00,5, 2.854799E-02,11, 9.012520E-01,0, 0.000000E+00,3, 2.439670E+00, 3.349838E-01, 1.083442E+00,2, 0.000000E+00,1,mc_qqps,34
-21022,2884,20228,210806,94C2, 9.125000E+01,21,9,30,21,9,-3.392304E+00,-2.261028E+00,-4.153024E+00, 5.666833E+01, 5.644442E+01, 2.687830E+00,-5.282219E-01,-4.116659E-01, 1.249772E+00, 8.031013E+01, 5.419431E+01, 1.924331E+01, 9.245102E-01,14, 5.168339E+00,1, 6.388644E-01,0, 0.000000E+00,7, 1.342672E+01, 7.303783E-01, 3.473980E+00,NULL,NULL,1,mc_qqps,34
-21022,2885,20228,210823,94C2, 9.125000E+01,35,9,44,35,9,-4.807596E+00, 8.199095E+00,-9.193256E+00, 8.038835E+01, 7.986062E+01, 2.281732E+00,-3.661072E-01, 9.066511E-01,-4.043375E+00, 9.390842E+01, 7.521272E+01, 1.188689E+01, 2.127432E-01,14, 4.291291E+00,0, 0.000000E+00,0, 0.000000E+00,7, 1.330732E+01, 3.340805E-01, 5.225435E+00,NULL,NULL,1,mc_qqps,34
-21022,2886,20228,210841,94C2, 9.125000E+01,20,10,30,20,10, 1.819345E+01,-1.861321E+01, 5.159866E+00, 6.023666E+01, 5.989740E+01, 2.994870E+00, 1.276304E+01,-1.296894E+01, 3.328557E+00, 7.597099E+01, 5.890738E+01, 1.411912E+01, 9.713461E-01,11, 6.548234E+00,0, 0.000000E+00,0, 0.000000E+00,6, 8.840345E+00, 7.811820E-01, 2.440408E+00,NULL,NULL,1,mc_qqps,34
-21022,2887,20228,210856,94C2, 9.125000E+01,34,11,45,34,11, 1.942052E+00,-2.070507E+01, 1.592337E+01, 9.765453E+01, 9.703003E+01, 2.853824E+00,-2.492260E-01,-1.478502E+01, 9.670713E+00, 1.293601E+02, 6.518347E+01, 1.345941E+01, 1.640458E+01,13, 2.588585E+00,0, 0.000000E+00,0, 0.000000E+00,6, 1.073154E+01, 8.516179E-01, 3.347325E+00,NULL,NULL,1,mc_qqps,34
-21022,2888,20228,210918,94C2, 9.125000E+01,17,14,31,17,14, 4.230812E+00,-3.613103E+00, 3.444825E+01, 5.225735E+01, 5.204382E+01, 3.061401E+00, 5.330075E+00,-4.243247E+00, 4.007471E+01, 7.086502E+01, 5.154501E+00, 1.777674E+01, 8.309277E-01,0, 0.000000E+00,9, 0.000000E+00,0, 0.000000E+00,NULL,NULL,NULL,NULL,6, 0.000000E+00,0,mc_qqps,34
-21022,2889,20228,211004,94C2, 9.125000E+01,33,11,44,33,11, 6.096194E+00, 2.220823E+01, 1.238066E+01, 8.730425E+01, 8.661797E+01, 2.624787E+00, 7.961525E+00, 3.218440E+01, 1.732649E+01, 1.046368E+02, 6.987052E+01, 1.467413E+01, 5.353168E-01,16, 6.136046E+00,0, 0.000000E+00,0, 0.000000E+00,6, 1.365641E+01, 6.417033E-01, 6.332914E+00,NULL,NULL,1,mc_qqps,34
-21022,2890,20228,211021,94C2, 9.125000E+01,32,8,40,32,8,-2.523134E+00,-6.846720E+00,-5.375250E+00, 5.888615E+01, 5.836099E+01, 1.823781E+00,-3.602265E+00,-6.208980E+00,-2.322694E+00, 6.952970E+01, 5.693330E+01, 1.032783E+01, 3.157190E-01,12, 2.936454E+00,2, 0.000000E+00,0, 0.000000E+00,7, 1.032783E+01, 4.451196E-01, 4.640641E+00,NULL,NULL,1,mc_qqps,34
-21022,2891,20228,211041,94C2, 9.125000E+01,10,8,18,10,8, 1.609514E+01, 1.376353E+01,-3.409748E+00, 2.577293E+01, 2.569716E+01, 2.569716E+00, 5.099235E+00, 1.948863E+00,-2.651223E+00, 6.877325E+01, 1.945076E+01, 2.429725E+01, 1.155193E+01,9, 3.135466E+00,0, 0.000000E+00,0, 0.000000E+00,5, 3.164311E+01, 9.240360E-01, 1.287084E+01,NULL,NULL,1,mc_qqps,34
-21022,2892,20228,211054,94C2, 9.125000E+01,47,18,65,47,18,-3.902689E+00, 7.500123E-01,-6.880797E+00, 5.833591E+01, 5.712040E+01, 1.215328E+00,-2.592138E+00, 1.673205E+00,-7.427248E+00, 7.436144E+01, 2.366777E+01, 1.386158E+01, 1.570827E+00,5, 0.000000E+00,14, 1.530455E+00,0, 0.000000E+00,4, 2.421546E+00, 4.480138E-01, 8.788013E-01,3, 0.000000E+00,1,mc_qqps,34
-21022,2893,20228,211116,94C2, 9.125000E+01,30,11,41,30,11, 1.271963E-01,-1.916604E+00, 3.959302E-01, 6.259715E+01, 6.185760E+01, 2.061920E+00,-2.252088E+00,-4.527976E+00, 3.885375E+00, 7.607851E+01, 5.922184E+01, 1.191403E+01, 7.216698E-01,14, 5.732022E+00,1, 0.000000E+00,0, 0.000000E+00,9, 1.174495E+01, 4.408078E-01, 2.502894E+00,NULL,NULL,1,mc_qqps,34
-21022,2894,20228,211133,94C2, 9.125000E+01,38,13,51,38,13,-2.006102E+00, 5.346410E+00,-7.107994E+00, 4.378373E+01, 4.311854E+01, 1.134699E+00,-2.526345E+00, 7.305468E+00, 9.329342E-01, 6.833059E+01, 3.513182E+01, 2.058423E+01, 1.952818E+00,6, 8.159981E-02,10, 1.035116E+00,0, 0.000000E+00,4, 6.380347E+00, 9.744970E-01, 2.009804E+00,1, 0.000000E+00,1,mc_qqps,34
-21022,2895,20228,211158,94C2, 9.125000E+01,29,27,56,29,27, 1.940988E+00, 6.549200E-01,-1.884344E+00, 3.486250E+01, 3.437206E+01, 1.185243E+00,-2.228028E+00,-3.534354E+00,-4.861893E+00, 8.598370E+01, 3.152364E+01, 3.509223E+01, 1.317184E+01,28, 2.263574E+00,0, 0.000000E+00,0, 0.000000E+00,20, 2.881575E+01, 3.468182E-01, 4.607899E+00,NULL,NULL,1,mc_qqps,34
-21022,2896,20228,211219,94C2, 9.125000E+01,22,9,31,22,9, 8.438388E-01, 7.371641E-02, 1.812838E-01, 7.749628E+01, 7.722729E+01, 3.510332E+00, 5.614015E-01,-4.135930E-01, 2.643491E+00, 8.618100E+01, 7.674408E+01, 8.684708E+00, 0.000000E+00,1, 0.000000E+00,12, 7.820151E+00,0, 0.000000E+00,1, 1.606923E+00, 1.606923E+00, 1.606923E+00,1, 0.000000E+00,1,mc_qqps,34
-21022,2897,20228,211236,94C2, 9.125000E+01,14,14,28,14,14, 1.224978E+01, 8.766770E+00,-9.919617E+01, 1.106713E+02, 1.104615E+02, 7.890108E+00, 1.107420E+01, 9.842992E+00,-1.025854E+02, 1.341176E+02, 8.397159E+00, 2.058127E+01, 2.193713E+00,2, 0.000000E+00,5, 1.212574E+00,0, 0.000000E+00,2, 1.354138E+00, 6.712869E-01, 6.828512E-01,8, 0.000000E+00,0,mc_qqps,34
-21022,2898,20228,211257,94C2, 9.125000E+01,20,7,27,20,7,-1.343728E+00, 4.511022E+00,-1.293033E+00, 7.371654E+01, 7.339854E+01, 3.669927E+00,-3.049229E+00, 9.011002E+00,-4.558199E+00, 8.940529E+01, 6.549392E+01, 9.663918E+00, 6.045883E+00,10, 9.732538E+00,0, 0.000000E+00,0, 0.000000E+00,5, 9.663918E+00, 7.065382E-01, 4.205142E+00,NULL,NULL,1,mc_qqps,34
-21022,2899,20228,211312,94C2, 9.125000E+01,29,19,48,29,19,-4.309834E+00,-1.104707E+01, 2.348266E+00, 6.786290E+01, 6.728734E+01, 2.320253E+00, 4.670709E-01,-2.560992E-01, 2.070996E-01, 1.023855E+02, 6.460843E+01, 3.075825E+01, 2.582786E+00,20, 1.217862E+01,0, 0.000000E+00,0, 0.000000E+00,16, 3.150220E+01, 3.762585E-01, 8.318788E+00,NULL,NULL,1,mc_qqps,34
-21022,2900,20228,211335,94C2, 9.125000E+01,19,10,29,19,10,-5.350431E+00, 1.384532E+00, 4.726598E+00, 6.955540E+01, 6.927338E+01, 3.645967E+00, 9.028180E+00,-2.250338E+00,-6.551047E+00, 9.602209E+01, 6.813595E+01, 2.532565E+01, 0.000000E+00,13, 1.187457E+01,0, 0.000000E+00,0, 0.000000E+00,9, 2.603529E+01, 4.561659E-01, 9.264811E+00,NULL,NULL,1,mc_qqps,34
-21022,2901,20228,211352,94C2, 9.125000E+01,19,12,31,19,12,-5.963239E+00,-2.069290E+00, 3.204394E+00, 6.244518E+01, 6.223290E+01, 3.275416E+00,-4.120233E+00,-1.111158E+00, 1.258623E+00, 8.903922E+01, 6.099032E+01, 2.409810E+01, 1.595157E+00,14, 2.497341E+01,0, 0.000000E+00,0, 0.000000E+00,8, 2.471671E+01, 7.031112E-01, 1.095793E+01,NULL,NULL,1,mc_qqps,34
-21022,2902,20228,211407,94C2, 9.125000E+01,42,10,52,42,10,-1.404092E+00, 1.230909E+01, 5.052213E-01, 7.557979E+01, 7.460558E+01, 1.776323E+00, 3.832965E+00,-5.021774E+00, 2.814107E+00, 9.846383E+01, 6.426460E+01, 6.226430E+00, 1.210749E+01,10, 1.343260E+00,1, 0.000000E+00,0, 0.000000E+00,4, 1.017535E+01, 7.822886E-01, 4.076293E+00,NULL,NULL,1,mc_qqps,34
-21022,2903,20228,211429,94C2, 9.125000E+01,24,3,27,24,3,-1.533340E+00,-6.193134E+00, 1.530895E+00, 9.634322E+01, 9.607011E+01, 4.002921E+00, 1.845017E+00,-8.224805E+00, 5.407847E+00, 1.019139E+02, 8.689960E+01, 0.000000E+00, 1.719774E+00,7, 3.982090E-01,0, 0.000000E+00,0, 0.000000E+00,2, 3.921874E+00, 6.803804E-01, 3.241493E+00,NULL,NULL,1,mc_qqps,34
-21022,2904,20228,211445,94C2, 9.125000E+01,29,18,47,29,18, 3.212454E+00, 8.230675E+00, 2.069166E+01, 6.723528E+01, 6.680048E+01, 2.303465E+00, 4.194868E-02,-2.015355E+00, 6.959013E+00, 1.017877E+02, 4.108096E+01, 2.288367E+01, 1.183726E+01,4, 3.208160E-01,14, 9.283837E-01,0, 0.000000E+00,1, 1.574905E+00, 1.574905E+00, 1.574905E+00,NULL,NULL,1,mc_qqps,34
-21022,2905,20228,211505,94C2, 9.125000E+01,37,11,48,37,11,-1.155888E+00, 3.305857E-01,-1.480860E-01, 5.636715E+01, 5.591978E+01, 1.511345E+00,-2.253563E+00,-6.264594E-01, 6.283620E+00, 7.912738E+01, 4.951438E+01, 1.004078E+01, 1.271945E+01,1, 0.000000E+00,17, 1.230519E+01,0, 0.000000E+00,NULL,NULL,NULL,NULL,NULL,NULL,1,mc_qqps,34
-21022,2906,20228,211528,94C2, 9.125000E+01,14,6,20,14,6, 2.566261E+00, 4.537237E+00, 4.264249E+00, 6.610522E+01, 6.599418E+01, 4.713870E+00, 2.004736E+00, 7.843009E+00, 8.199961E+00, 7.404103E+01, 6.083462E+01, 4.127064E+00, 3.808738E+00,7, 7.278572E+00,1, 0.000000E+00,0, 0.000000E+00,3, 3.904678E+00, 7.344556E-01, 1.775867E+00,NULL,NULL,1,mc_qqps,34
-21022,2907,20228,211542,94C2, 9.125000E+01,22,12,34,22,12, 2.490745E+00, 1.430907E+00, 1.344021E+00, 4.152410E+01, 4.102569E+01, 1.864804E+00, 3.856427E+00,-3.384577E+00,-2.611321E-01, 6.799670E+01, 3.886350E+01, 2.548023E+01, 0.000000E+00,13, 7.766496E+00,0, 0.000000E+00,0, 0.000000E+00,11, 2.572115E+01, 3.522713E-01, 1.063670E+01,NULL,NULL,1,mc_qqps,34
-21022,2908,20228,211604,94C2, 9.125000E+01,21,16,37,21,16, 1.578126E+00,-3.656503E-01,-2.359697E+00, 5.114102E+01, 5.091521E+01, 2.424534E+00,-2.134860E+00, 2.118742E+00, 3.884787E+00, 7.984755E+01, 4.949725E+01, 2.617105E+01, 2.570413E-01,16, 8.773680E-01,4, 0.000000E+00,0, 0.000000E+00,11, 2.020695E+01, 5.937845E-01, 3.942770E+00,1, 0.000000E+00,1,mc_qqps,34
-21022,2909,20228,211627,94C2, 9.125000E+01,34,15,49,34,15,-1.133565E+00, 8.487566E+00, 1.293667E+00, 5.706692E+01, 5.661213E+01, 1.665063E+00, 2.034240E+00, 4.610558E+00,-1.523953E+00, 8.465370E+01, 4.948408E+01, 7.606336E+00, 1.322842E+01,15, 9.917356E+00,0, 0.000000E+00,0, 0.000000E+00,9, 1.407967E+01, 3.991675E-01, 3.036879E+00,NULL,NULL,1,mc_qqps,34
-21022,2910,20228,211645,94C2, 9.125000E+01,44,20,64,44,20,-3.672140E+00, 1.082398E+01,-2.812298E+00, 5.227023E+01, 5.142022E+01, 1.168641E+00, 1.501554E+01, 9.000878E+00,-2.445452E+00, 1.127372E+02, 3.854744E+01, 4.243864E+01, 1.625764E+01,19, 5.279734E-01,0, 0.000000E+00,0, 0.000000E+00,14, 4.366833E+01, 3.436520E-01, 1.833097E+01,NULL,NULL,1,mc_qqps,34
-21022,2911,20228,211708,94C2, 9.125000E+01,60,7,67,60,7, 2.336078E+00,-3.295424E+00,-3.104920E+00, 9.143564E+01, 8.894131E+01, 1.482355E+00,-3.686763E+00,-3.514416E+00,-3.681652E-01, 1.054480E+02, 7.812846E+01, 1.192694E+01, 2.484780E+00,10, 2.268031E+01,0, 0.000000E+00,0, 0.000000E+00,3, 8.513236E+00, 5.465187E-01, 6.351233E+00,NULL,NULL,1,mc_qqps,34
-21022,2912,20228,211727,94C2, 9.125000E+01,37,19,56,37,19,-2.402994E+00, 1.141417E-01,-2.028371E+00, 4.484004E+01, 4.307281E+01, 1.164130E+00, 1.254826E+01,-1.895891E-01, 5.753409E+00, 7.910429E+01, 3.858596E+01, 3.326635E+01, 0.000000E+00,25, 8.644101E+00,0, 0.000000E+00,0, 0.000000E+00,19, 3.426425E+01, 5.957343E-01, 3.641775E+00,NULL,NULL,1,mc_qqps,34
-21022,2913,20228,211750,94C2, 9.125000E+01,21,10,31,21,10,-2.117115E+00, 9.066133E+00, 9.919914E+00, 6.646780E+01, 6.621935E+01, 3.153302E+00,-7.586937E-01, 7.404759E+00, 9.998878E+00, 7.717343E+01, 5.782244E+01, 6.458311E+00, 2.934401E+00,9, 7.441216E+00,0, 0.000000E+00,0, 0.000000E+00,5, 6.854978E+00, 6.305898E-01, 2.271966E+00,NULL,NULL,1,mc_qqps,34
-21022,2914,20228,211806,94C2, 9.125000E+01,44,24,68,44,24,-1.446914E+00, 6.109078E-01, 1.076906E+00, 6.668270E+01, 6.581522E+01, 1.495800E+00, 2.286157E+00,-5.832688E-01, 2.630612E+00, 9.598099E+01, 5.084171E+01, 2.343824E+01, 5.860051E+00,10, 1.082549E+00,12, 5.505072E-01,0, 0.000000E+00,8, 1.014962E+01, 5.130291E-01, 3.372831E+00,NULL,NULL,1,mc_qqps,34
-21022,2915,20228,211832,94C2, 9.125000E+01,35,12,47,35,12,-1.014939E+01,-1.439788E+01, 1.341478E+01, 9.316322E+01, 9.258379E+01, 2.645251E+00,-1.656174E+01,-2.315372E+01, 2.214311E+01, 1.188811E+02, 7.202368E+01, 1.866863E+01, 6.262619E-01,12, 2.581578E+00,0, 0.000000E+00,0, 0.000000E+00,10, 2.269645E+01, 4.730681E-01, 5.054891E+00,NULL,NULL,1,mc_qqps,34
-21022,2916,20228,211850,94C2, 9.125000E+01,26,6,32,26,6,-8.715078E+00,-8.019825E-01,-5.224460E+00, 7.855164E+01, 7.813503E+01, 3.005193E+00, 6.850536E-01,-6.281626E-02,-9.523216E-01, 8.916714E+01, 7.316296E+01, 1.061551E+01, 0.000000E+00,14, 3.352629E+00,0, 0.000000E+00,0, 0.000000E+00,5, 1.038184E+01, 9.044842E-01, 6.321732E+00,NULL,NULL,1,mc_qqps,34
-21022,2917,20228,211912,94C2, 9.125000E+01,27,14,41,27,14,-4.008289E+00,-5.265126E-01,-6.065307E-01, 5.738438E+01, 5.698197E+01, 2.110443E+00,-7.946751E+00, 1.912622E+00,-1.551236E+00, 9.031403E+01, 5.501744E+01, 2.559790E+01, 5.205460E+00,20, 8.984372E+00,0, 0.000000E+00,0, 0.000000E+00,12, 2.753876E+01, 7.540725E-01, 6.679748E+00,NULL,NULL,1,mc_qqps,34
-21022,2918,20228,211928,94C2, 9.125000E+01,43,21,64,43,21,-2.902039E+00,-9.723331E-01,-1.617495E+00, 6.107977E+01, 6.030628E+01, 1.402472E+00,-1.799851E-01,-4.183624E-01,-2.271421E-01, 8.392935E+01, 5.706586E+01, 1.992409E+01, 1.825967E+00,20, 2.187583E+00,5, 0.000000E+00,0, 0.000000E+00,13, 1.553948E+01, 6.725656E-01, 2.015811E+00,NULL,NULL,1,mc_qqps,34
-21022,2919,20228,211952,94C2, 9.125000E+01,26,16,42,26,16,-4.647826E+00, 4.140262E+00,-2.446029E+00, 1.510067E+01, 1.445298E+01, 5.558836E-01,-2.179714E+00, 2.688496E+00, 3.278361E+00, 3.917693E+01, 9.064141E+00, 1.397381E+01, 9.349168E+00,1, 0.000000E+00,8, 0.000000E+00,0, 0.000000E+00,1, 7.532828E-01, 7.532828E-01, 7.532828E-01,6, 0.000000E+00,0,mc_qqps,34
-21022,2920,20228,212018,94C2, 9.125000E+01,34,18,52,34,18,-1.409799E+01, 2.329471E+00, 4.259437E+00, 6.205289E+01, 6.140053E+01, 1.805898E+00, 5.630907E+00,-1.683522E+00,-1.967213E-01, 9.408863E+01, 4.424046E+01, 2.158032E+01, 5.491051E+00,18, 6.014146E-01,1, 6.126846E-01,0, 0.000000E+00,14, 2.511674E+01, 3.287015E-01, 7.173412E+00,1, 0.000000E+00,1,mc_qqps,34
-21022,2921,20228,212041,94C2, 9.125000E+01,19,6,25,19,6,-4.171199E+00, 9.411160E+00, 3.432385E+00, 5.139876E+01, 5.099584E+01, 2.683992E+00, 4.297928E+00,-8.464815E+00,-4.628025E+00, 8.363935E+01, 4.781189E+01, 2.690870E+01, 3.263883E+00,11, 2.973297E-01,0, 0.000000E+00,0, 0.000000E+00,5, 2.917251E+01, 7.828805E-01, 2.399832E+01,NULL,NULL,1,mc_qqps,34
-21022,2922,20228,212055,94C2, 9.125000E+01,30,10,40,30,10, 3.853700E+00,-4.659135E+00,-1.217151E+01, 6.222518E+01, 6.153216E+01, 2.051072E+00, 5.147598E+00,-3.217669E+00,-1.400346E+01, 7.321235E+01, 4.903112E+01, 8.070584E+00, 2.916584E+00,4, 0.000000E+00,7, 0.000000E+00,0, 0.000000E+00,3, 4.191927E+00, 7.076974E-01, 1.843533E+00,NULL,NULL,1,mc_qqps,34
-21022,2923,20228,212118,94C2, 9.125000E+01,13,16,29,13,16,-1.471854E+00, 2.701253E+00,-1.686195E+00, 3.020202E+01, 3.004123E+01, 2.310864E+00, 3.730021E+00,-6.375114E+00, 4.938466E+00, 9.786520E+01, 2.791456E+01, 4.122394E+01, 2.387055E+01,15, 7.330702E+00,0, 0.000000E+00,0, 0.000000E+00,11, 3.944809E+01, 1.025637E+00, 1.750775E+01,NULL,NULL,1,mc_qqps,34
-21022,2924,20228,212135,94C2, 9.125000E+01,35,18,53,35,18,-2.128268E+00,-1.154250E+00,-1.051860E+00, 6.365966E+01, 6.277140E+01, 1.793469E+00,-2.044075E+00, 9.108799E-01,-9.566627E-01, 1.077064E+02, 5.719151E+01, 3.899617E+01, 2.133754E+00,18, 5.163657E+00,0, 0.000000E+00,0, 0.000000E+00,14, 3.062286E+01, 4.298714E-01, 6.876356E+00,NULL,NULL,1,mc_qqps,34
-21022,2925,20228,212151,94C2, 9.125000E+01,28,13,41,28,13, 8.486485E+00,-2.641596E+00,-1.089873E+01, 7.687149E+01, 7.636965E+01, 2.727488E+00, 1.347891E+01,-3.251331E+00,-1.492667E+01, 9.952699E+01, 7.319319E+01, 2.235954E+01, 2.959541E-01,3, 0.000000E+00,10, 5.935902E-01,0, 0.000000E+00,3, 1.249717E+01, 6.995265E-01, 8.696284E+00,NULL,NULL,1,mc_qqps,34
-21022,2926,20228,212212,94C2, 9.125000E+01,22,18,40,22,18, 6.467060E+00,-1.106104E+01,-1.445892E+01, 5.251874E+01, 5.219632E+01, 2.372560E+00, 2.486947E+00,-3.373363E+00,-3.123776E+00, 7.640177E+01, 5.116904E+01, 2.113113E+01, 2.101588E-01,3, 0.000000E+00,13, 0.000000E+00,0, 0.000000E+00,3, 3.155498E+00, 6.137518E-01, 1.679469E+00,1, 0.000000E+00,1,mc_qqps,34
-21022,2927,20228,212241,94C2, 9.125000E+01,27,17,44,27,17, 2.028889E+00, 9.475918E-01, 1.937146E+00, 4.889892E+01, 4.837144E+01, 1.791535E+00,-5.594156E+00, 7.932286E+00, 6.173935E+00, 8.683858E+01, 3.890594E+01, 2.902126E+01, 4.018099E+00,21, 3.024010E+00,1, 0.000000E+00,0, 0.000000E+00,15, 3.396177E+01, 4.059973E-01, 7.002187E+00,NULL,NULL,1,mc_qqps,34
-21022,2928,20228,212259,94C2, 9.125000E+01,31,13,44,31,13,-3.057348E+00,-1.622138E+00, 2.928172E+00, 6.328997E+01, 6.293281E+01, 2.030091E+00,-1.779599E+00,-3.508588E+00,-2.662556E+00, 8.207867E+01, 5.090695E+01, 1.213270E+01, 3.534577E+00,4, 0.000000E+00,10, 0.000000E+00,0, 0.000000E+00,2, 5.350197E+00, 2.228770E+00, 3.121426E+00,NULL,NULL,1,mc_qqps,34
-21022,2929,20228,212326,94C2, 9.125000E+01,35,17,52,35,17,-1.071378E+01,-5.255959E+00,-4.614925E+00, 7.035696E+01, 6.985894E+01, 1.995970E+00,-5.333445E+00,-2.866567E+00,-2.751349E+00, 1.248272E+02, 6.161129E+01, 2.961626E+01, 2.149365E+01,22, 2.140877E+00,0, 0.000000E+00,0, 0.000000E+00,13, 3.298404E+01, 7.132399E-01, 1.313449E+01,NULL,NULL,1,mc_qqps,34
-21022,2930,20228,212345,94C2, 9.125000E+01,32,16,48,32,16,-1.164387E+01,-6.281747E+00, 1.347289E+01, 6.234759E+01, 6.185920E+01, 1.933100E+00,-1.190728E+01,-6.046590E+00, 1.158268E+01, 9.474834E+01, 5.759641E+01, 2.083972E+01, 8.262545E+00,16, 2.143372E+00,1, 0.000000E+00,0, 0.000000E+00,11, 2.011058E+01, 4.731417E-01, 6.608744E+00,1, 0.000000E+00,1,mc_qqps,34
-21022,2931,20228,212412,94C2, 9.125000E+01,21,6,27,21,6,-3.962196E+00, 9.375715E-01, 4.730480E+00, 8.269743E+01, 8.224074E+01, 3.916226E+00,-7.028506E-01, 6.345307E-01, 6.281989E-01, 9.078053E+01, 8.069267E+01, 7.286588E+00, 0.000000E+00,7, 9.429948E-02,0, 0.000000E+00,0, 0.000000E+00,5, 6.708251E+00, 7.449157E-01, 2.468714E+00,NULL,NULL,1,mc_qqps,34
-21022,2932,20228,212435,94C2, 9.125000E+01,27,12,39,27,12, 2.982249E+00,-7.370440E+00, 1.528136E+00, 4.879710E+01, 4.844867E+01, 1.794395E+00,-1.247336E+00, 3.044748E+00, 7.356414E-02, 6.128502E+01, 3.630965E+01, 9.414372E+00, 2.320696E+00,16, 1.713990E+01,0, 0.000000E+00,0, 0.000000E+00,7, 8.530738E+00, 4.988162E-01, 3.064821E+00,NULL,NULL,1,mc_qqps,34
-21022,2933,20228,212457,94C2, 9.125000E+01,34,15,49,34,15, 1.151680E+01, 1.785107E+00,-1.550831E+01, 5.939798E+01, 5.847823E+01, 1.719948E+00, 2.147294E+01, 1.566685E+00,-2.598369E+01, 8.943431E+01, 5.362695E+01, 1.345364E+01, 1.498977E+01,9, 0.000000E+00,2, 0.000000E+00,0, 0.000000E+00,8, 1.362650E+01, 4.323627E-01, 4.567697E+00,1, 0.000000E+00,1,mc_qqps,34
-21022,2934,20228,212520,94C2, 9.125000E+01,21,13,34,21,13, 2.745406E+00,-6.216719E+00, 3.453389E+00, 6.893201E+01, 6.856484E+01, 3.264992E+00,-5.467683E+00, 7.952260E+00, 4.796034E+00, 8.862262E+01, 5.933559E+01, 1.595766E+01, 1.177432E-01,12, 2.413162E-01,0, 0.000000E+00,0, 0.000000E+00,9, 1.738954E+01, 3.420219E-01, 7.346639E+00,NULL,NULL,1,mc_qqps,34
-21022,2935,20228,212537,94C2, 9.125000E+01,42,10,52,42,10,-1.699818E+01,-1.720446E+01, 1.520177E+01, 9.457953E+01, 9.383552E+01, 2.234179E+00,-1.712833E+01,-2.880941E+01, 1.341190E+01, 1.139286E+02, 6.121734E+01, 1.685181E+01, 1.971726E+00,13, 4.860102E+00,0, 0.000000E+00,0, 0.000000E+00,7, 5.289728E+00, 4.060519E-01, 1.070165E+00,NULL,NULL,1,mc_qqps,34
-21022,2936,20228,212601,94C2, 9.125000E+01,29,14,43,29,14, 1.844760E+01,-1.388906E+00,-5.049273E+01, 8.675453E+01, 8.636940E+01, 2.978255E+00, 1.090336E+01,-7.774521E-01,-3.405319E+01, 1.313924E+02, 2.843434E+01, 4.329488E+01, 4.924967E-01,2, 4.691336E+00,16, 3.030198E+00,0, 0.000000E+00,1, 8.504556E-01, 8.504556E-01, 8.504556E-01,NULL,NULL,1,mc_qqps,34
-21022,2937,20228,212622,94C2, 9.125000E+01,25,11,36,25,11,-6.077542E+00, 6.287814E+00,-8.177561E-01, 7.237741E+01, 7.210110E+01, 2.884044E+00, 3.255161E+00,-2.104740E+00,-7.224035E-01, 9.660441E+01, 6.797992E+01, 2.183303E+01, 1.850250E-01,18, 1.277491E+01,0, 0.000000E+00,0, 0.000000E+00,9, 2.341220E+01, 6.138203E-01, 7.091610E+00,NULL,NULL,1,mc_qqps,34
-21022,2938,20228,212642,94C2, 9.125000E+01,28,8,36,28,8,-1.616832E+00, 1.550447E+00,-5.556684E-01, 4.730758E+01, 4.661181E+01, 1.664707E+00,-2.324469E+00, 2.264897E+00, 1.129350E+00, 5.493523E+01, 4.251257E+01, 4.901042E+00, 2.342643E+00,10, 2.506479E+00,1, 0.000000E+00,0, 0.000000E+00,4, 4.581279E+00, 3.839708E-01, 1.795848E+00,NULL,NULL,1,mc_qqps,34
-21022,2939,20228,212706,94C2, 9.125000E+01,35,7,42,35,7,-6.547768E+00,-7.594276E+00,-3.870032E+00, 7.825495E+01, 7.756561E+01, 2.216160E+00, 1.868248E+00, 1.834858E+00, 6.047122E+00, 9.485978E+01, 7.256750E+01, 1.512338E+01, 1.482313E+00,10, 4.092184E-01,0, 0.000000E+00,0, 0.000000E+00,4, 1.512251E+01, 5.578291E-01, 1.050655E+01,NULL,NULL,1,mc_qqps,34
-21022,2940,20228,212728,94C2, 9.125000E+01,40,8,48,40,8,-4.883542E+00, 7.382334E+00,-2.158329E+00, 7.412533E+01, 7.360525E+01, 1.840131E+00,-8.903526E+00, 1.177054E+01,-6.450619E+00, 8.443042E+01, 6.605531E+01, 9.872978E+00, 0.000000E+00,16, 1.563115E+01,1, 0.000000E+00,0, 0.000000E+00,5, 6.677251E+00, 4.321147E-01, 1.968481E+00,NULL,NULL,1,mc_qqps,34
-21022,2941,20228,212749,94C2, 9.125000E+01,39,18,57,39,18,-2.980676E+00, 4.541035E+00, 1.034704E+01, 8.807013E+01, 8.741252E+01, 2.241347E+00,-2.191517E+00, 8.755673E+00, 1.851568E+01, 1.168570E+02, 5.776928E+01, 2.269727E+01, 4.554549E+00,3, 0.000000E+00,17, 2.484163E+00,0, 0.000000E+00,3, 3.228338E+00, 6.130751E-01, 1.535045E+00,NULL,NULL,1,mc_qqps,34
-21022,2942,20228,212813,94C2, 9.125000E+01,15,12,27,15,12, 3.602076E-01,-1.868648E-01, 9.239105E+00, 1.630342E+01, 1.596149E+01, 1.064099E+00,-2.865636E-02,-1.723208E+00,-1.738201E+00, 5.004357E+01, 6.492699E+00, 3.335627E+01, 3.838820E-01,0, 0.000000E+00,9, 0.000000E+00,0, 0.000000E+00,NULL,NULL,NULL,NULL,4, 0.000000E+00,0,mc_qqps,34
-21022,2943,20228,212859,94C2, 9.125000E+01,20,13,33,20,13, 9.391595E-01,-1.313130E+01,-7.023407E+00, 5.598282E+01, 5.560476E+01, 2.780238E+00, 7.221427E-01,-7.724339E+00,-2.798143E+00, 8.532806E+01, 5.387509E+01, 1.816673E+01, 4.384644E+00,14, 4.696727E+00,0, 0.000000E+00,0, 0.000000E+00,10, 2.332313E+01, 5.328525E-01, 5.982260E+00,NULL,NULL,1,mc_qqps,34
-21022,2944,20228,212915,94C2, 9.125000E+01,26,12,38,26,12,-5.637086E+00,-1.285643E+01,-1.014022E+01, 5.694256E+01, 5.666304E+01, 2.179348E+00,-1.789919E+00,-8.136732E+00,-7.294501E+00, 8.084749E+01, 5.364346E+01, 8.375015E+00, 1.552991E+01,8, 1.074107E+00,2, 0.000000E+00,0, 0.000000E+00,5, 6.682695E+00, 5.302355E-01, 2.285131E+00,NULL,NULL,1,mc_qqps,34
-21022,2945,20228,212934,94C2, 9.125000E+01,44,13,57,44,13,-6.735126E+00, 2.959099E+00, 1.742259E+01, 9.242963E+01, 9.176674E+01, 2.085608E+00,-1.008946E+01, 3.417925E+00, 2.339892E+01, 1.152471E+02, 2.982015E+01, 7.384888E+00, 1.557614E+01,1, 0.000000E+00,16, 2.479673E+01,0, 0.000000E+00,NULL,NULL,NULL,NULL,NULL,NULL,1,mc_qqps,34
-21022,2946,20228,212952,94C2, 9.125000E+01,21,6,27,21,6,-1.147534E+00, 3.054334E+00,-1.706922E+00, 7.617284E+01, 7.590619E+01, 3.614580E+00, 9.236225E-01,-5.997405E+00, 2.070350E+00, 9.387511E+01, 7.526041E+01, 1.121799E+01, 0.000000E+00,14, 1.019740E+01,0, 0.000000E+00,0, 0.000000E+00,6, 1.770226E+01, 1.025573E+00, 5.553500E+00,NULL,NULL,1,mc_qqps,34
-21022,2947,20228,213005,94C2, 9.125000E+01,40,10,50,40,10, 1.591559E+00,-1.694331E+01, 1.826605E+01, 1.188366E+02, 1.179300E+02, 2.948250E+00, 2.216142E+00,-1.577736E+01, 2.174944E+01, 1.262820E+02, 4.173508E+01, 7.445453E+00, 0.000000E+00,0, 0.000000E+00,11, 6.309010E-01,0, 0.000000E+00,NULL,NULL,NULL,NULL,1, 0.000000E+00,1,mc_qqps,34
-21022,2948,20228,213022,94C2, 9.125000E+01,39,13,52,39,13, 4.757645E+00,-4.278975E+00,-1.364416E+00, 6.182925E+01, 6.045330E+01, 1.550085E+00, 8.702377E+00, 7.113389E+00, 1.516125E+01, 8.866251E+01, 5.649099E+01, 1.016544E+01, 1.432353E+01,10, 9.772317E+00,2, 0.000000E+00,0, 0.000000E+00,4, 6.617239E+00, 6.687595E-01, 2.344303E+00,1, 0.000000E+00,1,mc_qqps,34
-21022,2949,20228,213043,94C2, 9.125000E+01,28,17,45,28,17, 3.386247E-02, 7.177087E-01,-2.562602E-01, 6.638583E+01, 6.581662E+01, 2.350594E+00, 1.830503E+00, 7.451339E-01, 2.155386E+00, 9.154748E+01, 4.787922E+01, 1.339601E+01, 1.921950E+00,19, 4.298625E+00,0, 0.000000E+00,0, 0.000000E+00,14, 2.287798E+01, 4.965689E-01, 9.345569E+00,NULL,NULL,1,mc_qqps,34
-21022,2950,20228,213105,94C2, 9.125000E+01,27,16,43,27,16,-5.191460E+00, 1.805489E+00,-5.384896E+00, 6.528961E+01, 6.488847E+01, 2.403277E+00,-1.013311E+01, 3.950678E+00,-1.968225E+00, 8.690486E+01, 6.369653E+01, 9.006398E+00, 1.121590E+01,9, 0.000000E+00,8, 0.000000E+00,0, 0.000000E+00,6, 6.028642E+00, 4.866458E-01, 1.932571E+00,NULL,NULL,1,mc_qqps,34
-21022,2951,20228,213125,94C2, 9.125000E+01,14,6,20,14,6, 3.664316E-01,-7.280058E+00,-5.655910E-01, 4.107993E+01, 4.071112E+01, 2.907937E+00, 2.705430E-01,-2.206667E+01, 9.611602E-01, 6.375541E+01, 3.495019E+01, 2.267640E+01, 0.000000E+00,9, 3.273011E+01,0, 0.000000E+00,0, 0.000000E+00,5, 2.200735E+01, 6.821520E-01, 9.921873E+00,NULL,NULL,1,mc_qqps,34
-21022,2952,20228,213138,94C2, 9.125000E+01,30,8,38,30,8, 9.839375E+00, 1.038618E+01,-8.428925E-01, 6.304309E+01, 6.242276E+01, 2.080759E+00, 5.591146E+00, 9.468360E+00, 6.072661E-01, 7.802639E+01, 5.987066E+01, 1.176528E+01, 3.218017E+00,12, 1.132338E+01,0, 0.000000E+00,0, 0.000000E+00,6, 1.163301E+01, 1.229499E+00, 2.949658E+00,NULL,NULL,1,mc_qqps,34
-21022,2953,20228,213157,94C2, 9.125000E+01,37,19,56,37,19, 7.830453E+00, 7.677107E-02, 2.139959E+00, 6.543898E+01, 6.448650E+01, 1.742878E+00, 1.268851E+01, 1.253197E+00, 3.512137E+00, 9.026007E+01, 5.747491E+01, 1.728838E+01, 1.220028E+00,20, 7.501895E-01,0, 0.000000E+00,0, 0.000000E+00,15, 2.185638E+01, 6.142994E-01, 2.768911E+00,NULL,NULL,1,mc_qqps,34
-21022,2954,20228,213218,94C2, 9.125000E+01,34,8,42,34,8,-7.983612E+00, 7.818085E+00,-3.865665E+00, 6.117585E+01, 6.078857E+01, 1.787899E+00,-5.075763E+00, 1.361528E+00,-5.029931E+00, 7.732574E+01, 5.768168E+01, 7.107787E+00, 4.779556E+00,11, 4.315441E+00,4, 0.000000E+00,0, 0.000000E+00,5, 1.022437E+01, 4.714082E-01, 4.288486E+00,NULL,NULL,1,mc_qqps,34
-21022,2955,20228,213239,94C2, 9.125000E+01,33,18,51,33,18, 4.556815E+00, 1.278775E+01,-1.800112E+00, 1.903054E+01, 1.730946E+01, 5.245290E-01,-7.558566E+00,-1.224650E+01, 1.472016E+00, 9.885719E+01, 1.466127E+01, 2.639763E+01, 4.239779E+01,17, 2.399459E+00,0, 0.000000E+00,0, 0.000000E+00,14, 3.483074E+01, 4.151766E-01, 7.108510E+00,NULL,NULL,1,mc_qqps,34
-21022,2956,20228,213300,94C2, 9.125000E+01,19,8,27,19,8, 6.785458E-01,-8.633205E-01,-9.400816E-01, 5.429253E+01, 5.398640E+01, 2.841389E+00, 1.308849E-01,-3.066179E-01,-2.009549E-01, 7.138231E+01, 2.355192E+01, 1.308564E+00, 1.537294E+01,1, 0.000000E+00,9, 3.652797E+01,0, 0.000000E+00,1, 4.082794E-01, 4.082794E-01, 4.082794E-01,NULL,NULL,1,mc_qqps,34
-21022,2957,20228,213313,94C2, 9.125000E+01,27,14,41,27,14,-9.057650E-01,-3.789780E-01,-1.759644E+00, 8.313953E+01, 8.272871E+01, 3.064026E+00, 1.085196E+00, 5.968496E+00, 7.922717E+00, 1.106951E+02, 8.105895E+01, 6.529069E+00, 2.027110E+01,2, 0.000000E+00,13, 5.204704E+00,0, 0.000000E+00,2, 1.861266E+00, 8.584374E-01, 1.002828E+00,NULL,NULL,1,mc_qqps,34
-21022,2958,20228,213336,94C2, 9.125000E+01,13,11,24,13,11, 1.761944E+01, 4.245331E+00, 7.671481E+00, 4.522171E+01, 4.513839E+01, 3.472184E+00,-1.823897E+00,-2.208865E+00, 4.218322E+00, 7.447364E+01, 4.278585E+01, 1.097854E+01, 1.827339E+01,10, 6.874752E+00,1, 0.000000E+00,0, 0.000000E+00,7, 7.008205E+00, 5.483240E-01, 1.680874E+00,NULL,NULL,1,mc_qqps,34
-21022,2959,20228,213352,94C2, 9.125000E+01,21,9,30,21,9, 5.501657E+00,-4.753326E-01, 3.135644E+00, 5.929180E+01, 5.890678E+01, 2.805085E+00, 1.287658E+01,-1.823337E+00, 5.806169E+00, 1.011277E+02, 5.477732E+01, 1.507291E+01, 2.629391E+01,12, 4.828941E-01,0, 0.000000E+00,0, 0.000000E+00,7, 1.566126E+01, 5.883508E-01, 6.836563E+00,NULL,NULL,1,mc_qqps,34
-21022,2960,20228,213410,94C2, 9.125000E+01,33,17,50,33,17, 6.180829E+00, 2.193748E+00,-1.219421E+01, 5.688668E+01, 5.637516E+01, 1.708338E+00, 1.069377E+01, 1.068156E+01,-1.090620E+01, 9.239214E+01, 5.275064E+01, 2.557480E+01, 7.922066E+00,22, 1.177396E+01,0, 0.000000E+00,0, 0.000000E+00,12, 2.024006E+01, 5.046512E-01, 3.222936E+00,NULL,NULL,1,mc_qqps,34
-21022,2961,20228,213430,94C2, 9.125000E+01,31,14,45,31,14, 3.917036E+00,-1.917494E+00, 1.080386E+00, 6.151314E+01, 6.107614E+01, 1.970198E+00, 8.465323E+00,-2.112670E+00, 1.349387E+00, 9.211629E+01, 5.609457E+01, 2.872778E+01, 0.000000E+00,19, 1.069605E+01,0, 0.000000E+00,0, 0.000000E+00,12, 2.776900E+01, 4.437805E-01, 5.089792E+00,NULL,NULL,1,mc_qqps,34
-21022,2962,20228,213448,94C2, 9.125000E+01,35,14,49,35,14, 1.302616E+01, 1.005974E+01, 4.407633E+00, 7.305179E+01, 7.245349E+01, 2.070100E+00, 1.500442E+01, 8.724778E+00, 6.473911E+00, 9.162113E+01, 5.170158E+01, 1.463420E+01, 0.000000E+00,16, 1.233902E+00,0, 0.000000E+00,0, 0.000000E+00,12, 1.725613E+01, 3.654574E-01, 4.289106E+00,NULL,NULL,1,mc_qqps,34
-21022,2963,20228,213522,94C2, 9.125000E+01,40,10,50,40,10, 2.007073E+00,-1.624045E+01,-8.476050E+00, 5.467666E+01, 5.367979E+01, 1.341995E+00, 4.841138E-01,-2.358499E+00,-2.088307E+00, 9.189386E+01, 3.288548E+01, 3.627142E+01, 9.568085E-01,11, 3.687628E+00,0, 0.000000E+00,0, 0.000000E+00,7, 3.548095E+01, 7.302836E-01, 1.355511E+01,NULL,NULL,1,mc_qqps,34
-21022,2964,20228,213542,94C2, 9.125000E+01,34,15,49,34,15, 6.129920E-01,-7.892893E+00, 1.098432E+01, 6.171783E+01, 6.092453E+01, 1.791898E+00, 1.022009E+00,-5.404675E+00, 1.081408E+01, 7.336611E+01, 5.417016E+01, 8.390340E+00, 9.871179E-01,13, 1.987591E+00,4, 0.000000E+00,0, 0.000000E+00,8, 7.292095E+00, 3.508609E-01, 1.842265E+00,1, 0.000000E+00,1,mc_qqps,34
-21022,2965,20228,213605,94C2, 9.125000E+01,19,12,31,19,12,-1.464293E+01,-1.480074E+01,-7.189210E+00, 4.706038E+01, 4.654943E+01, 2.449970E+00, 1.625009E+00, 3.655851E+00, 8.220556E-01, 1.024866E+02, 4.410521E+01, 4.346872E+01, 1.749909E+00,14, 8.229448E+00,0, 0.000000E+00,0, 0.000000E+00,11, 5.374834E+01, 6.947176E-01, 2.102370E+01,NULL,NULL,1,mc_qqps,34
-21022,2966,20228,213621,94C2, 9.125000E+01,18,7,25,18,7, 2.508140E+01, 7.823010E+00, 6.556741E+01, 7.943752E+01, 7.900091E+01, 4.388939E+00, 1.216477E+01, 3.011929E+00, 3.051393E+01, 1.216458E+02, 3.739300E+01, 3.935371E+01, 2.854534E+00,0, 0.000000E+00,11, 1.712042E+01,0, 0.000000E+00,NULL,NULL,NULL,NULL,NULL,NULL,1,mc_qqps,34
-21022,2967,20228,213635,94C2, 9.125000E+01,32,14,46,32,14,-1.104695E-01,-3.033333E-01,-1.619213E+00, 6.060813E+01, 6.004792E+01, 1.876498E+00,-2.338375E+00, 5.356817E-01,-9.464215E-01, 8.219597E+01, 5.808311E+01, 2.028789E+01, 8.937051E-01,21, 7.195710E+00,0, 0.000000E+00,0, 0.000000E+00,13, 2.069412E+01, 4.062266E-01, 5.251194E+00,NULL,NULL,1,mc_qqps,34
-21022,2968,20228,213653,94C2, 9.125000E+01,19,13,32,19,13, 2.845670E+00, 1.420257E+01,-5.533692E+01, 8.682433E+01, 8.655268E+01, 4.555404E+00, 3.470727E+00, 1.549396E+01,-5.546696E+01, 1.094741E+02, 7.366316E+00, 2.203336E+01, 6.163753E-01,0, 0.000000E+00,13, 1.273411E+01,0, 0.000000E+00,NULL,NULL,NULL,NULL,4, 0.000000E+00,0,mc_qqps,34
-21022,2969,20228,213725,94C2, 9.125000E+01,26,25,51,26,25, 2.858757E+00, 2.851821E+00, 1.267161E+00, 4.419261E+01, 4.374276E+01, 1.682414E+00,-5.130018E+00,-4.287305E+00,-5.114809E+00, 7.864191E+01, 3.828601E+01, 2.722071E+01, 5.167020E+00,21, 4.500805E+00,0, 0.000000E+00,0, 0.000000E+00,18, 2.736425E+01, 4.552213E-01, 5.665094E+00,NULL,NULL,1,mc_qqps,34
-21022,2970,20228,213744,94C2, 9.125000E+01,44,14,58,44,14,-8.213505E-01,-7.729626E+00, 3.070787E+01, 6.434910E+01, 6.311612E+01, 1.434457E+00,-1.343180E+00,-8.213062E+00, 2.448776E+01, 9.423255E+01, 4.396446E+01, 1.610038E+01, 1.378798E+01,1, 0.000000E+00,14, 4.694271E+00,0, 0.000000E+00,1, 1.151883E+00, 1.151883E+00, 1.151883E+00,3, 0.000000E+00,1,mc_qqps,34
-21022,2971,20228,213820,94C2, 9.125000E+01,22,5,27,22,5,-3.695195E-01,-2.307938E+00,-1.122376E+01, 3.493900E+01, 3.442074E+01, 1.564579E+00, 3.469248E-01,-6.978198E-01,-1.836979E+00, 4.733261E+01, 4.699520E+00, 1.239361E+01, 0.000000E+00,1, 0.000000E+00,3, 0.000000E+00,0, 0.000000E+00,1, 7.977500E-01, 7.977500E-01, 7.977500E-01,3, 0.000000E+00,0,mc_qqps,34
-21022,2972,20228,213843,94C2, 9.125000E+01,37,19,56,37,19,-1.393848E+00,-1.182523E+01, 4.898272E+00, 3.992815E+01, 3.909011E+01, 1.056489E+00,-1.377966E+00,-4.003409E+00, 2.113575E+00, 7.290350E+01, 2.889906E+01, 2.206430E+01, 1.011905E+01,4, 4.910883E-01,12, 0.000000E+00,0, 0.000000E+00,2, 1.193712E+00, 4.017022E-01, 7.920095E-01,1, 0.000000E+00,1,mc_qqps,34
-21022,2973,20228,213916,94C2, 9.125000E+01,22,10,32,22,10,-7.850235E+00,-9.060292E+00,-1.035894E+01, 5.685312E+01, 5.653541E+01, 2.569792E+00,-7.381136E+00,-9.173042E+00,-9.547842E+00, 6.513223E+01, 5.482135E+01, 5.679254E+00, 1.433684E+00,8, 3.884492E+00,4, 0.000000E+00,0, 0.000000E+00,5, 5.797592E+00, 7.162053E-01, 1.641178E+00,NULL,NULL,1,mc_qqps,34
-21022,2974,20228,213937,94C2, 9.125000E+01,34,18,52,34,18, 9.639261E-01, 1.201883E+01,-1.296474E+01, 7.455771E+01, 7.396092E+01, 2.175321E+00, 2.764281E+00, 2.669179E+00,-4.439517E+00, 1.004982E+02, 6.769763E+01, 1.736880E+01, 5.940624E+00,17, 8.754705E+00,0, 0.000000E+00,0, 0.000000E+00,12, 1.978477E+01, 7.059004E-01, 6.791214E+00,NULL,NULL,1,mc_qqps,34
-21022,2975,20228,213955,94C2, 9.125000E+01,33,17,50,33,17, 2.322780E-01,-2.693107E+00,-5.342288E+00, 5.320160E+01, 5.266184E+01, 1.595813E+00, 9.731638E-01,-9.783239E+00,-2.018957E+01, 8.267923E+01, 3.056346E+01, 1.054291E+01, 1.920330E+01,2, 0.000000E+00,16, 8.994476E-01,0, 0.000000E+00,NULL,NULL,NULL,NULL,NULL,NULL,1,mc_qqps,34
-21022,2976,20228,214017,94C2, 9.125000E+01,38,19,57,38,19, 2.315239E+00,-9.836833E-01, 3.317445E+00, 6.467516E+01, 6.404424E+01, 1.685375E+00,-8.721523E-01,-1.726748E+00,-2.919286E+00, 8.013949E+01, 5.541050E+01, 1.425101E+01, 1.213311E+00,11, 4.172122E+00,8, 1.442914E+00,0, 0.000000E+00,6, 8.090917E+00, 3.503778E-01, 2.546681E+00,2, 0.000000E+00,1,mc_qqps,34
-21022,2977,20228,214040,94C2, 9.125000E+01,60,7,67,60,7,-6.939219E+00,-6.077912E+00, 1.925004E+00, 5.578445E+01, 5.312542E+01, 8.854237E-01,-2.375436E+00,-7.488436E+00, 4.536230E+00, 7.069839E+01, 4.665616E+01, 1.491395E+01, 0.000000E+00,12, 2.510727E+00,0, 0.000000E+00,0, 0.000000E+00,5, 1.001071E+01, 9.427544E-01, 5.687133E+00,NULL,NULL,1,mc_qqps,34
-21022,2978,20228,214103,94C2, 9.125000E+01,26,11,37,26,11, 1.612252E+00,-8.283073E+00, 1.543891E+01, 7.509752E+01, 7.479507E+01, 2.876734E+00, 1.964072E+00,-6.263421E+00, 1.091287E+01, 1.110684E+02, 6.332809E+01, 1.880709E+01, 1.717614E+01,1, 0.000000E+00,18, 1.309389E+01,0, 0.000000E+00,1, 5.665997E-01, 5.665997E-01, 5.665997E-01,NULL,NULL,1,mc_qqps,34
-21022,2979,20228,214118,94C2, 9.125000E+01,35,12,47,35,12, 2.368792E+00, 9.481101E+00, 3.257253E+00, 6.940816E+01, 6.884368E+01, 1.966962E+00, 5.478006E+00, 1.257829E+01, 1.733525E+00, 9.620197E+01, 5.753358E+01, 2.549621E+01, 8.922757E-01,19, 7.262221E+00,0, 0.000000E+00,0, 0.000000E+00,9, 2.438634E+01, 4.053102E-01, 1.086087E+01,NULL,NULL,1,mc_qqps,34
-21022,2980,20228,214138,94C2, 9.125000E+01,40,14,54,40,14, 6.663881E+00,-8.485955E+00,-4.318892E+00, 7.120740E+01, 7.060723E+01, 1.765181E+00, 5.630225E+00,-6.788661E+00,-2.405811E+00, 9.294420E+01, 6.688006E+01, 1.073113E+01, 7.691290E-01,17, 2.746639E-01,1, 0.000000E+00,0, 0.000000E+00,13, 2.096767E+01, 3.945061E-01, 9.311221E+00,NULL,NULL,1,mc_qqps,34
-21022,2981,20228,214157,94C2, 9.125000E+01,32,17,49,32,17, 6.628448E+00,-2.919485E+01,-4.630438E+01, 1.048051E+02, 1.042703E+02, 3.258448E+00, 7.446521E+00,-3.002860E+01,-5.172082E+01, 1.157282E+02, 4.147440E+01, 1.079685E+01, 1.262467E-01,2, 0.000000E+00,17, 5.229982E+00,0, 0.000000E+00,2, 1.124803E+00, 3.269849E-01, 7.978176E-01,3, 0.000000E+00,1,mc_qqps,34
-21022,2982,20228,214222,94C2, 9.125000E+01,26,20,46,26,20, 3.206566E+00,-1.517028E+00,-3.843676E+00, 4.889902E+01, 4.859816E+01, 1.869160E+00,-4.851026E+00, 2.022684E+00, 3.729258E+00, 8.862293E+01, 4.687173E+01, 3.353710E+01, 4.205258E+00,20, 1.098571E+00,1, 0.000000E+00,0, 0.000000E+00,16, 3.316361E+01, 3.780214E-01, 1.236178E+01,NULL,NULL,1,mc_qqps,34
-21022,2983,20228,214239,94C2, 9.125000E+01,20,19,39,20,19,-2.259768E+01,-1.684835E+01,-5.043935E+00, 5.459865E+01, 5.434114E+01, 2.717057E+00,-1.401119E+01,-9.385873E+00,-3.944311E+00, 1.121004E+02, 3.741505E+01, 4.822297E+01, 7.053933E+00,19, 9.312831E-01,1, 0.000000E+00,0, 0.000000E+00,15, 4.121403E+01, 6.423966E-01, 9.796312E+00,NULL,NULL,1,mc_qqps,34
-21022,2984,20228,214254,94C2, 9.125000E+01,22,11,33,22,11, 5.897546E+00, 1.940970E+00,-3.758287E+00, 5.704137E+01, 5.670206E+01, 2.577367E+00, 7.263900E+00, 3.388978E+00,-4.731224E+00, 1.062130E+02, 5.342938E+01, 3.099955E+01, 5.405302E+00,9, 3.210727E-01,2, 0.000000E+00,0, 0.000000E+00,6, 4.154872E+01, 1.759429E+00, 1.279785E+01,NULL,NULL,1,mc_qqps,34
-21022,2985,20228,214310,94C2, 9.125000E+01,33,16,49,33,16, 1.466178E+00, 3.999706E-01,-1.715504E+00, 5.085661E+01, 5.032999E+01, 1.525151E+00,-1.117476E+01, 1.080050E+01, 7.805387E-01, 9.026556E+01, 4.704903E+01, 1.600537E+01, 2.345656E+01,16, 6.956243E+00,0, 0.000000E+00,0, 0.000000E+00,9, 1.556552E+01, 6.099781E-01, 3.259472E+00,NULL,NULL,1,mc_qqps,34
-21022,2986,20228,214329,94C2, 9.125000E+01,50,15,65,50,15, 3.397495E+00, 1.200644E+00, 1.744441E+00, 7.586201E+01, 7.513286E+01, 1.502657E+00,-3.742307E+00, 5.123414E+00, 1.634979E+00, 1.035045E+02, 6.059953E+01, 2.299480E+01, 0.000000E+00,21, 2.585624E+00,0, 0.000000E+00,0, 0.000000E+00,14, 2.517719E+01, 3.632583E-01, 7.761782E+00,NULL,NULL,1,mc_qqps,34
-21022,2987,20228,214352,94C2, 9.125000E+01,30,11,40,29,11,-5.887838E-01,-6.530356E+00,-1.948539E+00, 5.574357E+01, 5.492154E+01, 1.893846E+00, 2.769058E+00, 3.979177E+00, 5.127513E+00, 8.944170E+01, 5.298286E+01, 2.201632E+01, 9.957076E+00,13, 1.074822E+00,0, 0.000000E+00,0, 0.000000E+00,8, 2.374105E+01, 5.710425E-01, 7.827789E+00,NULL,NULL,1,mc_qqps,34
-21022,2988,20228,214409,94C2, 9.125000E+01,24,22,46,24,22, 8.672498E-01, 2.209246E-01,-8.681048E+00, 2.723151E+01, 2.686300E+01, 1.119292E+00, 5.270916E+00,-1.474945E+00,-6.509220E+00, 5.117561E+01, 2.240213E+01, 2.043679E+01, 2.914205E+00,8, 5.404236E-02,13, 0.000000E+00,0, 0.000000E+00,5, 4.966275E+00, 5.931015E-01, 1.400066E+00,2, 0.000000E+00,1,mc_qqps,34
-21022,2989,20228,214434,94C2, 9.125000E+01,55,18,73,55,18,-4.996517E+00,-5.192737E+00, 4.206601E+01, 1.132517E+02, 1.122457E+02, 2.040831E+00,-4.585314E+00,-3.065750E+00, 4.102590E+01, 1.307793E+02, 4.259192E+01, 1.341568E+01, 4.331411E+00,4, 2.144972E-01,16, 1.203055E+00,0, 0.000000E+00,2, 1.901626E+00, 6.846697E-01, 1.216956E+00,1, 0.000000E+00,1,mc_qqps,34
-21022,2990,20228,214509,94C2, 9.125000E+01,31,17,48,31,17,-6.831797E+00,-1.870802E+00,-1.173867E+01, 5.326708E+01, 5.282296E+01, 1.703966E+00,-1.839801E+00, 9.784877E-02,-2.890461E+00, 7.847665E+01, 4.838825E+01, 2.262592E+01, 2.647022E+00,0, 0.000000E+00,16, 1.438783E+00,0, 0.000000E+00,NULL,NULL,NULL,NULL,NULL,NULL,1,mc_qqps,34
-21022,2991,20228,214530,94C2, 9.125000E+01,23,16,39,23,16,-2.484328E+01,-9.844449E+00,-7.429830E-01, 4.101890E+01, 4.050408E+01, 1.761047E+00,-8.048456E+00,-3.051836E+00,-5.495619E-01, 8.134765E+01, 3.302171E+01, 1.579596E+01, 2.161814E+01,14, 4.459980E+00,0, 0.000000E+00,0, 0.000000E+00,12, 1.722296E+01, 6.538818E-01, 3.663963E+00,NULL,NULL,1,mc_qqps,34
-21022,2992,20228,214545,94C2, 9.125000E+01,30,9,39,30,9,-3.278423E-01, 6.928775E-01, 1.117010E+00, 5.741307E+01, 5.672057E+01, 1.890686E+00, 7.332475E+00,-6.791955E+00,-8.190474E+00, 7.524760E+01, 5.303714E+01, 9.533040E+00, 3.189207E+00,10, 1.402188E+00,1, 0.000000E+00,0, 0.000000E+00,5, 1.377275E+01, 7.301340E-01, 8.659420E+00,NULL,NULL,1,mc_qqps,34
-21022,2993,20228,214603,94C2, 9.125000E+01,40,11,51,40,11, 9.958963E+00, 7.827260E+00, 2.296813E+00, 7.198754E+01, 7.104568E+01, 1.776142E+00, 4.237281E+00, 2.065648E+00, 1.235761E+00, 9.444240E+01, 6.236610E+01, 2.245485E+01, 0.000000E+00,14, 9.662688E-01,0, 0.000000E+00,0, 0.000000E+00,9, 1.647370E+01, 5.148950E-01, 3.455580E+00,NULL,NULL,1,mc_qqps,34
-21022,2994,20228,214623,94C2, 9.125000E+01,16,21,37,16,21, 2.670077E+00,-3.323135E-01, 8.607643E-01, 1.404957E+01, 1.362879E+01, 8.517996E-01, 2.467803E-01, 1.047441E+00,-1.180978E+01, 5.494204E+01, 7.812899E-01, 2.444880E+01, 1.644367E+01,1, 0.000000E+00,11, 3.727993E+00,0, 0.000000E+00,1, 1.056915E+00, 1.056915E+00, 1.056915E+00,7, 0.000000E+00,0,mc_qqps,34
-21022,2995,20228,214656,94C2, 9.125000E+01,46,10,56,46,10, 6.424827E+00, 5.445817E+01, 6.710852E-01, 1.447247E+02, 1.434953E+02, 3.119464E+00, 4.883605E+00, 4.610004E+01, 1.202889E+00, 1.749229E+02, 1.046235E+02, 2.727862E+01, 2.563866E+00,16, 1.292995E+00,0, 0.000000E+00,0, 0.000000E+00,7, 2.713539E+01, 3.562434E-01, 1.568657E+01,NULL,NULL,1,mc_qqps,34
-21022,2996,20228,214717,94C2, 9.125000E+01,29,14,43,29,14, 4.843184E+00, 3.872461E+00,-9.300794E+00, 2.373536E+01, 2.255756E+01, 7.778468E-01, 1.118179E+00,-4.296902E-01, 3.321512E+00, 5.548273E+01, 1.652572E+01, 2.612021E+01, 5.627167E+00,0, 0.000000E+00,10, 8.889146E-01,0, 0.000000E+00,NULL,NULL,NULL,NULL,1, 0.000000E+00,1,mc_qqps,34
-21022,2997,20228,214744,94C2, 9.125000E+01,22,14,36,22,14,-1.076970E+01,-4.308871E+00,-1.019180E+01, 4.537477E+01, 4.485387E+01, 2.038812E+00,-6.912374E-01,-2.793992E-01,-1.136430E+00, 8.697437E+01, 4.272525E+01, 3.956921E+01, 5.027128E-01,13, 1.832859E+00,1, 0.000000E+00,0, 0.000000E+00,10, 3.748977E+01, 7.206485E-01, 1.505964E+01,1, 0.000000E+00,1,mc_qqps,34
-21022,2998,20228,214800,94C2, 9.125000E+01,34,16,50,34,16, 2.401062E+00,-2.639388E-01, 1.638707E+00, 5.999718E+01, 5.915779E+01, 1.739935E+00, 5.075740E-01, 7.613250E-01, 1.230189E+00, 8.367290E+01, 5.655614E+01, 1.671843E+01, 0.000000E+00,10, 1.267611E+00,8, 0.000000E+00,0, 0.000000E+00,9, 1.617951E+01, 3.131200E-01, 4.128920E+00,NULL,NULL,1,mc_qqps,34
-21022,2999,20228,214820,94C2, 9.125000E+01,40,24,64,40,24,-3.508303E+00,-1.793535E+00,-3.639657E-03, 6.041217E+01, 5.963636E+01, 1.490909E+00,-3.554725E+00,-3.519660E+00,-3.284454E+00, 9.217333E+01, 4.564819E+01, 2.823656E+01, 1.053459E+00,17, 1.005446E-01,0, 0.000000E+00,0, 0.000000E+00,14, 2.225568E+01, 3.799587E-01, 4.341423E+00,1, 0.000000E+00,1,mc_qqps,34
-21022,3000,20228,214847,94C2, 9.125000E+01,33,13,46,33,13, 1.327512E+01, 6.945767E+00,-1.770100E+01, 6.008764E+01, 5.938276E+01, 1.799478E+00, 4.368460E+00, 2.621099E+00,-7.334767E+00, 7.749638E+01, 5.233310E+01, 1.740874E+01, 0.000000E+00,3, 0.000000E+00,12, 6.746640E-01,0, 0.000000E+00,2, 7.364272E+00, 2.422583E+00, 4.941689E+00,NULL,NULL,1,mc_qqps,34
-21023,1,20227,160309,94C2, 9.125000E+01,21,7,28,21,7,-4.995773E+00, 1.504993E+01, 1.479599E+01, 6.216955E+01, 6.193797E+01, 2.949427E+00, 2.192241E+00,-1.110243E+00,-1.694713E+00, 1.134463E+02, 5.727023E+01, 2.921120E+01, 1.883867E+01,8, 2.134660E+00,0, 0.000000E+00,0, 0.000000E+00,5, 2.841638E+01, 8.105958E-01, 1.869775E+01,NULL,NULL,1,mc_qqps,35
-21023,2,20227,160320,94C2, 9.125000E+01,14,17,31,14,17,-1.292540E+01, 9.396626E-01, 8.468163E+00, 4.471028E+01, 4.455840E+01, 3.182743E+00, 1.329629E+01,-3.690127E-01,-6.109717E+00, 1.059550E+02, 4.400915E+01, 2.506670E+01, 3.134793E+01,12, 3.191676E+00,2, 0.000000E+00,0, 0.000000E+00,10, 2.829527E+01, 4.589182E-01, 1.039507E+01,NULL,NULL,1,mc_qqps,35
-21023,3,20227,160332,94C2, 9.125000E+01,39,10,49,39,10, 2.315749E+00, 3.986474E+00,-6.105955E-01, 6.336686E+01, 6.245900E+01, 1.601513E+00, 5.564788E-01, 3.871153E+00,-2.740335E+00, 9.202838E+01, 5.794559E+01, 2.793640E+01, 0.000000E+00,18, 1.576170E+01,0, 0.000000E+00,0, 0.000000E+00,8, 2.269903E+01, 5.702769E-01, 1.192802E+01,NULL,NULL,1,mc_qqps,35
-21023,4,20227,160346,94C2, 9.125000E+01,29,15,44,29,15,-1.212033E+00, 7.825729E+00,-2.150943E+00, 6.810493E+01, 6.767579E+01, 2.333648E+00,-2.310237E+00, 8.413819E+00,-9.996665E-02, 8.729504E+01, 6.203567E+01, 1.046342E+01, 7.779572E+00,12, 5.962519E-01,0, 0.000000E+00,0, 0.000000E+00,9, 9.578477E+00, 5.178913E-01, 2.488216E+00,NULL,NULL,1,mc_qqps,35
-21023,5,20227,160400,94C2, 9.125000E+01,35,21,56,35,21, 6.234286E-01, 4.898787E+00, 4.599300E+00, 6.117695E+01, 6.048824E+01, 1.728235E+00,-3.555548E-01, 1.352500E+00, 4.982550E-01, 8.317130E+01, 5.548334E+01, 1.733250E+01, 3.672376E+00,11, 3.370738E-01,10, 0.000000E+00,0, 0.000000E+00,8, 8.112307E+00, 4.116400E-01, 2.811362E+00,NULL,NULL,1,mc_qqps,35
-21023,6,20227,160417,94C2, 9.125000E+01,35,22,57,35,22,-3.938952E+00,-5.376432E+00, 1.239577E+01, 5.860240E+01, 5.798077E+01, 1.656593E+00,-2.326724E+00,-3.459383E+00, 4.784267E+00, 9.867034E+01, 4.397602E+01, 3.745860E+01, 2.609375E+00,2, 0.000000E+00,23, 5.971230E+00,0, 0.000000E+00,NULL,NULL,NULL,NULL,NULL,NULL,1,mc_qqps,35
-21023,7,20227,160434,94C2, 9.125000E+01,21,12,33,21,12, 5.302117E+00, 7.993777E-01,-2.784087E+00, 5.246679E+01, 5.201436E+01, 2.476874E+00, 5.076995E+00,-1.577274E+00,-2.234893E+00, 8.009727E+01, 4.388246E+01, 9.769399E+00, 1.480689E+01,14, 1.329198E+01,0, 0.000000E+00,0, 0.000000E+00,7, 1.092663E+01, 6.416255E-01, 3.596322E+00,NULL,NULL,1,mc_qqps,35
-21023,8,20227,160445,94C2, 9.125000E+01,23,12,35,23,12,-1.734355E+01, 2.254221E+01,-1.281450E+01, 5.827105E+01, 5.794589E+01, 2.519387E+00,-1.395147E+01, 1.871112E+01,-9.389519E+00, 8.561187E+01, 5.725130E+01, 1.122258E+01, 1.464244E+01,13, 2.980865E+00,0, 0.000000E+00,0, 0.000000E+00,9, 1.272612E+01, 5.375599E-01, 3.468159E+00,NULL,NULL,1,mc_qqps,35
-21023,9,20227,160456,94C2, 9.125000E+01,34,16,50,34,16, 5.411447E-01,-3.921133E+00, 7.277518E+00, 6.247430E+01, 6.192285E+01, 1.821260E+00,-1.422336E+01, 1.930613E+01,-1.164986E+01, 1.088256E+02, 5.645939E+01, 2.077049E+01, 2.599682E+01,14, 6.958202E-02,1, 0.000000E+00,0, 0.000000E+00,8, 1.391813E+01, 7.211254E-01, 5.274513E+00,NULL,NULL,1,mc_qqps,35
-21023,10,20227,160512,94C2, 9.125000E+01,29,25,54,29,25,-9.456756E+00,-4.290183E+00,-2.369895E+00, 4.597965E+01, 4.538362E+01, 1.564952E+00, 4.445021E+00, 2.026612E+00, 1.117400E+00, 8.935069E+01, 4.208025E+01, 4.017431E+01, 0.000000E+00,30, 3.312913E+00,0, 0.000000E+00,0, 0.000000E+00,24, 4.262608E+01, 3.091314E-01, 1.596884E+01,NULL,NULL,1,mc_qqps,35
-21023,11,20227,160526,94C2, 9.125000E+01,22,10,32,22,10,-1.415751E+00, 3.551862E+00,-1.740734E+00, 7.494424E+01, 7.470257E+01, 3.395571E+00, 2.767447E+00, 3.356109E+00,-4.191814E-01, 1.081025E+02, 5.688066E+01, 1.892587E+01, 1.423326E+01,9, 4.170590E+00,0, 0.000000E+00,0, 0.000000E+00,7, 1.759521E+01, 6.674975E-01, 1.081077E+01,NULL,NULL,1,mc_qqps,35
-21023,12,20227,160540,94C2, 9.125000E+01,19,14,33,19,14,-5.768092E+00,-1.277854E+01, 7.712944E+00, 5.690775E+01, 5.668028E+01, 2.983173E+00,-2.255266E+00, 3.346675E+00,-2.636811E+00, 9.441454E+01, 5.684207E+01, 2.863451E+01, 7.795002E+00,12, 1.970335E+00,1, 0.000000E+00,0, 0.000000E+00,9, 2.921133E+01, 4.253215E-01, 1.511696E+01,NULL,NULL,1,mc_qqps,35
-21023,13,20227,160550,94C2, 9.125000E+01,42,15,57,42,15,-2.530229E-01, 2.669555E+00, 6.839012E-01, 4.878730E+01, 4.741071E+01, 1.128826E+00,-9.280832E-01,-2.580395E-01, 2.386942E+00, 6.717924E+01, 4.253110E+01, 1.595528E+01, 1.626261E+00,18, 1.388170E+01,0, 0.000000E+00,0, 0.000000E+00,10, 1.225319E+01, 6.652399E-01, 2.475146E+00,NULL,NULL,1,mc_qqps,35
-21023,14,20227,160604,94C2, 9.125000E+01,16,12,28,16,12,-8.627128E+00, 1.523430E+01, 7.474101E+00, 5.754069E+01, 5.736369E+01, 3.585230E+00, 2.051325E+00,-2.265709E+00,-2.620697E+00, 8.285744E+01, 5.387165E+01, 2.478675E+01, 5.300061E-01,12, 1.051474E+00,0, 0.000000E+00,0, 0.000000E+00,10, 2.388746E+01, 3.637199E-01, 6.238603E+00,NULL,NULL,1,mc_qqps,35
-21023,15,20227,160614,94C2, 9.125000E+01,45,18,63,45,18,-1.388550E+01, 5.534500E+00, 5.279499E+00, 5.915863E+01, 5.831525E+01, 1.295895E+00,-3.010782E+00, 8.836347E-01, 1.408606E+00, 9.229880E+01, 4.931246E+01, 2.927450E+01, 0.000000E+00,28, 1.803011E+01,1, 0.000000E+00,0, 0.000000E+00,16, 3.195523E+01, 3.004025E-01, 1.186940E+01,NULL,NULL,1,mc_qqps,35
-21023,16,20227,160630,94C2, 9.125000E+01,44,17,61,44,17, 5.229769E-01, 3.361392E+00,-3.300175E+00, 5.491861E+01, 5.375848E+01, 1.221784E+00,-3.330061E-01, 7.034453E+00,-5.627137E+00, 8.254938E+01, 4.944761E+01, 1.907247E+01, 5.107596E+00,18, 4.454890E+00,0, 0.000000E+00,0, 0.000000E+00,13, 2.074698E+01, 6.252266E-01, 4.363592E+00,NULL,NULL,1,mc_qqps,35
-21023,17,20227,160646,94C2, 9.125000E+01,29,13,42,29,13, 2.679825E-03, 6.422454E+00,-1.675927E+00, 5.616465E+01, 5.559881E+01, 1.917200E+00, 1.060076E+00,-4.821519E+00,-7.120676E-02, 9.029688E+01, 4.970904E+01, 8.637538E+00, 2.554613E+01,16, 1.870767E+00,0, 0.000000E+00,0, 0.000000E+00,8, 8.140107E+00, 5.713409E-01, 2.339861E+00,NULL,NULL,1,mc_qqps,35
-21023,18,20227,160659,94C2, 9.125000E+01,37,10,47,37,10,-6.059410E+00, 7.537739E+00,-1.214381E+00, 5.297102E+01, 5.165989E+01, 1.396213E+00,-1.782317E+01, 1.918513E+01,-1.478225E+00, 7.176270E+01, 3.722005E+01, 8.463923E+00, 9.883696E+00,10, 5.316524E+00,0, 0.000000E+00,0, 0.000000E+00,5, 5.768209E+00, 4.440750E-01, 1.742817E+00,NULL,NULL,1,mc_qqps,35
-21023,19,20227,160711,94C2, 9.125000E+01,16,8,24,16,8,-1.325500E-01,-3.046105E+00,-4.896234E+00, 5.103320E+01, 5.081560E+01, 3.175975E+00, 9.971406E-01, 1.981734E+00, 6.780925E-01, 6.311143E+01, 5.006192E+01, 6.158504E+00, 5.943138E+00,3, 0.000000E+00,1, 0.000000E+00,0, 0.000000E+00,3, 3.764996E+00, 5.318878E-01, 1.684209E+00,NULL,NULL,1,mc_qqps,35
-21023,20,20227,160725,94C2, 9.125000E+01,27,8,35,27,8, 1.020898E+01, 8.102049E-01, 3.384062E+00, 8.947777E+01, 8.903302E+01, 3.297519E+00, 1.265534E+01, 4.372543E-02, 3.708723E+00, 1.052812E+02, 6.832619E+01, 1.458249E+01, 1.319755E+00,12, 9.644838E+00,0, 0.000000E+00,0, 0.000000E+00,6, 1.409443E+01, 9.366744E-01, 6.011448E+00,NULL,NULL,1,mc_qqps,35
-21023,21,20227,160739,94C2, 9.125000E+01,35,12,47,35,12,-1.008442E+01, 3.154642E+00,-1.971438E+01, 6.462386E+01, 6.396414E+01, 1.827547E+00,-4.991339E+00, 2.352953E-02,-9.907629E+00, 8.075007E+01, 5.082617E+01, 1.466788E+01, 7.598114E-01,10, 1.712947E+00,9, 4.063064E-01,0, 0.000000E+00,8, 1.216779E+01, 6.985155E-01, 4.329435E+00,NULL,NULL,1,mc_qqps,35
-21023,22,20227,160756,94C2, 9.125000E+01,37,12,49,37,12, 1.027681E+00, 4.170347E+00, 5.060818E-01, 7.979455E+01, 7.899156E+01, 2.134907E+00,-5.488634E+00, 5.275638E+00, 7.224824E+00, 9.536146E+01, 6.750868E+01, 1.052388E+01, 2.568614E+00,13, 4.545857E+00,0, 0.000000E+00,0, 0.000000E+00,9, 1.299829E+01, 5.137767E-01, 2.474411E+00,NULL,NULL,1,mc_qqps,35
-21023,23,20227,160809,94C2, 9.125000E+01,51,15,66,51,15, 9.387593E-01, 3.049402E+00,-8.889923E+00, 6.797495E+01, 6.577788E+01, 1.289762E+00, 4.393622E-01, 2.923528E+00,-7.826367E+00, 7.732854E+01, 5.872462E+01, 8.404967E+00, 3.601062E-01,12, 0.000000E+00,2, 0.000000E+00,0, 0.000000E+00,7, 4.228650E+00, 3.812496E-01, 9.745874E-01,2, 0.000000E+00,1,mc_qqps,35
-21023,24,20227,160830,94C2, 9.125000E+01,21,16,37,21,16, 5.072212E+00, 3.469751E+00, 2.138548E+01, 3.280000E+01, 3.252250E+01, 1.548690E+00, 7.278481E+00, 4.687655E+00, 3.022041E+01, 5.564756E+01, 5.131838E+00, 2.192234E+01, 3.619468E-01,2, 0.000000E+00,15, 7.203266E+00,0, 0.000000E+00,2, 3.943134E+00, 5.632761E-01, 3.379858E+00,4, 0.000000E+00,0,mc_qqps,35
-21023,25,20227,160845,94C2, 9.125000E+01,23,9,32,23,9, 6.605791E-01,-1.069432E+01, 8.075731E+00, 5.089964E+01, 5.043293E+01, 2.192736E+00, 2.814839E+00,-4.491551E+00, 3.999640E+00, 6.085752E+01, 4.896135E+01, 9.278394E+00, 0.000000E+00,13, 2.382092E+00,0, 0.000000E+00,0, 0.000000E+00,8, 9.448091E+00, 3.499943E-01, 2.602249E+00,NULL,NULL,1,mc_qqps,35
-21023,26,20227,160855,94C2, 9.125000E+01,23,5,28,23,5, 5.725762E+00,-1.054650E+01, 4.856382E+00, 7.391190E+01, 7.331544E+01, 3.187628E+00, 5.311498E+00,-1.146051E+01, 5.227975E+00, 7.835310E+01, 6.818346E+01, 1.415826E+00, 1.806284E+00,12, 2.412440E+01,0, 0.000000E+00,0, 0.000000E+00,3, 2.634928E+00, 1.899260E-01, 1.415826E+00,NULL,NULL,1,mc_qqps,35
-21023,27,20227,160907,94C2, 9.125000E+01,41,17,58,41,17,-4.413520E-01,-2.581862E+00, 9.733230E+00, 4.992875E+01, 4.901937E+01, 1.195594E+00,-2.320085E+00,-2.939124E+00, 6.493464E+00, 7.927723E+01, 9.730044E+00, 2.323852E+01, 6.112101E+00,4, 1.076615E+00,17, 3.081560E+00,0, 0.000000E+00,1, 5.954913E-01, 5.954913E-01, 5.954913E-01,1, 0.000000E+00,0,mc_qqps,35
-21023,28,20227,160927,94C2, 9.125000E+01,29,11,40,29,11, 2.791626E+00, 1.389431E+00, 7.873068E-01, 6.859476E+01, 6.804662E+01, 2.346435E+00,-3.618634E+00, 3.496482E-01,-5.169369E-01, 8.938555E+01, 6.653080E+01, 1.085268E+01, 9.050013E+00,18, 8.114870E+00,0, 0.000000E+00,0, 0.000000E+00,8, 1.123517E+01, 4.111983E-01, 3.208992E+00,NULL,NULL,1,mc_qqps,35
-21023,29,20227,160938,94C2, 9.125000E+01,18,7,25,18,7, 7.812259E+00,-6.057045E+00,-1.663906E+01, 6.365125E+01, 6.341746E+01, 3.523192E+00, 1.823498E+00,-9.188600E-01,-3.440525E+00, 8.384182E+01, 5.290661E+01, 3.655214E+00, 1.653537E+01,0, 0.000000E+00,8, 5.773259E+00,0, 0.000000E+00,NULL,NULL,NULL,NULL,NULL,NULL,1,mc_qqps,35
-21023,30,20227,160951,94C2, 9.125000E+01,41,18,59,41,18, 1.192790E+01, 8.322507E+00,-9.631280E-01, 7.119170E+01, 6.959843E+01, 1.697523E+00, 9.015881E+00, 6.759220E+00,-3.991888E-01, 9.445287E+01, 4.566053E+01, 1.168952E+01, 1.985503E+00,18, 1.099158E+00,0, 0.000000E+00,0, 0.000000E+00,15, 2.058391E+01, 5.428295E-01, 4.478422E+00,1, 0.000000E+00,1,mc_qqps,35
-21023,31,20227,161013,94C2, 9.125000E+01,31,22,53,31,22, 5.591835E-02, 2.811402E-01,-6.869038E-01, 4.567628E+01, 4.519179E+01, 1.457800E+00, 2.905269E+00,-5.205842E+00, 1.213515E+00, 9.369646E+01, 4.192473E+01, 4.802021E+01, 0.000000E+00,26, 4.460396E+00,0, 0.000000E+00,0, 0.000000E+00,20, 4.501953E+01, 3.849550E-01, 7.002495E+00,NULL,NULL,1,mc_qqps,35
-21023,32,20227,161029,94C2, 9.125000E+01,25,15,40,25,15, 3.899302E+00,-4.816046E+00, 1.468224E+00, 6.595229E+01, 6.554469E+01, 2.621788E+00, 8.223881E+00,-8.885305E+00, 4.154974E+00, 9.958117E+01, 4.740494E+01, 2.745896E+01, 0.000000E+00,16, 3.447437E+00,0, 0.000000E+00,0, 0.000000E+00,14, 3.290995E+01, 5.706701E-01, 9.166709E+00,NULL,NULL,1,mc_qqps,35
-21023,33,20227,161042,94C2, 9.125000E+01,41,29,70,41,29,-1.643276E+00, 4.370655E+00,-6.223254E+00, 6.082346E+01, 6.003270E+01, 1.464212E+00,-1.046391E+01, 5.843134E+00,-1.270374E+01, 1.153859E+02, 5.773031E+01, 3.298277E+01, 2.160119E+01,18, 3.094760E-01,5, 6.022708E-01,0, 0.000000E+00,13, 1.500450E+01, 4.172921E-01, 2.421721E+00,1, 0.000000E+00,1,mc_qqps,35
-21023,34,20227,161100,94C2, 9.125000E+01,45,17,62,45,17,-6.300865E+00, 1.206546E+01,-1.482419E+01, 7.814857E+01, 7.689719E+01, 1.708826E+00,-9.144573E+00, 1.002962E+01,-2.030168E+01, 9.384735E+01, 5.133859E+01, 1.311307E+01, 2.902110E+00,5, 0.000000E+00,11, 0.000000E+00,0, 0.000000E+00,3, 3.101038E+00, 6.691519E-01, 1.416257E+00,NULL,NULL,1,mc_qqps,35
-21023,35,20227,161117,94C2, 9.125000E+01,23,10,33,23,10,-7.833642E+00,-3.679686E+00, 4.968213E+00, 8.393316E+01, 8.358609E+01, 3.634178E+00,-1.656467E+01,-6.042321E+00, 2.445698E+01, 1.106363E+02, 5.784022E+01, 2.638363E+01, 3.195151E-01,0, 0.000000E+00,15, 1.290662E+01,0, 0.000000E+00,NULL,NULL,NULL,NULL,1, 0.000000E+00,1,mc_qqps,35
-21023,36,20227,161126,94C2, 9.125000E+01,19,9,28,19,9,-2.130162E+01,-1.032345E+01, 6.055246E+00, 5.415611E+01, 5.378253E+01, 2.830660E+00,-2.117200E+01,-9.380351E+00, 4.800537E+00, 7.856911E+01, 5.140387E+01, 2.160647E+01, 1.753946E+00,10, 9.797287E-01,1, 0.000000E+00,0, 0.000000E+00,7, 1.577000E+01, 4.763484E-01, 8.387863E+00,NULL,NULL,1,mc_qqps,35
-21023,37,20227,161138,94C2, 9.125000E+01,24,15,39,24,15,-9.029159E-01, 5.738802E+00,-1.312751E+00, 6.084274E+01, 6.036980E+01, 2.515408E+00,-4.171871E-01,-2.663188E+00, 4.186100E+00, 8.868842E+01, 5.922818E+01, 2.667171E+01, 3.773866E-01,17, 4.102402E+00,1, 0.000000E+00,0, 0.000000E+00,12, 2.588949E+01, 6.637680E-01, 7.388722E+00,1, 0.000000E+00,1,mc_qqps,35
-21023,38,20227,161152,94C2, 9.125000E+01,30,28,58,30,28,-1.055324E+00,-3.083685E+00,-1.870740E+01, 3.599640E+01, 3.546351E+01, 1.182117E+00,-3.620894E+00,-5.697187E+00,-7.711068E+00, 8.923406E+01, 3.174633E+01, 3.497400E+01, 1.038564E+01,16, 4.824483E+00,4, 0.000000E+00,0, 0.000000E+00,14, 1.814672E+01, 3.831901E-01, 4.007464E+00,6, 0.000000E+00,1,mc_qqps,35
-21023,39,20227,161215,94C2, 9.125000E+01,16,8,24,16,8,-6.601185E+00, 6.887206E+00, 1.007211E+01, 2.388305E+01, 2.356768E+01, 1.472980E+00,-6.255912E+00, 5.187901E+00, 8.743406E+00, 3.435681E+01, 2.409102E+01, 9.620315E+00, 0.000000E+00,3, 0.000000E+00,5, 0.000000E+00,0, 0.000000E+00,2, 4.739821E+00, 8.534508E-01, 3.886371E+00,NULL,NULL,1,mc_qqps,35
-21023,40,20227,161239,94C2, 9.125000E+01,40,19,59,40,19, 2.277428E+00,-9.786558E+00, 1.011790E-01, 6.117607E+01, 6.048020E+01, 1.512005E+00,-2.541248E-01, 9.131258E-01,-3.247011E-02, 9.077252E+01, 5.496072E+01, 1.321790E+01, 1.069459E+01,23, 6.686617E+00,1, 0.000000E+00,0, 0.000000E+00,13, 1.593112E+01, 4.249677E-01, 3.764868E+00,NULL,NULL,1,mc_qqps,35
-21023,41,20227,161257,94C2, 9.125000E+01,17,14,31,17,14, 6.855152E+00,-1.949909E+01, 1.458967E+01, 3.437345E+01, 3.399195E+01, 1.999526E+00, 1.030945E+00,-1.189210E-01,-2.096082E-01, 8.470564E+01, 2.426464E+01, 2.621615E+01, 2.189537E+01,16, 4.789411E+00,0, 0.000000E+00,0, 0.000000E+00,12, 2.843681E+01, 3.465482E-01, 6.121361E+00,NULL,NULL,1,mc_qqps,35
-21023,42,20227,161310,94C2, 9.125000E+01,31,15,46,31,15, 1.291057E+01,-4.483717E+00,-2.995409E+00, 7.138454E+01, 7.103104E+01, 2.291324E+00, 1.254125E+01,-6.371652E+00,-3.186383E+00, 9.756244E+01, 6.878764E+01, 1.038683E+01, 1.086058E+01,15, 1.610848E-01,0, 0.000000E+00,0, 0.000000E+00,10, 1.535067E+01, 4.307544E-01, 4.668434E+00,NULL,NULL,1,mc_qqps,35
-21023,43,20227,161325,94C2, 9.125000E+01,31,13,44,31,13,-1.803961E+01, 6.098375E+00, 7.318154E+00, 3.877995E+01, 3.816974E+01, 1.231282E+00,-1.575447E+01, 4.242571E+00, 6.320610E+00, 7.311835E+01, 2.968681E+01, 2.296065E+01, 1.079077E+01,10, 0.000000E+00,0, 0.000000E+00,0, 0.000000E+00,8, 2.285654E+01, 5.683417E-01, 8.724426E+00,NULL,NULL,1,mc_qqps,35
-21023,44,20227,161335,94C2, 9.125000E+01,24,11,35,24,11, 1.511283E+00, 5.349932E+00,-3.917274E+00, 2.473565E+01, 2.429931E+01, 1.012471E+00,-2.677374E-01, 4.666298E+00,-9.329135E-01, 5.781359E+01, 1.420933E+01, 3.110408E+01, 8.418221E-01,4, 0.000000E+00,5, 7.723080E-01,0, 0.000000E+00,3, 2.589999E+00, 5.487515E-01, 1.132046E+00,3, 0.000000E+00,1,mc_qqps,35
-21023,45,20227,161411,94C2, 9.125000E+01,33,19,52,33,19,-3.029934E+00, 6.258752E-01,-4.069076E+00, 7.132803E+01, 7.070560E+01, 2.142594E+00,-1.218881E+01,-4.044656E+00,-1.475187E+01, 1.131465E+02, 6.127456E+01, 2.172277E+01, 1.176120E+01,13, 0.000000E+00,2, 0.000000E+00,0, 0.000000E+00,10, 1.920067E+01, 3.848276E-01, 5.049585E+00,NULL,NULL,1,mc_qqps,35
-21023,46,20227,161433,94C2, 9.125000E+01,14,12,26,14,12, 3.225800E+00, 3.724765E+00, 1.503159E+01, 5.689986E+01, 5.672874E+01, 4.052052E+00, 4.841622E+00, 3.405515E+00, 3.777878E+00, 7.601595E+01, 1.503168E+01, 1.826719E+01, 8.488958E-01,1, 0.000000E+00,11, 5.601528E+00,0, 0.000000E+00,NULL,NULL,NULL,NULL,5, 0.000000E+00,1,mc_qqps,35
-21023,47,20227,161451,94C2, 9.125000E+01,24,14,38,24,14, 4.261915E+00,-1.119816E+00,-6.867034E+00, 5.090847E+01, 5.047533E+01, 2.103139E+00, 6.397443E+00,-4.233404E+00,-7.972144E+00, 8.021801E+01, 4.940733E+01, 2.826523E+01, 3.085185E-01,12, 4.252597E+00,5, 0.000000E+00,0, 0.000000E+00,8, 2.496326E+01, 5.346603E-01, 1.384999E+01,NULL,NULL,1,mc_qqps,35
-21023,48,20227,161507,94C2, 9.125000E+01,31,12,43,31,12,-3.243531E+00,-5.445742E+00,-4.425976E+00, 6.574378E+01, 6.491438E+01, 2.094012E+00,-1.839950E+00,-5.070235E+00,-6.652144E+00, 9.517458E+01, 5.773797E+01, 1.857494E+01, 3.564327E+00,13, 1.253322E+01,0, 0.000000E+00,0, 0.000000E+00,8, 1.732146E+01, 5.545524E-01, 7.291535E+00,NULL,NULL,1,mc_qqps,35
-21023,49,20227,161523,94C2, 9.125000E+01,16,12,28,16,12, 5.295403E+00, 1.990177E+01,-8.615478E+00, 4.296326E+01, 4.273249E+01, 2.670781E+00,-7.633579E-01,-2.650855E+00, 1.479448E+00, 8.198346E+01, 4.066277E+01, 1.327608E+01, 2.005844E+01,11, 1.826083E+00,1, 0.000000E+00,0, 0.000000E+00,7, 1.797526E+01, 4.204993E-01, 9.885677E+00,NULL,NULL,1,mc_qqps,35
-21023,50,20227,161536,94C2, 9.125000E+01,64,14,78,64,14,-2.030110E+01, 4.572541E+00,-8.502591E+00, 7.515939E+01, 7.356531E+01, 1.149458E+00,-1.638900E+01, 1.796027E+00,-8.618429E+00, 1.130199E+02, 4.724464E+01, 1.591306E+01, 1.655042E+01,12, 2.289493E+00,1, 0.000000E+00,0, 0.000000E+00,8, 2.043196E+01, 5.888550E-01, 6.979795E+00,NULL,NULL,1,mc_qqps,35
-21023,51,20227,161555,94C2, 9.125000E+01,13,9,22,13,9,-1.790106E-01, 7.097250E-01,-1.308057E+00, 4.607686E+01, 4.594983E+01, 3.534602E+00,-1.216831E-01,-4.903712E-01,-3.625860E+00, 6.628990E+01, 4.579591E+01, 7.084474E+00, 7.837787E+00,10, 6.663735E+00,0, 0.000000E+00,0, 0.000000E+00,7, 1.204189E+01, 5.556943E-01, 2.862536E+00,NULL,NULL,1,mc_qqps,35
-21023,52,20227,161604,94C2, 9.125000E+01,26,8,34,26,8, 2.414928E+00,-1.491469E-01, 2.549070E-01, 7.685220E+01, 7.657901E+01, 2.945347E+00, 1.267845E-01, 1.904779E+00,-4.217212E+00, 9.150874E+01, 7.245586E+01, 7.928387E+00, 4.631446E+00,11, 5.959508E-01,2, 0.000000E+00,0, 0.000000E+00,5, 9.848421E+00, 6.113043E-01, 4.896940E+00,NULL,NULL,1,mc_qqps,35
-21023,53,20227,161619,94C2, 9.125000E+01,38,12,50,38,12,-1.112276E+01, 2.203174E-01, 4.448853E+00, 5.676520E+01, 5.604213E+01, 1.474793E+00,-1.099908E+01, 2.100202E+00, 3.422242E+00, 7.064290E+01, 4.972799E+01, 8.714942E+00, 4.747173E+00,14, 1.899436E+00,0, 0.000000E+00,0, 0.000000E+00,9, 9.130524E+00, 4.155818E-01, 3.133621E+00,NULL,NULL,1,mc_qqps,35
-21023,54,20227,161637,94C2, 9.125000E+01,34,25,59,34,25,-1.576939E+01,-8.452846E-01,-1.651350E+00, 5.397429E+01, 5.354414E+01, 1.574828E+00,-1.220686E+01, 7.757496E-01,-2.216641E+00, 9.323529E+01, 4.451586E+01, 2.839160E+01, 1.793388E-01,28, 2.036917E+00,2, 0.000000E+00,0, 0.000000E+00,21, 3.622058E+01, 4.113414E-01, 9.059688E+00,NULL,NULL,1,mc_qqps,35
-21023,55,20227,161655,94C2, 9.125000E+01,26,18,44,26,18, 2.646898E+00, 1.659146E-02,-1.190011E+00, 3.559124E+01, 3.508567E+01, 1.349449E+00,-8.686163E+00,-6.345048E+00, 4.495134E+00, 7.219512E+01, 3.114388E+01, 2.408958E+01, 6.775879E+00,19, 1.150338E+00,0, 0.000000E+00,0, 0.000000E+00,15, 2.883136E+01, 4.537593E-01, 8.002775E+00,NULL,NULL,1,mc_qqps,35
-21023,56,20227,161708,94C2, 9.125000E+01,29,6,35,29,6,-1.147991E+00,-7.965368E+00, 4.742395E+00, 9.805210E+01, 9.768817E+01, 3.368558E+00, 4.406865E+00,-1.955607E+01, 6.346462E+00, 1.119376E+02, 6.555949E+01, 1.309519E+01, 0.000000E+00,13, 1.622382E+00,0, 0.000000E+00,0, 0.000000E+00,6, 1.388548E+01, 5.676510E-01, 6.029694E+00,NULL,NULL,1,mc_qqps,35
-21023,57,20227,161721,94C2, 9.125000E+01,18,9,27,18,9, 6.549353E+00,-3.940168E+00, 5.125777E+00, 3.813647E+01, 3.768959E+01, 2.093866E+00, 1.321635E+00, 1.143198E+00,-1.619534E-01, 8.177042E+01, 3.478538E+01, 2.802828E+01, 1.560566E+01,8, 2.818390E+00,1, 0.000000E+00,0, 0.000000E+00,3, 2.428969E+01, 1.118638E+00, 2.103483E+01,NULL,NULL,1,mc_qqps,35
-21023,58,20227,161738,94C2, 9.125000E+01,25,17,42,25,17, 1.952075E+00,-3.626169E-01,-5.638884E+00, 2.379560E+01, 2.297024E+01, 9.188096E-01,-3.221989E+00,-1.242306E+00, 1.502970E+01, 6.847018E+01, 2.466619E+00, 4.337865E+01, 1.295921E+00,1, 0.000000E+00,12, 1.518430E+00,0, 0.000000E+00,1, 5.790469E-01, 5.790469E-01, 5.790469E-01,3, 0.000000E+00,0,mc_qqps,35
-21023,59,20227,161748,94C2, 9.125000E+01,31,10,41,31,10,-1.014831E+00,-4.284812E+00, 2.067631E-01, 8.248506E+01, 8.215685E+01, 2.650221E+00,-2.643165E+00, 1.762776E+01, 8.214958E+00, 1.127045E+02, 8.156104E+01, 8.128600E+00, 2.211736E+01,15, 4.793079E+00,0, 0.000000E+00,0, 0.000000E+00,6, 5.847407E+00, 6.933714E-01, 1.468120E+00,NULL,NULL,1,mc_qqps,35
-21023,60,20227,161802,94C2, 9.125000E+01,36,12,48,36,12,-1.124018E-01, 8.714287E+00, 6.383989E+00, 6.231612E+01, 6.146992E+01, 1.707498E+00, 3.232798E-01, 2.419271E+00, 1.618769E+00, 9.103358E+01, 5.628505E+01, 2.172829E+01, 6.168584E+00,13, 4.823360E-01,0, 0.000000E+00,0, 0.000000E+00,9, 1.791287E+01, 2.475914E-01, 8.894868E+00,NULL,NULL,1,mc_qqps,35
-21023,61,20227,161818,94C2, 9.125000E+01,29,14,43,29,14,-3.890427E+00, 3.500146E+00,-1.286557E+01, 6.269285E+01, 6.205708E+01, 2.139899E+00, 2.869565E+00,-2.527709E+00, 3.092231E+00, 9.765810E+01, 4.988935E+01, 1.949867E+01, 1.552643E+01,2, 0.000000E+00,13, 8.082529E+00,0, 0.000000E+00,1, 7.869543E-01, 7.869543E-01, 7.869543E-01,NULL,NULL,1,mc_qqps,35
-21023,62,20227,161834,94C2, 9.125000E+01,19,14,33,19,14,-2.668836E+00,-7.405881E+00, 1.122155E+01, 9.005484E+01, 8.985088E+01, 4.728993E+00,-4.546948E+00,-6.807763E+00, 1.490036E+01, 1.037898E+02, 7.686419E+01, 1.305664E+01, 0.000000E+00,4, 0.000000E+00,13, 2.487177E+01,0, 0.000000E+00,4, 2.803144E+00, 6.275622E-01, 8.644518E-01,NULL,NULL,1,mc_qqps,35
-21023,63,20227,161846,94C2, 9.125000E+01,28,11,39,28,11,-7.991940E-01,-7.800869E-02,-1.026255E+00, 7.384154E+01, 7.337968E+01, 2.620703E+00,-2.177316E+01, 7.354810E+00, 1.562906E+01, 1.160913E+02, 7.093985E+01, 1.830487E+01, 2.245516E+00,13, 1.230631E+01,0, 0.000000E+00,0, 0.000000E+00,7, 2.992864E+01, 6.566458E-01, 2.104272E+01,NULL,NULL,1,mc_qqps,35
-21023,64,20227,161858,94C2, 9.125000E+01,36,25,61,36,25, 6.190401E+00, 2.935356E+00, 2.296110E+00, 5.927688E+01, 5.882555E+01, 1.634043E+00, 1.131628E+01, 5.811777E+00, 3.656847E+00, 8.944049E+01, 4.529168E+01, 1.546026E+01, 2.849037E+00,25, 5.169029E+00,0, 0.000000E+00,0, 0.000000E+00,19, 2.472492E+01, 3.604732E-01, 4.746301E+00,NULL,NULL,1,mc_qqps,35
-21023,65,20227,161915,94C2, 9.125000E+01,23,14,37,23,14,-8.698170E-01,-1.695277E+00,-2.306135E+00, 4.352444E+01, 4.326474E+01, 1.881076E+00, 2.438819E+00, 1.313636E+00,-5.905546E+00, 7.017050E+01, 4.138106E+01, 2.579778E+01, 7.390486E-02,12, 3.506016E+00,3, 0.000000E+00,0, 0.000000E+00,8, 1.842406E+01, 7.069398E-01, 7.408517E+00,NULL,NULL,1,mc_qqps,35
-21023,66,20227,161933,94C2, 9.125000E+01,44,13,57,44,13,-5.241609E-01, 2.725166E+00, 1.392203E+01, 5.579609E+01, 5.462527E+01, 1.241483E+00,-3.637455E+00, 8.236076E+00, 4.279879E+00, 7.753512E+01, 4.697667E+01, 1.288550E+01, 3.895516E+00,10, 1.177268E+00,5, 0.000000E+00,0, 0.000000E+00,5, 6.675101E+00, 6.448557E-01, 3.228894E+00,1, 0.000000E+00,1,mc_qqps,35
-21023,67,20227,161959,94C2, 9.125000E+01,19,6,25,19,6,-2.647590E+00,-2.118467E+00,-1.326395E+00, 7.367065E+01, 7.344553E+01, 3.865554E+00, 9.887375E-01,-5.971379E-01,-2.186963E-01, 8.291367E+01, 7.028780E+01, 7.725020E+00, 0.000000E+00,14, 1.034054E+01,0, 0.000000E+00,0, 0.000000E+00,6, 9.243024E+00, 5.913257E-01, 3.255731E+00,NULL,NULL,1,mc_qqps,35
-21023,68,20227,162011,94C2, 9.125000E+01,25,9,34,25,9,-8.689432E+00, 1.039974E+01, 1.386935E+01, 6.364393E+01, 6.331778E+01, 2.532711E+00, 4.716420E+00,-4.116055E+00,-4.775984E+00, 9.884966E+01, 5.939523E+01, 1.990856E+01, 1.545214E+01,6, 7.255381E+00,1, 0.000000E+00,0, 0.000000E+00,3, 1.709153E+01, 1.581415E+00, 1.218468E+01,NULL,NULL,1,mc_qqps,35
-21023,69,20227,162030,94C2, 9.125000E+01,36,18,54,36,18,-1.869797E+01,-7.712266E+00, 3.715898E+00, 7.311870E+01, 7.244991E+01, 2.012498E+00, 6.029911E+00, 2.480276E+00,-1.752908E+00, 1.102409E+02, 5.379371E+01, 3.559091E+01, 7.787632E-01,23, 1.147575E+01,0, 0.000000E+00,0, 0.000000E+00,14, 3.022360E+01, 4.409141E-01, 6.205521E+00,NULL,NULL,1,mc_qqps,35
-21023,70,20227,162045,94C2, 9.125000E+01,43,10,53,43,10, 2.579845E+01, 9.859571E+00, 1.032428E-01, 9.042501E+01, 8.943814E+01, 2.079957E+00, 2.888193E+01, 1.271521E+01,-1.545960E+00, 1.005084E+02, 5.829525E+01, 6.462531E+00, 3.107445E+00,15, 5.366202E+00,0, 0.000000E+00,0, 0.000000E+00,7, 5.921167E+00, 4.470184E-01, 1.614545E+00,NULL,NULL,1,mc_qqps,35
-21023,71,20227,162105,94C2, 9.125000E+01,27,11,38,27,11,-1.455238E+00, 5.346502E+00,-9.777122E+00, 3.151320E+01, 3.085654E+01, 1.142835E+00,-8.839893E-02, 5.381456E+00,-1.424857E+01, 4.930700E+01, 1.690583E+01, 1.232996E+01, 5.463827E+00,1, 0.000000E+00,8, 8.400811E-01,0, 0.000000E+00,1, 1.847904E+00, 1.847904E+00, 1.847904E+00,2, 0.000000E+00,1,mc_qqps,35
-21023,72,20227,162121,94C2, 9.125000E+01,33,21,54,33,21,-1.017045E+00,-8.437557E-01, 9.870486E-01, 3.499366E+01, 3.405677E+01, 1.032023E+00,-1.968735E+00, 1.176233E+00, 5.564649E+00, 6.983962E+01, 1.695676E+01, 2.377505E+01, 1.004460E+01,1, 0.000000E+00,10, 1.768472E+00,0, 0.000000E+00,1, 1.026312E+00, 1.026312E+00, 1.026312E+00,6, 0.000000E+00,1,mc_qqps,35
-21023,73,20227,162159,94C2, 9.125000E+01,26,11,37,26,11,-2.523814E+00, 1.092515E+00,-5.653999E+00, 6.435155E+01, 6.403786E+01, 2.462995E+00, 1.450245E-01, 5.759935E-01,-6.042511E+00, 7.825444E+01, 6.143240E+01, 1.146494E+01, 1.079626E+00,13, 3.377226E+00,1, 0.000000E+00,0, 0.000000E+00,8, 1.110883E+01, 4.370450E-01, 3.522112E+00,NULL,NULL,1,mc_qqps,35
-21023,74,20227,162212,94C2, 9.125000E+01,24,23,47,24,23, 1.907788E+00,-2.396960E+00,-5.721145E+00, 1.354804E+01, 1.248791E+01, 5.203297E-01, 5.272357E-01,-2.259772E+00,-3.996479E+00, 5.882832E+01, 4.653452E-01, 3.356540E+01, 1.134998E+01,1, 0.000000E+00,14, 0.000000E+00,0, 0.000000E+00,1, 3.649234E-01, 3.649234E-01, 3.649234E-01,4, 0.000000E+00,0,mc_qqps,35
-21023,75,20227,162232,94C2, 9.125000E+01,14,9,23,14,9, 1.148472E+01, 3.109940E+00, 4.895978E+00, 6.044868E+01, 6.029315E+01, 4.306653E+00, 6.305969E+00, 3.700924E+00, 2.431526E+00, 7.932685E+01, 5.983323E+01, 1.658700E+01, 2.291173E+00,11, 3.238828E+00,0, 0.000000E+00,0, 0.000000E+00,5, 9.168714E+00, 6.284915E-01, 4.967240E+00,NULL,NULL,1,mc_qqps,35
-21023,76,20227,162243,94C2, 9.125000E+01,24,9,33,24,9,-2.153811E+00,-6.848103E+00,-1.667817E+01, 7.393811E+01, 7.357466E+01, 3.065611E+00, 1.572770E+00, 1.477433E+00,-7.988585E+00, 9.180791E+01, 7.599380E+01, 1.095535E+01, 0.000000E+00,8, 0.000000E+00,4, 7.561153E-01,0, 0.000000E+00,6, 1.484465E+01, 8.405149E-01, 4.732755E+00,NULL,NULL,1,mc_qqps,35
-21023,77,20227,162257,94C2, 9.125000E+01,18,15,33,18,15,-1.010257E+01,-1.951663E+00,-1.747262E+00, 2.572857E+01, 2.536130E+01, 1.408961E+00, 9.689113E+00,-3.460230E-01, 2.383682E+00, 7.447030E+01, 2.412239E+01, 4.389724E+01, 0.000000E+00,18, 4.341671E+00,1, 0.000000E+00,0, 0.000000E+00,13, 4.745465E+01, 4.929623E-01, 2.512378E+01,NULL,NULL,1,mc_qqps,35
-21023,78,20227,162314,94C2, 9.125000E+01,20,12,32,20,12,-3.424948E+00,-2.637685E+00,-6.569753E+00, 4.487328E+01, 4.465039E+01, 2.232520E+00,-9.246559E+00,-7.358237E+00,-1.574564E+01, 6.499100E+01, 4.261195E+01, 1.306759E+01, 6.252624E+00,11, 2.673270E+00,3, 0.000000E+00,0, 0.000000E+00,7, 1.099707E+01, 5.397094E-01, 3.005980E+00,NULL,NULL,1,mc_qqps,35
-21023,79,20227,162327,94C2, 9.125000E+01,24,9,33,24,9,-4.181417E+00,-4.507827E+00,-9.546700E+00, 7.810345E+01, 7.779896E+01, 3.241623E+00,-7.587913E-01,-3.961952E-01, 1.139368E+00, 9.172536E+01, 6.568335E+01, 1.349407E+01, 1.278305E-01,2, 0.000000E+00,10, 2.085783E-01,0, 0.000000E+00,1, 1.769816E+00, 1.769816E+00, 1.769816E+00,NULL,NULL,1,mc_qqps,35
-21023,80,20227,162342,94C2, 9.125000E+01,35,7,42,35,7,-7.002862E+00,-1.040727E+01, 7.983832E+00, 8.259087E+01, 8.196609E+01, 2.341888E+00,-8.449834E+00,-1.019485E+01, 9.924396E+00, 9.614089E+01, 6.816198E+01, 9.107795E+00, 4.445395E+00,8, 2.548311E+00,1, 0.000000E+00,0, 0.000000E+00,2, 3.771386E+00, 1.320266E+00, 2.451120E+00,NULL,NULL,1,mc_qqps,35
-21023,81,20227,162354,94C2, 9.125000E+01,20,6,26,20,6,-5.710049E+00,-8.173940E-01,-1.126722E+01, 7.844753E+01, 7.798416E+01, 3.899208E+00,-6.189626E+00,-1.872554E+00,-9.441670E+00, 8.327911E+01, 7.501299E+01, 4.412681E+00, 0.000000E+00,3, 1.113178E-01,6, 1.438837E+01,0, 0.000000E+00,2, 1.531063E+00, 4.188985E-01, 1.112164E+00,NULL,NULL,1,mc_qqps,35
-21023,82,20227,162407,94C2, 9.125000E+01,49,22,71,49,22,-5.055644E+00,-6.955820E+00,-4.709256E+00, 3.848447E+01, 3.732450E+01, 7.617244E-01,-4.297597E+00, 1.077732E+01,-1.123874E+01, 7.684976E+01, 3.429492E+01, 3.110407E+01, 5.842723E+00,18, 8.693048E-01,3, 0.000000E+00,0, 0.000000E+00,12, 2.711814E+01, 8.098905E-01, 9.863648E+00,NULL,NULL,1,mc_qqps,35
-21023,83,20227,162427,94C2, 9.125000E+01,40,22,62,40,22,-8.279602E+00,-1.808172E+00,-2.503862E+00, 5.854358E+01, 5.745473E+01, 1.436368E+00,-3.137940E+00,-1.433260E+00,-1.165341E+00, 8.943815E+01, 4.370552E+01, 2.347905E+01, 6.576849E+00,20, 1.897256E+00,0, 0.000000E+00,0, 0.000000E+00,16, 2.277635E+01, 6.517690E-01, 2.984874E+00,NULL,NULL,1,mc_qqps,35
-21023,84,20227,162445,94C2, 9.125000E+01,35,21,56,35,21,-1.360594E-01, 2.918407E+00, 6.337686E+00, 4.128229E+01, 4.065122E+01, 1.161463E+00, 1.615783E+00,-3.721891E-01,-2.435710E-01, 6.886415E+01, 2.829161E+01, 2.668265E+01, 8.992115E-01,2, 0.000000E+00,21, 4.423845E+00,0, 0.000000E+00,1, 6.735254E-01, 6.735254E-01, 6.735254E-01,1, 0.000000E+00,1,mc_qqps,35
-21023,85,20227,162505,94C2, 9.125000E+01,35,10,45,35,10, 1.056515E+00, 2.201878E+00, 3.007883E+00, 6.744731E+01, 6.667529E+01, 1.905008E+00, 9.735795E-01, 1.946590E+00, 4.337901E+00, 7.729423E+01, 5.772520E+01, 9.134684E+00, 0.000000E+00,12, 3.844298E-01,4, 0.000000E+00,0, 0.000000E+00,7, 7.475722E+00, 6.767069E-01, 2.072786E+00,1, 0.000000E+00,1,mc_qqps,35
-21023,86,20227,162521,94C2, 9.125000E+01,8,7,15,8,7,-7.060606E-01,-2.957594E+00, 9.881555E+00, 1.154031E+01, 1.140690E+01, 1.425863E+00,-2.114118E+00,-5.961771E-01, 3.064496E+01, 3.291697E+01, 4.083651E+00, 2.099231E+01, 3.843446E-01,0, 0.000000E+00,4, 1.699423E+00,0, 0.000000E+00,NULL,NULL,NULL,NULL,3, 0.000000E+00,0,mc_qqps,35
-21023,87,20227,162548,94C2, 9.125000E+01,35,12,47,35,12, 5.242561E-01, 3.708006E+01, 6.809066E+00, 6.743142E+01, 6.659951E+01, 1.902843E+00, 1.170813E-01, 7.490980E+00, 2.598720E-01, 1.095897E+02, 6.255808E+01, 2.413632E+01, 1.802294E+01,14, 8.078829E+00,0, 0.000000E+00,0, 0.000000E+00,8, 2.140669E+01, 5.367376E-01, 9.733340E+00,NULL,NULL,1,mc_qqps,35
-21023,88,20227,162602,94C2, 9.125000E+01,32,23,55,32,23, 2.768176E+00,-2.085800E+00, 3.291125E-01, 4.942539E+01, 4.887350E+01, 1.527297E+00, 6.710984E+00,-4.738860E-01,-2.419307E-01, 9.301501E+01, 4.190227E+01, 1.810593E+01, 2.004889E+01,22, 4.153608E+00,0, 0.000000E+00,0, 0.000000E+00,17, 2.201442E+01, 4.344529E-01, 3.323663E+00,NULL,NULL,1,mc_qqps,35
-21023,89,20227,162617,94C2, 9.125000E+01,48,21,69,48,21, 1.063165E+01,-1.052546E+01,-6.888000E+00, 7.183818E+01, 7.087017E+01, 1.476462E+00, 8.815190E+00,-9.095806E+00,-5.910325E+00, 1.012515E+02, 3.355405E+01, 2.652774E+01, 2.888973E+00,6, 1.565455E-01,18, 4.827308E+00,0, 0.000000E+00,5, 4.632493E+00, 3.754486E-01, 1.852018E+00,2, 0.000000E+00,1,mc_qqps,35
-21023,90,20227,162638,94C2, 9.125000E+01,45,14,59,45,14, 2.336317E+00,-5.203199E-01, 3.110959E+00, 8.739484E+01, 8.659702E+01, 1.924378E+00, 2.243664E+00,-7.678062E-01, 1.336674E+00, 1.016357E+02, 6.788894E+01, 9.925917E+00, 3.427485E+00,8, 0.000000E+00,9, 0.000000E+00,0, 0.000000E+00,5, 5.847011E+00, 3.169278E-01, 2.650741E+00,1, 0.000000E+00,1,mc_qqps,35
-21023,91,20227,162654,94C2, 9.125000E+01,22,9,31,22,9,-5.633940E-01,-9.777302E-01, 4.497101E+00, 4.485257E+01, 4.453571E+01, 2.024350E+00,-7.629396E-01,-2.663153E+00, 3.102273E+00, 7.888807E+01, 3.821355E+01, 3.403550E+01, 0.000000E+00,2, 0.000000E+00,10, 1.363173E+00,0, 0.000000E+00,2, 1.969903E+00, 6.081039E-01, 1.361799E+00,NULL,NULL,1,mc_qqps,35
-21023,92,20227,162704,94C2, 9.125000E+01,27,14,41,27,14, 1.834228E+01, 1.380587E+01,-1.967922E+01, 3.918319E+01, 3.838436E+01, 1.421643E+00, 1.724826E+01, 1.206764E+01,-1.516540E+01, 6.662917E+01, 3.491047E+01, 1.021512E+01, 7.216300E+00,12, 3.917526E+00,0, 0.000000E+00,0, 0.000000E+00,9, 1.764976E+01, 5.532498E-01, 8.470874E+00,NULL,NULL,1,mc_qqps,35
-21023,93,20227,162718,94C2, 9.125000E+01,7,9,16,7,9, 4.793270E+00,-1.563416E+01, 7.459017E+00, 4.011507E+01, 4.003334E+01, 5.719048E+00, 5.002975E+00,-1.314020E+01, 5.438352E+00, 8.026630E+01, 3.992176E+01, 1.867851E+01, 1.383168E+01,10, 1.405448E+01,0, 0.000000E+00,0, 0.000000E+00,8, 2.631955E+01, 7.388647E-01, 6.441574E+00,NULL,NULL,1,mc_qqps,35
-21023,94,20227,162728,94C2, 9.125000E+01,35,13,48,35,13, 7.244115E-01,-2.519839E-01,-3.577713E-01, 4.255817E+01, 4.170427E+01, 1.191551E+00, 2.385289E+00,-3.116256E+00,-6.141253E+00, 5.428956E+01, 3.788612E+01, 1.013657E+01, 9.290611E-01,5, 0.000000E+00,9, 0.000000E+00,0, 0.000000E+00,3, 2.602708E+00, 6.657521E-01, 9.798556E-01,NULL,NULL,1,mc_qqps,35
-21023,95,20227,162750,94C2, 9.125000E+01,21,20,41,21,20,-5.544110E+00, 6.540554E+00,-3.890014E+00, 4.615609E+01, 4.578013E+01, 2.180006E+00, 1.022916E+00,-1.340540E+00,-3.503301E-01, 9.050931E+01, 4.401426E+01, 4.269839E+01, 8.636090E-01,17, 1.146142E-01,1, 0.000000E+00,0, 0.000000E+00,16, 4.225726E+01, 6.014935E-01, 9.459799E+00,NULL,NULL,1,mc_qqps,35
-21023,96,20227,162804,94C2, 9.125000E+01,44,13,57,44,13, 7.332158E+00,-5.672865E+00,-1.147332E+01, 5.266163E+01, 5.158548E+01, 1.172397E+00, 8.841494E+00,-6.737242E+00,-1.260546E+01, 6.310785E+01, 3.904815E+01, 3.866250E+00, 2.216489E+00,9, 0.000000E+00,6, 0.000000E+00,0, 0.000000E+00,8, 7.033733E+00, 5.208267E-01, 1.371267E+00,NULL,NULL,1,mc_qqps,35
-21023,97,20227,162825,94C2, 9.125000E+01,14,11,25,14,11,-1.709679E-01,-1.296147E+01,-1.207089E+01, 4.597068E+01, 4.577557E+01, 3.269683E+00, 2.516737E+00,-3.517453E+00,-1.889315E+00, 9.977830E+01, 4.581216E+01, 4.843665E+01, 5.396121E+00,13, 1.430901E+00,0, 0.000000E+00,0, 0.000000E+00,8, 4.663307E+01, 5.675129E-01, 2.354247E+01,NULL,NULL,1,mc_qqps,35
-21023,98,20227,162836,94C2, 9.125000E+01,32,13,45,32,13,-2.630654E+00,-1.002131E+01, 8.445471E+00, 6.225251E+01, 6.145301E+01, 1.920407E+00,-2.851978E-01, 4.045529E+00,-2.843255E+00, 8.581696E+01, 5.437241E+01, 1.748187E+01, 4.098319E+00,14, 1.516197E+01,0, 0.000000E+00,0, 0.000000E+00,11, 1.949818E+01, 4.778448E-01, 6.271296E+00,NULL,NULL,1,mc_qqps,35
-21023,99,20227,162849,94C2, 9.125000E+01,32,22,54,32,22, 9.060298E+00,-6.663344E-01,-1.830412E+01, 5.994565E+01, 5.935494E+01, 1.854842E+00, 1.209109E+01, 1.588204E+01,-2.277034E+01, 1.021808E+02, 5.054617E+01, 2.535107E+01, 1.347063E+01,8, 0.000000E+00,9, 2.021550E-01,0, 0.000000E+00,8, 1.188156E+01, 4.641839E-01, 3.063295E+00,1, 0.000000E+00,1,mc_qqps,35
-21023,100,20227,162910,94C2, 9.125000E+01,25,12,37,25,12, 7.478711E-01, 1.533988E+01, 8.863314E+00, 6.119986E+01, 6.067303E+01, 2.426921E+00, 1.125391E+00, 8.262404E+00, 4.200966E+00, 8.590010E+01, 5.732215E+01, 2.010421E+01, 7.667498E-01,12, 1.144283E+01,1, 0.000000E+00,0, 0.000000E+00,9, 2.320892E+01, 7.097465E-01, 6.390787E+00,NULL,NULL,1,mc_qqps,35
-21023,101,20227,162926,94C2, 9.125000E+01,14,16,30,14,16, 2.227134E+00,-1.998069E+00, 2.402434E+00, 1.393302E+01, 1.356307E+01, 9.687909E-01, 1.879522E+00,-9.011043E-01, 1.033002E+01, 5.550209E+01, 2.748809E+00, 3.470907E+01, 6.860008E+00,1, 0.000000E+00,8, 6.676512E-01,0, 0.000000E+00,NULL,NULL,NULL,NULL,5, 0.000000E+00,0,mc_qqps,35
-21023,102,20227,162958,94C2, 9.125000E+01,32,15,47,32,15, 7.294432E+00,-7.022620E+00, 3.074348E+00, 5.777451E+01, 5.699346E+01, 1.781046E+00, 6.687952E+00,-7.934207E+00, 3.726903E+00, 9.260283E+01, 5.517608E+01, 2.851889E+01, 4.562069E+00,17, 6.064118E+00,1, 0.000000E+00,0, 0.000000E+00,11, 1.584813E+01, 4.415978E-01, 3.258686E+00,NULL,NULL,1,mc_qqps,35
-21023,103,20227,163012,94C2, 9.125000E+01,19,13,32,19,13,-8.975292E-01, 5.061595E+00, 1.454430E+00, 4.073554E+01, 4.041263E+01, 2.126981E+00,-1.590999E+00, 2.527007E+01, 1.174617E+01, 9.614595E+01, 4.001628E+01, 4.125291E+01, 2.240684E+00,12, 2.517074E-01,0, 0.000000E+00,0, 0.000000E+00,9, 3.232862E+01, 7.596934E-01, 1.136074E+01,1, 0.000000E+00,1,mc_qqps,35
-21023,104,20227,163026,94C2, 9.125000E+01,29,21,50,29,21,-7.241182E+00, 2.891601E-01, 2.200785E+00, 5.544008E+01, 5.472390E+01, 1.887031E+00,-8.309737E+00, 1.837243E-01,-1.305950E+00, 9.372569E+01, 5.329833E+01, 2.620988E+01, 1.235560E+01,20, 3.578334E+00,1, 0.000000E+00,0, 0.000000E+00,12, 2.138331E+01, 5.085996E-01, 4.492857E+00,NULL,NULL,1,mc_qqps,35
-21023,105,20227,163039,94C2, 9.125000E+01,20,15,35,20,15, 5.262147E-01,-5.270674E+00,-2.484320E+00, 3.230161E+01, 3.195358E+01, 1.597679E+00, 5.533884E-01, 1.063241E+01, 1.454879E+00, 8.191621E+01, 2.834952E+01, 2.362978E+01, 2.415627E+01,15, 8.724926E-01,3, 0.000000E+00,0, 0.000000E+00,9, 1.911983E+01, 5.832074E-01, 8.569317E+00,NULL,NULL,1,mc_qqps,35
-21023,106,20227,163053,94C2, 9.125000E+01,28,16,44,28,16, 2.331601E+00, 3.712443E+00, 3.273573E+00, 1.792930E+01, 1.732323E+01, 6.186867E-01,-4.192831E-01, 3.691577E+00, 1.234380E+01, 5.180104E+01, 1.208439E+01, 3.249382E+01, 3.954901E-01,3, 0.000000E+00,5, 2.874987E-01,0, 0.000000E+00,1, 9.824227E-01, 9.824227E-01, 9.824227E-01,8, 0.000000E+00,1,mc_qqps,35
-21023,107,20227,163129,94C2, 9.125000E+01,19,12,31,19,12,-1.612380E+01, 9.776782E+00,-1.081514E+01, 4.456144E+01, 4.417712E+01, 2.325112E+00,-4.672532E+00, 2.512037E+00,-6.983998E-01, 6.823486E+01, 4.292236E+01, 1.175965E+01, 2.479718E+00,12, 1.507402E+01,0, 0.000000E+00,0, 0.000000E+00,7, 2.031462E+01, 4.015749E-01, 9.033702E+00,NULL,NULL,1,mc_qqps,35
-21023,108,20227,163139,94C2, 9.125000E+01,26,10,36,26,10,-1.136813E+03,-8.332957E+02, 7.156872E+02, 1.643184E+03, 1.642849E+03, 6.318650E+01,-1.135509E+03,-8.325794E+02, 7.140152E+02, 1.661548E+03, 5.374793E+01, 9.882986E+00, 3.600823E-01,18, 1.506358E+00,0, 0.000000E+00,0, 0.000000E+00,9, 1.800385E+01, 7.864268E-01, 4.279314E+00,NULL,NULL,1,mc_qqps,35
-21023,109,20227,163152,94C2, 9.125000E+01,41,18,59,41,18, 1.878804E+00, 1.536608E+00,-3.421627E+00, 6.735712E+01, 6.653030E+01, 1.622690E+00,-1.090261E+00, 1.913867E+00,-2.021919E+00, 8.945681E+01, 5.400136E+01, 1.193933E+01, 2.866685E+00,17, 5.957062E-02,2, 3.850404E-01,0, 0.000000E+00,13, 1.795912E+01, 5.289146E-01, 2.600566E+00,NULL,NULL,1,mc_qqps,35
-21023,110,20227,163208,94C2, 9.125000E+01,52,18,70,52,18, 8.327434E+00,-3.382533E+00,-2.718343E+00, 7.233015E+01, 7.104059E+01, 1.366165E+00,-6.384738E+00, 4.372309E+00,-5.399092E-01, 1.058328E+02, 4.366235E+01, 1.858286E+01, 1.163447E+01,18, 1.459608E+00,0, 0.000000E+00,0, 0.000000E+00,12, 1.524261E+01, 4.375794E-01, 2.537332E+00,NULL,NULL,1,mc_qqps,35
-21023,111,20227,163225,94C2, 9.125000E+01,20,24,44,20,24, 5.318273E+00,-3.797664E+00, 2.314902E+01, 4.456050E+01, 4.420562E+01, 2.210281E+00,-3.950340E+00,-9.606054E-01,-2.958558E+00, 9.157723E+01, 7.688602E+00, 4.357991E+01, 3.436817E+00,1, 0.000000E+00,23, 1.352169E+01,0, 0.000000E+00,NULL,NULL,NULL,NULL,3, 0.000000E+00,0,mc_qqps,35
-21023,112,20227,163238,94C2, 9.125000E+01,25,4,29,25,4, 1.326456E+01,-2.834836E+00,-4.326311E+00, 8.451643E+01, 8.418022E+01, 3.367209E+00, 1.737369E+01,-4.323959E+00,-4.519705E+00, 9.347524E+01, 6.199319E+01, 8.141347E+00, 0.000000E+00,9, 1.139533E+00,0, 0.000000E+00,0, 0.000000E+00,4, 8.958814E+00, 8.174670E-01, 4.494119E+00,NULL,NULL,1,mc_qqps,35
-21023,113,20227,163249,94C2, 9.125000E+01,20,8,28,20,8,-3.555347E+00,-4.062708E+00,-1.379427E+00, 4.237309E+01, 4.190792E+01, 2.095396E+00, 9.698135E-01, 1.536980E+00,-1.273688E+00, 5.937267E+01, 3.842920E+01, 5.182104E+00, 1.092617E+01,9, 1.130554E+01,0, 0.000000E+00,0, 0.000000E+00,4, 3.928463E+00, 6.117679E-01, 1.523747E+00,NULL,NULL,1,mc_qqps,35
-21023,114,20227,163302,94C2, 9.125000E+01,33,16,49,33,16, 4.474646E-02,-8.673700E+00, 6.807940E+00, 6.237670E+01, 6.174911E+01, 1.871185E+00, 5.464890E-02,-1.580297E+00, 1.820549E+00, 9.969209E+01, 4.410668E+01, 2.989566E+01, 6.198664E+00,18, 1.486802E+00,1, 0.000000E+00,0, 0.000000E+00,12, 2.989408E+01, 5.917140E-01, 8.879805E+00,NULL,NULL,1,mc_qqps,35
-21023,115,20227,163316,94C2, 9.125000E+01,11,9,20,11,9, 4.586474E+00,-4.399688E+00,-4.545655E-01, 2.956763E+01, 2.935469E+01, 2.668608E+00, 9.261049E+00,-1.166198E+01,-1.368204E+00, 7.294057E+01, 2.417713E+01, 3.968359E+01, 1.644677E-01,11, 5.494255E+00,0, 0.000000E+00,0, 0.000000E+00,8, 4.320848E+01, 4.232489E-01, 1.381933E+01,NULL,NULL,1,mc_qqps,35
-21023,116,20227,163327,94C2, 9.125000E+01,23,16,39,23,16,-1.513194E+00, 2.980991E-01, 1.779018E+01, 5.409119E+01, 5.364224E+01, 2.332271E+00, 2.154647E+00, 3.364808E+00, 2.465414E+01, 7.264313E+01, 3.501924E+01, 1.669567E+01, 3.507828E-01,6, 0.000000E+00,8, 1.208402E+00,0, 0.000000E+00,6, 6.251400E+00, 4.292371E-01, 1.978573E+00,2, 0.000000E+00,1,mc_qqps,35
-21023,117,20227,163340,94C2, 9.125000E+01,33,12,45,33,12, 4.188302E+00,-8.658325E+00, 9.952058E+00, 4.597303E+01, 4.518998E+01, 1.369393E+00, 2.446635E+00,-5.904645E+00, 6.000858E+00, 6.826958E+01, 4.101103E+01, 1.796215E+01, 4.392135E+00,1, 0.000000E+00,11, 3.563619E+00,0, 0.000000E+00,NULL,NULL,NULL,NULL,1, 0.000000E+00,1,mc_qqps,35
-21023,118,20227,163356,94C2, 9.125000E+01,17,11,28,17,11, 4.962267E+00, 2.233832E+00, 3.811328E+00, 1.880994E+01, 1.852133E+01, 1.089490E+00, 3.566299E+00, 2.444718E+00, 1.445504E+01, 5.207898E+01, 6.634044E+00, 3.291916E+01, 0.000000E+00,3, 0.000000E+00,8, 7.330059E-01,0, 0.000000E+00,3, 3.874740E+00, 3.498790E-01, 1.805481E+00,3, 0.000000E+00,0,mc_qqps,35
-21023,119,20227,163416,94C2, 9.125000E+01,53,21,74,53,21, 4.614722E+00,-6.594548E+00, 1.399420E+01, 7.722632E+01, 7.612671E+01, 1.436353E+00, 1.307053E+00, 2.615367E-01, 7.520657E+00, 1.147491E+02, 5.427390E+01, 2.806619E+01, 8.896519E+00,9, 1.373970E+00,12, 0.000000E+00,0, 0.000000E+00,6, 8.426402E+00, 5.123680E-01, 4.596334E+00,NULL,NULL,1,mc_qqps,35
-21023,120,20227,163435,94C2, 9.125000E+01,35,21,56,35,21,-1.107076E+00, 1.384282E+00, 1.494828E+00, 3.697868E+01, 3.603626E+01, 1.029607E+00,-1.030538E-01,-6.789935E-01,-2.832256E+00, 8.284268E+01, 2.958003E+01, 3.542691E+01, 1.043711E+01,5, 4.034938E-02,12, 1.294462E+00,0, 0.000000E+00,4, 1.020963E+01, 6.505356E-01, 4.745172E+00,NULL,NULL,1,mc_qqps,35
-21023,121,20227,163450,94C2, 9.125000E+01,26,14,40,26,14,-3.254508E+00, 6.666430E+00,-3.616117E+00, 5.914616E+01, 5.870159E+01, 2.257753E+00, 6.106951E-01,-6.542840E-01,-4.868554E-01, 8.248611E+01, 5.174994E+01, 2.198527E+01, 6.664966E-01,16, 7.428013E+00,0, 0.000000E+00,0, 0.000000E+00,11, 2.221567E+01, 4.258391E-01, 7.294195E+00,NULL,NULL,1,mc_qqps,35
-21023,122,20227,163505,94C2, 9.125000E+01,37,17,54,37,17, 1.060430E+01, 8.214890E+00, 3.611981E+00, 4.799106E+01, 4.707298E+01, 1.272243E+00, 7.352601E+00, 5.334442E+00, 6.344876E+00, 7.218471E+01, 4.283644E+01, 2.079025E+01, 1.085032E+00,14, 9.286803E+00,1, 0.000000E+00,0, 0.000000E+00,11, 1.879228E+01, 6.561735E-01, 3.826263E+00,NULL,NULL,1,mc_qqps,35
-21023,123,20227,163522,94C2, 9.125000E+01,18,12,30,18,12,-2.831777E+00, 3.557716E+00, 5.495322E-02, 4.091730E+01, 4.061850E+01, 2.256583E+00, 1.366107E+00,-5.613624E+00, 1.126458E-01, 7.074323E+01, 3.565070E+01, 2.763565E+01, 0.000000E+00,15, 2.308437E+00,0, 0.000000E+00,0, 0.000000E+00,11, 2.728570E+01, 5.675045E-01, 8.553751E+00,NULL,NULL,1,mc_qqps,35
-21023,124,20227,163536,94C2, 9.125000E+01,31,19,50,31,19, 1.434223E+01,-9.053967E+00,-1.252934E+01, 4.076538E+01, 4.013564E+01, 1.294698E+00,-1.020891E+01, 6.424686E+00, 7.340549E+00, 1.328660E+02, 2.712937E+01, 8.082970E+01, 8.452774E+00,17, 2.943610E-01,0, 0.000000E+00,0, 0.000000E+00,15, 8.066238E+01, 5.011245E-01, 3.861406E+01,NULL,NULL,1,mc_qqps,35
-21023,125,20227,163548,94C2, 9.125000E+01,13,14,27,13,14, 1.047668E+01, 1.551057E+01, 2.464046E+01, 5.348709E+01, 5.340275E+01, 4.107903E+00, 8.706372E+00, 1.218867E+01, 2.091448E+01, 8.123742E+01, 5.324499E+01, 1.832930E+01, 7.672466E+00,4, 0.000000E+00,11, 2.370444E+00,0, 0.000000E+00,4, 5.351890E+00, 5.563636E-01, 1.875546E+00,NULL,NULL,1,mc_qqps,35
-21023,126,20227,163603,94C2, 9.125000E+01,37,19,56,37,19,-8.974739E+00,-1.153897E+01, 7.108692E+00, 4.937709E+01, 4.872389E+01, 1.316862E+00,-1.912889E+00, 3.005343E+00, 1.281456E-01, 9.693392E+01, 4.523932E+01, 4.293946E+01, 4.057863E+00,17, 9.437963E-01,1, 0.000000E+00,0, 0.000000E+00,12, 3.938225E+01, 4.935260E-01, 1.498012E+01,NULL,NULL,1,mc_qqps,35
-21023,127,20227,163620,94C2, 9.125000E+01,23,11,34,23,11, 3.820747E+00,-1.376457E+01, 3.436373E+00, 6.371387E+01, 6.333315E+01, 2.753615E+00,-2.203609E+00, 6.806910E+00,-3.122848E+00, 9.042081E+01, 6.008112E+01, 1.627375E+01, 6.460683E+00,16, 7.382406E+00,0, 0.000000E+00,0, 0.000000E+00,9, 1.999669E+01, 5.901494E-01, 7.394386E+00,NULL,NULL,1,mc_qqps,35
-21023,128,20227,163631,94C2, 9.125000E+01,46,16,62,46,16, 3.489535E-01, 1.024724E+01, 1.093049E+01, 7.106763E+01, 7.026826E+01, 1.527571E+00,-1.070367E+00, 3.485236E+00, 3.258588E+00, 1.052097E+02, 6.553510E+01, 2.439537E+01, 4.403496E+00,6, 0.000000E+00,14, 2.236024E-01,0, 0.000000E+00,4, 8.624831E+00, 7.704512E-01, 5.345445E+00,NULL,NULL,1,mc_qqps,35
-21023,129,20227,163649,94C2, 9.125000E+01,23,19,42,23,19, 1.372505E+01,-4.694403E+00, 4.002030E+00, 5.969714E+01, 5.924625E+01, 2.575924E+00, 3.327175E+00,-1.108190E+00, 4.457994E-01, 8.705518E+01, 5.582876E+01, 2.113555E+01, 7.335006E-01,16, 6.019392E+00,0, 0.000000E+00,0, 0.000000E+00,13, 2.032662E+01, 4.831448E-01, 3.719175E+00,NULL,NULL,1,mc_qqps,35
-21023,130,20227,163701,94C2, 9.125000E+01,20,10,30,20,10,-2.465461E+00,-9.396869E+00, 8.164256E+00, 5.387906E+01, 5.373502E+01, 2.686751E+00,-2.456012E+00,-7.302119E+00, 7.575266E+00, 6.700665E+01, 5.303617E+01, 1.160690E+01, 0.000000E+00,13, 2.454047E+00,1, 0.000000E+00,0, 0.000000E+00,7, 9.870685E+00, 4.562877E-01, 2.885829E+00,NULL,NULL,1,mc_qqps,35
-21023,131,20227,163712,94C2, 9.125000E+01,20,15,35,20,15,-7.099064E+00,-4.077666E-01,-1.180531E+00, 6.543050E+01, 6.505927E+01, 3.252963E+00,-8.473833E-01,-7.551879E-01, 4.840010E-01, 9.500130E+01, 6.193372E+01, 2.140361E+01, 1.454809E+00,18, 1.541379E+01,1, 0.000000E+00,0, 0.000000E+00,13, 2.811598E+01, 5.941249E-01, 6.808006E+00,NULL,NULL,1,mc_qqps,35
-21023,132,20227,163722,94C2, 9.125000E+01,50,12,62,50,12, 1.335989E+00,-4.715936E+00,-7.223663E-01, 4.377339E+01, 4.148553E+01, 8.297107E-01, 2.474825E+00,-9.356788E+00,-1.667284E+00, 6.903658E+01, 3.553612E+01, 1.243925E+01, 6.801553E+00,14, 5.052965E+00,1, 0.000000E+00,0, 0.000000E+00,9, 1.826115E+01, 5.948321E-01, 3.924836E+00,NULL,NULL,1,mc_qqps,35
-21023,133,20227,163743,94C2, 9.125000E+01,25,10,35,25,10,-1.290133E+01, 6.623132E+00, 2.279617E+01, 5.090627E+01, 5.029999E+01, 2.012000E+00,-1.238772E+01, 2.773538E+00, 2.158305E+01, 8.993375E+01, 4.711571E+01, 5.925715E+00, 3.310960E+01,1, 0.000000E+00,6, 0.000000E+00,0, 0.000000E+00,1, 1.183067E+00, 1.183067E+00, 1.183067E+00,2, 0.000000E+00,1,mc_qqps,35
-21023,134,20227,163801,94C2, 9.125000E+01,36,7,43,36,7, 1.569914E+01,-3.999420E+00,-5.015732E+00, 8.084090E+01, 8.004063E+01, 2.223351E+00, 1.243944E+01,-3.855073E+00,-6.063697E+00, 9.761071E+01, 7.248210E+01, 1.676982E+01, 0.000000E+00,11, 6.651110E+00,0, 0.000000E+00,0, 0.000000E+00,6, 1.393776E+01, 6.106964E-01, 6.940074E+00,NULL,NULL,1,mc_qqps,35
-21023,135,20227,163814,94C2, 9.125000E+01,36,15,51,36,15, 1.243768E+01, 1.021161E+01,-6.256450E-01, 5.478814E+01, 5.368781E+01, 1.491328E+00,-4.049625E+00,-4.862403E+00,-1.914960E+00, 9.374438E+01, 4.875322E+01, 2.837378E+01, 1.867550E+00,15, 2.772191E-01,0, 0.000000E+00,0, 0.000000E+00,13, 3.680697E+01, 4.970635E-01, 1.292964E+01,NULL,NULL,1,mc_qqps,35
-21023,136,20227,163831,94C2, 9.125000E+01,29,11,40,29,11,-9.928720E+00,-3.837929E+00,-3.171451E+00, 5.922250E+01, 5.850420E+01, 2.017386E+00, 2.088830E+00, 3.471653E+00, 3.022333E+00, 7.905812E+01, 4.877628E+01, 1.863564E+01, 0.000000E+00,18, 1.230983E+01,0, 0.000000E+00,0, 0.000000E+00,11, 1.983562E+01, 3.788099E-01, 7.554545E+00,NULL,NULL,1,mc_qqps,35
-21023,137,20227,163842,94C2, 9.125000E+01,19,10,29,19,10,-8.144706E-01,-6.839905E+00,-5.687868E+00, 6.328646E+01, 6.302280E+01, 3.316990E+00, 2.427907E+00, 1.097687E+01, 7.588448E+00, 9.919319E+01, 6.222508E+01, 3.137531E+01, 3.554073E+00,10, 7.113267E-01,0, 0.000000E+00,0, 0.000000E+00,6, 1.760652E+01, 5.705683E-01, 1.218585E+01,NULL,NULL,1,mc_qqps,35
-21023,138,20227,163857,94C2, 9.125000E+01,25,5,30,25,5, 6.409637E+00, 2.375401E+01, 7.814865E-01, 6.776151E+01, 6.744305E+01, 2.697722E+00, 3.391926E+00, 1.474775E+01, 1.110885E+00, 8.317119E+01, 6.300492E+01, 1.326931E+01, 0.000000E+00,11, 3.569345E+00,0, 0.000000E+00,0, 0.000000E+00,5, 1.540967E+01, 7.595273E-01, 7.626249E+00,NULL,NULL,1,mc_qqps,35
-21023,139,20227,163908,94C2, 9.125000E+01,26,10,36,26,10,-1.928590E+01, 1.754148E+01, 3.014665E+00, 5.677443E+01, 5.638512E+01, 2.168658E+00,-7.712686E+00, 9.690247E+00, 1.458311E+00, 8.763390E+01, 5.310515E+01, 2.503657E+01, 5.849536E+00,13, 4.338696E+00,0, 0.000000E+00,0, 0.000000E+00,6, 2.442514E+01, 5.591992E-01, 1.682400E+01,NULL,NULL,1,mc_qqps,35
-21023,140,20227,163920,94C2, 9.125000E+01,7,9,16,7,9, 7.606287E-02, 3.120981E-01, 2.515315E-01, 3.607191E+01, 3.594532E+01, 5.135046E+00,-8.106567E-04,-6.822945E+00,-2.190854E+00, 5.224577E+01, 3.589688E+01, 1.186848E+01, 2.015144E+00,9, 1.626334E+01,0, 0.000000E+00,0, 0.000000E+00,7, 1.415872E+01, 3.239831E-01, 7.330709E+00,NULL,NULL,1,mc_qqps,35
-21023,141,20227,163930,94C2, 9.125000E+01,29,12,41,29,12,-2.905015E+00,-7.822132E-01,-1.185332E+01, 6.905086E+01, 6.861081E+01, 2.365890E+00, 1.286666E+00, 1.017811E+01,-2.116676E+01, 1.015194E+02, 6.318131E+01, 2.351742E+01, 8.951108E+00,1, 0.000000E+00,9, 7.078392E-01,0, 0.000000E+00,NULL,NULL,NULL,NULL,NULL,NULL,1,mc_qqps,35
-21023,142,20227,163945,94C2, 9.125000E+01,24,11,35,24,11,-9.986190E+00,-4.252034E+00, 7.044363E+00, 5.865959E+01, 5.831104E+01, 2.429627E+00, 5.686091E+00, 1.996066E+00,-4.572220E+00, 9.533607E+01, 5.721860E+01, 2.836210E+01, 8.315897E+00,11, 6.217634E+00,0, 0.000000E+00,0, 0.000000E+00,6, 1.687952E+01, 5.097881E-01, 6.011634E+00,NULL,NULL,1,mc_qqps,35
-21023,143,20227,163956,94C2, 9.125000E+01,29,11,40,29,11, 8.362070E-02, 2.261856E+00,-1.185313E+01, 6.775262E+01, 6.730505E+01, 2.320864E+00,-1.869502E+00, 5.303857E+00,-4.502150E+00, 8.536238E+01, 4.325561E+01, 1.132479E+01, 6.284971E+00,1, 0.000000E+00,18, 1.922100E+01,0, 0.000000E+00,NULL,NULL,NULL,NULL,NULL,NULL,1,mc_qqps,35
-21023,144,20227,164013,94C2, 9.125000E+01,17,5,22,17,5, 7.090558E-01, 1.381263E+00, 1.401376E-01, 6.556474E+01, 6.519585E+01, 3.835050E+00, 2.006997E+00, 6.591504E+00, 4.355958E-01, 8.793078E+01, 6.523616E+01, 2.236764E+01, 0.000000E+00,7, 1.763780E+00,0, 0.000000E+00,0, 0.000000E+00,4, 1.489778E+01, 2.385922E+00, 5.719313E+00,NULL,NULL,1,mc_qqps,35
-21023,145,20227,164029,94C2, 9.125000E+01,27,12,39,27,12,-1.306538E+01, 1.024250E+01,-5.405412E+00, 6.721719E+01, 6.678664E+01, 2.473579E+00, 7.658267E+00,-8.200298E+00, 4.210280E+00, 9.726254E+01, 6.486438E+01, 2.714975E+01, 0.000000E+00,17, 3.239853E+00,0, 0.000000E+00,0, 0.000000E+00,10, 2.778695E+01, 6.380096E-01, 1.403260E+01,NULL,NULL,1,mc_qqps,35
-21023,146,20227,164042,94C2, 9.125000E+01,14,10,24,14,10,-6.073440E-01,-1.445862E+00,-3.405336E+00, 3.503849E+01, 3.488460E+01, 2.491757E+00, 5.604451E+00,-1.243638E+00, 7.447721E+00, 7.970627E+01, 3.297836E+01, 4.400826E+01, 0.000000E+00,14, 8.059969E+00,1, 0.000000E+00,0, 0.000000E+00,8, 4.023143E+01, 6.595176E-01, 2.054587E+01,NULL,NULL,1,mc_qqps,35
-21023,147,20227,164055,94C2, 9.125000E+01,36,18,54,36,18,-3.726957E+00, 6.024025E+00, 1.551883E+01, 5.483806E+01, 5.409824E+01, 1.502729E+00,-2.942724E+00, 4.921543E+00, 9.151153E+00, 6.769099E+01, 4.912974E+01, 9.839215E+00, 1.797053E+00,4, 0.000000E+00,17, 9.786868E-01,0, 0.000000E+00,3, 3.511375E+00, 1.120376E+00, 1.216660E+00,1, 0.000000E+00,1,mc_qqps,35
-21023,148,20227,164112,94C2, 9.125000E+01,14,7,21,14,7,-5.394156E+01, 4.606445E+01,-2.111208E-02, 1.123315E+02, 1.121069E+02, 8.007639E+00,-6.324099E+01, 5.468948E+01,-1.372701E+00, 1.346627E+02, 1.095022E+02, 1.111685E+01, 4.442046E+00,8, 6.971797E-02,0, 0.000000E+00,0, 0.000000E+00,6, 1.788915E+01, 8.473486E-01, 6.772302E+00,NULL,NULL,1,mc_qqps,35
-21023,149,20227,164125,94C2, 9.125000E+01,31,15,46,31,15, 1.085506E+00,-8.385558E+00,-9.157266E+00, 4.456801E+01, 4.382538E+01, 1.413722E+00, 5.959606E-01,-1.812977E+00,-1.409140E+01, 6.779765E+01, 2.617820E+01, 1.527817E+01, 1.000358E+00,7, 5.079117E+00,7, 0.000000E+00,0, 0.000000E+00,5, 7.696811E+00, 7.161229E-01, 3.115181E+00,4, 0.000000E+00,1,mc_qqps,35
-21023,150,20227,164146,94C2, 9.125000E+01,45,23,68,45,23,-8.803931E-01,-5.294991E-01,-5.760843E+00, 6.894670E+01, 6.810835E+01, 1.513519E+00,-2.107289E+00,-1.189300E+01,-2.365597E+00, 9.544775E+01, 5.240608E+01, 1.759007E+01, 5.459303E+00,26, 1.276672E+01,0, 0.000000E+00,0, 0.000000E+00,17, 1.913468E+01, 4.701574E-01, 3.349942E+00,NULL,NULL,1,mc_qqps,35
-21023,151,20227,164202,94C2, 9.125000E+01,30,13,43,30,13,-7.553632E-01, 1.007209E+00,-4.411973E+00, 7.021998E+01, 6.965562E+01, 2.321854E+00,-8.232478E+00,-3.069366E-01, 6.879516E+00, 9.002445E+01, 5.376922E+01, 1.853648E+01, 1.229284E-01,1, 0.000000E+00,11, 1.618671E+00,0, 0.000000E+00,1, 1.145065E+00, 1.145065E+00, 1.145065E+00,NULL,NULL,1,mc_qqps,35
-21023,152,20227,164222,94C2, 9.125000E+01,31,16,47,31,16, 3.548638E+00, 5.706222E+00, 9.105211E+00, 5.016794E+01, 4.961694E+01, 1.600546E+00, 2.260210E+00, 5.183112E-01, 1.957502E+00, 7.288664E+01, 4.221101E+01, 1.964812E+01, 2.242932E+00,8, 0.000000E+00,3, 0.000000E+00,0, 0.000000E+00,8, 1.561060E+01, 5.336838E-01, 6.298089E+00,3, 0.000000E+00,1,mc_qqps,35
-21023,153,20227,164239,94C2, 9.125000E+01,46,13,59,46,13,-1.121260E+01, 7.593760E+00, 3.202913E+00, 7.580725E+01, 7.486851E+01, 1.627576E+00,-9.388701E+00, 7.292728E+00, 3.524127E+00, 9.011680E+01, 5.088253E+01, 7.254903E+00, 3.689225E+00,16, 1.484496E-01,0, 0.000000E+00,0, 0.000000E+00,11, 1.062033E+01, 4.803041E-01, 1.730190E+00,NULL,NULL,1,mc_qqps,35
-21023,154,20227,164257,94C2, 9.125000E+01,27,14,41,27,14,-1.142705E+01, 9.316495E+00, 8.030958E+00, 3.230206E+01, 3.185585E+01, 1.179846E+00,-1.007244E+01, 9.469049E+00, 7.018589E+00, 8.880460E+01, 2.955890E+01, 2.283867E+01, 2.961941E+01,11, 7.075932E-01,0, 0.000000E+00,0, 0.000000E+00,8, 2.516034E+01, 6.646734E-01, 1.236254E+01,NULL,NULL,1,mc_qqps,35
-21023,155,20227,164310,94C2, 9.125000E+01,28,13,41,28,13,-3.953222E+00, 5.933844E+00,-1.053833E+01, 8.451914E+01, 8.409736E+01, 3.003477E+00,-5.633671E+00, 5.096616E+00,-1.231564E+01, 9.938568E+01, 6.673592E+01, 1.225252E+01, 2.077228E+00,2, 0.000000E+00,18, 1.545312E+01,0, 0.000000E+00,2, 9.080107E-01, 3.712126E-01, 5.367981E-01,NULL,NULL,1,mc_qqps,35
-21023,156,20227,164321,94C2, 9.125000E+01,54,18,72,54,18, 2.188188E+01, 2.612467E+00, 8.325488E+01, 1.517923E+02, 1.505784E+02, 2.788489E+00, 1.561584E+01, 7.415687E-01, 8.396081E+01, 1.873532E+02, 4.489960E+01, 3.467659E+01, 0.000000E+00,7, 0.000000E+00,14, 9.767637E+00,0, 0.000000E+00,6, 1.451472E+01, 8.843658E-01, 6.608108E+00,NULL,NULL,1,mc_qqps,35
-21023,157,20227,164337,94C2, 9.125000E+01,29,13,42,29,13, 4.139944E+01,-1.384829E+00,-3.044185E+01, 1.241903E+02, 1.238422E+02, 4.270421E+00, 4.101698E+01,-5.652510E+00,-3.014861E+01, 1.390650E+02, 1.121925E+02, 1.041685E+01, 3.335366E+00,16, 2.876877E+00,1, 0.000000E+00,0, 0.000000E+00,9, 1.029190E+01, 5.121837E-01, 3.150591E+00,NULL,NULL,1,mc_qqps,35
-21023,158,20227,164354,94C2, 9.125000E+01,32,16,48,32,16,-2.964829E+00,-6.114085E+00,-2.246683E+00, 4.398065E+01, 4.332879E+01, 1.354025E+00, 2.142940E+00, 7.588305E+00,-1.020343E+00, 8.833294E+01, 4.137512E+01, 3.081933E+01, 1.049083E+01,13, 1.479941E+00,0, 0.000000E+00,0, 0.000000E+00,9, 3.314893E+01, 6.651673E-01, 9.598136E+00,NULL,NULL,1,mc_qqps,35
-21023,159,20227,164407,94C2, 9.125000E+01,46,10,56,46,10, 3.383684E+00,-6.746933E+00, 1.002408E+01, 5.932018E+01, 5.833909E+01, 1.268241E+00,-3.863907E-01, 1.003822E+00,-2.978233E-01, 7.488587E+01, 5.108330E+01, 1.497362E+01, 0.000000E+00,7, 2.098599E-01,8, 0.000000E+00,0, 0.000000E+00,5, 3.961050E+00, 4.304723E-01, 1.229206E+00,NULL,NULL,1,mc_qqps,35
-21023,160,20227,164425,94C2, 9.125000E+01,40,19,59,40,19, 1.357001E+01,-2.734856E+00,-2.609357E+00, 5.740101E+01, 5.639494E+01, 1.409873E+00, 1.549485E+00,-4.097847E-01,-1.644922E+00, 8.196606E+01, 4.912479E+01, 2.025384E+01, 3.698516E+00,17, 1.916867E+00,0, 0.000000E+00,0, 0.000000E+00,13, 1.975833E+01, 3.519270E-01, 5.230489E+00,NULL,NULL,1,mc_qqps,35
-21023,161,20227,164441,94C2, 9.125000E+01,11,5,16,11,5,-3.564110E+00,-3.507175E+01, 1.668820E+01, 4.220532E+01, 4.202864E+01, 3.820786E+00, 7.652324E-01, 5.026830E+00,-2.383043E+00, 9.223744E+01, 4.188488E+01, 3.948167E+00, 4.566185E+01,6, 9.456562E+00,0, 0.000000E+00,0, 0.000000E+00,3, 3.543517E+00, 4.221111E-01, 2.107988E+00,1, 0.000000E+00,1,mc_qqps,35
-21023,162,20227,164458,94C2, 9.125000E+01,30,12,42,30,12,-1.112220E+01,-2.768743E+00,-1.219492E+01, 6.951852E+01, 6.850992E+01, 2.283664E+00,-6.566456E+00,-1.009313E+00,-7.140853E+00, 8.907610E+01, 6.589320E+01, 1.460519E+01, 0.000000E+00,13, 4.825142E+00,2, 0.000000E+00,0, 0.000000E+00,10, 1.706919E+01, 3.986741E-01, 4.553710E+00,NULL,NULL,1,mc_qqps,35
-21023,163,20227,164514,94C2, 9.125000E+01,26,22,48,26,22,-1.301044E+01,-1.105869E+01, 4.659042E+01, 9.137515E+01, 9.110764E+01, 3.504140E+00,-7.852074E+00,-6.843246E+00, 3.463540E+01, 1.229900E+02, 3.218572E+01, 2.419412E+01, 7.420763E+00,3, 1.639247E-01,21, 2.709155E+01,0, 0.000000E+00,2, 9.409549E-01, 3.942030E-01, 5.467519E-01,NULL,NULL,1,mc_qqps,35
-21023,164,20227,164529,94C2, 9.125000E+01,31,17,48,31,17, 4.183447E-01,-3.497601E-04, 1.166520E+00, 3.764141E+01, 3.693421E+01, 1.191426E+00,-7.990587E-01,-1.330451E+00, 1.845677E+00, 6.772360E+01, 3.382883E+01, 1.441044E+01, 1.500369E+01,7, 0.000000E+00,7, 0.000000E+00,0, 0.000000E+00,6, 5.673289E+00, 5.022584E-01, 2.239034E+00,NULL,NULL,1,mc_qqps,35
-21023,165,20227,164547,94C2, 9.125000E+01,46,18,64,46,18,-5.618352E+00, 9.500380E+00, 5.220498E+00, 7.158557E+01, 7.038216E+01, 1.530047E+00,-2.138422E+00,-2.508108E+00,-2.363492E+00, 9.956166E+01, 5.956271E+01, 2.378214E+01, 2.555731E-01,21, 4.905606E+00,0, 0.000000E+00,0, 0.000000E+00,16, 2.707917E+01, 4.804889E-01, 7.104504E+00,NULL,NULL,1,mc_qqps,35
-21023,166,20227,164603,94C2, 9.125000E+01,34,18,52,34,18,-8.947947E+00,-9.948973E+00,-6.928104E+00, 5.578059E+01, 5.503465E+01, 1.618666E+00,-4.945133E-01,-8.105878E-01,-2.783200E+00, 8.644183E+01, 5.293029E+01, 1.899368E+01, 5.340950E+00,14, 4.075983E+00,3, 0.000000E+00,0, 0.000000E+00,12, 2.438490E+01, 4.852026E-01, 3.668929E+00,NULL,NULL,1,mc_qqps,35
-21023,167,20227,164619,94C2, 9.125000E+01,22,13,35,22,13, 1.112906E+01, 2.097063E+00, 2.572946E+00, 4.794024E+01, 4.762995E+01, 2.164998E+00, 2.112019E+01, 3.567563E+00, 4.025114E+00, 7.926163E+01, 4.586364E+01, 2.718271E+01, 1.542874E+00,15, 2.419999E+00,0, 0.000000E+00,0, 0.000000E+00,12, 2.977852E+01, 4.675141E-01, 7.109066E+00,NULL,NULL,1,mc_qqps,35
-21023,168,20227,164629,94C2, 9.125000E+01,25,15,40,25,15, 8.318987E+00,-6.002982E+00, 1.282129E+01, 7.265907E+01, 7.223881E+01, 2.889552E+00, 7.563943E-01,-2.435070E+00, 4.532629E+00, 1.002856E+02, 7.083036E+01, 2.330112E+01, 4.471838E+00,6, 2.294278E+00,10, 2.584087E+00,0, 0.000000E+00,5, 7.785950E+00, 4.248182E-01, 4.320756E+00,NULL,NULL,1,mc_qqps,35
-21023,169,20227,164644,94C2, 9.125000E+01,34,12,46,34,12,-1.973871E+00,-1.356228E+01,-1.609221E+01, 6.472793E+01, 6.384421E+01, 1.877771E+00,-2.605734E+00,-2.749429E+00,-9.806200E+00, 8.186381E+01, 6.068483E+01, 1.524314E+01, 1.012364E+00,15, 7.320477E+00,1, 0.000000E+00,0, 0.000000E+00,8, 1.438296E+01, 7.441616E-01, 3.364701E+00,1, 0.000000E+00,1,mc_qqps,35
-21023,170,20227,164701,94C2, 9.125000E+01,65,18,83,65,18,-1.590727E+00, 8.732332E+00, 7.070693E-01, 4.719680E+01, 4.460502E+01, 6.862311E-01, 9.618875E+00,-2.501008E+01, 2.667566E+00, 1.418063E+02, 1.884076E+01, 8.405193E+01, 4.515897E+00,17, 0.000000E+00,0, 0.000000E+00,0, 0.000000E+00,14, 6.181742E+01, 7.542914E-01, 2.466456E+01,NULL,NULL,1,mc_qqps,35
-21023,171,20227,164724,94C2, 9.125000E+01,34,8,42,34,8, 5.214098E+00,-8.634706E+00,-2.770527E+01, 7.355877E+01, 7.296386E+01, 2.145996E+00, 1.812853E+00,-2.466185E+00,-1.622153E+01, 8.897314E+01, 4.775485E+01, 1.493161E+01, 4.827574E-01,3, 2.038131E-01,8, 0.000000E+00,0, 0.000000E+00,NULL,NULL,NULL,NULL,1, 0.000000E+00,1,mc_qqps,35
-21023,172,20227,164741,94C2, 9.125000E+01,25,17,42,25,17,-4.325349E-01,-1.485153E+00, 1.092840E+01, 2.484332E+01, 2.415578E+01, 9.662313E-01,-3.422699E-01, 1.236147E+00, 1.547132E+01, 5.670930E+01, 6.874939E+00, 2.512699E+01, 6.738991E+00,1, 0.000000E+00,11, 1.048634E+00,0, 0.000000E+00,1, 6.158657E-01, 6.158657E-01, 6.158657E-01,6, 0.000000E+00,0,mc_qqps,35
-21023,173,20227,164813,94C2, 9.125000E+01,55,22,77,55,22, 1.391157E+01,-2.813358E+00, 2.715083E+01, 6.246559E+01, 6.116999E+01, 1.112182E+00, 3.450545E+00, 1.587639E+00, 1.196317E+01, 9.218572E+01, 3.707015E+01, 1.719938E+01, 1.047642E+01,2, 0.000000E+00,17, 1.208977E+00,0, 0.000000E+00,2, 3.690260E+00, 1.645929E+00, 2.044331E+00,NULL,NULL,1,mc_qqps,35
-21023,174,20227,164831,94C2, 9.125000E+01,36,23,59,36,23, 1.278930E+00, 2.208836E+00, 3.313974E+01, 1.485771E+02, 1.481667E+02, 4.115742E+00, 3.854427E+00, 6.149155E+00, 2.214776E+01, 1.701500E+02, 1.841601E+01, 2.157291E+01, 0.000000E+00,0, 0.000000E+00,25, 2.492345E+01,0, 0.000000E+00,NULL,NULL,NULL,NULL,2, 0.000000E+00,1,mc_qqps,35
-21023,175,20227,164851,94C2, 9.125000E+01,24,10,34,24,10,-4.346107E+00, 4.724386E+00, 4.776577E+00, 8.056690E+01, 8.032127E+01, 3.346720E+00,-4.507161E+00, 4.834415E+00, 5.247231E+00, 8.842446E+01, 4.357310E+01, 7.154230E+00, 7.033310E-01,1, 0.000000E+00,11, 1.545410E+00,0, 0.000000E+00,1, 6.820928E-01, 6.820928E-01, 6.820928E-01,NULL,NULL,1,mc_qqps,35
-21023,176,20227,164912,94C2, 9.125000E+01,24,16,40,24,16, 6.389009E+00,-1.240607E+01,-1.959320E+00, 3.459060E+01, 3.387397E+01, 1.411416E+00,-2.382446E+00, 3.829262E+00,-6.459458E-01, 8.197196E+01, 3.159492E+01, 4.256055E+01, 0.000000E+00,18, 2.833957E+00,0, 0.000000E+00,0, 0.000000E+00,11, 3.703469E+01, 1.208685E+00, 6.806122E+00,NULL,NULL,1,mc_qqps,35
-21023,177,20227,164927,94C2, 9.125000E+01,37,12,49,37,12, 1.024501E+01, 6.289796E+00, 1.877847E+01, 7.027364E+01, 6.917835E+01, 1.869685E+00, 8.301089E-01, 1.367091E+00, 4.016719E+00, 8.968791E+01, 6.348202E+01, 1.775121E+01, 1.663065E+00,1, 0.000000E+00,9, 0.000000E+00,0, 0.000000E+00,1, 1.146441E+00, 1.146441E+00, 1.146441E+00,NULL,NULL,1,mc_qqps,35
-21023,178,20227,164945,94C2, 9.125000E+01,30,9,39,30,9,-8.406004E+00, 2.363911E+01, 5.033771E+00, 6.292708E+01, 6.234632E+01, 2.078211E+00,-4.597179E+00, 1.211305E+01, 4.632253E+00, 7.885144E+01, 5.848134E+01, 4.334958E+00, 1.172511E+01,7, 1.356004E+01,0, 0.000000E+00,0, 0.000000E+00,5, 4.334958E+00, 5.946800E-01, 1.422073E+00,NULL,NULL,1,mc_qqps,35
-21023,179,20227,165001,94C2, 9.125000E+01,24,9,33,24,9,-4.539883E+00, 1.235517E+00,-9.677088E+00, 3.634122E+01, 3.605220E+01, 1.502175E+00,-1.440108E+01,-3.491737E+00,-1.727926E+01, 5.737900E+01, 3.430141E+01, 6.845557E+00, 1.420857E+01,8, 6.362524E-02,6, 4.945419E-01,0, 0.000000E+00,5, 5.409002E+00, 3.913216E-01, 1.772993E+00,NULL,NULL,1,mc_qqps,35
-21023,180,20227,165022,94C2, 9.125000E+01,32,31,63,32,31, 6.415364E-01,-3.783551E+00, 4.583410E+00, 5.507892E+01, 5.474696E+01, 1.710843E+00, 6.007989E+00,-6.925202E-01,-7.985679E-01, 9.764548E+01, 5.360378E+01, 2.694350E+01, 1.091398E+01,25, 3.572016E+00,2, 0.000000E+00,0, 0.000000E+00,20, 2.149851E+01, 4.366755E-01, 2.222491E+00,1, 0.000000E+00,1,mc_qqps,35
-21023,181,20227,165040,94C2, 9.125000E+01,23,9,32,23,9,-3.929286E+00,-1.406988E+00,-6.108413E+00, 7.761606E+01, 7.743098E+01, 3.366565E+00,-3.704402E+00,-2.017942E+00,-5.540293E+00, 9.162031E+01, 7.418669E+01, 7.680381E+00, 5.022314E+00,2, 0.000000E+00,9, 1.006830E+00,0, 0.000000E+00,1, 1.325487E+00, 1.325487E+00, 1.325487E+00,NULL,NULL,1,mc_qqps,35
-21023,182,20227,165052,94C2, 9.125000E+01,20,17,37,20,17,-1.099598E+01, 5.657961E+00,-9.279712E+00, 5.159921E+01, 5.122725E+01, 2.561363E+00,-2.789905E+00, 2.062382E+00,-8.339844E-01, 7.978867E+01, 5.069907E+01, 1.959304E+01, 4.694400E+00,16, 8.598805E+00,0, 0.000000E+00,0, 0.000000E+00,12, 2.076992E+01, 5.713971E-01, 3.431164E+00,NULL,NULL,1,mc_qqps,35
-21023,183,20227,165106,94C2, 9.125000E+01,36,14,50,36,14,-4.026089E+01,-7.523933E+00,-1.237225E+02, 1.993470E+02, 1.987301E+02, 5.520281E+00,-4.150111E+01,-2.417266E+00,-1.181130E+02, 2.155471E+02, 3.171246E+01, 6.832371E+00, 2.351428E+00,5, 1.400176E-01,14, 4.800360E+00,0, 0.000000E+00,3, 8.153888E+00, 7.512375E-01, 6.265075E+00,1, 0.000000E+00,1,mc_qqps,35
-21023,184,20227,165125,94C2, 9.125000E+01,40,18,58,40,18, 3.128305E+00,-5.300004E+00,-1.111339E+01, 6.538834E+01, 6.432154E+01, 1.608039E+00, 1.633401E+00,-3.755817E-01,-9.444971E+00, 7.997980E+01, 5.752184E+01, 5.634911E+00, 6.706351E+00,6, 0.000000E+00,5, 0.000000E+00,0, 0.000000E+00,6, 4.745800E+00, 1.367302E-01, 1.611960E+00,NULL,NULL,1,mc_qqps,35
-21023,185,20227,165147,94C2, 9.125000E+01,24,11,35,24,11,-9.636386E-01,-3.934790E+00,-9.370226E-01, 6.942583E+01, 6.891006E+01, 2.871252E+00,-6.517673E-02,-9.961113E-01,-9.685247E-02, 8.894785E+01, 6.761366E+01, 1.918505E+01, 3.369781E-01,16, 4.050100E+00,0, 0.000000E+00,0, 0.000000E+00,10, 1.918505E+01, 4.957439E-01, 4.524440E+00,NULL,NULL,1,mc_qqps,35
-21023,186,20227,165201,94C2, 9.125000E+01,32,13,45,32,13,-4.262528E-02, 3.066416E-01,-3.451457E+00, 6.662161E+01, 6.610821E+01, 2.065881E+00,-1.130558E+00, 4.835500E-01,-1.660419E-01, 8.228096E+01, 6.341230E+01, 1.307054E+01, 2.588812E+00,15, 5.089178E+00,0, 0.000000E+00,0, 0.000000E+00,8, 1.167312E+01, 7.718497E-01, 2.990100E+00,NULL,NULL,1,mc_qqps,35
-21023,187,20227,165215,94C2, 9.125000E+01,28,21,49,28,21,-1.500797E+01, 7.014262E+00,-8.346645E+00, 7.250927E+01, 7.210931E+01, 2.575332E+00,-1.010634E+01, 5.777123E+00,-5.955708E+00, 1.065874E+02, 6.753876E+01, 2.731429E+01, 3.088123E+00,20, 1.178317E+00,0, 0.000000E+00,0, 0.000000E+00,16, 3.063371E+01, 6.511105E-01, 6.572771E+00,NULL,NULL,1,mc_qqps,35
-21023,188,20227,165230,94C2, 9.125000E+01,26,19,45,26,19,-3.397511E+00, 9.345952E-01, 1.544664E+00, 5.018597E+01, 4.968674E+01, 1.911029E+00,-1.572454E+00, 1.668599E+00, 6.214478E+00, 7.490772E+01, 2.427909E+01, 1.737139E+01, 7.433346E+00,3, 0.000000E+00,17, 3.782311E+00,0, 0.000000E+00,3, 3.354105E+00, 1.057073E+00, 1.226870E+00,2, 0.000000E+00,1,mc_qqps,35
-21023,189,20227,165248,94C2, 9.125000E+01,27,13,40,27,13,-1.152813E+01, 7.906679E+00,-7.407539E+00, 4.565794E+01, 4.515767E+01, 1.672506E+00,-4.826972E+00, 1.806592E+00,-2.601450E+00, 7.615340E+01, 4.375471E+01, 7.538243E+00, 1.215667E+01,8, 4.506931E+00,6, 0.000000E+00,0, 0.000000E+00,3, 1.384444E+01, 1.382210E+00, 1.080055E+01,NULL,NULL,1,mc_qqps,35
-21023,190,20227,165303,94C2, 9.125000E+01,41,7,48,41,7,-4.445121E-01,-1.040899E+01,-8.561241E+00, 6.025887E+01, 5.943329E+01, 1.449592E+00, 1.278214E-01,-9.833174E+00,-6.391562E+00, 6.375539E+01, 5.214644E+01, 2.955504E+00, 5.410287E-01,4, 0.000000E+00,4, 0.000000E+00,0, 0.000000E+00,1, 4.625570E-01, 4.625570E-01, 4.625570E-01,NULL,NULL,1,mc_qqps,35
-21023,191,20227,165321,94C2, 9.125000E+01,19,8,27,19,8,-4.211991E+00, 1.472328E+01,-1.672151E+01, 6.511816E+01, 6.482545E+01, 3.411866E+00,-1.809311E+00, 6.751153E+00,-7.343895E+00, 7.918022E+01, 6.343942E+01, 1.345266E+01, 0.000000E+00,7, 1.501970E+01,4, 0.000000E+00,0, 0.000000E+00,3, 2.747580E+00, 6.093968E-01, 1.332226E+00,NULL,NULL,1,mc_qqps,35
-21023,192,20227,165336,94C2, 9.125000E+01,12,12,24,12,12,-8.647533E+00, 4.311671E+00, 2.405452E+00, 6.214811E+01, 6.195406E+01, 5.162838E+00,-1.001564E+01, 4.904467E+00, 2.590602E+00, 1.060890E+02, 5.774556E+01, 1.070579E+01, 3.323511E+01,11, 3.928068E+00,1, 0.000000E+00,0, 0.000000E+00,8, 9.166725E+00, 4.572298E-01, 2.250690E+00,NULL,NULL,1,mc_qqps,35
-21023,193,20227,165349,94C2, 9.125000E+01,20,5,25,20,5,-3.341934E+00, 1.433413E+01,-9.877451E+00, 6.222057E+01, 6.199452E+01, 3.099726E+00,-5.593981E+00, 1.265297E+01,-1.152408E+01, 8.220041E+01, 6.054714E+01, 8.518145E+00, 1.060203E+01,7, 5.512903E-01,0, 0.000000E+00,0, 0.000000E+00,3, 9.377810E+00, 8.596647E-01, 7.302514E+00,NULL,NULL,1,mc_qqps,35
-21023,194,20227,165401,94C2, 9.125000E+01,39,11,50,39,11, 3.527136E+00, 1.654033E+00,-8.209940E-01, 6.429804E+01, 6.362490E+01, 1.631408E+00, 3.493802E+00, 4.420281E-01,-8.427808E-01, 7.987956E+01, 5.477639E+01, 6.201819E+00, 4.942513E+00,16, 4.719512E+00,1, 0.000000E+00,0, 0.000000E+00,8, 1.009993E+01, 5.032910E-01, 2.402554E+00,NULL,NULL,1,mc_qqps,35
-21023,195,20227,165417,94C2, 9.125000E+01,46,9,55,46,9, 1.193702E+01, 8.571935E+00, 4.929035E+00, 6.563226E+01, 6.466490E+01, 1.405759E+00,-2.794876E-01, 8.818407E-01, 2.068692E+00, 8.790865E+01, 5.892598E+01, 9.302629E+00, 1.218216E+01,16, 8.695217E-01,0, 0.000000E+00,0, 0.000000E+00,6, 1.020184E+01, 8.992135E-01, 3.571810E+00,NULL,NULL,1,mc_qqps,35
-21023,196,20227,165430,94C2, 9.125000E+01,23,11,34,23,11, 2.251087E+02, 5.886557E+01,-1.967964E+02, 3.856730E+02, 3.853315E+02, 1.675355E+01, 2.240678E+02, 5.867031E+01,-1.961094E+02, 4.045444E+02, 7.332368E+01, 1.217038E+01, 6.697506E-01,12, 6.761543E+00,0, 0.000000E+00,0, 0.000000E+00,8, 1.666302E+01, 6.170478E-01, 4.893633E+00,NULL,NULL,1,mc_qqps,35
-21023,197,20227,165442,94C2, 9.125000E+01,25,15,40,25,15, 2.308273E+01,-3.294229E+00, 2.256100E+01, 5.682758E+01, 5.633339E+01, 2.253336E+00, 8.719421E+00,-2.449328E+00, 8.769552E+00, 9.496728E+01, 3.214585E+01, 3.795766E+01, 1.820403E-01,15, 1.201197E+00,0, 0.000000E+00,0, 0.000000E+00,13, 3.752361E+01, 5.453272E-01, 1.346120E+01,NULL,NULL,1,mc_qqps,35
-21023,198,20227,165455,94C2, 9.125000E+01,35,15,50,35,15, 9.287684E+00,-7.735858E+00, 1.018113E+01, 5.131311E+01, 5.062958E+01, 1.446559E+00, 1.020321E+01,-8.315415E+00, 1.180404E+01, 8.388246E+01, 4.359951E+01, 1.375818E+01, 7.959409E+00,16, 2.777038E+00,0, 0.000000E+00,0, 0.000000E+00,10, 2.122960E+01, 4.888355E-01, 1.085176E+01,1, 0.000000E+00,1,mc_qqps,35
-21023,199,20227,165513,94C2, 9.125000E+01,20,22,42,20,22,-6.143841E-01,-6.457937E-01, 5.651705E-01, 4.105694E+01, 4.083411E+01, 2.041705E+00, 7.113204E+00, 5.614058E+00, 7.418665E+00, 9.391338E+01, 4.102047E+01, 3.442316E+01, 1.789940E+01,18, 6.672947E+00,0, 0.000000E+00,0, 0.000000E+00,15, 3.537611E+01, 3.874818E-01, 8.439775E+00,NULL,NULL,1,mc_qqps,35
-21023,200,20227,165524,94C2, 9.125000E+01,19,10,29,19,10, 3.774064E+00, 6.445987E+00,-7.208063E-01, 5.342028E+01, 5.302809E+01, 2.790952E+00,-1.182866E+01,-1.103709E+01,-2.902162E-01, 8.597309E+01, 5.130941E+01, 2.549521E+01, 7.058252E+00,14, 1.115848E+01,0, 0.000000E+00,0, 0.000000E+00,7, 2.515321E+01, 8.404284E-01, 1.396344E+01,NULL,NULL,1,mc_qqps,35
-21023,201,20227,165536,94C2, 9.125000E+01,24,17,41,24,17,-7.386062E-01,-4.235541E+00,-6.350867E-02, 5.117002E+01, 5.081614E+01, 2.117339E+00,-1.474123E+00,-6.124084E+00, 3.416169E+00, 8.204710E+01, 4.895345E+01, 2.665312E+01, 1.395371E+00,18, 8.296618E+00,2, 0.000000E+00,0, 0.000000E+00,14, 2.848966E+01, 3.905233E-01, 5.665741E+00,NULL,NULL,1,mc_qqps,35
-21023,202,20227,165553,94C2, 9.125000E+01,49,23,72,49,23, 2.553053E-01,-6.324467E+00, 6.476410E+00, 6.419688E+01, 6.304773E+01, 1.286688E+00, 8.881341E+00,-1.210297E+00, 6.756289E-01, 1.204013E+02, 5.034401E+01, 3.025577E+01, 2.061922E+01,17, 1.583919E-01,0, 0.000000E+00,0, 0.000000E+00,13, 3.342490E+01, 5.075049E-01, 5.937567E+00,NULL,NULL,1,mc_qqps,35
-21023,203,20227,165611,94C2, 9.125000E+01,36,22,58,36,22,-1.478299E+00,-5.545576E+00, 4.079464E+00, 6.968766E+01, 6.901348E+01, 1.917041E+00, 3.639489E+00, 3.458233E+00,-2.337462E+00, 1.127633E+02, 6.102609E+01, 3.363011E+01, 6.000556E+00,23, 1.071095E+00,0, 0.000000E+00,0, 0.000000E+00,19, 3.554469E+01, 3.887980E-01, 8.442729E+00,NULL,NULL,1,mc_qqps,35
-21023,204,20227,165628,94C2, 9.125000E+01,19,4,23,19,4, 3.092800E+01, 9.602527E+00,-1.280423E+01, 6.112542E+01, 6.089072E+01, 3.204775E+00,-1.069283E-01, 6.250703E-02,-2.048460E-01, 9.872388E+01, 5.200768E+01, 3.727885E+01, 3.196124E-01,7, 4.363520E-01,0, 0.000000E+00,0, 0.000000E+00,3, 3.727885E+01, 1.389295E+00, 3.358497E+01,NULL,NULL,1,mc_qqps,35
-21023,205,20227,165643,94C2, 9.125000E+01,11,13,24,11,13,-6.877636E+00, 9.181645E-01, 4.134652E+00, 6.021708E+01, 6.013039E+01, 5.466400E+00, 1.125729E+00, 9.872305E-01,-9.250947E-01, 8.637418E+01, 6.012467E+01, 2.191329E+01, 1.141509E+00,16, 6.797334E+00,0, 0.000000E+00,0, 0.000000E+00,12, 2.501559E+01, 7.892204E-01, 4.835354E+00,NULL,NULL,1,mc_qqps,35
-21023,206,20227,165656,94C2, 9.125000E+01,38,22,60,38,22, 8.025177E+00,-1.437485E+01, 1.096419E+01, 5.251057E+01, 5.163215E+01, 1.358741E+00, 5.801475E+00,-9.225394E+00, 1.129664E+01, 1.050407E+02, 4.573635E+01, 3.460790E+01, 1.794748E+01,18, 5.265472E+00,0, 0.000000E+00,0, 0.000000E+00,11, 2.804879E+01, 4.792675E-01, 5.602395E+00,1, 0.000000E+00,1,mc_qqps,35
-21023,207,20227,165712,94C2, 9.125000E+01,35,7,42,35,7, 7.493565E+00, 5.454416E+00, 3.190560E+01, 1.422069E+02, 1.416304E+02, 4.046583E+00, 1.068909E+01, 5.020796E+00, 2.440430E+01, 1.538354E+02, 2.922922E+01, 1.162856E+01, 0.000000E+00,1, 0.000000E+00,12, 0.000000E+00,0, 0.000000E+00,1, 7.235063E-01, 7.235063E-01, 7.235063E-01,1, 0.000000E+00,1,mc_qqps,35
-21023,208,20227,165725,94C2, 9.125000E+01,40,12,52,40,12,-6.915568E-01,-8.741590E+00,-1.482231E-01, 6.351420E+01, 6.280236E+01, 1.570059E+00, 4.517016E-01,-9.362719E+00,-2.842171E-01, 8.386926E+01, 4.436023E+01, 1.452355E+01, 5.859654E+00,14, 4.632995E-01,0, 0.000000E+00,0, 0.000000E+00,8, 1.282642E+01, 3.312858E-01, 4.791337E+00,NULL,NULL,1,mc_qqps,35
-21023,209,20227,165744,94C2, 9.125000E+01,24,11,35,24,11, 6.374263E-01, 1.647672E+00, 3.344959E+00, 7.660546E+01, 7.625610E+01, 3.177337E+00,-1.330028E+00,-1.594233E+00, 1.336510E+00, 1.027119E+02, 7.163927E+01, 2.179129E+01, 0.000000E+00,15, 6.588575E+00,0, 0.000000E+00,0, 0.000000E+00,10, 2.470203E+01, 5.344391E-01, 5.899971E+00,NULL,NULL,1,mc_qqps,35
-21023,210,20227,165759,94C2, 9.125000E+01,46,11,57,46,11, 2.185436E+00,-6.909256E+00, 1.198328E+01, 7.764050E+01, 7.661558E+01, 1.665556E+00,-1.896294E+00,-5.624979E+00, 7.032442E+00, 9.831444E+01, 5.775480E+01, 1.863512E+01, 2.417215E-01,15, 3.125634E+00,0, 0.000000E+00,0, 0.000000E+00,9, 2.030649E+01, 5.798747E-01, 7.616541E+00,NULL,NULL,1,mc_qqps,35
-21023,211,20227,165814,94C2, 9.125000E+01,46,19,65,46,19,-1.386158E-01, 5.176941E+00, 4.038901E+00, 5.707774E+01, 5.576241E+01, 1.212226E+00, 4.936439E-01, 9.882223E+00, 8.739246E+00, 9.049435E+01, 4.139311E+01, 1.117453E+01, 2.229120E+01,1, 0.000000E+00,14, 9.301727E+00,0, 0.000000E+00,1, 9.565475E-01, 9.565475E-01, 9.565475E-01,1, 0.000000E+00,1,mc_qqps,35
-21023,212,20227,165828,94C2, 9.125000E+01,22,11,33,22,11, 2.048878E+00,-1.850616E+00,-1.699612E+00, 6.020049E+01, 5.995545E+01, 2.725248E+00,-1.112490E+01, 5.514563E+00, 2.874508E+00, 9.721164E+01, 5.917607E+01, 3.174805E+01, 5.263097E+00,17, 2.481901E+01,0, 0.000000E+00,0, 0.000000E+00,7, 2.880504E+01, 6.529713E-01, 1.432687E+01,NULL,NULL,1,mc_qqps,35
-21023,213,20227,165840,94C2, 9.125000E+01,25,18,43,25,18,-1.059706E+00,-8.351607E-01,-4.789302E-01, 3.659550E+01, 3.621469E+01, 1.448588E+00,-9.074125E-01, 1.848948E+00, 2.854420E+00, 7.371893E+01, 3.579162E+01, 3.538070E+01, 0.000000E+00,13, 5.400047E-01,9, 0.000000E+00,0, 0.000000E+00,9, 1.748525E+01, 5.702967E-01, 4.856922E+00,1, 0.000000E+00,1,mc_qqps,35
-21023,214,20227,165856,94C2, 9.125000E+01,38,14,52,38,14,-4.021844E+00, 1.821296E+01,-5.753939E+00, 6.995432E+01, 6.887262E+01, 1.812437E+00,-4.759758E-01, 9.536074E+00,-4.767090E+00, 9.254659E+01, 5.589881E+01, 2.185886E+01, 2.221278E-01,15, 0.000000E+00,0, 0.000000E+00,0, 0.000000E+00,11, 2.052781E+01, 5.112798E-01, 7.113701E+00,NULL,NULL,1,mc_qqps,35
-21023,215,20227,165917,94C2, 9.125000E+01,13,17,30,13,17,-3.951625E+00, 7.499650E-01,-2.519215E+01, 3.492119E+01, 3.469809E+01, 2.669084E+00,-3.709176E+00, 4.825278E-01,-2.818833E+01, 6.016719E+01, 6.939029E+00, 2.312899E+01, 2.117000E+00,0, 0.000000E+00,13, 8.695584E+00,0, 0.000000E+00,NULL,NULL,NULL,NULL,4, 0.000000E+00,0,mc_qqps,35
-21023,216,20227,165931,94C2, 9.125000E+01,28,12,40,28,12,-3.709942E+00, 1.036015E+01, 4.659354E+00, 6.704366E+01, 6.670686E+01, 2.382388E+00,-3.524328E-01,-2.983770E-01,-5.969210E-01, 8.891592E+01, 5.773587E+01, 1.019038E+01, 1.097526E+01,8, 1.861188E-01,4, 0.000000E+00,0, 0.000000E+00,4, 8.139273E+00, 7.066362E-01, 5.356960E+00,NULL,NULL,1,mc_qqps,35
-21023,217,20227,165948,94C2, 9.125000E+01,40,14,54,40,14,-2.565501E+00,-7.674683E-01,-1.446654E+01, 7.042063E+01, 6.982369E+01, 1.745592E+00,-8.267536E-01,-2.895002E+00,-1.507561E+00, 8.816046E+01, 3.392043E+01, 1.211074E+01, 5.629101E+00,2, 0.000000E+00,14, 8.144726E+00,0, 0.000000E+00,2, 8.113470E-01, 2.773220E-01, 5.340250E-01,1, 0.000000E+00,1,mc_qqps,35
-21023,218,20227,170008,94C2, 9.125000E+01,29,12,41,29,12,-9.428014E-01, 9.846832E-01, 1.462470E+00, 6.964450E+01, 6.901381E+01, 2.379786E+00,-4.617332E+00, 9.171406E+00, 1.230963E+01, 9.514778E+01, 6.253033E+01, 7.722697E+00, 1.778059E+01,3, 0.000000E+00,8, 0.000000E+00,0, 0.000000E+00,1, 2.575159E+00, 2.575159E+00, 2.575159E+00,1, 0.000000E+00,1,mc_qqps,35
-21023,219,20227,170025,94C2, 9.125000E+01,34,23,57,34,23,-3.449313E+00, 1.600921E+01, 7.965510E+00, 6.997915E+01, 6.938305E+01, 2.040678E+00, 1.608759E+00,-4.926234E+00,-2.972936E+00, 1.099207E+02, 6.226995E+01, 3.508766E+01, 0.000000E+00,27, 4.129906E+00,0, 0.000000E+00,0, 0.000000E+00,20, 2.892947E+01, 5.284353E-01, 4.809509E+00,NULL,NULL,1,mc_qqps,35
-21023,220,20227,170041,94C2, 9.125000E+01,27,14,41,27,14,-4.392680E+00, 5.781353E-03,-6.388260E-01, 6.322923E+01, 6.271275E+01, 2.322694E+00,-2.550098E-01,-1.542856E+00, 3.932256E-01, 1.163449E+02, 4.977612E+01, 2.465758E+01, 6.264456E+00,17, 6.983814E+00,0, 0.000000E+00,0, 0.000000E+00,13, 4.695136E+01, 4.791465E-01, 1.762363E+01,NULL,NULL,1,mc_qqps,35
-21023,221,20227,170052,94C2, 9.125000E+01,12,9,21,12,9,-8.701269E+00,-1.228760E+01,-9.333691E+00, 4.267550E+01, 4.253954E+01, 3.544962E+00,-1.641172E+00,-2.593530E+00, 9.137633E-02, 7.968738E+01, 4.153942E+01, 2.844092E+01, 8.570961E+00,5, 0.000000E+00,1, 0.000000E+00,0, 0.000000E+00,4, 2.682539E+01, 5.795993E-01, 1.908456E+01,NULL,NULL,1,mc_qqps,35
-21023,222,20227,170104,94C2, 9.125000E+01,16,15,31,16,15,-2.764085E-01,-1.003294E+00,-7.995264E+00, 6.032554E+01, 6.020763E+01, 3.762977E+00, 2.919839E+00, 2.654556E+00,-1.623098E+01, 8.615800E+01, 4.496603E+01, 2.491532E+01, 9.171301E-01,0, 0.000000E+00,17, 1.300365E+01,0, 0.000000E+00,NULL,NULL,NULL,NULL,1, 0.000000E+00,1,mc_qqps,35
-21023,223,20227,170116,94C2, 9.125000E+01,22,12,34,22,12,-2.417008E-01, 1.724111E+00,-2.428410E+00, 5.566077E+01, 5.516581E+01, 2.507537E+00,-1.032816E+00, 1.707017E+00,-3.814319E+00, 7.424661E+01, 5.341760E+01, 1.613815E+01, 1.050636E+00,14, 7.433678E+00,0, 0.000000E+00,0, 0.000000E+00,10, 1.677982E+01, 5.431724E-01, 5.710812E+00,NULL,NULL,1,mc_qqps,35
-21023,224,20227,170128,94C2, 9.125000E+01,37,11,48,37,11, 6.917407E+00, 3.809129E+00,-4.795381E+00, 8.206776E+01, 8.133633E+01, 2.198279E+00, 3.348275E+00,-1.325372E+00,-3.066444E+00, 9.875094E+01, 5.354697E+01, 9.136479E+00, 5.796171E+00,14, 3.175370E+00,0, 0.000000E+00,0, 0.000000E+00,7, 1.053662E+01, 6.574725E-01, 2.383445E+00,NULL,NULL,1,mc_qqps,35
-21023,225,20227,170144,94C2, 9.125000E+01,22,13,35,22,13,-3.696026E+00,-7.254232E+00,-1.696905E+01, 3.314958E+01, 3.265966E+01, 1.484530E+00,-3.102899E+00,-6.169319E+00,-1.394379E+01, 5.887463E+01, 6.310400E+00, 2.257295E+01, 3.152094E+00,1, 0.000000E+00,11, 2.595035E+00,0, 0.000000E+00,NULL,NULL,NULL,NULL,6, 0.000000E+00,0,mc_qqps,35
-21023,226,20227,170209,94C2, 9.125000E+01,14,12,26,14,12, 1.099661E+00, 8.125982E+00, 5.529989E+00, 1.490556E+01, 1.459404E+01, 1.042431E+00, 1.191174E+00, 8.474487E+00, 6.853439E+00, 6.505805E+01, 1.365717E+01, 1.331356E+01, 2.351766E+01,7, 1.276348E+00,2, 0.000000E+00,0, 0.000000E+00,6, 2.460140E+01, 1.434892E+00, 9.937143E+00,NULL,NULL,1,mc_qqps,35
-21023,227,20227,170220,94C2, 9.125000E+01,30,18,48,30,18,-1.792500E+01,-1.059264E+01, 2.322497E+00, 5.088377E+01, 5.030737E+01, 1.676912E+00,-1.172944E+01,-5.503029E+00, 2.760796E-01, 9.517715E+01, 4.689778E+01, 3.042017E+01, 1.266863E+01,11, 0.000000E+00,0, 0.000000E+00,0, 0.000000E+00,11, 2.397488E+01, 4.294747E-01, 7.085012E+00,NULL,NULL,1,mc_qqps,35
-21023,228,20227,170233,94C2, 9.125000E+01,34,31,65,34,31,-1.059116E+01, 2.018865E+00,-2.705820E+00, 5.920667E+01, 5.837296E+01, 1.716852E+00,-2.113533E-01,-1.406948E+00,-2.139492E+00, 9.210734E+01, 4.723619E+01, 2.600332E+01, 1.675608E+00,26, 6.175920E+00,3, 0.000000E+00,0, 0.000000E+00,25, 2.743210E+01, 3.920058E-01, 5.694763E+00,NULL,NULL,1,mc_qqps,35
-21023,229,20227,170251,94C2, 9.125000E+01,50,19,69,50,19, 1.185458E+01, 1.502684E+00, 9.645150E+00, 7.005145E+01, 6.887119E+01, 1.377424E+00, 1.603995E+01, 4.520813E+00, 8.346038E+00, 1.083303E+02, 5.039485E+01, 3.412291E+01, 3.209178E+00,18, 6.126024E+00,1, 0.000000E+00,0, 0.000000E+00,12, 2.903243E+01, 6.568446E-01, 1.169890E+01,NULL,NULL,1,mc_qqps,35
-21023,230,20227,170313,94C2, 9.125000E+01,28,10,38,28,10,-2.119654E+00,-1.107835E+01, 2.098715E+01, 8.486390E+01, 8.451774E+01, 3.018491E+00,-1.601547E+00,-3.091023E+00, 9.011259E+00, 1.141806E+02, 5.623955E+01, 1.226904E+01, 1.704824E+01,1, 0.000000E+00,10, 2.606327E+00,0, 0.000000E+00,NULL,NULL,NULL,NULL,NULL,NULL,1,mc_qqps,35
-21023,231,20227,170330,94C2, 9.125000E+01,13,6,19,13,6, 2.350458E-01,-1.810122E+00,-2.730647E+00, 2.259449E+01, 2.241257E+01, 1.724044E+00, 3.913737E+00, 1.531017E+01, 8.418782E+00, 6.604050E+01, 2.239186E+01, 5.840346E-01, 4.286197E+01,2, 0.000000E+00,0, 0.000000E+00,0, 0.000000E+00,1, 5.840346E-01, 5.840346E-01, 5.840346E-01,NULL,NULL,1,mc_qqps,35
-21023,232,20227,170340,94C2, 9.125000E+01,47,20,67,47,20, 1.632425E+00,-4.956036E+00,-1.166639E+00, 5.266782E+01, 5.141047E+01, 1.093840E+00, 2.007494E+00,-9.130819E+00,-2.319497E-01, 9.320906E+01, 3.984809E+01, 2.236983E+01, 1.391752E+01,20, 8.900368E+00,0, 0.000000E+00,0, 0.000000E+00,13, 2.415655E+01, 4.113389E-01, 4.846928E+00,NULL,NULL,1,mc_qqps,35
-21023,233,20227,170357,94C2, 9.125000E+01,40,21,61,40,21,-5.372390E-01,-8.676594E+00,-1.030453E+00, 6.070026E+01, 5.992403E+01, 1.498101E+00, 1.211245E-01,-5.738043E+00,-2.051961E+00, 8.437131E+01, 5.259038E+01, 2.159832E+01, 4.428189E-01,20, 2.226275E+00,1, 0.000000E+00,0, 0.000000E+00,16, 1.965504E+01, 4.195077E-01, 3.845255E+00,NULL,NULL,1,mc_qqps,35
-21023,234,20227,170417,94C2, 9.125000E+01,41,15,56,41,15,-1.183720E+01, 1.277377E+01,-5.107663E+00, 7.391332E+01, 7.299946E+01, 1.780475E+00,-1.580239E+01, 1.547351E+01,-6.195047E+00, 9.330735E+01, 5.620834E+01, 1.876593E+01, 6.280897E-01,17, 1.177298E+01,0, 0.000000E+00,0, 0.000000E+00,11, 1.838691E+01, 3.772933E-01, 7.935402E+00,NULL,NULL,1,mc_qqps,35
-21023,235,20227,170433,94C2, 9.125000E+01,17,13,30,17,13,-3.489458E+00, 5.903058E-02,-1.976113E+00, 4.476072E+01, 4.449385E+01, 2.617285E+00, 1.095734E+01, 3.195287E+00, 6.241424E+00, 7.450326E+01, 4.305001E+01, 2.450298E+01, 3.409444E-01,15, 1.041076E+01,0, 0.000000E+00,0, 0.000000E+00,9, 2.784047E+01, 4.283246E-01, 1.287729E+01,NULL,NULL,1,mc_qqps,35
-21023,236,20227,170443,94C2, 9.125000E+01,50,21,71,50,21, 1.705584E+01,-1.374844E+00, 7.011666E+00, 5.065627E+01, 4.947342E+01, 9.894685E-01, 4.821420E+00,-2.490182E+00, 9.183605E-01, 9.799841E+01, 3.775896E+01, 3.920522E+01, 6.826521E+00,22, 3.047375E+00,0, 0.000000E+00,0, 0.000000E+00,16, 3.936740E+01, 4.759681E-01, 1.322722E+01,NULL,NULL,1,mc_qqps,35
-21023,237,20227,170503,94C2, 9.125000E+01,45,18,63,45,18, 3.818051E-01, 3.620016E+00, 9.426330E-02, 6.198355E+01, 6.030159E+01, 1.340035E+00, 9.530823E-01, 1.448323E+00, 4.053435E+00, 8.578342E+01, 5.683188E+01, 1.778593E+01, 4.781963E+00,22, 1.476634E+01,0, 0.000000E+00,0, 0.000000E+00,13, 1.554906E+01, 3.480424E-01, 2.817725E+00,NULL,NULL,1,mc_qqps,35
-21023,238,20227,170527,94C2, 9.125000E+01,44,19,63,44,19,-2.285381E+00,-5.541011E+00,-1.355156E+00, 5.823780E+01, 5.718549E+01, 1.299670E+00, 1.217442E+00,-3.657764E+00,-2.632278E+00, 8.373784E+01, 5.299921E+01, 1.692606E+01, 4.631934E+00,17, 2.588447E+00,0, 0.000000E+00,0, 0.000000E+00,12, 1.751558E+01, 3.153922E-01, 3.626641E+00,1, 0.000000E+00,1,mc_qqps,35
-21023,239,20227,170552,94C2, 9.125000E+01,25,8,33,25,8,-5.540338E+00,-7.905827E+00,-6.184340E+00, 5.752768E+01, 5.721982E+01, 2.288793E+00,-8.331897E+00,-9.967350E+00,-1.072285E+01, 9.542516E+01, 4.185894E+01, 1.390386E+01, 2.400654E+01,4, 2.860703E+00,4, 0.000000E+00,0, 0.000000E+00,2, 7.163283E+00, 1.584983E+00, 5.578300E+00,NULL,NULL,1,mc_qqps,35
-21023,240,20227,170607,94C2, 9.125000E+01,42,11,53,42,11, 1.266802E+00, 2.642591E+00,-5.095652E+00, 7.192847E+01, 7.113435E+01, 1.693675E+00, 4.657815E-01, 3.209048E+00,-2.883099E+00, 8.384715E+01, 6.800961E+01, 4.702199E+00, 7.263305E+00,8, 3.325552E+00,4, 0.000000E+00,0, 0.000000E+00,1, 6.490319E-01, 6.490319E-01, 6.490319E-01,NULL,NULL,1,mc_qqps,35
-21023,241,20227,170627,94C2, 9.125000E+01,31,18,49,31,18,-3.958923E+00, 3.633409E+00, 2.104624E+00, 4.257105E+01, 4.193851E+01, 1.352855E+00,-2.609613E+00, 2.144048E+00,-3.946947E-01, 1.056837E+02, 3.792487E+01, 5.430141E+01, 4.263490E+00,17, 0.000000E+00,0, 0.000000E+00,0, 0.000000E+00,13, 5.424984E+01, 5.237766E-01, 1.589184E+01,NULL,NULL,1,mc_qqps,35
-21023,242,20227,170643,94C2, 9.125000E+01,36,13,49,36,13, 5.208271E+00,-4.554686E-01,-2.912672E+00, 6.700102E+01, 6.648646E+01, 1.846846E+00, 1.311344E+01, 1.903398E+00,-1.052373E+01, 8.949868E+01, 5.913459E+01, 7.762169E+00, 1.525791E+01,10, 1.234346E-01,3, 0.000000E+00,0, 0.000000E+00,6, 6.505947E+00, 3.694196E-01, 2.161634E+00,NULL,NULL,1,mc_qqps,35
-21023,243,20227,170701,94C2, 9.125000E+01,44,22,66,44,22,-2.537378E+00, 6.906190E+00, 9.332857E-01, 6.558224E+01, 6.465575E+01, 1.469449E+00,-6.301574E-01,-7.228455E+00, 3.606677E-02, 1.109551E+02, 5.723087E+01, 3.076717E+01, 1.206848E+01,22, 2.435456E+00,2, 0.000000E+00,0, 0.000000E+00,14, 2.863681E+01, 5.923368E-01, 6.985723E+00,NULL,NULL,1,mc_qqps,35
-21023,244,20227,170716,94C2, 9.125000E+01,37,16,53,37,16,-1.470230E+00,-3.898944E+00,-1.078006E+00, 4.672409E+01, 4.590762E+01, 1.240746E+00, 3.133597E+00,-1.830407E+01, 4.923419E+00, 8.600455E+01, 3.947052E+01, 2.261850E+01, 1.669290E+01,17, 8.390137E+00,0, 0.000000E+00,0, 0.000000E+00,10, 2.204277E+01, 4.289980E-01, 5.478984E+00,NULL,NULL,1,mc_qqps,35
-21023,245,20227,170734,94C2, 9.125000E+01,32,17,49,32,17, 4.228939E+00,-1.174488E+01, 8.017973E+00, 7.338512E+01, 7.276051E+01, 2.273766E+00,-5.529581E-01, 6.006123E+00,-3.809090E+00, 1.002723E+02, 6.910055E+01, 1.240171E+01, 1.268187E+01,15, 1.870618E+01,0, 0.000000E+00,0, 0.000000E+00,9, 1.079920E+01, 5.659058E-01, 2.331562E+00,NULL,NULL,1,mc_qqps,35
-21023,246,20227,170747,94C2, 9.125000E+01,38,12,50,38,12,-2.325333E+01,-3.474484E+01,-5.049505E+00, 1.239222E+02, 1.231504E+02, 3.240800E+00,-1.976030E+01,-3.083727E+01,-3.116066E+00, 1.466329E+02, 6.881931E+01, 1.865516E+01, 2.597627E-01,16, 8.764715E+00,1, 0.000000E+00,0, 0.000000E+00,10, 1.654303E+01, 6.714569E-01, 2.713478E+00,NULL,NULL,1,mc_qqps,35
-21023,247,20227,170802,94C2, 9.125000E+01,17,9,26,17,9, 1.400904E+01, 1.332476E+01, 5.457569E+00, 6.026931E+01, 6.005928E+01, 3.532899E+00, 5.818074E-01,-3.177142E+00,-3.089253E+00, 8.561407E+01, 5.910424E+01, 8.833064E+00, 0.000000E+00,12, 2.864054E+00,0, 0.000000E+00,0, 0.000000E+00,8, 2.501241E+01, 3.411691E-01, 1.651168E+01,NULL,NULL,1,mc_qqps,35
-21023,248,20227,170813,94C2, 9.125000E+01,25,11,36,25,11, 2.386220E+00,-1.894772E-02,-9.350470E-01, 5.503334E+01, 5.439605E+01, 2.175842E+00, 9.942335E+00, 1.674003E+01,-3.553064E+00, 7.585522E+01, 4.925512E+01, 2.082187E+01, 0.000000E+00,13, 1.569645E+01,0, 0.000000E+00,0, 0.000000E+00,9, 1.972100E+01, 3.664041E-01, 6.883421E+00,NULL,NULL,1,mc_qqps,35
-21023,249,20227,170826,94C2, 9.125000E+01,27,15,42,27,15,-1.970853E+00, 5.213985E-01,-3.616046E-01, 5.024208E+01, 4.989356E+01, 1.847910E+00, 3.644140E+00,-6.118922E+00,-3.357199E+00, 9.394830E+01, 4.846867E+01, 1.784313E+01, 1.806749E+01,15, 7.002888E-01,0, 0.000000E+00,0, 0.000000E+00,11, 2.565224E+01, 3.906467E-01, 7.075945E+00,NULL,NULL,1,mc_qqps,35
-21023,250,20227,170839,94C2, 9.125000E+01,31,11,42,31,11,-4.237081E+00,-1.026603E+01,-2.106666E+00, 6.880986E+01, 6.821972E+01, 2.200636E+00,-3.158072E+00,-1.540307E+01,-2.260801E+00, 8.604072E+01, 6.630412E+01, 1.280666E+01, 2.789672E+00,13, 4.506873E+00,1, 0.000000E+00,0, 0.000000E+00,5, 1.130168E+01, 7.778867E-01, 6.125609E+00,NULL,NULL,1,mc_qqps,35
-21023,251,20227,170854,94C2, 9.125000E+01,40,14,54,40,14,-3.261562E+00,-2.789115E+00,-6.024416E+00, 5.757584E+01, 5.678389E+01, 1.419597E+00, 3.525015E+01, 2.160015E+01, 4.404005E+01, 1.588981E+02, 4.219883E+01, 9.623405E+01, 1.063240E-01,11, 0.000000E+00,0, 0.000000E+00,0, 0.000000E+00,10, 3.937406E+01, 6.674460E-01, 1.753493E+01,NULL,NULL,1,mc_qqps,35
-21023,252,20227,170913,94C2, 9.125000E+01,43,19,62,43,19,-3.408429E+00,-3.179501E+00, 5.685364E+00, 6.466598E+01, 6.383673E+01, 1.484575E+00,-3.627255E+00,-3.822268E-01, 4.455710E+00, 9.211729E+01, 6.050852E+01, 2.472753E+01, 3.139135E-01,18, 3.797028E+00,6, 0.000000E+00,0, 0.000000E+00,10, 2.024534E+01, 4.302563E-01, 4.975973E+00,NULL,NULL,1,mc_qqps,35
-21023,253,20227,170932,94C2, 9.125000E+01,36,13,49,36,13,-4.421975E+00, 2.439092E+00,-1.887065E+00, 6.236265E+01, 6.160553E+01, 1.711265E+00, 3.613789E+00,-6.564692E-01,-1.114014E+00, 7.892306E+01, 5.838911E+01, 1.122182E+01, 5.338580E+00,14, 6.550336E+00,0, 0.000000E+00,0, 0.000000E+00,8, 1.073836E+01, 6.808345E-01, 2.167733E+00,1, 0.000000E+00,1,mc_qqps,35
-21023,254,20227,170947,94C2, 9.125000E+01,15,18,33,15,18, 1.799740E-01,-1.385579E+00, 5.647708E-01, 3.364787E+01, 3.332023E+01, 2.221349E+00, 2.937193E+00, 8.029493E+00,-2.074421E+00, 7.355851E+01, 3.235114E+01, 1.883216E+01, 2.031827E+01,15, 1.963629E+00,0, 0.000000E+00,0, 0.000000E+00,13, 1.876639E+01, 6.570745E-01, 3.004295E+00,1, 0.000000E+00,1,mc_qqps,35
-21023,255,20227,171001,94C2, 9.125000E+01,20,12,32,20,12, 4.842877E+00, 4.572957E+00,-4.826077E+00, 5.934154E+01, 5.915380E+01, 2.957690E+00,-1.490488E+01,-7.374935E+00, 1.021450E+01, 1.256544E+02, 5.942773E+01, 3.638994E+01, 2.296382E+01,12, 1.047494E-01,0, 0.000000E+00,0, 0.000000E+00,9, 4.340372E+01, 1.071085E+00, 1.513520E+01,NULL,NULL,1,mc_qqps,35
-21023,256,20227,171012,94C2, 9.125000E+01,15,17,32,15,17,-3.037820E+00, 3.584810E+00, 2.052829E+00, 4.510044E+01, 4.490012E+01, 2.993342E+00, 1.358054E+00, 1.614579E-01, 2.035605E+01, 7.435333E+01, 8.372586E+00, 1.719184E+01, 1.206105E+01,0, 0.000000E+00,17, 2.987555E+00,0, 0.000000E+00,NULL,NULL,NULL,NULL,1, 0.000000E+00,0,mc_qqps,35
-21023,257,20227,171023,94C2, 9.125000E+01,43,10,53,43,10,-6.324886E+00,-2.254134E+00, 4.001956E+00, 7.894407E+01, 7.799309E+01, 1.813793E+00,-1.701196E+01,-3.217641E+00, 8.245482E+00, 9.786717E+01, 7.070728E+01, 8.831264E+00, 8.489864E+00,11, 4.491152E+00,0, 0.000000E+00,0, 0.000000E+00,4, 9.837702E+00, 6.153923E-01, 7.013760E+00,1, 0.000000E+00,1,mc_qqps,35
-21023,258,20227,171039,94C2, 9.125000E+01,39,12,51,39,12,-2.247005E+00,-1.935521E+01, 5.281686E-01, 6.702121E+01, 6.610690E+01, 1.695049E+00,-1.811752E+00,-2.002308E-01,-1.021786E+00, 9.507788E+01, 4.944155E+01, 2.503877E+01, 2.565903E+00,18, 9.520811E-01,0, 0.000000E+00,0, 0.000000E+00,10, 2.506661E+01, 4.519162E-01, 1.110410E+01,NULL,NULL,1,mc_qqps,35
-21023,259,20227,171056,94C2, 9.125000E+01,33,9,42,33,9,-2.901394E+00,-2.777545E-01,-4.641874E-01, 9.213306E+01, 9.152057E+01, 2.773350E+00,-4.516684E+00, 3.927140E+00,-2.457947E+00, 1.009861E+02, 8.011304E+01, 8.056554E+00, 0.000000E+00,12, 2.183685E+00,0, 0.000000E+00,0, 0.000000E+00,6, 4.877347E+00, 4.119606E-01, 1.364283E+00,NULL,NULL,1,mc_qqps,35
-21023,260,20227,171111,94C2, 9.125000E+01,33,14,47,33,14, 3.999069E-01,-1.786277E+00,-1.383923E+00, 3.721180E+01, 3.643881E+01, 1.104206E+00, 2.034218E+00, 3.678567E+00,-2.657971E+00, 5.795794E+01, 3.284868E+01, 7.975144E+00, 6.681054E+00,10, 1.588197E-01,0, 0.000000E+00,0, 0.000000E+00,6, 1.054335E+01, 8.651654E-01, 4.120210E+00,NULL,NULL,1,mc_qqps,35
-21023,261,20227,171126,94C2, 9.125000E+01,31,13,44,31,13,-1.349886E+01, 9.552446E+01, 2.051560E+02, 3.048930E+02, 3.045315E+02, 9.823598E+00,-1.394229E+01, 9.842883E+01, 2.121812E+02, 3.268654E+02, 6.555274E+01, 2.138695E+01, 5.854664E-01,2, 0.000000E+00,18, 1.424621E+01,0, 0.000000E+00,1, 3.770270E-01, 3.770270E-01, 3.770270E-01,1, 0.000000E+00,1,mc_qqps,35
-21023,262,20227,171141,94C2, 9.125000E+01,35,8,43,35,8, 8.353804E+00,-3.820182E+00, 5.699811E+00, 8.508011E+01, 8.451281E+01, 2.414652E+00, 1.140396E+01,-4.320780E-01, 5.221608E+00, 9.651557E+01, 6.164389E+01, 1.034275E+01, 1.200523E+00,15, 1.636176E+01,0, 0.000000E+00,0, 0.000000E+00,6, 9.570581E+00, 5.375295E-01, 2.699859E+00,NULL,NULL,1,mc_qqps,35
-21023,263,20227,171208,94C2, 9.125000E+01,18,11,29,18,11,-1.700740E+00, 3.957013E+00, 2.219579E+00, 5.286626E+01, 5.267922E+01, 2.926623E+00,-3.551981E-01, 1.547201E+01, 1.095254E+01, 8.588581E+01, 3.590213E+01, 1.710146E+01, 1.591947E+01,11, 3.778269E+00,4, 1.159770E+00,0, 0.000000E+00,6, 1.218827E+01, 1.359376E+00, 3.433445E+00,NULL,NULL,1,mc_qqps,35
-21023,264,20227,171217,94C2, 9.125000E+01,20,8,28,20,8, 4.237039E+00, 2.629982E+00, 3.961132E+00, 3.654132E+01, 3.616937E+01, 1.808469E+00,-6.948574E+00,-5.870181E+00,-1.549158E+00, 8.032531E+01, 3.216074E+01, 1.499652E+01, 2.738054E+01,6, 0.000000E+00,0, 0.000000E+00,0, 0.000000E+00,6, 1.553548E+01, 6.011450E-01, 6.099298E+00,NULL,NULL,1,mc_qqps,35
-21023,265,20227,171228,94C2, 9.125000E+01,43,18,61,43,18,-7.199804E-01, 3.889650E+00, 2.236908E+01, 1.040467E+02, 1.028819E+02, 2.392603E+00,-8.120731E-02, 1.366915E+01,-8.762981E-01, 1.511788E+02, 3.788489E+01, 4.713209E+01, 0.000000E+00,0, 0.000000E+00,22, 4.243512E+00,0, 0.000000E+00,NULL,NULL,NULL,NULL,1, 0.000000E+00,1,mc_qqps,35
-21023,266,20227,171243,94C2, 9.125000E+01,32,11,43,32,11, 8.481945E-01, 1.276147E+01,-1.713996E+01, 7.735374E+01, 7.682897E+01, 2.400905E+00, 1.505877E+00, 1.061582E+01,-1.318751E+01, 1.090840E+02, 5.840888E+01, 2.043881E+01, 7.353963E-01,9, 2.484265E-01,1, 0.000000E+00,0, 0.000000E+00,8, 2.130570E+01, 6.892713E-01, 6.199557E+00,NULL,NULL,1,mc_qqps,35
-21023,267,20227,171256,94C2, 9.125000E+01,24,10,34,24,10,-6.252168E+00, 3.951020E+00,-1.131671E+00, 2.317065E+01, 2.258804E+01, 9.411684E-01,-8.105373E-01, 8.170959E-01,-1.969035E+00, 7.085677E+01, 1.719106E+01, 3.233892E+01, 1.534719E+01,10, 2.719182E+00,0, 0.000000E+00,0, 0.000000E+00,6, 3.233892E+01, 5.956181E-01, 2.337424E+01,NULL,NULL,1,mc_qqps,35
-21023,268,20227,171310,94C2, 9.125000E+01,22,17,39,22,17, 3.818055E+00,-2.726637E+00,-2.773103E+00, 3.699857E+01, 3.659953E+01, 1.663615E+00, 9.533872E+00,-1.031193E+01,-8.418244E+00, 6.662310E+01, 3.107028E+01, 2.605964E+01, 1.368109E+00,19, 1.649196E+00,0, 0.000000E+00,0, 0.000000E+00,15, 2.714515E+01, 5.580171E-01, 5.914268E+00,NULL,NULL,1,mc_qqps,35
-21023,269,20227,171322,94C2, 9.125000E+01,25,8,33,25,8,-2.860034E+00, 3.168485E+00,-8.044239E+00, 7.583945E+01, 7.544065E+01, 3.017626E+00,-2.987333E+00, 3.163614E+00,-6.181230E+00, 8.346770E+01, 6.521952E+01, 7.353631E+00, 2.746291E-01,1, 0.000000E+00,13, 2.890574E+00,0, 0.000000E+00,NULL,NULL,NULL,NULL,NULL,NULL,1,mc_qqps,35
-21023,270,20227,171334,94C2, 9.125000E+01,26,7,33,26,7, 2.358389E+01, 1.254666E+00,-7.972994E+00, 5.947153E+01, 5.903435E+01, 2.270552E+00,-5.269499E-01,-1.525268E+00, 3.127733E-01, 8.879748E+01, 5.485844E+01, 1.731727E+01, 1.200867E+01,9, 1.207858E+00,0, 0.000000E+00,0, 0.000000E+00,2, 1.693127E+01, 1.289207E+00, 1.564206E+01,NULL,NULL,1,mc_qqps,35
-21023,271,20227,171347,94C2, 9.125000E+01,32,18,50,32,18, 4.642119E+00,-3.200216E+00,-6.184143E+00, 6.895911E+01, 6.841298E+01, 2.137906E+00, 4.117634E-01,-3.057034E+00,-1.995102E+00, 9.293575E+01, 6.138337E+01, 1.638244E+01, 6.869000E+00,10, 0.000000E+00,6, 0.000000E+00,0, 0.000000E+00,7, 7.971347E+00, 4.091866E-01, 2.013374E+00,NULL,NULL,1,mc_qqps,35
-21023,272,20227,171401,94C2, 9.125000E+01,48,9,57,48,9, 1.473377E+00, 1.472621E+00, 2.480018E-01, 6.908716E+01, 6.808495E+01, 1.418436E+00, 2.349961E+00, 1.590788E+00,-2.240762E+00, 7.844557E+01, 2.977312E+01, 9.358405E+00, 0.000000E+00,2, 2.957855E-01,12, 8.173181E-01,0, 0.000000E+00,NULL,NULL,NULL,NULL,3, 0.000000E+00,1,mc_qqps,35
-21023,273,20227,171420,94C2, 9.125000E+01,41,15,56,41,15,-1.285919E+00,-4.737915E+00,-1.088655E+01, 6.870358E+01, 6.784883E+01, 1.654850E+00,-2.847118E+00,-5.366479E+00,-1.202691E+01, 8.269449E+01, 5.606878E+01, 1.199676E+01, 1.999515E+00,4, 0.000000E+00,10, 0.000000E+00,0, 0.000000E+00,2, 2.037847E+00, 7.800435E-01, 1.257804E+00,NULL,NULL,1,mc_qqps,35
-21023,274,20227,171439,94C2, 9.125000E+01,37,15,52,37,15, 1.190827E+01,-1.351991E+00,-9.428883E+00, 5.955616E+01, 5.855053E+01, 1.582447E+00, 5.440722E+00, 1.620075E+00,-1.055512E+01, 8.321381E+01, 5.017367E+01, 1.733028E+01, 0.000000E+00,9, 5.765958E+00,9, 1.190507E+00,0, 0.000000E+00,7, 1.338062E+01, 2.716114E-01, 6.327396E+00,1, 0.000000E+00,1,mc_qqps,35
-21023,275,20227,171457,94C2, 9.125000E+01,39,17,56,39,17, 5.032503E+00,-2.785144E+00,-1.405605E+01, 3.814968E+01, 3.687359E+01, 9.454767E-01, 2.414810E+00, 1.953993E+00, 1.341462E-01, 8.166556E+01, 1.717349E+01, 2.585352E+01, 1.766418E+01,2, 0.000000E+00,9, 5.246712E-01,0, 0.000000E+00,1, 2.037794E+00, 2.037794E+00, 2.037794E+00,1, 0.000000E+00,1,mc_qqps,35
-21023,276,20227,171515,94C2, 9.125000E+01,48,21,69,48,21, 2.635297E+00,-2.654469E+00,-1.771262E+01, 8.002303E+01, 7.893600E+01, 1.644500E+00, 2.523099E+00,-3.979753E+00,-2.017616E+01, 1.031231E+02, 4.614228E+01, 2.088922E+01, 2.210891E+00,2, 0.000000E+00,22, 6.602042E+00,0, 0.000000E+00,2, 1.869351E+00, 9.061170E-01, 9.632343E-01,1, 0.000000E+00,1,mc_qqps,35
-21023,277,20227,171531,94C2, 9.125000E+01,37,15,52,37,15, 6.492543E+00,-2.015079E+00, 4.148334E+01, 1.062688E+02, 1.056278E+02, 2.854805E+00, 5.348905E+00,-8.963224E-01, 3.023221E+01, 1.330431E+02, 1.473627E+01, 2.412644E+01, 1.489131E+00,3, 0.000000E+00,18, 2.691888E+01,0, 0.000000E+00,3, 4.867578E+00, 7.871656E-01, 3.204746E+00,NULL,NULL,1,mc_qqps,35
-21023,278,20227,171545,94C2, 9.125000E+01,54,10,64,54,10, 7.056305E+00,-6.679502E+00, 3.208272E+00, 7.738701E+01, 7.529538E+01, 1.394359E+00, 7.511510E-01,-2.829960E+00, 9.185746E-01, 8.864021E+01, 6.625699E+01, 1.009006E+01, 1.163158E+00,14, 2.950655E+00,0, 0.000000E+00,0, 0.000000E+00,6, 9.041396E+00, 6.684737E-01, 5.083681E+00,NULL,NULL,1,mc_qqps,35
-21023,279,20227,171601,94C2, 9.125000E+01,29,19,48,29,19,-2.768862E+00, 3.387950E-01, 2.948708E-01, 6.126252E+01, 6.092780E+01, 2.100958E+00, 1.029885E+01,-2.626297E+00, 2.666460E+00, 9.684456E+01, 5.878239E+01, 3.365481E+01, 5.661626E-01,20, 6.710132E+00,0, 0.000000E+00,0, 0.000000E+00,16, 3.140263E+01, 4.123779E-01, 5.926441E+00,NULL,NULL,1,mc_qqps,35
-21023,280,20227,171614,94C2, 9.125000E+01,35,16,51,35,16,-9.908645E+00,-6.124526E+00,-3.068610E-01, 5.459799E+01, 5.357602E+01, 1.530743E+00,-5.910457E+00,-7.772533E+00,-4.120491E+00, 7.742417E+01, 4.805022E+01, 1.102586E+01, 3.520408E+00,16, 5.864202E-01,1, 0.000000E+00,0, 0.000000E+00,11, 1.909781E+01, 5.385687E-01, 3.596099E+00,NULL,NULL,1,mc_qqps,35
-21023,281,20227,171629,94C2, 9.125000E+01,28,20,48,28,20,-4.345528E+00,-2.009466E+00, 3.259612E+00, 4.394899E+01, 4.351773E+01, 1.554205E+00, 1.491253E+00,-3.722835E+00, 1.511974E+00, 9.773680E+01, 4.151535E+01, 2.899501E+01, 1.901965E+01,19, 3.496454E+00,0, 0.000000E+00,0, 0.000000E+00,15, 3.494918E+01, 5.860376E-01, 6.672934E+00,NULL,NULL,1,mc_qqps,35
-21023,282,20227,171643,94C2, 9.125000E+01,37,16,53,37,16,-1.658035E+00, 2.624239E+00,-5.001724E-01, 5.406797E+01, 5.312049E+01, 1.435689E+00,-3.243966E-01,-4.142838E+00, 9.397326E-01, 9.901551E+01, 4.007734E+01, 4.013826E+01, 4.002667E+00,21, 1.495541E+00,0, 0.000000E+00,0, 0.000000E+00,13, 3.727185E+01, 3.425767E-01, 1.045984E+01,NULL,NULL,1,mc_qqps,35
-21023,283,20227,171700,94C2, 9.125000E+01,24,11,35,24,11, 5.262947E+00,-3.495105E+01,-6.096188E+00, 5.778001E+01, 5.722494E+01, 2.384372E+00, 9.922218E-01, 4.923058E-02,-1.595063E-01, 1.001332E+02, 4.851971E+01, 1.341041E+01, 2.831016E+01,13, 9.569666E+00,0, 0.000000E+00,0, 0.000000E+00,7, 1.271571E+01, 6.326609E-01, 3.066581E+00,NULL,NULL,1,mc_qqps,35
-21023,284,20227,171718,94C2, 9.125000E+01,39,10,49,39,10,-1.346848E+00, 1.123934E+01, 3.538945E+00, 1.080209E+02, 1.071605E+02, 2.747705E+00, 9.595146E+00, 1.279139E+01, 5.691417E+00, 1.245817E+02, 5.288131E+01, 8.391853E+00, 3.799988E+00,15, 1.237870E+00,0, 0.000000E+00,0, 0.000000E+00,8, 1.241768E+01, 9.636820E-01, 2.485195E+00,NULL,NULL,1,mc_qqps,35
-21023,285,20227,171734,94C2, 9.125000E+01,11,5,16,11,5,-8.658268E-02, 1.807702E+00,-5.879406E-01, 3.827412E+01, 3.819885E+01, 3.472623E+00, 7.450223E-02,-1.349128E+00, 1.172901E+00, 6.296887E+01, 3.159359E+01, 1.418657E+01, 1.050938E+01,7, 3.434429E+01,0, 0.000000E+00,0, 0.000000E+00,4, 1.418538E+01, 5.518227E-01, 7.651998E+00,NULL,NULL,1,mc_qqps,35
-21023,286,20227,171742,94C2, 9.125000E+01,32,14,46,32,14,-2.485186E+00, 1.664461E+01,-4.149950E+00, 7.622720E+01, 7.552997E+01, 2.360312E+00, 8.303429E-02,-3.188397E+00, 1.707703E+00, 1.033207E+02, 7.307199E+01, 1.649162E+01, 6.523744E+00,13, 6.878194E-01,0, 0.000000E+00,0, 0.000000E+00,9, 1.790700E+01, 1.048924E+00, 3.070226E+00,NULL,NULL,1,mc_qqps,35
-21023,287,20227,171756,94C2, 9.125000E+01,35,17,52,35,17, 3.506757E+00, 3.178499E-01,-1.561966E+00, 7.310538E+01, 7.243575E+01, 2.069593E+00, 7.533760E+00,-8.653768E-01,-3.945589E+00, 9.870892E+01, 6.839259E+01, 1.306994E+01, 4.443549E+00,18, 8.565418E-01,0, 0.000000E+00,0, 0.000000E+00,12, 1.947985E+01, 5.161374E-01, 8.121736E+00,NULL,NULL,1,mc_qqps,35
-21023,288,20227,171811,94C2, 9.125000E+01,53,14,67,53,14, 2.287549E+00,-2.266569E+01,-2.784026E+00, 6.076624E+01, 5.946731E+01, 1.122025E+00,-1.904495E+00,-1.153488E+01,-2.919010E+00, 1.015338E+02, 4.172652E+01, 1.819135E+01, 2.068882E+01,14, 7.639593E-01,1, 0.000000E+00,0, 0.000000E+00,6, 1.082056E+01, 7.488520E-01, 2.910039E+00,NULL,NULL,1,mc_qqps,35
-21023,289,20227,171833,94C2, 9.125000E+01,17,8,25,17,8, 2.026358E+01, 6.605570E+00,-1.628381E+01, 3.546797E+01, 3.530017E+01, 2.076481E+00, 3.305298E+00,-2.724361E+00, 6.139253E-01, 7.134216E+01, 2.808812E+01, 3.375430E+01, 0.000000E+00,13, 1.384323E+00,1, 0.000000E+00,0, 0.000000E+00,8, 3.587420E+01, 4.586507E-01, 2.646059E+01,NULL,NULL,1,mc_qqps,35
-21023,290,20227,171847,94C2, 9.125000E+01,23,19,42,23,19, 1.215315E+01,-4.929235E+00, 1.542490E+01, 5.055624E+01, 5.010452E+01, 2.178457E+00, 2.014448E+01,-8.864214E+00, 2.239474E+01, 8.597102E+01, 4.954718E+01, 2.859578E+01, 5.596398E+00,14, 1.033375E-01,0, 0.000000E+00,0, 0.000000E+00,13, 2.483811E+01, 3.785689E-01, 6.049868E+00,NULL,NULL,1,mc_qqps,35
-21023,291,20227,171900,94C2, 9.125000E+01,58,27,85,58,27, 4.425767E+00, 7.857235E+00, 4.133107E-01, 6.566898E+01, 6.448353E+01, 1.111785E+00,-6.533643E+00, 4.920393E+00,-4.171785E+00, 1.134206E+02, 4.910218E+01, 2.440459E+01, 1.306651E+01,30, 3.195084E+00,0, 0.000000E+00,0, 0.000000E+00,20, 3.152454E+01, 3.584629E-01, 8.354238E+00,NULL,NULL,1,mc_qqps,35
-21023,292,20227,171920,94C2, 9.125000E+01,22,15,37,22,15,-2.452305E+00,-5.798500E-01,-3.789646E+00, 6.859682E+01, 6.831284E+01, 3.105129E+00, 7.159405E+00, 2.152153E+00, 1.035125E+01, 8.924601E+01, 6.338241E+01, 2.064919E+01, 0.000000E+00,3, 3.459920E-01,15, 2.705761E+00,0, 0.000000E+00,1, 1.015842E+00, 1.015842E+00, 1.015842E+00,NULL,NULL,1,mc_qqps,35
-21023,293,20227,171934,94C2, 9.125000E+01,43,18,61,43,18,-4.699503E+00, 3.199415E+00,-6.535677E+00, 6.291621E+01, 6.201709E+01, 1.442258E+00,-3.470495E+00, 1.622316E+00,-6.066065E+00, 9.367704E+01, 5.566319E+01, 1.601863E+01, 5.646972E+00,13, 1.893314E+00,4, 0.000000E+00,0, 0.000000E+00,9, 1.697528E+01, 5.070791E-01, 4.701419E+00,NULL,NULL,1,mc_qqps,35
-21023,294,20227,171951,94C2, 9.125000E+01,55,15,70,55,15,-2.527956E+00, 1.170852E+01, 1.063117E+01, 8.918839E+01, 8.770510E+01, 1.594638E+00,-1.281377E+00, 1.254179E+01, 1.318627E+01, 1.096516E+02, 6.469962E+01, 9.453821E+00, 5.036748E+00,17, 3.694788E+00,2, 0.000000E+00,0, 0.000000E+00,9, 1.436282E+01, 4.399776E-01, 5.013510E+00,NULL,NULL,1,mc_qqps,35
-21023,295,20227,172016,94C2, 9.125000E+01,40,16,56,40,16, 4.457502E+00,-2.420401E-01,-7.722989E-01, 6.426108E+01, 6.347817E+01, 1.586954E+00, 4.429029E-01,-2.906965E+00,-5.685375E+00, 9.903514E+01, 5.734510E+01, 1.344841E+01, 1.310363E+01,18, 8.947495E+00,0, 0.000000E+00,0, 0.000000E+00,11, 2.126149E+01, 4.396707E-01, 4.307489E+00,NULL,NULL,1,mc_qqps,35
-21023,296,20227,172035,94C2, 9.125000E+01,38,9,47,38,9, 2.229223E+00, 4.515682E+00,-8.315052E+00, 8.744880E+01, 8.691056E+01, 2.287120E+00,-6.398945E-01, 7.466563E-01,-2.325680E-01, 1.069713E+02, 7.036166E+01, 1.878331E+01, 0.000000E+00,3, 0.000000E+00,18, 1.316964E+01,0, 0.000000E+00,1, 7.391638E-01, 7.391638E-01, 7.391638E-01,NULL,NULL,1,mc_qqps,35
-21023,297,20227,172047,94C2, 9.125000E+01,29,16,45,29,16, 1.398932E+00,-4.417799E+00, 8.001377E+00, 7.029958E+01, 6.991621E+01, 2.410904E+00, 3.808433E-01,-5.298853E+00, 7.290403E+00, 9.696037E+01, 5.748608E+01, 2.372143E+01, 1.923917E+00,15, 5.400502E+00,0, 0.000000E+00,0, 0.000000E+00,11, 1.814616E+01, 6.383096E-01, 3.458722E+00,NULL,NULL,1,mc_qqps,35
-21023,298,20227,172101,94C2, 9.125000E+01,47,23,70,47,23, 1.094219E+00,-1.030772E+01, 7.554655E-01, 5.268774E+01, 5.190884E+01, 1.104443E+00,-2.741489E+00, 3.115395E+00, 6.469777E+00, 1.031258E+02, 4.158054E+01, 1.784137E+01, 3.156996E+01,24, 1.098428E+00,1, 0.000000E+00,0, 0.000000E+00,15, 1.652684E+01, 3.529164E-01, 2.417510E+00,NULL,NULL,1,mc_qqps,35
-21023,299,20227,172124,94C2, 9.125000E+01,27,16,43,27,16, 3.404013E-01,-9.523934E-01,-4.736794E+01, 5.574129E+01, 5.524546E+01, 2.046128E+00, 2.176536E+00, 5.847746E-01,-3.366879E+01, 8.519507E+01, 4.168509E+00, 2.945378E+01, 0.000000E+00,2, 0.000000E+00,22, 1.154805E+01,0, 0.000000E+00,1, 6.668435E-01, 6.668435E-01, 6.668435E-01,2, 0.000000E+00,0,mc_qqps,35
-21023,300,20227,172141,94C2, 9.125000E+01,27,12,39,27,12,-6.644882E+00,-1.614574E+01, 2.011437E+01, 5.245932E+01, 5.193700E+01, 1.923593E+00,-4.735266E+00,-1.290586E+01, 1.888426E+01, 7.052533E+01, 5.010789E+01, 1.610818E+01, 1.442019E+00,9, 5.709529E-01,4, 0.000000E+00,0, 0.000000E+00,5, 1.127687E+01, 5.158124E-01, 6.727746E+00,NULL,NULL,1,mc_qqps,35
-21023,301,20227,172157,94C2, 9.125000E+01,40,6,46,40,6, 1.504133E+01, 2.158759E+01, 6.171094E+01, 9.275336E+01, 9.163248E+01, 2.290812E+00, 1.439694E+01, 2.087315E+01, 6.047167E+01, 1.062653E+02, 2.648681E+01, 7.366899E+00, 6.145032E+00,0, 0.000000E+00,10, 1.602420E+01,0, 0.000000E+00,NULL,NULL,NULL,NULL,NULL,NULL,1,mc_qqps,35
-21023,302,20227,172210,94C2, 9.125000E+01,28,12,40,28,12, 2.672052E+00,-5.872450E+00,-8.709735E-01, 3.215548E+01, 3.128466E+01, 1.117309E+00, 1.203935E+01,-2.224251E+01,-8.072564E+00, 5.527348E+01, 2.890800E+01, 1.590904E+01, 3.269186E+00,13, 3.686093E-01,0, 0.000000E+00,0, 0.000000E+00,9, 1.984883E+01, 4.322674E-01, 4.674839E+00,NULL,NULL,1,mc_qqps,35
-21023,303,20227,172224,94C2, 9.125000E+01,45,15,60,45,15,-1.245912E+01,-1.522359E+01,-6.362072E+01, 1.242947E+02, 1.236254E+02, 2.747231E+00,-1.403175E+01,-1.538867E+01,-6.118971E+01, 1.430616E+02, 7.333201E+01, 1.715100E+01, 1.615902E+00,4, 0.000000E+00,16, 5.389767E+00,0, 0.000000E+00,4, 3.097601E+00, 6.219051E-01, 1.118941E+00,2, 0.000000E+00,1,mc_qqps,35
-21023,304,20227,172243,94C2, 9.125000E+01,46,21,67,46,21,-6.293809E+00,-4.247596E-01,-8.096033E-01, 7.343739E+01, 7.271235E+01, 1.580703E+00, 9.739249E-01, 3.092315E+00, 3.270854E-01, 9.949168E+01, 5.752423E+01, 2.098460E+01, 3.195175E+00,18, 3.373097E-01,4, 0.000000E+00,0, 0.000000E+00,11, 1.672012E+01, 4.463366E-01, 3.478389E+00,NULL,NULL,1,mc_qqps,35
-21023,305,20227,172302,94C2, 9.125000E+01,18,13,31,18,13,-1.705381E+00, 4.154787E+00,-5.767283E+00, 4.092645E+01, 4.069383E+01, 2.260768E+00,-2.380711E+00, 1.368124E+00, 6.680727E-02, 6.748746E+01, 2.920395E+01, 2.457312E+01, 1.987880E+00,4, 1.149377E+00,10, 4.647802E+00,0, 0.000000E+00,3, 4.841733E+00, 8.588333E-01, 2.900491E+00,NULL,NULL,1,mc_qqps,35
-21023,306,20227,172318,94C2, 9.125000E+01,25,11,36,25,11,-3.238947E+00, 8.336934E-01, 1.610756E+00, 6.890744E+01, 6.839230E+01, 2.735692E+00,-9.271098E+00, 3.426358E+00, 1.966373E+00, 8.531036E+01, 6.239470E+01, 1.252409E+01, 3.102488E+00,15, 1.091553E+01,0, 0.000000E+00,0, 0.000000E+00,9, 1.306241E+01, 7.362284E-01, 2.988416E+00,NULL,NULL,1,mc_qqps,35
-21023,307,20227,172331,94C2, 9.125000E+01,33,14,47,33,14, 1.286237E+00, 2.245332E+00, 5.366715E-01, 7.641482E+01, 7.568793E+01, 2.293574E+00, 3.501329E+00, 6.420307E+00, 6.746572E+00, 9.869757E+01, 6.970507E+01, 2.059890E+01, 1.683857E+00,5, 1.939235E-01,5, 0.000000E+00,0, 0.000000E+00,4, 8.235890E+00, 4.872442E-01, 5.435686E+00,NULL,NULL,1,mc_qqps,35
-21023,308,20227,172349,94C2, 9.125000E+01,34,7,41,34,7,-7.167390E+00,-3.412356E-02,-3.673813E-01, 3.860942E+01, 3.756130E+01, 1.104744E+00,-6.013245E+00, 1.663327E-01, 4.130804E-01, 5.067557E+01, 3.430794E+01, 3.416633E+00, 7.939929E+00,6, 1.184623E-01,0, 0.000000E+00,0, 0.000000E+00,3, 3.062259E+00, 7.095880E-01, 1.410617E+00,NULL,NULL,1,mc_qqps,35
-21023,309,20227,172408,94C2, 9.125000E+01,34,14,48,34,14,-1.086065E+01,-1.762495E+01,-5.868682E+00, 5.260674E+01, 5.173892E+01, 1.521733E+00, 6.083064E+00, 7.492346E+00, 3.298727E+00, 9.834548E+01, 4.869545E+01, 3.867200E+01, 5.409193E+00,16, 3.940940E+00,0, 0.000000E+00,0, 0.000000E+00,10, 3.625626E+01, 3.678583E-01, 1.145292E+01,NULL,NULL,1,mc_qqps,35
-21023,310,20227,172425,94C2, 9.125000E+01,28,10,38,28,10,-2.962137E+00,-8.402604E-01,-5.041768E+00, 6.832793E+01, 6.767661E+01, 2.417022E+00,-4.060172E+00,-5.938775E-01,-5.145838E+00, 7.529228E+01, 6.218111E+01, 6.296163E+00, 6.681811E-01,4, 0.000000E+00,5, 0.000000E+00,0, 0.000000E+00,2, 2.042960E+00, 6.586441E-01, 1.384316E+00,NULL,NULL,1,mc_qqps,35
-21023,311,20227,172442,94C2, 9.125000E+01,26,13,39,26,13,-1.087622E+00, 7.480482E+00,-1.743904E+01, 7.242872E+01, 7.213380E+01, 2.774377E+00, 1.758721E+00, 5.802676E+00,-1.475483E+01, 9.070087E+01, 5.582647E+01, 9.393091E+00, 8.879064E+00,6, 2.415154E+00,14, 6.665966E+00,0, 0.000000E+00,3, 2.639798E+00, 5.627092E-01, 1.208301E+00,NULL,NULL,1,mc_qqps,35
-21023,312,20227,172458,94C2, 9.125000E+01,36,8,44,36,8, 4.650382E+00,-5.759005E+00,-8.144353E+00, 6.497396E+01, 6.440357E+01, 1.788988E+00,-7.141458E+00, 7.520839E+00, 5.050527E+00, 8.919665E+01, 5.231809E+01, 1.496643E+01, 2.245629E+00,13, 1.523352E+00,0, 0.000000E+00,0, 0.000000E+00,7, 2.227405E+01, 4.353247E-01, 7.307625E+00,NULL,NULL,1,mc_qqps,35
-21023,313,20227,172513,94C2, 9.125000E+01,21,10,31,21,10, 7.677764E+00, 7.907064E+00,-6.480391E+00, 4.274964E+01, 4.227157E+01, 2.012932E+00,-1.270290E+01,-1.439711E+01, 1.486917E+01, 8.659798E+01, 3.966121E+01, 3.864370E+01, 4.805382E+00,11, 3.213615E+00,1, 0.000000E+00,0, 0.000000E+00,6, 2.895678E+01, 3.992560E-01, 1.828337E+01,NULL,NULL,1,mc_qqps,35
-21023,314,20227,172527,94C2, 9.125000E+01,25,19,44,25,19,-4.516150E-01,-7.902588E+00, 4.574011E-01, 4.026309E+01, 3.982218E+01, 1.592887E+00, 2.947051E+00, 8.245357E+00,-5.286507E+00, 8.198204E+01, 3.966034E+01, 2.996129E+01, 1.175765E+01,22, 8.297215E+00,0, 0.000000E+00,0, 0.000000E+00,15, 2.727053E+01, 7.246908E-01, 4.831594E+00,NULL,NULL,1,mc_qqps,35
-21023,315,20227,172542,94C2, 9.125000E+01,45,19,64,45,19, 3.314084E+00,-9.976918E+00,-2.079465E+01, 4.279979E+01, 4.180983E+01, 9.291074E-01, 2.974622E+00,-4.524029E+00,-8.893210E+00, 7.043633E+01, 1.984216E+01, 1.665913E+01, 1.097741E+01,1, 0.000000E+00,18, 2.239457E+00,0, 0.000000E+00,1, 3.720229E-01, 3.720229E-01, 3.720229E-01,1, 0.000000E+00,1,mc_qqps,35
-21023,316,20227,172603,94C2, 9.125000E+01,26,9,35,26,9,-1.855727E+00, 1.442098E+01,-1.563753E+00, 4.339751E+01, 4.295767E+01, 1.652218E+00, 2.331849E+00,-8.697890E+00, 2.289915E+00, 8.165935E+01, 2.728950E+01, 1.637058E+01, 1.882091E+01,10, 1.890373E+00,0, 0.000000E+00,0, 0.000000E+00,7, 1.944092E+01, 4.711331E-01, 1.174610E+01,NULL,NULL,1,mc_qqps,35
-21023,317,20227,172615,94C2, 9.125000E+01,46,12,58,46,12,-9.942604E-01, 5.063035E-01,-3.998007E+00, 7.832072E+01, 7.760298E+01, 1.687021E+00,-5.892091E+00,-9.586025E-01,-3.346961E+00, 9.033839E+01, 6.900906E+01, 6.596543E+00, 1.573406E+00,18, 1.251716E+01,0, 0.000000E+00,0, 0.000000E+00,8, 9.173948E+00, 3.870007E-01, 2.216957E+00,1, 0.000000E+00,1,mc_qqps,35
-21023,318,20227,172635,94C2, 9.125000E+01,29,18,47,29,18,-3.434161E+00,-9.530778E-01, 1.435377E+00, 5.542437E+01, 5.491789E+01, 1.893720E+00,-6.369821E+00,-3.179586E+00, 1.144514E+00, 9.369183E+01, 5.165639E+01, 2.193036E+01, 7.916720E-01,25, 1.323865E+01,0, 0.000000E+00,0, 0.000000E+00,14, 3.248664E+01, 5.154123E-01, 1.141935E+01,NULL,NULL,1,mc_qqps,35
-21023,319,20227,172650,94C2, 9.125000E+01,31,18,49,31,18,-5.417719E-01, 1.895780E+00,-2.386358E+00, 7.184171E+01, 7.140446E+01, 2.303370E+00,-2.292464E+00, 7.162261E-02,-2.754492E-01, 1.177005E+02, 5.651910E+01, 4.485486E+01, 1.003897E+00,21, 4.589920E+00,0, 0.000000E+00,0, 0.000000E+00,13, 3.989817E+01, 7.603096E-01, 8.882184E+00,NULL,NULL,1,mc_qqps,35
-21023,320,20227,172703,94C2, 9.125000E+01,31,19,50,31,19, 4.749658E+00,-9.166749E+00, 5.923293E-01, 5.583896E+01, 5.501783E+01, 1.774769E+00, 1.684256E+00,-2.086561E+00,-6.677012E-01, 9.388841E+01, 5.297975E+01, 2.861341E+01, 6.085338E+00,19, 6.060872E+00,1, 0.000000E+00,0, 0.000000E+00,12, 2.943741E+01, 5.932472E-01, 1.324362E+01,NULL,NULL,1,mc_qqps,35
-21023,321,20227,172718,94C2, 9.125000E+01,50,9,59,50,9, 7.723756E+00, 3.955251E+00, 1.167470E+01, 6.643315E+01, 6.534578E+01, 1.306916E+00, 4.967092E+00, 4.193680E+00, 9.769263E+00, 7.710313E+01, 5.826430E+01, 8.595646E+00, 5.417294E-01,17, 7.348251E-01,0, 0.000000E+00,0, 0.000000E+00,7, 9.910111E+00, 8.750659E-01, 2.792759E+00,NULL,NULL,1,mc_qqps,35
-21023,322,20227,172734,94C2, 9.125000E+01,31,15,46,31,15,-9.317034E+00, 1.078952E-01,-2.063746E+00, 6.511765E+01, 6.442577E+01, 2.078250E+00, 8.046047E+00, 3.448396E+00,-5.873255E-01, 9.869278E+01, 6.356493E+01, 2.181497E+01, 1.126991E+01,17, 6.362161E+00,1, 0.000000E+00,0, 0.000000E+00,8, 1.954348E+01, 5.876240E-01, 7.979440E+00,NULL,NULL,1,mc_qqps,35
-21023,323,20227,172747,94C2, 9.125000E+01,25,16,41,25,16,-7.221741E+00, 4.112674E+00, 1.089343E+01, 6.642455E+01, 6.612337E+01, 2.644935E+00, 1.004883E+01,-3.398241E+00,-1.183682E+01, 1.030519E+02, 6.493279E+01, 1.691412E+01, 1.902140E+01,6, 6.591483E-01,8, 0.000000E+00,0, 0.000000E+00,4, 7.825927E+00, 6.918175E-01, 3.671777E+00,1, 0.000000E+00,1,mc_qqps,35
-21023,324,20227,172803,94C2, 9.125000E+01,45,13,58,45,13, 2.130461E-02,-2.092976E+00, 2.889479E+00, 6.243220E+01, 6.153355E+01, 1.367412E+00,-4.069132E+00,-2.666454E+00,-2.959455E+00, 7.947564E+01, 4.765516E+01, 1.416063E+01, 1.529927E+00,12, 2.837971E+00,5, 0.000000E+00,0, 0.000000E+00,7, 5.741662E+00, 4.284614E-01, 1.436663E+00,NULL,NULL,1,mc_qqps,35
-21023,325,20227,172824,94C2, 9.125000E+01,44,18,62,44,18,-6.824455E+00,-6.066984E+00,-2.857348E+00, 7.529290E+01, 7.449202E+01, 1.693000E+00,-3.753270E+00,-4.638906E+00, 4.416874E+00, 1.019082E+02, 6.052679E+01, 1.698744E+01, 7.222835E+00,15, 2.086721E+01,5, 0.000000E+00,0, 0.000000E+00,7, 1.174510E+01, 4.488814E-01, 2.826424E+00,1, 0.000000E+00,1,mc_qqps,35
-21023,326,20227,172844,94C2, 9.125000E+01,40,10,50,40,10,-1.238705E+01, 6.610910E+00, 1.029641E+01, 6.215702E+01, 6.087646E+01, 1.521912E+00, 3.668927E-01,-2.877986E+00,-1.498600E+00, 8.827888E+01, 5.055171E+01, 2.496726E+01, 1.154608E+00,11, 2.157501E-01,0, 0.000000E+00,0, 0.000000E+00,7, 2.273297E+01, 6.659956E-01, 1.448393E+01,NULL,NULL,1,mc_qqps,35
-21023,327,20227,172900,94C2, 9.125000E+01,25,10,35,25,10, 7.628022E+00,-6.980896E+00,-1.052312E+01, 5.354004E+01, 5.298030E+01, 2.119212E+00, 2.769536E+00,-1.494782E+00,-3.559287E+00, 8.085020E+01, 5.135574E+01, 2.638036E+01, 0.000000E+00,10, 7.486844E+00,3, 0.000000E+00,0, 0.000000E+00,7, 2.364659E+01, 7.100805E-01, 1.221168E+01,NULL,NULL,1,mc_qqps,35
-21023,328,20227,172916,94C2, 9.125000E+01,19,11,30,19,11, 2.207873E-01, 7.364497E+00,-8.699538E-01, 2.957371E+01, 2.916812E+01, 1.535164E+00,-2.341522E+00,-1.427882E+01, 1.782986E+00, 6.256504E+01, 2.563494E+01, 2.725767E+01, 3.099992E-01,13, 4.949546E+00,0, 0.000000E+00,0, 0.000000E+00,9, 2.981365E+01, 4.655690E-01, 9.115806E+00,NULL,NULL,1,mc_qqps,35
-21023,329,20227,172931,94C2, 9.125000E+01,33,16,49,33,16, 2.625375E+01,-4.654443E+00, 1.357745E+01, 4.408281E+01, 4.333054E+01, 1.313047E+00, 1.365649E+01,-1.108442E+00, 7.147829E+00, 7.683447E+01, 3.716125E+01, 2.857761E+01, 7.006921E-01,19, 9.883413E-01,0, 0.000000E+00,0, 0.000000E+00,14, 3.154892E+01, 2.858227E-01, 1.378112E+01,NULL,NULL,1,mc_qqps,35
-21023,330,20227,172942,94C2, 9.125000E+01,35,12,47,35,12,-2.076335E+00, 1.254416E+00, 8.372153E+00, 5.841283E+01, 5.757318E+01, 1.644948E+00,-4.065826E+00, 7.106279E+00, 3.352834E+00, 8.218914E+01, 5.276190E+01, 1.713808E+01, 5.046542E+00,15, 1.140269E+00,0, 0.000000E+00,0, 0.000000E+00,10, 1.756985E+01, 7.022895E-01, 5.430789E+00,NULL,NULL,1,mc_qqps,35
-21023,331,20227,172959,94C2, 9.125000E+01,27,23,50,27,23,-2.668076E+00,-8.758732E-01,-1.271848E+00, 5.281565E+01, 5.225884E+01, 1.935513E+00, 6.151209E+00, 1.427994E+00, 1.746163E+00, 9.958389E+01, 5.084185E+01, 4.637911E+01, 0.000000E+00,28, 1.297541E+01,0, 0.000000E+00,0, 0.000000E+00,22, 4.654168E+01, 3.905223E-01, 1.266981E+01,NULL,NULL,1,mc_qqps,35
-21023,332,20227,173014,94C2, 9.125000E+01,28,22,50,28,22,-3.009967E+00,-1.102223E+01,-7.145814E+00, 4.723990E+01, 4.660989E+01, 1.664639E+00, 2.874312E-01, 2.021810E+00, 1.715967E-01, 1.133877E+02, 2.905128E+01, 2.229905E+01, 3.591677E+01,17, 2.527961E-01,1, 6.212392E-01,0, 0.000000E+00,15, 2.821244E+01, 4.215586E-01, 5.915879E+00,NULL,NULL,1,mc_qqps,35
-21023,333,20227,173027,94C2, 9.125000E+01,32,17,49,32,17,-2.096103E+01, 1.061411E+00,-7.978949E+00, 6.036157E+01, 5.973212E+01, 1.866629E+00,-1.317388E+01, 2.614657E+00,-7.419574E+00, 1.095289E+02, 5.547478E+01, 3.584006E+01, 4.595129E+00,19, 8.585461E+00,0, 0.000000E+00,0, 0.000000E+00,12, 4.306847E+01, 7.443236E-01, 9.827044E+00,NULL,NULL,1,mc_qqps,35
-21023,334,20227,173043,94C2, 9.125000E+01,28,24,52,28,24, 4.717001E-01,-1.226309E+00,-2.484211E+00, 5.783994E+01, 5.741315E+01, 2.050470E+00, 3.026728E+00,-1.094386E+00,-1.337616E+00, 9.011415E+01, 3.689536E+01, 2.328360E+01, 9.092597E+00,5, 1.522540E+00,22, 4.327960E+00,0, 0.000000E+00,4, 2.498982E+00, 4.249530E-01, 8.009829E-01,1, 0.000000E+00,1,mc_qqps,35
-21023,335,20227,173101,94C2, 9.125000E+01,14,17,31,14,17,-3.004474E+00, 8.214802E+00,-6.398472E+00, 4.853500E+01, 4.834284E+01, 3.453060E+00,-3.253619E+00, 9.118432E+00,-6.026259E+00, 7.488078E+01, 4.704580E+01, 1.612127E+01, 6.077371E-01,18, 5.949175E+00,0, 0.000000E+00,0, 0.000000E+00,14, 2.573804E+01, 4.309135E-01, 8.963586E+00,NULL,NULL,1,mc_qqps,35
-21023,336,20227,173111,94C2, 9.125000E+01,33,16,49,33,16, 2.995583E+00,-2.064433E+00, 3.069136E+00, 7.000342E+01, 6.929465E+01, 2.099838E+00,-1.365828E+00, 2.043926E-01,-9.663211E-02, 8.622399E+01, 6.845418E+01, 1.380756E+01, 2.205801E-01,20, 1.903864E+01,1, 0.000000E+00,0, 0.000000E+00,10, 1.262819E+01, 6.572548E-01, 2.996965E+00,1, 0.000000E+00,1,mc_qqps,35
-21023,337,20227,173127,94C2, 9.125000E+01,38,22,60,38,22,-6.357656E+00, 5.123714E+00, 3.149662E+00, 5.924524E+01, 5.872803E+01, 1.545475E+00,-3.770961E+00,-1.377246E+00,-3.930580E+00, 9.342477E+01, 5.731594E+01, 1.601805E+01, 1.128866E+01,9, 4.082125E+00,11, 0.000000E+00,0, 0.000000E+00,6, 1.158054E+01, 9.363993E-01, 5.057261E+00,1, 0.000000E+00,1,mc_qqps,35
-21023,338,20227,173145,94C2, 9.125000E+01,32,12,44,32,12, 9.054271E+00,-4.700093E+00, 2.456225E+00, 6.575565E+01, 6.491223E+01, 2.028507E+00,-5.569206E+00, 1.092425E+01, 2.417842E+00, 1.023523E+02, 5.230377E+01, 1.029539E+01, 7.569833E+00,13, 2.148239E+00,0, 0.000000E+00,0, 0.000000E+00,8, 2.902681E+01, 9.030466E-01, 1.506996E+01,NULL,NULL,1,mc_qqps,35
-21023,339,20227,173159,94C2, 9.125000E+01,13,3,16,13,3,-5.561158E+00, 1.185600E+00, 2.032841E+00, 7.180287E+01, 7.162115E+01, 5.509320E+00, 1.549814E+00, 4.712951E-01, 6.045846E-01, 7.949163E+01, 7.014780E+01, 7.472960E+00, 2.157943E-01,4, 2.371020E+00,0, 0.000000E+00,0, 0.000000E+00,2, 7.472960E+00, 1.146546E+00, 6.326414E+00,NULL,NULL,1,mc_qqps,35
-21023,340,20227,173210,94C2, 9.125000E+01,32,20,52,32,20, 3.800159E-01,-2.426496E+00, 3.007510E+01, 6.389694E+01, 6.311713E+01, 1.972410E+00, 6.425180E-01,-9.569973E-01, 2.567191E+01, 8.279935E+01, 1.753636E+01, 1.484507E+01, 3.491125E+00,4, 3.331168E+00,11, 0.000000E+00,0, 0.000000E+00,2, 1.497204E+00, 5.662179E-01, 9.309862E-01,8, 0.000000E+00,1,mc_qqps,35
-21023,341,20227,173229,94C2, 9.125000E+01,42,16,58,42,16,-2.291309E+00,-3.386054E+00,-1.782441E+00, 6.964427E+01, 6.812406E+01, 1.622001E+00,-1.237601E+01,-9.475077E+00,-1.385636E+00, 9.345187E+01, 3.113445E+01, 1.507548E+01, 3.822271E+00,16, 2.300562E+00,0, 0.000000E+00,0, 0.000000E+00,12, 1.687464E+01, 5.476021E-01, 3.216468E+00,NULL,NULL,1,mc_qqps,35
-21023,342,20227,173248,94C2, 9.125000E+01,30,16,46,30,16,-9.425299E+00,-2.521864E+01, 2.093035E+01, 5.240708E+01, 5.203155E+01, 1.734385E+00,-3.486357E+00,-5.170467E+00, 3.196953E+00, 1.092759E+02, 4.655795E+01, 4.615208E+01, 7.300795E+00,13, 1.029552E+00,0, 0.000000E+00,0, 0.000000E+00,9, 4.956801E+01, 4.192061E-01, 3.613849E+01,NULL,NULL,1,mc_qqps,35
-21023,343,20227,173302,94C2, 9.125000E+01,21,12,33,21,12, 1.020936E+01, 1.038286E+01,-9.090678E+00, 7.334139E+01, 7.304162E+01, 3.478172E+00, 1.655326E+00, 6.036942E+00,-5.052764E+00, 8.971210E+01, 7.217810E+01, 1.145291E+01, 4.107938E+00,14, 3.969436E+00,0, 0.000000E+00,0, 0.000000E+00,9, 1.077745E+01, 4.602020E-01, 2.853360E+00,NULL,NULL,1,mc_qqps,35
-21023,344,20227,173316,94C2, 9.125000E+01,33,11,44,33,11,-5.894939E-02, 6.091827E+01,-2.748285E-01, 1.156217E+02, 1.145164E+02, 3.470195E+00, 1.908852E+00, 6.193353E+01, 7.947784E-01, 1.496876E+02, 5.262487E+01, 1.710098E+01, 9.628169E+00,14, 5.571278E+00,0, 0.000000E+00,0, 0.000000E+00,9, 2.443774E+01, 5.352784E-01, 7.232614E+00,NULL,NULL,1,mc_qqps,35
-21023,345,20227,173336,94C2, 9.125000E+01,40,14,54,40,14,-2.703143E+00, 1.711568E+01,-1.049411E+01, 5.018379E+01, 4.938340E+01, 1.234585E+00,-4.723176E+00, 2.861594E+01,-9.830879E+00, 6.735233E+01, 4.416796E+01, 8.677365E+00, 8.491167E+00,15, 1.669558E+01,0, 0.000000E+00,0, 0.000000E+00,10, 8.549270E+00, 4.210749E-01, 1.891012E+00,NULL,NULL,1,mc_qqps,35
-21023,346,20227,173352,94C2, 9.125000E+01,23,16,39,23,16,-6.956109E-01,-1.509315E+01,-4.440238E+00, 4.168707E+01, 4.125632E+01, 1.793753E+00, 2.160809E+00,-2.224165E+00, 3.684255E-01, 7.985838E+01, 3.851099E+01, 1.135686E+01, 2.444036E+01,16, 4.360078E+00,0, 0.000000E+00,0, 0.000000E+00,11, 1.384748E+01, 8.182937E-01, 2.305540E+00,NULL,NULL,1,mc_qqps,35
-21023,347,20227,173407,94C2, 9.125000E+01,18,14,32,18,14, 1.644649E+00, 1.089562E+00, 3.598752E+00, 4.310023E+01, 4.294623E+01, 2.385902E+00, 1.396242E+00,-2.963107E-01, 2.549927E+00, 5.645184E+01, 4.233972E+01, 1.061264E+01, 1.509726E+00,8, 2.101829E+00,5, 0.000000E+00,0, 0.000000E+00,7, 8.377339E+00, 5.941399E-01, 2.537720E+00,NULL,NULL,1,mc_qqps,35
-21023,348,20227,173420,94C2, 9.125000E+01,43,9,52,43,9,-5.687181E-01,-2.372521E-02, 3.529352E+00, 6.943167E+01, 6.868193E+01, 1.597254E+00,-1.187106E+00,-5.047969E-01, 3.803710E+00, 7.655078E+01, 6.460886E+01, 6.437162E+00, 1.809730E-01,14, 5.191707E+00,5, 0.000000E+00,0, 0.000000E+00,6, 5.471656E+00, 3.503761E-01, 2.653352E+00,NULL,NULL,1,mc_qqps,35
-21023,349,20227,173436,94C2, 9.125000E+01,38,13,51,38,13, 5.551496E+00,-1.122550E+01, 1.298430E+01, 5.198942E+01, 5.149894E+01, 1.355235E+00, 2.463008E+00,-8.307305E+00, 7.964534E+00, 6.350987E+01, 4.586678E+01, 2.983267E+00, 6.883406E+00,6, 0.000000E+00,5, 0.000000E+00,0, 0.000000E+00,2, 1.653779E+00, 8.200263E-01, 8.337525E-01,2, 0.000000E+00,1,mc_qqps,35
-21023,350,20227,173452,94C2, 9.125000E+01,30,10,40,30,10,-1.286377E+01,-2.360228E+00, 4.809905E+00, 6.735227E+01, 6.685612E+01, 2.228538E+00,-1.113025E+01,-1.427956E+00, 5.113381E+00, 8.980237E+01, 5.979892E+01, 2.081637E+01, 1.634641E+00,12, 3.671386E+00,1, 0.000000E+00,0, 0.000000E+00,6, 1.730778E+01, 9.330136E-01, 9.896847E+00,NULL,NULL,1,mc_qqps,35
-21023,351,20227,173507,94C2, 9.125000E+01,21,9,30,21,9, 4.427539E+01,-2.794895E+01,-1.083892E+01, 9.873994E+01, 9.849809E+01, 4.690385E+00, 2.920861E+01,-1.916789E+01,-1.123713E+01, 1.279623E+02, 2.497361E+01, 9.032211E+00, 2.019019E+01,1, 0.000000E+00,11, 6.738848E-01,0, 0.000000E+00,NULL,NULL,NULL,NULL,NULL,NULL,1,mc_qqps,35
-21023,352,20227,173525,94C2, 9.125000E+01,45,26,71,45,26,-1.112468E-01,-1.612556E+00, 8.979050E+00, 6.807436E+01, 6.706126E+01, 1.490250E+00, 1.360254E+00,-1.188918E+01, 1.299612E+01, 1.024442E+02, 6.047439E+01, 2.911380E+01, 4.898773E+00,18, 3.096819E+00,4, 0.000000E+00,0, 0.000000E+00,15, 2.084075E+01, 3.947157E-01, 3.807500E+00,NULL,NULL,1,mc_qqps,35
-21023,353,20227,173544,94C2, 9.125000E+01,36,17,53,36,17, 8.714235E+00, 3.278871E+00, 1.086043E+01, 4.910056E+01, 4.820621E+01, 1.339061E+00, 8.184171E+00, 1.859767E+00, 7.788245E+00, 6.226745E+01, 3.020646E+01, 1.153719E+01, 4.039848E-01,1, 0.000000E+00,21, 1.538438E+01,0, 0.000000E+00,1, 1.225712E+00, 1.225712E+00, 1.225712E+00,NULL,NULL,1,mc_qqps,35
-21023,354,20227,173601,94C2, 9.125000E+01,41,17,58,41,17,-2.536947E+00,-3.002995E+00, 2.532260E+00, 6.185357E+01, 6.103806E+01, 1.488733E+00,-2.478006E+00,-7.491094E+00,-7.518476E+00, 9.147695E+01, 5.323264E+01, 1.867454E+01, 7.903380E+00,13, 1.553996E+00,3, 0.000000E+00,0, 0.000000E+00,7, 1.644902E+01, 7.196864E-01, 7.418368E+00,NULL,NULL,1,mc_qqps,35
-21023,355,20227,173619,94C2, 9.125000E+01,17,16,33,17,16,-5.647563E+00,-4.313440E+00,-2.129998E+00, 2.237234E+01, 2.188381E+01, 1.287283E+00,-7.031854E+00,-2.263392E+00,-3.488723E+00, 6.593382E+01, 2.082991E+01, 1.988482E+01, 1.535634E+01,15, 1.203009E+00,0, 0.000000E+00,0, 0.000000E+00,12, 2.820512E+01, 3.064600E-01, 7.354833E+00,NULL,NULL,1,mc_qqps,35
-21023,356,20227,173630,94C2, 9.125000E+01,37,22,59,37,22,-4.960031E+00, 4.935573E+00, 3.247816E+00, 6.096107E+01, 6.036396E+01, 1.631459E+00, 7.871419E-01,-1.977610E+00,-3.963797E+00, 9.694576E+01, 5.751687E+01, 2.396569E+01, 8.465789E+00,20, 7.909126E+00,0, 0.000000E+00,0, 0.000000E+00,10, 1.459720E+01, 6.879020E-01, 3.745860E+00,NULL,NULL,1,mc_qqps,35
-21023,357,20227,173646,94C2, 9.125000E+01,14,10,24,14,10, 1.334338E+01, 4.462287E+00,-9.564753E+00, 2.144269E+01, 2.128763E+01, 1.520545E+00,-4.342129E+00,-1.655075E+00, 4.612542E+00, 8.665614E+01, 1.591878E+01, 6.355948E+01, 0.000000E+00,10, 5.491139E-01,2, 0.000000E+00,0, 0.000000E+00,8, 6.170079E+01, 3.285328E-01, 4.366899E+01,NULL,NULL,1,mc_qqps,35
-21023,358,20227,173656,94C2, 9.125000E+01,42,14,56,42,14, 3.749784E-02, 1.287546E+00, 5.917019E+00, 5.922824E+01, 5.849568E+01, 1.392754E+00,-1.944073E+00, 1.756782E+00,-4.912953E+00, 8.915089E+01, 3.300557E+01, 1.717548E+01, 1.274717E+01,1, 0.000000E+00,17, 5.745374E-01,0, 0.000000E+00,1, 1.524482E+00, 1.524482E+00, 1.524482E+00,1, 0.000000E+00,1,mc_qqps,35
-21023,359,20227,173721,94C2, 9.125000E+01,44,15,59,44,15,-2.069999E+00,-4.507961E+01, 1.115885E+01, 7.275047E+01, 7.152701E+01, 1.625614E+00,-4.434159E+00,-3.086883E+01, 6.078883E+00, 1.133544E+02, 4.792188E+01, 1.964411E+01, 3.049348E+00,21, 1.033470E+00,0, 0.000000E+00,0, 0.000000E+00,13, 3.682523E+01, 3.781701E-01, 8.314688E+00,NULL,NULL,1,mc_qqps,35
-21023,360,20227,173737,94C2, 9.125000E+01,20,7,27,20,7, 8.325353E+00, 1.478957E+01, 4.968684E+00, 4.250222E+01, 4.212716E+01, 2.106358E+00, 3.525485E+00, 5.317663E+00, 2.637230E+00, 5.457685E+01, 3.872395E+01, 4.959723E+00, 5.830650E+00,10, 2.229566E-01,0, 0.000000E+00,0, 0.000000E+00,5, 5.976237E+00, 4.512059E-01, 2.057610E+00,NULL,NULL,1,mc_qqps,35
-21023,361,20227,173746,94C2, 9.125000E+01,17,9,26,17,9, 1.550927E+01, 8.971451E+00, 1.208893E+00, 5.771507E+01, 5.752977E+01, 3.384104E+00, 1.485107E+01, 8.792410E+00,-9.321368E-01, 8.458248E+01, 5.763123E+01, 9.718440E+00, 1.717550E+01,12, 2.235789E+01,0, 0.000000E+00,0, 0.000000E+00,5, 6.064976E+00, 7.306834E-01, 1.918768E+00,NULL,NULL,1,mc_qqps,35
-21023,362,20227,173759,94C2, 9.125000E+01,25,11,36,25,11,-1.721004E+01,-8.346988E+00, 1.994393E+01, 5.808114E+01, 5.768226E+01, 2.307290E+00,-1.131456E+01,-4.582441E+00, 1.220429E+01, 7.438963E+01, 5.586497E+01, 8.346354E+00, 4.679823E+00,12, 3.284173E+00,2, 0.000000E+00,0, 0.000000E+00,5, 8.323435E+00, 5.398947E-01, 2.904937E+00,NULL,NULL,1,mc_qqps,35
-21023,363,20227,173816,94C2, 9.125000E+01,23,22,45,23,22,-2.843065E+00,-9.687065E-01,-1.365919E+00, 5.835116E+01, 5.799286E+01, 2.521429E+00, 5.534594E+00, 3.497465E+00, 2.886801E+00, 9.677348E+01, 5.577980E+01, 2.825088E+01, 7.047707E-01,22, 6.639453E-01,0, 0.000000E+00,0, 0.000000E+00,20, 3.659197E+01, 3.233892E-01, 7.541947E+00,NULL,NULL,1,mc_qqps,35
-21023,364,20227,173828,94C2, 9.125000E+01,17,3,20,17,3,-5.235314E+00,-8.017009E+00, 3.219237E+00, 8.053060E+01, 8.033484E+01, 4.725579E+00,-5.641490E+00,-7.173759E+00, 3.965739E+00, 8.750916E+01, 6.980907E+01, 6.978556E+00, 0.000000E+00,10, 9.017532E+00,0, 0.000000E+00,0, 0.000000E+00,3, 6.978556E+00, 1.749603E+00, 3.129884E+00,NULL,NULL,1,mc_qqps,35
-21023,365,20227,173839,94C2, 9.125000E+01,25,9,34,25,9,-4.094490E+00,-2.280684E+00, 6.178760E+00, 5.334570E+01, 5.303042E+01, 2.121217E+00, 5.942631E+00,-1.090545E+00,-3.464398E+00, 7.182364E+01, 4.862715E+01, 7.226731E+00, 8.775414E+00,9, 4.442597E+00,1, 0.000000E+00,0, 0.000000E+00,4, 7.750275E+00, 7.906429E-01, 2.875987E+00,NULL,NULL,1,mc_qqps,35
-21023,366,20227,173857,94C2, 9.125000E+01,28,16,44,28,16,-5.472796E+01, 9.221060E+00, 1.505806E+01, 9.785836E+01, 9.740648E+01, 3.478803E+00,-5.909111E+01, 8.188855E+00, 1.515200E+01, 1.290987E+02, 5.100602E+01, 2.600443E+01, 3.749255E+00,13, 2.309597E-01,0, 0.000000E+00,0, 0.000000E+00,11, 2.611004E+01, 5.494794E-01, 1.066952E+01,NULL,NULL,1,mc_qqps,35
-21023,367,20227,173910,94C2, 9.125000E+01,33,15,48,33,15, 4.296116E+00, 4.316927E+00,-1.129953E+01, 4.451320E+01, 4.380115E+01, 1.327308E+00, 2.840628E+00, 9.032280E+00,-1.651127E+01, 6.673716E+01, 3.989694E+01, 1.785839E+01, 2.121951E+00,15, 4.624264E+00,1, 0.000000E+00,0, 0.000000E+00,11, 1.884706E+01, 3.574753E-01, 4.694237E+00,NULL,NULL,1,mc_qqps,35
-21023,368,20227,173926,94C2, 9.125000E+01,39,16,55,39,16,-6.804679E+00, 3.874767E-01, 3.513462E+00, 6.174027E+01, 6.102471E+01, 1.564736E+00,-7.847373E+00, 2.057258E+00, 6.412824E+00, 8.434250E+01, 4.631804E+01, 1.501884E+01, 2.867700E+00,16, 4.997992E+00,1, 0.000000E+00,0, 0.000000E+00,11, 1.728701E+01, 6.354141E-01, 3.205980E+00,NULL,NULL,1,mc_qqps,35
-21023,369,20227,173945,94C2, 9.125000E+01,31,12,43,31,12, 8.110588E-01, 4.896745E+00, 7.303429E+00, 6.004866E+01, 5.947004E+01, 1.918388E+00,-3.516886E-01,-4.051335E+00, 1.405684E+00, 8.767933E+01, 4.815960E+01, 1.920410E+01, 7.128551E+00,16, 7.838875E+00,0, 0.000000E+00,0, 0.000000E+00,9, 1.925487E+01, 5.914093E-01, 5.424418E+00,NULL,NULL,1,mc_qqps,35
-21023,370,20227,174002,94C2, 9.125000E+01,32,16,48,32,16,-2.450287E-01,-4.979649E-01,-9.197983E-01, 5.017225E+01, 4.968813E+01, 1.552754E+00, 8.669538E+00,-2.499318E+00,-1.065519E+01, 7.558743E+01, 4.114622E+01, 9.086295E+00, 1.339755E+01,6, 0.000000E+00,7, 0.000000E+00,0, 0.000000E+00,5, 6.077785E+00, 7.602677E-01, 1.988927E+00,NULL,NULL,1,mc_qqps,35
-21023,371,20227,174024,94C2, 9.125000E+01,47,13,60,47,13,-4.971091E+00,-6.049564E-01,-1.712809E+00, 7.359843E+01, 7.274248E+01, 1.547712E+00,-3.262486E+00,-1.194225E+00,-2.752725E+00, 8.780236E+01, 5.745853E+01, 6.414142E+00, 5.773067E+00,20, 9.489037E+00,0, 0.000000E+00,0, 0.000000E+00,8, 7.740537E+00, 3.972911E-01, 2.114091E+00,NULL,NULL,1,mc_qqps,35
-21023,372,20227,174042,94C2, 9.125000E+01,11,5,16,11,5, 8.808821E-03, 1.934534E+00, 2.750001E-01, 6.666763E+01, 6.647157E+01, 6.042870E+00, 2.660921E+00,-8.637686E-01, 2.389118E+00, 8.561927E+01, 6.516823E+01, 1.367938E+01, 5.272262E+00,7, 2.340747E+01,0, 0.000000E+00,0, 0.000000E+00,4, 1.367938E+01, 2.958411E+00, 3.894403E+00,NULL,NULL,1,mc_qqps,35
-21023,373,20227,174051,94C2, 9.125000E+01,23,5,28,23,5,-1.865771E+01,-2.239309E+01,-2.084997E+01, 5.068806E+01, 5.025261E+01, 2.184896E+00, 1.499875E+00, 8.823214E-01,-9.423980E-01, 9.164706E+01, 4.523868E+01, 3.766190E+01, 3.300058E+00,7, 1.830072E+00,0, 0.000000E+00,0, 0.000000E+00,4, 3.766190E+01, 5.042850E-01, 3.290405E+01,NULL,NULL,1,mc_qqps,35
-21023,374,20227,174103,94C2, 9.125000E+01,36,17,53,36,17, 6.425814E+00,-9.245030E+00,-3.880432E+00, 5.794527E+01, 5.722702E+01, 1.589639E+00, 9.147170E-01, 2.659690E+00, 8.114497E+00, 8.785296E+01, 5.315816E+01, 2.184930E+01, 4.575803E+00,11, 0.000000E+00,1, 0.000000E+00,0, 0.000000E+00,11, 1.990529E+01, 1.587349E-01, 4.372165E+00,NULL,NULL,1,mc_qqps,35
-21023,375,20227,174117,94C2, 9.125000E+01,29,18,47,29,18, 2.517004E+00, 6.172833E+00, 7.595261E+00, 5.930202E+01, 5.893446E+01, 2.032223E+00, 7.854239E-01, 1.323172E+00, 4.067621E+00, 9.998376E+01, 5.402924E+01, 3.609222E+01, 1.614639E+00,12, 1.498089E-01,7, 0.000000E+00,0, 0.000000E+00,9, 1.728880E+01, 4.356728E-01, 3.404319E+00,NULL,NULL,1,mc_qqps,35
-21023,376,20227,174133,94C2, 9.125000E+01,52,15,67,52,15, 8.736469E-01, 1.864477E+01, 2.196056E+01, 7.292947E+01, 7.164690E+01, 1.377825E+00, 1.162409E-01, 1.871118E+01, 2.165537E+01, 8.750363E+01, 5.279835E+01, 6.219633E+00, 6.075545E+00,7, 2.155449E-01,4, 0.000000E+00,0, 0.000000E+00,6, 4.099454E+00, 4.173505E-01, 9.660232E-01,NULL,NULL,1,mc_qqps,35
-21023,377,20227,174152,94C2, 9.125000E+01,29,6,35,29,6,-2.205355E+00, 2.541158E-01,-1.621721E+00, 7.502955E+01, 7.469450E+01, 2.575673E+00,-9.070718E-02,-2.165968E+00, 7.255294E-01, 8.372984E+01, 7.056667E+01, 2.722316E+00, 4.338223E+00,16, 9.575815E+00,0, 0.000000E+00,0, 0.000000E+00,4, 4.142571E+00, 4.300937E-01, 1.477665E+00,NULL,NULL,1,mc_qqps,35
-21023,378,20227,174204,94C2, 9.125000E+01,36,24,60,36,24,-1.129508E+01,-5.194249E+00,-3.659041E+00, 4.100272E+01, 4.016521E+01, 1.115700E+00,-4.297456E-01, 1.196835E+00, 2.697007E+00, 8.110544E+01, 3.739119E+01, 2.300870E+01, 8.179770E+00,20, 6.657847E+00,4, 0.000000E+00,0, 0.000000E+00,14, 2.588783E+01, 4.464898E-01, 7.098069E+00,NULL,NULL,1,mc_qqps,35
-21023,379,20227,174221,94C2, 9.125000E+01,23,10,33,23,10,-8.955631E+00, 3.892851E+00,-8.102671E+00, 5.892645E+01, 5.852008E+01, 2.544352E+00,-1.251711E+01, 4.032641E+00,-1.214628E+01, 8.003619E+01, 5.620093E+01, 1.386697E+01, 4.928089E+00,9, 6.350175E+00,0, 0.000000E+00,0, 0.000000E+00,6, 7.272217E+00, 5.019780E-01, 2.624888E+00,NULL,NULL,1,mc_qqps,35
-21023,380,20227,174231,94C2, 9.125000E+01,35,16,51,35,16, 7.781146E+00,-2.092328E+01, 1.069563E+02, 2.024380E+02, 2.020841E+02, 5.773832E+00, 1.079888E+01,-2.207813E+01, 1.083177E+02, 2.304226E+02, 2.914756E+01, 1.709265E+01, 1.090435E+01,0, 0.000000E+00,25, 1.304055E+01,0, 0.000000E+00,NULL,NULL,NULL,NULL,NULL,NULL,1,mc_qqps,35
-21023,381,20227,174243,94C2, 9.125000E+01,29,18,47,29,18,-7.527050E+00,-2.271982E+01, 5.364099E+00, 5.856874E+01, 5.813774E+01, 2.004750E+00,-8.259235E-01,-2.982520E+00, 1.087663E+00, 8.613044E+01, 5.476034E+01, 1.378966E+01, 6.181625E+00,20, 3.036522E+00,1, 0.000000E+00,0, 0.000000E+00,13, 1.984230E+01, 5.224734E-01, 4.101548E+00,NULL,NULL,1,mc_qqps,35
-21023,382,20227,174302,94C2, 9.125000E+01,35,13,48,35,13, 1.589655E+01,-6.928799E+00,-8.620845E+00, 4.241623E+01, 4.127519E+01, 1.179291E+00, 2.222114E+01,-7.820013E+00,-1.127977E+01, 5.901728E+01, 3.463218E+01, 1.609782E+01, 5.032302E-01,11, 3.974996E-01,2, 0.000000E+00,0, 0.000000E+00,6, 9.718131E+00, 3.378564E-01, 2.826299E+00,NULL,NULL,1,mc_qqps,35
-21023,383,20227,174314,94C2, 9.125000E+01,16,25,41,16,25,-2.844500E+00, 4.163103E+00, 1.066678E+01, 6.773208E+01, 6.747868E+01, 4.217418E+00,-3.763071E+00,-2.974047E+00, 8.349284E+00, 1.050742E+02, 5.915486E+01, 1.946531E+01, 1.687759E+01,4, 1.786253E-01,19, 3.638955E+00,0, 0.000000E+00,3, 4.561031E+00, 8.801812E-01, 2.681640E+00,1, 0.000000E+00,1,mc_qqps,35
-21023,384,20227,174328,94C2, 9.125000E+01,15,15,30,15,15, 6.013517E+00,-2.199491E+00,-2.907855E+01, 3.796889E+01, 3.756848E+01, 2.504565E+00, 3.809615E+00,-3.916919E+00,-3.010793E+01, 7.776371E+01, 1.365030E+01, 3.590572E+01, 3.889100E+00,0, 0.000000E+00,10, 2.772670E+00,0, 0.000000E+00,NULL,NULL,NULL,NULL,4, 0.000000E+00,0,mc_qqps,35
-21023,385,20227,174347,94C2, 9.125000E+01,10,9,19,10,9,-1.910516E+01,-1.270175E+01, 1.532670E+01, 5.981927E+01, 5.967943E+01, 5.967943E+00,-6.300313E+00,-4.183142E+00, 3.752747E+00, 8.442426E+01, 5.939334E+01, 1.789719E+01, 6.707798E+00,12, 2.458817E+01,1, 0.000000E+00,0, 0.000000E+00,7, 1.754607E+01, 1.213683E+00, 5.341949E+00,NULL,NULL,1,mc_qqps,35
-21023,386,20227,174356,94C2, 9.125000E+01,31,14,45,31,14,-4.954014E+00, 5.186264E+00, 9.098196E+00, 6.488144E+01, 6.434177E+01, 2.075541E+00,-6.709814E+00, 1.346361E+01, 1.821933E+01, 9.467095E+01, 6.248114E+01, 7.261313E+00, 2.020668E+01,12, 3.451894E+00,1, 0.000000E+00,0, 0.000000E+00,6, 6.547172E+00, 6.489791E-01, 1.825876E+00,NULL,NULL,1,mc_qqps,35
-21023,387,20227,174410,94C2, 9.125000E+01,41,21,62,41,21, 6.218487E+00,-1.322632E+01, 6.198029E+01, 8.396467E+01, 8.294834E+01, 2.023130E+00, 4.963666E+00,-1.422290E+01, 5.818467E+01, 1.073305E+02, 2.721168E+01, 2.293800E+01, 4.278196E-01,1, 0.000000E+00,18, 2.721279E+00,0, 0.000000E+00,NULL,NULL,NULL,NULL,4, 0.000000E+00,1,mc_qqps,35
-21023,388,20227,174437,94C2, 9.125000E+01,31,11,42,31,11, 1.871892E+00, 1.344870E+00, 4.259360E-01, 6.710462E+01, 6.670943E+01, 2.151917E+00, 3.342257E+00, 2.100049E+00, 1.925733E+00, 8.289146E+01, 6.439304E+01, 1.455647E+01, 4.651890E-01,14, 6.013736E-01,1, 3.328241E+00,0, 0.000000E+00,9, 1.473357E+01, 6.161730E-01, 3.684329E+00,NULL,NULL,1,mc_qqps,35
-21023,389,20227,174451,94C2, 9.125000E+01,19,6,25,19,6,-4.168818E+00,-4.698779E+01,-1.036701E+01, 8.547299E+01, 8.529488E+01, 4.489204E+00,-4.528870E+00,-3.433981E+01,-9.214674E+00, 1.133384E+02, 7.881554E+01, 2.564382E+01, 0.000000E+00,13, 1.439166E+00,0, 0.000000E+00,0, 0.000000E+00,6, 2.786541E+01, 6.218633E-01, 2.021693E+01,NULL,NULL,1,mc_qqps,35
-21023,390,20227,174504,94C2, 9.125000E+01,36,18,54,36,18, 2.763750E+00,-1.292574E+01, 1.498162E+01, 5.823932E+01, 5.744277E+01, 1.595632E+00, 9.319313E+00,-2.153961E+01,-3.713839E+00, 8.600427E+01, 3.062890E+01, 1.638762E+01, 1.139996E+01,4, 0.000000E+00,12, 1.486499E+00,0, 0.000000E+00,1, 1.239915E+00, 1.239915E+00, 1.239915E+00,2, 0.000000E+00,1,mc_qqps,35
-21023,391,20227,174526,94C2, 9.125000E+01,25,4,29,25,4,-2.602202E+00, 1.815826E+00,-3.766257E+00, 8.155579E+01, 8.109300E+01, 3.243720E+00,-1.292515E+00, 3.822076E-02, 5.810436E-01, 9.064474E+01, 6.576742E+01, 7.480068E-01, 2.777261E+00,10, 2.313514E+01,0, 0.000000E+00,0, 0.000000E+00,3, 6.545393E+00, 5.308468E-01, 5.266539E+00,NULL,NULL,1,mc_qqps,35
-21023,392,20227,174537,94C2, 9.125000E+01,27,14,41,27,14, 2.130076E+00,-4.727262E+00, 2.648572E+01, 6.154430E+01, 6.085656E+01, 2.253947E+00, 3.117079E+00,-5.192148E+00, 2.462766E+01, 8.193312E+01, 3.104266E+01, 1.646190E+01, 3.926919E+00,0, 0.000000E+00,12, 4.799741E+00,0, 0.000000E+00,NULL,NULL,NULL,NULL,2, 0.000000E+00,1,mc_qqps,35
-21023,393,20227,174556,94C2, 9.125000E+01,20,8,28,20,8,-2.126221E+01,-1.263023E+01, 4.449687E+00, 5.890179E+01, 5.870697E+01, 2.935348E+00,-4.240484E+00,-8.947258E+00, 2.888436E+00, 1.044824E+02, 5.260606E+01, 4.401725E+01, 1.563412E+00,11, 1.494789E+00,0, 0.000000E+00,0, 0.000000E+00,5, 4.401725E+01, 3.833293E-01, 2.960150E+01,NULL,NULL,1,mc_qqps,35
-21023,394,20227,174608,94C2, 9.125000E+01,27,9,36,27,9,-4.232911E+00, 1.694602E+01,-3.800106E+00, 7.476780E+01, 7.412485E+01, 2.745365E+00,-9.305993E+00, 3.305155E+01,-6.688099E+00, 1.025254E+02, 6.299935E+01, 2.044398E+01, 4.360908E+00,9, 7.964642E-01,0, 0.000000E+00,0, 0.000000E+00,5, 5.356479E+00, 5.397089E-01, 1.905656E+00,NULL,NULL,1,mc_qqps,35
-21023,395,20227,174621,94C2, 9.125000E+01,63,18,81,63,18,-8.624091E+00,-1.708687E+00, 9.168072E+00, 4.329039E+01, 4.088073E+01, 6.489004E-01,-7.683652E+00, 2.089824E-01, 6.142659E+00, 6.188359E+01, 3.287151E+01, 1.095769E+01, 5.557002E+00,11, 4.603712E+00,3, 0.000000E+00,0, 0.000000E+00,8, 9.034744E+00, 3.869025E-01, 2.078509E+00,NULL,NULL,1,mc_qqps,35
-21023,396,20227,174639,94C2, 9.125000E+01,18,13,31,18,13,-5.488134E+00, 4.780519E+00, 4.089856E+01, 5.361289E+01, 5.307995E+01, 2.948886E+00,-3.752153E+00, 2.039664E-01, 2.046367E+01, 1.115398E+02, 3.728376E+00, 2.030178E+01, 3.762514E+01,1, 0.000000E+00,9, 1.333699E+00,0, 0.000000E+00,NULL,NULL,NULL,NULL,4, 0.000000E+00,0,mc_qqps,35
-21023,397,20227,174657,94C2, 9.125000E+01,31,13,44,31,13,-8.951453E-01,-2.007705E+00, 4.407452E+00, 7.780495E+01, 7.727347E+01, 2.492692E+00,-2.491635E+00,-3.167094E+00,-6.121912E-01, 9.474888E+01, 5.777774E+01, 9.464570E+00, 6.974085E+00,1, 0.000000E+00,20, 1.170591E+01,0, 0.000000E+00,1, 5.957819E-01, 5.957819E-01, 5.957819E-01,NULL,NULL,1,mc_qqps,35
-21023,398,20227,174711,94C2, 9.125000E+01,19,9,28,19,9, 8.890928E+00, 9.407687E+00,-2.498233E+00, 5.597335E+01, 5.574221E+01, 2.933800E+00, 1.227802E+01, 1.361822E+01,-2.731790E+00, 7.132734E+01, 5.396072E+01, 1.425232E+01, 3.756853E-01,12, 3.291578E+00,0, 0.000000E+00,0, 0.000000E+00,8, 1.497829E+01, 5.389445E-01, 6.387494E+00,NULL,NULL,1,mc_qqps,35
-21023,399,20227,174722,94C2, 9.125000E+01,32,29,61,32,29,-1.411851E+00, 2.532208E+00,-6.589708E+00, 4.746411E+01, 4.678608E+01, 1.462065E+00,-9.602488E-01,-7.576078E+00, 7.972130E+00, 8.539846E+01, 3.498602E+01, 3.313578E+01, 4.170240E+00,2, 0.000000E+00,26, 9.087994E+00,0, 0.000000E+00,1, 1.027960E+00, 1.027960E+00, 1.027960E+00,1, 0.000000E+00,1,mc_qqps,35
-21023,400,20227,174742,94C2, 9.125000E+01,27,13,40,27,13,-1.169874E+01,-1.924890E+00,-2.014144E+01, 8.116113E+01, 8.084512E+01, 2.994264E+00,-1.063047E+01,-2.161378E+00,-1.686896E+01, 9.092546E+01, 4.068198E+01, 9.764331E+00, 0.000000E+00,0, 0.000000E+00,21, 6.485221E+00,0, 0.000000E+00,NULL,NULL,NULL,NULL,NULL,NULL,1,mc_qqps,35
-21023,401,20227,174758,94C2, 9.125000E+01,33,14,47,33,14, 1.465968E+00,-1.143088E+01, 7.824019E+00, 6.740091E+01, 6.684892E+01, 2.025725E+00, 3.729613E+00,-7.407199E+00, 5.359167E+00, 8.767438E+01, 6.486427E+01, 1.372733E+01, 1.573942E-01,18, 8.545588E+00,0, 0.000000E+00,0, 0.000000E+00,11, 1.752833E+01, 7.030476E-01, 2.861567E+00,NULL,NULL,1,mc_qqps,35
-21023,402,20227,174810,94C2, 9.125000E+01,39,21,60,39,21, 1.525930E+01, 4.064290E+00,-3.036430E+00, 5.497850E+01, 5.394125E+01, 1.383109E+00, 6.631047E+00, 5.961162E-01,-2.896673E+00, 9.098604E+01, 4.803326E+01, 1.583540E+01, 8.281216E+00,23, 1.063623E+01,0, 0.000000E+00,0, 0.000000E+00,15, 2.442187E+01, 6.693430E-01, 4.283570E+00,NULL,NULL,1,mc_qqps,35
-21023,403,20227,174826,94C2, 9.125000E+01,32,13,45,32,13, 3.671573E+01,-2.723735E+01, 1.410644E+02, 1.871839E+02, 1.865999E+02, 5.831246E+00, 3.460495E+01,-2.621500E+01, 1.376788E+02, 2.044748E+02, 1.769874E+01, 1.290812E+01, 4.382784E+00,2, 0.000000E+00,14, 3.977272E+00,0, 0.000000E+00,2, 1.751207E+00, 5.455052E-01, 1.205702E+00,1, 0.000000E+00,0,mc_qqps,35
-21023,404,20227,174838,94C2, 9.125000E+01,56,16,72,56,16,-1.271149E+01, 1.109772E+01, 8.194439E+00, 6.424772E+01, 6.239948E+01, 1.114276E+00,-1.687307E+01, 1.332119E+01, 1.103046E+01, 1.157569E+02, 5.106283E+01, 2.525568E+01, 2.591278E+01,15, 3.589034E+00,0, 0.000000E+00,0, 0.000000E+00,10, 2.451818E+01, 4.717804E-01, 6.903984E+00,NULL,NULL,1,mc_qqps,35
-21023,405,20227,174853,94C2, 9.125000E+01,22,11,33,22,11,-1.046959E+01,-1.457407E+01, 1.378444E+01, 6.453782E+01, 6.418726E+01, 2.917603E+00,-3.725070E+00,-5.315740E+00, 4.848951E+00, 8.630533E+01, 6.153713E+01, 2.176910E+01, 0.000000E+00,15, 2.673305E+00,1, 0.000000E+00,0, 0.000000E+00,7, 1.646450E+01, 5.333592E-01, 5.730624E+00,NULL,NULL,1,mc_qqps,35
-21023,406,20227,174908,94C2, 9.125000E+01,32,10,42,32,10,-9.179169E-01, 2.222347E+00, 8.437203E-01, 8.195285E+01, 8.115952E+01, 2.536235E+00, 1.086794E+01,-1.838530E+00,-3.969745E+00, 1.028760E+02, 7.763081E+01, 9.989216E+00, 9.525372E+00,14, 3.614879E+00,0, 0.000000E+00,0, 0.000000E+00,9, 1.141164E+01, 5.061508E-01, 4.128866E+00,NULL,NULL,1,mc_qqps,35
-21023,407,20227,174921,94C2, 9.125000E+01,20,24,44,20,24, 8.776622E+00, 4.196082E-01,-1.867619E+02, 2.211575E+02, 2.208383E+02, 1.104191E+01, 9.214684E+00, 2.456995E-01,-1.878606E+02, 2.617034E+02, 1.988831E+01, 2.789577E+01, 1.292867E+01,0, 0.000000E+00,19, 1.332707E+00,0, 0.000000E+00,NULL,NULL,NULL,NULL,2, 0.000000E+00,1,mc_qqps,35
-21023,408,20227,174938,94C2, 9.125000E+01,27,12,39,27,12, 1.091067E+02,-1.366651E+00, 9.481788E+01, 1.817483E+02, 1.810694E+02, 6.706275E+00, 8.887241E+01,-3.661774E-01, 7.952783E+01, 2.161336E+02, 1.718850E+02, 3.289783E+01, 1.487523E+00,9, 1.236603E+00,1, 0.000000E+00,0, 0.000000E+00,6, 3.105541E+01, 7.122684E-01, 2.254642E+01,NULL,NULL,1,mc_qqps,35
-21023,409,20227,174951,94C2, 9.125000E+01,37,16,53,37,16,-2.450658E+00,-6.111290E-01, 1.057673E+01, 3.188093E+01, 3.067265E+01, 8.289904E-01,-9.241475E-01, 3.708223E-01, 1.218598E+01, 6.428589E+01, 9.329288E+00, 3.240496E+01, 0.000000E+00,1, 0.000000E+00,9, 1.068518E+00,0, 0.000000E+00,NULL,NULL,NULL,NULL,8, 0.000000E+00,0,mc_qqps,35
-21023,410,20227,175027,94C2, 9.125000E+01,22,5,27,22,5, 2.831172E+00,-7.091678E-01,-3.959437E+00, 8.391727E+01, 8.361983E+01, 3.800901E+00, 2.649223E+00,-4.576262E-01,-4.098073E+00, 8.732571E+01, 7.743423E+01, 3.408441E+00, 0.000000E+00,2, 0.000000E+00,11, 2.439570E+01,0, 0.000000E+00,1, 6.200247E-01, 6.200247E-01, 6.200247E-01,NULL,NULL,1,mc_qqps,35
-21023,411,20227,175042,94C2, 9.125000E+01,40,11,51,40,11, 8.522945E+00,-6.369298E+00, 4.480864E-01, 6.681892E+01, 6.589874E+01, 1.647468E+00, 2.746422E+00, 2.734654E+00,-1.712970E+00, 8.701361E+01, 5.956856E+01, 1.582675E+01, 2.950833E+00,16, 4.739480E+00,0, 0.000000E+00,0, 0.000000E+00,8, 1.724386E+01, 4.019492E-01, 8.361474E+00,NULL,NULL,1,mc_qqps,35
-21023,412,20227,175058,94C2, 9.125000E+01,19,17,36,19,17, 5.867356E+00, 1.810627E+00,-1.132791E+01, 5.198294E+01, 5.168479E+01, 2.720252E+00,-4.756927E+00, 2.584812E+00,-4.728951E+00, 8.698111E+01, 4.905611E+01, 2.353673E+01, 7.995864E+00,7, 0.000000E+00,8, 1.890809E+00,0, 0.000000E+00,7, 2.016822E+01, 7.116442E-01, 9.614190E+00,1, 0.000000E+00,1,mc_qqps,35
-21023,413,20227,175114,94C2, 9.125000E+01,23,16,39,23,16,-3.524121E+00,-1.001267E+01, 8.696507E+00, 6.575271E+01, 6.535182E+01, 2.841383E+00,-5.208195E-01,-5.240096E+00, 5.231609E+00, 1.179839E+02, 5.268002E+01, 3.571812E+01, 1.653480E+01,14, 1.927916E+00,0, 0.000000E+00,0, 0.000000E+00,10, 2.633728E+01, 5.164458E-01, 8.530919E+00,NULL,NULL,1,mc_qqps,35
-21023,414,20227,175128,94C2, 9.125000E+01,42,19,61,42,19, 3.986172E+00, 1.376203E+00,-1.697315E+00, 7.631070E+01, 7.531671E+01, 1.793255E+00,-5.723058E+00, 1.159150E+00,-7.715664E-01, 1.043924E+02, 6.135935E+01, 1.487878E+01, 1.221595E+01,17, 9.923778E-01,0, 0.000000E+00,0, 0.000000E+00,13, 1.210821E+01, 4.248009E-01, 2.002711E+00,NULL,NULL,1,mc_qqps,35
-21023,415,20227,175142,94C2, 9.125000E+01,31,16,47,31,16,-7.166882E+00, 4.356743E+00, 3.150594E+00, 7.475906E+01, 7.409138E+01, 2.390044E+00, 9.182388E+00,-1.027259E+01, 2.651080E+00, 1.047389E+02, 7.162129E+01, 2.304895E+01, 5.073555E+00,14, 5.711678E+00,1, 0.000000E+00,0, 0.000000E+00,8, 1.261493E+01, 4.476686E-01, 4.484114E+00,NULL,NULL,1,mc_qqps,35
-21023,416,20227,175159,94C2, 9.125000E+01,24,7,31,24,7,-1.451373E+00, 1.229726E+00,-1.077461E-01, 5.615738E+01, 5.592976E+01, 2.330407E+00,-1.272850E+00, 2.553208E+00, 7.551514E-01, 6.444984E+01, 5.194508E+01, 6.111341E+00, 2.181123E+00,1, 0.000000E+00,8, 3.793795E+00,0, 0.000000E+00,NULL,NULL,NULL,NULL,NULL,NULL,1,mc_qqps,35
-21023,417,20227,175213,94C2, 9.125000E+01,38,14,52,38,14,-7.633550E+00, 5.350559E+00, 2.615921E+00, 8.215329E+01, 8.126276E+01, 2.138494E+00, 2.760107E+01, 6.252531E+00,-8.216365E+00, 1.223202E+02, 7.595389E+01, 2.480945E+01, 1.456857E+01,11, 7.348230E+00,0, 0.000000E+00,0, 0.000000E+00,6, 9.274025E+00, 4.424783E-01, 4.201378E+00,NULL,NULL,1,mc_qqps,35
-21023,418,20227,175230,94C2, 9.125000E+01,30,11,41,30,11, 6.483506E-01, 3.767408E-01, 5.319285E-01, 7.300730E+01, 7.253834E+01, 2.417945E+00,-8.906224E+00,-4.074839E+00,-1.264909E-01, 8.563664E+01, 6.216539E+01, 9.696065E+00, 6.511497E-01,15, 5.711585E+00,0, 0.000000E+00,0, 0.000000E+00,8, 1.021705E+01, 4.920025E-01, 2.909186E+00,NULL,NULL,1,mc_qqps,35
-21023,419,20227,175247,94C2, 9.125000E+01,32,8,40,32,8, 4.988298E+00, 1.114846E+01,-1.479749E+01, 5.439585E+01, 5.357269E+01, 1.674146E+00, 1.746330E+00, 5.927969E+00,-6.424640E+00, 7.222218E+01, 4.630898E+01, 1.782633E+01, 0.000000E+00,2, 0.000000E+00,6, 1.418377E+01,0, 0.000000E+00,2, 1.805965E+00, 3.841558E-01, 1.421809E+00,NULL,NULL,1,mc_qqps,35
-21023,420,20227,175305,94C2, 9.125000E+01,19,15,34,19,15, 3.639195E+00, 6.633436E+00,-5.893453E+00, 4.800992E+01, 4.779676E+01, 2.515619E+00,-9.220737E+00,-5.504308E+00, 2.265737E+01, 8.960933E+01, 4.645173E+01, 2.673519E+01, 1.067506E+01,8, 1.348701E+00,8, 2.983690E-01,0, 0.000000E+00,6, 4.571797E+00, 3.826311E-01, 1.525859E+00,NULL,NULL,1,mc_qqps,35
-21023,421,20227,175318,94C2, 9.125000E+01,36,14,50,36,14,-1.503949E+01, 5.625666E+00,-8.025317E+00, 4.001857E+01, 3.901848E+01, 1.083847E+00,-1.619887E+01, 6.317607E+00,-8.675326E+00, 6.503224E+01, 3.465980E+01, 1.953685E+01, 1.343515E+00,21, 4.726547E+00,1, 0.000000E+00,0, 0.000000E+00,12, 2.249636E+01, 4.658116E-01, 7.890144E+00,NULL,NULL,1,mc_qqps,35
-21023,422,20227,175331,94C2, 9.125000E+01,26,10,36,26,10, 4.253825E-01,-3.560248E+00,-2.943670E-02, 8.407633E+01, 8.377994E+01, 3.222305E+00,-8.013809E-01,-1.923903E+00, 9.980566E-01, 9.373280E+01, 7.452090E+01, 2.151406E+00, 2.480311E+00,15, 9.516836E+00,0, 0.000000E+00,0, 0.000000E+00,7, 6.895340E+00, 3.456828E-01, 2.135735E+00,NULL,NULL,1,mc_qqps,35
-21023,423,20227,175342,94C2, 9.125000E+01,17,8,25,17,8, 3.351830E+00,-4.146197E+00,-4.669767E+00, 4.024009E+01, 4.001162E+01, 2.353624E+00,-3.704756E+00, 8.203043E+00, 1.285523E+00, 7.133219E+01, 3.704170E+01, 2.276972E+01, 2.404640E+00,13, 5.784438E+00,0, 0.000000E+00,0, 0.000000E+00,6, 2.868746E+01, 6.990382E-01, 1.141498E+01,NULL,NULL,1,mc_qqps,35
-21023,424,20227,175353,94C2, 9.125000E+01,26,15,41,26,15, 5.768616E+00,-3.149683E+00,-1.161810E+01, 5.371930E+01, 5.341873E+01, 2.054567E+00, 6.558435E+00,-4.509866E+00,-1.480397E+01, 7.451077E+01, 5.023528E+01, 1.366463E+01, 7.144872E+00,1, 0.000000E+00,17, 1.686968E+01,0, 0.000000E+00,NULL,NULL,NULL,NULL,NULL,NULL,1,mc_qqps,35
-21023,425,20227,175407,94C2, 9.125000E+01,22,20,42,22,20,-5.374361E+00, 6.502051E+00, 4.280897E+00, 1.827486E+01, 1.763037E+01, 8.013806E-01, 2.024990E+00,-8.160050E+00,-6.538390E+00, 9.688673E+01, 9.213710E+00, 3.747734E+01, 4.113454E+01,15, 5.394269E-01,1, 0.000000E+00,0, 0.000000E+00,12, 3.544579E+01, 6.665962E-01, 9.059936E+00,NULL,NULL,0,mc_qqps,35
-21023,426,20227,175420,94C2, 9.125000E+01,21,22,43,21,22,-9.747495E-02, 2.712112E+00,-4.796289E-01, 4.168834E+01, 4.133411E+01, 1.968291E+00,-1.398318E+01,-9.353260E+00,-1.699583E+00, 9.365011E+01, 3.872611E+01, 3.262145E+01, 1.840124E+01,25, 1.776886E+01,0, 0.000000E+00,0, 0.000000E+00,17, 3.356054E+01, 5.639612E-01, 8.218447E+00,NULL,NULL,1,mc_qqps,35
-21023,427,20227,175438,94C2, 9.125000E+01,18,15,33,18,15, 3.408034E+00, 1.241453E+00,-2.496025E+00, 4.266504E+01, 4.210307E+01, 2.339059E+00, 2.936246E+00,-1.132350E+00,-1.044018E+00, 9.033693E+01, 4.079399E+01, 4.012239E+01, 0.000000E+00,16, 4.226659E+00,0, 0.000000E+00,0, 0.000000E+00,13, 4.529402E+01, 5.971324E-01, 1.705558E+01,NULL,NULL,1,mc_qqps,35
-21023,428,20227,175451,94C2, 9.125000E+01,26,18,44,26,18, 7.612236E-01, 2.063742E+00,-2.388817E+00, 4.923402E+01, 4.878067E+01, 1.876180E+00, 3.034360E-01, 3.842325E+00,-3.708852E+00, 7.247206E+01, 4.331607E+01, 1.882525E+01, 3.819602E-01,13, 7.923401E+00,8, 0.000000E+00,0, 0.000000E+00,9, 1.515192E+01, 4.150414E-01, 3.320683E+00,NULL,NULL,1,mc_qqps,35
-21023,429,20227,175512,94C2, 9.125000E+01,24,11,35,24,11,-1.272764E+01, 6.866598E+00, 5.471352E+00, 6.370461E+01, 6.344718E+01, 2.643632E+00,-7.910162E+00, 6.681215E+00, 3.548810E+00, 8.058181E+01, 5.798469E+01, 1.566139E+01, 0.000000E+00,14, 3.445370E+00,1, 0.000000E+00,0, 0.000000E+00,9, 1.636722E+01, 4.453994E-01, 5.015458E+00,NULL,NULL,1,mc_qqps,35
-21023,430,20227,175526,94C2, 9.125000E+01,43,15,58,43,15, 1.921367E+00, 4.793395E+00,-1.072020E+01, 5.186345E+01, 5.078755E+01, 1.181106E+00, 2.653080E+00,-6.426398E+00, 3.492630E+00, 8.897118E+01, 4.477468E+01, 1.283573E+01, 2.335038E+01,12, 1.817508E+00,5, 0.000000E+00,0, 0.000000E+00,9, 9.480500E+00, 4.958149E-01, 2.125451E+00,NULL,NULL,1,mc_qqps,35
-21023,431,20227,175548,94C2, 9.125000E+01,29,13,42,29,13, 9.961493E+00, 1.473566E+01,-1.450910E-01, 8.303559E+01, 8.233602E+01, 2.839173E+00, 8.466319E+00, 1.142623E+01,-8.981581E-01, 1.033209E+02, 6.959331E+01, 1.719919E+01, 5.850801E-01,14, 8.168009E+00,0, 0.000000E+00,0, 0.000000E+00,9, 1.800805E+01, 7.260485E-01, 5.276763E+00,NULL,NULL,1,mc_qqps,35
-21023,432,20227,175602,94C2, 9.125000E+01,14,11,25,14,11,-2.429185E+00,-1.020045E+00, 1.344633E+00, 3.193243E+01, 3.169211E+01, 2.263722E+00,-5.889490E+00,-4.006372E+00,-9.060801E-01, 7.023589E+01, 3.159065E+01, 7.948647E+00, 4.016195E+00,10, 3.538855E-02,0, 0.000000E+00,0, 0.000000E+00,8, 3.428727E+01, 7.467263E-01, 1.590571E+01,NULL,NULL,1,mc_qqps,35
-21023,433,20227,175616,94C2, 9.125000E+01,16,12,28,16,12, 3.004549E+00, 9.192939E+00,-3.147517E+00, 5.104124E+01, 5.077652E+01, 3.173533E+00, 8.074964E+00, 2.466144E+01,-6.601962E+00, 1.037468E+02, 4.940421E+01, 5.270561E+01, 0.000000E+00,14, 8.110621E+00,0, 0.000000E+00,0, 0.000000E+00,11, 5.215868E+01, 3.061855E-01, 1.898258E+01,NULL,NULL,1,mc_qqps,35
-21023,434,20227,175628,94C2, 9.125000E+01,39,15,54,39,15,-1.077357E+01, 5.990738E-02,-1.065088E+00, 6.291117E+01, 6.239604E+01, 1.599898E+00, 3.543707E-01,-1.498779E+00, 2.515185E+00, 8.308063E+01, 5.498741E+01, 1.721174E+01, 1.803860E+00,21, 1.942550E+00,0, 0.000000E+00,0, 0.000000E+00,13, 1.836560E+01, 3.819267E-01, 3.441682E+00,NULL,NULL,1,mc_qqps,35
-21023,435,20227,175643,94C2, 9.125000E+01,51,14,65,51,14,-3.759545E+00, 9.798125E+00, 8.984231E-01, 7.283471E+01, 7.168159E+01, 1.405522E+00, 1.394315E+00,-8.685637E+00, 4.654147E+00, 1.029974E+02, 6.300927E+01, 2.603416E+01, 0.000000E+00,21, 8.837614E+00,0, 0.000000E+00,0, 0.000000E+00,11, 2.853645E+01, 6.507437E-01, 7.812797E+00,NULL,NULL,1,mc_qqps,35
-21023,436,20227,175704,94C2, 9.125000E+01,20,9,29,20,9, 3.032871E+00,-1.463326E+00,-5.528538E+00, 8.814939E+01, 8.790813E+01, 4.395407E+00, 7.399918E+00,-3.861669E+00,-1.334785E+01, 1.103673E+02, 7.029933E+01, 1.532880E+01, 7.073117E+00,7, 2.192728E+00,0, 0.000000E+00,0, 0.000000E+00,5, 1.283660E+01, 8.853551E-01, 7.660491E+00,NULL,NULL,1,mc_qqps,35
-21023,437,20227,175718,94C2, 9.125000E+01,53,21,74,53,21, 9.812366E-01,-4.556650E+00, 3.343611E+00, 6.924092E+01, 6.816451E+01, 1.286123E+00, 2.282834E+00, 7.016457E+00,-7.832504E+00, 1.102512E+02, 4.383450E+01, 3.477905E+01, 1.629054E+00,22, 4.077371E+00,2, 0.000000E+00,0, 0.000000E+00,18, 3.704634E+01, 4.929768E-01, 5.279612E+00,NULL,NULL,1,mc_qqps,35
-21023,438,20227,175736,94C2, 9.125000E+01,32,15,47,32,15, 7.491309E+00,-8.115784E+00, 4.172295E+00, 7.068417E+01, 7.016030E+01, 2.192509E+00, 1.738583E+00,-2.995686E+00, 2.020570E+00, 9.490923E+01, 6.353387E+01, 1.846983E+01, 1.817926E+00,21, 4.357579E+00,0, 0.000000E+00,0, 0.000000E+00,10, 2.132454E+01, 4.992733E-01, 4.629350E+00,NULL,NULL,1,mc_qqps,35
-21023,439,20227,175750,94C2, 9.125000E+01,14,13,27,14,13,-7.134865E+00, 9.158826E+00, 4.046496E+00, 4.394224E+01, 4.375576E+01, 3.125412E+00,-1.131737E+01, 1.727582E+01, 7.155993E+00, 7.339232E+01, 4.377420E+01, 2.805478E+01, 1.395294E+00,14, 2.820805E+00,3, 0.000000E+00,0, 0.000000E+00,10, 2.732425E+01, 5.456734E-01, 8.367830E+00,NULL,NULL,1,mc_qqps,35
-21023,440,20227,175803,94C2, 9.125000E+01,38,9,47,38,9, 2.002921E+00, 5.771165E-01, 2.100921E+00, 6.409159E+01, 6.279573E+01, 1.652519E+00, 2.733114E+00,-8.302191E-01,-4.175496E-01, 7.626717E+01, 5.254863E+01, 5.444991E+00, 4.141075E+00,8, 4.724164E-01,2, 0.000000E+00,0, 0.000000E+00,4, 7.157266E+00, 3.913770E-01, 3.604041E+00,NULL,NULL,1,mc_qqps,35
-21023,441,20227,175821,94C2, 9.125000E+01,12,7,19,12,7, 8.470769E+00, 7.488099E+00, 1.924672E+00, 8.422888E+01, 8.412607E+01, 7.010506E+00, 1.858197E+00, 1.444192E+00, 2.291203E-04, 9.344657E+01, 8.420302E+01, 9.217682E+00, 0.000000E+00,8, 1.561226E+00,0, 0.000000E+00,0, 0.000000E+00,6, 6.864093E+00, 3.829086E-01, 2.606669E+00,NULL,NULL,1,mc_qqps,35
-21023,442,20227,175832,94C2, 9.125000E+01,31,13,44,31,13, 6.791083E+00,-6.420657E+00,-1.441535E+01, 7.807327E+01, 7.751751E+01, 2.500565E+00, 6.646088E+00,-5.703756E+00,-1.322325E+01, 9.530853E+01, 6.949372E+01, 1.394033E+01, 3.298741E+00,1, 0.000000E+00,15, 6.349559E+00,0, 0.000000E+00,NULL,NULL,NULL,NULL,NULL,NULL,1,mc_qqps,35
-21023,443,20227,175848,94C2, 9.125000E+01,46,18,64,46,18, 1.655655E+01, 4.903927E-01,-9.270956E+00, 6.421727E+01, 6.308407E+01, 1.371393E+00, 1.120197E+01, 6.334435E-01,-1.015132E+01, 8.028426E+01, 5.728901E+01, 1.436488E+01, 9.223091E-02,20, 1.388515E+00,3, 0.000000E+00,0, 0.000000E+00,12, 1.205708E+01, 4.261315E-01, 1.899893E+00,NULL,NULL,1,mc_qqps,35
-21023,444,20227,175909,94C2, 9.125000E+01,33,10,43,33,10, 8.508187E+00,-8.387483E+00, 1.840867E+01, 7.397079E+01, 7.346073E+01, 2.226083E+00, 2.581456E+00,-6.182415E+00, 8.975097E+00, 8.757153E+01, 6.604188E+01, 1.348473E+01, 1.160027E-01,0, 0.000000E+00,9, 2.237179E+00,0, 0.000000E+00,NULL,NULL,NULL,NULL,NULL,NULL,1,mc_qqps,35
-21023,445,20227,175929,94C2, 9.125000E+01,38,14,52,38,14, 1.611063E+01,-1.418470E+00, 1.164570E+01, 5.503167E+01, 5.415603E+01, 1.425159E+00, 7.124970E+00,-8.052073E-02, 4.007551E+00, 8.398186E+01, 4.449688E+01, 2.209328E+01, 4.566040E+00,12, 5.226613E+00,2, 0.000000E+00,0, 0.000000E+00,9, 2.388543E+01, 7.265007E-01, 5.464730E+00,NULL,NULL,1,mc_qqps,35
-21023,446,20227,175944,94C2, 9.125000E+01,29,14,43,29,14,-5.533947E+00,-1.736424E+01,-1.068859E+01, 5.337858E+01, 5.288389E+01, 1.823582E+00, 2.300092E+00, 1.242288E+01, 8.024409E+00, 9.473753E+01, 4.810140E+01, 1.466834E+01, 2.208818E+01,17, 7.974130E+00,0, 0.000000E+00,0, 0.000000E+00,11, 1.856609E+01, 5.341724E-01, 3.460612E+00,NULL,NULL,1,mc_qqps,35
-21023,447,20227,175958,94C2, 9.125000E+01,24,14,38,24,14,-2.361065E+01,-1.070343E+01, 5.658380E+00, 4.106762E+01, 4.039325E+01, 1.683052E+00,-6.740098E+00,-1.042297E+00, 1.424890E+00, 8.417904E+01, 3.814244E+01, 2.404383E+01, 1.726636E+01,13, 6.834916E-01,0, 0.000000E+00,0, 0.000000E+00,9, 2.426114E+01, 4.209269E-01, 9.313616E+00,NULL,NULL,1,mc_qqps,35
-21023,448,20227,180015,94C2, 9.125000E+01,42,21,63,42,21, 2.096537E+00, 5.903821E+00, 8.215541E-01, 5.559394E+01, 5.470163E+01, 1.302420E+00,-7.412534E-01, 5.748973E+00, 5.414326E-01, 9.296083E+01, 4.563169E+01, 3.196074E+01, 2.207910E+00,23, 5.987567E+00,0, 0.000000E+00,0, 0.000000E+00,16, 3.081791E+01, 4.158164E-01, 1.495032E+01,NULL,NULL,1,mc_qqps,35
-21023,449,20227,180032,94C2, 9.125000E+01,38,13,51,38,13,-1.146794E+01, 4.974513E+00, 1.619044E+00, 4.916746E+01, 4.826569E+01, 1.270150E+00,-1.335408E+01, 6.188675E+00, 2.338020E+00, 5.935689E+01, 3.679280E+01, 9.241561E+00, 3.899464E-01,14, 1.527707E+01,0, 0.000000E+00,0, 0.000000E+00,9, 8.283640E+00, 5.579228E-01, 1.397423E+00,NULL,NULL,1,mc_qqps,35
-21023,450,20227,180047,94C2, 9.125000E+01,26,18,44,26,18,-1.156033E+00,-3.435701E+00, 3.242254E+00, 5.426330E+01, 5.397829E+01, 2.076088E+00,-9.307601E-01, 8.990556E-01,-3.987846E+00, 7.657870E+01, 5.070069E+01, 2.091281E+01, 1.402592E+00,1, 0.000000E+00,19, 5.689669E+00,0, 0.000000E+00,NULL,NULL,NULL,NULL,2, 0.000000E+00,1,mc_qqps,35
-21023,451,20227,180103,94C2, 9.125000E+01,40,20,60,40,20, 1.642904E+01,-2.570449E+00,-9.481628E+00, 7.495901E+01, 7.427905E+01, 1.856976E+00, 4.069126E+00,-2.882337E+00,-1.081148E+00, 1.266505E+02, 3.969357E+01, 2.916764E+01, 1.851647E+01,17, 1.499012E+00,0, 0.000000E+00,0, 0.000000E+00,15, 2.983391E+01, 7.250365E-01, 6.004843E+00,NULL,NULL,1,mc_qqps,35
-21023,452,20227,180121,94C2, 9.125000E+01,32,16,48,32,16, 7.648008E+00,-9.789534E+00, 3.985506E+01, 6.061704E+01, 5.993298E+01, 1.872906E+00,-5.255030E-01, 2.279264E+00, 5.260409E+00, 1.186988E+02, 2.499467E+01, 3.315281E+01, 2.509483E+01,3, 0.000000E+00,10, 5.747036E-01,0, 0.000000E+00,3, 2.854897E+00, 3.860103E-01, 1.904203E+00,1, 0.000000E+00,1,mc_qqps,35
-21023,453,20227,180135,94C2, 9.125000E+01,21,8,29,21,8,-8.650792E-01,-1.408865E+00,-2.277615E-01, 8.415970E+01, 8.401659E+01, 4.000790E+00,-1.330577E+01,-2.234761E+01,-2.450859E+01, 1.268515E+02, 8.445823E+01, 4.011095E+01, 2.580829E+00,5, 2.399709E+00,0, 0.000000E+00,0, 0.000000E+00,1, 1.984345E+00, 1.984345E+00, 1.984345E+00,NULL,NULL,1,mc_qqps,35
-21023,454,20227,180151,94C2, 9.125000E+01,24,10,34,24,10, 1.377325E+00, 9.477214E-01,-2.196899E+01, 3.431411E+01, 3.379034E+01, 1.407931E+00, 6.071959E-01, 2.777246E+00,-1.850041E+01, 5.113353E+01, 1.260881E+01, 1.476418E+01, 2.055248E+00,1, 0.000000E+00,4, 0.000000E+00,0, 0.000000E+00,1, 1.163185E+00, 1.163185E+00, 1.163185E+00,3, 0.000000E+00,1,mc_qqps,35
-21023,455,20227,180229,94C2, 9.125000E+01,41,14,55,41,14,-2.884489E+00,-1.508097E+00, 2.345979E+01, 9.826619E+01, 9.762504E+01, 2.381099E+00,-1.776840E+00,-1.547761E+00, 2.388418E+01, 1.139559E+02, 5.555138E+01, 1.074288E+01, 5.183123E+00,2, 0.000000E+00,14, 6.118674E-01,0, 0.000000E+00,1, 1.429951E+00, 1.429951E+00, 1.429951E+00,NULL,NULL,1,mc_qqps,35
-21023,456,20227,180247,94C2, 9.125000E+01,42,18,60,42,18, 5.580653E+00,-7.996674E-01, 8.174158E+00, 3.982320E+01, 3.878531E+01, 9.234596E-01, 5.327708E+00, 5.926957E+00, 3.770403E+00, 7.097365E+01, 3.045210E+01, 2.075344E+01, 1.039701E+01,4, 0.000000E+00,13, 1.353379E+01,0, 0.000000E+00,3, 2.085663E+00, 5.555810E-01, 9.140058E-01,NULL,NULL,1,mc_qqps,35
-21023,457,20227,180306,94C2, 9.125000E+01,49,11,60,49,11, 1.251724E+00, 3.827479E-02,-1.043939E+00, 6.731142E+01, 6.590924E+01, 1.345087E+00, 6.076062E-02, 3.079593E+00,-1.097000E+00, 9.702430E+01, 5.316495E+01, 2.186843E+01, 7.928239E+00,10, 0.000000E+00,0, 0.000000E+00,0, 0.000000E+00,6, 1.995818E+01, 7.128714E-01, 1.279776E+01,NULL,NULL,1,mc_qqps,35
-21023,458,20227,180322,94C2, 9.125000E+01,47,20,67,47,20, 2.089832E+00,-2.830796E+00,-2.243340E+00, 7.046807E+01, 6.908521E+01, 1.469898E+00, 2.102116E+00, 1.247440E+00,-2.860508E+00, 9.132185E+01, 5.719281E+01, 1.783874E+01, 4.948187E-01,20, 1.231340E+00,2, 0.000000E+00,0, 0.000000E+00,14, 1.855009E+01, 3.580872E-01, 3.014934E+00,1, 0.000000E+00,1,mc_qqps,35
-21023,459,20227,180340,94C2, 9.125000E+01,32,16,48,32,16,-1.119786E+00,-1.395970E+00,-1.452890E+00, 5.813914E+01, 5.762849E+01, 1.800890E+00,-2.701553E+00, 7.667017E+00, 1.178181E+00, 7.811346E+01, 5.058150E+01, 1.739144E+01, 2.002272E+00,18, 7.932351E+00,1, 0.000000E+00,0, 0.000000E+00,12, 1.698979E+01, 5.806009E-01, 6.694206E+00,NULL,NULL,1,mc_qqps,35
-21023,460,20227,180357,94C2, 9.125000E+01,27,11,38,27,11,-6.352265E-01, 5.032899E-01,-9.523493E-01, 6.733755E+01, 6.706043E+01, 2.483720E+00,-5.364902E+00,-1.716274E+00,-5.526834E+00, 9.840692E+01, 5.784172E+01, 1.853579E+01, 3.530247E+00,15, 3.452648E+00,0, 0.000000E+00,0, 0.000000E+00,9, 2.753912E+01, 6.478258E-01, 1.106034E+01,NULL,NULL,1,mc_qqps,35
-21023,461,20227,180409,94C2, 9.125000E+01,21,16,37,21,16,-5.756376E+00, 2.073021E+00, 3.768431E+00, 4.265635E+01, 4.233941E+01, 2.016162E+00,-6.855286E+00, 3.848085E+00, 8.914997E+00, 7.861637E+01, 3.104130E+01, 1.958411E+01, 1.637742E+01,0, 0.000000E+00,18, 6.176860E+00,0, 0.000000E+00,NULL,NULL,NULL,NULL,NULL,NULL,1,mc_qqps,35
-21023,462,20227,180426,94C2, 9.125000E+01,31,7,38,31,7,-1.194860E+00, 3.383738E+00, 6.261834E+00, 6.819292E+01, 6.760396E+01, 2.180773E+00,-1.669725E+00, 2.084288E+00, 3.136434E+00, 7.927217E+01, 6.396199E+01, 1.056856E+01, 0.000000E+00,1, 0.000000E+00,12, 1.926082E+00,0, 0.000000E+00,1, 5.106795E-01, 5.106795E-01, 5.106795E-01,NULL,NULL,1,mc_qqps,35
-21023,463,20227,180446,94C2, 9.125000E+01,29,20,49,29,20,-9.964004E+00, 3.510415E+00,-1.975670E+01, 7.331182E+01, 7.282129E+01, 2.511079E+00,-4.338476E+00, 1.127443E+00,-1.254535E+01, 9.295103E+01, 5.968085E+01, 1.568744E+01, 1.983644E+00,14, 4.462459E+00,10, 2.464072E-01,0, 0.000000E+00,10, 1.161208E+01, 3.782355E-01, 3.539202E+00,NULL,NULL,1,mc_qqps,35
-21023,464,20227,180501,94C2, 9.125000E+01,36,22,58,36,22, 1.179880E+01, 2.941794E+00,-4.479161E+01, 7.983997E+01, 7.933151E+01, 2.203653E+00, 1.206037E+01, 3.257404E+00,-4.487659E+01, 1.085868E+02, 3.533709E+01, 2.519623E+01, 0.000000E+00,3, 0.000000E+00,17, 9.462284E+00,0, 0.000000E+00,3, 5.561864E+00, 4.597358E-01, 3.090840E+00,4, 0.000000E+00,1,mc_qqps,35
-21023,465,20227,180523,94C2, 9.125000E+01,32,20,52,32,20,-3.230917E+00,-8.144657E+00, 1.196321E+01, 7.491309E+01, 7.445126E+01, 2.326602E+00, 1.514788E+00,-1.888032E+00, 2.514019E+00, 1.043569E+02, 6.727799E+01, 1.504899E+01, 1.088795E+01,17, 1.547904E+00,4, 0.000000E+00,0, 0.000000E+00,10, 1.176939E+01, 5.711885E-01, 2.535585E+00,NULL,NULL,1,mc_qqps,35
-21023,466,20227,180542,94C2, 9.125000E+01,44,17,61,44,17, 2.944546E+00,-2.077096E+00, 4.083283E+01, 1.027829E+02, 1.018609E+02, 2.315021E+00, 3.063074E-01,-1.679566E+00, 3.198279E+01, 1.395398E+02, 6.701209E+00, 1.648341E+01, 1.987058E+01,1, 0.000000E+00,17, 1.281297E+01,0, 0.000000E+00,1, 4.028671E-01, 4.028671E-01, 4.028671E-01,2, 0.000000E+00,0,mc_qqps,35
-21023,467,20227,180605,94C2, 9.125000E+01,23,13,36,23,13,-1.419317E+01,-1.591955E+01, 1.756704E+01, 8.376047E+01, 8.336430E+01, 3.624535E+00,-7.973248E+00,-1.035692E+01, 9.942258E+00, 1.191994E+02, 7.088946E+01, 2.083644E+01, 7.865414E+00,9, 7.319189E+00,3, 0.000000E+00,0, 0.000000E+00,5, 1.073257E+01, 4.287470E-01, 6.737102E+00,NULL,NULL,1,mc_qqps,35
-21023,468,20227,180619,94C2, 9.125000E+01,42,20,62,42,20, 6.632663E+00, 3.299647E+00,-1.171572E+01, 4.433535E+01, 4.329663E+01, 1.030872E+00, 3.171810E+00, 3.031613E+00,-6.902305E+00, 9.331915E+01, 3.020767E+01, 4.240305E+01, 4.820461E+00,16, 1.173048E-01,3, 1.557810E+00,0, 0.000000E+00,14, 3.969341E+01, 4.049274E-01, 2.444027E+01,NULL,NULL,1,mc_qqps,35
-21023,469,20227,180637,94C2, 9.125000E+01,35,14,49,35,14, 7.265837E+00,-1.326639E-01,-3.969177E-01, 5.108430E+01, 5.028471E+01, 1.436706E+00,-1.891655E+00,-1.187386E+00, 1.789768E+00, 8.160262E+01, 4.943283E+01, 2.517491E+01, 4.003283E+00,20, 9.486624E+00,1, 0.000000E+00,0, 0.000000E+00,11, 2.243140E+01, 9.415118E-01, 3.969786E+00,NULL,NULL,1,mc_qqps,35
-21023,470,20227,180655,94C2, 9.125000E+01,36,16,52,36,16,-1.208010E+01,-6.688227E+00,-2.040450E+02, 2.544984E+02, 2.539905E+02, 7.055293E+00,-1.516554E+01,-7.476734E+00,-2.122490E+02, 2.716283E+02, 6.339122E+01, 1.712990E+01, 0.000000E+00,1, 0.000000E+00,21, 1.017801E+01,0, 0.000000E+00,NULL,NULL,NULL,NULL,NULL,NULL,1,mc_qqps,35
-21023,471,20227,180711,94C2, 9.125000E+01,36,21,57,36,21,-1.413625E+01,-8.663418E+00,-2.145130E+01, 5.291447E+01, 5.219267E+01, 1.449796E+00,-6.774121E+00,-5.347670E+00,-9.646042E+00, 9.749484E+01, 3.390248E+01, 2.719542E+01, 1.094299E+01,12, 2.540741E-01,5, 0.000000E+00,0, 0.000000E+00,11, 3.221565E+01, 3.780743E-01, 1.169072E+01,1, 0.000000E+00,1,mc_qqps,35
-21023,472,20227,180729,94C2, 9.125000E+01,55,28,83,55,28, 1.447980E+00,-2.091443E+00,-9.749378E+00, 6.940620E+01, 6.805288E+01, 1.237325E+00, 1.083724E+00,-6.429129E+00, 4.608608E+00, 1.126997E+02, 5.418521E+01, 2.802325E+01, 1.472669E+01,10, 1.117613E+00,13, 0.000000E+00,0, 0.000000E+00,8, 1.120918E+01, 5.584617E-01, 3.111314E+00,NULL,NULL,1,mc_qqps,35
-21023,473,20227,180746,94C2, 9.125000E+01,43,24,67,43,24, 4.976564E+00, 2.077364E+00,-1.119574E+01, 4.647417E+01, 4.544288E+01, 1.056811E+00, 1.963683E+00,-7.164130E-01, 1.506506E+00, 7.652531E+01, 2.520490E+01, 2.501393E+01, 2.582934E+00,1, 0.000000E+00,20, 5.312807E+00,0, 0.000000E+00,1, 2.454282E+00, 2.454282E+00, 2.454282E+00,1, 0.000000E+00,1,mc_qqps,35
-21023,474,20227,180803,94C2, 9.125000E+01,16,10,26,16,10, 7.254233E-01, 3.493345E+00,-3.001559E+00, 7.068764E+01, 7.056042E+01, 4.410026E+00, 1.285671E+00, 3.756536E+00,-4.143864E+00, 8.200347E+01, 6.357008E+01, 1.131582E+01, 0.000000E+00,0, 0.000000E+00,15, 6.989935E+00,0, 0.000000E+00,NULL,NULL,NULL,NULL,NULL,NULL,1,mc_qqps,35
-21023,475,20227,180814,94C2, 9.125000E+01,51,11,62,51,11,-1.306494E+00, 6.534957E-01,-1.276602E+00, 7.492840E+01, 7.363284E+01, 1.443781E+00, 2.096459E-01, 1.144276E+00, 1.517104E+00, 8.592907E+01, 3.329736E+01, 1.100068E+01, 0.000000E+00,4, 0.000000E+00,15, 1.127064E+00,0, 0.000000E+00,2, 1.016253E+00, 4.259667E-01, 5.902858E-01,1, 0.000000E+00,1,mc_qqps,35
-21023,476,20227,180832,94C2, 9.125000E+01,37,14,51,37,14, 3.812643E+01, 1.350060E+01, 6.432018E+00, 8.822682E+01, 8.730908E+01, 2.359705E+00, 4.087868E+01, 1.285775E+01, 9.570745E+00, 1.126103E+02, 4.439601E+01, 1.777558E+01, 4.200087E+00,17, 2.083745E+00,0, 0.000000E+00,0, 0.000000E+00,11, 1.717805E+01, 4.719656E-01, 2.878900E+00,NULL,NULL,1,mc_qqps,35
-21023,477,20227,180845,94C2, 9.125000E+01,21,22,43,21,22, 9.460094E-01,-9.555696E+00, 3.837921E+00, 3.726167E+01, 3.678399E+01, 1.751619E+00,-3.083364E-01,-7.273030E-02, 6.711111E-01, 9.337447E+01, 3.419497E+01, 3.191851E+01, 9.426079E+00,20, 7.950724E-01,0, 0.000000E+00,0, 0.000000E+00,18, 4.436781E+01, 6.961926E-01, 7.263099E+00,NULL,NULL,1,mc_qqps,35
-21023,478,20227,180858,94C2, 9.125000E+01,24,16,40,24,16,-1.599498E+00, 2.139150E+00,-1.239183E+00, 4.773282E+01, 4.736325E+01, 1.973469E+00,-2.565688E-01, 4.090436E-01,-5.879427E-01, 7.769409E+01, 4.160077E+01, 2.842225E+01, 3.261553E-01,17, 6.255412E+00,0, 0.000000E+00,0, 0.000000E+00,12, 2.807493E+01, 5.346954E-01, 7.365438E+00,NULL,NULL,1,mc_qqps,35
-21023,479,20227,180912,94C2, 9.125000E+01,28,17,45,28,17,-3.827276E+00, 1.446799E+01, 1.231644E+00, 4.743398E+01, 4.693592E+01, 1.676283E+00,-3.589863E+00, 1.777408E+01, 5.061481E+00, 7.862410E+01, 4.630845E+01, 1.733210E+01, 5.945394E+00,19, 1.130431E+01,0, 0.000000E+00,0, 0.000000E+00,11, 2.162690E+01, 5.533813E-01, 4.632927E+00,NULL,NULL,1,mc_qqps,35
-21023,480,20227,180927,94C2, 9.125000E+01,33,10,43,33,10,-6.164373E+00, 9.762848E+00,-1.253072E+01, 5.814761E+01, 5.758461E+01, 1.744988E+00, 2.003270E-01, 3.295633E-01,-6.290245E-02, 8.756921E+01, 5.410573E+01, 1.017611E+01, 1.924550E+01,1, 0.000000E+00,10, 1.084610E+00,0, 0.000000E+00,1, 6.312025E-01, 6.312025E-01, 6.312025E-01,NULL,NULL,1,mc_qqps,35
-21023,481,20227,180950,94C2, 9.125000E+01,40,18,58,40,18,-1.117666E+01, 7.675875E+00,-2.778514E+00, 4.261531E+01, 4.164158E+01, 1.041040E+00, 7.643920E+00,-4.259288E+00, 3.429211E+00, 7.813872E+01, 3.058353E+01, 3.269769E+01, 5.772654E-01,16, 4.367523E-01,0, 0.000000E+00,0, 0.000000E+00,13, 3.359594E+01, 4.695131E-01, 1.756721E+01,NULL,NULL,1,mc_qqps,35
-21023,482,20227,181011,94C2, 9.125000E+01,42,19,61,42,19, 3.226343E+00, 1.075271E+01,-1.141133E+01, 6.131846E+01, 6.061730E+01, 1.443269E+00,-2.449510E+00, 5.727095E+00,-1.101816E+01, 8.852288E+01, 5.140196E+01, 1.522768E+01, 4.774221E+00,22, 5.856428E+00,2, 0.000000E+00,0, 0.000000E+00,16, 1.943766E+01, 4.499572E-01, 3.777530E+00,NULL,NULL,1,mc_qqps,35
-21023,483,20227,181028,94C2, 9.125000E+01,20,17,37,20,17,-6.673331E-01,-6.318634E+00, 7.327753E+00, 3.368840E+01, 3.335320E+01, 1.667660E+00, 1.020328E+00, 2.784772E+00, 3.789197E+00, 8.940584E+01, 3.213682E+01, 3.870054E+01, 7.355629E+00,19, 4.748805E+00,0, 0.000000E+00,0, 0.000000E+00,13, 4.555315E+01, 3.824889E-01, 1.032374E+01,NULL,NULL,1,mc_qqps,35
-21023,484,20227,181043,94C2, 9.125000E+01,30,10,40,30,10,-1.178720E+00,-4.275649E+00,-1.174550E+01, 6.820985E+01, 6.775529E+01, 2.258510E+00,-2.240277E+00,-6.497649E+00,-1.372444E+01, 7.984212E+01, 5.421918E+01, 4.439875E+00, 5.547465E+00,3, 1.635038E-01,14, 8.964339E+00,0, 0.000000E+00,2, 1.646987E+00, 5.894003E-01, 1.057587E+00,NULL,NULL,1,mc_qqps,35
-21023,485,20227,181057,94C2, 9.125000E+01,25,16,41,25,16,-2.472666E+00, 5.966485E-02, 6.034861E-01, 4.898951E+01, 4.858471E+01, 1.943388E+00,-3.624685E-01,-7.021382E+00,-1.087381E+00, 8.415273E+01, 4.699095E+01, 2.628390E+01, 5.370206E+00,18, 1.154065E+01,0, 0.000000E+00,0, 0.000000E+00,13, 2.676604E+01, 5.577432E-01, 7.256817E+00,NULL,NULL,1,mc_qqps,35
-21023,486,20227,181110,94C2, 9.125000E+01,34,19,53,34,19,-9.249316E-01, 9.855074E-02,-2.550311E+00, 6.652010E+01, 6.586034E+01, 1.937069E+00, 1.583680E+00,-3.140306E+00,-8.158117E+00, 8.966676E+01, 6.323556E+01, 1.633851E+01, 5.410885E+00,3, 0.000000E+00,14, 0.000000E+00,0, 0.000000E+00,3, 3.365421E+00, 5.701060E-01, 1.398056E+00,1, 0.000000E+00,1,mc_qqps,35
-21023,487,20227,181130,94C2, 9.125000E+01,21,15,36,21,15,-8.248083E+00,-1.990801E+00, 8.628335E+00, 5.000883E+01, 4.974628E+01, 2.368870E+00,-5.828714E+00,-1.676282E+00, 7.710639E+00, 8.132454E+01, 4.248778E+01, 1.926999E+01, 9.512875E+00,7, 4.205344E+00,10, 9.454512E-01,0, 0.000000E+00,6, 8.161766E+00, 5.726682E-01, 3.047658E+00,NULL,NULL,1,mc_qqps,35
-21023,488,20227,181143,94C2, 9.125000E+01,15,15,30,15,15, 5.348327E+00, 1.541291E+00,-1.137188E+01, 4.511199E+01, 4.486847E+01, 2.991231E+00,-8.495586E-01,-5.295110E-01, 1.263650E+01, 7.996262E+01, 6.887050E+00, 3.244158E+01, 2.409057E+00,0, 0.000000E+00,21, 1.930174E+01,0, 0.000000E+00,NULL,NULL,NULL,NULL,1, 0.000000E+00,0,mc_qqps,35
-21023,489,20227,181156,94C2, 9.125000E+01,22,8,30,22,8,-2.109283E+01,-3.451472E+00,-1.803249E+01, 8.048070E+01, 8.026741E+01, 3.648519E+00,-1.353030E+01,-1.314487E+00,-1.077570E+01, 9.712621E+01, 7.236255E+01, 1.447339E+01, 1.690555E+00,6, 3.814354E+00,5, 0.000000E+00,0, 0.000000E+00,4, 1.313633E+01, 4.815783E-01, 9.157500E+00,NULL,NULL,1,mc_qqps,35
-21023,490,20227,181215,94C2, 9.125000E+01,32,11,43,32,11,-8.369045E+00,-1.389756E+01,-5.186053E+00, 7.464925E+01, 7.411031E+01, 2.315947E+00, 5.361278E+00, 3.300196E+00,-1.468882E+00, 1.006567E+02, 6.369558E+01, 1.890157E+01, 6.420313E+00,15, 8.909132E+00,0, 0.000000E+00,0, 0.000000E+00,9, 1.930069E+01, 4.558933E-01, 6.689259E+00,NULL,NULL,1,mc_qqps,35
-21023,491,20227,181229,94C2, 9.125000E+01,15,9,24,15,9, 1.286596E+01, 6.798538E+00,-3.289533E+00, 6.951918E+01, 6.923654E+01, 4.615769E+00, 1.274094E+01, 3.422436E+00,-9.372358E-01, 8.794136E+01, 4.490867E+01, 1.552252E+01, 2.601663E+00,10, 1.534925E+01,0, 0.000000E+00,0, 0.000000E+00,7, 1.617962E+01, 6.570999E-01, 4.163260E+00,NULL,NULL,1,mc_qqps,35
-21023,492,20227,181239,94C2, 9.125000E+01,23,13,36,23,13, 2.954257E+00, 2.597249E+00,-4.580318E-01, 6.928631E+01, 6.904045E+01, 3.001759E+00,-4.693267E+00,-8.692301E+00,-3.014225E+00, 1.021373E+02, 6.832008E+01, 2.964608E+01, 3.288107E+00,13, 1.238228E+01,0, 0.000000E+00,0, 0.000000E+00,7, 1.177610E+01, 3.065684E-01, 5.277870E+00,NULL,NULL,1,mc_qqps,35
-21023,493,20227,181249,94C2, 9.125000E+01,23,18,41,23,18, 3.415973E+00, 2.170794E+00,-1.454671E+01, 6.357586E+01, 6.318695E+01, 2.747259E+00, 7.936782E+00, 3.258734E-01,-1.224608E+01, 8.405539E+01, 5.988914E+01, 1.199150E+01, 8.488046E+00,7, 2.289445E-01,10, 0.000000E+00,0, 0.000000E+00,5, 7.120081E+00, 4.675607E-01, 2.497530E+00,1, 0.000000E+00,1,mc_qqps,35
-21023,494,20227,181302,94C2, 9.125000E+01,16,8,24,16,8, 2.631061E+00, 1.970663E-01, 1.839350E+00, 7.168356E+01, 7.152493E+01, 4.470308E+00,-7.116776E+00, 4.665658E+00,-2.668780E+00, 9.074480E+01, 7.057812E+01, 1.394068E+01, 2.116386E+00,13, 6.671321E+00,0, 0.000000E+00,0, 0.000000E+00,7, 1.694486E+01, 5.272212E-01, 6.920949E+00,NULL,NULL,1,mc_qqps,35
-21023,495,20227,181317,94C2, 9.125000E+01,22,12,34,22,12, 9.672905E+00,-6.695548E-01, 1.466694E+00, 4.742573E+01, 4.710172E+01, 2.140987E+00, 1.480637E+00,-5.255427E-01,-2.634783E-01, 8.837022E+01, 4.393295E+01, 4.094449E+01, 0.000000E+00,17, 5.321992E+00,0, 0.000000E+00,0, 0.000000E+00,10, 3.729719E+01, 6.052948E-01, 1.902128E+01,NULL,NULL,1,mc_qqps,35
-21023,496,20227,181329,94C2, 9.125000E+01,37,16,53,37,16, 4.451578E-01,-2.339630E+00,-8.048466E+00, 5.571165E+01, 5.437677E+01, 1.469642E+00, 1.566636E+00, 9.876190E-01,-4.566767E+00, 8.105650E+01, 6.446450E+01, 2.324677E+01, 1.207559E+00,8, 1.215891E+00,12, 5.370275E-01,0, 0.000000E+00,3, 4.419158E+00, 8.905193E-01, 2.235320E+00,NULL,NULL,1,mc_qqps,35
-21023,497,20227,181351,94C2, 9.125000E+01,20,21,41,20,21,-7.317976E-01,-5.362908E-01,-1.322724E+00, 2.227788E+01, 2.186127E+01, 1.093063E+00, 5.694495E-01, 2.270607E+00, 8.241629E+00, 4.903803E+01, 5.009094E+00, 2.378362E+01, 2.976528E+00,0, 0.000000E+00,16, 4.288874E+00,0, 0.000000E+00,NULL,NULL,NULL,NULL,6, 0.000000E+00,0,mc_qqps,35
-21023,498,20227,181415,94C2, 9.125000E+01,19,11,30,19,11, 2.285413E+00, 1.404036E+00, 1.548389E+00, 6.444595E+01, 6.429488E+01, 3.383941E+00,-4.467891E-01, 1.061669E+01,-5.470233E+00, 1.035412E+02, 6.197290E+01, 3.010729E+01, 9.163876E+00,13, 2.717937E+00,1, 0.000000E+00,0, 0.000000E+00,5, 2.434450E+01, 8.838148E-01, 1.305334E+01,NULL,NULL,1,mc_qqps,35
-21023,499,20227,181427,94C2, 9.125000E+01,32,16,48,32,16, 2.698345E+00, 5.904559E+00,-5.831195E+00, 6.978610E+01, 6.934560E+01, 2.167050E+00, 8.666163E+00, 1.105278E+01,-6.483060E+00, 1.050174E+02, 6.898750E+01, 1.300528E+01, 1.900325E+01,20, 3.622311E+00,0, 0.000000E+00,0, 0.000000E+00,13, 1.684953E+01, 5.964326E-01, 4.045262E+00,NULL,NULL,1,mc_qqps,35
-21023,500,20227,181442,94C2, 9.125000E+01,43,17,60,43,17, 4.101074E+00, 7.344432E-01, 3.635152E-02, 7.626250E+01, 7.530057E+01, 1.751176E+00, 1.685379E+00,-2.161261E-01, 6.605816E-01, 9.601515E+01, 7.134625E+01, 1.577166E+01, 7.754064E-01,21, 1.050794E+01,0, 0.000000E+00,0, 0.000000E+00,14, 1.440227E+01, 3.737764E-01, 2.096762E+00,NULL,NULL,1,mc_qqps,35
-21023,501,20227,181503,94C2, 9.125000E+01,14,8,22,14,8, 1.598711E+00, 4.403127E-01, 3.647158E+00, 3.210870E+01, 3.181400E+01, 2.272428E+00,-1.022692E+01, 1.294723E+00, 2.872793E+00, 6.900979E+01, 3.092102E+01, 2.791968E+01, 8.996172E+00,7, 8.956780E+00,0, 0.000000E+00,0, 0.000000E+00,4, 2.725235E+01, 5.968428E-01, 2.335522E+01,NULL,NULL,1,mc_qqps,35
-21023,502,20227,181513,94C2, 9.125000E+01,33,15,48,33,15, 2.250693E+00, 5.740353E-01,-3.771006E+00, 6.603139E+01, 6.541640E+01, 1.982315E+00, 2.565796E+00,-1.544147E+01,-1.344201E+01, 1.037088E+02, 5.995432E+01, 1.961032E+01, 1.695777E+01,13, 2.112859E+00,2, 0.000000E+00,0, 0.000000E+00,8, 1.252119E+01, 3.720742E-01, 3.816407E+00,NULL,NULL,1,mc_qqps,35
-21023,503,20227,181530,94C2, 9.125000E+01,32,14,46,32,14,-1.639094E+00,-5.499598E-01,-2.785699E-01, 6.360242E+01, 6.311381E+01, 1.972306E+00,-5.518948E+00, 9.598854E-01,-3.210605E+00, 8.342294E+01, 5.841460E+01, 5.880238E+00, 1.242128E+01,6, 3.715016E-02,5, 0.000000E+00,0, 0.000000E+00,3, 4.337476E+00, 1.009158E+00, 1.807725E+00,1, 0.000000E+00,1,mc_qqps,35
-21023,504,20227,181547,94C2, 9.125000E+01,29,17,46,29,17,-3.020283E+00, 1.152241E+00, 1.097564E+01, 6.370108E+01, 6.323349E+01, 2.180465E+00, 1.128554E-03,-7.926117E-01, 6.616390E+00, 8.432037E+01, 4.814931E+01, 1.866672E+01, 2.090492E+00,5, 5.466619E-01,15, 7.022050E+00,0, 0.000000E+00,3, 3.560636E+00, 7.165521E-01, 1.866847E+00,NULL,NULL,1,mc_qqps,35
-21023,505,20227,181603,94C2, 9.125000E+01,26,15,41,26,15,-2.017843E+01, 1.909988E+01,-6.938487E+00, 5.610558E+01, 5.553343E+01, 2.135901E+00,-5.096587E+00, 2.699845E+00, 4.551318E-01, 9.720381E+01, 5.047101E+01, 3.430505E+01, 5.669587E+00,15, 6.872534E+00,0, 0.000000E+00,0, 0.000000E+00,9, 3.305420E+01, 4.098848E-01, 1.701396E+01,NULL,NULL,1,mc_qqps,35
-21023,506,20227,181617,94C2, 9.125000E+01,23,14,37,23,14, 4.767334E+00,-5.262428E+00, 1.645494E+00, 5.249844E+01, 5.195053E+01, 2.258719E+00,-5.040429E+00, 9.253187E+00, 2.403339E+00, 9.816696E+01, 5.063192E+01, 3.868583E+01, 6.065949E+00,14, 5.269924E+00,0, 0.000000E+00,0, 0.000000E+00,10, 2.695226E+01, 5.845503E-01, 1.034648E+01,NULL,NULL,1,mc_qqps,35
-21023,507,20227,181630,94C2, 9.125000E+01,27,11,38,27,11,-1.337751E+00, 2.963647E+00,-4.710973E+00, 6.721960E+01, 6.684315E+01, 2.475672E+00, 2.267245E+00, 1.030473E+01,-9.960465E+00, 9.956455E+01, 6.095066E+01, 2.086661E+01, 1.147836E+01,12, 1.594368E+01,2, 0.000000E+00,0, 0.000000E+00,5, 1.862868E+01, 5.044340E-01, 1.044104E+01,NULL,NULL,1,mc_qqps,35
-21023,508,20227,181643,94C2, 9.125000E+01,26,12,38,26,12, 5.725199E+00, 1.172840E+01,-9.686141E+00, 9.402340E+01, 9.361777E+01, 3.600683E+00, 7.146760E+00, 1.019564E+01,-1.118433E+01, 1.069158E+02, 8.883936E+01, 1.098930E+01, 0.000000E+00,13, 1.557771E+00,0, 0.000000E+00,0, 0.000000E+00,8, 8.942061E+00, 4.078653E-01, 2.409849E+00,NULL,NULL,1,mc_qqps,35
-21023,509,20227,181700,94C2, 9.125000E+01,23,14,37,23,14,-1.405160E+01,-1.900401E+00,-2.820251E+01, 4.543996E+01, 4.461823E+01, 1.939923E+00,-2.167162E+01,-1.878476E+00,-4.733129E+01, 8.165556E+01, 4.187159E+01, 9.532639E+00, 2.630558E+01,3, 0.000000E+00,8, 0.000000E+00,0, 0.000000E+00,2, 2.763591E+00, 3.830912E-01, 2.380500E+00,2, 0.000000E+00,1,mc_qqps,35
-21023,510,20227,181712,94C2, 9.125000E+01,33,6,39,33,6, 1.505652E+01,-9.376602E-01, 1.150818E+01, 7.302299E+01, 7.238797E+01, 2.193575E+00,-4.843202E-01, 2.063725E+00, 4.964398E+00, 9.512125E+01, 6.473675E+01, 1.582119E-01, 2.167194E+01,9, 8.944365E+00,1, 0.000000E+00,0, 0.000000E+00,1, 3.778639E-01, 3.778639E-01, 3.778639E-01,NULL,NULL,1,mc_qqps,35
-21023,511,20227,181725,94C2, 9.125000E+01,27,20,47,27,20, 6.250530E+00, 8.313068E+00, 2.985835E+00, 6.468067E+01, 6.418893E+01, 2.377368E+00, 4.898330E+00, 3.453075E+00, 3.595731E+00, 9.942280E+01, 6.273099E+01, 2.260293E+01, 1.299790E+00,22, 1.252682E+00,0, 0.000000E+00,0, 0.000000E+00,19, 3.344985E+01, 4.929126E-01, 5.416241E+00,NULL,NULL,1,mc_qqps,35
-21023,512,20227,181740,94C2, 9.125000E+01,57,10,67,57,10,-1.503949E+00,-3.232607E-01,-3.294770E+00, 8.130999E+01, 8.002654E+01, 1.403974E+00,-7.338737E-01, 3.325211E+00,-6.554635E+00, 9.301098E+01, 7.169039E+01, 9.241284E+00, 1.311130E+00,6, 1.673629E+00,3, 0.000000E+00,0, 0.000000E+00,3, 4.503120E+00, 1.148573E+00, 1.994371E+00,NULL,NULL,1,mc_qqps,35
-21023,513,20227,181758,94C2, 9.125000E+01,27,15,42,27,15,-1.881257E+00,-2.485022E+00,-4.151075E+01, 1.170396E+02, 1.167403E+02, 4.323713E+00,-4.786200E-01,-2.954387E-01,-4.951307E+01, 1.298687E+02, 5.160673E+01, 8.421358E+00, 4.407691E+00,2, 0.000000E+00,15, 1.821510E+01,0, 0.000000E+00,1, 7.150385E-01, 7.150385E-01, 7.150385E-01,3, 0.000000E+00,1,mc_qqps,35
-21023,514,20227,181814,94C2, 9.125000E+01,29,17,46,29,17, 2.716643E+00,-5.263381E+00,-1.648158E+00, 4.819214E+01, 4.767766E+01, 1.644057E+00, 1.280533E+00,-1.676344E+01, 5.277215E+00, 7.139416E+01, 4.550532E+01, 1.844228E+01, 4.013915E+00,16, 1.271004E+00,0, 0.000000E+00,0, 0.000000E+00,11, 1.824452E+01, 4.190886E-01, 3.702034E+00,NULL,NULL,1,mc_qqps,35
-21023,515,20227,181828,94C2, 9.125000E+01,12,10,22,12,10,-1.759284E+00, 5.533683E+00,-9.235354E+00, 1.524682E+01, 1.494307E+01, 1.245256E+00,-1.964906E+00, 8.294569E-01,-1.687731E+00, 3.653117E+01, 1.343045E+01, 1.278756E+01, 8.496784E+00,1, 0.000000E+00,3, 0.000000E+00,0, 0.000000E+00,NULL,NULL,NULL,NULL,3, 0.000000E+00,1,mc_qqps,35
-21023,516,20227,181851,94C2, 9.125000E+01,20,11,31,20,11,-5.915897E+00,-7.032946E+00,-5.879128E+00, 3.607896E+01, 3.564930E+01, 1.782465E+00, 1.586259E+01, 2.066719E+01, 1.282087E+01, 7.767562E+01, 3.039841E+01, 1.140709E+01, 2.583035E+01,13, 1.067856E+01,0, 0.000000E+00,0, 0.000000E+00,10, 1.576631E+01, 4.505932E-01, 4.536443E+00,NULL,NULL,1,mc_qqps,35
-21023,517,20227,181905,94C2, 9.125000E+01,23,10,33,23,10,-2.024649E+00, 2.972731E+00,-3.964303E+00, 5.729970E+01, 5.703795E+01, 2.479911E+00, 7.265361E+00,-2.445633E+00, 4.856723E+00, 8.453305E+01, 5.283377E+01, 1.554542E+01, 1.001843E+01,13, 5.705832E+00,1, 0.000000E+00,0, 0.000000E+00,6, 1.453189E+01, 4.870766E-01, 4.631355E+00,NULL,NULL,1,mc_qqps,35
-21023,518,20227,181916,94C2, 9.125000E+01,31,11,42,31,11,-2.832909E+00, 3.673723E+00, 3.187047E+00, 6.675623E+01, 6.648649E+01, 2.144725E+00,-6.416107E+00, 6.129817E+00,-3.510978E+00, 9.010540E+01, 5.156721E+01, 1.207277E+01, 1.127727E+01,1, 0.000000E+00,14, 6.223738E+00,0, 0.000000E+00,NULL,NULL,NULL,NULL,NULL,NULL,1,mc_qqps,35
-21023,519,20227,181933,94C2, 9.125000E+01,26,16,42,26,16,-1.468439E+01, 5.038998E+00, 5.462306E+00, 6.541896E+01, 6.511711E+01, 2.504504E+00,-2.947195E+00,-7.998469E-01, 2.213598E+00, 9.166123E+01, 6.417973E+01, 2.173223E+01, 2.470638E+00,21, 3.139717E+00,0, 0.000000E+00,0, 0.000000E+00,12, 2.328457E+01, 3.603542E-01, 7.595623E+00,NULL,NULL,1,mc_qqps,35
-21023,520,20227,181944,94C2, 9.125000E+01,36,13,49,36,13,-6.592035E+00, 1.292821E+01,-5.978902E+00, 7.468696E+01, 7.373745E+01, 2.048263E+00,-9.657081E+00, 1.976383E+01,-9.873869E+00, 1.274147E+02, 6.761452E+01, 5.029493E+01, 2.145758E-01,12, 4.010070E-02,0, 0.000000E+00,0, 0.000000E+00,9, 2.487173E+01, 4.763431E-01, 1.240880E+01,NULL,NULL,1,mc_qqps,35
-21023,521,20227,181959,94C2, 9.125000E+01,16,14,30,16,14,-9.092899E-01,-7.797369E-01,-1.004582E+02, 1.326559E+02, 1.325061E+02, 8.281633E+00, 5.270900E-01, 7.084964E+00,-7.774518E+01, 1.777438E+02, 6.930940E+00, 4.015238E+01, 4.937511E+00,1, 1.809823E-01,16, 1.116455E+01,0, 0.000000E+00,NULL,NULL,NULL,NULL,1, 0.000000E+00,0,mc_qqps,35
-21023,522,20227,182010,94C2, 9.125000E+01,42,12,54,42,12,-6.550437E+00,-2.962009E+00,-1.687460E+01, 7.218415E+01, 7.146353E+01, 1.701513E+00,-5.454332E+00,-4.106514E+00,-1.724300E+01, 8.218258E+01, 5.363694E+01, 8.969877E+00, 1.028545E+00,3, 0.000000E+00,15, 5.161130E+00,0, 0.000000E+00,2, 2.163009E+00, 8.865877E-01, 1.276422E+00,NULL,NULL,1,mc_qqps,35
-21023,523,20227,182028,94C2, 9.125000E+01,30,16,46,30,16, 1.334277E+01, 6.968229E+00,-1.055303E+01, 7.634138E+01, 7.578001E+01, 2.526000E+00, 1.506212E+01, 6.670746E+00,-8.423392E+00, 9.037339E+01, 6.284602E+01, 8.098668E+00, 4.305283E+00,15, 1.439111E+01,3, 0.000000E+00,0, 0.000000E+00,7, 6.552571E+00, 3.974901E-01, 2.107514E+00,NULL,NULL,1,mc_qqps,35
-21023,524,20227,182040,94C2, 9.125000E+01,34,16,50,34,16,-5.004901E+00, 1.631203E+01,-1.580803E+01, 5.195937E+01, 5.131773E+01, 1.509345E+00,-5.640035E+00, 1.741983E+01,-1.567389E+01, 7.379338E+01, 4.769254E+01, 1.304956E+01, 1.886219E+00,15, 1.730816E+01,0, 0.000000E+00,0, 0.000000E+00,10, 1.471628E+01, 3.470938E-01, 4.032954E+00,NULL,NULL,1,mc_qqps,35
-21023,525,20227,182055,94C2, 9.125000E+01,28,16,44,28,16, 2.247825E+00, 9.046224E+00,-5.264998E+00, 5.291348E+01, 5.235990E+01, 1.869996E+00, 2.607131E+00, 6.965352E+00,-4.899350E+00, 7.837716E+01, 5.025761E+01, 2.528949E+01, 1.741836E-01,16, 4.093446E+00,0, 0.000000E+00,0, 0.000000E+00,13, 2.390453E+01, 6.121467E-01, 3.904844E+00,NULL,NULL,1,mc_qqps,35
-21023,526,20227,182110,94C2, 9.125000E+01,34,11,45,34,11,-3.876043E+01, 2.757063E+01,-2.384001E+01, 1.205849E+02, 1.193012E+02, 3.508858E+00,-3.230674E+01, 1.855728E+01,-2.811351E+01, 1.435820E+02, 6.605382E+01, 1.962598E+01, 3.205453E-01,12, 6.702818E+00,1, 0.000000E+00,0, 0.000000E+00,8, 2.107234E+01, 7.278704E-01, 8.731570E+00,NULL,NULL,1,mc_qqps,35
-21023,527,20227,182123,94C2, 9.125000E+01,23,12,35,23,12, 2.821060E+00, 2.160537E+00,-1.844142E+00, 7.433035E+01, 7.418966E+01, 3.225637E+00, 4.447375E-01,-1.143416E+01, 8.841579E+00, 1.101425E+02, 7.303053E+01, 1.701192E+01, 1.657510E+01,18, 8.307411E+00,0, 0.000000E+00,0, 0.000000E+00,8, 1.639459E+01, 5.608160E-01, 5.683349E+00,NULL,NULL,1,mc_qqps,35
-21023,528,20227,182134,94C2, 9.125000E+01,28,19,47,28,19, 7.092070E+00, 1.706811E+01, 7.586916E+00, 5.152547E+01, 5.110865E+01, 1.825309E+00, 3.499849E+00, 5.406807E+00, 7.342800E+00, 9.302989E+01, 4.784584E+01, 1.427013E+01, 1.743392E+01,14, 1.346726E+00,5, 0.000000E+00,0, 0.000000E+00,10, 1.779932E+01, 3.676758E-01, 7.117451E+00,NULL,NULL,1,mc_qqps,35
-21023,529,20227,182148,94C2, 9.125000E+01,28,18,46,28,18, 9.200808E+00, 1.144829E+00,-1.398794E+01, 5.064595E+01, 5.007393E+01, 1.788355E+00, 9.300769E+00, 1.647646E+00,-1.406558E+01, 7.789989E+01, 4.565052E+01, 1.522422E+01, 1.217312E+01,3, 0.000000E+00,18, 6.222728E+00,0, 0.000000E+00,2, 3.621607E+00, 1.551193E+00, 2.070414E+00,NULL,NULL,1,mc_qqps,35
-21023,530,20227,182205,94C2, 9.125000E+01,27,6,33,27,6, 9.908524E+00,-1.720983E+01,-3.921029E+00, 4.339191E+01, 4.285386E+01, 1.587180E+00, 1.584691E+01,-2.472016E+01,-7.997228E+00, 6.701940E+01, 3.772415E+01, 1.772771E+01, 5.899775E+00,9, 3.201229E+00,0, 0.000000E+00,0, 0.000000E+00,2, 5.292634E+00, 1.138120E+00, 4.154514E+00,NULL,NULL,1,mc_qqps,35
-21023,531,20227,182214,94C2, 9.125000E+01,25,12,37,25,12,-2.409597E+00,-4.634614E-01, 1.079494E+02, 1.968265E+02, 1.964627E+02, 7.858507E+00, 6.490842E-01,-3.225805E+00, 1.059048E+02, 2.085169E+02, 9.085248E+01, 7.157561E+00, 4.030623E+00,5, 0.000000E+00,13, 8.599738E+00,0, 0.000000E+00,4, 2.672316E+00, 5.022706E-01, 8.354648E-01,NULL,NULL,1,mc_qqps,35
-21023,532,20227,182228,94C2, 9.125000E+01,32,14,46,32,14,-5.418259E+00,-5.495923E+00,-4.515185E+00, 4.855045E+01, 4.780761E+01, 1.493988E+00,-1.878004E+00,-3.059911E-01,-5.628287E-01, 7.750591E+01, 4.594487E+01, 2.495456E+01, 2.109069E+00,13, 3.931749E+00,1, 0.000000E+00,0, 0.000000E+00,9, 2.111743E+01, 5.874579E-01, 5.049566E+00,NULL,NULL,1,mc_qqps,35
-21023,533,20227,182242,94C2, 9.125000E+01,16,10,26,16,10,-1.259008E+01, 3.084767E+00,-7.725936E+00, 7.757265E+01, 7.737806E+01, 4.836129E+00,-1.517308E+00, 1.627212E+00,-1.166182E+00, 9.390487E+01, 7.464363E+01, 8.163044E+00, 5.450486E+00,13, 2.671295E+00,0, 0.000000E+00,0, 0.000000E+00,8, 1.004524E+01, 7.173297E-01, 1.831738E+00,NULL,NULL,1,mc_qqps,35
-21023,534,20227,182252,94C2, 9.125000E+01,25,9,34,25,9,-6.417081E+00,-1.157302E+00,-5.411762E+00, 7.431581E+01, 7.401694E+01, 2.960677E+00, 6.123620E+00, 1.484469E+00, 5.395436E+00, 1.066679E+02, 6.861257E+01, 1.798480E+01, 0.000000E+00,10, 7.764944E-01,2, 0.000000E+00,0, 0.000000E+00,5, 2.124057E+01, 1.231182E+00, 7.295444E+00,1, 0.000000E+00,1,mc_qqps,35
-21023,535,20227,182306,94C2, 9.125000E+01,38,17,55,38,17, 8.684463E+00,-2.486628E+00, 9.418346E+00, 5.599987E+01, 5.538062E+01, 1.457385E+00, 1.314896E+01,-6.378655E+00, 1.527269E+01, 8.703745E+01, 5.314005E+01, 2.359755E+01, 6.571904E+00,12, 2.194458E+00,7, 0.000000E+00,0, 0.000000E+00,10, 1.471874E+01, 3.495362E-01, 3.227384E+00,NULL,NULL,1,mc_qqps,35
-21023,536,20227,182323,94C2, 9.125000E+01,19,13,32,19,13, 4.715833E+00, 2.284450E+00,-1.680219E+00, 6.779746E+01, 6.749840E+01, 3.552547E+00,-4.329619E-01, 3.085720E-01,-1.592347E-01, 9.780397E+01, 6.689040E+01, 3.000651E+01, 0.000000E+00,17, 7.134881E+00,0, 0.000000E+00,0, 0.000000E+00,11, 2.419792E+01, 7.308320E-01, 4.595004E+00,NULL,NULL,1,mc_qqps,35
-21023,537,20227,182336,94C2, 9.125000E+01,49,17,66,49,17,-1.098345E+01, 1.209413E+01, 5.711398E+01, 1.005303E+02, 9.951561E+01, 2.030931E+00,-7.390625E+00, 1.059193E+01, 5.407978E+01, 1.140659E+02, 4.202176E+01, 1.270295E+01, 0.000000E+00,6, 0.000000E+00,18, 3.268277E+00,0, 0.000000E+00,6, 5.995469E+00, 5.390640E-01, 1.387573E+00,NULL,NULL,1,mc_qqps,35
-21023,538,20227,182354,94C2, 9.125000E+01,37,14,51,37,14, 7.613254E+00,-7.679183E+00,-6.350812E+00, 6.328960E+01, 6.248245E+01, 1.688715E+00, 6.693309E+00,-9.980844E+00,-6.565572E+00, 8.855598E+01, 5.432421E+01, 2.452624E+01, 7.418343E-01,11, 4.320208E-01,2, 0.000000E+00,0, 0.000000E+00,6, 1.975191E+01, 9.564148E-01, 9.792674E+00,NULL,NULL,1,mc_qqps,35
-21023,539,20227,182411,94C2, 9.125000E+01,35,18,53,35,18, 8.450893E+00,-3.217076E+00,-1.099467E+01, 1.218007E+02, 1.209328E+02, 3.455222E+00, 5.406842E+00,-2.019581E+00,-6.713837E+00, 1.488730E+02, 1.526458E+01, 2.668983E+01, 3.824533E-01,1, 1.210246E-01,19, 1.906339E+01,0, 0.000000E+00,NULL,NULL,NULL,NULL,3, 0.000000E+00,1,mc_qqps,35
-21023,540,20227,182426,94C2, 9.125000E+01,28,18,46,28,18,-1.270276E+00, 2.624221E-01,-3.009269E+00, 5.190240E+01, 5.145186E+01, 1.837566E+00, 3.008411E+00,-7.151278E+00, 4.976974E+00, 7.841808E+01, 4.915607E+01, 2.069785E+01, 3.179753E+00,19, 1.667175E+01,3, 0.000000E+00,0, 0.000000E+00,11, 1.906848E+01, 6.474144E-01, 3.580065E+00,NULL,NULL,1,mc_qqps,35
-21023,541,20227,182441,94C2, 9.125000E+01,31,19,50,31,19, 3.642309E+00,-2.372910E+00,-4.598074E+00, 6.918461E+01, 6.865331E+01, 2.214623E+00, 1.472806E+00,-1.503270E+00,-7.878795E-01, 1.064150E+02, 6.636734E+01, 1.946302E+01, 1.406221E+01,19, 2.671095E+00,0, 0.000000E+00,0, 0.000000E+00,15, 2.319614E+01, 6.549284E-01, 3.733124E+00,NULL,NULL,1,mc_qqps,35
-21023,542,20227,182453,94C2, 9.125000E+01,38,14,52,38,14,-3.560133E+00,-5.839077E+00,-3.494532E+00, 6.946307E+01, 6.874210E+01, 1.809003E+00,-4.340887E-03, 1.520359E+00, 3.956964E+00, 9.903191E+01, 5.618720E+01, 1.533586E+01, 7.596191E+00,11, 3.611788E-01,3, 0.000000E+00,0, 0.000000E+00,7, 1.417056E+01, 6.353049E-01, 3.841139E+00,NULL,NULL,1,mc_qqps,35
-21023,543,20227,182511,94C2, 9.125000E+01,24,15,39,24,15,-1.707370E+01,-1.287538E+01, 6.491896E+00, 8.128479E+01, 8.081669E+01, 3.367362E+00,-1.048430E+01,-8.732647E+00, 7.312020E-01, 1.166398E+02, 7.743978E+01, 9.151823E+00, 2.193815E+01,11, 1.179259E+01,1, 0.000000E+00,0, 0.000000E+00,6, 1.220607E+01, 6.563385E-01, 4.428739E+00,NULL,NULL,1,mc_qqps,35
-21023,544,20227,182524,94C2, 9.125000E+01,13,18,31,13,18, 5.812291E+00, 3.539353E+00,-7.251885E+00, 2.996242E+01, 2.977638E+01, 2.290491E+00, 3.260522E-01, 1.379144E+00,-1.615027E+00, 7.800747E+01, 2.978641E+01, 3.138936E+01, 1.195594E+01,12, 0.000000E+00,4, 0.000000E+00,0, 0.000000E+00,11, 2.511966E+01, 3.504847E-01, 1.047881E+01,NULL,NULL,1,mc_qqps,35
-21023,545,20227,182540,94C2, 9.125000E+01,43,10,53,43,10, 2.249394E+00,-1.199247E+01, 3.210806E+00, 4.914088E+01, 4.787000E+01, 1.113256E+00, 8.241932E+00,-2.296678E+01, 1.488453E+00, 8.223754E+01, 4.112774E+01, 2.282254E+01, 2.886209E+00,11, 7.894784E-01,0, 0.000000E+00,0, 0.000000E+00,5, 2.776247E+01, 6.294708E-01, 1.809233E+01,NULL,NULL,1,mc_qqps,35
-21023,546,20227,182620,94C2, 9.125000E+01,37,8,45,37,8, 9.845381E+00,-5.579437E+00, 3.431907E+00, 6.788292E+01, 6.669138E+01, 1.802470E+00, 7.400551E+00,-5.277601E+00, 4.901498E+00, 7.887251E+01, 6.373398E+01, 9.427354E+00, 1.562236E+00,7, 8.845682E-02,0, 0.000000E+00,0, 0.000000E+00,4, 8.756908E+00, 4.508061E-01, 5.003165E+00,NULL,NULL,1,mc_qqps,35
-21023,547,20227,182642,94C2, 9.125000E+01,18,7,25,18,7, 2.044569E-01,-1.389578E+00,-4.782705E-01, 6.546860E+01, 6.518555E+01, 3.621420E+00, 8.854395E-01,-2.253338E+00,-1.659842E+00, 7.453049E+01, 6.462023E+01, 7.920233E+00, 5.822955E-01,2, 0.000000E+00,8, 8.760880E-01,0, 0.000000E+00,2, 1.998924E+00, 5.593519E-01, 1.439572E+00,NULL,NULL,1,mc_qqps,35
-21023,548,20227,182654,94C2, 9.125000E+01,33,15,48,33,15,-5.991005E+00,-2.270874E+00,-3.434522E+00, 6.719939E+01, 6.658028E+01, 2.017584E+00, 4.978225E+00, 7.624417E-01, 1.864103E+00, 8.678399E+01, 6.171266E+01, 1.373109E+01, 1.999724E+00,14, 4.625160E+00,0, 0.000000E+00,0, 0.000000E+00,10, 1.437251E+01, 3.972945E-01, 3.366511E+00,NULL,NULL,1,mc_qqps,35
-21023,549,20227,182707,94C2, 9.125000E+01,54,10,63,53,10, 1.880754E+00, 5.122845E+00,-1.686038E+01, 5.792233E+01, 5.673308E+01, 1.070436E+00, 2.438157E+00, 4.022694E+00,-1.432247E+01, 7.637366E+01, 2.821429E+01, 1.845134E+01, 0.000000E+00,5, 2.093959E-02,9, 0.000000E+00,0, 0.000000E+00,3, 1.425107E+00, 4.446725E-01, 5.052186E-01,3, 0.000000E+00,1,mc_qqps,35
-21023,550,20227,182733,94C2, 9.125000E+01,18,17,35,18,17, 8.079394E+00, 8.210672E+00,-4.047684E+01, 5.688876E+01, 5.677190E+01, 3.153995E+00, 1.230433E+01, 9.109273E+00,-5.313626E+01, 9.875364E+01, 2.869833E+01, 2.066416E+01, 2.121427E+01,0, 0.000000E+00,16, 6.108391E+00,0, 0.000000E+00,NULL,NULL,NULL,NULL,1, 0.000000E+00,1,mc_qqps,35
-21023,551,20227,182746,94C2, 9.125000E+01,28,22,50,28,22, 4.413872E-02,-2.915256E+00,-5.363772E+00, 5.224206E+01, 5.163924E+01, 1.844258E+00, 1.352083E+00,-2.036688E+00,-9.438684E+00, 8.822127E+01, 3.965589E+01, 2.192084E+01, 1.405837E+01,1, 0.000000E+00,20, 6.854457E+00,0, 0.000000E+00,1, 5.649073E-01, 5.649073E-01, 5.649073E-01,NULL,NULL,1,mc_qqps,35
-21023,552,20227,182806,94C2, 9.125000E+01,40,14,54,40,14, 6.974369E-02, 1.100907E+00,-1.025608E+00, 7.297536E+01, 7.217031E+01, 1.804258E+00,-1.708729E+00, 3.651958E+00,-2.866846E+00, 9.126121E+01, 6.933521E+01, 1.391882E+01, 4.456062E+00,2, 0.000000E+00,19, 7.990410E+00,0, 0.000000E+00,1, 1.148722E+00, 1.148722E+00, 1.148722E+00,NULL,NULL,1,mc_qqps,35
-21023,553,20227,182819,94C2, 9.125000E+01,36,23,59,36,23,-9.651157E+00, 5.008347E-01,-1.442043E+00, 6.373462E+01, 6.299358E+01, 1.749822E+00,-4.533131E-01,-4.925564E+00, 2.232509E+00, 8.871148E+01, 5.552401E+01, 2.359295E+01, 1.383923E+00,24, 1.849397E+01,0, 0.000000E+00,0, 0.000000E+00,15, 2.007333E+01, 4.661810E-01, 3.551964E+00,NULL,NULL,1,mc_qqps,35
-21023,554,20227,182836,94C2, 9.125000E+01,43,18,61,43,18, 4.433509E-01,-5.930482E+00, 9.246384E+00, 8.311375E+01, 8.228313E+01, 1.913561E+00,-4.955697E+00,-7.586925E+00, 2.448094E+01, 1.095446E+02, 5.489415E+01, 2.499179E+01, 0.000000E+00,5, 1.180902E+00,16, 5.750866E-01,0, 0.000000E+00,3, 2.049808E+00, 4.215522E-01, 1.017460E+00,NULL,NULL,1,mc_qqps,35
-21023,555,20227,182855,94C2, 9.125000E+01,36,16,52,36,16, 5.117266E+00,-3.293742E+00,-3.052732E+00, 5.282512E+01, 5.199788E+01, 1.444386E+00,-2.556639E+00,-6.024693E+00, 2.345973E+00, 9.163909E+01, 4.750262E+01, 7.605604E+00, 2.628086E+01,14, 2.108315E+00,0, 0.000000E+00,0, 0.000000E+00,9, 1.325984E+01, 4.822170E-01, 4.346119E+00,NULL,NULL,1,mc_qqps,35
-21023,556,20227,182909,94C2, 9.125000E+01,21,10,31,21,10,-2.737648E+00, 1.593501E+01, 1.957884E+00, 6.363942E+01, 6.330735E+01, 3.014636E+00,-1.768296E+00, 3.700447E+00,-6.533296E-01, 8.023402E+01, 5.994821E+01, 4.896267E+00, 6.698267E+00,12, 7.314884E+00,0, 0.000000E+00,0, 0.000000E+00,7, 9.976878E+00, 3.613532E-01, 2.502021E+00,NULL,NULL,1,mc_qqps,35
-21023,557,20227,182926,94C2, 9.125000E+01,21,7,28,21,7, 1.721122E+01,-1.978424E+01, 2.850290E+00, 5.050972E+01, 5.011901E+01, 2.386620E+00, 1.775921E+00,-2.353741E+00, 2.219366E+00, 8.996552E+01, 4.705903E+01, 3.768542E+01, 1.770782E+00,10, 1.040186E+01,0, 0.000000E+00,0, 0.000000E+00,4, 3.669695E+01, 1.055689E+00, 2.286567E+01,NULL,NULL,1,mc_qqps,35
-21023,558,20227,182938,94C2, 9.125000E+01,35,14,49,35,14,-4.795944E+00,-6.594254E+00, 2.972171E+00, 7.130549E+01, 7.056733E+01, 2.016209E+00,-2.840720E+00,-3.590860E+00, 1.497052E+00, 9.059517E+01, 6.754308E+01, 1.198082E+01, 2.334949E+00,16, 1.034606E+01,0, 0.000000E+00,0, 0.000000E+00,9, 1.558614E+01, 9.752915E-01, 2.842617E+00,NULL,NULL,1,mc_qqps,35
-21023,559,20227,182952,94C2, 9.125000E+01,15,11,26,15,11,-2.251849E+01,-6.799972E+00, 2.434732E+00, 5.553868E+01, 5.533126E+01, 3.688751E+00,-3.886417E+00,-1.941756E+00, 1.080482E+00, 7.626309E+01, 5.359029E+01, 8.479580E+00, 0.000000E+00,12, 3.456379E-01,0, 0.000000E+00,0, 0.000000E+00,10, 2.006703E+01, 5.091076E-01, 5.912690E+00,NULL,NULL,1,mc_qqps,35
-21023,560,20227,183005,94C2, 9.125000E+01,33,14,47,33,14,-7.373688E+00, 7.177179E+00,-6.205753E+00, 6.514641E+01, 6.437077E+01, 1.950629E+00,-5.501196E+00, 3.628973E+00,-3.232772E+00, 1.119921E+02, 4.580370E+01, 2.481608E+01, 1.803651E+01,17, 3.268510E+00,0, 0.000000E+00,0, 0.000000E+00,12, 2.880916E+01, 7.856340E-01, 7.603457E+00,NULL,NULL,1,mc_qqps,35
-21023,561,20227,183021,94C2, 9.125000E+01,38,15,53,38,15, 2.908820E+00, 2.298030E+00,-4.194044E+01, 1.418674E+02, 1.413901E+02, 3.720791E+00,-5.604540E-01,-2.569034E+00,-3.395805E+01, 1.743614E+02, 7.049629E+01, 3.100789E+01, 1.486102E+00,1, 0.000000E+00,17, 1.585341E+01,0, 0.000000E+00,NULL,NULL,NULL,NULL,2, 0.000000E+00,1,mc_qqps,35
-21023,562,20227,183034,94C2, 9.125000E+01,38,16,54,38,16,-2.674808E+01, 9.358103E+00,-1.688679E+01, 9.114822E+01, 9.044167E+01, 2.380044E+00,-2.187622E+01, 9.305696E+00,-1.632216E+01, 1.153188E+02, 4.541953E+01, 1.230354E+01, 6.770658E+00,12, 5.859911E-01,3, 0.000000E+00,0, 0.000000E+00,8, 1.219213E+01, 7.909714E-01, 3.787527E+00,NULL,NULL,1,mc_qqps,35
-21023,563,20227,183054,94C2, 9.125000E+01,51,18,69,51,18,-5.752982E+00, 2.428681E-01,-9.459531E+00, 5.744996E+01, 5.600127E+01, 1.098064E+00,-5.028198E+00, 1.144721E+01,-8.982607E+00, 9.478289E+01, 4.349386E+01, 2.392751E+01, 1.340542E+01,14, 8.019949E-01,5, 1.253042E+00,0, 0.000000E+00,10, 1.773022E+01, 3.245121E-01, 5.610242E+00,NULL,NULL,1,mc_qqps,35
-21023,564,20227,183113,94C2, 9.125000E+01,50,20,70,50,20,-2.317379E+00,-1.189788E+01,-4.450539E-01, 5.664864E+01, 5.495926E+01, 1.099185E+00, 2.707472E+00, 1.945275E-02,-1.852428E+00, 1.063739E+02, 4.908634E+01, 2.375670E+01, 1.998724E+01,21, 6.617994E+00,0, 0.000000E+00,0, 0.000000E+00,15, 2.717045E+01, 6.768900E-01, 6.238651E+00,NULL,NULL,1,mc_qqps,35
-21023,565,20227,183132,94C2, 9.125000E+01,16,14,30,16,14,-1.696251E-01,-1.288542E+00, 6.306456E-01, 3.803511E+01, 3.777014E+01, 2.360634E+00, 5.737683E+00,-1.367987E+01, 1.248088E+01, 7.319427E+01, 3.415790E+01, 1.886840E+01, 1.629076E+01,14, 4.093847E+00,0, 0.000000E+00,0, 0.000000E+00,10, 1.799641E+01, 4.551695E-01, 3.758524E+00,NULL,NULL,1,mc_qqps,35
-21023,566,20227,183143,94C2, 9.125000E+01,39,11,50,39,11, 4.223992E+00,-1.143752E+01, 2.125941E+00, 6.633878E+01, 6.558615E+01, 1.681696E+00,-3.970788E-01,-1.240356E+01, 1.413010E-01, 8.568961E+01, 5.939790E+01, 1.385270E+01, 2.156671E-01,14, 2.809306E+00,0, 0.000000E+00,0, 0.000000E+00,8, 1.889051E+01, 4.358855E-01, 8.192930E+00,NULL,NULL,1,mc_qqps,35
-21023,567,20227,183156,94C2, 9.125000E+01,44,20,64,44,20, 8.662030E-02, 2.595611E+00, 2.333816E+00, 6.923715E+01, 6.849132E+01, 1.556621E+00, 9.556869E-01,-4.555859E+00,-1.390225E+01, 1.010585E+02, 5.430044E+01, 1.706104E+01, 1.484126E+01,3, 9.481393E-01,15, 5.910596E+00,0, 0.000000E+00,NULL,NULL,NULL,NULL,1, 0.000000E+00,1,mc_qqps,35
-21023,568,20227,183218,94C2, 9.125000E+01,49,12,61,49,12, 1.993463E+00,-2.643788E+01, 1.313955E+00, 1.112982E+02, 1.100161E+02, 2.245227E+00, 3.120663E+00,-2.957946E+01, 2.496302E-03, 1.237161E+02, 7.373019E+01, 9.485341E+00, 2.188731E+00,12, 3.904909E-01,0, 0.000000E+00,0, 0.000000E+00,8, 6.981607E+00, 3.698722E-01, 1.399990E+00,NULL,NULL,1,mc_qqps,35
-21023,569,20227,183232,94C2, 9.125000E+01,36,15,51,36,15, 4.525636E-01,-1.699507E+00,-1.552948E+00, 5.021299E+01, 4.922836E+01, 1.367454E+00, 3.344073E-01,-4.300541E-02,-9.296352E-01, 6.926933E+01, 4.194310E+01, 1.422069E+01, 2.618839E+00,16, 2.283723E+01,0, 0.000000E+00,0, 0.000000E+00,12, 1.651005E+01, 4.210016E-01, 4.124414E+00,NULL,NULL,1,mc_qqps,35
-21023,570,20227,183250,94C2, 9.125000E+01,29,15,44,29,15,-2.038629E+00, 1.516322E+00,-1.879979E+00, 6.048410E+01, 5.988749E+01, 2.065086E+00, 3.755335E+00, 1.637297E+00, 3.279080E-01, 9.710414E+01, 5.141013E+01, 1.824681E+01, 1.837321E+01,12, 2.534935E-01,0, 0.000000E+00,0, 0.000000E+00,9, 1.336307E+01, 5.216176E-01, 3.807234E+00,NULL,NULL,1,mc_qqps,35
-21023,571,20227,183305,94C2, 9.125000E+01,28,27,55,28,27, 8.754709E+00,-8.399230E+00,-8.982139E+00, 6.703425E+01, 6.652477E+01, 2.375885E+00, 9.391031E-01,-7.789162E+00,-7.577193E+00, 1.237730E+02, 4.776147E+01, 3.283171E+01, 1.163459E+01,26, 2.376698E+00,1, 0.000000E+00,0, 0.000000E+00,22, 4.278441E+01, 4.263612E-01, 9.000137E+00,NULL,NULL,1,mc_qqps,35
-21023,572,20227,183324,94C2, 9.125000E+01,27,9,36,27,9,-8.147778E-01, 1.717553E+00, 5.424730E+01, 9.472516E+01, 9.431432E+01, 3.493123E+00, 2.569176E-02, 1.592016E+00, 5.340948E+01, 1.067815E+02, 3.442079E+01, 1.205633E+01, 0.000000E+00,0, 0.000000E+00,15, 1.096131E+01,0, 0.000000E+00,NULL,NULL,NULL,NULL,2, 0.000000E+00,1,mc_qqps,35
-21023,573,20227,183336,94C2, 9.125000E+01,37,24,61,37,24,-5.868606E-01, 2.373172E+00,-3.427572E+00, 4.850679E+01, 4.786665E+01, 1.293693E+00,-2.849183E+00, 1.285704E+00,-2.064363E+00, 7.667106E+01, 4.499701E+01, 2.081018E+01, 6.356832E+00,18, 1.084233E+01,2, 0.000000E+00,0, 0.000000E+00,12, 1.962864E+01, 4.157555E-01, 3.768615E+00,NULL,NULL,1,mc_qqps,35
-21023,574,20227,183353,94C2, 9.125000E+01,27,14,41,27,14,-5.071342E+00,-2.641452E+00,-2.199049E+01, 7.016117E+01, 6.974876E+01, 2.583287E+00,-1.953316E+00,-2.134322E+00,-1.584618E+01, 8.324021E+01, 1.014985E+01, 8.786809E+00, 4.292222E+00,1, 0.000000E+00,18, 2.252577E+01,0, 0.000000E+00,1, 4.263848E-01, 4.263848E-01, 4.263848E-01,NULL,NULL,0,mc_qqps,35
-21023,575,20227,183404,94C2, 9.125000E+01,29,8,37,29,8,-2.021358E+00, 3.615787E+00,-3.226014E+00, 5.668777E+01, 5.609891E+01, 1.934445E+00,-5.160382E+00, 8.171011E+00,-4.642639E+00, 8.486579E+01, 5.046584E+01, 2.460361E+01, 1.875397E-01,13, 2.826647E+00,0, 0.000000E+00,0, 0.000000E+00,6, 2.661339E+01, 3.261791E-01, 1.533188E+01,NULL,NULL,1,mc_qqps,35
-21023,576,20227,183418,94C2, 9.125000E+01,33,12,45,33,12, 7.207221E+00, 5.083690E+00,-8.827384E+00, 3.666864E+01, 3.593436E+01, 1.088920E+00, 7.478606E+00, 2.541468E+00,-5.366850E+00, 5.662031E+01, 2.836145E+01, 9.556069E+00, 7.883766E-01,7, 3.650591E-01,3, 0.000000E+00,0, 0.000000E+00,5, 1.181292E+01, 4.944758E-01, 6.109112E+00,NULL,NULL,1,mc_qqps,35
-21023,577,20227,183437,94C2, 9.125000E+01,38,13,51,38,13,-1.332958E+00, 2.563009E+00,-4.471379E+00, 6.189049E+01, 6.061859E+01, 1.595226E+00,-1.803482E+00,-2.743204E+00,-1.496640E+00, 9.184454E+01, 4.890174E+01, 2.832060E+01, 2.299027E-01,16, 7.574265E+00,0, 0.000000E+00,0, 0.000000E+00,12, 2.972415E+01, 6.471335E-01, 1.422981E+01,NULL,NULL,1,mc_qqps,35
-21023,578,20227,183453,94C2, 9.125000E+01,36,17,53,36,17, 2.173282E+00,-5.533419E+00, 7.258249E+00, 7.484149E+01, 7.452117E+01, 2.070033E+00, 2.730734E+00,-6.801870E+00, 9.381533E+00, 9.304062E+01, 7.199974E+01, 1.134495E+01, 6.905385E+00,6, 2.475766E-01,12, 2.622201E-01,0, 0.000000E+00,3, 5.077671E+00, 1.601670E+00, 1.769390E+00,1, 0.000000E+00,1,mc_qqps,35
-21023,579,20227,183511,94C2, 9.125000E+01,35,13,48,35,13,-7.000934E-01,-4.239364E+00,-1.611999E+00, 6.479672E+01, 6.416558E+01, 1.833302E+00, 1.483683E+01, 4.319466E+01, 1.646111E+01, 1.329825E+02, 6.035127E+01, 6.029242E+01, 5.558097E+00,12, 3.420929E+00,2, 6.387680E-01,0, 0.000000E+00,7, 9.452999E+00, 5.655250E-01, 3.084333E+00,NULL,NULL,1,mc_qqps,35
-21023,580,20227,183524,94C2, 9.125000E+01,32,25,57,32,25, 8.694157E+00,-6.457417E+00,-1.939764E+01, 4.040878E+01, 3.944706E+01, 1.232721E+00, 8.272644E+00,-3.080021E+00,-1.251296E+01, 6.119905E+01, 2.952794E+01, 1.710556E+01, 2.880693E+00,3, 0.000000E+00,17, 5.399665E+00,0, 0.000000E+00,3, 2.331910E+00, 4.682104E-01, 1.059682E+00,NULL,NULL,1,mc_qqps,35
-21023,581,20227,183542,94C2, 9.125000E+01,17,11,28,17,11, 7.299285E-01,-1.873386E+00, 1.353825E+01, 1.861419E+01, 1.835180E+01, 1.079518E+00, 1.285180E-01,-2.024858E+00, 9.344172E+00, 5.067876E+01, 1.488128E+01, 3.190869E+01, 1.558708E-01,1, 0.000000E+00,5, 1.039124E+00,0, 0.000000E+00,NULL,NULL,NULL,NULL,6, 0.000000E+00,1,mc_qqps,35
-21023,582,20227,183630,94C2, 9.125000E+01,27,11,38,27,11, 7.583809E+00, 6.756649E+00,-1.356578E+01, 6.628357E+01, 6.607637E+01, 2.447273E+00, 6.989343E+00, 2.588778E+00,-9.223371E+00, 8.731518E+01, 5.699525E+01, 1.701454E+01, 1.775598E+00,4, 0.000000E+00,11, 8.148218E-01,0, 0.000000E+00,3, 4.625881E+00, 1.034859E+00, 2.241482E+00,NULL,NULL,1,mc_qqps,35
-21023,583,20227,183647,94C2, 9.125000E+01,30,11,41,30,11, 1.318902E+01,-5.425278E+00, 3.903964E+00, 7.381182E+01, 7.310328E+01, 2.436776E+00, 2.935798E+00,-7.138807E-01,-6.375885E-01, 9.406133E+01, 3.697812E+01, 1.736954E+01, 1.138951E+00,13, 2.476218E-01,0, 0.000000E+00,0, 0.000000E+00,10, 1.911056E+01, 5.623046E-01, 5.578714E+00,NULL,NULL,1,mc_qqps,35
-21023,584,20227,183701,94C2, 9.125000E+01,32,14,46,32,14, 2.059579E+00, 1.208829E-01, 2.047372E+00, 6.799478E+01, 6.748540E+01, 2.108919E+00, 2.064370E+00,-3.683564E+00,-4.543831E+00, 8.040435E+01, 5.761843E+01, 1.209315E+01, 3.164209E-01,1, 0.000000E+00,15, 1.371445E+01,0, 0.000000E+00,NULL,NULL,NULL,NULL,NULL,NULL,1,mc_qqps,35
-21023,585,20227,183715,94C2, 9.125000E+01,31,19,50,31,19, 2.970036E+00,-1.860947E-01, 3.540107E+00, 5.564021E+01, 5.506926E+01, 1.776428E+00,-1.918101E+00,-2.070077E-01,-1.310794E+00, 8.219283E+01, 4.926845E+01, 2.394909E+01, 1.332653E+00,7, 2.408298E-01,16, 4.206124E+00,0, 0.000000E+00,4, 6.143348E+00, 9.769116E-01, 2.578259E+00,NULL,NULL,1,mc_qqps,35
-21023,586,20227,183731,94C2, 9.125000E+01,54,16,70,54,16, 1.293689E+00, 3.981869E+00,-6.146311E+00, 7.176128E+01, 7.050791E+01, 1.305702E+00, 3.357537E-01, 7.042046E-01,-5.597346E+00, 9.430231E+01, 6.179841E+01, 1.210359E+01, 6.267939E+00,12, 2.532867E-01,1, 0.000000E+00,0, 0.000000E+00,7, 1.241591E+01, 5.007659E-01, 4.217427E+00,NULL,NULL,1,mc_qqps,35
-21023,587,20227,183753,94C2, 9.125000E+01,28,13,41,28,13, 1.583568E+00,-5.377968E+00,-1.190760E+01, 6.114387E+01, 6.057980E+01, 2.163564E+00, 1.592606E+00,-2.554504E+00,-7.074096E+00, 8.088644E+01, 4.773766E+01, 1.869284E+01, 3.344868E-01,7, 9.016153E-01,12, 6.146982E+00,0, 0.000000E+00,4, 3.608355E+00, 6.106668E-01, 1.669794E+00,NULL,NULL,1,mc_qqps,35
-21023,588,20227,183812,94C2, 9.125000E+01,31,16,47,31,16,-9.265134E-01, 3.074575E-01, 1.156692E+00, 5.940978E+01, 5.858228E+01, 1.889751E+00,-2.302975E+01, 2.911339E-01,-6.784720E+00, 9.500962E+01, 5.607651E+01, 2.826611E+01, 5.305804E+00,15, 3.945181E+00,1, 0.000000E+00,0, 0.000000E+00,11, 2.630980E+01, 4.083660E-01, 5.785236E+00,NULL,NULL,1,mc_qqps,35
-21023,589,20227,183830,94C2, 9.125000E+01,33,18,51,33,18, 5.982496E-01,-1.507159E+00, 5.435984E+00, 6.205036E+01, 6.143239E+01, 1.861588E+00, 6.247908E-01,-4.065469E+00, 1.837898E+00, 8.614005E+01, 5.855071E+01, 2.132688E+01, 2.827338E+00,4, 0.000000E+00,10, 2.533265E+00,0, 0.000000E+00,4, 6.776258E+00, 6.190327E-01, 3.612315E+00,NULL,NULL,1,mc_qqps,35
-21023,590,20227,183849,94C2, 9.125000E+01,23,15,38,23,15, 2.896105E+00,-1.217702E+00, 2.040418E+00, 4.141715E+01, 4.116448E+01, 1.789760E+00, 3.239973E+00,-2.271408E+00, 8.754047E-01, 9.281196E+01, 3.870541E+01, 4.621846E+01, 5.232866E+00,19, 3.348221E+00,0, 0.000000E+00,0, 0.000000E+00,12, 4.565261E+01, 7.573792E-01, 1.198845E+01,NULL,NULL,1,mc_qqps,35
-21023,591,20227,183903,94C2, 9.125000E+01,38,20,58,38,20, 1.331660E+00,-3.343612E+00,-6.371427E+00, 6.380898E+01, 6.293419E+01, 1.656163E+00, 1.831526E+01, 7.435326E-01,-2.186893E+00, 9.942818E+01, 5.065747E+01, 2.107247E+01, 8.182678E+00,21, 1.235946E+01,4, 0.000000E+00,0, 0.000000E+00,13, 2.243024E+01, 4.078573E-01, 5.621830E+00,NULL,NULL,1,mc_qqps,35
-21023,592,20227,183920,94C2, 9.125000E+01,30,21,51,30,21, 3.468365E+00, 4.054911E+00,-2.496420E+00, 3.798835E+01, 3.740995E+01, 1.246998E+00, 2.843333E+00,-4.777923E+00,-6.580611E-01, 9.677591E+01, 3.489733E+01, 5.629507E+01, 1.620173E+00,20, 7.378362E-02,0, 0.000000E+00,0, 0.000000E+00,17, 5.127654E+01, 3.764249E-01, 1.740269E+01,NULL,NULL,1,mc_qqps,35
-21023,593,20227,183938,94C2, 9.125000E+01,34,16,50,34,16, 1.606817E+00,-6.810858E-01,-2.016037E+00, 7.060049E+01, 7.001212E+01, 2.059180E+00, 1.560167E+01, 8.675630E+00,-8.394446E+00, 1.098567E+02, 6.265438E+01, 3.905091E+01, 2.052542E-01,22, 1.684633E+01,0, 0.000000E+00,0, 0.000000E+00,11, 2.014652E+01, 4.259116E-01, 6.642202E+00,NULL,NULL,1,mc_qqps,35
-21023,594,20227,183953,94C2, 9.125000E+01,30,7,37,30,7, 1.375724E-01, 2.273158E+01, 5.684514E+00, 5.422839E+01, 5.347609E+01, 1.782536E+00,-3.403246E-01, 4.992923E-01, 1.703601E+00, 7.831471E+01, 3.785506E+01, 4.310149E+00, 1.910034E+01,11, 5.833109E+00,0, 0.000000E+00,0, 0.000000E+00,5, 4.568737E+00, 4.448147E-01, 1.751371E+00,NULL,NULL,1,mc_qqps,35
-21023,595,20227,184011,94C2, 9.125000E+01,30,21,51,30,21,-2.724220E+00,-8.329822E+00, 9.277929E+00, 2.120914E+02, 2.117276E+02, 7.057587E+00,-5.344957E+00,-1.125201E+01, 7.629124E+00, 2.415784E+02, 5.170047E+00, 1.840622E+01, 1.108080E+01,0, 0.000000E+00,20, 9.798931E+00,0, 0.000000E+00,NULL,NULL,NULL,NULL,3, 0.000000E+00,0,mc_qqps,35
-21023,596,20227,184031,94C2, 9.125000E+01,26,16,42,26,16, 2.126040E+00, 2.247906E-01,-3.696522E-01, 6.028840E+01, 5.978757E+01, 2.299522E+00, 1.162954E+01, 4.068988E+00, 9.657043E+00, 8.225690E+01, 4.866689E+01, 9.953810E+00, 6.143622E+00,12, 0.000000E+00,2, 0.000000E+00,0, 0.000000E+00,12, 1.513696E+01, 3.098829E-01, 4.720138E+00,NULL,NULL,1,mc_qqps,35
-21023,597,20227,184049,94C2, 9.125000E+01,34,14,48,34,14,-8.168244E+00,-1.016236E+01, 4.978152E+00, 4.591330E+01, 4.506614E+01, 1.325475E+00, 1.030587E+00, 1.591626E+00,-2.102903E+00, 1.003414E+02, 3.669315E+01, 5.074029E+01, 3.073027E+00,16, 2.994020E+00,0, 0.000000E+00,0, 0.000000E+00,13, 5.139526E+01, 4.721769E-01, 2.617351E+01,NULL,NULL,1,mc_qqps,35
-21023,598,20227,184101,94C2, 9.125000E+01,17,12,29,17,12, 2.156397E+00, 3.992541E-01, 7.244890E-01, 2.733615E+01, 2.710923E+01, 1.594660E+00, 2.765428E+01, 5.951627E+00, 9.637655E+00, 6.563213E+01, 2.588659E+01, 3.373206E+01, 2.117908E+00,13, 1.281638E+00,0, 0.000000E+00,0, 0.000000E+00,10, 3.128756E+01, 4.696512E-01, 1.505107E+01,NULL,NULL,1,mc_qqps,35
-21023,599,20227,184111,94C2, 9.125000E+01,28,15,43,28,15,-1.195846E-01,-3.613076E+00, 1.430165E+00, 7.235561E+01, 7.179733E+01, 2.564190E+00, 5.545432E+00, 1.813410E-01,-4.417439E+00, 9.960887E+01, 5.767169E+01, 2.145241E+01, 5.046441E+00,11, 6.388856E+00,4, 0.000000E+00,0, 0.000000E+00,7, 1.751590E+01, 6.300030E-01, 4.875844E+00,NULL,NULL,1,mc_qqps,35
-21023,600,20227,184125,94C2, 9.125000E+01,37,16,53,37,16, 2.111152E+00, 5.058000E+00,-2.290800E+00, 6.833874E+01, 6.754920E+01, 1.825654E+00, 4.378918E-01, 2.146873E+00,-1.291761E+00, 8.755103E+01, 5.379011E+01, 1.610169E+01, 0.000000E+00,15, 6.604057E+00,0, 0.000000E+00,0, 0.000000E+00,10, 1.338081E+01, 5.713903E-01, 3.124097E+00,NULL,NULL,1,mc_qqps,35
-21023,601,20227,184141,94C2, 9.125000E+01,34,16,50,34,16,-6.420786E+00, 4.052746E-01, 7.272545E-01, 6.679626E+01, 6.623869E+01, 1.948197E+00,-1.050004E+01,-4.644362E-01, 1.523179E+00, 9.257662E+01, 6.365089E+01, 2.428421E+01, 8.035085E-01,21, 2.008612E+01,0, 0.000000E+00,0, 0.000000E+00,12, 2.042545E+01, 4.666430E-01, 4.435589E+00,NULL,NULL,1,mc_qqps,35
-21023,602,20227,184156,94C2, 9.125000E+01,45,24,69,45,24,-2.245464E+00, 1.054709E+00, 2.179806E+00, 6.811926E+01, 6.686653E+01, 1.485923E+00, 2.654592E+00,-3.247694E+00,-5.434544E+00, 1.269576E+02, 5.596193E+01, 2.331831E+01, 3.520597E+01,17, 5.499611E+00,0, 0.000000E+00,0, 0.000000E+00,11, 2.186097E+01, 4.624843E-01, 5.075031E+00,NULL,NULL,1,mc_qqps,35
-21023,603,20227,184215,94C2, 9.125000E+01,45,9,54,45,9,-5.853980E+00, 7.910884E+00,-5.956034E+01, 1.305944E+02, 1.294146E+02, 2.875880E+00,-4.442231E+00, 6.467365E+00,-5.506930E+01, 1.395360E+02, 3.350038E+00, 7.818308E+00, 1.123317E+00,0, 0.000000E+00,14, 1.012394E+01,0, 0.000000E+00,NULL,NULL,NULL,NULL,1, 0.000000E+00,0,mc_qqps,35
-21023,604,20227,184230,94C2, 9.125000E+01,54,20,74,54,20, 2.261770E+01, 1.708622E+01,-1.072424E+01, 7.958079E+01, 7.831491E+01, 1.450276E+00, 2.059450E+01, 1.244036E+01,-7.094553E+00, 1.073195E+02, 4.879498E+01, 1.112745E+01, 1.239943E+01,17, 3.726362E+00,0, 0.000000E+00,0, 0.000000E+00,12, 1.504306E+01, 5.715133E-01, 2.637783E+00,NULL,NULL,1,mc_qqps,35
-21023,605,20227,184248,94C2, 9.125000E+01,30,14,44,30,14, 4.378877E+00,-8.117431E-01, 3.564111E+00, 5.939858E+01, 5.877732E+01, 1.959244E+00, 1.095238E+01,-1.941359E+00,-4.007753E+00, 9.398345E+01, 4.870243E+01, 9.541856E+00, 1.192012E-01,18, 1.058706E+01,2, 0.000000E+00,0, 0.000000E+00,12, 3.435094E+01, 5.072094E-01, 1.451425E+01,NULL,NULL,1,mc_qqps,35
-21023,606,20227,184303,94C2, 9.125000E+01,38,14,52,38,14,-8.022975E+00,-2.808031E-01,-7.292651E+00, 6.836987E+01, 6.746407E+01, 1.775370E+00,-1.456261E+01,-3.442292E+00,-1.320314E+01, 9.810930E+01, 6.431339E+01, 2.060592E+01, 7.140395E+00,17, 3.708243E-01,0, 0.000000E+00,0, 0.000000E+00,12, 2.185862E+01, 4.403293E-01, 5.121935E+00,NULL,NULL,1,mc_qqps,35
-21023,607,20227,184322,94C2, 9.125000E+01,48,16,64,48,16, 4.983607E+00,-1.962719E+00, 3.896067E+00, 6.215723E+01, 6.088536E+01, 1.268445E+00, 3.355395E+00,-4.167606E+00, 3.239925E+00, 9.409259E+01, 5.578480E+01, 2.294059E+01, 0.000000E+00,17, 5.343438E+00,3, 0.000000E+00,0, 0.000000E+00,14, 3.036511E+01, 5.123404E-01, 8.994784E+00,NULL,NULL,1,mc_qqps,35
-21023,608,20227,184340,94C2, 9.125000E+01,22,7,29,22,7,-7.484376E+00,-3.476924E+00,-3.639585E+00, 7.563938E+01, 7.524466E+01, 3.420212E+00, 7.637630E+00, 4.636662E+00, 4.185243E+00, 9.695940E+01, 5.378547E+01, 2.132001E+01, 0.000000E+00,11, 3.444932E+00,0, 0.000000E+00,0, 0.000000E+00,6, 1.840220E+01, 1.235354E+00, 4.562885E+00,NULL,NULL,1,mc_qqps,35
-21023,609,20227,184350,94C2, 9.125000E+01,20,12,32,20,12, 4.157201E+00, 3.110983E+00,-4.418115E+00, 6.402843E+01, 6.385113E+01, 3.192556E+00, 6.353496E+00, 4.748294E+00,-5.641828E+00, 8.570702E+01, 5.726713E+01, 1.017586E+01, 8.815263E+00,10, 9.409189E-01,1, 0.000000E+00,0, 0.000000E+00,8, 1.179405E+01, 7.207056E-01, 2.391376E+00,NULL,NULL,1,mc_qqps,35
-21023,610,20227,184401,94C2, 9.125000E+01,55,10,65,55,10,-9.757811E+00, 1.411876E+01, 8.754766E+00, 8.816973E+01, 8.660839E+01, 1.574698E+00,-9.927341E+00, 1.454216E+01, 1.110925E+01, 1.178198E+02, 6.542943E+01, 1.336780E+01, 1.045219E+01,14, 6.259480E-01,0, 0.000000E+00,0, 0.000000E+00,6, 1.861809E+01, 3.257106E-01, 7.743481E+00,NULL,NULL,1,mc_qqps,35
-21023,611,20227,184419,94C2, 9.125000E+01,27,12,39,27,12,-2.359293E+01,-2.272383E+01,-1.028317E+02, 1.863197E+02, 1.859916E+02, 6.888577E+00,-2.472496E+01,-2.328739E+01,-1.124296E+02, 2.051407E+02, 2.631211E+01, 1.843505E+01, 3.858723E-01,1, 0.000000E+00,15, 4.915736E+00,0, 0.000000E+00,1, 7.538926E-01, 7.538926E-01, 7.538926E-01,3, 0.000000E+00,1,mc_qqps,35
-21023,612,20227,184441,94C2, 9.125000E+01,21,13,34,21,13, 2.266399E+00, 4.656535E-01, 3.246440E+00, 5.291924E+01, 5.271104E+01, 2.510050E+00, 4.386097E+00, 6.175884E-01, 6.597420E+00, 8.921426E+01, 5.306440E+01, 2.830869E+01, 6.757537E+00,21, 1.816930E+01,0, 0.000000E+00,0, 0.000000E+00,11, 2.530513E+01, 5.144373E-01, 4.776861E+00,NULL,NULL,1,mc_qqps,35
-21023,613,20227,184453,94C2, 9.125000E+01,20,11,31,20,11,-6.203331E+01,-3.647330E+01,-1.574193E+01, 1.135533E+02, 1.132494E+02, 5.662468E+00,-7.387229E+01,-4.631240E+01,-1.900658E+01, 1.497861E+02, 4.122472E+01, 2.736035E+01, 7.838884E+00,16, 1.170651E+01,0, 0.000000E+00,0, 0.000000E+00,9, 2.687318E+01, 5.031742E-01, 1.306054E+01,NULL,NULL,1,mc_qqps,35
-21023,614,20227,184504,94C2, 9.125000E+01,26,21,47,26,21,-2.175912E+00, 1.337171E+01,-1.165981E+01, 4.588058E+01, 4.555674E+01, 1.752182E+00,-4.003918E-01, 5.104883E+00,-6.653837E+00, 9.025507E+01, 4.445634E+01, 4.155610E+01, 2.014137E+00,13, 2.530622E+00,6, 0.000000E+00,0, 0.000000E+00,7, 2.975512E+01, 7.192827E-01, 1.350880E+01,NULL,NULL,1,mc_qqps,35
-21023,615,20227,184519,94C2, 9.125000E+01,28,15,43,28,15, 4.391874E-01, 2.057935E+00, 6.822518E+01, 1.500076E+02, 1.497480E+02, 5.348141E+00,-9.498926E-01, 4.839903E+00, 7.338383E+01, 1.667069E+02, 4.344881E+01, 1.669928E+01, 0.000000E+00,3, 0.000000E+00,19, 2.145440E+01,0, 0.000000E+00,3, 4.604916E+00, 9.412019E-01, 2.550814E+00,NULL,NULL,1,mc_qqps,35
-21023,616,20227,184535,94C2, 9.125000E+01,22,14,36,22,14,-1.078882E+01,-1.252232E+00,-1.555412E+01, 6.436002E+01, 6.396981E+01, 2.907719E+00, 6.119586E+00, 3.654370E+00, 1.063420E+01, 9.919353E+01, 6.196249E+01, 1.648602E+01, 1.834868E+01,7, 2.124656E+00,5, 0.000000E+00,0, 0.000000E+00,4, 4.261774E+00, 5.826916E-01, 1.335519E+00,NULL,NULL,1,mc_qqps,35
-21023,617,20227,184550,94C2, 9.125000E+01,33,23,56,33,23,-4.626390E-01, 8.967607E+00,-1.087200E+01, 5.928965E+01, 5.862130E+01, 1.776403E+00,-1.961958E+00,-2.970380E+00,-1.847922E+00, 9.626538E+01, 4.587676E+01, 3.478796E+01, 0.000000E+00,25, 1.602802E+00,0, 0.000000E+00,0, 0.000000E+00,21, 3.661802E+01, 4.366151E-01, 1.077670E+01,NULL,NULL,1,mc_qqps,35
-21023,618,20227,184604,94C2, 9.125000E+01,40,15,55,40,15,-2.105013E+00, 1.258796E+00, 2.569827E+00, 7.641622E+01, 7.573763E+01, 1.893441E+00, 1.415387E+00,-3.010424E+00,-1.883379E+00, 9.886916E+01, 6.990883E+01, 1.284787E+01, 8.373934E+00,15, 5.532532E+00,1, 0.000000E+00,0, 0.000000E+00,10, 1.101967E+01, 3.531210E-01, 2.074217E+00,NULL,NULL,1,mc_qqps,35
-21023,619,20227,184621,94C2, 9.125000E+01,66,10,76,66,10,-6.483183E+00, 1.053917E+01, 4.860449E+00, 1.003468E+02, 9.828096E+01, 1.489105E+00,-7.919068E+00, 1.048492E+01, 3.341963E+00, 1.084697E+02, 7.405052E+01, 4.228699E+00, 3.146499E+00,14, 5.521115E+00,1, 0.000000E+00,0, 0.000000E+00,6, 4.061275E+00, 3.948731E-01, 9.953600E-01,NULL,NULL,1,mc_qqps,35
-21023,620,20227,184635,94C2, 9.125000E+01,24,6,30,24,6, 7.740932E+00,-2.350172E+01,-3.892129E+00, 5.611689E+01, 5.585010E+01, 2.327088E+00, 9.862340E+00,-2.861753E+01,-4.675059E+00, 9.304402E+01, 5.416779E+01, 3.197502E+01, 7.426345E-02,9, 4.309077E+00,0, 0.000000E+00,0, 0.000000E+00,4, 2.384091E+01, 7.992770E-01, 1.076694E+01,NULL,NULL,1,mc_qqps,35
-21023,621,20227,184647,94C2, 9.125000E+01,28,11,39,28,11, 7.117053E+00, 5.186536E+00, 1.999712E+01, 6.463828E+01, 6.425871E+01, 2.294954E+00, 1.081693E+01, 4.416915E+00, 2.620485E+01, 8.032253E+01, 6.089286E+01, 1.269629E+01, 4.412465E-01,1, 0.000000E+00,14, 4.689960E+00,0, 0.000000E+00,1, 2.546715E+00, 2.546715E+00, 2.546715E+00,1, 0.000000E+00,1,mc_qqps,35
-21023,622,20227,184701,94C2, 9.125000E+01,45,17,62,45,17, 5.330848E+00,-6.906369E-01,-3.121258E+00, 7.036913E+01, 6.899626E+01, 1.533250E+00, 1.335704E+01, 3.867030E+00,-1.793341E+01, 1.005776E+02, 5.354741E+01, 1.098498E+01, 1.310103E+01,10, 5.020092E-01,11, 1.121150E+00,0, 0.000000E+00,5, 1.200289E+01, 6.711726E-01, 4.685754E+00,NULL,NULL,1,mc_qqps,35
-21023,623,20227,184718,94C2, 9.125000E+01,42,20,62,42,20,-1.600062E+00, 1.741680E+00, 4.418005E+00, 5.134172E+01, 5.033937E+01, 1.198557E+00,-8.957808E-01,-6.320133E-01, 1.801312E+00, 7.962347E+01, 4.422837E+01, 2.363183E+01, 4.649929E+00,4, 0.000000E+00,15, 0.000000E+00,0, 0.000000E+00,3, 7.565484E+00, 7.245735E-01, 3.769190E+00,NULL,NULL,1,mc_qqps,35
-21023,624,20227,184738,94C2, 9.125000E+01,32,16,48,32,16,-4.566280E+00,-6.637652E+00, 4.460934E+00, 5.103758E+01, 5.057476E+01, 1.580461E+00,-8.420273E+00,-1.743480E+01, 1.199758E+01, 9.896663E+01, 4.148884E+01, 2.133176E+01, 2.307005E+01,18, 1.040263E+00,0, 0.000000E+00,0, 0.000000E+00,12, 2.445475E+01, 4.065299E-01, 1.005511E+01,NULL,NULL,1,mc_qqps,35
-21023,625,20227,184755,94C2, 9.125000E+01,24,16,40,24,16,-3.522490E+00,-2.023118E+01,-5.406333E+00, 4.401890E+01, 4.374178E+01, 1.822574E+00,-1.557732E+00,-6.073228E+00,-3.289832E+00, 8.284561E+01, 4.276757E+01, 1.657425E+01, 2.052992E+01,21, 8.359759E+00,0, 0.000000E+00,0, 0.000000E+00,13, 1.830380E+01, 4.540115E-01, 2.472625E+00,NULL,NULL,1,mc_qqps,35
-21023,626,20227,184811,94C2, 9.125000E+01,7,12,19,7,12,-1.280972E+00,-3.049821E+00,-5.690230E+00, 1.279190E+01, 1.261002E+01, 1.801432E+00, 7.920452E-01,-4.720010E-01,-3.170147E+00, 5.964802E+01, 2.576764E+00, 2.634420E+01, 2.051192E+01,0, 0.000000E+00,8, 4.604653E-01,0, 0.000000E+00,NULL,NULL,NULL,NULL,2, 0.000000E+00,0,mc_qqps,35
-21023,627,20227,184822,94C2, 9.125000E+01,35,17,52,35,17,-7.606599E+00, 1.098167E+01,-8.630058E+00, 6.566327E+01, 6.482868E+01, 1.852248E+00,-3.465847E+00, 6.605698E+00,-5.107789E+00, 1.159106E+02, 4.790818E+01, 4.321520E+01, 1.278598E+00,18, 2.808235E+00,0, 0.000000E+00,0, 0.000000E+00,14, 4.487572E+01, 5.832576E-01, 1.351236E+01,NULL,NULL,1,mc_qqps,35
-21023,628,20227,184837,94C2, 9.125000E+01,23,16,39,23,16, 2.015250E+00, 1.488408E+00, 3.271145E+00, 4.599131E+01, 4.554897E+01, 1.980390E+00, 4.229281E+00, 1.507443E+01, 1.361034E+01, 8.386839E+01, 4.320656E+01, 2.559360E+01, 2.455231E+00,14, 2.578371E-01,1, 0.000000E+00,0, 0.000000E+00,12, 3.464354E+01, 4.038731E-01, 1.816982E+01,NULL,NULL,1,mc_qqps,35
-21023,629,20227,184854,94C2, 9.125000E+01,14,15,29,14,15, 4.786437E-01, 5.768724E-01,-8.265411E-01, 1.894603E+01, 1.864568E+01, 1.331835E+00, 1.872756E-01, 5.898865E-01,-3.747076E+00, 5.422241E+01, 1.170868E+01, 3.325573E+01, 2.140004E+00,0, 0.000000E+00,12, 7.458618E+00,0, 0.000000E+00,NULL,NULL,NULL,NULL,4, 0.000000E+00,0,mc_qqps,35
-21023,630,20227,184916,94C2, 9.125000E+01,27,11,38,27,11,-5.456183E+00, 3.910380E+00,-8.892095E+00, 4.199951E+01, 4.121342E+01, 1.526423E+00, 9.772410E-01,-3.551572E+00, 4.650607E+00, 6.878392E+01, 3.857516E+01, 2.233160E+01, 3.448100E+00,3, 0.000000E+00,9, 1.415321E+00,0, 0.000000E+00,3, 4.728336E+00, 5.714714E-01, 3.152147E+00,NULL,NULL,1,mc_qqps,35
-21023,631,20227,184933,94C2, 9.125000E+01,35,15,50,35,15,-1.297136E+00,-5.441221E+00,-1.178925E+00, 6.440248E+01, 6.375562E+01, 1.821589E+00,-7.447081E-01,-3.832793E+00,-8.354272E+00, 8.741206E+01, 4.567002E+01, 1.027144E+01, 9.123090E+00,10, 1.940599E+00,3, 0.000000E+00,0, 0.000000E+00,7, 1.175793E+01, 6.482872E-01, 2.866010E+00,NULL,NULL,1,mc_qqps,35
-21023,632,20227,184945,94C2, 9.125000E+01,20,8,28,20,8, 1.026318E+01, 2.645123E+00, 1.011002E+01, 6.336412E+01, 6.310590E+01, 3.155295E+00,-3.883147E-01, 2.568753E-01, 5.489397E-01, 7.866080E+01, 6.022736E+01, 7.210227E+00, 8.102008E+00,9, 2.037881E+01,0, 0.000000E+00,0, 0.000000E+00,5, 6.844043E+00, 8.033633E-01, 2.780361E+00,NULL,NULL,1,mc_qqps,35
-21023,633,20227,184957,94C2, 9.125000E+01,26,7,33,26,7,-7.195962E+00,-3.581879E-01,-2.150317E+00, 9.581101E+01, 9.557286E+01, 3.675879E+00,-1.214688E+00,-2.694747E+00, 7.691784E-01, 1.097079E+02, 9.072775E+01, 3.522707E+00, 9.963078E+00,15, 5.232941E+00,0, 0.000000E+00,0, 0.000000E+00,4, 3.763792E+00, 4.201125E-01, 2.312723E+00,NULL,NULL,1,mc_qqps,35
-21023,634,20227,185010,94C2, 9.125000E+01,28,6,34,28,6,-1.701151E+01,-1.784549E+00, 6.854740E+00, 6.631052E+01, 6.591206E+01, 2.354002E+00,-1.218159E+01,-1.751783E+00, 5.445168E+00, 7.531625E+01, 6.373503E+01, 9.005729E+00, 0.000000E+00,13, 8.646088E-01,0, 0.000000E+00,0, 0.000000E+00,4, 7.960788E+00, 4.210176E-01, 5.503972E+00,NULL,NULL,1,mc_qqps,35
-21023,635,20227,185023,94C2, 9.125000E+01,50,17,67,50,17,-1.171641E+00,-8.043362E-01,-1.225227E+00, 6.184439E+01, 6.078850E+01, 1.215770E+00,-6.978096E+00, 3.815064E-01,-9.090689E-01, 8.471597E+01, 5.562946E+01, 1.992883E+01, 2.942747E+00,20, 1.188781E+00,0, 0.000000E+00,0, 0.000000E+00,10, 1.855625E+01, 6.355830E-01, 7.128635E+00,NULL,NULL,1,mc_qqps,35
-21023,636,20227,185043,94C2, 9.125000E+01,16,12,28,16,12,-6.760474E+00, 9.671204E+00,-8.883154E+00, 4.138002E+01, 4.113485E+01, 2.570928E+00, 2.926449E+00, 4.890358E-02, 2.727637E+00, 6.855664E+01, 3.842281E+01, 1.252087E+01, 1.467342E+01,11, 1.161263E+00,0, 0.000000E+00,0, 0.000000E+00,8, 1.169442E+01, 4.527688E-01, 3.387269E+00,NULL,NULL,1,mc_qqps,35
-21023,637,20227,185054,94C2, 9.125000E+01,32,17,49,32,17, 3.136976E+00, 1.316129E+01,-9.309442E+01, 1.393374E+02, 1.388846E+02, 4.340144E+00, 1.470976E+00, 1.452163E+01,-9.051766E+01, 1.547482E+02, 3.538367E+01, 1.347613E+01, 1.401473E+00,12, 2.100518E+00,11, 1.025692E+00,0, 0.000000E+00,6, 6.722986E+00, 5.332211E-01, 1.613714E+00,1, 0.000000E+00,1,mc_qqps,35
-21023,638,20227,185108,94C2, 9.125000E+01,14,16,30,14,16, 5.321801E+01, 1.744790E+01,-1.386489E+02, 1.677051E+02, 1.674913E+02, 1.196366E+01, 5.280548E+01, 1.745095E+01,-1.318752E+02, 1.823139E+02, 1.298575E+01, 1.330171E+01, 0.000000E+00,1, 0.000000E+00,16, 8.459619E+00,0, 0.000000E+00,1, 1.307126E+00, 1.307126E+00, 1.307126E+00,4, 0.000000E+00,0,mc_qqps,35
-21023,639,20227,185123,94C2, 9.125000E+01,35,17,52,35,17,-3.190596E-01, 5.532156E-01, 2.477548E-01, 7.368933E+01, 7.293642E+01, 2.083898E+00,-1.105319E+00,-3.785789E-03,-6.581444E-02, 9.364297E+01, 6.830347E+01, 1.171619E+01, 2.412066E+00,16, 7.086321E+00,0, 0.000000E+00,0, 0.000000E+00,11, 1.652098E+01, 3.790323E-01, 5.232715E+00,NULL,NULL,1,mc_qqps,35
-21023,640,20227,185137,94C2, 9.125000E+01,56,14,70,56,14,-5.334136E+00, 1.789943E+00,-1.266003E+01, 7.530472E+01, 7.397940E+01, 1.321061E+00,-3.765444E+00, 1.466658E+00,-1.144171E+01, 8.522175E+01, 5.472034E+01, 8.043421E+00, 2.050412E+00,5, 1.061922E-01,12, 0.000000E+00,0, 0.000000E+00,3, 2.073458E+00, 5.098528E-01, 1.045246E+00,NULL,NULL,1,mc_qqps,35
-21023,641,20227,185159,94C2, 9.125000E+01,36,12,48,36,12, 1.725136E+00, 8.052445E+00,-7.263305E+00, 7.997828E+01, 7.923419E+01, 2.200950E+00,-2.731584E+00,-9.133583E+00, 6.815831E+00, 1.082437E+02, 7.001202E+01, 2.411447E+01, 2.864009E+00,15, 1.463511E+01,0, 0.000000E+00,0, 0.000000E+00,6, 1.546377E+01, 6.131529E-01, 8.849703E+00,NULL,NULL,1,mc_qqps,35
-21023,642,20227,185215,94C2, 9.125000E+01,40,18,58,40,18,-7.803080E+00, 5.618320E+00, 5.085613E+00, 7.483824E+01, 7.393021E+01, 1.848255E+00, 2.589928E+00,-5.353659E-01,-2.869843E+00, 9.762309E+01, 6.170593E+01, 1.353249E+01, 7.503574E+00,23, 1.376714E+01,0, 0.000000E+00,0, 0.000000E+00,11, 1.376310E+01, 5.201119E-01, 2.147448E+00,NULL,NULL,1,mc_qqps,35
-21023,643,20227,185229,94C2, 9.125000E+01,28,14,42,28,14,-1.039772E+01,-2.460115E+00,-7.642237E+00, 5.225764E+01, 5.189103E+01, 1.853251E+00,-6.160400E+00, 7.565985E-01,-4.599865E+00, 9.120436E+01, 4.726680E+01, 3.639731E+01, 8.235094E-01,18, 1.283209E+01,0, 0.000000E+00,0, 0.000000E+00,12, 3.476402E+01, 3.745565E-01, 9.916409E+00,NULL,NULL,1,mc_qqps,35
-21023,644,20227,185242,94C2, 9.125000E+01,50,12,62,50,12,-1.703026E+01, 9.895707E+00, 4.416523E+00, 4.725782E+01, 4.598138E+01, 9.196275E-01,-1.601843E+01, 1.050394E+01, 3.981570E+00, 5.739371E+01, 3.849976E+01, 7.474976E+00, 0.000000E+00,16, 3.055870E+00,0, 0.000000E+00,0, 0.000000E+00,9, 7.011369E+00, 4.528708E-01, 1.397225E+00,NULL,NULL,1,mc_qqps,35
-21023,645,20227,185300,94C2, 9.125000E+01,33,11,44,33,11,-1.851422E+00,-8.186789E-01, 5.660976E-01, 7.636108E+01, 7.597077E+01, 2.302145E+00,-2.888549E+00,-1.501557E+00, 5.689278E+00, 8.667591E+01, 6.811121E+01, 9.584206E+00, 7.306275E-01,1, 0.000000E+00,16, 4.553858E+00,0, 0.000000E+00,1, 6.515869E-01, 6.515869E-01, 6.515869E-01,NULL,NULL,1,mc_qqps,35
-21023,646,20227,185315,94C2, 9.125000E+01,30,21,51,30,21, 2.065341E+00,-8.342860E+00,-3.035149E+00, 4.942291E+01, 4.848410E+01, 1.616137E+00,-4.621570E-01,-1.821464E+00,-1.046502E+00, 9.808753E+01, 4.388467E+01, 4.534478E+01, 2.467239E+00,19, 8.099826E+00,1, 0.000000E+00,0, 0.000000E+00,14, 4.212149E+01, 6.907476E-01, 1.397556E+01,NULL,NULL,1,mc_qqps,35
-21023,647,20227,185333,94C2, 9.125000E+01,40,14,54,40,14,-1.631551E+01, 6.087523E+00,-2.968616E+01, 1.053723E+02, 1.044703E+02, 2.611758E+00,-1.407393E+01, 4.771933E+00,-2.515212E+01, 1.179777E+02, 5.319267E+01, 1.143638E+01, 0.000000E+00,7, 1.320686E+00,14, 1.384680E+00,0, 0.000000E+00,3, 2.424561E+00, 3.278406E-01, 1.168974E+00,1, 0.000000E+00,1,mc_qqps,35
-21023,648,20227,185350,94C2, 9.125000E+01,32,7,39,32,7,-9.909609E+00, 1.738893E+01,-1.644552E+00, 6.150739E+01, 6.009670E+01, 1.878022E+00,-1.451969E-01,-3.131546E+00, 5.089701E-01, 8.590385E+01, 5.377203E+01, 4.910295E+00, 1.548510E+01,6, 0.000000E+00,0, 0.000000E+00,0, 0.000000E+00,5, 7.941389E+00, 4.362696E-01, 4.001063E+00,NULL,NULL,1,mc_qqps,35
-21023,649,20227,185402,94C2, 9.125000E+01,56,26,82,56,26,-6.784817E+00,-6.748848E+00,-8.180285E+00, 8.066460E+01, 7.923022E+01, 1.414825E+00,-1.074419E+00,-3.044381E+00,-9.955778E-01, 1.196784E+02, 6.178092E+01, 3.237400E+01, 2.286153E-01,23, 4.784873E+00,1, 0.000000E+00,0, 0.000000E+00,20, 2.676791E+01, 5.380520E-01, 3.953169E+00,NULL,NULL,1,mc_qqps,35
-21023,650,20227,185423,94C2, 9.125000E+01,35,14,49,35,14, 4.948031E+00,-1.595597E+00,-5.525119E+00, 6.424445E+01, 6.364046E+01, 1.818299E+00,-1.751654E+00,-7.040606E-01, 1.491857E-02, 8.234340E+01, 5.880378E+01, 1.389690E+01, 2.587249E-01,10, 1.285479E+00,3, 0.000000E+00,0, 0.000000E+00,7, 7.928263E+00, 5.594883E-01, 3.379577E+00,NULL,NULL,1,mc_qqps,35
-21023,651,20227,185444,94C2, 9.125000E+01,29,14,43,29,14, 1.670089E-01,-2.278758E+00, 6.835465E-01, 4.893259E+01, 4.849280E+01, 1.672165E+00,-2.846209E-01,-6.250542E-02, 9.078201E-01, 7.107195E+01, 3.704644E+01, 9.890939E+00, 6.298274E+00,12, 0.000000E+00,0, 0.000000E+00,0, 0.000000E+00,10, 1.438157E+01, 5.374624E-01, 2.887717E+00,NULL,NULL,1,mc_qqps,35
-21023,652,20227,185458,94C2, 9.125000E+01,35,9,44,35,9, 5.999842E-01, 1.502112E+00, 1.928199E-01, 6.160353E+01, 6.088427E+01, 1.739551E+00,-4.637335E+00,-3.351168E+00,-6.224113E+00, 7.966417E+01, 5.484722E+01, 1.694821E+01, 1.218540E+00,11, 2.611571E-01,3, 0.000000E+00,0, 0.000000E+00,7, 1.253712E+01, 6.723496E-01, 5.195229E+00,NULL,NULL,1,mc_qqps,35
-21023,653,20227,185510,94C2, 9.125000E+01,44,13,57,44,13, 2.829421E+00, 8.128325E+00, 2.390123E+00, 7.271957E+01, 7.195316E+01, 1.635299E+00, 3.675586E-01, 1.947982E+00,-1.194942E+00, 8.634918E+01, 5.549041E+01, 1.341718E+01, 2.124382E-01,14, 5.401643E+00,5, 0.000000E+00,0, 0.000000E+00,8, 6.678862E+00, 5.006106E-01, 1.478213E+00,NULL,NULL,1,mc_qqps,35
-21023,654,20227,185529,94C2, 9.125000E+01,46,13,59,46,13,-1.920117E+01,-1.976659E+01,-1.276505E+01, 5.641988E+01, 5.550652E+01, 1.206663E+00,-1.290731E+01,-3.668415E+00,-4.200481E+00, 8.731973E+01, 4.998991E+01, 2.645570E+01, 1.219869E+00,18, 4.373022E+00,0, 0.000000E+00,0, 0.000000E+00,10, 2.432697E+01, 3.431085E-01, 8.607314E+00,NULL,NULL,1,mc_qqps,35
-21023,655,20227,185546,94C2, 9.125000E+01,33,15,48,33,15,-1.738982E+00,-2.597968E+00, 1.263691E+01, 4.673629E+01, 4.603823E+01, 1.395098E+00,-1.722990E+00,-1.639225E+00, 1.136810E+01, 7.340173E+01, 3.585269E+01, 2.071870E+01, 2.800079E+00,7, 7.797220E-01,11, 5.754750E-01,0, 0.000000E+00,4, 4.404533E+00, 7.658767E-01, 1.298564E+00,NULL,NULL,1,mc_qqps,35
-21023,656,20227,185602,94C2, 9.125000E+01,25,21,46,25,21, 5.448892E-01,-7.372117E+00, 6.263011E+00, 5.810985E+01, 5.781367E+01, 2.312547E+00,-1.454188E+01,-6.659045E+00, 1.087384E+01, 9.298837E+01, 5.459841E+01, 2.284285E+01, 9.798310E+00,17, 1.431005E+01,4, 6.340716E-01,0, 0.000000E+00,12, 1.942648E+01, 4.839950E-01, 4.184921E+00,NULL,NULL,1,mc_qqps,35
-21023,657,20227,185615,94C2, 9.125000E+01,28,12,40,28,12,-4.500958E-01,-2.523220E+00, 3.601032E-01, 4.135179E+01, 4.077540E+01, 1.456264E+00,-1.222800E+00,-6.464677E+00, 4.467914E+00, 5.745596E+01, 3.414740E+01, 1.131601E+01, 4.011184E+00,8, 2.645127E+00,3, 3.592451E+00,0, 0.000000E+00,7, 1.137329E+01, 4.940785E-01, 3.488205E+00,NULL,NULL,1,mc_qqps,35
-21023,658,20227,185629,94C2, 9.125000E+01,17,13,30,17,13, 1.458871E+01, 2.262327E+00,-2.054036E+01, 3.796605E+01, 3.774870E+01, 2.220511E+00,-4.338140E+00,-2.444448E-01, 4.349628E+00, 8.986140E+01, 3.757054E+01, 1.152867E+01, 3.979237E+01,6, 2.213019E+00,3, 0.000000E+00,0, 0.000000E+00,4, 4.964648E+00, 5.743127E-01, 2.418607E+00,1, 0.000000E+00,1,mc_qqps,35
-21023,659,20227,185644,94C2, 9.125000E+01,38,11,49,38,11, 3.068149E-01,-1.238630E+01,-9.002958E+00, 7.708446E+01, 7.614175E+01, 2.003730E+00, 2.108247E+00,-8.742789E+00,-3.355823E+00, 9.580937E+01, 7.304630E+01, 1.017965E+01, 8.232847E+00,13, 9.221746E+00,0, 0.000000E+00,0, 0.000000E+00,7, 1.030803E+01, 3.139712E-01, 5.869142E+00,NULL,NULL,1,mc_qqps,35
-21023,660,20227,185701,94C2, 9.125000E+01,26,7,33,26,7, 7.146546E+00, 1.418287E+01,-8.599655E+00, 5.752786E+01, 5.727891E+01, 2.203035E+00, 6.387287E+00, 9.741367E+00,-6.987746E+00, 7.238558E+01, 5.715498E+01, 5.219321E+00, 9.737906E+00,10, 1.064589E+00,0, 0.000000E+00,0, 0.000000E+00,5, 5.219321E+00, 7.857301E-01, 1.504419E+00,NULL,NULL,1,mc_qqps,35
-21023,661,20227,185714,94C2, 9.125000E+01,17,13,30,17,13, 3.567915E+01,-2.298919E+01, 2.247729E+01, 7.431097E+01, 7.408456E+01, 4.357915E+00, 2.739306E+01,-1.597709E+01, 1.892266E+01, 9.552296E+01, 7.256909E+01, 2.065229E+01, 0.000000E+00,16, 7.303996E+00,0, 0.000000E+00,0, 0.000000E+00,11, 1.702580E+01, 4.072948E-01, 2.902940E+00,NULL,NULL,1,mc_qqps,35
-21023,662,20227,185726,94C2, 9.125000E+01,31,17,48,31,17, 2.869075E+00, 3.274196E+00, 1.138591E+01, 5.433790E+01, 5.391497E+01, 1.739193E+00, 1.062002E+00,-1.532677E+00, 1.882865E-01, 7.745621E+01, 3.825885E+01, 8.861423E+00, 1.234135E+01,4, 0.000000E+00,15, 3.565692E+00,0, 0.000000E+00,3, 2.626881E+00, 4.063940E-01, 1.509134E+00,NULL,NULL,1,mc_qqps,35
-21023,663,20227,185741,94C2, 9.125000E+01,33,25,58,33,25, 2.183275E+01, 3.153871E+01, 1.801019E+02, 2.757158E+02, 2.753906E+02, 8.345169E+00, 2.967514E+01, 3.066247E+01, 1.964647E+02, 3.024737E+02, 4.537326E+01, 2.675786E+01, 0.000000E+00,9, 0.000000E+00,17, 7.874017E+00,0, 0.000000E+00,9, 9.227194E+00, 4.265565E-01, 2.719745E+00,2, 0.000000E+00,1,mc_qqps,35
-21023,664,20227,185804,94C2, 9.125000E+01,29,10,39,29,10, 8.313422E+00,-9.621070E+00, 1.779736E+01, 6.667435E+01, 6.576397E+01, 2.267723E+00, 4.659641E+00,-5.390890E+00, 1.114572E+01, 7.780190E+01, 6.183822E+01, 1.052657E+01, 0.000000E+00,2, 0.000000E+00,7, 0.000000E+00,0, 0.000000E+00,2, 2.648325E+00, 6.009940E-01, 2.047331E+00,NULL,NULL,1,mc_qqps,35
-21023,665,20227,185819,94C2, 9.125000E+01,20,4,24,20,4, 2.125720E+00, 2.782645E+00, 3.749464E-02, 8.713297E+01, 8.691508E+01, 4.345754E+00,-3.370832E-01,-1.318970E+00, 1.616894E+00, 9.398692E+01, 8.149677E+01, 5.925888E+00, 1.051906E+00,9, 6.523014E+00,0, 0.000000E+00,0, 0.000000E+00,3, 5.925888E+00, 1.345373E+00, 3.127905E+00,NULL,NULL,1,mc_qqps,35
-21023,666,20227,185832,94C2, 9.125000E+01,37,17,54,37,17,-7.396758E+00,-4.716974E+00, 3.498453E+00, 6.261655E+01, 6.204261E+01, 1.676827E+00, 3.457425E+00,-1.325517E-01,-2.962302E+00, 1.044370E+02, 5.968597E+01, 1.981802E+01, 1.995414E+01,14, 3.384088E+00,0, 0.000000E+00,0, 0.000000E+00,9, 2.212272E+01, 7.109767E-01, 4.530815E+00,NULL,NULL,1,mc_qqps,35
-21023,667,20227,185847,94C2, 9.125000E+01,18,12,30,18,12, 2.240976E+01, 4.145329E+00, 1.591689E+01, 5.448187E+01, 5.423877E+01, 3.013265E+00, 1.472169E+01, 1.408413E+00, 1.038527E+01, 8.513751E+01, 5.287324E+01, 2.481643E+01, 3.867231E+00,17, 8.151251E+00,0, 0.000000E+00,0, 0.000000E+00,9, 2.063678E+01, 4.799802E-01, 7.158377E+00,NULL,NULL,1,mc_qqps,35
-21023,668,20227,185902,94C2, 9.125000E+01,39,17,56,39,17, 6.951778E+00, 2.704973E+00,-4.216838E+00, 7.169704E+01, 7.078000E+01, 1.814872E+00, 1.274714E+01, 3.329849E+00,-6.662497E+00, 9.445665E+01, 6.385712E+01, 1.679387E+01, 3.985645E+00,19, 1.611414E+01,0, 0.000000E+00,0, 0.000000E+00,11, 8.863143E+00, 3.587545E-01, 1.275900E+00,NULL,NULL,1,mc_qqps,35
-21023,669,20227,185917,94C2, 9.125000E+01,44,14,58,44,14, 6.153316E-01,-9.020605E-01, 1.397984E+00, 7.638654E+01, 7.565228E+01, 1.719370E+00, 9.773502E+00, 3.861117E-01,-2.109226E+00, 9.886315E+01, 6.384439E+01, 1.955353E+01, 5.429770E-01,21, 1.590293E+00,1, 5.778891E-01,0, 0.000000E+00,10, 1.988178E+01, 5.084332E-01, 6.184419E+00,NULL,NULL,1,mc_qqps,35
-21023,670,20227,185936,94C2, 9.125000E+01,22,16,38,22,16, 1.096360E+01,-7.067408E+00,-9.024184E+00, 4.126007E+01, 4.087703E+01, 1.858047E+00,-9.725723E-01, 2.628969E+00, 1.089143E+00, 9.024736E+01, 3.976854E+01, 2.460335E+01, 2.342099E+01,15, 2.525464E+00,0, 0.000000E+00,0, 0.000000E+00,10, 2.309135E+01, 3.844523E-01, 5.190487E+00,NULL,NULL,1,mc_qqps,35
-21023,671,20227,185950,94C2, 9.125000E+01,24,11,35,24,11, 2.840080E+00, 1.378013E+00, 8.558702E+00, 8.462997E+01, 8.434029E+01, 3.514179E+00, 1.558185E-01,-1.468578E+00, 1.326146E+00, 1.001211E+02, 7.551572E+01, 1.232639E+01, 2.492029E+00,1, 0.000000E+00,15, 8.091727E+00,0, 0.000000E+00,1, 6.726929E-01, 6.726929E-01, 6.726929E-01,NULL,NULL,1,mc_qqps,35
-21023,672,20227,190004,94C2, 9.125000E+01,28,19,47,28,19,-1.953052E+00, 1.869945E+00, 4.098106E+00, 7.240297E+01, 7.201115E+01, 2.571827E+00,-3.468256E+00, 3.401421E+00, 4.378385E+00, 9.702081E+01, 5.260606E+01, 2.371241E+01, 9.054127E-01,1, 0.000000E+00,24, 7.724597E+00,0, 0.000000E+00,1, 2.493958E+00, 2.493958E+00, 2.493958E+00,NULL,NULL,1,mc_qqps,35
-21023,673,20227,190017,94C2, 9.125000E+01,41,15,56,41,15,-1.201433E+01,-4.842570E+00,-2.583628E+01, 1.358108E+02, 1.350674E+02, 3.294328E+00,-1.464315E+01,-5.305086E+00,-2.953954E+01, 1.481171E+02, 2.325369E+01, 1.026108E+01, 2.045223E+00,4, 3.373386E-01,21, 1.915834E+01,0, 0.000000E+00,2, 1.800670E+00, 7.131969E-01, 1.087473E+00,NULL,NULL,1,mc_qqps,35
-21023,674,20227,190033,94C2, 9.125000E+01,25,16,41,25,16,-1.654898E+00,-4.553489E+00,-5.049377E+00, 6.833165E+01, 6.784157E+01, 2.713663E+00, 1.008407E-01, 9.211142E+00, 4.574380E+00, 9.853728E+01, 6.623971E+01, 1.362270E+01, 1.099296E+01,17, 3.429072E+00,2, 0.000000E+00,0, 0.000000E+00,11, 1.686967E+01, 5.344081E-01, 4.393540E+00,NULL,NULL,1,mc_qqps,35
-21023,675,20227,190049,94C2, 9.125000E+01,35,14,49,35,14,-7.262044E+00, 2.695174E+01,-6.259135E+01, 1.961886E+02, 1.955683E+02, 5.587667E+00,-7.681777E+00, 2.930604E+01,-7.079175E+01, 2.192324E+02, 1.783642E+01, 2.264486E+01, 3.989542E-01,0, 0.000000E+00,18, 3.425953E+01,0, 0.000000E+00,NULL,NULL,NULL,NULL,NULL,NULL,1,mc_qqps,35
-21023,676,20227,190104,94C2, 9.125000E+01,64,20,84,64,20,-3.567506E+00,-8.213859E+00, 1.518132E-01, 6.609222E+01, 6.359604E+01, 9.936880E-01,-1.016876E-01,-2.105452E+00,-3.826439E-01, 1.096681E+02, 5.326980E+01, 3.425036E+01, 8.914795E+00,24, 3.582291E+00,0, 0.000000E+00,0, 0.000000E+00,14, 2.782211E+01, 4.982250E-01, 4.793931E+00,NULL,NULL,1,mc_qqps,35
-21023,677,20227,190125,94C2, 9.125000E+01,29,11,40,29,11, 3.749891E+00,-2.264347E+01, 1.800736E+01, 8.214033E+01, 8.166397E+01, 2.815999E+00, 6.107995E+00,-1.913047E+01, 1.444054E+01, 1.058624E+02, 5.417709E+01, 2.022496E+01, 1.264113E-01,13, 4.718975E+00,0, 0.000000E+00,0, 0.000000E+00,9, 2.292321E+01, 7.946983E-01, 5.124124E+00,NULL,NULL,1,mc_qqps,35
-21023,678,20227,190140,94C2, 9.125000E+01,34,18,52,34,18, 2.517748E-01, 9.934665E-01,-8.012368E+00, 5.676928E+01, 5.612766E+01, 1.650814E+00,-4.203636E+00, 6.003028E+00,-1.393093E+01, 8.337283E+01, 5.269144E+01, 1.671359E+01, 7.183297E+00,21, 5.787719E+00,2, 0.000000E+00,0, 0.000000E+00,11, 1.373876E+01, 7.007635E-01, 2.024483E+00,NULL,NULL,1,mc_qqps,35
-21023,679,20227,190157,94C2, 9.125000E+01,16,19,35,16,19,-5.372405E+00,-3.743312E+00, 1.416053E+01, 3.478346E+01, 3.445969E+01, 2.153730E+00,-5.358871E+00,-5.236002E+00, 1.392529E+01, 1.018121E+02, 3.206758E+01, 2.038151E+01, 4.665242E+01,1, 0.000000E+00,15, 1.880162E+00,0, 0.000000E+00,NULL,NULL,NULL,NULL,NULL,NULL,1,mc_qqps,35
-21023,680,20227,190211,94C2, 9.125000E+01,32,13,45,32,13, 3.300809E+00,-4.029875E+00,-7.718486E+00, 6.828638E+01, 6.764601E+01, 2.113938E+00,-7.943566E-01, 3.469425E+00, 2.283615E+00, 9.718569E+01, 6.470457E+01, 1.688402E+01, 1.080013E+01,12, 4.246284E+00,3, 0.000000E+00,0, 0.000000E+00,7, 9.670812E+00, 3.697308E-01, 3.245513E+00,NULL,NULL,1,mc_qqps,35
-21023,681,20227,190225,94C2, 9.125000E+01,32,14,46,32,14, 3.481575E+00,-4.760299E+00, 5.801102E+00, 7.190257E+01, 7.129894E+01, 2.228092E+00, 2.888417E+00,-1.183863E+00, 8.542569E-01, 8.928217E+01, 6.759613E+01, 8.601625E+00, 2.153610E+00,15, 3.436023E+00,2, 0.000000E+00,0, 0.000000E+00,10, 1.359174E+01, 6.219079E-01, 2.392325E+00,NULL,NULL,1,mc_qqps,35
-21023,682,20227,190238,94C2, 9.125000E+01,56,24,80,56,24,-1.977477E+00,-1.153669E+00, 3.637189E+00, 5.472441E+01, 5.234449E+01, 9.347231E-01, 1.438568E+00,-5.691618E-01, 3.757672E+00, 8.164241E+01, 4.076491E+01, 2.145166E+01, 2.580059E+00,11, 6.993654E-02,10, 0.000000E+00,0, 0.000000E+00,9, 1.198079E+01, 4.778159E-01, 4.368796E+00,NULL,NULL,1,mc_qqps,35
-21023,683,20227,190258,94C2, 9.125000E+01,27,11,38,27,11,-7.038587E+00, 5.579406E+00,-4.415349E+00, 6.470601E+01, 6.407279E+01, 2.373066E+00,-8.025092E-01,-2.288099E+00, 3.286796E-01, 7.962772E+01, 6.126287E+01, 1.331407E+01, 0.000000E+00,19, 9.567443E+00,0, 0.000000E+00,0, 0.000000E+00,10, 1.462878E+01, 4.364345E-01, 4.082841E+00,NULL,NULL,1,mc_qqps,35
-21023,684,20227,190310,94C2, 9.125000E+01,31,18,49,31,18, 1.695982E+00, 6.453972E+00, 6.270105E+00, 7.207012E+01, 7.163602E+01, 2.310839E+00, 4.965343E+00, 2.085594E+01, 1.642501E+01, 1.269111E+02, 6.798720E+01, 3.834743E+01, 1.534166E+01,18, 1.234177E+00,1, 0.000000E+00,0, 0.000000E+00,11, 1.329002E+01, 4.138888E-01, 2.973442E+00,NULL,NULL,1,mc_qqps,35
-21023,685,20227,190326,94C2, 9.125000E+01,42,8,50,42,8, 8.743090E-01,-7.832059E-01,-8.541089E+00, 7.557313E+01, 7.463805E+01, 1.777096E+00, 2.529416E+00,-1.019865E+00,-1.406195E+01, 9.499577E+01, 7.047134E+01, 5.116779E+00, 1.430586E+01,4, 0.000000E+00,2, 0.000000E+00,0, 0.000000E+00,2, 3.652761E+00, 4.564381E-01, 3.196323E+00,NULL,NULL,1,mc_qqps,35
-21023,686,20227,190343,94C2, 9.125000E+01,20,18,38,20,18,-2.862979E+00,-1.995436E+00,-1.621522E+00, 3.519381E+01, 3.495060E+01, 1.747530E+00,-8.299046E+00,-8.076158E+00,-4.365004E+00, 8.449513E+01, 3.419891E+01, 4.058962E+01, 4.589889E+00,20, 3.089837E+00,0, 0.000000E+00,0, 0.000000E+00,15, 3.820010E+01, 4.111923E-01, 1.022440E+01,NULL,NULL,1,mc_qqps,35
-21023,687,20227,190354,94C2, 9.125000E+01,20,14,34,20,14, 5.008424E+00,-1.098312E+01,-4.858430E+00, 5.532925E+01, 5.507201E+01, 2.753601E+00,-4.269021E+00, 1.448938E+01, 5.520395E+00, 1.101621E+02, 5.503381E+01, 3.849803E+01, 1.633630E+01,14, 2.343730E+00,0, 0.000000E+00,0, 0.000000E+00,9, 2.334571E+01, 4.508957E-01, 9.296857E+00,NULL,NULL,1,mc_qqps,35
-21023,688,20227,190406,94C2, 9.125000E+01,18,6,24,18,6,-2.030123E+01, 1.927521E+00, 2.510029E+00, 5.450520E+01, 5.416274E+01, 3.009041E+00,-8.388477E+00, 1.386826E+00, 1.038344E+00, 7.642603E+01, 5.218835E+01, 2.192084E+01, 0.000000E+00,11, 1.118967E+01,0, 0.000000E+00,0, 0.000000E+00,6, 2.192084E+01, 5.110238E-01, 1.436228E+01,NULL,NULL,1,mc_qqps,35
-21023,689,20227,190417,94C2, 9.125000E+01,37,11,48,37,11,-2.111831E-01,-4.460896E-01, 1.404869E+00, 6.514904E+01, 6.426219E+01, 1.736816E+00, 2.698259E+00,-7.896060E+00, 4.605804E+00, 8.345189E+01, 5.844981E+01, 1.748255E+01, 2.384621E-01,17, 4.342706E-01,0, 0.000000E+00,0, 0.000000E+00,8, 1.514960E+01, 3.825464E-01, 6.756678E+00,NULL,NULL,1,mc_qqps,35
-21023,690,20227,190433,94C2, 9.125000E+01,22,7,29,22,7, 4.203529E-01, 2.123668E+00,-1.714832E+00, 6.552740E+01, 6.530161E+01, 2.968255E+00,-2.343723E+00, 3.573688E+00, 2.757224E-01, 7.370470E+01, 6.315006E+01, 5.012218E+00, 8.559081E-01,10, 1.229188E+01,0, 0.000000E+00,0, 0.000000E+00,6, 7.321386E+00, 5.360492E-01, 2.222312E+00,NULL,NULL,1,mc_qqps,35
-21023,691,20227,190445,94C2, 9.125000E+01,25,16,41,25,16, 3.741619E+00, 1.453590E+00,-6.974658E+00, 3.932854E+01, 3.895168E+01, 1.558067E+00, 5.201382E+00, 2.291140E+00,-1.306799E+01, 5.535382E+01, 2.761574E+01, 1.317876E+01, 2.424094E+00,3, 0.000000E+00,14, 1.075969E+00,0, 0.000000E+00,3, 2.401813E+00, 4.224155E-01, 1.301035E+00,NULL,NULL,1,mc_qqps,35
-21023,692,20227,190458,94C2, 9.125000E+01,45,20,65,45,20, 1.054052E+01,-1.087977E+01, 6.277461E+00, 8.059442E+01, 7.921457E+01, 1.760324E+00, 9.192895E+00,-1.000286E+01, 3.424454E+00, 1.051949E+02, 6.268735E+01, 1.978138E+01, 3.205910E+00,25, 9.580246E+00,0, 0.000000E+00,0, 0.000000E+00,13, 1.967148E+01, 3.145298E-01, 5.351640E+00,NULL,NULL,1,mc_qqps,35
-21023,693,20227,190515,94C2, 9.125000E+01,39,12,51,39,12, 4.912097E+00, 1.941576E+01,-3.463083E+01, 7.195617E+01, 7.095126E+01, 1.819263E+00, 4.206714E+00, 1.605302E+01,-2.791725E+01, 8.677841E+01, 6.136002E+01, 1.482225E+01, 0.000000E+00,6, 0.000000E+00,12, 1.008857E+01,0, 0.000000E+00,5, 6.647492E+00, 6.881435E-01, 2.531349E+00,NULL,NULL,1,mc_qqps,35
-21023,694,20227,190533,94C2, 9.125000E+01,29,20,49,29,20,-6.296768E+00,-1.061953E+01, 1.121687E+01, 5.674653E+01, 5.628845E+01, 1.940981E+00,-7.539518E-01,-6.600521E+00, 5.331700E+00, 8.428194E+01, 5.505809E+01, 2.185289E+01, 2.689184E+00,16, 3.159097E+00,2, 0.000000E+00,0, 0.000000E+00,12, 1.573831E+01, 4.354182E-01, 3.072860E+00,NULL,NULL,1,mc_qqps,35
-21023,695,20227,190550,94C2, 9.125000E+01,22,13,35,22,13,-5.523655E+00,-1.676410E+00,-7.616804E-01, 5.202197E+01, 5.163911E+01, 2.347232E+00,-3.964810E+00,-1.242715E+00,-5.329682E-01, 1.016849E+02, 4.998824E+01, 2.980052E+01, 1.998336E+01,15, 6.066534E+00,0, 0.000000E+00,0, 0.000000E+00,10, 2.693385E+01, 5.933434E-01, 1.102195E+01,NULL,NULL,1,mc_qqps,35
-21023,696,20227,190606,94C2, 9.125000E+01,24,14,38,24,14,-3.057043E+01, 5.696452E+01,-6.157104E+02, 1.677015E+03, 1.676719E+03, 6.986327E+01,-2.780667E+01, 5.564632E+01,-6.073318E+02, 1.703779E+03, 1.991906E+01, 2.676377E+01, 0.000000E+00,0, 0.000000E+00,20, 4.191201E+00,0, 0.000000E+00,NULL,NULL,NULL,NULL,1, 0.000000E+00,1,mc_qqps,35
-21023,697,20227,190615,94C2, 9.125000E+01,33,13,46,33,13, 2.131166E+00, 4.234335E+00,-1.326624E+00, 7.647495E+01, 7.585284E+01, 2.298571E+00, 4.547860E+00, 7.402190E+00,-2.006958E+00, 9.177161E+01, 6.804427E+01, 1.489373E+01, 0.000000E+00,19, 1.681264E+01,0, 0.000000E+00,0, 0.000000E+00,11, 1.448570E+01, 4.029458E-01, 2.518719E+00,NULL,NULL,1,mc_qqps,35
-21023,698,20227,190632,94C2, 9.125000E+01,30,18,48,30,18, 1.261632E+01, 2.226254E+01, 6.397490E+00, 4.356634E+01, 4.294081E+01, 1.431360E+00, 1.282335E+01, 2.366385E+01, 8.850009E+00, 6.714440E+01, 3.968654E+01, 1.392772E+01, 5.065157E+00,20, 1.219163E+01,0, 0.000000E+00,0, 0.000000E+00,15, 1.784950E+01, 3.639378E-01, 3.096207E+00,NULL,NULL,1,mc_qqps,35
-21023,699,20227,190647,94C2, 9.125000E+01,30,13,43,30,13,-4.415587E+00,-2.180898E+00,-4.454362E-01, 6.377121E+01, 6.322397E+01, 2.107466E+00, 9.038935E+00, 8.029370E+00, 6.598063E+00, 1.078645E+02, 6.071769E+01, 4.031085E+01, 3.818269E+00,15, 2.993019E+00,0, 0.000000E+00,0, 0.000000E+00,10, 3.987321E+01, 7.174901E-01, 1.687416E+01,NULL,NULL,1,mc_qqps,35
-21023,700,20227,190700,94C2, 9.125000E+01,14,12,26,14,12, 1.027534E+00,-3.919667E+00, 1.429032E+00, 2.645559E+01, 2.604183E+01, 1.860130E+00, 2.609572E-01,-3.370901E+00, 7.495683E-01, 7.553714E+01, 2.466640E+01, 3.189389E+01, 1.264725E+01,12, 1.360233E-01,0, 0.000000E+00,0, 0.000000E+00,11, 3.643430E+01, 5.068721E-01, 2.016339E+01,NULL,NULL,1,mc_qqps,35
-21023,701,20227,190710,94C2, 9.125000E+01,37,16,53,37,16,-3.461353E+00, 3.819201E+00, 4.463435E+00, 5.907518E+01, 5.847453E+01, 1.580393E+00,-8.336990E-01, 3.140484E+00, 5.435975E+00, 7.960067E+01, 5.535752E+01, 1.936933E+01, 1.156168E+00,15, 1.138364E+00,1, 0.000000E+00,0, 0.000000E+00,12, 1.804240E+01, 3.864698E-01, 3.814407E+00,NULL,NULL,1,mc_qqps,35
-21023,702,20227,190730,94C2, 9.125000E+01,27,14,41,27,14,-4.939141E+00, 2.383769E+00,-1.319350E+00, 5.802092E+01, 5.744299E+01, 2.127518E+00,-4.137781E+00, 2.171758E+00,-1.716411E+00, 1.095313E+02, 5.061649E+01, 4.337400E+01, 3.158374E+00,12, 5.924157E+00,0, 0.000000E+00,0, 0.000000E+00,9, 3.636654E+01, 8.375751E-01, 1.570412E+01,1, 0.000000E+00,1,mc_qqps,35
-21023,703,20227,190744,94C2, 9.125000E+01,15,14,29,15,14,-4.255627E+00, 2.435596E+00,-8.921522E+00, 4.468108E+01, 4.443981E+01, 2.962654E+00, 1.095949E+00, 1.233060E+00, 4.389256E-01, 6.253220E+01, 4.292630E+01, 1.394865E+01, 3.170017E+00,3, 1.046592E+00,11, 1.527634E+01,0, 0.000000E+00,2, 2.872482E+00, 7.324500E-01, 2.140032E+00,NULL,NULL,1,mc_qqps,35
-21023,704,20227,190753,94C2, 9.125000E+01,31,8,39,31,8, 1.249159E+00,-4.391468E+00, 5.502708E+00, 8.134263E+01, 8.096421E+01, 2.611749E+00, 1.770304E+00, 2.833235E-02, 1.752153E+00, 9.231937E+01, 8.028004E+01, 9.884642E+00, 0.000000E+00,9, 1.835643E+00,1, 0.000000E+00,0, 0.000000E+00,5, 5.131889E+00, 7.655275E-01, 1.365822E+00,NULL,NULL,1,mc_qqps,35
-21023,705,20227,190809,94C2, 9.125000E+01,19,15,34,19,15, 1.310328E+00, 1.090003E-01, 2.081213E+00, 4.231394E+01, 4.207852E+01, 2.214659E+00, 4.196275E-01, 3.667582E+00,-3.714651E+00, 6.667379E+01, 3.932151E+01, 1.796177E+01, 6.398078E+00,2, 0.000000E+00,15, 8.372826E+00,0, 0.000000E+00,1, 1.393960E+00, 1.393960E+00, 1.393960E+00,NULL,NULL,1,mc_qqps,35
-21023,706,20227,190824,94C2, 9.125000E+01,35,11,46,35,11,-9.120415E-01, 7.857682E-01, 1.790837E+00, 6.360987E+01, 6.294642E+01, 1.798469E+00,-1.816747E-01,-1.037853E+00,-1.558666E+00, 7.955376E+01, 5.896210E+01, 1.471043E+01, 1.233461E+00,12, 1.341438E+01,6, 5.356800E-01,0, 0.000000E+00,5, 8.109018E+00, 7.168248E-01, 3.319308E+00,NULL,NULL,1,mc_qqps,35
-21023,707,20227,190842,94C2, 9.125000E+01,31,22,53,31,22, 1.159724E+00, 1.028484E+00, 3.119348E+00, 5.604677E+01, 5.531827E+01, 1.784460E+00,-1.115162E+01,-3.159151E+00, 1.112090E+01, 9.740237E+01, 4.760058E+01, 1.482368E+01, 1.477884E+01,7, 1.937351E-01,12, 4.367839E-01,0, 0.000000E+00,5, 1.813649E+01, 1.375967E+00, 1.004321E+01,1, 0.000000E+00,1,mc_qqps,35
-21023,708,20227,190900,94C2, 9.125000E+01,26,20,46,26,20,-9.660252E+00,-1.283840E+00, 9.057037E-01, 3.574838E+01, 3.535304E+01, 1.359732E+00, 5.646573E+00, 3.666871E+00,-1.937632E+00, 8.448195E+01, 3.426313E+01, 4.658749E+01, 0.000000E+00,21, 7.499702E+00,2, 0.000000E+00,0, 0.000000E+00,17, 4.545887E+01, 5.190028E-01, 8.454516E+00,NULL,NULL,1,mc_qqps,35
-21023,709,20227,190913,94C2, 9.125000E+01,33,10,43,33,10, 8.828681E-01,-6.935456E-01,-2.949749E+00, 6.685307E+01, 6.620802E+01, 2.006304E+00,-5.241884E+00, 1.737172E+00, 2.585015E+00, 8.235137E+01, 5.834469E+01, 1.439545E+01, 0.000000E+00,11, 2.440050E+00,1, 0.000000E+00,0, 0.000000E+00,8, 1.466902E+01, 4.668750E-01, 6.826950E+00,NULL,NULL,1,mc_qqps,35
-21023,710,20227,190927,94C2, 9.125000E+01,29,9,38,29,9,-1.488854E+01, 3.767636E+01,-6.005517E+00, 9.420317E+01, 9.379321E+01, 3.234249E+00,-1.733730E+01, 3.659184E+01,-5.160827E+00, 1.069204E+02, 4.678495E+01, 9.310840E+00, 3.406398E+00,11, 1.455566E+00,0, 0.000000E+00,0, 0.000000E+00,4, 9.310840E+00, 1.041517E+00, 4.709555E+00,NULL,NULL,1,mc_qqps,35
-21023,711,20227,190937,94C2, 9.125000E+01,31,12,43,31,12,-2.106553E+00,-2.111809E+00,-1.569475E+01, 7.645634E+01, 7.596623E+01, 2.450524E+00,-9.920496E-01,-1.866122E+00,-1.461800E+01, 8.910586E+01, 4.682225E+01, 1.085065E+01, 1.798865E+00,3, 0.000000E+00,13, 9.550352E+00,0, 0.000000E+00,1, 1.431420E+00, 1.431420E+00, 1.431420E+00,1, 0.000000E+00,1,mc_qqps,35
-21023,712,20227,190951,94C2, 9.125000E+01,36,10,46,36,10, 4.103277E-01, 3.364427E+00, 1.256627E+00, 7.895335E+01, 7.853465E+01, 2.181518E+00, 1.967134E+00, 5.887978E+00, 2.349223E+00, 1.038899E+02, 7.550590E+01, 1.871918E+01, 6.304800E+00,21, 4.549370E+00,0, 0.000000E+00,0, 0.000000E+00,8, 1.871918E+01, 4.354098E-01, 6.117955E+00,NULL,NULL,1,mc_qqps,35
-21023,713,20227,191005,94C2, 9.125000E+01,33,10,43,33,10,-7.201236E-01,-2.324778E+00, 2.034253E+00, 6.475980E+01, 6.436058E+01, 1.950321E+00,-5.985395E+00, 3.059217E+00,-2.680438E+00, 7.753976E+01, 5.816354E+01, 1.099043E+01, 0.000000E+00,19, 4.120321E+00,0, 0.000000E+00,0, 0.000000E+00,10, 1.277995E+01, 7.523109E-01, 4.124516E+00,NULL,NULL,1,mc_qqps,35
-21023,714,20227,191020,94C2, 9.125000E+01,44,20,64,44,20, 7.981321E+00,-9.810846E-01,-3.010386E+00, 5.316896E+01, 5.233921E+01, 1.189528E+00, 8.137147E+00, 2.952233E+00,-1.021914E+00, 8.836316E+01, 5.124252E+01, 1.993873E+01, 1.535542E+01,17, 9.639199E-01,5, 8.776277E-01,0, 0.000000E+00,10, 1.436454E+01, 5.474416E-01, 4.655645E+00,NULL,NULL,1,mc_qqps,35
-21023,715,20227,191037,94C2, 9.125000E+01,31,18,49,31,18, 2.919572E+00, 5.143157E+00,-6.993443E+01, 1.224679E+02, 1.218658E+02, 3.931156E+00, 4.495863E+00, 7.372482E+00,-7.962376E+01, 1.400035E+02, 2.640767E+01, 1.753560E+01, 0.000000E+00,0, 0.000000E+00,20, 9.935918E+00,0, 0.000000E+00,NULL,NULL,NULL,NULL,4, 0.000000E+00,1,mc_qqps,35
-21023,716,20227,191052,94C2, 9.125000E+01,61,11,72,61,11,-8.998358E+00, 6.329588E+00, 8.103002E-01, 7.713844E+01, 7.499089E+01, 1.229359E+00,-8.257198E+00, 2.832713E+00, 2.866488E+00, 9.204449E+01, 6.790493E+01, 7.360317E+00, 6.872706E+00,15, 1.063692E+00,0, 0.000000E+00,0, 0.000000E+00,8, 8.033347E+00, 3.706232E-01, 1.988966E+00,NULL,NULL,1,mc_qqps,35
-21023,717,20227,191115,94C2, 9.125000E+01,51,13,64,51,13, 3.878675E+00,-5.387398E+00,-6.995389E+00, 6.320317E+01, 6.212435E+01, 1.218125E+00, 3.348591E+00,-3.975250E+00,-8.093121E+00, 8.694940E+01, 4.937717E+01, 1.167981E+01, 1.242248E+01,3, 0.000000E+00,9, 0.000000E+00,0, 0.000000E+00,1, 2.760260E+00, 2.760260E+00, 2.760260E+00,1, 0.000000E+00,1,mc_qqps,35
-21023,718,20227,191134,94C2, 9.125000E+01,28,9,37,28,9,-3.064929E+00, 3.599084E-01,-7.776545E-01, 8.088046E+01, 8.056641E+01, 2.877372E+00,-2.144332E+00, 1.020556E+00,-1.226343E+00, 9.155051E+01, 7.795393E+01, 9.164881E+00, 0.000000E+00,14, 3.952905E+00,0, 0.000000E+00,0, 0.000000E+00,8, 9.592100E+00, 4.042840E-01, 2.553683E+00,NULL,NULL,1,mc_qqps,35
-21023,719,20227,191146,94C2, 9.125000E+01,24,9,33,24,9,-7.478668E+00, 7.232065E+00,-3.181197E+00, 7.421142E+01, 7.372530E+01, 3.071888E+00,-5.572915E+00, 5.908691E+00,-2.249676E+00, 8.752285E+01, 6.882637E+01, 1.100052E+01, 0.000000E+00,13, 1.409545E+01,0, 0.000000E+00,0, 0.000000E+00,7, 1.041866E+01, 8.216006E-01, 2.310907E+00,NULL,NULL,1,mc_qqps,35
-21023,720,20227,191158,94C2, 9.125000E+01,19,15,34,19,15, 2.709328E+00, 1.046783E+00,-2.560785E+00, 2.232888E+01, 2.187278E+01, 1.151199E+00, 4.195596E+00, 8.912790E-01,-8.316486E+00, 4.911068E+01, 1.520329E+01, 2.637558E+01, 4.062173E-01,0, 0.000000E+00,11, 2.614374E+00,0, 0.000000E+00,NULL,NULL,NULL,NULL,5, 0.000000E+00,1,mc_qqps,35
-21023,721,20227,191238,94C2, 9.125000E+01,38,25,63,38,25, 6.486592E+00,-2.268791E+00,-9.661896E+00, 6.527394E+01, 6.464425E+01, 1.701164E+00, 5.701168E+00, 5.567432E+00,-1.297150E+01, 1.105902E+02, 6.205353E+01, 3.756030E+01, 6.877017E+00,17, 3.835943E-01,8, 0.000000E+00,0, 0.000000E+00,11, 1.869036E+01, 4.210466E-01, 6.919608E+00,NULL,NULL,1,mc_qqps,35
-21023,722,20227,191256,94C2, 9.125000E+01,34,10,44,34,10,-1.770781E+01, 1.466515E+01,-1.419984E+01, 5.808320E+01, 5.683595E+01, 1.671646E+00,-1.382405E+01, 1.077921E+01,-1.224024E+01, 7.354545E+01, 5.361211E+01, 4.155159E+00, 1.162400E+01,9, 9.041813E+00,1, 0.000000E+00,0, 0.000000E+00,4, 3.464141E+00, 5.370945E-01, 1.494811E+00,NULL,NULL,1,mc_qqps,35
-21023,723,20227,191314,94C2, 9.125000E+01,41,15,56,41,15,-5.814248E+00,-3.299968E+00, 3.198580E+00, 6.972746E+01, 6.912063E+01, 1.685869E+00,-3.490729E+00,-3.200810E+00, 3.174299E+00, 9.069132E+01, 6.280884E+01, 7.977644E+00, 3.287198E-01,19, 4.318163E+00,0, 0.000000E+00,0, 0.000000E+00,11, 1.926664E+01, 4.467206E-01, 7.602902E+00,NULL,NULL,1,mc_qqps,35
-21023,724,20227,191331,94C2, 9.125000E+01,16,11,27,16,11,-2.567717E+00,-4.888028E+00,-4.501302E+00, 6.757101E+01, 6.747584E+01, 4.217240E+00, 2.547781E+00, 4.487535E+00, 1.161427E+01, 9.868175E+01, 6.594116E+01, 2.437075E+01, 6.739992E+00,0, 0.000000E+00,12, 3.195335E+00,0, 0.000000E+00,NULL,NULL,NULL,NULL,NULL,NULL,1,mc_qqps,35
-21023,725,20227,191343,94C2, 9.125000E+01,26,11,37,26,11,-6.884659E+00,-1.210154E+00,-4.778326E+00, 5.713724E+01, 5.641456E+01, 2.169791E+00,-4.049733E+00,-3.910384E-01,-3.889364E+00, 1.025378E+02, 5.213758E+01, 3.939525E+01, 3.071361E+00,10, 1.459438E-01,0, 0.000000E+00,0, 0.000000E+00,8, 4.145629E+01, 7.921029E-01, 9.526673E+00,NULL,NULL,1,mc_qqps,35
-21023,726,20227,191356,94C2, 9.125000E+01,28,15,43,28,15, 5.857354E-01,-4.318102E+00, 6.537992E+00, 7.094620E+01, 7.044382E+01, 2.515851E+00,-7.767650E-01, 3.178410E-01,-2.127156E+00, 8.405262E+01, 6.644957E+01, 1.012237E+01, 2.984043E+00,7, 6.750525E-01,9, 0.000000E+00,0, 0.000000E+00,5, 3.521916E+00, 3.852981E-01, 1.471094E+00,NULL,NULL,1,mc_qqps,35
-21023,727,20227,191409,94C2, 9.125000E+01,24,27,51,24,27,-4.132973E-01,-3.996574E+00,-9.199099E+00, 4.288878E+01, 4.254651E+01, 1.772771E+00,-5.858331E-01,-1.901756E+00,-5.136638E+00, 7.952825E+01, 2.226623E+01, 1.835899E+01, 1.828048E+01,1, 0.000000E+00,25, 3.767697E+00,0, 0.000000E+00,NULL,NULL,NULL,NULL,NULL,NULL,1,mc_qqps,35
-21023,728,20227,191422,94C2, 9.125000E+01,34,11,45,34,11, 1.603225E+01, 1.976853E+00, 1.116502E+01, 9.139610E+01, 9.095164E+01, 2.675048E+00, 7.774411E+00, 4.131982E+00, 1.234202E+01, 1.059932E+02, 7.803783E+01, 1.538146E+00, 1.224711E+01,9, 6.867312E-01,0, 0.000000E+00,0, 0.000000E+00,3, 2.443567E+00, 7.140797E-01, 9.054210E-01,NULL,NULL,1,mc_qqps,35
-21023,729,20227,191436,94C2, 9.125000E+01,37,13,50,37,13,-5.479899E-02,-1.467519E-01,-9.076338E-01, 7.100343E+01, 7.015771E+01, 1.896154E+00, 8.288540E+00,-9.077194E-01,-6.254899E+00, 9.158244E+01, 6.498159E+01, 1.968851E+01, 0.000000E+00,13, 5.025921E+00,4, 0.000000E+00,0, 0.000000E+00,8, 1.683032E+01, 8.904961E-01, 6.655678E+00,NULL,NULL,1,mc_qqps,35
-21023,730,20227,191452,94C2, 9.125000E+01,36,20,56,36,20,-2.495806E+00,-6.211985E+00, 4.196869E+00, 4.258239E+01, 4.183829E+01, 1.162175E+00,-1.366413E+01,-6.101527E+00,-7.334703E+00, 8.319263E+01, 3.865359E+01, 3.620108E+01, 4.483460E+00,16, 5.212018E-01,0, 0.000000E+00,0, 0.000000E+00,13, 3.366622E+01, 1.306695E+00, 6.649329E+00,NULL,NULL,1,mc_qqps,35
-21023,731,20227,191508,94C2, 9.125000E+01,21,10,31,21,10, 5.064662E+00,-3.217953E+00,-3.269589E+00, 5.245354E+01, 5.205605E+01, 2.478860E+00, 1.348713E+01,-1.374998E+01,-1.294835E+01, 7.928362E+01, 5.110868E+01, 2.389451E+01, 2.984242E+00,13, 2.597352E+01,0, 0.000000E+00,0, 0.000000E+00,8, 2.389451E+01, 5.303520E-01, 4.821360E+00,NULL,NULL,1,mc_qqps,35
-21023,732,20227,191519,94C2, 9.125000E+01,26,10,36,26,10,-3.125139E-01, 4.264346E+00, 4.523820E+00, 5.862127E+01, 5.819115E+01, 2.238121E+00, 3.465506E+00,-1.633301E+00,-4.779235E+00, 7.778114E+01, 5.662823E+01, 1.809918E+01, 1.060690E+00,4, 0.000000E+00,8, 0.000000E+00,0, 0.000000E+00,3, 3.435543E+00, 7.262399E-01, 1.417236E+00,NULL,NULL,1,mc_qqps,35
-21023,733,20227,191534,94C2, 9.125000E+01,19,11,30,19,11, 1.766051E+00, 9.348710E-02,-6.650062E+00, 7.117504E+01, 7.099310E+01, 3.736479E+00, 4.965140E+00, 3.179853E+00,-1.451903E+01, 8.261874E+01, 6.219090E+01, 1.074213E+01, 7.015718E-01,4, 2.024624E-01,12, 7.841824E+00,0, 0.000000E+00,1, 4.501925E-01, 4.501925E-01, 4.501925E-01,NULL,NULL,1,mc_qqps,35
-21023,734,20227,191547,94C2, 9.125000E+01,32,19,51,32,19,-2.845536E+00,-3.675878E+00, 8.081133E-01, 2.832832E+01, 2.734526E+01, 8.545395E-01,-5.054128E+00,-5.362588E+00, 2.220490E+00, 7.229771E+01, 2.435004E+01, 3.928809E+01, 4.863481E+00,19, 1.692977E+00,0, 0.000000E+00,0, 0.000000E+00,16, 3.894030E+01, 5.758171E-01, 9.342883E+00,NULL,NULL,1,mc_qqps,35
-21023,735,20227,191605,94C2, 9.125000E+01,40,19,59,40,19,-2.186263E+00,-8.904836E-01, 1.615524E+01, 5.148374E+01, 5.072443E+01, 1.268111E+00,-5.378823E-01, 2.059966E+00, 3.396333E+00, 8.035926E+01, 4.161820E+01, 2.403056E+01, 2.926540E+00,8, 0.000000E+00,9, 0.000000E+00,0, 0.000000E+00,5, 1.064061E+01, 9.394362E-01, 5.629867E+00,2, 0.000000E+00,1,mc_qqps,35
-21023,736,20227,191626,94C2, 9.125000E+01,30,14,44,30,14,-2.548333E+00,-9.656465E+00,-8.257173E+00, 5.749592E+01, 5.686323E+01, 1.895441E+00,-2.750244E-01, 1.092234E+01, 7.691155E+00, 9.366455E+01, 5.321663E+01, 2.682214E+01, 1.235178E+00,15, 2.194479E+00,0, 0.000000E+00,0, 0.000000E+00,12, 3.420074E+01, 4.749125E-01, 1.209784E+01,NULL,NULL,1,mc_qqps,35
-21023,737,20227,191639,94C2, 9.125000E+01,24,15,39,24,15, 1.742654E-01, 5.627621E+00,-7.554499E+00, 5.011362E+01, 4.980132E+01, 2.075055E+00, 3.326210E+00,-4.849360E+00, 7.949279E+00, 8.861730E+01, 4.145298E+01, 1.188807E+01, 2.296424E+01,8, 2.990088E-01,4, 0.000000E+00,0, 0.000000E+00,5, 5.874347E+00, 2.769182E-01, 1.992375E+00,NULL,NULL,1,mc_qqps,35
-21023,738,20227,191659,94C2, 9.125000E+01,16,9,25,16,9, 8.238386E-01, 1.268535E+01,-1.709366E+00, 6.127238E+01, 6.104713E+01, 3.815445E+00,-1.723578E+00, 3.605429E+01,-5.848840E+00, 1.222946E+02, 6.014548E+01, 3.325404E+01, 2.779295E+01,11, 1.379074E+01,0, 0.000000E+00,0, 0.000000E+00,5, 2.786506E+01, 5.190848E-01, 1.679437E+01,NULL,NULL,1,mc_qqps,35
-21023,739,20227,191710,94C2, 9.125000E+01,34,22,56,34,22, 9.334133E-01, 8.820395E+00, 2.084399E+00, 6.333875E+01, 6.283484E+01, 1.848084E+00, 4.545650E+00,-2.475934E+00,-1.709792E-01, 9.730215E+01, 6.129382E+01, 2.451300E+01, 9.041036E+00,24, 1.332558E+00,0, 0.000000E+00,0, 0.000000E+00,15, 1.879923E+01, 4.429619E-01, 3.995588E+00,NULL,NULL,1,mc_qqps,35
-21023,740,20227,191725,94C2, 9.125000E+01,29,12,41,29,12,-8.265432E-01,-2.495312E+00,-3.678706E+01, 8.379749E+01, 8.323928E+01, 2.870320E+00,-8.782975E+00,-4.722801E+00,-3.883416E+01, 9.577331E+01, 1.936275E+01, 3.688874E+00, 6.849963E+00,6, 1.912290E+00,11, 1.029268E+00,0, 0.000000E+00,4, 3.023753E+00, 5.076054E-01, 9.672336E-01,NULL,NULL,1,mc_qqps,35
-21023,741,20227,191736,94C2, 9.125000E+01,32,12,44,32,12, 2.839400E+00,-7.082186E-01, 8.422777E+00, 6.282055E+01, 6.210788E+01, 1.940871E+00,-3.097336E+00,-1.182053E+00,-2.697319E-01, 9.042532E+01, 4.046820E+01, 2.648214E+01, 1.122646E+00,3, 7.021434E+00,9, 0.000000E+00,0, 0.000000E+00,2, 2.136277E+00, 6.640784E-01, 1.472198E+00,1, 0.000000E+00,1,mc_qqps,35
-21023,742,20227,191752,94C2, 9.125000E+01,21,6,27,21,6,-9.627763E-01,-5.263501E+00, 3.452522E-01, 6.459707E+01, 6.424812E+01, 3.059434E+00, 9.170003E-01, 3.889888E+00,-2.866790E+00, 7.955439E+01, 6.260753E+01, 1.304474E+01, 1.980791E+00,8, 0.000000E+00,0, 0.000000E+00,0, 0.000000E+00,4, 1.304474E+01, 4.408931E-01, 7.321202E+00,NULL,NULL,1,mc_qqps,35
-21023,743,20227,191805,94C2, 9.125000E+01,38,22,60,38,22, 2.237830E+01,-1.194460E+01,-1.185681E+02, 1.772210E+02, 1.766989E+02, 4.649972E+00, 2.235298E+01,-1.073015E+01,-1.128154E+02, 2.089497E+02, 3.809573E+01, 2.165034E+01, 8.365470E+00,8, 0.000000E+00,15, 1.921209E+00,0, 0.000000E+00,7, 1.068109E+01, 5.441626E-01, 4.699466E+00,NULL,NULL,1,mc_qqps,35
-21023,744,20227,191822,94C2, 9.125000E+01,24,14,38,24,14, 9.499979E+00,-1.532844E+01,-8.235049E-01, 5.406686E+01, 5.355444E+01, 2.231435E+00,-3.183808E-01,-2.429936E+00,-1.706238E+00, 8.727088E+01, 4.643039E+01, 1.482601E+01, 1.430489E+01,15, 5.513339E+00,0, 0.000000E+00,0, 0.000000E+00,10, 1.824620E+01, 7.651147E-01, 4.395343E+00,NULL,NULL,1,mc_qqps,35
-21023,745,20227,191838,94C2, 9.125000E+01,34,17,51,34,17, 5.137801E-02,-1.606577E+00,-2.846668E+00, 5.107373E+01, 5.031958E+01, 1.479988E+00, 2.608428E+00, 8.101303E+00,-1.122080E+00, 9.720280E+01, 4.407962E+01, 3.903849E+01, 2.927920E+00,24, 9.599426E+00,0, 0.000000E+00,0, 0.000000E+00,13, 3.730409E+01, 3.616544E-01, 1.255764E+01,NULL,NULL,1,mc_qqps,35
-21023,746,20227,191859,94C2, 9.125000E+01,47,14,61,47,14, 3.599832E+00,-2.742363E+00, 1.899919E+00, 5.202491E+01, 5.065514E+01, 1.077769E+00, 4.561695E+00,-2.997658E+00, 2.256480E+00, 1.067416E+02, 4.180867E+01, 3.618103E+01, 1.880819E+01,11, 5.066088E+00,0, 0.000000E+00,0, 0.000000E+00,8, 3.602550E+01, 4.155062E-01, 2.580213E+01,NULL,NULL,1,mc_qqps,35
-21023,747,20227,191920,94C2, 9.125000E+01,34,20,54,34,20,-4.420094E+00, 1.553556E-01, 1.242363E+00, 6.825106E+01, 6.762437E+01, 1.988952E+00, 1.533263E+00, 1.286038E+01,-6.488521E+00, 1.193210E+02, 6.564259E+01, 2.465467E+01, 2.210048E+01,27, 3.271093E+00,0, 0.000000E+00,0, 0.000000E+00,17, 2.234066E+01, 3.222390E-01, 3.814291E+00,NULL,NULL,1,mc_qqps,35
-21023,748,20227,191934,94C2, 9.125000E+01,27,22,49,27,22, 2.167340E+00,-1.266406E+00, 6.930058E+00, 2.936883E+01, 2.873861E+01, 1.064393E+00,-3.470128E+00,-2.462238E+00,-3.753549E-01, 7.304784E+01, 2.482661E+01, 3.792280E+01, 1.092795E+00,19, 1.147990E+00,3, 5.220671E-01,0, 0.000000E+00,17, 3.842473E+01, 4.866603E-01, 1.041685E+01,NULL,NULL,1,mc_qqps,35
-21023,749,20227,191948,94C2, 9.125000E+01,35,9,44,35,9,-1.094753E+01,-2.458776E+00,-1.154638E+01, 7.637000E+01, 7.549438E+01, 2.156982E+00, 2.331420E-01,-3.439727E+00, 7.020643E+00, 1.017078E+02, 5.795929E+01, 2.533783E+01, 0.000000E+00,6, 0.000000E+00,10, 8.459815E-01,0, 0.000000E+00,4, 4.805495E+00, 4.380153E-01, 2.640902E+00,NULL,NULL,1,mc_qqps,35
-21023,750,20227,192000,94C2, 9.125000E+01,20,20,40,20,20, 8.671216E+00,-1.323939E+01, 1.262065E+01, 7.920649E+01, 7.892342E+01, 3.946171E+00, 2.109976E+01,-2.802006E+01, 2.887891E+01, 1.338077E+02, 7.250587E+01, 3.041938E+01, 2.253468E+01,16, 8.550426E+00,0, 0.000000E+00,0, 0.000000E+00,10, 1.361955E+01, 3.625407E-01, 2.951192E+00,NULL,NULL,1,mc_qqps,35
-21023,751,20227,192013,94C2, 9.125000E+01,28,15,43,28,15,-7.584865E-01, 4.873671E+00, 8.769257E-01, 5.251031E+01, 5.216083E+01, 1.862887E+00, 4.173003E-01, 3.057400E+00, 4.882817E-01, 8.325938E+01, 4.511926E+01, 3.074906E+01, 0.000000E+00,21, 9.289203E+00,0, 0.000000E+00,0, 0.000000E+00,13, 2.706081E+01, 3.802065E-01, 5.780126E+00,NULL,NULL,1,mc_qqps,35
-21023,752,20227,192026,94C2, 9.125000E+01,43,14,57,43,14,-1.342888E+00, 5.922513E+00,-7.104513E-02, 8.017708E+01, 7.926781E+01, 1.843438E+00, 2.670205E+00, 1.842022E+01, 2.322889E+00, 1.083303E+02, 6.720276E+01, 1.243338E+01, 3.891148E+00,15, 2.139922E+00,0, 0.000000E+00,0, 0.000000E+00,9, 2.009430E+01, 4.351952E-01, 1.161224E+01,NULL,NULL,1,mc_qqps,35
-21023,753,20227,192042,94C2, 9.125000E+01,26,15,41,26,15,-1.421037E+01,-7.330728E-02,-1.870340E+00, 4.799133E+01, 4.757102E+01, 1.829655E+00,-1.950421E+00,-2.296332E-02,-2.721243E-01, 8.377869E+01, 4.404314E+01, 3.326635E+01, 0.000000E+00,19, 1.667739E+01,0, 0.000000E+00,0, 0.000000E+00,13, 3.349790E+01, 4.532738E-01, 9.424229E+00,NULL,NULL,1,mc_qqps,35
-21023,754,20227,192056,94C2, 9.125000E+01,28,16,44,28,16, 4.262159E+00,-1.661012E+01, 6.191536E+00, 5.883462E+01, 5.842695E+01, 2.086677E+00, 1.879411E+00,-4.011332E+00,-1.360971E+00, 8.964590E+01, 4.648293E+01, 2.169884E+01, 3.990396E+00,20, 6.866665E+00,0, 0.000000E+00,0, 0.000000E+00,13, 2.298764E+01, 7.231873E-01, 3.546920E+00,NULL,NULL,1,mc_qqps,35
-21023,755,20227,192109,94C2, 9.125000E+01,17,16,33,17,16, 2.479446E+01, 1.634477E+01, 2.658941E+01, 4.860801E+01, 4.836266E+01, 2.844862E+00, 1.551306E+01, 1.033606E+01, 1.641860E+01, 8.235636E+01, 4.381926E+01, 1.445298E+01, 1.321579E+01,14, 4.394081E+00,0, 0.000000E+00,0, 0.000000E+00,11, 2.058430E+01, 4.950111E-01, 3.966053E+00,NULL,NULL,1,mc_qqps,35
-21023,756,20227,192121,94C2, 9.125000E+01,27,10,37,27,10, 3.742376E+00,-5.391576E+00, 4.838592E+00, 5.239560E+01, 5.196478E+01, 1.924622E+00, 1.357901E+00,-3.915644E+00, 2.147914E+00, 7.909153E+01, 4.920406E+01, 1.567391E+01, 9.403534E+00,13, 1.616175E+01,0, 0.000000E+00,0, 0.000000E+00,6, 8.724725E+00, 3.847319E-01, 3.971609E+00,NULL,NULL,1,mc_qqps,35
-21023,757,20227,192135,94C2, 9.125000E+01,31,11,42,31,11,-1.602976E-02, 5.366240E+00, 7.118669E+00, 7.904417E+01, 7.868363E+01, 2.538182E+00, 6.455029E+00,-8.878285E-02, 9.735579E+00, 9.191405E+01, 7.475942E+01, 5.719392E+00, 2.730865E+00,10, 4.634758E-01,4, 0.000000E+00,0, 0.000000E+00,5, 9.538902E+00, 4.142429E-01, 4.535429E+00,NULL,NULL,1,mc_qqps,35
-21023,758,20227,192150,94C2, 9.125000E+01,22,9,31,22,9,-3.575975E-01, 8.817304E+00, 4.785837E+00, 3.603398E+01, 3.566326E+01, 1.621057E+00, 3.539859E+00, 2.643925E+00,-6.589904E-01, 8.166277E+01, 3.016225E+01, 3.507177E+01, 8.063302E+00,3, 0.000000E+00,9, 0.000000E+00,0, 0.000000E+00,1, 2.493726E+00, 2.493726E+00, 2.493726E+00,NULL,NULL,1,mc_qqps,35
-21023,759,20227,192202,94C2, 9.125000E+01,40,16,56,40,16, 5.633358E+00,-9.783601E+00, 7.581903E+00, 5.176370E+01, 5.103822E+01, 1.275955E+00, 8.833634E-01, 6.270902E+00,-1.486292E+01, 9.061317E+01, 3.963233E+01, 3.268595E+01, 5.033532E+00,6, 0.000000E+00,9, 5.833200E-01,0, 0.000000E+00,5, 7.103670E+00, 7.880516E-01, 2.908458E+00,2, 0.000000E+00,1,mc_qqps,35
-21023,760,20227,192226,94C2, 9.125000E+01,47,15,62,47,15, 4.340943E+00, 1.479957E+00, 9.396480E-01, 7.121122E+01, 7.013126E+01, 1.492155E+00, 7.281481E+00,-1.051407E+01,-1.034762E+01, 9.281480E+01, 6.491655E+01, 1.042649E+01, 0.000000E+00,19, 7.210135E+00,0, 0.000000E+00,0, 0.000000E+00,10, 1.853775E+01, 3.798035E-01, 8.912297E+00,NULL,NULL,1,mc_qqps,35
-21023,761,20227,192247,94C2, 9.125000E+01,41,12,53,41,12,-6.939592E+00,-8.665318E+00,-8.580797E-01, 7.244836E+01, 7.125626E+01, 1.737957E+00, 1.084466E+00,-1.493698E-01,-5.490530E+00, 9.085062E+01, 6.694887E+01, 1.479451E+01, 3.643168E+00,13, 6.714005E+00,1, 0.000000E+00,0, 0.000000E+00,6, 1.341767E+01, 8.677523E-01, 5.595320E+00,1, 0.000000E+00,1,mc_qqps,35
-21023,762,20227,192306,94C2, 9.125000E+01,48,14,62,48,14,-2.929774E+00, 1.856842E-01,-6.229272E+00, 7.649892E+01, 7.577728E+01, 1.578693E+00,-1.249183E+00,-7.153435E-01,-5.127980E+00, 9.903825E+01, 6.680988E+01, 2.087948E+01, 1.659856E+00,11, 7.639109E+00,7, 0.000000E+00,0, 0.000000E+00,6, 1.168292E+01, 4.414534E-01, 7.357441E+00,NULL,NULL,1,mc_qqps,35
-21023,763,20227,192324,94C2, 9.125000E+01,35,27,62,35,27,-1.811493E+00, 2.016332E+00,-4.855962E-01, 5.435453E+01, 5.350407E+01, 1.528688E+00, 4.072513E+00, 1.873461E+00,-1.041115E+01, 8.619420E+01, 3.599642E+01, 2.339380E+01, 7.594001E+00,8, 1.637205E+00,18, 4.711049E+00,0, 0.000000E+00,5, 3.691441E+00, 3.553219E-01, 1.148913E+00,1, 0.000000E+00,1,mc_qqps,35
-21023,764,20227,192343,94C2, 9.125000E+01,27,14,41,27,14,-1.150856E+01,-4.839860E+00, 6.987274E+00, 5.023677E+01, 4.970552E+01, 1.840945E+00,-2.246954E+00,-2.931399E+00, 1.053841E+00, 8.657498E+01, 4.385806E+01, 3.545250E+01, 8.856995E-01,15, 4.829422E+00,1, 0.000000E+00,0, 0.000000E+00,12, 3.453860E+01, 9.205648E-01, 8.819520E+00,NULL,NULL,1,mc_qqps,35
-21023,765,20227,192358,94C2, 9.125000E+01,36,12,48,36,12,-9.677238E+00,-1.008407E+00, 1.350151E+01, 7.825381E+01, 7.764941E+01, 2.156928E+00,-6.966582E+00,-1.050545E+00, 1.438821E+01, 9.493717E+01, 7.159700E+01, 1.371988E+01, 1.903038E+00,10, 5.186557E+00,7, 0.000000E+00,0, 0.000000E+00,5, 8.638627E+00, 1.125121E+00, 2.395784E+00,NULL,NULL,1,mc_qqps,35
-21023,766,20227,192413,94C2, 9.125000E+01,33,12,45,33,12,-1.209373E+01,-6.924448E+00,-7.023019E+00, 6.190665E+01, 6.143751E+01, 1.861743E+00,-1.724620E+01,-1.101762E+01,-9.207702E+00, 7.523508E+01, 5.368829E+01, 6.665300E+00, 5.884326E+00,19, 4.720462E+00,0, 0.000000E+00,0, 0.000000E+00,8, 7.058129E+00, 4.060104E-01, 1.779443E+00,NULL,NULL,1,mc_qqps,35
-21023,767,20227,192433,94C2, 9.125000E+01,22,2,24,22,2,-2.532603E+00,-6.098079E+00,-5.099164E+00, 7.666487E+01, 7.626836E+01, 3.466744E+00,-3.393879E+00,-7.311625E+00,-1.100297E+01, 8.423473E+01, 7.066468E+01, 7.513397E-01, 6.818521E+00,1, 0.000000E+00,2, 2.564680E+00,0, 0.000000E+00,NULL,NULL,NULL,NULL,NULL,NULL,1,mc_qqps,35
-21023,768,20227,192444,94C2, 9.125000E+01,26,14,40,26,14, 8.566883E+00,-1.054357E+01,-1.639445E+01, 6.824403E+01, 6.785180E+01, 2.609684E+00,-5.718440E-01, 3.091370E+00, 3.762950E-01, 9.943123E+01, 5.963781E+01, 3.118719E+01, 0.000000E+00,14, 2.247844E+00,4, 0.000000E+00,0, 0.000000E+00,9, 2.805877E+01, 5.767267E-01, 1.817401E+01,NULL,NULL,1,mc_qqps,35
-21023,769,20227,192501,94C2, 9.125000E+01,39,27,66,39,27,-5.084015E+00, 1.267449E+01, 3.823848E+00, 6.102234E+01, 6.024033E+01, 1.544624E+00,-2.188960E+00, 6.293932E+00, 4.424324E-01, 1.005802E+02, 4.584821E+01, 3.865050E+01, 0.000000E+00,31, 2.291094E+00,0, 0.000000E+00,0, 0.000000E+00,25, 3.527753E+01, 4.609402E-01, 3.595108E+00,NULL,NULL,1,mc_qqps,35
-21023,770,20227,192518,94C2, 9.125000E+01,28,15,43,28,15,-6.418760E+00,-7.011934E-02,-8.983191E+00, 5.162860E+01, 5.115806E+01, 1.827073E+00, 1.443374E+00,-2.575893E+00,-6.574594E+00, 7.436790E+01, 4.520061E+01, 1.033851E+01, 2.634288E+00,15, 9.211220E+00,1, 0.000000E+00,0, 0.000000E+00,11, 1.849857E+01, 3.719500E-01, 7.588162E+00,NULL,NULL,1,mc_qqps,35
-21023,771,20227,192531,94C2, 9.125000E+01,26,6,32,26,6, 9.361564E+00,-4.405592E+00, 6.316992E+00, 6.761731E+01, 6.710049E+01, 2.580788E+00, 5.324283E+00,-3.129482E+00, 2.833999E+00, 7.931092E+01, 6.416893E+01, 7.931406E+00, 2.149392E+00,9, 2.664682E+00,0, 0.000000E+00,0, 0.000000E+00,4, 9.287549E+00, 6.254067E-01, 5.806853E+00,NULL,NULL,1,mc_qqps,35
-21023,772,20227,192543,94C2, 9.125000E+01,18,20,38,18,20, 2.569538E+01, 2.472161E+00,-9.284647E+00, 4.178716E+01, 4.149074E+01, 2.305041E+00, 1.879041E+01, 2.856048E+00,-7.558383E+00, 1.163917E+02, 3.703193E+01, 5.604040E+01, 1.603785E+01,22, 3.056166E+00,0, 0.000000E+00,0, 0.000000E+00,17, 5.360401E+01, 3.307093E-01, 2.472445E+01,NULL,NULL,1,mc_qqps,35
-21023,773,20227,192555,94C2, 9.125000E+01,30,17,47,30,17,-4.351349E-01,-3.960687E+00,-1.797751E+00, 5.936252E+01, 5.881715E+01, 1.960572E+00,-2.402277E+00,-7.442486E+00,-4.642109E+00, 8.833092E+01, 5.571291E+01, 1.984313E+01, 8.330556E+00,21, 1.012931E+01,0, 0.000000E+00,0, 0.000000E+00,10, 1.717111E+01, 4.759252E-01, 4.431232E+00,NULL,NULL,1,mc_qqps,35
-21023,774,20227,192611,94C2, 9.125000E+01,42,13,55,42,13,-7.865344E-01, 4.087110E+00, 1.811139E+00, 6.820247E+01, 6.749203E+01, 1.606953E+00,-1.282493E+00, 7.564372E-01,-5.509675E-01, 8.811837E+01, 6.169665E+01, 1.936880E+01, 5.470858E-01,22, 5.073587E+00,0, 0.000000E+00,0, 0.000000E+00,10, 1.796949E+01, 6.425776E-01, 3.648340E+00,NULL,NULL,1,mc_qqps,35
-21023,775,20227,192626,94C2, 9.125000E+01,30,11,41,30,11,-2.689449E+00,-1.395031E+01, 4.932861E+00, 5.391491E+01, 5.327232E+01, 1.775744E+00, 8.884932E-01,-1.040585E+01, 4.494989E+00, 7.641679E+01, 5.026672E+01, 1.264772E+01, 8.085924E+00,10, 2.783461E+00,0, 0.000000E+00,0, 0.000000E+00,7, 1.387615E+01, 4.751798E-01, 3.296031E+00,NULL,NULL,1,mc_qqps,35
-21023,776,20227,192639,94C2, 9.125000E+01,22,8,30,22,8, 1.914738E+00,-1.688593E+00, 3.903257E+00, 7.933355E+01, 7.911356E+01, 3.596071E+00, 5.114232E+00, 3.233277E+00, 3.154810E+00, 9.031211E+01, 7.796832E+01, 2.648027E+00, 2.644197E+00,7, 4.250792E+00,1, 0.000000E+00,0, 0.000000E+00,3, 7.930105E+00, 9.567910E-01, 4.729535E+00,NULL,NULL,1,mc_qqps,35
-21023,777,20227,192651,94C2, 9.125000E+01,14,5,19,14,5,-2.263317E+01,-2.347802E+00,-8.590614E+00, 4.002163E+01, 3.985422E+01, 2.846730E+00,-2.009576E+01, 5.404884E-01,-6.001618E+00, 7.138969E+01, 3.729398E+01, 1.062654E+01, 2.074153E+01,5, 7.063039E+00,0, 0.000000E+00,0, 0.000000E+00,2, 1.062654E+01, 9.874573E-01, 9.639081E+00,NULL,NULL,1,mc_qqps,35
-21023,778,20227,192702,94C2, 9.125000E+01,19,14,33,19,14,-4.999470E+00,-3.342714E+00,-3.837125E+00, 4.728290E+01, 4.695063E+01, 2.471086E+00, 5.505472E+00, 3.829865E+00, 7.307299E+00, 8.782848E+01, 4.346495E+01, 3.945046E+01, 0.000000E+00,14, 1.375646E+00,0, 0.000000E+00,0, 0.000000E+00,13, 3.939991E+01, 5.903434E-01, 1.166458E+01,NULL,NULL,1,mc_qqps,35
-21023,779,20227,192715,94C2, 9.125000E+01,15,11,26,15,11, 1.080993E+02,-6.039090E+01, 5.436284E+01, 1.936426E+02, 1.935900E+02, 1.290600E+01, 9.662673E+01,-5.392735E+01, 5.007560E+01, 2.322249E+02, 4.482438E+01, 3.070867E+01, 0.000000E+00,14, 3.019022E+00,0, 0.000000E+00,0, 0.000000E+00,11, 3.858227E+01, 3.125126E-01, 1.139963E+01,NULL,NULL,1,mc_qqps,35
-21023,780,20227,192727,94C2, 9.125000E+01,11,8,19,11,8, 1.647136E+01, 4.489004E+01, 1.906361E+00, 5.708265E+01, 5.690584E+01, 5.173258E+00, 1.808939E+01, 5.073098E+01, 1.577324E+00, 6.635480E+01, 4.867175E+01, 1.650724E+00, 2.569182E+00,8, 5.979885E+00,0, 0.000000E+00,0, 0.000000E+00,5, 6.702955E+00, 5.472172E-01, 3.476508E+00,NULL,NULL,1,mc_qqps,35
-21023,781,20227,192740,94C2, 9.125000E+01,22,9,31,22,9,-5.501843E+00, 7.952318E-01, 1.314567E+01, 5.572866E+01, 5.540875E+01, 2.518580E+00,-5.191982E+00,-5.822927E-03, 1.390540E+01, 6.231239E+01, 5.416461E+01, 6.583727E+00, 0.000000E+00,3, 0.000000E+00,8, 5.952186E-01,0, 0.000000E+00,3, 2.363392E+00, 5.633139E-01, 1.132233E+00,NULL,NULL,1,mc_qqps,35
-21023,782,20227,192755,94C2, 9.125000E+01,31,12,43,31,12,-7.404380E+00, 5.657019E-01,-1.253439E+01, 4.569308E+01, 4.513574E+01, 1.455992E+00,-4.617390E+00, 1.594941E+00,-8.208889E+00, 5.605613E+01, 3.929700E+01, 4.667770E+00, 5.695286E+00,2, 0.000000E+00,10, 4.965072E-01,0, 0.000000E+00,NULL,NULL,NULL,NULL,NULL,NULL,1,mc_qqps,35
-21023,783,20227,192811,94C2, 9.125000E+01,24,13,37,24,13,-7.575356E+00,-2.618308E+00, 4.979592E+00, 5.372969E+01, 5.341260E+01, 2.225525E+00,-8.815997E+00,-2.505457E+00, 4.553512E+00, 8.672273E+01, 4.469966E+01, 3.096320E+01, 4.780873E-01,19, 9.395442E+00,0, 0.000000E+00,0, 0.000000E+00,12, 3.251495E+01, 3.781835E-01, 5.551201E+00,NULL,NULL,1,mc_qqps,35
-21023,784,20227,192823,94C2, 9.125000E+01,26,19,45,26,19,-3.192021E+00,-9.266288E-01, 5.897179E+00, 1.860822E+01, 1.790544E+01, 6.886706E-01,-2.772068E+00, 8.259408E-01, 1.261659E+01, 4.980910E+01, 1.051468E+01, 3.120089E+01, 0.000000E+00,2, 0.000000E+00,10, 9.294268E-01,0, 0.000000E+00,2, 2.279368E+00, 9.685114E-01, 1.310857E+00,6, 0.000000E+00,0,mc_qqps,35
-21023,785,20227,192845,94C2, 9.125000E+01,36,18,54,36,18,-9.822355E+00,-3.383706E+00,-8.150450E+00, 4.916824E+01, 4.821465E+01, 1.339296E+00,-6.100617E+00,-6.689326E-01,-4.514756E+00, 8.204314E+01, 3.487505E+01, 3.104543E+01, 4.529284E-01,11, 0.000000E+00,6, 0.000000E+00,0, 0.000000E+00,10, 2.629124E+01, 4.715338E-01, 8.882479E+00,1, 0.000000E+00,1,mc_qqps,35
-21023,786,20227,192905,94C2, 9.125000E+01,15,6,21,15,6, 4.248618E+00, 3.206700E+01, 8.181164E+00, 4.143076E+01, 4.103814E+01, 2.735876E+00,-1.171648E+00,-4.619328E+00,-1.430595E+00, 9.652913E+01, 3.923343E+01, 4.629126E+01, 8.807117E+00,8, 2.334928E+00,0, 0.000000E+00,0, 0.000000E+00,5, 4.629126E+01, 1.001703E+00, 3.663684E+01,NULL,NULL,1,mc_qqps,35
-21023,787,20227,192918,94C2, 9.125000E+01,65,18,83,65,18, 2.782633E+00, 1.041398E+01, 8.775939E-01, 7.191647E+01, 7.042805E+01, 1.083508E+00, 3.948409E+00,-3.076061E+00,-7.024810E+00, 9.684596E+01, 5.631659E+01, 2.116705E+01, 2.818175E+00,16, 4.452000E+00,2, 0.000000E+00,0, 0.000000E+00,9, 1.546458E+01, 5.471898E-01, 7.826283E+00,1, 0.000000E+00,1,mc_qqps,35
-21023,788,20227,192938,94C2, 9.125000E+01,20,8,28,20,8, 7.968918E-01, 1.511464E+00, 3.032808E+00, 6.322685E+01, 6.281915E+01, 3.140958E+00, 2.296563E+00, 4.872580E+00,-2.641599E+00, 7.648843E+01, 9.004418E+00, 1.121961E+01, 2.041969E+00,2, 0.000000E+00,7, 0.000000E+00,0, 0.000000E+00,2, 2.332488E+00, 5.897225E-01, 1.742766E+00,1, 0.000000E+00,0,mc_qqps,35
-21023,789,20227,192948,94C2, 9.125000E+01,51,8,59,51,8, 4.481002E+00, 5.243089E+00,-1.874219E-01, 8.034654E+01, 7.928759E+01, 1.554659E+00,-3.185935E+00,-2.787017E+00, 3.871909E-01, 9.481270E+01, 7.470419E+01, 1.148183E+01, 2.984321E+00,10, 3.352028E+00,0, 0.000000E+00,0, 0.000000E+00,3, 9.325128E+00, 9.491636E-01, 6.455367E+00,NULL,NULL,1,mc_qqps,35
-21023,790,20227,193006,94C2, 9.125000E+01,33,11,44,33,11, 9.898528E+00, 3.038487E-01, 7.476426E+00, 5.663063E+01, 5.608661E+01, 1.699594E+00, 1.770408E+01, 4.451467E+00, 1.024357E+01, 8.428315E+01, 5.089597E+01, 1.546157E+01, 1.136534E+01,15, 5.695540E+00,1, 0.000000E+00,0, 0.000000E+00,7, 8.920569E+00, 4.224588E-01, 4.025569E+00,NULL,NULL,1,mc_qqps,35
-21023,791,20227,193022,94C2, 9.125000E+01,29,8,37,29,8, 2.186586E+01, 1.363123E+01,-1.757279E+01, 4.098151E+01, 4.041620E+01, 1.393662E+00, 3.444176E+00,-6.184713E-01,-1.331702E+00, 8.261590E+01, 3.585185E+01, 3.701413E+01, 2.268939E+00,10, 5.141372E-01,0, 0.000000E+00,0, 0.000000E+00,5, 3.874529E+01, 3.888200E-01, 3.295452E+01,NULL,NULL,1,mc_qqps,35
-21023,792,20227,193034,94C2, 9.125000E+01,21,13,34,21,13,-3.770613E+00,-2.386990E+00, 6.407799E+00, 4.895785E+01, 4.851654E+01, 2.310312E+00, 1.946354E+00, 5.556400E+00,-4.792309E+00, 7.696532E+01, 4.630447E+01, 2.615243E+01, 8.876830E-01,7, 0.000000E+00,5, 0.000000E+00,0, 0.000000E+00,6, 2.210283E+01, 9.673501E-01, 1.463164E+01,NULL,NULL,1,mc_qqps,35
-21023,793,20227,193051,94C2, 9.125000E+01,18,14,32,18,14,-2.439769E+00,-7.520316E-01,-1.145316E+00, 4.505325E+01, 4.486224E+01, 2.492347E+00,-1.599763E+01, 8.629098E+00,-4.632136E+00, 7.422287E+01, 4.263719E+01, 2.842850E+01, 7.411280E-01,18, 1.708027E+01,0, 0.000000E+00,0, 0.000000E+00,12, 2.700703E+01, 4.510663E-01, 6.899378E+00,NULL,NULL,1,mc_qqps,35
-21023,794,20227,193101,94C2, 9.125000E+01,32,15,47,32,15, 2.495964E+00, 1.258487E+00,-3.411534E+00, 6.187236E+01, 6.141661E+01, 1.919269E+00, 1.235162E+00, 1.099213E+00,-3.407800E+00, 8.198389E+01, 5.679623E+01, 1.971778E+01, 3.937412E-01,3, 0.000000E+00,14, 0.000000E+00,0, 0.000000E+00,1, 1.727272E+00, 1.727272E+00, 1.727272E+00,NULL,NULL,1,mc_qqps,35
-21023,795,20227,193118,94C2, 9.125000E+01,16,12,28,16,12, 2.314456E+00, 1.324495E+00,-1.111937E+01, 4.255226E+01, 4.224390E+01, 2.640244E+00, 2.372029E+00, 1.910302E+00,-1.436524E+01, 6.000917E+01, 6.744802E+00, 1.266192E+01, 4.794989E+00,0, 0.000000E+00,14, 2.113041E+01,0, 0.000000E+00,NULL,NULL,NULL,NULL,3, 0.000000E+00,0,mc_qqps,35
-21023,796,20227,193130,94C2, 9.125000E+01,31,6,37,31,6,-5.423335E+00, 1.165159E+01,-9.584953E+00, 7.601565E+01, 7.546807E+01, 2.434454E+00,-4.165144E+00, 7.703071E+00,-5.107370E+00, 8.276467E+01, 6.730463E+01, 6.749018E+00, 0.000000E+00,2, 0.000000E+00,3, 0.000000E+00,0, 0.000000E+00,2, 4.593871E+00, 1.065927E+00, 3.527944E+00,1, 0.000000E+00,1,mc_qqps,35
-21023,797,20227,193144,94C2, 9.125000E+01,46,15,61,46,15, 1.247340E+02, 1.105410E+02,-4.211635E+02, 5.169189E+02, 5.161635E+02, 1.122095E+01, 1.232805E+02, 1.095659E+02,-4.183513E+02, 5.322952E+02, 7.165847E+01, 1.321351E+01, 2.172162E+00,0, 0.000000E+00,17, 2.659800E+00,0, 0.000000E+00,NULL,NULL,NULL,NULL,NULL,NULL,1,mc_qqps,35
-21023,798,20227,193203,94C2, 9.125000E+01,20,8,28,20,8, 4.418785E+00,-3.737593E+00, 3.072446E+00, 5.253202E+01, 5.233020E+01, 2.616510E+00, 4.119894E+00,-1.219409E+00, 1.667646E+00, 7.369276E+01, 4.926394E+01, 1.437575E+01, 6.784995E+00,12, 9.032692E+00,0, 0.000000E+00,0, 0.000000E+00,6, 1.386614E+01, 5.008669E-01, 8.879358E+00,NULL,NULL,1,mc_qqps,35
-21023,799,20227,193213,94C2, 9.125000E+01,27,13,40,27,13, 3.453487E+00,-1.005470E+01,-3.140514E-01, 4.863933E+01, 4.820033E+01, 1.785197E+00, 1.445506E+00,-2.578033E+00, 2.375087E-01, 9.229597E+01, 4.184412E+01, 3.901622E+01, 1.934709E+00,13, 1.601955E+01,1, 0.000000E+00,0, 0.000000E+00,8, 4.078285E+01, 3.586304E-01, 2.365681E+01,NULL,NULL,1,mc_qqps,35
-21023,800,20227,193229,94C2, 9.125000E+01,27,15,42,27,15, 3.324761E-01,-2.282138E-01, 3.236092E-01, 3.761154E+01, 3.711026E+01, 1.374454E+00, 1.004891E+01,-4.698321E+00,-3.347286E+00, 8.466751E+01, 2.775868E+01, 4.403142E+01, 1.316713E+00,17, 4.542091E+00,0, 0.000000E+00,0, 0.000000E+00,12, 4.404303E+01, 3.117921E-01, 1.912329E+01,NULL,NULL,1,mc_qqps,35
-21023,801,20227,193244,94C2, 9.125000E+01,31,13,44,31,13,-2.950951E-01,-1.402393E+00, 2.158016E+00, 5.015617E+01, 4.959560E+01, 1.599858E+00, 1.527784E+00, 9.099020E+00,-6.205029E+00, 9.309016E+01, 4.633398E+01, 4.109992E+01, 1.899631E+00,11, 0.000000E+00,1, 0.000000E+00,0, 0.000000E+00,10, 3.770514E+01, 7.307290E-01, 1.196066E+01,NULL,NULL,1,mc_qqps,35
-21023,802,20227,193258,94C2, 9.125000E+01,31,18,49,31,18, 1.606247E+01, 1.997862E+01,-3.652892E+00, 4.251987E+01, 4.167804E+01, 1.344453E+00, 7.436777E+00, 9.455432E+00,-1.915144E+00, 8.505098E+01, 3.596224E+01, 1.487273E+01, 5.592031E+00,20, 9.571955E+00,0, 0.000000E+00,0, 0.000000E+00,13, 3.693908E+01, 6.849467E-01, 1.094122E+01,NULL,NULL,1,mc_qqps,35
-21023,803,20227,193311,94C2, 9.125000E+01,19,8,27,19,8, 1.089491E+00,-3.429438E-01,-2.016382E+00, 8.728320E+01, 8.703568E+01, 4.580825E+00,-1.057614E+00,-7.212114E+00,-3.467041E+00, 1.039442E+02, 7.985189E+01, 5.021975E+00, 1.178780E+01,7, 1.291828E-01,0, 0.000000E+00,0, 0.000000E+00,3, 4.201992E+00, 4.812021E-01, 2.672313E+00,NULL,NULL,1,mc_qqps,35
-21023,804,20227,193323,94C2, 9.125000E+01,39,12,51,39,12,-5.091745E+00, 1.843573E+00,-8.119327E+00, 7.090693E+01, 7.028745E+01, 1.802242E+00,-5.810492E+00, 2.214499E+00,-8.480934E+00, 7.990462E+01, 5.812901E+01, 6.230438E+00, 2.767252E+00,1, 0.000000E+00,14, 1.481892E+00,0, 0.000000E+00,NULL,NULL,NULL,NULL,1, 0.000000E+00,1,mc_qqps,35
-21023,805,20227,193339,94C2, 9.125000E+01,18,10,28,18,10,-5.363024E+00,-1.326643E+01,-1.002405E+01, 5.983456E+01, 5.957984E+01, 3.309991E+00,-8.641037E+00,-1.147548E+01,-9.317408E+00, 8.369051E+01, 5.512785E+01, 1.210230E+01, 1.074243E+01,12, 7.270997E+00,1, 0.000000E+00,0, 0.000000E+00,8, 1.315449E+01, 7.326171E-01, 4.357306E+00,NULL,NULL,1,mc_qqps,35
-21023,806,20227,193350,94C2, 9.125000E+01,42,13,55,42,13, 1.252822E+01,-2.952647E+00,-5.462871E+00, 7.237335E+01, 7.147135E+01, 1.701699E+00, 6.306709E+00,-5.120134E-01,-3.855092E+00, 9.888941E+01, 6.474860E+01, 2.243694E+01, 2.743292E+00,16, 6.288917E+00,1, 0.000000E+00,0, 0.000000E+00,8, 1.851140E+01, 3.601252E-01, 8.310269E+00,NULL,NULL,1,mc_qqps,35
-21023,807,20227,193404,94C2, 9.125000E+01,39,14,53,39,14, 7.010049E+00, 4.189929E+00, 1.196262E+01, 7.000928E+01, 6.938052E+01, 1.778988E+00,-4.992093E-01,-4.095934E+00,-3.299290E+00, 9.491864E+01, 6.229774E+01, 2.012501E+01, 3.629940E+00,7, 3.439778E+00,10, 0.000000E+00,0, 0.000000E+00,3, 2.790647E+00, 7.518605E-01, 1.263889E+00,NULL,NULL,1,mc_qqps,35
-21023,808,20227,193420,94C2, 9.125000E+01,17,19,36,17,19, 3.849824E+00, 8.807289E+00,-9.791148E+00, 5.256319E+01, 5.231994E+01, 3.077643E+00,-2.164502E+00, 2.589141E+00,-1.575837E+00, 8.859584E+01, 4.846542E+01, 2.988347E+01, 6.170857E+00,12, 2.411062E+00,9, 4.056476E-01,0, 0.000000E+00,9, 2.136084E+01, 4.275318E-01, 5.223404E+00,NULL,NULL,1,mc_qqps,35
-21023,809,20227,193437,94C2, 9.125000E+01,19,23,42,19,23, 6.091602E+00,-8.910333E+00, 1.130775E+00, 3.414503E+01, 3.373325E+01, 1.775434E+00,-5.878287E+00,-4.087009E-01,-6.485726E+00, 8.612453E+01, 3.154268E+01, 3.711275E+01, 1.497222E+01,22, 2.430229E+00,0, 0.000000E+00,0, 0.000000E+00,18, 3.593119E+01, 5.290910E-01, 8.407488E+00,NULL,NULL,1,mc_qqps,35
-21023,810,20227,193448,94C2, 9.125000E+01,16,5,21,16,5, 1.259929E+00,-8.886321E-01,-1.205680E+00, 6.237438E+01, 6.214945E+01, 3.884341E+00, 8.628367E+00,-1.419874E+00, 1.065335E+00, 8.495300E+01, 6.149703E+01, 7.786209E+00, 1.253062E+01,7, 1.088547E+01,0, 0.000000E+00,0, 0.000000E+00,3, 4.150965E+00, 7.861233E-01, 2.261796E+00,NULL,NULL,1,mc_qqps,35
-21023,811,20227,193457,94C2, 9.125000E+01,29,17,46,29,17,-5.167936E+00,-1.835771E+01,-5.303503E+00, 4.955133E+01, 4.895959E+01, 1.688262E+00,-5.540852E+00,-7.372245E+00, 2.080010E+00, 9.122689E+01, 4.220146E+01, 1.734505E+01, 1.847197E+01,16, 3.078595E+00,0, 0.000000E+00,0, 0.000000E+00,12, 2.077546E+01, 3.367580E-01, 4.352411E+00,NULL,NULL,1,mc_qqps,35
-21023,812,20227,193510,94C2, 9.125000E+01,30,18,48,30,18, 1.817810E+00, 8.260465E+00,-2.036104E+00, 3.154278E+01, 3.095059E+01, 1.031686E+00,-9.068581E+00, 5.722947E-01,-6.200594E-01, 6.071628E+01, 2.802467E+01, 2.099272E+01, 3.855882E+00,18, 8.537331E+00,1, 0.000000E+00,0, 0.000000E+00,14, 2.429814E+01, 5.808557E-01, 3.744039E+00,NULL,NULL,1,mc_qqps,35
-21023,813,20227,193525,94C2, 9.125000E+01,20,12,32,20,12, 6.601096E+00, 6.683845E+00,-7.430323E+00, 5.625556E+01, 5.596804E+01, 2.798402E+00,-2.569043E+00,-2.554572E-01, 1.908947E-01, 7.738972E+01, 5.385421E+01, 1.921408E+01, 0.000000E+00,15, 8.844652E+00,1, 0.000000E+00,0, 0.000000E+00,10, 2.050048E+01, 4.499566E-01, 9.946863E+00,NULL,NULL,1,mc_qqps,35
-21023,814,20227,193538,94C2, 9.125000E+01,41,20,61,41,20,-1.204208E+02, 1.496395E+01,-3.564241E+02, 4.714377E+02, 4.707893E+02, 1.148267E+01,-1.223508E+02, 1.480792E+01,-3.596812E+02, 5.074322E+02, 4.667330E+01, 3.599450E+01, 0.000000E+00,2, 0.000000E+00,22, 1.630941E+01,0, 0.000000E+00,1, 4.513472E-01, 4.513472E-01, 4.513472E-01,2, 0.000000E+00,1,mc_qqps,35
-21023,815,20227,193556,94C2, 9.125000E+01,18,9,27,18,9, 3.570948E-01,-3.599070E+00, 6.483538E+00, 8.508125E+01, 8.483696E+01, 4.713164E+00,-1.258978E+01, 6.304841E+00,-6.477667E+00, 1.141560E+02, 6.138442E+01, 2.743811E+01, 1.636677E+00,7, 1.796799E+01,3, 0.000000E+00,0, 0.000000E+00,2, 2.146460E+01, 1.851592E+00, 1.961301E+01,NULL,NULL,1,mc_qqps,35
-21023,816,20227,193607,94C2, 9.125000E+01,51,21,72,51,21, 4.002860E+00, 2.257066E+00, 3.928648E+00, 7.142419E+01, 7.014036E+01, 1.375301E+00, 3.913108E+00,-6.005964E+00,-4.085374E+00, 1.014110E+02, 6.281524E+01, 1.795076E+01, 1.210649E+01,15, 6.090429E+00,7, 0.000000E+00,0, 0.000000E+00,9, 1.279255E+01, 4.471078E-01, 3.714477E+00,NULL,NULL,1,mc_qqps,35
-21023,817,20227,193624,94C2, 9.125000E+01,49,10,59,49,10,-7.322275E-01,-6.743306E-01, 3.238658E+00, 5.406729E+01, 5.241737E+01, 1.069742E+00,-6.109573E-01, 5.500693E-01, 5.870591E-01, 7.938239E+01, 3.668567E+01, 1.819986E+01, 0.000000E+00,14, 4.562047E+00,0, 0.000000E+00,0, 0.000000E+00,10, 2.531510E+01, 5.938180E-01, 7.115242E+00,NULL,NULL,1,mc_qqps,35
-21023,818,20227,193642,94C2, 9.125000E+01,19,2,21,19,2, 1.458601E+01,-1.808321E+01, 2.730712E+00, 5.107463E+01, 5.088264E+01, 2.678034E+00,-2.509696E+00, 3.099783E+00,-1.345168E-01, 7.845042E+01, 4.675378E+01, 2.737687E+01, 0.000000E+00,11, 1.324269E+01,0, 0.000000E+00,0, 0.000000E+00,2, 2.737579E+01, 8.445223E+00, 1.893057E+01,NULL,NULL,1,mc_qqps,35
-21023,819,20227,193654,94C2, 9.125000E+01,26,23,49,26,23, 2.403670E+00,-9.242894E+00,-1.087560E+00, 3.840765E+01, 3.789880E+01, 1.457646E+00, 6.386965E+00,-1.096403E+01, 1.563373E+00, 8.017155E+01, 3.585826E+01, 3.211983E+01, 1.608502E+00,24, 6.136281E+00,0, 0.000000E+00,0, 0.000000E+00,18, 3.770688E+01, 4.264074E-01, 5.649889E+00,NULL,NULL,1,mc_qqps,35
-21023,820,20227,193711,94C2, 9.125000E+01,21,12,33,21,12, 5.972707E+00, 8.095037E+00,-6.636435E+00, 6.000119E+01, 5.980833E+01, 2.848016E+00, 3.040109E+00, 2.743574E+00,-6.043549E+00, 9.081171E+01, 4.890595E+01, 2.220218E+01, 4.438181E+00,16, 1.423770E+01,0, 0.000000E+00,0, 0.000000E+00,10, 2.640082E+01, 5.655689E-01, 7.369979E+00,NULL,NULL,1,mc_qqps,35
-21023,821,20227,193722,94C2, 9.125000E+01,24,15,39,24,15,-5.099172E+00,-2.098260E+01,-3.529408E+00, 4.284475E+01, 4.242747E+01, 1.767811E+00,-5.848088E+00,-2.688372E+01,-4.737373E+00, 6.621359E+01, 4.041127E+01, 2.268881E+01, 0.000000E+00,17, 1.725459E+00,0, 0.000000E+00,0, 0.000000E+00,13, 2.109141E+01, 4.719882E-01, 4.166276E+00,NULL,NULL,1,mc_qqps,35
-21023,822,20227,193736,94C2, 9.125000E+01,33,16,49,33,16, 1.141411E+00, 1.642587E+00, 2.906190E+01, 1.002210E+02, 9.979961E+01, 3.024231E+00,-5.921395E+00, 6.270699E+00, 3.240831E+01, 1.198197E+02, 4.953444E+01, 1.750490E+01, 1.205820E+00,4, 0.000000E+00,16, 2.063876E+00,0, 0.000000E+00,3, 9.975821E+00, 7.869258E-01, 8.300877E+00,2, 0.000000E+00,1,mc_qqps,35
-21023,823,20227,193753,94C2, 9.125000E+01,25,13,38,25,13,-6.264883E+00,-2.866122E+00, 3.189549E+00, 4.874777E+01, 4.814679E+01, 1.925872E+00,-4.219127E+00,-1.818445E-01, 2.099050E+00, 8.339797E+01, 3.883399E+01, 2.505277E+01, 3.398163E-01,13, 5.039974E+00,0, 0.000000E+00,0, 0.000000E+00,10, 3.265779E+01, 5.522330E-01, 1.082044E+01,NULL,NULL,1,mc_qqps,35
-21023,824,20227,193806,94C2, 9.125000E+01,23,10,33,23,10, 1.402683E+01,-9.572908E+00,-1.281351E+01, 7.633415E+01, 7.598215E+01, 3.303572E+00, 9.882305E+00,-7.873544E+00,-9.208868E+00, 8.822861E+01, 5.675452E+01, 6.052604E+00, 9.372069E-01,9, 6.363192E+00,1, 0.000000E+00,0, 0.000000E+00,7, 1.059923E+01, 7.740442E-01, 2.836784E+00,NULL,NULL,1,mc_qqps,35
-21023,825,20227,193817,94C2, 9.125000E+01,45,17,62,45,17, 1.078691E+00,-4.588626E+00, 7.035352E+00, 7.392346E+01, 7.274982E+01, 1.616663E+00, 6.061046E+00,-2.338853E+00, 8.874702E+00, 9.533086E+01, 6.598579E+01, 1.434627E+01, 7.474627E+00,8, 1.047515E-01,8, 0.000000E+00,0, 0.000000E+00,7, 6.048342E+00, 6.037607E-01, 1.246663E+00,NULL,NULL,1,mc_qqps,35
-21023,826,20227,193838,94C2, 9.125000E+01,45,17,62,45,17, 3.299568E+00,-1.463315E+00,-1.064652E+01, 5.170109E+01, 5.055330E+01, 1.123407E+00, 4.695600E+00,-1.196025E+00,-1.161992E+01, 7.178011E+01, 3.319654E+01, 1.000888E+01, 8.340743E+00,3, 0.000000E+00,8, 0.000000E+00,0, 0.000000E+00,2, 4.370190E+00, 1.729382E+00, 2.640808E+00,2, 0.000000E+00,1,mc_qqps,35
-21023,827,20227,193857,94C2, 9.125000E+01,31,18,49,31,18,-7.375546E+00, 1.269848E+01,-2.780391E+00, 5.679649E+01, 5.624296E+01, 1.814289E+00, 6.375783E+00,-6.476454E+00, 2.647859E+00, 9.452267E+01, 5.380257E+01, 2.965708E+01, 7.929897E-01,17, 1.998574E+00,0, 0.000000E+00,0, 0.000000E+00,10, 2.580453E+01, 4.922588E-01, 4.509957E+00,1, 0.000000E+00,1,mc_qqps,35
-21023,828,20227,193913,94C2, 9.125000E+01,52,22,74,52,22, 1.815720E+00, 6.868120E+00,-3.998474E+00, 5.477177E+01, 5.319262E+01, 1.022935E+00,-4.741280E+00, 6.325579E+00,-7.875158E+00, 7.621187E+01, 4.099968E+01, 1.503398E+01, 5.762671E+00,7, 5.445656E-02,12, 0.000000E+00,0, 0.000000E+00,5, 5.921802E+00, 8.232463E-01, 1.476458E+00,NULL,NULL,1,mc_qqps,35
-21023,829,20227,193932,94C2, 9.125000E+01,25,4,29,25,4,-2.384216E+01, 3.027952E+01, 1.911213E+01, 1.044578E+02, 1.039991E+02, 4.159964E+00,-2.338157E+01, 3.061673E+01, 1.940358E+01, 1.152879E+02, 8.813396E+01, 1.083184E+01, 0.000000E+00,7, 1.769399E+01,0, 0.000000E+00,0, 0.000000E+00,3, 9.766875E+00, 3.869902E-01, 5.190293E+00,NULL,NULL,1,mc_qqps,35
-21023,830,20227,193945,94C2, 9.125000E+01,60,14,74,60,14, 3.383206E+00, 2.159923E+00, 1.871298E+00, 5.688152E+01, 5.511140E+01, 9.185234E-01,-4.425117E+00,-3.780066E+00,-4.699899E+00, 8.492174E+01, 3.566523E+01, 1.841398E+01, 6.027897E+00,11, 1.467699E-01,1, 0.000000E+00,0, 0.000000E+00,7, 2.068592E+01, 3.806218E-01, 1.047554E+01,NULL,NULL,1,mc_qqps,35
-21023,831,20227,194006,94C2, 9.125000E+01,35,19,54,35,19, 2.087746E+00,-3.624474E+00,-3.526728E+00, 7.649142E+01, 7.563815E+01, 2.161090E+00, 2.950142E+00,-4.198149E+00,-7.095723E+00, 1.038097E+02, 6.175025E+01, 1.650267E+01, 1.024328E+01,4, 0.000000E+00,16, 1.375738E+01,0, 0.000000E+00,3, 1.738311E+00, 2.685346E-01, 8.846002E-01,1, 0.000000E+00,1,mc_qqps,35
-21023,832,20227,194021,94C2, 9.125000E+01,27,12,39,27,12, 1.439727E+01, 8.899547E-01, 1.390855E+01, 5.490882E+01, 5.454309E+01, 2.020114E+00,-8.809239E+00,-2.243520E+00,-7.295056E+00, 1.241892E+02, 3.778552E+01, 6.893092E+01, 0.000000E+00,9, 0.000000E+00,0, 0.000000E+00,0, 0.000000E+00,9, 3.612584E+01, 3.494355E-01, 2.346723E+01,NULL,NULL,1,mc_qqps,35
-21023,833,20227,194039,94C2, 9.125000E+01,33,18,51,33,18,-3.120619E+00, 3.521898E+00,-5.971067E+00, 6.916785E+01, 6.849407E+01, 2.075578E+00,-4.455642E+00, 4.068151E+00,-8.687689E+00, 9.175454E+01, 5.294748E+01, 1.742072E+01, 2.956100E+00,9, 1.277023E-01,4, 0.000000E+00,0, 0.000000E+00,8, 9.973332E+00, 4.502957E-01, 2.175028E+00,NULL,NULL,1,mc_qqps,35
-21023,834,20227,194056,94C2, 9.125000E+01,31,18,49,31,18,-1.283657E+01,-3.780372E-01, 9.811139E-01, 6.784868E+01, 6.735542E+01, 2.172755E+00,-5.762520E+00, 1.043575E-01, 2.830066E+00, 9.929982E+01, 5.603898E+01, 2.422173E+01, 6.709935E+00,17, 4.958046E+00,0, 0.000000E+00,0, 0.000000E+00,12, 2.146552E+01, 5.194703E-01, 3.885396E+00,NULL,NULL,1,mc_qqps,35
-21023,835,20227,194111,94C2, 9.125000E+01,25,18,43,25,18,-1.633141E+01,-3.796735E+00, 8.974832E+00, 4.473460E+01, 4.443750E+01, 1.777500E+00,-9.400732E+00,-4.768271E+00, 6.598681E+00, 7.074511E+01, 4.445552E+01, 1.113087E+01, 1.040112E+01,17, 4.225322E-01,0, 0.000000E+00,0, 0.000000E+00,12, 1.368998E+01, 3.211550E-01, 2.899782E+00,NULL,NULL,1,mc_qqps,35
-21023,836,20227,194125,94C2, 9.125000E+01,25,10,35,25,10,-4.748594E+00, 3.953726E+00, 1.159429E+01, 4.939258E+01, 4.907990E+01, 1.963196E+00,-2.190525E+00, 4.993083E+00, 7.007801E+00, 6.300813E+01, 3.199590E+01, 1.019146E+01, 2.810481E+00,8, 4.086515E+00,6, 0.000000E+00,0, 0.000000E+00,4, 3.913970E+00, 4.903897E-01, 1.423974E+00,NULL,NULL,1,mc_qqps,35
-21023,837,20227,194142,94C2, 9.125000E+01,34,9,43,34,9,-2.012973E+00,-7.660839E+00, 3.708047E+00, 5.714791E+01, 5.657335E+01, 1.663922E+00,-1.108184E-01,-2.827204E+00, 1.239826E+00, 7.576697E+01, 5.175058E+01, 1.733049E+01, 2.414773E-01,15, 7.585739E+00,0, 0.000000E+00,0, 0.000000E+00,7, 1.810335E+01, 1.047086E+00, 5.110353E+00,NULL,NULL,1,mc_qqps,35
-21023,838,20227,194159,94C2, 9.125000E+01,33,10,43,33,10,-7.606623E-01, 6.221004E+00,-3.654074E+00, 5.229014E+01, 5.176151E+01, 1.568530E+00,-9.318733E-01, 5.359094E+00,-1.725321E+00, 7.525570E+01, 4.982810E+01, 8.937866E+00, 8.218094E+00,12, 3.652784E+00,1, 0.000000E+00,0, 0.000000E+00,4, 1.345561E+01, 1.055047E+00, 5.809599E+00,NULL,NULL,1,mc_qqps,35
-21023,839,20227,194213,94C2, 9.125000E+01,27,19,46,27,19,-2.583075E+00, 2.951270E+01,-2.079506E+01, 6.135485E+01, 6.087150E+01, 2.254500E+00,-4.120367E+00, 3.905730E+01,-2.961192E+01, 9.524388E+01, 4.123381E+01, 1.836930E+01, 8.857746E+00,18, 2.547556E+00,0, 0.000000E+00,0, 0.000000E+00,16, 2.418242E+01, 4.256003E-01, 7.056467E+00,NULL,NULL,1,mc_qqps,35
-21023,840,20227,194226,94C2, 9.125000E+01,25,7,32,25,7, 3.767249E+00, 1.455137E+00, 1.984237E+00, 7.673376E+01, 7.614319E+01, 3.045727E+00, 2.226950E+00,-5.578347E-01, 5.316451E-01, 9.129266E+01, 5.886012E+01, 1.366866E+01, 1.426219E+00,12, 6.419541E+00,0, 0.000000E+00,0, 0.000000E+00,6, 1.366866E+01, 3.734701E-01, 5.600741E+00,NULL,NULL,1,mc_qqps,35
-21023,841,20227,194238,94C2, 9.125000E+01,21,20,41,21,20, 1.201559E+00,-2.598055E+00,-1.830508E+00, 3.304195E+01, 3.260925E+01, 1.552822E+00, 1.027824E+01, 9.572534E+00,-1.658483E+00, 7.395895E+01, 2.593033E+01, 3.713635E+01, 4.076880E-01,20, 1.160593E+01,0, 0.000000E+00,0, 0.000000E+00,17, 2.953184E+01, 5.659621E-01, 6.881991E+00,NULL,NULL,1,mc_qqps,35
-21023,842,20227,194250,94C2, 9.125000E+01,23,14,37,23,14, 1.530920E+00, 1.388056E+01, 1.561049E+01, 6.691618E+01, 6.651900E+01, 2.892130E+00,-1.677736E-01, 6.310017E+00, 7.943251E+00, 8.933820E+01, 6.333118E+01, 1.849430E+01, 1.350272E+00,13, 4.797009E+00,0, 0.000000E+00,0, 0.000000E+00,11, 1.931667E+01, 4.394219E-01, 7.046062E+00,NULL,NULL,1,mc_qqps,35
-21023,843,20227,194304,94C2, 9.125000E+01,37,17,54,37,17,-8.366332E+00,-4.838463E+01,-2.034798E+02, 2.513153E+02, 2.506811E+02, 6.775166E+00,-1.085246E+01,-4.620045E+01,-2.015302E+02, 2.816851E+02, 4.396130E+01, 1.826201E+01, 1.211035E+01,2, 0.000000E+00,18, 8.916672E+00,0, 0.000000E+00,1, 1.053900E+00, 1.053900E+00, 1.053900E+00,2, 0.000000E+00,1,mc_qqps,35
-21023,844,20227,194321,94C2, 9.125000E+01,40,19,59,40,19,-1.689168E+00,-4.531481E-01,-3.546067E+00, 5.136842E+01, 5.053938E+01, 1.263485E+00,-1.407655E+01,-4.028702E+00,-1.213871E+01, 7.889740E+01, 2.781847E+01, 2.230625E+01, 4.188496E+00,15, 3.689709E-01,5, 0.000000E+00,0, 0.000000E+00,10, 1.060979E+01, 4.561029E-01, 1.989702E+00,3, 0.000000E+00,1,mc_qqps,35
-21023,845,20227,194349,94C2, 9.125000E+01,22,10,32,22,10, 2.375208E+00,-4.505503E+00,-8.236754E-01, 5.540813E+01, 5.515058E+01, 2.506845E+00, 3.695805E+00,-5.161727E+00,-2.269058E+00, 7.301521E+01, 4.946431E+01, 8.075794E+00, 2.149735E-01,11, 1.276146E+01,0, 0.000000E+00,0, 0.000000E+00,9, 1.739210E+01, 4.645483E-01, 3.639610E+00,NULL,NULL,1,mc_qqps,35
-21023,846,20227,194359,94C2, 9.125000E+01,38,13,51,38,13, 7.812000E+01,-7.093742E+00,-8.324156E+01, 1.653491E+02, 1.636790E+02, 4.307343E+00, 9.817071E+01,-9.047606E+00,-8.286607E+01, 1.987988E+02, 4.381954E+01, 3.018266E+01, 1.183581E+00,10, 4.960934E+00,0, 0.000000E+00,0, 0.000000E+00,9, 1.878060E+01, 3.122517E-01, 1.003415E+01,NULL,NULL,1,mc_qqps,35
-21023,847,20227,194420,94C2, 9.125000E+01,18,11,29,18,11, 2.072315E+01, 4.258216E-01,-1.595430E-01, 6.910639E+01, 6.878241E+01, 3.821245E+00, 1.788696E+01, 4.992805E-01,-1.669833E-02, 8.414745E+01, 6.734937E+01, 1.060858E+01, 1.978900E+00,11, 4.493715E-01,0, 0.000000E+00,0, 0.000000E+00,8, 1.314676E+01, 6.187845E-01, 3.874562E+00,NULL,NULL,1,mc_qqps,35
-21023,848,20227,194436,94C2, 9.125000E+01,31,9,40,31,9,-1.923272E+00,-2.068658E+01, 4.087724E+00, 7.152857E+01, 7.101719E+01, 2.290877E+00,-3.131972E+00,-2.225519E+01, 3.096635E+00, 8.124544E+01, 6.899748E+01, 9.292974E+00, 4.238902E-01,13, 4.486665E+00,0, 0.000000E+00,0, 0.000000E+00,6, 8.543037E+00, 4.004420E-01, 2.555676E+00,NULL,NULL,1,mc_qqps,35
-21023,849,20227,194449,94C2, 9.125000E+01,33,16,49,33,16, 1.853150E+01,-1.613463E+01,-4.113982E+00, 3.959767E+01, 3.896400E+01, 1.180727E+00, 1.411622E+00,-1.393297E+00,-5.307287E-01, 8.764446E+01, 3.064828E+01, 4.515919E+01, 2.284728E+00,20, 4.515700E+00,0, 0.000000E+00,0, 0.000000E+00,12, 4.336135E+01, 3.448752E-01, 2.585794E+01,NULL,NULL,1,mc_qqps,35
-21023,850,20227,194504,94C2, 9.125000E+01,38,17,55,38,17,-2.290785E+00,-1.730175E+00, 3.058398E+00, 5.584038E+01, 5.507276E+01, 1.449283E+00, 1.720484E+00,-6.731224E+00, 1.767989E+00, 8.965776E+01, 4.445181E+01, 2.111914E+01, 1.175754E+01,10, 1.480508E+00,8, 7.144138E-01,0, 0.000000E+00,8, 1.313346E+01, 3.539168E-01, 5.494189E+00,NULL,NULL,1,mc_qqps,35
-21023,851,20227,194523,94C2, 9.125000E+01,23,17,40,23,17, 3.952254E+00, 1.320884E+00, 8.973655E-01, 4.393962E+01, 4.362867E+01, 1.896899E+00, 1.122046E+01,-2.190171E+00, 4.852590E+00, 9.021553E+01, 3.865775E+01, 3.996199E+01, 0.000000E+00,22, 2.588273E+00,0, 0.000000E+00,0, 0.000000E+00,15, 4.103563E+01, 7.013564E-01, 7.083317E+00,NULL,NULL,1,mc_qqps,35
-21023,852,20227,194533,94C2, 9.125000E+01,38,13,51,38,13,-2.879421E-01, 5.615064E-01, 4.118526E-01, 6.584753E+01, 6.532765E+01, 1.719149E+00,-6.927824E-02, 3.041105E+00,-2.896655E+00, 8.118204E+01, 5.360439E+01, 1.072648E+01, 4.755244E+00,5, 1.480034E-01,8, 0.000000E+00,0, 0.000000E+00,2, 1.882609E+00, 5.569080E-01, 1.325701E+00,NULL,NULL,1,mc_qqps,35
-21023,853,20227,194551,94C2, 9.125000E+01,16,15,31,16,15, 4.278999E-01, 6.912764E+00,-3.424351E+00, 3.936703E+01, 3.913760E+01, 2.446100E+00,-9.267967E-01, 5.645973E+00,-3.350681E+00, 8.585874E+01, 3.557616E+01, 2.345404E+01, 1.771030E+01,16, 5.161283E+00,0, 0.000000E+00,0, 0.000000E+00,10, 2.210192E+01, 5.874071E-01, 5.795621E+00,NULL,NULL,1,mc_qqps,35
-21023,854,20227,194601,94C2, 9.125000E+01,26,9,35,26,9, 2.602019E+00, 6.206843E+00,-9.669801E+00, 5.731392E+01, 5.691244E+01, 2.188940E+00, 2.696785E+00, 5.625076E+00,-8.886791E+00, 6.320899E+01, 5.229510E+01, 5.715144E+00, 1.799312E-01,2, 0.000000E+00,8, 0.000000E+00,0, 0.000000E+00,1, 4.950932E-01, 4.950932E-01, 4.950932E-01,NULL,NULL,1,mc_qqps,35
-21023,855,20227,194619,94C2, 9.125000E+01,30,7,37,30,7,-6.362286E-01, 1.980840E+01, 1.925938E+00, 6.913364E+01, 6.865054E+01, 2.288352E+00,-7.961057E-01, 1.962693E+01, 2.057291E+00, 8.018848E+01, 6.016306E+01, 5.294755E+00, 5.173756E+00,15, 2.902236E+00,0, 0.000000E+00,0, 0.000000E+00,5, 6.038250E+00, 7.434953E-01, 1.873160E+00,NULL,NULL,1,mc_qqps,35
-21023,856,20227,194635,94C2, 9.125000E+01,29,10,39,29,10,-7.178035E+00,-7.936888E+00,-5.145180E-01, 6.558249E+01, 6.501988E+01, 2.242065E+00,-3.483770E+00,-4.088476E+00, 5.164222E+00, 1.044714E+02, 5.751601E+01, 2.976876E+01, 9.120750E+00,14, 4.840334E+00,0, 0.000000E+00,0, 0.000000E+00,7, 2.681031E+01, 6.918233E-01, 1.439084E+01,NULL,NULL,1,mc_qqps,35
-21023,857,20227,194650,94C2, 9.125000E+01,35,13,48,35,13,-1.121657E+00, 2.679175E+00, 6.013724E+00, 5.931638E+01, 5.862853E+01, 1.675101E+00,-8.233806E-01, 1.490554E+00, 5.684412E+00, 7.766500E+01, 5.224794E+01, 1.481867E+01, 3.002239E+00,9, 2.889803E+01,5, 0.000000E+00,0, 0.000000E+00,5, 7.494528E+00, 4.683810E-01, 4.486217E+00,NULL,NULL,1,mc_qqps,35
-21023,858,20227,194706,94C2, 9.125000E+01,46,11,57,46,11, 1.004721E+00, 4.119177E-01,-9.128090E-01, 7.677005E+01, 7.582829E+01, 1.648441E+00, 7.990015E-01,-8.123323E+00, 2.005836E+00, 9.669215E+01, 6.914680E+01, 1.631527E+01, 1.637651E+00,19, 2.610585E+00,0, 0.000000E+00,0, 0.000000E+00,10, 1.836251E+01, 4.659096E-01, 6.892270E+00,NULL,NULL,1,mc_qqps,35
-21023,859,20227,194723,94C2, 9.125000E+01,38,16,54,38,16,-3.770679E+00, 1.332646E+01, 3.955852E+00, 7.451789E+01, 7.381671E+01, 1.942545E+00,-1.686564E-01,-9.636796E-01,-1.313934E+00, 1.015924E+02, 6.284607E+01, 2.564807E+01, 1.077786E+00,18, 4.958337E+00,0, 0.000000E+00,0, 0.000000E+00,11, 2.269908E+01, 4.250930E-01, 7.920628E+00,NULL,NULL,1,mc_qqps,35
-21023,860,20227,194739,94C2, 9.125000E+01,28,13,41,28,13, 2.563099E+00,-7.301349E+00,-4.288501E+00, 4.957827E+01, 4.892955E+01, 1.747484E+00, 3.009880E+00, 9.589878E-01, 4.397528E+00, 7.174950E+01, 4.455701E+01, 7.496673E+00, 1.507385E+01,8, 5.206272E-01,2, 0.000000E+00,0, 0.000000E+00,5, 4.441330E+00, 5.536228E-01, 1.473238E+00,NULL,NULL,1,mc_qqps,35
-21023,861,20227,194755,94C2, 9.125000E+01,41,20,61,41,20,-5.252186E+00,-9.921781E+00, 3.029724E+00, 5.147332E+01, 5.066190E+01, 1.235656E+00,-8.539830E+00,-9.441738E+00, 3.087268E+00, 9.166714E+01, 4.061561E+01, 3.783731E+01, 8.656285E-01,22, 7.234483E+00,0, 0.000000E+00,0, 0.000000E+00,14, 2.967360E+01, 5.515476E-01, 9.433924E+00,NULL,NULL,1,mc_qqps,35
-21023,862,20227,194813,94C2, 9.125000E+01,14,10,24,14,10,-1.147404E+01, 1.238855E+01, 5.995418E+00, 3.831910E+01, 3.818743E+01, 2.727673E+00, 1.773477E+00,-1.394631E+00,-2.216261E+00, 8.651996E+01, 3.909640E+01, 4.214413E+01, 6.182496E+00,11, 1.004630E+00,0, 0.000000E+00,0, 0.000000E+00,7, 4.214385E+01, 5.105543E-01, 3.294540E+01,NULL,NULL,1,mc_qqps,35
-21023,863,20227,194825,94C2, 9.125000E+01,35,3,38,35,3,-3.764826E+00, 3.484827E-01,-9.511153E-01, 8.581944E+01, 8.489728E+01, 2.425637E+00,-2.380574E+00, 1.241110E-01,-3.975848E-01, 9.045908E+01, 7.810979E+01, 2.242503E+00, 0.000000E+00,9, 6.455352E+00,0, 0.000000E+00,0, 0.000000E+00,3, 4.639646E+00, 8.441223E-01, 2.242503E+00,NULL,NULL,1,mc_qqps,35
-21023,864,20227,194837,94C2, 9.125000E+01,25,14,39,25,14,-6.272967E+00,-1.561932E-01, 7.947483E+00, 6.821473E+01, 6.793993E+01, 2.717597E+00,-3.302418E+00,-2.636151E-01, 6.916323E+00, 8.893539E+01, 6.506315E+01, 1.722729E+01, 2.740610E+00,9, 3.578215E+00,5, 0.000000E+00,0, 0.000000E+00,7, 9.075713E+00, 4.172213E-01, 2.190475E+00,NULL,NULL,1,mc_qqps,35
-21023,865,20227,194851,94C2, 9.125000E+01,32,18,50,32,18,-2.147017E+01,-1.024009E+01, 7.160276E+00, 4.963290E+01, 4.905471E+01, 1.532960E+00,-1.003570E+01,-1.313058E+00,-3.207557E-01, 9.286217E+01, 4.614220E+01, 2.929287E+01, 1.438787E+01,15, 7.712323E+00,1, 0.000000E+00,0, 0.000000E+00,10, 2.638210E+01, 5.942888E-01, 1.494748E+01,1, 0.000000E+00,1,mc_qqps,35
-21023,866,20227,194905,94C2, 9.125000E+01,39,14,53,39,14,-3.270841E-02,-2.021204E+00,-3.774338E+00, 6.051978E+01, 5.978334E+01, 1.532906E+00, 6.259383E+00,-1.960034E+00,-9.412832E+00, 9.092117E+01, 5.524165E+01, 2.214525E+01, 6.283927E+00,7, 0.000000E+00,9, 2.142968E+00,0, 0.000000E+00,6, 7.515978E+00, 3.521899E-01, 2.187052E+00,NULL,NULL,1,mc_qqps,35
-21023,867,20227,194924,94C2, 9.125000E+01,17,10,27,17,10,-5.774382E+00,-1.456511E+01,-2.051698E+01, 5.660477E+01, 5.629971E+01, 3.311747E+00,-2.094156E+00,-9.345278E+00,-1.278941E+01, 7.630508E+01, 5.415664E+01, 1.467730E+01, 5.023011E+00,1, 0.000000E+00,10, 8.616676E-01,0, 0.000000E+00,1, 5.970768E-01, 5.970768E-01, 5.970768E-01,NULL,NULL,1,mc_qqps,35
-21023,868,20227,194938,94C2, 9.125000E+01,24,8,32,24,8, 5.662925E+00, 1.056911E+01, 3.953857E+00, 7.885263E+01, 7.838656E+01, 3.266107E+00,-2.572689E+00,-1.172872E+00,-7.885243E-01, 9.441016E+01, 7.462755E+01, 1.413087E+01, 1.426654E+00,12, 1.014744E+01,0, 0.000000E+00,0, 0.000000E+00,6, 1.413087E+01, 6.327104E-01, 5.384076E+00,NULL,NULL,1,mc_qqps,35
-21023,869,20227,194950,94C2, 9.125000E+01,27,17,44,27,17,-1.152950E+00, 9.699548E-01, 1.111024E-01, 7.106175E+01, 7.061070E+01, 2.615211E+00,-3.605051E+00, 1.259809E+01, 1.012835E+01, 1.010874E+02, 6.639496E+01, 2.878124E+01, 1.244357E+00,19, 7.731581E+00,0, 0.000000E+00,0, 0.000000E+00,12, 2.407364E+01, 4.716631E-01, 6.888477E+00,NULL,NULL,1,mc_qqps,35
-21023,870,20227,195004,94C2, 9.125000E+01,20,8,28,20,8, 6.393927E+00, 7.902494E+00, 4.553325E+00, 5.842695E+01, 5.813549E+01, 2.906774E+00, 2.183662E+00, 1.787237E+00, 8.634446E-01, 8.693752E+01, 5.560433E+01, 2.215261E+01, 2.426582E-01,13, 1.909455E+01,0, 0.000000E+00,0, 0.000000E+00,5, 1.875300E+01, 4.647541E-01, 9.376882E+00,NULL,NULL,1,mc_qqps,35
-21023,871,20227,195014,94C2, 9.125000E+01,28,18,46,28,18,-1.121285E+01, 2.567230E+00,-6.375490E+00, 5.294473E+01, 5.233387E+01, 1.869067E+00,-6.036268E+00,-1.831046E-01,-1.956075E+00, 9.464118E+01, 4.756937E+01, 2.261847E+01, 4.238630E+00,17, 2.832134E+00,2, 0.000000E+00,0, 0.000000E+00,12, 2.865229E+01, 4.385293E-01, 1.299273E+01,NULL,NULL,1,mc_qqps,35
-21023,872,20227,195030,94C2, 9.125000E+01,28,9,37,28,9, 6.749990E+00,-4.161389E+00, 6.682498E+00, 7.029734E+01, 6.983832E+01, 2.494226E+00, 2.482869E+00,-1.729693E+00, 5.230803E+00, 9.715260E+01, 5.454799E+01, 1.829115E+01, 4.527108E+00,9, 1.212287E+00,0, 0.000000E+00,0, 0.000000E+00,6, 2.169535E+01, 7.310597E-01, 7.217585E+00,NULL,NULL,1,mc_qqps,35
-21023,873,20227,195043,94C2, 9.125000E+01,11,9,20,11,9, 1.240189E+01,-2.801316E+01, 1.724928E+01, 4.695679E+01, 4.688507E+01, 4.262280E+00, 5.157013E+00,-1.114540E+01, 6.964385E+00, 7.515142E+01, 4.643879E+01, 2.607614E+01, 0.000000E+00,15, 1.777929E+01,0, 0.000000E+00,0, 0.000000E+00,9, 2.819464E+01, 5.772053E-01, 1.503890E+01,NULL,NULL,1,mc_qqps,35
-21023,874,20227,195052,94C2, 9.125000E+01,33,13,46,33,13,-2.499158E+00,-1.198667E+01, 8.416765E+00, 5.653796E+01, 5.590820E+01, 1.694188E+00, 2.353550E+00, 5.233650E+00,-3.123408E+00, 8.442831E+01, 5.500196E+01, 2.328548E+01, 4.136817E+00,14, 3.179900E+00,0, 0.000000E+00,0, 0.000000E+00,10, 1.716292E+01, 4.979934E-01, 5.137771E+00,NULL,NULL,1,mc_qqps,35
-21023,875,20227,195109,94C2, 9.125000E+01,28,19,47,28,19, 1.464664E+00,-6.691842E-01,-7.988904E-01, 6.276138E+01, 6.223862E+01, 2.222808E+00, 1.956024E+00, 1.261708E+00,-1.915603E+00, 9.674562E+01, 5.902531E+01, 2.568675E+01, 6.765766E+00,14, 1.720015E+00,6, 0.000000E+00,0, 0.000000E+00,12, 1.771337E+01, 4.531225E-01, 4.140937E+00,NULL,NULL,1,mc_qqps,35
-21023,876,20227,195124,94C2, 9.125000E+01,11,23,34,11,23, 6.441068E-02, 8.708404E-01,-7.059771E-01, 1.224079E+01, 1.206630E+01, 1.096936E+00, 5.354960E-01, 7.109794E+00, 2.219739E+01, 7.231457E+01, 4.204679E+00, 1.781744E+01, 4.225634E+01,0, 0.000000E+00,19, 3.668636E+00,0, 0.000000E+00,NULL,NULL,NULL,NULL,1, 0.000000E+00,0,mc_qqps,35
-21023,877,20227,195136,94C2, 9.125000E+01,33,12,45,33,12,-1.633261E+01,-2.745410E+00, 1.460532E+01, 5.689383E+01, 5.633971E+01, 1.707264E+00,-1.082602E+01,-6.729446E+00, 1.318466E+01, 7.110125E+01, 5.161603E+01, 9.920892E+00, 4.464032E+00,15, 1.011830E+00,1, 0.000000E+00,0, 0.000000E+00,8, 8.753586E+00, 4.117349E-01, 1.823653E+00,NULL,NULL,1,mc_qqps,35
-21023,878,20227,195150,94C2, 9.125000E+01,26,15,41,26,15, 3.692108E+00, 6.253367E+00, 7.530039E+00, 4.663044E+01, 4.619038E+01, 1.776553E+00, 2.969444E-01,-2.229914E-01,-6.308659E-01, 7.027851E+01, 4.175407E+01, 1.409023E+01, 3.111779E+00,8, 0.000000E+00,6, 0.000000E+00,0, 0.000000E+00,8, 1.364200E+01, 5.356870E-01, 5.144572E+00,NULL,NULL,1,mc_qqps,35
-21023,879,20227,195207,94C2, 9.125000E+01,47,13,60,47,13,-3.323789E+00, 1.234313E+00,-2.764624E+01, 9.653451E+01, 9.568662E+01, 2.035886E+00,-5.767920E+00,-3.955448E-01,-3.290266E+01, 1.134343E+02, 3.841819E+01, 1.424117E+01, 2.731321E+00,4, 0.000000E+00,15, 1.046225E+01,0, 0.000000E+00,2, 1.530045E+00, 6.281577E-01, 9.018869E-01,NULL,NULL,1,mc_qqps,35
-21023,880,20227,195224,94C2, 9.125000E+01,37,8,45,37,8, 4.501791E+00, 9.684851E-01, 4.527527E+00, 7.702454E+01, 7.606923E+01, 2.055925E+00,-1.357649E+00, 4.271207E-01,-7.424816E-01, 1.039857E+02, 7.352405E+01, 2.091831E+01, 6.064013E+00,11, 2.955545E-01,0, 0.000000E+00,0, 0.000000E+00,5, 1.960340E+01, 7.647107E-01, 1.011308E+01,NULL,NULL,1,mc_qqps,35
-21023,881,20227,195238,94C2, 9.125000E+01,34,21,55,34,21,-2.184922E+00, 5.177164E+00,-1.892638E+01, 6.375248E+01, 6.318294E+01, 1.858322E+00,-3.770209E-01, 5.160065E+00,-1.258330E+01, 8.594212E+01, 2.530748E+01, 2.021955E+01, 1.970077E+00,1, 0.000000E+00,19, 7.669585E+00,0, 0.000000E+00,NULL,NULL,NULL,NULL,4, 0.000000E+00,1,mc_qqps,35
-21023,882,20227,195301,94C2, 9.125000E+01,15,12,27,15,12, 2.185298E+01, 1.027482E+01, 2.117497E+01, 7.146715E+01, 7.131976E+01, 4.754651E+00, 2.158556E+01, 9.357424E+00, 2.161146E+01, 1.048190E+02, 6.561119E+01, 3.025651E+01, 2.615999E+00,15, 1.414749E+01,0, 0.000000E+00,0, 0.000000E+00,9, 2.091437E+01, 4.793541E-01, 7.471131E+00,NULL,NULL,1,mc_qqps,35
-21023,883,20227,195312,94C2, 9.125000E+01,31,11,42,31,11, 8.905260E-01,-1.060444E+01, 1.098680E+00, 3.550725E+01, 3.468709E+01, 1.118938E+00,-2.717840E+01, 5.865276E+00,-3.243814E+00, 8.386173E+01, 2.137069E+01, 2.798813E+01, 1.878482E+01,12, 1.933596E+00,0, 0.000000E+00,0, 0.000000E+00,9, 2.956966E+01, 3.185070E-01, 1.432389E+01,NULL,NULL,1,mc_qqps,35
-21023,884,20227,195327,94C2, 9.125000E+01,20,11,31,20,11, 1.546719E+01, 2.457446E+01,-1.239969E+01, 6.005099E+01, 5.975064E+01, 2.987532E+00, 1.950861E+00, 2.568974E+00,-2.669433E+00, 9.255270E+01, 5.544948E+01, 2.312729E+01, 7.883835E+00,13, 7.197359E+00,0, 0.000000E+00,0, 0.000000E+00,8, 1.771667E+01, 6.764866E-01, 4.933100E+00,NULL,NULL,1,mc_qqps,35
-21023,885,20227,195340,94C2, 9.125000E+01,54,21,75,54,21,-2.179335E+00,-4.040928E+00, 1.802910E+01, 9.227168E+01, 9.128791E+01, 1.690517E+00,-2.730658E-01,-3.836269E+00, 2.091972E+01, 1.255553E+02, 4.315253E+01, 2.636087E+01, 0.000000E+00,10, 9.115041E-01,12, 0.000000E+00,0, 0.000000E+00,6, 9.171901E+00, 4.028610E-01, 5.003523E+00,1, 0.000000E+00,1,mc_qqps,35
-21023,886,20227,195400,94C2, 9.125000E+01,18,8,26,18,8, 5.877070E+00,-1.043733E+00,-1.991466E+00, 3.376369E+01, 3.329520E+01, 1.849733E+00,-5.785208E+00, 1.597364E+00, 5.033965E+00, 6.268517E+01, 2.924185E+01, 2.703840E+01, 1.360641E+00,7, 0.000000E+00,0, 0.000000E+00,0, 0.000000E+00,7, 2.756083E+01, 3.905772E-01, 1.908089E+01,NULL,NULL,1,mc_qqps,35
-21023,887,20227,195409,94C2, 9.125000E+01,15,16,31,15,16,-1.918097E+00,-3.631541E+00,-4.032786E+00, 1.240059E+01, 1.212760E+01, 8.085067E-01, 1.241233E+00,-7.773350E-01, 9.027373E+00, 5.351986E+01, 8.667641E+00, 3.749479E+01, 3.043439E+00,4, 1.230138E-01,5, 0.000000E+00,0, 0.000000E+00,3, 1.762053E+00, 5.530873E-01, 6.279287E-01,6, 0.000000E+00,0,mc_qqps,35
-21023,888,20227,195447,94C2, 9.125000E+01,20,11,31,20,11,-5.899646E+00, 4.238156E+00, 4.525772E+00, 6.834962E+01, 6.814513E+01, 3.407256E+00, 9.939326E+00,-7.217673E+00,-4.143060E+00, 1.023640E+02, 6.030737E+01, 3.319574E+01, 0.000000E+00,13, 4.984139E-01,0, 0.000000E+00,0, 0.000000E+00,10, 3.320553E+01, 5.914847E-01, 1.144237E+01,NULL,NULL,1,mc_qqps,35
-21023,889,20227,195500,94C2, 9.125000E+01,12,11,23,12,11,-1.604437E+00,-2.132668E+00,-5.832994E-01, 4.256757E+01, 4.246699E+01, 3.538916E+00,-1.634804E+00, 4.353568E+00,-8.603936E-01, 8.129620E+01, 4.235098E+01, 2.608060E+01, 6.167273E+00,11, 4.629163E+00,0, 0.000000E+00,0, 0.000000E+00,9, 3.231629E+01, 4.608749E-01, 1.923690E+01,1, 0.000000E+00,1,mc_qqps,35
-21023,890,20227,195514,94C2, 9.125000E+01,31,14,45,31,14,-7.263192E+00, 8.064446E+00, 1.931131E+00, 5.232553E+01, 5.166095E+01, 1.666482E+00,-1.210884E+01, 8.586520E+00, 6.546458E+00, 7.825658E+01, 4.912555E+01, 1.249751E+01, 1.194554E+01,13, 2.368069E+01,0, 0.000000E+00,0, 0.000000E+00,9, 1.377316E+01, 1.892154E-01, 3.089010E+00,NULL,NULL,1,mc_qqps,35
-21023,891,20227,195531,94C2, 9.125000E+01,38,11,49,38,11,-1.115329E+00, 3.180369E+00, 1.339015E+01, 7.347575E+01, 7.272378E+01, 1.913784E+00,-1.189012E+00, 2.671268E+00, 1.386259E+01, 9.098499E+01, 2.287122E+01, 1.403483E+01, 3.474406E+00,1, 0.000000E+00,14, 3.266939E+00,0, 0.000000E+00,NULL,NULL,NULL,NULL,2, 0.000000E+00,1,mc_qqps,35
-21023,892,20227,195548,94C2, 9.125000E+01,16,11,27,16,11, 1.683783E+00, 1.439143E+00,-3.170155E+00, 4.145890E+01, 4.110761E+01, 2.569226E+00, 1.190956E+00, 1.881389E+00,-2.711017E+00, 5.393221E+01, 7.989346E+00, 1.050101E+01, 1.972284E+00,0, 0.000000E+00,14, 8.819659E+00,0, 0.000000E+00,NULL,NULL,NULL,NULL,1, 0.000000E+00,0,mc_qqps,35
-21023,893,20227,195611,94C2, 9.125000E+01,18,20,38,18,20,-7.049567E-01,-7.558490E-01,-1.262873E+00, 3.786463E+01, 3.744957E+01, 2.080532E+00, 1.315713E+01, 8.109605E+00, 3.642162E+00, 8.390490E+01, 3.608648E+01, 4.222147E+01, 9.088010E-02,20, 2.229355E+01,0, 0.000000E+00,0, 0.000000E+00,16, 3.420308E+01, 7.799084E-01, 7.221614E+00,NULL,NULL,1,mc_qqps,35
-21023,894,20227,195623,94C2, 9.125000E+01,35,15,50,35,15, 1.507710E+01, 6.376042E+00,-2.988376E+01, 7.245779E+01, 7.167088E+01, 2.047740E+00, 1.038147E+01, 3.490605E+00,-1.978446E+01, 9.315086E+01, 6.214993E+01, 1.845214E+01, 2.240933E+00,3, 7.002817E-02,16, 3.051899E+00,0, 0.000000E+00,1, 2.702440E+00, 2.702440E+00, 2.702440E+00,NULL,NULL,1,mc_qqps,35
-21023,895,20227,195643,94C2, 9.125000E+01,32,20,52,32,20, 3.913521E-01, 2.499194E+00,-4.731882E+00, 5.427221E+01, 5.361569E+01, 1.675490E+00,-1.440947E+00, 2.557700E-01,-7.709968E+00, 9.957117E+01, 3.462130E+01, 3.178848E+01, 1.096724E+01,20, 9.135614E+00,0, 0.000000E+00,0, 0.000000E+00,14, 2.534507E+01, 3.525742E-01, 6.143035E+00,NULL,NULL,1,mc_qqps,35
-21023,896,20227,195700,94C2, 9.125000E+01,25,20,45,25,20,-1.538335E+00, 1.509083E+00,-1.426488E+00, 3.199212E+01, 3.136620E+01, 1.254648E+00, 9.758003E+00,-2.357967E+00, 1.841580E-01, 1.069295E+02, 2.612711E+01, 2.213983E+01, 4.982455E+01,14, 2.042414E+00,0, 0.000000E+00,0, 0.000000E+00,13, 2.523662E+01, 4.379378E-01, 5.742758E+00,NULL,NULL,1,mc_qqps,35
-21023,897,20227,195713,94C2, 9.125000E+01,32,12,44,32,12, 6.480683E+00, 2.947569E+00,-5.109902E-01, 4.165770E+01, 4.109454E+01, 1.284204E+00, 6.073936E+00,-1.024274E+00, 6.334358E-01, 7.184431E+01, 3.244515E+01, 2.654655E+01, 3.827090E+00,18, 2.673744E+00,0, 0.000000E+00,0, 0.000000E+00,10, 2.654655E+01, 7.197341E-01, 7.198186E+00,NULL,NULL,1,mc_qqps,35
-21023,898,20227,195724,94C2, 9.125000E+01,40,19,59,40,19,-2.117615E+00,-4.570863E+00,-4.765862E+00, 6.616714E+01, 6.552319E+01, 1.638080E+00,-1.003117E+00,-2.808604E+00,-3.172572E+00, 8.847558E+01, 4.522939E+01, 2.230843E+01, 0.000000E+00,6, 3.446840E-01,24, 4.549574E+00,0, 0.000000E+00,4, 2.605291E+00, 4.320895E-01, 8.889029E-01,NULL,NULL,1,mc_qqps,35
-21023,899,20227,195743,94C2, 9.125000E+01,27,18,45,27,18,-2.163143E+00,-1.627272E+00,-1.023305E+00, 2.775365E+01, 2.719005E+01, 1.007039E+00,-5.642014E+00,-4.644370E+00, 2.141163E+00, 7.507478E+01, 2.010942E+01, 2.253237E+01, 2.135506E+01,17, 4.048563E-01,0, 0.000000E+00,0, 0.000000E+00,13, 2.547562E+01, 5.751960E-01, 6.744035E+00,NULL,NULL,1,mc_qqps,35
-21023,900,20227,195757,94C2, 9.125000E+01,37,14,51,37,14,-5.083491E+00,-6.145336E+00,-1.456124E+01, 6.255803E+01, 6.188500E+01, 1.672568E+00,-5.529809E+00,-6.048332E+00,-1.413058E+01, 7.753159E+01, 4.988240E+01, 1.075092E+01, 4.366569E+00,2, 0.000000E+00,18, 8.872534E+00,0, 0.000000E+00,2, 1.199284E+00, 5.409978E-01, 6.582861E-01,NULL,NULL,1,mc_qqps,35
-21023,901,20227,195814,94C2, 9.125000E+01,28,22,50,28,22,-1.475935E+00, 3.940157E+00,-7.246617E+00, 4.182505E+01, 4.149772E+01, 1.482062E+00,-1.896112E+00, 1.417511E+01,-1.486705E+01, 7.371462E+01, 3.215564E+01, 1.278891E+01, 8.657972E+00,17, 1.981272E+00,5, 0.000000E+00,0, 0.000000E+00,12, 2.016511E+01, 3.420815E-01, 6.531006E+00,NULL,NULL,1,mc_qqps,35
-21023,902,20227,195828,94C2, 9.125000E+01,28,14,42,28,14, 2.930944E+00,-1.213494E+01, 4.988562E+00, 7.357700E+01, 7.301099E+01, 2.607535E+00, 3.531911E+00,-1.331359E+01, 4.915128E+00, 1.073568E+02, 6.783357E+01, 2.612372E+01, 1.222249E+00,15, 2.148257E-01,0, 0.000000E+00,0, 0.000000E+00,12, 3.131576E+01, 5.606509E-01, 1.034469E+01,NULL,NULL,1,mc_qqps,35
-21023,903,20227,195842,94C2, 9.125000E+01,27,17,44,27,17, 1.063784E-01, 7.406239E+00,-5.311753E+00, 6.898224E+01, 6.845377E+01, 2.535325E+00,-2.501219E+00, 8.106476E+00,-6.154998E+00, 8.855074E+01, 6.587684E+01, 1.538344E+01, 2.602391E+00,19, 1.508547E+01,0, 0.000000E+00,0, 0.000000E+00,11, 1.592056E+01, 4.347261E-01, 3.177835E+00,NULL,NULL,1,mc_qqps,35
-21023,904,20227,195857,94C2, 9.125000E+01,38,16,54,38,16,-5.977448E+00, 2.214307E+00, 3.967567E+00, 4.183062E+01, 4.097225E+01, 1.078217E+00, 2.134364E+00,-3.602450E+00, 1.877573E+00, 7.352848E+01, 3.463524E+01, 2.505507E+01, 0.000000E+00,20, 3.515288E+00,1, 0.000000E+00,0, 0.000000E+00,14, 2.988261E+01, 4.750240E-01, 7.706833E+00,NULL,NULL,1,mc_qqps,35
-21023,905,20227,195921,94C2, 9.125000E+01,22,13,35,22,13,-1.138302E+01, 7.080831E+00,-2.250552E+01, 3.740765E+01, 3.697264E+01, 1.680575E+00,-9.318903E+00, 6.331803E+00,-1.876575E+01, 6.269142E+01, 2.976154E+01, 1.799160E+01, 7.292184E+00,1, 0.000000E+00,9, 4.120308E-01,0, 0.000000E+00,NULL,NULL,NULL,NULL,NULL,NULL,1,mc_qqps,35
-21023,906,20227,195934,94C2, 9.125000E+01,20,10,30,20,10, 3.908423E+00,-7.124593E+00,-8.230566E+00, 8.004788E+01, 7.970840E+01, 3.985420E+00,-3.763460E+00, 3.682310E+00, 4.559179E+00, 1.009094E+02, 7.672202E+01, 9.984303E+00, 9.973151E+00,6, 4.106238E+00,1, 0.000000E+00,0, 0.000000E+00,3, 9.136803E+00, 9.055057E-01, 4.619393E+00,NULL,NULL,1,mc_qqps,35
-21023,907,20227,195946,94C2, 9.125000E+01,29,10,39,29,10,-6.017363E+00, 2.323753E+00, 1.538563E+00, 5.837955E+01, 5.775377E+01, 1.991509E+00,-1.032896E+01, 3.355006E+00, 2.856492E+00, 7.757594E+01, 5.598288E+01, 1.571096E+01, 3.520208E+00,11, 2.951410E-01,2, 0.000000E+00,0, 0.000000E+00,6, 1.403339E+01, 4.857402E-01, 6.038201E+00,NULL,NULL,1,mc_qqps,35
-21023,908,20227,195957,94C2, 9.125000E+01,16,7,23,16,7, 7.774478E+00,-7.636005E+00, 2.153668E+00, 7.198893E+01, 7.186765E+01, 4.491728E+00, 3.369923E+00,-1.654138E+00, 8.124342E-01, 8.801810E+01, 7.192919E+01, 1.602917E+01, 0.000000E+00,13, 4.764566E+00,0, 0.000000E+00,0, 0.000000E+00,6, 1.083329E+01, 5.035757E-01, 3.864137E+00,NULL,NULL,1,mc_qqps,35
-21023,909,20227,200007,94C2, 9.125000E+01,37,12,49,37,12, 3.466032E+00,-1.460853E+01,-5.468558E+01, 1.058016E+02, 1.049970E+02, 2.837758E+00, 3.970077E-01,-1.102009E+01,-4.984268E+01, 1.173413E+02, 3.793936E+01, 1.055848E+01, 9.812624E-01,6, 0.000000E+00,12, 1.425628E+00,0, 0.000000E+00,2, 2.344570E+00, 6.093107E-01, 1.735260E+00,3, 0.000000E+00,1,mc_qqps,35
-21023,910,20227,200026,94C2, 9.125000E+01,28,9,37,28,9,-2.508572E+00, 1.004084E+01,-2.749876E+00, 6.949280E+01, 6.908294E+01, 2.467248E+00, 2.444557E+00,-6.465586E+00, 3.516436E+00, 9.343176E+01, 6.552489E+01, 7.708065E+00, 2.682479E-01,15, 3.449194E-01,0, 0.000000E+00,0, 0.000000E+00,8, 2.367071E+01, 3.298075E-01, 1.596264E+01,NULL,NULL,1,mc_qqps,35
-21023,911,20227,200041,94C2, 9.125000E+01,17,14,31,17,14,-2.104588E+00, 8.359481E+00,-3.519060E+00, 3.959413E+01, 3.925729E+01, 2.309252E+00,-2.461379E+00, 1.030643E+01,-4.704269E+00, 9.579734E+01, 3.836893E+01, 4.658845E+01, 8.675213E+00,17, 2.410217E+00,0, 0.000000E+00,0, 0.000000E+00,13, 4.752800E+01, 6.279371E-01, 1.282385E+01,NULL,NULL,1,mc_qqps,35
-21023,912,20227,200055,94C2, 9.125000E+01,8,10,18,8,10,-6.698754E-01,-7.711641E-02,-4.385703E-01, 1.052166E+01, 1.040168E+01, 1.300210E+00,-2.032293E+00, 1.836050E+00, 1.657299E+01, 4.616588E+01, 5.711277E-01, 3.421659E+01, 1.427624E+00,0, 0.000000E+00,8, 6.583913E-01,0, 0.000000E+00,NULL,NULL,NULL,NULL,2, 0.000000E+00,0,mc_qqps,35
-21023,913,20227,200122,94C2, 9.125000E+01,35,14,49,35,14,-1.131670E+00,-4.845544E-01, 8.183214E-01, 7.764128E+01, 7.693996E+01, 2.198285E+00,-1.109491E+00,-1.049847E+00, 1.200434E+00, 9.263777E+01, 5.950624E+01, 1.416324E+01, 2.674780E-01,10, 9.084007E-02,6, 0.000000E+00,0, 0.000000E+00,6, 8.887888E+00, 2.906345E-01, 5.469110E+00,NULL,NULL,1,mc_qqps,35
-21023,914,20227,200141,94C2, 9.125000E+01,19,6,25,19,6, 5.180427E+00, 8.226274E-02, 5.059973E+00, 7.745405E+01, 7.715986E+01, 4.061045E+00, 7.404586E+00, 2.931692E-01, 6.870535E+00, 8.961138E+01, 7.521111E+01, 1.215733E+01, 0.000000E+00,11, 4.835081E+00,0, 0.000000E+00,0, 0.000000E+00,6, 1.215733E+01, 1.193967E+00, 5.068185E+00,NULL,NULL,1,mc_qqps,35
-21023,915,20227,200154,94C2, 9.125000E+01,31,14,45,31,14,-1.887794E+01,-8.038857E+00,-5.555046E+01, 9.789637E+01, 9.746076E+01, 3.143896E+00,-1.368659E+01,-6.013452E+00,-4.790091E+01, 1.230130E+02, 4.124851E+01, 2.408332E+01, 1.033284E+00,2, 0.000000E+00,13, 1.567969E+00,0, 0.000000E+00,2, 1.422746E+01, 9.170409E-01, 1.331041E+01,NULL,NULL,1,mc_qqps,35
-21023,916,20227,200214,94C2, 9.125000E+01,48,23,71,48,23, 3.166979E+00, 3.831425E+00,-3.398733E+00, 4.529982E+01, 4.414912E+01, 9.197734E-01,-1.083269E+00,-3.072557E-01, 8.501256E-02, 7.218571E+01, 3.878250E+01, 1.990413E+01, 7.059462E+00,15, 1.671687E-01,5, 0.000000E+00,0, 0.000000E+00,10, 1.392023E+01, 5.021420E-01, 3.136199E+00,1, 0.000000E+00,1,mc_qqps,35
-21023,917,20227,200234,94C2, 9.125000E+01,19,25,44,19,25, 6.584506E+00, 2.308570E+00, 1.765529E+00, 4.278300E+01, 4.247767E+01, 2.235667E+00,-1.865166E+00, 1.442293E+00,-3.352761E+00, 9.053259E+01, 4.180220E+01, 4.547100E+01, 0.000000E+00,25, 7.827432E+00,5, 0.000000E+00,0, 0.000000E+00,18, 3.102871E+01, 4.839079E-01, 4.797407E+00,NULL,NULL,1,mc_qqps,35
-21023,918,20227,200252,94C2, 9.125000E+01,22,17,39,22,17, 5.190514E+00,-2.696671E+00,-4.781902E+01, 6.414279E+01, 6.368151E+01, 2.894614E+00, 5.120050E+00,-1.281551E+00,-4.493151E+01, 9.406672E+01, 6.448739E+00, 2.793512E+01, 1.988817E+00,0, 0.000000E+00,18, 3.816682E+00,0, 0.000000E+00,NULL,NULL,NULL,NULL,3, 0.000000E+00,0,mc_qqps,35
-21023,919,20227,200310,94C2, 9.125000E+01,14,2,16,14,2, 1.525412E+01,-1.587320E+01,-9.450666E+00, 5.776725E+01, 5.762410E+01, 4.116007E+00, 9.272343E+00,-1.004478E+01,-6.380273E+00, 7.051765E+01, 5.554368E+01, 1.275124E+01, 0.000000E+00,5, 1.677051E+00,0, 0.000000E+00,0, 0.000000E+00,2, 1.275040E+01, 1.929873E+00, 1.082053E+01,NULL,NULL,1,mc_qqps,35
-21023,920,20227,200325,94C2, 9.125000E+01,44,24,68,44,24,-4.938527E+00, 3.618107E+00,-7.080530E+00, 4.750735E+01, 4.649171E+01, 1.056630E+00, 1.458169E+00, 1.399849E+00,-5.755804E+00, 7.175402E+01, 3.272881E+01, 1.444964E+01, 5.478863E+00,9, 0.000000E+00,9, 7.594254E-01,0, 0.000000E+00,9, 9.697562E+00, 6.195679E-01, 2.606458E+00,NULL,NULL,1,mc_qqps,35
-21023,921,20227,200348,94C2, 9.125000E+01,25,20,45,25,20, 1.769096E+01, 9.061861E+00, 1.666088E+01, 4.485261E+01, 4.444536E+01, 1.777815E+00, 2.950156E-01,-1.508890E+00, 4.137660E+00, 8.837356E+01, 4.262018E+01, 3.623133E+01, 9.389780E-01,21, 8.222041E+00,0, 0.000000E+00,0, 0.000000E+00,17, 3.853777E+01, 3.040697E-01, 1.315146E+01,1, 0.000000E+00,1,mc_qqps,35
-21023,922,20227,200403,94C2, 9.125000E+01,34,9,43,34,9,-3.285193E-01, 3.112043E+00, 8.475536E-01, 6.489743E+01, 6.406110E+01, 1.884150E+00, 7.244817E+00,-1.282058E+01,-2.203085E+00, 9.428565E+01, 5.658426E+01, 2.801836E+01, 9.670772E-01,13, 7.987807E+00,0, 0.000000E+00,0, 0.000000E+00,6, 2.411607E+01, 4.037338E-01, 9.600626E+00,NULL,NULL,1,mc_qqps,35
-21023,923,20227,200418,94C2, 9.125000E+01,25,23,48,25,23, 6.060217E+00, 3.964815E+00,-1.891687E+01, 9.708257E+01, 9.682997E+01, 3.873199E+00, 7.568950E+00, 3.886899E+00,-2.216245E+01, 1.316395E+02, 2.425922E+01, 3.342012E+01, 1.136788E+00,1, 0.000000E+00,26, 6.883053E+00,0, 0.000000E+00,1, 4.584582E-01, 4.584582E-01, 4.584582E-01,1, 0.000000E+00,1,mc_qqps,35
-21023,924,20227,200435,94C2, 9.125000E+01,40,11,51,40,11,-2.948994E+00, 1.937638E+00, 5.339425E-01, 6.521699E+01, 6.432812E+01, 1.608203E+00, 6.187979E+00,-5.849851E+00,-4.548837E+00, 7.953431E+01, 5.547351E+01, 8.448268E+00, 3.433887E+00,13, 8.774067E+00,0, 0.000000E+00,0, 0.000000E+00,8, 1.088344E+01, 7.152668E-01, 1.866382E+00,NULL,NULL,1,mc_qqps,35
-21023,925,20227,200450,94C2, 9.125000E+01,44,20,64,44,20,-2.344239E+01,-1.783134E+00,-2.619233E+01, 1.964968E+02, 1.957989E+02, 4.449974E+00,-2.923476E+01, 3.540585E+00,-4.596267E+01, 2.317274E+02, 2.699125E+01, 1.617862E+01, 1.809668E+01,4, 0.000000E+00,25, 6.504521E+00,0, 0.000000E+00,3, 2.377462E+00, 3.312432E-01, 1.090895E+00,NULL,NULL,1,mc_qqps,35
-21023,926,20227,200512,94C2, 9.125000E+01,22,16,38,22,16, 5.834565E+00,-4.983600E+00,-6.115587E+00, 7.291953E+01, 7.260020E+01, 3.300009E+00,-1.619785E+01,-2.812970E+00, 1.000644E+01, 1.175230E+02, 7.216405E+01, 2.274479E+01, 2.077757E+01,8, 0.000000E+00,1, 0.000000E+00,0, 0.000000E+00,7, 2.119619E+01, 8.513978E-01, 1.242470E+01,NULL,NULL,1,mc_qqps,35
-21023,927,20227,200527,94C2, 9.125000E+01,29,11,40,29,11,-4.148635E-01,-2.995912E+00,-1.603982E+00, 3.384498E+01, 3.304919E+01, 1.139627E+00, 1.150383E+01,-6.131530E+00, 1.065945E+00, 9.174448E+01, 2.237985E+01, 1.735268E+01, 3.656382E+01,9, 1.436740E-01,1, 0.000000E+00,0, 0.000000E+00,6, 1.860257E+01, 4.666182E-01, 7.870328E+00,NULL,NULL,1,mc_qqps,35
-21023,928,20227,200541,94C2, 9.125000E+01,33,11,44,33,11,-2.260293E+00,-1.281432E+01, 1.611270E+01, 9.171039E+01, 9.101752E+01, 2.758106E+00,-6.591692E+00,-2.108166E+01, 2.549466E+01, 1.073786E+02, 8.636121E+01, 7.665370E+00, 5.720289E+00,12, 1.111548E+01,1, 0.000000E+00,0, 0.000000E+00,6, 8.459585E+00, 6.142485E-01, 2.339326E+00,2, 0.000000E+00,1,mc_qqps,35
-21023,929,20227,200557,94C2, 9.125000E+01,25,14,39,25,14, 1.553754E+00, 1.662760E+00, 2.844012E-01, 3.779483E+01, 3.725246E+01, 1.490099E+00,-6.147792E+00,-1.187976E+01,-1.384006E+00, 6.962362E+01, 3.349066E+01, 1.524564E+01, 1.270151E+01,14, 2.600308E+00,0, 0.000000E+00,0, 0.000000E+00,9, 1.912728E+01, 6.559073E-01, 5.538978E+00,NULL,NULL,1,mc_qqps,35
-21023,930,20227,200609,94C2, 9.125000E+01,21,5,26,21,5, 2.205867E+00,-2.159119E+00,-3.653945E+00, 7.108839E+01, 7.089160E+01, 3.375791E+00, 4.399686E+00, 3.598197E+00, 1.127929E+00, 8.845393E+01, 5.881612E+01, 1.736554E+01, 0.000000E+00,9, 4.882807E+00,2, 0.000000E+00,0, 0.000000E+00,5, 1.736554E+01, 5.873775E-01, 1.197720E+01,NULL,NULL,1,mc_qqps,35
-21023,931,20227,200621,94C2, 9.125000E+01,28,17,45,28,17, 4.387991E+00, 2.516399E+00,-1.044460E-01, 4.500018E+01, 4.449348E+01, 1.589053E+00,-1.121502E+01, 7.197811E+00,-1.904643E+00, 1.004032E+02, 4.209734E+01, 5.153554E+01, 4.048420E+00,19, 3.609002E-01,0, 0.000000E+00,0, 0.000000E+00,14, 4.667343E+01, 9.326141E-01, 9.818592E+00,NULL,NULL,1,mc_qqps,35
-21023,932,20227,200636,94C2, 9.125000E+01,24,13,37,24,13, 5.221600E+00, 2.456474E+01, 2.802536E+00, 3.838763E+01, 3.799419E+01, 1.583091E+00, 5.899049E+00, 2.087891E+01, 2.548556E+00, 8.129556E+01, 3.052310E+01, 1.336937E+01, 3.875255E+00,11, 4.891057E+00,0, 0.000000E+00,0, 0.000000E+00,7, 3.046161E+01, 4.663279E-01, 2.140575E+01,NULL,NULL,1,mc_qqps,35
-21023,933,20227,200653,94C2, 9.125000E+01,19,14,33,19,14,-2.775201E-01,-3.392191E+00,-3.726859E+00, 4.442817E+01, 4.421649E+01, 2.327183E+00,-3.562217E+00,-1.316516E+01,-1.016912E+01, 1.003010E+02, 4.108857E+01, 2.393436E+01, 3.199499E+01,12, 3.298101E-01,1, 0.000000E+00,0, 0.000000E+00,7, 2.182089E+01, 8.473606E-01, 5.976638E+00,NULL,NULL,1,mc_qqps,35
-21023,934,20227,200705,94C2, 9.125000E+01,17,11,28,17,11, 1.884370E+01, 7.555778E-02,-4.939873E+01, 7.020921E+01, 6.994385E+01, 4.114344E+00, 1.914695E+01, 2.838243E-01,-4.988338E+01, 8.062042E+01, 1.884595E+01, 1.041121E+01, 0.000000E+00,0, 0.000000E+00,15, 1.519327E+01,0, 0.000000E+00,NULL,NULL,NULL,NULL,NULL,NULL,0,mc_qqps,35
-21023,935,20227,200716,94C2, 9.125000E+01,25,12,37,25,12,-2.811495E+00, 2.274145E+00, 2.909867E+00, 5.784601E+01, 5.747340E+01, 2.298936E+00, 2.391483E+00, 8.395932E+00, 1.062497E+01, 7.526768E+01, 5.638444E+01, 1.220935E+01, 5.359589E+00,4, 0.000000E+00,5, 0.000000E+00,0, 0.000000E+00,3, 9.602813E+00, 9.099123E-01, 7.587330E+00,NULL,NULL,1,mc_qqps,35
-21023,936,20227,200735,94C2, 9.125000E+01,25,7,32,25,7, 1.114013E+01, 6.929868E+00,-1.844758E+01, 5.275451E+01, 5.231306E+01, 2.092522E+00, 1.139575E+01, 7.317582E+00,-1.872858E+01, 6.266181E+01, 4.995342E+01, 8.518577E+00, 1.388727E+00,4, 1.768201E-01,8, 1.647371E+00,0, 0.000000E+00,3, 4.447017E+00, 3.661888E-01, 3.247869E+00,NULL,NULL,1,mc_qqps,35
-21023,937,20227,200747,94C2, 9.125000E+01,23,11,34,23,11,-7.898099E+00,-2.061455E+00,-3.365340E+00, 6.655425E+01, 6.632652E+01, 2.883762E+00,-8.943352E+00,-1.786010E+00,-1.576395E+00, 8.152937E+01, 5.957349E+01, 9.712124E+00, 2.320949E+00,19, 1.206204E+01,0, 0.000000E+00,0, 0.000000E+00,10, 1.265418E+01, 4.379389E-01, 3.127499E+00,NULL,NULL,1,mc_qqps,35
-21023,938,20227,200759,94C2, 9.125000E+01,27,11,38,27,11, 5.605976E+00, 2.077865E+01, 4.074992E+00, 5.576124E+01, 5.512934E+01, 2.041828E+00, 1.799933E+00, 7.413551E+00, 5.149801E-01, 9.191465E+01, 4.709500E+01, 1.609423E+01, 2.006705E+01,13, 6.867454E+00,0, 0.000000E+00,0, 0.000000E+00,5, 1.355619E+01, 3.926821E-01, 8.694336E+00,NULL,NULL,1,mc_qqps,35
-21023,939,20227,200814,94C2, 9.125000E+01,34,14,48,34,14,-7.818772E+00,-3.793404E+00,-4.395168E-01, 5.441431E+01, 5.354866E+01, 1.574960E+00,-3.473379E+00,-1.047612E+00,-4.879439E-01, 8.749586E+01, 5.036879E+01, 1.288812E+01, 1.943724E+01,14, 1.121613E+00,0, 0.000000E+00,0, 0.000000E+00,9, 1.262271E+01, 4.145291E-01, 2.161422E+00,NULL,NULL,1,mc_qqps,35
-21023,940,20227,200830,94C2, 9.125000E+01,60,22,82,60,22,-3.418638E+00, 3.500916E+00,-8.460729E+00, 5.292001E+01, 5.100127E+01, 8.500212E-01, 5.994403E-01, 2.936149E+00,-1.257900E+01, 6.897140E+01, 2.800177E+01, 1.479090E+01, 8.059886E-01,3, 0.000000E+00,19, 1.353889E+00,0, 0.000000E+00,1, 4.544985E-01, 4.544985E-01, 4.544985E-01,1, 0.000000E+00,1,mc_qqps,35
-21023,941,20227,200853,94C2, 9.125000E+01,20,8,28,20,8, 3.567169E+00,-7.936311E-01, 2.339371E+00, 7.235961E+01, 7.203353E+01, 3.601676E+00, 2.421646E+00,-2.890888E-01, 1.482273E+00, 8.641328E+01, 6.527222E+01, 1.054037E+01, 0.000000E+00,16, 4.305246E+01,0, 0.000000E+00,0, 0.000000E+00,8, 1.405366E+01, 8.988160E-01, 4.837841E+00,NULL,NULL,1,mc_qqps,35
-21023,942,20227,200905,94C2, 9.125000E+01,31,19,50,31,19,-1.039371E+02,-4.323363E+02,-1.276254E+02, 5.217943E+02, 5.212386E+02, 1.681415E+01,-1.004214E+02,-4.251081E+02,-1.340234E+02, 5.749107E+02, 3.319020E+01, 5.165903E+01, 1.457359E+00,14, 0.000000E+00,4, 0.000000E+00,0, 0.000000E+00,13, 3.226906E+01, 4.137213E-01, 8.752959E+00,NULL,NULL,1,mc_qqps,35
-21023,943,20227,200922,94C2, 9.125000E+01,37,11,48,37,11,-1.069585E+00, 7.899623E-01, 1.771415E+00, 6.096485E+01, 6.018668E+01, 1.626667E+00, 3.798436E+00, 5.627573E+00,-1.313004E+01, 9.116890E+01, 5.571439E+01, 2.027717E+01, 9.994200E+00,5, 1.031088E-01,11, 5.767705E-01,0, 0.000000E+00,2, 1.195717E+00, 5.821946E-01, 6.135223E-01,NULL,NULL,1,mc_qqps,35
-21023,944,20227,200939,94C2, 9.125000E+01,31,19,50,31,19,-8.861659E+00,-4.397404E+00,-2.066647E+01, 7.087018E+01, 7.039794E+01, 2.270901E+00,-6.174543E+00,-1.160998E+00,-1.693815E+01, 9.692712E+01, 3.787518E+01, 2.097969E+01, 5.077255E+00,3, 0.000000E+00,19, 4.977255E+00,0, 0.000000E+00,2, 3.988273E+00, 9.209481E-01, 3.067325E+00,2, 0.000000E+00,1,mc_qqps,35
-21023,945,20227,200958,94C2, 9.125000E+01,33,17,50,33,17,-4.653729E+00, 5.492696E+00,-8.190871E+00, 6.301357E+01, 6.234412E+01, 1.889216E+00, 2.650442E+00,-1.017174E+00, 2.986362E+00, 9.788137E+01, 5.508280E+01, 3.030973E+01, 4.589069E+00,19, 5.696715E+00,1, 0.000000E+00,0, 0.000000E+00,13, 2.934529E+01, 5.721358E-01, 7.017834E+00,NULL,NULL,1,mc_qqps,35
-21023,946,20227,201014,94C2, 9.125000E+01,37,16,53,37,16,-1.787089E+01,-8.110493E+00,-1.024374E+01, 5.629070E+01, 5.529709E+01, 1.494516E+00,-9.361187E+00,-3.079815E+00,-6.762918E+00, 7.881042E+01, 5.184586E+01, 1.759763E+01, 9.593003E-01,17, 1.093621E+00,0, 0.000000E+00,0, 0.000000E+00,11, 1.934551E+01, 4.689629E-01, 5.636056E+00,NULL,NULL,1,mc_qqps,35
-21023,947,20227,201030,94C2, 9.125000E+01,43,18,61,43,18, 5.396463E+00, 1.277164E+01, 4.731118E+00, 6.270684E+01, 6.177108E+01, 1.436537E+00, 8.153946E-01,-1.120472E+00,-5.912111E+00, 1.232839E+02, 4.813892E+01, 5.068135E+01, 9.912612E+00,17, 2.174738E+00,0, 0.000000E+00,0, 0.000000E+00,12, 4.045990E+01, 5.920817E-01, 1.258534E+01,1, 0.000000E+00,1,mc_qqps,35
-21023,948,20227,201054,94C2, 9.125000E+01,37,16,53,37,16, 1.520679E+01,-1.884429E-01, 3.063833E+00, 5.493118E+01, 5.434858E+01, 1.468881E+00, 9.235645E+00, 4.273465E+00, 2.756618E-01, 7.841682E+01, 4.808822E+01, 1.689594E+01, 4.881811E+00,18, 6.286181E+00,0, 0.000000E+00,0, 0.000000E+00,10, 1.561107E+01, 5.983176E-01, 3.047572E+00,NULL,NULL,1,mc_qqps,35
-21023,949,20227,201109,94C2, 9.125000E+01,24,16,40,24,16, 9.134238E-01,-1.615200E+00,-8.556190E-01, 6.865042E+01, 6.823899E+01, 2.843291E+00, 8.743319E-02,-4.183908E+00,-5.794941E+00, 8.892583E+01, 6.607700E+01, 1.339294E+01, 6.027631E+00,2, 0.000000E+00,13, 8.971276E+00,0, 0.000000E+00,2, 2.159216E+00, 8.583527E-01, 1.300864E+00,NULL,NULL,1,mc_qqps,35
-21023,950,20227,201125,94C2, 9.125000E+01,19,23,42,19,23,-3.304404E-01,-1.171949E+00,-5.686537E+00, 8.043063E+01, 8.024358E+01, 4.223346E+00,-4.694318E+00,-1.826381E+00, 3.914253E+00, 1.105310E+02, 3.656328E+01, 2.980352E+01, 2.968346E-01,2, 5.256971E-02,27, 1.728490E+01,0, 0.000000E+00,1, 6.144665E-01, 6.144665E-01, 6.144665E-01,NULL,NULL,1,mc_qqps,35
-21023,951,20227,201140,94C2, 9.125000E+01,35,23,58,35,23, 2.224256E+00,-4.888922E+00,-2.246412E-01, 4.720505E+01, 4.644703E+01, 1.327058E+00,-1.089920E+00,-4.503186E+00,-1.704990E-01, 7.930328E+01, 3.754571E+01, 2.734852E+01, 2.925000E-01,19, 8.745201E-01,4, 0.000000E+00,0, 0.000000E+00,15, 2.558388E+01, 5.109432E-01, 5.801194E+00,1, 0.000000E+00,1,mc_qqps,35
-21023,952,20227,201157,94C2, 9.125000E+01,16,8,24,16,8, 4.119585E+00,-2.155359E+01, 2.297497E+01, 4.943495E+01, 4.915611E+01, 3.072257E+00, 2.195662E+00,-5.819229E+00, 5.826307E+00, 8.625440E+01, 4.723307E+01, 3.318675E+01, 1.311453E+00,8, 3.153091E+00,1, 0.000000E+00,0, 0.000000E+00,5, 3.385672E+01, 5.837337E-01, 2.732298E+01,NULL,NULL,1,mc_qqps,35
-21023,953,20227,201211,94C2, 9.125000E+01,28,12,40,28,12, 5.230784E+00,-9.778625E-01,-1.483162E+00, 6.892437E+01, 6.856931E+01, 2.448904E+00, 2.069160E+00,-1.553685E+00, 1.938658E+00, 8.632333E+01, 6.100120E+01, 1.419598E+01, 2.247077E+00,10, 4.423104E+00,4, 0.000000E+00,0, 0.000000E+00,5, 1.022754E+01, 9.821211E-01, 3.502666E+00,1, 0.000000E+00,1,mc_qqps,35
-21023,954,20227,201224,94C2, 9.125000E+01,39,19,58,39,19, 1.805250E+00, 2.625019E+00, 2.607481E+00, 5.701858E+01, 5.616650E+01, 1.440167E+00, 1.265975E+00, 3.500821E+00, 3.179914E+00, 7.433289E+01, 2.238561E+01, 1.416585E+01, 3.515574E+00,1, 0.000000E+00,20, 1.481604E+01,0, 0.000000E+00,NULL,NULL,NULL,NULL,3, 0.000000E+00,1,mc_qqps,35
-21023,955,20227,201243,94C2, 9.125000E+01,33,12,45,33,12, 1.383820E+00, 9.098083E-03,-7.277071E-01, 6.385075E+01, 6.330944E+01, 1.918468E+00, 1.361651E+01, 2.177036E+01,-3.286356E+01, 1.114787E+02, 5.795369E+01, 4.620181E+01, 4.924850E-01,2, 0.000000E+00,8, 8.913531E-01,0, 0.000000E+00,2, 1.645654E+00, 7.119767E-01, 9.336771E-01,NULL,NULL,1,mc_qqps,35
-21023,956,20227,201301,94C2, 9.125000E+01,39,17,56,39,17,-2.773639E+00,-2.667047E+00, 1.759374E+01, 6.395759E+01, 6.293986E+01, 1.613842E+00,-5.592540E+00,-5.819273E+00, 9.861972E+00, 9.091935E+01, 2.286610E+01, 2.516769E+01, 1.794047E+00,0, 0.000000E+00,20, 1.593134E+01,0, 0.000000E+00,NULL,NULL,NULL,NULL,NULL,NULL,1,mc_qqps,35
-21023,957,20227,201319,94C2, 9.125000E+01,26,13,39,26,13, 9.432220E+00,-1.986712E+00,-8.167314E+00, 4.946387E+01, 4.900054E+01, 1.884636E+00, 9.361927E+00,-2.292935E+00,-1.090433E+01, 6.583504E+01, 4.766920E+01, 1.436598E+01, 1.100786E+00,4, 0.000000E+00,10, 6.468540E-01,0, 0.000000E+00,3, 7.815147E+00, 9.059412E-01, 5.936247E+00,1, 0.000000E+00,1,mc_qqps,35
-21023,958,20227,201335,94C2, 9.125000E+01,29,14,43,29,14, 2.186583E+00,-3.605168E+00,-6.503633E-01, 5.843926E+01, 5.807111E+01, 2.002452E+00, 5.050157E+00,-1.392951E+01, 1.903779E-01, 8.463137E+01, 5.189096E+01, 1.997685E+01, 4.273576E+00,19, 1.129804E+01,0, 0.000000E+00,0, 0.000000E+00,12, 2.204577E+01, 6.191527E-01, 3.956971E+00,NULL,NULL,1,mc_qqps,35
-21023,959,20227,201349,94C2, 9.125000E+01,29,7,36,29,7, 4.970229E+00,-1.380271E+00, 1.977576E+00, 3.940411E+01, 3.901628E+01, 1.345389E+00, 2.190228E-01, 2.787378E-01, 2.325504E+00, 8.083910E+01, 3.786617E+01, 1.909715E+01, 2.193463E+01,9, 1.430177E+00,3, 0.000000E+00,0, 0.000000E+00,5, 1.950035E+01, 4.031984E-01, 1.356773E+01,NULL,NULL,1,mc_qqps,35
-21023,960,20227,201406,94C2, 9.125000E+01,19,10,29,19,10, 5.786266E+00, 2.262664E+00, 4.624083E+00, 6.903628E+01, 6.877132E+01, 3.619543E+00, 4.900049E+00, 1.324877E+00, 3.912543E+00, 8.507962E+01, 6.813883E+01, 1.024166E+01, 4.140069E+00,15, 2.110292E+01,0, 0.000000E+00,0, 0.000000E+00,7, 1.130533E+01, 5.229731E-01, 4.620544E+00,NULL,NULL,1,mc_qqps,35
-21023,961,20227,201417,94C2, 9.125000E+01,35,14,49,35,14, 2.077830E-01, 7.246997E-01,-9.859098E-01, 5.447651E+01, 5.362196E+01, 1.532056E+00,-2.184909E+00,-2.076316E+00,-2.886784E+00, 8.261868E+01, 4.650901E+01, 2.344935E+01, 2.028225E+00,15, 1.143926E+01,0, 0.000000E+00,0, 0.000000E+00,10, 2.535694E+01, 5.908793E-01, 1.025283E+01,NULL,NULL,1,mc_qqps,35
-21023,962,20227,201433,94C2, 9.125000E+01,14,15,29,14,15, 1.036682E+01,-4.451288E+00, 4.710169E+00, 4.060932E+01, 4.051617E+01, 2.894012E+00, 5.040066E+00,-2.765906E+00, 3.155836E+00, 8.592864E+01, 3.887117E+01, 3.651925E+01, 4.884426E+00,17, 1.729651E+01,0, 0.000000E+00,0, 0.000000E+00,12, 3.881207E+01, 6.720271E-01, 1.309172E+01,NULL,NULL,1,mc_qqps,35
-21023,963,20227,201444,94C2, 9.125000E+01,13,7,20,13,7,-1.052885E+01, 2.492690E+01,-1.782305E+01, 3.773498E+01, 3.758503E+01, 2.891156E+00,-8.644800E+00, 1.857103E+01,-1.296092E+01, 7.476305E+01, 3.584691E+01, 3.145324E+01, 5.574823E+00,6, 0.000000E+00,1, 0.000000E+00,0, 0.000000E+00,5, 3.145324E+01, 1.007730E+00, 1.029586E+01,NULL,NULL,1,mc_qqps,35
-21023,964,20227,201452,94C2, 9.125000E+01,25,16,41,25,16, 6.272618E+00,-5.060541E+00,-1.094207E+01, 2.709182E+01, 2.675822E+01, 1.070329E+00, 2.356660E-01,-2.107638E-01, 3.104065E+00, 6.665366E+01, 2.636631E+01, 2.981420E+01, 6.983680E+00,6, 6.803616E-01,10, 1.435752E+00,0, 0.000000E+00,3, 7.138178E+00, 5.880417E-01, 4.374240E+00,1, 0.000000E+00,1,mc_qqps,35
-21023,965,20227,201505,94C2, 9.125000E+01,20,12,32,20,12, 2.503486E-01,-9.596774E+00, 5.608381E+00, 2.590741E+01, 2.550899E+01, 1.275450E+00, 3.872659E+00,-1.369234E+01, 6.744194E+00, 5.364891E+01, 2.209371E+01, 1.454011E+01, 1.189859E+01,11, 1.361448E+00,0, 0.000000E+00,0, 0.000000E+00,7, 1.525407E+01, 7.166347E-01, 4.709288E+00,NULL,NULL,1,mc_qqps,35
-21023,966,20227,201517,94C2, 9.125000E+01,21,7,28,21,7, 7.501204E+00,-3.098401E+00,-1.738600E+00, 6.530898E+01, 6.495628E+01, 3.093156E+00, 1.140578E+01,-2.395445E+00,-4.642200E+00, 7.599947E+01, 5.723120E+01, 1.000362E+01, 0.000000E+00,14, 5.023682E+00,0, 0.000000E+00,0, 0.000000E+00,7, 1.069049E+01, 4.862812E-01, 4.447998E+00,NULL,NULL,1,mc_qqps,35
-21023,967,20227,201531,94C2, 9.125000E+01,15,8,23,15,8,-6.638407E+00,-5.317626E+00, 7.586484E+00, 7.249020E+01, 7.231751E+01, 4.821167E+00,-7.430990E+00,-2.517817E+00, 8.248901E+00, 8.597056E+01, 7.200907E+01, 1.056257E+01, 2.510806E+00,5, 0.000000E+00,2, 0.000000E+00,0, 0.000000E+00,5, 9.531838E+00, 4.086870E-01, 5.363513E+00,NULL,NULL,1,mc_qqps,35
-21023,968,20227,201543,94C2, 9.125000E+01,53,12,65,53,12, 3.942359E+00,-5.062009E+00,-2.134559E+00, 7.438573E+01, 7.290321E+01, 1.375532E+00,-1.512174E+01, 1.099363E+01,-2.236664E+00, 1.031451E+02, 6.292427E+01, 1.832128E+01, 9.983158E+00,15, 2.078780E+00,1, 0.000000E+00,0, 0.000000E+00,6, 1.165945E+01, 4.548967E-01, 5.032506E+00,NULL,NULL,1,mc_qqps,35
-21023,969,20227,201601,94C2, 9.125000E+01,21,5,26,21,5,-5.137545E+00, 5.381362E+00,-5.950517E-02, 6.751817E+01, 6.715484E+01, 3.197850E+00,-6.810172E+00, 8.462677E+00,-2.397243E-01, 7.589442E+01, 6.478430E+01, 1.493007E+00, 6.883230E+00,5, 3.829581E+00,0, 0.000000E+00,0, 0.000000E+00,1, 1.076101E+00, 1.076101E+00, 1.076101E+00,NULL,NULL,1,mc_qqps,35
-21023,970,20227,201617,94C2, 9.125000E+01,27,5,32,27,5, 4.354611E+00,-5.309338E-01, 7.004897E+00, 8.766205E+01, 8.742686E+01, 3.238032E+00, 3.397011E+00, 1.234704E-01, 6.132727E+00, 9.124733E+01, 8.089307E+01, 2.270848E+00, 1.314439E+00,2, 0.000000E+00,6, 7.069935E-01,0, 0.000000E+00,1, 1.111132E+00, 1.111132E+00, 1.111132E+00,NULL,NULL,1,mc_qqps,35
-21023,971,20227,201636,94C2, 9.125000E+01,13,11,24,13,11, 5.130903E-01,-1.240814E+00,-2.032446E+00, 4.483578E+01, 4.468297E+01, 3.437152E+00,-4.987638E-01,-6.266619E+00,-4.998096E+00, 8.277436E+01, 4.400162E+01, 1.618689E+01, 1.409723E+01,13, 2.030148E+01,0, 0.000000E+00,0, 0.000000E+00,6, 2.384135E+01, 5.406791E-01, 1.319659E+01,NULL,NULL,1,mc_qqps,35
-21023,972,20227,201645,94C2, 9.125000E+01,38,20,58,38,20,-1.673976E+00,-3.539434E-01, 4.652543E+00, 4.462175E+01, 4.310699E+01, 1.134395E+00, 6.838499E-01,-1.431009E+00,-3.513441E+00, 6.414302E+01, 2.032366E+01, 1.666284E+01, 2.858426E+00,0, 0.000000E+00,23, 1.370321E+01,0, 0.000000E+00,NULL,NULL,NULL,NULL,NULL,NULL,1,mc_qqps,35
-21023,973,20227,201658,94C2, 9.125000E+01,20,19,39,20,19, 1.172144E+01,-1.079342E+00,-6.833109E+00, 5.712071E+01, 5.691938E+01, 2.845969E+00, 7.000305E+00,-4.036075E-01,-3.782422E+00, 9.688724E+01, 5.300815E+01, 2.705603E+01, 7.953488E+00,17, 2.904039E+00,2, 0.000000E+00,0, 0.000000E+00,13, 2.438900E+01, 4.994498E-01, 7.454096E+00,NULL,NULL,1,mc_qqps,35
-21023,974,20227,201714,94C2, 9.125000E+01,22,6,28,22,6,-8.758110E+00, 1.027856E+01, 8.478381E+00, 5.376122E+01, 5.318702E+01, 2.417592E+00, 4.504624E+00,-4.163737E+00,-2.111098E+00, 8.613220E+01, 5.096118E+01, 3.145403E+01, 9.169572E-01,8, 6.167215E+00,0, 0.000000E+00,0, 0.000000E+00,5, 3.145403E+01, 7.169776E-01, 2.229810E+01,NULL,NULL,1,mc_qqps,35
-21023,975,20227,201728,94C2, 9.125000E+01,34,8,42,34,8, 9.105984E+00, 6.221833E-02,-1.046630E+01, 5.753334E+01, 5.682750E+01, 1.671397E+00, 1.157602E+01,-7.690507E-01,-1.348091E+01, 6.885833E+01, 5.271205E+01, 8.176648E+00, 2.216538E+00,5, 1.647871E-01,6, 0.000000E+00,0, 0.000000E+00,3, 4.817136E+00, 9.317971E-01, 2.743873E+00,NULL,NULL,1,mc_qqps,35
-21023,976,20227,201747,94C2, 9.125000E+01,25,17,42,25,17,-1.580871E+00, 5.546554E+00, 2.195323E+01, 6.475546E+01, 6.423388E+01, 2.569355E+00, 7.712746E-01, 9.610553E-01, 2.552461E+01, 1.017088E+02, 2.531012E+01, 3.476015E+01, 2.193213E+00,6, 6.395636E-01,12, 4.775589E-01,0, 0.000000E+00,2, 2.581575E+00, 8.236020E-01, 1.757973E+00,3, 0.000000E+00,1,mc_qqps,35
-21023,977,20227,201820,94C2, 9.125000E+01,22,16,38,22,16, 5.917102E+00,-7.128220E-01, 4.051601E+00, 8.220831E+01, 8.170158E+01, 3.713708E+00, 4.725621E+00, 4.069515E+00,-2.796352E+00, 9.845650E+01, 5.494318E+01, 8.519856E+00, 4.377745E+00,2, 1.713182E-01,11, 7.812985E-01,0, 0.000000E+00,1, 3.350588E+00, 3.350588E+00, 3.350588E+00,NULL,NULL,1,mc_qqps,35
-21023,978,20227,201835,94C2, 9.125000E+01,45,17,62,45,17, 9.971843E+00, 3.813711E+00,-7.689128E+00, 8.117730E+01, 8.002723E+01, 1.778383E+00, 7.033200E+00,-1.621080E+00,-2.911156E+00, 1.111816E+02, 5.501460E+01, 2.374236E+01, 5.468530E+00,18, 9.622536E+00,4, 0.000000E+00,0, 0.000000E+00,11, 1.966362E+01, 3.508488E-01, 6.749009E+00,NULL,NULL,1,mc_qqps,35
-21023,979,20227,201852,94C2, 9.125000E+01,23,15,38,23,15, 1.460095E+01, 7.344075E+00, 5.231025E+00, 5.358800E+01, 5.300650E+01, 2.304631E+00,-6.627459E+00,-6.294317E+00, 2.369012E-01, 9.564627E+01, 5.187071E+01, 4.088966E+01, 0.000000E+00,20, 1.152346E+01,0, 0.000000E+00,0, 0.000000E+00,14, 4.178112E+01, 6.131052E-01, 1.057784E+01,NULL,NULL,1,mc_qqps,35
-21023,980,20227,201908,94C2, 9.125000E+01,36,22,58,36,22, 3.873963E+00,-8.566469E+00, 3.368714E+01, 5.187261E+01, 5.119044E+01, 1.421957E+00, 4.665561E+00,-7.611956E+00, 2.830327E+01, 8.127453E+01, 3.640367E+01, 2.803184E+01, 2.984401E-01,3, 0.000000E+00,14, 1.786413E+00,0, 0.000000E+00,3, 4.095894E+00, 9.352011E-01, 2.089052E+00,4, 0.000000E+00,1,mc_qqps,35
-21023,981,20227,201933,94C2, 9.125000E+01,33,11,44,33,11, 3.643416E+00,-6.021001E+00,-1.845098E+00, 6.128480E+01, 6.064277E+01, 1.837660E+00, 1.078752E+01,-1.669820E+01,-2.136720E+00, 1.020736E+02, 4.454264E+01, 3.638946E+01, 0.000000E+00,19, 9.770471E+00,0, 0.000000E+00,0, 0.000000E+00,10, 3.387793E+01, 5.035117E-01, 7.129835E+00,NULL,NULL,1,mc_qqps,35
-21023,982,20227,201946,94C2, 9.125000E+01,20,14,34,20,14,-1.710192E+00,-9.814570E+00,-1.245229E+01, 4.385644E+01, 4.355433E+01, 2.177717E+00,-6.835260E-01,-4.972749E+00,-5.962910E+00, 6.076254E+01, 4.254007E+01, 1.216596E+01, 9.053871E-02,6, 3.450086E-01,3, 0.000000E+00,0, 0.000000E+00,4, 7.789969E+00, 4.726733E-01, 4.649614E+00,4, 0.000000E+00,1,mc_qqps,35
-21023,983,20227,202004,94C2, 9.125000E+01,29,20,49,29,20,-1.089627E+01, 3.328481E+00, 1.613261E+00, 3.391815E+01, 3.327196E+01, 1.147309E+00,-5.368686E+00, 5.147858E-01,-2.671911E+00, 8.924950E+01, 3.080860E+01, 5.379799E+01, 0.000000E+00,22, 1.684907E+00,0, 0.000000E+00,0, 0.000000E+00,18, 4.971609E+01, 5.182739E-01, 1.680007E+01,NULL,NULL,1,mc_qqps,35
-21023,984,20227,202022,94C2, 9.125000E+01,25,14,39,25,14,-3.859709E+00, 1.366342E+00, 1.447880E+00, 5.321497E+01, 5.274089E+01, 2.109636E+00, 8.432883E+00,-1.306129E+00,-1.174630E+01, 7.879587E+01, 5.198523E+01, 1.558000E+01, 5.054856E+00,7, 2.832790E-01,6, 0.000000E+00,0, 0.000000E+00,5, 1.433869E+01, 3.245464E-01, 7.876486E+00,NULL,NULL,1,mc_qqps,35
-21023,985,20227,202037,94C2, 9.125000E+01,29,13,42,29,13,-4.820580E+00,-7.728273E-01, 2.051782E+00, 7.181329E+01, 7.105360E+01, 2.450124E+00, 5.440016E-01, 1.102179E+00, 9.589974E-01, 9.600546E+01, 5.042366E+01, 1.933051E+01, 4.862758E+00,10, 4.451806E+00,0, 0.000000E+00,0, 0.000000E+00,7, 1.796522E+01, 4.420303E-01, 8.355061E+00,NULL,NULL,1,mc_qqps,35
-21023,986,20227,202050,94C2, 9.125000E+01,22,14,36,22,14, 9.848644E+00, 1.866471E+01, 8.128174E-01, 4.896763E+01, 4.866586E+01, 2.212084E+00, 3.289409E+00,-7.544936E-01,-3.761172E+00, 8.364545E+01, 4.827337E+01, 1.321016E+01, 1.847696E+01,13, 1.437207E+00,0, 0.000000E+00,0, 0.000000E+00,9, 1.608751E+01, 5.224971E-01, 8.640723E+00,NULL,NULL,1,mc_qqps,35
-21023,987,20227,202103,94C2, 9.125000E+01,37,16,53,37,16, 1.269117E-01, 1.020660E+00, 4.281597E+00, 6.756550E+01, 6.694862E+01, 1.809422E+00, 8.050029E+00, 9.939605E+00, 1.415304E+01, 9.843833E+01, 6.229784E+01, 1.442793E+01, 1.147176E+01,21, 2.762720E+00,0, 0.000000E+00,0, 0.000000E+00,14, 1.807759E+01, 2.898666E-01, 3.118667E+00,NULL,NULL,1,mc_qqps,35
-21023,988,20227,202123,94C2, 9.125000E+01,30,14,44,30,14, 6.373286E+00,-1.024840E+00,-1.227571E+01, 5.502747E+01, 5.448144E+01, 1.816048E+00, 6.023888E+00,-1.904269E+00,-1.157977E+01, 7.149360E+01, 4.825974E+01, 1.624650E+01, 2.196411E-01,5, 0.000000E+00,9, 2.435198E-01,0, 0.000000E+00,4, 5.464814E+00, 7.953500E-01, 1.950597E+00,NULL,NULL,1,mc_qqps,35
-21023,989,20227,202140,94C2, 9.125000E+01,21,22,43,21,22, 9.631001E+00, 2.865673E+00,-9.502593E+00, 3.364866E+01, 3.331815E+01, 1.586579E+00, 1.570571E+01, 8.304030E+00,-1.635357E+01, 8.432812E+01, 3.273113E+01, 2.712444E+01, 1.297105E+01,17, 8.243163E-01,2, 0.000000E+00,0, 0.000000E+00,15, 3.331933E+01, 4.407686E-01, 6.783773E+00,NULL,NULL,1,mc_qqps,35
-21023,990,20227,202152,94C2, 9.125000E+01,19,15,34,19,15,-4.269324E-01, 1.161417E+01,-5.969022E+00, 6.538638E+01, 6.508828E+01, 3.425699E+00,-1.581839E+00, 1.694442E+01,-1.001864E+01, 9.289198E+01, 6.411256E+01, 1.790054E+01, 2.070058E+00,17, 9.326880E+00,0, 0.000000E+00,0, 0.000000E+00,13, 2.543554E+01, 4.359822E-01, 6.799450E+00,NULL,NULL,1,mc_qqps,35
-21023,991,20227,202207,94C2, 9.125000E+01,26,14,40,26,14,-3.750319E+00, 5.520103E+00, 6.854885E+00, 6.304722E+01, 6.251944E+01, 2.404594E+00, 1.629241E+00,-9.007446E-01, 4.368323E-01, 8.357160E+01, 6.079998E+01, 1.133797E+01, 4.470054E+00,15, 7.018637E-01,0, 0.000000E+00,0, 0.000000E+00,10, 1.435657E+01, 4.185175E-01, 3.922431E+00,NULL,NULL,1,mc_qqps,35
-21023,992,20227,202221,94C2, 9.125000E+01,29,8,37,29,8,-2.591848E+00,-1.147927E+00, 1.530390E+00, 6.919450E+01, 6.867674E+01, 2.368164E+00,-4.718192E-01, 2.796311E-01,-7.240471E-01, 8.501954E+01, 6.409839E+01, 3.212201E+00, 1.265488E+01,12, 4.620709E+00,0, 0.000000E+00,0, 0.000000E+00,4, 2.880306E+00, 4.302090E-01, 1.020214E+00,NULL,NULL,1,mc_qqps,35
-21023,993,20227,202232,94C2, 9.125000E+01,22,8,30,22,8, 1.344298E+00,-1.410467E+00, 7.338885E-01, 1.836072E+01, 1.764960E+01, 8.022546E-01, 2.433321E+00,-2.549677E-01,-2.461655E+00, 3.489516E+01, 3.945783E+00, 1.400515E+01, 3.176363E+00,1, 0.000000E+00,3, 4.752007E-01,0, 0.000000E+00,1, 1.137981E+00, 1.137981E+00, 1.137981E+00,3, 0.000000E+00,0,mc_qqps,35
-21023,994,20227,202249,94C2, 9.125000E+01,33,20,53,33,20,-2.200045E+01, 1.043787E+01, 1.732660E+01, 7.019660E+01, 6.969951E+01, 2.112106E+00, 2.492235E+00,-5.420182E-01, 3.406156E+00, 1.179984E+02, 6.015380E+01, 2.531414E+01, 2.141418E+01,19, 5.911142E-01,0, 0.000000E+00,0, 0.000000E+00,15, 2.539923E+01, 4.342826E-01, 4.200563E+00,NULL,NULL,1,mc_qqps,35
-21023,995,20227,202304,94C2, 9.125000E+01,17,15,32,17,15, 1.844246E-01,-2.375874E+00, 8.875466E+00, 6.792939E+01, 6.768411E+01, 3.981418E+00,-9.886891E-02, 1.627400E+00, 1.038165E+00, 8.980975E+01, 3.798580E+01, 1.418751E+01, 7.692831E+00,3, 0.000000E+00,14, 4.583057E+00,0, 0.000000E+00,3, 3.258967E+00, 4.126197E-01, 1.670559E+00,NULL,NULL,1,mc_qqps,35
-21023,996,20227,202315,94C2, 9.125000E+01,40,19,59,40,19, 2.018644E+01,-1.093290E+00, 4.836733E+00, 5.955212E+01, 5.887229E+01, 1.471807E+00,-3.723818E+00, 6.711266E-01,-4.964745E-02, 9.741578E+01, 5.268603E+01, 2.293167E+01, 6.811954E+00,20, 2.707989E+00,0, 0.000000E+00,0, 0.000000E+00,15, 2.955863E+01, 4.323530E-01, 8.498306E+00,NULL,NULL,1,mc_qqps,35
-21023,997,20227,202331,94C2, 9.125000E+01,41,18,59,41,18,-3.513763E+00, 1.012780E+01, 2.898901E+00, 6.185364E+01, 6.128997E+01, 1.494877E+00,-2.064381E+00, 5.169468E+00,-1.129206E+00, 9.350084E+01, 5.074598E+01, 2.544737E+01, 1.718890E-01,20, 1.282364E+00,1, 0.000000E+00,0, 0.000000E+00,13, 2.646057E+01, 5.246865E-01, 4.456981E+00,NULL,NULL,1,mc_qqps,35
-21023,998,20227,202351,94C2, 9.125000E+01,45,14,59,45,14, 3.992687E+00,-5.565511E+00, 3.800629E-01, 7.053863E+01, 6.978291E+01, 1.550731E+00, 8.883255E+00,-3.861602E+00, 5.586206E-01, 9.674939E+01, 6.184579E+01, 2.210295E+01, 3.412011E+00,19, 5.804727E+00,0, 0.000000E+00,0, 0.000000E+00,10, 1.908715E+01, 5.956635E-01, 7.236059E+00,NULL,NULL,1,mc_qqps,35
-21023,999,20227,202407,94C2, 9.125000E+01,25,11,36,25,11,-1.851384E+01, 1.187205E+01,-3.132060E+00, 5.783269E+01, 5.747768E+01, 2.299107E+00,-9.587383E+00, 6.354865E+00,-2.617510E+00, 7.433439E+01, 5.030837E+01, 5.687393E+00, 9.726073E+00,13, 1.207181E+01,0, 0.000000E+00,0, 0.000000E+00,7, 6.298581E+00, 5.657441E-01, 1.851320E+00,NULL,NULL,1,mc_qqps,35
-21023,1000,20227,202422,94C2, 9.125000E+01,22,10,32,22,10,-8.326812E+00,-1.675559E+00,-3.851061E+00, 4.139343E+01, 4.083595E+01, 1.856179E+00,-4.969537E+00,-1.372265E+00,-1.176273E+00, 6.967358E+01, 3.894834E+01, 1.100097E+01, 1.555637E+01,13, 6.404580E+00,2, 0.000000E+00,0, 0.000000E+00,6, 1.069248E+01, 6.412562E-01, 4.748403E+00,NULL,NULL,1,mc_qqps,35
-21023,1001,20227,202435,94C2, 9.125000E+01,50,18,68,50,18, 7.903845E+00,-5.133591E+00,-4.135713E-02, 4.978722E+01, 4.880384E+01, 9.760767E-01,-7.105291E+00,-2.798226E+00,-6.620440E-01, 9.455506E+01, 4.191702E+01, 2.106150E+01, 2.209871E+01,18, 2.636154E+00,1, 0.000000E+00,0, 0.000000E+00,10, 1.740188E+01, 7.881371E-01, 5.542938E+00,NULL,NULL,1,mc_qqps,35
-21023,1002,20227,202453,94C2, 9.125000E+01,45,18,63,45,18,-1.443218E+00,-2.237264E+00,-1.703561E+01, 3.888762E+01, 3.757306E+01, 8.349569E-01,-5.968606E-02,-2.459701E+00,-1.894588E+01, 5.666856E+01, 2.912132E+01, 1.355837E+01, 4.285758E+00,5, 0.000000E+00,6, 0.000000E+00,0, 0.000000E+00,4, 2.609670E+00, 4.241279E-01, 9.415362E-01,6, 0.000000E+00,1,mc_qqps,35
-21023,1003,20227,202519,94C2, 9.125000E+01,49,20,69,49,20,-4.678798E+00,-2.626151E-01,-1.261863E+00, 6.957973E+01, 6.878483E+01, 1.403772E+00, 1.017281E+01, 9.552659E+00,-6.228527E+00, 1.029306E+02, 6.574687E+01, 1.697532E+01, 1.592238E+01,9, 1.147375E-01,10, 0.000000E+00,0, 0.000000E+00,6, 9.576697E+00, 3.960716E-01, 6.403449E+00,NULL,NULL,1,mc_qqps,35
-21023,1004,20227,202539,94C2, 9.125000E+01,18,10,28,18,10, 8.718199E+00, 5.229027E+00, 3.465491E+00, 5.966004E+01, 5.943580E+01, 3.301989E+00, 1.210595E+01, 9.587593E+00, 6.780552E-01, 9.060410E+01, 5.865738E+01, 1.398460E+01, 1.695945E+01,9, 7.828541E+00,0, 0.000000E+00,0, 0.000000E+00,5, 1.304973E+01, 7.977439E-01, 5.121945E+00,NULL,NULL,1,mc_qqps,35
-21023,1005,20227,202554,94C2, 9.125000E+01,43,17,60,43,17, 7.085781E+00, 5.783834E+00,-2.349858E+01, 1.383198E+02, 1.372233E+02, 3.191239E+00,-2.696514E-03,-5.302787E+00, 3.527552E+00, 1.803506E+02, 7.418814E+01, 3.035156E+01, 1.169052E+01,2, 0.000000E+00,18, 1.317846E+01,0, 0.000000E+00,1, 9.466259E-01, 9.466259E-01, 9.466259E-01,NULL,NULL,1,mc_qqps,35
-21023,1006,20227,202611,94C2, 9.125000E+01,33,8,41,33,8, 1.134508E+01,-1.796549E-01,-1.359892E+01, 5.093308E+01, 4.953288E+01, 1.500996E+00, 1.538073E+01,-8.475405E-01,-1.737052E+01, 6.378009E+01, 4.568000E+01, 1.284701E+01, 0.000000E+00,8, 3.738492E-01,1, 0.000000E+00,0, 0.000000E+00,5, 6.175903E+00, 4.445216E-01, 3.351591E+00,NULL,NULL,1,mc_qqps,35
-21023,1007,20227,202629,94C2, 9.125000E+01,29,19,48,29,19, 1.280485E+00, 3.305621E+00,-1.922882E+01, 9.558020E+01, 9.520047E+01, 3.282775E+00, 1.707866E+00, 2.938462E+00,-1.417964E+01, 1.228686E+02, 5.905881E+00, 2.294849E+01, 3.970724E+00,3, 0.000000E+00,20, 1.793535E+01,0, 0.000000E+00,1, 3.727456E-01, 3.727456E-01, 3.727456E-01,3, 0.000000E+00,0,mc_qqps,35
-21023,1008,20227,202655,94C2, 9.125000E+01,23,11,34,23,11, 4.730746E+00,-4.941106E+00, 2.388165E+00, 4.953724E+01, 4.903387E+01, 2.131907E+00, 1.949506E+01,-3.001719E+01, 1.213766E+01, 8.641045E+01, 4.676659E+01, 2.164804E+01, 1.416951E+01,14, 5.431161E+00,0, 0.000000E+00,0, 0.000000E+00,9, 2.275680E+01, 3.268471E-01, 1.658281E+01,NULL,NULL,1,mc_qqps,35
-21023,1009,20227,202706,94C2, 9.125000E+01,39,15,54,39,15, 9.815563E+00, 1.393879E+01,-1.484289E+00, 6.903544E+01, 6.827194E+01, 1.750563E+00,-3.478982E+00,-8.448378E+00, 2.601309E+00, 1.062402E+02, 6.054346E+01, 2.974052E+01, 4.608829E+00,17, 5.420501E+00,0, 0.000000E+00,0, 0.000000E+00,11, 3.225890E+01, 6.650401E-01, 9.448940E+00,NULL,NULL,1,mc_qqps,35
-21023,1010,20227,202721,94C2, 9.125000E+01,34,12,46,34,12, 1.742054E+01, 2.078192E+00, 1.501833E+01, 4.192953E+01, 4.106501E+01, 1.207795E+00,-8.415266E+00,-2.319605E+00,-8.434016E+00, 8.529552E+01, 3.767710E+01, 4.179947E+01, 1.566506E+00,16, 2.764732E+00,0, 0.000000E+00,0, 0.000000E+00,9, 4.129281E+01, 6.512192E-01, 2.633958E+01,NULL,NULL,1,mc_qqps,35
-21023,1011,20227,202735,94C2, 9.125000E+01,27,14,41,27,14, 4.033315E-01, 2.132270E+00, 3.681466E-01, 6.780827E+01, 6.752111E+01, 2.500782E+00, 5.279828E+00,-3.191756E+00,-7.161366E+00, 9.106424E+01, 6.287352E+01, 1.748342E+01, 2.660535E+00,10, 0.000000E+00,6, 0.000000E+00,0, 0.000000E+00,6, 7.481084E+00, 5.194924E-01, 2.800874E+00,NULL,NULL,1,mc_qqps,35
-21023,1012,20227,202749,94C2, 9.125000E+01,28,19,47,28,19,-4.811537E-02,-6.009083E+00,-1.254615E+01, 3.534553E+01, 3.481612E+01, 1.243433E+00,-2.851280E+00,-4.621371E+00,-1.563756E+01, 8.795902E+01, 2.209574E+01, 3.040618E+01, 2.220731E+01,3, 0.000000E+00,10, 2.028585E+00,0, 0.000000E+00,3, 2.618282E+00, 6.263813E-01, 1.088201E+00,3, 0.000000E+00,1,mc_qqps,35
-21023,1013,20227,202805,94C2, 9.125000E+01,20,23,43,20,23, 1.987861E+00,-3.178189E+00, 3.516695E+00, 2.543006E+01, 2.512997E+01, 1.256499E+00, 8.725148E-02,-3.722679E+00,-1.739544E+00, 6.845675E+01, 2.248693E+01, 2.145508E+01, 1.826105E+01,21, 4.452672E+00,0, 0.000000E+00,0, 0.000000E+00,18, 2.332162E+01, 4.910512E-01, 3.742514E+00,NULL,NULL,1,mc_qqps,35
-21023,1014,20227,202819,94C2, 9.125000E+01,19,14,33,19,14,-2.679285E+00,-1.344019E+01, 1.414247E+00, 3.533096E+01, 3.505117E+01, 1.844798E+00,-4.976637E+00, 3.064378E+00,-9.891320E+00, 7.193988E+01, 3.335303E+01, 2.977494E+01, 5.656084E+00,14, 2.467727E+00,0, 0.000000E+00,0, 0.000000E+00,10, 3.035708E+01, 6.290010E-01, 1.273797E+01,NULL,NULL,1,mc_qqps,35
-21023,1015,20227,202834,94C2, 9.125000E+01,23,19,42,23,19,-1.993027E+01, 1.232993E+01, 6.963278E+01, 1.777433E+02, 1.773634E+02, 7.711451E+00,-1.864638E+01, 7.089693E+00, 7.402723E+01, 2.054449E+02, 6.530677E+00, 2.134118E+01, 6.360342E+00,2, 0.000000E+00,20, 6.062876E+00,0, 0.000000E+00,2, 1.579890E+00, 6.426389E-01, 9.372512E-01,1, 0.000000E+00,0,mc_qqps,35
-21023,1016,20227,202848,94C2, 9.125000E+01,28,20,48,28,20,-1.293974E+01, 1.099744E+01,-1.842743E+01, 4.387276E+01, 4.326986E+01, 1.545352E+00,-7.431095E+00, 9.427832E+00,-1.436580E+01, 7.659660E+01, 4.106342E+01, 1.561383E+01, 1.512191E+01,10, 4.447042E+00,5, 0.000000E+00,0, 0.000000E+00,8, 1.260503E+01, 6.176886E-01, 3.505645E+00,1, 0.000000E+00,1,mc_qqps,35
-21023,1017,20227,202906,94C2, 9.125000E+01,32,14,46,32,14, 2.988317E+00,-5.264114E-01, 1.353136E+00, 5.005171E+01, 4.896460E+01, 1.530144E+00,-9.859016E+00, 7.651492E+00,-1.176739E+00, 7.556929E+01, 4.503582E+01, 2.503756E+01, 0.000000E+00,18, 6.302311E+00,0, 0.000000E+00,0, 0.000000E+00,13, 2.523866E+01, 4.800122E-01, 5.726449E+00,NULL,NULL,1,mc_qqps,35
-21023,1018,20227,202920,94C2, 9.125000E+01,22,8,30,22,8,-6.755579E-01,-1.183005E-01, 1.151976E+00, 6.234056E+01, 6.193931E+01, 2.815423E+00, 3.473351E+00, 4.806424E+00,-7.979323E+00, 7.788484E+01, 5.902840E+01, 1.279851E+01, 2.745774E+00,1, 0.000000E+00,7, 5.596344E-01,0, 0.000000E+00,1, 9.859234E-01, 9.859234E-01, 9.859234E-01,NULL,NULL,1,mc_qqps,35
-21023,1019,20227,202936,94C2, 9.125000E+01,26,6,32,26,6, 8.510171E-01,-5.746934E+00, 3.084166E-01, 6.673363E+01, 6.628065E+01, 2.549256E+00,-2.483049E+00, 1.831096E+00,-9.707800E-02, 8.417863E+01, 6.008091E+01, 1.573722E+01, 2.460841E-01,12, 2.583402E+00,0, 0.000000E+00,0, 0.000000E+00,5, 1.719892E+01, 9.872731E-01, 1.008896E+01,NULL,NULL,1,mc_qqps,35
-21023,1020,20227,202948,94C2, 9.125000E+01,21,17,38,21,17, 3.067042E+00,-2.467475E+00, 5.347811E+00, 5.194054E+01, 5.156391E+01, 2.455424E+00,-6.493273E+00,-5.934054E-01,-6.152201E+00, 8.309540E+01, 4.937327E+01, 2.615318E+01, 4.251884E+00,1, 0.000000E+00,12, 3.281388E+00,0, 0.000000E+00,1, 7.497894E-01, 7.497894E-01, 7.497894E-01,NULL,NULL,1,mc_qqps,35
-21023,1021,20227,203005,94C2, 9.125000E+01,29,18,47,29,18,-5.794699E-01, 9.458221E-01, 1.323110E+00, 6.392553E+01, 6.337206E+01, 2.185243E+00, 5.352111E-01, 2.089063E+00,-2.495450E+00, 1.174392E+02, 6.199122E+01, 3.709449E+01, 7.384397E+00,16, 6.441881E+00,1, 0.000000E+00,0, 0.000000E+00,12, 2.894353E+01, 6.550519E-01, 6.740829E+00,NULL,NULL,1,mc_qqps,35
-21023,1022,20227,203021,94C2, 9.125000E+01,56,14,70,56,14, 4.834300E+01, 6.791643E+01, 7.695261E+01, 1.710403E+02, 1.693216E+02, 3.023600E+00, 3.533591E+01, 6.543736E+01, 7.500905E+01, 1.898049E+02, 4.165237E+01, 1.522738E+01, 1.317862E+00,17, 4.964018E-01,0, 0.000000E+00,0, 0.000000E+00,12, 1.744676E+01, 5.386473E-01, 3.920347E+00,NULL,NULL,1,mc_qqps,35
-21023,1023,20227,203049,94C2, 9.125000E+01,51,22,73,51,22, 5.047420E+00, 1.454988E+00, 1.296560E+00, 5.743565E+01, 5.630583E+01, 1.104036E+00, 2.762058E-01,-7.015945E-01,-3.205885E+00, 8.473073E+01, 2.632246E+01, 1.957238E+01, 6.981294E+00,3, 0.000000E+00,21, 4.035088E+00,0, 0.000000E+00,2, 4.584071E+00, 1.049594E+00, 3.534477E+00,NULL,NULL,1,mc_qqps,35
-21023,1024,20227,203108,94C2, 9.125000E+01,27,12,39,27,12, 8.766777E+00, 3.958215E+00,-8.882537E-01, 4.168404E+01, 4.118420E+01, 1.525341E+00, 1.328654E+00,-1.382947E+00, 7.660959E-01, 7.220836E+01, 3.326823E+01, 2.869406E+01, 0.000000E+00,13, 2.291214E-01,2, 0.000000E+00,0, 0.000000E+00,9, 2.908793E+01, 5.446249E-01, 1.118041E+01,NULL,NULL,1,mc_qqps,35
-21023,1025,20227,203119,94C2, 9.125000E+01,27,21,48,27,21,-6.530391E+00, 5.642884E+00, 3.571402E+01, 7.552359E+01, 7.509988E+01, 2.781477E+00,-5.208662E+00, 5.960083E+00, 3.083079E+01, 9.607802E+01, 1.309302E+01, 1.648469E+01, 4.069735E+00,1, 0.000000E+00,23, 2.260741E+01,0, 0.000000E+00,NULL,NULL,NULL,NULL,NULL,NULL,1,mc_qqps,35
-21023,1026,20227,203134,94C2, 9.125000E+01,24,14,38,24,14,-5.092666E+00, 2.940553E+00,-1.249052E-01, 4.293504E+01, 4.260612E+01, 1.775255E+00,-2.874002E+00, 1.802370E+00,-9.172322E-01, 8.904919E+01, 4.191533E+01, 3.677863E+01, 6.565310E+00,19, 5.349037E+00,0, 0.000000E+00,0, 0.000000E+00,10, 3.668402E+01, 9.016845E-01, 9.603773E+00,NULL,NULL,1,mc_qqps,35
-21023,1027,20227,203148,94C2, 9.125000E+01,42,15,57,42,15, 5.657999E+00,-3.272557E+00,-5.462034E+01, 1.442522E+02, 1.435751E+02, 3.418454E+00, 4.333028E+00,-2.922916E+00,-5.242652E+01, 1.819908E+02, 6.361292E+01, 1.718816E+01, 1.966785E+01,12, 5.182615E+00,7, 0.000000E+00,0, 0.000000E+00,7, 1.322201E+01, 8.961509E-01, 3.905011E+00,NULL,NULL,1,mc_qqps,35
-21023,1028,20227,203203,94C2, 9.125000E+01,50,18,68,50,18, 3.546533E+00, 7.797799E-01, 2.608990E+01, 8.981497E+01, 8.889748E+01, 1.777950E+00, 2.963121E+00, 1.081874E+00, 2.996766E+01, 1.142757E+02, 1.242660E+01, 1.426696E+01, 1.027272E+01,4, 0.000000E+00,11, 0.000000E+00,0, 0.000000E+00,1, 8.516281E-01, 8.516281E-01, 8.516281E-01,3, 0.000000E+00,1,mc_qqps,35
-21023,1029,20227,203220,94C2, 9.125000E+01,53,10,63,53,10, 1.173781E-01,-2.113033E+00,-2.958909E+00, 7.184211E+01, 7.046824E+01, 1.329589E+00,-2.064199E+00,-3.151670E+00,-8.199775E+00, 8.638619E+01, 5.325522E+01, 1.049597E+01, 4.200675E+00,10, 5.318288E-01,0, 0.000000E+00,0, 0.000000E+00,5, 1.002331E+01, 9.811762E-01, 4.114742E+00,NULL,NULL,1,mc_qqps,35
-21023,1030,20227,203239,94C2, 9.125000E+01,49,14,63,49,14, 3.753515E+00, 5.369648E+00, 1.703641E+00, 7.548959E+01, 7.443490E+01, 1.519080E+00,-4.761534E-01,-7.686558E-01,-1.761509E+00, 1.138404E+02, 5.741479E+01, 1.387096E+01, 2.402323E+01,16, 8.268168E+00,0, 0.000000E+00,0, 0.000000E+00,5, 3.805552E+00, 5.072089E-01, 1.593132E+00,NULL,NULL,1,mc_qqps,35
-21023,1031,20227,203256,94C2, 9.125000E+01,43,16,59,43,16, 7.400048E+00,-5.672340E+00,-6.099288E+00, 7.994070E+01, 7.899432E+01, 1.837077E+00, 1.511417E+01,-9.908421E+00,-7.451795E+00, 1.057836E+02, 4.491864E+01, 2.278601E+01, 1.746263E+00,19, 4.701033E+00,4, 0.000000E+00,0, 0.000000E+00,12, 2.166385E+01, 7.720564E-01, 7.557419E+00,NULL,NULL,1,mc_qqps,35
-21023,1032,20227,203313,94C2, 9.125000E+01,24,4,28,24,4,-1.134786E+00, 8.001165E+00, 1.296511E+00, 7.166425E+01, 7.144972E+01, 2.977072E+00,-1.052688E+00,-2.722487E+00,-4.552767E-01, 9.357725E+01, 6.659598E+01, 2.075334E+01, 1.159663E+00,8, 1.711787E+00,0, 0.000000E+00,0, 0.000000E+00,3, 2.075334E+01, 1.530177E+00, 1.495979E+01,NULL,NULL,1,mc_qqps,35
-21023,1033,20227,203323,94C2, 9.125000E+01,32,14,46,32,14, 1.076833E+01,-2.495996E+00, 5.079003E+00, 4.260752E+01, 4.201483E+01, 1.312963E+00,-3.095477E+00,-3.604909E+00, 1.670709E+00, 8.739774E+01, 3.578752E+01, 1.170416E+01, 2.790071E+01,15, 1.943084E-01,2, 0.000000E+00,0, 0.000000E+00,9, 1.401099E+01, 4.645600E-01, 5.196744E+00,NULL,NULL,1,mc_qqps,35
-21023,1034,20227,203341,94C2, 9.125000E+01,41,17,58,41,17,-2.794605E+00, 6.635147E-01,-4.319527E+00, 5.801469E+01, 5.726904E+01, 1.396806E+00, 1.989516E+00,-6.208295E-01, 2.600255E+00, 9.599499E+01, 5.195596E+01, 2.386418E+01, 1.147881E+01,17, 0.000000E+00,2, 0.000000E+00,0, 0.000000E+00,13, 2.413988E+01, 3.409167E-01, 8.289319E+00,NULL,NULL,1,mc_qqps,35
-21023,1035,20227,203358,94C2, 9.125000E+01,31,18,49,31,18,-1.021382E+01,-7.347221E+00,-8.015390E+00, 4.827965E+01, 4.771030E+01, 1.539042E+00,-4.705646E+00,-4.335902E+00,-6.251458E+00, 8.743580E+01, 4.314025E+01, 3.594375E+01, 2.687982E+00,18, 2.172760E+00,2, 0.000000E+00,0, 0.000000E+00,14, 3.104980E+01, 4.804651E-01, 1.045966E+01,NULL,NULL,1,mc_qqps,35
-21023,1036,20227,203412,94C2, 9.125000E+01,32,9,41,32,9,-3.422469E+00, 1.462889E-01,-1.401154E+00, 8.574634E+01, 8.500759E+01, 2.656487E+00, 4.837411E+00,-5.518213E+00,-2.207089E+00, 1.065006E+02, 6.491162E+01, 2.023662E+01, 0.000000E+00,12, 1.082195E+00,0, 0.000000E+00,0, 0.000000E+00,8, 1.753683E+01, 5.190121E-01, 6.780120E+00,NULL,NULL,1,mc_qqps,35
-21023,1037,20227,203425,94C2, 9.125000E+01,28,6,34,28,6, 1.493300E+00,-4.505358E+00, 1.204549E+00, 7.226660E+01, 7.183625E+01, 2.565580E+00, 1.246528E+00,-5.770559E+00, 5.862731E-02, 9.218099E+01, 6.796846E+01, 7.898846E+00, 1.205799E+01,12, 3.509806E+00,1, 0.000000E+00,0, 0.000000E+00,3, 7.548526E+00, 1.781764E+00, 3.676486E+00,NULL,NULL,1,mc_qqps,35
-21023,1038,20227,203438,94C2, 9.125000E+01,19,8,27,19,8,-2.538423E+00, 1.023087E+00,-2.818374E+00, 2.663559E+01, 2.620326E+01, 1.379119E+00, 5.912528E+00,-1.634924E+00, 3.218657E+00, 7.682884E+01, 2.593005E+01, 4.171409E+01, 3.983219E+00,10, 2.685382E+00,0, 0.000000E+00,0, 0.000000E+00,6, 4.603959E+01, 7.077662E-01, 1.633768E+01,NULL,NULL,1,mc_qqps,35
-21023,1039,20227,203450,94C2, 9.125000E+01,46,15,61,46,15,-1.206731E+00, 3.447186E+00,-3.716570E+00, 6.405322E+01, 6.322686E+01, 1.374497E+00, 2.835957E+00, 9.764456E-01, 3.711041E+00, 8.044234E+01, 2.268142E+01, 1.418445E+01, 2.358664E+00,1, 0.000000E+00,15, 2.167803E+00,0, 0.000000E+00,1, 7.781796E-01, 7.781796E-01, 7.781796E-01,NULL,NULL,1,mc_qqps,35
-21023,1040,20227,203509,94C2, 9.125000E+01,36,12,48,36,12, 2.059932E+00, 6.189039E+00, 1.780161E+00, 6.393987E+01, 6.338232E+01, 1.760620E+00,-1.854970E+00, 5.334234E+00, 3.014901E+00, 8.688232E+01, 5.776469E+01, 2.227550E+01, 0.000000E+00,17, 9.708573E-01,4, 0.000000E+00,0, 0.000000E+00,10, 2.190205E+01, 3.943222E-01, 5.139155E+00,NULL,NULL,1,mc_qqps,35
-21023,1041,20227,203525,94C2, 9.125000E+01,25,15,40,25,15, 7.876942E+00,-6.324607E+00, 1.451563E+00, 5.329454E+01, 5.258867E+01, 2.103547E+00, 7.108529E-01,-1.924795E-02, 5.780028E-02, 8.280656E+01, 5.044860E+01, 2.268129E+01, 0.000000E+00,14, 6.976970E-01,0, 0.000000E+00,0, 0.000000E+00,12, 1.934356E+01, 4.469684E-01, 5.057378E+00,NULL,NULL,1,mc_qqps,35
-21023,1042,20227,203537,94C2, 9.125000E+01,21,13,34,21,13, 2.259031E+00, 8.622509E+00, 1.560656E+00, 5.908049E+01, 5.883410E+01, 2.801624E+00, 3.397971E+00, 3.656265E+00, 1.814260E+00, 8.848425E+01, 5.224806E+01, 2.753314E+01, 8.819568E-01,19, 5.583271E+00,0, 0.000000E+00,0, 0.000000E+00,11, 2.204032E+01, 4.240071E-01, 4.734671E+00,NULL,NULL,1,mc_qqps,35
-21023,1043,20227,203549,94C2, 9.125000E+01,24,18,42,24,18, 6.717161E+00, 1.371566E+01,-1.743160E+01, 4.901043E+01, 4.854327E+01, 2.022636E+00, 8.538707E-01, 4.349511E+00,-7.092555E+00, 8.320441E+01, 4.547348E+01, 2.849346E+01, 5.700537E+00,15, 5.711527E+00,2, 0.000000E+00,0, 0.000000E+00,12, 2.433166E+01, 4.550201E-01, 7.271603E+00,NULL,NULL,1,mc_qqps,35
-21023,1044,20227,203606,94C2, 9.125000E+01,25,9,34,25,9,-1.139328E+00,-1.854125E+01, 6.923769E+02, 7.428080E+02, 7.425474E+02, 2.970189E+01,-1.502262E+00,-1.802389E+01, 6.931772E+02, 7.524475E+02, 4.061810E+01, 8.449084E+00, 1.190356E+00,2, 0.000000E+00,12, 1.062496E+00,0, 0.000000E+00,1, 4.764935E-01, 4.764935E-01, 4.764935E-01,NULL,NULL,1,mc_qqps,35
-21023,1045,20227,203621,94C2, 9.125000E+01,31,13,44,31,13,-1.823370E+01, 2.191236E+01,-1.269407E+01, 9.361007E+01, 9.328365E+01, 3.009150E+00,-1.123016E+01, 1.162900E+01,-4.958032E+00, 1.191883E+02, 6.294849E+01, 1.373978E+01, 4.260875E+00,17, 4.039266E+00,0, 0.000000E+00,0, 0.000000E+00,9, 2.093614E+01, 7.872713E-01, 4.338365E+00,NULL,NULL,1,mc_qqps,35
-21023,1046,20227,203634,94C2, 9.125000E+01,26,11,37,26,11,-1.818645E+01, 2.285270E+00, 9.695293E-01, 5.198819E+01, 5.127494E+01, 1.972113E+00, 5.153574E-01, 2.340803E-01,-8.775817E-02, 7.326069E+01, 4.999365E+01, 2.032647E+01, 0.000000E+00,14, 2.022383E+00,0, 0.000000E+00,0, 0.000000E+00,9, 2.026181E+01, 3.625844E-01, 7.544763E+00,NULL,NULL,1,mc_qqps,35
-21023,1047,20227,203656,94C2, 9.125000E+01,25,7,32,25,7, 2.275086E+00, 4.205261E+00,-5.768157E+00, 4.679227E+01, 4.639041E+01, 1.855616E+00, 6.806743E-01, 2.253431E+00, 1.778610E+00, 8.815802E+01, 4.104314E+01, 3.683311E+01, 3.391906E+00,9, 5.415118E+00,1, 0.000000E+00,0, 0.000000E+00,6, 3.801163E+01, 9.961943E-01, 1.542611E+01,NULL,NULL,1,mc_qqps,35
-21023,1048,20227,203711,94C2, 9.125000E+01,31,21,52,31,21,-9.061657E+00,-2.573640E+00,-1.188817E+01, 4.036970E+01, 3.977515E+01, 1.283069E+00,-5.807390E+00,-3.595578E+00,-7.238997E+00, 7.570982E+01, 3.649347E+01, 1.813164E+01, 1.126762E+01,16, 1.089474E+00,4, 0.000000E+00,0, 0.000000E+00,14, 1.893400E+01, 4.275331E-01, 3.217244E+00,NULL,NULL,1,mc_qqps,35
-21023,1049,20227,203736,94C2, 9.125000E+01,26,18,44,26,18,-3.326251E+00,-5.079839E-01, 1.263212E-01, 5.047864E+01, 5.008583E+01, 1.926378E+00,-7.758905E+00, 2.444059E+00,-1.379215E+00, 9.120609E+01, 4.778741E+01, 2.742379E+01, 7.918864E+00,18, 7.996288E+00,0, 0.000000E+00,0, 0.000000E+00,16, 3.249996E+01, 7.098796E-01, 8.056320E+00,NULL,NULL,1,mc_qqps,35
-21023,1050,20227,203754,94C2, 9.125000E+01,20,8,28,20,8, 2.526641E+00, 3.187761E+00, 5.109458E+00, 5.846469E+01, 5.805140E+01, 2.902570E+00, 8.443444E-01, 4.219354E-01, 8.359507E-02, 6.994038E+01, 5.659431E+01, 1.081202E+01, 0.000000E+00,5, 0.000000E+00,3, 0.000000E+00,0, 0.000000E+00,4, 6.069448E+00, 5.269625E-01, 2.690913E+00,NULL,NULL,1,mc_qqps,35
-21023,1051,20227,203808,94C2, 9.125000E+01,41,19,60,41,19, 1.661624E+00,-2.640476E+00,-3.498518E+00, 5.498310E+01, 5.410025E+01, 1.319518E+00,-2.082835E+00,-5.564042E+00,-8.554285E+00, 8.760374E+01, 4.048622E+01, 2.723215E+01, 5.552972E+00,2, 0.000000E+00,15, 9.109765E-01,0, 0.000000E+00,2, 2.420685E+00, 7.540382E-01, 1.666647E+00,NULL,NULL,1,mc_qqps,35
-21023,1052,20227,203829,94C2, 9.125000E+01,35,4,39,35,4, 8.574579E+00,-3.502061E+00,-9.997679E+00, 9.812830E+01, 9.733708E+01, 2.781060E+00, 6.051241E+00,-2.259275E+00,-6.980104E+00, 1.025942E+02, 8.725508E+01, 4.465882E+00, 0.000000E+00,2, 0.000000E+00,5, 0.000000E+00,0, 0.000000E+00,1, 6.791220E-01, 6.791220E-01, 6.791220E-01,NULL,NULL,1,mc_qqps,35
-21023,1053,20227,203852,94C2, 9.125000E+01,47,14,61,47,14, 1.183849E+00, 2.255247E+00,-1.062563E+00, 5.949474E+01, 5.841550E+01, 1.242883E+00, 3.657014E+00, 3.170240E+00, 2.555782E+00, 9.907146E+01, 5.263544E+01, 2.583134E+01, 1.668426E+00,14, 1.279250E-01,0, 0.000000E+00,0, 0.000000E+00,11, 3.421228E+01, 7.194068E-01, 7.774727E+00,NULL,NULL,1,mc_qqps,35
-21023,1054,20227,203908,94C2, 9.125000E+01,43,13,56,43,13, 6.658701E-01, 5.599922E+00, 3.021181E+00, 6.263232E+01, 6.086790E+01, 1.415533E+00,-1.924130E+00, 2.504035E-01,-2.535700E-01, 9.344610E+01, 5.661826E+01, 2.837824E+01, 0.000000E+00,18, 8.265450E+00,0, 0.000000E+00,0, 0.000000E+00,12, 3.039181E+01, 4.477634E-01, 1.198072E+01,NULL,NULL,1,mc_qqps,35
-21023,1055,20227,203927,94C2, 9.125000E+01,16,7,23,16,7, 1.136778E+01,-5.781742E+00,-2.253713E-01, 7.244984E+01, 7.233246E+01, 4.520779E+00, 6.761586E+00,-4.050310E+00, 7.816548E-01, 9.156581E+01, 6.690844E+01, 1.556561E+01, 3.584916E-01,12, 2.712701E+00,1, 0.000000E+00,0, 0.000000E+00,5, 1.834827E+01, 4.212246E-01, 1.010141E+01,NULL,NULL,1,mc_qqps,35
-21023,1056,20227,203936,94C2, 9.125000E+01,36,14,50,36,14,-5.944142E+00,-5.234605E+00, 6.906075E+00, 7.916090E+01, 7.838854E+01, 2.177459E+00,-2.682281E+00,-6.366839E+00, 1.056801E+01, 9.762096E+01, 6.120039E+01, 1.347290E+01, 2.285621E+00,10, 1.609770E+00,6, 0.000000E+00,0, 0.000000E+00,5, 1.364939E+01, 9.240342E-01, 4.792735E+00,NULL,NULL,1,mc_qqps,35
-21023,1057,20227,203954,94C2, 9.125000E+01,5,8,13,5,8,-1.053371E+00,-1.265505E+00, 1.246717E+00, 4.403993E+00, 4.333431E+00, 8.666862E-01,-4.408177E-01, 7.773986E-01, 1.356394E+01, 4.411392E+01, 4.363241E+00, 3.812741E+01, 1.582515E+00,1, 0.000000E+00,0, 0.000000E+00,0, 0.000000E+00,NULL,NULL,NULL,NULL,7, 3.226226E-01,0,mc_qqps,35
-21023,1058,20227,204025,94C2, 9.125000E+01,37,14,51,37,14,-1.368189E+01,-1.279083E+01, 1.897691E+01, 5.879019E+01, 5.789708E+01, 1.564786E+00, 8.999199E-01,-5.359720E-01, 1.225343E+00, 9.054931E+01, 5.259476E+01, 1.593977E+01, 1.581934E+01,11, 1.041288E+00,5, 0.000000E+00,0, 0.000000E+00,6, 1.026311E+01, 4.698518E-01, 3.078885E+00,NULL,NULL,1,mc_qqps,35
-21023,1059,20227,204043,94C2, 9.125000E+01,18,8,26,18,8, 1.773451E+00, 3.600800E-01,-1.919069E-01, 5.675022E+01, 5.656052E+01, 3.142251E+00, 2.064167E+00, 6.008955E+00, 4.423749E+00, 6.785223E+01, 5.118135E+01, 6.607420E+00, 4.494585E+00,6, 2.852695E+00,4, 0.000000E+00,0, 0.000000E+00,3, 4.951622E+00, 9.462427E-01, 2.900939E+00,NULL,NULL,1,mc_qqps,35
-21023,1060,20227,204056,94C2, 9.125000E+01,27,16,43,27,16, 3.495303E+00,-2.234792E+00,-4.727308E+00, 2.944042E+01, 2.887352E+01, 1.069390E+00, 1.346530E+00,-9.715828E-01,-2.978011E+00, 6.388335E+01, 1.798165E+01, 1.760643E+01, 1.689822E+01,5, 9.049274E-01,9, 3.431438E+00,0, 0.000000E+00,2, 2.115445E+00, 6.413000E-01, 1.474145E+00,NULL,NULL,1,mc_qqps,35
-21023,1061,20227,204111,94C2, 9.125000E+01,28,12,40,28,12, 1.793974E+01, 5.313594E+00, 1.558631E+01, 1.022469E+02, 1.017982E+02, 3.635651E+00, 1.977646E+01, 6.248782E+00, 1.738977E+01, 1.264939E+02, 9.530432E+01, 7.858301E+00, 7.781421E+00,11, 6.303384E-01,0, 0.000000E+00,0, 0.000000E+00,8, 1.540724E+01, 5.518791E-01, 5.403324E+00,NULL,NULL,1,mc_qqps,35
-21023,1062,20227,204122,94C2, 9.125000E+01,23,6,29,23,6,-1.689045E+00,-7.836919E+00, 7.535172E+00, 7.823223E+01, 7.783228E+01, 3.384012E+00,-2.348360E+00,-6.031520E+00, 5.012152E+00, 8.281855E+01, 7.304342E+01, 3.504071E+00, 1.082251E+00,6, 4.777210E+00,1, 0.000000E+00,0, 0.000000E+00,2, 1.751759E+00, 7.234069E-01, 1.028352E+00,NULL,NULL,1,mc_qqps,35
-21023,1063,20227,204137,94C2, 9.125000E+01,8,10,18,8,10, 1.115007E+00,-4.187536E-02, 1.410197E+00, 9.442284E+00, 9.331272E+00, 1.166409E+00,-3.474661E+00,-3.760542E+00,-2.703238E+01, 5.923232E+01, 5.422194E+00, 4.830018E+01, 1.489854E+00,0, 0.000000E+00,5, 0.000000E+00,0, 0.000000E+00,NULL,NULL,NULL,NULL,3, 0.000000E+00,0,mc_qqps,35
-21023,1064,20227,204154,94C2, 9.125000E+01,19,11,30,19,11,-5.800174E+00, 8.483155E+00, 1.754537E+01, 4.085916E+01, 4.052868E+01, 2.133088E+00, 2.376967E+00,-6.171381E+00, 3.807464E-01, 9.266331E+01, 3.667317E+01, 7.973090E+00, 4.383105E+01,1, 0.000000E+00,8, 5.931357E-01,0, 0.000000E+00,1, 7.801188E-01, 7.801188E-01, 7.801188E-01,NULL,NULL,1,mc_qqps,35
-21023,1065,20227,204213,94C2, 9.125000E+01,27,20,47,27,20,-3.275387E+01,-1.162462E+01,-1.795814E+02, 2.298778E+02, 2.294714E+02, 8.498942E+00,-3.647372E+01,-1.382260E+01,-1.671120E+02, 2.638423E+02, 3.456286E+01, 3.396452E+01, 0.000000E+00,3, 0.000000E+00,18, 1.452934E+01,0, 0.000000E+00,2, 4.284373E+00, 1.340519E+00, 2.943854E+00,3, 0.000000E+00,1,mc_qqps,35
-21023,1066,20227,204231,94C2, 9.125000E+01,30,20,50,30,20,-6.682636E+00,-2.835544E+00, 2.016321E+01, 7.323583E+01, 7.291134E+01, 2.430378E+00,-7.966840E+00,-3.103920E+00, 2.275815E+01, 9.798676E+01, 5.123204E+01, 2.475093E+01, 0.000000E+00,0, 0.000000E+00,29, 9.496244E+00,0, 0.000000E+00,NULL,NULL,NULL,NULL,1, 0.000000E+00,1,mc_qqps,35
-21023,1067,20227,204247,94C2, 9.125000E+01,22,10,32,22,10, 2.174120E+00, 1.567401E+00, 7.992718E+00, 5.046517E+01, 5.005923E+01, 2.275419E+00, 1.607632E+00, 2.611165E+00, 6.956025E+00, 6.788227E+01, 3.648244E+01, 1.314127E+01, 0.000000E+00,5, 0.000000E+00,12, 8.179037E+00,0, 0.000000E+00,2, 4.275839E+00, 8.841386E-01, 3.391701E+00,3, 0.000000E+00,1,mc_qqps,35
-21023,1068,20227,204302,94C2, 9.125000E+01,38,9,47,38,9, 1.334347E+00, 2.027273E-01, 5.970358E+00, 7.034544E+01, 6.972533E+01, 1.834877E+00, 5.890611E-01, 3.846959E+00, 5.265939E+00, 8.664559E+01, 6.604956E+01, 1.630016E+01, 0.000000E+00,15, 8.542409E-01,0, 0.000000E+00,0, 0.000000E+00,6, 1.070505E+01, 5.542106E-01, 3.486367E+00,NULL,NULL,1,mc_qqps,35
-21023,1069,20227,204322,94C2, 9.125000E+01,45,8,53,45,8,-8.291088E+00, 7.216125E+00,-1.417011E+01, 7.295634E+01, 7.227064E+01, 1.606014E+00,-5.132952E+00, 2.426225E+00,-8.007275E+00, 8.370048E+01, 5.247806E+01, 1.074414E+01, 0.000000E+00,8, 1.613871E-01,7, 0.000000E+00,0, 0.000000E+00,4, 7.390107E+00, 7.288057E-01, 3.254679E+00,1, 0.000000E+00,1,mc_qqps,35
-21023,1070,20227,204338,94C2, 9.125000E+01,32,18,50,32,18,-7.381124E+00,-1.517469E+01,-2.306243E+00, 6.146042E+01, 6.085115E+01, 1.901598E+00,-2.876471E+00,-6.844957E+00,-2.388440E+00, 1.056508E+02, 5.897363E+01, 3.126526E+01, 1.112083E+01,20, 2.806572E+00,0, 0.000000E+00,0, 0.000000E+00,12, 3.024834E+01, 5.924973E-01, 9.342302E+00,NULL,NULL,1,mc_qqps,35
-21023,1071,20227,204353,94C2, 9.125000E+01,32,16,48,32,16,-7.723423E+00, 3.301387E+00,-7.370959E+00, 6.583918E+01, 6.525529E+01, 2.039228E+00,-8.942206E-02,-1.478942E+00,-1.297718E+00, 8.455769E+01, 6.258852E+01, 1.611500E+01, 0.000000E+00,23, 5.740911E+00,1, 0.000000E+00,0, 0.000000E+00,13, 1.753198E+01, 4.294554E-01, 2.457814E+00,NULL,NULL,1,mc_qqps,35
-21023,1072,20227,204414,94C2, 9.125000E+01,14,5,19,14,5, 3.447741E+01,-3.699425E+00,-1.153465E+01, 5.120377E+01, 5.107351E+01, 3.648108E+00, 3.009186E+01,-2.729578E+00,-1.004070E+01, 5.935821E+01, 4.597398E+01, 7.143187E+00, 0.000000E+00,12, 3.744334E+00,0, 0.000000E+00,0, 0.000000E+00,5, 8.154441E+00, 4.414761E-01, 4.477739E+00,NULL,NULL,1,mc_qqps,35
-21023,1073,20227,204424,94C2, 9.125000E+01,19,17,36,19,17, 9.314082E-02, 7.909009E-01,-6.240523E+00, 1.988211E+01, 1.937568E+01, 1.019773E+00, 1.810025E+00,-4.318912E-01,-1.522682E+01, 4.638159E+01, 1.024956E+01, 2.129727E+01, 5.202206E+00,2, 3.566560E-01,13, 1.054178E+00,0, 0.000000E+00,NULL,NULL,NULL,NULL,3, 0.000000E+00,0,mc_qqps,35
-21023,1074,20227,204452,94C2, 9.125000E+01,22,15,37,22,15,-5.987981E+00,-3.659799E-01, 6.639175E+00, 6.670847E+01, 6.636074E+01, 3.016397E+00,-1.441177E+00,-1.340628E+00, 1.954225E+00, 8.647434E+01, 6.457608E+01, 1.546272E+01, 1.626111E+00,15, 8.606738E+00,0, 0.000000E+00,0, 0.000000E+00,11, 1.653545E+01, 5.656439E-01, 3.146406E+00,NULL,NULL,1,mc_qqps,35
-21023,1075,20227,204505,94C2, 9.125000E+01,20,13,33,20,13, 2.637362E+00, 1.027783E+01,-1.461985E+01, 4.142614E+01, 4.115164E+01, 2.057582E+00, 2.026766E+00, 1.280218E+01,-1.322033E+01, 6.536027E+01, 4.094173E+01, 1.159056E+01, 8.304081E+00,14, 2.081690E+00,0, 0.000000E+00,0, 0.000000E+00,10, 1.389276E+01, 5.643407E-01, 2.850116E+00,NULL,NULL,1,mc_qqps,35
-21023,1076,20227,204522,94C2, 9.125000E+01,34,10,44,34,10, 1.786572E-01, 6.895473E+00,-4.715538E+00, 5.320949E+01, 5.264814E+01, 1.548475E+00,-1.233767E+00, 1.071180E+01,-8.356555E+00, 6.636743E+01, 4.841075E+01, 8.675521E+00, 4.482419E+00,11, 1.830341E+00,0, 0.000000E+00,0, 0.000000E+00,4, 7.750299E+00, 4.988405E-01, 5.413246E+00,NULL,NULL,1,mc_qqps,35
-21023,1077,20227,204536,94C2, 9.125000E+01,47,20,67,47,20,-3.037232E+00, 3.727951E+00,-6.843402E+00, 5.123016E+01, 5.031664E+01, 1.070567E+00,-1.870932E+01, 3.967417E+00,-9.656477E+00, 9.233382E+01, 2.734354E+01, 1.247171E+01, 2.729604E+01,10, 0.000000E+00,8, 0.000000E+00,0, 0.000000E+00,7, 7.145492E+00, 3.703533E-01, 1.763183E+00,2, 0.000000E+00,1,mc_qqps,35
-21023,1078,20227,204601,94C2, 9.125000E+01,44,16,60,44,16, 3.471763E-01, 3.035017E+00,-2.994104E+00, 5.786991E+01, 5.695461E+01, 1.294423E+00,-1.222700E+00, 5.654420E-01, 2.720238E+00, 7.166743E+01, 4.942300E+01, 1.210287E+01, 1.141651E+00,4, 1.339526E+00,21, 4.760444E+00,0, 0.000000E+00,1, 5.529954E-01, 5.529954E-01, 5.529954E-01,1, 0.000000E+00,1,mc_qqps,35
-21023,1079,20227,204621,94C2, 9.125000E+01,37,5,42,37,5, 6.123797E-01,-1.149397E-01, 9.257179E-01, 8.447426E+01, 8.364969E+01, 2.260803E+00,-1.189878E+00, 2.936739E+00, 2.785181E+00, 9.531151E+01, 8.147195E+01, 1.025371E+01, 5.835421E-01,13, 7.769805E+00,0, 0.000000E+00,0, 0.000000E+00,3, 8.984436E+00, 8.299260E-01, 5.273244E+00,NULL,NULL,1,mc_qqps,35
-21023,1080,20227,204637,94C2, 9.125000E+01,20,24,44,20,24,-9.615589E+00, 1.018670E+00,-5.164535E+00, 4.933239E+01, 4.899321E+01, 2.449661E+00,-6.035754E+00,-4.680962E-01,-5.160082E+00, 1.015229E+02, 3.514939E+01, 4.205258E+01, 2.568421E+00,26, 1.595720E+01,0, 0.000000E+00,0, 0.000000E+00,21, 4.564820E+01, 3.262619E-01, 1.405061E+01,NULL,NULL,1,mc_qqps,35
-21023,1081,20227,204651,94C2, 9.125000E+01,35,14,49,35,14,-5.395463E+00, 8.332482E+00, 2.383949E+02, 3.157025E+02, 3.154026E+02, 9.011502E+00,-2.694527E+00, 7.534211E+00, 2.363205E+02, 3.261976E+02, 6.522535E+01, 7.557992E+00, 2.937260E+00,1, 0.000000E+00,18, 1.662121E+01,0, 0.000000E+00,1, 6.232394E-01, 6.232394E-01, 6.232394E-01,NULL,NULL,1,mc_qqps,35
-21023,1082,20227,204706,94C2, 9.125000E+01,32,16,48,32,16,-1.884468E+00,-1.730000E-01,-1.340500E+01, 8.898779E+01, 8.858196E+01, 2.768186E+00,-5.663595E+00,-2.312577E+00,-2.126023E+01, 1.090001E+02, 6.020055E+01, 1.075262E+01, 9.274761E+00,5, 0.000000E+00,17, 7.493652E+00,0, 0.000000E+00,5, 2.802541E+00, 4.275000E-01, 9.088452E-01,NULL,NULL,1,mc_qqps,35
-21023,1083,20227,204721,94C2, 9.125000E+01,16,5,21,16,5,-5.346307E+00, 8.391660E-01, 4.977806E+00, 6.439098E+01, 6.413491E+01, 4.008432E+00,-1.463409E+01, 1.909170E+00, 1.339433E+01, 7.715345E+01, 6.245819E+01, 9.129524E+00, 0.000000E+00,9, 8.409276E+00,0, 0.000000E+00,0, 0.000000E+00,5, 1.276246E+01, 1.069997E+00, 5.677364E+00,NULL,NULL,1,mc_qqps,35
-21023,1084,20227,204733,94C2, 9.125000E+01,34,12,46,34,12,-3.756171E+01,-5.668881E+01, 4.720056E+02, 5.428392E+02, 5.424648E+02, 1.595485E+01,-3.506791E+01,-5.730270E+01, 4.739323E+02, 5.566934E+02, 3.819827E+01, 9.703923E+00, 1.380352E+00,4, 0.000000E+00,12, 1.329316E+01,0, 0.000000E+00,4, 4.558964E+00, 5.316070E-01, 1.789046E+00,NULL,NULL,1,mc_qqps,35
-21023,1085,20227,204746,94C2, 9.125000E+01,31,8,39,31,8,-4.543525E+00,-4.971704E+00, 1.762012E+00, 7.540113E+01, 7.477163E+01, 2.411988E+00,-2.363284E+00,-5.711299E-01, 1.218350E+00, 8.341507E+01, 7.207426E+01, 6.397041E+00, 3.745434E-01,10, 1.111546E+00,0, 0.000000E+00,0, 0.000000E+00,6, 6.406424E+00, 5.982663E-01, 2.336713E+00,NULL,NULL,1,mc_qqps,35
-21023,1086,20227,204802,94C2, 9.125000E+01,32,23,55,32,23,-7.987026E+00, 4.262436E-01,-2.131108E+00, 5.463581E+01, 5.382372E+01, 1.681991E+00, 8.790803E-01,-1.276340E+00,-3.013369E+00, 8.889818E+01, 5.215788E+01, 2.466771E+01, 5.451740E+00,23, 9.115923E+00,0, 0.000000E+00,0, 0.000000E+00,18, 2.843214E+01, 3.911971E-01, 4.385317E+00,NULL,NULL,1,mc_qqps,35
-21023,1087,20227,204819,94C2, 9.125000E+01,30,14,44,30,14,-8.045224E+00,-5.631408E+00, 7.705871E+00, 4.805536E+01, 4.759049E+01, 1.586350E+00,-6.267744E+00,-8.467018E+00, 4.648432E+00, 7.617830E+01, 4.534315E+01, 2.457717E+01, 0.000000E+00,14, 6.163124E-02,0, 0.000000E+00,0, 0.000000E+00,11, 1.942044E+01, 6.293387E-01, 5.817959E+00,NULL,NULL,1,mc_qqps,35
-21023,1088,20227,204835,94C2, 9.125000E+01,24,18,42,24,18, 1.267548E-01,-3.140720E+00,-4.059620E+00, 5.003294E+01, 4.956427E+01, 2.065178E+00, 6.294949E+00,-1.461230E+00, 3.731033E+00, 8.971198E+01, 4.614939E+01, 3.202549E+01, 6.726578E+00,16, 4.855128E+00,0, 0.000000E+00,0, 0.000000E+00,12, 2.913861E+01, 8.004640E-01, 6.876519E+00,NULL,NULL,1,mc_qqps,35
-21023,1089,20227,204852,94C2, 9.125000E+01,24,12,36,24,12, 1.344860E+00, 1.150512E+01,-1.662087E+01, 4.894989E+01, 4.862824E+01, 2.026177E+00,-1.242068E-01, 9.638330E+00,-1.348833E+01, 6.210265E+01, 4.688400E+01, 1.294058E+01, 2.121839E-01,1, 0.000000E+00,12, 2.896587E+00,0, 0.000000E+00,NULL,NULL,NULL,NULL,NULL,NULL,1,mc_qqps,35
-21023,1090,20227,204905,94C2, 9.125000E+01,18,18,36,18,18, 2.395175E+00, 5.047458E+00, 1.173828E+01, 6.305778E+01, 6.276276E+01, 3.486820E+00, 7.031721E+00, 1.262717E+01, 1.033643E+01, 1.175527E+02, 4.689239E+01, 2.828390E+01, 2.163103E+01,20, 9.739285E+00,1, 0.000000E+00,0, 0.000000E+00,14, 2.978791E+01, 5.912606E-01, 1.155524E+01,NULL,NULL,1,mc_qqps,35
-21023,1091,20227,204917,94C2, 9.125000E+01,29,15,44,29,15,-8.595677E+00,-1.007302E+01, 6.932732E-01, 5.190874E+01, 5.134747E+01, 1.770602E+00, 3.905923E+00, 1.493280E+00,-2.789455E+00, 7.635690E+01, 4.545039E+01, 2.135292E+01, 1.998080E+00,13, 2.159983E+00,1, 0.000000E+00,0, 0.000000E+00,10, 2.169673E+01, 4.744981E-01, 5.952227E+00,1, 0.000000E+00,1,mc_qqps,35
-21023,1092,20227,204931,94C2, 9.125000E+01,37,18,55,37,18,-5.526779E+00, 3.336846E+00, 1.235106E+00, 6.448089E+01, 6.392289E+01, 1.727646E+00,-1.488062E+00, 2.138716E+00, 8.853104E-01, 9.188480E+01, 6.220646E+01, 2.463191E+01, 8.262554E-01,26, 7.051278E+00,0, 0.000000E+00,0, 0.000000E+00,17, 2.674435E+01, 5.888075E-01, 3.901584E+00,NULL,NULL,1,mc_qqps,35
-21023,1093,20227,204945,94C2, 9.125000E+01,39,7,46,39,7,-4.238275E+00,-3.367222E+00, 3.042611E+00, 7.851483E+01, 7.725608E+01, 1.980925E+00,-2.484703E+00, 4.860759E-01, 1.677244E+00, 9.805397E+01, 6.744303E+01, 1.728356E+01, 2.310437E+00,17, 8.353521E+00,1, 0.000000E+00,0, 0.000000E+00,6, 1.728356E+01, 6.396719E-01, 8.890036E+00,NULL,NULL,1,mc_qqps,35
-21023,1094,20227,204956,94C2, 9.125000E+01,21,22,43,21,22, 3.646480E+00,-6.532969E+00, 2.168639E+00, 4.140193E+01, 4.098766E+01, 1.951793E+00, 5.761626E+00,-1.013219E+01, 3.387048E+00, 7.887286E+01, 3.541653E+01, 1.993458E+01, 6.121187E+00,23, 2.463339E+00,0, 0.000000E+00,0, 0.000000E+00,17, 2.979964E+01, 3.737452E-01, 3.880311E+00,NULL,NULL,1,mc_qqps,35
-21023,1095,20227,205009,94C2, 9.125000E+01,35,12,47,35,12, 2.052998E+00,-7.610166E+00,-8.315030E+00, 5.345818E+01, 5.278095E+01, 1.508027E+00, 1.804825E+00,-8.293057E+00,-1.281579E+01, 6.826473E+01, 4.932676E+01, 1.314796E+01, 0.000000E+00,3, 0.000000E+00,12, 2.234558E+00,0, 0.000000E+00,3, 3.886596E+00, 1.109141E+00, 1.658595E+00,1, 0.000000E+00,1,mc_qqps,35
-21023,1096,20227,205027,94C2, 9.125000E+01,25,11,36,25,11,-3.544881E-01,-3.545182E+00,-7.056118E+00, 7.858978E+01, 7.818359E+01, 3.127343E+00,-4.780262E+00, 2.001362E+00, 3.406404E+00, 9.734263E+01, 7.446515E+01, 1.068250E+01, 8.163500E+00,3, 0.000000E+00,10, 6.379096E+00,0, 0.000000E+00,3, 6.748223E+00, 1.050744E+00, 3.909849E+00,NULL,NULL,1,mc_qqps,35
-21023,1097,20227,205039,94C2, 9.125000E+01,24,7,31,24,7,-3.184267E+00, 2.879522E+00,-5.018476E+00, 7.646864E+01, 7.603304E+01, 3.168043E+00, 6.713030E-01,-1.708088E-01, 1.176978E+00, 8.667840E+01, 7.343089E+01, 4.505257E+00, 2.261164E-01,2, 0.000000E+00,8, 1.845328E+00,0, 0.000000E+00,2, 6.116087E+00, 6.377096E-01, 5.478378E+00,NULL,NULL,1,mc_qqps,35
-21023,1098,20227,205052,94C2, 9.125000E+01,28,14,42,28,14, 9.955450E+00,-9.401391E+00, 4.020545E+00, 5.549287E+01, 5.469728E+01, 1.953474E+00, 1.219537E+01,-9.872831E+00, 3.648643E+00, 7.479095E+01, 5.298751E+01, 1.704669E+01, 2.251382E+00,17, 5.581751E+00,0, 0.000000E+00,0, 0.000000E+00,10, 1.486546E+01, 6.318058E-01, 3.814017E+00,NULL,NULL,1,mc_qqps,35
-21023,1099,20227,205106,94C2, 9.125000E+01,32,13,45,32,13,-5.159669E+00,-4.789465E+00, 2.641977E+01, 4.831359E+01, 4.772981E+01, 1.491557E+00, 3.179710E+00,-5.152336E+00, 6.519930E+00, 1.007584E+02, 2.804224E+01, 1.361985E+01, 3.536887E+01,6, 7.956035E-02,7, 0.000000E+00,0, 0.000000E+00,4, 5.792838E+00, 5.171208E-01, 2.995076E+00,NULL,NULL,1,mc_qqps,35
-21023,1100,20227,205121,94C2, 9.125000E+01,27,13,40,27,13, 1.118583E+01, 2.959395E+00, 2.079261E+01, 8.336311E+01, 8.283190E+01, 3.067848E+00, 2.286366E+01, 6.360023E+00, 3.962543E+01, 1.100700E+02, 7.511570E+01, 2.058294E+01, 4.854060E+00,3, 0.000000E+00,12, 1.095922E+00,0, 0.000000E+00,2, 1.879027E+00, 6.091295E-01, 1.269898E+00,NULL,NULL,1,mc_qqps,35
-21023,1101,20227,205137,94C2, 9.125000E+01,18,15,33,18,15, 4.993318E+00,-2.230901E+01, 7.339762E-01, 5.332999E+01, 5.310994E+01, 2.950552E+00, 1.042718E+00, 1.659187E+00, 1.419743E+00, 8.270171E+01, 5.282972E+01, 2.276672E+01, 3.990375E+00,16, 2.121375E+01,0, 0.000000E+00,0, 0.000000E+00,9, 2.276722E+01, 3.679484E-01, 1.189025E+01,NULL,NULL,1,mc_qqps,35
-21023,1102,20227,205150,94C2, 9.125000E+01,41,8,49,41,8, 3.623852E+00, 2.551944E+00,-2.480127E+00, 6.753490E+01, 6.650802E+01, 1.622147E+00,-5.936944E-01, 4.071325E+00, 9.217975E-01, 7.784522E+01, 6.193226E+01, 1.031033E+01, 0.000000E+00,17, 1.039420E+01,0, 0.000000E+00,0, 0.000000E+00,7, 9.976138E+00, 4.892206E-01, 4.767874E+00,NULL,NULL,1,mc_qqps,35
-21023,1103,20227,205205,94C2, 9.125000E+01,24,9,33,24,9, 3.489030E+00, 3.021700E+00,-2.150671E+00, 6.442143E+01, 6.412672E+01, 2.671947E+00,-1.206495E+00, 1.166756E-01,-7.290705E-01, 8.269736E+01, 6.333025E+01, 1.651643E+01, 1.273697E+00,11, 4.545621E+00,0, 0.000000E+00,0, 0.000000E+00,7, 1.700224E+01, 4.352512E-01, 4.961909E+00,NULL,NULL,1,mc_qqps,35
-21023,1104,20227,205220,94C2, 9.125000E+01,19,15,34,19,15, 6.709151E+00, 1.306012E+01,-7.235282E+00, 4.535220E+01, 4.517919E+01, 2.377852E+00, 1.686732E+00, 1.891719E+00,-1.499259E+00, 9.228018E+01, 4.427124E+01, 4.060684E+01, 6.321149E+00,14, 4.670462E+00,0, 0.000000E+00,0, 0.000000E+00,10, 3.596315E+01, 5.303601E-01, 1.336996E+01,NULL,NULL,1,mc_qqps,35
-21023,1105,20227,205231,94C2, 9.125000E+01,31,18,49,31,18,-7.251866E+00,-1.254138E+01, 9.285981E+00, 5.747538E+01, 5.702823E+01, 1.839620E+00, 7.279302E+00, 1.120883E+01,-6.740244E+00, 1.090941E+02, 4.315210E+01, 4.843945E+01, 6.409218E-01,16, 1.273268E+01,0, 0.000000E+00,0, 0.000000E+00,13, 4.012657E+01, 4.099763E-01, 1.163101E+01,NULL,NULL,1,mc_qqps,35
-21023,1106,20227,205244,94C2, 9.125000E+01,39,21,60,39,21, 3.336506E+00,-4.068223E+00, 4.772818E+00, 3.458944E+01, 3.380589E+01, 8.668176E-01,-4.964701E+00, 1.493305E+00,-1.021353E+01, 7.453118E+01, 2.044906E+01, 2.736075E+01, 1.262410E+01,7, 1.538172E+00,11, 0.000000E+00,0, 0.000000E+00,4, 4.836818E+00, 5.174519E-01, 1.947043E+00,NULL,NULL,1,mc_qqps,35
-21023,1107,20227,205301,94C2, 9.125000E+01,49,24,73,49,24, 4.187558E+00,-3.373202E+00,-2.137469E+00, 8.788763E+01, 8.708451E+01, 1.777235E+00, 2.629247E+00,-3.380720E+00,-3.342801E+00, 1.392852E+02, 7.491632E+01, 5.013271E+01, 0.000000E+00,23, 3.093117E+00,1, 0.000000E+00,0, 0.000000E+00,18, 3.193880E+01, 6.757338E-01, 5.055427E+00,NULL,NULL,1,mc_qqps,35
-21023,1108,20227,205318,94C2, 9.125000E+01,45,16,61,45,16,-4.348602E+00, 5.217590E+00,-2.904335E+00, 6.687955E+01, 6.626447E+01, 1.472544E+00,-1.277946E+00, 5.069088E+00,-5.644944E+00, 1.059017E+02, 5.786407E+01, 2.086248E+01, 1.719319E+01,14, 5.114787E-01,0, 0.000000E+00,0, 0.000000E+00,8, 1.689887E+01, 7.693649E-01, 5.093347E+00,NULL,NULL,1,mc_qqps,35
-21023,1109,20227,205337,94C2, 9.125000E+01,21,11,32,21,11, 3.319256E+00,-8.187431E-01,-1.504809E-01, 5.048062E+01, 4.990823E+01, 2.376583E+00,-9.266245E+00, 8.941183E-01,-2.316042E+00, 8.166642E+01, 4.818573E+01, 2.836904E+01, 0.000000E+00,13, 8.264191E+00,0, 0.000000E+00,0, 0.000000E+00,9, 2.863990E+01, 4.237429E-01, 1.779487E+01,NULL,NULL,1,mc_qqps,35
-21023,1110,20227,205350,94C2, 9.125000E+01,27,9,36,27,9, 1.310530E+01, 5.125648E+00, 8.075757E+00, 7.386367E+01, 7.321100E+01, 2.711519E+00, 3.818821E+00,-5.222719E-01, 2.400806E+00, 1.015460E+02, 7.031203E+01, 2.689572E+01, 0.000000E+00,13, 8.478592E+00,0, 0.000000E+00,0, 0.000000E+00,7, 2.478941E+01, 6.880673E-01, 1.119680E+01,NULL,NULL,1,mc_qqps,35
-21023,1111,20227,205403,94C2, 9.125000E+01,60,20,80,60,20, 9.621765E+00,-4.197878E+00, 6.437509E+00, 5.998468E+01, 5.811813E+01, 9.686354E-01,-9.056018E+00, 3.503910E+00,-7.653034E+00, 1.030525E+02, 5.449593E+01, 2.132723E+01, 2.113180E+01,18, 7.093855E+00,3, 0.000000E+00,0, 0.000000E+00,12, 1.823506E+01, 6.087542E-01, 6.315936E+00,NULL,NULL,1,mc_qqps,35
-21023,1112,20227,205426,94C2, 9.125000E+01,20,19,39,20,19, 3.878121E+00, 1.598929E+01,-4.845041E+01, 6.200984E+01, 6.172681E+01, 3.086340E+00, 5.964955E+00, 1.159812E+01,-3.223249E+01, 9.451491E+01, 1.235384E+01, 1.842443E+01, 1.408061E+01,0, 0.000000E+00,19, 1.378428E+01,0, 0.000000E+00,NULL,NULL,NULL,NULL,1, 0.000000E+00,1,mc_qqps,35
-21023,1113,20227,205438,94C2, 9.125000E+01,32,22,54,32,22, 7.032053E+00,-9.268578E+00,-6.037591E+00, 6.079363E+01, 6.032899E+01, 1.885281E+00, 9.432459E+00,-1.185359E+01,-7.559752E+00, 1.055618E+02, 5.881998E+01, 2.808816E+01, 3.059407E+00,23, 5.140523E+00,0, 0.000000E+00,0, 0.000000E+00,16, 3.699144E+01, 5.219265E-01, 6.614621E+00,NULL,NULL,1,mc_qqps,35
-21023,1114,20227,205451,94C2, 9.125000E+01,25,15,40,25,15, 2.341089E-02, 8.206995E+00,-8.965029E+00, 5.031596E+01, 4.999065E+01, 1.999626E+00, 1.653583E+00, 3.150595E+00,-6.174292E+00, 7.963190E+01, 4.760517E+01, 2.079776E+01, 7.002645E+00,16, 3.923813E+00,0, 0.000000E+00,0, 0.000000E+00,10, 1.970637E+01, 8.441378E-01, 6.997700E+00,NULL,NULL,1,mc_qqps,35
-21023,1115,20227,205505,94C2, 9.125000E+01,40,20,60,40,20, 1.903609E+01,-2.290570E+01,-9.067049E-01, 4.784502E+01, 4.681869E+01, 1.170467E+00, 1.213607E+01,-1.163442E+01,-2.413613E+00, 8.300480E+01, 2.785960E+01, 2.309740E+01, 1.042290E+01,15, 9.507908E+00,0, 0.000000E+00,0, 0.000000E+00,12, 2.359083E+01, 5.379987E-01, 4.093212E+00,NULL,NULL,1,mc_qqps,35
-21023,1116,20227,205526,94C2, 9.125000E+01,24,4,28,24,4,-7.653195E+00,-4.080418E+00, 1.305798E+00, 5.122044E+01, 5.082178E+01, 2.117574E+00,-1.423814E+01,-5.251659E+00, 2.474275E+00, 5.819623E+01, 4.880739E+01, 4.584889E+00, 0.000000E+00,9, 5.232209E+00,0, 0.000000E+00,0, 0.000000E+00,4, 6.975794E+00, 1.234188E+00, 2.390904E+00,NULL,NULL,1,mc_qqps,35
-21023,1117,20227,205540,94C2, 9.125000E+01,21,13,34,21,13,-8.032166E+00, 1.839548E+01,-9.085814E+00, 5.970129E+01, 5.945663E+01, 2.831268E+00,-8.825670E+00, 2.041749E+01,-1.077951E+01, 8.892622E+01, 5.650591E+01, 2.699700E+01, 1.283185E+00,13, 2.660151E+00,0, 0.000000E+00,0, 0.000000E+00,8, 1.857406E+01, 4.263950E-01, 9.365263E+00,NULL,NULL,1,mc_qqps,35
-21023,1118,20227,205553,94C2, 9.125000E+01,39,21,60,39,21, 4.430493E+00,-1.164264E+01,-3.049842E+00, 5.591867E+01, 5.454937E+01, 1.398702E+00, 3.916048E+00,-6.714799E+00,-7.952955E-01, 9.156775E+01, 4.707206E+01, 3.186051E+01, 0.000000E+00,26, 8.727845E+00,1, 0.000000E+00,0, 0.000000E+00,21, 3.564907E+01, 5.663151E-01, 5.765855E+00,NULL,NULL,1,mc_qqps,35
-21023,1119,20227,205608,94C2, 9.125000E+01,28,13,41,28,13,-1.644819E+00,-2.304935E+00, 1.337585E+00, 6.648240E+01, 6.603850E+01, 2.358518E+00, 3.742591E+00,-5.365377E+00,-4.511076E+00, 9.713190E+01, 5.919622E+01, 2.425221E+01, 6.415585E+00,1, 0.000000E+00,10, 0.000000E+00,0, 0.000000E+00,1, 1.142380E+01, 1.142380E+01, 1.142380E+01,NULL,NULL,1,mc_qqps,35
-21023,1120,20227,205624,94C2, 9.125000E+01,54,8,62,54,8, 1.971810E+00, 3.498840E+00,-7.350190E+00, 7.735564E+01, 7.602600E+01, 1.407889E+00, 1.183899E-01, 9.901281E-01,-2.004119E+00, 9.420531E+01, 6.635270E+01, 3.083455E+00, 1.376621E+01,4, 0.000000E+00,5, 2.702686E-01,0, 0.000000E+00,NULL,NULL,NULL,NULL,NULL,NULL,1,mc_qqps,35
-21023,1121,20227,205641,94C2, 9.125000E+01,26,7,33,26,7, 1.340065E+00,-2.991184E-02,-4.554132E+00, 8.904611E+01, 8.854994E+01, 3.405767E+00, 7.499875E+00, 2.258721E+00,-1.583292E+01, 1.039624E+02, 8.455922E+01, 1.421210E+01, 2.588863E-01,4, 0.000000E+00,6, 0.000000E+00,0, 0.000000E+00,3, 2.333758E+00, 4.453400E-01, 1.105888E+00,NULL,NULL,1,mc_qqps,35
-21023,1122,20227,205654,94C2, 9.125000E+01,21,7,28,21,7,-1.050811E+01,-1.876508E-01,-3.954007E+00, 6.668872E+01, 6.629082E+01, 3.156706E+00, 2.902648E-01,-1.026080E+00, 1.312411E+00, 8.390514E+01, 6.464283E+01, 1.632154E+01, 0.000000E+00,12, 4.284133E+00,0, 0.000000E+00,0, 0.000000E+00,7, 1.721642E+01, 6.922067E-01, 5.279322E+00,NULL,NULL,1,mc_qqps,35
-21023,1123,20227,205705,94C2, 9.125000E+01,31,20,51,31,20, 6.259193E-01, 1.155242E+00,-6.763265E+00, 5.142984E+01, 5.092400E+01, 1.642710E+00, 2.932725E+00, 7.576609E+00,-1.118657E+01, 7.710528E+01, 4.629283E+01, 1.579569E+01, 8.277797E+00,13, 4.527501E-01,7, 7.874927E-01,0, 0.000000E+00,10, 1.332694E+01, 6.285840E-01, 4.917167E+00,NULL,NULL,1,mc_qqps,35
-21023,1124,20227,205723,94C2, 9.125000E+01,30,20,50,30,20, 1.011749E+01,-9.171281E-02, 4.692027E+00, 5.331950E+01, 5.278692E+01, 1.759564E+00,-5.456810E+00, 1.238890E+00,-6.228619E-01, 8.153037E+01, 5.082218E+01, 2.233786E+01, 2.000264E+00,22, 1.261757E+01,0, 0.000000E+00,0, 0.000000E+00,14, 2.228835E+01, 3.839926E-01, 5.101659E+00,NULL,NULL,1,mc_qqps,35
-21023,1125,20227,205737,94C2, 9.125000E+01,25,24,49,25,24, 3.633744E-01,-8.275628E+00, 4.471867E+00, 4.843268E+01, 4.782002E+01, 1.912801E+00, 6.671363E-01,-2.387480E-01,-1.379456E+00, 8.220802E+01, 4.388191E+01, 2.526060E+01, 6.851922E+00,24, 1.327280E+00,1, 0.000000E+00,0, 0.000000E+00,19, 2.545273E+01, 3.809972E-01, 4.435965E+00,NULL,NULL,1,mc_qqps,35
-21023,1126,20227,205755,94C2, 9.125000E+01,39,15,54,39,15,-3.635641E-01, 2.699629E+00,-1.451686E+01, 9.072533E+01, 8.997680E+01, 2.307097E+00, 4.864842E+00, 3.842799E+00,-1.587791E+01, 1.115610E+02, 7.105746E+01, 1.620534E+01, 4.630378E+00,2, 0.000000E+00,12, 2.059012E+00,0, 0.000000E+00,2, 3.777860E+00, 1.788081E+00, 1.989779E+00,1, 0.000000E+00,1,mc_qqps,35
-21023,1127,20227,205816,94C2, 9.125000E+01,28,8,36,28,8,-9.294708E-01, 7.084355E-01, 8.359870E-02, 6.071585E+01, 6.017085E+01, 2.148959E+00,-2.359716E-01,-5.241487E-01,-2.109206E-01, 6.918173E+01, 5.154251E+01, 4.901637E+00, 3.734830E+00,1, 0.000000E+00,11, 3.747155E+01,0, 0.000000E+00,NULL,NULL,NULL,NULL,NULL,NULL,1,mc_qqps,35
-21023,1128,20227,205833,94C2, 9.125000E+01,9,7,16,9,7, 4.947648E-01,-2.780014E+00, 1.471380E+00, 3.449172E+01, 3.441998E+01, 3.824442E+00, 2.151560E-01, 1.746090E+00,-1.314323E+00, 8.773907E+01, 3.299617E+01, 5.148456E+01, 1.399755E-01,10, 8.512162E+00,0, 0.000000E+00,0, 0.000000E+00,6, 5.310736E+01, 1.058531E+00, 2.562517E+01,NULL,NULL,1,mc_qqps,35
-21023,1129,20227,205842,94C2, 9.125000E+01,22,12,34,22,12,-1.098832E+01, 1.500586E+00,-1.339609E+01, 6.992061E+01, 6.967497E+01, 3.167044E+00,-2.874364E+00, 8.862969E-01,-2.669203E+00, 8.619392E+01, 6.931387E+01, 1.564832E+01, 6.249876E-01,5, 4.412565E-01,5, 0.000000E+00,0, 0.000000E+00,3, 2.752417E+00, 6.795834E-01, 1.382183E+00,NULL,NULL,1,mc_qqps,35
-21023,1130,20227,205902,94C2, 9.125000E+01,26,11,37,26,11, 3.888119E+00, 1.135381E-01,-3.557532E+00, 4.714370E+01, 4.655540E+01, 1.790592E+00,-7.291551E-01,-2.186554E+00, 6.709307E+00, 8.039848E+01, 3.444615E+01, 1.813392E+01, 1.515890E+01,0, 0.000000E+00,14, 3.723401E+00,0, 0.000000E+00,NULL,NULL,NULL,NULL,NULL,NULL,1,mc_qqps,35
-21023,1131,20227,205915,94C2, 9.125000E+01,36,15,51,36,15,-3.194330E+00,-3.809815E+00, 2.723888E+00, 6.491910E+01, 6.410849E+01, 1.780791E+00,-1.403317E-01,-1.031900E+00, 1.138700E+00, 1.108362E+02, 6.138572E+01, 2.598381E+01, 1.577469E+01,20, 2.937289E+00,0, 0.000000E+00,0, 0.000000E+00,12, 2.965487E+01, 4.718430E-01, 1.016659E+01,NULL,NULL,1,mc_qqps,35
-21023,1132,20227,205929,94C2, 9.125000E+01,16,11,27,16,11, 5.331382E+00, 5.828121E+00, 7.845541E+00, 4.534966E+01, 4.521955E+01, 2.826222E+00,-6.701836E+00,-4.987052E+00,-9.098744E+00, 7.486934E+01, 4.534851E+01, 2.510352E+01, 3.825380E-01,11, 5.426345E+00,2, 0.000000E+00,0, 0.000000E+00,8, 2.534471E+01, 6.480141E-01, 8.112093E+00,NULL,NULL,1,mc_qqps,35
-21023,1133,20227,205946,94C2, 9.125000E+01,26,10,36,26,10, 9.036788E+00, 1.447677E+00, 1.372150E+01, 5.576540E+01, 5.517214E+01, 2.122005E+00,-8.215330E+00, 1.181160E-01,-2.726037E+00, 8.577583E+01, 5.311681E+01, 2.748561E+01, 1.847239E+00,10, 0.000000E+00,0, 0.000000E+00,0, 0.000000E+00,8, 2.816320E+01, 5.458845E-01, 1.648432E+01,NULL,NULL,1,mc_qqps,35
-21023,1134,20227,205959,94C2, 9.125000E+01,8,10,18,8,10, 1.189212E+00,-3.656922E-02,-1.304823E+00, 3.332834E+00, 3.100747E+00, 3.875934E-01, 6.545477E-01,-9.701825E-01,-1.117794E+00, 3.973057E+01, 1.839745E+00, 3.525270E+01, 6.169248E-01,2, 0.000000E+00,3, 0.000000E+00,0, 0.000000E+00,2, 1.362645E+00, 5.281116E-01, 8.345336E-01,4, 0.000000E+00,0,mc_qqps,35
-21023,1135,20227,210027,94C2, 9.125000E+01,31,16,47,31,16, 1.427894E+01, 1.536788E+01,-1.123554E+01, 4.260793E+01, 4.186203E+01, 1.350388E+00, 5.319499E+00, 3.789559E+00,-1.004433E+00, 8.780216E+01, 3.707144E+01, 3.162496E+01, 9.903180E+00,17, 4.666552E+00,0, 0.000000E+00,0, 0.000000E+00,12, 3.291526E+01, 3.463547E-01, 7.482883E+00,NULL,NULL,1,mc_qqps,35
-21023,1136,20227,210041,94C2, 9.125000E+01,23,19,42,23,19, 4.796552E+00, 6.945959E-01,-1.158332E+01, 3.804388E+01, 3.769410E+01, 1.638874E+00,-1.489407E+00,-3.199748E+00, 3.265236E+00, 9.404897E+01, 3.498951E+01, 4.061850E+01, 1.502259E+01,1, 0.000000E+00,15, 2.959848E-01,0, 0.000000E+00,1, 4.084422E-01, 4.084422E-01, 4.084422E-01,NULL,NULL,1,mc_qqps,35
-21023,1137,20227,210058,94C2, 9.125000E+01,9,12,21,9,12,-2.232559E-01, 9.243364E-01,-2.514582E-01, 1.058893E+01, 1.044207E+01, 1.160230E+00,-8.092343E-01, 3.906096E-01,-6.028545E+00, 4.244724E+01, 6.104623E+00, 2.758678E+01, 4.271534E+00,0, 0.000000E+00,6, 7.024625E-01,0, 0.000000E+00,NULL,NULL,NULL,NULL,6, 0.000000E+00,0,mc_qqps,35
-21023,1138,20227,210121,94C2, 9.125000E+01,20,10,30,20,10,-6.688408E-01, 5.464194E+00, 2.091161E+00, 4.206795E+01, 4.168518E+01, 2.084259E+00, 8.462303E+00,-1.304154E+01,-5.077087E+00, 7.226664E+01, 3.930803E+01, 2.934294E+01, 0.000000E+00,11, 1.285836E+01,0, 0.000000E+00,0, 0.000000E+00,10, 3.019870E+01, 5.912901E-01, 1.606736E+01,NULL,NULL,1,mc_qqps,35
-21023,1139,20227,210130,94C2, 9.125000E+01,27,21,48,27,21,-3.318755E+00,-5.468176E+00,-1.032985E+01, 5.774588E+01, 5.733783E+01, 2.123623E+00,-2.488482E+00,-6.229497E+00,-8.468627E+00, 8.365720E+01, 5.404753E+01, 1.508942E+01, 7.357990E+00,5, 0.000000E+00,12, 2.499593E+00,0, 0.000000E+00,5, 4.399435E+00, 3.455305E-01, 1.395458E+00,NULL,NULL,1,mc_qqps,35
-21023,1140,20227,210147,94C2, 9.125000E+01,30,27,57,30,27, 4.596698E+00, 3.044400E+00,-1.974951E+01, 2.962037E+01, 2.887870E+01, 9.626235E-01, 5.382267E+00, 3.906190E+00,-2.728593E+01, 5.223089E+01, 1.276228E+01, 2.101829E+01, 1.592227E+00,0, 0.000000E+00,18, 1.019277E+00,0, 0.000000E+00,NULL,NULL,NULL,NULL,8, 0.000000E+00,1,mc_qqps,35
-21023,1141,20227,210207,94C2, 9.125000E+01,43,14,57,43,14, 1.165096E-01,-1.975805E+00,-1.301164E+00, 6.957005E+01, 6.898391E+01, 1.604277E+00, 1.874020E-01,-1.743982E+00, 3.746097E+00, 8.883733E+01, 5.646577E+01, 9.448412E+00, 8.175524E+00,20, 2.875353E+00,3, 0.000000E+00,0, 0.000000E+00,9, 1.040915E+01, 4.471235E-01, 3.194243E+00,1, 0.000000E+00,1,mc_qqps,35
-21023,1142,20227,210224,94C2, 9.125000E+01,26,17,43,26,17,-8.734476E+00, 2.353799E+00,-8.586740E+00, 5.946937E+01, 5.902453E+01, 2.270174E+00,-1.451704E+01, 2.999714E+00,-1.701063E+01, 9.897960E+01, 5.716536E+01, 2.646315E+01, 1.218921E+01,17, 1.162749E+01,2, 0.000000E+00,0, 0.000000E+00,12, 2.258030E+01, 4.763386E-01, 4.701252E+00,NULL,NULL,1,mc_qqps,35
-21023,1143,20227,210241,94C2, 9.125000E+01,26,13,39,26,13,-8.935133E+00, 1.241534E+01,-1.733913E+00, 5.791228E+01, 5.738472E+01, 2.207105E+00,-6.479038E+00, 6.222136E+00, 6.005011E-01, 9.162459E+01, 5.620210E+01, 1.884125E+01, 4.809065E+00,16, 9.314069E+00,0, 0.000000E+00,0, 0.000000E+00,9, 2.860325E+01, 7.047351E-01, 1.058756E+01,NULL,NULL,1,mc_qqps,35
-21023,1144,20227,210256,94C2, 9.125000E+01,33,17,50,33,17,-1.145870E+01,-1.401477E+01, 3.589453E+00, 5.190706E+01, 5.131485E+01, 1.554995E+00,-1.161946E+01,-1.080184E+01, 2.971266E+00, 9.295865E+01, 4.053476E+01, 3.838274E+01, 2.041765E+00,15, 5.777069E+00,0, 0.000000E+00,0, 0.000000E+00,10, 3.450030E+01, 5.169793E-01, 1.542880E+01,NULL,NULL,1,mc_qqps,35
-21023,1145,20227,210311,94C2, 9.125000E+01,36,16,52,36,16, 1.244962E+00, 1.104140E-01, 2.064185E-01, 6.564944E+01, 6.511670E+01, 1.808797E+00,-5.544800E+00, 1.171534E+00,-3.176598E+00, 9.820589E+01, 6.254156E+01, 2.739090E+01, 0.000000E+00,20, 5.812488E-01,0, 0.000000E+00,0, 0.000000E+00,13, 3.061481E+01, 4.528430E-01, 9.690985E+00,NULL,NULL,1,mc_qqps,35
-21023,1146,20227,210327,94C2, 9.125000E+01,42,14,56,42,14,-7.181366E+00, 3.275061E+00, 2.547691E+00, 6.802461E+01, 6.707004E+01, 1.596906E+00,-2.741809E+00, 4.585088E+00, 2.069730E-02, 8.614722E+01, 6.096297E+01, 1.416833E+01, 3.002420E+00,17, 1.626786E+00,0, 0.000000E+00,0, 0.000000E+00,10, 1.240302E+01, 4.273451E-01, 4.052372E+00,NULL,NULL,1,mc_qqps,35
-21023,1147,20227,210345,94C2, 9.125000E+01,54,18,72,54,18, 1.616618E+00,-3.951885E-01,-4.509909E+00, 7.492979E+01, 7.324146E+01, 1.356323E+00,-1.297777E+01, 3.942769E+00, 3.317333E+00, 1.090399E+02, 5.491138E+01, 1.320863E+01, 1.864226E+01,15, 2.944610E-01,3, 0.000000E+00,0, 0.000000E+00,12, 1.240395E+01, 4.161163E-01, 3.880946E+00,NULL,NULL,1,mc_qqps,35
-21023,1148,20227,210404,94C2, 9.125000E+01,33,16,49,33,16,-5.534738E+00,-3.685831E+00, 1.315161E+01, 3.703194E+01, 3.613971E+01, 1.095143E+00,-6.751746E+00,-3.571629E+00, 1.194568E+01, 6.685942E+01, 3.222032E+01, 2.457105E+01, 3.834012E+00,1, 0.000000E+00,13, 1.585231E+00,0, 0.000000E+00,1, 1.422416E+00, 1.422416E+00, 1.422416E+00,NULL,NULL,1,mc_qqps,35
-21023,1149,20227,210419,94C2, 9.125000E+01,29,20,49,29,20, 6.200458E+00,-4.760450E+00,-1.213925E+01, 4.095319E+01, 4.019028E+01, 1.385872E+00,-2.575194E+00, 1.735378E+00, 4.512431E+00, 8.916420E+01, 1.815969E+01, 2.785566E+01, 1.964142E+01,11, 0.000000E+00,8, 3.474571E+00,0, 0.000000E+00,11, 2.575429E+01, 5.267296E-01, 1.393269E+01,NULL,NULL,1,mc_qqps,35
-21023,1150,20227,210436,94C2, 9.125000E+01,32,10,42,32,10,-3.367576E+00,-2.613115E-01, 3.678431E+00, 4.934766E+01, 4.887070E+01, 1.527210E+00,-2.711556E-01,-4.186244E+00,-3.190288E+00, 6.010982E+01, 4.296698E+01, 1.019399E+01, 0.000000E+00,5, 1.378116E-01,9, 0.000000E+00,0, 0.000000E+00,3, 1.521247E+00, 4.044339E-01, 5.681584E-01,NULL,NULL,1,mc_qqps,35
-21023,1151,20227,210456,94C2, 9.125000E+01,19,10,29,19,10, 7.636545E+00,-1.521912E+00,-7.049379E+00, 5.066625E+01, 5.036017E+01, 2.650535E+00, 3.789864E+00,-1.536719E+00,-6.229600E+00, 7.766513E+01, 4.318389E+01, 2.201175E+01, 4.987138E+00,7, 9.434669E+00,4, 0.000000E+00,0, 0.000000E+00,5, 1.209798E+01, 6.755489E-01, 5.190079E+00,NULL,NULL,1,mc_qqps,35
-21023,1152,20227,210509,94C2, 9.125000E+01,17,10,27,17,10, 2.916449E+01,-1.859327E+01,-5.288137E-01, 5.674686E+01, 5.631934E+01, 3.312902E+00, 1.827865E+01,-1.194852E+01, 7.534986E-01, 1.048738E+02, 1.866510E+01, 3.282116E+01, 1.473576E+01,7, 0.000000E+00,0, 0.000000E+00,0, 0.000000E+00,6, 3.339116E+01, 3.687225E-01, 2.728067E+01,NULL,NULL,1,mc_qqps,35
-21023,1153,20227,210523,94C2, 9.125000E+01,50,9,59,50,9,-7.921682E+00,-3.222932E+00, 1.081525E+00, 8.790688E+01, 8.637799E+01, 1.727560E+00,-3.245207E+00,-2.153005E-01,-3.607955E+00, 9.713510E+01, 5.902000E+01, 6.056868E+00, 5.928090E-01,6, 1.055776E-01,3, 0.000000E+00,0, 0.000000E+00,4, 5.186773E+00, 7.500582E-01, 1.828466E+00,1, 0.000000E+00,1,mc_qqps,35
-21023,1154,20227,210546,94C2, 9.125000E+01,19,10,29,19,10,-8.850379E+00, 3.527036E+01, 1.384584E+01, 4.977866E+01, 4.929709E+01, 2.594584E+00, 2.244332E-01, 4.721286E+00, 1.256589E+00, 9.029803E+01, 4.151471E+01, 3.611450E+01, 9.921478E-01,9, 1.253336E+00,0, 0.000000E+00,0, 0.000000E+00,7, 3.910989E+01, 4.774837E-01, 2.067263E+01,NULL,NULL,1,mc_qqps,35
-21023,1155,20227,210557,94C2, 9.125000E+01,25,14,39,25,14, 1.550130E+01,-1.531088E+01,-9.648381E+00, 4.549441E+01, 4.502805E+01, 1.801122E+00, 1.675447E+01,-2.033676E+01,-8.044226E+00, 8.141580E+01, 3.592487E+01, 2.627095E+01, 8.495115E+00,17, 6.615409E+00,0, 0.000000E+00,0, 0.000000E+00,12, 1.974675E+01, 5.192352E-01, 5.224126E+00,NULL,NULL,1,mc_qqps,35
-21023,1156,20227,210609,94C2, 9.125000E+01,17,13,30,17,13, 8.117447E+00,-2.508325E+01,-1.542506E+01, 4.811546E+01, 4.778590E+01, 2.810935E+00,-1.839114E+00, 2.452075E+00, 8.061759E-01, 8.946342E+01, 4.698653E+01, 4.128453E+01, 6.343714E-02,18, 6.863447E+00,0, 0.000000E+00,0, 0.000000E+00,12, 4.128453E+01, 3.398468E-01, 1.530157E+01,NULL,NULL,1,mc_qqps,35
-21023,1157,20227,210621,94C2, 9.125000E+01,46,19,65,46,19,-1.889484E+00,-3.355742E-04,-2.534180E+00, 6.453653E+01, 6.372781E+01, 1.385387E+00,-6.881289E-01, 1.937537E-01,-9.397234E-01, 9.666564E+01, 5.580242E+01, 2.271045E+01, 7.131649E+00,25, 1.699016E+00,0, 0.000000E+00,0, 0.000000E+00,15, 2.356809E+01, 3.449797E-01, 5.142324E+00,NULL,NULL,1,mc_qqps,35
-21023,1158,20227,210637,94C2, 9.125000E+01,36,6,42,36,6,-2.364854E+00, 1.579831E+00,-3.079272E+00, 6.927242E+01, 6.844883E+01, 1.901356E+00, 3.950204E+00, 2.017486E-01,-3.610631E+00, 8.273575E+01, 6.356232E+01, 2.477168E+00, 8.712443E+00,10, 1.948739E+00,0, 0.000000E+00,0, 0.000000E+00,4, 4.752120E+00, 5.419507E-01, 2.274952E+00,NULL,NULL,1,mc_qqps,35
-21023,1159,20227,210652,94C2, 9.125000E+01,35,11,46,35,11, 5.008578E-01, 1.921392E+00, 2.537985E+00, 4.860865E+01, 4.803785E+01, 1.372510E+00,-8.899415E+00, 4.827992E+00,-2.570789E+00, 8.681393E+01, 3.919776E+01, 2.999526E+01, 6.544825E+00,14, 8.394220E-01,0, 0.000000E+00,0, 0.000000E+00,8, 3.206388E+01, 3.837227E-01, 1.574223E+01,NULL,NULL,1,mc_qqps,35
-21023,1160,20227,210706,94C2, 9.125000E+01,62,18,80,62,18,-3.076239E+01, 9.444100E+00,-1.876949E+01, 1.181857E+02, 1.160976E+02, 1.872542E+00,-3.347524E+01, 1.240826E+01,-1.976382E+01, 1.467561E+02, 5.704805E+01, 1.609627E+01, 6.609466E+00,20, 6.442025E+00,0, 0.000000E+00,0, 0.000000E+00,14, 2.200890E+01, 4.337736E-01, 3.542371E+00,NULL,NULL,1,mc_qqps,35
-21023,1161,20227,210723,94C2, 9.125000E+01,44,13,57,44,13, 4.598486E+00, 9.072417E-01, 2.879689E+00, 7.990905E+01, 7.897906E+01, 1.794979E+00, 1.259765E+01, 6.241827E+00, 3.896091E+00, 1.032319E+02, 4.500171E+01, 1.291899E+01, 3.086420E-01,20, 1.390755E+01,0, 0.000000E+00,0, 0.000000E+00,10, 2.193848E+01, 4.548163E-01, 1.009519E+01,NULL,NULL,1,mc_qqps,35
-21023,1162,20227,210741,94C2, 9.125000E+01,49,16,65,49,16, 3.825411E+00,-3.220991E+00,-2.141536E+00, 5.813697E+01, 5.679035E+01, 1.158987E+00, 6.705281E+00,-8.193349E+00,-5.111005E+00, 8.082489E+01, 5.019222E+01, 1.698122E+01, 3.406292E+00,18, 9.755173E+00,0, 0.000000E+00,0, 0.000000E+00,10, 1.802265E+01, 4.273027E-01, 5.952291E+00,NULL,NULL,1,mc_qqps,35
-21023,1163,20227,210757,94C2, 9.125000E+01,32,13,45,32,13,-6.199438E+00, 6.693567E+00,-5.275423E+00, 5.781364E+01, 5.716858E+01, 1.786518E+00, 3.185407E+00, 4.166292E+00, 4.571338E+00, 8.882158E+01, 5.197404E+01, 1.457189E+01, 1.561366E+01,10, 6.751841E+00,0, 0.000000E+00,0, 0.000000E+00,6, 1.325974E+01, 3.827116E-01, 6.841661E+00,1, 0.000000E+00,1,mc_qqps,35
-21023,1164,20227,210814,94C2, 9.125000E+01,34,12,46,34,12,-5.683406E+00, 2.587199E+00,-2.924065E+01, 6.043647E+01, 5.976727E+01, 1.757861E+00,-2.242236E+00, 1.849677E+00,-3.168937E+01, 8.064703E+01, 1.646992E+01, 2.021057E+01, 0.000000E+00,0, 0.000000E+00,10, 0.000000E+00,0, 0.000000E+00,NULL,NULL,NULL,NULL,5, 0.000000E+00,1,mc_qqps,35
-21023,1165,20227,210834,94C2, 9.125000E+01,27,18,45,27,18,-5.198553E+00,-7.593253E+00, 4.637565E+00, 4.427131E+01, 4.390257E+01, 1.626021E+00, 3.995766E+00, 3.515399E+00,-6.447124E-01, 8.816869E+01, 3.895102E+01, 3.345140E+01, 1.583279E+00,18, 4.539616E+00,1, 0.000000E+00,0, 0.000000E+00,15, 4.168571E+01, 7.274045E-01, 8.862694E+00,NULL,NULL,1,mc_qqps,35
-21023,1166,20227,210847,94C2, 9.125000E+01,14,12,26,14,12,-2.402800E+01, 4.725199E+00, 2.254024E+01, 5.821273E+01, 5.809790E+01, 4.149850E+00,-9.178114E+00, 1.662188E+00, 8.282946E+00, 8.569846E+01, 5.674389E+01, 2.419282E+01, 0.000000E+00,13, 2.061618E+00,1, 0.000000E+00,0, 0.000000E+00,10, 2.591444E+01, 4.882241E-01, 9.577253E+00,NULL,NULL,1,mc_qqps,35
-21023,1167,20227,210859,94C2, 9.125000E+01,57,18,75,57,18, 1.704703E+00, 1.070626E+00,-1.018358E+00, 6.894919E+01, 6.763239E+01, 1.186533E+00,-7.435535E+00,-1.957729E+00,-3.731174E+00, 9.063558E+01, 5.798882E+01, 1.979321E+01, 0.000000E+00,21, 4.270871E-01,3, 0.000000E+00,0, 0.000000E+00,12, 1.456911E+01, 4.549160E-01, 3.330027E+00,NULL,NULL,1,mc_qqps,35
-21023,1168,20227,210917,94C2, 9.125000E+01,39,15,54,39,15,-2.976944E+00, 1.209089E+01, 1.173509E+00, 5.759121E+01, 5.642144E+01, 1.446704E+00,-1.355940E-01, 6.769234E+00, 8.824861E-01, 8.583403E+01, 5.274525E+01, 1.577638E+01, 5.028001E+00,17, 3.994180E+00,0, 0.000000E+00,0, 0.000000E+00,12, 2.047218E+01, 6.070296E-01, 3.617972E+00,NULL,NULL,1,mc_qqps,35
-21023,1169,20227,210934,94C2, 9.125000E+01,22,15,37,22,15, 1.665489E+00, 1.480884E+01, 7.539712E+00, 4.038602E+01, 4.003068E+01, 1.819576E+00, 9.924188E-01, 2.013335E+01, 8.376991E+00, 1.127209E+02, 3.727264E+01, 2.510451E+01, 3.583802E+01,15, 2.991975E+00,0, 0.000000E+00,0, 0.000000E+00,11, 3.559820E+01, 5.561954E-01, 1.032238E+01,NULL,NULL,1,mc_qqps,35
-21023,1170,20227,210950,94C2, 9.125000E+01,36,21,57,36,21, 2.023572E+00,-3.211380E+00,-6.815783E+00, 5.428557E+01, 5.370107E+01, 1.491696E+00, 3.561213E+00,-7.781963E+00,-9.706470E+00, 8.065706E+01, 3.626251E+01, 1.904652E+01, 6.762349E+00,7, 1.585702E-01,14, 1.284497E+00,0, 0.000000E+00,6, 5.884147E+00, 5.442354E-01, 1.780710E+00,NULL,NULL,1,mc_qqps,35
-21023,1171,20227,211012,94C2, 9.125000E+01,19,11,30,19,11, 5.495173E+00,-4.037901E+01,-5.732203E+00, 1.081621E+02, 1.079489E+02, 5.681522E+00, 3.806572E+00,-4.278445E+01,-7.447526E+00, 1.404450E+02, 9.415129E+01, 2.793051E+01, 2.457692E+00,12, 1.579229E+00,0, 0.000000E+00,0, 0.000000E+00,9, 2.988765E+01, 1.186245E+00, 9.426830E+00,NULL,NULL,1,mc_qqps,35
-21023,1172,20227,211024,94C2, 9.125000E+01,28,8,36,28,8, 5.878801E+00, 6.261632E+00,-3.436207E-01, 6.887508E+01, 6.830492E+01, 2.439461E+00, 1.388953E+01, 1.651571E+01, 2.408225E+00, 8.612835E+01, 6.173279E+01, 1.144703E+01, 1.802702E+00,11, 1.522123E+01,0, 0.000000E+00,0, 0.000000E+00,5, 1.140413E+01, 6.303822E-01, 5.306460E+00,NULL,NULL,1,mc_qqps,35
-21023,1173,20227,211038,94C2, 9.125000E+01,29,16,45,29,16,-2.664441E+00, 4.308538E-01, 3.355895E+00, 5.838747E+01, 5.796096E+01, 1.998654E+00,-3.189449E+00, 3.880909E+00, 2.540240E+00, 9.005574E+01, 5.392496E+01, 2.118527E+01, 5.988743E+00,13, 9.933188E+00,2, 0.000000E+00,0, 0.000000E+00,10, 2.365945E+01, 9.354492E-01, 6.588765E+00,NULL,NULL,1,mc_qqps,35
-21023,1174,20227,211053,94C2, 9.125000E+01,43,15,58,43,15,-2.914774E+00, 4.520416E+00, 4.384730E+00, 7.728142E+01, 7.593891E+01, 1.766021E+00, 2.482438E+00,-5.358417E-01,-1.499759E+00, 9.495224E+01, 7.428780E+01, 1.647114E+01, 1.199662E+00,17, 1.151569E+01,0, 0.000000E+00,0, 0.000000E+00,9, 1.373213E+01, 5.481073E-01, 3.066152E+00,NULL,NULL,1,mc_qqps,35
-21023,1175,20227,211110,94C2, 9.125000E+01,20,6,26,20,6, 1.777286E+02,-1.202764E+02, 1.455851E+02, 3.363500E+02, 3.362280E+02, 1.681140E+01, 1.764972E+02,-1.199265E+02, 1.392868E+02, 3.468355E+02, 7.347248E+01, 7.533877E+00, 0.000000E+00,7, 0.000000E+00,0, 0.000000E+00,0, 0.000000E+00,5, 5.069169E+00, 6.308022E-01, 2.117649E+00,1, 0.000000E+00,1,mc_qqps,35
-21023,1176,20227,211126,94C2, 9.125000E+01,23,15,38,23,15, 9.079983E-01,-3.362699E-01,-2.960847E+00, 4.197135E+01, 4.144968E+01, 1.802160E+00, 3.866229E+00,-2.618609E+00,-4.528698E+00, 7.930094E+01, 3.769658E+01, 2.329559E+01, 1.267105E+01,16, 7.935034E+00,0, 0.000000E+00,0, 0.000000E+00,12, 2.426407E+01, 3.002462E-01, 8.598754E+00,1, 0.000000E+00,1,mc_qqps,35
-21023,1177,20227,211141,94C2, 9.125000E+01,42,16,58,42,16, 6.076223E+00,-2.804279E+00,-1.068971E+00, 5.412975E+01, 5.347568E+01, 1.273231E+00, 1.354501E+00,-2.451187E+00,-5.614316E+00, 7.583349E+01, 4.517281E+01, 1.314041E+01, 6.995832E+00,10, 4.627542E-01,3, 0.000000E+00,0, 0.000000E+00,8, 9.519025E+00, 5.033925E-01, 2.014241E+00,NULL,NULL,1,mc_qqps,35
-21023,1178,20227,211202,94C2, 9.125000E+01,20,12,32,20,12,-3.784296E+00, 9.628126E+00, 5.359793E+00, 6.977603E+01, 6.957323E+01, 3.478662E+00,-6.305562E+00, 1.682431E+01, 1.310943E+01, 8.309538E+01, 6.342019E+01, 1.186061E+01, 1.458750E+00,9, 8.730445E+00,6, 0.000000E+00,0, 0.000000E+00,5, 8.784515E+00, 3.445579E-01, 5.861441E+00,NULL,NULL,1,mc_qqps,35
-21023,1179,20227,211212,94C2, 9.125000E+01,13,14,27,13,14,-8.591741E+00, 2.351765E-01,-5.951182E+00, 5.624952E+01, 5.608036E+01, 4.313874E+00,-9.199299E+00, 5.780722E+00,-6.168112E+00, 8.561365E+01, 5.553933E+01, 1.036402E+01, 1.118200E+01,11, 1.762801E+01,2, 0.000000E+00,0, 0.000000E+00,8, 1.595635E+01, 4.501945E-01, 7.449374E+00,NULL,NULL,1,mc_qqps,35
-21023,1180,20227,211223,94C2, 9.125000E+01,22,14,36,22,14,-8.371322E-01,-4.400857E+00,-6.717954E+00, 6.315130E+01, 6.288943E+01, 2.858611E+00, 1.037140E+00,-8.085930E+00,-1.020728E+01, 7.455459E+01, 5.668409E+01, 5.741671E+00, 3.321711E+00,5, 0.000000E+00,6, 0.000000E+00,0, 0.000000E+00,5, 5.386075E+00, 4.877384E-01, 2.558434E+00,NULL,NULL,1,mc_qqps,35
-21023,1181,20227,211238,94C2, 9.125000E+01,34,13,47,34,13, 3.647170E+00, 4.444626E-01,-1.188353E+01, 6.170539E+01, 6.124212E+01, 1.801239E+00, 1.083365E+00, 1.078203E+00,-1.025485E+01, 7.701421E+01, 5.234380E+01, 1.228047E+01, 3.028345E+00,5, 0.000000E+00,12, 0.000000E+00,0, 0.000000E+00,2, 4.081083E+00, 5.261001E-01, 3.554983E+00,NULL,NULL,1,mc_qqps,35
-21023,1182,20227,211253,94C2, 9.125000E+01,50,17,67,50,17,-1.339370E+00, 1.046329E-01,-6.695321E+00, 7.526785E+01, 7.428770E+01, 1.485754E+00,-6.878693E-01, 1.843257E+00,-9.189388E+00, 9.467220E+01, 4.054618E+01, 1.635399E+01, 3.177882E+00,3, 1.521772E+00,9, 0.000000E+00,0, 0.000000E+00,2, 4.124665E+00, 5.058292E-01, 3.618835E+00,2, 0.000000E+00,1,mc_qqps,35
-21023,1183,20227,211319,94C2, 9.125000E+01,24,19,43,24,19, 3.791286E+00,-5.572016E-01,-7.147964E+00, 5.535044E+01, 5.514054E+01, 2.297522E+00, 1.044294E+01, 4.686165E+00,-1.800889E+01, 8.388505E+01, 4.967486E+01, 1.821312E+01, 1.033548E+01,0, 0.000000E+00,20, 6.051432E+00,0, 0.000000E+00,NULL,NULL,NULL,NULL,1, 0.000000E+00,1,mc_qqps,35
-21023,1184,20227,211335,94C2, 9.125000E+01,27,22,49,27,22,-4.525117E+00,-1.134215E+01,-3.625343E+00, 4.189907E+01, 4.122087E+01, 1.526699E+00, 1.545816E+00,-4.517684E+00,-2.069364E+00, 8.750703E+01, 3.318727E+01, 4.289227E+01, 2.793942E+00,20, 3.004242E+00,0, 0.000000E+00,0, 0.000000E+00,15, 4.067846E+01, 4.981159E-01, 8.035365E+00,NULL,NULL,1,mc_qqps,35
-21023,1185,20227,211349,94C2, 9.125000E+01,31,9,40,31,9, 1.971333E+00,-1.248392E+00,-5.778552E-01, 7.323912E+01, 7.251327E+01, 2.339138E+00,-4.870314E+00, 7.977892E+00,-1.590089E+00, 9.759435E+01, 6.502211E+01, 2.317248E+01, 3.535666E-01,11, 1.460044E+01,0, 0.000000E+00,0, 0.000000E+00,6, 1.925716E+01, 8.303675E-01, 7.777894E+00,NULL,NULL,1,mc_qqps,35
-21023,1186,20227,211403,94C2, 9.125000E+01,44,9,53,44,9,-3.823151E+00,-5.049573E+00,-5.271616E+00, 7.644205E+01, 7.553145E+01, 1.716624E+00,-7.829263E+00,-9.765590E+00,-1.239623E+01, 9.161446E+01, 6.272707E+01, 7.852190E+00, 7.322650E+00,4, 0.000000E+00,4, 0.000000E+00,0, 0.000000E+00,2, 2.777004E+00, 9.571136E-01, 1.819890E+00,1, 0.000000E+00,1,mc_qqps,35
-21023,1187,20227,211422,94C2, 9.125000E+01,39,17,56,39,17,-5.513127E+00,-3.833407E+00, 1.322318E+01, 5.727642E+01, 5.652398E+01, 1.449333E+00,-3.982617E+00,-3.947507E+00, 9.972976E+00, 8.714421E+01, 5.042575E+01, 1.688987E+01, 1.305430E+01,6, 0.000000E+00,10, 0.000000E+00,0, 0.000000E+00,5, 6.062232E+00, 9.837264E-01, 1.378858E+00,NULL,NULL,1,mc_qqps,35
-21023,1188,20227,211442,94C2, 9.125000E+01,23,12,35,23,12, 2.871003E-01,-4.303452E+00, 3.097922E-01, 5.363453E+01, 5.316781E+01, 2.311644E+00, 1.560180E+00,-3.446569E+00, 1.459494E-01, 9.404743E+01, 4.813966E+01, 3.936020E+01, 6.371806E-01,15, 5.938014E+00,1, 0.000000E+00,0, 0.000000E+00,9, 3.686576E+01, 3.958094E-01, 1.269951E+01,NULL,NULL,1,mc_qqps,35
-21023,1189,20227,211455,94C2, 9.125000E+01,20,12,32,20,12,-8.549682E+00, 9.893901E+00,-9.409129E+00, 4.687758E+01, 4.658380E+01, 2.329190E+00, 1.015523E+00, 3.307316E-01, 1.579007E+00, 1.009456E+02, 4.515042E+01, 4.333396E+01, 7.693975E+00,14, 5.836238E-01,0, 0.000000E+00,0, 0.000000E+00,10, 4.637399E+01, 5.254940E-01, 2.721362E+01,NULL,NULL,1,mc_qqps,35
-21023,1190,20227,211507,94C2, 9.125000E+01,47,32,79,47,32,-2.084502E+00,-8.226263E+00, 4.084723E+01, 9.619312E+01, 9.523493E+01, 2.026275E+00,-2.724437E+00,-6.582971E+00, 4.514658E+01, 1.267883E+02, 2.834725E+01, 1.948008E+01, 9.492156E+00,11, 3.893930E-01,17, 3.998741E+00,0, 0.000000E+00,8, 5.391403E+00, 2.888710E-01, 1.527158E+00,NULL,NULL,1,mc_qqps,35
-21023,1191,20227,211529,94C2, 9.125000E+01,16,3,19,16,3,-1.677376E+01, 8.775746E+00, 7.837414E+00, 5.957080E+01, 5.911451E+01, 3.694657E+00, 1.901068E+00,-1.168948E+00, 2.969823E-01, 8.221120E+01, 5.720442E+01, 2.264040E+01, 0.000000E+00,5, 2.869282E-01,0, 0.000000E+00,0, 0.000000E+00,2, 2.225894E+01, 2.057161E+00, 2.020177E+01,NULL,NULL,1,mc_qqps,35
-21023,1192,20227,211540,94C2, 9.125000E+01,23,19,42,23,19,-1.840134E+00,-4.383441E-01, 2.212678E+00, 3.295998E+01, 3.255959E+01, 1.415634E+00,-7.641054E+00, 5.352843E-01,-2.173007E+00, 9.492431E+01, 2.987973E+01, 3.100492E+01, 2.776909E+01,13, 0.000000E+00,1, 0.000000E+00,0, 0.000000E+00,11, 3.323251E+01, 3.710107E-01, 7.076933E+00,NULL,NULL,1,mc_qqps,35
-21023,1193,20227,211556,94C2, 9.125000E+01,25,17,42,25,17,-2.154348E+00,-1.849963E+00, 1.435802E+01, 3.643056E+01, 3.578101E+01, 1.431240E+00,-7.357696E-01,-2.938784E-01, 4.383619E+00, 6.208381E+01, 9.900034E+00, 2.565325E+01, 0.000000E+00,5, 1.178148E+00,8, 6.247179E-01,0, 0.000000E+00,4, 3.797944E+00, 2.983808E-01, 2.011510E+00,5, 0.000000E+00,0,mc_qqps,35
-21023,1194,20227,211616,94C2, 9.125000E+01,25,10,35,25,10,-6.447100E+00, 1.285326E+01, 7.004221E+00, 5.418671E+01, 5.385538E+01, 2.154215E+00,-4.285563E+00, 9.928471E+00, 6.575642E+00, 8.866665E+01, 5.221584E+01, 2.845901E+01, 6.042248E+00,13, 2.123108E-01,2, 0.000000E+00,0, 0.000000E+00,7, 2.793346E+01, 7.583219E-01, 9.409949E+00,NULL,NULL,1,mc_qqps,35
-21023,1195,20227,211628,94C2, 9.125000E+01,24,19,43,24,19,-4.405822E+00, 8.468920E+00,-5.467425E+00, 3.553239E+01, 3.509253E+01, 1.462189E+00, 5.407137E+00, 7.989483E+00, 1.206709E+00, 1.043411E+02, 3.330146E+01, 3.933334E+01, 2.605690E+01,18, 5.282006E-01,0, 0.000000E+00,0, 0.000000E+00,14, 4.125794E+01, 4.814523E-01, 1.283512E+01,NULL,NULL,1,mc_qqps,35
-21023,1196,20227,211643,94C2, 9.125000E+01,22,16,38,22,16,-1.521428E+01,-1.245355E+01,-2.161591E+01, 6.990214E+01, 6.955247E+01, 3.161476E+00,-1.715535E+01,-1.531277E+01,-2.634246E+01, 9.629339E+01, 5.036324E+01, 2.184549E+01, 5.468714E-01,15, 1.122434E-01,1, 0.000000E+00,0, 0.000000E+00,13, 2.437914E+01, 5.989732E-01, 4.850122E+00,1, 0.000000E+00,1,mc_qqps,35
-21023,1197,20227,211707,94C2, 9.125000E+01,27,16,43,27,16,-8.117226E-01,-1.159134E+00,-3.815187E-01, 5.787097E+01, 5.733669E+01, 2.123581E+00, 2.605339E-01, 7.339536E-01,-4.551108E-01, 9.195111E+01, 5.640438E+01, 2.534702E+01, 7.015365E+00,22, 3.064496E+00,0, 0.000000E+00,0, 0.000000E+00,14, 2.615629E+01, 4.161542E-01, 5.976140E+00,NULL,NULL,1,mc_qqps,35
-21023,1198,20227,211720,94C2, 9.125000E+01,38,11,49,38,11,-2.285652E+01,-1.753788E+01,-9.295184E+00, 5.718658E+01, 5.617017E+01, 1.478162E+00,-1.801973E+01,-1.212405E+01,-7.248513E+00, 7.261865E+01, 5.144447E+01, 1.491215E+01, 1.534078E-01,12, 1.308611E+00,2, 0.000000E+00,0, 0.000000E+00,6, 8.053395E+00, 3.665143E-01, 2.518660E+00,NULL,NULL,1,mc_qqps,35
-21023,1199,20227,211734,94C2, 9.125000E+01,35,16,51,35,16, 5.980330E+00, 7.808171E+00, 5.898015E+00, 5.353410E+01, 5.277724E+01, 1.507921E+00, 6.661658E+00, 9.998928E+00, 8.970028E+00, 8.170801E+01, 4.942098E+01, 1.678920E+01, 9.594475E+00,11, 5.235364E-02,2, 0.000000E+00,0, 0.000000E+00,10, 1.639549E+01, 7.278022E-01, 5.328474E+00,NULL,NULL,1,mc_qqps,35
-21023,1200,20227,211751,94C2, 9.125000E+01,22,13,35,22,13,-6.782969E+00,-4.175333E+00, 1.722298E+01, 6.336003E+01, 6.307574E+01, 2.867079E+00, 6.830748E-01,-7.177851E-01,-8.884670E+00, 9.839028E+01, 3.394302E+01, 2.769178E+01, 6.779494E+00,2, 0.000000E+00,13, 3.576274E+00,0, 0.000000E+00,2, 1.584231E+00, 5.589652E-01, 1.025266E+00,1, 0.000000E+00,1,mc_qqps,35
-21023,1201,20227,211805,94C2, 9.125000E+01,42,19,61,42,19, 1.837667E+00,-1.036369E+00,-3.817380E+00, 6.145301E+01, 6.069993E+01, 1.445236E+00, 9.113214E+00,-6.439414E+00,-1.190192E+01, 9.158914E+01, 5.033139E+01, 2.527208E+01, 4.867586E+00,11, 1.018660E+00,6, 0.000000E+00,0, 0.000000E+00,6, 1.236958E+01, 7.934441E-01, 3.224876E+00,1, 0.000000E+00,1,mc_qqps,35
-21023,1202,20227,211831,94C2, 9.125000E+01,23,17,40,23,17, 4.666928E+00,-4.436933E+00, 3.056304E+00, 5.204554E+01, 5.163622E+01, 2.245053E+00, 2.860120E+00, 6.819783E-01, 1.745768E+00, 8.953659E+01, 4.935309E+01, 2.536662E+01, 9.950746E+00,14, 7.325274E+00,0, 0.000000E+00,0, 0.000000E+00,10, 2.673779E+01, 5.148166E-01, 6.230744E+00,NULL,NULL,1,mc_qqps,35
-21023,1203,20227,211843,94C2, 9.125000E+01,20,18,38,20,18,-3.649101E+00, 9.176312E+00, 5.669751E+00, 4.275721E+01, 4.251052E+01, 2.125526E+00,-4.762456E+00, 1.257238E+01, 8.410028E+00, 1.022727E+02, 4.133554E+01, 4.747768E+01, 1.019061E+01,19, 9.639585E+00,0, 0.000000E+00,0, 0.000000E+00,12, 2.701542E+01, 7.464756E-01, 6.734869E+00,NULL,NULL,1,mc_qqps,35
-21023,1204,20227,211856,94C2, 9.125000E+01,34,19,53,34,19, 5.309662E+00, 8.169558E-01,-5.698503E+00, 5.261730E+01, 5.195304E+01, 1.528031E+00, 4.004047E+00,-2.772351E-01,-2.242960E+00, 7.885120E+01, 4.853448E+01, 2.053338E+01, 5.700531E+00,8, 2.493190E-01,8, 0.000000E+00,0, 0.000000E+00,5, 4.018508E+00, 4.679080E-01, 1.543172E+00,NULL,NULL,1,mc_qqps,35
-21023,1205,20227,211914,94C2, 9.125000E+01,40,20,60,40,20,-4.715796E+00,-1.191380E+00, 1.264866E+01, 4.641006E+01, 4.545361E+01, 1.136340E+00, 1.880290E+00,-7.069734E-01, 3.773253E+00, 7.215443E+01, 2.227263E+01, 2.043882E+01, 4.389475E+00,8, 1.763946E-01,10, 0.000000E+00,0, 0.000000E+00,5, 3.342252E+00, 3.284352E-01, 1.185274E+00,NULL,NULL,1,mc_qqps,35
-21023,1206,20227,211932,94C2, 9.125000E+01,30,8,38,30,8,-3.636982E+00, 2.164562E+00,-4.861913E+00, 8.361376E+01, 8.307233E+01, 2.769078E+00,-9.548105E+00, 3.185688E+00,-1.504741E+01, 1.024352E+02, 7.504513E+01, 1.149645E+01, 7.326756E+00,0, 0.000000E+00,11, 2.798798E-01,0, 0.000000E+00,NULL,NULL,NULL,NULL,NULL,NULL,1,mc_qqps,35
-21023,1207,20227,211951,94C2, 9.125000E+01,13,17,30,13,17,-1.901892E+00, 1.042240E+01, 1.959177E+00, 2.375811E+01, 2.358963E+01, 1.814587E+00,-1.859643E+00, 2.362453E+01, 6.806179E+00, 7.198373E+01, 1.820508E+01, 4.205773E+01, 4.292769E+00,12, 0.000000E+00,0, 0.000000E+00,0, 0.000000E+00,12, 3.813939E+01, 7.704834E-01, 1.665526E+01,NULL,NULL,1,mc_qqps,35
-21023,1208,20227,212001,94C2, 9.125000E+01,17,14,31,17,14, 1.071845E+01,-4.813632E+00, 7.444668E+00, 3.363922E+01, 3.343292E+01, 1.966642E+00, 7.690094E+00,-4.599874E+00, 5.140841E+00, 8.385366E+01, 3.209410E+01, 4.308836E+01, 5.932363E+00,11, 9.450740E-02,0, 0.000000E+00,0, 0.000000E+00,10, 4.286322E+01, 5.039818E-01, 1.833186E+01,NULL,NULL,1,mc_qqps,35
-21023,1209,20227,212013,94C2, 9.125000E+01,25,13,38,25,13, 2.237339E+00,-5.930979E+00,-4.040241E-01, 5.038654E+01, 4.983458E+01, 1.993383E+00,-1.152071E-01,-4.594267E+00,-1.588785E+01, 7.579409E+01, 1.454153E+01, 1.711350E+01, 6.083967E+00,3, 3.965526E-01,11, 1.015456E+01,0, 0.000000E+00,1, 2.242724E+00, 2.242724E+00, 2.242724E+00,2, 0.000000E+00,1,mc_qqps,35
-21023,1210,20227,212025,94C2, 9.125000E+01,31,17,48,31,17,-1.299874E+00,-3.783941E+00,-1.974788E-01, 6.355457E+01, 6.320367E+01, 2.038828E+00,-3.450170E+00, 6.862561E+00, 2.451579E+00, 9.686978E+01, 4.869313E+01, 1.902992E+01, 6.780271E+00,20, 5.855688E+00,0, 0.000000E+00,0, 0.000000E+00,13, 2.679966E+01, 4.758027E-01, 5.726203E+00,NULL,NULL,1,mc_qqps,35
-21023,1211,20227,212043,94C2, 9.125000E+01,21,20,41,21,20,-8.591051E-01,-4.697825E+00, 4.416780E+00, 6.935604E+01, 6.916346E+01, 3.293498E+00,-1.588343E+00,-6.465381E+00, 5.872111E+00, 1.048961E+02, 5.443365E+01, 2.828784E+01, 7.269428E+00,1, 0.000000E+00,23, 1.951100E+01,0, 0.000000E+00,NULL,NULL,NULL,NULL,NULL,NULL,1,mc_qqps,35
-21023,1212,20227,212057,94C2, 9.125000E+01,16,3,19,16,3, 2.482218E+01, 8.998848E+00, 1.414065E+01, 5.175349E+01, 5.130983E+01, 3.206865E+00, 8.799034E-02,-2.184607E-01,-2.409207E-01, 8.301695E+01, 4.987541E+01, 3.126346E+01, 0.000000E+00,8, 1.608221E+00,0, 0.000000E+00,0, 0.000000E+00,3, 3.126346E+01, 6.114464E-01, 2.046825E+01,NULL,NULL,1,mc_qqps,35
-21023,1213,20227,212110,94C2, 9.125000E+01,38,10,48,38,10,-1.646352E+00,-1.185387E+01, 2.508176E+00, 7.283543E+01, 7.161036E+01, 1.884483E+00,-3.207727E+00,-1.143598E+01, 1.857076E+00, 8.175557E+01, 6.574902E+01, 2.188035E+00, 3.516872E+00,13, 6.449556E-01,0, 0.000000E+00,0, 0.000000E+00,5, 5.217708E+00, 7.087252E-01, 1.626903E+00,NULL,NULL,1,mc_qqps,35
-21023,1214,20227,212129,94C2, 9.125000E+01,26,11,37,26,11, 9.248442E+00, 7.288908E-01,-7.177659E-01, 4.876196E+01, 4.815327E+01, 1.852049E+00,-7.496818E+00, 4.196455E-01, 3.020390E+00, 1.041006E+02, 4.109826E+01, 2.702743E+01, 2.161338E+01,13, 5.608463E+00,0, 0.000000E+00,0, 0.000000E+00,9, 3.383332E+01, 9.602029E-01, 7.162999E+00,NULL,NULL,1,mc_qqps,35
-21023,1215,20227,212145,94C2, 9.125000E+01,18,24,42,18,24, 2.586864E+00, 2.439685E+00,-1.015188E+01, 1.992781E+01, 1.949877E+01, 1.083265E+00, 1.505358E+00, 2.596912E+00,-5.765407E+00, 5.254858E+01, 1.692434E+01, 2.463561E+01, 7.985152E+00,3, 0.000000E+00,18, 1.910501E+00,0, 0.000000E+00,2, 1.653154E+00, 7.077211E-01, 9.454331E-01,2, 0.000000E+00,1,mc_qqps,35
-21023,1216,20227,212208,94C2, 9.125000E+01,14,12,26,14,12,-6.374504E+00,-5.688548E+00, 3.299098E+00, 5.081741E+01, 5.068480E+01, 3.620342E+00,-5.165767E+00,-5.445840E+00, 2.316628E+00, 7.749164E+01, 4.954089E+01, 1.863010E+01, 4.238755E-01,15, 1.183637E+01,0, 0.000000E+00,0, 0.000000E+00,11, 2.625036E+01, 6.986127E-01, 6.630259E+00,NULL,NULL,1,mc_qqps,35
-21023,1217,20227,212221,94C2, 9.125000E+01,20,8,28,20,8,-1.108951E-01,-9.118248E+00,-8.497742E+00, 5.445320E+01, 5.418393E+01, 2.709197E+00, 2.591876E+00,-9.984813E+00,-1.237049E+01, 6.588563E+01, 5.295756E+01, 3.407534E+00, 3.042456E-01,10, 1.298432E+00,3, 0.000000E+00,0, 0.000000E+00,4, 7.720643E+00, 1.219464E+00, 3.392613E+00,NULL,NULL,1,mc_qqps,35
-21023,1218,20227,212233,94C2, 9.125000E+01,39,12,51,39,12, 2.280270E+00,-6.364336E+00,-7.363332E+00, 7.206026E+01, 7.094866E+01, 1.819196E+00,-9.762594E-01,-3.275720E+00, 9.449592E-01, 8.776041E+01, 6.576068E+01, 7.977232E+00, 7.743733E+00,6, 1.043540E+00,10, 0.000000E+00,0, 0.000000E+00,3, 3.173149E+00, 8.251143E-01, 1.336856E+00,NULL,NULL,1,mc_qqps,35
-21023,1219,20227,212248,94C2, 9.125000E+01,49,24,73,49,24,-3.890975E+00, 1.340000E+01,-8.012328E+00, 6.245672E+01, 6.098732E+01, 1.244639E+00,-2.279154E+00, 1.247586E+01,-2.668518E+00, 9.166933E+01, 5.513108E+01, 2.452288E+01, 1.024419E+00,25, 1.044445E+01,0, 0.000000E+00,0, 0.000000E+00,17, 2.717954E+01, 2.880249E-01, 7.408638E+00,NULL,NULL,1,mc_qqps,35
-21023,1220,20227,212305,94C2, 9.125000E+01,53,27,80,53,27, 1.536829E+00, 8.550191E-01, 1.074589E+01, 6.976664E+01, 6.821193E+01, 1.287018E+00,-4.931150E+00,-5.801971E+00, 6.489014E+00, 9.756212E+01, 4.813544E+01, 2.151523E+01, 5.672121E+00,8, 1.647678E+00,16, 1.917823E+00,0, 0.000000E+00,4, 3.314952E+00, 4.627398E-01, 1.461013E+00,1, 0.000000E+00,1,mc_qqps,35
-21023,1221,20227,212324,94C2, 9.125000E+01,22,15,37,22,15,-8.936195E+00, 7.236592E-01, 1.173535E+01, 5.502231E+01, 5.447152E+01, 2.475978E+00,-2.929252E+01, 5.037031E+00, 3.399693E+01, 9.943038E+01, 5.126169E+01, 1.030388E+01, 2.453072E+01,9, 2.448097E+00,4, 0.000000E+00,0, 0.000000E+00,8, 1.583356E+01, 6.597185E-01, 7.631273E+00,NULL,NULL,1,mc_qqps,35
-21023,1222,20227,212341,94C2, 9.125000E+01,45,28,73,45,28,-3.387013E+00, 9.339454E+00, 7.607880E+00, 5.150625E+01, 5.035793E+01, 1.119065E+00, 2.217916E+00, 1.085855E+00, 7.192421E+00, 9.359224E+01, 4.593911E+01, 2.392763E+01, 5.455361E+00,26, 6.397920E+00,0, 0.000000E+00,0, 0.000000E+00,20, 3.567640E+01, 4.218524E-01, 8.241606E+00,NULL,NULL,1,mc_qqps,35
-21023,1223,20227,212359,94C2, 9.125000E+01,41,14,55,41,14, 3.475884E+01, 5.578362E+00, 1.267485E+01, 7.783806E+01, 7.691759E+01, 1.876039E+00, 2.131559E+01, 4.294171E+00, 9.793586E+00, 1.124502E+02, 5.734282E+01, 1.191681E+01, 2.117345E+01,18, 9.122242E+00,0, 0.000000E+00,0, 0.000000E+00,11, 1.346716E+01, 5.372320E-01, 2.488052E+00,NULL,NULL,1,mc_qqps,35
-21023,1224,20227,212416,94C2, 9.125000E+01,29,20,49,29,20, 1.031180E+00, 2.598456E+00, 2.104465E+01, 5.750045E+01, 5.693583E+01, 1.963305E+00,-6.921879E-01, 7.201980E+00, 7.826532E+00, 7.900539E+01, 1.189546E+01, 2.062111E+01, 8.838308E-01,2, 0.000000E+00,19, 6.366246E+00,0, 0.000000E+00,2, 1.884890E+00, 7.818626E-01, 1.103027E+00,5, 0.000000E+00,0,mc_qqps,35
-21023,1225,20227,212434,94C2, 9.125000E+01,20,15,35,20,15,-1.248732E+00, 3.782750E+00,-8.512221E+00, 5.846164E+01, 5.813111E+01, 2.906555E+00,-8.419876E-01,-1.577593E+00, 9.686829E-01, 8.634087E+01, 5.714619E+01, 2.160845E+01, 2.706621E+00,10, 1.718510E-01,5, 0.000000E+00,0, 0.000000E+00,9, 2.035503E+01, 3.513371E-01, 1.132126E+01,1, 0.000000E+00,1,mc_qqps,35
-21023,1226,20227,212447,94C2, 9.125000E+01,31,20,51,31,20, 1.185925E+01, 3.586959E+00, 2.708690E+01, 9.455863E+01, 9.367695E+01, 3.021837E+00, 1.425088E+01, 2.173883E+00, 3.085497E+01, 1.172227E+02, 2.075025E+01, 2.179956E+01, 8.644919E-01,1, 0.000000E+00,20, 1.526574E+01,0, 0.000000E+00,1, 1.236758E+00, 1.236758E+00, 1.236758E+00,1, 0.000000E+00,1,mc_qqps,35
-21023,1227,20227,212503,94C2, 9.125000E+01,36,16,52,36,16, 4.102005E+00, 6.310673E+00, 2.327295E-01, 6.685985E+01, 6.613685E+01, 1.837135E+00,-3.054024E+00, 3.367918E+00, 4.249020E-01, 8.385032E+01, 5.940796E+01, 9.762296E+00, 3.303899E+00,17, 1.288016E+00,0, 0.000000E+00,0, 0.000000E+00,11, 1.258942E+01, 4.265777E-01, 2.840177E+00,NULL,NULL,1,mc_qqps,35
-21023,1228,20227,212521,94C2, 9.125000E+01,18,8,26,18,8,-4.929858E+00,-8.979889E-01,-8.482794E+00, 7.006919E+01, 6.991341E+01, 3.884078E+00, 1.197598E+00, 9.031419E-01, 3.410151E+00, 9.023255E+01, 5.559832E+01, 2.016335E+01, 0.000000E+00,2, 0.000000E+00,13, 8.436109E+00,0, 0.000000E+00,NULL,NULL,NULL,NULL,1, 0.000000E+00,1,mc_qqps,35
-21023,1229,20227,212532,94C2, 9.125000E+01,31,13,44,31,13, 3.154072E-01,-1.256241E+00,-2.616578E+00, 6.088959E+01, 6.030961E+01, 1.945471E+00,-1.399294E-01,-1.154082E+01,-8.735314E+00, 9.389405E+01, 5.239501E+01, 2.380305E+01, 5.517679E+00,17, 3.140106E+00,1, 0.000000E+00,0, 0.000000E+00,9, 2.631617E+01, 6.823817E-01, 8.669994E+00,NULL,NULL,1,mc_qqps,35
-21023,1230,20227,212545,94C2, 9.125000E+01,16,16,32,16,16,-1.496116E+00,-1.770793E+01, 9.975388E+00, 4.330218E+01, 4.312004E+01, 2.695002E+00,-1.121807E+00,-1.369037E+00, 1.295211E+00, 7.885761E+01, 3.150331E+01, 2.477461E+01, 9.517551E+00,12, 4.997081E-01,1, 0.000000E+00,0, 0.000000E+00,9, 1.858765E+01, 6.208800E-01, 6.352638E+00,NULL,NULL,1,mc_qqps,35
-21023,1231,20227,212557,94C2, 9.125000E+01,57,16,73,57,16,-2.192765E+01,-3.512571E+01, 3.383405E+01, 1.077095E+02, 1.061154E+02, 1.861674E+00,-2.930383E+00,-2.408187E+01, 3.512737E+01, 1.426904E+02, 5.221793E+01, 3.126381E+01, 1.356639E-01,16, 1.044902E+01,0, 0.000000E+00,0, 0.000000E+00,13, 3.356036E+01, 5.026385E-01, 1.549608E+01,NULL,NULL,1,mc_qqps,35
-21023,1232,20227,212616,94C2, 9.125000E+01,18,16,34,18,16,-3.040480E+00, 5.183869E+00,-3.439783E+00, 6.323754E+01, 6.299636E+01, 3.499798E+00,-2.973321E+00, 1.006437E+01,-4.648888E+00, 9.224522E+01, 6.246591E+01, 1.513188E+01, 1.068743E+01,18, 7.724100E+00,1, 0.000000E+00,0, 0.000000E+00,12, 1.644558E+01, 6.773896E-01, 1.729684E+00,NULL,NULL,1,mc_qqps,35
-21023,1233,20227,212629,94C2, 9.125000E+01,17,14,31,17,14, 3.529333E+00,-8.779993E+00, 9.532828E+00, 4.874319E+01, 4.847211E+01, 2.851301E+00, 1.793010E+00,-6.410435E+00, 7.345860E+00, 9.250594E+01, 4.671936E+01, 3.260523E+01, 5.494917E+00,14, 6.644244E+00,1, 0.000000E+00,0, 0.000000E+00,11, 3.653583E+01, 4.457643E-01, 1.144334E+01,NULL,NULL,1,mc_qqps,35
-21023,1234,20227,212643,94C2, 9.125000E+01,24,21,45,24,21, 2.473351E-01,-7.681961E-01,-8.387221E+00, 4.301245E+01, 4.248476E+01, 1.770198E+00, 1.222997E+00,-2.501899E+00,-4.337340E+00, 6.499329E+01, 1.630361E+01, 1.928472E+01, 2.696132E+00,1, 0.000000E+00,13, 2.295962E+00,0, 0.000000E+00,1, 2.012677E+00, 2.012677E+00, 2.012677E+00,5, 0.000000E+00,0,mc_qqps,35
-21023,1235,20227,212702,94C2, 9.125000E+01,24,20,44,24,20,-1.915097E+00,-4.662927E+00,-5.323310E+00, 5.890893E+01, 5.853119E+01, 2.438800E+00,-3.649312E+00,-7.696781E+00,-3.379171E+00, 1.033070E+02, 5.765045E+01, 3.212992E+01, 8.972721E+00,17, 1.318547E+01,2, 0.000000E+00,0, 0.000000E+00,11, 2.827015E+01, 7.174533E-01, 7.369402E+00,3, 0.000000E+00,1,mc_qqps,35
-21023,1236,20227,212717,94C2, 9.125000E+01,13,7,20,13,7,-3.463222E+00,-1.226974E+01,-2.208117E+01, 6.036855E+01, 6.020045E+01, 4.630804E+00,-2.283921E+00,-2.504730E+00,-7.979750E+00, 9.312020E+01, 5.804327E+01, 3.216238E+01, 5.892738E-01,1, 0.000000E+00,8, 1.547082E+00,0, 0.000000E+00,NULL,NULL,NULL,NULL,NULL,NULL,1,mc_qqps,35
-21023,1237,20227,212727,94C2, 9.125000E+01,39,16,55,39,16,-1.330088E+00, 2.061018E+00,-4.141548E+00, 4.929053E+01, 4.851892E+01, 1.244075E+00,-8.501983E-02, 1.149876E+00,-5.154028E-01, 6.560468E+01, 2.795582E+01, 1.375384E+01, 2.560313E+00,4, 1.125692E-01,11, 1.170565E+00,0, 0.000000E+00,NULL,NULL,NULL,NULL,3, 0.000000E+00,1,mc_qqps,35
-21023,1238,20227,212751,94C2, 9.125000E+01,39,6,45,39,6,-3.767825E+00, 7.655771E+00,-5.544567E+00, 8.358119E+01, 8.281095E+01, 2.123358E+00,-6.381957E+00, 8.823279E+00,-6.514685E+00, 9.400727E+01, 6.991442E+01, 4.849947E+00, 3.703751E+00,12, 3.322278E+00,0, 0.000000E+00,0, 0.000000E+00,4, 6.722331E+00, 5.371836E-01, 2.925113E+00,NULL,NULL,1,mc_qqps,35
-21023,1239,20227,212805,94C2, 9.125000E+01,22,13,35,22,13, 7.272919E+00, 5.207241E+00,-1.946264E+00, 6.149946E+01, 6.109315E+01, 2.776962E+00,-6.682036E+00,-6.533894E+00,-6.193652E-01, 1.090153E+02, 5.845253E+01, 2.033205E+01, 2.648045E+01,15, 8.817794E+00,0, 0.000000E+00,0, 0.000000E+00,8, 1.730902E+01, 4.668971E-01, 6.374832E+00,NULL,NULL,1,mc_qqps,35
-21023,1240,20227,212819,94C2, 9.125000E+01,47,12,59,47,12, 7.560587E+00,-1.750699E+00,-4.588120E+00, 6.071324E+01, 5.970532E+01, 1.270326E+00, 6.618701E+00, 3.523977E-01,-6.065318E-02, 8.039425E+01, 5.627537E+01, 1.923013E+01, 4.508588E-01,12, 2.752094E+00,7, 6.844088E-01,0, 0.000000E+00,6, 1.266300E+01, 4.187898E-01, 7.387792E+00,NULL,NULL,1,mc_qqps,35
-21023,1241,20227,212839,94C2, 9.125000E+01,34,15,49,34,15,-1.138532E+00,-2.062874E+00, 1.793621E+00, 7.599525E+01, 7.535891E+01, 2.216439E+00,-1.871330E+00,-1.010791E+00, 4.579077E+00, 8.715427E+01, 7.331106E+01, 7.283827E+00, 4.244142E-01,8, 0.000000E+00,2, 0.000000E+00,0, 0.000000E+00,8, 6.867023E+00, 3.715560E-01, 1.603471E+00,NULL,NULL,1,mc_qqps,35
-21023,1242,20227,212902,94C2, 9.125000E+01,10,8,18,10,8, 1.098803E+00, 1.177864E+00, 7.286406E-02, 6.306077E+01, 6.299268E+01, 6.299268E+00, 1.466129E+00, 3.616396E-01,-7.862958E-01, 7.852439E+01, 6.286422E+01, 1.072721E+01, 0.000000E+00,14, 2.561523E+01,0, 0.000000E+00,0, 0.000000E+00,8, 1.546362E+01, 5.005612E-01, 5.768738E+00,NULL,NULL,1,mc_qqps,35
-21023,1243,20227,212911,94C2, 9.125000E+01,38,18,56,38,18,-5.825460E+00, 4.584244E+00,-2.529281E+00, 5.703524E+01, 5.617344E+01, 1.478248E+00,-7.685749E+00, 8.044796E+00, 1.833073E+00, 9.324849E+01, 5.100817E+01, 2.629037E+01, 2.268863E+00,15, 1.630269E+00,5, 0.000000E+00,0, 0.000000E+00,11, 2.923821E+01, 7.700588E-01, 8.921184E+00,1, 0.000000E+00,1,mc_qqps,35
-21023,1244,20227,212926,94C2, 9.125000E+01,40,9,49,40,9,-1.025019E+01, 4.767737E+00, 8.757242E+00, 7.642102E+01, 7.584671E+01, 1.896168E+00, 8.805066E-01, 8.906851E-01, 6.064580E-01, 9.770985E+01, 5.154876E+01, 1.408786E+01, 5.333579E+00,14, 6.985710E-01,0, 0.000000E+00,0, 0.000000E+00,7, 1.371258E+01, 3.270724E-01, 3.928082E+00,NULL,NULL,1,mc_qqps,35
-21023,1245,20227,212941,94C2, 9.125000E+01,32,17,49,32,17, 6.772971E+00,-8.389005E+00,-5.163181E+00, 6.955089E+01, 6.905063E+01, 2.157832E+00, 1.471099E+00,-4.033607E+00,-2.446746E+00, 9.113259E+01, 6.440133E+01, 1.891487E+01, 2.712493E+00,18, 1.645586E+00,1, 0.000000E+00,0, 0.000000E+00,14, 1.591129E+01, 3.990003E-01, 2.676949E+00,NULL,NULL,1,mc_qqps,35
-21023,1246,20227,212956,94C2, 9.125000E+01,23,10,33,23,10, 6.426883E+00, 4.159286E+00,-1.778045E+01, 4.410685E+01, 4.373735E+01, 1.901624E+00,-1.823508E+00, 1.776733E-01,-1.935253E+00, 7.227386E+01, 1.772365E+01, 2.651130E+01, 1.655710E+00,0, 0.000000E+00,15, 5.385309E+00,0, 0.000000E+00,NULL,NULL,NULL,NULL,NULL,NULL,1,mc_qqps,35
-21023,1247,20227,213012,94C2, 9.125000E+01,26,10,36,26,10,-8.208115E-01,-6.156407E+00, 1.954131E+01, 7.142857E+01, 7.093173E+01, 2.728143E+00, 8.580556E-01,-6.084731E+00, 6.151652E+00, 1.003389E+02, 6.383747E+01, 2.577886E+01, 3.131421E+00,3, 0.000000E+00,14, 7.628845E+00,0, 0.000000E+00,3, 8.163895E+00, 5.092746E-01, 5.349258E+00,NULL,NULL,1,mc_qqps,35
-21023,1248,20227,213025,94C2, 9.125000E+01,28,8,36,28,8, 2.812335E+00,-5.211872E+00,-1.548637E+00, 7.802556E+01, 7.734021E+01, 2.762150E+00, 4.474926E+00,-6.817797E+00, 8.282933E-01, 9.026380E+01, 7.334348E+01, 9.312719E+00, 6.289473E-01,12, 1.331368E+00,0, 0.000000E+00,0, 0.000000E+00,7, 1.160930E+01, 6.608324E-01, 3.559881E+00,NULL,NULL,1,mc_qqps,35
-21023,1249,20227,213042,94C2, 9.125000E+01,21,19,40,21,19,-1.072737E+00,-2.086571E+00, 1.173550E+00, 4.933005E+01, 4.889450E+01, 2.328309E+00,-2.028501E+00,-2.971868E+00, 1.707664E+00, 8.741422E+01, 4.764507E+01, 3.242805E+01, 1.514059E+00,20, 3.037338E+00,1, 0.000000E+00,0, 0.000000E+00,16, 3.676903E+01, 7.212858E-01, 8.335397E+00,NULL,NULL,1,mc_qqps,35
-21023,1250,20227,213055,94C2, 9.125000E+01,26,7,33,26,7, 4.433094E+00, 4.164326E+00, 9.585979E+00, 7.820698E+01, 7.760529E+01, 2.984819E+00,-3.128381E+00,-2.992130E+00,-2.132340E+00, 9.602344E+01, 7.522576E+01, 1.540591E+01, 2.410547E+00,6, 2.101846E-01,3, 0.000000E+00,0, 0.000000E+00,4, 1.507123E+01, 5.158185E-01, 7.128897E+00,NULL,NULL,1,mc_qqps,35
-21023,1251,20227,213109,94C2, 9.125000E+01,22,14,36,22,14,-1.968496E+00,-1.179970E+01, 3.150043E+00, 5.161226E+01, 5.124211E+01, 2.329187E+00,-9.291599E-01,-1.886958E+01, 5.987027E+00, 7.703884E+01, 3.620805E+01, 2.212440E+01, 5.881540E-01,13, 2.655818E+00,1, 0.000000E+00,0, 0.000000E+00,9, 2.278371E+01, 5.265891E-01, 5.660866E+00,1, 0.000000E+00,1,mc_qqps,35
-21023,1252,20227,213122,94C2, 9.125000E+01,25,17,42,25,17, 5.222651E+00, 9.926146E-01, 2.602496E-01, 3.349147E+01, 3.304216E+01, 1.321686E+00,-8.345617E+00, 6.913414E-01,-1.234568E+00, 1.063526E+02, 2.819387E+01, 4.943294E+01, 2.363443E+01,13, 7.835805E+00,0, 0.000000E+00,0, 0.000000E+00,10, 4.690877E+01, 6.869456E-01, 1.921654E+01,NULL,NULL,1,mc_qqps,35
-21023,1253,20227,213137,94C2, 9.125000E+01,18,15,33,18,15, 1.458587E+00, 5.452552E+00, 2.530374E+00, 3.777539E+01, 3.741725E+01, 2.078736E+00,-5.911133E+00,-1.761139E+01,-1.223471E+01, 8.405226E+01, 3.463932E+01, 1.355674E+01, 3.116177E+01,11, 1.240551E+01,2, 0.000000E+00,0, 0.000000E+00,8, 1.250838E+01, 3.597316E-01, 2.962646E+00,NULL,NULL,1,mc_qqps,35
-21023,1254,20227,213151,94C2, 9.125000E+01,37,31,68,37,31,-4.287348E+00, 2.773896E+00, 1.037713E+01, 4.603123E+01, 4.550820E+01, 1.229951E+00, 4.654974E-01, 4.754759E-01, 6.800555E-01, 8.735126E+01, 3.917148E+01, 3.564202E+01, 4.543784E+00,8, 8.668109E-01,17, 5.818263E-01,0, 0.000000E+00,6, 9.910222E+00, 5.449334E-01, 2.918480E+00,NULL,NULL,1,mc_qqps,35
-21023,1255,20227,213210,94C2, 9.125000E+01,21,6,27,21,6,-5.110015E+00, 4.065965E+00,-5.522560E+00, 7.561337E+01, 7.541973E+01, 3.591416E+00, 3.935783E+00,-6.805019E+00, 2.121276E+00, 9.312875E+01, 7.495238E+01, 4.394603E+00, 1.312078E+01,12, 2.108743E+00,0, 0.000000E+00,0, 0.000000E+00,2, 4.394603E+00, 9.529719E-01, 3.441632E+00,NULL,NULL,1,mc_qqps,35
-21023,1256,20227,213220,94C2, 9.125000E+01,34,13,47,34,13, 1.977689E+00,-1.312605E+00, 3.598840E+00, 7.590414E+01, 7.526904E+01, 2.213795E+00,-3.354674E+00,-4.141913E+00,-7.142738E+00, 9.465190E+01, 5.261664E+01, 1.713165E+01, 1.616115E+00,0, 0.000000E+00,17, 4.128990E+00,0, 0.000000E+00,NULL,NULL,NULL,NULL,1, 0.000000E+00,1,mc_qqps,35
-21023,1257,20227,213237,94C2, 9.125000E+01,27,20,47,27,20, 1.196291E+00,-8.820176E-03,-1.974405E+01, 8.829340E+01, 8.789695E+01, 3.255443E+00, 2.038946E+00,-3.628476E-01,-2.062341E+01, 1.095430E+02, 6.591884E+01, 1.164973E+01, 9.630166E+00,3, 5.244341E-02,18, 1.128295E+01,0, 0.000000E+00,1, 7.495596E-01, 7.495596E-01, 7.495596E-01,NULL,NULL,1,mc_qqps,35
-21023,1258,20227,213256,94C2, 9.125000E+01,30,18,48,30,18,-7.575865E-01, 3.573922E+00, 5.462578E+00, 5.929233E+01, 5.854063E+01, 1.951354E+00,-3.856960E+00, 1.416076E+01, 2.085070E+01, 1.010699E+02, 5.158229E+01, 1.912634E+01, 2.144498E+01,10, 3.863769E-02,6, 0.000000E+00,0, 0.000000E+00,7, 1.486629E+01, 6.220046E-01, 4.553323E+00,1, 0.000000E+00,1,mc_qqps,35
-21023,1259,20227,213314,94C2, 9.125000E+01,28,17,45,28,17, 1.032014E+01, 3.606934E+00, 4.179264E+00, 4.884492E+01, 4.847322E+01, 1.731187E+00, 2.006254E+00, 1.286588E+00, 2.547536E+00, 7.994659E+01, 4.566477E+01, 1.073338E+01, 2.066695E+01,19, 4.920819E+00,0, 0.000000E+00,0, 0.000000E+00,10, 9.929107E+00, 3.741553E-01, 1.846787E+00,NULL,NULL,1,mc_qqps,35
-21023,1260,20227,213330,94C2, 9.125000E+01,40,9,49,40,9, 3.853162E+00, 6.690943E+00, 9.199939E-01, 6.799363E+01, 6.739629E+01, 1.684907E+00, 3.553711E+00, 4.667765E+00,-6.059867E-02, 9.037885E+01, 5.805872E+01, 1.210850E+01, 1.027671E+01,14, 8.892162E-01,0, 0.000000E+00,0, 0.000000E+00,7, 9.802767E+00, 3.320351E-01, 4.168175E+00,NULL,NULL,1,mc_qqps,35
-21023,1261,20227,213346,94C2, 9.125000E+01,49,20,69,49,20, 4.018828E+01,-2.507454E+01, 1.149347E+00, 1.280872E+02, 1.270233E+02, 2.592313E+00, 5.331533E+01,-3.137214E+01,-4.318756E-01, 1.674368E+02, 1.167053E+02, 3.589434E+01, 6.277096E-01,28, 5.388906E+00,0, 0.000000E+00,0, 0.000000E+00,16, 3.108161E+01, 4.020276E-01, 8.291405E+00,NULL,NULL,1,mc_qqps,35
-21023,1262,20227,213409,94C2, 9.125000E+01,30,18,48,30,18,-1.231967E+00,-3.647520E+00,-2.552277E+00, 5.506262E+01, 5.460664E+01, 1.820221E+00,-4.293019E+00,-1.812190E+00,-5.253823E+00, 7.250391E+01, 5.024884E+01, 1.138153E+01, 2.057532E+00,7, 2.987024E-01,12, 2.946840E-01,0, 0.000000E+00,3, 5.462168E+00, 6.063715E-01, 3.395856E+00,NULL,NULL,1,mc_qqps,35
-21023,1263,20227,213426,94C2, 9.125000E+01,52,11,63,52,11, 5.110280E+00, 1.823190E+00, 1.868211E+01, 1.010343E+02, 1.000443E+02, 1.923929E+00, 5.422897E+00, 2.854441E+00, 2.275823E+01, 1.337502E+02, 3.992173E+01, 2.773112E+01, 5.115652E+00,2, 0.000000E+00,15, 1.421621E+00,0, 0.000000E+00,2, 1.060521E+00, 4.937066E-01, 5.668148E-01,NULL,NULL,1,mc_qqps,35
-21023,1264,20227,213443,94C2, 9.125000E+01,19,18,37,19,18,-1.554832E+00, 2.220971E+00, 5.867042E+00, 1.550931E+01, 1.514822E+01, 7.972749E-01, 6.953064E-01, 2.883131E+00, 9.332223E+00, 3.377787E+01, 8.064472E+00, 1.208053E+01, 6.188025E+00,1, 0.000000E+00,10, 1.256866E+00,0, 0.000000E+00,1, 1.131146E+00, 1.131146E+00, 1.131146E+00,6, 0.000000E+00,0,mc_qqps,35
-21023,1265,20227,213454,94C2, 9.125000E+01,36,10,46,36,10, 1.905657E+01, 2.526064E-01,-2.860603E+00, 6.850255E+01, 6.732055E+01, 1.870015E+00, 1.129892E+01,-1.716635E+00,-2.737503E+00, 8.347369E+01, 6.440367E+01, 1.444919E+01, 0.000000E+00,16, 3.210238E+00,0, 0.000000E+00,0, 0.000000E+00,9, 1.345077E+01, 4.960911E-01, 2.775815E+00,NULL,NULL,1,mc_qqps,35
-21023,1266,20227,213508,94C2, 9.125000E+01,13,14,27,13,14,-1.826052E+01, 2.612218E+01, 1.943542E+02, 2.059381E+02, 2.057428E+02, 1.582637E+01,-1.290294E+01, 2.123061E+01, 1.761713E+02, 2.387588E+02, 2.242900E+01, 1.611663E+01, 1.670408E+01,1, 0.000000E+00,10, 5.485434E+00,0, 0.000000E+00,1, 1.096207E+00, 1.096207E+00, 1.096207E+00,3, 0.000000E+00,0,mc_qqps,35
-21023,1267,20227,213522,94C2, 9.125000E+01,27,13,40,27,13, 4.369353E+00,-1.495858E+00,-1.307115E+00, 8.591103E+01, 8.528514E+01, 3.158709E+00, 1.170479E+01,-3.082690E+00,-5.676305E+00, 1.344977E+02, 8.258625E+01, 2.036021E+01, 2.592345E+01,12, 5.830938E-01,0, 0.000000E+00,0, 0.000000E+00,6, 2.104467E+01, 4.830542E-01, 1.414290E+01,NULL,NULL,1,mc_qqps,35
-21023,1268,20227,213536,94C2, 9.125000E+01,27,9,36,27,9, 2.400893E+00,-8.605143E+00,-7.261464E+00, 6.526369E+01, 6.476431E+01, 2.398678E+00,-4.975226E+00, 1.303730E+01, 1.254273E+01, 1.007667E+02, 6.236139E+01, 3.406587E+01, 2.522506E-01,11, 1.688412E+00,0, 0.000000E+00,0, 0.000000E+00,6, 2.607742E+01, 1.028247E+00, 1.000345E+01,NULL,NULL,1,mc_qqps,35
-21023,1269,20227,213548,94C2, 9.125000E+01,25,17,42,25,17, 1.181192E+01, 4.875265E+00,-2.202385E+00, 6.756859E+01, 6.717405E+01, 2.686962E+00, 5.299013E+00, 3.882390E+00,-1.299442E+00, 9.502531E+01, 6.379003E+01, 2.658300E+01, 0.000000E+00,22, 7.744036E+00,0, 0.000000E+00,0, 0.000000E+00,15, 2.595547E+01, 5.621727E-01, 7.867398E+00,NULL,NULL,1,mc_qqps,35
-21023,1270,20227,213602,94C2, 9.125000E+01,19,9,28,19,9, 5.060920E-01, 2.911050E+00, 2.412764E-01, 7.937739E+01, 7.904317E+01, 4.160167E+00,-4.044518E+00,-3.930000E+00, 2.626345E+00, 9.935690E+01, 7.766818E+01, 1.242041E+01, 7.559102E+00,11, 7.608551E+00,0, 0.000000E+00,0, 0.000000E+00,6, 1.242041E+01, 5.470508E-01, 5.383578E+00,NULL,NULL,1,mc_qqps,35
-21023,1271,20227,213615,94C2, 9.125000E+01,22,7,29,22,7,-1.908736E+00,-2.360927E+00,-7.067394E-01, 6.869338E+01, 6.828376E+01, 3.103807E+00, 6.285421E+00, 5.561766E+00,-1.357703E+00, 8.407223E+01, 6.738415E+01, 1.292589E+01, 2.522033E+00,10, 6.678199E+00,0, 0.000000E+00,0, 0.000000E+00,5, 1.292589E+01, 6.738937E-01, 5.742047E+00,NULL,NULL,1,mc_qqps,35
-21023,1272,20227,213626,94C2, 9.125000E+01,22,22,44,22,22, 1.806313E+00,-1.094406E+01, 7.728760E+00, 4.403080E+01, 4.347720E+01, 1.976236E+00, 2.497876E-01, 3.331205E+00,-2.998001E+00, 8.716151E+01, 3.735779E+01, 3.670298E+01, 0.000000E+00,22, 6.843787E+00,1, 0.000000E+00,0, 0.000000E+00,17, 4.040962E+01, 4.488107E-01, 7.579538E+00,NULL,NULL,1,mc_qqps,35
-21023,1273,20227,213637,94C2, 9.125000E+01,19,11,30,19,11,-1.090293E+01,-1.106326E+01, 2.793525E+00, 5.717880E+01, 5.696897E+01, 2.998367E+00, 4.374621E+00, 3.498640E+00,-5.199371E+00, 1.013866E+02, 5.543818E+01, 2.413715E+01, 1.892701E+01,15, 2.854524E+00,0, 0.000000E+00,0, 0.000000E+00,7, 2.440669E+01, 6.558904E-01, 1.154277E+01,NULL,NULL,1,mc_qqps,35
-21023,1274,20227,213648,94C2, 9.125000E+01,14,9,23,14,9, 2.951616E+00, 1.320813E+00,-2.070125E+00, 5.904592E+01, 5.892894E+01, 4.209210E+00,-4.951317E+00,-5.516450E+00, 6.746108E+00, 8.475116E+01, 5.935566E+01, 1.517860E+01, 2.242036E-01,13, 1.169477E+01,0, 0.000000E+00,0, 0.000000E+00,8, 2.548104E+01, 4.777258E-01, 1.030244E+01,NULL,NULL,1,mc_qqps,35
-21023,1275,20227,213704,94C2, 9.125000E+01,38,13,51,38,13,-1.359432E+00, 4.021414E+00,-1.463158E+00, 6.164308E+01, 6.080869E+01, 1.600229E+00, 3.639811E+00,-2.675673E+00,-3.021675E+00, 7.827015E+01, 5.038283E+01, 1.503129E+01, 3.878650E-01,16, 2.307353E+01,1, 0.000000E+00,0, 0.000000E+00,11, 1.610380E+01, 4.845101E-01, 4.522207E+00,NULL,NULL,1,mc_qqps,35
-21023,1276,20227,213720,94C2, 9.125000E+01,22,6,28,22,6, 2.764296E+01,-1.301559E+01, 1.623804E+01, 4.592092E+01, 4.535556E+01, 2.061616E+00,-3.374512E+00, 1.973032E+00,-1.311290E+00, 8.675790E+01, 4.297257E+01, 3.987881E+01, 0.000000E+00,11, 6.977476E+00,0, 0.000000E+00,0, 0.000000E+00,6, 4.083698E+01, 9.585079E-01, 2.652393E+01,NULL,NULL,1,mc_qqps,35
-21023,1277,20227,213732,94C2, 9.125000E+01,39,20,59,39,20,-3.523674E+00,-2.508504E+00,-4.094379E+00, 6.173101E+01, 6.093189E+01, 1.562356E+00, 5.464283E+00, 6.669665E+00,-1.848125E+00, 9.948361E+01, 5.841111E+01, 2.595744E+01, 5.810779E+00,27, 6.974743E+00,0, 0.000000E+00,0, 0.000000E+00,18, 3.132463E+01, 5.394037E-01, 6.178630E+00,NULL,NULL,1,mc_qqps,35
-21023,1278,20227,213748,94C2, 9.125000E+01,18,7,25,18,7, 5.811468E+00, 1.445959E+01,-8.258120E+00, 6.581071E+01, 6.550592E+01, 3.639218E+00,-1.758811E-01, 1.198263E+00,-1.612345E-01, 8.258225E+01, 6.432738E+01, 1.439041E+01, 0.000000E+00,13, 1.272720E+01,0, 0.000000E+00,0, 0.000000E+00,7, 1.677155E+01, 7.398444E-01, 4.804674E+00,NULL,NULL,1,mc_qqps,35
-21023,1279,20227,213759,94C2, 9.125000E+01,68,15,83,68,15,-4.501644E+00, 4.992514E+00,-9.996614E+00, 7.584360E+01, 7.434608E+01, 1.093325E+00,-1.003750E+01, 1.371612E+01,-1.299663E+01, 9.871229E+01, 5.853960E+01, 1.248409E+01, 1.058208E+01,17, 2.030055E+00,3, 0.000000E+00,0, 0.000000E+00,8, 1.068795E+01, 4.348666E-01, 4.338826E+00,NULL,NULL,1,mc_qqps,35
-21023,1280,20227,213821,94C2, 9.125000E+01,33,8,41,33,8,-1.001794E+01, 5.976536E+00, 1.295879E+01, 7.946228E+01, 7.869865E+01, 2.384808E+00,-1.090541E+01, 5.741737E+00, 9.831975E+00, 8.928596E+01, 5.538820E+01, 5.509518E+00, 4.366314E+00,1, 0.000000E+00,10, 3.747142E+00,0, 0.000000E+00,NULL,NULL,NULL,NULL,NULL,NULL,1,mc_qqps,35
-21023,1281,20227,213832,94C2, 9.125000E+01,34,14,48,34,14,-3.639475E+00,-5.782702E+00,-5.042006E-01, 7.233542E+01, 7.172979E+01, 2.109700E+00,-9.922756E+00,-1.762672E+01,-4.957969E+00, 1.029137E+02, 5.958191E+01, 1.825583E+01, 3.363114E+00,20, 2.545438E+00,1, 0.000000E+00,0, 0.000000E+00,11, 2.686454E+01, 4.035012E-01, 8.962424E+00,NULL,NULL,1,mc_qqps,35
-21023,1282,20227,213847,94C2, 9.125000E+01,26,14,40,26,14,-5.266119E+00,-5.951896E+00, 9.439872E+00, 6.281129E+01, 6.252670E+01, 2.404873E+00,-2.874602E+00,-4.681283E+00, 7.712531E+00, 8.920904E+01, 5.082354E+01, 2.565928E+01, 7.384490E-01,12, 7.445130E-02,2, 0.000000E+00,0, 0.000000E+00,7, 1.142933E+01, 6.551203E-01, 3.783241E+00,3, 0.000000E+00,1,mc_qqps,35
-21023,1283,20227,213906,94C2, 9.125000E+01,47,19,66,47,19, 6.263070E+00, 3.167837E+00,-9.461004E-01, 4.582787E+01, 4.467383E+01, 9.505070E-01, 5.261182E+00, 2.096082E+00,-7.124391E+00, 7.441260E+01, 3.441743E+01, 1.441165E+01, 2.745569E+00,15, 6.661426E-01,2, 0.000000E+00,0, 0.000000E+00,13, 2.488489E+01, 4.448339E-01, 5.306789E+00,NULL,NULL,1,mc_qqps,35
-21023,1284,20227,213927,94C2, 9.125000E+01,20,5,25,20,5,-7.975670E+00, 4.272962E+00,-1.165397E+00, 7.459126E+01, 7.422140E+01, 3.711070E+00,-1.730877E+00, 2.109933E+00, 1.987957E-01, 8.302810E+01, 7.276433E+01, 7.320252E+00, 1.221705E+00,10, 5.152041E+00,0, 0.000000E+00,0, 0.000000E+00,3, 6.585330E+00, 8.392762E-01, 3.459894E+00,NULL,NULL,1,mc_qqps,35
-21023,1285,20227,213940,94C2, 9.125000E+01,22,15,37,22,15,-5.152374E+00,-3.091130E+00, 1.176508E+00, 6.388687E+01, 6.363451E+01, 2.892478E+00,-2.589782E+00,-2.776372E+00, 3.256730E+00, 8.692097E+01, 6.292854E+01, 2.050188E+01, 1.654064E-01,21, 2.342439E+00,0, 0.000000E+00,0, 0.000000E+00,13, 1.871741E+01, 5.496556E-01, 2.927154E+00,NULL,NULL,1,mc_qqps,35
-21023,1286,20227,213951,94C2, 9.125000E+01,29,9,38,29,9, 2.907977E-01, 2.896109E-01, 9.696451E-02, 6.369141E+01, 6.321291E+01, 2.179756E+00,-2.319357E+00,-4.930973E+00, 5.426890E-01, 8.039165E+01, 5.494972E+01, 9.136463E+00, 2.353731E+00,8, 2.417860E+01,0, 0.000000E+00,0, 0.000000E+00,5, 1.160120E+01, 6.600586E-01, 5.210053E+00,NULL,NULL,1,mc_qqps,35
-21023,1287,20227,214003,94C2, 9.125000E+01,20,16,36,20,16, 1.585984E+00, 1.557855E+00,-2.061453E+00, 6.738295E+01, 6.707821E+01, 3.353910E+00,-3.436884E+00, 4.097720E+00, 1.531111E+00, 8.970578E+01, 6.554567E+01, 1.264530E+01, 9.600575E-01,15, 1.147908E+01,0, 0.000000E+00,0, 0.000000E+00,11, 1.792334E+01, 6.189112E-01, 4.264462E+00,NULL,NULL,1,mc_qqps,35
-21023,1288,20227,214017,94C2, 9.125000E+01,50,19,69,50,19, 1.458595E+01, 1.246077E+01, 7.566583E+00, 5.498270E+01, 5.388738E+01, 1.077748E+00, 2.501781E+00, 1.916048E+00, 4.600677E-01, 8.796759E+01, 4.247828E+01, 2.328630E+01, 4.755768E+00,18, 1.783150E+00,0, 0.000000E+00,0, 0.000000E+00,15, 2.737871E+01, 5.214234E-01, 7.382275E+00,NULL,NULL,1,mc_qqps,35
-21023,1289,20227,214034,94C2, 9.125000E+01,51,14,65,51,14, 1.298326E+01,-1.549293E+00,-5.361110E-01, 6.259437E+01, 6.035852E+01, 1.183501E+00, 1.261308E+01,-4.074754E-01,-1.377794E+00, 8.406982E+01, 5.543825E+01, 1.250864E+01, 2.814177E+00,16, 6.899046E+00,0, 0.000000E+00,0, 0.000000E+00,12, 1.866127E+01, 4.027119E-01, 4.837667E+00,NULL,NULL,1,mc_qqps,35
-21023,1290,20227,214051,94C2, 9.125000E+01,19,9,28,19,9,-3.304353E+01, 8.117468E+00, 5.402196E+00, 5.825184E+01, 5.797734E+01, 3.051439E+00,-1.174308E+01, 3.230325E+00, 2.461919E+00, 8.413718E+01, 5.416702E+01, 1.686593E+01, 9.020277E+00,11, 4.262761E+00,0, 0.000000E+00,0, 0.000000E+00,7, 1.686506E+01, 6.922315E-01, 1.041338E+01,NULL,NULL,1,mc_qqps,35
-21023,1291,20227,214101,94C2, 9.125000E+01,18,16,34,18,16,-1.173346E+00,-3.577602E+00,-2.189971E+01, 2.957590E+01, 2.927373E+01, 1.626318E+00,-1.073457E+00,-3.681741E+00,-2.207018E+01, 6.278849E+01, 3.127565E+00, 2.888581E+01, 3.075428E+00,1, 0.000000E+00,16, 6.443740E+00,0, 0.000000E+00,1, 1.251355E+00, 1.251355E+00, 1.251355E+00,1, 0.000000E+00,0,mc_qqps,35
-21023,1292,20227,214134,94C2, 9.125000E+01,29,19,48,29,19,-7.136021E+00,-6.431141E+00,-5.884009E-01, 4.250447E+01, 4.193182E+01, 1.445925E+00,-8.469137E+00,-1.113609E+01,-1.705277E-01, 7.418208E+01, 3.924771E+01, 2.119335E+01, 3.277051E+00,17, 9.862531E-02,0, 0.000000E+00,0, 0.000000E+00,14, 2.620757E+01, 5.591265E-01, 5.861783E+00,NULL,NULL,1,mc_qqps,35
-21023,1293,20227,214153,94C2, 9.125000E+01,30,12,42,30,12, 1.035465E+00, 4.732685E-01,-1.871791E+00, 5.240273E+01, 5.172881E+01, 1.724293E+00,-9.904945E-02,-5.132513E+00, 7.134997E+00, 7.870514E+01, 4.788313E+01, 1.858802E+01, 7.881573E+00,3, 5.110158E-02,11, 1.591804E+00,0, 0.000000E+00,1, 2.334157E+00, 2.334157E+00, 2.334157E+00,NULL,NULL,1,mc_qqps,35
-21023,1294,20227,214205,94C2, 9.125000E+01,55,20,75,55,20, 7.463814E+00,-2.123649E+00, 7.898635E+00, 6.466409E+01, 6.350803E+01, 1.154691E+00, 1.942823E+01, 1.168602E+00, 9.056173E+00, 8.816377E+01, 5.456205E+01, 1.007655E+01, 9.818515E+00,22, 8.627160E+00,0, 0.000000E+00,0, 0.000000E+00,14, 1.286272E+01, 3.064342E-01, 1.654024E+00,NULL,NULL,1,mc_qqps,35
-21023,1295,20227,214232,94C2, 9.125000E+01,37,6,43,37,6, 2.723181E+00,-4.361521E+00,-2.877108E+00, 8.347650E+01, 8.254657E+01, 2.230988E+00,-8.168751E+00, 6.096697E+00,-1.517104E+00, 9.916844E+01, 6.776212E+01, 1.430373E+01, 0.000000E+00,7, 1.181849E+01,0, 0.000000E+00,0, 0.000000E+00,4, 1.493569E+01, 1.388211E+00, 6.067795E+00,NULL,NULL,1,mc_qqps,35
-21023,1296,20227,214243,94C2, 9.125000E+01,15,22,37,15,22, 4.880392E+00, 2.051722E+00,-9.839421E+00, 2.538183E+01, 2.508481E+01, 1.672320E+00,-1.840138E-01,-7.167414E-01, 5.997485E-02, 8.887023E+01, 2.405333E+01, 5.825874E+01, 4.376168E+00,2, 0.000000E+00,18, 9.615160E-01,0, 0.000000E+00,1, 8.652516E-01, 8.652516E-01, 8.652516E-01,NULL,NULL,1,mc_qqps,35
-21023,1297,20227,214255,94C2, 9.125000E+01,42,14,56,42,14, 1.672929E+01,-9.959703E-01,-6.770451E+00, 7.370841E+01, 7.286744E+01, 1.734939E+00, 9.585513E+00,-1.449998E+00,-2.579916E+00, 9.884429E+01, 5.963653E+01, 1.282506E+01, 4.660029E+00,16, 1.706487E+00,0, 0.000000E+00,0, 0.000000E+00,8, 1.643483E+01, 5.675116E-01, 5.151155E+00,1, 0.000000E+00,1,mc_qqps,35
-21023,1298,20227,214310,94C2, 9.125000E+01,28,9,37,28,9,-2.932213E+00, 1.667996E+00,-9.072269E+00, 6.129106E+01, 6.062447E+01, 2.165160E+00, 9.859796E-02, 2.582382E-01,-6.214495E+00, 6.851585E+01, 2.843608E+01, 4.259867E+00, 2.964910E+00,1, 0.000000E+00,8, 7.277400E-01,0, 0.000000E+00,1, 8.694137E-01, 8.694137E-01, 8.694137E-01,NULL,NULL,1,mc_qqps,35
-21023,1299,20227,214324,94C2, 9.125000E+01,42,19,61,42,19,-1.690055E+01,-2.812387E+00,-8.661272E+01, 1.669561E+02, 1.659445E+02, 3.951060E+00,-1.689270E+01,-5.016160E+00,-9.272829E+01, 1.915863E+02, 5.878871E+01, 1.921351E+01, 5.573542E+00,5, 4.463534E+00,14, 8.020834E-01,0, 0.000000E+00,3, 4.230110E+00, 7.183794E-01, 1.788233E+00,2, 0.000000E+00,1,mc_qqps,35
-21023,1300,20227,214344,94C2, 9.125000E+01,25,22,47,25,22,-1.308115E+01, 1.032244E+01,-4.333591E+01, 8.305035E+01, 8.262424E+01, 3.304970E+00,-1.744747E+01, 1.356724E+01,-4.630244E+01, 1.145281E+02, 3.231766E+01, 1.786205E+01, 1.262458E+01,5, 5.497259E-01,12, 3.577245E+00,0, 0.000000E+00,2, 2.157952E+00, 1.010713E+00, 1.147239E+00,6, 0.000000E+00,1,mc_qqps,35
-21023,1301,20227,214410,94C2, 9.125000E+01,44,8,52,44,8, 4.828941E+01,-1.252767E+01,-4.558179E+00, 1.171201E+02, 1.152282E+02, 2.618823E+00, 3.958135E+01,-5.753009E+00,-4.605512E+00, 1.324833E+02, 4.671565E+01, 1.179113E+01, 3.280135E-01,8, 9.677397E-02,1, 2.054101E-01,0, 0.000000E+00,5, 1.389493E+01, 4.689745E-01, 6.294168E+00,NULL,NULL,1,mc_qqps,35
-21023,1302,20227,214431,94C2, 9.125000E+01,33,9,42,33,9,-8.548129E+00, 2.900134E+00, 3.280839E+00, 6.784837E+01, 6.712236E+01, 2.034011E+00,-3.385629E+00, 1.106058E+00, 2.226853E+00, 7.915613E+01, 5.586290E+01, 7.836644E+00, 9.023224E-01,12, 8.852550E+00,0, 0.000000E+00,0, 0.000000E+00,6, 8.456658E+00, 6.366395E-01, 2.568794E+00,NULL,NULL,1,mc_qqps,35
-21023,1303,20227,214444,94C2, 9.125000E+01,26,14,40,26,14, 3.375279E+00,-1.979945E+00, 3.197037E-01, 5.052528E+01, 5.010436E+01, 1.927091E+00, 3.622206E+00,-4.682077E-01,-1.315971E+00, 8.454942E+01, 4.704556E+01, 2.147886E+01, 1.319015E+00,14, 1.748598E+00,0, 0.000000E+00,0, 0.000000E+00,12, 3.270514E+01, 5.730234E-01, 8.549387E+00,NULL,NULL,1,mc_qqps,35
-21023,1304,20227,214457,94C2, 9.125000E+01,28,17,45,28,17, 1.090934E+00, 3.496841E-01,-2.076563E+00, 6.798515E+01, 6.769863E+01, 2.417808E+00,-6.523565E+00, 3.414694E+00, 8.946146E+00, 9.617619E+01, 5.026323E+01, 1.365434E+01, 1.177806E+01,1, 0.000000E+00,13, 3.024658E-01,0, 0.000000E+00,1, 2.775099E+00, 2.775099E+00, 2.775099E+00,NULL,NULL,1,mc_qqps,35
-21023,1305,20227,214513,94C2, 9.125000E+01,28,14,42,28,14, 1.638321E+00, 1.317781E+01, 1.194564E+01, 3.750634E+01, 3.701300E+01, 1.321893E+00, 2.451335E+00, 1.177732E+01, 3.776819E+00, 8.210451E+01, 2.910106E+01, 1.779061E+01, 1.623910E+01,13, 7.611501E-01,5, 6.499947E-01,0, 0.000000E+00,9, 2.425755E+01, 8.116491E-01, 5.994152E+00,NULL,NULL,1,mc_qqps,35
-21023,1306,20227,214533,94C2, 9.125000E+01,23,12,35,23,12, 2.145393E+02,-1.107094E+02,-1.250670E+02, 3.218204E+02, 3.215475E+02, 1.398033E+01, 2.170368E+02,-1.114681E+02,-1.269611E+02, 3.383664E+02, 5.153803E+01, 1.161107E+01, 4.434982E+00,16, 2.702424E+01,1, 0.000000E+00,0, 0.000000E+00,8, 1.014663E+01, 5.773724E-01, 2.421503E+00,1, 0.000000E+00,1,mc_qqps,35
-21023,1307,20227,214548,94C2, 9.125000E+01,17,11,28,17,11, 1.856396E+00,-7.012998E+00, 2.524358E+00, 5.838795E+01, 5.826698E+01, 3.427469E+00, 2.184388E+00,-1.197076E+01, 5.855390E+00, 7.848875E+01, 5.849821E+01, 1.879304E+01, 0.000000E+00,17, 1.008936E+01,0, 0.000000E+00,0, 0.000000E+00,10, 1.947459E+01, 5.343377E-01, 8.195104E+00,NULL,NULL,1,mc_qqps,35
-21023,1308,20227,214602,94C2, 9.125000E+01,28,18,46,28,18, 2.038448E+00,-6.488430E+00, 5.206285E+00, 7.054974E+01, 7.003989E+01, 2.501425E+00, 4.311107E+00, 3.426290E+00,-4.151673E+00, 9.962119E+01, 6.710458E+01, 2.248494E+01, 3.677020E+00,16, 1.008888E+01,1, 0.000000E+00,0, 0.000000E+00,11, 1.784978E+01, 5.547793E-01, 5.681595E+00,NULL,NULL,1,mc_qqps,35
-21023,1309,20227,214617,94C2, 9.125000E+01,23,10,33,23,10,-1.743062E+01,-3.728155E+00,-3.612931E+01, 5.159759E+01, 5.104978E+01, 2.219556E+00,-1.483332E+01,-3.622078E+00,-3.133036E+01, 6.432523E+01, 3.869883E+01, 9.931037E+00, 1.688054E+00,1, 0.000000E+00,12, 9.403734E+00,0, 0.000000E+00,1, 1.108542E+00, 1.108542E+00, 1.108542E+00,NULL,NULL,1,mc_qqps,35
-21023,1310,20227,214634,94C2, 9.125000E+01,29,23,52,29,23, 2.294496E+00, 3.195450E+00, 7.881459E+00, 4.019758E+01, 3.970984E+01, 1.369305E+00, 5.114406E+00, 7.930924E+00, 1.077752E+01, 7.449515E+01, 3.529012E+01, 2.419919E+01, 1.023092E+01,15, 1.849409E+00,8, 3.094272E-01,0, 0.000000E+00,11, 1.681899E+01, 6.808393E-01, 2.354013E+00,NULL,NULL,1,mc_qqps,35
-21023,1311,20227,214652,94C2, 9.125000E+01,23,9,32,23,9, 5.191273E+00, 4.924290E+00,-6.228852E-01, 3.701537E+01, 3.663007E+01, 1.592612E+00, 3.800737E-01, 1.078485E+01,-6.447803E+00, 8.092699E+01, 3.396768E+01, 3.714138E+01, 6.770234E+00,8, 2.908908E+00,2, 0.000000E+00,0, 0.000000E+00,6, 3.584356E+01, 1.190732E+00, 1.825487E+01,NULL,NULL,1,mc_qqps,35
-21023,1312,20227,214704,94C2, 9.125000E+01,29,11,40,29,11,-3.334031E+00,-3.682004E+00,-1.449555E+00, 5.355892E+01, 5.306772E+01, 1.829921E+00, 1.445363E+01, 2.219280E+01, 2.254800E+00, 9.459824E+01, 5.146202E+01, 4.021052E+01, 9.683853E-01,14, 4.394510E+00,0, 0.000000E+00,0, 0.000000E+00,8, 2.101394E+01, 4.280993E-01, 1.394233E+01,NULL,NULL,1,mc_qqps,35
-21023,1313,20227,214721,94C2, 9.125000E+01,28,13,41,28,13,-1.106811E+01, 2.071287E+01, 6.165868E+01, 1.620040E+02, 1.615864E+02, 5.770944E+00,-1.084806E+01, 2.174364E+01, 6.466908E+01, 1.870362E+02, 4.990568E+01, 2.396807E+01, 1.064101E+00,0, 0.000000E+00,19, 2.623298E+01,0, 0.000000E+00,NULL,NULL,NULL,NULL,3, 0.000000E+00,1,mc_qqps,35
-21023,1314,20227,214738,94C2, 9.125000E+01,35,11,46,35,11, 8.262594E+00,-9.608691E-01,-1.028907E+00, 9.205638E+01, 9.142340E+01, 2.612097E+00, 6.202541E+00,-9.768738E-01,-1.090850E+00, 1.156286E+02, 7.379399E+01, 2.323247E+01, 3.397853E-01,11, 6.507464E+00,0, 0.000000E+00,0, 0.000000E+00,8, 1.917842E+01, 5.446230E-01, 9.688267E+00,NULL,NULL,1,mc_qqps,35
-21023,1315,20227,214753,94C2, 9.125000E+01,51,19,70,51,19, 7.929532E-02,-1.482969E+00, 2.916253E+00, 6.880164E+01, 6.761516E+01, 1.325787E+00,-3.567449E+00, 9.032990E+00,-3.659370E-01, 1.010518E+02, 6.298824E+01, 1.614983E+01, 1.072922E+01,19, 1.450633E+00,0, 0.000000E+00,0, 0.000000E+00,12, 1.775216E+01, 5.136209E-01, 4.816307E+00,1, 0.000000E+00,1,mc_qqps,35
-21023,1316,20227,214811,94C2, 9.125000E+01,15,18,33,15,18,-9.896685E+01,-3.547895E+01,-3.688457E+02, 3.948729E+02, 3.946188E+02, 2.630792E+01,-9.775397E+01,-3.501372E+01,-3.508153E+02, 4.191011E+02, 9.379465E+00, 2.183673E+01, 1.514696E+00,4, 1.160095E-01,11, 7.206588E+00,0, 0.000000E+00,3, 2.360863E+00, 3.359424E-01, 1.148066E+00,4, 0.000000E+00,0,mc_qqps,35
-21023,1317,20227,214836,94C2, 9.125000E+01,22,14,36,22,14, 2.360251E+00, 5.758870E+00,-5.302083E+00, 4.713576E+01, 4.666550E+01, 2.121159E+00, 7.797484E-01, 3.474641E+00,-1.652533E+00, 8.609840E+01, 3.875355E+01, 3.293454E+01, 4.335724E+00,9, 8.425764E+00,2, 0.000000E+00,0, 0.000000E+00,8, 3.274085E+01, 7.342131E-01, 9.275094E+00,NULL,NULL,1,mc_qqps,35
-21023,1318,20227,214850,94C2, 9.125000E+01,22,13,35,22,13, 7.496929E+00,-1.319539E+00,-3.280686E+00, 5.737952E+01, 5.694779E+01, 2.588536E+00,-1.311137E+01, 8.251916E+00, 2.560350E+01, 1.072280E+02, 5.177111E+01, 4.585772E+01, 3.990762E+00,1, 0.000000E+00,9, 1.210618E+00,0, 0.000000E+00,NULL,NULL,NULL,NULL,NULL,NULL,1,mc_qqps,35
-21023,1319,20227,214906,94C2, 9.125000E+01,17,6,23,17,6,-3.347062E+00, 6.960010E+00, 6.313685E+00, 6.343789E+01, 6.332132E+01, 3.724783E+00, 3.033620E+00,-5.463828E+00,-6.487534E+00, 9.370631E+01, 6.346621E+01, 2.592646E+01, 0.000000E+00,7, 7.574074E-01,1, 0.000000E+00,0, 0.000000E+00,4, 1.998463E+01, 7.689242E-01, 1.363651E+01,NULL,NULL,1,mc_qqps,35
-21023,1320,20227,214918,94C2, 9.125000E+01,28,12,40,28,12, 5.421897E+00,-4.964674E+00,-1.935647E+01, 5.665646E+01, 5.619318E+01, 2.006899E+00, 3.189241E+00,-3.565502E+00,-1.123531E+01, 7.548645E+01, 1.576602E+01, 1.328043E+01, 5.549564E+00,0, 0.000000E+00,16, 1.975475E+00,0, 0.000000E+00,NULL,NULL,NULL,NULL,1, 0.000000E+00,1,mc_qqps,35
-21023,1321,20227,214933,94C2, 9.125000E+01,24,13,37,24,13,-3.857936E+00, 7.161966E+00,-2.305357E+00, 3.630146E+01, 3.589189E+01, 1.495495E+00,-7.775027E-01,-1.855653E-01, 1.500455E-01, 7.135359E+01, 3.421768E+01, 2.964500E+01, 5.407140E+00,13, 1.559616E+00,0, 0.000000E+00,0, 0.000000E+00,10, 2.902670E+01, 7.336915E-01, 1.219989E+01,NULL,NULL,1,mc_qqps,35
-21023,1322,20227,214948,94C2, 9.125000E+01,28,6,34,28,6, 2.450243E+00, 1.214084E+00, 1.057100E+00, 5.359882E+01, 5.238172E+01, 1.870776E+00, 3.772873E+00, 2.274743E+00, 6.259955E-01, 6.180613E+01, 4.115076E+01, 3.656740E+00, 2.077917E+00,8, 2.661936E-01,0, 0.000000E+00,0, 0.000000E+00,5, 6.129383E+00, 6.246107E-01, 1.736620E+00,NULL,NULL,1,mc_qqps,35
-21023,1323,20227,215004,94C2, 9.125000E+01,27,11,38,27,11, 8.547060E-01,-5.363858E+00, 4.088452E+00, 6.669711E+01, 6.625680E+01, 2.453955E+00, 1.043799E+00,-4.562374E+00, 4.138823E+00, 9.565966E+01, 6.509795E+01, 2.297076E+01, 5.991787E+00,14, 7.303741E+00,0, 0.000000E+00,0, 0.000000E+00,6, 1.342704E+01, 7.091485E-01, 4.019466E+00,NULL,NULL,1,mc_qqps,35
-21023,1324,20227,215018,94C2, 9.125000E+01,42,15,56,41,15, 5.499320E+00,-1.097985E+01, 4.262690E+00, 6.538227E+01, 6.429337E+01, 1.568131E+00, 7.637271E+00,-1.204179E+01, 2.585212E+00, 9.292881E+01, 6.007845E+01, 1.683200E+01, 1.047060E+01,14, 5.216329E-01,0, 0.000000E+00,0, 0.000000E+00,9, 1.467645E+01, 7.063103E-01, 5.956471E+00,NULL,NULL,1,mc_qqps,35
-21023,1325,20227,215035,94C2, 9.125000E+01,36,14,50,36,14, 3.584959E+00, 7.125516E+00, 4.025621E+00, 5.206149E+01, 5.137547E+01, 1.427096E+00, 5.413792E+00,-1.150414E+00,-4.409618E+00, 8.913841E+01, 4.883948E+01, 1.179839E+01, 1.306276E+01,17, 3.597030E+00,1, 0.000000E+00,0, 0.000000E+00,9, 2.173627E+01, 5.894178E-01, 5.149335E+00,NULL,NULL,1,mc_qqps,35
-21023,1326,20227,215049,94C2, 9.125000E+01,33,24,57,33,24, 1.617792E+01, 1.836314E+00,-2.181556E+01, 9.603277E+01, 9.541297E+01, 2.891302E+00, 7.842857E+00, 2.250657E-01, 9.379864E-01, 1.346374E+02, 5.978107E+01, 2.566580E+01, 1.204625E+01,3, 0.000000E+00,25, 6.576124E+00,0, 0.000000E+00,3, 2.154165E+00, 3.500537E-01, 1.261549E+00,NULL,NULL,1,mc_qqps,35
-21023,1327,20227,215106,94C2, 9.125000E+01,57,12,69,57,12, 2.531352E+00,-1.084109E+00,-1.141351E+00, 1.056440E+02, 1.038008E+02, 1.821068E+00,-6.074812E-01, 1.786399E+00,-5.920315E+00, 1.159281E+02, 9.739898E+01, 7.398733E+00, 2.885294E+00,1, 0.000000E+00,12, 0.000000E+00,0, 0.000000E+00,1, 2.103451E+00, 2.103451E+00, 2.103451E+00,NULL,NULL,1,mc_qqps,35
-21023,1328,20227,215127,94C2, 9.125000E+01,19,13,32,19,13, 4.428279E+00, 4.870584E+00, 1.478221E-02, 6.332900E+01, 6.294386E+01, 3.312835E+00, 9.958001E+00, 1.244258E+01,-2.062400E+00, 9.895841E+01, 6.232864E+01, 2.967460E+01, 3.507983E+00,14, 9.306014E+00,0, 0.000000E+00,0, 0.000000E+00,10, 2.730700E+01, 4.716343E-01, 8.333692E+00,NULL,NULL,1,mc_qqps,35
-21023,1329,20227,215139,94C2, 9.125000E+01,15,9,24,15,9, 1.122577E+01, 2.772739E+00,-1.159684E+00, 3.460851E+01, 3.432522E+01, 2.288348E+00,-2.725492E+00,-1.708319E+00, 5.110160E-01, 8.459135E+01, 3.367150E+01, 4.921984E+01, 0.000000E+00,12, 2.193392E+00,0, 0.000000E+00,0, 0.000000E+00,8, 4.684848E+01, 7.629915E-01, 1.952223E+01,NULL,NULL,1,mc_qqps,35
-21023,1330,20227,215150,94C2, 9.125000E+01,39,13,52,39,13, 5.430425E+00,-3.056906E+00,-1.598471E+00, 6.844922E+01, 6.773888E+01, 1.736894E+00, 1.379535E+01,-8.265655E+00,-1.269836E+00, 9.751693E+01, 4.996951E+01, 2.429182E+01, 3.601708E-01,19, 6.581445E+00,2, 0.000000E+00,0, 0.000000E+00,9, 2.564904E+01, 5.884467E-01, 8.569954E+00,NULL,NULL,1,mc_qqps,35
-21023,1331,20227,215207,94C2, 9.125000E+01,28,11,39,28,11,-8.603876E-01,-2.187261E+00,-9.666268E+00, 8.598934E+01, 8.558967E+01, 3.056774E+00, 9.861927E+00,-1.180017E+00,-1.098064E+01, 1.116611E+02, 6.454138E+01, 1.571136E+01, 9.973670E+00,13, 1.009158E+01,0, 0.000000E+00,0, 0.000000E+00,6, 1.091053E+01, 3.914852E-01, 6.113658E+00,NULL,NULL,1,mc_qqps,35
-21023,1332,20227,215219,94C2, 9.125000E+01,19,12,31,19,12,-7.756218E+00, 5.916050E+00, 6.645279E+00, 4.901553E+01, 4.877246E+01, 2.566972E+00,-7.932150E+00, 6.120209E+00, 5.846407E+00, 8.428835E+01, 4.525294E+01, 3.330033E+01, 0.000000E+00,11, 0.000000E+00,0, 0.000000E+00,0, 0.000000E+00,11, 3.426501E+01, 4.189499E-01, 1.423785E+01,NULL,NULL,1,mc_qqps,35
-21023,1333,20227,215230,94C2, 9.125000E+01,23,11,34,23,11, 1.205742E-02,-1.035815E+00, 1.798275E+00, 6.278902E+01, 6.253590E+01, 2.718952E+00,-4.217532E+00,-4.846159E+00, 5.453303E+00, 9.599697E+01, 5.734118E+01, 3.320795E+01, 0.000000E+00,14, 2.207622E+00,0, 0.000000E+00,0, 0.000000E+00,9, 2.823742E+01, 4.075447E-01, 1.322383E+01,NULL,NULL,1,mc_qqps,35
-21023,1334,20227,215245,94C2, 9.125000E+01,40,7,47,40,7, 8.702258E+00,-4.267653E+00, 8.098324E+00, 5.923348E+01, 5.832635E+01, 1.458159E+00, 1.417997E+01,-4.034640E+00, 9.217445E+00, 7.254156E+01, 4.264816E+01, 5.044239E+00, 8.287686E+00,9, 1.120489E+01,2, 0.000000E+00,0, 0.000000E+00,1, 4.463232E-01, 4.463232E-01, 4.463232E-01,NULL,NULL,1,mc_qqps,35
-21023,1335,20227,215300,94C2, 9.125000E+01,39,21,60,39,21, 2.104338E-01, 1.135275E+00,-6.239812E-02, 5.387811E+01, 5.315568E+01, 1.362966E+00,-1.302202E+00,-3.080656E+00, 9.513157E-01, 8.142571E+01, 5.005157E+01, 2.583348E+01, 1.714141E+00,26, 5.131622E+00,2, 0.000000E+00,0, 0.000000E+00,17, 2.531869E+01, 2.845991E-01, 8.276485E+00,NULL,NULL,1,mc_qqps,35
-21023,1336,20227,215315,94C2, 9.125000E+01,27,16,43,27,16, 1.200379E+01,-8.441881E+00,-2.270538E+01, 6.381747E+01, 6.345553E+01, 2.350205E+00, 9.830356E+00,-9.179740E+00,-2.172165E+01, 7.789852E+01, 4.901230E+01, 1.355698E+01, 5.240767E-01,5, 2.516692E+00,16, 3.950182E+00,0, 0.000000E+00,2, 1.930383E+00, 9.347413E-01, 9.956420E-01,NULL,NULL,1,mc_qqps,35
-21023,1337,20227,215330,94C2, 9.125000E+01,18,9,27,18,9, 1.472810E+01,-7.173120E+00,-1.937723E+01, 5.729366E+01, 5.696867E+01, 3.164926E+00, 1.268822E+01,-5.003470E+00,-1.558318E+01, 6.416517E+01, 5.646684E+01, 4.575607E+00, 2.451290E+00,4, 1.272997E-01,1, 0.000000E+00,0, 0.000000E+00,3, 2.973409E+00, 6.990332E-01, 1.518937E+00,NULL,NULL,1,mc_qqps,35
-21023,1338,20227,215345,94C2, 9.125000E+01,79,15,94,79,15,-2.570647E+00, 5.762929E+00,-7.203602E+00, 7.579328E+01, 7.179543E+01, 9.088029E-01, 3.925086E+00, 7.736735E+00,-3.116899E+00, 1.121660E+02, 4.965428E+01, 2.370693E+01, 1.093846E+01,15, 4.168041E+00,1, 0.000000E+00,0, 0.000000E+00,11, 2.295686E+01, 8.231471E-01, 6.194140E+00,NULL,NULL,1,mc_qqps,35
-21023,1339,20227,215400,94C2, 9.125000E+01,37,14,51,37,14,-3.977359E+00, 6.103486E+00, 1.529368E+01, 4.190719E+01, 4.108090E+01, 1.110295E+00,-4.075572E-01, 5.804511E+00, 5.277814E+00, 7.011336E+01, 2.701037E+01, 2.803589E+01, 1.702752E-01,2, 0.000000E+00,17, 2.852682E+00,0, 0.000000E+00,NULL,NULL,NULL,NULL,NULL,NULL,1,mc_qqps,35
-21023,1340,20227,215418,94C2, 9.125000E+01,30,14,44,30,14,-1.984392E+00,-1.370311E-01, 3.587065E+00, 4.652162E+01, 4.615187E+01, 1.538396E+00,-2.723897E+00, 6.730520E+00,-3.347131E+00, 7.829081E+01, 4.523581E+01, 2.595322E+01, 2.256720E+00,16, 1.456717E+01,1, 0.000000E+00,0, 0.000000E+00,11, 2.885049E+01, 4.118748E-01, 8.482835E+00,NULL,NULL,1,mc_qqps,35
-21023,1341,20227,215433,94C2, 9.125000E+01,20,19,39,20,19,-9.887936E+00,-4.570885E+00,-7.920749E+00, 3.388124E+01, 3.346690E+01, 1.673345E+00, 4.836403E+00, 9.701384E-01, 2.681018E+00, 9.775583E+01, 3.213266E+01, 5.882127E+01, 3.356117E-01,20, 3.959739E+00,0, 0.000000E+00,0, 0.000000E+00,16, 5.806205E+01, 4.221793E-01, 1.874601E+01,NULL,NULL,1,mc_qqps,35
-21023,1342,20227,215444,94C2, 9.125000E+01,28,9,37,28,9, 3.461281E-01, 5.615561E+00, 7.257099E+00, 4.798171E+01, 4.751031E+01, 1.696797E+00,-5.633015E-01,-4.770575E-01,-2.086843E+00, 6.563029E+01, 4.647059E+01, 1.152534E+01, 4.995692E+00,6, 5.099338E-02,5, 0.000000E+00,0, 0.000000E+00,3, 2.581632E+00, 5.157579E-01, 1.152433E+00,NULL,NULL,1,mc_qqps,35
-21023,1343,20227,215505,94C2, 9.125000E+01,24,14,38,24,14,-1.200472E+00, 2.302185E+00, 4.276132E-01, 5.739943E+01, 5.698472E+01, 2.374363E+00, 1.143562E+01,-3.846720E+00, 1.037109E+01, 8.832282E+01, 4.774512E+01, 2.112885E+01, 7.531864E+00,15, 8.105134E+00,0, 0.000000E+00,0, 0.000000E+00,12, 2.339152E+01, 4.885998E-01, 7.406207E+00,NULL,NULL,1,mc_qqps,35
-21023,1344,20227,215518,94C2, 9.125000E+01,20,17,37,20,17,-6.953738E+00, 1.230595E+01, 8.425364E+00, 3.743767E+01, 3.707732E+01, 1.853866E+00,-4.449474E+00, 6.277176E+00, 4.004488E+00, 7.117925E+01, 3.605328E+01, 2.479795E+01, 5.005397E+00,22, 2.108170E+01,0, 0.000000E+00,0, 0.000000E+00,15, 2.678946E+01, 4.204531E-01, 4.271130E+00,NULL,NULL,1,mc_qqps,35
-21023,1345,20227,215530,94C2, 9.125000E+01,19,14,33,19,14, 1.134593E+03,-8.959636E+02, 1.250795E+02, 1.506151E+03, 1.506007E+03, 7.926351E+01, 1.126262E+03,-8.915337E+02, 1.197497E+02, 1.526836E+03, 4.792068E+01, 1.764272E+01, 0.000000E+00,21, 7.967580E+00,0, 0.000000E+00,0, 0.000000E+00,12, 1.635247E+01, 4.006640E-01, 3.042280E+00,NULL,NULL,1,mc_qqps,35
-21023,1346,20227,215544,94C2, 9.125000E+01,32,19,51,32,19, 2.753318E+00, 1.976826E-01, 3.655084E+00, 5.941721E+01, 5.892337E+01, 1.841355E+00,-6.817175E+00, 6.953419E+00, 6.977831E+00, 9.293686E+01, 4.937000E+01, 3.158244E+01, 1.070472E+00,21, 9.281097E+00,2, 0.000000E+00,0, 0.000000E+00,13, 2.699215E+01, 5.291151E-01, 8.525388E+00,NULL,NULL,1,mc_qqps,35
-21023,1347,20227,215558,94C2, 9.125000E+01,24,14,38,24,14, 4.258270E-01, 3.197929E+00,-3.444676E+00, 6.726942E+01, 6.703760E+01, 2.793233E+00, 3.656710E-01, 6.087965E+00,-9.963729E-01, 8.732386E+01, 5.790113E+01, 1.836421E+01, 8.446049E-01,21, 1.518568E+01,0, 0.000000E+00,0, 0.000000E+00,12, 1.724015E+01, 4.288115E-01, 3.843215E+00,NULL,NULL,1,mc_qqps,35
-21023,1348,20227,215611,94C2, 9.125000E+01,18,10,28,18,10,-4.539877E+00,-1.428797E+01,-5.817066E+00, 5.710797E+01, 5.693195E+01, 3.162886E+00,-3.119483E+00,-8.066246E+00,-2.780330E+00, 7.413640E+01, 5.734660E+01, 1.181970E+01, 2.447290E+00,12, 1.153667E+01,0, 0.000000E+00,0, 0.000000E+00,6, 1.150889E+01, 9.983140E-01, 3.780184E+00,1, 0.000000E+00,1,mc_qqps,35
-21023,1349,20227,215625,94C2, 9.125000E+01,18,9,27,18,9,-3.130277E+00, 2.040842E+00, 2.272122E+01, 9.482425E+01, 9.451570E+01, 5.250872E+00, 8.451911E+00, 1.192913E+01, 5.846292E+01, 1.422515E+02, 2.756866E+01, 7.081351E+00, 4.034588E+01,0, 0.000000E+00,12, 6.138862E+00,0, 0.000000E+00,NULL,NULL,NULL,NULL,NULL,NULL,1,mc_qqps,35
-21023,1350,20227,215642,94C2, 9.125000E+01,41,15,56,41,15,-6.904109E+00,-7.353314E+01, 2.990444E-01, 1.542826E+02, 1.536142E+02, 3.746687E+00,-5.478473E+00,-8.165256E+01, 1.957574E+00, 1.688626E+02, 7.415005E+01, 1.415143E+01, 0.000000E+00,22, 1.093104E+01,1, 0.000000E+00,0, 0.000000E+00,10, 1.238893E+01, 4.048661E-01, 3.052646E+00,NULL,NULL,1,mc_qqps,35
-21023,1351,20227,215701,94C2, 9.125000E+01,19,6,25,19,6, 3.785474E+00,-5.633735E+00,-1.123461E+00, 5.583551E+01, 5.547276E+01, 2.919619E+00, 1.161032E+01,-1.244477E+01,-3.048248E+00, 6.851300E+01, 5.447920E+01, 1.267750E+01, 0.000000E+00,10, 1.242175E+01,0, 0.000000E+00,0, 0.000000E+00,3, 5.244880E+00, 7.092493E-01, 3.404473E+00,NULL,NULL,1,mc_qqps,35
-21023,1352,20227,215713,94C2, 9.125000E+01,31,10,41,31,10,-3.939585E+00,-3.185922E+00, 3.869444E+00, 6.508299E+01, 6.444233E+01, 2.078785E+00,-2.058768E+00,-7.241437E-01, 1.957554E+00, 9.890349E+01, 6.189795E+01, 2.840191E+01, 5.024607E+00,13, 4.472115E+00,0, 0.000000E+00,0, 0.000000E+00,6, 2.816750E+01, 4.789021E-01, 1.140315E+01,NULL,NULL,1,mc_qqps,35
-21023,1353,20227,215726,94C2, 9.125000E+01,49,24,73,49,24, 2.705432E+00,-2.224415E+00,-5.159638E+00, 6.950912E+01, 6.845548E+01, 1.397051E+00, 8.010673E+00,-4.624281E+00,-1.151454E+01, 9.898686E+01, 6.264228E+01, 2.358036E+01, 3.877440E+00,23, 4.249037E+00,3, 0.000000E+00,0, 0.000000E+00,15, 1.853040E+01, 4.952457E-01, 2.799230E+00,1, 0.000000E+00,1,mc_qqps,35
-21023,1354,20227,215746,94C2, 9.125000E+01,37,13,50,37,13,-1.124798E+01, 1.449967E+01, 2.096919E+00, 6.266898E+01, 6.201342E+01, 1.676038E+00,-1.944493E+01, 2.378487E+01, 3.158058E+00, 8.170091E+01, 4.156783E+01, 1.311924E+01, 4.097602E+00,20, 2.637809E+01,0, 0.000000E+00,0, 0.000000E+00,8, 1.100429E+01, 5.028077E-01, 2.969714E+00,NULL,NULL,1,mc_qqps,35
-21023,1355,20227,215802,94C2, 9.125000E+01,21,9,30,21,9, 7.193332E+00, 1.576239E+00, 2.004119E+00, 6.256151E+01, 6.203060E+01, 2.953838E+00, 8.482625E+00, 3.900819E+00, 5.151111E-01, 8.181300E+01, 5.878799E+01, 1.063969E+01, 1.219930E+00,11, 1.113711E-01,0, 0.000000E+00,0, 0.000000E+00,8, 1.803157E+01, 3.955624E-01, 6.926244E+00,NULL,NULL,1,mc_qqps,35
-21023,1356,20227,215820,94C2, 9.125000E+01,18,14,32,18,14, 3.273624E-01, 5.296730E-01, 7.492509E-01, 5.905906E+01, 5.890288E+01, 3.272382E+00,-9.640150E-01, 1.096989E+00, 7.239472E-01, 9.121466E+01, 5.456935E+01, 2.779502E+01, 4.499601E+00,18, 3.685831E+00,0, 0.000000E+00,0, 0.000000E+00,13, 2.779502E+01, 5.427589E-01, 6.611600E+00,NULL,NULL,1,mc_qqps,35
-21023,1357,20227,215834,94C2, 9.125000E+01,19,18,37,19,18, 1.150060E+01, 1.442335E+01, 1.874997E+01, 3.971038E+01, 3.928669E+01, 2.067721E+00, 1.192498E+01, 1.409361E+01, 1.862325E+01, 7.634839E+01, 2.997587E+01, 3.198183E+01, 7.782201E-01,13, 2.777785E+00,4, 0.000000E+00,0, 0.000000E+00,12, 3.184616E+01, 5.443480E-01, 9.112056E+00,NULL,NULL,1,mc_qqps,35
-21023,1358,20227,215846,94C2, 9.125000E+01,11,14,25,11,14,-9.308985E-01,-1.288734E+00,-3.807737E+00, 9.756584E+00, 9.512020E+00, 8.647291E-01,-5.335711E-01,-2.789517E+00,-6.982638E+00, 4.235763E+01, 5.351604E+00, 2.621033E+01, 6.390720E+00,6, 0.000000E+00,4, 0.000000E+00,0, 0.000000E+00,5, 5.363070E+00, 4.584888E-01, 1.883628E+00,2, 0.000000E+00,0,mc_qqps,35
-21023,1359,20227,215859,94C2, 9.125000E+01,31,15,46,31,15, 5.598208E+00,-1.928935E+00,-3.736945E+00, 5.391583E+01, 5.319776E+01, 1.716057E+00, 2.450067E+00,-5.170262E-01,-8.016280E-01, 7.078854E+01, 4.865454E+01, 1.424615E+01, 2.010212E+00,15, 6.353600E+00,0, 0.000000E+00,0, 0.000000E+00,10, 1.075730E+01, 5.524068E-01, 2.007635E+00,NULL,NULL,1,mc_qqps,35
-21023,1360,20227,215914,94C2, 9.125000E+01,24,18,42,24,18, 3.144010E+00, 5.966217E+00,-1.060555E+01, 5.495234E+01, 5.435783E+01, 2.264910E+00, 7.721207E+00, 2.098504E+01,-1.176107E+01, 8.431079E+01, 4.960221E+01, 2.852562E+01, 0.000000E+00,16, 3.529091E-01,2, 4.355020E-01,0, 0.000000E+00,11, 2.282034E+01, 5.110349E-01, 5.380239E+00,3, 0.000000E+00,1,mc_qqps,35
-21023,1361,20227,215936,94C2, 9.125000E+01,29,10,39,29,10,-3.480305E+00, 2.588085E+00, 3.932706E+00, 8.571127E+01, 8.519594E+01, 2.937791E+00,-2.759448E+00, 1.474228E+00, 2.295815E+00, 9.528529E+01, 8.232966E+01, 4.920993E+00, 4.807953E+00,1, 0.000000E+00,11, 1.007031E+01,0, 0.000000E+00,1, 1.010405E+00, 1.010405E+00, 1.010405E+00,1, 0.000000E+00,1,mc_qqps,35
-21023,1362,20227,215954,94C2, 9.125000E+01,24,13,37,24,13, 1.063799E+00,-3.083043E-01, 3.224691E-01, 4.978445E+01, 4.920272E+01, 2.050113E+00, 1.479284E-01,-4.174936E-01, 6.226808E-03, 7.420383E+01, 4.561115E+01, 2.347575E+01, 9.436216E-01,0, 0.000000E+00,14, 4.241341E+00,0, 0.000000E+00,NULL,NULL,NULL,NULL,1, 0.000000E+00,1,mc_qqps,35
-21023,1363,20227,220007,94C2, 9.125000E+01,29,19,48,29,19,-4.436317E+00, 9.951768E+00,-1.394228E+00, 6.986868E+01, 6.901385E+01, 2.379788E+00, 2.707645E+00,-7.190478E+00, 1.480736E+00, 1.113261E+02, 4.869946E+01, 2.409442E+01, 1.585478E+01,19, 3.173115E+00,0, 0.000000E+00,0, 0.000000E+00,13, 2.162084E+01, 3.912749E-01, 6.476300E+00,NULL,NULL,1,mc_qqps,35
-21023,1364,20227,220019,94C2, 9.125000E+01,16,3,19,16,3,-1.736557E+01,-6.218116E+00, 7.771034E+00, 6.175252E+01, 6.163766E+01, 3.852354E+00,-1.720239E+01,-5.827545E+00, 7.606153E+00, 6.532011E+01, 5.572916E+01, 1.049402E+00, 2.518185E+00,6, 2.500103E+01,0, 0.000000E+00,0, 0.000000E+00,1, 1.049402E+00, 1.049402E+00, 1.049402E+00,NULL,NULL,1,mc_qqps,35
-21023,1365,20227,220030,94C2, 9.125000E+01,20,21,41,20,21,-3.122922E+00,-9.317262E-02, 6.845371E+00, 4.882555E+01, 4.851944E+01, 2.425972E+00, 3.772305E-01, 2.479310E+00,-4.257786E-02, 8.203344E+01, 1.588724E+01, 2.998775E+01, 1.618026E+00,1, 0.000000E+00,24, 3.541624E+01,0, 0.000000E+00,1, 1.602122E+00, 1.602122E+00, 1.602122E+00,1, 0.000000E+00,1,mc_qqps,35
-21023,1366,20227,220044,94C2, 9.125000E+01,55,14,69,55,14, 7.593355E-01,-5.673072E+00,-1.454338E-02, 7.588341E+01, 7.459901E+01, 1.356346E+00, 9.024616E-03,-3.589167E+00, 3.108479E+00, 9.954157E+01, 6.044197E+01, 7.398034E+00, 1.583465E+01,13, 1.293210E+00,5, 0.000000E+00,0, 0.000000E+00,7, 6.024816E+00, 3.590476E-01, 1.803948E+00,NULL,NULL,1,mc_qqps,35
-21023,1367,20227,220102,94C2, 9.125000E+01,43,11,54,43,11,-6.311678E+00,-1.290642E+00,-9.097095E+00, 6.790854E+01, 6.714799E+01, 1.561581E+00,-6.124493E+00,-4.327031E-01,-9.176542E+00, 7.669733E+01, 3.940840E+01, 6.727683E+00, 2.061105E+00,2, 0.000000E+00,13, 1.495060E+00,0, 0.000000E+00,2, 1.044605E+00, 2.886698E-01, 7.559357E-01,NULL,NULL,1,mc_qqps,35
-21023,1368,20227,220118,94C2, 9.125000E+01,40,4,44,40,4, 1.552855E+00, 9.176186E+00, 9.996326E+00, 8.310694E+01, 8.212654E+01, 2.053164E+00,-4.464567E+00, 1.040759E+00, 1.188219E-02, 9.875510E+01, 7.591161E+01, 1.153881E+01, 0.000000E+00,7, 1.356434E+00,0, 0.000000E+00,0, 0.000000E+00,4, 1.564816E+01, 5.911671E-01, 1.094765E+01,NULL,NULL,1,mc_qqps,35
-21023,1369,20227,220134,94C2, 9.125000E+01,37,13,50,37,13, 1.287695E-01,-1.327291E-01, 1.976353E+01, 3.647917E+01, 3.548762E+01, 9.591248E-01, 1.476569E-01, 3.688145E-02, 1.583701E+01, 5.944303E+01, 1.345742E+01, 2.014730E+01, 1.719248E+00,2, 0.000000E+00,11, 5.774910E+00,0, 0.000000E+00,2, 1.891709E+00, 7.219332E-01, 1.169776E+00,4, 0.000000E+00,1,mc_qqps,35
-21023,1370,20227,220153,94C2, 9.125000E+01,16,10,26,16,10, 1.015751E+01, 8.091135E+00, 1.475506E+01, 2.801933E+01, 2.764655E+01, 1.727909E+00, 1.426602E+01, 9.377894E+00, 1.682564E+01, 5.644539E+01, 2.673128E+01, 4.204833E+00, 2.217656E+01,5, 5.737664E-01,1, 0.000000E+00,0, 0.000000E+00,3, 4.283243E+00, 1.066689E+00, 2.044664E+00,NULL,NULL,1,mc_qqps,35
-21023,1371,20227,220204,94C2, 9.125000E+01,43,15,58,43,15,-1.789738E+00, 5.500319E-01,-7.424989E+00, 5.916476E+01, 5.757410E+01, 1.338933E+00,-2.959223E+00,-3.551209E+00, 3.408108E+00, 7.879918E+01, 2.326184E+01, 1.057467E+01, 9.059755E+00,1, 0.000000E+00,16, 5.846645E+00,0, 0.000000E+00,1, 6.976856E-01, 6.976856E-01, 6.976856E-01,NULL,NULL,1,mc_qqps,35
-21023,1372,20227,220223,94C2, 9.125000E+01,43,12,55,43,12,-1.886903E+00,-2.845816E+00, 2.152116E+00, 9.183383E+01, 9.114826E+01, 2.119727E+00, 2.460605E+00,-2.203268E+00,-3.787384E+00, 1.260606E+02, 5.629375E+01, 1.897779E+01, 8.231071E+00,12, 3.062150E-01,0, 0.000000E+00,0, 0.000000E+00,8, 2.351326E+01, 6.961632E-01, 7.519294E+00,NULL,NULL,1,mc_qqps,35
-21023,1373,20227,220239,94C2, 9.125000E+01,23,13,36,23,13,-4.690773E+00,-1.094724E+01,-3.028294E-01, 3.409930E+01, 3.359501E+01, 1.460653E+00,-7.787666E+00,-1.755928E+01,-8.927109E-01, 8.136902E+01, 3.217745E+01, 4.503623E+01, 1.643091E+00,16, 2.329677E+00,0, 0.000000E+00,0, 0.000000E+00,11, 4.265170E+01, 5.904081E-01, 1.816521E+01,NULL,NULL,1,mc_qqps,35
-21023,1374,20227,220258,94C2, 9.125000E+01,23,15,38,23,15,-3.966174E-01,-5.908116E-01, 1.776809E+00, 3.640325E+01, 3.594146E+01, 1.562672E+00,-3.096719E+00, 1.085138E+00, 3.736015E+00, 5.743722E+01, 3.325336E+01, 1.120743E+01, 8.661302E+00,7, 0.000000E+00,6, 0.000000E+00,0, 0.000000E+00,7, 9.360376E+00, 3.653146E-01, 3.073887E+00,NULL,NULL,1,mc_qqps,35
-21023,1375,20227,220315,94C2, 9.125000E+01,13,20,33,13,20, 5.459785E+00, 3.662307E+00, 3.183725E+01, 4.004412E+01, 3.993132E+01, 3.071640E+00, 2.319322E+00, 1.362887E+00, 2.168873E+01, 5.790102E+01, 2.315185E+00, 1.426472E+01, 3.592191E+00,0, 0.000000E+00,21, 1.424600E+01,0, 0.000000E+00,NULL,NULL,NULL,NULL,1, 0.000000E+00,0,mc_qqps,35
-21023,1376,20227,220326,94C2, 9.125000E+01,23,5,28,23,5,-2.429333E+01,-2.260007E+01, 3.442381E+00, 6.884721E+01, 6.839529E+01, 2.973708E+00,-1.233246E+01,-1.122092E+01, 2.195678E+00, 8.603917E+01, 6.626089E+01, 1.719196E+01, 0.000000E+00,8, 3.309872E-01,0, 0.000000E+00,0, 0.000000E+00,5, 1.719196E+01, 4.876409E-01, 1.092456E+01,NULL,NULL,1,mc_qqps,35
-21023,1377,20227,220336,94C2, 9.125000E+01,45,14,59,45,14, 2.254285E+00, 1.897354E+00,-5.289662E+00, 8.857939E+01, 8.758119E+01, 1.946249E+00, 2.620617E-01, 8.481914E+00,-1.486771E+01, 1.115902E+02, 7.810731E+01, 8.163493E+00, 1.347880E+01,7, 2.011942E+00,8, 0.000000E+00,0, 0.000000E+00,4, 4.441296E+00, 4.896415E-01, 1.378177E+00,NULL,NULL,1,mc_qqps,35
-21023,1378,20227,220355,94C2, 9.125000E+01,16,8,24,16,8, 2.708451E+00,-2.107844E+01,-1.138201E+01, 6.723170E+01, 6.692518E+01, 4.182824E+00, 3.801381E-01,-5.532114E+00,-3.539675E+00, 8.788101E+01, 6.386429E+01, 4.796788E+00, 1.593508E+01,6, 4.103837E+00,0, 0.000000E+00,0, 0.000000E+00,3, 4.796788E+00, 5.531852E-01, 2.749982E+00,NULL,NULL,1,mc_qqps,35
-21023,1379,20227,220406,94C2, 9.125000E+01,13,11,24,13,11, 2.133591E+00, 1.135671E+00,-7.850775E-01, 2.720271E+01, 2.694804E+01, 2.072926E+00, 1.877491E+00,-1.707304E-01,-1.583931E+00, 4.786890E+01, 2.652992E+01, 9.677807E+00, 9.727179E+00,9, 1.917317E+00,1, 0.000000E+00,0, 0.000000E+00,7, 7.258399E+00, 5.073346E-01, 1.634924E+00,NULL,NULL,1,mc_qqps,35
-21023,1380,20227,220420,94C2, 9.125000E+01,47,21,68,47,21, 1.670111E+00, 8.762839E-01,-2.593595E+00, 6.435198E+01, 6.328307E+01, 1.346448E+00,-6.328437E+00,-8.907759E-01, 1.350783E+01, 8.806507E+01, 4.709366E+01, 1.600445E+01, 7.292782E+00,1, 0.000000E+00,18, 1.278017E+00,0, 0.000000E+00,1, 5.130113E-01, 5.130113E-01, 5.130113E-01,1, 0.000000E+00,1,mc_qqps,35
-21023,1381,20227,220439,94C2, 9.125000E+01,33,13,46,33,13, 1.221937E+00, 8.830880E+00,-2.185416E+00, 6.705080E+01, 6.648666E+01, 2.014747E+00, 9.925887E-01, 7.429451E+00,-1.243719E+00, 1.009335E+02, 5.813045E+01, 3.278818E+01, 0.000000E+00,20, 9.111151E+00,0, 0.000000E+00,0, 0.000000E+00,10, 2.696362E+01, 4.207022E-01, 1.089422E+01,NULL,NULL,1,mc_qqps,35
-21023,1382,20227,220454,94C2, 9.125000E+01,38,19,57,38,19,-8.728267E+00,-2.841941E+00, 6.056357E+00, 5.737276E+01, 5.663643E+01, 1.490432E+00,-6.422855E+00,-5.181900E-01, 4.028886E+00, 7.923483E+01, 4.766755E+01, 1.822522E+01, 1.153316E+00,19, 1.737607E+01,1, 0.000000E+00,0, 0.000000E+00,11, 1.692853E+01, 6.273544E-01, 3.665279E+00,NULL,NULL,1,mc_qqps,35
-21023,1383,20227,220512,94C2, 9.125000E+01,38,11,49,38,11, 1.448474E+01, 1.578052E+01,-1.701510E-01, 6.078724E+01, 6.015188E+01, 1.582944E+00, 1.608595E+01, 1.773227E+01, 1.601762E-02, 8.159252E+01, 4.889777E+01, 1.657496E+01, 0.000000E+00,16, 5.481242E-02,0, 0.000000E+00,0, 0.000000E+00,9, 1.935994E+01, 6.185756E-01, 4.965036E+00,NULL,NULL,1,mc_qqps,35
-21023,1384,20227,220529,94C2, 9.125000E+01,40,14,54,40,14, 1.508562E+00,-3.025359E+00,-5.428760E+00, 6.572837E+01, 6.499658E+01, 1.624915E+00, 4.333646E+00,-7.549047E+00,-1.259173E+01, 8.850870E+01, 5.096261E+01, 1.702052E+01, 4.732646E+00,4, 0.000000E+00,10, 0.000000E+00,0, 0.000000E+00,3, 7.199236E+00, 8.160743E-01, 5.350935E+00,NULL,NULL,1,mc_qqps,35
-21023,1385,20227,220546,94C2, 9.125000E+01,34,16,50,34,16,-2.730933E+00,-4.945447E+00, 3.008430E+00, 6.190763E+01, 6.114777E+01, 1.798464E+00, 3.555295E+00, 9.336240E+00,-5.891128E+00, 9.498467E+01, 5.411716E+01, 2.563457E+01, 1.146643E+00,20, 1.907315E+00,0, 0.000000E+00,0, 0.000000E+00,14, 3.164625E+01, 3.708375E-01, 1.233658E+01,NULL,NULL,1,mc_qqps,35
-21023,1386,20227,220602,94C2, 9.125000E+01,33,14,47,33,14,-4.732779E-01, 4.538072E+00, 8.090873E+00, 8.158852E+01, 8.117468E+01, 2.459839E+00, 7.261881E+00, 1.336121E+01, 1.114354E+01, 1.001569E+02, 6.109721E+01, 8.618333E+00, 5.109894E+00,18, 1.959888E+00,1, 0.000000E+00,0, 0.000000E+00,9, 9.773784E+00, 4.309437E-01, 2.703241E+00,NULL,NULL,1,mc_qqps,35
-21023,1387,20227,220616,94C2, 9.125000E+01,35,8,43,35,8,-5.553731E+00,-7.917245E-01, 9.459660E+00, 5.598975E+01, 5.531150E+01, 1.580328E+00,-1.433339E+00, 3.727772E+00, 1.411532E+01, 6.897092E+01, 3.603511E+01, 1.120447E+01, 0.000000E+00,7, 1.844644E-01,7, 0.000000E+00,0, 0.000000E+00,3, 8.031034E+00, 1.776692E+00, 3.684388E+00,1, 0.000000E+00,1,mc_qqps,35
-21023,1388,20227,220634,94C2, 9.125000E+01,41,10,51,41,10, 5.117119E+00, 2.564760E-02,-1.728439E+00, 7.975928E+01, 7.883338E+01, 1.922765E+00,-3.123485E+00,-2.434086E+00, 1.476053E+00, 9.706032E+01, 7.417796E+01, 1.298915E+01, 4.453979E+00,11, 7.086836E-01,0, 0.000000E+00,0, 0.000000E+00,6, 1.078920E+01, 5.227891E-01, 4.339640E+00,NULL,NULL,1,mc_qqps,35
-21023,1389,20227,220650,94C2, 9.125000E+01,19,12,31,19,12, 9.943808E-01,-1.075081E+00, 5.640686E-01, 5.506641E+01, 5.490048E+01, 2.889499E+00, 2.090623E+00,-1.235319E+00, 4.936508E+00, 6.948100E+01, 4.798025E+01, 7.376104E+00, 7.038490E+00,1, 0.000000E+00,16, 1.452369E+01,0, 0.000000E+00,1, 8.436409E-01, 8.436409E-01, 8.436409E-01,NULL,NULL,1,mc_qqps,35
-21023,1390,20227,220702,94C2, 9.125000E+01,30,13,43,30,13, 1.810782E+00,-9.688753E-01, 4.197217E+00, 5.110811E+01, 5.035857E+01, 1.678619E+00,-5.319466E+00,-1.266112E+00,-1.028951E-01, 8.431882E+01, 4.813348E+01, 2.589695E+01, 1.980453E-01,12, 7.429668E-01,0, 0.000000E+00,0, 0.000000E+00,11, 3.042909E+01, 4.927945E-01, 7.179741E+00,NULL,NULL,1,mc_qqps,35
-21023,1391,20227,220717,94C2, 9.125000E+01,17,11,28,17,11,-6.977343E+00, 2.173834E+00,-3.942167E+00, 8.205094E+01, 8.192065E+01, 4.818862E+00, 4.622719E+00, 7.552024E-01, 1.161707E+00, 9.759422E+01, 6.679742E+01, 1.132681E+01, 7.989566E-01,12, 6.934655E+00,0, 0.000000E+00,0, 0.000000E+00,7, 1.384587E+01, 6.764370E-01, 4.723644E+00,NULL,NULL,1,mc_qqps,35
-21023,1392,20227,220730,94C2, 9.125000E+01,20,8,28,20,8,-1.056096E+01,-8.479921E+00,-4.325475E+00, 7.215041E+01, 7.186373E+01, 3.593187E+00,-7.739582E+00,-4.343483E+00,-2.000163E+00, 8.510185E+01, 6.744098E+01, 5.903780E+00, 1.565795E+00,13, 2.046731E+01,0, 0.000000E+00,0, 0.000000E+00,6, 1.138566E+01, 5.267978E-01, 5.481876E+00,NULL,NULL,1,mc_qqps,35
-21023,1393,20227,220742,94C2, 9.125000E+01,54,22,76,54,22,-7.797169E+00,-3.670923E-01,-3.872411E+00, 7.371501E+01, 7.169051E+01, 1.327602E+00,-6.357407E+00,-1.078904E+00,-1.825727E+00, 1.158331E+02, 6.493311E+01, 2.635423E+01, 1.424647E+01,18, 7.673282E+00,0, 0.000000E+00,0, 0.000000E+00,14, 2.626547E+01, 4.786306E-01, 7.879067E+00,1, 0.000000E+00,1,mc_qqps,35
-21023,1394,20227,220758,94C2, 9.125000E+01,32,12,44,32,12, 1.239306E+01, 2.620233E+00,-4.073494E+00, 7.063648E+01, 7.029657E+01, 2.196768E+00, 1.632314E+01, 3.257081E+00,-5.012739E+00, 8.909109E+01, 6.171257E+01, 1.845462E+01, 0.000000E+00,20, 1.492673E+01,0, 0.000000E+00,0, 0.000000E+00,11, 1.742187E+01, 5.137732E-01, 3.820495E+00,NULL,NULL,1,mc_qqps,35
-21023,1395,20227,220813,94C2, 9.125000E+01,39,14,53,39,14,-4.584643E+00,-8.473290E+00, 4.794631E+00, 7.134071E+01, 7.081362E+01, 1.815734E+00, 1.905431E+00, 8.073968E-02, 6.833855E-01, 9.125433E+01, 6.101281E+01, 8.009608E+00, 7.993631E-01,20, 1.568818E+00,0, 0.000000E+00,0, 0.000000E+00,12, 1.853791E+01, 5.052841E-01, 7.086066E+00,NULL,NULL,1,mc_qqps,35
-21023,1396,20227,220828,94C2, 9.125000E+01,45,7,52,45,7, 4.617556E+00, 2.342152E+00,-9.274364E+00, 6.524880E+01, 6.431943E+01, 1.429321E+00,-1.391373E+00, 2.691598E+00,-4.360622E+00, 7.760027E+01, 5.462880E+01, 3.021519E+00, 0.000000E+00,8, 7.876651E-01,4, 0.000000E+00,0, 0.000000E+00,5, 1.065615E+01, 6.835089E-01, 3.513145E+00,NULL,NULL,1,mc_qqps,35
-21023,1397,20227,220846,94C2, 9.125000E+01,22,19,41,22,19,-1.904451E+00,-1.250924E+00,-1.325435E+00, 4.291677E+01, 4.262374E+01, 1.937443E+00, 4.122070E-01, 7.359095E+00,-6.377887E+00, 8.941546E+01, 3.959884E+01, 3.450657E+01, 1.202030E+01,21, 5.985654E+00,1, 0.000000E+00,0, 0.000000E+00,16, 3.450478E+01, 4.561371E-01, 8.953347E+00,NULL,NULL,1,mc_qqps,35
-21023,1398,20227,220858,94C2, 9.125000E+01,49,14,63,49,14,-5.016015E-01,-5.425960E+00,-7.247486E+00, 6.704847E+01, 6.571350E+01, 1.341092E+00,-1.401302E-01,-9.228158E+00,-7.632121E+00, 9.273212E+01, 5.142267E+01, 1.122521E+01, 1.358654E+01,5, 0.000000E+00,7, 3.960728E-01,0, 0.000000E+00,4, 4.038417E+00, 8.767329E-01, 1.329986E+00,1, 0.000000E+00,1,mc_qqps,35
-21023,1399,20227,220916,94C2, 9.125000E+01,35,17,52,35,17,-4.675066E+00,-4.853127E+00, 8.587775E-01, 5.496120E+01, 5.421516E+01, 1.549005E+00, 1.152950E+00, 3.452733E-01, 7.803553E-01, 8.326422E+01, 5.264133E+01, 2.524778E+01, 3.095912E+00,20, 6.194878E+00,0, 0.000000E+00,0, 0.000000E+00,14, 2.425097E+01, 4.864271E-01, 6.130744E+00,NULL,NULL,1,mc_qqps,35
-21023,1400,20227,220933,94C2, 9.125000E+01,38,17,55,38,17,-1.949068E+00,-1.034979E+00, 7.496334E-01, 5.943340E+01, 5.847371E+01, 1.538782E+00,-3.973106E+00, 2.389893E+00, 3.663660E+00, 7.033977E+01, 5.031490E+01, 7.974442E+00, 2.978751E+00,2, 0.000000E+00,14, 0.000000E+00,0, 0.000000E+00,1, 1.248508E+00, 1.248508E+00, 1.248508E+00,NULL,NULL,1,mc_qqps,35
-21023,1401,20227,220950,94C2, 9.125000E+01,36,17,53,36,17,-8.287193E-01, 4.868244E+00,-2.026308E+01, 9.870341E+01, 9.797591E+01, 2.721553E+00, 2.387567E+00, 3.783865E+00,-3.057404E+01, 1.173147E+02, 4.405351E+01, 1.861125E+01, 0.000000E+00,1, 0.000000E+00,22, 8.430296E+00,0, 0.000000E+00,NULL,NULL,NULL,NULL,2, 0.000000E+00,1,mc_qqps,35
-21023,1402,20227,221013,94C2, 9.125000E+01,33,12,45,33,12, 3.460669E+00,-3.432601E+00, 5.525187E+00, 5.087671E+01, 5.027921E+01, 1.523612E+00, 4.108811E-01,-9.045147E-01,-1.195357E-01, 9.088192E+01, 4.381700E+01, 3.244621E+01, 6.193270E+00,16, 3.735004E+00,0, 0.000000E+00,0, 0.000000E+00,9, 3.044777E+01, 4.538178E-01, 1.214172E+01,NULL,NULL,1,mc_qqps,35
-21023,1403,20227,221027,94C2, 9.125000E+01,11,14,25,11,14, 1.001700E+01,-7.600023E+00,-1.331002E+01, 5.404303E+01, 5.394758E+01, 4.904325E+00, 1.371084E+01,-1.043220E+01,-1.829055E+01, 7.418762E+01, 5.247460E+01, 1.837373E+01, 8.563413E-01,11, 2.320847E+00,3, 0.000000E+00,0, 0.000000E+00,10, 1.787077E+01, 3.878734E-01, 4.554590E+00,NULL,NULL,1,mc_qqps,35
-21023,1404,20227,221040,94C2, 9.125000E+01,11,5,16,11,5, 4.891862E+00, 2.148390E+00, 5.874979E+00, 1.182636E+01, 1.158829E+01, 1.053481E+00, 4.178388E-01, 4.730873E-01,-5.416981E+00, 5.956845E+01, 7.698621E+00, 4.745385E+01, 2.882348E-01,2, 0.000000E+00,1, 2.058364E-01,0, 0.000000E+00,1, 6.559255E-01, 6.559255E-01, 6.559255E-01,3, 0.000000E+00,0,mc_qqps,35
-21023,1405,20227,221136,94C2, 9.125000E+01,29,15,44,29,15, 6.265273E+00, 5.776256E+00, 2.344853E+00, 5.200295E+01, 5.134836E+01, 1.770633E+00,-4.011101E-01,-6.301335E+00,-7.500810E+00, 7.361577E+01, 4.868394E+01, 1.428912E+01, 7.898110E-01,11, 4.093312E+00,3, 9.744496E-01,0, 0.000000E+00,9, 1.790472E+01, 9.925246E-01, 4.320159E+00,1, 0.000000E+00,1,mc_qqps,35
-21023,1406,20227,221150,94C2, 9.125000E+01,31,21,52,31,21,-4.469382E+00, 4.425113E+00, 6.753740E-01, 6.313324E+01, 6.242684E+01, 2.013769E+00, 6.165195E+00,-6.207050E+00,-2.923250E+00, 9.670591E+01, 4.867670E+01, 3.176729E+01, 5.108087E-01,18, 3.510443E+00,0, 0.000000E+00,0, 0.000000E+00,15, 2.408547E+01, 5.025489E-01, 5.540198E+00,NULL,NULL,1,mc_qqps,35
-21023,1407,20227,221207,94C2, 9.125000E+01,29,23,52,29,23, 1.008023E-01, 1.028076E+00,-6.084347E+00, 3.494992E+01, 3.432811E+01, 1.183728E+00,-3.381407E+00, 2.303316E-01, 8.431894E+00, 6.168973E+01, 2.826790E+01, 2.039112E+01, 6.348693E+00,4, 0.000000E+00,16, 4.605236E+00,0, 0.000000E+00,2, 9.703171E-01, 3.735067E-01, 5.968105E-01,1, 0.000000E+00,1,mc_qqps,35
-21023,1408,20227,221228,94C2, 9.125000E+01,38,19,57,38,19, 2.850999E+00, 9.257496E+00, 6.931264E-01, 5.172157E+01, 5.090126E+01, 1.339507E+00,-1.182808E-01,-5.526853E+00, 3.261799E-01, 8.632172E+01, 4.322682E+01, 2.191754E+01, 7.751280E+00,23, 1.113543E+01,0, 0.000000E+00,0, 0.000000E+00,17, 2.684887E+01, 3.897286E-01, 4.713524E+00,NULL,NULL,1,mc_qqps,35
-21023,1409,20227,221245,94C2, 9.125000E+01,31,14,45,31,14, 3.216710E+00, 3.094431E+00, 5.715708E+00, 7.835939E+01, 7.802237E+01, 2.516851E+00,-2.510664E+00, 3.683295E+00, 2.072379E+00, 1.009877E+02, 7.441073E+01, 7.803205E+00, 6.438066E+00,11, 2.714169E+00,1, 0.000000E+00,0, 0.000000E+00,6, 1.103601E+01, 7.219807E-01, 4.866185E+00,NULL,NULL,1,mc_qqps,35
-21023,1410,20227,221301,94C2, 9.125000E+01,17,21,38,17,21, 4.775367E-01,-7.053370E-01,-1.661460E-02, 7.346379E+00, 6.738144E+00, 3.963614E-01,-7.177067E-02,-1.556047E+00,-3.334263E+00, 6.109497E+01, 3.412424E+00, 5.251123E+01, 1.237358E+00,0, 0.000000E+00,9, 0.000000E+00,0, 0.000000E+00,NULL,NULL,NULL,NULL,9, 0.000000E+00,0,mc_qqps,35
-21023,1411,20227,221347,94C2, 9.125000E+01,33,11,44,33,11, 8.541091E+00,-6.276531E+00, 1.031172E+01, 6.794945E+01, 6.758314E+01, 2.047974E+00, 7.007289E+00,-1.547019E+00, 7.016067E+00, 8.864338E+01, 6.603044E+01, 1.834523E+01, 1.520362E+00,12, 6.992730E+00,1, 0.000000E+00,0, 0.000000E+00,7, 1.452929E+01, 8.347502E-01, 5.037522E+00,NULL,NULL,1,mc_qqps,35
-21023,1412,20227,221402,94C2, 9.125000E+01,38,16,54,38,16,-1.526020E+01,-9.329513E+00,-9.258777E+00, 5.126004E+01, 5.035403E+01, 1.325106E+00,-4.327660E+00,-3.323988E+00,-5.839677E+00, 8.206644E+01, 4.775642E+01, 2.127859E+01, 7.711161E+00,17, 4.492060E+00,0, 0.000000E+00,0, 0.000000E+00,10, 2.226176E+01, 5.476222E-01, 1.217766E+01,NULL,NULL,1,mc_qqps,35
-21023,1413,20227,221423,94C2, 9.125000E+01,37,17,54,37,17,-6.970432E+00, 8.950146E-01,-4.323942E+00, 4.723615E+01, 4.654807E+01, 1.258056E+00,-2.081547E+00,-6.302031E-01,-1.335578E+00, 8.211847E+01, 4.295180E+01, 3.488231E+01, 0.000000E+00,20, 3.055391E+00,1, 0.000000E+00,0, 0.000000E+00,14, 3.253138E+01, 7.648950E-01, 1.381682E+01,1, 0.000000E+00,1,mc_qqps,35
-21023,1414,20227,221440,94C2, 9.125000E+01,29,13,42,29,13,-3.194206E+00, 7.637121E-01,-2.015711E-01, 7.985043E+01, 7.954425E+01, 2.742905E+00, 3.202055E+00,-8.234365E-01, 6.073360E+00, 9.677477E+01, 7.047972E+01, 1.492496E+01, 0.000000E+00,8, 0.000000E+00,8, 2.555976E-01,0, 0.000000E+00,8, 9.576096E+00, 4.351291E-01, 4.536198E+00,NULL,NULL,1,mc_qqps,35
-21023,1415,20227,221453,94C2, 9.125000E+01,27,9,36,27,9,-1.276646E+01,-1.935205E+01, 1.870683E+01, 7.365760E+01, 7.309023E+01, 2.707046E+00,-3.176268E+00,-2.466205E+00, 8.665213E+00, 9.792059E+01, 6.481034E+01, 1.403734E+01, 1.022741E+01,10, 1.892239E+00,0, 0.000000E+00,0, 0.000000E+00,5, 1.108538E+01, 8.738555E-01, 5.146633E+00,NULL,NULL,1,mc_qqps,35
-21023,1416,20227,221505,94C2, 9.125000E+01,24,13,37,24,13,-2.096222E+00, 6.632939E+00, 9.015593E+00, 4.537545E+01, 4.404108E+01, 1.835045E+00, 7.024390E-01, 3.949994E-01, 1.447077E+00, 7.514567E+01, 4.128563E+01, 1.507774E+01, 1.389570E+01,8, 7.427481E-01,3, 0.000000E+00,0, 0.000000E+00,7, 1.329709E+01, 3.851699E-01, 4.876542E+00,NULL,NULL,1,mc_qqps,35
-21023,1417,20227,221521,94C2, 9.125000E+01,25,14,39,25,14, 1.165649E+00, 2.049959E-01, 2.576267E+00, 3.619990E+01, 3.572011E+01, 1.428805E+00,-2.626712E+00, 3.811308E+00,-3.447179E+00, 9.101057E+01, 3.415272E+01, 4.843162E+01, 4.632061E+00,11, 5.285353E-01,0, 0.000000E+00,0, 0.000000E+00,9, 4.155489E+01, 4.309300E-01, 1.287110E+01,NULL,NULL,1,mc_qqps,35
-21023,1418,20227,221539,94C2, 9.125000E+01,13,4,17,13,4,-1.277140E+01, 1.522656E+00,-5.371923E+00, 6.237580E+01, 6.225304E+01, 4.788695E+00,-4.875078E-01, 2.243571E-01,-4.461789E-01, 8.330707E+01, 6.140730E+01, 2.093127E+01, 0.000000E+00,8, 1.090691E+01,0, 0.000000E+00,0, 0.000000E+00,4, 2.093127E+01, 5.439026E-01, 1.658644E+01,NULL,NULL,1,mc_qqps,35
-21023,1419,20227,221547,94C2, 9.125000E+01,42,20,62,42,20, 8.572988E+00,-5.478630E+00,-7.120554E+01, 1.157234E+02, 1.149546E+02, 2.737013E+00, 3.175620E+00,-1.973428E+00,-7.184165E+01, 1.585817E+02, 3.310276E+01, 2.180071E+01, 1.619168E+01,10, 2.948911E+00,10, 0.000000E+00,0, 0.000000E+00,6, 1.444462E+01, 9.886660E-01, 4.869364E+00,NULL,NULL,1,mc_qqps,35
-21023,1420,20227,221607,94C2, 9.125000E+01,30,14,44,30,14, 3.780929E-01,-1.723042E+00, 1.463719E+00, 3.972726E+01, 3.919532E+01, 1.306511E+00,-1.552283E-01,-2.130934E+00, 6.395072E-01, 5.491637E+01, 3.047984E+01, 6.592790E+00, 8.734375E+00,5, 6.258933E-02,6, 0.000000E+00,0, 0.000000E+00,3, 2.934390E+00, 4.087472E-01, 1.608727E+00,NULL,NULL,1,mc_qqps,35
-21023,1421,20227,221623,94C2, 9.125000E+01,23,21,44,23,21,-9.487613E-01, 1.334253E+00,-5.384595E+00, 3.473591E+01, 3.428326E+01, 1.490577E+00,-4.631753E-01, 1.641329E+00,-5.345486E+00, 8.689989E+01, 2.647737E+01, 4.260146E+01, 9.727086E+00,0, 0.000000E+00,22, 2.731593E+00,0, 0.000000E+00,NULL,NULL,NULL,NULL,NULL,NULL,1,mc_qqps,35
-21023,1422,20227,221634,94C2, 9.125000E+01,36,16,52,36,16,-3.489923E+00,-5.894005E+00,-1.270578E+00, 5.766217E+01, 5.712642E+01, 1.586845E+00,-2.194464E-01,-2.222922E+01,-4.225287E-01, 1.065550E+02, 4.691210E+01, 3.010815E+01, 1.551320E+01,17, 2.222569E+00,0, 0.000000E+00,0, 0.000000E+00,11, 2.652646E+01, 6.378680E-01, 6.754980E+00,NULL,NULL,1,mc_qqps,35
-21023,1423,20227,221651,94C2, 9.125000E+01,31,9,40,31,9,-1.912835E-01,-1.486316E+01,-2.021602E+01, 4.697975E+01, 4.627653E+01, 1.492791E+00,-8.835220E-01,-1.191624E+01,-1.641721E+01, 5.424744E+01, 3.965067E+01, 4.378838E+00, 2.888849E+00,0, 0.000000E+00,8, 0.000000E+00,0, 0.000000E+00,NULL,NULL,NULL,NULL,1, 0.000000E+00,1,mc_qqps,35
-21023,1424,20227,221709,94C2, 9.125000E+01,26,18,44,26,18,-3.085184E+00, 3.696306E+00,-6.540574E+00, 5.690452E+01, 5.648510E+01, 2.172504E+00, 1.335440E+00,-3.268327E+00, 3.823011E+00, 8.935432E+01, 5.143893E+01, 3.153187E+01, 9.179068E-01,0, 0.000000E+00,17, 6.467586E+00,0, 0.000000E+00,NULL,NULL,NULL,NULL,NULL,NULL,1,mc_qqps,35
-21023,1425,20227,221725,94C2, 9.125000E+01,43,9,52,43,9,-6.909586E-01,-1.252044E+01,-1.117979E+01, 7.506583E+01, 7.428075E+01, 1.727459E+00,-1.976159E+00,-1.713951E+01,-1.496203E+01, 8.492647E+01, 5.589384E+01, 7.754882E+00, 6.816712E-01,11, 8.892488E+00,0, 0.000000E+00,0, 0.000000E+00,7, 9.178963E+00, 4.835033E-01, 3.250007E+00,NULL,NULL,1,mc_qqps,35
-21023,1426,20227,221740,94C2, 9.125000E+01,36,9,45,36,9,-2.161053E+01,-1.881774E+00, 1.292051E+01, 9.267760E+01, 9.218408E+01, 2.560669E+00,-2.243346E+01,-9.012302E-01, 1.477023E+01, 1.191913E+02, 4.975625E+01, 2.022424E+01, 3.023034E+00,13, 4.550599E+00,1, 0.000000E+00,0, 0.000000E+00,7, 2.273541E+01, 6.523761E-01, 1.100616E+01,NULL,NULL,1,mc_qqps,35
-21023,1427,20227,221753,94C2, 9.125000E+01,18,9,27,18,9,-3.766556E-02, 4.920301E+00,-1.537157E+00, 1.841814E+01, 1.797247E+01, 9.984707E-01, 8.268869E-01, 1.226060E+01, 1.104512E-01, 6.656152E+01, 1.772832E+01, 2.440312E+01, 2.374026E+01,8, 1.219894E-01,0, 0.000000E+00,0, 0.000000E+00,4, 2.440312E+01, 1.168895E+00, 2.037799E+01,NULL,NULL,1,mc_qqps,35
-21023,1428,20227,221808,94C2, 9.125000E+01,35,16,51,35,16, 4.696912E-01, 1.488788E+00, 4.594452E+00, 8.124581E+01, 8.045782E+01, 2.298795E+00, 1.302746E+01,-2.516232E+00,-2.810517E-01, 1.080588E+02, 6.770911E+01, 1.979973E+01, 6.006262E+00,15, 5.128087E+00,0, 0.000000E+00,0, 0.000000E+00,11, 1.817074E+01, 5.075194E-01, 7.632287E+00,NULL,NULL,1,mc_qqps,35
-21023,1429,20227,221822,94C2, 9.125000E+01,33,16,49,33,16,-5.672342E+00,-3.101623E+00, 4.753623E+00, 5.608834E+01, 5.568191E+01, 1.687331E+00,-9.823946E+00,-5.120196E+00, 1.006693E+01, 7.151979E+01, 4.194749E+01, 1.374845E+01, 1.682991E+00,7, 0.000000E+00,8, 0.000000E+00,0, 0.000000E+00,5, 7.252738E+00, 5.427236E-01, 2.054633E+00,NULL,NULL,1,mc_qqps,35
-21023,1430,20227,221839,94C2, 9.125000E+01,25,10,35,25,10, 6.167420E-01, 2.851017E+00, 5.442031E+00, 7.004701E+01, 6.969874E+01, 2.787950E+00, 2.732375E+00, 1.332420E+01, 1.502443E+01, 9.939992E+01, 6.288132E+01, 2.935290E+01, 0.000000E+00,12, 6.166160E+00,0, 0.000000E+00,0, 0.000000E+00,8, 1.963689E+01, 7.643229E-01, 9.161942E+00,NULL,NULL,1,mc_qqps,35
-21023,1431,20227,221853,94C2, 9.125000E+01,66,9,75,66,9,-9.343326E+00, 2.272754E+00, 2.124857E+00, 7.659127E+01, 7.463042E+01, 1.130764E+00,-5.178083E+00,-2.256777E-01, 2.459279E-01, 8.501225E+01, 6.490945E+01, 6.393280E+00, 9.555247E-01,17, 4.264159E+00,1, 0.000000E+00,0, 0.000000E+00,7, 6.939836E+00, 6.336389E-01, 1.378720E+00,NULL,NULL,1,mc_qqps,35
-21023,1432,20227,221911,94C2, 9.125000E+01,25,11,36,25,11,-4.379506E-01, 2.773736E+00,-4.622271E+00, 3.222241E+01, 3.170552E+01, 1.268221E+00,-3.397201E+00, 8.752735E+00,-7.531643E-01, 5.171260E+01, 2.476887E+01, 1.696660E+01, 8.307928E-01,7, 0.000000E+00,6, 0.000000E+00,0, 0.000000E+00,6, 9.465216E+00, 7.787263E-01, 3.194100E+00,NULL,NULL,1,mc_qqps,35
-21023,1433,20227,221931,94C2, 9.125000E+01,26,12,38,26,12, 1.497048E+00, 2.825906E+00,-3.419687E+00, 5.247391E+01, 5.205986E+01, 2.002302E+00, 8.612172E+00,-9.343502E+00, 7.159488E-01, 7.666850E+01, 4.834844E+01, 1.245342E+01, 5.672853E+00,19, 1.497711E+01,0, 0.000000E+00,0, 0.000000E+00,10, 1.852174E+01, 5.835698E-01, 5.184921E+00,NULL,NULL,1,mc_qqps,35
-21023,1434,20227,221943,94C2, 9.125000E+01,50,27,77,50,27,-2.860404E+00,-3.450948E+00, 1.363810E+01, 5.267631E+01, 5.160485E+01, 1.032097E+00, 1.915185E+00, 9.966991E-01, 6.575959E+00, 8.036034E+01, 3.444545E+01, 1.906971E+01, 8.882036E+00,4, 0.000000E+00,21, 3.898768E+00,0, 0.000000E+00,3, 2.811070E+00, 8.496531E-01, 1.014845E+00,2, 0.000000E+00,1,mc_qqps,35
-21023,1435,20227,222006,94C2, 9.125000E+01,41,13,54,41,13, 4.760915E+00, 1.239153E+01, 1.063945E+00, 5.003613E+01, 4.880566E+01, 1.190382E+00, 1.838730E+00, 1.126078E+01, 9.668607E-01, 8.324203E+01, 4.097410E+01, 1.206681E+01, 2.123585E+01,14, 3.320033E+00,0, 0.000000E+00,0, 0.000000E+00,9, 1.206681E+01, 5.174793E-01, 4.731771E+00,NULL,NULL,1,mc_qqps,35
-21023,1436,20227,222027,94C2, 9.125000E+01,27,27,54,27,27,-8.148671E+00, 8.263171E+00, 6.578114E+00, 7.197627E+01, 7.143526E+01, 2.645750E+00,-3.833538E+00,-1.165034E+00,-4.097930E+00, 9.576237E+01, 6.697717E+01, 1.621425E+01, 6.926579E+00,19, 3.350055E+00,6, 6.352561E+00,0, 0.000000E+00,16, 1.436300E+01, 4.458081E-01, 2.117967E+00,NULL,NULL,1,mc_qqps,35
-21023,1437,20227,222039,94C2, 9.125000E+01,31,23,54,31,23,-1.485072E+00, 2.043657E+01, 1.420085E+01, 3.240881E+01, 3.185439E+01, 1.027561E+00,-1.366495E+00, 5.582931E+00, 2.844484E+00, 8.734067E+01, 2.685752E+01, 5.207697E+01, 1.536926E+00,20, 2.413279E+00,1, 0.000000E+00,0, 0.000000E+00,16, 4.996141E+01, 7.013639E-01, 1.126800E+01,NULL,NULL,1,mc_qqps,35
-21023,1438,20227,222055,94C2, 9.125000E+01,21,10,31,21,10, 2.157853E+00,-5.046976E+00,-8.071512E+00, 7.652939E+01, 7.618037E+01, 3.627637E+00, 4.759678E-01,-1.895415E+00,-1.208615E+00, 8.457614E+01, 6.444507E+01, 7.942164E+00, 1.045971E-01,0, 0.000000E+00,13, 1.640802E+01,0, 0.000000E+00,NULL,NULL,NULL,NULL,NULL,NULL,1,mc_qqps,35
-21023,1439,20227,222107,94C2, 9.125000E+01,34,14,48,34,14, 5.144670E+00, 5.101515E+00,-2.778728E+00, 7.419063E+01, 7.362358E+01, 2.165400E+00, 7.666902E+00, 6.084761E+00,-3.202521E+00, 1.008642E+02, 3.777599E+01, 2.075791E+01, 5.915666E+00,1, 0.000000E+00,15, 2.750899E+00,0, 0.000000E+00,1, 1.356849E+00, 1.356849E+00, 1.356849E+00,2, 0.000000E+00,1,mc_qqps,35
-21023,1440,20227,222125,94C2, 9.125000E+01,21,12,33,21,12,-2.651049E+01,-1.273325E+01, 1.257775E+01, 6.546433E+01, 6.513604E+01, 3.101716E+00,-1.358031E+01,-7.336991E+00, 6.727662E+00, 9.956658E+01, 3.915503E+01, 2.493420E+01, 5.152031E+00,14, 1.704144E+01,0, 0.000000E+00,0, 0.000000E+00,9, 2.339302E+01, 6.776746E-01, 6.846236E+00,NULL,NULL,1,mc_qqps,35
-21023,1441,20227,222138,94C2, 9.125000E+01,32,22,54,32,22,-8.514045E+00,-2.247149E+00,-5.302702E+00, 7.364030E+01, 7.334113E+01, 2.291910E+00,-3.960124E+00,-2.656154E+00,-2.832008E+00, 1.216975E+02, 6.894251E+01, 3.356538E+01, 6.977397E+00,21, 2.415942E+00,2, 0.000000E+00,0, 0.000000E+00,15, 2.573965E+01, 2.520334E-01, 8.106153E+00,NULL,NULL,1,mc_qqps,35
-21023,1442,20227,222153,94C2, 9.125000E+01,31,18,49,31,18, 2.015087E+00,-1.351659E+01, 3.958046E+00, 5.111635E+01, 5.029057E+01, 1.622276E+00, 7.365111E-01,-1.838468E+01, 5.315186E+00, 8.715176E+01, 4.435663E+01, 2.758593E+01, 7.931831E+00,15, 2.008300E+01,1, 0.000000E+00,0, 0.000000E+00,10, 1.942924E+01, 4.241975E-01, 6.876883E+00,NULL,NULL,1,mc_qqps,35
-21023,1443,20227,222207,94C2, 9.125000E+01,32,25,57,32,25, 2.450134E+00,-5.641229E+00, 1.083029E+01, 2.991657E+01, 2.927498E+01, 9.148431E-01, 1.176289E+00,-6.738536E+00, 9.950022E+00, 6.928374E+01, 1.296145E+01, 2.843991E+01, 1.092727E+01,5, 1.362633E+00,16, 5.546109E+00,0, 0.000000E+00,4, 4.519927E+00, 8.215705E-01, 1.479949E+00,4, 0.000000E+00,1,mc_qqps,35
-21023,1444,20227,222228,94C2, 9.125000E+01,45,22,67,45,22, 5.499868E+00,-2.162553E+00, 2.477288E-01, 5.234475E+01, 5.130912E+01, 1.140203E+00, 6.666420E+00,-8.030640E-02, 5.222911E+00, 7.661900E+01, 3.559522E+01, 1.447229E+01, 7.221161E+00,18, 4.687717E+00,1, 0.000000E+00,0, 0.000000E+00,15, 1.636398E+01, 3.258373E-01, 2.066677E+00,NULL,NULL,1,mc_qqps,35
-21023,1445,20227,222243,94C2, 9.125000E+01,29,16,45,29,16, 4.731704E+00,-3.410580E+00,-1.059705E+01, 4.572375E+01, 4.515777E+01, 1.557165E+00, 6.797552E+00,-4.493119E+00,-1.435457E+01, 6.626017E+01, 3.954100E+01, 2.053641E+01, 0.000000E+00,1, 0.000000E+00,19, 3.070079E+00,0, 0.000000E+00,1, 8.550981E-01, 8.550981E-01, 8.550981E-01,NULL,NULL,1,mc_qqps,35
-21023,1446,20227,222257,94C2, 9.125000E+01,32,17,49,32,17,-5.427498E+00, 2.527365E-01,-1.530451E+01, 4.916779E+01, 4.856692E+01, 1.517716E+00,-3.986627E+00, 1.490336E+00,-1.516859E+01, 7.341415E+01, 2.818434E+01, 1.615000E+01, 7.641832E+00,7, 0.000000E+00,2, 0.000000E+00,0, 0.000000E+00,5, 7.991126E+00, 5.217445E-01, 2.998922E+00,3, 0.000000E+00,1,mc_qqps,35
-21023,1447,20227,222317,94C2, 9.125000E+01,46,20,66,46,20, 1.734611E+00,-6.603784E+00, 1.431611E+01, 5.736757E+01, 5.618270E+01, 1.221363E+00, 2.192354E+00,-2.577183E-01, 5.843464E+00, 8.103247E+01, 3.945940E+01, 1.955398E+01, 4.110935E+00,5, 0.000000E+00,14, 2.111276E-01,0, 0.000000E+00,3, 2.259090E+00, 3.925738E-01, 1.366030E+00,NULL,NULL,1,mc_qqps,35
-21023,1448,20227,222335,94C2, 9.125000E+01,37,20,57,37,20,-5.483070E+00, 1.176217E+01,-1.735962E+02, 2.358056E+02, 2.352844E+02, 6.359038E+00,-7.180077E+00, 1.040388E+01,-1.802223E+02, 2.585740E+02, 3.778545E+01, 1.320394E+01, 8.859996E+00,3, 0.000000E+00,17, 2.278372E+00,0, 0.000000E+00,2, 1.466370E+00, 6.842806E-01, 7.820893E-01,4, 0.000000E+00,1,mc_qqps,35
-21023,1449,20227,222355,94C2, 9.125000E+01,38,14,52,38,14, 2.215263E+00, 6.281979E+00,-2.492296E+00, 7.745749E+01, 7.690522E+01, 2.023822E+00, 1.897408E-01, 2.274545E+00,-1.620180E+00, 1.042737E+02, 5.879182E+01, 1.926128E+01, 4.098217E+00,26, 6.963635E+00,0, 0.000000E+00,0, 0.000000E+00,13, 2.271795E+01, 2.915835E-01, 5.614309E+00,NULL,NULL,1,mc_qqps,35
-21023,1450,20227,222409,94C2, 9.125000E+01,43,8,51,43,8, 2.596144E+00,-5.288621E+00,-6.417535E-01, 6.512469E+01, 6.437595E+01, 1.497115E+00,-2.711484E+00, 7.982845E-01,-1.304938E+00, 9.271684E+01, 5.978334E+01, 1.759483E+01, 9.246560E+00,14, 4.308570E+00,0, 0.000000E+00,0, 0.000000E+00,6, 1.781920E+01, 5.521451E-01, 6.990030E+00,NULL,NULL,1,mc_qqps,35
-21023,1451,20227,222424,94C2, 9.125000E+01,28,10,38,28,10, 7.150202E+00, 5.028038E+00, 6.557944E+00, 8.982333E+01, 8.950488E+01, 3.196603E+00, 5.150818E+00, 4.121052E+00, 5.816694E+00, 1.102010E+02, 7.500336E+01, 1.225255E+01, 0.000000E+00,17, 8.053078E+00,0, 0.000000E+00,0, 0.000000E+00,10, 2.037770E+01, 4.847734E-01, 3.728896E+00,NULL,NULL,1,mc_qqps,35
-21023,1452,20227,222437,94C2, 9.125000E+01,29,16,45,29,16, 1.313846E+00,-2.273394E-01, 2.020603E+00, 3.456964E+01, 3.381548E+01, 1.166051E+00, 8.374784E+00, 3.297805E+00, 9.573260E+00, 5.702442E+01, 3.223663E+01, 1.382452E+01, 2.089492E+00,12, 0.000000E+00,3, 0.000000E+00,0, 0.000000E+00,12, 1.940514E+01, 6.841677E-01, 4.380144E+00,NULL,NULL,1,mc_qqps,35
-21023,1453,20227,222456,94C2, 9.125000E+01,15,10,25,15,10,-3.648075E-01,-7.092332E-01, 2.386125E+00, 3.373894E+01, 3.352913E+01, 2.235275E+00,-1.441600E+01, 1.171373E+01, 8.689731E+00, 8.887299E+01, 2.749656E+01, 3.904629E+01, 1.380008E+00,10, 8.833405E+00,0, 0.000000E+00,0, 0.000000E+00,6, 5.111861E+01, 6.545856E-01, 2.343124E+01,NULL,NULL,1,mc_qqps,35
-21023,1454,20227,222507,94C2, 9.125000E+01,45,11,56,45,11, 2.482763E+01,-1.443436E+01, 1.039996E+02, 1.706568E+02, 1.694881E+02, 3.766402E+00, 1.944855E+01,-1.292239E+01, 9.097276E+01, 1.869406E+02, 3.675901E+01, 1.276772E+01, 3.518835E+00,2, 0.000000E+00,15, 1.446842E+01,0, 0.000000E+00,NULL,NULL,NULL,NULL,NULL,NULL,1,mc_qqps,35
-21023,1455,20227,222520,94C2, 9.125000E+01,45,23,68,45,23, 6.791987E-01,-6.302228E+00, 2.197515E+01, 6.205313E+01, 6.122317E+01, 1.360515E+00, 9.112012E-01,-6.941287E+00, 2.301559E+01, 9.765276E+01, 3.560959E+01, 2.839504E+01, 7.204563E+00,1, 0.000000E+00,23, 1.679042E+01,0, 0.000000E+00,1, 9.044343E-01, 9.044343E-01, 9.044343E-01,2, 0.000000E+00,1,mc_qqps,35
-21023,1456,20227,222541,94C2, 9.125000E+01,54,19,73,54,19,-2.947279E-01, 4.021534E+00,-2.061441E+00, 4.479614E+01, 4.344938E+01, 8.046181E-01,-3.800892E+00, 1.766253E+01, 6.682514E+00, 8.508436E+01, 2.797787E+01, 2.539551E+01, 3.905153E+00,18, 8.541907E-01,0, 0.000000E+00,0, 0.000000E+00,14, 3.642740E+01, 4.463466E-01, 1.101031E+01,NULL,NULL,1,mc_qqps,35
-21023,1457,20227,222559,94C2, 9.125000E+01,21,18,39,21,18,-6.051413E+00,-3.385335E-03, 1.238051E+02, 1.827482E+02, 1.823323E+02, 8.682490E+00,-8.414516E-01,-5.170413E-01, 1.114726E+02, 2.117064E+02, 4.739744E+01, 1.640696E+01, 1.255125E+01,0, 0.000000E+00,23, 1.057035E+01,0, 0.000000E+00,NULL,NULL,NULL,NULL,1, 0.000000E+00,1,mc_qqps,35
-21023,1458,20227,222614,94C2, 9.125000E+01,47,9,56,47,9, 8.980876E+00,-3.544031E+00, 8.377879E+00, 6.875005E+01, 6.756032E+01, 1.437454E+00, 5.780360E+00,-3.310354E+00, 5.974005E+00, 8.461613E+01, 5.910971E+01, 1.539435E+01, 4.717267E-01,12, 3.260758E+00,1, 0.000000E+00,0, 0.000000E+00,6, 1.313795E+01, 7.008026E-01, 5.867353E+00,NULL,NULL,1,mc_qqps,35
-21023,1459,20227,222629,94C2, 9.125000E+01,28,16,44,28,16,-2.173474E+00,-3.580139E-01,-1.229332E+00, 4.607466E+01, 4.565589E+01, 1.630567E+00, 6.648198E+00, 9.961972E+00,-1.298986E+01, 7.854472E+01, 3.432524E+01, 3.162865E+01, 8.414066E-01,14, 2.997805E+00,6, 0.000000E+00,0, 0.000000E+00,8, 2.512350E+01, 5.662803E-01, 1.808330E+01,NULL,NULL,1,mc_qqps,35
-21023,1460,20227,222644,94C2, 9.125000E+01,31,17,48,31,17,-7.174953E+00, 2.318171E+00, 5.522457E-01, 4.849654E+01, 4.780751E+01, 1.542178E+00, 5.740824E+00,-7.684362E-02,-5.510617E-01, 9.361324E+01, 4.480927E+01, 2.518530E+01, 1.955352E+01,18, 3.302368E+00,0, 0.000000E+00,0, 0.000000E+00,11, 2.320229E+01, 3.930596E-01, 7.411242E+00,NULL,NULL,1,mc_qqps,35
-21023,1461,20227,222700,94C2, 9.125000E+01,13,14,27,13,14,-4.653608E+00,-6.349821E+00, 1.261294E+01, 6.239235E+01, 6.227763E+01, 4.790587E+00,-4.629785E+00,-6.778285E+00, 1.097588E+01, 7.363350E+01, 5.713225E+01, 1.075689E+01, 7.520064E-01,2, 0.000000E+00,15, 4.875135E+00,0, 0.000000E+00,1, 1.482489E+00, 1.482489E+00, 1.482489E+00,1, 0.000000E+00,1,mc_qqps,35
-21023,1462,20227,222713,94C2, 9.125000E+01,32,14,46,32,14, 2.711140E+01,-2.431567E+00, 1.307940E+02, 1.620676E+02, 1.616202E+02, 5.050631E+00, 2.356803E+01,-2.627789E-01, 1.289875E+02, 1.831848E+02, 2.352268E+01, 9.745808E+00, 7.583456E+00,7, 8.039730E-01,6, 0.000000E+00,0, 0.000000E+00,4, 4.226952E+00, 4.390122E-01, 2.318196E+00,4, 0.000000E+00,1,mc_qqps,35
-21023,1463,20227,222730,94C2, 9.125000E+01,16,16,32,16,16, 2.581156E+00,-1.984154E+00, 2.355273E+00, 5.442986E+01, 5.429832E+01, 3.393645E+00,-6.827930E+00, 1.233758E+01,-1.093447E+01, 9.222618E+01, 5.419310E+01, 3.651242E+01, 5.633251E-01,17, 8.603713E+00,0, 0.000000E+00,0, 0.000000E+00,14, 3.270778E+01, 4.289823E-01, 5.008201E+00,NULL,NULL,1,mc_qqps,35
-21023,1464,20227,222741,94C2, 9.125000E+01,22,13,35,22,13,-1.179064E+01, 1.375753E+01,-9.656722E+01, 1.459622E+02, 1.457634E+02, 6.625607E+00,-1.194182E+01, 1.415422E+01,-9.618052E+01, 1.536485E+02, 2.815601E+01, 7.686325E+00, 0.000000E+00,0, 0.000000E+00,20, 4.800356E+00,0, 0.000000E+00,NULL,NULL,NULL,NULL,2, 0.000000E+00,1,mc_qqps,35
-21023,1465,20227,222756,94C2, 9.125000E+01,22,13,35,22,13, 1.722988E+00, 3.602322E+00,-1.577257E+00, 1.316635E+01, 1.216647E+01, 5.530212E-01, 1.737939E+00,-2.480664E+00, 1.297734E+01, 6.831963E+01, 1.043154E+01, 2.174202E+01, 3.357865E+01,0, 0.000000E+00,5, 0.000000E+00,0, 0.000000E+00,NULL,NULL,NULL,NULL,3, 0.000000E+00,0,mc_qqps,35
-21023,1466,20227,222819,94C2, 9.125000E+01,25,22,47,25,22, 2.295405E+00, 4.453162E+00, 1.907524E+00, 3.699833E+01, 3.642326E+01, 1.456930E+00, 1.190745E+01, 9.591324E+00,-4.489864E+00, 8.048386E+01, 3.223960E+01, 2.657736E+01, 1.481548E+01,17, 7.014772E+00,1, 0.000000E+00,0, 0.000000E+00,14, 2.749061E+01, 4.729842E-01, 5.134517E+00,NULL,NULL,1,mc_qqps,35
-21023,1467,20227,222837,94C2, 9.125000E+01,19,13,32,19,13,-2.289239E+00, 5.694364E+00,-8.407977E-01, 4.630444E+01, 4.604946E+01, 2.423656E+00,-1.387036E+00, 1.405652E+01,-8.429234E-01, 7.860548E+01, 4.569629E+01, 2.059234E+01, 9.203941E+00,14, 1.435687E+01,0, 0.000000E+00,0, 0.000000E+00,9, 2.207435E+01, 3.123623E-01, 1.442201E+01,NULL,NULL,1,mc_qqps,35
-21023,1468,20227,222851,94C2, 9.125000E+01,31,5,36,31,5,-4.255180E+00,-2.530087E+00, 5.412744E-01, 9.250448E+01, 9.150430E+01, 2.951752E+00,-3.769691E+00,-2.778449E+00, 3.831868E-01, 9.730776E+01, 7.756389E+01, 1.581068E+00, 2.545407E-01,7, 1.173873E+01,0, 0.000000E+00,0, 0.000000E+00,3, 2.967673E+00, 7.829980E-01, 1.270100E+00,NULL,NULL,1,mc_qqps,35
-21023,1469,20227,222912,94C2, 9.125000E+01,34,8,42,34,8, 1.977562E+01,-1.032917E-01, 1.131394E+00, 8.384872E+01, 8.339435E+01, 2.452775E+00, 1.648093E+01, 2.478163E-01, 9.074758E-01, 9.398250E+01, 6.549810E+01, 1.013378E+01, 0.000000E+00,14, 5.533453E-01,4, 0.000000E+00,0, 0.000000E+00,5, 6.890500E+00, 5.352893E-01, 4.238783E+00,NULL,NULL,1,mc_qqps,35
-21023,1470,20227,222925,94C2, 9.125000E+01,23,13,36,23,13,-1.001434E+01,-1.337107E+01, 1.841300E+01, 5.131759E+01, 5.084835E+01, 2.210798E+00,-5.491745E+00,-6.954418E+00, 1.136239E+01, 7.321057E+01, 4.922473E+01, 6.583262E+00, 1.018401E+01,8, 8.285354E-01,4, 0.000000E+00,0, 0.000000E+00,6, 8.475249E+00, 8.855460E-01, 2.762970E+00,NULL,NULL,1,mc_qqps,35
-21023,1471,20227,222941,94C2, 9.125000E+01,44,17,61,44,17,-3.852119E-01, 7.376225E+00, 7.774797E+00, 6.080325E+01, 5.966534E+01, 1.356030E+00,-1.964196E+00, 5.017640E+00, 5.922248E+00, 8.933759E+01, 5.586695E+01, 2.026981E+01, 4.612794E+00,22, 2.516223E+00,1, 0.000000E+00,0, 0.000000E+00,14, 2.330430E+01, 9.213714E-01, 3.799134E+00,NULL,NULL,1,mc_qqps,35
-21023,1472,20227,223000,94C2, 9.125000E+01,38,16,54,38,16,-1.516045E+00, 2.657465E+00,-7.113635E+00, 5.926105E+01, 5.855270E+01, 1.540861E+00, 6.624384E-01,-2.038250E+00,-8.385791E+00, 9.517757E+01, 5.646355E+01, 2.260775E+01, 1.331911E+01,12, 1.970052E+00,7, 0.000000E+00,0, 0.000000E+00,8, 1.438830E+01, 4.484311E-01, 5.791783E+00,NULL,NULL,1,mc_qqps,35
-21023,1473,20227,223016,94C2, 9.125000E+01,33,13,46,33,13, 7.966117E-01, 9.564865E+00,-5.769152E+00, 4.731329E+01, 4.659019E+01, 1.411824E+00,-1.992932E+00, 7.110897E+00,-3.728195E+00, 7.122719E+01, 4.236502E+01, 1.373901E+01, 1.097972E+00,17, 1.490499E+01,0, 0.000000E+00,0, 0.000000E+00,11, 2.281592E+01, 6.565593E-01, 7.725888E+00,NULL,NULL,1,mc_qqps,35
-21023,1474,20227,223033,94C2, 9.125000E+01,39,16,55,39,16, 1.337392E+00, 3.212626E+00, 2.327522E+00, 5.674066E+01, 5.565869E+01, 1.427146E+00,-4.805852E+00,-6.892861E-01,-4.651368E+00, 9.275336E+01, 5.138527E+01, 3.370450E+01, 2.360563E+00,9, 3.997785E-01,9, 0.000000E+00,0, 0.000000E+00,7, 1.898845E+01, 7.577940E-01, 9.539949E+00,NULL,NULL,1,mc_qqps,35
-21023,1475,20227,223052,94C2, 9.125000E+01,25,8,33,25,8,-8.455203E+00, 1.950194E+00, 8.073555E+00, 5.144606E+01, 5.103235E+01, 2.041294E+00, 1.773131E+00,-6.921942E-01,-1.228713E+00, 7.659895E+01, 4.853423E+01, 8.546202E+00, 1.612964E+01,9, 2.528027E+00,1, 0.000000E+00,0, 0.000000E+00,5, 7.091404E+00, 4.770550E-01, 2.304449E+00,NULL,NULL,1,mc_qqps,35
-21023,1476,20227,223107,94C2, 9.125000E+01,27,12,39,27,12, 6.022974E+00,-4.399843E+00,-1.268108E+01, 6.878243E+01, 6.831001E+01, 2.530000E+00, 2.079689E+00,-1.336283E+00,-2.885134E+00, 8.212621E+01, 6.601254E+01, 1.271836E+01, 6.254111E-01,2, 0.000000E+00,14, 3.875752E+00,0, 0.000000E+00,2, 2.269924E+00, 3.208598E-01, 1.949064E+00,1, 0.000000E+00,1,mc_qqps,35
-21023,1477,20227,223125,94C2, 9.125000E+01,37,18,55,37,18, 1.070247E+00, 2.540254E+00, 4.722215E+01, 9.103664E+01, 9.048479E+01, 2.445535E+00,-4.865284E-01,-3.123569E-01, 3.615525E+01, 1.151776E+02, 3.021938E+01, 2.360604E+01, 5.348694E-01,6, 3.320643E-01,16, 4.427326E+00,0, 0.000000E+00,3, 3.549613E+00, 7.782186E-01, 1.419160E+00,3, 0.000000E+00,1,mc_qqps,35
-21023,1478,20227,223149,94C2, 9.125000E+01,18,10,28,18,10,-1.993863E+00,-2.236374E+00,-1.413106E+00, 7.628199E+01, 7.607967E+01, 4.226648E+00,-3.554162E+00,-2.418000E+00,-1.178926E+00, 9.682253E+01, 7.347285E+01, 1.716392E+01, 3.376608E+00,16, 9.941251E+00,0, 0.000000E+00,0, 0.000000E+00,9, 1.716392E+01, 6.071817E-01, 4.546643E+00,NULL,NULL,1,mc_qqps,35
-21023,1479,20227,223200,94C2, 9.125000E+01,20,10,30,20,10, 3.441620E-01, 9.711263E-01, 6.686285E-01, 5.556300E+01, 5.526334E+01, 2.763167E+00, 5.198246E+00, 4.185728E-01, 4.848363E+00, 9.194138E+01, 5.395481E+01, 2.296553E+01, 1.243577E+01,12, 2.147634E+00,0, 0.000000E+00,0, 0.000000E+00,6, 2.396451E+01, 9.376059E-01, 1.086789E+01,NULL,NULL,1,mc_qqps,35
-21023,1480,20227,223211,94C2, 9.125000E+01,63,17,80,63,17,-1.989462E+01, 8.966238E+00,-7.003707E+00, 1.039087E+02, 1.020591E+02, 1.619986E+00,-2.349245E+01, 1.676725E+01,-4.986100E+00, 1.284904E+02, 4.808102E+01, 1.403745E+01, 2.372454E+00,16, 4.724441E+00,4, 0.000000E+00,0, 0.000000E+00,8, 1.393276E+01, 4.073133E-01, 5.658415E+00,NULL,NULL,1,mc_qqps,35
-21023,1481,20227,223232,94C2, 9.125000E+01,16,13,29,16,13, 2.814100E+01,-7.176358E-01,-4.766562E+00, 4.942456E+01, 4.931551E+01, 3.082219E+00, 3.121001E+00,-4.847077E-01,-1.490350E+00, 9.233953E+01, 4.995126E+01, 1.784415E+01, 2.507081E+01,14, 2.404574E-01,0, 0.000000E+00,0, 0.000000E+00,10, 1.542437E+01, 3.892859E-01, 3.335227E+00,NULL,NULL,1,mc_qqps,35
-21023,1482,20227,223242,94C2, 9.125000E+01,25,10,35,25,10,-7.120475E+00,-1.383084E+01,-1.600064E+01, 4.754459E+01, 4.724460E+01, 1.889784E+00,-4.832894E+00,-1.007568E+01,-1.151585E+01, 8.501994E+01, 4.354645E+01, 1.991154E+01, 1.553131E+01,9, 1.681537E+00,1, 0.000000E+00,0, 0.000000E+00,6, 1.931949E+01, 3.683932E-01, 1.538408E+01,NULL,NULL,1,mc_qqps,35
-21023,1483,20227,223258,94C2, 9.125000E+01,34,18,52,34,18,-1.033947E+00,-2.738692E+00,-2.854121E+00, 7.682323E+01, 7.607006E+01, 2.237355E+00, 2.360797E+00,-1.606914E+00,-2.227641E+00, 9.719037E+01, 7.214500E+01, 1.429878E+01, 2.851394E+00,20, 1.293716E+01,2, 0.000000E+00,0, 0.000000E+00,14, 1.622657E+01, 3.110624E-01, 2.893716E+00,NULL,NULL,1,mc_qqps,35
-21023,1484,20227,223315,94C2, 9.125000E+01,37,19,56,37,19, 4.447930E+00,-2.245937E-01,-3.908909E+00, 5.986383E+01, 5.926274E+01, 1.601696E+00,-9.798002E+00,-2.767921E+00, 3.474963E+00, 9.453833E+01, 5.497069E+01, 2.947465E+01, 5.631230E+00,12, 6.864829E+00,7, 0.000000E+00,0, 0.000000E+00,5, 2.279181E+01, 1.719002E+00, 1.196550E+01,1, 0.000000E+00,1,mc_qqps,35
-21023,1485,20227,223331,94C2, 9.125000E+01,17,14,31,17,14, 2.428172E+01,-1.438550E+01,-4.596737E+00, 5.177712E+01, 5.158713E+01, 3.034537E+00, 6.359470E+00,-3.144337E+00, 4.416396E-01, 8.675593E+01, 5.175679E+01, 2.628928E+01, 7.492020E+00,17, 8.751444E+00,0, 0.000000E+00,0, 0.000000E+00,10, 2.752858E+01, 3.146029E-01, 2.007669E+01,NULL,NULL,1,mc_qqps,35
-21023,1486,20227,223343,94C2, 9.125000E+01,32,17,49,32,17, 2.392704E+00, 6.848462E+00, 1.748547E+02, 2.216115E+02, 2.211316E+02, 6.910362E+00, 2.955267E+00, 7.035077E+00, 1.803727E+02, 2.515441E+02, 1.709409E+01, 2.718201E+01, 2.750662E+00,5, 0.000000E+00,16, 1.110039E+01,0, 0.000000E+00,5, 4.703822E+00, 6.763926E-01, 1.302625E+00,1, 0.000000E+00,1,mc_qqps,35
-21023,1487,20227,223402,94C2, 9.125000E+01,34,9,43,34,9, 2.478915E+00, 2.555177E+01,-9.611794E+01, 1.190338E+02, 1.181067E+02, 3.473726E+00, 4.536165E+00, 2.360171E+01,-8.597144E+01, 1.326440E+02, 1.127724E+01, 9.224122E+00, 4.386114E+00,2, 0.000000E+00,9, 2.710227E+00,0, 0.000000E+00,1, 5.383955E-01, 5.383955E-01, 5.383955E-01,2, 0.000000E+00,1,mc_qqps,35
-21023,1488,20227,223423,94C2, 9.125000E+01,24,10,34,24,10, 1.626392E+01, 3.505178E+00, 2.404210E+00, 3.792936E+01, 3.734618E+01, 1.556091E+00, 2.573824E+01, 6.271508E+00, 1.862325E+00, 5.159998E+01, 3.436847E+01, 9.646948E+00, 1.927675E+00,8, 2.398376E+01,1, 0.000000E+00,0, 0.000000E+00,5, 6.089705E+00, 4.439072E-01, 1.831089E+00,NULL,NULL,1,mc_qqps,35
-21023,1489,20227,223435,94C2, 9.125000E+01,26,15,41,26,15,-2.171052E+00, 6.896749E+00, 2.184437E+00, 3.250836E+01, 3.190160E+01, 1.226985E+00, 9.280233E-01, 1.188363E+01, 5.420329E+00, 7.261939E+01, 2.919644E+01, 3.454710E+01, 2.056588E+00,15, 3.657894E+00,0, 0.000000E+00,0, 0.000000E+00,13, 3.775881E+01, 4.084650E-01, 1.161735E+01,NULL,NULL,1,mc_qqps,35
-21023,1490,20227,223449,94C2, 9.125000E+01,25,9,34,25,9, 2.031700E+01,-1.726461E+00,-2.012796E+01, 6.553681E+01, 6.509970E+01, 2.603988E+00,-9.360657E+00,-6.749045E-01, 7.583883E+00, 1.168456E+02, 5.591861E+01, 5.072853E+01, 5.803174E-01,10, 1.239628E+01,0, 0.000000E+00,0, 0.000000E+00,6, 4.356665E+01, 8.538833E-01, 3.674998E+01,NULL,NULL,1,mc_qqps,35
-21023,1491,20227,223501,94C2, 9.125000E+01,13,27,40,13,27,-3.019154E+00,-3.735680E+00, 8.773963E+00, 1.794456E+01, 1.778114E+01, 1.367780E+00,-2.116335E+00,-1.559440E+00, 3.091703E+00, 7.155134E+01, 1.047867E+01, 3.625027E+01, 1.589962E+01,2, 0.000000E+00,23, 8.318360E+00,0, 0.000000E+00,2, 2.171875E+00, 7.071362E-01, 1.464739E+00,1, 0.000000E+00,0,mc_qqps,35
-21023,1492,20227,223519,94C2, 9.125000E+01,24,7,31,24,7, 5.487679E+00,-1.228556E+01, 3.762893E+00, 7.092719E+01, 7.060508E+01, 2.941878E+00, 8.139825E+00,-1.007356E+01, 2.244817E+00, 8.136742E+01, 6.167759E+01, 8.800767E+00, 0.000000E+00,13, 1.322692E+01,0, 0.000000E+00,0, 0.000000E+00,6, 9.385103E+00, 5.337412E-01, 3.444949E+00,1, 0.000000E+00,1,mc_qqps,35
-21023,1493,20227,223532,94C2, 9.125000E+01,53,17,70,53,17,-3.474334E-02, 1.620135E+00, 8.661414E-02, 6.840865E+01, 6.690400E+01, 1.262340E+00, 5.612789E-01, 1.627968E+00, 2.194253E+00, 9.150874E+01, 6.068243E+01, 1.861586E+01, 3.685451E+00,11, 3.446661E+00,4, 0.000000E+00,0, 0.000000E+00,5, 7.992877E+00, 4.890974E-01, 3.612048E+00,NULL,NULL,1,mc_qqps,35
-21023,1494,20227,223556,94C2, 9.125000E+01,16,15,31,16,15,-7.418501E+00,-9.249421E+00,-1.874565E-01, 2.971572E+01, 2.933825E+01, 1.833640E+00,-2.251830E+01,-2.256411E+01, 4.810902E-01, 6.450404E+01, 2.887742E+01, 3.320735E+01, 3.122472E-01,19, 1.538803E+01,0, 0.000000E+00,0, 0.000000E+00,13, 3.432771E+01, 8.529356E-01, 7.038500E+00,NULL,NULL,1,mc_qqps,35
-21023,1495,20227,223606,94C2, 9.125000E+01,23,12,35,23,12,-2.369760E+00, 1.351882E+01, 3.261719E+00, 6.541072E+01, 6.512284E+01, 2.831428E+00,-1.435038E+00, 3.424459E+00, 2.472122E+00, 9.615976E+01, 5.356485E+01, 2.027963E+01, 0.000000E+00,15, 6.027044E+00,4, 0.000000E+00,0, 0.000000E+00,8, 2.553768E+01, 5.641252E-01, 9.121564E+00,1, 0.000000E+00,1,mc_qqps,35
-21023,1496,20227,223618,94C2, 9.125000E+01,31,14,45,31,14, 5.283408E-02,-2.015941E-01,-4.219402E+01, 7.500973E+01, 7.426070E+01, 2.395507E+00,-2.273231E-01,-1.418267E+00,-3.814343E+01, 9.750717E+01, 7.791971E+00, 1.383219E+01, 8.665255E+00,0, 0.000000E+00,15, 2.716455E+01,0, 0.000000E+00,NULL,NULL,NULL,NULL,2, 0.000000E+00,0,mc_qqps,35
-21023,1497,20227,223632,94C2, 9.125000E+01,11,14,25,11,14,-5.320514E+00,-6.450348E+00, 6.136732E+00, 5.280390E+01, 5.275063E+01, 4.795512E+00,-1.087181E+01,-1.373495E+01, 1.224729E+01, 7.177611E+01, 5.306644E+01, 1.674386E+01, 9.877565E-01,16, 4.920610E+00,0, 0.000000E+00,0, 0.000000E+00,13, 1.798446E+01, 3.483421E-01, 3.612823E+00,NULL,NULL,1,mc_qqps,35
-21023,1498,20227,223643,94C2, 9.125000E+01,18,9,27,18,9, 2.332136E+00, 1.225952E+00, 5.393959E+00, 5.978176E+01, 5.954798E+01, 3.308221E+00,-1.144924E+01, 6.028227E+00, 6.477204E+00, 9.605508E+01, 5.922316E+01, 2.787116E+01, 8.402150E+00,9, 5.858101E+00,0, 0.000000E+00,0, 0.000000E+00,5, 1.497997E+01, 6.488110E-01, 9.725108E+00,NULL,NULL,1,mc_qqps,35
-21023,1499,20227,223658,94C2, 9.125000E+01,34,25,59,34,25, 2.108310E-01,-1.311054E+01,-5.224284E+00, 5.645468E+01, 5.585080E+01, 1.642671E+00, 1.939260E-01,-3.346367E+00,-6.496907E-01, 8.633884E+01, 5.323714E+01, 2.518567E+01, 2.415622E-01,26, 4.858778E+00,1, 0.000000E+00,0, 0.000000E+00,20, 2.581215E+01, 4.957752E-01, 2.826227E+00,NULL,NULL,1,mc_qqps,35
-21023,1500,20227,223716,94C2, 9.125000E+01,35,21,56,35,21, 9.158171E-01, 1.102822E+01, 8.374175E+01, 1.566950E+02, 1.562622E+02, 4.464633E+00,-5.154490E-02, 8.659931E+00, 7.635297E+01, 1.731545E+02, 5.308233E+00, 1.439021E+01, 2.256763E-01,2, 0.000000E+00,19, 1.048540E+01,0, 0.000000E+00,2, 3.339582E+00, 1.495956E+00, 1.843626E+00,2, 0.000000E+00,0,mc_qqps,35
-21023,1501,20227,223729,94C2, 9.125000E+01,26,15,41,26,15, 4.633504E+00,-3.696953E+00,-9.925873E+01, 1.755258E+02, 1.750921E+02, 6.734312E+00, 2.434276E+00,-2.999739E+00,-9.669757E+01, 1.888951E+02, 5.961362E+01, 1.303294E+01, 3.363822E-01,3, 0.000000E+00,12, 5.418620E+00,0, 0.000000E+00,3, 2.454504E+00, 4.649685E-01, 1.307949E+00,1, 0.000000E+00,1,mc_qqps,35
-21023,1502,20227,223743,94C2, 9.125000E+01,40,10,50,40,10,-1.152096E+01, 8.165135E+00,-3.532154E+01, 8.525749E+01, 8.423454E+01, 2.105863E+00,-1.105350E+01, 7.344409E+00,-2.973558E+01, 1.033462E+02, 2.781895E+01, 1.157033E+01, 6.519998E+00,1, 0.000000E+00,13, 3.283517E+00,0, 0.000000E+00,NULL,NULL,NULL,NULL,2, 0.000000E+00,1,mc_qqps,35
-21023,1503,20227,223759,94C2, 9.125000E+01,29,10,39,29,10,-6.572537E+00,-2.645916E+00, 4.504868E+00, 6.189395E+01, 6.141840E+01, 2.117876E+00,-8.222268E+00,-2.232048E+00, 7.273586E+00, 1.013984E+02, 5.841307E+01, 2.707678E+01, 1.242770E+01,11, 1.798678E+00,0, 0.000000E+00,0, 0.000000E+00,8, 2.707678E+01, 9.531176E-01, 9.982369E+00,NULL,NULL,1,mc_qqps,35
-21023,1504,20227,223814,94C2, 9.125000E+01,29,12,41,29,12, 3.861693E-01, 4.688949E-01,-3.413729E+00, 6.257399E+01, 6.203819E+01, 2.139248E+00, 1.320665E+00,-6.000967E+00, 2.737101E+00, 8.211507E+01, 5.675845E+01, 1.786457E+01, 1.684120E+00,7, 0.000000E+00,2, 0.000000E+00,0, 0.000000E+00,6, 1.095379E+01, 6.947750E-01, 3.618760E+00,NULL,NULL,1,mc_qqps,35
-21023,1505,20227,223830,94C2, 9.125000E+01,24,10,34,24,10, 3.219576E+00, 6.578987E+00, 8.436968E+00, 4.349974E+01, 4.297716E+01, 1.790715E+00,-3.282062E+00,-1.786896E+00, 5.193073E-02, 5.761891E+01, 3.612370E+01, 4.806028E+00, 3.781655E+00,6, 0.000000E+00,0, 0.000000E+00,0, 0.000000E+00,6, 1.003909E+01, 6.847366E-01, 3.889167E+00,NULL,NULL,1,mc_qqps,35
-21023,1506,20227,223849,94C2, 9.125000E+01,16,14,30,16,14,-3.169809E+00,-5.945882E+00,-1.042226E+00, 4.099651E+01, 4.073773E+01, 2.546108E+00,-1.277437E+01,-2.378210E+01,-2.046591E+00, 1.103102E+02, 3.893064E+01, 6.574596E+01, 1.500893E+00,12, 8.348800E+00,0, 0.000000E+00,0, 0.000000E+00,11, 3.728050E+01, 7.262902E-01, 7.119975E+00,NULL,NULL,1,mc_qqps,35
-21023,1507,20227,223859,94C2, 9.125000E+01,35,23,58,35,23,-3.393717E+00, 6.905758E-01,-6.288669E+00, 6.828823E+01, 6.775475E+01, 1.935850E+00,-3.845959E+00,-6.088079E-01,-8.287519E+00, 8.699505E+01, 2.818363E+01, 1.410009E+01, 4.606718E+00,1, 0.000000E+00,18, 3.545054E+00,0, 0.000000E+00,1, 1.042928E+00, 1.042928E+00, 1.042928E+00,4, 0.000000E+00,1,mc_qqps,35
-21023,1508,20227,223925,94C2, 9.125000E+01,28,16,44,28,16, 5.130485E+00,-3.738229E+00, 5.673756E+00, 3.639979E+01, 3.568052E+01, 1.274304E+00, 1.290112E+01,-7.382201E+00, 9.399404E+00, 6.606744E+01, 2.525416E+01, 1.977222E+01, 2.556822E+00,18, 3.896815E+00,1, 0.000000E+00,0, 0.000000E+00,11, 2.144357E+01, 3.961439E-01, 5.773234E+00,NULL,NULL,1,mc_qqps,35
-21023,1509,20227,223939,94C2, 9.125000E+01,29,20,49,29,20,-2.043237E+00, 3.400765E+00,-4.654090E+00, 4.542015E+01, 4.484283E+01, 1.546304E+00, 2.607398E+00, 3.276176E-01, 3.589988E+00, 7.704599E+01, 2.811580E+01, 2.390110E+01, 5.798187E+00,10, 2.701438E-01,15, 5.108150E+00,0, 0.000000E+00,8, 8.900944E+00, 3.401505E-01, 2.307765E+00,NULL,NULL,1,mc_qqps,35
-21023,1510,20227,223955,94C2, 9.125000E+01,16,7,23,16,7,-2.596264E+00, 1.404479E+01, 1.033117E+01, 6.399561E+01, 6.371041E+01, 3.981901E+00,-2.075339E+00, 9.375587E+00, 7.164981E+00, 8.950507E+01, 5.915982E+01, 1.553459E+01, 0.000000E+00,13, 2.590500E+01,0, 0.000000E+00,0, 0.000000E+00,7, 2.550946E+01, 6.445724E-01, 1.087773E+01,NULL,NULL,1,mc_qqps,35
-21023,1511,20227,224005,94C2, 9.125000E+01,26,12,38,26,12, 1.091215E+01, 4.285497E+00,-7.282796E+00, 6.713632E+01, 6.667890E+01, 2.564573E+00,-5.084207E-01,-1.163051E+00,-9.672964E-02, 9.498571E+01, 5.565494E+01, 1.876971E+01, 0.000000E+00,14, 2.003083E+00,0, 0.000000E+00,0, 0.000000E+00,11, 2.760881E+01, 4.973029E-01, 4.838925E+00,NULL,NULL,1,mc_qqps,35
-21023,1512,20227,224019,94C2, 9.125000E+01,27,25,52,27,25, 3.679999E+01,-6.466209E+01, 1.590682E+02, 2.409470E+02, 2.405223E+02, 8.908233E+00, 3.580099E+01,-7.109514E+01, 1.675208E+02, 2.886951E+02, 4.151316E+01, 3.748717E+01, 1.026082E+01,3, 2.617726E+00,23, 1.559312E+01,0, 0.000000E+00,1, 3.257477E-01, 3.257477E-01, 3.257477E-01,NULL,NULL,1,mc_qqps,35
-21023,1513,20227,224035,94C2, 9.125000E+01,34,11,45,34,11, 3.390825E+00,-2.465280E+00, 2.425587E+01, 8.233675E+01, 8.143979E+01, 2.395288E+00, 4.119937E+00,-1.842655E+00, 2.588256E+01, 9.561123E+01, 1.616463E+00, 1.103358E+01, 1.622852E+00,1, 0.000000E+00,13, 7.374210E+00,0, 0.000000E+00,1, 6.180465E-01, 6.180465E-01, 6.180465E-01,3, 0.000000E+00,0,mc_qqps,35
-21023,1514,20227,224049,94C2, 9.125000E+01,35,11,46,35,11, 1.252089E+01,-8.023707E+00, 1.478245E+00, 7.183898E+01, 7.084719E+01, 2.024205E+00, 3.448846E+00,-5.241781E+00, 2.210981E+00, 8.937189E+01, 6.295506E+01, 1.673403E+01, 7.988909E-01,10, 5.608004E-01,0, 0.000000E+00,0, 0.000000E+00,7, 1.295668E+01, 8.440636E-01, 3.720258E+00,NULL,NULL,1,mc_qqps,35
-21023,1515,20227,224112,94C2, 9.125000E+01,32,10,42,32,10, 4.389902E+00,-8.921677E+00, 4.457177E+00, 7.220995E+01, 7.158695E+01, 2.237092E+00,-7.255077E+00, 1.396343E-01, 3.091332E+00, 9.699413E+01, 6.150335E+01, 2.148830E+01, 0.000000E+00,13, 9.305457E+00,0, 0.000000E+00,0, 0.000000E+00,8, 2.304373E+01, 6.932999E-01, 1.243949E+01,NULL,NULL,1,mc_qqps,35
-21023,1516,20227,224127,94C2, 9.125000E+01,20,14,34,20,14,-3.098906E+01, 7.759328E+00, 6.531585E+00, 6.025113E+01, 5.966208E+01, 2.983104E+00,-2.229031E+01, 4.788198E+00, 4.264320E+00, 1.130167E+02, 2.827872E+01, 3.948639E+01, 3.283694E+00,15, 2.489388E+00,0, 0.000000E+00,0, 0.000000E+00,11, 4.948189E+01, 4.276272E-01, 1.319612E+01,NULL,NULL,1,mc_qqps,35
-21023,1517,20227,224138,94C2, 9.125000E+01,29,3,32,29,3, 2.919726E+01,-6.430859E+00,-9.110749E+00, 8.569482E+01, 8.515418E+01, 2.936351E+00, 2.637149E+01,-5.843041E+00,-7.836037E+00, 9.373774E+01, 7.883693E+01, 5.580622E+00, 2.510214E+00,7, 6.363412E+00,0, 0.000000E+00,0, 0.000000E+00,2, 5.580622E+00, 2.530394E+00, 3.050228E+00,NULL,NULL,1,mc_qqps,35
-21023,1518,20227,224151,94C2, 9.125000E+01,15,2,17,15,2, 1.050086E+00, 1.524999E+00,-3.007368E+00, 4.139248E+01, 4.117501E+01, 2.745001E+00, 1.711980E+01, 2.239450E+01,-1.315971E+01, 6.962459E+01, 4.103246E+01, 2.232512E+01, 0.000000E+00,5, 1.815100E+00,1, 0.000000E+00,0, 0.000000E+00,2, 2.823211E+01, 5.906982E+00, 2.232512E+01,NULL,NULL,1,mc_qqps,35
-21023,1519,20227,224200,94C2, 9.125000E+01,19,16,35,19,16, 1.094738E+01, 6.503265E-01, 7.097939E+00, 5.225230E+01, 5.202280E+01, 2.738042E+00,-4.108121E-01, 1.352559E+00,-1.156505E+00, 9.401195E+01, 4.951749E+01, 2.372760E+01, 1.520037E+01,15, 4.008980E-01,0, 0.000000E+00,0, 0.000000E+00,12, 2.458936E+01, 6.150753E-01, 8.049810E+00,NULL,NULL,1,mc_qqps,35
-21023,1520,20227,224214,94C2, 9.125000E+01,40,10,50,40,10,-1.120629E+00,-1.903034E+00, 2.296730E+01, 1.546448E+02, 1.539179E+02, 3.847948E+00, 1.064856E+00,-1.898231E-01, 1.853691E+01, 1.658897E+02, 5.983033E+01, 1.033665E+01, 9.082420E-01,2, 0.000000E+00,17, 5.085775E+00,0, 0.000000E+00,NULL,NULL,NULL,NULL,NULL,NULL,1,mc_qqps,35
-21023,1521,20227,224231,94C2, 9.125000E+01,30,20,50,30,20,-2.744576E+00, 3.066180E+00,-7.720969E+00, 4.508180E+01, 4.454321E+01, 1.484774E+00,-2.158719E+00, 3.536988E+00,-1.028082E+01, 6.511964E+01, 2.865800E+01, 1.861385E+01, 1.424001E+00,1, 0.000000E+00,18, 1.685836E+00,0, 0.000000E+00,1, 7.071245E-01, 7.071245E-01, 7.071245E-01,3, 0.000000E+00,1,mc_qqps,35
-21023,1522,20227,224253,94C2, 9.125000E+01,32,16,48,32,16, 6.884015E-01,-5.588501E+00, 3.816792E+01, 9.876492E+01, 9.833546E+01, 3.072983E+00, 3.146806E+00,-7.498343E+00, 3.263060E+01, 1.249067E+02, 5.267536E+01, 1.132846E+01, 1.485267E+01,5, 0.000000E+00,15, 8.465806E+00,0, 0.000000E+00,2, 2.756219E+00, 7.819872E-01, 1.974232E+00,NULL,NULL,1,mc_qqps,35
-21023,1523,20227,224309,94C2, 9.125000E+01,30,13,43,30,13, 6.654642E+00,-4.762380E+00, 1.187392E+01, 5.355988E+01, 5.293627E+01, 1.764542E+00,-3.322473E+00, 6.371287E-01,-6.505576E+00, 8.279913E+01, 4.747930E+01, 2.714945E+01, 9.878080E-01,3, 0.000000E+00,10, 0.000000E+00,0, 0.000000E+00,3, 2.519261E+00, 5.287004E-01, 1.417278E+00,2, 0.000000E+00,1,mc_qqps,35
-21023,1524,20227,224325,94C2, 9.125000E+01,27,8,35,27,8, 6.192008E+00, 8.922867E+00, 6.269762E+00, 6.678698E+01, 6.623206E+01, 2.453039E+00, 3.972178E+00, 1.592529E+00, 1.989115E+00, 8.564024E+01, 6.425474E+01, 2.555032E+00, 1.549538E+01,9, 2.894044E-01,0, 0.000000E+00,0, 0.000000E+00,4, 3.453506E+00, 6.457385E-01, 9.848239E-01,NULL,NULL,1,mc_qqps,35
-21023,1525,20227,224339,94C2, 9.125000E+01,39,24,63,39,24, 4.291597E+00,-6.828250E+00, 3.651366E-01, 4.800716E+01, 4.713159E+01, 1.208502E+00, 2.538509E+00,-3.447554E+00,-3.862465E+00, 9.485568E+01, 3.903868E+01, 3.416552E+01, 1.376633E+00,21, 6.908090E+00,3, 0.000000E+00,0, 0.000000E+00,17, 3.825813E+01, 3.184959E-01, 1.297746E+01,NULL,NULL,1,mc_qqps,35
-21023,1526,20227,224356,94C2, 9.125000E+01,21,7,28,21,7, 8.803430E-02,-1.082915E+00,-7.293736E-01, 6.599687E+01, 6.576531E+01, 3.131681E+00, 1.360615E+00, 5.406917E+00,-3.628573E-01, 8.636792E+01, 4.216331E+01, 1.415698E+01, 2.358445E+00,14, 1.397738E+00,0, 0.000000E+00,0, 0.000000E+00,6, 1.806539E+01, 7.626331E-01, 7.410992E+00,NULL,NULL,1,mc_qqps,35
-21023,1527,20227,224408,94C2, 9.125000E+01,31,14,45,31,14, 1.516702E+01,-3.818995E+00,-1.696788E+01, 5.445054E+01, 5.394453E+01, 1.740146E+00,-6.428673E-01,-4.091519E-01, 7.271504E-02, 8.661594E+01, 4.334240E+01, 2.861808E+01, 1.139504E+00,12, 2.102695E+00,5, 7.839189E-01,0, 0.000000E+00,9, 2.888225E+01, 4.655642E-01, 2.220710E+01,NULL,NULL,1,mc_qqps,35
-21023,1528,20227,224424,94C2, 9.125000E+01,43,13,56,43,13, 1.241231E+01,-1.223694E+01,-1.187347E+00, 4.396396E+01, 4.272691E+01, 9.936489E-01, 2.286916E+00,-1.464609E+00, 1.137032E+00, 9.089915E+01, 3.834893E+01, 1.247294E+01, 2.923917E+01,16, 2.694140E+00,0, 0.000000E+00,0, 0.000000E+00,7, 1.243304E+01, 4.979486E-01, 3.293310E+00,NULL,NULL,1,mc_qqps,35
-21023,1529,20227,224443,94C2, 9.125000E+01,46,20,66,46,20, 5.772305E+00, 6.956846E+00,-1.566218E+00, 5.625632E+01, 5.461823E+01, 1.187353E+00,-1.803903E+00,-5.687181E+00,-1.408871E+00, 1.004301E+02, 4.100624E+01, 2.399175E+01, 1.478134E+01,23, 1.002371E+01,0, 0.000000E+00,0, 0.000000E+00,13, 2.561536E+01, 6.060479E-01, 3.649178E+00,NULL,NULL,1,mc_qqps,35
-21023,1530,20227,224506,94C2, 9.125000E+01,25,13,38,25,13,-3.330733E-01,-1.786886E+00,-1.104895E+00, 4.298761E+01, 4.246567E+01, 1.698627E+00, 7.500744E-01, 1.490803E+00,-8.323993E-01, 6.713194E+01, 4.045104E+01, 2.258673E+01, 0.000000E+00,16, 4.761670E+00,0, 0.000000E+00,0, 0.000000E+00,11, 1.383067E+01, 4.573213E-01, 2.421077E+00,NULL,NULL,1,mc_qqps,35
-21023,1531,20227,224524,94C2, 9.125000E+01,25,15,40,25,15, 1.925193E+01,-1.329567E+01,-1.158389E+01, 4.786608E+01, 4.735358E+01, 1.894143E+00, 1.281866E+01,-1.022633E+01,-7.158419E+00, 9.491885E+01, 4.544735E+01, 1.939229E+01, 2.160610E+01,16, 1.119350E+01,0, 0.000000E+00,0, 0.000000E+00,12, 2.565008E+01, 5.190099E-01, 8.816361E+00,NULL,NULL,1,mc_qqps,35
-21023,1532,20227,224536,94C2, 9.125000E+01,27,16,43,27,16,-2.290941E+00,-5.747203E-01, 2.785417E+00, 7.606834E+01, 7.559966E+01, 2.799988E+00,-7.490578E+00, 2.247779E+00,-3.877650E+00, 9.545184E+01, 7.211501E+01, 1.759163E+01, 1.791863E+00,4, 3.323647E-02,9, 1.731297E+00,0, 0.000000E+00,3, 1.027351E+01, 1.557232E+00, 4.544659E+00,NULL,NULL,1,mc_qqps,35
-21023,1533,20227,224552,94C2, 9.125000E+01,26,13,39,26,13, 7.049692E-01,-3.319167E+00, 2.339411E-02, 6.016203E+01, 5.968423E+01, 2.295547E+00,-2.155300E+00, 1.080145E+01,-9.165854E+00, 8.595000E+01, 5.748314E+01, 1.445278E+01, 9.891386E+00,13, 3.281858E+00,2, 0.000000E+00,0, 0.000000E+00,7, 1.375602E+01, 6.458662E-01, 4.434153E+00,NULL,NULL,1,mc_qqps,35
-21023,1534,20227,224606,94C2, 9.125000E+01,30,18,48,30,18, 1.028893E+01,-2.518852E+00, 1.035244E+00, 5.160957E+01, 5.111572E+01, 1.703857E+00, 9.005524E-01, 1.960615E-01, 6.316041E-01, 9.201984E+01, 4.481401E+01, 3.927973E+01, 1.256805E+00,19, 2.159687E+00,0, 0.000000E+00,0, 0.000000E+00,15, 3.906255E+01, 4.119138E-01, 1.738678E+01,NULL,NULL,1,mc_qqps,35
-21023,1535,20227,224621,94C2, 9.125000E+01,39,12,51,39,12, 2.531265E+00,-8.943034E+00,-2.239793E+01, 7.023716E+01, 6.950810E+01, 1.782259E+00, 1.332766E+00,-7.334682E+00,-1.637546E+01, 8.954014E+01, 4.678708E+01, 1.930297E+01, 0.000000E+00,0, 0.000000E+00,16, 5.303419E+00,0, 0.000000E+00,NULL,NULL,NULL,NULL,1, 0.000000E+00,1,mc_qqps,35
-21023,1536,20227,224638,94C2, 9.125000E+01,38,21,59,38,21,-7.500096E+00,-4.359788E+00,-2.667940E+00, 6.292977E+01, 6.186385E+01, 1.627996E+00,-7.134900E+00,-1.982407E+00,-2.276115E+00, 8.810896E+01, 5.869834E+01, 2.414333E+01, 1.035866E+00,25, 5.658592E+00,1, 0.000000E+00,0, 0.000000E+00,17, 2.291020E+01, 5.140728E-01, 3.209385E+00,NULL,NULL,1,mc_qqps,35
-21023,1537,20227,224656,94C2, 9.125000E+01,29,12,41,29,12,-1.187480E+01,-8.264882E+00, 4.281587E+00, 7.278585E+01, 7.231162E+01, 2.493504E+00,-6.134792E+00,-3.102915E+00, 1.919800E+00, 8.442979E+01, 6.061511E+01, 8.446902E+00, 1.361371E+00,16, 6.351776E+00,0, 0.000000E+00,0, 0.000000E+00,8, 9.035976E+00, 4.141770E-01, 3.621697E+00,NULL,NULL,1,mc_qqps,35
-21023,1538,20227,224713,94C2, 9.125000E+01,30,8,38,30,8,-7.203101E-01, 4.478828E+00, 2.499540E+00, 6.981641E+01, 6.901548E+01, 2.300516E+00, 1.908270E-01, 3.171809E+00, 1.282498E+00, 8.107501E+01, 6.568620E+01, 1.125860E+01, 0.000000E+00,11, 9.610451E+00,1, 0.000000E+00,0, 0.000000E+00,3, 6.134801E+00, 4.140306E-01, 4.705279E+00,NULL,NULL,1,mc_qqps,35
-21023,1539,20227,224727,94C2, 9.125000E+01,48,15,63,48,15,-3.879546E+01, 1.987506E+01,-1.730205E+02, 2.537667E+02, 2.528058E+02, 5.266788E+00,-3.529994E+01, 1.766181E+01,-1.679534E+02, 2.756277E+02, 3.988991E+01, 1.434112E+01, 5.882849E+00,5, 1.689362E-01,15, 8.076000E-01,0, 0.000000E+00,3, 2.594269E+00, 6.067069E-01, 1.031906E+00,1, 0.000000E+00,1,mc_qqps,35
-21023,1540,20227,224746,94C2, 9.125000E+01,34,13,47,34,13, 3.356247E+00,-5.041866E+00, 3.782396E+01, 5.333339E+01, 5.269246E+01, 1.549778E+00, 4.105929E+00,-3.585738E+00, 2.560688E+01, 7.555002E+01, 3.390892E+01, 2.128346E+01, 5.003691E-01,2, 0.000000E+00,12, 1.246296E+00,0, 0.000000E+00,2, 1.360199E+00, 4.327971E-01, 9.274019E-01,3, 0.000000E+00,1,mc_qqps,35
-21023,1541,20227,224807,94C2, 9.125000E+01,24,18,42,24,18,-1.779419E+00,-6.533024E+00,-3.508439E+00, 6.217074E+01, 6.170414E+01, 2.571006E+00, 1.299211E+01, 1.059255E+01, 5.656257E+00, 1.343003E+02, 5.937608E+01, 2.093812E+01, 4.993410E+01,16, 2.510367E+00,1, 3.246741E-01,0, 0.000000E+00,11, 1.965940E+01, 4.847116E-01, 7.350072E+00,NULL,NULL,1,mc_qqps,35
-21023,1542,20227,224821,94C2, 9.125000E+01,32,11,43,32,11,-2.580695E+00,-1.024934E+00,-5.058114E+00, 4.871972E+01, 4.790387E+01, 1.496996E+00,-6.206169E-01,-2.920496E+00,-6.857331E+00, 6.494150E+01, 3.797294E+01, 6.347759E+00, 9.655143E+00,4, 6.504567E-02,7, 0.000000E+00,0, 0.000000E+00,1, 5.909701E-01, 5.909701E-01, 5.909701E-01,NULL,NULL,1,mc_qqps,35
-21023,1543,20227,224839,94C2, 9.125000E+01,35,7,42,35,7,-5.214464E+00, 1.582111E+01, 2.982136E+00, 5.162251E+01, 5.075049E+01, 1.450014E+00,-3.539935E+00, 3.857763E-01, 1.496970E+00, 7.670931E+01, 4.443090E+01, 2.097129E+00, 1.160616E+00,8, 0.000000E+00,0, 0.000000E+00,0, 0.000000E+00,5, 2.371664E+01, 6.588359E-01, 1.783668E+01,NULL,NULL,1,mc_qqps,35
-21023,1544,20227,224851,94C2, 9.125000E+01,10,14,24,10,14, 4.511838E+00, 1.249249E+01, 4.603130E+00, 3.207690E+01, 3.200677E+01, 3.200677E+00, 1.666947E-01, 4.456613E+00, 2.019118E+00, 8.724642E+01, 3.154824E+01, 4.041950E+01, 1.475131E+01,15, 1.599132E+01,0, 0.000000E+00,0, 0.000000E+00,11, 4.041821E+01, 1.009544E+00, 8.514596E+00,NULL,NULL,1,mc_qqps,35
-21023,1545,20227,224901,94C2, 9.125000E+01,36,19,55,36,19, 1.044743E+00, 3.403376E+00,-4.328062E+00, 5.947409E+01, 5.878416E+01, 1.632893E+00,-5.380002E+00, 4.726265E+00,-1.443683E+01, 8.532533E+01, 4.608292E+01, 2.526224E+01, 5.889956E-01,11, 1.564704E+00,7, 0.000000E+00,0, 0.000000E+00,6, 6.851102E+00, 6.034325E-01, 2.048476E+00,1, 0.000000E+00,1,mc_qqps,35
-21023,1546,20227,224918,94C2, 9.125000E+01,28,17,45,28,17, 8.742763E+00,-9.318464E+00, 7.166662E+00, 3.833424E+01, 3.786300E+01, 1.352250E+00,-3.928903E+00, 1.217224E+01,-1.155412E+01, 8.569971E+01, 3.518607E+01, 2.832387E+01, 1.904316E+01,15, 4.287571E-01,0, 0.000000E+00,0, 0.000000E+00,12, 2.661039E+01, 4.213043E-01, 5.948684E+00,NULL,NULL,1,mc_qqps,35
-21023,1547,20227,224933,94C2, 9.125000E+01,15,10,25,15,10, 4.496968E+00, 8.777472E+00, 5.501490E+00, 3.963942E+01, 3.941079E+01, 2.627386E+00, 1.748297E+00, 3.912866E+00, 3.489318E+00, 8.546835E+01, 3.817877E+01, 2.765977E+01, 1.816915E+01,9, 1.083874E+00,0, 0.000000E+00,0, 0.000000E+00,7, 2.406699E+01, 6.247327E-01, 1.662838E+01,NULL,NULL,1,mc_qqps,35
-21023,1548,20227,224946,94C2, 9.125000E+01,35,18,53,35,18,-9.103518E+00, 1.224792E-01,-7.234128E+00, 9.571317E+01, 9.510236E+01, 2.717210E+00,-4.916208E+00,-7.759480E-01,-1.672136E+01, 1.117406E+02, 5.523664E+01, 9.726848E+00, 6.353285E+00,2, 0.000000E+00,16, 2.033510E+00,0, 0.000000E+00,1, 4.379699E-01, 4.379699E-01, 4.379699E-01,1, 0.000000E+00,1,mc_qqps,35
-21023,1549,20227,225006,94C2, 9.125000E+01,35,10,45,35,10,-4.428567E+00,-6.832843E+00, 2.008104E+00, 7.200311E+01, 7.142589E+01, 2.040740E+00,-2.708697E-01, 6.612754E-01, 1.805579E+00, 8.923757E+01, 6.448556E+01, 7.898352E+00, 8.034105E+00,15, 6.180013E+00,0, 0.000000E+00,0, 0.000000E+00,7, 8.911754E+00, 5.217009E-01, 2.440722E+00,NULL,NULL,1,mc_qqps,35
-21023,1550,20227,225022,94C2, 9.125000E+01,35,12,47,35,12,-3.783788E+00,-6.653319E+00, 9.623363E+00, 4.443281E+01, 4.367862E+01, 1.247960E+00, 5.118068E-01,-1.883956E+00,-4.220315E+00, 6.834223E+01, 3.523533E+01, 2.257622E+00, 2.039181E+01,4, 0.000000E+00,6, 0.000000E+00,0, 0.000000E+00,3, 1.978649E+00, 3.898681E-01, 9.281692E-01,NULL,NULL,1,mc_qqps,35
-21023,1551,20227,225039,94C2, 9.125000E+01,31,14,45,31,14,-3.566416E+00,-9.770494E+00, 2.743940E+00, 7.225687E+01, 7.187181E+01, 2.318445E+00,-1.044816E+00, 5.566048E-01,-8.668968E-01, 9.861398E+01, 6.309157E+01, 2.343351E+01, 6.681331E-01,17, 4.569016E+00,0, 0.000000E+00,0, 0.000000E+00,10, 1.709998E+01, 5.360521E-01, 4.609825E+00,NULL,NULL,1,mc_qqps,35
-21023,1552,20227,225053,94C2, 9.125000E+01,14,7,21,14,7, 6.549475E+00,-6.539398E+00,-5.277538E+00, 7.143530E+01, 7.130017E+01, 5.092869E+00, 6.706406E+00,-5.744666E+00,-5.285498E+00, 7.977366E+01, 6.504612E+01, 3.574483E+00, 9.206277E-01,8, 2.073357E+00,0, 0.000000E+00,0, 0.000000E+00,4, 7.417731E+00, 6.112483E-01, 3.843248E+00,NULL,NULL,1,mc_qqps,35
-21023,1553,20227,225104,94C2, 9.125000E+01,30,12,42,30,12,-5.116328E+00, 8.793108E+00, 2.521986E+00, 7.246925E+01, 7.175227E+01, 2.391742E+00, 1.986053E+00, 4.266959E-01,-1.211333E+00, 1.010755E+02, 6.396433E+01, 2.064001E+01, 2.973534E+00,14, 1.940501E+00,0, 0.000000E+00,0, 0.000000E+00,9, 2.110729E+01, 5.804245E-01, 6.837459E+00,NULL,NULL,1,mc_qqps,35
-21023,1554,20227,225116,94C2, 9.125000E+01,23,20,43,23,20, 5.560299E+00, 7.558830E+00, 5.258081E+00, 3.078023E+01, 2.993270E+01, 1.301422E+00, 1.600254E+00, 6.568012E-01, 2.977826E+00, 7.033788E+01, 2.356733E+01, 2.568207E+01, 1.387646E+01,5, 0.000000E+00,8, 4.576536E-01,0, 0.000000E+00,5, 1.773883E+01, 9.823077E-01, 1.054769E+01,4, 0.000000E+00,1,mc_qqps,35
-21023,1555,20227,225134,94C2, 9.125000E+01,27,18,45,27,18,-3.187093E+00,-2.588804E+00, 6.776108E+00, 6.473189E+01, 6.438639E+01, 2.384681E+00, 3.098793E+00, 1.687546E+00,-3.428418E+00, 9.510373E+01, 5.248327E+01, 2.056674E+01, 8.912020E+00,5, 0.000000E+00,15, 3.447945E+00,0, 0.000000E+00,3, 2.313486E+00, 5.742787E-01, 9.959961E-01,1, 0.000000E+00,1,mc_qqps,35
-21023,1556,20227,225151,94C2, 9.125000E+01,35,11,46,35,11,-1.332938E+01, 8.327296E-01, 2.983469E+00, 8.165349E+01, 8.067436E+01, 2.304982E+00, 3.895669E+00, 1.806324E+00, 3.829180E+00, 1.131886E+02, 6.547425E+01, 1.012285E+01, 2.009544E+01,11, 2.551731E-01,1, 0.000000E+00,0, 0.000000E+00,7, 7.764697E+00, 5.276063E-01, 2.387858E+00,NULL,NULL,1,mc_qqps,35
-21023,1557,20227,225210,94C2, 9.125000E+01,32,14,46,32,14,-1.272597E+01,-4.303749E+00, 6.721735E+00, 8.275381E+01, 8.207779E+01, 2.564931E+00,-1.326976E+01,-4.269526E+00, 6.529424E+00, 1.059167E+02, 6.920737E+01, 1.994848E+01, 0.000000E+00,18, 7.132465E-01,0, 0.000000E+00,0, 0.000000E+00,14, 2.316290E+01, 4.808743E-01, 5.801803E+00,NULL,NULL,1,mc_qqps,35
-21023,1558,20227,225224,94C2, 9.125000E+01,29,13,42,29,13, 4.855141E+00, 8.230428E+00,-1.444591E+01, 6.304263E+01, 6.233388E+01, 2.149444E+00,-3.864315E-01, 3.888381E+00,-7.927871E+00, 8.400405E+01, 5.779359E+01, 9.011482E+00, 1.080549E+01,6, 5.566601E-01,7, 0.000000E+00,0, 0.000000E+00,4, 5.514997E+00, 7.769081E-01, 1.875839E+00,NULL,NULL,1,mc_qqps,35
-21023,1559,20227,225236,94C2, 9.125000E+01,44,10,54,44,10,-4.294209E+00,-3.274072E+00,-2.972302E-01, 5.752695E+01, 5.666545E+01, 1.287851E+00,-3.840540E+00, 2.683818E+00, 6.665266E-02, 9.288873E+01, 4.262949E+01, 3.418110E+01, 1.188921E+00,12, 5.148674E-01,0, 0.000000E+00,0, 0.000000E+00,6, 3.049358E+01, 4.484621E-01, 1.344268E+01,NULL,NULL,1,mc_qqps,35
-21023,1560,20227,225253,94C2, 9.125000E+01,37,8,45,37,8,-1.074962E+01,-4.541403E+00, 1.270258E+00, 6.370103E+01, 6.306320E+01, 1.704411E+00,-9.512354E-01, 2.596896E+00, 3.272609E+00, 8.932236E+01, 5.064339E+01, 9.320346E+00, 1.630097E+01,13, 1.008040E+01,0, 0.000000E+00,0, 0.000000E+00,5, 7.582632E+00, 5.411486E-01, 3.322164E+00,NULL,NULL,1,mc_qqps,35
-21023,1561,20227,225310,94C2, 9.125000E+01,25,24,49,25,24, 3.473322E+00, 6.713553E-01, 1.389459E+00, 2.309611E+01, 2.268737E+01, 9.074949E-01, 3.822960E+00, 8.419553E-01, 2.677355E+00, 4.359845E+01, 1.110275E+01, 1.895157E+01, 1.550759E+00,0, 0.000000E+00,20, 4.507554E+00,0, 0.000000E+00,NULL,NULL,NULL,NULL,4, 0.000000E+00,0,mc_qqps,35
-21023,1562,20227,225326,94C2, 9.125000E+01,23,10,33,23,10,-6.655440E+00,-1.760971E+00,-9.238720E-06, 5.562164E+01, 5.527477E+01, 2.403251E+00, 4.317747E+00, 1.258514E+00, 5.104707E-01, 9.616862E+01, 5.375474E+01, 1.190445E+01, 2.800980E+01,9, 3.658324E+00,1, 0.000000E+00,0, 0.000000E+00,6, 1.225640E+01, 4.535077E-01, 5.292704E+00,NULL,NULL,1,mc_qqps,35
-21023,1563,20227,225338,94C2, 9.125000E+01,33,9,42,33,9,-4.284022E+00, 3.303012E+00,-4.880481E+00, 8.567365E+01, 8.484340E+01, 2.571012E+00, 1.864279E+01,-1.061374E+01, 1.049103E+01, 1.168227E+02, 6.798829E+01, 1.566607E+01, 1.344181E+01,13, 6.852940E+00,0, 0.000000E+00,0, 0.000000E+00,7, 1.190581E+01, 3.219702E-01, 3.421474E+00,NULL,NULL,1,mc_qqps,35
-21023,1564,20227,225353,94C2, 9.125000E+01,33,9,42,33,9, 6.429483E+00,-1.072017E+01,-6.635299E+00, 7.673643E+01, 7.600023E+01, 2.303037E+00, 4.440298E+00,-7.053765E+00,-4.696177E+00, 9.049068E+01, 7.086140E+01, 4.165578E+00, 2.944911E+00,12, 1.063093E+01,0, 0.000000E+00,0, 0.000000E+00,5, 1.052369E+01, 4.999732E-01, 3.868840E+00,NULL,NULL,1,mc_qqps,35
-21023,1565,20227,225407,94C2, 9.125000E+01,26,21,47,26,21, 5.551009E+00,-6.717114E-01,-1.545366E+01, 4.314166E+01, 4.274488E+01, 1.644034E+00, 3.819877E+00, 4.246064E-01,-1.377107E+01, 6.936976E+01, 3.388195E+01, 1.950254E+01, 6.062827E+00,7, 0.000000E+00,12, 3.250426E+00,0, 0.000000E+00,7, 5.423727E+00, 5.689885E-01, 1.068743E+00,2, 0.000000E+00,1,mc_qqps,35
-21023,1566,20227,225422,94C2, 9.125000E+01,16,12,28,16,12, 2.901891E+00, 1.856103E+01, 2.147144E+00, 5.794961E+01, 5.776320E+01, 3.610200E+00, 3.859372E+00, 1.652454E+01, 2.417199E+00, 7.999797E+01, 5.518980E+01, 3.788017E+00, 1.012072E+01,13, 2.478655E+00,0, 0.000000E+00,0, 0.000000E+00,8, 1.201486E+01, 4.723368E-01, 6.529008E+00,NULL,NULL,1,mc_qqps,35
-21023,1567,20227,225434,94C2, 9.125000E+01,37,19,56,37,19,-3.998641E+00, 5.670063E+00, 1.647995E+00, 6.321200E+01, 6.269761E+01, 1.694530E+00,-3.765450E+00, 6.791240E+00, 2.408798E+00, 9.366838E+01, 5.661298E+01, 2.622737E+01, 3.363410E+00,12, 0.000000E+00,5, 0.000000E+00,0, 0.000000E+00,11, 1.907541E+01, 4.805387E-01, 7.338394E+00,NULL,NULL,1,mc_qqps,35
-21023,1568,20227,225449,94C2, 9.125000E+01,16,5,21,16,5,-2.014596E+00,-4.260518E+00, 2.294019E+00, 8.419058E+01, 8.398957E+01, 5.249348E+00,-1.446357E+00, 1.685976E+00,-5.003548E-02, 1.008850E+02, 7.832137E+01, 0.000000E+00, 1.255372E+01,10, 1.796324E+01,0, 0.000000E+00,0, 0.000000E+00,3, 4.381588E+00, 1.125247E+00, 1.860908E+00,NULL,NULL,1,mc_qqps,35
-21023,1569,20227,225458,94C2, 9.125000E+01,31,18,49,31,18,-2.706848E+00, 4.689565E+00, 3.168692E+00, 5.952695E+01, 5.905301E+01, 1.904936E+00,-7.553139E-01,-1.962085E+00, 8.796095E-01, 8.309604E+01, 5.671503E+01, 2.205041E+01, 0.000000E+00,20, 7.572421E-01,3, 3.043700E-01,0, 0.000000E+00,15, 2.257945E+01, 5.136142E-01, 4.309363E+00,NULL,NULL,1,mc_qqps,35
-21023,1570,20227,225512,94C2, 9.125000E+01,51,10,61,51,10,-1.935336E+01, 6.185637E+00,-9.911352E+00, 4.650074E+01, 4.491743E+01, 8.807340E-01,-1.740087E+01, 6.287809E+00,-1.145847E+01, 7.478918E+01, 3.389212E+01, 1.885214E+01, 9.436292E+00,8, 6.299330E-01,1, 0.000000E+00,0, 0.000000E+00,5, 1.414032E+01, 1.257664E+00, 4.956388E+00,NULL,NULL,1,mc_qqps,35
-21023,1571,20227,225527,94C2, 9.125000E+01,22,12,34,22,12, 1.666236E+00, 1.140575E+01,-2.402755E+00, 4.926750E+01, 4.886227E+01, 2.221012E+00, 8.885407E-02,-3.936787E+00,-2.139224E+00, 8.467630E+01, 3.809186E+01, 1.528755E+01, 1.904743E+01,15, 6.266557E+00,0, 0.000000E+00,0, 0.000000E+00,10, 1.636136E+01, 6.600075E-01, 4.715924E+00,NULL,NULL,1,mc_qqps,35
-21023,1572,20227,225539,94C2, 9.125000E+01,21,13,34,21,13, 3.014566E+00, 2.209633E+00,-1.582097E+01, 4.818969E+01, 4.799923E+01, 2.285677E+00, 2.984573E+00, 2.980292E+00,-1.110263E+01, 6.431498E+01, 1.312930E+01, 1.411910E+01, 2.006185E+00,0, 0.000000E+00,12, 8.162821E-01,0, 0.000000E+00,NULL,NULL,NULL,NULL,3, 0.000000E+00,1,mc_qqps,35
-21023,1573,20227,225558,94C2, 9.125000E+01,26,12,38,26,12,-1.004365E+01, 3.378217E+00,-1.189107E+00, 5.793442E+01, 5.765945E+01, 2.217671E+00,-1.566531E+01, 4.151599E+00,-1.745704E+00, 8.120023E+01, 5.009136E+01, 1.772815E+01, 0.000000E+00,20, 1.230180E+01,0, 0.000000E+00,0, 0.000000E+00,11, 2.222161E+01, 5.128776E-01, 4.094370E+00,NULL,NULL,1,mc_qqps,35
-21023,1574,20227,225617,94C2, 9.125000E+01,30,16,46,30,16, 8.744555E+00,-1.386218E+00,-3.286509E+00, 7.565717E+01, 7.515486E+01, 2.505162E+00,-1.474606E+01, 2.095604E+00, 6.146997E+00, 1.050376E+02, 6.915200E+01, 1.740496E+01, 1.123401E+01,14, 3.944013E+00,0, 0.000000E+00,0, 0.000000E+00,8, 1.171776E+01, 4.678728E-01, 3.839284E+00,NULL,NULL,1,mc_qqps,35
-21023,1575,20227,225636,94C2, 9.125000E+01,25,8,33,25,8,-1.459217E+00, 2.117004E+01, 1.514851E+01, 8.023150E+01, 7.986636E+01, 3.194654E+00, 3.379494E+00, 2.037640E+01, 1.139452E+01, 1.156099E+02, 6.705987E+01, 5.273410E+00, 1.856066E+01,10, 4.684629E+00,0, 0.000000E+00,0, 0.000000E+00,4, 1.643633E+01, 1.074349E+00, 1.163250E+01,NULL,NULL,1,mc_qqps,35
-21023,1576,20227,225648,94C2, 9.125000E+01,24,7,31,24,7,-1.174636E+00,-9.640450E+00,-5.646760E+01, 1.166125E+02, 1.164265E+02, 4.851105E+00,-1.208795E+00,-1.053092E+01,-5.973359E+01, 1.228336E+02, 3.818923E+01, 6.221096E+00, 0.000000E+00,0, 0.000000E+00,12, 2.106312E+01,0, 0.000000E+00,NULL,NULL,NULL,NULL,2, 0.000000E+00,1,mc_qqps,35
-21023,1577,20227,225701,94C2, 9.125000E+01,20,21,41,20,21, 1.702834E+00, 8.198560E+00, 4.050950E+00, 5.024441E+01, 4.991002E+01, 2.495501E+00, 2.537399E+00, 7.063657E+00,-2.967592E+00, 7.533715E+01, 1.446489E+01, 1.644993E+01, 8.642823E+00,4, 7.372455E+00,15, 1.735757E+00,0, 0.000000E+00,2, 1.326801E+00, 5.667598E-01, 7.600408E-01,1, 0.000000E+00,1,mc_qqps,35
-21023,1578,20227,225713,94C2, 9.125000E+01,31,3,34,31,3, 3.751984E-01,-1.792802E+00, 1.086810E+00, 9.381257E+01, 9.339370E+01, 3.012700E+00, 1.115851E+01,-1.704553E+01, 1.102710E+01, 1.149739E+02, 6.783364E+01, 1.995739E+01, 0.000000E+00,14, 7.594786E+00,0, 0.000000E+00,0, 0.000000E+00,2, 2.087308E+00, 8.833734E-01, 1.203934E+00,NULL,NULL,1,mc_qqps,35
-21023,1579,20227,225727,94C2, 9.125000E+01,31,12,43,31,12,-1.954165E+00, 3.712105E+00, 4.320225E+00, 6.323910E+01, 6.283062E+01, 2.026794E+00,-3.330822E+00, 7.947644E+00, 6.548490E+00, 8.055450E+01, 5.249194E+01, 8.679415E+00, 8.730551E+00,6, 3.627226E-01,2, 0.000000E+00,0, 0.000000E+00,3, 6.669592E+00, 1.231359E+00, 3.848222E+00,NULL,NULL,1,mc_qqps,35
-21023,1580,20227,225743,94C2, 9.125000E+01,32,13,45,32,13, 1.352931E+00, 8.307788E+00, 7.985294E+00, 4.805114E+01, 4.730102E+01, 1.478157E+00, 2.641002E+00, 5.479468E+00, 6.292926E+00, 7.178198E+01, 3.923759E+01, 1.994504E+01, 1.091116E+00,3, 6.387550E-02,10, 1.192205E+00,0, 0.000000E+00,2, 2.694684E+00, 6.144289E-01, 2.080255E+00,NULL,NULL,1,mc_qqps,35
-21023,1581,20227,225801,94C2, 9.125000E+01,66,15,81,66,15, 3.467006E+00, 7.652748E+00,-8.480415E-01, 7.831726E+01, 7.655274E+01, 1.159890E+00, 4.096847E+00, 2.232255E+01, 1.928332E-02, 1.045137E+02, 5.340990E+01, 1.216071E+01, 1.092183E+01,17, 9.083008E-01,0, 0.000000E+00,0, 0.000000E+00,10, 1.055484E+01, 4.107196E-01, 2.589278E+00,NULL,NULL,1,mc_qqps,35
-21023,1582,20227,225828,94C2, 9.125000E+01,42,11,53,42,11, 1.748014E+01,-5.974603E+00, 2.968217E+00, 6.466668E+01, 6.321607E+01, 1.505144E+00, 3.655667E+00, 2.394288E+00, 1.217372E+00, 1.087968E+02, 4.753130E+01, 3.805025E+01, 0.000000E+00,13, 1.320191E+00,0, 0.000000E+00,0, 0.000000E+00,10, 4.387683E+01, 5.670633E-01, 1.364800E+01,NULL,NULL,1,mc_qqps,35
-21023,1583,20227,225843,94C2, 9.125000E+01,55,11,66,55,11,-8.184634E+00,-5.595534E+00, 8.007091E+00, 8.167294E+01, 8.059063E+01, 1.465284E+00,-1.336796E+01,-1.022668E+01, 1.625364E+01, 1.027518E+02, 7.021265E+01, 1.406265E+01, 3.068651E+00,12, 1.527753E-01,0, 0.000000E+00,0, 0.000000E+00,6, 8.814795E+00, 4.050007E-01, 2.777134E+00,NULL,NULL,1,mc_qqps,35
-21023,1584,20227,225904,94C2, 9.125000E+01,24,19,43,24,19,-2.053042E+00,-1.594754E+00,-6.728249E+00, 5.506686E+01, 5.456081E+01, 2.273367E+00, 3.302097E-01,-2.332593E-01, 2.294940E-01, 8.796401E+01, 5.220464E+01, 2.088818E+01, 1.245208E+01,12, 6.607028E-01,6, 0.000000E+00,0, 0.000000E+00,10, 1.765823E+01, 5.897955E-01, 4.773442E+00,NULL,NULL,1,mc_qqps,35
-21023,1585,20227,225923,94C2, 9.125000E+01,22,19,41,22,19, 6.610736E-01, 4.575604E-01, 9.865284E-01, 4.948455E+01, 4.908714E+01, 2.231234E+00,-4.409031E+00,-7.211830E+00, 8.808438E+00, 7.767429E+01, 4.503866E+01, 1.335966E+01, 1.392889E+01,8, 4.614050E-02,5, 0.000000E+00,0, 0.000000E+00,7, 9.558743E+00, 4.610540E-01, 2.627158E+00,NULL,NULL,1,mc_qqps,35
-21023,1586,20227,225940,94C2, 9.125000E+01,32,8,40,32,8, 1.554127E+00, 1.472020E+00,-2.060216E+00, 5.809195E+01, 5.724836E+01, 1.789011E+00, 1.593109E+00, 1.285246E+01,-1.351759E+00, 7.271706E+01, 3.905684E+01, 1.301728E+01, 0.000000E+00,11, 8.014224E+00,0, 0.000000E+00,0, 0.000000E+00,7, 1.264284E+01, 5.636116E-01, 4.224432E+00,NULL,NULL,1,mc_qqps,35
-21023,1587,20227,225953,94C2, 9.125000E+01,38,19,57,38,19,-1.233377E+00,-3.917328E-01,-2.073882E+00, 5.051077E+01, 4.982757E+01, 1.311252E+00,-3.725595E+00, 6.376165E+00,-4.193533E+00, 8.440112E+01, 4.471326E+01, 2.497756E+01, 5.390990E+00,21, 4.074484E+00,0, 0.000000E+00,0, 0.000000E+00,14, 2.807455E+01, 3.758982E-01, 9.964221E+00,NULL,NULL,1,mc_qqps,35
-21023,1588,20227,230011,94C2, 9.125000E+01,28,12,40,28,12, 6.310146E+00, 5.624884E-01, 6.942465E-01, 6.774757E+01, 6.730215E+01, 2.403648E+00, 3.449230E+00, 8.507659E-01, 7.294876E-01, 8.285269E+01, 6.428699E+01, 9.721852E+00, 5.000959E+00,17, 1.158877E+01,0, 0.000000E+00,0, 0.000000E+00,7, 8.343534E+00, 4.062582E-01, 3.762989E+00,NULL,NULL,1,mc_qqps,35
-21023,1589,20227,230022,94C2, 9.125000E+01,40,17,57,40,17, 8.809371E-01, 1.956617E+00, 9.141993E-01, 7.878414E+01, 7.820871E+01, 1.955218E+00,-8.931133E-01,-1.194012E+01, 1.712000E+01, 1.150731E+02, 6.787576E+01, 1.063493E+01, 2.155934E+01,12, 3.136283E-01,6, 0.000000E+00,0, 0.000000E+00,8, 1.113468E+01, 3.037881E-01, 3.582051E+00,NULL,NULL,1,mc_qqps,35
-21023,1590,20227,230037,94C2, 9.125000E+01,43,23,66,43,23,-4.809960E+00,-6.379393E-01,-1.103577E+01, 4.563054E+01, 4.476732E+01, 1.041100E+00,-5.988511E-01, 2.693555E+00,-1.933224E+00, 7.643091E+01, 3.146074E+01, 2.514687E+01, 5.653500E+00,5, 0.000000E+00,14, 0.000000E+00,0, 0.000000E+00,4, 3.884602E+00, 4.298831E-01, 2.123436E+00,1, 0.000000E+00,1,mc_qqps,35
-21023,1591,20227,230058,94C2, 9.125000E+01,33,7,40,33,7, 4.729894E+00, 9.106228E+00,-3.566625E+01, 7.586586E+01, 7.522774E+01, 2.279629E+00, 4.258106E+00, 8.282298E+00,-3.387573E+01, 8.175734E+01, 2.212952E+01, 5.891478E+00, 0.000000E+00,0, 0.000000E+00,13, 5.665036E+00,0, 0.000000E+00,NULL,NULL,NULL,NULL,NULL,NULL,1,mc_qqps,35
-21023,1592,20227,230111,94C2, 9.125000E+01,31,11,42,31,11, 4.852198E-01,-1.618533E+01, 1.654173E+01, 5.374856E+01, 5.317760E+01, 1.715406E+00, 8.578582E-01,-5.483140E-01, 4.297668E+00, 7.925282E+01, 4.687522E+01, 4.430892E+00, 1.395147E+01,6, 1.003244E+01,4, 0.000000E+00,0, 0.000000E+00,3, 8.856649E+00, 1.734755E+00, 4.651506E+00,NULL,NULL,1,mc_qqps,35
-21023,1593,20227,230127,94C2, 9.125000E+01,31,12,43,31,12, 6.832926E+00, 4.176939E+00,-2.944322E+00, 5.531412E+01, 5.455288E+01, 1.759770E+00, 1.022040E+01, 4.419526E+00,-3.094943E+00, 7.427650E+01, 5.320996E+01, 1.696536E+01, 1.990123E-01,17, 6.091763E+00,0, 0.000000E+00,0, 0.000000E+00,9, 1.577063E+01, 4.947906E-01, 3.719706E+00,NULL,NULL,1,mc_qqps,35
-21023,1594,20227,230141,94C2, 9.125000E+01,24,8,32,24,8, 2.339077E+01,-9.225910E+00, 9.404975E+00, 6.674888E+01, 6.643855E+01, 2.768273E+00, 6.811146E+00,-1.568370E+00, 4.645567E-01, 1.021513E+02, 5.676704E+01, 1.081086E+01, 2.459151E+01,14, 5.490515E+00,0, 0.000000E+00,0, 0.000000E+00,6, 7.510217E+00, 5.539240E-01, 2.747624E+00,NULL,NULL,1,mc_qqps,35
-21023,1595,20227,230153,94C2, 9.125000E+01,26,10,36,26,10, 4.532919E+00,-2.780931E+00,-1.556271E-02, 6.673713E+01, 6.635677E+01, 2.552183E+00, 2.355035E+00,-1.552050E+00,-1.314634E+00, 1.030594E+02, 6.227132E+01, 3.402448E+01, 2.297797E+00,9, 2.073275E+00,1, 0.000000E+00,0, 0.000000E+00,4, 2.753980E+01, 3.677717E+00, 1.047387E+01,NULL,NULL,1,mc_qqps,35
-21023,1596,20227,230208,94C2, 9.125000E+01,37,21,58,37,21,-7.695336E-01, 4.164494E+00, 4.597153E-01, 6.202335E+01, 6.129510E+01, 1.656624E+00,-8.966556E-02, 5.444677E+00, 2.475502E+00, 9.478820E+01, 5.244199E+01, 3.188134E+01, 2.606799E-01,18, 3.993843E+00,6, 0.000000E+00,0, 0.000000E+00,14, 2.888798E+01, 6.243808E-01, 5.840370E+00,NULL,NULL,1,mc_qqps,35
-21023,1597,20227,230225,94C2, 9.125000E+01,28,18,46,28,18,-7.102208E+00, 8.081485E+00,-2.118575E+01, 5.482290E+01, 5.417356E+01, 1.934770E+00,-5.847299E+00, 7.389238E+00,-1.764132E+01, 6.790646E+01, 5.137590E+01, 8.453413E+00, 3.975450E+00,3, 0.000000E+00,4, 0.000000E+00,0, 0.000000E+00,2, 1.521555E+00, 6.546800E-01, 8.668748E-01,4, 0.000000E+00,1,mc_qqps,35
-21023,1598,20227,230251,94C2, 9.125000E+01,27,9,36,27,9, 1.026544E+00,-2.267409E+00, 1.002908E-01, 7.905723E+01, 7.866526E+01, 2.913528E+00,-1.169638E-01,-5.336216E+00,-2.176847E+00, 9.576265E+01, 4.667237E+01, 6.308332E+00, 4.661034E+00,10, 9.197825E-01,1, 0.000000E+00,0, 0.000000E+00,6, 1.083738E+01, 5.899249E-01, 5.073438E+00,NULL,NULL,1,mc_qqps,35
-21023,1599,20227,230304,94C2, 9.125000E+01,31,13,44,31,13,-4.787481E+00,-2.011699E+01,-3.796073E+01, 7.719255E+01, 7.684631E+01, 2.478913E+00,-6.287143E+00,-2.918649E+01,-5.426161E+01, 1.679513E+02, 5.403193E+01, 8.495023E+01, 5.915122E+00,0, 0.000000E+00,19, 1.073483E+01,0, 0.000000E+00,NULL,NULL,NULL,NULL,NULL,NULL,1,mc_qqps,35
-21023,1600,20227,230320,94C2, 9.125000E+01,40,18,58,40,18, 7.672928E+00,-1.844219E+00, 6.329963E-01, 1.136130E+02, 1.129473E+02, 2.823683E+00,-4.799016E+01, 5.440004E+00, 1.111953E+02, 2.571281E+02, 4.803167E+01, 1.404314E+02, 3.087243E+00,0, 0.000000E+00,23, 9.985859E+00,0, 0.000000E+00,NULL,NULL,NULL,NULL,1, 0.000000E+00,1,mc_qqps,35
-21023,1601,20227,230334,94C2, 9.125000E+01,26,12,38,26,12,-9.386792E+00, 4.046260E+00,-1.231604E+00, 4.868211E+01, 4.828489E+01, 1.857111E+00, 3.835586E-01,-8.967583E-01, 2.058524E+00, 9.116426E+01, 4.577322E+01, 4.069244E+01, 1.929744E+00,15, 8.871885E+00,0, 0.000000E+00,0, 0.000000E+00,8, 4.010700E+01, 5.190070E-01, 2.403137E+01,NULL,NULL,1,mc_qqps,35
-21023,1602,20227,230346,94C2, 9.125000E+01,29,15,44,29,15,-2.710847E+00,-7.548478E-01, 2.257660E+00, 5.262484E+01, 5.188737E+01, 1.789220E+00, 1.245415E+01,-3.038457E+00,-3.151645E+01, 9.478107E+01, 4.322253E+01, 2.514364E+01, 1.710802E+01,2, 0.000000E+00,13, 2.725799E+00,0, 0.000000E+00,2, 1.657961E+00, 5.081497E-01, 1.149811E+00,NULL,NULL,1,mc_qqps,35
-21023,1603,20227,230359,94C2, 9.125000E+01,26,14,40,26,14, 1.429430E+01, 7.682743E+00,-3.007339E+00, 5.370108E+01, 5.337941E+01, 2.053054E+00, 6.986436E+00, 4.832072E+00,-6.725016E+00, 8.297688E+01, 5.135549E+01, 1.649913E+01, 4.728386E+00,14, 1.157681E+00,0, 0.000000E+00,0, 0.000000E+00,9, 2.433880E+01, 6.774725E-01, 8.048281E+00,NULL,NULL,1,mc_qqps,35
-21023,1604,20227,230412,94C2, 9.125000E+01,25,20,45,25,20, 6.508060E+00,-2.827100E+00,-3.336265E+00, 5.033372E+01, 5.007943E+01, 2.003177E+00,-9.797797E-01, 5.803518E-01, 1.379433E+00, 9.532767E+01, 4.675802E+01, 2.712729E+01, 1.279739E+01,19, 5.501793E+00,1, 0.000000E+00,0, 0.000000E+00,12, 2.918894E+01, 4.068516E-01, 1.437071E+01,NULL,NULL,1,mc_qqps,35
-21023,1605,20227,230428,94C2, 9.125000E+01,39,12,51,39,12, 1.604846E+00,-2.005046E+00, 2.770928E+00, 7.177818E+01, 7.098856E+01, 1.820219E+00, 6.977847E-01, 8.308823E-01,-8.975661E-01, 8.364310E+01, 5.790691E+01, 1.037658E+01, 3.717201E-01,8, 1.325452E-01,1, 0.000000E+00,0, 0.000000E+00,6, 6.509836E+00, 5.354567E-01, 1.533015E+00,NULL,NULL,1,mc_qqps,35
-21023,1606,20227,230445,94C2, 9.125000E+01,18,21,39,18,21, 7.618509E+01,-2.140327E+01, 6.633778E+01, 1.569231E+02, 1.567675E+02, 8.709303E+00, 6.757558E+01,-2.328870E+01, 6.200197E+01, 1.980254E+02, 3.988599E+01, 2.766456E+01, 1.343772E+01,13, 8.284822E-02,6, 0.000000E+00,0, 0.000000E+00,12, 1.903187E+01, 4.256025E-01, 5.276641E+00,1, 0.000000E+00,1,mc_qqps,35
-21023,1607,20227,230459,94C2, 9.125000E+01,36,15,51,36,15, 1.236640E+00, 3.966767E+00,-1.530684E+00, 7.696745E+01, 7.636779E+01, 2.121327E+00,-2.068657E-03,-4.981305E+00, 2.151223E+00, 9.060889E+01, 6.480683E+01, 1.100475E+01, 0.000000E+00,22, 1.249894E+01,0, 0.000000E+00,0, 0.000000E+00,13, 1.262402E+01, 3.602627E-01, 2.762090E+00,NULL,NULL,1,mc_qqps,35
-21023,1608,20227,230515,94C2, 9.125000E+01,22,14,36,22,14,-9.735155E-01, 4.233458E+00, 2.253464E+00, 5.064785E+01, 5.036977E+01, 2.289535E+00, 5.334550E+00,-1.185157E+01,-5.779836E+00, 7.320363E+01, 4.894501E+01, 1.900111E+01, 0.000000E+00,20, 5.367709E+00,1, 0.000000E+00,0, 0.000000E+00,12, 2.114178E+01, 5.184676E-01, 6.170425E+00,2, 0.000000E+00,1,mc_qqps,35
-21023,1609,20227,230527,94C2, 9.125000E+01,41,15,56,41,15, 4.196380E-01,-3.329693E+00, 4.802401E+00, 5.617018E+01, 5.516143E+01, 1.345401E+00,-3.121341E+00,-1.446544E+00, 9.099984E+00, 7.452742E+01, 4.706612E+01, 1.402488E+01, 2.105125E+00,16, 4.129374E+00,3, 0.000000E+00,0, 0.000000E+00,10, 1.388404E+01, 3.967144E-01, 3.629604E+00,NULL,NULL,1,mc_qqps,35
-21023,1610,20227,230549,94C2, 9.125000E+01,39,18,57,39,18, 1.266860E+00, 3.638581E+00,-1.744779E+00, 6.805640E+01, 6.744132E+01, 1.729265E+00, 6.101186E-01, 1.890581E+00,-1.401948E+00, 8.945504E+01, 6.412497E+01, 1.404431E+01, 6.915536E+00,6, 2.797731E+00,16, 4.318923E+00,0, 0.000000E+00,3, 5.019647E+00, 4.690448E-01, 3.277195E+00,1, 0.000000E+00,1,mc_qqps,35
-21023,1611,20227,230608,94C2, 9.125000E+01,30,11,41,30,11,-1.116518E+01,-2.371100E+00,-2.261901E-01, 6.602554E+01, 6.576112E+01, 2.192037E+00, 1.463849E+00, 1.045049E+00,-1.445114E+00, 9.451820E+01, 6.378946E+01, 2.308342E+01, 4.025355E+00,19, 5.082653E+00,1, 0.000000E+00,0, 0.000000E+00,7, 1.632257E+01, 5.713429E-01, 7.603805E+00,NULL,NULL,1,mc_qqps,35
-21023,1612,20227,230620,94C2, 9.125000E+01,20,8,28,20,8,-2.883537E+01,-8.302565E+00, 1.019993E+01, 6.064620E+01, 6.034326E+01, 3.017163E+00, 1.263394E+01, 5.730849E+00,-3.954582E+00, 1.096830E+02, 4.900051E+01, 2.422147E+01, 2.414558E+01,12, 6.675631E+00,0, 0.000000E+00,0, 0.000000E+00,6, 2.489122E+01, 6.697462E-01, 1.468937E+01,NULL,NULL,1,mc_qqps,35
-21023,1613,20227,230631,94C2, 9.125000E+01,27,9,36,27,9, 1.205283E+00,-1.365975E+00, 1.037316E+00, 5.468702E+01, 5.432902E+01, 2.012186E+00, 6.912032E+00, 2.371612E+00,-3.546473E-01, 7.374026E+01, 3.750809E+01, 1.311422E+01, 5.947222E+00,15, 2.561148E+01,0, 0.000000E+00,0, 0.000000E+00,7, 1.311422E+01, 3.940494E-01, 6.241974E+00,NULL,NULL,1,mc_qqps,35
-21023,1614,20227,230642,94C2, 9.125000E+01,22,11,33,22,11,-5.645709E-01, 9.864615E+00,-2.600134E+00, 4.568427E+01, 4.536919E+01, 2.062236E+00, 1.754670E+00,-8.843022E+00, 8.708725E-01, 9.061163E+01, 3.513274E+01, 4.439911E+01, 0.000000E+00,15, 2.024311E+00,0, 0.000000E+00,0, 0.000000E+00,10, 4.396005E+01, 3.190098E-01, 1.564380E+01,NULL,NULL,1,mc_qqps,35
-21023,1615,20227,230653,94C2, 9.125000E+01,18,11,29,18,11,-3.576759E-02, 2.746749E+00, 4.179670E+00, 3.651266E+01, 3.624979E+01, 2.013877E+00, 4.047223E-01, 2.620078E+00, 5.478479E+00, 4.915840E+01, 3.468682E+01, 8.017922E+00, 1.915576E+00,6, 4.974431E+00,6, 0.000000E+00,0, 0.000000E+00,4, 6.983819E+00, 3.887257E-01, 2.894394E+00,NULL,NULL,1,mc_qqps,35
-21023,1616,20227,230710,94C2, 9.125000E+01,20,15,35,20,15,-3.971575E+00,-9.758840E-01, 1.666244E+00, 7.652760E+01, 7.633728E+01, 3.816864E+00, 3.633111E+00, 1.916490E+01, 5.397066E+00, 1.046422E+02, 6.179898E+01, 2.464965E+01, 0.000000E+00,18, 6.462508E+00,1, 0.000000E+00,0, 0.000000E+00,12, 2.134099E+01, 3.803633E-01, 7.791884E+00,NULL,NULL,1,mc_qqps,35
-21023,1617,20227,230725,94C2, 9.125000E+01,36,19,55,36,19,-3.486724E+00, 1.502795E+01,-3.874191E+01, 1.185114E+02, 1.178959E+02, 3.274885E+00,-3.112173E+00, 1.400117E+01,-3.724841E+01, 1.350896E+02, 4.533204E+01, 1.290612E+01, 2.810694E+00,5, 0.000000E+00,17, 8.140615E+00,0, 0.000000E+00,4, 5.184116E+00, 8.614587E-01, 2.095950E+00,2, 0.000000E+00,1,mc_qqps,35
-21023,1618,20227,230743,94C2, 9.125000E+01,26,16,42,26,16, 7.087148E+00, 3.509225E+00,-2.208757E+01, 4.274369E+01, 4.231955E+01, 1.627675E+00, 5.490467E+00, 2.286885E+00,-1.279034E+01, 7.468854E+01, 2.557225E+01, 1.593639E+01, 1.600846E+01,1, 0.000000E+00,19, 4.275729E+00,0, 0.000000E+00,1, 8.414858E-01, 8.414858E-01, 8.414858E-01,NULL,NULL,1,mc_qqps,35
-21023,1619,20227,230800,94C2, 9.125000E+01,44,17,61,44,17, 6.699780E+00, 9.934392E+00, 1.683141E+02, 2.191841E+02, 2.184631E+02, 4.965069E+00, 5.426176E+00, 7.054039E+00, 1.637397E+02, 2.386446E+02, 4.561938E+01, 1.784048E+01, 1.620021E+00,2, 0.000000E+00,22, 1.059831E+01,0, 0.000000E+00,1, 1.178172E+00, 1.178172E+00, 1.178172E+00,1, 0.000000E+00,1,mc_qqps,35
-21023,1620,20227,230821,94C2, 9.125000E+01,33,24,57,33,24,-5.884889E-01,-6.540126E-01, 4.241470E+00, 4.658981E+01, 4.581352E+01, 1.388288E+00,-2.758034E+00, 5.115376E+00, 1.497432E+01, 9.332565E+01, 3.080644E+01, 4.567385E+01, 1.189962E+00,7, 2.332347E-01,17, 4.898597E+00,0, 0.000000E+00,4, 5.267897E+00, 6.560748E-01, 2.308409E+00,1, 0.000000E+00,1,mc_qqps,35
-21023,1621,20227,230838,94C2, 9.125000E+01,32,22,54,32,22,-1.838104E+01, 1.000568E+01,-4.983902E+01, 1.163086E+02, 1.158350E+02, 3.619845E+00,-1.852767E+01, 8.094424E+00,-5.197625E+01, 1.419792E+02, 2.808890E+01, 2.319409E+01, 2.476469E+00,2, 0.000000E+00,20, 6.307339E+00,0, 0.000000E+00,1, 9.920858E-01, 9.920858E-01, 9.920858E-01,4, 0.000000E+00,1,mc_qqps,35
-21023,1622,20227,230900,94C2, 9.125000E+01,26,12,38,26,12,-2.424863E+00, 5.673424E+00,-5.938161E+00, 4.976619E+01, 4.936966E+01, 1.898833E+00,-3.070756E+00, 5.548716E+00,-6.063330E+00, 6.221094E+01, 4.883514E+01, 1.015117E+01, 2.293584E+00,5, 5.053724E-02,9, 0.000000E+00,0, 0.000000E+00,3, 2.844256E+00, 7.593589E-01, 1.186636E+00,NULL,NULL,1,mc_qqps,35
-21023,1623,20227,230922,94C2, 9.125000E+01,25,16,41,25,16,-7.489123E+00, 5.206883E+00,-1.132774E+00, 2.644463E+01, 2.522879E+01, 1.009152E+00, 1.284150E-01, 2.700408E+00,-1.150486E+00, 7.769835E+01, 2.440322E+01, 3.572078E+01, 1.118503E+01,17, 2.187361E+00,0, 0.000000E+00,0, 0.000000E+00,13, 3.376806E+01, 5.386553E-01, 1.431328E+01,NULL,NULL,1,mc_qqps,35
-21023,1624,20227,230937,94C2, 9.125000E+01,18,13,31,18,13, 7.055050E-01, 9.403647E-01, 2.972017E+00, 5.830070E+01, 5.813059E+01, 3.229477E+00, 5.784009E-01, 5.381963E+00, 5.018596E+00, 7.743778E+01, 5.146394E+01, 1.198194E+01, 5.835478E+00,9, 1.525433E+01,3, 0.000000E+00,0, 0.000000E+00,7, 1.025855E+01, 8.089902E-01, 3.095679E+00,NULL,NULL,1,mc_qqps,35
-21023,1625,20227,230953,94C2, 9.125000E+01,14,18,32,14,18,-1.715054E+01,-4.002011E+00,-9.982803E+00, 3.562154E+01, 3.549343E+01, 2.535245E+00, 1.445558E+01, 1.987880E+00, 1.091505E+01, 1.065611E+02, 3.633882E+01, 6.177893E+01, 1.619655E+00,21, 2.141449E+01,0, 0.000000E+00,0, 0.000000E+00,16, 5.830294E+01, 6.161212E-01, 1.048766E+01,NULL,NULL,1,mc_qqps,35
-21023,1626,20227,231005,94C2, 9.125000E+01,48,11,59,48,11,-7.537920E+00, 1.093943E+00,-7.815416E-01, 6.436853E+01, 6.314788E+01, 1.315581E+00, 1.932712E+00, 4.352526E+00,-3.948352E+00, 8.210761E+01, 5.578432E+01, 6.928354E+00, 9.254462E+00,13, 3.706630E-01,0, 0.000000E+00,0, 0.000000E+00,8, 8.484622E+00, 5.124204E-01, 1.675023E+00,NULL,NULL,1,mc_qqps,35
-21023,1627,20227,231021,94C2, 9.125000E+01,20,20,40,20,20,-1.496617E+00, 1.776339E-01, 5.097426E-01, 5.371971E+01, 5.340911E+01, 2.670455E+00, 1.144216E+00,-1.132902E+00, 2.296990E-01, 9.256545E+01, 4.967720E+01, 3.293821E+01, 5.125290E+00,3, 0.000000E+00,18, 6.719745E+00,0, 0.000000E+00,2, 1.465580E+00, 6.833307E-01, 7.822494E-01,1, 0.000000E+00,1,mc_qqps,35
-21023,1628,20227,231034,94C2, 9.125000E+01,25,14,39,25,14, 1.251801E+01, 1.147912E+00,-6.823144E+00, 3.667793E+01, 3.622686E+01, 1.449075E+00, 2.393992E+00, 6.893689E-01,-3.367026E+00, 8.431682E+01, 3.580801E+01, 4.344376E+01, 1.037851E+00,13, 6.267419E-01,0, 0.000000E+00,0, 0.000000E+00,10, 4.470470E+01, 6.381661E-01, 2.186929E+01,NULL,NULL,1,mc_qqps,35
-21023,1629,20227,231048,94C2, 9.125000E+01,25,12,37,25,12, 1.139125E+00, 1.696811E+00, 1.371800E+00, 5.974438E+01, 5.936554E+01, 2.374622E+00, 7.784401E+00, 4.822850E+00, 8.886250E+00, 8.339691E+01, 4.351533E+01, 7.268766E+00, 1.151995E+01,12, 3.106668E+00,2, 0.000000E+00,0, 0.000000E+00,7, 1.036596E+01, 6.573772E-01, 3.267405E+00,NULL,NULL,1,mc_qqps,35
-21023,1630,20227,231103,94C2, 9.125000E+01,29,26,55,29,26, 8.067297E-01,-1.586473E+00, 2.998140E+01, 6.278255E+01, 6.213394E+01, 2.142550E+00, 1.911601E+00, 8.742291E-01, 3.706652E+01, 1.022504E+02, 1.716524E+01, 3.680433E+01, 2.663540E+00,1, 0.000000E+00,18, 4.292309E+00,0, 0.000000E+00,1, 4.556142E-01, 4.556142E-01, 4.556142E-01,8, 0.000000E+00,1,mc_qqps,35
-21023,1631,20227,231132,94C2, 9.125000E+01,36,18,54,36,18, 5.808702E+00, 7.242197E+00, 1.128120E+01, 3.050154E+01, 2.958887E+01, 8.219130E-01, 2.320948E+00, 1.704811E+01, 1.571806E+01, 6.812758E+01, 2.505770E+01, 8.736738E+00, 2.487045E+01,11, 0.000000E+00,1, 0.000000E+00,0, 0.000000E+00,9, 1.078933E+01, 3.451997E-01, 2.832657E+00,NULL,NULL,1,mc_qqps,35
-21023,1632,20227,231149,94C2, 9.125000E+01,16,11,27,16,11, 3.860765E+00, 4.573579E+01,-2.366525E+01, 8.264124E+01, 8.234212E+01, 5.146383E+00, 2.886822E+00, 3.246106E+01,-1.660806E+01, 1.014718E+02, 8.013257E+01, 1.014371E+01, 8.686844E+00,11, 1.138590E+01,2, 0.000000E+00,0, 0.000000E+00,7, 7.844524E+00, 6.061665E-01, 2.166174E+00,NULL,NULL,1,mc_qqps,35
-21023,1633,20227,231159,94C2, 9.125000E+01,27,14,41,27,14, 2.469118E-01, 2.645683E+00,-6.892121E-01, 7.397040E+01, 7.350571E+01, 2.722434E+00, 4.554296E+00, 1.035613E+01, 7.287180E-02, 1.041885E+02, 6.979921E+01, 1.973741E+01, 1.048172E+01,18, 1.568870E+01,0, 0.000000E+00,0, 0.000000E+00,9, 1.650807E+01, 9.960253E-01, 4.664234E+00,NULL,NULL,1,mc_qqps,35
-21023,1634,20227,231212,94C2, 9.125000E+01,28,11,39,28,11,-5.766331E+00, 1.143399E+01, 1.350293E+01, 3.875662E+01, 3.797014E+01, 1.356076E+00,-2.459627E+00, 3.614854E+00, 4.515808E+00, 8.471944E+01, 3.186358E+01, 4.518269E+01, 7.801315E-01,8, 9.687999E-02,1, 0.000000E+00,0, 0.000000E+00,7, 4.418893E+01, 5.167586E-01, 2.108768E+01,NULL,NULL,1,mc_qqps,35
-21023,1635,20227,231230,94C2, 9.125000E+01,28,13,41,28,13, 1.106946E+01,-2.554942E+02, 3.483748E+02, 4.788272E+02, 4.776641E+02, 1.705943E+01, 1.138789E+01,-2.488295E+02, 3.461209E+02, 5.399856E+02, 1.657251E+01, 5.646887E+01, 4.689566E+00,13, 9.683666E-01,0, 0.000000E+00,0, 0.000000E+00,10, 5.447732E+01, 5.325296E-01, 1.417671E+01,NULL,NULL,1,mc_qqps,35
-21023,1636,20227,231242,94C2, 9.125000E+01,42,9,51,42,9, 6.059790E+00, 9.132992E+00, 5.426861E+01, 1.143486E+02, 1.138293E+02, 2.710221E+00, 7.964833E+00, 1.225552E+01, 6.159785E+01, 1.398147E+02, 4.868664E+01, 2.283688E+01, 2.629271E+00,1, 0.000000E+00,18, 1.311373E+01,0, 0.000000E+00,NULL,NULL,NULL,NULL,NULL,NULL,1,mc_qqps,35
-21023,1637,20227,231256,94C2, 9.125000E+01,38,10,48,38,10,-4.062712E-01,-3.226498E+00,-1.498139E+01, 5.452483E+01, 5.369783E+01, 1.413101E+00, 2.890517E+00,-2.311181E+00,-1.613060E+01, 7.727510E+01, 4.033388E+01, 2.275027E+01, 0.000000E+00,8, 2.113271E-01,1, 0.000000E+00,0, 0.000000E+00,6, 1.521452E+01, 8.961262E-01, 4.396354E+00,2, 0.000000E+00,1,mc_qqps,35
-21023,1638,20227,231317,94C2, 9.125000E+01,30,14,44,30,14,-3.347325E+00, 5.028324E+00, 1.161770E+01, 7.098753E+01, 7.052148E+01, 2.350716E+00,-9.633013E+00, 1.408802E+01, 2.544662E+01, 1.081668E+02, 6.509022E+01, 1.251176E+01, 2.347684E+01,6, 5.816925E-01,4, 0.000000E+00,0, 0.000000E+00,4, 1.048951E+01, 1.146984E+00, 6.460784E+00,NULL,NULL,1,mc_qqps,35
-21023,1639,20227,231334,94C2, 9.125000E+01,29,9,38,29,9,-4.379442E+01,-3.929780E+01,-1.425420E+01, 1.479586E+02, 1.472449E+02, 5.077409E+00,-4.422881E+01,-3.909951E+01,-1.413341E+01, 1.630226E+02, 1.397151E+02, 1.506395E+01, 0.000000E+00,12, 2.245155E-01,0, 0.000000E+00,0, 0.000000E+00,7, 1.155225E+01, 7.208100E-01, 5.113592E+00,NULL,NULL,1,mc_qqps,35
-21023,1640,20227,231351,94C2, 9.125000E+01,32,19,51,32,19, 9.956037E+00, 1.510817E+01, 1.833356E+01, 2.005646E+02, 2.000754E+02, 6.252357E+00, 1.178120E+01, 1.547420E+01, 2.055194E+01, 2.228060E+02, 2.798883E+01, 2.018249E+01, 3.834301E-01,3, 0.000000E+00,23, 2.635314E+01,0, 0.000000E+00,3, 2.339586E+00, 4.626482E-01, 1.212821E+00,1, 0.000000E+00,1,mc_qqps,35
-21023,1641,20227,231410,94C2, 9.125000E+01,54,21,75,54,21, 2.794760E+00,-1.729059E+00,-1.130994E-01, 7.274361E+01, 7.069595E+01, 1.309184E+00,-5.074270E+00,-1.360975E+00,-1.482343E+00, 1.021947E+02, 6.185740E+01, 1.747275E+01, 7.644468E+00,22, 8.320502E+00,0, 0.000000E+00,0, 0.000000E+00,15, 1.978584E+01, 3.534915E-01, 3.574381E+00,NULL,NULL,1,mc_qqps,35
-21023,1642,20227,231433,94C2, 9.125000E+01,27,8,35,27,8, 1.700980E+01, 1.678013E+01, 1.087102E+01, 6.560781E+01, 6.531544E+01, 2.419091E+00, 1.405223E+01, 1.281388E+01, 7.930669E+00, 1.113493E+02, 5.029165E+01, 4.229887E+01, 3.478458E+00,11, 7.405303E+00,0, 0.000000E+00,0, 0.000000E+00,3, 2.097449E+01, 8.186486E-01, 1.727013E+01,NULL,NULL,1,mc_qqps,35
-21023,1643,20227,231446,94C2, 9.125000E+01,26,10,36,26,10,-9.041027E+00,-2.213996E+00,-3.102304E+00, 4.726565E+01, 4.665601E+01, 1.794462E+00, 8.393424E-01,-1.132518E-01, 5.840051E-02, 7.330803E+01, 4.234132E+01, 2.263384E+01, 8.650639E-01,15, 2.649054E+00,0, 0.000000E+00,0, 0.000000E+00,8, 2.443720E+01, 5.211961E-01, 6.364603E+00,NULL,NULL,1,mc_qqps,35
-21023,1644,20227,231458,94C2, 9.125000E+01,28,14,42,28,14,-1.076077E+00,-8.664986E+00,-1.408386E+01, 4.908104E+01, 4.837394E+01, 1.727641E+00, 1.252223E-01,-5.728429E+00,-1.109033E+01, 7.532461E+01, 3.941015E+01, 1.698613E+01, 8.807493E+00,5, 0.000000E+00,10, 4.009425E+00,0, 0.000000E+00,5, 5.089613E+00, 3.764705E-01, 2.859414E+00,1, 0.000000E+00,1,mc_qqps,35
-21023,1645,20227,231517,94C2, 9.125000E+01,19,6,25,19,6,-4.401129E+00, 2.121703E+01,-1.031388E+01, 6.345350E+01, 6.330151E+01, 3.331658E+00, 4.896080E-01,-2.970324E-01, 1.415467E-01, 8.956400E+01, 6.308261E+01, 2.574632E+01, 3.649147E-01,13, 4.242395E+00,0, 0.000000E+00,0, 0.000000E+00,5, 2.574557E+01, 4.469907E-01, 1.205511E+01,NULL,NULL,1,mc_qqps,35
-21023,1646,20227,231529,94C2, 9.125000E+01,37,11,48,37,11, 7.931449E-01,-6.570325E+00,-8.016076E+00, 6.903820E+01, 6.846309E+01, 1.850354E+00,-4.022504E+00, 9.605062E+00, 5.231184E-02, 9.365555E+01, 5.950891E+01, 2.237640E+01, 3.281986E-01,9, 1.607516E-01,5, 0.000000E+00,0, 0.000000E+00,6, 1.320585E+01, 9.437273E-01, 4.347887E+00,NULL,NULL,1,mc_qqps,35
-21023,1647,20227,231546,94C2, 9.125000E+01,41,14,55,41,14,-1.828215E+00,-1.528801E+00, 1.566713E-01, 6.517313E+01, 6.437813E+01, 1.570198E+00,-3.207550E-01, 4.711553E+00, 1.494117E+00, 8.807219E+01, 5.371859E+01, 1.292246E+01, 7.783529E+00,18, 2.871784E+00,0, 0.000000E+00,0, 0.000000E+00,9, 1.393318E+01, 6.063751E-01, 6.454128E+00,NULL,NULL,1,mc_qqps,35
-21023,1648,20227,231559,94C2, 9.125000E+01,32,12,44,32,12, 1.440367E+00, 9.915423E-01, 1.087007E+00, 6.037877E+01, 5.984155E+01, 1.870049E+00, 4.699550E+00, 3.778165E+00, 2.870406E+00, 7.448801E+01, 4.068861E+01, 6.686153E+00, 5.006021E+00,4, 0.000000E+00,15, 2.944981E+00,0, 0.000000E+00,4, 5.136447E+00, 5.368564E-01, 1.927489E+00,NULL,NULL,1,mc_qqps,35
-21023,1649,20227,231612,94C2, 9.125000E+01,24,10,34,24,10, 1.296608E+01, 1.092766E+01,-1.099962E+01, 5.710643E+01, 5.659814E+01, 2.358256E+00,-2.008010E+00,-3.230724E+00, 2.677116E+00, 9.645606E+01, 5.442176E+01, 1.906063E+01, 6.883758E-01,11, 5.768559E+00,0, 0.000000E+00,0, 0.000000E+00,8, 3.496226E+01, 3.690913E-01, 1.960062E+01,NULL,NULL,1,mc_qqps,35
-21023,1650,20227,231626,94C2, 9.125000E+01,23,15,38,23,15,-2.525209E+00, 1.678255E+00, 4.610215E+00, 4.266146E+01, 4.227881E+01, 1.838209E+00,-1.222395E+01,-1.292380E+00, 1.724142E+01, 7.673274E+01, 4.014539E+01, 2.682342E+01, 7.247867E+00,1, 0.000000E+00,14, 6.581002E-01,0, 0.000000E+00,NULL,NULL,NULL,NULL,1, 0.000000E+00,1,mc_qqps,35
-21023,1651,20227,231644,94C2, 9.125000E+01,21,7,28,21,7, 2.775572E+00,-8.017868E+00,-7.063612E+00, 7.969520E+01, 7.950256E+01, 3.785836E+00, 2.855845E+00,-5.614233E+00,-5.013452E+00, 9.858975E+01, 6.317150E+01, 1.889570E+01, 0.000000E+00,12, 7.069562E+00,0, 0.000000E+00,0, 0.000000E+00,7, 1.889454E+01, 7.416039E-01, 7.850011E+00,NULL,NULL,1,mc_qqps,35
-21023,1652,20227,231654,94C2, 9.125000E+01,42,14,56,42,14,-1.933715E+01, 1.166252E+01,-7.575224E+00, 6.420821E+01, 6.306536E+01, 1.501556E+00,-1.554883E+01, 1.434739E+01,-7.017830E+00, 9.441632E+01, 5.186385E+01, 2.613397E+01, 1.108565E+00,17, 1.507606E+01,0, 0.000000E+00,0, 0.000000E+00,9, 2.145506E+01, 7.688559E-01, 4.976395E+00,NULL,NULL,1,mc_qqps,35
-21023,1653,20227,231709,94C2, 9.125000E+01,45,11,56,45,11,-1.173562E+01, 1.268871E+01, 1.218431E+01, 5.678177E+01, 5.553174E+01, 1.234039E+00,-2.762569E+00, 2.753479E+00, 4.656720E+00, 9.504727E+01, 4.692490E+01, 3.573670E+01, 0.000000E+00,18, 1.226419E+01,0, 0.000000E+00,0, 0.000000E+00,8, 3.562320E+01, 4.059771E-01, 1.980012E+01,NULL,NULL,1,mc_qqps,35
-21023,1654,20227,231727,94C2, 9.125000E+01,42,13,55,42,13, 3.379986E+00,-1.900372E+00, 5.032958E-01, 8.335532E+01, 8.262507E+01, 1.967264E+00, 2.771603E+00,-6.287752E-01, 2.954237E+00, 9.437297E+01, 4.100388E+01, 7.431224E+00, 2.452535E+00,7, 0.000000E+00,16, 1.699909E+00,0, 0.000000E+00,5, 3.533442E+00, 5.308112E-01, 1.023373E+00,1, 0.000000E+00,1,mc_qqps,35
-21023,1655,20227,231745,94C2, 9.125000E+01,27,13,40,27,13, 9.634762E+00, 3.697046E+00, 7.953185E+00, 7.940057E+01, 7.885415E+01, 2.920524E+00,-7.365659E+00,-4.306869E+00,-6.808214E+00, 1.101335E+02, 7.795995E+01, 2.060426E+01, 1.012871E+01,16, 1.887334E+00,1, 0.000000E+00,0, 0.000000E+00,10, 2.007832E+01, 6.138067E-01, 4.806807E+00,NULL,NULL,1,mc_qqps,35
-21023,1656,20227,231805,94C2, 9.125000E+01,17,13,30,17,13,-9.975036E-01, 1.594233E+00,-5.212982E-01, 5.492843E+01, 5.471906E+01, 3.218768E+00,-5.090845E+00,-4.259204E+00, 8.099991E+00, 7.878256E+01, 5.332478E+01, 1.334485E+01, 1.062722E+01,3, 4.393658E-02,10, 8.585863E+00,0, 0.000000E+00,2, 1.266906E+00, 3.552470E-01, 9.116589E-01,1, 0.000000E+00,1,mc_qqps,35
-21023,1657,20227,231818,94C2, 9.125000E+01,21,8,29,21,8, 1.490019E+00, 3.117345E+00, 6.182531E+00, 4.315492E+01, 4.264775E+01, 2.030845E+00, 1.483119E+00, 5.915876E+00, 6.220157E+00, 7.588137E+01, 4.159623E+01, 2.008783E+01, 1.130944E+01,6, 4.342529E+00,2, 0.000000E+00,0, 0.000000E+00,4, 2.009437E+01, 1.329175E+00, 1.194363E+01,NULL,NULL,1,mc_qqps,35
-21023,1658,20227,231831,94C2, 9.125000E+01,37,10,47,37,10,-4.982195E+00, 9.438891E+00, 2.062119E+00, 7.141122E+01, 7.087595E+01, 1.915566E+00,-4.502154E+00, 5.794661E+00, 3.192883E+00, 1.003645E+02, 6.038998E+01, 2.034836E+01, 8.683905E+00,13, 7.338621E+00,0, 0.000000E+00,0, 0.000000E+00,7, 2.015219E+01, 5.934607E-01, 7.326519E+00,NULL,NULL,1,mc_qqps,35
-21023,1659,20227,231844,94C2, 9.125000E+01,16,12,28,16,12, 7.072687E-01,-4.062572E+00, 3.566609E+00, 3.084155E+01, 3.062641E+01, 1.914151E+00, 7.664566E+00,-1.159046E+01, 1.433084E+01, 7.346803E+01, 2.827858E+01, 3.031885E+01, 1.231978E+01,6, 1.655491E+00,5, 0.000000E+00,0, 0.000000E+00,4, 2.856478E+01, 1.273933E+00, 1.646394E+01,NULL,NULL,1,mc_qqps,35
-21023,1660,20227,231905,94C2, 9.125000E+01,33,27,60,33,27,-2.808471E+00,-3.623507E-01, 3.287521E+00, 7.160751E+01, 7.110825E+01, 2.154795E+00,-1.391146E+00,-4.205357E+00, 4.693317E+00, 1.043599E+02, 6.171805E+01, 2.440028E+01, 2.459881E+00,12, 7.337663E-02,14, 6.604034E-01,0, 0.000000E+00,11, 1.867170E+01, 5.666410E-01, 3.725136E+00,NULL,NULL,1,mc_qqps,35
-21023,1661,20227,231921,94C2, 9.125000E+01,19,19,38,19,19,-9.949684E+00,-1.211830E+01, 2.484800E+00, 4.846709E+01, 4.816665E+01, 2.535087E+00,-8.211731E+00,-4.159666E+00, 5.282552E+00, 9.209341E+01, 4.532262E+01, 4.179781E+01, 1.488536E-01,20, 1.584405E+01,0, 0.000000E+00,0, 0.000000E+00,15, 3.436466E+01, 4.944632E-01, 7.480044E+00,NULL,NULL,1,mc_qqps,35
-21023,1662,20227,231934,94C2, 9.125000E+01,32,13,45,32,13,-5.157005E+00, 5.596436E+00, 3.602556E+00, 5.802644E+01, 5.730011E+01, 1.790629E+00,-5.583496E+00, 3.959891E+00, 2.077974E+00, 7.760630E+01, 5.481754E+01, 1.670978E+01, 7.248696E-01,17, 1.857787E+01,1, 0.000000E+00,0, 0.000000E+00,9, 1.765496E+01, 6.512986E-01, 3.738862E+00,NULL,NULL,1,mc_qqps,35
-21023,1663,20227,231946,94C2, 9.125000E+01,28,15,43,28,15,-1.149820E-01,-1.822071E-01, 8.152516E-01, 4.802605E+01, 4.730800E+01, 1.689571E+00, 1.144333E+01, 5.576714E+00,-1.043213E+01, 7.594481E+01, 3.418719E+01, 2.674910E+01, 5.568869E-01,12, 2.285362E+00,2, 0.000000E+00,0, 0.000000E+00,8, 2.311628E+01, 6.141762E-01, 6.462670E+00,NULL,NULL,1,mc_qqps,35
-21023,1664,20227,232001,94C2, 9.125000E+01,15,11,26,15,11, 7.215853E+00,-8.064382E+00, 2.603999E+00, 4.993288E+01, 4.957278E+01, 3.304852E+00, 1.349257E+00,-3.242505E+00, 1.613081E-02, 7.428053E+01, 4.633628E+01, 2.056113E+01, 0.000000E+00,12, 3.884513E+00,0, 0.000000E+00,0, 0.000000E+00,10, 2.387789E+01, 9.476477E-01, 4.333856E+00,NULL,NULL,1,mc_qqps,35
-21023,1665,20227,232013,94C2, 9.125000E+01,23,14,37,23,14,-9.320956E+00,-1.033084E+01, 1.068966E+01, 6.775054E+01, 6.736860E+01, 2.929070E+00,-4.163520E+00,-3.102674E+00, 6.289413E+00, 9.753826E+01, 6.218709E+01, 1.899414E+01, 6.315790E-02,18, 6.822056E+00,0, 0.000000E+00,0, 0.000000E+00,13, 2.972455E+01, 3.440100E-01, 4.725366E+00,NULL,NULL,1,mc_qqps,35
-21023,1666,20227,232028,94C2, 9.125000E+01,30,18,48,30,18,-5.577318E+00, 4.376558E+00, 2.657191E+00, 4.525507E+01, 4.452063E+01, 1.484021E+00,-1.244693E+00, 1.843581E+00, 1.366764E-01, 8.655332E+01, 4.323465E+01, 3.356572E+01, 7.807280E+00,13, 7.161146E+00,1, 0.000000E+00,0, 0.000000E+00,11, 2.753106E+01, 7.273384E-01, 4.724479E+00,NULL,NULL,1,mc_qqps,35
-21023,1667,20227,232041,94C2, 9.125000E+01,23,15,38,23,15, 3.277452E+00, 1.122181E+01,-1.661084E+01, 5.851247E+01, 5.797793E+01, 2.520779E+00,-7.171048E-02, 2.166598E+00,-6.280154E+00, 8.509792E+01, 5.196928E+01, 2.137293E+01, 5.214874E+00,6, 0.000000E+00,9, 0.000000E+00,0, 0.000000E+00,4, 1.269109E+01, 5.065713E-01, 9.307360E+00,1, 0.000000E+00,1,mc_qqps,35
-21023,1668,20227,232057,94C2, 9.125000E+01,35,13,48,35,13,-7.912190E+00,-6.554610E+00, 6.819214E+00, 8.611529E+01, 8.565639E+01, 2.447325E+00,-5.539562E+00,-3.681587E+00, 6.679656E+00, 1.103148E+02, 7.308487E+01, 1.640965E+01, 7.311047E+00,12, 6.280569E+00,1, 0.000000E+00,0, 0.000000E+00,6, 1.204295E+01, 6.261401E-01, 3.720094E+00,NULL,NULL,1,mc_qqps,35
-21023,1669,20227,232111,94C2, 9.125000E+01,32,16,48,32,16, 8.231620E+00, 3.083745E+00,-1.665104E+01, 6.734802E+01, 6.689444E+01, 2.090451E+00, 1.533278E+00,-4.251810E-01,-9.457575E+00, 9.057549E+01, 6.066704E+01, 2.247058E+01, 8.500000E-02,16, 4.846485E-01,2, 0.000000E+00,0, 0.000000E+00,11, 1.253529E+01, 3.983327E-01, 3.201316E+00,1, 0.000000E+00,1,mc_qqps,35
-21023,1670,20227,232135,94C2, 9.125000E+01,18,7,25,18,7, 6.027657E-01, 9.160790E-01, 2.735609E-02, 7.402339E+01, 7.381943E+01, 4.101079E+00, 1.911842E+00,-3.979422E-01, 7.239262E-01, 8.668103E+01, 6.298088E+01, 5.901390E+00, 6.756251E+00,10, 3.978394E-01,0, 0.000000E+00,0, 0.000000E+00,5, 5.901390E+00, 3.741013E-01, 1.895400E+00,NULL,NULL,1,mc_qqps,35
-21023,1671,20227,232148,94C2, 9.125000E+01,34,20,54,34,20, 1.363523E+01,-2.225637E+00, 2.605924E+00, 6.360265E+01, 6.302723E+01, 1.853742E+00,-1.181366E+01, 3.169640E+00,-5.672668E+00, 1.070017E+02, 5.798723E+01, 2.504509E+01, 1.114407E+01,18, 9.105780E+00,0, 0.000000E+00,0, 0.000000E+00,14, 3.228799E+01, 3.643667E-01, 7.230232E+00,NULL,NULL,1,mc_qqps,35
-21023,1672,20227,232202,94C2, 9.125000E+01,44,25,69,44,25, 5.131055E+00,-2.764759E+00, 6.892227E+00, 4.775481E+01, 4.683275E+01, 1.064381E+00,-2.986026E-01,-2.771319E+00, 2.785785E+00, 9.937408E+01, 3.972573E+01, 3.765851E+01, 8.698398E+00,32, 8.263375E+00,0, 0.000000E+00,0, 0.000000E+00,20, 4.240289E+01, 4.371703E-01, 8.066685E+00,NULL,NULL,1,mc_qqps,35
-21023,1673,20227,232216,94C2, 9.125000E+01,28,15,43,28,15,-3.714736E+00, 2.049703E+00,-3.021294E-01, 5.743546E+01, 5.713269E+01, 2.040453E+00, 6.160048E-01,-2.887672E+00, 2.494169E+00, 9.037331E+01, 5.494765E+01, 2.986004E+01, 7.139614E-01,14, 5.419025E-01,2, 0.000000E+00,0, 0.000000E+00,9, 1.177712E+01, 4.780682E-01, 3.888581E+00,1, 0.000000E+00,1,mc_qqps,35
-21023,1674,20227,232231,94C2, 9.125000E+01,30,12,42,30,12, 1.373971E+00,-2.427408E+00, 1.908557E-01, 6.381194E+01, 6.351090E+01, 2.117030E+00,-4.435951E+00,-1.781439E+01,-1.966763E+00, 9.833788E+01, 5.700746E+01, 3.332185E+01, 4.598465E-01,13, 2.028802E+00,0, 0.000000E+00,0, 0.000000E+00,9, 2.753416E+01, 5.653388E-01, 1.523425E+01,NULL,NULL,1,mc_qqps,35
-21023,1675,20227,232243,94C2, 9.125000E+01,20,16,36,20,16,-1.247400E+01,-4.936354E+00, 1.844428E+01, 4.939011E+01, 4.888825E+01, 2.444413E+00,-1.170604E+01,-6.764433E+00, 1.827057E+01, 6.648755E+01, 4.484114E+01, 1.061259E+01, 5.248426E+00,5, 0.000000E+00,6, 2.539212E+00,0, 0.000000E+00,5, 6.212091E+00, 4.154174E-01, 1.795764E+00,1, 0.000000E+00,1,mc_qqps,35
-21023,1676,20227,232258,94C2, 9.125000E+01,18,7,25,18,7, 1.077098E+01, 2.581518E-01,-1.433864E+01, 3.426871E+01, 3.397306E+01, 1.887392E+00, 2.645369E+00, 1.718056E+00,-3.649623E+00, 5.026737E+01, 3.332411E+01, 1.073664E+01, 1.408988E+00,2, 0.000000E+00,7, 1.497482E+01,0, 0.000000E+00,1, 3.853037E+00, 3.853037E+00, 3.853037E+00,NULL,NULL,1,mc_qqps,35
-21023,1677,20227,232310,94C2, 9.125000E+01,17,25,42,17,25,-4.881851E+00,-4.801065E+00,-1.494316E+01, 9.190935E+01, 9.170574E+01, 5.394455E+00, 2.234724E+00, 1.510411E+00, 2.334795E+00, 1.254378E+02, 7.685306E+01, 3.324885E+01, 2.795726E-01,0, 0.000000E+00,25, 1.484809E+01,0, 0.000000E+00,NULL,NULL,NULL,NULL,1, 0.000000E+00,1,mc_qqps,35
-21023,1678,20227,232323,94C2, 9.125000E+01,36,11,47,36,11,-6.904977E+00,-2.607885E+00, 4.703442E+00, 4.147145E+01, 4.062521E+01, 1.128478E+00,-1.419197E+01,-1.362778E+01, 1.425747E+01, 6.556666E+01, 3.444741E+01, 2.263272E+01, 1.462479E+00,12, 2.518265E+01,0, 0.000000E+00,0, 0.000000E+00,7, 2.047092E+01, 4.579019E-01, 7.837547E+00,NULL,NULL,1,mc_qqps,35
-21023,1679,20227,232337,94C2, 9.125000E+01,33,18,51,33,18,-1.560512E+01,-8.655633E+00, 1.324027E+02, 1.821787E+02, 1.814896E+02, 5.499685E+00,-1.640314E+01,-9.020714E+00, 1.350719E+02, 2.033707E+02, 9.162913E+00, 1.635062E+01, 4.841341E+00,0, 0.000000E+00,20, 9.223405E+00,0, 0.000000E+00,NULL,NULL,NULL,NULL,NULL,NULL,0,mc_qqps,35
-21023,1680,20227,232354,94C2, 9.125000E+01,17,16,33,17,16, 1.149370E+00,-1.259109E+00,-1.853191E+00, 1.397633E+01, 1.360056E+01, 8.000329E-01, 7.841677E-01,-2.450613E+00,-2.117650E+01, 4.634318E+01, 4.564500E+00, 2.839913E+01, 3.967716E+00,0, 0.000000E+00,10, 4.589548E+00,0, 0.000000E+00,NULL,NULL,NULL,NULL,4, 0.000000E+00,0,mc_qqps,35
-21023,1681,20227,232421,94C2, 9.125000E+01,22,13,35,22,13, 5.082939E+00,-3.254288E-01,-1.757589E+01, 5.089145E+01, 5.050364E+01, 2.295620E+00, 3.055206E+00,-9.793171E-01,-1.077410E+01, 6.061822E+01, 1.745987E+01, 5.670900E+00, 4.055867E+00,0, 0.000000E+00,14, 8.615847E+00,0, 0.000000E+00,NULL,NULL,NULL,NULL,2, 0.000000E+00,1,mc_qqps,35
-21023,1682,20227,232439,94C2, 9.125000E+01,25,16,41,25,16, 1.430015E+01, 1.506568E+00,-3.257903E+00, 5.165643E+01, 5.125154E+01, 2.050062E+00,-2.888708E-01,-7.666463E-02, 1.464670E+00, 8.371094E+01, 4.676944E+01, 2.097943E+01, 1.107508E+01,20, 1.157222E+01,0, 0.000000E+00,0, 0.000000E+00,13, 1.992815E+01, 3.293521E-01, 3.678007E+00,NULL,NULL,1,mc_qqps,35
-21023,1683,20227,232452,94C2, 9.125000E+01,18,14,32,18,14,-7.075558E+00, 5.039233E+00,-1.403746E+01, 4.404106E+01, 4.383535E+01, 2.435297E+00,-4.478845E+00, 4.393518E-02,-6.735919E+00, 6.647337E+01, 3.789450E+01, 1.932016E+01, 4.699141E-01,13, 1.244388E+00,1, 0.000000E+00,0, 0.000000E+00,10, 2.150381E+01, 6.212408E-01, 8.889634E+00,NULL,NULL,1,mc_qqps,35
-21023,1684,20227,232511,94C2, 9.125000E+01,28,19,47,28,19,-1.885790E+00,-1.031595E+00, 3.619525E-01, 5.479396E+01, 5.408988E+01, 1.931782E+00, 3.308774E+00,-3.274577E+00,-2.152134E+00, 9.742342E+01, 4.831343E+01, 3.417537E+01, 6.073130E+00,19, 3.122478E+00,0, 0.000000E+00,0, 0.000000E+00,15, 3.232290E+01, 4.739355E-01, 6.693719E+00,1, 0.000000E+00,1,mc_qqps,35
-21023,1685,20227,232529,94C2, 9.125000E+01,41,19,60,41,19, 5.083966E-02,-3.562600E+00,-3.541485E+00, 6.714591E+01, 6.586508E+01, 1.606465E+00, 2.442991E+00,-1.026464E+00,-8.185699E+00, 9.076562E+01, 4.242404E+01, 1.761133E+01, 5.355148E+00,5, 0.000000E+00,13, 1.389594E+00,0, 0.000000E+00,5, 5.463611E+00, 6.532387E-01, 2.479642E+00,NULL,NULL,1,mc_qqps,35
-21023,1686,20227,232544,94C2, 9.125000E+01,20,11,31,20,11,-4.628232E+00, 6.651879E+00,-3.858154E+00, 8.820335E+01, 8.795309E+01, 4.397655E+00,-2.558989E-01,-6.630475E-01, 3.812466E+00, 1.207644E+02, 7.936585E+01, 3.035387E+01, 8.270137E-01,11, 1.340838E+00,0, 0.000000E+00,0, 0.000000E+00,8, 2.589243E+01, 7.405225E-01, 1.385513E+01,NULL,NULL,1,mc_qqps,35
-21023,1687,20227,232557,94C2, 9.125000E+01,18,13,31,18,13, 3.941565E+00, 2.500656E+00, 4.459600E+00, 4.777612E+01, 4.748345E+01, 2.637969E+00,-3.167365E+00,-1.141094E+00,-4.276790E+00, 7.703870E+01, 4.632176E+01, 2.462948E+01, 2.765157E+00,9, 1.618264E-01,6, 0.000000E+00,0, 0.000000E+00,6, 2.276502E+01, 4.294346E-01, 9.175751E+00,NULL,NULL,1,mc_qqps,35
-21023,1688,20227,232615,94C2, 9.125000E+01,29,8,37,29,8,-1.198516E+01,-5.562712E+01, 8.237114E+01, 1.376910E+02, 1.372003E+02, 4.731047E+00,-1.247578E+01,-5.535199E+01, 8.253979E+01, 1.433379E+02, 3.852331E+01, 5.413887E+00, 2.329882E-01,1, 0.000000E+00,11, 4.180602E+00,0, 0.000000E+00,NULL,NULL,NULL,NULL,NULL,NULL,1,mc_qqps,35
-21023,1689,20227,232633,94C2, 9.125000E+01,32,20,52,32,20,-2.476679E+00,-9.800273E-01,-1.172963E+00, 4.195473E+01, 4.129845E+01, 1.290577E+00, 6.629980E+00, 2.138828E+00, 2.017491E+01, 7.644472E+01, 3.487415E+01, 2.041290E+01, 1.360466E+01,4, 1.790415E+00,18, 2.318686E+00,0, 0.000000E+00,1, 4.724258E-01, 4.724258E-01, 4.724258E-01,2, 0.000000E+00,1,mc_qqps,35
-21023,1690,20227,232651,94C2, 9.125000E+01,41,9,50,41,9, 3.309240E+00, 2.528930E-01,-2.515980E+00, 6.058012E+01, 5.945477E+01, 1.450116E+00, 1.422901E+01, 1.712114E+00,-7.397135E-01, 7.346011E+01, 5.391281E+01, 1.102119E+01, 5.483596E-01,16, 3.189597E+00,0, 0.000000E+00,0, 0.000000E+00,7, 1.191208E+01, 5.149238E-01, 4.528921E+00,NULL,NULL,1,mc_qqps,35
-21023,1691,20227,232708,94C2, 9.125000E+01,21,18,39,21,18, 1.746438E+00, 3.816256E+00, 2.481913E+01, 7.355747E+01, 7.303497E+01, 3.477855E+00,-3.203169E+00, 2.475560E+00, 2.327463E+01, 1.089496E+02, 2.068596E+01, 2.045972E+01, 4.664671E+00,7, 8.012554E-02,13, 1.732749E+01,0, 0.000000E+00,5, 1.460178E+01, 6.629585E-01, 1.026775E+01,NULL,NULL,1,mc_qqps,35
-21023,1692,20227,232720,94C2, 9.125000E+01,40,12,52,40,12,-3.548874E+01, 1.202172E+00,-1.475706E+02, 7.422169E+02, 7.417306E+02, 1.854326E+01,-2.737980E+01,-6.969136E+00,-1.219875E+02, 7.755524E+02, 5.717160E+01, 3.302304E+01, 3.125000E-01,1, 0.000000E+00,19, 1.724267E+01,0, 0.000000E+00,NULL,NULL,NULL,NULL,NULL,NULL,1,mc_qqps,35
-21023,1693,20227,232738,94C2, 9.125000E+01,27,12,39,27,12, 1.831384E+01,-1.912260E+00, 1.757502E+01, 6.480666E+01, 6.432867E+01, 2.382543E+00, 1.129945E+01,-1.086447E+00, 9.271236E+00, 8.896709E+01, 6.098934E+01, 7.679407E+00, 1.594353E+01,5, 3.047490E-02,3, 0.000000E+00,0, 0.000000E+00,3, 3.327723E+00, 5.610518E-01, 2.184048E+00,NULL,NULL,1,mc_qqps,35
-21023,1694,20227,232759,94C2, 9.125000E+01,50,15,65,50,15, 5.360272E+00,-6.981169E+00,-1.759412E+01, 7.891261E+01, 7.795798E+01, 1.559160E+00, 7.284315E+00,-5.966500E+00,-1.781866E+01, 9.208366E+01, 6.502174E+01, 1.275033E+01, 4.207253E-01,8, 0.000000E+00,14, 0.000000E+00,0, 0.000000E+00,4, 2.641445E+00, 4.425608E-01, 8.291634E-01,1, 0.000000E+00,1,mc_qqps,35
-21023,1695,20227,232820,94C2, 9.125000E+01,26,20,46,26,20,-1.636052E+00, 1.708343E-01,-9.900527E-01, 5.948503E+01, 5.894724E+01, 2.267202E+00,-1.240132E+00,-7.160248E-01, 1.829999E+00, 8.774206E+01, 5.446313E+01, 2.258994E+01, 2.114678E-01,14, 5.999941E-01,6, 0.000000E+00,0, 0.000000E+00,12, 2.333432E+01, 5.620341E-01, 7.642404E+00,NULL,NULL,1,mc_qqps,35
-21023,1696,20227,232837,94C2, 9.125000E+01,36,16,52,36,16, 2.874095E+00,-3.069929E+00, 2.321391E+00, 5.104335E+01, 5.048635E+01, 1.402399E+00,-5.137076E+00,-8.064539E+00,-5.762089E+00, 7.765089E+01, 4.177148E+01, 1.180035E+01, 1.480718E+01,15, 1.291563E+00,3, 4.350123E-01,0, 0.000000E+00,10, 8.510569E+00, 2.628772E-01, 2.896370E+00,NULL,NULL,1,mc_qqps,35
-21023,1697,20227,232854,94C2, 9.125000E+01,28,14,42,28,14,-8.085448E-01, 3.436815E+00,-2.601327E+00, 6.972381E+01, 6.926692E+01, 2.473819E+00,-3.653755E+00, 6.059400E+00,-6.849926E+00, 8.547492E+01, 6.711684E+01, 1.056719E+01, 5.217909E+00,2, 0.000000E+00,7, 0.000000E+00,0, 0.000000E+00,1, 1.577326E+00, 1.577326E+00, 1.577326E+00,1, 0.000000E+00,1,mc_qqps,35
-21023,1698,20227,232919,94C2, 9.125000E+01,13,6,19,13,6, 9.796492E+00, 3.085242E+00, 9.308125E-01, 5.212203E+01, 5.191713E+01, 3.993626E+00,-8.488438E+00,-3.612362E+00, 5.668013E+00, 7.544592E+01, 3.753126E+01, 6.051286E+00, 1.727260E+01,11, 2.063273E+01,0, 0.000000E+00,0, 0.000000E+00,4, 6.051286E+00, 9.630741E-01, 2.766709E+00,NULL,NULL,1,mc_qqps,35
-21023,1699,20227,232930,94C2, 9.125000E+01,19,13,32,19,13, 5.235816E+00, 8.333341E+00,-4.080485E+00, 4.131480E+01, 4.106920E+01, 2.161537E+00,-2.485904E+00,-4.305641E+00, 1.275743E+00, 7.197607E+01, 3.998732E+01, 2.839951E+01, 1.210788E+00,16, 3.038047E+00,0, 0.000000E+00,0, 0.000000E+00,11, 2.945048E+01, 5.251155E-01, 7.779765E+00,NULL,NULL,1,mc_qqps,35
-21023,1700,20227,232941,94C2, 9.125000E+01,31,13,44,31,13,-1.664601E+00, 7.675384E+00, 1.024304E+01, 5.168306E+01, 5.129877E+01, 1.654799E+00,-2.430844E-01, 2.510123E+00, 4.785043E+00, 8.589349E+01, 4.671547E+01, 3.329255E+01, 9.178877E-01,15, 8.854668E+00,3, 4.767446E-01,0, 0.000000E+00,8, 3.050492E+01, 7.217383E-01, 1.746741E+01,NULL,NULL,1,mc_qqps,35
-21023,1701,20227,232957,94C2, 9.125000E+01,66,14,80,66,14, 2.183618E-01, 9.249163E+00, 5.133659E+00, 7.294497E+01, 7.119539E+01, 1.078718E+00,-4.490618E+00, 1.082646E+01, 4.058356E+00, 9.065758E+01, 5.335968E+01, 9.437427E+00, 8.402145E+00,16, 4.563636E-01,0, 0.000000E+00,0, 0.000000E+00,7, 8.228308E+00, 3.429434E-01, 3.955410E+00,NULL,NULL,1,mc_qqps,35
-21023,1702,20227,233020,94C2, 9.125000E+01,37,15,52,37,15,-4.623469E+00, 7.296884E+00,-8.107960E-01, 6.403665E+01, 6.332366E+01, 1.711450E+00, 1.309177E+01,-1.316637E+01, 5.205220E+00, 1.057840E+02, 5.787843E+01, 2.550636E+01, 1.494511E+01,18, 2.459563E-01,0, 0.000000E+00,0, 0.000000E+00,12, 2.612500E+01, 4.531765E-01, 6.859295E+00,NULL,NULL,1,mc_qqps,35
-21023,1703,20227,233033,94C2, 9.125000E+01,34,13,47,34,13,-1.030369E+01, 4.811536E+00, 7.368628E+00, 5.598209E+01, 5.526229E+01, 1.625361E+00,-5.402218E-01,-1.359610E+00,-1.182529E+00, 8.470535E+01, 4.402179E+01, 2.723933E+01, 0.000000E+00,17, 4.230448E-01,1, 0.000000E+00,0, 0.000000E+00,11, 2.789765E+01, 4.219652E-01, 7.717634E+00,NULL,NULL,1,mc_qqps,35
-21023,1704,20227,233049,94C2, 9.125000E+01,30,17,47,30,17,-8.646315E+00,-1.021927E+00,-4.532898E+01, 7.929443E+01, 7.866211E+01, 2.622070E+00,-6.292671E+00, 3.756241E-01,-4.337877E+01, 9.483987E+01, 4.290176E+01, 1.276287E+01, 2.782580E+00,4, 0.000000E+00,18, 5.737171E+00,0, 0.000000E+00,4, 5.407971E+00, 8.770385E-01, 2.145769E+00,NULL,NULL,1,mc_qqps,35
-21023,1705,20227,233106,94C2, 9.125000E+01,45,18,63,45,18, 1.135900E+00, 7.965943E+00, 8.521303E-01, 5.392689E+01, 5.270246E+01, 1.171166E+00,-2.696427E-01,-4.863035E+00, 1.698088E+00, 8.535867E+01, 4.774862E+01, 1.782413E+01, 1.373754E+01,18, 6.444539E+00,0, 0.000000E+00,0, 0.000000E+00,10, 1.489592E+01, 5.888615E-01, 3.418577E+00,NULL,NULL,1,mc_qqps,35
-21023,1706,20227,233126,94C2, 9.125000E+01,42,11,53,42,11,-3.656704E+00, 3.309190E+00,-2.143725E+00, 7.400687E+01, 7.301305E+01, 1.738406E+00,-3.607935E+00, 2.857814E+00,-1.564733E+00, 8.413988E+01, 6.322604E+01, 8.543348E+00, 1.589661E+00,12, 1.050459E+01,4, 0.000000E+00,0, 0.000000E+00,4, 5.820990E+00, 9.953642E-01, 2.184744E+00,NULL,NULL,1,mc_qqps,35
-21023,1707,20227,233141,94C2, 9.125000E+01,17,11,28,17,11,-1.343766E+01,-9.302979E+00, 1.431871E+01, 5.795006E+01, 5.753743E+01, 3.384555E+00,-2.031100E+01,-1.088128E+01, 1.954102E+01, 1.050688E+02, 5.640826E+01, 1.592015E+01, 2.784687E+01,9, 2.272671E+00,1, 0.000000E+00,0, 0.000000E+00,6, 1.879973E+01, 4.550549E-01, 6.772214E+00,NULL,NULL,1,mc_qqps,35
-21023,1708,20227,233155,94C2, 9.125000E+01,24,24,48,24,24, 9.737471E+00,-5.558629E+00,-5.162708E+01, 7.090952E+01, 7.048999E+01, 2.937083E+00, 6.831908E+00,-6.277001E+00,-4.256083E+01, 9.626729E+01, 1.217002E+01, 2.376654E+01, 1.591237E+00,0, 0.000000E+00,19, 1.680310E+00,0, 0.000000E+00,NULL,NULL,NULL,NULL,6, 0.000000E+00,1,mc_qqps,35
-21023,1709,20227,233217,94C2, 9.125000E+01,11,23,34,11,23, 2.189066E+00,-2.116173E+00,-2.157062E+00, 1.220229E+01, 1.200505E+01, 1.091368E+00,-4.893796E-01,-1.269916E+00, 9.400671E+00, 3.963216E+01, 3.523480E+00, 2.264305E+01, 4.786827E+00,2, 4.259154E+00,14, 7.368184E-01,0, 0.000000E+00,1, 4.389112E-01, 4.389112E-01, 4.389112E-01,7, 0.000000E+00,0,mc_qqps,35
-21023,1710,20227,233237,94C2, 9.125000E+01,39,11,50,39,11, 1.216860E+00, 1.950714E+00, 1.208809E+00, 3.710041E+01, 3.584577E+01, 9.191223E-01,-1.286251E-01, 8.535299E+00, 5.881402E+00, 8.976692E+01, 3.014135E+01, 3.901356E+01, 1.365294E+01,7, 1.493448E-01,0, 0.000000E+00,0, 0.000000E+00,6, 3.380595E+01, 8.137278E-01, 1.709586E+01,NULL,NULL,1,mc_qqps,35
-21023,1711,20227,233253,94C2, 9.125000E+01,19,3,22,19,3, 3.982276E-01, 2.494240E+00,-2.560718E-01, 8.305479E+01, 8.286044E+01, 4.361075E+00, 1.758397E+00, 3.420339E+00,-9.286250E-01, 8.537805E+01, 7.986772E+01, 5.389087E-01, 8.185465E-01,8, 2.695777E+00,0, 0.000000E+00,0, 0.000000E+00,1, 9.658002E-01, 9.658002E-01, 9.658002E-01,NULL,NULL,1,mc_qqps,35
-21023,1712,20227,233304,94C2, 9.125000E+01,21,9,30,21,9,-1.152949E+01,-7.123071E+00, 3.998449E+00, 5.501851E+01, 5.481221E+01, 2.610105E+00, 2.138033E+01, 1.761126E+01,-8.785384E+00, 1.003038E+02, 4.754463E+01, 3.799471E+01, 6.276776E+00,12, 7.958604E+00,0, 0.000000E+00,0, 0.000000E+00,5, 2.895564E+01, 4.409729E-01, 2.146878E+01,NULL,NULL,1,mc_qqps,35
-21023,1713,20227,233317,94C2, 9.125000E+01,41,19,60,41,19,-6.718068E+00, 1.115829E+01, 2.671812E+00, 5.489351E+01, 5.312442E+01, 1.295718E+00,-3.432285E-01,-1.756820E+00,-2.485244E+00, 9.457275E+01, 4.611777E+01, 3.107779E+01, 3.880258E+00,19, 2.453018E+00,0, 0.000000E+00,0, 0.000000E+00,14, 3.048197E+01, 6.477453E-01, 7.929268E+00,NULL,NULL,1,mc_qqps,35
-21023,1714,20227,233332,94C2, 9.125000E+01,30,9,39,30,9, 1.984351E-01, 1.458534E+00,-5.497743E-01, 8.022331E+01, 7.982006E+01, 2.660669E+00, 2.306800E+00,-3.402486E+00, 3.566060E+00, 9.262554E+01, 7.619888E+01, 8.387541E+00, 0.000000E+00,14, 8.528262E+00,0, 0.000000E+00,0, 0.000000E+00,9, 1.240222E+01, 6.877027E-01, 2.494051E+00,NULL,NULL,1,mc_qqps,35
-21023,1715,20227,233343,94C2, 9.125000E+01,25,11,36,25,11, 2.330563E+00,-5.446537E-01,-8.645748E+00, 7.036871E+01, 6.992621E+01, 2.797048E+00,-6.411802E+00,-1.546643E+00,-7.976554E+00, 9.704623E+01, 5.727613E+01, 2.444942E+01, 1.258731E+00,12, 1.668981E+00,1, 0.000000E+00,0, 0.000000E+00,9, 2.541879E+01, 6.621356E-01, 1.167916E+01,NULL,NULL,1,mc_qqps,35
-21023,1716,20227,233356,94C2, 9.125000E+01,36,21,57,36,21, 1.903934E+00,-2.242466E+00, 7.789464E+00, 7.735444E+01, 7.672540E+01, 2.131261E+00, 1.018047E+00,-2.771314E+00, 9.730705E+00, 1.112513E+02, 5.718573E+01, 2.430677E+01, 9.590121E+00,0, 0.000000E+00,23, 9.243653E+00,0, 0.000000E+00,NULL,NULL,NULL,NULL,NULL,NULL,1,mc_qqps,35
-21023,1717,20227,233414,94C2, 9.125000E+01,20,7,27,20,7, 1.831743E+01, 5.145828E+00, 1.324310E+01, 6.798343E+01, 6.735574E+01, 3.367787E+00, 2.900005E+00, 1.337278E+00, 2.110150E+00, 9.407825E+01, 6.544325E+01, 4.039332E+00, 1.794044E+01,10, 3.245744E+00,0, 0.000000E+00,0, 0.000000E+00,6, 8.154370E+00, 8.126270E-01, 1.945785E+00,NULL,NULL,1,mc_qqps,35
-21023,1718,20227,233426,94C2, 9.125000E+01,35,12,47,35,12,-1.408432E+00,-4.678940E-01, 3.949555E-01, 5.860891E+01, 5.804737E+01, 1.658496E+00,-5.142646E+00,-4.371438E-01,-4.287208E+00, 9.354442E+01, 5.532676E+01, 2.754168E+01, 6.165698E+00,12, 3.074923E-01,1, 0.000000E+00,0, 0.000000E+00,6, 2.513727E+01, 1.074871E+00, 8.971946E+00,NULL,NULL,1,mc_qqps,35
-21023,1719,20227,233440,94C2, 9.125000E+01,18,9,27,18,9, 1.154597E+00,-1.607751E+00,-3.006169E+00, 5.377676E+01, 5.355562E+01, 2.975312E+00, 6.485847E+00,-6.308000E+00,-5.860745E+00, 8.266604E+01, 5.005849E+01, 2.324865E+01, 5.667033E+00,15, 1.461923E+01,0, 0.000000E+00,0, 0.000000E+00,7, 2.324865E+01, 8.087685E-01, 1.258918E+01,NULL,NULL,1,mc_qqps,35
-21023,1720,20227,233450,94C2, 9.125000E+01,34,19,53,34,19,-4.896840E+00, 6.061612E+00,-1.226689E+01, 3.919217E+01, 3.848631E+01, 1.131950E+00,-2.380127E+00, 8.753458E-01,-2.038540E+00, 8.326788E+01, 3.411229E+01, 4.312169E+01, 9.540120E-01,9, 1.863411E-01,9, 0.000000E+00,0, 0.000000E+00,7, 2.708234E+01, 4.517145E-01, 1.897852E+01,NULL,NULL,1,mc_qqps,35
-21023,1721,20227,233511,94C2, 9.125000E+01,14,6,20,14,6, 1.753147E-01, 3.853624E-01, 1.570552E+00, 7.748717E+01, 7.740350E+01, 5.528821E+00, 4.109235E+00, 1.138766E+01,-3.000664E-01, 9.788569E+01, 7.754118E+01, 1.604924E+01, 4.349277E+00,9, 2.257640E-01,0, 0.000000E+00,0, 0.000000E+00,3, 4.715687E+00, 4.483682E-01, 2.895796E+00,NULL,NULL,1,mc_qqps,35
-21023,1722,20227,233524,94C2, 9.125000E+01,17,10,27,17,10,-8.767308E+00,-3.651846E+00,-1.155430E+01, 4.823006E+01, 4.796332E+01, 2.821372E+00,-7.609235E+00,-3.337902E+00,-9.304159E+00, 6.334143E+01, 4.786456E+01, 1.317662E+01, 1.934758E+00,2, 0.000000E+00,5, 7.542893E-01,0, 0.000000E+00,2, 5.424418E+00, 1.808916E+00, 3.615503E+00,1, 0.000000E+00,1,mc_qqps,35
-21023,1723,20227,233539,94C2, 9.125000E+01,28,12,40,28,12, 3.482684E+00,-7.313294E-01,-2.029769E+00, 6.344749E+01, 6.278314E+01, 2.242255E+00,-1.975141E+00,-1.279541E+00,-3.426225E+00, 7.944242E+01, 5.130618E+01, 1.408664E+01, 0.000000E+00,13, 2.060507E+01,2, 0.000000E+00,0, 0.000000E+00,9, 1.506515E+01, 5.087723E-01, 6.328765E+00,NULL,NULL,1,mc_qqps,35
-21023,1724,20227,233550,94C2, 9.125000E+01,24,16,40,24,16, 1.340938E+01,-7.516131E+00,-7.412933E+00, 5.410259E+01, 5.377332E+01, 2.240555E+00,-1.805519E+00,-3.896425E+00, 2.995434E+00, 9.647807E+01, 5.287950E+01, 4.188126E+01, 4.949091E-01,18, 1.332439E+01,0, 0.000000E+00,0, 0.000000E+00,12, 3.680082E+01, 3.772882E-01, 1.325073E+01,NULL,NULL,1,mc_qqps,35
-21023,1725,20227,233603,94C2, 9.125000E+01,26,18,44,26,18,-1.168998E+00, 1.191341E-01, 2.235065E+00, 4.373808E+01, 4.328513E+01, 1.664813E+00, 1.303074E+01, 1.364109E+01,-1.675554E+01, 8.170301E+01, 3.277633E+01, 3.435270E+01, 3.092554E+00,18, 3.559196E+00,1, 0.000000E+00,0, 0.000000E+00,13, 2.700084E+01, 4.466059E-01, 1.179324E+01,NULL,NULL,1,mc_qqps,35
-21023,1726,20227,233616,94C2, 9.125000E+01,33,10,43,33,10, 4.177910E+00, 2.286200E-01, 2.016787E+00, 4.292652E+01, 4.218184E+01, 1.278238E+00,-1.720469E+00, 2.844881E+00, 4.760913E+00, 6.714268E+01, 3.540409E+01, 1.117083E+01, 4.890581E+00,11, 4.953044E+00,2, 0.000000E+00,0, 0.000000E+00,7, 1.798586E+01, 6.981382E-01, 8.154750E+00,NULL,NULL,1,mc_qqps,35
-21023,1727,20227,233629,94C2, 9.125000E+01,24,10,34,24,10, 3.434060E-01, 2.662492E+00, 8.609889E-01, 7.734083E+01, 7.706327E+01, 3.210970E+00, 1.378966E+00, 2.982130E+00, 1.353661E-01, 8.811691E+01, 7.619032E+01, 8.439845E+00, 2.336234E+00,16, 2.368064E+01,1, 0.000000E+00,0, 0.000000E+00,6, 7.983287E+00, 6.890613E-01, 2.248214E+00,NULL,NULL,1,mc_qqps,35
-21023,1728,20227,233642,94C2, 9.125000E+01,35,15,50,35,15,-1.270677E+01,-1.671136E-01, 5.011022E+00, 7.095625E+01, 7.024468E+01, 2.006991E+00,-2.060163E+00, 6.726851E+00,-4.166445E-01, 1.285573E+02, 5.722826E+01, 2.997119E+01, 2.680426E+01,14, 1.625215E+01,0, 0.000000E+00,0, 0.000000E+00,8, 2.234214E+01, 1.002597E+00, 6.368497E+00,NULL,NULL,1,mc_qqps,35
-21023,1729,20227,233656,94C2, 9.125000E+01,19,6,25,19,6, 6.572989E+00,-1.539023E+01,-1.429047E+01, 6.336665E+01, 6.295807E+01, 3.313582E+00,-3.147442E+00, 8.418003E+00, 8.886383E+00, 1.048952E+02, 4.584033E+01, 3.889867E+01, 0.000000E+00,6, 4.633486E+00,0, 0.000000E+00,0, 0.000000E+00,5, 3.756362E+01, 8.267221E-01, 2.783784E+01,NULL,NULL,1,mc_qqps,35
-21023,1730,20227,233708,94C2, 9.125000E+01,42,18,60,42,18,-1.005569E+01,-3.874203E+00,-1.151801E+01, 6.277704E+01, 6.211666E+01, 1.478968E+00,-6.194899E+00,-2.515567E+00,-1.049978E+01, 8.604016E+01, 5.829044E+01, 1.584265E+01, 6.799183E+00,9, 2.270819E-01,4, 0.000000E+00,0, 0.000000E+00,7, 9.593398E+00, 6.663904E-01, 2.593555E+00,NULL,NULL,1,mc_qqps,35
-21023,1731,20227,233729,94C2, 9.125000E+01,20,9,29,20,9,-5.276338E+00, 6.779109E+00,-4.923552E+00, 6.008161E+01, 5.968138E+01, 2.984069E+00,-1.532037E+01, 1.981251E+01,-1.340233E+01, 8.728442E+01, 5.789314E+01, 2.028544E+01, 6.934745E+00,12, 2.866683E+00,0, 0.000000E+00,0, 0.000000E+00,7, 1.955631E+01, 8.810096E-01, 7.651374E+00,NULL,NULL,1,mc_qqps,35
-21023,1732,20227,233738,94C2, 9.125000E+01,21,17,38,21,17,-1.516475E+00,-1.746671E+00, 2.777230E+00, 3.507630E+01, 3.465787E+01, 1.650375E+00, 8.074939E+00, 1.259253E-01,-1.010614E+01, 7.473688E+01, 2.901436E+01, 2.330822E+01, 1.414466E+01,5, 0.000000E+00,4, 0.000000E+00,0, 0.000000E+00,5, 8.397384E+00, 6.617177E-01, 3.615380E+00,2, 0.000000E+00,1,mc_qqps,35
-21023,1733,20227,233757,94C2, 9.125000E+01,22,16,38,22,16,-9.939575E+00, 7.308596E-01, 1.728040E+01, 5.354253E+01, 5.325397E+01, 2.420635E+00, 4.735314E+00, 3.139983E+00,-5.158978E+00, 9.191096E+01, 4.038981E+01, 1.430368E+01, 2.422092E+01,7, 2.126541E-01,12, 1.285686E+00,0, 0.000000E+00,4, 6.358676E+00, 8.258385E-01, 2.456687E+00,1, 0.000000E+00,1,mc_qqps,35
-21023,1734,20227,233819,94C2, 9.125000E+01,61,17,78,61,17,-6.653154E+00,-2.101317E+00, 1.835859E+01, 8.289371E+01, 8.143808E+01, 1.335050E+00,-4.981699E+00,-5.477776E+00, 1.474443E+01, 9.833393E+01, 4.931762E+01, 7.584538E+00, 6.760040E+00,12, 5.898880E-01,11, 9.787638E-01,0, 0.000000E+00,3, 3.484119E+00, 8.517452E-01, 1.505977E+00,NULL,NULL,1,mc_qqps,35
-21023,1735,20227,233840,94C2, 9.125000E+01,28,15,43,28,15,-5.048210E-01, 2.444592E+00, 1.513918E-01, 6.730600E+01, 6.680665E+01, 2.385952E+00,-4.983280E+00,-3.992741E+00,-6.781314E+00, 9.009702E+01, 6.326287E+01, 1.949733E+01, 1.989607E+00,18, 4.117359E+00,0, 0.000000E+00,0, 0.000000E+00,11, 1.862100E+01, 4.534379E-01, 3.796520E+00,NULL,NULL,1,mc_qqps,35
-21023,1736,20227,233857,94C2, 9.125000E+01,41,20,61,41,20, 1.718126E+00, 2.268605E+00,-3.540334E+01, 9.487541E+01, 9.417073E+01, 2.296847E+00, 8.394228E-01, 3.037925E-01,-3.947320E+01, 1.103916E+02, 5.505725E+01, 1.154758E+01, 3.024470E+00,9, 4.473460E-01,21, 8.052872E-01,0, 0.000000E+00,6, 5.329100E+00, 5.008517E-01, 1.408017E+00,NULL,NULL,1,mc_qqps,35
-21023,1737,20227,233917,94C2, 9.125000E+01,35,19,54,35,19, 9.015661E+00,-4.302272E-01, 5.883380E+00, 4.711639E+01, 4.635198E+01, 1.324342E+00,-2.679796E-01,-2.116001E+00, 1.046468E+00, 8.802557E+01, 3.532040E+01, 1.728200E+01, 5.853618E+00,23, 8.588014E+00,0, 0.000000E+00,0, 0.000000E+00,16, 3.395514E+01, 4.150347E-01, 1.021824E+01,NULL,NULL,1,mc_qqps,35
-21023,1738,20227,233929,94C2, 9.125000E+01,33,14,47,33,14, 7.255895E+00,-1.591347E+01,-1.555845E+02, 1.645574E+02, 1.632727E+02, 4.947657E+00, 6.044262E+00,-1.713112E+01,-1.408508E+02, 2.081432E+02, 6.605840E+00, 4.320224E+01, 0.000000E+00,1, 0.000000E+00,10, 3.936552E-01,0, 0.000000E+00,1, 3.836238E-01, 3.836238E-01, 3.836238E-01,4, 0.000000E+00,0,mc_qqps,35
-21023,1739,20227,233949,94C2, 9.125000E+01,54,17,71,54,17, 1.204613E-01,-1.201958E+00,-6.490558E-01, 6.235802E+01, 6.094708E+01, 1.128650E+00,-1.510303E+01, 3.746035E+00,-3.621649E+00, 8.851676E+01, 4.984540E+01, 2.062888E+01, 2.589137E+00,17, 9.763340E+00,0, 0.000000E+00,0, 0.000000E+00,11, 1.778189E+01, 3.985038E-01, 4.141382E+00,NULL,NULL,1,mc_qqps,35
-21023,1740,20227,234012,94C2, 9.125000E+01,17,19,36,17,19,-9.887231E-01,-1.376166E+00, 5.245435E+00, 2.119964E+01, 2.088375E+01, 1.228456E+00, 2.857344E-01,-3.740361E-01,-2.808759E+00, 6.777652E+01, 1.829520E+01, 4.468678E+01, 1.890090E+00,3, 0.000000E+00,14, 9.738162E-01,0, 0.000000E+00,2, 2.951046E+00, 6.203119E-01, 2.330735E+00,3, 0.000000E+00,1,mc_qqps,35
-21023,1741,20227,234039,94C2, 9.125000E+01,16,8,24,16,8, 3.243657E+00, 3.292413E+00, 6.361232E-01, 2.094639E+01, 2.066380E+01, 1.291488E+00,-3.100616E+00,-5.519425E-01, 1.318936E+00, 7.369580E+01, 2.071585E+01, 4.530312E+00, 4.838877E+01,8, 1.350438E-01,0, 0.000000E+00,0, 0.000000E+00,4, 4.530312E+00, 4.476717E-01, 2.173411E+00,NULL,NULL,1,mc_qqps,35
-21023,1742,20227,234053,94C2, 9.125000E+01,29,13,42,29,13, 2.174892E+01, 6.170978E+01, 1.733793E+02, 2.100266E+02, 2.094846E+02, 7.223606E+00, 2.272441E+01, 6.263303E+01, 1.744948E+02, 2.258595E+02, 4.764863E+01, 9.967926E+00, 5.864980E+00,4, 3.255331E-01,6, 0.000000E+00,0, 0.000000E+00,2, 1.088844E+00, 5.119729E-01, 5.768714E-01,2, 0.000000E+00,1,mc_qqps,35
-21023,1743,20227,234109,94C2, 9.125000E+01,23,16,39,23,16,-5.446048E+00, 1.221784E+01,-3.376226E+00, 7.126853E+01, 7.091845E+01, 3.083411E+00,-3.470651E+00, 8.728956E+00,-2.830399E+00, 9.221654E+01, 6.298235E+01, 1.935677E+01, 1.678502E+00,20, 4.590809E+00,0, 0.000000E+00,0, 0.000000E+00,13, 1.847096E+01, 4.494116E-01, 5.042604E+00,NULL,NULL,1,mc_qqps,35
-21023,1744,20227,234122,94C2, 9.125000E+01,44,10,54,44,10, 1.921495E+00, 2.215456E+00, 3.419362E+00, 7.965742E+01, 7.896220E+01, 1.794595E+00, 4.509977E+00, 4.155740E+00, 5.743765E+00, 1.031893E+02, 6.843767E+01, 2.313033E+01, 0.000000E+00,13, 3.119144E-01,0, 0.000000E+00,0, 0.000000E+00,8, 2.082676E+01, 4.015475E-01, 7.528808E+00,NULL,NULL,1,mc_qqps,35
-21023,1745,20227,234139,94C2, 9.125000E+01,12,15,27,12,15, 1.558083E+00, 9.943982E+00, 1.317858E+00, 2.306824E+01, 2.292953E+01, 1.910794E+00,-1.481874E+00, 1.006077E+00, 5.655479E-02, 8.092345E+01, 1.940667E+01, 2.642396E+01, 3.069303E+01,14, 5.095206E+00,0, 0.000000E+00,0, 0.000000E+00,11, 2.750760E+01, 7.739055E-01, 9.883198E+00,NULL,NULL,1,mc_qqps,35
-21023,1746,20227,234151,94C2, 9.125000E+01,15,17,32,15,17,-6.187790E+00, 4.542806E+00,-1.754978E+01, 4.500903E+01, 4.472789E+01, 2.981859E+00,-7.164959E+00, 6.760570E+00,-1.871026E+01, 8.508523E+01, 4.284548E+01, 2.707435E+01, 1.300185E+01,0, 0.000000E+00,18, 1.183888E+01,0, 0.000000E+00,NULL,NULL,NULL,NULL,NULL,NULL,1,mc_qqps,35
-21023,1747,20227,234204,94C2, 9.125000E+01,42,16,58,42,16,-1.429330E+01,-1.180866E+01, 6.489319E+00, 8.876324E+01, 8.772961E+01, 2.088800E+00,-9.325926E+00,-1.054971E+01, 2.263651E+00, 1.095959E+02, 6.059679E+01, 1.346196E+01, 5.505393E+00,14, 5.756224E+00,3, 0.000000E+00,0, 0.000000E+00,7, 1.229509E+01, 8.839508E-01, 4.479108E+00,NULL,NULL,1,mc_qqps,35
-21023,1748,20227,234221,94C2, 9.125000E+01,18,19,37,18,19, 1.506728E+00, 7.218119E+00,-2.696536E+00, 4.227007E+01, 4.210432E+01, 2.339129E+00,-4.252708E+00,-6.152668E+00, 5.031611E+00, 9.874127E+01, 3.831334E+01, 3.622134E+01, 6.977791E+00,19, 2.686677E+00,1, 0.000000E+00,0, 0.000000E+00,15, 4.595151E+01, 4.268694E-01, 1.307377E+01,NULL,NULL,1,mc_qqps,35
-21023,1749,20227,234233,94C2, 9.125000E+01,19,7,26,19,7, 6.917050E-01, 3.025666E+00, 5.867781E-01, 7.796661E+01, 7.769874E+01, 4.089407E+00,-1.456881E+00,-3.492065E+00,-3.043930E+00, 8.672858E+01, 7.499887E+01, 7.298702E+00, 7.151613E-01,10, 9.339660E-01,0, 0.000000E+00,0, 0.000000E+00,4, 4.346601E+00, 7.481189E-01, 1.533365E+00,NULL,NULL,1,mc_qqps,35
-21023,1750,20227,234245,94C2, 9.125000E+01,21,8,29,21,8, 6.011284E+00,-5.492306E+00, 1.194665E+01, 6.611869E+01, 6.590605E+01, 3.138383E+00, 9.442871E-01, 3.021530E+00, 2.495811E+00, 8.168933E+01, 5.480698E+01, 4.162846E+00, 1.148167E+01,7, 1.649283E+00,4, 4.582734E+00,0, 0.000000E+00,4, 3.461092E+00, 4.782581E-01, 1.248317E+00,NULL,NULL,1,mc_qqps,35
-21023,1751,20227,234259,94C2, 9.125000E+01,37,21,58,37,21, 1.478246E+01, 1.830018E+01, 6.038102E+00, 4.010193E+01, 3.923573E+01, 1.060425E+00, 7.690317E+00, 8.610406E+00, 2.784410E+00, 9.208335E+01, 3.043336E+01, 3.958287E+01, 4.724343E+00,22, 3.997941E-01,0, 0.000000E+00,0, 0.000000E+00,18, 4.583341E+01, 6.196586E-01, 1.140852E+01,NULL,NULL,1,mc_qqps,35
-21023,1752,20227,234316,94C2, 9.125000E+01,27,16,43,27,16,-1.273018E+00,-9.692134E+00,-1.962828E+01, 4.764933E+01, 4.720264E+01, 1.748246E+00,-1.044457E-01,-2.828821E-01,-4.728509E-01, 8.785939E+01, 4.153830E+01, 3.600797E+01, 4.202097E+00,6, 6.945062E-01,8, 0.000000E+00,0, 0.000000E+00,4, 6.370344E+00, 9.181579E-01, 2.813944E+00,NULL,NULL,1,mc_qqps,35
-21023,1753,20227,234332,94C2, 9.125000E+01,24,9,33,24,9, 3.785288E+00, 5.744823E+00,-2.653059E+00, 6.457722E+01, 6.422118E+01, 2.675883E+00,-6.911736E-01, 2.652000E+00,-1.533602E-01, 8.537914E+01, 6.108367E+01, 1.836170E+01, 2.789570E+00,10, 1.375435E+00,2, 4.921730E-01,0, 0.000000E+00,5, 1.796519E+01, 1.032286E+00, 5.588065E+00,NULL,NULL,1,mc_qqps,35
-21023,1754,20227,234347,94C2, 9.125000E+01,38,10,48,38,10,-4.198129E+00,-3.899711E-01,-2.584093E+00, 5.075795E+01, 4.959323E+01, 1.305085E+00,-4.978092E+00, 1.265088E+00,-1.131247E+00, 8.972951E+01, 4.557219E+01, 3.775389E+01, 1.400528E+00,12, 9.147233E+00,1, 0.000000E+00,0, 0.000000E+00,6, 3.716006E+01, 1.037341E+00, 1.530361E+01,NULL,NULL,1,mc_qqps,35
-21023,1755,20227,234400,94C2, 9.125000E+01,25,8,33,25,8,-2.198529E+01, 2.701525E-02,-3.155523E+01, 1.098538E+02, 1.092919E+02, 4.371676E+00,-1.816168E+01,-5.919333E-02,-2.186687E+01, 1.250265E+02, 5.329409E+01, 4.299097E+00, 1.152412E+01,1, 0.000000E+00,8, 1.159873E+00,0, 0.000000E+00,1, 1.995839E+00, 1.995839E+00, 1.995839E+00,NULL,NULL,1,mc_qqps,35
-21023,1756,20227,234413,94C2, 9.125000E+01,37,24,61,37,24, 3.046097E+00, 6.763234E-01, 7.266282E+02, 8.145912E+02, 8.141144E+02, 2.200309E+01, 4.708461E+00,-9.348385E-01, 7.299251E+02, 8.431108E+02, 3.384851E+01, 2.578204E+01, 2.737474E+00,1, 0.000000E+00,28, 6.119540E+00,0, 0.000000E+00,1, 5.699260E-01, 5.699260E-01, 5.699260E-01,1, 0.000000E+00,1,mc_qqps,35
-21023,1757,20227,234433,94C2, 9.125000E+01,14,16,30,14,16, 9.299874E-01,-8.893653E-01, 1.024997E+00, 5.855257E+01, 5.843172E+01, 4.173694E+00,-2.123040E-01,-6.840088E+00,-7.568659E+00, 7.638889E+01, 5.913692E+01, 1.137642E+01, 5.474365E+00,3, 0.000000E+00,10, 0.000000E+00,0, 0.000000E+00,3, 2.788172E+00, 8.536819E-01, 9.855261E-01,NULL,NULL,1,mc_qqps,35
-21023,1758,20227,234454,94C2, 9.125000E+01,33,15,48,33,15, 2.244723E+00,-1.219724E+01,-2.927046E+00, 4.151335E+01, 4.084258E+01, 1.237654E+00, 6.065889E-01, 6.710813E+00, 3.120744E+00, 7.922553E+01, 3.569229E+01, 1.590450E+01, 1.979002E+01,21, 8.690927E+00,0, 0.000000E+00,0, 0.000000E+00,12, 1.792216E+01, 3.543210E-01, 4.759046E+00,NULL,NULL,1,mc_qqps,35
-21023,1759,20227,234507,94C2, 9.125000E+01,49,19,68,49,19,-1.798056E+02, 1.864317E+02, 2.463929E+03, 2.541609E+03, 2.540587E+03, 5.184871E+01,-1.830792E+02, 1.905720E+02, 2.452571E+03, 2.569580E+03, 3.790746E+01, 1.732787E+01, 1.064337E+01,5, 0.000000E+00,15, 0.000000E+00,0, 0.000000E+00,4, 4.468101E+00, 5.513024E-01, 2.338827E+00,1, 0.000000E+00,1,mc_qqps,35
-21023,1760,20227,234537,94C2, 9.125000E+01,72,15,87,72,15, 3.150791E-01,-1.323712E+00, 1.621355E-01, 6.380877E+01, 6.064310E+01, 8.422652E-01,-2.458775E+00, 1.563412E+00,-8.603571E-02, 9.333733E+01, 4.948125E+01, 2.622310E+01, 2.431331E+00,18, 8.538656E+00,0, 0.000000E+00,0, 0.000000E+00,12, 2.368355E+01, 4.552482E-01, 8.081470E+00,NULL,NULL,1,mc_qqps,35
-21023,1761,20227,234558,94C2, 9.125000E+01,18,11,29,18,11, 4.149330E+00,-9.078527E-01,-3.969174E+00, 6.492255E+01, 6.468056E+01, 3.593365E+00,-3.155995E+00, 1.276039E+00, 2.852096E+00, 8.383180E+01, 6.281357E+01, 1.826192E+01, 6.473249E-01,14, 8.626190E+00,1, 0.000000E+00,0, 0.000000E+00,9, 1.647058E+01, 2.785434E-01, 5.676095E+00,NULL,NULL,1,mc_qqps,35
-21023,1762,20227,234613,94C2, 9.125000E+01,30,13,43,30,13, 4.433774E+00, 2.646113E+00, 1.037826E+00, 6.207931E+01, 6.162219E+01, 2.054073E+00,-4.030212E-01, 3.435457E+00, 6.656861E+00, 9.973916E+01, 6.062123E+01, 1.132896E+01, 1.580440E+01,17, 4.156136E+00,0, 0.000000E+00,0, 0.000000E+00,10, 2.067346E+01, 6.460579E-01, 4.117846E+00,NULL,NULL,1,mc_qqps,35
-21023,1763,20227,234630,94C2, 9.125000E+01,37,14,51,37,14, 7.706459E+00,-1.052476E+01, 9.433081E+00, 4.680627E+01, 4.606911E+01, 1.245111E+00, 7.914693E+00,-1.045734E+01, 6.814730E+00, 7.010468E+01, 3.964394E+01, 9.135422E+00, 4.558624E+00,8, 1.616436E-01,4, 6.301200E-01,0, 0.000000E+00,5, 1.403056E+01, 9.335591E-01, 8.092982E+00,1, 0.000000E+00,1,mc_qqps,35
-21023,1764,20227,234651,94C2, 9.125000E+01,42,27,69,42,27,-1.132248E-01,-6.574075E+00,-3.303771E+00, 5.031892E+01, 4.939741E+01, 1.176129E+00, 1.928570E+00,-1.010354E+00, 4.028056E+00, 8.805502E+01, 4.085017E+01, 2.911390E+01, 5.094832E+00,4, 0.000000E+00,17, 2.236914E-01,0, 0.000000E+00,2, 4.976010E+00, 1.444704E+00, 3.531306E+00,NULL,NULL,1,mc_qqps,35
-21023,1765,20227,234708,94C2, 9.125000E+01,47,25,72,47,25,-3.144052E+00, 1.546256E+00, 3.156597E+00, 5.956760E+01, 5.853614E+01, 1.245450E+00, 5.650813E+00,-5.021404E-02, 5.960082E+00, 1.007232E+02, 5.281090E+01, 2.669806E+01, 8.272947E+00,27, 3.031452E+00,0, 0.000000E+00,0, 0.000000E+00,20, 3.222863E+01, 5.183144E-01, 5.917297E+00,NULL,NULL,1,mc_qqps,35
-21023,1766,20227,234725,94C2, 9.125000E+01,35,14,49,35,14, 3.663973E+00, 3.293277E+00,-8.082651E+00, 6.025085E+01, 5.980820E+01, 1.708806E+00, 2.200241E+00, 3.652636E+00,-5.450551E+00, 8.210063E+01, 5.944961E+01, 1.680051E+01, 5.579265E-01,16, 1.866927E+00,3, 0.000000E+00,0, 0.000000E+00,11, 2.027272E+01, 6.566591E-01, 4.308436E+00,NULL,NULL,1,mc_qqps,35
-21023,1767,20227,234740,94C2, 9.125000E+01,34,9,43,34,9,-3.075792E+00,-3.135150E+00, 5.626976E-01, 6.411113E+01, 6.338783E+01, 1.864348E+00,-1.371206E+00,-3.986972E+00, 1.224506E+00, 7.675874E+01, 3.014576E+01, 7.784073E+00, 0.000000E+00,9, 6.432274E+00,3, 5.224271E-01,0, 0.000000E+00,5, 8.217530E+00, 6.164337E-01, 3.662047E+00,NULL,NULL,1,mc_qqps,35
-21023,1768,20227,234753,94C2, 9.125000E+01,35,16,51,35,16, 1.497330E+00, 5.956417E+00, 7.247405E+00, 7.331522E+01, 7.283601E+01, 2.081029E+00,-6.043168E+00,-7.535805E+00,-7.100361E+00, 1.114936E+02, 6.533407E+01, 3.290670E+01, 1.330704E+00,10, 1.334851E+01,3, 0.000000E+00,0, 0.000000E+00,7, 1.899631E+01, 5.646816E-01, 1.264002E+01,NULL,NULL,1,mc_qqps,35
-21023,1769,20227,234809,94C2, 9.125000E+01,36,25,61,36,25, 4.264678E+00,-1.517511E+00, 7.286732E+00, 5.496389E+01, 5.443354E+01, 1.512043E+00, 1.390216E+01,-6.464504E+00, 1.713522E+01, 9.536800E+01, 5.315820E+01, 1.781390E+01, 7.781478E+00,2, 0.000000E+00,21, 2.053457E+00,0, 0.000000E+00,2, 1.574106E+01, 9.323233E-01, 1.480873E+01,NULL,NULL,1,mc_qqps,35
-21023,1770,20227,234826,94C2, 9.125000E+01,32,14,46,32,14, 2.186032E+01,-2.131952E+00,-7.822585E+01, 1.730260E+02, 1.726795E+02, 5.396234E+00, 1.599753E+01,-2.461937E+00,-7.094827E+01, 2.001728E+02, 5.025698E+01, 2.026744E+01, 3.186836E+00,14, 2.842147E-01,7, 0.000000E+00,0, 0.000000E+00,10, 2.291427E+01, 5.485829E-01, 1.001039E+01,NULL,NULL,1,mc_qqps,35
-21023,1771,20227,234840,94C2, 9.125000E+01,21,13,34,21,13, 1.605340E+00, 1.050077E+01,-7.977060E+00, 4.776317E+01, 4.752665E+01, 2.263174E+00, 2.888268E+00, 1.277037E+01,-9.122852E+00, 7.879332E+01, 4.713221E+01, 2.125340E+01, 6.126432E+00,12, 2.084093E+00,0, 0.000000E+00,0, 0.000000E+00,7, 2.380897E+01, 8.983040E-01, 1.232239E+01,NULL,NULL,1,mc_qqps,35
-21023,1772,20227,234852,94C2, 9.125000E+01,30,21,51,30,21, 3.418943E+00, 1.102952E-01,-3.422682E+00, 6.258319E+01, 6.213746E+01, 2.071249E+00, 7.697989E+00, 2.572800E-01,-7.039846E+00, 9.866511E+01, 5.497573E+01, 3.347690E+01, 0.000000E+00,28, 2.456123E+00,0, 0.000000E+00,0, 0.000000E+00,19, 3.004664E+01, 5.044392E-01, 5.450375E+00,NULL,NULL,1,mc_qqps,35
-21023,1773,20227,234907,94C2, 9.125000E+01,37,19,56,37,19, 4.861926E+00,-2.883920E+00,-2.877712E+00, 6.694418E+01, 6.605718E+01, 1.785329E+00, 2.148350E+00, 4.022874E-01, 2.154951E-01, 9.100021E+01, 5.978402E+01, 1.847938E+01, 1.692474E+00,22, 2.135737E+01,0, 0.000000E+00,0, 0.000000E+00,13, 2.095995E+01, 5.163625E-01, 3.874137E+00,NULL,NULL,1,mc_qqps,35
-21023,1774,20227,234926,94C2, 9.125000E+01,43,13,56,43,13,-6.690536E+00,-5.424551E+00,-4.268089E+00, 6.373992E+01, 6.293049E+01, 1.463500E+00,-5.593699E+00,-3.320242E+00, 3.042875E+00, 8.860402E+01, 5.060473E+01, 9.465366E+00, 1.375037E+01,14, 1.683467E+00,3, 5.070205E-01,0, 0.000000E+00,6, 9.582312E+00, 8.112083E-01, 2.908139E+00,NULL,NULL,1,mc_qqps,35
-21023,1775,20227,234945,94C2, 9.125000E+01,26,28,54,26,28, 1.912649E+01,-1.505453E+01,-1.837550E+01, 6.558600E+01, 6.532133E+01, 2.512359E+00, 1.279198E+01,-1.037572E+01,-1.248973E+01, 1.106410E+02, 4.874610E+01, 4.252435E+01, 1.350103E+00,28, 1.550093E+01,0, 0.000000E+00,0, 0.000000E+00,23, 4.183659E+01, 4.713625E-01, 6.451554E+00,1, 0.000000E+00,1,mc_qqps,35
-21023,1776,20227,235000,94C2, 9.125000E+01,36,15,51,36,15,-4.587052E+00, 6.142515E+00,-8.330338E+00, 4.962828E+01, 4.879986E+01, 1.355552E+00,-3.731599E+00, 3.149763E+00,-6.283875E+00, 6.982471E+01, 4.458591E+01, 1.714869E+01, 2.473939E+00,5, 7.123389E-01,7, 0.000000E+00,0, 0.000000E+00,3, 1.177064E+01, 5.747765E-01, 9.375430E+00,NULL,NULL,1,mc_qqps,35
-21023,1777,20227,235018,94C2, 9.125000E+01,33,14,47,33,14, 1.006226E+00, 9.364536E+00,-3.891218E+00, 6.644226E+01, 6.584230E+01, 1.995221E+00,-2.280312E-01, 1.374987E+01,-5.946173E+00, 9.606954E+01, 6.222172E+01, 2.362361E+01, 5.617821E-01,15, 2.118177E+00,0, 0.000000E+00,0, 0.000000E+00,9, 2.626958E+01, 4.827143E-01, 6.980401E+00,NULL,NULL,1,mc_qqps,35
-21023,1778,20227,235033,94C2, 9.125000E+01,23,18,41,23,18,-3.772800E+00,-1.995773E+00,-2.692508E+00, 6.426031E+01, 6.377712E+01, 2.772918E+00, 9.587155E+00,-1.349008E+00, 7.471570E+00, 9.798792E+01, 6.222047E+01, 3.029887E+01, 1.783304E+00,11, 1.510045E-01,8, 4.497456E-01,0, 0.000000E+00,7, 1.518304E+01, 5.966324E-01, 7.431517E+00,NULL,NULL,1,mc_qqps,35
-21023,1779,20227,235048,94C2, 9.125000E+01,20,9,29,20,9,-4.842419E+00, 1.249485E+01, 1.128098E+01, 7.391997E+01, 7.364863E+01, 3.682431E+00,-1.364972E+01, 3.272053E+01, 3.272326E+01, 1.189329E+02, 5.057050E+01, 4.501299E+01, 0.000000E+00,10, 5.462081E+00,0, 0.000000E+00,0, 0.000000E+00,8, 4.478771E+01, 5.016453E-01, 1.368532E+01,NULL,NULL,1,mc_qqps,35
-21023,1780,20227,235100,94C2, 9.125000E+01,14,7,21,14,7,-3.809998E+00, 4.477790E+00,-3.765076E-01, 6.535778E+01, 6.520344E+01, 4.657388E+00,-4.751994E+00, 6.489044E+00,-1.696366E-01, 7.720828E+01, 6.455645E+01, 1.185050E+01, 0.000000E+00,10, 1.040668E+01,0, 0.000000E+00,0, 0.000000E+00,6, 1.121070E+01, 7.427707E-01, 4.374574E+00,NULL,NULL,1,mc_qqps,35
-21023,1781,20227,235111,94C2, 9.125000E+01,23,14,37,23,14,-1.368709E+00, 2.668906E+00, 1.034806E+00, 5.284196E+01, 5.247789E+01, 2.281647E+00, 1.110854E+01, 3.356390E+00,-2.771473E+00, 8.259129E+01, 3.182063E+01, 1.731487E+01, 1.160312E+01,12, 2.271632E+00,3, 0.000000E+00,0, 0.000000E+00,8, 1.688584E+01, 5.499302E-01, 6.045708E+00,NULL,NULL,1,mc_qqps,35
-21023,1782,20227,235126,94C2, 9.125000E+01,39,16,55,39,16,-2.454395E+00,-8.394821E-01, 9.471751E+00, 7.484010E+01, 7.402576E+01, 1.898096E+00, 3.267812E+00, 2.185972E+00,-2.445672E+00, 9.949385E+01, 5.607539E+01, 2.148949E+01, 1.861283E+00,6, 0.000000E+00,8, 0.000000E+00,0, 0.000000E+00,4, 5.040673E+00, 5.955403E-01, 2.171829E+00,1, 0.000000E+00,1,mc_qqps,35
-21023,1783,20227,235144,94C2, 9.125000E+01,21,16,37,21,16, 1.156778E+01,-5.065192E+00,-1.834910E+00, 3.617961E+01, 3.578843E+01, 1.704211E+00, 1.239840E+01,-1.812150E+00,-3.359940E+00, 1.086620E+02, 3.393907E+01, 5.258084E+01, 1.630992E+01,13, 0.000000E+00,1, 0.000000E+00,0, 0.000000E+00,11, 3.869447E+01, 4.311688E-01, 1.406684E+01,NULL,NULL,1,mc_qqps,35
-21023,1784,20227,235157,94C2, 9.125000E+01,40,19,59,40,19, 1.298979E+00,-2.344352E+00, 3.470837E+00, 7.506049E+01, 7.420925E+01, 1.855231E+00, 3.571009E+00,-1.202427E+00,-9.707046E-01, 1.031803E+02, 5.563768E+01, 1.212403E+01, 1.606584E+01,4, 1.609760E-01,15, 2.679891E+00,0, 0.000000E+00,2, 1.780096E+00, 7.460972E-01, 1.033999E+00,NULL,NULL,1,mc_qqps,35
-21023,1785,20227,235213,94C2, 9.125000E+01,29,11,40,29,11,-2.533808E+00, 4.437994E+00, 2.117400E+00, 6.496837E+01, 6.450676E+01, 2.224371E+00,-4.251727E+00, 5.977887E+00, 4.501495E+00, 8.269864E+01, 6.372395E+01, 1.330010E+01, 3.427342E+00,15, 1.118845E+01,0, 0.000000E+00,0, 0.000000E+00,8, 1.337516E+01, 5.835018E-01, 5.123498E+00,1, 0.000000E+00,1,mc_qqps,35
-21023,1786,20227,235227,94C2, 9.125000E+01,30,21,51,30,21, 1.510474E+01,-5.864226E-01,-5.137896E+00, 5.581751E+01, 5.513146E+01, 1.837715E+00, 3.859619E+00,-2.039488E-01,-1.887609E+00, 9.308958E+01, 5.322426E+01, 3.366577E+01, 3.606295E+00,24, 1.981728E+00,0, 0.000000E+00,0, 0.000000E+00,17, 3.279292E+01, 4.965233E-01, 1.072310E+01,NULL,NULL,1,mc_qqps,35
-21023,1787,20227,235239,94C2, 9.125000E+01,19,16,35,19,16, 1.434401E+01,-1.786832E+00,-1.101181E+01, 5.892818E+01, 5.863644E+01, 3.086129E+00, 1.858949E+01,-1.657760E+00,-1.577531E+01, 1.092277E+02, 5.495633E+01, 2.720913E+01, 2.186730E+01,14, 1.450504E-01,1, 0.000000E+00,0, 0.000000E+00,13, 2.411930E+01, 5.909996E-01, 4.693553E+00,NULL,NULL,1,mc_qqps,35
-21023,1788,20227,235253,94C2, 9.125000E+01,32,13,45,32,13, 8.768189E+00,-3.590115E+00, 2.500875E+01, 1.104866E+02, 1.098042E+02, 3.431381E+00, 1.473912E+01,-2.259722E+00, 1.237270E+01, 1.396160E+02, 5.199221E+01, 1.178586E+01, 1.603622E+01,3, 0.000000E+00,12, 5.198929E+00,0, 0.000000E+00,3, 5.321443E+00, 1.213437E+00, 2.800622E+00,1, 0.000000E+00,1,mc_qqps,35
-21023,1789,20227,235308,94C2, 9.125000E+01,19,10,29,19,10, 5.236876E+00, 9.514057E+00,-3.778643E+01, 6.935539E+01, 6.903177E+01, 3.633251E+00, 4.310925E+00, 7.453207E+00,-2.982093E+01, 8.310046E+01, 4.735988E+00, 7.225158E+00, 6.519921E+00,0, 0.000000E+00,13, 1.822617E+01,0, 0.000000E+00,NULL,NULL,NULL,NULL,2, 0.000000E+00,0,mc_qqps,35
-21023,1790,20227,235318,94C2, 9.125000E+01,24,16,40,24,16, 2.942050E+00,-1.015601E+01,-1.172277E+00, 4.650299E+01, 4.577917E+01, 1.907465E+00, 3.803145E+00,-1.246642E+01,-7.126611E-01, 1.014197E+02, 4.436359E+01, 4.041961E+01, 1.449757E+01,15, 3.032794E+00,0, 0.000000E+00,0, 0.000000E+00,11, 3.646431E+01, 4.904389E-01, 1.893313E+01,NULL,NULL,1,mc_qqps,35
-21023,1791,20227,235333,94C2, 9.125000E+01,29,14,43,29,14, 1.402726E+01, 7.601075E+00,-1.355628E+00, 6.320141E+01, 6.279683E+01, 2.165408E+00, 4.804330E+00, 2.769424E+00, 1.022623E-01, 8.880859E+01, 6.226707E+01, 2.291751E+01, 1.577148E+00,16, 3.198086E+00,0, 0.000000E+00,0, 0.000000E+00,11, 2.320025E+01, 4.922390E-01, 9.607631E+00,NULL,NULL,1,mc_qqps,35
-21023,1792,20227,235345,94C2, 9.125000E+01,26,21,47,26,21,-1.861361E+01, 5.131639E+00,-8.688693E+00, 6.742249E+01, 6.710162E+01, 2.580832E+00,-2.498318E+01, 8.391399E+00,-3.104635E+00, 1.354817E+02, 4.681757E+01, 3.529639E+01, 3.301833E+01,21, 4.923992E-01,0, 0.000000E+00,0, 0.000000E+00,16, 3.529639E+01, 4.369694E-01, 1.293581E+01,NULL,NULL,1,mc_qqps,35
-21023,1793,20227,235400,94C2, 9.125000E+01,55,17,72,55,17, 1.522845E+01,-1.275439E+00, 1.319790E+01, 8.496016E+01, 8.287131E+01, 1.506751E+00, 1.644247E+01, 4.552873E+00, 1.803690E+01, 1.195923E+02, 5.625608E+01, 2.220766E+01, 3.959516E+00,20, 4.253122E+00,0, 0.000000E+00,0, 0.000000E+00,13, 3.027386E+01, 4.638365E-01, 7.433491E+00,NULL,NULL,1,mc_qqps,35
-21023,1794,20227,235416,94C2, 9.125000E+01,31,16,47,31,16, 4.908666E+00,-2.570188E+00, 3.331691E+01, 6.781059E+01, 6.714250E+01, 2.165887E+00, 4.390918E+00,-1.159620E+00, 2.815098E+01, 8.464581E+01, 1.266360E+01, 8.793799E+00, 8.042738E+00,2, 0.000000E+00,16, 8.397161E+00,0, 0.000000E+00,1, 3.382966E-01, 3.382966E-01, 3.382966E-01,1, 0.000000E+00,1,mc_qqps,35
-21023,1795,20227,235434,94C2, 9.125000E+01,38,10,48,38,10,-2.391811E+00, 9.097691E+00, 1.809779E+01, 5.650040E+01, 5.537626E+01, 1.457270E+00,-1.455536E+00, 4.406741E+00, 1.047941E+01, 6.986857E+01, 4.928222E+01, 1.052000E+01, 3.192950E+00,3, 0.000000E+00,5, 0.000000E+00,0, 0.000000E+00,2, 2.236285E+00, 8.606636E-01, 1.375621E+00,NULL,NULL,1,mc_qqps,35
-21023,1796,20227,235451,94C2, 9.125000E+01,32,13,45,32,13, 4.627888E-01, 1.311971E+00,-1.183299E-01, 6.962378E+01, 6.897159E+01, 2.155362E+00, 2.242640E+00,-4.838912E+00, 3.180460E+00, 8.652168E+01, 6.334401E+01, 1.559568E+01, 9.580129E-01,14, 8.080133E+00,0, 0.000000E+00,0, 0.000000E+00,9, 1.521778E+01, 3.442235E-01, 5.567903E+00,NULL,NULL,1,mc_qqps,35
-21023,1797,20227,235507,94C2, 9.125000E+01,17,14,31,17,14,-1.366643E+00,-3.726449E+00, 1.166211E+00, 5.438612E+01, 5.416666E+01, 3.186274E+00, 3.271971E+00, 8.016350E+00,-6.209043E+00, 9.821108E+01, 5.398024E+01, 2.694888E+01, 1.280786E+01,15, 1.238884E+01,0, 0.000000E+00,0, 0.000000E+00,11, 2.841455E+01, 5.830185E-01, 7.329804E+00,NULL,NULL,1,mc_qqps,35
-21023,1798,20227,235518,94C2, 9.125000E+01,32,21,53,32,21, 3.311965E+00, 1.054835E+01,-9.477257E+00, 4.915641E+01, 4.850746E+01, 1.515858E+00,-5.317951E-01,-6.382664E-01,-4.059231E-01, 9.064085E+01, 4.478432E+01, 4.024779E+01, 1.649973E-01,14, 4.503165E-01,7, 0.000000E+00,0, 0.000000E+00,10, 2.931431E+01, 7.606748E-01, 6.724236E+00,NULL,NULL,1,mc_qqps,35
-21023,1799,20227,235536,94C2, 9.125000E+01,23,15,38,23,15, 7.617131E-02,-2.262862E+00,-2.371810E+01, 6.844922E+01, 6.809904E+01, 2.960828E+00,-1.792962E+00,-3.571864E+00,-3.089991E+01, 9.045795E+01, 3.861498E+01, 1.753850E+01, 4.474067E+00,0, 0.000000E+00,15, 1.482086E+01,0, 0.000000E+00,NULL,NULL,NULL,NULL,NULL,NULL,1,mc_qqps,35
-21023,1800,20227,235549,94C2, 9.125000E+01,41,24,65,41,24, 2.399856E+00, 1.102399E+01, 1.207059E+01, 3.366490E+01, 3.257536E+01, 7.945209E-01, 2.471910E+00, 8.712092E+00, 8.221528E+00, 6.455994E+01, 2.620432E+01, 2.154782E+01, 9.648752E+00,6, 0.000000E+00,12, 0.000000E+00,0, 0.000000E+00,4, 4.436909E+00, 6.886658E-01, 1.422011E+00,NULL,NULL,1,mc_qqps,35
-21023,1801,20227,235611,94C2, 9.125000E+01,16,12,28,16,12,-5.590016E+00, 2.209380E+00, 6.232735E-01, 4.112283E+01, 4.093749E+01, 2.558593E+00, 1.382080E+01,-1.585442E+00,-8.244969E+00, 7.529072E+01, 4.096486E+01, 3.008669E+01, 1.475346E-01,15, 2.145917E+00,0, 0.000000E+00,0, 0.000000E+00,9, 3.020711E+01, 1.104724E+00, 9.314654E+00,NULL,NULL,1,mc_qqps,35
-21023,1802,20227,235622,94C2, 9.125000E+01,37,12,49,37,12,-4.255841E-01, 1.473434E+00, 1.129196E-01, 7.990509E+01, 7.918595E+01, 2.140161E+00, 1.940662E-01, 1.122690E+01, 7.531213E+00, 1.146842E+02, 7.513161E+01, 1.511025E+01, 1.966887E+01,14, 6.255013E+00,0, 0.000000E+00,0, 0.000000E+00,8, 1.273292E+01, 4.845176E-01, 3.537654E+00,NULL,NULL,1,mc_qqps,35
-21023,1803,20227,235640,94C2, 9.125000E+01,32,12,44,32,12, 6.983546E+01,-8.645247E+01,-1.837677E+02, 2.812502E+02, 2.807371E+02, 8.773035E+00, 6.676260E+01,-8.201281E+01,-1.765202E+02, 3.014865E+02, 2.752847E+02, 8.704265E+00, 6.485178E+00,8, 3.339070E-02,2, 0.000000E+00,0, 0.000000E+00,6, 1.339574E+01, 6.365020E-01, 4.410322E+00,NULL,NULL,1,mc_qqps,35
-21023,1804,20227,235655,94C2, 9.125000E+01,46,21,67,46,21, 2.678314E+00,-1.852285E+00, 1.463899E+00, 5.707746E+01, 5.594493E+01, 1.216194E+00, 2.115502E+00,-1.439656E+00, 1.475884E+00, 8.638323E+01, 4.521187E+01, 1.409800E+01, 9.750227E+00,12, 3.112594E+00,5, 0.000000E+00,0, 0.000000E+00,10, 1.591564E+01, 5.577590E-01, 4.733593E+00,NULL,NULL,1,mc_qqps,35
-21023,1805,20227,235714,94C2, 9.125000E+01,44,12,56,44,12,-4.128479E+00, 1.811460E+00,-4.777723E+00, 8.122662E+01, 8.051152E+01, 1.829807E+00,-1.162199E+00, 3.321176E+00,-2.677561E+00, 9.903841E+01, 7.177842E+01, 1.338020E+01, 4.548076E+00,10, 2.629086E+00,2, 0.000000E+00,0, 0.000000E+00,6, 9.097059E+00, 8.920056E-01, 3.025550E+00,NULL,NULL,1,mc_qqps,35
-21023,1806,20227,235729,94C2, 9.125000E+01,54,17,71,54,17,-6.393034E+00, 4.980147E+00,-2.958117E+00, 6.255561E+01, 6.144510E+01, 1.137872E+00,-5.154460E+00, 2.847963E+00,-3.614237E+00, 1.027197E+02, 5.115461E+01, 2.978590E+01, 3.468928E+00,20, 5.113017E+00,0, 0.000000E+00,0, 0.000000E+00,14, 3.430502E+01, 6.126170E-01, 7.691339E+00,NULL,NULL,1,mc_qqps,35
-21023,1807,20227,235747,94C2, 9.125000E+01,22,18,40,22,18, 2.561270E+01, 1.440654E+00,-9.278421E+00, 5.258260E+01, 5.227402E+01, 2.376092E+00,-2.000715E+00, 4.284431E-01, 1.064849E+00, 1.038240E+02, 5.071054E+01, 2.301146E+01, 2.500646E+01,18, 5.770151E+00,0, 0.000000E+00,0, 0.000000E+00,11, 1.980405E+01, 3.158852E-01, 3.062169E+00,NULL,NULL,1,mc_qqps,35
-21023,1808,20227,235801,94C2, 9.125000E+01,35,13,48,35,13,-3.356882E+00,-3.610014E+00, 4.329559E+00, 6.370927E+01, 6.321622E+01, 1.806178E+00,-5.590427E-02,-2.062320E+00, 2.542656E+00, 7.668967E+01, 5.865284E+01, 7.068221E+00, 4.879186E+00,14, 4.149539E+00,0, 0.000000E+00,0, 0.000000E+00,6, 7.111106E+00, 4.380583E-01, 1.954755E+00,NULL,NULL,1,mc_qqps,35
-21023,1809,20227,235817,94C2, 9.125000E+01,21,15,36,21,15, 4.448929E-01,-3.381404E+00,-1.762536E+00, 4.563769E+01, 4.529527E+01, 2.156918E+00, 6.135693E-02,-7.913530E+00,-2.262516E+00, 8.537567E+01, 4.085804E+01, 3.797068E+01, 1.220245E+00,19, 7.004112E+00,0, 0.000000E+00,0, 0.000000E+00,12, 3.541365E+01, 4.368038E-01, 9.833307E+00,NULL,NULL,1,mc_qqps,35
-21023,1810,20227,235832,94C2, 9.125000E+01,41,10,51,41,10, 2.268734E+00,-6.194373E-01,-5.102863E+00, 6.693676E+01, 6.593732E+01, 1.608227E+00, 1.070858E-01, 1.693295E+00,-1.769244E+00, 7.860001E+01, 5.848549E+01, 1.068146E+01, 9.817920E-01,0, 0.000000E+00,9, 1.432375E+00,0, 0.000000E+00,NULL,NULL,NULL,NULL,NULL,NULL,1,mc_qqps,35
-21023,1811,20227,235855,94C2, 9.125000E+01,16,8,24,16,8, 7.107117E+00, 1.774752E+01,-1.294521E+01, 5.505149E+01, 5.483968E+01, 3.427480E+00, 2.834991E+00, 4.725052E+00,-4.877993E+00, 9.225502E+01, 5.190343E+01, 2.549578E+01, 5.433254E+00,9, 3.005605E+00,1, 0.000000E+00,0, 0.000000E+00,5, 2.055600E+01, 1.274583E+00, 7.870408E+00,NULL,NULL,1,mc_qqps,35
-21023,1812,20227,235904,94C2, 9.125000E+01,31,12,43,31,12,-5.457059E-01, 6.957800E+00,-7.751026E+00, 4.672654E+01, 4.616168E+01, 1.489087E+00,-3.192101E+00,-8.516710E+00, 5.555506E+00, 7.080929E+01, 3.554740E+01, 2.408274E+01, 0.000000E+00,11, 7.361230E-02,4, 0.000000E+00,0, 0.000000E+00,8, 2.196917E+01, 4.549949E-01, 6.924609E+00,NULL,NULL,1,mc_qqps,35
-21023,1813,20227,235922,94C2, 9.125000E+01,43,16,59,43,16,-7.280267E+00, 2.643168E-01, 1.894541E+00, 7.085813E+01, 7.017602E+01, 1.632000E+00, 1.547205E+00,-2.416747E+00, 3.049063E+00, 9.275505E+01, 6.110029E+01, 1.266041E+01, 4.638633E+00,23, 6.832507E+00,0, 0.000000E+00,0, 0.000000E+00,13, 1.307273E+01, 3.329962E-01, 2.134792E+00,NULL,NULL,1,mc_qqps,35
-21023,1814,20227,235941,94C2, 9.125000E+01,29,17,46,29,17,-9.907199E-01, 3.528721E+00,-2.732613E+01, 6.550777E+01, 6.510038E+01, 2.244841E+00,-8.194438E-01, 3.436215E+00,-2.817089E+01, 8.347802E+01, 8.955096E+00, 1.729331E+01, 6.769412E-01,0, 0.000000E+00,25, 1.878580E+01,0, 0.000000E+00,NULL,NULL,NULL,NULL,1, 0.000000E+00,0,mc_qqps,35
-21023,1815,20227,235951,94C2, 9.125000E+01,32,10,42,32,10,-1.286140E+01,-2.671824E+01, 6.001204E+00, 5.533913E+01, 5.455407E+01, 1.704815E+00, 8.597775E-01,-6.063475E+00, 8.357188E-01, 9.248087E+01, 4.866402E+01, 3.118633E+01, 5.271976E+00,8, 1.349040E+00,0, 0.000000E+00,0, 0.000000E+00,5, 2.975948E+01, 5.873641E-01, 2.508430E+01,NULL,NULL,1,mc_qqps,35
-21023,1816,20228,7,94C2, 9.125000E+01,38,14,52,38,14,-2.555195E+00,-3.029961E+00, 6.092005E+00, 8.802524E+01, 8.741457E+01, 2.300383E+00,-2.194825E+00,-3.260419E+00, 9.347586E+00, 1.012218E+02, 6.004488E+01, 1.319655E+01, 0.000000E+00,0, 0.000000E+00,18, 6.684738E+00,0, 0.000000E+00,NULL,NULL,NULL,NULL,1, 0.000000E+00,1,mc_qqps,35
-21023,1817,20228,26,94C2, 9.125000E+01,34,14,48,34,14,-3.597014E+00,-8.951719E+00, 4.760002E+00, 4.788823E+01, 4.722044E+01, 1.388837E+00,-1.058169E+00,-6.798566E+00, 2.443688E+00, 7.908644E+01, 3.951758E+01, 1.344265E+01, 1.357409E+01,17, 1.469143E+01,0, 0.000000E+00,0, 0.000000E+00,7, 1.448213E+01, 6.603087E-01, 4.184729E+00,NULL,NULL,1,mc_qqps,35
-21023,1818,20228,44,94C2, 9.125000E+01,19,13,32,19,13, 1.743683E+00,-8.005779E-01,-1.849862E+00, 1.926707E+01, 1.883651E+01, 9.913952E-01,-7.070414E-01, 2.419889E+00, 6.977541E+00, 7.206006E+01, 3.707026E+00, 2.833998E+01, 2.384824E+01,1, 0.000000E+00,8, 1.021597E+00,0, 0.000000E+00,1, 6.071336E-01, 6.071336E-01, 6.071336E-01,1, 0.000000E+00,0,mc_qqps,35
-21023,1819,20228,54,94C2, 9.125000E+01,25,11,36,25,11,-5.402045E+00, 3.678599E+00,-1.828524E+00, 4.335266E+01, 4.293803E+01, 1.717521E+00,-2.697006E+00, 2.018401E-01, 2.802933E+00, 7.934835E+01, 3.482568E+01, 2.566687E+01, 1.729409E-01,17, 2.472083E+00,0, 0.000000E+00,0, 0.000000E+00,10, 3.582273E+01, 1.084382E+00, 9.847689E+00,NULL,NULL,1,mc_qqps,35
-21023,1820,20228,106,94C2, 9.125000E+01,35,11,46,35,11,-2.040228E+01,-1.603164E+01,-8.538121E+00, 5.599046E+01, 5.530547E+01, 1.580156E+00, 2.044281E+00, 2.852246E-02, 7.617006E-01, 9.213531E+01, 5.216858E+01, 3.380371E+01, 1.920923E+00,23, 7.925984E+00,0, 0.000000E+00,0, 0.000000E+00,7, 2.773291E+01, 2.887220E-01, 2.310711E+01,NULL,NULL,1,mc_qqps,35
-21023,1821,20228,122,94C2, 9.125000E+01,40,15,55,40,15,-7.011861E-02,-1.677889E-01, 4.391791E-01, 5.844727E+01, 5.765372E+01, 1.441343E+00,-6.816553E-01,-4.546538E+00, 8.332458E+00, 9.507497E+01, 3.643824E+01, 2.953652E+01, 6.689288E+00,3, 0.000000E+00,19, 1.256017E+01,0, 0.000000E+00,2, 9.283438E-01, 4.225751E-01, 5.057687E-01,NULL,NULL,1,mc_qqps,35
-21023,1822,20228,139,94C2, 9.125000E+01,11,6,17,11,6, 5.092096E-01,-1.877164E+00,-6.908069E-01, 4.133825E+01, 4.119939E+01, 3.745399E+00,-3.935970E+00,-4.073496E+00,-2.757556E+00, 8.200482E+01, 4.109403E+01, 4.066658E+01, 0.000000E+00,8, 1.464007E-01,0, 0.000000E+00,0, 0.000000E+00,6, 4.066658E+01, 9.078496E-01, 2.072986E+01,NULL,NULL,1,mc_qqps,35
-21023,1823,20228,151,94C2, 9.125000E+01,31,18,49,31,18,-6.025565E+00,-1.218495E+01,-3.667997E+00, 4.014055E+01, 3.954645E+01, 1.275692E+00,-5.959997E+00,-2.640381E+01,-3.154763E+00, 7.545286E+01, 3.625718E+01, 2.310429E+01, 9.064526E+00,15, 5.088361E-01,0, 0.000000E+00,0, 0.000000E+00,13, 2.456704E+01, 4.924358E-01, 9.722344E+00,NULL,NULL,1,mc_qqps,35
-21023,1824,20228,205,94C2, 9.125000E+01,25,14,39,25,14, 7.163557E-01,-2.956936E+00, 6.205402E-01, 1.686280E+01, 1.606116E+01, 6.424463E-01, 4.058366E-01, 2.938130E-01, 1.299174E+01, 4.203651E+01, 7.985968E+00, 1.973386E+01, 5.439853E+00,2, 0.000000E+00,11, 1.359298E+00,0, 0.000000E+00,1, 8.641270E-01, 8.641270E-01, 8.641270E-01,2, 0.000000E+00,0,mc_qqps,35
-21023,1825,20228,225,94C2, 9.125000E+01,28,21,49,28,21, 9.631345E+00, 9.667192E+00,-3.869229E+00, 6.142642E+01, 6.083119E+01, 2.172543E+00, 2.806967E+00, 1.295147E+00,-2.475535E+00, 8.733014E+01, 5.097149E+01, 2.059132E+01, 1.182522E+00,21, 1.525089E+00,3, 0.000000E+00,0, 0.000000E+00,15, 2.266553E+01, 4.766951E-01, 3.865993E+00,NULL,NULL,1,mc_qqps,35
-21023,1826,20228,243,94C2, 9.125000E+01,23,9,32,23,9,-1.747418E+00,-9.987969E-01, 1.778648E+00, 7.562223E+01, 7.549140E+01, 3.282235E+00,-4.274656E+00, 4.300159E-01, 4.631438E+00, 9.189082E+01, 7.433680E+01, 6.235957E+00, 9.455337E+00,15, 1.273246E+01,0, 0.000000E+00,0, 0.000000E+00,6, 6.490785E+00, 4.329742E-01, 3.458364E+00,NULL,NULL,1,mc_qqps,35
-21023,1827,20228,255,94C2, 9.125000E+01,49,18,67,49,18,-2.393018E+00, 4.957625E+00,-5.966267E+00, 6.007806E+01, 5.816801E+01, 1.187102E+00, 1.096577E+01,-4.538755E+00, 3.040405E+00, 1.070473E+02, 4.372916E+01, 2.400686E+01, 1.611100E+01,18, 5.124050E+00,0, 0.000000E+00,0, 0.000000E+00,14, 2.422802E+01, 3.956036E-01, 5.245144E+00,NULL,NULL,1,mc_qqps,35
-21023,1828,20228,313,94C2, 9.125000E+01,39,20,59,39,20,-3.570309E+00,-4.133686E+00,-3.648082E+00, 4.724874E+01, 4.643121E+01, 1.190544E+00, 3.386212E+00,-8.648722E-01,-8.568273E-01, 6.711237E+01, 4.291600E+01, 1.975245E+01, 1.111882E-01,10, 4.475688E+00,12, 0.000000E+00,0, 0.000000E+00,5, 7.356513E+00, 3.822284E-01, 3.713272E+00,NULL,NULL,1,mc_qqps,35
-21023,1829,20228,332,94C2, 9.125000E+01,24,7,31,24,7,-1.083350E+01,-6.980952E+00, 1.833728E+01, 5.477781E+01, 5.434031E+01, 2.264179E+00,-8.680218E+00,-5.391868E+00, 1.463085E+01, 6.030950E+01, 5.099276E+01, 4.922365E+00, 6.093197E-01,0, 0.000000E+00,6, 0.000000E+00,0, 0.000000E+00,NULL,NULL,NULL,NULL,NULL,NULL,1,mc_qqps,35
-21023,1830,20228,347,94C2, 9.125000E+01,32,11,43,32,11, 2.624963E+00,-2.741952E+00,-5.062115E+00, 7.930395E+01, 7.856489E+01, 2.455153E+00,-2.348535E+00, 1.169024E+01, 1.283009E-01, 1.000611E+02, 6.084527E+01, 7.071716E+00, 0.000000E+00,11, 6.130686E+00,0, 0.000000E+00,0, 0.000000E+00,7, 1.843063E+01, 7.371256E-01, 8.330281E+00,NULL,NULL,1,mc_qqps,35
-21023,1831,20228,403,94C2, 9.125000E+01,27,13,40,27,13,-4.252856E+00, 4.946307E+00,-5.415592E+00, 4.619402E+01, 4.549520E+01, 1.685008E+00,-2.500640E+00, 3.097609E+00,-3.663414E+00, 7.757510E+01, 3.949633E+01, 3.068151E+01, 6.995665E-01,9, 2.015669E+00,1, 0.000000E+00,0, 0.000000E+00,8, 2.770546E+01, 8.860065E-01, 1.214680E+01,1, 0.000000E+00,1,mc_qqps,35
-21023,1832,20228,417,94C2, 9.125000E+01,26,21,47,26,21,-1.063690E-01, 2.423315E+00, 1.165056E+00, 5.941704E+01, 5.890839E+01, 2.265707E+00,-1.069453E-01,-2.627620E+00,-7.619305E-01, 1.056432E+02, 5.503699E+01, 2.569109E+01, 2.053508E+01,2, 0.000000E+00,18, 7.015942E+00,0, 0.000000E+00,1, 9.856693E-01, 9.856693E-01, 9.856693E-01,NULL,NULL,1,mc_qqps,35
-21023,1833,20228,434,94C2, 9.125000E+01,29,23,52,29,23, 3.411108E+00,-3.114507E+00, 6.356023E+00, 6.054387E+01, 6.009250E+01, 2.072155E+00,-1.311455E+01, 7.810116E+00,-7.307964E+00, 1.167035E+02, 2.972973E+01, 3.353977E+01, 1.625103E+01,21, 8.912435E-01,0, 0.000000E+00,0, 0.000000E+00,19, 3.743721E+01, 5.579367E-01, 6.636500E+00,NULL,NULL,1,mc_qqps,35
-21023,1834,20228,447,94C2, 9.125000E+01,41,18,59,41,18,-3.169467E+00,-3.698433E+00, 8.457252E-01, 7.332614E+01, 7.245206E+01, 1.767124E+00, 7.846475E-01,-2.792177E+00,-2.837329E-02, 1.075048E+02, 5.900716E+01, 2.895525E+01, 1.639062E+00,19, 4.342915E+00,0, 0.000000E+00,0, 0.000000E+00,12, 2.825167E+01, 4.191404E-01, 1.003923E+01,NULL,NULL,1,mc_qqps,35
-21023,1835,20228,506,94C2, 9.125000E+01,20,7,27,20,7, 6.854177E+00, 1.218955E+01, 1.808505E+01, 6.844733E+01, 6.818491E+01, 3.409245E+00, 3.012122E+00, 5.643868E+00, 8.957880E+00, 8.964376E+01, 6.286262E+01, 1.829919E+01, 4.516347E-01,3, 6.738093E-02,3, 0.000000E+00,0, 0.000000E+00,2, 3.362985E+00, 9.173809E-01, 2.445604E+00,NULL,NULL,1,mc_qqps,35
-21023,1836,20228,527,94C2, 9.125000E+01,36,13,49,36,13,-2.175563E-01,-2.162044E+00, 2.622309E+00, 5.363681E+01, 5.303893E+01, 1.473304E+00, 6.610290E+00,-4.060406E+00,-6.174999E+00, 6.816713E+01, 4.445863E+01, 1.110206E+01, 6.140037E-01,11, 8.535512E-02,6, 0.000000E+00,0, 0.000000E+00,6, 8.899161E+00, 6.786383E-01, 2.247035E+00,NULL,NULL,1,mc_qqps,35
-21023,1837,20228,547,94C2, 9.125000E+01,37,15,52,37,15,-7.745394E+00, 6.300127E+00, 1.053200E+01, 5.612392E+01, 5.539595E+01, 1.497188E+00, 4.368793E-01, 4.677439E-01, 2.293374E+00, 9.121155E+01, 4.763428E+01, 1.326051E+01, 1.706460E+01,11, 8.296176E-02,1, 1.584695E+00,0, 0.000000E+00,8, 1.775335E+01, 5.037156E-01, 4.917247E+00,NULL,NULL,1,mc_qqps,35
-21023,1838,20228,600,94C2, 9.125000E+01,19,14,33,19,14, 1.454879E+00,-4.910265E-01,-2.486627E-01, 2.634434E+01, 2.595865E+01, 1.366245E+00,-1.765390E+00, 8.027067E+00,-2.401252E+00, 4.701403E+01, 2.190369E+01, 1.407575E+01, 6.593928E+00,12, 4.361870E+00,0, 0.000000E+00,0, 0.000000E+00,8, 1.288871E+01, 5.352684E-01, 3.182210E+00,NULL,NULL,1,mc_qqps,35
-21023,1839,20228,612,94C2, 9.125000E+01,27,16,43,27,16, 1.959671E+00,-2.379499E+00,-1.617889E+00, 3.318838E+01, 3.274937E+01, 1.212940E+00,-4.073458E+00, 5.531653E+00,-1.168014E+01, 7.473750E+01, 2.880351E+01, 1.778993E+01, 1.945872E+01,9, 1.789479E+00,3, 0.000000E+00,0, 0.000000E+00,6, 1.434935E+01, 3.602176E-01, 4.791603E+00,2, 0.000000E+00,1,mc_qqps,35
-21023,1840,20228,630,94C2, 9.125000E+01,21,11,32,21,11, 2.841321E+00, 8.007804E+00, 7.714120E+00, 6.510807E+01, 6.486441E+01, 3.088781E+00, 1.893474E+00, 7.079320E+00, 3.437397E+00, 8.540953E+01, 6.211792E+01, 1.077097E+01, 8.177240E+00,11, 7.476097E+00,1, 0.000000E+00,0, 0.000000E+00,5, 1.044799E+01, 5.080287E-01, 7.029269E+00,NULL,NULL,1,mc_qqps,35
-21023,1841,20228,647,94C2, 9.125000E+01,33,17,50,33,17,-3.112490E+00, 1.691980E+00, 2.868575E+00, 5.910722E+01, 5.835594E+01, 1.768362E+00,-1.848898E-01,-2.883211E+00,-6.067945E+00, 8.404709E+01, 5.495672E+01, 2.448373E+01, 4.561307E-01,2, 0.000000E+00,18, 1.890064E+00,0, 0.000000E+00,NULL,NULL,NULL,NULL,NULL,NULL,1,mc_qqps,35
-21023,1842,20228,701,94C2, 9.125000E+01,33,17,50,33,17, 8.596696E-01,-6.816217E-01,-5.906201E-01, 5.371624E+01, 5.301637E+01, 1.606557E+00,-2.895616E+00,-1.692104E+01,-7.424818E-01, 8.616372E+01, 4.409213E+01, 1.263003E+01, 1.492320E+01,18, 8.710988E+00,0, 0.000000E+00,0, 0.000000E+00,11, 1.766858E+01, 3.728128E-01, 3.763997E+00,NULL,NULL,1,mc_qqps,35
-21023,1843,20228,714,94C2, 9.125000E+01,38,11,49,38,11, 2.109923E+00,-1.065111E+01,-4.506947E+00, 6.441727E+01, 6.350928E+01, 1.671297E+00,-8.723521E-01,-3.208081E+00,-2.425919E+00, 8.309200E+01, 5.939670E+01, 1.520442E+01, 1.621504E+00,20, 8.757944E+00,1, 0.000000E+00,0, 0.000000E+00,9, 1.591601E+01, 3.493015E-01, 7.950924E+00,NULL,NULL,1,mc_qqps,35
-21023,1844,20228,728,94C2, 9.125000E+01,21,8,29,21,8,-1.287815E+01, 1.582673E+01,-1.216770E+01, 4.638893E+01, 4.585882E+01, 2.183753E+00,-1.056163E+00,-4.022102E+00, 1.689873E+00, 8.390295E+01, 3.817367E+01, 3.489910E+01, 2.577525E+00,10, 6.690028E+00,0, 0.000000E+00,0, 0.000000E+00,7, 3.519030E+01, 2.912000E-01, 2.787268E+01,NULL,NULL,1,mc_qqps,35
-21023,1845,20228,739,94C2, 9.125000E+01,26,14,40,26,14, 2.484261E-01, 1.102949E+00, 3.999319E+00, 5.633942E+01, 5.585166E+01, 2.148141E+00,-1.789757E+01, 7.446012E+00,-9.752056E+00, 1.003493E+02, 5.330520E+01, 2.004614E+01, 2.333104E+01,9, 2.042592E+01,1, 0.000000E+00,0, 0.000000E+00,6, 1.377570E+01, 6.327460E-01, 5.815876E+00,NULL,NULL,1,mc_qqps,35
-21023,1846,20228,755,94C2, 9.125000E+01,43,21,64,43,21,-5.123056E-01, 8.745710E+00,-2.200218E+00, 5.763525E+01, 5.661364E+01, 1.316596E+00,-6.765505E+00, 5.221800E+00,-5.048667E+00, 9.446984E+01, 3.796187E+01, 2.964790E+01, 1.052125E+00,26, 4.818597E+00,0, 0.000000E+00,0, 0.000000E+00,19, 3.254124E+01, 4.177035E-01, 6.955835E+00,NULL,NULL,1,mc_qqps,35
-21023,1847,20228,815,94C2, 9.125000E+01,33,13,46,33,13, 2.024572E+00,-2.953163E+00,-1.283827E+00, 5.715024E+01, 5.608929E+01, 1.699676E+00, 1.991435E+00,-8.816695E-02,-9.034996E-01, 8.447472E+01, 5.062929E+01, 1.742684E+01, 3.873512E+00,15, 3.713049E+00,0, 0.000000E+00,0, 0.000000E+00,9, 1.823317E+01, 7.997757E-01, 4.228856E+00,NULL,NULL,1,mc_qqps,35
-21023,1848,20228,829,94C2, 9.125000E+01,31,13,44,31,13, 5.136092E+00,-7.391335E+00, 1.090680E+01, 5.783784E+01, 5.736588E+01, 1.850512E+00, 7.919891E-01,-7.816144E+00, 7.101127E+00, 7.527951E+01, 4.493822E+01, 1.292208E+01, 2.619842E+00,12, 1.057102E+01,2, 0.000000E+00,0, 0.000000E+00,8, 1.167850E+01, 5.540521E-01, 3.040966E+00,NULL,NULL,1,mc_qqps,35
-21023,1849,20228,844,94C2, 9.125000E+01,18,5,23,18,5, 2.214490E+00,-9.868163E-01, 1.254824E+00, 8.920251E+01, 8.893158E+01, 4.940643E+00, 5.428306E-01,-4.051330E-01, 3.880312E-01, 9.644041E+01, 8.682226E+01, 7.237894E+00, 0.000000E+00,9, 1.462132E+01,1, 0.000000E+00,0, 0.000000E+00,4, 5.502165E+00, 6.782280E-01, 2.715189E+00,NULL,NULL,1,mc_qqps,35
-21023,1850,20228,856,94C2, 9.125000E+01,28,23,51,28,23, 1.908447E+00,-6.110412E-01,-1.387579E+01, 3.290554E+01, 3.226810E+01, 1.152432E+00,-3.945229E+00, 7.927454E-01,-2.858025E+01, 6.427822E+01, 1.290731E+01, 1.366059E+01, 1.339186E+01,5, 0.000000E+00,12, 2.142746E+00,0, 0.000000E+00,5, 4.917439E+00, 5.024812E-01, 1.760530E+00,7, 0.000000E+00,1,mc_qqps,35
-21023,1851,20228,916,94C2, 9.125000E+01,25,24,49,25,24,-9.395966E+00,-3.277176E-01,-4.189803E+00, 4.484235E+01, 4.438489E+01, 1.775396E+00,-1.022690E+00,-1.344371E+00, 2.459206E-01, 8.441928E+01, 3.255393E+01, 3.660386E+01, 1.020445E+00,17, 2.190068E+00,7, 0.000000E+00,0, 0.000000E+00,13, 2.789707E+01, 4.351190E-01, 1.651187E+01,1, 0.000000E+00,1,mc_qqps,35
-21023,1852,20228,934,94C2, 9.125000E+01,33,16,49,33,16,-4.489386E+01,-5.080156E+00,-3.441362E+01, 1.212255E+02, 1.208357E+02, 3.661688E+00,-4.683764E+01,-6.835649E+00,-3.541628E+01, 1.492182E+02, 6.062244E+01, 2.274974E+01, 5.287519E+00,20, 5.262698E+00,1, 0.000000E+00,0, 0.000000E+00,12, 2.199536E+01, 5.735098E-01, 3.749385E+00,NULL,NULL,1,mc_qqps,35
-21023,1853,20228,948,94C2, 9.125000E+01,29,12,41,29,12, 2.165154E+00,-2.112567E+01,-1.041732E+00, 5.720338E+01, 5.654572E+01, 1.949852E+00,-2.162289E+00,-1.889099E+00,-3.136068E+00, 8.855765E+01, 4.837730E+01, 2.266178E+01, 4.649729E+00,13, 1.403757E+00,0, 0.000000E+00,0, 0.000000E+00,9, 2.676132E+01, 7.849230E-01, 1.272579E+01,NULL,NULL,1,mc_qqps,35
-21023,1854,20228,1007,94C2, 9.125000E+01,23,8,31,23,8,-2.123752E+01,-1.916166E+01, 2.818757E+01, 9.071063E+01, 9.039212E+01, 3.930092E+00,-1.301099E+01,-1.173587E+01, 1.753384E+01, 1.080183E+02, 8.883894E+01, 1.730766E+01, 0.000000E+00,9, 3.113449E-01,1, 0.000000E+00,0, 0.000000E+00,7, 1.668846E+01, 7.179670E-01, 8.275904E+00,NULL,NULL,1,mc_qqps,35
-21023,1855,20228,1037,94C2, 9.125000E+01,40,20,60,40,20,-8.020267E+00,-2.144125E+00, 1.208704E+01, 3.971409E+01, 3.880705E+01, 9.701762E-01,-5.529391E+00,-5.469233E-01, 7.009613E+00, 6.300556E+01, 2.353327E+01, 2.128457E+01, 2.006910E+00,3, 0.000000E+00,20, 0.000000E+00,0, 0.000000E+00,2, 3.007823E+00, 1.500708E+00, 1.507115E+00,1, 0.000000E+00,1,mc_qqps,35
-21023,1856,20228,1112,94C2, 9.125000E+01,19,21,40,19,21, 1.210750E+01,-5.808637E+00,-5.191295E+00, 5.899732E+01, 5.869028E+01, 3.088962E+00, 7.741997E+00,-3.111683E+00,-2.957011E+00, 9.166058E+01, 5.804103E+01, 1.514781E+01, 1.222952E+01,18, 5.396190E+00,1, 0.000000E+00,0, 0.000000E+00,13, 1.996617E+01, 5.251718E-01, 3.406719E+00,NULL,NULL,1,mc_qqps,35
-21023,1857,20228,1142,94C2, 9.125000E+01,10,8,18,10,8, 8.761835E-01, 2.401794E+00,-8.157094E-01, 7.772251E+00, 7.574383E+00, 7.574383E-01, 1.348435E+00, 1.184008E+00, 1.185659E+01, 3.171707E+01, 5.760868E+00, 2.394482E+01, 0.000000E+00,1, 0.000000E+00,6, 5.546728E-01,0, 0.000000E+00,1, 1.508956E+00, 1.508956E+00, 1.508956E+00,2, 0.000000E+00,0,mc_qqps,35
-21023,1858,20228,1230,94C2, 9.125000E+01,22,13,35,22,13,-1.244641E+01,-9.329310E+00, 4.433877E+00, 4.432711E+01, 4.402170E+01, 2.000986E+00,-1.002331E+01,-6.733089E+00, 3.194102E+00, 9.664193E+01, 3.970506E+01, 4.765433E+01, 5.204344E-01,16, 4.883370E+00,0, 0.000000E+00,0, 0.000000E+00,12, 5.179440E+01, 3.892267E-01, 1.741164E+01,NULL,NULL,1,mc_qqps,35
-21023,1859,20228,1254,94C2, 9.125000E+01,18,13,31,18,13,-1.105501E+00, 1.903110E-01,-1.390034E+00, 6.370200E+01, 6.346806E+01, 3.526003E+00,-1.532188E+01,-2.575492E+00, 1.486412E+01, 9.972647E+01, 6.081506E+01, 1.388338E+01, 2.231779E+01,5, 0.000000E+00,7, 4.471520E-01,0, 0.000000E+00,5, 8.682003E+00, 6.669552E-01, 3.235252E+00,NULL,NULL,1,mc_qqps,35
-21023,1860,20228,1327,94C2, 9.125000E+01,33,9,42,33,9, 4.361694E+00,-2.991756E+00,-1.097946E+00, 7.336658E+01, 7.281049E+01, 2.206378E+00, 1.697066E+01,-1.653040E+00,-4.665693E+00, 1.070230E+02, 6.769216E+01, 4.607848E+00, 2.453750E+01,9, 1.699302E-01,0, 0.000000E+00,0, 0.000000E+00,5, 8.321835E+00, 6.869434E-01, 2.719544E+00,NULL,NULL,1,mc_qqps,35
-21023,1861,20228,1358,94C2, 9.125000E+01,44,25,69,44,25, 4.917954E+00,-1.165411E+01, 1.628378E+01, 5.373912E+01, 5.264730E+01, 1.196530E+00, 4.779113E+00,-8.767537E+00, 1.404462E+01, 8.966403E+01, 3.315911E+01, 2.725120E+01, 7.896038E+00,7, 6.324963E-01,18, 4.643752E-01,0, 0.000000E+00,2, 1.821923E+00, 7.776865E-01, 1.044237E+00,1, 0.000000E+00,1,mc_qqps,35
-21023,1862,20228,1434,94C2, 9.125000E+01,24,17,41,24,17,-7.889079E-01, 2.686740E+00, 4.806365E-01, 5.410231E+01, 5.394173E+01, 2.247572E+00,-3.682755E-01, 2.070922E+00,-5.132492E+00, 7.197324E+01, 1.715119E+01, 1.532158E+01, 1.520930E+00,2, 0.000000E+00,23, 1.000168E+01,0, 0.000000E+00,2, 3.001901E+00, 1.028420E+00, 1.973481E+00,NULL,NULL,1,mc_qqps,35
-21023,1863,20228,1505,94C2, 9.125000E+01,33,13,46,33,13, 1.449608E+00,-3.828589E-01,-1.038173E+01, 5.512438E+01, 5.470940E+01, 1.657861E+00, 7.241653E+00, 2.032408E-01,-1.684206E+01, 7.783434E+01, 5.180893E+01, 1.869501E+01, 4.014956E+00,9, 5.709180E+00,4, 0.000000E+00,0, 0.000000E+00,5, 1.215436E+01, 5.710799E-01, 6.548532E+00,1, 0.000000E+00,1,mc_qqps,35
-21023,1864,20228,1528,94C2, 9.125000E+01,17,8,25,17,8,-1.233132E+02, 7.122784E+01, 2.178035E+00, 2.046683E+02, 2.045384E+02, 1.203167E+01,-1.300264E+02, 7.513379E+01,-2.216969E-01, 2.315761E+02, 6.157978E+01, 1.634414E+01, 9.812000E+00,12, 5.679307E+00,0, 0.000000E+00,0, 0.000000E+00,7, 1.709586E+01, 5.146468E-01, 8.232871E+00,NULL,NULL,1,mc_qqps,35
-21023,1865,20228,1540,94C2, 9.125000E+01,30,14,44,30,14, 5.511223E+01, 5.058599E+00,-1.265819E+02, 2.013524E+02, 2.009033E+02, 6.696776E+00, 5.347327E+01, 4.844158E+00,-1.221229E+02, 2.223944E+02, 1.835883E+02, 1.391002E+01, 7.131966E+00,1, 0.000000E+00,17, 4.399374E+00,0, 0.000000E+00,NULL,NULL,NULL,NULL,1, 0.000000E+00,1,mc_qqps,35
-21023,1866,20228,1553,94C2, 9.125000E+01,34,16,50,34,16, 3.518038E+00, 2.339651E+00, 2.248578E-01, 6.355922E+01, 6.284738E+01, 1.848452E+00, 8.316822E+00, 2.698726E+00,-3.488593E+00, 8.162108E+01, 5.977137E+01, 1.146961E+01, 4.094170E+00,16, 1.984757E+01,0, 0.000000E+00,0, 0.000000E+00,10, 1.224600E+01, 4.619785E-01, 2.755323E+00,NULL,NULL,1,mc_qqps,35
-21023,1867,20228,1608,94C2, 9.125000E+01,23,11,34,23,11, 3.749491E+00, 1.169150E+01, 3.257629E+00, 6.577692E+01, 6.538168E+01, 2.842682E+00, 8.363984E+00, 1.546704E+01, 3.435354E+00, 9.862411E+01, 3.331182E+01, 2.597175E+01, 0.000000E+00,15, 8.222972E+00,0, 0.000000E+00,0, 0.000000E+00,9, 2.986620E+01, 3.801304E-01, 1.731882E+01,NULL,NULL,1,mc_qqps,35
-21023,1868,20228,1620,94C2, 9.125000E+01,39,8,47,39,8, 7.298441E+00,-2.515525E+00, 4.890942E+00, 6.862453E+01, 6.767941E+01, 1.735370E+00, 9.453712E+00,-3.503732E+00, 8.002441E+00, 7.663506E+01, 5.838308E+01, 7.762197E+00, 2.483313E-01,9, 1.203552E+00,0, 0.000000E+00,0, 0.000000E+00,6, 7.649354E+00, 5.264185E-01, 2.602577E+00,NULL,NULL,1,mc_qqps,35
-21023,1869,20228,1634,94C2, 9.125000E+01,38,12,50,38,12,-2.403853E+00, 2.653344E+01,-2.183570E+01, 7.631104E+01, 7.559127E+01, 1.989244E+00,-1.878655E+00, 1.609943E+01,-1.376218E+01, 1.006329E+02, 5.515448E+01, 2.302771E+01, 0.000000E+00,13, 5.694618E+00,0, 0.000000E+00,0, 0.000000E+00,9, 2.148622E+01, 5.315262E-01, 7.463203E+00,NULL,NULL,1,mc_qqps,35
-21023,1870,20228,1648,94C2, 9.125000E+01,42,13,55,42,13, 3.569851E+00, 1.484838E+00,-2.448111E+00, 6.041286E+01, 5.962366E+01, 1.419611E+00,-5.288145E+00,-1.643753E+00, 1.046157E+00, 8.325877E+01, 4.243887E+01, 1.623940E+01, 2.461391E+00,8, 0.000000E+00,6, 0.000000E+00,0, 0.000000E+00,6, 1.575873E+01, 7.862852E-01, 6.194346E+00,NULL,NULL,1,mc_qqps,35
-21023,1871,20228,1707,94C2, 9.125000E+01,34,19,53,34,19, 1.585763E+00, 4.000471E+00, 6.117481E+00, 6.186204E+01, 6.128402E+01, 1.802471E+00,-1.641908E+00,-5.802361E+00, 6.997974E+00, 8.046722E+01, 4.976436E+01, 1.434744E+01, 9.521059E-01,13, 2.299481E+00,7, 4.803080E-01,0, 0.000000E+00,9, 1.117389E+01, 4.835724E-01, 2.105959E+00,1, 0.000000E+00,1,mc_qqps,35
-21023,1872,20228,1724,94C2, 9.125000E+01,27,21,48,27,21, 7.934136E+00,-4.372802E+00,-8.551394E+00, 4.484014E+01, 4.437470E+01, 1.643507E+00, 3.788240E+00, 1.038101E+00,-7.047319E+00, 8.810858E+01, 4.181925E+01, 3.402336E+01, 9.344721E+00,12, 3.713031E-01,11, 4.238267E-01,0, 0.000000E+00,10, 2.601322E+01, 5.144434E-01, 1.178480E+01,NULL,NULL,1,mc_qqps,35
-21023,1873,20228,1739,94C2, 9.125000E+01,16,5,21,16,5, 2.813703E+00, 3.248024E+00,-8.375700E-01, 6.480763E+01, 6.469535E+01, 4.043459E+00, 2.017013E+00, 2.979016E+00,-1.319315E+00, 9.566950E+01, 5.841312E+01, 2.330322E+01, 3.799865E-01,7, 1.182180E-01,0, 0.000000E+00,0, 0.000000E+00,4, 3.048188E+01, 3.109320E+00, 1.217663E+01,NULL,NULL,1,mc_qqps,35
-21023,1874,20228,1749,94C2, 9.125000E+01,32,12,44,32,12, 2.404512E+01, 1.683123E+01,-6.652914E+00, 1.059387E+02, 1.050588E+02, 3.283089E+00, 2.191107E+01, 1.567493E+01,-5.077470E+00, 1.226744E+02, 8.870572E+01, 1.005589E+01, 0.000000E+00,17, 1.200135E+01,0, 0.000000E+00,0, 0.000000E+00,9, 1.497662E+01, 4.977669E-01, 3.061506E+00,NULL,NULL,1,mc_qqps,35
-21023,1875,20228,1805,94C2, 9.125000E+01,31,13,44,31,13, 9.019844E+00,-1.355594E+01,-2.456952E+00, 5.103078E+01, 4.996583E+01, 1.611801E+00, 6.923807E+00,-6.705181E+00,-2.425614E+00, 9.051298E+01, 4.865780E+01, 3.306130E+01, 0.000000E+00,20, 6.142075E+00,0, 0.000000E+00,0, 0.000000E+00,11, 3.129960E+01, 3.806287E-01, 8.261780E+00,NULL,NULL,1,mc_qqps,35
-21023,1876,20228,1821,94C2, 9.125000E+01,34,14,48,34,14, 3.550653E+00, 2.647753E+00,-2.244976E+00, 8.497063E+01, 8.450151E+01, 2.485338E+00, 8.097455E+00, 1.437363E+01,-3.832301E+00, 1.121828E+02, 7.105732E+01, 1.256184E+01, 1.019946E+01,15, 6.254223E+00,0, 0.000000E+00,0, 0.000000E+00,11, 1.702475E+01, 5.521400E-01, 4.362098E+00,NULL,NULL,1,mc_qqps,35
-21023,1877,20228,1837,94C2, 9.125000E+01,31,16,47,31,16, 1.421557E+00, 7.690010E+00, 3.184121E+00, 6.485429E+01, 6.455680E+01, 2.082477E+00,-3.517097E+00, 6.470276E+00, 6.208245E-01, 9.747475E+01, 5.933571E+01, 1.200038E+01, 4.821760E+00,17, 6.339063E+00,3, 3.092785E+00,0, 0.000000E+00,11, 2.795354E+01, 3.648586E-01, 1.144643E+01,NULL,NULL,1,mc_qqps,35
-21023,1878,20228,1851,94C2, 9.125000E+01,40,21,61,40,21,-6.189715E+00, 9.703912E-01,-6.707280E+00, 5.288895E+01, 5.211262E+01, 1.302815E+00, 4.354026E+00, 4.197749E+00, 1.564094E+00, 8.662711E+01, 3.331118E+01, 8.466782E+00, 1.004779E+01,16, 9.610373E+00,4, 0.000000E+00,0, 0.000000E+00,12, 2.087474E+01, 4.130853E-01, 7.819440E+00,NULL,NULL,1,mc_qqps,35
-21023,1879,20228,1908,94C2, 9.125000E+01,21,10,31,21,10, 1.505973E+01,-9.921398E+01,-5.341151E+01, 1.730351E+02, 1.728429E+02, 8.230613E+00, 1.258154E+01,-9.098927E+01,-5.033216E+01, 1.876407E+02, 1.672717E+02, 6.877609E+00, 0.000000E+00,14, 1.025220E+00,0, 0.000000E+00,0, 0.000000E+00,9, 1.317519E+01, 6.032611E-01, 2.675794E+00,NULL,NULL,1,mc_qqps,35
