run,evt,date,time,dsttype,ecm,nctrk,nntrk,nvecp,ncvecp,nnvecp,sum_px_ch,sum_py_ch,sum_pz_ch,sum_e_ch,sum_p_ch,mean_p_ch,sum_px_all,sum_py_all,sum_pz_all,sum_e_all,echar,emneu,ehneu,nhpc,ehpc_sum,nemf,eemf_sum,nemclu,eemclu_sum,nphot,ephot_sum,ephot_min,ephot_max,nstic,estic_sum,ihad4,sample,file_id
-21042,593,20227,194109,94C2, 9.125000E+01,29,15,44,29,15,-1.085929E+01,-1.767644E+01,-1.304815E+01, 5.546220E+01, 5.475668E+01, 1.888162E+00,-8.477373E+00,-1.210542E+01,-8.283278E+00, 7.794262E+01, 2.945933E+01, 1.014907E+01, 9.933067E+00,18, 5.711473E+00,0, 0.000000E+00,0, 0.000000E+00,12, 1.259832E+01, 5.537872E-01, 2.918903E+00,NULL,NULL,1,mc_qqps,54
-21042,594,20227,194123,94C2, 9.125000E+01,57,16,73,57,16,-3.785841E+01,-6.420779E+01,-5.607163E+02, 6.049648E+02, 6.038367E+02, 1.059363E+01,-3.973197E+01,-6.390382E+01,-5.608417E+02, 6.277206E+02, 2.183479E+01, 1.041055E+01, 1.241422E+01,3, 0.000000E+00,15, 0.000000E+00,0, 0.000000E+00,2, 1.566089E+00, 4.727942E-01, 1.093294E+00,1, 0.000000E+00,1,mc_qqps,54
-21042,595,20227,194145,94C2, 9.125000E+01,46,19,65,46,19, 1.794773E+00, 5.507853E+00, 6.930766E+00, 5.667817E+01, 5.486579E+01, 1.192735E+00, 5.748419E+00, 1.025139E+00, 7.839883E+00, 9.400108E+01, 4.316095E+01, 3.308437E+01, 2.894024E-01,21, 3.024046E-01,1, 0.000000E+00,0, 0.000000E+00,18, 3.703349E+01, 3.535008E-01, 6.288755E+00,NULL,NULL,1,mc_qqps,54
-21042,596,20227,194203,94C2, 9.125000E+01,38,19,57,38,19,-9.478394E+00, 1.166726E+01,-9.225983E+00, 5.331226E+01, 5.266732E+01, 1.385982E+00, 2.703063E+00,-7.135042E+00, 7.981076E+00, 9.753156E+01, 5.154371E+01, 3.800168E+01, 5.749918E+00,24, 6.394163E+00,0, 0.000000E+00,0, 0.000000E+00,13, 3.749742E+01, 5.018034E-01, 9.482118E+00,NULL,NULL,1,mc_qqps,54
-21042,597,20227,194222,94C2, 9.125000E+01,27,9,36,27,9,-3.685797E+00,-3.965371E+00,-2.029124E+00, 7.527461E+01, 7.478562E+01, 2.769838E+00,-6.039047E-02,-1.039610E+00,-1.132857E+00, 9.135363E+01, 7.396084E+01, 9.668549E+00, 3.892919E+00,15, 1.434424E+01,0, 0.000000E+00,0, 0.000000E+00,6, 1.144935E+01, 7.672857E-01, 3.515560E+00,NULL,NULL,1,mc_qqps,54
-21042,598,20227,194238,94C2, 9.125000E+01,20,15,35,20,15,-5.145319E+00, 1.111993E+00, 1.278044E+00, 4.491013E+01, 4.464002E+01, 2.232001E+00,-3.013419E+00, 1.077289E+00, 1.533046E+00, 9.743920E+01, 4.096599E+01, 5.176117E+01, 0.000000E+00,16, 1.933962E+00,1, 0.000000E+00,0, 0.000000E+00,12, 4.641916E+01, 3.810307E-01, 2.685624E+01,NULL,NULL,1,mc_qqps,54
-21042,599,20227,194253,94C2, 9.125000E+01,17,19,36,17,19,-1.290845E+02, 1.023848E+02, 4.862499E+02, 5.356656E+02, 5.354226E+02, 3.149545E+01,-1.256856E+02, 9.737519E+01, 4.792516E+02, 5.855662E+02, 2.353093E+01, 3.476875E+01, 1.513198E+01,2, 0.000000E+00,16, 5.927576E+00,0, 0.000000E+00,1, 1.644349E+00, 1.644349E+00, 1.644349E+00,NULL,NULL,1,mc_qqps,54
-21042,600,20227,194306,94C2, 9.125000E+01,53,19,72,53,19, 5.977419E+00,-2.947132E+00, 8.396108E-01, 6.452160E+01, 6.316308E+01, 1.191756E+00, 1.004411E+01,-7.209164E+00,-1.266550E+00, 1.046582E+02, 4.930053E+01, 1.838307E+01, 1.814104E+01,19, 1.700533E+01,0, 0.000000E+00,0, 0.000000E+00,10, 2.150504E+01, 5.758358E-01, 3.891759E+00,NULL,NULL,1,mc_qqps,54
-21042,601,20227,194324,94C2, 9.125000E+01,37,8,45,37,8,-1.723205E+00, 1.147783E+00,-4.474379E+01, 1.015779E+02, 1.006788E+02, 2.721048E+00,-4.739997E+00, 3.457963E-02,-3.772290E+01, 1.162855E+02, 3.466175E+01, 1.345472E+01, 1.252851E+00,1, 0.000000E+00,11, 1.167721E+01,0, 0.000000E+00,1, 1.090672E+00, 1.090672E+00, 1.090672E+00,1, 0.000000E+00,1,mc_qqps,54
-21042,602,20227,194340,94C2, 9.125000E+01,19,9,28,19,9, 1.455331E+00, 2.306020E+00, 6.959736E+00, 5.328966E+01, 5.297829E+01, 2.788331E+00, 8.316777E-01, 5.609667E-01, 1.363848E+00, 7.238837E+01, 4.684108E+01, 1.909871E+01, 0.000000E+00,1, 0.000000E+00,14, 4.114767E+00,0, 0.000000E+00,1, 1.678622E+00, 1.678622E+00, 1.678622E+00,NULL,NULL,1,mc_qqps,54
-21042,603,20227,194353,94C2, 9.125000E+01,36,10,46,36,10,-6.349022E-01, 1.747010E-01, 1.297858E+01, 7.099389E+01, 7.032135E+01, 1.953371E+00, 9.953377E-01, 4.113033E-01, 1.571293E+01, 8.551788E+01, 5.798589E+01, 1.018827E+01, 4.366504E+00,16, 2.704788E+00,1, 2.406656E-01,0, 0.000000E+00,7, 8.658640E+00, 4.583535E-01, 3.472654E+00,NULL,NULL,1,mc_qqps,54
-21042,604,20227,194406,94C2, 9.125000E+01,28,22,50,28,22, 3.973580E+00, 3.275928E-01,-1.985562E+00, 5.759466E+01, 5.711078E+01, 2.039671E+00, 8.123976E+00,-1.535381E+01,-1.218930E+00, 1.011256E+02, 5.068118E+01, 2.114566E+01, 1.065578E+01,20, 3.025137E+00,0, 0.000000E+00,0, 0.000000E+00,14, 2.681159E+01, 4.185084E-01, 9.709929E+00,NULL,NULL,1,mc_qqps,54
-21042,605,20227,194423,94C2, 9.125000E+01,25,14,39,25,14, 4.505074E+00,-6.210620E+00, 1.315754E+01, 4.033637E+01, 3.992590E+01, 1.597036E+00,-3.372460E+00, 4.013429E+00,-7.220277E+00, 7.610553E+01, 3.575406E+01, 3.243610E+01, 3.333060E+00,0, 0.000000E+00,12, 1.403723E+00,0, 0.000000E+00,NULL,NULL,NULL,NULL,1, 0.000000E+00,1,mc_qqps,54
-21042,606,20227,194441,94C2, 9.125000E+01,46,20,66,46,20, 2.142163E+01, 7.134408E+00, 8.436727E+00, 9.314090E+01, 9.218448E+01, 2.004010E+00, 7.469455E+00, 4.843663E+00, 3.515246E+00, 1.279866E+02, 6.009406E+01, 2.184033E+01, 8.819125E+00,26, 8.978393E+00,0, 0.000000E+00,0, 0.000000E+00,16, 1.927564E+01, 3.989998E-01, 2.498110E+00,NULL,NULL,1,mc_qqps,54
-21042,607,20227,194458,94C2, 9.125000E+01,35,16,51,35,16, 1.249069E+00, 4.161143E-02,-7.740838E-01, 5.875799E+01, 5.788325E+01, 1.653807E+00, 8.833235E+00, 1.083398E+01,-1.045014E+01, 8.069805E+01, 5.462394E+01, 1.997376E+01, 2.029530E+00,15, 5.703526E+00,0, 0.000000E+00,0, 0.000000E+00,11, 1.607009E+01, 5.686578E-01, 3.966284E+00,NULL,NULL,1,mc_qqps,54
-21042,608,20227,194511,94C2, 9.125000E+01,19,9,28,19,9,-5.411833E+00, 2.517879E+00,-2.528234E+00, 7.048882E+01, 7.027267E+01, 3.698561E+00, 2.137613E-01,-8.022017E-01, 1.040260E+00, 1.006293E+02, 6.829533E+01, 1.860034E+01, 1.154016E+01,12, 5.037507E+00,0, 0.000000E+00,0, 0.000000E+00,6, 1.139342E+01, 6.198364E-01, 6.429043E+00,1, 0.000000E+00,1,mc_qqps,54
-21042,609,20227,194525,94C2, 9.125000E+01,38,21,59,38,21, 5.421801E-01, 4.481871E-01,-1.385950E+00, 6.729241E+01, 6.643713E+01, 1.748345E+00, 1.614103E+00,-1.950262E+00, 2.700541E-01, 9.354813E+01, 6.254989E+01, 2.279540E+01, 2.672119E+00,26, 1.019036E+01,0, 0.000000E+00,0, 0.000000E+00,17, 2.303723E+01, 5.072002E-01, 2.790693E+00,NULL,NULL,1,mc_qqps,54
-21042,610,20227,194540,94C2, 9.125000E+01,35,11,46,35,11, 1.758727E+01,-4.008371E+00,-1.848042E+01, 5.008533E+01, 4.949386E+01, 1.414110E+00, 6.383479E+00,-2.708630E+00,-8.895698E+00, 7.548473E+01, 2.783900E+01, 4.848958E+00, 1.835535E+01,8, 2.116218E-01,3, 0.000000E+00,0, 0.000000E+00,4, 4.855849E+00, 6.347308E-01, 1.983584E+00,NULL,NULL,1,mc_qqps,54
-21042,611,20227,194558,94C2, 9.125000E+01,27,12,39,27,12, 4.758706E+00, 8.199732E+00, 1.758765E+01, 6.057332E+01, 6.015546E+01, 2.227980E+00, 7.541044E-01, 2.501013E+00, 9.519832E+00, 8.227811E+01, 5.498478E+01, 1.786394E+01, 0.000000E+00,5, 8.145100E-02,11, 2.434693E+00,0, 0.000000E+00,4, 7.348681E+00, 6.393992E-01, 2.868438E+00,NULL,NULL,1,mc_qqps,54
-21042,612,20227,194615,94C2, 9.125000E+01,36,13,49,36,13,-7.720450E+00,-8.210224E+00, 1.377144E+00, 5.115603E+01, 5.033079E+01, 1.398077E+00, 9.586170E-01, 3.448659E+00, 1.288486E+00, 7.244057E+01, 4.246163E+01, 1.117268E+01, 7.984496E+00,16, 2.130498E+00,0, 0.000000E+00,0, 0.000000E+00,8, 1.051145E+01, 4.922634E-01, 3.000070E+00,NULL,NULL,1,mc_qqps,54
-21042,613,20227,194633,94C2, 9.125000E+01,18,19,37,18,19, 6.363197E+00,-1.354441E+00,-3.340252E+01, 3.720873E+01, 3.686575E+01, 2.048097E+00, 1.332170E+00,-2.709069E+00,-2.028601E+01, 7.536990E+01, 6.602935E+00, 2.389025E+01, 1.427093E+01,2, 0.000000E+00,19, 8.406345E+00,0, 0.000000E+00,2, 2.516455E+00, 8.465496E-01, 1.669906E+00,1, 0.000000E+00,0,mc_qqps,54
-21042,614,20227,194646,94C2, 9.125000E+01,27,17,44,27,17, 3.356452E+00,-1.338673E+01,-3.639617E+00, 6.315228E+01, 6.279631E+01, 2.325789E+00,-1.385094E+00,-1.267446E+01,-2.998743E+00, 9.069794E+01, 5.469437E+01, 1.431172E+01, 1.021396E+01,22, 1.009611E+01,0, 0.000000E+00,0, 0.000000E+00,12, 1.618916E+01, 3.197038E-01, 4.515348E+00,NULL,NULL,1,mc_qqps,54
-21042,615,20227,194702,94C2, 9.125000E+01,26,8,34,26,8,-9.451031E+00,-1.437408E-01, 1.121233E+02, 1.255025E+02, 1.252042E+02, 4.815547E+00,-9.294548E+00,-1.097627E-02, 1.158065E+02, 1.395797E+02, 1.016109E+01, 1.407722E+01, 0.000000E+00,0, 0.000000E+00,4, 5.670280E-01,0, 0.000000E+00,NULL,NULL,NULL,NULL,6, 0.000000E+00,0,mc_qqps,54
-21042,616,20227,194713,94C2, 9.125000E+01,23,6,29,23,6, 2.667859E+00, 1.183169E+00,-7.940913E-01, 7.929818E+01, 7.904169E+01, 3.436595E+00,-1.681174E+00,-1.665632E+00,-1.354326E+00, 8.689866E+01, 7.368230E+01, 6.288076E+00, 1.402283E+00,4, 0.000000E+00,8, 1.726509E+00,0, 0.000000E+00,1, 4.057147E+00, 4.057147E+00, 4.057147E+00,NULL,NULL,1,mc_qqps,54
-21042,617,20227,194724,94C2, 9.125000E+01,29,9,38,29,9, 2.174002E+00,-4.486749E+00,-4.305932E+00, 7.415643E+01, 7.376289E+01, 2.543548E+00, 9.368467E-01, 1.909075E+00, 2.226057E+00, 9.095180E+01, 7.179933E+01, 1.095390E+01, 3.901680E+00,10, 4.504783E+00,0, 0.000000E+00,0, 0.000000E+00,6, 1.217865E+01, 5.115502E-01, 5.477762E+00,NULL,NULL,1,mc_qqps,54
-21042,618,20227,194738,94C2, 9.125000E+01,36,21,57,36,21, 3.662251E+00,-1.979419E+00, 2.284642E+00, 5.489672E+01, 5.411484E+01, 1.503190E+00,-3.171024E+00,-4.721747E+00, 2.993965E+00, 8.467903E+01, 5.125600E+01, 2.255803E+01, 6.298688E+00,11, 3.793148E-01,11, 0.000000E+00,0, 0.000000E+00,7, 1.067894E+01, 6.068901E-01, 3.238279E+00,NULL,NULL,1,mc_qqps,54
-21042,619,20227,194756,94C2, 9.125000E+01,25,16,41,25,16,-4.696724E+00,-3.487861E+00, 9.937322E+00, 5.369083E+01, 5.307381E+01, 2.122952E+00,-6.279904E+00,-2.748607E+00, 1.111092E+01, 7.045948E+01, 4.685655E+01, 1.612279E+01, 6.458634E-01,6, 7.109971E+00,6, 0.000000E+00,0, 0.000000E+00,5, 7.560987E+00, 6.854249E-01, 4.283970E+00,NULL,NULL,1,mc_qqps,54
-21042,620,20227,194815,94C2, 9.125000E+01,68,16,84,68,16,-8.445595E+00, 4.442235E+00,-8.327969E+00, 9.416489E+01, 9.269744E+01, 1.363198E+00,-1.427582E+00, 1.690248E+00,-5.786635E-01, 1.121717E+02, 6.559088E+01, 1.571523E+01, 1.550166E+00,10, 0.000000E+00,2, 0.000000E+00,0, 0.000000E+00,8, 1.242586E+01, 1.846044E-01, 4.650656E+00,NULL,NULL,1,mc_qqps,54
-21042,621,20227,194839,94C2, 9.125000E+01,22,14,36,22,14, 9.891022E-01, 2.962435E+00,-1.268810E+01, 3.820816E+01, 3.783779E+01, 1.719899E+00, 2.595886E+00, 1.058405E+00,-1.288011E+01, 5.762305E+01, 3.713926E+01, 1.941490E+01, 0.000000E+00,5, 0.000000E+00,11, 5.406544E-01,0, 0.000000E+00,4, 6.646051E+00, 6.096493E-01, 2.580942E+00,1, 0.000000E+00,1,mc_qqps,54
-21042,622,20227,194853,94C2, 9.125000E+01,41,15,56,41,15, 5.185066E+00, 1.831663E+00,-2.429638E+00, 6.518795E+01, 6.432098E+01, 1.568805E+00,-9.616405E+00, 6.455344E-01,-9.934381E+00, 9.753361E+01, 5.855133E+01, 1.365910E+01, 1.060990E+01,16, 7.032735E+00,2, 0.000000E+00,0, 0.000000E+00,8, 1.922767E+01, 5.329685E-01, 8.076657E+00,NULL,NULL,1,mc_qqps,54
-21042,623,20227,194909,94C2, 9.125000E+01,30,12,42,30,12, 7.501959E+00, 1.294172E+01, 1.743971E+00, 5.553664E+01, 5.483016E+01, 1.827672E+00,-4.482208E-01,-5.298401E+00, 2.427634E-01, 8.464512E+01, 4.999786E+01, 2.791446E+01, 5.116451E-01,12, 1.957214E-01,0, 0.000000E+00,0, 0.000000E+00,8, 2.707389E+01, 5.276027E-01, 1.857031E+01,NULL,NULL,1,mc_qqps,54
-21042,624,20227,194927,94C2, 9.125000E+01,42,12,54,42,12, 2.047025E+00, 1.581668E+01, 6.050735E+01, 1.367580E+02, 1.361132E+02, 3.240790E+00, 1.670152E+00, 1.679943E+01, 6.248063E+01, 1.461228E+02, 2.948446E+01, 9.151537E+00, 2.133318E-01,1, 0.000000E+00,18, 7.858887E+00,0, 0.000000E+00,NULL,NULL,NULL,NULL,1, 0.000000E+00,1,mc_qqps,54
-21042,625,20227,194944,94C2, 9.125000E+01,28,11,39,28,11, 6.972693E+00,-4.056961E+00, 2.167738E+00, 7.133759E+01, 7.072769E+01, 2.525989E+00, 9.613634E+00,-5.303892E+00, 1.916026E+00, 8.125914E+01, 6.798161E+01, 4.520981E+00, 7.253616E-01,14, 7.931896E+00,0, 0.000000E+00,0, 0.000000E+00,9, 9.036217E+00, 4.955136E-01, 2.950788E+00,NULL,NULL,1,mc_qqps,54
-21042,626,20227,194958,94C2, 9.125000E+01,30,8,38,30,8,-5.122779E-01,-2.427639E+00,-3.532672E+00, 8.984585E+01, 8.942118E+01, 2.980706E+00,-3.134130E-01,-9.369691E+00,-1.013498E+01, 1.016485E+02, 8.762574E+01, 1.180267E+01, 0.000000E+00,15, 1.004918E+01,2, 0.000000E+00,0, 0.000000E+00,5, 8.676637E+00, 8.880482E-01, 2.774095E+00,NULL,NULL,1,mc_qqps,54
-21042,627,20227,195012,94C2, 9.125000E+01,34,14,48,34,14, 7.871982E+00, 4.974270E+00, 1.753222E+01, 6.324000E+01, 6.252357E+01, 1.838929E+00, 1.162899E+01, 8.086555E+00, 2.611515E+01, 9.647758E+01, 4.923704E+01, 1.232426E+01, 1.843979E+01,5, 0.000000E+00,11, 4.255898E+00,0, 0.000000E+00,3, 4.834921E+00, 8.456495E-01, 2.361398E+00,NULL,NULL,1,mc_qqps,54
-21042,628,20227,195026,94C2, 9.125000E+01,44,20,64,44,20, 6.329748E+00, 2.857511E+00, 3.404620E-01, 7.327231E+01, 7.233474E+01, 1.643971E+00, 8.879854E+00, 1.484145E+01, 8.552139E+00, 1.215685E+02, 6.459538E+01, 2.757444E+01, 1.731075E+01,18, 9.041038E+00,2, 0.000000E+00,0, 0.000000E+00,14, 2.508991E+01, 5.376957E-01, 3.857650E+00,NULL,NULL,1,mc_qqps,54
-21042,629,20227,195046,94C2, 9.125000E+01,18,11,29,18,11, 9.842766E+00,-1.004447E+01,-1.558690E+01, 4.808552E+01, 4.786593E+01, 2.659219E+00, 6.331318E+00,-4.095417E+00,-7.805043E+00, 8.465853E+01, 4.628590E+01, 3.442905E+01, 7.212911E-01,14, 2.846524E+00,0, 0.000000E+00,0, 0.000000E+00,8, 3.062726E+01, 3.991290E-01, 1.989252E+01,NULL,NULL,1,mc_qqps,54
-21042,630,20227,195058,94C2, 9.125000E+01,55,17,72,55,17,-1.296600E+00, 6.514897E+00,-5.353155E+00, 6.146874E+01, 6.005940E+01, 1.091989E+00,-2.294281E+00,-7.984189E+00, 4.910982E+00, 8.918237E+01, 5.314380E+01, 1.808354E+01, 9.002931E+00,20, 6.499074E+00,0, 0.000000E+00,0, 0.000000E+00,13, 1.748157E+01, 3.399830E-01, 5.250327E+00,NULL,NULL,1,mc_qqps,54
-21042,631,20227,195116,94C2, 9.125000E+01,19,13,32,19,13, 1.710631E+01, 2.380022E+00,-2.224877E+01, 4.697181E+01, 4.672071E+01, 2.458985E+00, 1.871388E+01, 3.762959E+00,-2.506382E+01, 6.855582E+01, 4.545712E+01, 1.080618E+01, 1.086005E+01,1, 0.000000E+00,11, 3.077765E+00,0, 0.000000E+00,NULL,NULL,NULL,NULL,NULL,NULL,1,mc_qqps,54
-21042,632,20227,195131,94C2, 9.125000E+01,27,11,38,27,11,-2.286409E+00,-6.676031E+00, 2.801039E+00, 6.285570E+01, 6.248981E+01, 2.314438E+00,-2.148558E+00,-1.834335E+01, 5.603449E+00, 8.906470E+01, 4.816073E+01, 2.465111E+01, 5.053638E-01,16, 1.280771E+00,0, 0.000000E+00,0, 0.000000E+00,10, 2.570364E+01, 4.284253E-01, 9.718534E+00,NULL,NULL,1,mc_qqps,54
-21042,633,20227,195146,94C2, 9.125000E+01,53,17,70,53,17,-1.079813E+01, 4.649170E+00,-7.926347E+00, 8.180453E+01, 7.999424E+01, 1.509325E+00,-1.663500E+00,-1.454532E-01,-3.462720E+00, 9.890952E+01, 7.125134E+01, 1.442182E+01, 1.136520E+00,16, 2.136657E+00,0, 0.000000E+00,0, 0.000000E+00,12, 1.369616E+01, 4.476387E-01, 2.751433E+00,NULL,NULL,1,mc_qqps,54
-21042,634,20227,195204,94C2, 9.125000E+01,36,13,49,36,13,-7.622211E+00,-2.383602E+00, 1.331061E+01, 6.074338E+01, 5.957679E+01, 1.654911E+00,-5.515962E+00,-2.990062E+00, 6.174430E+00, 9.345899E+01, 5.527461E+01, 2.047327E+01, 1.225750E+01,0, 0.000000E+00,14, 4.046608E+00,0, 0.000000E+00,NULL,NULL,NULL,NULL,2, 0.000000E+00,1,mc_qqps,54
-21042,635,20227,195223,94C2, 9.125000E+01,34,16,50,34,16, 2.029686E+00,-3.961812E+00, 5.744483E+00, 7.433339E+01, 7.343253E+01, 2.159781E+00,-1.143811E+00,-2.969467E+00, 2.460287E+00, 9.986914E+01, 6.917036E+01, 1.331791E+01, 8.468523E+00,12, 2.266675E-01,1, 0.000000E+00,0, 0.000000E+00,10, 1.647081E+01, 4.370584E-01, 4.640297E+00,NULL,NULL,1,mc_qqps,54
-21042,636,20227,195241,94C2, 9.125000E+01,57,21,78,57,21, 5.718499E-02,-5.551151E+00,-1.980087E+00, 7.855958E+01, 7.728538E+01, 1.355884E+00, 4.304083E+00,-4.390289E+00,-1.168490E+01, 1.156692E+02, 5.579834E+01, 7.551312E+00, 2.148165E+01,12, 1.756278E-01,8, 0.000000E+00,0, 0.000000E+00,9, 1.070575E+01, 5.301271E-01, 2.538845E+00,NULL,NULL,1,mc_qqps,54
-21042,637,20227,195300,94C2, 9.125000E+01,24,14,38,24,14,-7.630668E+00,-9.641670E+00, 2.486428E+01, 4.447902E+01, 4.406997E+01, 1.836249E+00,-5.492098E+00,-3.227651E+00, 1.034530E+01, 7.912462E+01, 3.706855E+01, 2.338619E+01, 1.129190E+01,1, 0.000000E+00,14, 9.157734E+00,0, 0.000000E+00,1, 6.004238E-01, 6.004238E-01, 6.004238E-01,NULL,NULL,1,mc_qqps,54
-21042,638,20227,195313,94C2, 9.125000E+01,35,17,52,35,17,-4.420371E+00, 6.621640E+00, 6.731758E+00, 5.514619E+01, 5.457846E+01, 1.559385E+00, 3.447684E+00, 1.241224E+01, 9.184938E+00, 7.295222E+01, 4.370075E+01, 1.461945E+01, 2.189648E+00,16, 1.073636E+01,1, 0.000000E+00,0, 0.000000E+00,11, 1.491610E+01, 4.175200E-01, 3.619176E+00,NULL,NULL,1,mc_qqps,54
-21042,639,20227,195327,94C2, 9.125000E+01,11,5,16,11,5,-1.138955E+01, 2.766686E+01,-1.639425E+01, 5.959213E+01, 5.950601E+01, 5.409637E+00,-8.974150E+00, 2.258317E+01,-1.239446E+01, 7.305988E+01, 5.566266E+01, 4.548636E+00, 5.814568E+00,11, 4.437253E+00,0, 0.000000E+00,0, 0.000000E+00,4, 7.761332E+00, 4.233518E-01, 3.380649E+00,NULL,NULL,1,mc_qqps,54
-21042,640,20227,195336,94C2, 9.125000E+01,19,15,34,19,15, 4.460466E-02,-3.201060E+00,-2.050794E+01, 3.272049E+01, 3.235918E+01, 1.703115E+00,-7.357308E-01,-3.360454E+00,-1.780674E+01, 7.497457E+01, 1.160400E+01, 3.525259E+01, 7.032369E+00,1, 0.000000E+00,10, 1.457204E+00,0, 0.000000E+00,1, 1.560025E+00, 1.560025E+00, 1.560025E+00,5, 0.000000E+00,0,mc_qqps,54
-21042,641,20227,195402,94C2, 9.125000E+01,24,17,41,24,17,-4.707731E-01,-1.076654E+01,-2.581493E+00, 7.742085E+01, 7.697673E+01, 3.207364E+00, 2.829462E+00,-7.639748E-01, 5.109983E+00, 9.910775E+01, 7.284486E+01, 1.891031E+01, 0.000000E+00,13, 8.719822E-01,4, 0.000000E+00,0, 0.000000E+00,12, 1.632973E+01, 5.472536E-01, 2.996600E+00,1, 0.000000E+00,1,mc_qqps,54
-21042,642,20227,195419,94C2, 9.125000E+01,24,13,37,24,13,-8.371643E-01, 3.500231E-01, 7.531181E-02, 6.520363E+01, 6.479476E+01, 2.699782E+00,-7.860924E-01, 1.863894E+00,-5.950575E-01, 9.091617E+01, 5.577388E+01, 2.231896E+01, 2.008913E+00,15, 5.202731E+00,0, 0.000000E+00,0, 0.000000E+00,12, 2.370848E+01, 4.723564E-01, 4.192007E+00,NULL,NULL,1,mc_qqps,54
-21042,643,20227,195432,94C2, 9.125000E+01,34,8,42,34,8,-3.104358E+00, 6.208874E+00, 6.053340E+00, 6.769587E+01, 6.705544E+01, 1.972219E+00, 1.838091E+00, 3.637580E+00, 3.697009E+00, 7.591166E+01, 6.618578E+01, 6.673910E+00, 5.746914E-01,10, 4.414325E-01,5, 0.000000E+00,0, 0.000000E+00,6, 6.838705E+00, 4.748986E-01, 1.833396E+00,NULL,NULL,1,mc_qqps,54
-21042,644,20227,195449,94C2, 9.125000E+01,38,15,53,38,15,-3.012964E+00, 1.292512E+00, 2.752094E-01, 6.100241E+01, 6.032243E+01, 1.587432E+00, 2.925719E+00, 4.288737E+00,-4.616045E+00, 7.606500E+01, 5.504766E+01, 1.055032E+01, 4.657983E+00,16, 3.093571E+00,1, 0.000000E+00,0, 0.000000E+00,8, 8.221551E+00, 2.966519E-01, 2.163140E+00,NULL,NULL,1,mc_qqps,54
-21042,645,20227,195503,94C2, 9.125000E+01,33,23,56,33,23, 9.984704E+00, 3.586675E+00,-8.533411E+01, 1.171574E+02, 1.165246E+02, 3.531049E+00, 5.342959E+00,-3.825874E+00,-5.949549E+01, 1.679749E+02, 1.260810E+01, 1.649623E+01, 3.432418E+01,2, 0.000000E+00,21, 8.571959E+00,0, 0.000000E+00,1, 8.741056E-01, 8.741056E-01, 8.741056E-01,4, 0.000000E+00,1,mc_qqps,54
-21042,646,20227,195524,94C2, 9.125000E+01,29,17,46,29,17,-6.061221E+00, 4.326949E+00,-1.121369E+00, 5.861314E+01, 5.807562E+01, 2.002608E+00, 3.157439E+00,-2.782403E+00, 4.142185E-01, 9.720164E+01, 5.524884E+01, 3.727358E+01, 7.937361E-01,22, 8.852618E+00,0, 0.000000E+00,0, 0.000000E+00,14, 3.474208E+01, 4.664936E-01, 1.767187E+01,1, 0.000000E+00,1,mc_qqps,54
-21042,647,20227,195538,94C2, 9.125000E+01,30,20,50,30,20,-2.172897E+00,-1.043542E+01, 8.547605E+00, 4.961238E+01, 4.906420E+01, 1.635473E+00, 3.566250E+00,-3.663284E+00, 3.717432E+00, 8.091393E+01, 4.645179E+01, 2.401415E+01, 3.861341E+00,18, 2.302524E+00,0, 0.000000E+00,0, 0.000000E+00,15, 2.540745E+01, 4.824586E-01, 1.024893E+01,NULL,NULL,1,mc_qqps,54
-21042,648,20227,195556,94C2, 9.125000E+01,12,10,22,12,10,-2.445676E+00, 1.580505E+00,-3.987617E+00, 8.226582E+01, 8.221519E+01, 6.851265E+00,-4.288499E+00, 4.458603E+00,-6.081341E+00, 9.938322E+01, 8.187347E+01, 4.967694E+00, 1.118692E+01,2, 0.000000E+00,4, 2.353549E+00,0, 0.000000E+00,2, 2.014314E+00, 9.908109E-01, 1.023503E+00,1, 0.000000E+00,1,mc_qqps,54
-21042,649,20227,195607,94C2, 9.125000E+01,34,13,47,34,13, 5.204976E-04,-4.373877E-01, 6.904420E-01, 4.675859E+01, 4.595742E+01, 1.351689E+00, 2.123372E-01,-1.238525E+00, 1.938633E-01, 7.254394E+01, 4.123484E+01, 2.331964E+01, 2.465696E+00,16, 5.263734E-01,0, 0.000000E+00,0, 0.000000E+00,10, 2.196922E+01, 5.835901E-01, 5.402122E+00,NULL,NULL,1,mc_qqps,54
-21042,650,20227,195621,94C2, 9.125000E+01,22,8,30,22,8, 1.950000E+02,-2.513549E+02, 4.047774E+02, 5.492457E+02, 5.488700E+02, 2.494864E+01, 1.910834E+02,-2.456153E+02, 3.958801E+02, 5.737954E+02, 3.523655E+01, 9.528692E+00, 1.502109E+01,3, 0.000000E+00,4, 0.000000E+00,0, 0.000000E+00,2, 3.803597E+00, 3.973246E-01, 3.406273E+00,NULL,NULL,1,mc_qqps,54
-21042,651,20227,195636,94C2, 9.125000E+01,24,22,46,24,22,-1.478663E+00,-3.007056E+00, 1.050466E+01, 4.075404E+01, 4.049104E+01, 1.687127E+00, 4.074181E+00, 1.498232E+00, 2.714825E-01, 8.507619E+01, 3.359806E+01, 4.059900E+01, 3.192065E+00,2, 0.000000E+00,17, 4.575641E+00,0, 0.000000E+00,1, 5.311005E-01, 5.311005E-01, 5.311005E-01,1, 0.000000E+00,1,mc_qqps,54
-21042,652,20227,195653,94C2, 9.125000E+01,19,15,34,19,15,-7.876241E+00,-1.595965E+01, 2.320113E+00, 3.430536E+01, 3.397412E+01, 1.788111E+00, 2.546331E+00,-1.080844E+00,-1.243911E-01, 7.018728E+01, 3.323186E+01, 2.443780E+01, 1.118411E+01,13, 5.989949E+00,0, 0.000000E+00,0, 0.000000E+00,10, 2.490679E+01, 4.689875E-01, 7.194863E+00,NULL,NULL,1,mc_qqps,54
-21042,653,20227,195707,94C2, 9.125000E+01,30,26,56,30,26, 8.651426E-01, 2.756061E+00, 4.674848E+00, 4.243219E+01, 4.203613E+01, 1.401204E+00,-6.737161E-02, 3.598376E+00, 7.230453E+00, 7.417163E+01, 3.277625E+01, 2.990381E+01, 0.000000E+00,9, 0.000000E+00,20, 1.229847E+00,0, 0.000000E+00,8, 1.087129E+01, 5.041202E-01, 4.228741E+00,NULL,NULL,1,mc_qqps,54
-21042,654,20227,195724,94C2, 9.125000E+01,23,10,33,23,10, 3.221100E+00,-8.688378E-01,-4.108433E-01, 6.569765E+01, 6.544893E+01, 2.845606E+00,-1.303028E+00, 1.972323E+00,-2.484862E+00, 9.600487E+01, 6.206352E+01, 2.927863E+01, 0.000000E+00,17, 3.380259E+00,0, 0.000000E+00,0, 0.000000E+00,10, 3.030721E+01, 6.053259E-01, 8.456173E+00,NULL,NULL,1,mc_qqps,54
-21042,655,20227,195736,94C2, 9.125000E+01,29,25,54,29,25,-6.082009E-01, 8.781054E-01,-7.788944E-02, 5.142977E+01, 5.099452E+01, 1.758432E+00,-4.615170E+00,-9.003882E-01,-7.434629E-01, 9.592370E+01, 4.547006E+01, 3.173062E+01, 9.028080E+00,25, 2.824280E+00,0, 0.000000E+00,0, 0.000000E+00,18, 3.142770E+01, 4.628506E-01, 5.361730E+00,NULL,NULL,1,mc_qqps,54
-21042,656,20227,195752,94C2, 9.125000E+01,24,14,38,24,14, 6.954139E+00, 9.504836E+01,-3.040827E+02, 3.554406E+02, 3.550197E+02, 1.479249E+01, 4.934407E+00, 8.762252E+01,-2.940139E+02, 3.835640E+02, 2.662868E+01, 2.681684E+01, 1.306619E+00,0, 0.000000E+00,13, 3.316972E+00,0, 0.000000E+00,NULL,NULL,NULL,NULL,1, 0.000000E+00,1,mc_qqps,54
-21042,657,20227,195803,94C2, 9.125000E+01,32,17,49,32,17, 3.999055E-01, 2.834554E+00,-2.643464E+00, 7.546569E+01, 7.499361E+01, 2.343550E+00,-1.634611E+00,-2.052013E-01, 4.358991E+00, 9.574513E+01, 5.787133E+01, 1.480959E+01, 5.638328E+00,2, 0.000000E+00,18, 9.111983E+00,0, 0.000000E+00,2, 2.218578E+00, 5.490513E-01, 1.669527E+00,NULL,NULL,1,mc_qqps,54
-21042,658,20227,195818,94C2, 9.125000E+01,30,12,42,30,12,-4.143858E+00, 5.829216E+00,-4.411685E+00, 7.626364E+01, 7.591983E+01, 2.530661E+00,-1.325240E+01, 2.120506E+01,-1.107061E+01, 1.140441E+02, 7.033236E+01, 1.084469E+01, 2.445013E+01,14, 6.013155E+00,0, 0.000000E+00,0, 0.000000E+00,8, 1.351506E+01, 4.772441E-01, 4.331620E+00,NULL,NULL,1,mc_qqps,54
-21042,659,20227,195831,94C2, 9.125000E+01,18,16,34,18,16,-3.154522E-01, 1.252892E+00,-2.629974E-01, 4.809062E+01, 4.794807E+01, 2.663782E+00,-1.115060E+01, 1.394359E+00,-5.287168E+00, 7.775064E+01, 4.796674E+01, 2.373052E+01, 1.095812E+00,17, 6.116436E+00,0, 0.000000E+00,0, 0.000000E+00,12, 2.706293E+01, 4.568215E-01, 5.428094E+00,NULL,NULL,1,mc_qqps,54
-21042,660,20227,195843,94C2, 9.125000E+01,11,9,20,11,9, 4.003423E+00, 1.395911E+00, 2.440878E+00, 6.243527E+01, 6.240071E+01, 5.672791E+00, 1.549604E+01,-3.213567E+00, 1.171537E+01, 8.977095E+01, 6.243344E+01, 1.411563E+01, 1.322933E+01,12, 1.179889E+01,1, 0.000000E+00,0, 0.000000E+00,7, 1.390246E+01, 8.299569E-01, 3.260617E+00,NULL,NULL,1,mc_qqps,54
-21042,661,20227,195852,94C2, 9.125000E+01,43,15,58,43,15, 1.015098E+01,-2.304900E+00, 1.130973E+02, 1.908385E+02, 1.901045E+02, 4.421035E+00, 6.589037E+00,-2.073364E+00, 1.153116E+02, 2.026917E+02, 6.790828E+01, 9.827476E+00, 8.072709E-01,17, 1.180404E+01,3, 0.000000E+00,0, 0.000000E+00,8, 6.731841E+00, 3.944922E-01, 1.925404E+00,NULL,NULL,1,mc_qqps,54
-21042,662,20227,195910,94C2, 9.125000E+01,40,16,56,40,16, 2.782044E+00,-1.924627E+00,-1.905434E+01, 6.570970E+01, 6.470901E+01, 1.617725E+00, 1.983966E+00,-1.274058E+00,-1.670074E+01, 8.429016E+01, 3.113062E+01, 1.707477E+01, 5.301659E-01,2, 3.626174E-01,18, 1.335928E+01,0, 0.000000E+00,1, 1.326657E+00, 1.326657E+00, 1.326657E+00,1, 0.000000E+00,1,mc_qqps,54
-21042,663,20227,195932,94C2, 9.125000E+01,35,21,56,35,21, 3.797130E+00, 2.945470E+00,-1.437263E+01, 5.238992E+01, 5.167848E+01, 1.476528E+00, 1.928532E+00, 2.646927E+00,-9.341752E+00, 8.694155E+01, 4.267999E+01, 2.011384E+01, 1.383353E+01,4, 0.000000E+00,15, 1.691396E+00,0, 0.000000E+00,4, 3.122188E+00, 5.402764E-01, 1.413485E+00,NULL,NULL,1,mc_qqps,54
-21042,664,20227,195948,94C2, 9.125000E+01,39,17,56,39,17,-1.267842E+01, 3.498371E+00, 1.897326E+01, 6.136115E+01, 6.057793E+01, 1.553280E+00,-6.381431E+00, 2.108190E+00, 1.063891E+01, 8.625803E+01, 5.688045E+01, 1.964985E+01, 5.413487E+00,7, 1.634922E+00,6, 0.000000E+00,0, 0.000000E+00,5, 1.162189E+01, 6.032708E-01, 4.174602E+00,1, 0.000000E+00,1,mc_qqps,54
-21042,665,20227,200003,94C2, 9.125000E+01,18,20,38,18,20,-4.060353E+00,-1.271137E+01, 8.596480E+00, 5.709769E+01, 5.676032E+01, 3.153351E+00,-3.398319E+00,-2.084693E+01, 1.880326E+01, 1.175889E+02, 5.363952E+01, 2.304086E+01, 3.386439E+01,19, 5.074277E+00,2, 0.000000E+00,0, 0.000000E+00,15, 2.470217E+01, 5.465565E-01, 4.897493E+00,NULL,NULL,1,mc_qqps,54
-21042,666,20227,200020,94C2, 9.125000E+01,42,16,58,42,16,-6.312174E+00, 6.674666E-01,-1.181303E+01, 8.441672E+01, 8.350104E+01, 1.988120E+00,-3.195037E+00, 1.004557E+01,-1.634493E+01, 1.118416E+02, 6.682798E+01, 1.215929E+01, 1.536277E+01,10, 3.283850E+00,7, 0.000000E+00,0, 0.000000E+00,7, 8.389907E+00, 5.979359E-01, 1.820907E+00,NULL,NULL,1,mc_qqps,54
-21042,667,20227,200036,94C2, 9.125000E+01,41,17,58,41,17, 5.450891E+00, 9.086958E-01, 4.756274E+01, 9.071844E+01, 9.011544E+01, 2.197937E+00, 6.338889E+00, 9.472976E-01, 4.784578E+01, 1.119479E+02, 4.615036E+01, 2.066352E+01, 5.658993E-01,7, 2.464956E+00,18, 4.454527E-01,0, 0.000000E+00,4, 5.094744E+00, 5.139431E-01, 3.100532E+00,NULL,NULL,1,mc_qqps,54
-21042,668,20227,200053,94C2, 9.125000E+01,20,12,32,20,12,-4.792828E+00, 2.578846E+00, 4.533570E+00, 3.410052E+01, 3.374470E+01, 1.687235E+00, 9.696382E+00,-3.621197E+00,-6.005713E+00, 7.462132E+01, 2.850340E+01, 2.738726E+01, 1.250334E+01,11, 8.081770E+00,0, 0.000000E+00,0, 0.000000E+00,7, 2.642060E+01, 2.897219E-01, 1.348518E+01,NULL,NULL,1,mc_qqps,54
-21042,669,20227,200104,94C2, 9.125000E+01,14,10,24,14,10, 7.055243E+00, 6.184578E+00, 1.533954E+01, 4.631136E+01, 4.612857E+01, 3.294898E+00, 1.748424E+00, 1.670715E+00, 7.213948E+00, 6.950746E+01, 4.477525E+01, 6.871828E+00, 1.643280E+01,0, 0.000000E+00,8, 2.889830E+00,0, 0.000000E+00,NULL,NULL,NULL,NULL,NULL,NULL,1,mc_qqps,54
-21042,670,20227,200115,94C2, 9.125000E+01,42,18,60,42,18, 6.798867E+00, 6.838360E+00, 8.288506E+00, 6.414689E+01, 6.310056E+01, 1.502394E+00, 1.285520E+01, 1.241407E+01, 1.586843E+01, 9.436378E+01, 4.508440E+01, 1.210773E+01, 1.674016E+01,15, 1.259876E+01,3, 0.000000E+00,0, 0.000000E+00,10, 1.087314E+01, 4.817903E-01, 2.327163E+00,1, 0.000000E+00,1,mc_qqps,54
-21042,671,20227,200136,94C2, 9.125000E+01,59,16,75,59,16,-6.373538E+00, 3.998241E+00,-1.924492E+00, 9.271941E+01, 9.135983E+01, 1.548472E+00,-5.271691E+00, 4.637066E+00, 5.382442E-02, 1.063650E+02, 4.108357E+01, 1.006089E+01, 3.587376E+00,1, 0.000000E+00,21, 6.085795E+00,0, 0.000000E+00,1, 6.845238E-01, 6.845238E-01, 6.845238E-01,2, 0.000000E+00,1,mc_qqps,54
-21042,672,20227,200154,94C2, 9.125000E+01,28,15,43,28,15, 7.247526E+00,-2.199929E+01, 1.727669E+01, 5.385939E+01, 5.324307E+01, 1.901538E+00, 3.354919E+00,-1.158252E+01, 9.098529E+00, 7.983785E+01, 4.888115E+01, 1.801363E+01, 0.000000E+00,16, 4.239902E+00,0, 0.000000E+00,0, 0.000000E+00,13, 2.518536E+01, 3.948369E-01, 6.891144E+00,NULL,NULL,1,mc_qqps,54
-21042,673,20227,200210,94C2, 9.125000E+01,34,10,44,34,10, 9.566236E-01,-2.537945E+00, 2.180780E+00, 7.213547E+01, 7.144743E+01, 2.101395E+00, 1.152247E+01,-8.850383E-01,-2.364275E+00, 1.019904E+02, 6.657067E+01, 1.016725E+01, 1.590547E+01,14, 7.731471E+00,1, 0.000000E+00,0, 0.000000E+00,6, 1.396259E+01, 3.299930E-01, 4.083287E+00,NULL,NULL,1,mc_qqps,54
-21042,674,20227,200223,94C2, 9.125000E+01,36,22,58,36,22,-5.840487E+00, 2.400186E+01,-6.343312E+01, 1.094350E+02, 1.088156E+02, 3.022655E+00,-5.606075E+00, 2.335707E+01,-5.625234E+01, 1.445950E+02, 5.667141E+01, 3.011623E+01, 3.220688E+00,7, 7.278819E-02,19, 1.537307E+01,0, 0.000000E+00,6, 8.436003E+00, 5.701848E-01, 2.201652E+00,NULL,NULL,1,mc_qqps,54
-21042,675,20227,200238,94C2, 9.125000E+01,36,12,48,36,12,-8.811020E+00,-1.330752E+01, 1.608106E+01, 6.172775E+01, 6.098850E+01, 1.694125E+00,-6.814991E+00,-1.159806E+01, 1.392874E+01, 8.512509E+01, 5.388031E+01, 1.088762E+01, 1.253389E+00,12, 3.901491E+00,1, 0.000000E+00,0, 0.000000E+00,9, 1.943218E+01, 4.621760E-01, 8.458170E+00,NULL,NULL,1,mc_qqps,54
-21042,676,20227,200253,94C2, 9.125000E+01,21,14,35,21,14,-2.258780E+00,-9.776924E+00, 6.723489E+00, 3.413480E+01, 3.384661E+01, 1.611744E+00,-2.458162E+00, 9.914357E+00,-7.422834E+00, 7.544904E+01, 3.180474E+01, 2.817046E+01, 1.246239E+01,15, 5.106266E-01,0, 0.000000E+00,0, 0.000000E+00,9, 2.888091E+01, 5.142232E-01, 1.519649E+01,NULL,NULL,1,mc_qqps,54
-21042,677,20227,200307,94C2, 9.125000E+01,19,14,33,19,14,-1.335026E+01,-6.865587E-03,-2.270177E+00, 8.346846E+01, 8.320927E+01, 4.379435E+00,-1.376392E+01, 1.834269E-01,-4.776501E+00, 1.093937E+02, 6.427946E+01, 2.014814E+01, 3.949643E+00,18, 2.403013E+00,0, 0.000000E+00,0, 0.000000E+00,11, 1.884826E+01, 6.921345E-01, 3.445345E+00,NULL,NULL,1,mc_qqps,54
-21042,678,20227,200324,94C2, 9.125000E+01,23,16,39,23,16, 2.468351E+00,-2.134328E+00,-8.441730E-01, 5.265177E+01, 5.226762E+01, 2.272505E+00,-4.497435E+00, 9.163159E+00, 4.328037E+00, 8.227466E+01, 5.210025E+01, 2.862007E+01, 2.186576E-01,21, 6.797494E+00,0, 0.000000E+00,0, 0.000000E+00,14, 2.901358E+01, 4.459984E-01, 9.925850E+00,NULL,NULL,1,mc_qqps,54
-21042,679,20227,200336,94C2, 9.125000E+01,27,12,39,27,12, 9.751078E+00, 8.512577E-01, 1.265453E+01, 5.444938E+01, 5.392031E+01, 1.997049E+00, 1.492731E+01, 7.289725E-01, 1.755430E+01, 7.021383E+01, 4.840247E+01, 1.307812E+01, 2.143535E+00,7, 2.377196E+00,5, 0.000000E+00,0, 0.000000E+00,6, 8.917911E+00, 5.428023E-01, 2.266965E+00,NULL,NULL,1,mc_qqps,54
-21042,680,20227,200356,94C2, 9.125000E+01,48,11,59,48,11,-4.677236E+00,-1.275078E+00,-6.234696E+00, 6.690276E+01, 6.565479E+01, 1.367808E+00, 8.174964E+00,-2.298078E+00, 2.388435E+00, 8.749368E+01, 5.659302E+01, 1.845773E+01, 7.058630E-01,12, 6.168948E+00,0, 0.000000E+00,0, 0.000000E+00,7, 1.893396E+01, 1.427320E+00, 5.792659E+00,NULL,NULL,1,mc_qqps,54
-21042,681,20227,200415,94C2, 9.125000E+01,38,19,57,38,19, 2.049109E+00,-8.322455E-02, 3.752661E+00, 5.704371E+01, 5.622574E+01, 1.479625E+00, 2.237189E+00,-2.673378E+00,-2.227202E+00, 8.024420E+01, 5.249008E+01, 1.631841E+01, 3.849374E+00,8, 0.000000E+00,6, 0.000000E+00,0, 0.000000E+00,8, 1.066471E+01, 4.058829E-01, 3.253265E+00,NULL,NULL,1,mc_qqps,54
-21042,682,20227,200433,94C2, 9.125000E+01,43,16,59,43,16, 3.053658E-01, 6.949938E+00,-4.175776E+00, 7.550672E+01, 7.500801E+01, 1.744372E+00,-3.791320E+00, 8.892338E+00,-2.426750E+00, 9.743628E+01, 5.047525E+01, 7.442305E+00, 2.756587E+00,21, 3.501283E+00,0, 0.000000E+00,0, 0.000000E+00,9, 1.791121E+01, 3.891009E-01, 4.563965E+00,NULL,NULL,1,mc_qqps,54
-21042,683,20227,200449,94C2, 9.125000E+01,30,6,36,30,6,-2.818139E+01, 5.274361E+01, 1.995923E+02, 2.441022E+02, 2.437290E+02, 8.124300E+00,-2.873565E+01, 5.423621E+01, 2.044954E+02, 2.499187E+02, 1.869097E+01, 5.816479E+00, 0.000000E+00,0, 0.000000E+00,10, 4.664614E+00,0, 0.000000E+00,NULL,NULL,NULL,NULL,NULL,NULL,1,mc_qqps,54
-21042,684,20227,200500,94C2, 9.125000E+01,32,16,48,32,16, 2.917778E+00,-2.559972E-01,-6.763719E-01, 6.088573E+01, 6.026108E+01, 1.883159E+00, 2.131178E+00, 2.417832E+00, 1.451588E+00, 8.835010E+01, 5.239751E+01, 2.040650E+01, 5.855958E+00,15, 5.758388E+00,0, 0.000000E+00,0, 0.000000E+00,12, 1.817353E+01, 6.694055E-01, 2.703662E+00,NULL,NULL,1,mc_qqps,54
-21042,685,20227,200513,94C2, 9.125000E+01,36,13,49,36,13, 1.896285E+00,-2.224538E+00,-2.958380E+00, 6.369875E+01, 6.301696E+01, 1.750471E+00, 5.961797E+00,-1.239581E+01,-1.455901E+01, 9.303164E+01, 5.418396E+01, 1.333037E+01, 1.501464E+01,4, 0.000000E+00,10, 5.704688E-01,0, 0.000000E+00,2, 3.310403E+00, 1.029601E+00, 2.280803E+00,NULL,NULL,1,mc_qqps,54
-21042,686,20227,200533,94C2, 9.125000E+01,32,23,55,32,23,-1.029042E+01, 3.499293E+00, 9.347657E+00, 4.910260E+01, 4.875240E+01, 1.523512E+00,-3.964157E+00, 4.472827E+00, 5.809211E+00, 9.167078E+01, 3.793810E+01, 3.991164E+01, 2.053639E+00,7, 0.000000E+00,12, 1.424916E+00,0, 0.000000E+00,6, 7.752073E+00, 7.125400E-01, 3.285794E+00,NULL,NULL,1,mc_qqps,54
-21042,687,20227,200552,94C2, 9.125000E+01,26,21,47,26,21, 8.448965E+00,-5.454763E-01, 5.436000E+00, 7.361459E+01, 7.311707E+01, 2.812195E+00, 2.571094E+01,-3.660948E+00, 1.030928E+01, 1.165460E+02, 6.623406E+01, 1.716921E+01, 2.199137E+01,24, 1.270328E+01,0, 0.000000E+00,0, 0.000000E+00,14, 1.847560E+01, 4.157118E-01, 3.529794E+00,NULL,NULL,1,mc_qqps,54
-21042,688,20227,200607,94C2, 9.125000E+01,9,14,23,9,14,-2.364449E+00,-2.647751E+00, 6.138927E-01, 4.305439E+01, 4.299220E+01, 4.776911E+00,-5.157933E+00,-5.000235E+00, 5.039413E-01, 7.235210E+01, 4.292386E+01, 2.655303E+01, 5.672786E-01,17, 2.448724E+01,0, 0.000000E+00,0, 0.000000E+00,11, 2.785748E+01, 4.943089E-01, 7.889214E+00,NULL,NULL,1,mc_qqps,54
-21042,689,20227,200617,94C2, 9.125000E+01,45,18,63,45,18, 3.250576E+00, 3.643759E-01, 2.424574E+00, 5.540411E+01, 5.431930E+01, 1.207096E+00, 5.857563E+00, 6.767955E+00, 5.923642E+00, 8.349097E+01, 5.026871E+01, 2.136530E+01, 6.765590E+00,16, 1.605416E+00,3, 0.000000E+00,0, 0.000000E+00,8, 1.366468E+01, 1.722443E-01, 6.069263E+00,NULL,NULL,1,mc_qqps,54
-21042,690,20227,200637,94C2, 9.125000E+01,18,12,30,18,12,-2.829126E+00, 6.746740E+00,-2.907071E-01, 7.414658E+01, 7.395160E+01, 4.108422E+00,-1.056906E+00,-7.748222E-01,-1.140871E+00, 9.170470E+01, 7.145918E+01, 1.186648E+01, 1.532048E+00,10, 2.108676E-01,5, 0.000000E+00,0, 0.000000E+00,6, 1.433416E+01, 6.821950E-01, 3.888250E+00,NULL,NULL,1,mc_qqps,54
-21042,691,20227,200647,94C2, 9.125000E+01,21,15,36,21,15,-6.506898E+00,-7.445170E+00, 4.384308E+01, 1.165328E+02, 1.162328E+02, 5.534897E+00,-3.202134E+00,-3.715155E+00, 5.234583E+01, 1.404131E+02, 4.876532E+01, 1.408025E+01, 9.909849E+00,0, 0.000000E+00,14, 2.555516E+00,0, 0.000000E+00,NULL,NULL,NULL,NULL,2, 0.000000E+00,1,mc_qqps,54
-21042,692,20227,200659,94C2, 9.125000E+01,39,13,52,39,13,-1.304858E-01,-3.444206E+00, 3.769413E+00, 6.627255E+01, 6.553398E+01, 1.680359E+00,-4.846644E-01, 7.309934E+00, 1.049296E+01, 8.548471E+01, 5.790440E+01, 1.473629E+01, 9.362935E-01,7, 8.083696E-02,7, 0.000000E+00,0, 0.000000E+00,6, 1.295527E+01, 7.056788E-01, 4.059628E+00,1, 0.000000E+00,1,mc_qqps,54
-21042,693,20227,200717,94C2, 9.125000E+01,43,15,58,43,15,-4.211516E+00, 3.927254E+00, 4.734422E+00, 6.897090E+01, 6.825312E+01, 1.587282E+00,-6.060288E+00, 8.187357E+00, 8.061930E+00, 9.919259E+01, 5.937493E+01, 1.937265E+01, 9.982287E+00,19, 4.917731E+00,1, 0.000000E+00,0, 0.000000E+00,10, 1.929442E+01, 7.711198E-01, 3.729841E+00,NULL,NULL,1,mc_qqps,54
-21042,694,20227,200733,94C2, 9.125000E+01,26,16,42,26,16,-3.202235E-01, 5.173677E-01,-2.333145E+00, 5.344748E+01, 5.294964E+01, 2.036525E+00,-4.585273E-01,-6.825831E+00,-1.522929E+00, 7.740278E+01, 4.595168E+01, 1.956582E+01, 3.114466E+00,17, 2.182093E+01,0, 0.000000E+00,0, 0.000000E+00,11, 1.888540E+01, 5.588642E-01, 3.667969E+00,NULL,NULL,1,mc_qqps,54
-21042,695,20227,200747,94C2, 9.125000E+01,35,7,42,35,7,-1.043841E+00,-4.440104E+00, 4.954132E+00, 8.536140E+01, 8.448798E+01, 2.413942E+00,-4.622098E+00,-1.177027E+01,-1.836995E+00, 9.771744E+01, 6.928146E+01, 7.354506E+00, 3.583202E+00,8, 1.602615E-01,0, 0.000000E+00,0, 0.000000E+00,3, 8.772839E+00, 1.418333E+00, 3.689840E+00,NULL,NULL,1,mc_qqps,54
-21042,696,20227,200809,94C2, 9.125000E+01,28,18,46,28,18,-2.440945E+00,-1.243899E+00, 1.591264E+00, 4.312014E+01, 4.261713E+01, 1.522040E+00,-2.429997E+00, 1.250451E+00, 1.155202E+01, 7.963540E+01, 2.051277E+01, 3.251332E+01, 4.001958E+00,4, 1.570267E+00,14, 5.104549E+00,0, 0.000000E+00,2, 2.219400E+00, 8.191667E-01, 1.400233E+00,4, 0.000000E+00,1,mc_qqps,54
-21042,697,20227,200828,94C2, 9.125000E+01,27,9,36,27,9, 1.661054E+00, 6.053896E+00,-1.391725E+01, 6.893752E+01, 6.834103E+01, 2.531149E+00, 1.070747E+00, 7.607563E+00,-1.073771E+01, 7.858564E+01, 3.134936E+01, 4.242585E+00, 4.542977E+00,4, 1.102754E+00,10, 1.269749E+01,0, 0.000000E+00,2, 1.542593E+00, 6.800343E-01, 8.625588E-01,NULL,NULL,1,mc_qqps,54
-21042,698,20227,200845,94C2, 9.125000E+01,29,18,47,29,18, 5.021183E+00,-3.437528E-01,-6.771383E+00, 5.852348E+01, 5.813897E+01, 2.004792E+00, 1.106567E+01,-5.824665E+00,-6.791588E+00, 9.161601E+01, 3.806829E+01, 2.653526E+01, 5.662133E+00,16, 2.561766E-01,1, 0.000000E+00,0, 0.000000E+00,13, 2.685738E+01, 4.923657E-01, 8.473675E+00,NULL,NULL,1,mc_qqps,54
-21042,699,20227,200900,94C2, 9.125000E+01,28,14,42,28,14,-6.937379E+00,-7.800113E+00,-1.169908E+01, 4.180044E+01, 4.132319E+01, 1.475828E+00,-7.026842E+00,-3.910497E+00,-5.326763E+00, 7.391959E+01, 3.549498E+01, 1.833259E+01, 1.378656E+01,1, 0.000000E+00,10, 1.366665E+00,0, 0.000000E+00,NULL,NULL,NULL,NULL,NULL,NULL,1,mc_qqps,54
-21042,700,20227,200916,94C2, 9.125000E+01,27,16,43,27,16, 2.388530E-01, 3.510332E+00,-1.578177E+00, 3.705083E+01, 3.656328E+01, 1.354195E+00, 9.907863E-01, 8.758189E-01, 1.623107E+00, 9.649681E+01, 3.184219E+01, 4.048705E+01, 1.918923E+01,17, 3.158113E+00,0, 0.000000E+00,0, 0.000000E+00,12, 4.033780E+01, 3.341195E-01, 2.061324E+01,NULL,NULL,1,mc_qqps,54
-21042,701,20227,200932,94C2, 9.125000E+01,26,10,36,26,10, 6.325723E+00, 1.167171E+01, 1.745322E+00, 8.098593E+01, 8.068623E+01, 3.103317E+00, 4.679340E+00, 6.154961E+00, 2.091489E+00, 9.991312E+01, 5.536359E+01, 1.649722E+01, 3.709927E-01,17, 4.743721E+00,0, 0.000000E+00,0, 0.000000E+00,9, 1.855619E+01, 6.138496E-01, 8.061539E+00,NULL,NULL,1,mc_qqps,54
-21042,702,20227,200949,94C2, 9.125000E+01,45,23,68,45,23,-5.119402E+00, 1.652324E+00, 3.001946E+00, 8.157102E+01, 8.061758E+01, 1.791502E+00,-8.247272E-01, 3.311892E-02,-3.327195E+00, 1.119474E+02, 5.590779E+01, 3.037639E+01, 0.000000E+00,0, 0.000000E+00,24, 3.310702E+00,0, 0.000000E+00,NULL,NULL,NULL,NULL,NULL,NULL,1,mc_qqps,54
-21042,703,20227,201011,94C2, 9.125000E+01,28,11,39,28,11,-6.312136E+00,-1.668662E+00,-1.878783E+01, 6.096562E+01, 6.061483E+01, 2.164815E+00, 5.018775E+00,-1.109601E+00,-1.874486E+01, 9.124550E+01, 3.690031E+01, 5.121351E+00, 2.526769E+01,9, 2.087402E+00,3, 0.000000E+00,0, 0.000000E+00,3, 5.121351E+00, 6.525658E-01, 3.362255E+00,NULL,NULL,1,mc_qqps,54
-21042,704,20227,201027,94C2, 9.125000E+01,41,19,60,41,19, 2.529276E-01,-5.483556E-01, 5.744714E+00, 7.308734E+01, 7.220581E+01, 1.761117E+00, 2.110025E+01,-7.189415E+00, 3.103654E+01, 1.114791E+02, 6.561290E+01, 1.857116E+01, 1.890367E+01,7, 2.764364E+00,5, 0.000000E+00,0, 0.000000E+00,6, 4.639602E+00, 3.935241E-01, 1.255594E+00,NULL,NULL,1,mc_qqps,54
-21042,705,20227,201049,94C2, 9.125000E+01,41,18,59,41,18, 3.120266E+00,-1.000875E+00, 1.633196E+01, 6.257351E+01, 6.189296E+01, 1.509584E+00,-7.410603E-01,-5.212632E-01, 1.356136E+01, 8.037946E+01, 4.685206E+01, 1.201373E+01, 6.026157E+00,5, 8.965494E-02,14, 0.000000E+00,0, 0.000000E+00,1, 1.056445E+00, 1.056445E+00, 1.056445E+00,2, 0.000000E+00,1,mc_qqps,54
-21042,706,20227,201108,94C2, 9.125000E+01,25,12,37,25,12, 9.331639E-01, 8.841584E-01,-5.951767E-01, 8.706411E+01, 8.650790E+01, 3.460316E+00, 1.504363E+01, 7.637285E+00, 1.653731E+01, 1.172550E+02, 8.324076E+01, 2.103593E+01, 9.170975E+00,12, 9.020877E+00,1, 0.000000E+00,0, 0.000000E+00,9, 2.050130E+01, 5.024635E-01, 6.184805E+00,NULL,NULL,1,mc_qqps,54
-21042,707,20227,201123,94C2, 9.125000E+01,33,14,47,33,14,-1.754346E-01, 4.235506E+00, 1.825274E+00, 1.078357E+02, 1.068804E+02, 3.238801E+00,-4.732412E+00,-1.244644E+00,-2.537133E+00, 1.329153E+02, 6.249500E+01, 2.302897E+01, 4.335769E-01,17, 5.841356E+00,0, 0.000000E+00,0, 0.000000E+00,13, 2.464599E+01, 4.454190E-01, 6.487648E+00,NULL,NULL,1,mc_qqps,54
-21042,708,20227,201138,94C2, 9.125000E+01,34,16,50,34,16, 3.969796E+01,-1.428080E+01, 1.179438E+00, 6.635732E+01, 6.549997E+01, 1.926470E+00, 2.465612E+01,-8.306945E+00, 1.985850E+00, 9.560081E+01, 5.038851E+01, 2.301802E+01, 0.000000E+00,20, 8.278415E-01,0, 0.000000E+00,0, 0.000000E+00,14, 2.888485E+01, 4.028048E-01, 8.504054E+00,NULL,NULL,1,mc_qqps,54
-21042,709,20227,201156,94C2, 9.125000E+01,26,9,35,26,9, 7.133325E+00, 2.811712E-01,-2.747086E+00, 6.973164E+01, 6.919282E+01, 2.661262E+00,-1.565556E+00,-5.577399E-01, 2.082106E-01, 8.540208E+01, 6.800106E+01, 1.293944E+01, 5.382456E-01,12, 4.692965E+00,0, 0.000000E+00,0, 0.000000E+00,7, 1.513220E+01, 4.476892E-01, 1.005309E+01,NULL,NULL,1,mc_qqps,54
-21042,710,20227,201207,94C2, 9.125000E+01,31,17,48,31,17,-4.953103E+00,-2.466212E+00,-2.702709E+01, 5.040548E+01, 4.962739E+01, 1.600883E+00,-4.685691E+00,-1.147694E+00,-2.904813E+01, 7.528595E+01, 1.767332E+01, 1.100250E+01, 1.387796E+01,2, 0.000000E+00,10, 1.669714E+00,0, 0.000000E+00,2, 1.169347E+00, 4.634526E-01, 7.058946E-01,2, 0.000000E+00,1,mc_qqps,54
-21042,711,20227,201221,94C2, 9.125000E+01,26,19,45,26,19,-1.069754E+01, 4.824306E+00,-7.589823E+00, 4.241955E+01, 4.193096E+01, 1.612729E+00,-1.595300E+01, 1.019735E+01,-1.701764E+01, 1.002789E+02, 3.860873E+01, 2.566943E+01, 2.974849E+01,19, 4.822167E+00,0, 0.000000E+00,0, 0.000000E+00,14, 2.829251E+01, 4.464900E-01, 7.386174E+00,NULL,NULL,1,mc_qqps,54
-21042,712,20227,201233,94C2, 9.125000E+01,13,6,19,13,6,-3.941013E+00,-4.620131E+00,-4.495049E+00, 5.134274E+01, 5.118902E+01, 3.937617E+00, 6.047841E+00, 1.195382E+01, 8.822685E+00, 9.166286E+01, 5.126254E+01, 1.875828E+01, 1.349625E+01,7, 2.593655E+00,0, 0.000000E+00,0, 0.000000E+00,3, 2.682387E+01, 1.033002E+00, 1.875828E+01,NULL,NULL,1,mc_qqps,54
-21042,713,20227,201243,94C2, 9.125000E+01,15,11,26,15,11, 6.447825E-01, 3.810696E-01, 1.446731E+00, 7.104330E+01, 7.080731E+01, 4.720488E+00,-1.829040E+00,-2.106409E+00, 3.504397E+00, 9.175596E+01, 5.726511E+01, 1.952693E+01, 0.000000E+00,15, 5.978216E+00,0, 0.000000E+00,0, 0.000000E+00,11, 2.071267E+01, 4.384124E-01, 8.397036E+00,NULL,NULL,1,mc_qqps,54
-21042,714,20227,201255,94C2, 9.125000E+01,31,18,49,31,18,-9.347512E+00, 3.100966E+00,-1.718435E+01, 6.000723E+01, 5.948145E+01, 1.918756E+00,-3.700395E+00,-6.202335E-01,-2.201394E+00, 8.668269E+01, 2.548204E+01, 1.997804E+01, 6.697434E+00,3, 0.000000E+00,16, 3.227013E+00,0, 0.000000E+00,1, 9.788623E-01, 9.788623E-01, 9.788623E-01,1, 0.000000E+00,1,mc_qqps,54
-21042,715,20227,201312,94C2, 9.125000E+01,25,11,36,25,11, 2.879016E+00,-6.328317E+00,-8.972452E+00, 3.874522E+01, 3.824903E+01, 1.529961E+00,-7.358461E-01,-1.984391E-01,-3.462276E+00, 8.453931E+01, 3.503823E+01, 4.451170E+01, 1.282391E+00,5, 4.705521E-01,4, 0.000000E+00,0, 0.000000E+00,3, 3.106161E+00, 8.089688E-01, 1.426158E+00,NULL,NULL,1,mc_qqps,54
-21042,716,20227,201326,94C2, 9.125000E+01,26,18,44,26,18, 3.606253E+00, 2.367655E-02, 3.178679E+01, 8.640392E+01, 8.608584E+01, 3.310994E+00, 7.945155E-01, 1.567463E+00, 2.667866E+01, 1.204606E+02, 3.208374E+01, 2.311867E+01, 8.674196E+00,3, 0.000000E+00,12, 2.342199E+00,0, 0.000000E+00,2, 2.944686E+00, 6.809088E-01, 2.263778E+00,NULL,NULL,1,mc_qqps,54
-21042,717,20227,201338,94C2, 9.125000E+01,22,15,37,22,15, 3.117271E+00, 7.946351E+00,-9.772058E+00, 5.084977E+01, 5.060298E+01, 2.300136E+00, 1.504671E+00, 3.693512E+00,-5.305801E+00, 7.071194E+01, 4.596271E+01, 1.821285E+01, 0.000000E+00,13, 1.764368E-01,5, 0.000000E+00,0, 0.000000E+00,11, 1.613345E+01, 2.366932E-01, 3.865621E+00,NULL,NULL,1,mc_qqps,54
-21042,718,20227,201354,94C2, 9.125000E+01,24,12,36,24,12,-2.889414E+00, 1.458704E+00, 6.124138E-01, 5.950876E+01, 5.919067E+01, 2.466278E+00, 7.977009E-03, 4.070191E-01, 1.002870E+00, 9.195949E+01, 5.598262E+01, 2.943535E+01, 3.383787E-01,17, 1.095850E+00,0, 0.000000E+00,0, 0.000000E+00,11, 3.211234E+01, 3.507200E-01, 1.021389E+01,NULL,NULL,1,mc_qqps,54
-21042,719,20227,201407,94C2, 9.125000E+01,20,12,32,20,12,-2.520792E+00,-1.790079E+00, 7.494102E+00, 7.148289E+01, 7.101647E+01, 3.550824E+00,-1.109764E+01,-3.109268E+00, 2.935150E+00, 9.573096E+01, 6.205325E+01, 2.351773E+01, 0.000000E+00,14, 2.224315E+01,2, 0.000000E+00,0, 0.000000E+00,9, 1.854867E+01, 7.303392E-01, 4.840370E+00,1, 0.000000E+00,1,mc_qqps,54
-21042,720,20227,201418,94C2, 9.125000E+01,26,6,32,26,6,-8.239348E+00,-7.810676E+00,-8.122675E+00, 6.999849E+01, 6.942601E+01, 2.670231E+00,-1.184360E+01,-1.047209E+01,-1.202389E+01, 8.021841E+01, 6.401587E+01, 9.579653E+00, 0.000000E+00,8, 1.919271E+00,1, 0.000000E+00,0, 0.000000E+00,4, 7.675089E+00, 6.402576E-01, 3.460594E+00,NULL,NULL,1,mc_qqps,54
-21042,721,20227,201432,94C2, 9.125000E+01,33,20,53,33,20, 2.625714E+00,-1.786540E+00,-1.717084E+01, 4.415576E+01, 4.348832E+01, 1.317828E+00, 4.735380E+00, 5.614035E+00,-1.589573E+01, 8.544986E+01, 3.787337E+01, 1.021272E+01, 2.565328E+01,7, 3.513332E-01,7, 3.306130E-01,0, 0.000000E+00,6, 7.841980E+00, 4.912475E-01, 3.038395E+00,1, 0.000000E+00,1,mc_qqps,54
-21042,722,20227,201452,94C2, 9.125000E+01,22,12,34,22,12,-2.702657E+00,-1.213130E+01,-1.266885E+01, 3.646653E+01, 3.601995E+01, 1.637270E+00,-2.242823E+00,-9.042504E+00,-9.262731E+00, 8.622868E+01, 3.479795E+01, 3.794505E+01, 1.089448E+01,7, 1.281160E-01,3, 0.000000E+00,0, 0.000000E+00,6, 3.288902E+01, 8.571675E-01, 1.408097E+01,NULL,NULL,1,mc_qqps,54
-21042,723,20227,201506,94C2, 9.125000E+01,29,10,39,29,10,-2.731466E+00, 3.685754E+00, 7.798006E+00, 4.233836E+01, 4.179060E+01, 1.441055E+00, 1.500117E-01,-4.070197E+00,-2.016235E+00, 8.930083E+01, 3.003339E+01, 3.774875E+01, 7.916125E+00,3, 0.000000E+00,10, 6.516033E+00,0, 0.000000E+00,2, 1.297583E+00, 4.649656E-01, 8.326176E-01,NULL,NULL,1,mc_qqps,54
-21042,724,20227,201520,94C2, 9.125000E+01,19,12,31,19,12,-4.228549E+00, 4.275288E+00,-6.757997E+00, 1.931410E+01, 1.883502E+01, 9.913166E-01, 2.131599E+00, 7.291394E-01,-1.748311E+00, 6.368839E+01, 1.742067E+01, 3.870003E+01, 5.674259E+00,5, 0.000000E+00,5, 0.000000E+00,0, 0.000000E+00,5, 2.828911E+01, 3.970948E-01, 2.464373E+01,NULL,NULL,1,mc_qqps,54
-21042,725,20227,201538,94C2, 9.125000E+01,47,12,59,47,12,-2.358607E-01, 1.007250E+00,-1.203542E+00, 6.977278E+01, 6.819635E+01, 1.450986E+00,-2.730364E+00,-1.742361E+00, 2.462244E+00, 7.863313E+01, 6.525411E+01, 6.329426E+00, 4.729320E-01,13, 9.160189E+00,3, 2.967360E-01,0, 0.000000E+00,5, 6.149264E+00, 5.468631E-01, 2.057979E+00,2, 0.000000E+00,1,mc_qqps,54
-21042,726,20227,201556,94C2, 9.125000E+01,39,15,54,39,15, 4.558287E+00,-4.248519E-01,-3.263911E+00, 5.609702E+01, 5.518022E+01, 1.414877E+00,-1.030025E+00, 9.828690E-01, 6.295192E+00, 7.955968E+01, 3.836730E+01, 1.880118E+01, 3.534399E+00,5, 0.000000E+00,10, 1.101585E+00,0, 0.000000E+00,5, 8.286935E+00, 5.391310E-01, 2.439101E+00,1, 0.000000E+00,1,mc_qqps,54
-21042,727,20227,201614,94C2, 9.125000E+01,40,12,52,40,12, 3.805350E+00, 7.441684E-01,-5.369896E+00, 4.669719E+01, 4.587188E+01, 1.146797E+00, 8.234838E+00,-1.774204E+00,-1.028473E+01, 5.947153E+01, 3.869247E+01, 5.596069E+00, 7.362986E+00,7, 2.726504E-01,8, 0.000000E+00,0, 0.000000E+00,3, 4.416811E+00, 5.295904E-01, 3.327381E+00,NULL,NULL,1,mc_qqps,54
-21042,728,20227,201632,94C2, 9.125000E+01,30,17,47,30,17, 1.481770E+00,-1.235948E+00, 6.706343E-01, 7.623421E+01, 7.549806E+01, 2.516602E+00, 4.875165E-01, 1.159671E+01, 1.088645E+01, 1.156444E+02, 7.098844E+01, 3.740625E+01, 7.773563E-01,11, 0.000000E+00,1, 0.000000E+00,0, 0.000000E+00,11, 3.527101E+01, 1.082133E+00, 1.615736E+01,NULL,NULL,1,mc_qqps,54
-21042,729,20227,201649,94C2, 9.125000E+01,36,15,51,36,15,-1.710515E+01, 4.716066E+00, 6.039938E-01, 9.832239E+01, 9.768017E+01, 2.713338E+00,-2.451595E+01, 1.986163E+00,-1.871856E+00, 1.230609E+02, 7.557615E+01, 2.296030E+01, 0.000000E+00,19, 9.352358E+00,0, 0.000000E+00,0, 0.000000E+00,13, 1.675970E+01, 3.518916E-01, 3.251361E+00,NULL,NULL,1,mc_qqps,54
-21042,730,20227,201705,94C2, 9.125000E+01,15,5,20,15,5,-7.816321E-01,-1.572403E+00, 1.683818E+00, 6.595217E+01, 6.569231E+01, 4.379488E+00, 1.736546E+01, 1.321086E+01,-1.900273E+01, 1.059102E+02, 6.056960E+01, 1.328293E+00, 3.031897E+01,4, 9.510064E+00,0, 0.000000E+00,0, 0.000000E+00,2, 8.310745E+00, 4.141775E+00, 4.168970E+00,1, 0.000000E+00,1,mc_qqps,54
-21042,731,20227,201718,94C2, 9.125000E+01,26,20,46,26,20,-9.790015E+00,-2.041941E+00, 2.291144E+01, 6.518374E+01, 6.436036E+01, 2.475399E+00, 1.156564E+00,-7.004327E+00, 3.002686E+00, 1.055258E+02, 6.104187E+01, 2.286956E+01, 1.749025E+01,2, 0.000000E+00,15, 5.729777E+00,0, 0.000000E+00,1, 5.141899E-01, 5.141899E-01, 5.141899E-01,NULL,NULL,1,mc_qqps,54
-21042,732,20227,201731,94C2, 9.125000E+01,39,7,46,39,7, 6.922926E+01, 9.410108E+01,-5.670309E+02, 6.494246E+02, 6.485023E+02, 1.662827E+01, 7.010687E+01, 9.435168E+01,-5.691370E+02, 6.583831E+02, 1.474687E+01, 8.958574E+00, 0.000000E+00,0, 0.000000E+00,13, 1.066614E+01,0, 0.000000E+00,NULL,NULL,NULL,NULL,NULL,NULL,1,mc_qqps,54
-21042,733,20227,201748,94C2, 9.125000E+01,30,9,39,30,9, 1.673268E+01,-2.383449E+01, 2.262692E+01, 1.082341E+02, 1.077479E+02, 3.591598E+00, 1.896057E+01,-2.566487E+01, 1.889009E+01, 1.240413E+02, 8.024367E+01, 1.108725E+01, 4.266529E+00,11, 9.299202E-01,0, 0.000000E+00,0, 0.000000E+00,4, 7.214174E+00, 4.176125E-01, 5.491377E+00,1, 0.000000E+00,1,mc_qqps,54
-21042,734,20227,201800,94C2, 9.125000E+01,16,10,26,16,10, 5.054269E+00,-6.268221E+00,-3.779660E+00, 5.228006E+01, 5.211815E+01, 3.257384E+00, 1.245692E+01,-1.729455E+01,-6.718644E+00, 1.105938E+02, 5.170708E+01, 4.347944E+00, 4.978949E+01,8, 2.206483E+00,0, 0.000000E+00,0, 0.000000E+00,4, 8.774336E+00, 4.824558E-01, 4.426392E+00,NULL,NULL,1,mc_qqps,54
-21042,735,20227,201810,94C2, 9.125000E+01,41,18,59,41,18, 1.552907E+00, 2.073707E+00,-6.961374E+00, 4.851065E+01, 4.757001E+01, 1.160244E+00, 1.777486E-01, 2.317672E+00,-1.388035E+00, 7.382832E+01, 3.583858E+01, 2.429652E+01, 1.021145E+00,5, 0.000000E+00,9, 0.000000E+00,0, 0.000000E+00,2, 3.834170E+00, 7.685200E-01, 3.065650E+00,7, 0.000000E+00,1,mc_qqps,54
-21042,736,20227,201839,94C2, 9.125000E+01,18,7,25,18,7,-3.746171E+01, 1.126853E-01,-5.383306E+00, 4.514603E+01, 4.493670E+01, 2.496483E+00,-2.381265E+00, 4.013225E+00,-6.900020E+00, 1.065473E+02, 4.240850E+01, 4.743179E+01, 1.304137E+01,6, 1.284969E+00,0, 0.000000E+00,0, 0.000000E+00,2, 4.763601E+01, 9.281270E-01, 4.670788E+01,NULL,NULL,1,mc_qqps,54
-21042,737,20227,201852,94C2, 9.125000E+01,18,17,35,18,17, 4.470012E+00,-1.559484E+00, 8.014314E-01, 4.032158E+01, 4.011357E+01, 2.228532E+00, 6.168833E+00,-4.332545E+00, 3.266809E+00, 8.700089E+01, 3.815954E+01, 3.476180E+01, 1.022567E+01,13, 1.189837E+00,3, 0.000000E+00,0, 0.000000E+00,10, 3.562233E+01, 6.408052E-01, 1.492048E+01,NULL,NULL,1,mc_qqps,54
-21042,738,20227,201902,94C2, 9.125000E+01,33,10,43,33,10,-1.844506E+00, 3.817782E-01,-2.701552E+00, 3.719736E+01, 3.566357E+01, 1.080714E+00, 9.685077E+00,-1.371343E+01, 6.673217E+00, 9.364813E+01, 1.112862E+01, 5.505122E+01, 6.841422E-01,8, 1.272789E+00,2, 0.000000E+00,0, 0.000000E+00,5, 5.484376E+01, 7.142574E-01, 2.427401E+01,1, 0.000000E+00,1,mc_qqps,54
-21042,739,20227,201917,94C2, 9.125000E+01,22,13,35,22,13, 5.820077E+00,-1.086678E+01, 7.330923E+00, 5.683935E+01, 5.655184E+01, 2.570538E+00, 3.396153E+00,-6.353981E+00, 4.035336E+00, 7.782549E+01, 5.527124E+01, 1.509770E+01, 1.506979E+00,10, 1.375182E+00,3, 4.466952E-01,0, 0.000000E+00,8, 1.549339E+01, 5.536748E-01, 4.303444E+00,NULL,NULL,1,mc_qqps,54
-21042,740,20227,201929,94C2, 9.125000E+01,30,18,48,30,18, 2.206460E+00,-9.351764E+00,-5.871989E+00, 5.006623E+01, 4.954188E+01, 1.651396E+00,-2.896655E+00, 5.161858E+00, 3.942168E+00, 8.423098E+01, 4.381875E+01, 3.169098E+01, 0.000000E+00,20, 4.140260E+00,1, 0.000000E+00,0, 0.000000E+00,15, 2.984011E+01, 5.790434E-01, 9.468329E+00,NULL,NULL,1,mc_qqps,54
-21042,741,20227,201947,94C2, 9.125000E+01,33,20,53,33,20, 7.141891E+00,-1.859861E+00, 1.961114E+01, 5.440715E+01, 5.384724E+01, 1.631734E+00, 5.205830E+00,-1.748394E+00, 1.804953E+01, 1.113035E+02, 3.443754E+01, 4.329412E+01, 1.360224E+01,0, 0.000000E+00,19, 6.056761E+00,0, 0.000000E+00,NULL,NULL,NULL,NULL,1, 0.000000E+00,1,mc_qqps,54
-21042,742,20227,202002,94C2, 9.125000E+01,40,7,47,40,7, 8.603320E+00, 1.938504E+01, 3.000384E+00, 6.317344E+01, 6.245112E+01, 1.561278E+00, 3.095376E+00, 1.291430E+01, 2.141759E+00, 7.233569E+01, 5.524159E+01, 8.505352E+00, 6.568991E-01,11, 4.878156E+00,0, 0.000000E+00,0, 0.000000E+00,3, 5.698002E+00, 6.278719E-01, 3.982800E+00,NULL,NULL,1,mc_qqps,54
-21042,743,20227,202018,94C2, 9.125000E+01,30,21,51,30,21,-6.491403E+00, 1.190916E+01, 8.210599E+00, 4.646566E+01, 4.587932E+01, 1.529311E+00,-1.756589E+00, 1.804910E+01, 3.598053E+00, 8.884364E+01, 4.148437E+01, 2.386840E+01, 1.011293E+01,20, 6.758408E+00,0, 0.000000E+00,0, 0.000000E+00,15, 3.072207E+01, 4.782321E-01, 1.083473E+01,NULL,NULL,1,mc_qqps,54
-21042,744,20227,202034,94C2, 9.125000E+01,25,19,44,25,19,-1.224729E+00,-1.107650E+01, 4.415249E+00, 5.090239E+01, 5.044680E+01, 2.017872E+00,-1.228150E+00,-1.113616E+01, 2.913000E+00, 7.560184E+01, 3.984423E+01, 2.024567E+01, 9.787155E-01,21, 1.505962E+00,1, 0.000000E+00,0, 0.000000E+00,16, 2.335178E+01, 4.266574E-01, 3.996111E+00,NULL,NULL,1,mc_qqps,54
-21042,745,20227,202047,94C2, 9.125000E+01,25,14,39,25,14, 7.323871E+00,-1.179669E+01, 3.613053E+00, 4.141273E+01, 4.097377E+01, 1.638951E+00, 9.255643E+00,-1.598245E+01, 4.260623E+00, 8.102065E+01, 3.910876E+01, 1.478973E+01, 2.091182E+01,13, 3.608238E+00,0, 0.000000E+00,0, 0.000000E+00,7, 1.516758E+01, 8.545222E-01, 3.923276E+00,2, 0.000000E+00,1,mc_qqps,54
-21042,746,20227,202102,94C2, 9.125000E+01,25,11,36,25,11, 2.066370E+00,-3.462751E-01, 2.935783E-01, 5.205442E+01, 5.151696E+01, 2.060678E+00, 4.746730E+00, 7.300474E-01,-7.526311E-01, 7.844480E+01, 4.993606E+01, 2.420773E+01, 0.000000E+00,18, 6.307104E+00,1, 0.000000E+00,0, 0.000000E+00,10, 2.574304E+01, 5.046378E-01, 8.017540E+00,1, 0.000000E+00,1,mc_qqps,54
-21042,747,20227,202117,94C2, 9.125000E+01,27,11,38,27,11, 1.057012E+01,-1.472191E+01,-5.325242E+00, 6.944814E+01, 6.908383E+01, 2.558661E+00, 6.919740E+00,-7.697684E+00,-3.624103E+00, 9.649514E+01, 5.948367E+01, 2.080004E+01, 3.032532E-01,14, 8.449833E+00,0, 0.000000E+00,0, 0.000000E+00,10, 2.674376E+01, 7.216014E-01, 9.195190E+00,NULL,NULL,1,mc_qqps,54
-21042,748,20227,202128,94C2, 9.125000E+01,31,10,41,31,10, 1.111096E+01, 2.135855E+00, 7.903001E-01, 5.987200E+01, 5.905697E+01, 1.905064E+00, 1.263800E+01,-5.444664E-01, 9.412335E-01, 7.279691E+01, 5.351924E+01, 5.251336E+00, 5.618349E+00,13, 1.060338E+01,0, 0.000000E+00,0, 0.000000E+00,5, 6.649168E+00, 8.210119E-01, 2.055225E+00,NULL,NULL,1,mc_qqps,54
-21042,749,20227,202143,94C2, 9.125000E+01,30,8,38,30,8, 9.694598E+00, 1.808823E+00, 2.290973E+00, 7.741678E+01, 7.708607E+01, 2.569535E+00, 2.106923E+00, 1.884638E+00, 1.080261E+00, 8.831344E+01, 7.639588E+01, 9.938468E+00, 0.000000E+00,18, 5.506772E+00,0, 0.000000E+00,0, 0.000000E+00,5, 4.790393E+00, 4.748728E-01, 1.740803E+00,NULL,NULL,1,mc_qqps,54
-21042,750,20227,202158,94C2, 9.125000E+01,10,13,23,10,13,-7.552121E-01, 1.012092E+00, 7.150057E+00, 2.610687E+01, 2.586892E+01, 2.586892E+00,-1.503626E+00, 8.677091E-01, 8.695164E+00, 6.717984E+01, 1.129003E+00, 3.096973E+01, 1.010324E+01,0, 0.000000E+00,10, 1.548491E+00,0, 0.000000E+00,NULL,NULL,NULL,NULL,4, 0.000000E+00,0,mc_qqps,54
-21042,751,20227,202216,94C2, 9.125000E+01,17,13,30,17,13,-1.160101E+01, 2.152437E+00,-9.666146E+00, 6.355837E+01, 6.336050E+01, 3.727088E+00,-4.459317E+00, 1.321494E+00,-4.178859E+00, 8.987695E+01, 6.265111E+01, 2.446449E+01, 0.000000E+00,14, 4.870171E+00,0, 0.000000E+00,0, 0.000000E+00,11, 2.492380E+01, 4.792341E-01, 1.383168E+01,NULL,NULL,1,mc_qqps,54
-21042,752,20227,202228,94C2, 9.125000E+01,26,18,44,26,18,-4.579342E+00, 1.223318E+01,-6.131972E+00, 5.541556E+01, 5.493473E+01, 2.112874E+00,-5.521976E+00, 1.199218E+01,-8.107513E+00, 8.113834E+01, 4.885887E+01, 2.112149E+01, 3.182708E+00,18, 9.244837E+00,1, 0.000000E+00,0, 0.000000E+00,14, 2.108367E+01, 3.569515E-01, 2.907421E+00,NULL,NULL,1,mc_qqps,54
-21042,753,20227,202242,94C2, 9.125000E+01,38,13,51,38,13,-3.521476E+00, 1.301880E+00,-2.542448E+00, 6.311354E+01, 6.246199E+01, 1.643737E+00,-2.491213E+00, 2.536319E+00,-1.754814E+00, 7.675746E+01, 3.806785E+01, 1.323515E+01, 0.000000E+00,5, 2.203223E-01,16, 5.277912E+00,0, 0.000000E+00,4, 5.625012E+00, 4.087722E-01, 2.474134E+00,1, 0.000000E+00,1,mc_qqps,54
-21042,754,20227,202300,94C2, 9.125000E+01,29,11,40,29,11,-1.184136E+01,-2.026297E+01,-1.082315E+01, 5.878012E+01, 5.815785E+01, 2.005443E+00,-3.964235E+00,-1.088223E+01,-5.428732E+00, 1.078658E+02, 5.192162E+01, 6.361530E+00, 1.447589E+01,12, 2.345429E+00,0, 0.000000E+00,0, 0.000000E+00,6, 3.355772E+01, 3.648124E-01, 2.754346E+01,NULL,NULL,1,mc_qqps,54
-21042,755,20227,202312,94C2, 9.125000E+01,50,14,64,50,14, 5.926088E+00,-1.991819E+00,-2.165476E+02, 2.849247E+02, 2.838590E+02, 5.677180E+00, 4.513646E+00,-1.366622E+00,-2.144971E+02, 3.003385E+02, 4.623991E+01, 1.488541E+01, 0.000000E+00,3, 0.000000E+00,16, 1.732127E+00,0, 0.000000E+00,2, 1.254965E+00, 5.283955E-01, 7.265696E-01,NULL,NULL,1,mc_qqps,54
-21042,756,20227,202329,94C2, 9.125000E+01,28,15,43,28,15, 7.018370E+00, 2.918965E+00, 1.160219E+01, 6.984689E+01, 6.956503E+01, 2.484465E+00,-4.711708E-01,-2.476677E+00,-3.328072E+00, 9.230442E+01, 5.979005E+01, 1.142610E+01, 7.112207E+00,5, 0.000000E+00,18, 6.610247E+00,0, 0.000000E+00,2, 4.679683E+00, 7.604513E-01, 3.919232E+00,NULL,NULL,1,mc_qqps,54
-21042,757,20227,202342,94C2, 9.125000E+01,33,8,41,33,8, 9.810579E+00,-1.011981E+01, 2.869486E+01, 1.080120E+02, 1.075489E+02, 3.259058E+00, 1.011148E+01,-9.003511E+00, 2.942952E+01, 1.159550E+02, 4.196841E+01, 6.793362E+00, 1.451142E+00,2, 0.000000E+00,15, 9.759358E+00,0, 0.000000E+00,2, 1.441499E+00, 6.392861E-01, 8.022127E-01,NULL,NULL,1,mc_qqps,54
-21042,758,20227,202354,94C2, 9.125000E+01,25,16,41,25,16, 2.746357E+00,-7.504671E+00,-5.856731E+00, 5.106855E+01, 5.072886E+01, 2.029154E+00,-2.866013E-01, 3.583324E+00, 3.413709E+00, 9.195450E+01, 4.992243E+01, 3.710240E+01, 1.576031E+00,20, 5.206541E+00,1, 0.000000E+00,0, 0.000000E+00,13, 3.772846E+01, 5.371087E-01, 1.542741E+01,NULL,NULL,1,mc_qqps,54
-21042,759,20227,202410,94C2, 9.125000E+01,24,23,47,24,23,-6.650079E+00, 5.248950E+00,-1.930408E+01, 4.594485E+01, 4.546710E+01, 1.894463E+00,-5.446496E+00, 3.037958E+00,-1.003316E+01, 6.495032E+01, 2.477341E+01, 1.150804E+01, 7.007225E+00,1, 0.000000E+00,22, 1.007810E+01,0, 0.000000E+00,1, 4.901941E-01, 4.901941E-01, 4.901941E-01,1, 0.000000E+00,1,mc_qqps,54
-21042,760,20227,202425,94C2, 9.125000E+01,36,17,53,36,17, 5.976378E-01,-3.120872E-01, 1.513216E-01, 6.271260E+01, 6.204523E+01, 1.723479E+00, 7.477376E+00,-4.846444E+00,-7.993329E-01, 9.458022E+01, 5.877472E+01, 1.952563E+01, 1.080606E+01,17, 1.182536E+00,1, 0.000000E+00,0, 0.000000E+00,11, 1.834334E+01, 6.102935E-01, 5.473390E+00,NULL,NULL,1,mc_qqps,54
-21042,761,20227,202442,94C2, 9.125000E+01,20,8,28,20,8,-5.175639E-01,-1.258942E+01, 6.331076E+00, 7.013376E+01, 6.984455E+01, 3.492228E+00, 1.574971E-03,-1.287709E+00, 3.046780E+00, 8.633222E+01, 5.877070E+01, 1.246313E+01, 0.000000E+00,12, 1.846643E+01,0, 0.000000E+00,0, 0.000000E+00,7, 1.461032E+01, 4.448887E-01, 6.247647E+00,NULL,NULL,1,mc_qqps,54
-21042,762,20227,202454,94C2, 9.125000E+01,23,17,40,23,17,-6.550894E+00, 2.101024E+01, 5.169773E+01, 8.790411E+01, 8.751284E+01, 3.804906E+00,-6.257845E+00, 2.100628E+01, 5.781440E+01, 1.227216E+02, 2.623354E+01, 2.773916E+01, 7.078347E+00,3, 0.000000E+00,16, 3.975409E+00,0, 0.000000E+00,3, 2.119680E+00, 4.111441E-01, 1.002795E+00,NULL,NULL,1,mc_qqps,54
-21042,763,20227,202505,94C2, 9.125000E+01,26,12,38,26,12, 6.480336E+01, 2.046129E+00,-7.416182E+01, 1.562874E+02, 1.559832E+02, 5.999354E+00, 8.466619E+01, 6.932751E+00,-1.009266E+02, 2.082055E+02, 5.780275E+01, 6.936554E+00, 4.498933E+01,2, 0.000000E+00,7, 1.033267E+00,0, 0.000000E+00,NULL,NULL,NULL,NULL,NULL,NULL,1,mc_qqps,54
-21042,764,20227,202520,94C2, 9.125000E+01,19,21,40,19,21,-2.886342E+00,-7.841043E+00, 1.894065E+01, 6.344184E+01, 6.329569E+01, 3.331352E+00,-4.033412E+00,-7.015580E+00, 6.079339E+00, 9.829005E+01, 5.270220E+01, 2.962761E+01, 5.220605E+00,8, 1.093022E-01,12, 1.323902E+00,0, 0.000000E+00,7, 6.611497E+00, 5.822855E-01, 1.670562E+00,4, 0.000000E+00,1,mc_qqps,54
-21042,765,20227,202535,94C2, 9.125000E+01,19,13,32,19,13, 9.024775E+00,-1.231495E+00,-4.392210E+00, 6.541647E+01, 6.517558E+01, 3.430293E+00,-4.114813E+00, 3.215101E-01, 2.036257E+00, 9.687560E+01, 4.703490E+01, 2.622123E+01, 4.974933E+00,16, 3.104585E+00,0, 0.000000E+00,0, 0.000000E+00,11, 2.636171E+01, 2.885108E-01, 1.143607E+01,NULL,NULL,1,mc_qqps,54
-21042,766,20227,202547,94C2, 9.125000E+01,23,11,34,23,11, 2.219880E+00,-1.079753E+01, 1.197439E+01, 6.191331E+01, 6.154411E+01, 2.675831E+00, 2.897172E+00,-1.328871E+01, 1.238142E+01, 7.604367E+01, 5.382192E+01, 6.536847E+00, 7.072124E+00,15, 2.762200E+01,0, 0.000000E+00,0, 0.000000E+00,7, 7.058225E+00, 3.590451E-01, 2.117857E+00,NULL,NULL,1,mc_qqps,54
-21042,767,20227,202559,94C2, 9.125000E+01,12,6,18,12,6, 1.172766E+01,-1.707041E+01, 2.279080E+00, 4.533406E+01, 4.523706E+01, 3.769755E+00, 1.667875E+01,-2.353107E+01, 4.075603E+00, 7.107250E+01, 4.379564E+01, 8.540171E+00, 3.063942E+00,7, 2.676976E-01,0, 0.000000E+00,0, 0.000000E+00,4, 2.267449E+01, 1.616936E+00, 1.251882E+01,NULL,NULL,1,mc_qqps,54
-21042,768,20227,202609,94C2, 9.125000E+01,20,15,35,20,15, 1.727443E+00,-6.350310E-01,-3.728793E+00, 4.087330E+01, 4.032043E+01, 2.016021E+00, 1.234992E+00,-4.000216E+00,-5.314358E+00, 5.395683E+01, 2.780067E+01, 9.267814E+00, 9.142681E-01,5, 0.000000E+00,12, 2.559286E+00,0, 0.000000E+00,4, 5.275785E+00, 1.110623E+00, 1.790829E+00,NULL,NULL,1,mc_qqps,54
-21042,769,20227,202619,94C2, 9.125000E+01,23,22,45,23,22, 3.306395E+00,-4.329782E-01,-3.837505E+00, 5.842346E+01, 5.800959E+01, 2.522156E+00,-1.331711E+00,-6.083555E-01,-1.429414E+00, 1.083483E+02, 5.719548E+01, 4.012833E+01, 8.734938E+00,19, 2.367964E+00,1, 0.000000E+00,0, 0.000000E+00,15, 3.988260E+01, 5.524503E-01, 8.332276E+00,NULL,NULL,1,mc_qqps,54
-21042,770,20227,202635,94C2, 9.125000E+01,20,19,39,20,19,-6.224537E+00, 6.592119E+00,-1.072705E+00, 4.385221E+01, 4.358515E+01, 2.179258E+00, 1.833596E+00,-2.475104E+00,-2.858585E-01, 9.539580E+01, 4.261094E+01, 4.693812E+01, 3.336664E+00,25, 1.360005E+01,0, 0.000000E+00,0, 0.000000E+00,17, 4.244084E+01, 4.825242E-01, 1.247611E+01,NULL,NULL,1,mc_qqps,54
-21042,771,20227,202647,94C2, 9.125000E+01,38,17,55,38,17, 1.751303E+00, 4.252676E+00,-2.519732E+01, 7.353391E+01, 7.276576E+01, 1.914889E+00,-2.628434E-02, 7.130485E+00,-3.359182E+01, 1.058433E+02, 1.137487E+01, 1.679161E+01, 1.552612E+01,1, 0.000000E+00,21, 6.724666E+00,0, 0.000000E+00,1, 1.391343E+00, 1.391343E+00, 1.391343E+00,1, 0.000000E+00,1,mc_qqps,54
-21042,772,20227,202707,94C2, 9.125000E+01,21,12,33,21,12, 8.082378E+00, 3.702270E+00,-8.307381E+00, 6.704854E+01, 6.675632E+01, 3.178873E+00, 4.427420E+00, 2.391161E+00,-5.836475E+00, 8.265912E+01, 6.658867E+01, 1.277694E+01, 1.090643E+00,15, 1.027840E+01,1, 0.000000E+00,0, 0.000000E+00,10, 1.428467E+01, 4.048901E-01, 2.784648E+00,NULL,NULL,1,mc_qqps,54
-21042,773,20227,202720,94C2, 9.125000E+01,35,10,45,35,10, 4.859555E-02, 3.385908E+00,-4.144047E+00, 6.653366E+01, 6.560263E+01, 1.874361E+00, 1.347672E+00, 3.988123E-01,-2.917811E+00, 8.989641E+01, 6.196183E+01, 1.703611E+01, 5.663419E+00,16, 3.815595E+00,0, 0.000000E+00,0, 0.000000E+00,8, 1.741152E+01, 4.183798E-01, 1.146223E+01,NULL,NULL,1,mc_qqps,54
-21042,774,20227,202732,94C2, 9.125000E+01,38,13,51,38,13, 2.452699E+00, 6.320158E+00, 5.996290E+00, 5.836312E+01, 5.766260E+01, 1.517437E+00, 2.688590E+00, 5.872742E+00, 7.732210E+00, 7.731497E+01, 5.044219E+01, 1.240417E+01, 4.683695E+00,16, 3.394079E+00,0, 0.000000E+00,0, 0.000000E+00,10, 1.332895E+01, 4.307441E-01, 2.954878E+00,NULL,NULL,1,mc_qqps,54
-21042,775,20227,202749,94C2, 9.125000E+01,39,24,63,39,24,-3.559503E+00, 1.478014E+01, 8.008101E-01, 6.245566E+01, 6.158007E+01, 1.578976E+00,-2.505447E+00, 6.908018E+00,-8.233758E-01, 9.000603E+01, 5.098892E+01, 1.365203E+01, 7.197751E+00,20, 2.681183E+00,0, 0.000000E+00,0, 0.000000E+00,14, 1.759449E+01, 3.520770E-01, 2.906915E+00,NULL,NULL,1,mc_qqps,54
-21042,776,20227,202803,94C2, 9.125000E+01,32,15,47,32,15, 1.232086E+01,-3.740469E+01,-1.505323E+01, 1.149222E+02, 1.143708E+02, 3.574088E+00, 1.984167E+01,-4.361383E+01,-1.370093E+01, 1.384102E+02, 4.724732E+01, 1.651402E+01, 7.028023E+00,20, 9.091648E+00,0, 0.000000E+00,0, 0.000000E+00,10, 1.651402E+01, 4.037593E-01, 4.348955E+00,NULL,NULL,1,mc_qqps,54
-21042,777,20227,202819,94C2, 9.125000E+01,41,16,57,41,16,-1.067843E+01,-5.975771E+00, 3.390173E+00, 6.103650E+01, 5.972807E+01, 1.456782E+00, 2.990280E+00, 1.772884E+00, 1.278342E+00, 8.234900E+01, 5.681118E+01, 1.982882E+01, 7.201146E-01,18, 8.919105E+00,2, 0.000000E+00,0, 0.000000E+00,10, 1.427397E+01, 4.257911E-01, 5.129268E+00,NULL,NULL,1,mc_qqps,54
-21042,778,20227,202837,94C2, 9.125000E+01,30,22,52,30,22,-1.531963E+01, 1.511687E+00,-6.957785E+00, 5.837304E+01, 5.775610E+01, 1.925203E+00,-4.133092E+00,-2.863543E+00,-4.966343E+00, 9.831506E+01, 5.427653E+01, 1.874240E+01, 1.165752E+01,21, 6.315188E+00,0, 0.000000E+00,0, 0.000000E+00,16, 2.481730E+01, 4.955045E-01, 6.563039E+00,NULL,NULL,1,mc_qqps,54
-21042,779,20227,202853,94C2, 9.125000E+01,23,4,27,23,4, 3.314122E+00,-1.221848E+01,-2.775180E+00, 5.562831E+01, 5.537045E+01, 2.407411E+00, 2.234108E+00, 4.328544E+00, 1.227708E+00, 7.362847E+01, 5.214707E+01, 1.430932E+00, 1.656923E+01,7, 2.635528E-01,0, 0.000000E+00,0, 0.000000E+00,2, 1.430932E+00, 4.592050E-01, 9.717267E-01,NULL,NULL,1,mc_qqps,54
-21042,780,20227,202906,94C2, 9.125000E+01,34,11,45,34,11, 3.686404E+00, 1.017980E+00, 1.632596E+01, 8.631306E+01, 8.565889E+01, 2.519379E+00, 4.091210E+00, 1.403577E+00, 1.811820E+01, 9.610356E+01, 6.090528E+01, 9.790498E+00, 0.000000E+00,1, 0.000000E+00,18, 8.203758E+00,0, 0.000000E+00,NULL,NULL,NULL,NULL,NULL,NULL,1,mc_qqps,54
-21042,781,20227,202921,94C2, 9.125000E+01,36,10,46,36,10,-8.928102E+00, 2.887979E+01,-1.169125E+00, 9.934781E+01, 9.854726E+01, 2.737424E+00,-4.113895E+00, 1.988753E+01, 1.988482E+00, 1.189822E+02, 8.131241E+01, 1.857677E+01, 1.057614E+00,17, 2.157276E+00,1, 8.618174E-01,0, 0.000000E+00,9, 1.857677E+01, 4.670759E-01, 1.085027E+01,NULL,NULL,1,mc_qqps,54
-21042,782,20227,202937,94C2, 9.125000E+01,39,10,49,39,10,-1.129188E+01,-1.479028E+01, 1.050859E+01, 4.027272E+01, 3.948201E+01, 1.012359E+00,-1.003175E+01,-1.165873E+01, 1.014460E+01, 7.840668E+01, 3.546351E+01, 2.781435E+01, 7.092764E+00,11, 3.657657E+00,0, 0.000000E+00,0, 0.000000E+00,7, 3.018363E+01, 7.998627E-01, 1.198639E+01,NULL,NULL,1,mc_qqps,54
-21042,783,20227,202952,94C2, 9.125000E+01,11,16,27,11,16, 8.030050E+00, 1.420514E+01,-2.161469E+01, 2.994608E+01, 2.978546E+01, 2.707769E+00, 4.548514E+00, 7.297181E+00,-1.311086E+01, 5.544154E+01, 2.833883E+01, 1.528409E+01, 1.021137E+01,4, 0.000000E+00,7, 3.827881E-01,0, 0.000000E+00,4, 4.458616E+00, 5.320539E-01, 1.823475E+00,NULL,NULL,1,mc_qqps,54
-21042,784,20227,203006,94C2, 9.125000E+01,23,18,41,23,18, 4.079667E+00, 9.826155E+00, 4.996348E+00, 4.785002E+01, 4.710956E+01, 2.048242E+00, 9.651305E-01,-2.189286E+00,-2.358505E+00, 1.197533E+02, 4.392393E+01, 6.897847E+01, 1.833251E+00,16, 0.000000E+00,0, 0.000000E+00,0, 0.000000E+00,15, 5.682862E+01, 4.644368E-01, 1.824065E+01,NULL,NULL,1,mc_qqps,54
-21042,785,20227,203019,94C2, 9.125000E+01,38,13,51,38,13,-3.814628E+00, 1.044035E+01, 1.739912E+01, 7.257981E+01, 7.185345E+01, 1.890880E+00,-3.428297E+00, 8.959175E+00, 1.439609E+01, 8.923334E+01, 6.267838E+01, 8.097749E+00, 7.618613E+00,6, 1.712615E-01,6, 0.000000E+00,0, 0.000000E+00,5, 4.692649E+00, 5.315076E-01, 1.584847E+00,NULL,NULL,1,mc_qqps,54
-21042,786,20227,203035,94C2, 9.125000E+01,44,22,66,44,22,-5.258886E+00,-9.038279E+00,-3.665392E+01, 1.191153E+02, 1.182081E+02, 2.686547E+00,-7.389352E+00,-8.882566E+00,-3.925915E+01, 1.442057E+02, 1.190194E+01, 1.976625E+01, 4.746625E+00,2, 0.000000E+00,21, 1.584792E+01,0, 0.000000E+00,2, 1.509368E+00, 5.775359E-01, 9.318325E-01,2, 0.000000E+00,1,mc_qqps,54
-21042,787,20227,203052,94C2, 9.125000E+01,44,16,60,44,16, 1.194795E+00,-2.365610E+00, 1.421066E+00, 6.694472E+01, 6.615345E+01, 1.503487E+00, 9.885363E-01,-8.425295E-01, 2.314364E+00, 8.078088E+01, 5.256376E+01, 1.257420E+01, 1.261962E+00,7, 4.821930E-01,16, 9.639066E-01,0, 0.000000E+00,4, 3.596311E+00, 6.133963E-01, 1.183766E+00,NULL,NULL,1,mc_qqps,54
-21042,788,20227,203110,94C2, 9.125000E+01,14,13,27,14,13,-2.954700E+00, 9.370395E+00,-1.701307E+01, 3.184179E+01, 3.163082E+01, 2.259345E+00, 1.808065E+00, 6.125888E+00,-1.571190E+00, 9.403310E+01, 2.743414E+01, 1.545059E+01, 4.565128E+01,3, 1.321104E-01,4, 0.000000E+00,0, 0.000000E+00,2, 1.089434E+00, 4.948938E-01, 5.945399E-01,2, 0.000000E+00,1,mc_qqps,54
-21042,789,20227,203126,94C2, 9.125000E+01,21,13,34,21,13, 7.238984E+00,-7.821692E+00, 2.550139E+00, 3.952583E+01, 3.918150E+01, 1.865786E+00,-8.803303E-01,-5.570945E+00,-9.504933E-01, 8.175056E+01, 3.582751E+01, 2.742380E+01, 1.330682E+01,12, 2.924319E+00,0, 0.000000E+00,0, 0.000000E+00,8, 2.594454E+01, 4.589092E-01, 9.471703E+00,NULL,NULL,1,mc_qqps,54
-21042,790,20227,203137,94C2, 9.125000E+01,32,13,45,32,13,-1.079106E+00,-1.557575E+00,-9.251750E-01, 6.434865E+01, 6.370634E+01, 1.990823E+00,-5.150396E+00, 3.490842E+00,-7.885829E+00, 9.728019E+01, 5.331154E+01, 2.344199E+01, 8.446501E+00,6, 0.000000E+00,6, 0.000000E+00,0, 0.000000E+00,3, 3.849832E+00, 1.045730E+00, 1.675965E+00,NULL,NULL,1,mc_qqps,54
-21042,791,20227,203157,94C2, 9.125000E+01,42,18,60,42,18, 9.976824E+00, 6.827277E+00, 2.082100E+00, 6.424288E+01, 6.253315E+01, 1.488884E+00, 1.783700E+00,-3.381890E-01, 8.023882E-01, 8.766346E+01, 5.574022E+01, 2.053680E+01, 2.883790E+00,23, 2.357590E+00,0, 0.000000E+00,0, 0.000000E+00,16, 2.053680E+01, 4.487320E-01, 4.552362E+00,NULL,NULL,1,mc_qqps,54
-21042,792,20227,203221,94C2, 9.125000E+01,23,12,35,23,12, 7.118344E+00, 4.711204E+00,-1.025144E+01, 6.962707E+01, 6.928591E+01, 3.012431E+00, 6.508658E-01,-1.601108E+00, 3.326125E+00, 9.619769E+01, 6.672992E+01, 1.876987E+01, 7.800752E+00,4, 0.000000E+00,9, 5.808053E-01,0, 0.000000E+00,3, 5.135425E+00, 5.444590E-01, 3.598938E+00,NULL,NULL,1,mc_qqps,54
-21042,793,20227,203235,94C2, 9.125000E+01,35,18,53,35,18, 5.874913E+01, 3.931197E+01,-1.339886E+02, 1.951422E+02, 1.942148E+02, 5.548993E+00, 6.002362E+01, 3.929196E+01,-1.339871E+02, 2.199177E+02, 1.840960E+02, 2.270420E+01, 2.071320E+00,2, 0.000000E+00,18, 1.684058E+01,0, 0.000000E+00,2, 1.967496E+00, 4.448901E-01, 1.522606E+00,NULL,NULL,1,mc_qqps,54
-21042,794,20227,203251,94C2, 9.125000E+01,23,14,37,23,14, 5.192465E-01, 4.181102E+00, 7.173654E-01, 5.983592E+01, 5.964703E+01, 2.593349E+00,-5.057479E+00,-3.919526E-01, 5.178676E+00, 9.081084E+01, 4.693576E+01, 1.739473E+01, 9.598175E+00,20, 6.216053E+00,0, 0.000000E+00,0, 0.000000E+00,12, 1.831287E+01, 7.141697E-01, 3.080021E+00,NULL,NULL,1,mc_qqps,54
-21042,795,20227,203306,94C2, 9.125000E+01,31,17,48,31,17,-7.880311E+00,-7.485130E+00, 1.131418E+01, 6.432061E+01, 6.369408E+01, 2.054648E+00,-3.395748E+00,-2.199820E+00, 2.811649E+00, 8.895181E+01, 5.969615E+01, 2.236689E+01, 9.906138E-01,16, 1.450592E+01,5, 1.168442E+00,0, 0.000000E+00,11, 1.524733E+01, 4.432531E-01, 4.992239E+00,NULL,NULL,1,mc_qqps,54
-21042,796,20227,203320,94C2, 9.125000E+01,21,15,36,21,15,-1.306902E+01,-2.159003E-01,-1.311159E+01, 3.451222E+01, 3.413805E+01, 1.625621E+00,-4.526470E+00,-1.907650E+00,-3.804855E+00, 1.040752E+02, 3.038455E+01, 6.661378E+01, 2.125359E+00,14, 6.680834E-01,2, 0.000000E+00,0, 0.000000E+00,10, 5.787108E+01, 7.328652E-01, 3.843719E+01,NULL,NULL,1,mc_qqps,54
-21042,797,20227,203334,94C2, 9.125000E+01,38,14,52,38,14, 8.233850E+00, 9.450188E+00,-2.114475E+00, 7.335921E+01, 7.270623E+01, 1.913322E+00, 8.391587E+00, 3.694880E+00, 1.808907E+00, 8.941998E+01, 5.756591E+01, 9.512777E+00, 3.126309E+00,17, 2.496960E+00,2, 0.000000E+00,0, 0.000000E+00,9, 1.020836E+01, 4.228342E-01, 1.974923E+00,NULL,NULL,1,mc_qqps,54
-21042,798,20227,203352,94C2, 9.125000E+01,19,16,35,19,16,-5.647828E+00, 2.418800E+00,-9.820189E+00, 6.431271E+01, 6.390458E+01, 3.363399E+00,-1.265127E+01, 1.021998E+01,-1.652468E+01, 9.165642E+01, 6.077522E+01, 1.015540E+01, 1.718832E+01,5, 4.012506E+00,6, 0.000000E+00,0, 0.000000E+00,4, 4.351364E+00, 2.214313E-01, 2.160278E+00,NULL,NULL,1,mc_qqps,54
-21042,799,20227,203407,94C2, 9.125000E+01,39,13,52,39,13, 4.917989E+00, 3.480019E+00,-1.463424E+01, 9.666739E+01, 9.594799E+01, 2.460205E+00, 6.849307E+00, 4.030789E+00,-1.624076E+01, 1.080750E+02, 7.248152E+01, 1.096534E+01, 4.422832E-01,3, 0.000000E+00,15, 5.050079E-01,0, 0.000000E+00,1, 8.777658E-01, 8.777658E-01, 8.777658E-01,NULL,NULL,1,mc_qqps,54
-21042,800,20227,203423,94C2, 9.125000E+01,22,14,36,22,14,-4.127922E+00, 1.402020E+00,-4.998204E+00, 4.723339E+01, 4.688899E+01, 2.131318E+00, 1.991626E+00,-3.063924E-01, 2.069676E+00, 8.664655E+01, 4.028335E+01, 3.231946E+01, 3.278092E+00,12, 1.170085E+00,0, 0.000000E+00,0, 0.000000E+00,10, 3.515499E+01, 6.542937E-01, 1.872628E+01,NULL,NULL,1,mc_qqps,54
-21042,801,20227,203439,94C2, 9.125000E+01,22,23,45,22,23, 4.195049E+00, 1.916624E+00,-7.744839E-01, 4.675312E+01, 4.599665E+01, 2.090757E+00,-7.387264E+00,-2.671242E+00, 8.795367E-02, 1.060869E+02, 4.408305E+01, 5.334668E+01, 0.000000E+00,28, 1.876050E+01,0, 0.000000E+00,0, 0.000000E+00,21, 4.994332E+01, 3.353735E-01, 1.182367E+01,NULL,NULL,1,mc_qqps,54
-21042,802,20227,203454,94C2, 9.125000E+01,31,17,48,31,17,-3.936283E+00,-8.306400E-01, 2.897556E+00, 4.857326E+01, 4.793406E+01, 1.546260E+00, 9.792909E+00, 1.143967E+01, 6.509914E+00, 1.108536E+02, 4.253520E+01, 5.397090E+01, 5.471735E+00,16, 4.805780E+00,0, 0.000000E+00,0, 0.000000E+00,11, 4.999683E+01, 6.373321E-01, 2.207185E+01,NULL,NULL,1,mc_qqps,54
-21042,803,20227,203509,94C2, 9.125000E+01,21,17,38,21,17,-3.658587E-01, 5.399841E+00,-2.240354E+01, 4.420238E+01, 4.393245E+01, 2.092021E+00,-4.919874E-01, 6.856005E+00,-3.301291E+01, 6.908776E+01, 1.011578E+01, 2.320362E+01, 1.681762E+00,0, 0.000000E+00,20, 6.989421E+00,0, 0.000000E+00,NULL,NULL,NULL,NULL,2, 0.000000E+00,0,mc_qqps,54
-21042,804,20227,203523,94C2, 9.125000E+01,35,10,45,35,10,-9.101264E-01, 1.162058E+00, 1.126213E+00, 7.078509E+01, 7.006902E+01, 2.001972E+00,-8.027447E-01, 3.138824E-01, 1.936042E+00, 8.040100E+01, 6.478886E+01, 7.674237E+00, 1.354229E+00,4, 0.000000E+00,5, 0.000000E+00,0, 0.000000E+00,4, 4.046845E+00, 4.899746E-01, 1.666493E+00,NULL,NULL,1,mc_qqps,54
-21042,805,20227,203541,94C2, 9.125000E+01,32,13,45,32,13, 6.787122E+00, 2.186567E+00, 1.516048E+01, 5.381735E+01, 5.312431E+01, 1.660135E+00,-1.959046E+00,-1.674257E+00,-2.157446E+00, 8.525231E+01, 4.478712E+01, 3.043671E+01, 9.982559E-01,3, 1.459314E-01,10, 0.000000E+00,0, 0.000000E+00,1, 6.201970E-01, 6.201970E-01, 6.201970E-01,1, 0.000000E+00,1,mc_qqps,54
-21042,806,20227,203600,94C2, 9.125000E+01,23,10,33,23,10,-1.496925E+01, 3.378497E+00, 1.319081E+01, 7.578046E+01, 7.548425E+01, 3.281924E+00,-1.256582E+01, 3.757592E+00, 1.113441E+01, 8.826141E+01, 6.415800E+01, 9.011974E+00, 7.612025E-01,7, 3.213718E+00,4, 0.000000E+00,0, 0.000000E+00,5, 1.010715E+01, 7.131915E-01, 4.121781E+00,NULL,NULL,1,mc_qqps,54
-21042,807,20227,203615,94C2, 9.125000E+01,14,18,32,14,18, 3.056180E+00,-3.977534E+00,-1.436634E+01, 6.249508E+01, 6.236382E+01, 4.454558E+00, 2.884021E+00,-3.628718E+00,-1.138585E+01, 8.036658E+01, 6.185284E+01, 1.559640E+01, 1.854583E+00,9, 1.817443E+00,9, 3.862302E-01,0, 0.000000E+00,6, 7.779880E+00, 4.205040E-01, 1.852851E+00,1, 0.000000E+00,1,mc_qqps,54
-21042,808,20227,203628,94C2, 9.125000E+01,35,13,47,34,13, 1.575147E-01,-7.475132E-01,-2.578540E+00, 5.924067E+01, 5.868196E+01, 1.725940E+00, 1.291207E+00, 1.687546E+00,-3.161252E+00, 8.844505E+01, 4.927185E+01, 2.424134E+01, 1.721646E+00,16, 1.979659E+00,0, 0.000000E+00,0, 0.000000E+00,10, 2.670629E+01, 6.135399E-01, 7.686541E+00,NULL,NULL,1,mc_qqps,54
-21042,809,20227,203644,94C2, 9.125000E+01,22,10,32,22,10, 4.141910E+00,-6.074979E+00, 9.947890E+00, 2.986456E+01, 2.937758E+01, 1.335344E+00, 1.133443E+01,-1.931198E+01, 2.508687E+01, 6.007401E+01, 2.148465E+01, 1.686492E+01, 1.261640E+01,8, 1.084446E+00,0, 0.000000E+00,0, 0.000000E+00,7, 9.971565E+00, 5.700898E-01, 2.147165E+00,NULL,NULL,1,mc_qqps,54
-21042,810,20227,203700,94C2, 9.125000E+01,31,12,43,31,12,-6.685602E+00, 3.410977E+01,-1.542399E+01, 6.459001E+01, 6.402284E+01, 2.065253E+00, 5.750510E-01, 1.411860E+01,-8.435379E+00, 1.069885E+02, 5.102241E+01, 3.620247E+01, 4.926432E+00,9, 2.058104E+00,1, 0.000000E+00,0, 0.000000E+00,6, 3.587642E+01, 5.539290E-01, 1.780922E+01,NULL,NULL,1,mc_qqps,54
-21042,811,20227,203715,94C2, 9.125000E+01,24,11,35,24,11,-3.152231E+00,-2.015513E+00,-3.665245E-01, 6.226292E+01, 6.184524E+01, 2.576885E+00,-2.148356E+00,-2.330824E+00, 5.391240E-01, 9.295212E+01, 3.993293E+01, 2.785839E+01, 3.575207E-01,14, 1.533191E+00,0, 0.000000E+00,0, 0.000000E+00,8, 2.830018E+01, 6.286288E-01, 1.048191E+01,NULL,NULL,1,mc_qqps,54
-21042,812,20227,203727,94C2, 9.125000E+01,33,14,47,33,14, 1.397439E+00,-1.093800E+00,-4.620926E+00, 4.978849E+01, 4.901250E+01, 1.485227E+00,-3.919575E-01, 2.769319E+00,-9.207500E+00, 6.899487E+01, 4.377929E+01, 1.889617E+01, 3.102028E-01,12, 4.510875E+00,4, 0.000000E+00,0, 0.000000E+00,7, 1.449910E+01, 5.898722E-01, 6.726980E+00,NULL,NULL,1,mc_qqps,54
-21042,813,20227,203746,94C2, 9.125000E+01,35,15,50,35,15,-2.332602E+00, 5.481489E+00,-5.426963E+00, 6.074598E+01, 5.988008E+01, 1.710859E+00,-5.556822E+00, 7.936013E+00,-1.052649E+01, 1.071657E+02, 4.755899E+01, 3.312178E+01, 9.071182E+00,15, 1.959816E+00,2, 0.000000E+00,0, 0.000000E+00,9, 2.304110E+01, 4.975919E-01, 9.761374E+00,NULL,NULL,1,mc_qqps,54
-21042,814,20227,203800,94C2, 9.125000E+01,33,17,50,33,17, 6.787764E+00, 2.784361E+01, 2.241231E+02, 2.809633E+02, 2.805121E+02, 8.500366E+00, 4.269639E+00, 2.561514E+01, 2.195946E+02, 3.062342E+02, 3.514809E+01, 2.253208E+01, 2.738794E+00,3, 1.120762E-01,21, 1.430787E+01,0, 0.000000E+00,NULL,NULL,NULL,NULL,2, 0.000000E+00,1,mc_qqps,54
-21042,815,20227,203814,94C2, 9.125000E+01,24,9,33,24,9, 8.395686E+00,-5.091070E+00, 4.897140E+00, 7.373281E+01, 7.321552E+01, 3.050647E+00, 1.030650E+01,-5.773406E+00, 7.684360E+00, 8.716159E+01, 6.256602E+01, 1.145499E+01, 6.425985E-01,9, 4.421425E-01,0, 0.000000E+00,0, 0.000000E+00,5, 5.358622E+00, 5.220881E-01, 1.537150E+00,1, 0.000000E+00,1,mc_qqps,54
-21042,816,20227,203830,94C2, 9.125000E+01,43,11,54,43,11, 4.512350E+00,-1.532193E+01, 1.991873E+00, 6.887692E+01, 6.798074E+01, 1.580948E+00, 2.758513E+00,-5.923013E+00,-5.758189E-01, 8.693630E+01, 4.772846E+01, 7.530528E+00, 5.792730E+00,11, 1.971631E-01,0, 0.000000E+00,0, 0.000000E+00,8, 1.229720E+01, 5.357777E-01, 2.907705E+00,NULL,NULL,1,mc_qqps,54
-21042,817,20227,203849,94C2, 9.125000E+01,17,13,30,17,13, 3.817952E+00,-6.763649E+00,-1.430440E+01, 6.188408E+01, 6.177331E+01, 3.633724E+00, 1.774652E+00,-1.542330E+00,-4.251198E+00, 8.253766E+01, 5.721282E+01, 1.999715E+01, 6.564260E-01,1, 0.000000E+00,19, 8.530592E+00,0, 0.000000E+00,NULL,NULL,NULL,NULL,NULL,NULL,1,mc_qqps,54
-21042,818,20227,203900,94C2, 9.125000E+01,36,14,50,36,14,-2.358808E+00,-1.856239E+00, 2.570304E+00, 7.512739E+01, 7.447089E+01, 2.068636E+00,-1.736702E+00,-9.998664E-01, 1.431898E+00, 9.493139E+01, 6.886855E+01, 1.847404E+01, 0.000000E+00,19, 7.259857E+00,0, 0.000000E+00,0, 0.000000E+00,12, 1.427994E+01, 6.043106E-01, 2.250333E+00,NULL,NULL,1,mc_qqps,54
-21042,819,20227,203917,94C2, 9.125000E+01,36,7,43,36,7, 1.068345E+01,-3.625863E+00, 7.477269E+00, 8.813955E+01, 8.778491E+01, 2.438470E+00, 1.741754E+01,-8.964828E+00, 1.006131E+01, 1.017207E+02, 7.705350E+01, 6.131707E+00, 7.467620E+00,17, 9.548518E+00,0, 0.000000E+00,0, 0.000000E+00,5, 6.131707E+00, 3.119399E-01, 2.441459E+00,NULL,NULL,1,mc_qqps,54
-21042,820,20227,203932,94C2, 9.125000E+01,18,5,23,18,5, 8.643095E+00, 2.241998E+01, 1.378665E+01, 1.027438E+02, 1.026373E+02, 5.702074E+00, 7.914690E+00, 2.050896E+01, 1.258052E+01, 1.177240E+02, 6.490931E+01, 1.107646E+01, 3.935419E+00,10, 1.648814E+01,0, 0.000000E+00,0, 0.000000E+00,4, 1.107646E+01, 1.172393E+00, 4.851566E+00,NULL,NULL,1,mc_qqps,54
-21042,821,20227,203943,94C2, 9.125000E+01,32,21,53,32,21,-1.223044E+01, 2.867867E+00,-5.856401E+00, 6.434120E+01, 6.380968E+01, 1.994053E+00,-2.680606E+01, 1.498167E+01,-9.549184E+00, 1.019986E+02, 5.842216E+01, 3.277805E+01, 8.277608E-01,23, 9.606989E+00,0, 0.000000E+00,0, 0.000000E+00,15, 2.937791E+01, 4.795678E-01, 6.505024E+00,NULL,NULL,1,mc_qqps,54
-21042,822,20227,203958,94C2, 9.125000E+01,32,24,56,32,24,-5.213898E+00,-2.216709E+00, 1.772040E+00, 6.497198E+01, 6.452831E+01, 2.016510E+00, 4.262843E+00, 1.824038E+00,-8.070166E+00, 1.082337E+02, 4.700684E+01, 4.197605E+01, 8.935893E-01,16, 4.612049E-02,8, 0.000000E+00,0, 0.000000E+00,14, 3.007706E+01, 3.920627E-01, 4.847390E+00,NULL,NULL,1,mc_qqps,54
-21042,823,20227,204013,94C2, 9.125000E+01,27,11,38,27,11, 4.198986E+00,-1.253814E+01,-2.459485E+00, 5.620894E+01, 5.572449E+01, 2.063870E+00, 2.299657E+00,-5.036140E+00,-6.598145E-01, 8.401702E+01, 5.433517E+01, 2.702601E+01, 0.000000E+00,19, 2.680417E+00,0, 0.000000E+00,0, 0.000000E+00,9, 2.568093E+01, 7.531663E-01, 1.520449E+01,NULL,NULL,1,mc_qqps,54
-21042,824,20227,204027,94C2, 9.125000E+01,39,15,54,39,15,-3.007337E+00, 2.213889E+00,-6.669222E-01, 6.559018E+01, 6.514150E+01, 1.670295E+00,-4.192130E+00, 2.805720E+00,-3.695261E+00, 9.857100E+01, 5.657206E+01, 2.752506E+01, 5.481874E+00,19, 8.991222E+00,0, 0.000000E+00,0, 0.000000E+00,12, 2.470905E+01, 4.613753E-01, 6.288391E+00,NULL,NULL,1,mc_qqps,54
-21042,825,20227,204042,94C2, 9.125000E+01,21,8,29,21,8, 1.661894E+01, 5.477033E+00,-4.025218E+00, 6.074460E+01, 6.045726E+01, 2.878917E+00,-1.397235E+01,-1.483628E+00, 2.707527E+00, 1.003778E+02, 5.625844E+01, 3.134963E+01, 7.667718E+00,13, 4.221095E+00,0, 0.000000E+00,0, 0.000000E+00,6, 3.207463E+01, 4.189629E-01, 2.027149E+01,NULL,NULL,1,mc_qqps,54
-21042,826,20227,204054,94C2, 9.125000E+01,23,14,37,23,14,-1.100367E+01,-1.751823E+01,-1.381367E+01, 5.538246E+01, 5.510154E+01, 2.395719E+00,-3.080600E+00,-3.639982E+00,-4.852963E+00, 9.875652E+01, 5.167511E+01, 2.570996E+01, 1.673344E+01,17, 1.086892E+01,0, 0.000000E+00,0, 0.000000E+00,10, 2.616661E+01, 9.367021E-01, 9.573907E+00,NULL,NULL,1,mc_qqps,54
-21042,827,20227,204109,94C2, 9.125000E+01,31,15,46,31,15, 2.777713E+00,-2.473959E+01,-1.154120E+01, 4.447438E+01, 4.369304E+01, 1.409453E+00, 6.411453E-01,-5.802018E+00,-1.162636E+01, 8.566707E+01, 3.012121E+01, 3.393715E+01, 4.434237E+00,14, 2.209697E+00,5, 0.000000E+00,0, 0.000000E+00,7, 2.692196E+01, 5.971255E-01, 1.285206E+01,NULL,NULL,1,mc_qqps,54
-21042,828,20227,204122,94C2, 9.125000E+01,24,13,37,24,13,-5.150347E+00, 9.015366E+00, 6.561052E+00, 4.311705E+01, 4.271502E+01, 1.779792E+00, 1.002104E+01,-4.476003E+00, 3.692200E-01, 7.723330E+01, 4.173125E+01, 3.154878E+01, 2.090480E+00,11, 0.000000E+00,0, 0.000000E+00,0, 0.000000E+00,9, 3.176305E+01, 4.779708E-01, 1.477330E+01,NULL,NULL,1,mc_qqps,54
-21042,829,20227,204136,94C2, 9.125000E+01,58,20,78,58,20,-2.185223E+00, 2.710201E+00,-2.374570E+00, 5.328148E+01, 5.192650E+01, 8.952845E-01,-3.209444E+00, 8.568089E-01, 1.371496E+00, 6.689971E+01, 4.312467E+01, 1.003684E+01, 2.378911E+00,14, 0.000000E+00,2, 0.000000E+00,0, 0.000000E+00,10, 7.372076E+00, 4.299188E-01, 1.117908E+00,1, 0.000000E+00,1,mc_qqps,54
-21042,830,20227,204203,94C2, 9.125000E+01,15,14,29,15,14,-5.032351E+00, 1.402818E+01,-7.944760E+00, 2.064879E+01, 2.014547E+01, 1.343032E+00,-3.154001E+00, 5.324692E+00,-3.287364E+00, 6.113577E+01, 1.807344E+01, 1.289398E+01, 1.655376E+01,13, 2.657597E+00,0, 0.000000E+00,0, 0.000000E+00,11, 2.352541E+01, 3.232755E-01, 1.105867E+01,NULL,NULL,1,mc_qqps,54
-21042,831,20227,204213,94C2, 9.125000E+01,30,23,53,30,23, 3.381422E+00, 3.243873E+00, 7.120218E+00, 5.848886E+01, 5.789907E+01, 1.929969E+00,-2.989405E+00, 2.674491E+00,-3.558055E+00, 9.308498E+01, 5.556471E+01, 2.581807E+01, 8.778036E+00,4, 7.287633E-02,16, 7.370175E+00,0, 0.000000E+00,2, 1.299537E+00, 3.607147E-01, 9.388221E-01,NULL,NULL,1,mc_qqps,54
-21042,832,20227,204228,94C2, 9.125000E+01,15,6,21,15,6,-1.466286E+00,-1.726933E-01, 9.451790E-01, 5.031211E+01, 5.015572E+01, 3.343715E+00,-1.298947E+01, 8.673195E+00, 1.395229E+01, 7.926620E+01, 4.958103E+01, 1.700497E+01, 1.195990E+01,8, 1.711569E+01,0, 0.000000E+00,0, 0.000000E+00,4, 1.518736E+01, 9.833285E-01, 9.495568E+00,NULL,NULL,1,mc_qqps,54
-21042,833,20227,204242,94C2, 9.125000E+01,42,10,52,42,10, 3.229824E+00, 9.570652E+00,-1.164378E+01, 7.972275E+01, 7.921009E+01, 1.885954E+00, 7.812883E-01, 4.303228E-01, 7.814890E+00, 1.050072E+02, 6.809976E+01, 2.321510E+01, 2.069368E+00,2, 0.000000E+00,12, 9.738754E-01,0, 0.000000E+00,NULL,NULL,NULL,NULL,1, 0.000000E+00,1,mc_qqps,54
-21042,834,20227,204302,94C2, 9.125000E+01,29,14,43,29,14,-3.001471E+00, 3.090117E+01,-5.698876E+00, 9.937046E+01, 9.889717E+01, 3.410247E+00,-2.465731E+00, 2.346342E+01,-1.845737E+00, 1.322933E+02, 5.761969E+01, 1.702343E+01, 9.111915E+00,21, 1.466169E+01,0, 0.000000E+00,0, 0.000000E+00,11, 2.189052E+01, 4.795548E-01, 5.720561E+00,NULL,NULL,1,mc_qqps,54
-21042,835,20227,204314,94C2, 9.125000E+01,32,16,48,32,16,-2.879809E+00,-3.364301E+00,-2.455397E+00, 5.889662E+01, 5.836869E+01, 1.824021E+00,-9.248101E-01,-3.587875E-01, 1.519619E+00, 7.576884E+01, 4.888517E+01, 1.687222E+01, 0.000000E+00,2, 0.000000E+00,18, 5.661551E+00,0, 0.000000E+00,1, 5.752782E-01, 5.752782E-01, 5.752782E-01,NULL,NULL,1,mc_qqps,54
-21042,836,20227,204333,94C2, 9.125000E+01,21,8,29,21,8,-2.365877E-01,-8.504107E+00,-4.323328E+01, 1.246078E+02, 1.244336E+02, 5.925411E+00, 2.661795E-01,-1.069673E+01,-4.626945E+01, 1.336071E+02, 1.542012E+01, 8.246802E+00, 7.524343E-01,0, 0.000000E+00,12, 6.589911E+00,0, 0.000000E+00,NULL,NULL,NULL,NULL,2, 0.000000E+00,1,mc_qqps,54
-21042,837,20227,204345,94C2, 9.125000E+01,18,22,40,18,22,-2.167053E+00,-6.554056E-01,-5.959225E+01, 1.027573E+02, 1.025913E+02, 5.699514E+00,-1.067248E+00, 3.404206E-01,-5.896061E+01, 1.370312E+02, 1.046382E+01, 3.289927E+01, 1.374671E+00,1, 0.000000E+00,17, 3.564809E+00,0, 0.000000E+00,NULL,NULL,NULL,NULL,5, 0.000000E+00,0,mc_qqps,54
-21042,838,20227,204404,94C2, 9.125000E+01,47,22,69,47,22,-7.829776E-01,-9.113789E-01,-1.518262E+00, 6.130286E+01, 6.013437E+01, 1.279455E+00, 5.197464E+00,-9.795891E+00, 7.354350E+00, 1.072927E+02, 4.368095E+01, 4.413792E+01, 1.160027E-01,23, 2.624865E+00,0, 0.000000E+00,0, 0.000000E+00,18, 3.590660E+01, 3.864987E-01, 6.246323E+00,NULL,NULL,1,mc_qqps,54
-21042,839,20227,204421,94C2, 9.125000E+01,25,14,39,25,14, 9.751865E+00, 3.026134E+01, 4.496608E+00, 5.152499E+01, 5.109283E+01, 2.043713E+00, 5.578808E+00, 1.919056E+01, 2.519310E+00, 8.745205E+01, 3.776340E+01, 1.704074E+01, 1.891199E+01,15, 2.309593E+00,0, 0.000000E+00,0, 0.000000E+00,9, 1.581241E+01, 5.102519E-01, 5.389054E+00,NULL,NULL,1,mc_qqps,54
-21042,840,20227,204441,94C2, 9.125000E+01,20,18,38,20,18, 1.226074E+01,-7.522026E-02, 4.697921E+00, 3.433852E+01, 3.393814E+01, 1.696907E+00,-8.043632E+00, 1.375163E+00,-3.492108E+00, 6.302313E+01, 3.237751E+01, 1.370626E+01, 1.157671E+01,18, 9.443403E+00,0, 0.000000E+00,0, 0.000000E+00,13, 1.557628E+01, 4.529637E-01, 3.401639E+00,NULL,NULL,1,mc_qqps,54
-21042,841,20227,204454,94C2, 9.125000E+01,22,16,38,22,16,-1.158545E+00, 1.538788E+00,-5.670557E+00, 2.738255E+01, 2.689462E+01, 1.222483E+00,-1.070199E-01,-2.026422E-01,-3.989406E+00, 4.706894E+01, 6.116817E+00, 1.789135E+01, 1.795036E+00,1, 0.000000E+00,12, 1.409009E+01,0, 0.000000E+00,1, 9.873683E-01, 9.873683E-01, 9.873683E-01,6, 0.000000E+00,0,mc_qqps,54
-21042,842,20227,204515,94C2, 9.125000E+01,36,18,54,36,18, 8.738996E+00,-5.957124E+00,-1.487039E+00, 6.294367E+01, 6.231646E+01, 1.731013E+00, 8.780694E+00,-4.977586E+00,-2.252529E+00, 7.708313E+01, 5.060939E+01, 1.311231E+01, 1.027143E+00,6, 0.000000E+00,12, 0.000000E+00,0, 0.000000E+00,1, 1.934740E+00, 1.934740E+00, 1.934740E+00,1, 0.000000E+00,1,mc_qqps,54
-21042,843,20227,204533,94C2, 9.125000E+01,26,14,40,26,14,-1.916366E+01,-8.815104E-01,-1.661751E+01, 6.725885E+01, 6.670271E+01, 2.565489E+00, 1.088623E+00, 6.171213E-01,-8.786624E-01, 9.429203E+01, 5.911077E+01, 2.499212E+01, 1.592981E-01,15, 7.282545E+00,1, 0.000000E+00,0, 0.000000E+00,11, 2.338796E+01, 4.550027E-01, 5.582370E+00,NULL,NULL,1,mc_qqps,54
-21042,844,20227,204547,94C2, 9.125000E+01,15,20,35,15,20,-5.031662E+00,-4.205907E+00,-1.634041E+00, 1.420307E+01, 1.385302E+01, 9.235346E-01,-1.727040E+01,-1.393074E+01, 3.195975E+00, 9.017424E+01, 1.246842E+01, 6.405725E+01, 1.032162E+01,17, 3.763242E+00,0, 0.000000E+00,0, 0.000000E+00,15, 5.463057E+01, 9.234044E-01, 1.267662E+01,1, 0.000000E+00,1,mc_qqps,54
-21042,845,20227,204558,94C2, 9.125000E+01,46,17,63,46,17, 3.866763E-01,-7.551751E+00,-3.326540E+00, 7.749021E+01, 7.655980E+01, 1.664343E+00,-1.744967E+00,-6.080808E+00,-4.602850E+00, 1.027972E+02, 7.200241E+01, 1.803514E+01, 5.003679E+00,17, 3.022789E+00,0, 0.000000E+00,0, 0.000000E+00,10, 1.304380E+01, 5.314559E-01, 2.845083E+00,NULL,NULL,1,mc_qqps,54
-21042,846,20227,204616,94C2, 9.125000E+01,23,19,42,23,19,-8.167031E+00, 4.000389E+00,-1.200518E+01, 5.839378E+01, 5.803360E+01, 2.523200E+00,-2.059420E-01, 9.466115E-01,-3.549155E+00, 8.299728E+01, 5.146002E+01, 1.971244E+01, 3.223466E+00,6, 0.000000E+00,8, 0.000000E+00,0, 0.000000E+00,6, 1.401776E+01, 8.158532E-01, 4.598660E+00,NULL,NULL,1,mc_qqps,54
-21042,847,20227,204634,94C2, 9.125000E+01,19,12,31,19,12,-7.343208E+00,-7.808598E+00, 6.125654E+00, 7.073264E+01, 7.051542E+01, 3.711338E+00, 5.397178E+00, 3.388083E+00,-5.157822E+00, 9.230406E+01, 6.730746E+01, 1.998511E+01, 0.000000E+00,16, 5.444542E+00,0, 0.000000E+00,0, 0.000000E+00,10, 1.893430E+01, 4.369209E-01, 7.720578E+00,NULL,NULL,1,mc_qqps,54
-21042,848,20227,204644,94C2, 9.125000E+01,20,13,33,20,13,-3.810297E+00,-8.786180E+00,-2.508055E+00, 5.285766E+01, 5.266351E+01, 2.633175E+00, 1.487854E-01, 5.058928E+00, 4.614054E-01, 8.456931E+01, 4.795453E+01, 1.153832E+01, 1.876265E+01,14, 2.350316E+00,0, 0.000000E+00,0, 0.000000E+00,8, 1.163592E+01, 7.503649E-01, 2.194042E+00,NULL,NULL,1,mc_qqps,54
-21042,849,20227,204658,94C2, 9.125000E+01,19,7,26,19,7, 7.914551E+00,-1.369271E+00, 1.478811E+01, 5.974110E+01, 5.946979E+01, 3.129989E+00, 1.565234E+01, 6.513117E-01, 2.378382E+01, 8.658467E+01, 5.791886E+01, 2.676568E+01, 7.788914E-02,3, 2.351518E-01,6, 0.000000E+00,0, 0.000000E+00,2, 3.050080E+00, 1.239544E+00, 1.810536E+00,NULL,NULL,1,mc_qqps,54
-21042,850,20227,204709,94C2, 9.125000E+01,45,15,60,45,15,-8.253405E-01, 5.126333E+00,-1.062263E+00, 6.567379E+01, 6.447939E+01, 1.432875E+00, 2.030815E+00, 5.532749E+00, 1.279245E+00, 8.366624E+01, 5.620751E+01, 1.090025E+01, 5.012735E+00,12, 7.856329E+00,2, 0.000000E+00,0, 0.000000E+00,6, 1.013027E+01, 8.286593E-01, 3.695320E+00,NULL,NULL,1,mc_qqps,54
-21042,851,20227,204729,94C2, 9.125000E+01,26,16,42,26,16,-3.444177E+00, 1.361194E+00, 3.367479E+00, 3.696061E+01, 3.646656E+01, 1.402560E+00, 7.289371E+00,-4.091865E+00,-4.657706E+00, 6.829814E+01, 3.098372E+01, 3.049274E+01, 8.447856E-01,7, 0.000000E+00,8, 1.562017E+00,0, 0.000000E+00,7, 1.832722E+01, 4.993818E-01, 7.397643E+00,2, 0.000000E+00,1,mc_qqps,54
-21042,852,20227,204744,94C2, 9.125000E+01,37,16,53,37,16,-4.903840E+00,-8.131374E-03, 1.385964E+00, 4.363132E+01, 4.293254E+01, 1.160339E+00, 3.203374E-02, 2.557832E+00,-1.345885E-01, 6.928585E+01, 3.968675E+01, 2.227404E+01, 2.021841E+00,15, 1.163146E+00,4, 0.000000E+00,0, 0.000000E+00,10, 2.104631E+01, 4.637083E-01, 9.881517E+00,NULL,NULL,1,mc_qqps,54
-21042,853,20227,204803,94C2, 9.125000E+01,20,17,37,20,17,-1.288602E+00,-8.478079E+00,-7.691815E+00, 4.542426E+01, 4.516500E+01, 2.258250E+00, 4.820055E+00, 6.519249E+00, 9.614729E+00, 9.342358E+01, 3.621708E+01, 3.586470E+01, 2.261636E+00,10, 7.726839E-01,4, 0.000000E+00,0, 0.000000E+00,8, 4.169617E+01, 1.031071E+00, 1.901107E+01,NULL,NULL,1,mc_qqps,54
-21042,854,20227,204818,94C2, 9.125000E+01,34,10,44,34,10,-2.158823E+00, 1.898290E+00,-3.145857E+00, 5.696460E+01, 5.645624E+01, 1.660478E+00, 1.935325E+00,-1.444112E+00,-4.764677E+00, 7.169884E+01, 5.437417E+01, 1.004579E+01, 1.244637E+00,9, 0.000000E+00,4, 0.000000E+00,0, 0.000000E+00,4, 7.307583E+00, 1.257943E+00, 2.285999E+00,NULL,NULL,1,mc_qqps,54
-21042,855,20227,204834,94C2, 9.125000E+01,33,21,54,33,21,-2.333048E+00, 2.818923E+00,-8.370994E+00, 5.469201E+01, 5.408190E+01, 1.638845E+00,-4.127460E+00, 7.109821E+00,-1.071948E+01, 8.846584E+01, 5.217917E+01, 2.558193E+01, 5.067008E+00,14, 2.264583E+00,1, 0.000000E+00,0, 0.000000E+00,12, 2.107645E+01, 4.576541E-01, 3.942261E+00,NULL,NULL,1,mc_qqps,54
-21042,856,20227,204853,94C2, 9.125000E+01,23,15,38,23,15,-2.423141E+00,-2.274426E+00, 1.200944E+00, 3.988108E+01, 3.952067E+01, 1.718290E+00,-4.537985E+00,-3.784354E+00, 3.034010E+00, 9.571828E+01, 3.574500E+01, 5.533140E+01, 0.000000E+00,20, 7.580535E+00,0, 0.000000E+00,0, 0.000000E+00,14, 5.503939E+01, 5.057915E-01, 2.285732E+01,NULL,NULL,1,mc_qqps,54
-21042,857,20227,204905,94C2, 9.125000E+01,22,11,33,22,11,-2.142712E-01,-6.555487E+00, 9.408060E+00, 5.622412E+01, 5.581522E+01, 2.537055E+00, 4.265774E-02,-5.122446E+00, 7.729878E+00, 6.779683E+01, 5.380550E+01, 1.098326E+01, 5.894451E-01,1, 0.000000E+00,8, 0.000000E+00,0, 0.000000E+00,1, 5.965720E-01, 5.965720E-01, 5.965720E-01,NULL,NULL,1,mc_qqps,54
-21042,858,20227,204921,94C2, 9.125000E+01,24,19,43,24,19, 4.522389E-02,-4.446246E+00,-1.613664E+01, 1.021854E+02, 1.018028E+02, 4.241783E+00,-1.828103E+00,-1.413518E+00,-7.178288E+00, 1.223881E+02, 2.227781E+01, 1.302153E+01, 7.181096E+00,0, 0.000000E+00,21, 1.622377E+01,0, 0.000000E+00,NULL,NULL,NULL,NULL,NULL,NULL,1,mc_qqps,54
-21042,859,20227,204941,94C2, 9.125000E+01,35,18,53,35,18,-3.132472E+01,-1.598167E+01,-1.798870E+01, 7.694147E+01, 7.631310E+01, 2.180374E+00,-9.924070E+00,-7.382500E+00,-3.446514E+00, 1.213381E+02, 5.023288E+01, 4.023249E+01, 3.317864E+00,16, 1.935939E+00,3, 0.000000E+00,0, 0.000000E+00,12, 3.378656E+01, 9.482362E-01, 1.075953E+01,NULL,NULL,1,mc_qqps,54
-21042,860,20227,204957,94C2, 9.125000E+01,17,17,34,17,17, 4.232003E+00, 4.750401E+00,-4.958530E+00, 3.522236E+01, 3.495724E+01, 2.056309E+00,-1.077025E+00,-1.701751E+00, 5.295472E-01, 8.808828E+01, 2.367307E+01, 3.314030E+01, 6.308708E+00,19, 4.339415E+00,0, 0.000000E+00,0, 0.000000E+00,16, 4.655721E+01, 6.099609E-01, 8.110721E+00,NULL,NULL,1,mc_qqps,54
-21042,861,20227,205010,94C2, 9.125000E+01,37,16,53,37,16,-8.014099E+00,-1.737551E+01,-3.522362E+00, 6.442473E+01, 6.362500E+01, 1.719594E+00,-1.398956E+00,-9.238339E+00,-3.094224E+00, 9.387807E+01, 5.392462E+01, 2.459154E+01, 4.888795E+00,21, 9.437658E+00,0, 0.000000E+00,0, 0.000000E+00,13, 2.441659E+01, 5.562326E-01, 7.054459E+00,NULL,NULL,1,mc_qqps,54
-21042,862,20227,205024,94C2, 9.125000E+01,30,16,46,30,16,-1.632615E+00, 6.517260E+00, 1.148214E+01, 6.446228E+01, 6.410211E+01, 2.136737E+00,-1.735584E+00, 7.689872E+00, 1.239441E+01, 8.181297E+01, 5.484417E+01, 1.624123E+01, 1.109450E+00,2, 0.000000E+00,16, 1.019682E+00,0, 0.000000E+00,2, 7.781504E-01, 3.061687E-01, 4.719818E-01,NULL,NULL,1,mc_qqps,54
-21042,863,20227,205039,94C2, 9.125000E+01,26,14,40,26,14,-8.928764E-02, 8.067999E-01, 2.521824E-01, 6.561314E+01, 6.527214E+01, 2.510467E+00, 5.625702E+00,-9.540289E+00, 7.283736E-01, 9.278780E+01, 5.984919E+01, 2.232599E+01, 3.807333E+00,15, 3.882091E+00,0, 0.000000E+00,0, 0.000000E+00,12, 2.336733E+01, 4.985846E-01, 8.736070E+00,NULL,NULL,1,mc_qqps,54
-21042,864,20227,205053,94C2, 9.125000E+01,16,13,29,16,13,-9.531651E+00,-3.938891E-01, 4.290921E+00, 4.509918E+01, 4.486826E+01, 2.804266E+00,-9.973692E+00, 1.812423E+00, 6.255666E+00, 9.118366E+01, 3.535623E+01, 2.048290E+01, 1.851279E+01,14, 5.533451E+00,0, 0.000000E+00,0, 0.000000E+00,9, 2.238540E+01, 5.698680E-01, 1.026085E+01,NULL,NULL,1,mc_qqps,54
-21042,865,20227,205106,94C2, 9.125000E+01,16,10,26,16,10, 1.767954E-01, 1.429279E+00,-1.867445E+00, 7.989146E+01, 7.980563E+01, 4.987852E+00, 3.959508E-01, 2.565935E+00,-4.118664E+00, 9.132703E+01, 7.407770E+01, 1.143557E+01, 0.000000E+00,5, 1.218003E-01,10, 3.462948E+00,0, 0.000000E+00,4, 2.861035E+00, 4.275069E-01, 9.942458E-01,1, 0.000000E+00,1,mc_qqps,54
-21042,866,20227,205120,94C2, 9.125000E+01,25,19,44,25,19,-1.316635E+00,-1.020470E+00, 7.530571E+00, 2.100726E+01, 2.036611E+01, 8.146445E-01,-1.180326E+00,-1.284781E+00,-1.771689E+00, 5.481630E+01, 3.013525E+00, 3.309008E+01, 7.189658E-01,0, 0.000000E+00,12, 3.316582E+00,0, 0.000000E+00,NULL,NULL,NULL,NULL,9, 0.000000E+00,0,mc_qqps,54
-21042,867,20227,205155,94C2, 9.125000E+01,21,10,31,21,10, 8.589711E+00,-1.436663E+01, 5.663150E+01, 8.617653E+01, 8.570082E+01, 4.080991E+00, 8.994808E+00,-1.378606E+01, 4.518087E+01, 1.103882E+02, 3.790070E+00, 2.421163E+01, 0.000000E+00,0, 0.000000E+00,7, 0.000000E+00,0, 0.000000E+00,NULL,NULL,NULL,NULL,6, 0.000000E+00,0,mc_qqps,54
-21042,868,20227,205215,94C2, 9.125000E+01,38,17,55,38,17, 8.528142E+00, 1.180739E+01, 1.388247E+00, 4.674189E+01, 4.585120E+01, 1.206611E+00,-1.600926E+00,-2.102904E+00, 2.904885E-01, 9.171184E+01, 4.227673E+01, 4.496994E+01, 0.000000E+00,19, 3.700180E+00,0, 0.000000E+00,0, 0.000000E+00,14, 4.345711E+01, 4.979501E-01, 1.092737E+01,NULL,NULL,1,mc_qqps,54
-21042,869,20227,205229,94C2, 9.125000E+01,35,14,49,35,14,-8.240711E+00, 4.022704E+00,-5.220992E+00, 5.722711E+01, 5.644829E+01, 1.612808E+00, 3.081366E+00,-1.907338E+00, 1.985068E+00, 8.195840E+01, 4.845881E+01, 7.089467E+00, 1.293681E+01,17, 1.215655E+01,0, 0.000000E+00,0, 0.000000E+00,9, 1.099406E+01, 5.260078E-01, 2.058044E+00,NULL,NULL,1,mc_qqps,54
-21042,870,20227,205246,94C2, 9.125000E+01,37,15,52,37,15, 3.985637E+00,-2.608366E+00, 2.720780E+00, 7.547900E+01, 7.490296E+01, 2.024404E+00,-5.775841E-01,-2.029896E+00,-7.219379E+00, 9.707211E+01, 5.230799E+01, 1.660343E+01, 4.642901E+00,5, 0.000000E+00,10, 0.000000E+00,0, 0.000000E+00,4, 7.165289E+00, 4.881465E-01, 3.498600E+00,NULL,NULL,1,mc_qqps,54
-21042,871,20227,205303,94C2, 9.125000E+01,25,14,39,25,14, 6.503552E+00, 3.342293E+00, 7.222178E+00, 3.873318E+01, 3.825350E+01, 1.530140E+00,-3.144570E+00,-2.143927E+00,-8.110761E+00, 7.638999E+01, 3.716527E+01, 3.055599E+01, 6.068067E+00,9, 2.374314E-01,3, 0.000000E+00,0, 0.000000E+00,7, 1.423787E+01, 6.593687E-01, 3.795891E+00,NULL,NULL,1,mc_qqps,54
-21042,872,20227,205319,94C2, 9.125000E+01,23,8,31,23,8,-4.245938E+00,-1.313406E+01, 9.166120E-01, 5.658132E+01, 5.598708E+01, 2.434221E+00,-2.935626E+00,-9.440817E+00, 8.661715E-01, 7.881001E+01, 5.233375E+01, 1.985031E+01, 0.000000E+00,13, 1.310427E+01,0, 0.000000E+00,0, 0.000000E+00,8, 2.222868E+01, 6.743267E-01, 9.443529E+00,NULL,NULL,1,mc_qqps,54
-21042,873,20227,205336,94C2, 9.125000E+01,28,5,33,28,5, 1.509218E+01, 6.755016E+00, 6.335423E+01, 1.490513E+02, 1.486760E+02, 5.309856E+00, 1.455880E+01, 5.830691E+00, 6.113082E+01, 1.532209E+02, 1.926056E+01, 4.169498E+00, 0.000000E+00,1, 0.000000E+00,15, 9.696465E+00,0, 0.000000E+00,NULL,NULL,NULL,NULL,1, 0.000000E+00,1,mc_qqps,54
-21042,874,20227,205346,94C2, 9.125000E+01,26,25,51,26,25, 2.302440E-01,-8.266603E+00, 1.879020E+01, 4.668403E+01, 4.629093E+01, 1.780420E+00,-8.785118E-01,-6.140012E-01,-2.359786E+00, 7.927307E+01, 3.255918E+01, 2.103269E+01, 1.165750E+01,0, 0.000000E+00,24, 3.056771E+00,0, 0.000000E+00,NULL,NULL,NULL,NULL,NULL,NULL,1,mc_qqps,54
-21042,875,20227,205401,94C2, 9.125000E+01,25,13,38,25,13, 2.259096E+00,-5.095307E-01, 2.656754E+00, 6.956687E+01, 6.913229E+01, 2.765292E+00, 6.786359E+00,-5.848357E+00, 9.938560E+00, 9.166884E+01, 6.765707E+01, 1.208138E+01, 8.943447E+00,11, 6.467822E-01,2, 0.000000E+00,0, 0.000000E+00,7, 1.173534E+01, 5.139174E-01, 6.402832E+00,NULL,NULL,1,mc_qqps,54
-21042,876,20227,205414,94C2, 9.125000E+01,34,9,43,34,9,-7.601731E-01,-3.504583E+00, 4.050675E+00, 7.174133E+01, 7.055961E+01, 2.075283E+00,-3.441698E-01,-4.214421E+00, 4.474819E+00, 7.993809E+01, 6.826579E+01, 6.951172E+00, 1.245596E+00,1, 0.000000E+00,15, 5.515047E+00,0, 0.000000E+00,NULL,NULL,NULL,NULL,NULL,NULL,1,mc_qqps,54
-21042,877,20227,205431,94C2, 9.125000E+01,23,15,38,23,15,-2.052274E+01, 5.861168E+00,-1.848421E+01, 4.663613E+01, 4.627463E+01, 2.011940E+00,-1.391933E+01, 5.824070E+00,-1.721913E+01, 7.940504E+01, 3.462769E+01, 2.387947E+01, 6.981129E+00,11, 1.186336E+00,5, 0.000000E+00,0, 0.000000E+00,8, 2.094274E+01, 5.824144E-01, 8.207132E+00,NULL,NULL,1,mc_qqps,54
-21042,878,20227,205446,94C2, 9.125000E+01,37,20,57,37,20,-2.634106E+00,-3.426775E+00,-9.436651E+00, 8.114544E+01, 8.048962E+01, 2.175395E+00, 8.138024E-01, 9.376799E+00, 4.694476E+00, 1.046087E+02, 6.220435E+01, 1.430898E+01, 9.154283E+00,7, 1.894546E-01,14, 2.824402E+00,0, 0.000000E+00,4, 5.973883E+00, 5.733640E-01, 2.554738E+00,1, 0.000000E+00,1,mc_qqps,54
-21042,879,20227,205507,94C2, 9.125000E+01,35,12,47,35,12,-3.437313E+00, 5.318757E+00,-9.857823E-01, 4.231805E+01, 4.173973E+01, 1.192564E+00,-1.776561E+00, 1.045858E+01, 1.140959E+00, 5.791396E+01, 3.315664E+01, 1.282509E+01, 3.051627E+00,13, 1.448133E+00,1, 0.000000E+00,0, 0.000000E+00,7, 1.068110E+01, 7.024137E-01, 3.702753E+00,1, 0.000000E+00,1,mc_qqps,54
-21042,880,20227,205524,94C2, 9.125000E+01,10,8,18,10,8,-1.426871E+01,-2.594200E+00, 4.601977E+00, 4.819120E+01, 4.806104E+01, 4.806104E+00,-1.189958E+01,-1.982916E+00, 4.324818E+00, 6.186584E+01, 4.683851E+01, 1.306552E+01, 6.091301E-01,7, 7.881916E+00,0, 0.000000E+00,0, 0.000000E+00,5, 1.191924E+01, 3.948507E-01, 5.492217E+00,NULL,NULL,1,mc_qqps,54
-21042,881,20227,205534,94C2, 9.125000E+01,37,19,56,37,19, 9.149616E-01,-4.065489E-01,-4.532396E+00, 6.096410E+01, 6.033969E+01, 1.630803E+00, 5.133648E+00, 6.418875E+00, 7.739869E+00, 8.979173E+01, 4.964421E+01, 2.882763E+01, 0.000000E+00,1, 0.000000E+00,20, 7.402653E+00,0, 0.000000E+00,NULL,NULL,NULL,NULL,NULL,NULL,1,mc_qqps,54
-21042,882,20227,205554,94C2, 9.125000E+01,23,17,40,23,17,-8.714713E-01, 2.697686E+00,-5.861688E+00, 3.094573E+01, 3.057756E+01, 1.329459E+00,-2.710385E-01,-8.855842E-01, 9.965830E-01, 8.425151E+01, 2.603169E+01, 2.988800E+01, 1.878940E+01,14, 2.561352E-01,2, 0.000000E+00,0, 0.000000E+00,12, 3.315351E+01, 6.016614E-01, 1.663478E+01,NULL,NULL,1,mc_qqps,54
-21042,883,20227,205607,94C2, 9.125000E+01,28,10,38,28,10, 1.650541E+00, 1.314565E+00,-1.291128E+00, 7.003802E+01, 6.962379E+01, 2.486564E+00,-2.043725E+00, 3.374054E+00, 1.092358E+00, 8.808678E+01, 6.261528E+01, 1.749848E+01, 5.502629E-01,17, 5.816851E+00,0, 0.000000E+00,0, 0.000000E+00,6, 1.029870E+01, 8.286268E-01, 4.071486E+00,NULL,NULL,1,mc_qqps,54
-21042,884,20227,205621,94C2, 9.125000E+01,50,15,65,50,15,-8.441964E+00,-6.999362E+00,-1.545079E+01, 5.858541E+01, 5.749324E+01, 1.149865E+00,-4.839776E+00,-4.452478E+00,-8.363407E+00, 7.575227E+01, 4.131618E+01, 1.504930E+01, 2.117561E+00,8, 2.141224E-01,11, 1.056814E+00,0, 0.000000E+00,4, 4.459524E+00, 6.826655E-01, 1.801301E+00,1, 0.000000E+00,1,mc_qqps,54
-21042,885,20227,205640,94C2, 9.125000E+01,26,13,39,26,13, 9.500805E+00, 3.019212E-01,-4.243645E+00, 6.239864E+01, 6.208663E+01, 2.387947E+00,-1.121902E+00,-1.681592E+00,-3.195462E+00, 9.002206E+01, 5.636575E+01, 2.269989E+01, 0.000000E+00,15, 4.541628E+00,0, 0.000000E+00,0, 0.000000E+00,11, 2.665204E+01, 4.399270E-01, 9.963251E+00,NULL,NULL,1,mc_qqps,54
-21042,886,20227,205653,94C2, 9.125000E+01,20,21,41,20,21,-5.380139E-01, 3.856987E+00,-3.152846E-01, 4.723240E+01, 4.690926E+01, 2.345463E+00, 5.310696E+00,-2.387671E-01,-1.975666E+00, 1.050727E+02, 4.601876E+01, 1.572827E+01, 2.033656E+01,23, 6.251034E+00,0, 0.000000E+00,0, 0.000000E+00,16, 3.538553E+01, 4.137876E-01, 9.586193E+00,NULL,NULL,1,mc_qqps,54
-21042,887,20227,205710,94C2, 9.125000E+01,17,7,24,17,7, 8.491366E+00, 1.159766E+01,-8.118352E+00, 5.618379E+01, 5.596754E+01, 3.292208E+00,-6.976111E-01,-2.573822E+00, 2.749696E+00, 7.991476E+01, 5.561892E+01, 2.373096E+01, 0.000000E+00,11, 6.232366E+00,0, 0.000000E+00,0, 0.000000E+00,7, 2.373096E+01, 3.763247E-01, 9.626043E+00,NULL,NULL,1,mc_qqps,54
-21042,888,20227,205724,94C2, 9.125000E+01,34,16,50,34,16, 3.121459E+00,-2.057863E+01, 1.392152E+01, 5.885915E+01, 5.801513E+01, 1.706327E+00, 3.843354E+00,-2.610093E+01, 1.736926E+01, 1.082751E+02, 5.013026E+01, 3.197989E+01, 1.337616E+01,16, 3.922972E+00,1, 0.000000E+00,0, 0.000000E+00,14, 3.566390E+01, 4.858088E-01, 8.451754E+00,NULL,NULL,1,mc_qqps,54
-21042,889,20227,205740,94C2, 9.125000E+01,42,12,54,42,12,-3.165466E-01,-1.271602E+00, 1.952686E+00, 6.534353E+01, 6.425054E+01, 1.529775E+00, 5.006112E-01,-3.665929E+00,-2.370237E-01, 9.452431E+01, 4.965556E+01, 2.321957E+01, 0.000000E+00,16, 5.666827E+00,0, 0.000000E+00,0, 0.000000E+00,10, 2.561586E+01, 4.474159E-01, 1.159041E+01,NULL,NULL,1,mc_qqps,54
-21042,890,20227,205754,94C2, 9.125000E+01,42,22,64,42,22,-3.238946E+00,-6.700871E+00,-1.197720E+01, 5.893155E+01, 5.799248E+01, 1.380773E+00,-2.892087E+00,-7.971857E+00,-1.009769E+01, 9.504991E+01, 4.964521E+01, 2.073123E+01, 1.538714E+01,5, 2.111056E-01,15, 1.185307E+00,0, 0.000000E+00,3, 6.499714E+00, 6.212957E-01, 4.852079E+00,NULL,NULL,1,mc_qqps,54
-21042,891,20227,205815,94C2, 9.125000E+01,18,7,25,18,7,-1.205832E+01,-2.218417E+00,-3.053935E+00, 5.890864E+01, 5.856380E+01, 3.253545E+00, 6.199571E+00, 1.045997E-01,-7.615651E-01, 8.055518E+01, 5.755700E+01, 5.802387E+00, 0.000000E+00,13, 4.855540E+00,0, 0.000000E+00,0, 0.000000E+00,7, 2.164655E+01, 8.970260E-01, 1.442711E+01,NULL,NULL,1,mc_qqps,54
-21042,892,20227,205825,94C2, 9.125000E+01,24,15,39,24,15, 3.022267E+00, 4.314764E+00,-4.130750E+00, 5.228308E+01, 5.193752E+01, 2.164063E+00, 1.002717E+01, 1.238042E+00,-6.106260E+00, 8.969780E+01, 4.845197E+01, 2.905138E+01, 6.162163E+00,14, 2.618618E-01,0, 0.000000E+00,0, 0.000000E+00,12, 2.850195E+01, 4.356942E-01, 1.254347E+01,1, 0.000000E+00,1,mc_qqps,54
-21042,893,20227,205838,94C2, 9.125000E+01,48,9,57,48,9, 1.701380E+00, 5.375657E+00, 3.036437E-01, 6.582156E+01, 6.472987E+01, 1.348539E+00, 6.711735E-01,-7.882814E-01,-1.021077E+00, 9.558681E+01, 5.710515E+01, 2.431449E+01, 5.081064E+00,16, 7.016332E+00,0, 0.000000E+00,0, 0.000000E+00,7, 2.300225E+01, 3.949586E-01, 1.054328E+01,NULL,NULL,1,mc_qqps,54
-21042,894,20227,205858,94C2, 9.125000E+01,21,11,32,21,11,-7.400840E+00, 1.227081E+01, 1.103483E+01, 6.243898E+01, 6.201877E+01, 2.953275E+00,-3.454159E+00, 4.890500E+00, 3.969962E+00, 7.553190E+01, 5.991253E+01, 9.337802E+00, 5.162973E-01,14, 7.167741E+00,1, 0.000000E+00,0, 0.000000E+00,9, 1.241082E+01, 4.261971E-01, 2.718099E+00,NULL,NULL,1,mc_qqps,54
-21042,895,20227,205909,94C2, 9.125000E+01,41,12,53,41,12,-5.421818E+00, 6.621602E+00, 4.617443E+00, 7.478439E+01, 7.403002E+01, 1.805610E+00,-1.357217E+01, 1.211335E+01,-6.979358E-01, 1.106417E+02, 6.867476E+01, 1.658703E+01, 1.755934E+01,17, 4.608491E+00,1, 0.000000E+00,0, 0.000000E+00,8, 1.805505E+01, 7.822496E-01, 5.610989E+00,NULL,NULL,1,mc_qqps,54
-21042,896,20227,205927,94C2, 9.125000E+01,25,21,46,25,21,-5.878572E-01, 5.609343E+00, 8.835559E+00, 4.556433E+01, 4.502953E+01, 1.801181E+00,-1.389021E+00, 5.428562E+00, 5.038400E+00, 8.933685E+01, 2.060279E+01, 2.731439E+01, 1.660814E+01,1, 0.000000E+00,17, 3.512205E+00,0, 0.000000E+00,1, 5.601605E-01, 5.601605E-01, 5.601605E-01,1, 0.000000E+00,1,mc_qqps,54
-21042,897,20227,205943,94C2, 9.125000E+01,24,14,38,24,14, 1.088025E+01, 2.117985E+01, 1.700185E+01, 4.236539E+01, 4.173163E+01, 1.738818E+00, 6.820438E+00, 7.219973E+00, 1.007357E+01, 7.484941E+01, 3.789740E+01, 1.634052E+01, 4.910363E+00,15, 1.861433E+00,1, 0.000000E+00,0, 0.000000E+00,11, 2.704213E+01, 5.731167E-01, 9.599119E+00,NULL,NULL,1,mc_qqps,54
-21042,898,20227,205956,94C2, 9.125000E+01,27,10,37,27,10,-1.267906E+01,-1.045396E+01, 1.252696E+01, 6.528993E+01, 6.471854E+01, 2.396983E+00,-6.087483E+00,-4.039367E+00, 6.306986E+00, 9.509038E+01, 6.178744E+01, 2.317908E+01, 0.000000E+00,9, 2.863523E+00,0, 0.000000E+00,0, 0.000000E+00,8, 2.842217E+01, 8.587761E-01, 9.649034E+00,NULL,NULL,1,mc_qqps,54
-21042,899,20227,210009,94C2, 9.125000E+01,21,7,28,21,7,-3.056161E+00, 6.898431E+00,-1.085795E+01, 7.656721E+01, 7.631065E+01, 3.633840E+00,-4.354579E+00, 4.641959E+00,-1.952730E+00, 8.633705E+01, 3.461636E+01, 7.175280E+00, 2.594558E+00,0, 0.000000E+00,14, 2.148625E+01,0, 0.000000E+00,NULL,NULL,NULL,NULL,NULL,NULL,0,mc_qqps,54
-21042,900,20227,210021,94C2, 9.125000E+01,15,10,25,15,10,-7.755699E+00,-1.614847E+01,-2.092553E+01, 4.164661E+01, 4.145610E+01, 2.763740E+00,-5.615299E+00,-1.211643E+01,-1.658230E+01, 6.170106E+01, 3.752053E+01, 2.005446E+01, 0.000000E+00,9, 1.262087E+00,2, 0.000000E+00,0, 0.000000E+00,8, 1.868825E+01, 6.770875E-01, 5.516383E+00,NULL,NULL,1,mc_qqps,54
-21042,901,20227,210043,94C2, 9.125000E+01,39,14,53,39,14,-1.240628E+01,-8.982403E+00, 1.358978E-01, 5.573185E+01, 5.477688E+01, 1.404535E+00,-8.314394E+00,-3.146941E+00, 1.248430E+00, 7.436911E+01, 5.012687E+01, 1.339475E+01, 1.077952E+00,13, 1.429108E+01,2, 0.000000E+00,0, 0.000000E+00,7, 1.315620E+01, 5.354263E-01, 6.550303E+00,1, 0.000000E+00,1,mc_qqps,54
-21042,902,20227,210104,94C2, 9.125000E+01,38,15,53,38,15, 9.036160E+00,-7.098065E-01,-4.257840E+00, 6.252831E+01, 6.177989E+01, 1.625787E+00, 3.108326E+00,-8.631401E-01,-2.457483E+00, 9.067160E+01, 5.670910E+01, 2.428815E+01, 3.118621E+00,15, 6.511477E+00,2, 0.000000E+00,0, 0.000000E+00,10, 2.210877E+01, 4.562355E-01, 6.683123E+00,NULL,NULL,1,mc_qqps,54
-21042,903,20227,210119,94C2, 9.125000E+01,24,12,36,24,12,-4.808699E+00, 1.451802E+00, 2.334954E+00, 7.772422E+01, 7.732385E+01, 3.221827E+00, 7.667467E+00,-3.023402E+00,-2.517292E+00, 9.868188E+01, 7.603345E+01, 1.640620E+01, 2.656611E+00,13, 3.608058E+00,0, 0.000000E+00,0, 0.000000E+00,7, 1.368507E+01, 7.083571E-01, 3.343832E+00,NULL,NULL,1,mc_qqps,54
-21042,904,20227,210137,94C2, 9.125000E+01,30,21,51,30,21,-9.996189E+00,-1.035833E+01,-8.402572E+00, 4.924511E+01, 4.862214E+01, 1.620738E+00,-2.962589E+00,-7.151644E+00,-5.424840E+00, 9.387991E+01, 4.571095E+01, 4.254137E+01, 9.866703E-01,22, 4.646057E-01,0, 0.000000E+00,0, 0.000000E+00,18, 4.304912E+01, 5.763679E-01, 9.096598E+00,1, 0.000000E+00,1,mc_qqps,54
-21042,905,20227,210156,94C2, 9.125000E+01,25,7,32,25,7, 3.842508E+00, 5.957576E+00,-4.555301E+00, 6.131167E+01, 6.096672E+01, 2.438669E+00, 8.034058E+00, 1.265417E+01,-1.212657E+01, 7.924059E+01, 5.337921E+01, 1.604165E+01, 3.520840E-01,9, 2.054229E+00,1, 0.000000E+00,0, 0.000000E+00,4, 1.608881E+01, 1.535177E+00, 9.407599E+00,NULL,NULL,1,mc_qqps,54
-21042,906,20227,210212,94C2, 9.125000E+01,15,8,23,15,8,-2.449024E+01, 1.277070E+01, 2.486280E+01, 5.916856E+01, 5.886615E+01, 3.924410E+00,-1.853905E+01, 9.928363E+00, 1.883775E+01, 7.484924E+01, 5.336549E+01, 7.771985E+00, 7.908690E+00,4, 0.000000E+00,0, 0.000000E+00,0, 0.000000E+00,2, 6.301248E+00, 1.578232E+00, 4.723016E+00,NULL,NULL,1,mc_qqps,54
-21042,907,20227,210226,94C2, 9.125000E+01,24,12,36,24,12,-1.148409E+00, 5.165714E-01, 1.417801E+01, 6.973615E+01, 6.934480E+01, 2.889367E+00, 7.049032E-02, 4.855610E-01, 8.069163E+00, 8.945711E+01, 8.406952E+00, 1.414366E+01, 5.577310E+00,3, 0.000000E+00,10, 4.256952E-01,0, 0.000000E+00,2, 1.972313E+00, 7.043879E-01, 1.267925E+00,1, 0.000000E+00,0,mc_qqps,54
-21042,908,20227,210241,94C2, 9.125000E+01,34,17,51,34,17,-1.672084E-01,-1.945929E+00,-2.446439E-01, 6.331215E+01, 6.280632E+01, 1.847245E+00, 2.398930E+00,-2.152702E+00, 2.038041E+00, 8.584807E+01, 5.598438E+01, 1.374906E+01, 7.615666E+00,4, 0.000000E+00,13, 3.175566E+00,0, 0.000000E+00,2, 2.461662E+00, 1.188805E+00, 1.272857E+00,NULL,NULL,1,mc_qqps,54
-21042,909,20227,210258,94C2, 9.125000E+01,21,12,33,21,12, 1.292786E+01, 4.108957E+00,-1.071934E+01, 6.693082E+01, 6.647241E+01, 3.165353E+00,-1.846721E+00,-2.965919E+00, 1.758853E+00, 9.589664E+01, 6.546949E+01, 1.775897E+01, 2.215055E-01,11, 4.468733E-02,0, 0.000000E+00,0, 0.000000E+00,10, 2.814221E+01, 3.833058E-01, 8.228795E+00,NULL,NULL,1,mc_qqps,54
-21042,910,20227,210312,94C2, 9.125000E+01,17,9,26,17,9, 3.067687E+01, 1.390592E+01,-6.047732E+00, 5.362329E+01, 5.314922E+01, 3.126425E+00, 2.223354E+01, 9.306934E+00,-3.595236E+00, 6.843889E+01, 4.959364E+01, 9.112786E+00, 4.628639E+00,8, 9.104528E+00,0, 0.000000E+00,0, 0.000000E+00,4, 9.815908E+00, 1.043018E+00, 6.220709E+00,NULL,NULL,1,mc_qqps,54
-21042,911,20227,210324,94C2, 9.125000E+01,33,14,47,33,14,-1.118665E+01,-3.262294E+00,-1.582289E+01, 4.787535E+01, 4.698606E+01, 1.423820E+00,-1.029958E+01,-2.164282E+00,-1.474792E+01, 7.053059E+01, 4.002718E+01, 2.207663E+01, 7.671373E-01,3, 0.000000E+00,12, 1.230626E+01,0, 0.000000E+00,2, 2.423701E+00, 1.057441E+00, 1.366260E+00,NULL,NULL,1,mc_qqps,54
-21042,912,20227,210340,94C2, 9.125000E+01,27,18,45,27,18,-6.306205E-01, 2.938146E+00,-4.811353E+00, 3.957944E+01, 3.916176E+01, 1.450436E+00,-6.935030E-01,-3.664404E-01,-6.087155E-01, 7.533878E+01, 3.003250E+01, 3.058366E+01, 5.219170E+00,3, 0.000000E+00,16, 9.345803E-01,0, 0.000000E+00,3, 4.392568E+00, 5.517848E-01, 2.292213E+00,NULL,NULL,1,mc_qqps,54
-21042,913,20227,210356,94C2, 9.125000E+01,9,12,21,9,12,-8.123666E+00,-1.378772E+01, 1.755800E+01, 3.942608E+01, 3.936807E+01, 4.374230E+00, 1.714431E+00, 1.807692E+00,-9.199613E-01, 7.249899E+01, 3.940867E+01, 3.144059E+01, 8.049056E-01,10, 1.958510E+00,2, 0.000000E+00,0, 0.000000E+00,8, 3.179983E+01, 8.274176E-01, 1.304944E+01,NULL,NULL,1,mc_qqps,54
-21042,914,20227,210410,94C2, 9.125000E+01,20,5,25,20,5, 1.143464E+01, 5.980318E+00, 2.691788E+00, 5.239354E+01, 5.194866E+01, 2.597433E+00,-6.269866E+00,-5.955601E-01,-1.566694E-01, 8.951532E+01, 5.112018E+01, 2.945206E+01, 7.687401E+00,8, 9.930234E-02,0, 0.000000E+00,0, 0.000000E+00,2, 2.422830E+01, 1.484661E+00, 2.274364E+01,NULL,NULL,1,mc_qqps,54
-21042,915,20227,210424,94C2, 9.125000E+01,26,16,42,26,16, 2.578408E+00,-2.486237E+00, 1.213012E+00, 4.992681E+01, 4.942414E+01, 1.900929E+00, 4.695116E+00,-1.939198E+00, 6.650428E+00, 8.511135E+01, 4.701245E+01, 1.572387E+01, 1.718686E+01,8, 7.634719E-01,7, 0.000000E+00,0, 0.000000E+00,7, 1.280111E+01, 1.047326E+00, 3.099847E+00,NULL,NULL,1,mc_qqps,54
-21042,916,20227,210441,94C2, 9.125000E+01,33,13,46,33,13, 4.307702E+00, 8.084968E+00,-1.721622E+01, 7.894368E+01, 7.838343E+01, 2.375256E+00, 1.451442E+00, 6.910969E+00,-1.091437E+01, 1.027210E+02, 4.106190E+01, 2.107075E+01, 8.798855E-01,4, 0.000000E+00,15, 6.042628E+00,0, 0.000000E+00,3, 5.028437E+00, 5.380445E-01, 2.663679E+00,1, 0.000000E+00,1,mc_qqps,54
-21042,917,20227,210457,94C2, 9.125000E+01,14,10,24,14,10,-7.914803E-01,-1.365389E+00,-1.183160E+00, 3.571272E+01, 3.552185E+01, 2.537275E+00, 8.986066E-01,-1.591704E+00,-8.981210E+00, 5.949623E+01, 8.579989E+00, 1.721334E+01, 6.570166E+00,0, 0.000000E+00,10, 6.477977E+00,0, 0.000000E+00,NULL,NULL,NULL,NULL,3, 0.000000E+00,0,mc_qqps,54
-21042,918,20227,210515,94C2, 9.125000E+01,27,18,45,27,18,-3.578063E+00, 4.158020E+00,-5.265471E+00, 4.539978E+01, 4.487271E+01, 1.661952E+00,-6.737390E-01, 4.962994E-01,-1.120964E+00, 8.718452E+01, 4.191905E+01, 3.916756E+01, 0.000000E+00,15, 5.314677E-01,5, 0.000000E+00,0, 0.000000E+00,14, 3.204100E+01, 6.772721E-01, 4.725105E+00,NULL,NULL,1,mc_qqps,54
-21042,919,20227,210529,94C2, 9.125000E+01,29,13,42,29,13,-8.048761E+00, 9.694991E+00, 9.823289E+00, 6.795467E+01, 6.748776E+01, 2.327164E+00,-8.058765E+00, 1.156164E+01, 1.082259E+01, 9.134061E+01, 5.642150E+01, 2.029180E+01, 2.593258E+00,18, 2.521481E+00,0, 0.000000E+00,0, 0.000000E+00,11, 2.086166E+01, 4.658059E-01, 7.216121E+00,NULL,NULL,1,mc_qqps,54
-21042,920,20227,210543,94C2, 9.125000E+01,24,13,37,24,13,-3.175375E+00,-7.515407E-01,-2.284844E+00, 5.787243E+01, 5.758161E+01, 2.399234E+00,-5.135407E-01, 1.537030E+00,-3.552436E+00, 9.465214E+01, 5.529667E+01, 2.270527E+01, 6.937829E+00,17, 3.243321E+00,0, 0.000000E+00,0, 0.000000E+00,10, 2.862931E+01, 5.411074E-01, 7.156842E+00,NULL,NULL,1,mc_qqps,54
-21042,921,20227,210611,94C2, 9.125000E+01,51,22,73,51,22,-7.185179E-01,-5.360776E-01, 1.534973E+00, 6.646177E+01, 6.540064E+01, 1.282366E+00, 6.184690E+00, 3.509563E+00,-3.448335E+00, 1.099207E+02, 4.834769E+01, 2.030606E+01, 2.013834E+01,25, 3.460315E+00,0, 0.000000E+00,0, 0.000000E+00,16, 1.983252E+01, 4.590469E-01, 3.524741E+00,NULL,NULL,1,mc_qqps,54
-21042,922,20227,210636,94C2, 9.125000E+01,14,7,21,14,7,-8.082746E-01, 1.076314E-01, 6.584644E-01, 7.114204E+01, 7.092253E+01, 5.065895E+00, 1.418285E+01, 1.137135E+00, 9.492153E+00, 8.989643E+01, 7.070687E+01, 6.659748E+00, 1.209464E+01,10, 1.508843E+01,0, 0.000000E+00,0, 0.000000E+00,5, 6.659748E+00, 4.241149E-01, 2.278417E+00,NULL,NULL,1,mc_qqps,54
-21042,923,20227,210649,94C2, 9.125000E+01,29,21,50,29,21, 5.873655E+02,-4.490694E+01,-2.840670E+02, 6.868189E+02, 6.862005E+02, 2.366209E+01, 5.895308E+02,-4.496107E+01,-2.844072E+02, 7.247252E+02, 6.830507E+02, 2.844510E+01, 2.631230E+00,26, 4.490506E+00,1, 0.000000E+00,0, 0.000000E+00,18, 3.311031E+01, 4.695200E-01, 5.733883E+00,NULL,NULL,1,mc_qqps,54
-21042,924,20227,210704,94C2, 9.125000E+01,44,18,62,44,18, 1.988904E+00,-3.554954E+00,-2.757447E+00, 4.639496E+01, 4.546391E+01, 1.033271E+00,-5.739856E+00, 1.820954E+00, 9.565142E+00, 7.876731E+01, 3.387292E+01, 2.813934E+01, 4.283878E+00,3, 0.000000E+00,14, 0.000000E+00,0, 0.000000E+00,2, 1.906524E+00, 7.181988E-01, 1.188326E+00,NULL,NULL,1,mc_qqps,54
-21042,925,20227,224241,94C2, 9.125000E+01,37,10,47,37,10,-6.072609E+00, 1.322052E+01, 4.235903E+00, 5.899599E+01, 5.795562E+01, 1.566368E+00,-1.286758E+00,-6.341328E+00, 4.806753E-01, 8.011704E+01, 5.346056E+01, 1.334788E+01, 7.399513E+00,15, 4.763157E+00,0, 0.000000E+00,0, 0.000000E+00,7, 8.386905E+00, 3.736734E-01, 3.357679E+00,1, 0.000000E+00,1,mc_qqps,54
-21042,926,20227,224256,94C2, 9.125000E+01,24,16,40,24,16,-7.981326E+00,-5.161843E+00, 7.221566E+00, 3.648152E+01, 3.612020E+01, 1.505008E+00,-1.615369E+00,-1.471939E+01, 1.712519E+01, 7.126651E+01, 2.935265E+01, 2.014245E+01, 1.339318E+01,10, 2.076543E+00,3, 0.000000E+00,0, 0.000000E+00,8, 1.565356E+01, 5.848377E-01, 4.989620E+00,NULL,NULL,1,mc_qqps,54
-21042,927,20227,224312,94C2, 9.125000E+01,21,9,30,21,9, 5.014675E+00,-5.743467E+00,-4.189732E+00, 7.427560E+01, 7.403979E+01, 3.525704E+00, 2.396329E+00,-1.414955E+00,-1.529782E-01, 1.024627E+02, 7.305846E+01, 1.391692E+01, 1.430753E+01,12, 4.623410E+00,0, 0.000000E+00,0, 0.000000E+00,5, 1.391692E+01, 8.156140E-01, 5.608599E+00,NULL,NULL,1,mc_qqps,54
-21042,928,20227,224328,94C2, 9.125000E+01,31,13,44,31,13, 8.347576E+00,-1.930697E-01, 2.529299E+00, 6.318600E+01, 6.275141E+01, 2.024239E+00, 5.088244E+00, 1.967152E-01, 1.117459E+00, 8.237988E+01, 6.266854E+01, 1.221185E+01, 6.060181E-01,19, 1.180251E+01,0, 0.000000E+00,0, 0.000000E+00,9, 1.507457E+01, 5.519245E-01, 5.824100E+00,NULL,NULL,1,mc_qqps,54
-21042,929,20227,224345,94C2, 9.125000E+01,28,18,46,28,18,-2.536042E+01, 1.159896E+01,-7.961757E+01, 1.070940E+02, 1.065473E+02, 3.805260E+00,-2.524086E+01, 1.171335E+01,-7.538650E+01, 1.225635E+02, 6.674168E+01, 1.238623E+01, 3.083278E+00,2, 8.249371E-02,18, 4.252234E+00,0, 0.000000E+00,NULL,NULL,NULL,NULL,2, 0.000000E+00,1,mc_qqps,54
-21042,930,20227,224403,94C2, 9.125000E+01,26,18,44,26,18,-1.162991E+00, 6.414482E+00, 8.833865E+00, 6.551147E+01, 6.518364E+01, 2.507063E+00,-1.402314E-01, 3.719993E+00, 5.719101E+00, 8.457453E+01, 6.159103E+01, 1.251217E+01, 1.318493E+00,12, 8.709414E-01,2, 0.000000E+00,0, 0.000000E+00,10, 9.067404E+00, 5.726866E-01, 1.229269E+00,NULL,NULL,1,mc_qqps,54
-21042,931,20227,224418,94C2, 9.125000E+01,63,22,85,63,22, 1.288008E+00, 3.515124E+00, 7.336864E+00, 9.588567E+01, 9.431168E+01, 1.497011E+00,-1.244837E+00, 4.938652E+00, 1.096725E+01, 1.110277E+02, 6.594636E+01, 1.186409E+01, 1.295733E+00,10, 5.401329E-01,18, 0.000000E+00,0, 0.000000E+00,5, 4.980898E+00, 3.236136E-01, 1.529729E+00,NULL,NULL,1,mc_qqps,54
-21042,932,20227,224438,94C2, 9.125000E+01,27,13,40,27,13, 3.252264E+00, 4.258231E+00,-7.086400E+00, 5.347358E+01, 5.309339E+01, 1.966422E+00, 7.191244E-01,-1.525275E+00, 1.359746E+00, 7.645834E+01, 5.338262E+01, 2.046455E+01, 1.567947E+00,11, 3.581784E-01,2, 0.000000E+00,0, 0.000000E+00,9, 1.915257E+01, 5.564929E-01, 9.429324E+00,NULL,NULL,1,mc_qqps,54
-21042,933,20227,224454,94C2, 9.125000E+01,20,10,30,20,10, 1.359822E+00,-9.455776E+00,-9.113892E+00, 5.988245E+01, 5.959461E+01, 2.979730E+00, 7.365348E-01,-4.466174E+00,-4.721198E+00, 7.387290E+01, 5.889801E+01, 8.174233E+00, 2.968119E-01,10, 1.550307E+00,1, 0.000000E+00,0, 0.000000E+00,6, 1.103093E+01, 7.957250E-01, 3.432419E+00,NULL,NULL,1,mc_qqps,54
-21042,934,20227,224510,94C2, 9.125000E+01,24,12,36,24,12, 5.996026E+00, 3.853609E+00,-2.855321E+01, 5.480443E+01, 5.447700E+01, 2.269875E+00, 5.954288E+00, 3.093329E+00,-2.853990E+01, 7.884878E+01, 1.581440E+01, 1.672577E+01, 5.713445E+00,2, 0.000000E+00,15, 5.979991E+00,0, 0.000000E+00,2, 1.625946E+00, 7.952165E-01, 8.307298E-01,2, 0.000000E+00,1,mc_qqps,54
-21042,935,20227,224526,94C2, 9.125000E+01,44,22,66,44,22, 5.521481E+00,-3.719926E+00, 1.894831E+00, 5.023063E+01, 4.927528E+01, 1.119893E+00, 8.866386E+00,-4.387288E+00, 3.579460E+00, 7.578088E+01, 4.171752E+01, 1.694052E+01, 5.665675E+00,21, 2.487765E+00,0, 0.000000E+00,0, 0.000000E+00,17, 1.846568E+01, 2.966274E-01, 2.898643E+00,NULL,NULL,1,mc_qqps,54
-21042,936,20227,224541,94C2, 9.125000E+01,36,21,57,36,21, 5.631043E+00, 1.426876E+01, 1.577255E+01, 5.891301E+01, 5.820632E+01, 1.616842E+00, 2.021441E+00, 5.050370E+00, 9.185597E+00, 8.374565E+01, 5.093364E+01, 1.571488E+01, 5.156429E+00,20, 6.365004E+00,3, 0.000000E+00,0, 0.000000E+00,13, 1.733651E+01, 3.646913E-01, 4.052229E+00,NULL,NULL,1,mc_qqps,54
-21042,937,20227,224559,94C2, 9.125000E+01,15,12,27,15,12, 2.792984E+00, 6.323514E+00,-3.962897E+00, 2.283434E+01, 2.249289E+01, 1.499526E+00, 3.928900E+00, 5.559482E+00,-4.551162E+00, 7.891875E+01, 1.967529E+01, 3.196507E+01, 2.301063E+01,11, 3.178293E+00,0, 0.000000E+00,0, 0.000000E+00,8, 3.309840E+01, 1.133332E+00, 1.591292E+01,NULL,NULL,1,mc_qqps,54
-21042,938,20227,224610,94C2, 9.125000E+01,31,10,41,31,10, 1.917174E+00,-2.229022E+00, 1.138163E+00, 7.325548E+01, 7.287384E+01, 2.350769E+00, 9.279034E+00,-3.740770E+00, 3.283105E+00, 9.104861E+01, 6.345868E+01, 1.443472E+01, 2.042890E+00,14, 1.080383E+01,0, 0.000000E+00,0, 0.000000E+00,8, 1.575546E+01, 5.025727E-01, 3.036793E+00,NULL,NULL,1,mc_qqps,54
-21042,939,20227,224641,94C2, 9.125000E+01,29,25,54,29,25,-6.629282E-01, 1.430984E+00,-4.330678E+00, 6.441843E+01, 6.391426E+01, 2.203940E+00,-1.030622E+00,-7.049673E-01, 6.456215E+00, 9.118206E+01, 2.294242E+01, 2.417801E+01, 2.585616E+00,1, 0.000000E+00,28, 9.464413E+00,0, 0.000000E+00,1, 2.368726E+00, 2.368726E+00, 2.368726E+00,2, 0.000000E+00,1,mc_qqps,54
-21042,940,20227,224658,94C2, 9.125000E+01,31,18,49,31,18,-1.038361E+01,-3.859513E+00, 8.147706E-01, 5.354516E+01, 5.282872E+01, 1.704152E+00,-4.703321E+00,-1.617069E+00, 2.312048E+00, 9.015304E+01, 3.359222E+01, 2.719941E+01, 2.319343E+00,15, 2.857181E+00,2, 0.000000E+00,0, 0.000000E+00,13, 2.805302E+01, 5.017838E-01, 6.344748E+00,NULL,NULL,1,mc_qqps,54
-21042,941,20227,224714,94C2, 9.125000E+01,22,13,35,22,13,-2.455644E+00, 6.803039E+00, 3.318255E+00, 4.318137E+01, 4.285739E+01, 1.948063E+00,-2.880672E+00, 8.235179E+00, 2.986397E+00, 6.534511E+01, 4.094954E+01, 2.181325E+01, 3.504753E-01,21, 1.358998E+01,0, 0.000000E+00,0, 0.000000E+00,12, 2.181325E+01, 2.834821E-01, 6.046771E+00,NULL,NULL,1,mc_qqps,54
-21042,942,20227,224726,94C2, 9.125000E+01,12,11,23,12,11, 7.478774E+00,-2.311407E+01,-1.746579E+01, 4.461168E+01, 4.455686E+01, 3.713072E+00, 3.821595E+00,-1.012525E+01,-8.257816E+00, 7.985077E+01, 4.463848E+01, 2.118803E+01, 1.815523E+00,13, 8.574265E+00,0, 0.000000E+00,0, 0.000000E+00,7, 3.342356E+01, 6.721138E-01, 1.223554E+01,NULL,NULL,1,mc_qqps,54
-21042,943,20227,224735,94C2, 9.125000E+01,29,11,40,29,11,-3.269165E+00,-1.840917E+01, 2.949293E+01, 1.226186E+02, 1.222105E+02, 4.214154E+00,-1.705687E+00,-1.968571E+01, 3.002915E+01, 1.367623E+02, 1.131240E+02, 4.765752E+00, 9.377987E+00,4, 5.747596E-01,9, 0.000000E+00,0, 0.000000E+00,NULL,NULL,NULL,NULL,1, 0.000000E+00,1,mc_qqps,54
-21042,944,20227,224747,94C2, 9.125000E+01,22,6,28,22,6,-7.109340E-01, 1.906362E-01,-3.278657E+00, 8.267985E+01, 8.232813E+01, 3.742188E+00,-4.938557E-01, 1.727908E-01,-5.860482E+00, 1.030909E+02, 6.997558E+00, 1.148114E+01, 8.929944E+00,0, 0.000000E+00,13, 1.494881E+01,0, 0.000000E+00,NULL,NULL,NULL,NULL,1, 0.000000E+00,0,mc_qqps,54
-21042,945,20227,224804,94C2, 9.125000E+01,33,16,49,33,16, 8.232559E+00, 8.584163E+00,-6.088642E+00, 6.754467E+01, 6.707091E+01, 2.032452E+00, 1.284353E+00, 4.090243E+00,-1.511477E+00, 9.753277E+01, 5.882722E+01, 2.340202E+01, 5.170879E+00,19, 3.335788E+00,0, 0.000000E+00,0, 0.000000E+00,12, 2.148413E+01, 6.736144E-01, 2.960048E+00,NULL,NULL,1,mc_qqps,54
-21042,946,20227,224817,94C2, 9.125000E+01,36,20,56,36,20,-5.675629E-02,-4.604541E+00, 1.031335E+00, 5.059857E+01, 4.968572E+01, 1.380159E+00, 2.793962E+00,-6.292915E+00, 3.377788E+00, 8.974373E+01, 4.315059E+01, 1.799214E+01, 1.811171E+00,19, 9.587458E+00,0, 0.000000E+00,0, 0.000000E+00,14, 3.325801E+01, 4.450529E-01, 6.978610E+00,NULL,NULL,1,mc_qqps,54
-21042,947,20227,224834,94C2, 9.125000E+01,34,16,50,34,16,-3.001216E+01,-1.293072E+00,-1.828624E+02, 2.065596E+02, 2.057583E+02, 6.051716E+00,-2.493306E+01,-2.339660E+00,-1.814986E+02, 2.247904E+02, 2.743378E+01, 1.823074E+01, 0.000000E+00,8, 7.224679E-02,13, 3.123310E-01,0, 0.000000E+00,6, 8.977783E+00, 5.608054E-01, 4.569359E+00,1, 0.000000E+00,1,mc_qqps,54
-21042,948,20227,224851,94C2, 9.125000E+01,32,6,38,32,6, 5.207669E-01, 2.919139E+00,-1.314265E+00, 8.300845E+01, 8.233236E+01, 2.572886E+00,-1.280947E-01, 2.618109E+00,-4.577333E+00, 8.835186E+01, 7.449705E+01, 4.528319E+00, 0.000000E+00,3, 0.000000E+00,8, 2.343319E+00,0, 0.000000E+00,1, 8.151026E-01, 8.151026E-01, 8.151026E-01,NULL,NULL,1,mc_qqps,54
-21042,949,20227,224905,94C2, 9.125000E+01,32,10,42,32,10, 5.418830E+00, 1.562272E+01,-3.994280E+00, 7.625503E+01, 7.567903E+01, 2.364970E+00,-1.127200E+00, 6.802107E+00,-1.853278E+00, 1.005835E+02, 7.363018E+01, 1.899089E+01, 8.069569E-01,17, 7.272665E+00,0, 0.000000E+00,0, 0.000000E+00,8, 1.883908E+01, 6.619449E-01, 5.079025E+00,NULL,NULL,1,mc_qqps,54
-21042,950,20227,224920,94C2, 9.125000E+01,35,18,53,35,18, 9.172013E+00, 9.099427E+00, 6.624717E+00, 5.502589E+01, 5.430453E+01, 1.551558E+00, 2.256686E+00, 2.706763E+00,-9.089188E-01, 8.581644E+01, 4.885566E+01, 2.326568E+01, 4.058650E+00,14, 1.060275E+01,0, 0.000000E+00,0, 0.000000E+00,10, 2.548306E+01, 5.446811E-01, 1.203282E+01,NULL,NULL,1,mc_qqps,54
-21042,951,20227,224935,94C2, 9.125000E+01,19,16,35,19,16,-2.259764E+00, 1.150575E+00,-6.814278E+00, 4.196363E+01, 4.149451E+01, 2.183922E+00,-2.925690E+00,-2.737255E-01,-1.029548E+01, 7.559861E+01, 3.906302E+01, 1.896481E+01, 1.467018E+01,1, 0.000000E+00,12, 2.000113E+01,0, 0.000000E+00,1, 7.366377E-01, 7.366377E-01, 7.366377E-01,NULL,NULL,1,mc_qqps,54
-21042,952,20227,224947,94C2, 9.125000E+01,27,14,41,27,14, 3.173595E+00, 9.193663E+00, 1.788607E+01, 8.494077E+01, 8.444538E+01, 3.127607E+00, 2.839959E+00, 1.052055E+01, 1.931265E+01, 1.003312E+02, 7.957039E+01, 1.439174E+01, 9.986981E-01,0, 0.000000E+00,17, 1.454042E+01,0, 0.000000E+00,NULL,NULL,NULL,NULL,1, 0.000000E+00,1,mc_qqps,54
-21042,953,20227,225002,94C2, 9.125000E+01,27,14,41,27,14,-1.327745E+01, 8.580784E+00, 1.121829E+00, 5.859662E+01, 5.761312E+01, 2.133819E+00,-1.226506E+01, 8.792938E+00, 1.155702E+00, 9.358292E+01, 5.468174E+01, 7.431270E+00, 2.302340E+01,12, 3.868688E+00,0, 0.000000E+00,0, 0.000000E+00,9, 1.196290E+01, 5.035737E-01, 3.289202E+00,NULL,NULL,1,mc_qqps,54
-21042,954,20227,225019,94C2, 9.125000E+01,23,11,34,23,11,-6.624862E+00,-4.290077E+00, 5.785087E+00, 6.599478E+01, 6.553813E+01, 2.849484E+00,-1.485979E+01,-1.234562E+01, 1.176892E+01, 7.925999E+01, 5.901555E+01, 1.063653E+01, 2.145125E-01,13, 3.183629E+00,0, 0.000000E+00,0, 0.000000E+00,8, 1.218279E+01, 4.491406E-01, 2.415919E+00,NULL,NULL,1,mc_qqps,54
-21042,955,20227,225032,94C2, 9.125000E+01,17,19,36,17,19,-1.007734E+00, 3.374908E+00, 3.449734E+00, 2.008320E+01, 1.976393E+01, 1.162584E+00, 1.175737E+01,-5.123663E+00,-1.810666E+01, 6.054306E+01, 1.579229E+01, 3.832464E+01, 1.554357E+00,2, 0.000000E+00,12, 3.011463E-01,0, 0.000000E+00,1, 5.808592E-01, 5.808592E-01, 5.808592E-01,1, 0.000000E+00,1,mc_qqps,54
-21042,956,20227,225046,94C2, 9.125000E+01,24,15,39,24,15, 6.392164E+00, 8.883400E+00, 9.159399E+00, 7.171456E+01, 7.140376E+01, 2.975157E+00,-2.103494E+00, 1.074124E+00, 1.378275E+00, 9.879339E+01, 6.156730E+01, 2.105815E+01, 5.368103E+00,14, 1.162457E+01,3, 0.000000E+00,0, 0.000000E+00,10, 1.386173E+01, 5.620207E-01, 2.453886E+00,NULL,NULL,1,mc_qqps,54
-21042,957,20227,225059,94C2, 9.125000E+01,25,12,37,25,12,-1.814697E+00, 8.089337E-01, 1.450901E+00, 3.409743E+01, 3.365317E+01, 1.346127E+00,-1.756523E+01,-1.493980E+01,-1.369873E+00, 6.401674E+01, 3.130946E+01, 8.960689E+00, 2.039092E+01,14, 4.415272E+00,0, 0.000000E+00,0, 0.000000E+00,9, 9.528395E+00, 3.902687E-01, 3.748636E+00,NULL,NULL,1,mc_qqps,54
-21042,958,20227,225114,94C2, 9.125000E+01,17,23,40,17,23, 3.913012E-01, 1.775906E+00, 1.259289E+00, 2.870842E+01, 2.848029E+01, 1.675311E+00,-5.379675E+00, 1.210824E+01,-2.577937E+00, 7.258160E+01, 2.779130E+01, 3.626140E+01, 4.487323E+00,21, 7.601938E+00,1, 0.000000E+00,0, 0.000000E+00,17, 3.151063E+01, 5.855696E-01, 7.561077E+00,NULL,NULL,1,mc_qqps,54
-21042,959,20227,225125,94C2, 9.125000E+01,26,16,42,26,16, 6.608420E+00, 1.696372E+01, 2.641360E+01, 9.982424E+01, 9.943224E+01, 3.824317E+00, 7.606955E+00, 1.449170E+01, 2.488423E+01, 1.294397E+02, 5.996647E+01, 2.019190E+01, 5.557989E+00,9, 8.966849E-02,1, 0.000000E+00,0, 0.000000E+00,7, 1.358891E+01, 6.179861E-01, 5.330634E+00,NULL,NULL,1,mc_qqps,54
-21042,960,20227,225138,94C2, 9.125000E+01,25,18,43,25,18,-1.820510E+01,-1.042736E+01, 4.127315E+00, 4.310353E+01, 4.253965E+01, 1.701586E+00, 1.723675E+01, 8.356709E+00,-1.773574E+00, 9.575993E+01, 3.914602E+01, 1.320197E+01, 3.538827E+01,19, 8.153725E+00,0, 0.000000E+00,0, 0.000000E+00,14, 1.560715E+01, 2.687448E-01, 3.495431E+00,NULL,NULL,1,mc_qqps,54
-21042,961,20227,225150,94C2, 9.125000E+01,15,11,26,15,11,-9.062136E+00, 8.024511E+00,-2.536659E+00, 4.665051E+01, 4.644055E+01, 3.096037E+00,-9.583392E-01,-3.203635E-01,-9.862185E-02, 7.095705E+01, 4.622194E+01, 1.980563E+01, 0.000000E+00,17, 1.220434E+01,0, 0.000000E+00,0, 0.000000E+00,11, 2.430653E+01, 3.412499E-01, 1.025822E+01,NULL,NULL,1,mc_qqps,54
-21042,962,20227,225202,94C2, 9.125000E+01,50,17,67,50,17,-1.255680E+01,-1.017999E+01, 1.704564E+01, 7.397179E+01, 7.274979E+01, 1.454996E+00,-1.709013E+01, 6.481010E+00, 1.258726E+01, 1.051673E+02, 4.036128E+01, 2.813416E+01, 2.505606E+00,15, 2.549773E+00,0, 0.000000E+00,0, 0.000000E+00,12, 2.772020E+01, 5.069671E-01, 1.612370E+01,NULL,NULL,1,mc_qqps,54
-21042,963,20227,225222,94C2, 9.125000E+01,26,13,39,26,13,-3.182519E+00,-2.210539E+00, 3.573943E+00, 7.856490E+01, 7.817595E+01, 3.006767E+00, 2.405883E+00, 8.349952E-02, 2.563339E+00, 1.012214E+02, 6.705417E+01, 1.602281E+01, 1.142857E-01,17, 6.769185E+00,0, 0.000000E+00,0, 0.000000E+00,11, 2.063921E+01, 5.867233E-01, 5.449168E+00,NULL,NULL,1,mc_qqps,54
-21042,964,20227,225238,94C2, 9.125000E+01,28,14,42,28,14, 6.250994E+00, 2.097793E+00,-8.227155E-01, 6.573154E+01, 6.544472E+01, 2.337311E+00,-2.522188E+00, 3.852092E+00, 3.928833E+00, 9.698048E+01, 5.960101E+01, 1.658027E+01, 1.339456E+01,15, 1.277934E+01,1, 5.211567E-01,0, 0.000000E+00,10, 1.818778E+01, 4.596507E-01, 8.031643E+00,NULL,NULL,1,mc_qqps,54
-21042,965,20227,225250,94C2, 9.125000E+01,28,9,37,28,9, 5.361112E+01, 1.399324E+01, 1.059783E+01, 1.018431E+02, 1.013455E+02, 3.619480E+00, 4.797787E+01, 1.257218E+01, 9.878609E+00, 1.317753E+02, 6.467908E+01, 1.699791E+01, 9.799311E+00,11, 2.604623E-01,0, 0.000000E+00,0, 0.000000E+00,6, 1.856912E+01, 7.093092E-01, 9.786306E+00,NULL,NULL,1,mc_qqps,54
-21042,966,20227,225302,94C2, 9.125000E+01,27,12,39,27,12,-1.057518E+01,-1.073776E+01, 9.311843E-01, 6.576740E+01, 6.547135E+01, 2.424865E+00,-5.038199E+00,-8.989946E+00, 4.634141E+00, 1.002079E+02, 6.303472E+01, 1.668232E+01, 1.623749E+01,13, 1.322144E+01,2, 0.000000E+00,0, 0.000000E+00,7, 1.709953E+01, 5.257879E-01, 8.242215E+00,NULL,NULL,1,mc_qqps,54
-21042,967,20227,225330,94C2, 9.125000E+01,33,17,50,33,17,-6.656925E+00,-9.344076E+00,-1.341051E+01, 7.695614E+01, 7.664864E+01, 2.322686E+00,-4.092335E+00,-8.319780E+00,-1.094516E+01, 1.113700E+02, 6.593272E+01, 1.950999E+01, 9.057146E+00,14, 1.196786E+00,7, 0.000000E+00,0, 0.000000E+00,10, 2.017905E+01, 6.780714E-01, 5.476572E+00,NULL,NULL,1,mc_qqps,54
-21042,968,20227,225344,94C2, 9.125000E+01,30,20,50,30,20, 7.184547E+00,-2.283046E+00, 1.829552E+01, 5.765755E+01, 5.728001E+01, 1.909334E+00, 6.162699E+00,-2.378448E+00, 1.387862E+01, 8.120338E+01, 3.677674E+01, 1.586567E+01, 5.966998E+00,3, 0.000000E+00,19, 3.824671E+00,0, 0.000000E+00,2, 2.503693E+00, 7.905419E-01, 1.713151E+00,1, 0.000000E+00,1,mc_qqps,54
-21042,969,20227,225404,94C2, 9.125000E+01,33,15,48,33,15,-1.107846E+00, 1.292510E+01, 5.132832E-01, 5.344748E+01, 5.265275E+01, 1.595538E+00, 2.766173E+00,-1.089337E+01, 2.949963E+00, 1.029896E+02, 4.705258E+01, 2.227420E+01, 2.158281E+01,15, 3.024226E+00,0, 0.000000E+00,0, 0.000000E+00,11, 2.795926E+01, 5.185227E-01, 6.727668E+00,NULL,NULL,1,mc_qqps,54
-21042,970,20227,225419,94C2, 9.125000E+01,31,13,44,31,13, 3.042962E+00, 2.523646E+00, 5.875850E-01, 6.291475E+01, 6.226680E+01, 2.008606E+00, 1.610113E+01, 6.811682E+00, 6.366481E-01, 8.612917E+01, 5.747493E+01, 2.308643E+01, 1.279778E-01,11, 2.309634E-01,0, 0.000000E+00,0, 0.000000E+00,8, 1.955785E+01, 5.848398E-01, 6.419917E+00,NULL,NULL,1,mc_qqps,54
-21042,971,20227,225438,94C2, 9.125000E+01,17,10,27,17,10, 3.547134E+00,-3.080326E+00, 3.945254E+00, 6.122884E+01, 6.112075E+01, 3.595338E+00, 1.041768E+01,-5.391319E+00, 1.788603E+01, 9.738741E+01, 5.903624E+01, 8.442127E+00, 2.778899E+01,3, 0.000000E+00,11, 4.110743E+00,0, 0.000000E+00,1, 6.699999E-01, 6.699999E-01, 6.699999E-01,NULL,NULL,1,mc_qqps,54
-21042,972,20227,225450,94C2, 9.125000E+01,16,6,22,16,6, 9.850760E+00,-1.626257E+01,-1.080548E+01, 4.861152E+01, 4.844263E+01, 3.027665E+00, 5.640052E+00,-7.283687E+00,-4.053330E+00, 7.211934E+01, 4.760638E+01, 1.947718E+01, 0.000000E+00,9, 7.592402E+00,0, 0.000000E+00,0, 0.000000E+00,6, 2.350783E+01, 1.066944E+00, 1.267228E+01,NULL,NULL,1,mc_qqps,54
-21042,973,20227,225504,94C2, 9.125000E+01,30,15,45,30,15, 1.818887E+00, 1.157646E+01, 9.404249E+00, 4.211121E+01, 4.170928E+01, 1.390309E+00, 5.342585E+00, 1.445724E+01, 1.441869E+01, 5.751093E+01, 3.899872E+01, 5.138885E+00, 8.871904E+00,7, 0.000000E+00,6, 0.000000E+00,0, 0.000000E+00,5, 4.657136E+00, 3.806983E-01, 2.264059E+00,NULL,NULL,1,mc_qqps,54
-21042,974,20227,225515,94C2, 9.125000E+01,25,12,37,25,12, 9.600931E-01, 1.979257E+01, 7.286528E+00, 3.942466E+01, 3.895552E+01, 1.558221E+00,-6.115208E-01,-1.047993E+00,-2.807253E+00, 8.623277E+01, 3.813268E+01, 4.083828E+01, 5.969820E+00,12, 9.564021E-01,0, 0.000000E+00,0, 0.000000E+00,8, 4.083828E+01, 5.669411E-01, 2.785787E+01,NULL,NULL,1,mc_qqps,54
-21042,975,20227,225529,94C2, 9.125000E+01,40,16,56,40,16,-1.003697E+01,-6.934567E+00, 1.820709E+01, 7.221427E+01, 7.145687E+01, 1.786422E+00,-4.753520E+00,-2.418053E+00, 7.117094E+00, 9.811648E+01, 6.424633E+01, 1.297975E+01, 1.261389E+01,2, 0.000000E+00,13, 0.000000E+00,0, 0.000000E+00,1, 4.255318E-01, 4.255318E-01, 4.255318E-01,1, 0.000000E+00,1,mc_qqps,54
-21042,976,20227,225546,94C2, 9.125000E+01,35,10,45,35,10, 4.967864E-01,-2.206260E+00, 5.706340E+00, 6.827692E+01, 6.731962E+01, 1.923418E+00, 4.046214E-02,-5.686710E+00, 8.017587E+00, 7.928217E+01, 5.803384E+01, 8.827152E+00, 0.000000E+00,4, 6.794893E-01,10, 0.000000E+00,0, 0.000000E+00,3, 3.702705E+00, 7.531838E-01, 2.178091E+00,NULL,NULL,1,mc_qqps,54
-21042,977,20227,225605,94C2, 9.125000E+01,23,10,33,23,10, 1.556907E+01,-7.609968E+00,-1.770616E+01, 4.705619E+01, 4.664887E+01, 2.028212E+00, 1.606734E+01,-7.323679E+00,-1.802974E+01, 5.582568E+01, 4.136707E+01, 8.030952E+00, 0.000000E+00,6, 5.496093E-02,3, 0.000000E+00,0, 0.000000E+00,4, 3.594218E+00, 5.334445E-01, 1.508407E+00,1, 0.000000E+00,1,mc_qqps,54
-21042,978,20227,225623,94C2, 9.125000E+01,34,15,49,34,15, 2.015190E+00,-7.960623E-01, 1.096720E+00, 6.614655E+01, 6.539752E+01, 1.923457E+00, 5.496202E+00,-1.844846E+00, 1.723491E+00, 9.987716E+01, 6.208801E+01, 2.663851E+01, 6.018748E+00,14, 1.088897E-01,0, 0.000000E+00,0, 0.000000E+00,9, 1.601024E+01, 4.078353E-01, 8.195512E+00,NULL,NULL,1,mc_qqps,54
-21042,979,20227,225640,94C2, 9.125000E+01,44,19,63,44,19, 9.094545E+00,-2.058120E+00,-1.264292E+01, 5.456552E+01, 5.365670E+01, 1.219471E+00, 3.233621E+00,-4.671146E+00,-7.730893E+00, 8.546301E+01, 4.568610E+01, 1.250401E+01, 1.505048E+01,15, 5.764086E-01,2, 0.000000E+00,0, 0.000000E+00,10, 1.084094E+01, 3.008174E-01, 1.899762E+00,NULL,NULL,1,mc_qqps,54
-21042,980,20227,225657,94C2, 9.125000E+01,29,17,46,29,17,-9.992789E-01,-2.827397E+00,-7.710582E+00, 5.672432E+01, 5.627115E+01, 1.940384E+00,-4.194976E+00,-5.262052E+00,-1.221613E+01, 7.865705E+01, 5.013296E+01, 1.874211E+01, 8.994101E-01,8, 2.003514E+00,10, 3.706911E-01,0, 0.000000E+00,5, 9.539790E+00, 3.967896E-01, 4.699738E+00,1, 0.000000E+00,1,mc_qqps,54
-21042,981,20227,225714,94C2, 9.125000E+01,21,18,39,21,18, 5.444124E+00,-2.594257E+01, 1.408842E+01, 4.548376E+01, 4.486704E+01, 2.136526E+00, 3.245757E+00,-2.155702E+01, 1.145076E+01, 8.748791E+01, 4.295389E+01, 3.180345E+01, 3.419230E-01,17, 4.254027E+00,0, 0.000000E+00,0, 0.000000E+00,15, 4.096897E+01, 4.996376E-01, 9.372149E+00,NULL,NULL,1,mc_qqps,54
-21042,982,20227,225726,94C2, 9.125000E+01,39,16,55,39,16, 8.294967E+00, 1.784103E+01, 2.600630E+01, 1.115073E+02, 1.109027E+02, 2.843659E+00, 1.080869E+01, 1.932982E+01, 2.967471E+01, 1.263522E+02, 9.089248E+01, 1.261613E+01, 2.228799E+00,10, 4.432719E-01,4, 0.000000E+00,0, 0.000000E+00,6, 6.725296E+00, 5.644470E-01, 1.891734E+00,NULL,NULL,1,mc_qqps,54
-21042,983,20227,225746,94C2, 9.125000E+01,40,8,48,40,8,-3.308038E+00, 1.711762E+00,-7.613013E+00, 6.569003E+01, 6.467480E+01, 1.616870E+00,-8.299113E+00, 7.220848E+00,-8.055820E-01, 7.927644E+01, 4.875721E+01, 9.563095E+00, 4.135907E+00,2, 0.000000E+00,1, 0.000000E+00,0, 0.000000E+00,2, 6.198395E+00, 4.036877E-01, 5.794708E+00,NULL,NULL,1,mc_qqps,54
-21042,984,20227,225803,94C2, 9.125000E+01,47,13,60,47,13,-1.253671E+00,-2.147495E+00,-7.357429E+00, 6.602525E+01, 6.479045E+01, 1.378520E+00,-1.432582E+00,-2.741296E-01,-7.230470E+00, 8.865758E+01, 5.712052E+01, 1.379118E+01, 8.419658E+00,6, 3.906084E-02,7, 0.000000E+00,0, 0.000000E+00,4, 1.065207E+01, 4.375871E-01, 6.919181E+00,2, 0.000000E+00,1,mc_qqps,54
-21042,985,20227,225823,94C2, 9.125000E+01,34,16,50,34,16, 1.252572E+00,-9.118510E+00,-1.368622E+01, 3.393111E+01, 3.291436E+01, 9.680696E-01,-3.835640E-01,-1.069577E+01,-1.492992E+01, 6.659528E+01, 2.830697E+01, 1.876318E+01, 1.272322E+01,2, 0.000000E+00,13, 2.197866E+00,0, 0.000000E+00,2, 2.114466E+00, 9.367000E-01, 1.177766E+00,1, 0.000000E+00,1,mc_qqps,54
-21042,986,20227,225839,94C2, 9.125000E+01,45,10,55,45,10,-4.956187E+00,-1.625130E+00, 1.404027E-01, 6.611193E+01, 6.518645E+01, 1.448588E+00, 8.347027E+00, 2.820822E+00,-3.310373E-01, 8.303077E+01, 4.965774E+01, 1.561145E+01, 3.706173E-01,11, 1.470599E-01,0, 0.000000E+00,0, 0.000000E+00,8, 1.618526E+01, 4.522627E-01, 7.689194E+00,NULL,NULL,1,mc_qqps,54
-21042,987,20227,225904,94C2, 9.125000E+01,21,17,38,21,17,-2.522447E-01,-3.709861E+00,-1.063778E+00, 3.832581E+01, 3.781976E+01, 1.800941E+00, 4.542115E+00, 6.948098E-01, 9.668164E-01, 6.794683E+01, 3.733127E+01, 2.882304E+01, 7.979829E-01,10, 1.902751E-01,7, 0.000000E+00,0, 0.000000E+00,9, 1.724509E+01, 7.909773E-01, 5.166538E+00,NULL,NULL,1,mc_qqps,54
-21042,988,20227,225923,94C2, 9.125000E+01,26,18,44,26,18,-1.288799E+00, 5.395287E+00,-1.354429E+01, 3.739242E+01, 3.697591E+01, 1.422150E+00, 5.641214E-01,-2.923489E-01,-3.525136E+00, 8.922797E+01, 3.030521E+01, 4.174712E+01, 8.641196E+00,3, 0.000000E+00,21, 7.350376E+00,0, 0.000000E+00,2, 2.142100E+00, 6.948605E-01, 1.447239E+00,NULL,NULL,1,mc_qqps,54
-21042,989,20227,225936,94C2, 9.125000E+01,26,13,39,26,13, 6.987594E-01, 1.541572E-01,-1.294690E+00, 5.227454E+01, 5.179930E+01, 1.992281E+00, 3.420754E-01,-7.096795E+00, 1.575813E+00, 8.505488E+01, 4.762915E+01, 1.928312E+01, 1.155017E+01,12, 7.842274E+00,1, 0.000000E+00,0, 0.000000E+00,8, 1.814728E+01, 8.790302E-01, 7.427209E+00,NULL,NULL,1,mc_qqps,54
-21042,990,20227,225947,94C2, 9.125000E+01,19,13,32,19,13, 2.234036E+00,-1.303421E+00,-1.829927E+00, 7.214574E+01, 7.184760E+01, 3.781452E+00, 1.139212E+01,-5.480766E+00,-9.360881E+00, 1.107710E+02, 7.067078E+01, 1.547471E+01, 2.110072E+01,14, 1.455178E+01,0, 0.000000E+00,0, 0.000000E+00,9, 1.632231E+01, 7.902925E-01, 4.599206E+00,NULL,NULL,1,mc_qqps,54
-21042,991,20227,230001,94C2, 9.125000E+01,32,24,56,32,24, 2.698449E+00,-3.662781E-01,-8.135812E-01, 4.843013E+01, 4.783242E+01, 1.494763E+00,-2.413940E+00, 9.699763E-01,-2.844753E+00, 7.992392E+01, 4.399689E+01, 2.825042E+01, 8.327436E-01,17, 3.376455E+00,5, 0.000000E+00,0, 0.000000E+00,15, 2.324537E+01, 3.932834E-01, 6.781399E+00,NULL,NULL,1,mc_qqps,54
-21042,992,20227,230020,94C2, 9.125000E+01,32,21,53,32,21, 2.848139E+00,-1.918322E+00,-2.013803E+00, 5.943881E+01, 5.852428E+01, 1.828884E+00, 4.506549E-01, 2.879368E-01,-1.461751E+00, 8.919025E+01, 5.003366E+01, 2.955562E+01, 1.958148E-01,17, 2.770684E+00,3, 0.000000E+00,0, 0.000000E+00,12, 2.486056E+01, 5.326675E-01, 6.896866E+00,NULL,NULL,1,mc_qqps,54
-21042,993,20227,230036,94C2, 9.125000E+01,25,17,42,25,17,-2.236015E-01,-4.256679E-01, 2.848567E+00, 4.115125E+01, 4.069394E+01, 1.627757E+00, 3.037429E-01, 8.379633E+00, 4.357269E+00, 9.436156E+01, 3.373914E+01, 4.113561E+01, 1.720089E+00,17, 5.890839E+00,1, 0.000000E+00,0, 0.000000E+00,14, 5.094269E+01, 6.773035E-01, 2.124058E+01,NULL,NULL,1,mc_qqps,54
-21042,994,20227,230051,94C2, 9.125000E+01,28,11,39,28,11, 3.435745E-01, 1.224912E+00,-7.761728E-01, 5.266439E+01, 5.231456E+01, 1.868377E+00,-7.059416E+00,-2.459745E+00, 3.142579E+00, 8.466331E+01, 4.879437E+01, 3.078248E+01, 1.216447E+00,10, 5.473220E+00,1, 0.000000E+00,0, 0.000000E+00,6, 2.465420E+01, 3.428667E-01, 1.283177E+01,NULL,NULL,1,mc_qqps,54
-21042,995,20227,230104,94C2, 9.125000E+01,20,12,32,20,12,-1.837125E+01,-1.567086E+00,-3.760841E+00, 4.540631E+01, 4.508184E+01, 2.254092E+00,-3.263823E+01,-8.207973E+00,-7.727400E+00, 7.849858E+01, 3.918299E+01, 3.186299E+01, 1.230628E+00,14, 7.433498E+00,0, 0.000000E+00,0, 0.000000E+00,8, 2.420133E+01, 8.702518E-01, 6.724576E+00,NULL,NULL,1,mc_qqps,54
-21042,996,20227,230117,94C2, 9.125000E+01,57,17,74,57,17, 9.362096E+00, 3.678413E+00, 5.239847E+00, 8.234463E+01, 8.104129E+01, 1.421777E+00, 1.439271E+01, 6.416450E+00, 1.142857E+01, 1.183382E+02, 4.762898E+01, 2.951493E+01, 6.507889E+00,18, 7.504295E-01,0, 0.000000E+00,0, 0.000000E+00,12, 2.633669E+01, 5.572312E-01, 6.651883E+00,NULL,NULL,1,mc_qqps,54
-21042,997,20227,230137,94C2, 9.125000E+01,36,21,57,36,21, 1.068629E+00, 1.066019E+00, 1.225811E+00, 6.343733E+01, 6.267268E+01, 1.740908E+00, 1.293120E+01, 7.618486E-01, 1.100802E+01, 9.817923E+01, 5.588908E+01, 1.651880E+01, 1.729627E+01,18, 4.286101E+00,0, 0.000000E+00,0, 0.000000E+00,13, 1.642359E+01, 4.754228E-01, 2.752063E+00,NULL,NULL,1,mc_qqps,54
-21042,998,20227,230154,94C2, 9.125000E+01,23,9,32,23,9, 5.219884E+00,-7.600073E+00,-2.268452E+01, 7.866771E+01, 7.828207E+01, 3.403569E+00, 4.411709E+00,-4.915960E+00,-1.488923E+01, 9.650308E+01, 7.154706E+01, 1.783537E+01, 0.000000E+00,0, 0.000000E+00,15, 8.095639E+00,0, 0.000000E+00,NULL,NULL,NULL,NULL,NULL,NULL,1,mc_qqps,54
-21042,999,20227,230204,94C2, 9.125000E+01,38,33,71,38,33,-6.056653E+00, 3.473753E+00,-3.734462E+00, 4.600122E+01, 4.499846E+01, 1.184170E+00,-6.372684E+00, 1.526720E+00,-8.221476E+00, 8.640939E+01, 3.662501E+01, 3.503255E+01, 1.425554E+00,10, 0.000000E+00,17, 1.494751E+00,0, 0.000000E+00,9, 1.426955E+01, 7.362061E-01, 3.359978E+00,3, 0.000000E+00,1,mc_qqps,54
-21042,1000,20227,230223,94C2, 9.125000E+01,32,15,47,32,15, 1.154872E+00,-4.745230E-02,-2.133495E+00, 3.911280E+01, 3.852302E+01, 1.203844E+00, 1.533309E+00, 3.309145E-01,-3.071972E+00, 6.155253E+01, 2.543888E+01, 1.330962E+01, 9.145677E+00,1, 0.000000E+00,14, 3.520568E-01,0, 0.000000E+00,NULL,NULL,NULL,NULL,1, 0.000000E+00,1,mc_qqps,54
-21042,1001,20227,230242,94C2, 9.125000E+01,20,9,29,20,9,-2.199432E+00, 2.191185E+00, 2.494527E+00, 5.391638E+01, 5.361937E+01, 2.680968E+00, 8.324944E+00,-6.631540E+00,-5.198380E+00, 7.260323E+01, 5.344648E+01, 1.395852E+01, 3.820629E+00,10, 2.612327E+00,0, 0.000000E+00,0, 0.000000E+00,4, 7.111984E+00, 7.684603E-01, 4.020764E+00,NULL,NULL,1,mc_qqps,54
-21042,1002,20227,230255,94C2, 9.125000E+01,39,10,49,39,10, 8.905379E+00,-6.971957E+00, 2.581287E+00, 7.610305E+01, 7.537318E+01, 1.932646E+00, 1.148554E+01,-9.342685E+00, 2.659462E+00, 1.125548E+02, 5.312445E+01, 1.350941E+01, 2.294238E+01,9, 0.000000E+00,0, 0.000000E+00,0, 0.000000E+00,6, 1.350941E+01, 3.038500E-01, 4.870582E+00,NULL,NULL,1,mc_qqps,54
-21042,1003,20227,230312,94C2, 9.125000E+01,49,17,66,49,17,-4.381425E+00,-1.598663E+00, 1.003958E+01, 3.298811E+01, 3.136537E+01, 6.401096E-01,-6.079049E+00,-4.927125E+00, 1.422929E+01, 5.156376E+01, 1.889923E+01, 1.066153E+01, 7.955523E+00,9, 1.479004E+00,5, 0.000000E+00,0, 0.000000E+00,4, 3.388592E+00, 6.158103E-01, 1.049272E+00,3, 0.000000E+00,1,mc_qqps,54
-21042,1004,20227,230334,94C2, 9.125000E+01,18,12,30,18,12, 3.013517E+00,-5.712284E+00,-4.601699E+00, 3.680776E+01, 3.657853E+01, 2.032140E+00,-2.519223E+00, 7.219062E+00, 9.207667E+00, 7.203667E+01, 3.568033E+01, 3.475983E+01, 4.698609E-01,13, 5.198841E+00,1, 0.000000E+00,0, 0.000000E+00,10, 3.380756E+01, 5.835203E-01, 1.169048E+01,NULL,NULL,1,mc_qqps,54
-21042,1005,20227,230350,94C2, 9.125000E+01,42,17,59,42,17,-1.557613E+00,-1.586617E+00,-8.125395E-01, 6.785558E+01, 6.705297E+01, 1.596499E+00, 2.764414E+00,-7.066959E-01,-4.521422E+00, 8.774975E+01, 6.126265E+01, 1.773773E+01, 5.964998E-01,15, 4.750641E-01,2, 0.000000E+00,0, 0.000000E+00,12, 1.456483E+01, 6.877663E-01, 2.967411E+00,NULL,NULL,1,mc_qqps,54
-21042,1006,20227,230410,94C2, 9.125000E+01,32,16,48,32,16, 3.939085E+00,-4.687737E+00, 3.145042E+00, 6.877699E+01, 6.823586E+01, 2.132370E+00,-3.352641E+00, 7.940254E+00,-4.176601E+00, 1.039571E+02, 6.732803E+01, 3.108390E+01, 1.882102E+00,18, 2.678148E+00,0, 0.000000E+00,0, 0.000000E+00,11, 2.078389E+01, 4.002393E-01, 5.828149E+00,NULL,NULL,1,mc_qqps,54
-21042,1007,20227,230426,94C2, 9.125000E+01,27,9,36,27,9, 1.986418E+00, 6.240474E-01, 2.332741E+00, 6.988556E+01, 6.944516E+01, 2.572043E+00, 1.241970E+00, 5.244539E-01, 1.937515E+00, 8.586799E+01, 6.279925E+01, 1.232307E+01, 1.996145E+00,17, 3.227553E+00,0, 0.000000E+00,0, 0.000000E+00,7, 1.312891E+01, 1.181302E+00, 2.963145E+00,NULL,NULL,1,mc_qqps,54
-21042,1008,20227,230437,94C2, 9.125000E+01,54,14,68,54,14, 4.234229E+00,-5.876234E+00, 2.162893E+00, 7.558635E+01, 7.454993E+01, 1.380554E+00, 3.775261E+00,-4.294434E+00, 1.807243E+00, 9.263237E+01, 6.212491E+01, 9.705050E+00, 7.372106E+00,20, 1.258685E+00,0, 0.000000E+00,0, 0.000000E+00,8, 8.694296E+00, 3.338117E-01, 2.330314E+00,NULL,NULL,1,mc_qqps,54
-21042,1009,20227,230456,94C2, 9.125000E+01,40,7,47,40,7,-1.188290E+00, 4.251791E+00, 2.433407E+00, 8.138223E+01, 8.053439E+01, 2.013360E+00,-1.336958E+00, 1.384785E+01, 3.355688E+00, 9.378146E+01, 5.845666E+01, 5.401650E+00, 6.072681E+00,9, 1.466595E+00,0, 0.000000E+00,0, 0.000000E+00,3, 5.714751E+00, 6.503600E-01, 4.139494E+00,NULL,NULL,1,mc_qqps,54
-21042,1010,20227,230510,94C2, 9.125000E+01,22,13,35,22,13,-2.446789E+00,-2.466336E+00, 2.133666E+00, 6.513526E+01, 6.494656E+01, 2.952116E+00,-2.220586E+00,-5.386997E+00, 1.762083E+00, 9.530154E+01, 4.763032E+01, 9.140891E+00, 1.181084E+01,14, 2.759640E+00,0, 0.000000E+00,0, 0.000000E+00,9, 1.752515E+01, 5.163875E-01, 4.332207E+00,NULL,NULL,1,mc_qqps,54
-21042,1011,20227,230523,94C2, 9.125000E+01,13,10,23,13,10, 2.334513E+00,-2.022199E+00, 1.524444E+00, 5.222665E+01, 5.211831E+01, 4.009100E+00, 6.315521E-01,-1.150709E+00,-2.966468E-01, 7.701657E+01, 4.759043E+01, 2.054308E+01, 3.284365E+00,9, 0.000000E+00,0, 0.000000E+00,0, 0.000000E+00,9, 2.150853E+01, 3.632874E-01, 9.533772E+00,NULL,NULL,1,mc_qqps,54
-21042,1012,20227,230534,94C2, 9.125000E+01,20,8,28,20,8,-9.975805E+00, 1.089691E+01, 7.829704E+00, 5.973418E+01, 5.941912E+01, 2.970956E+00,-3.575083E+01, 3.566215E+01, 3.016536E+01, 1.367655E+02, 5.855366E+01, 6.764770E+01, 7.753091E+00,9, 7.596862E-01,0, 0.000000E+00,0, 0.000000E+00,4, 9.889148E+00, 7.769903E-01, 7.250610E+00,1, 0.000000E+00,1,mc_qqps,54
-21042,1013,20227,230547,94C2, 9.125000E+01,21,11,32,21,11,-1.184803E+01,-1.749487E+00, 2.382672E+01, 1.374315E+02, 1.372343E+02, 6.534967E+00,-1.170248E+01,-1.912521E+00, 2.425074E+01, 1.508503E+02, 1.194096E+02, 8.075095E+00, 5.485641E+00,0, 0.000000E+00,13, 7.297536E+00,0, 0.000000E+00,NULL,NULL,NULL,NULL,NULL,NULL,1,mc_qqps,54
-21042,1014,20227,230603,94C2, 9.125000E+01,28,18,46,28,18, 1.326473E+01,-7.061519E+00,-9.427564E+00, 5.000770E+01, 4.934866E+01, 1.762452E+00, 1.048909E+01,-5.711622E+00,-7.522271E+00, 7.557448E+01, 3.543544E+01, 1.594940E+01, 1.370475E+00,20, 2.937147E+00,2, 0.000000E+00,0, 0.000000E+00,14, 2.290784E+01, 8.192890E-01, 4.430584E+00,NULL,NULL,1,mc_qqps,54
-21042,1015,20227,230616,94C2, 9.125000E+01,21,10,31,21,10, 8.060871E+00, 2.848486E+00,-1.180068E+01, 4.103439E+01, 4.060184E+01, 1.933421E+00, 9.456026E+00, 4.334753E+00,-1.256599E+01, 5.556873E+01, 3.959681E+01, 1.012420E+01, 4.550093E+00,0, 0.000000E+00,11, 3.776422E+00,0, 0.000000E+00,NULL,NULL,NULL,NULL,NULL,NULL,1,mc_qqps,54
-21042,1016,20227,230638,94C2, 9.125000E+01,24,7,31,24,7, 1.988639E+00,-9.573681E+00,-4.678112E+00, 5.954827E+01, 5.918746E+01, 2.466144E+00, 3.883581E+00,-2.615042E+01,-1.342657E+01, 9.098449E+01, 5.771443E+01, 2.950839E+01, 2.025573E+00,9, 1.418448E+01,0, 0.000000E+00,0, 0.000000E+00,3, 6.884342E+00, 1.460821E+00, 2.768347E+00,NULL,NULL,1,mc_qqps,54
-21042,1017,20227,230650,94C2, 9.125000E+01,25,8,33,25,8,-6.507789E+00,-6.268116E+00,-9.052695E+00, 7.495202E+01, 7.444244E+01, 2.977698E+00, 4.195330E+00, 5.375815E+00, 4.948237E+00, 1.072116E+02, 6.547025E+01, 2.700381E+01, 1.901661E+00,11, 2.379828E+00,1, 0.000000E+00,0, 0.000000E+00,4, 1.631329E+01, 8.556126E-01, 1.210361E+01,NULL,NULL,1,mc_qqps,54
-21042,1018,20227,230703,94C2, 9.125000E+01,34,16,50,34,16, 6.798783E+00, 6.617391E+00,-5.120167E+00, 5.120570E+01, 5.043037E+01, 1.483246E+00, 2.757574E-01,-3.937595E-01, 2.120936E+01, 8.952423E+01, 2.586331E+01, 3.780549E+01, 5.130413E-01,0, 0.000000E+00,10, 0.000000E+00,0, 0.000000E+00,NULL,NULL,NULL,NULL,5, 0.000000E+00,1,mc_qqps,54
-21042,1019,20227,230721,94C2, 9.125000E+01,37,9,46,37,9, 1.272529E+00, 1.582576E+00,-3.516839E+00, 8.121603E+01, 8.059923E+01, 2.178358E+00, 3.592797E+00, 3.943693E+00,-8.144483E+00, 9.346023E+01, 6.922281E+01, 7.814083E+00, 1.285536E+00,8, 7.400640E-01,3, 0.000000E+00,0, 0.000000E+00,4, 3.805429E+00, 6.608527E-01, 1.128972E+00,NULL,NULL,1,mc_qqps,54
-21042,1020,20227,230743,94C2, 9.125000E+01,40,14,54,40,14, 6.490662E+00, 1.400261E+01,-4.454834E-01, 6.568725E+01, 6.461293E+01, 1.615323E+00, 1.557265E+00, 7.669041E-01, 5.666935E-01, 9.409777E+01, 5.423858E+01, 1.470473E+01, 7.150069E+00,17, 8.482086E+00,0, 0.000000E+00,0, 0.000000E+00,8, 1.957810E+01, 4.998959E-01, 6.993339E+00,NULL,NULL,1,mc_qqps,54
-21042,1021,20227,230800,94C2, 9.125000E+01,43,15,58,43,15, 2.162893E+01, 4.099172E-01, 6.745648E+00, 5.555777E+01, 5.448883E+01, 1.267182E+00,-5.262742E+00,-3.754296E+00,-8.809071E-01, 9.066763E+01, 4.761039E+01, 3.268973E+01, 2.420967E+00,16, 7.567527E-01,0, 0.000000E+00,0, 0.000000E+00,10, 2.705575E+01, 6.375563E-01, 1.092458E+01,NULL,NULL,1,mc_qqps,54
-21042,1022,20227,230821,94C2, 9.125000E+01,48,15,63,48,15,-9.058915E-01,-2.612154E+00, 5.468729E+00, 6.778902E+01, 6.658627E+01, 1.387214E+00, 1.490530E+00,-1.868790E+00, 2.608770E+00, 9.085211E+01, 5.216555E+01, 1.218297E+01, 3.225704E+00,6, 7.300687E-02,12, 2.486100E+00,0, 0.000000E+00,5, 1.230428E+01, 6.856844E-01, 5.518015E+00,NULL,NULL,1,mc_qqps,54
-21042,1023,20227,230857,94C2, 9.125000E+01,31,24,55,31,24, 1.524392E+00, 2.168964E+00, 1.060147E+01, 5.525136E+01, 5.475566E+01, 1.766312E+00, 2.470423E+00,-1.536125E+00, 1.197694E+01, 8.708228E+01, 4.955730E+01, 2.373118E+01, 4.490440E-01,19, 6.321052E+00,5, 0.000000E+00,0, 0.000000E+00,14, 2.378207E+01, 4.081451E-01, 4.558036E+00,3, 0.000000E+00,1,mc_qqps,54
-21042,1024,20227,230912,94C2, 9.125000E+01,21,13,34,21,13,-2.724998E+00,-4.113696E-01,-1.894027E+00, 2.502909E+01, 2.449537E+01, 1.166446E+00,-4.514751E-01,-1.697071E-01,-1.840827E+00, 9.537274E+01, 2.292607E+01, 2.641609E+01, 4.247032E+01,9, 0.000000E+00,0, 0.000000E+00,0, 0.000000E+00,8, 1.817562E+01, 9.354613E-01, 8.007054E+00,NULL,NULL,1,mc_qqps,54
-21042,1025,20227,230925,94C2, 9.125000E+01,26,18,44,26,18,-4.449675E+00, 9.717376E+00,-1.742048E+00, 5.020495E+01, 4.979047E+01, 1.915018E+00,-9.854962E+00,-2.250682E+00,-7.722350E+00, 9.420402E+01, 4.259909E+01, 3.800702E+01, 6.337032E+00,16, 5.283180E+00,1, 0.000000E+00,0, 0.000000E+00,12, 2.701253E+01, 3.900927E-01, 1.089533E+01,NULL,NULL,1,mc_qqps,54
-21042,1026,20227,230940,94C2, 9.125000E+01,26,21,47,26,21, 6.512480E+00,-8.281141E+00, 4.491439E+01, 9.066833E+01, 8.991049E+01, 3.458096E+00, 6.305220E+00,-5.934636E+00, 4.307730E+01, 1.195604E+02, 1.997672E+01, 2.456514E+01, 2.844943E+00,1, 0.000000E+00,15, 3.232107E+00,0, 0.000000E+00,1, 1.482032E+00, 1.482032E+00, 1.482032E+00,4, 0.000000E+00,1,mc_qqps,54
-21042,1027,20227,230958,94C2, 9.125000E+01,14,13,27,14,13,-1.443622E-01, 4.657898E-01,-5.410326E+00, 2.218030E+01, 2.193897E+01, 1.567069E+00,-1.321625E+00, 1.555185E+00,-2.043449E+01, 4.487508E+01, 5.043910E+00, 2.259520E+01, 9.958526E-02,1, 0.000000E+00,12, 7.684220E+00,0, 0.000000E+00,1, 1.247216E+00, 1.247216E+00, 1.247216E+00,2, 0.000000E+00,0,mc_qqps,54
-21042,1028,20227,231009,94C2, 9.125000E+01,38,21,59,38,21,-4.220256E+00,-1.407224E+00, 1.758618E+00, 7.003964E+01, 6.946573E+01, 1.828045E+00, 8.290169E+00,-1.566503E+01, 1.584256E+01, 1.067584E+02, 6.646487E+01, 2.691405E+01, 8.361491E+00,21, 1.026299E+01,0, 0.000000E+00,0, 0.000000E+00,13, 1.760055E+01, 3.903756E-01, 4.493053E+00,NULL,NULL,1,mc_qqps,54
-21042,1029,20227,231026,94C2, 9.125000E+01,40,15,55,40,15, 3.119483E+00,-1.030250E+00,-2.419940E+00, 6.735619E+01, 6.665168E+01, 1.666292E+00, 4.954862E+00,-2.688056E+00,-4.804350E+00, 8.556250E+01, 5.925718E+01, 1.257644E+01, 4.664862E+00,19, 1.289440E+01,0, 0.000000E+00,0, 0.000000E+00,11, 1.247920E+01, 5.851560E-01, 2.742280E+00,NULL,NULL,1,mc_qqps,54
-21042,1030,20227,231041,94C2, 9.125000E+01,18,5,23,18,5, 2.444265E+00, 1.779100E+01, 1.186321E+01, 6.561009E+01, 6.530713E+01, 3.628174E+00, 1.142596E+00, 5.957855E+00, 2.704933E+00, 8.308361E+01, 6.038840E+01, 1.747412E+01, 0.000000E+00,7, 4.648833E+00,0, 0.000000E+00,0, 0.000000E+00,3, 1.685374E+01, 6.068097E-01, 1.516997E+01,NULL,NULL,1,mc_qqps,54
-21042,1031,20227,231052,94C2, 9.125000E+01,17,9,26,17,9, 3.637928E+00,-1.927453E+01,-2.217264E+00, 6.709344E+01, 6.684588E+01, 3.932111E+00, 2.514090E+00,-1.654592E+01,-2.065998E+00, 7.713636E+01, 5.410199E+01, 5.679419E+00, 0.000000E+00,12, 5.845571E+00,0, 0.000000E+00,0, 0.000000E+00,8, 9.884265E+00, 4.132725E-01, 3.370721E+00,NULL,NULL,1,mc_qqps,54
-21042,1032,20227,231104,94C2, 9.125000E+01,47,18,65,47,18,-1.569314E+01, 1.311591E+00,-1.504066E+00, 6.692093E+01, 6.564735E+01, 1.396752E+00, 8.590245E+00, 2.881361E+00, 3.832285E+00, 1.152269E+02, 5.366312E+01, 4.062605E+01, 4.090837E+00,19, 5.207870E+00,0, 0.000000E+00,0, 0.000000E+00,12, 2.907618E+01, 4.113305E-01, 1.054223E+01,NULL,NULL,1,mc_qqps,54
-21042,1033,20227,231121,94C2, 9.125000E+01,19,12,31,19,12, 1.780618E+00, 1.013462E+00,-1.925957E+01, 3.249648E+01, 3.219120E+01, 1.694274E+00, 1.926579E+00,-2.372732E-01,-1.317375E+01, 6.632356E+01, 2.899986E+01, 2.650003E+01, 7.327055E+00,3, 0.000000E+00,11, 1.844398E+00,0, 0.000000E+00,1, 7.312886E-01, 7.312886E-01, 7.312886E-01,1, 0.000000E+00,1,mc_qqps,54
-21042,1034,20227,231142,94C2, 9.125000E+01,29,7,36,29,7, 5.080247E+00, 1.185254E+01, 6.376191E+00, 7.339634E+01, 7.284954E+01, 2.512053E+00, 1.845558E+00, 1.666557E+00, 2.584012E-01, 9.490905E+01, 6.790599E+01, 1.976943E+01, 3.283962E-01,16, 1.499858E+01,0, 0.000000E+00,0, 0.000000E+00,6, 2.118431E+01, 4.472618E-01, 1.361505E+01,NULL,NULL,1,mc_qqps,54
-21042,1035,20227,231153,94C2, 9.125000E+01,25,11,36,25,11,-1.135869E+01, 4.177349E+00, 7.592890E+00, 4.760495E+01, 4.728742E+01, 1.891497E+00, 7.098271E-01,-1.340247E+00,-2.666945E+00, 8.434290E+01, 4.424818E+01, 9.760768E+00, 2.204122E+01,11, 4.679377E+00,2, 0.000000E+00,0, 0.000000E+00,8, 1.284195E+01, 3.716476E-01, 4.283538E+00,NULL,NULL,1,mc_qqps,54
-21042,1036,20227,231205,94C2, 9.125000E+01,24,18,42,24,18,-7.919732E+00,-3.060953E+00,-4.505002E+00, 5.913791E+01, 5.888671E+01, 2.453613E+00, 5.554140E+00, 1.064938E+00, 9.827752E-01, 8.850353E+01, 5.835904E+01, 1.544435E+01, 9.561333E+00,23, 1.169965E+01,0, 0.000000E+00,0, 0.000000E+00,13, 1.628544E+01, 3.612198E-01, 4.359944E+00,NULL,NULL,1,mc_qqps,54
-21042,1037,20227,231217,94C2, 9.125000E+01,28,15,43,28,15, 9.109964E+00,-5.904939E+00,-1.734616E+01, 7.048158E+01, 7.010607E+01, 2.503788E+00, 6.180484E+00,-1.729163E+00,-1.015818E+01, 9.355793E+01, 6.357252E+01, 1.586089E+01, 7.218709E+00,1, 0.000000E+00,17, 4.733501E+00,0, 0.000000E+00,1, 2.199080E+00, 2.199080E+00, 2.199080E+00,NULL,NULL,1,mc_qqps,54
-21042,1038,20227,231232,94C2, 9.125000E+01,25,17,42,25,17,-2.622008E+00, 1.779418E+00, 6.937434E+00, 4.096061E+01, 4.044822E+01, 1.617929E+00,-3.704744E+00, 1.862878E+00, 1.514949E+01, 7.341058E+01, 3.166925E+01, 2.192743E+01, 1.054491E+01,1, 0.000000E+00,14, 1.486928E+00,0, 0.000000E+00,NULL,NULL,NULL,NULL,NULL,NULL,1,mc_qqps,54
-21042,1039,20227,231247,94C2, 9.125000E+01,36,16,52,36,16, 2.812614E+01, 3.280241E+01, 1.358043E+02, 2.257491E+02, 2.248792E+02, 6.246644E+00, 2.637520E+01, 3.066285E+01, 1.290310E+02, 2.426147E+02, 4.886251E+01, 1.631963E+01, 0.000000E+00,1, 0.000000E+00,18, 1.431192E+01,0, 0.000000E+00,1, 5.459455E-01, 5.459455E-01, 5.459455E-01,1, 0.000000E+00,1,mc_qqps,54
-21042,1040,20227,231306,94C2, 9.125000E+01,32,22,54,32,22,-3.418090E+00, 5.562465E+00, 7.135323E-01, 4.902795E+01, 4.818071E+01, 1.505647E+00, 1.525198E+00,-8.993418E-01,-3.001999E+00, 8.954218E+01, 4.735530E+01, 2.688465E+01, 6.347868E+00,26, 3.046172E+00,0, 0.000000E+00,0, 0.000000E+00,20, 3.429372E+01, 4.970711E-01, 4.576673E+00,NULL,NULL,1,mc_qqps,54
-21042,1041,20227,231323,94C2, 9.125000E+01,35,10,45,35,10,-2.915636E+00,-2.361071E+00, 1.293797E+00, 5.847648E+01, 5.728956E+01, 1.636845E+00,-1.524728E+00,-2.548319E+00,-1.295358E+00, 6.276050E+01, 5.336002E+01, 3.242846E+00, 1.041169E+00,1, 0.000000E+00,11, 0.000000E+00,0, 0.000000E+00,NULL,NULL,NULL,NULL,NULL,NULL,1,mc_qqps,54
-21042,1042,20227,231342,94C2, 9.125000E+01,29,21,50,29,21,-2.081488E-01,-1.832000E-01, 1.717321E+00, 5.603498E+01, 5.562297E+01, 1.918034E+00,-1.178782E+00, 6.509808E-01,-3.660207E+00, 8.766088E+01, 4.817550E+01, 2.381746E+01, 7.814890E+00,5, 1.203855E-01,16, 7.473391E-01,0, 0.000000E+00,2, 5.902668E+00, 5.261664E-01, 5.376501E+00,1, 0.000000E+00,1,mc_qqps,54
-21042,1043,20227,231359,94C2, 9.125000E+01,21,11,32,21,11, 1.242495E+01, 1.806062E+01, 2.301413E-02, 3.103380E+01, 3.052403E+01, 1.453525E+00, 1.250460E+01, 1.600863E+01, 1.200136E+00, 5.146077E+01, 2.949431E+01, 8.914432E+00, 5.475536E+00,9, 6.025278E+00,1, 0.000000E+00,0, 0.000000E+00,6, 1.463597E+01, 8.242559E-01, 4.444985E+00,NULL,NULL,1,mc_qqps,54
-21042,1044,20227,231408,94C2, 9.125000E+01,36,12,48,36,12, 1.455521E+01, 1.153457E+02,-2.315706E+02, 3.318067E+02, 3.309261E+02, 9.192392E+00, 1.191766E+01, 1.150576E+02,-2.300030E+02, 3.426444E+02, 4.175735E+01, 7.255513E+00, 2.909595E+00,7, 1.830002E-01,10, 8.614661E+00,0, 0.000000E+00,4, 3.949506E+00, 9.196005E-01, 1.128672E+00,NULL,NULL,1,mc_qqps,54
-21042,1045,20227,231425,94C2, 9.125000E+01,45,13,58,45,13, 6.317855E+00, 1.709210E+01,-2.941855E-01, 4.872212E+01, 4.724026E+01, 1.049784E+00,-2.684578E+00,-3.297720E-01, 6.979709E-02, 1.014508E+02, 3.823844E+01, 4.865567E+01, 3.173554E+00,15, 1.644161E+00,0, 0.000000E+00,0, 0.000000E+00,9, 4.750734E+01, 9.094198E-01, 2.615346E+01,NULL,NULL,1,mc_qqps,54
-21042,1046,20227,231442,94C2, 9.125000E+01,31,10,41,31,10, 9.912642E+00, 2.768548E+00, 5.756074E+00, 6.816030E+01, 6.738952E+01, 2.173856E+00, 7.657948E+00, 1.196963E+00, 3.485250E+00, 9.047927E+01, 6.033815E+01, 4.572700E+00, 1.461411E+01,10, 2.108058E+00,0, 0.000000E+00,0, 0.000000E+00,5, 7.928570E+00, 3.919583E-01, 2.654766E+00,NULL,NULL,1,mc_qqps,54
-21042,1047,20227,231459,94C2, 9.125000E+01,19,9,28,19,9, 1.007923E+00, 1.293657E+00, 1.268397E+00, 5.961223E+01, 5.913551E+01, 3.112395E+00, 8.152963E-01, 2.710751E-01, 9.791925E-01, 7.321799E+01, 5.864072E+01, 9.647501E+00, 3.569857E+00,4, 0.000000E+00,5, 0.000000E+00,0, 0.000000E+00,4, 2.315244E+00, 2.106168E-01, 9.073671E-01,1, 0.000000E+00,1,mc_qqps,54
-21042,1048,20227,231512,94C2, 9.125000E+01,42,15,57,42,15,-6.057838E+00,-9.028184E+00, 3.383914E+01, 1.112387E+02, 1.106439E+02, 2.634378E+00,-7.276290E-01,-2.950777E+00, 4.116007E+01, 1.369982E+02, 6.413714E+01, 1.657504E+01, 9.267899E+00,10, 1.801928E-01,3, 1.333459E+00,0, 0.000000E+00,8, 1.463940E+01, 3.575560E-01, 4.985772E+00,NULL,NULL,1,mc_qqps,54
-21042,1049,20227,231528,94C2, 9.125000E+01,23,20,43,23,20,-6.066396E-01, 7.800017E-01, 4.583421E+00, 3.124937E+01, 3.058765E+01, 1.329898E+00,-1.778244E+00, 9.234093E-01, 1.014494E+01, 5.759189E+01, 1.006985E+01, 2.538443E+01, 9.580989E-01,1, 0.000000E+00,11, 2.099509E+00,0, 0.000000E+00,1, 4.259240E-01, 4.259240E-01, 4.259240E-01,8, 0.000000E+00,0,mc_qqps,54
-21042,1050,20227,231549,94C2, 9.125000E+01,19,13,32,19,13,-4.100771E+00,-5.635513E+00, 1.079022E+00, 7.229189E+01, 7.162629E+01, 3.769805E+00, 3.737762E+00, 6.546544E+00,-1.630468E+00, 9.299889E+01, 7.023967E+01, 1.959982E+01, 4.491258E-01,16, 9.260603E+00,0, 0.000000E+00,0, 0.000000E+00,11, 2.002107E+01, 4.754645E-01, 6.437557E+00,NULL,NULL,1,mc_qqps,54
-21042,1051,20227,231601,94C2, 9.125000E+01,43,25,68,43,25,-2.688685E+00, 4.355833E+00,-2.125754E+00, 6.795606E+01, 6.708880E+01, 1.560205E+00,-8.480422E+00, 1.304969E+01,-5.686789E+00, 1.108938E+02, 6.281525E+01, 3.306063E+01, 2.847328E+00,25, 1.312638E+00,2, 0.000000E+00,0, 0.000000E+00,14, 2.518341E+01, 6.877393E-01, 5.144516E+00,NULL,NULL,1,mc_qqps,54
-21042,1052,20227,231621,94C2, 9.125000E+01,46,18,64,46,18, 2.271013E+00,-2.240861E+00,-1.609762E+00, 6.384494E+01, 6.187261E+01, 1.345057E+00, 2.357134E+00,-5.586798E+00,-9.092749E-01, 1.016326E+02, 5.864062E+01, 2.684291E+01, 5.615159E+00,24, 2.672646E+00,0, 0.000000E+00,0, 0.000000E+00,16, 2.957052E+01, 3.805432E-01, 4.929288E+00,NULL,NULL,1,mc_qqps,54
-21042,1053,20227,231637,94C2, 9.125000E+01,31,6,37,31,6,-3.486933E+00,-1.525208E+01,-1.668605E+01, 7.724557E+01, 7.675667E+01, 2.476022E+00,-1.977227E+00,-2.740757E+01,-2.349671E+01, 1.098739E+02, 7.245566E+01, 1.006722E+01, 1.474498E+01,8, 4.977959E+00,1, 0.000000E+00,0, 0.000000E+00,2, 8.273954E+00, 4.577852E-01, 7.816169E+00,NULL,NULL,1,mc_qqps,54
-21042,1054,20227,231710,94C2, 9.125000E+01,22,12,34,22,12,-5.591565E+00, 1.023594E+01, 1.042811E+01, 6.367415E+01, 6.341340E+01, 2.882427E+00,-5.749879E+00, 1.577125E+01, 1.280861E+01, 1.163300E+02, 6.188920E+01, 2.346311E+01, 2.963022E+01,15, 1.451167E+01,1, 0.000000E+00,0, 0.000000E+00,6, 1.971852E+01, 9.662497E-01, 6.755173E+00,NULL,NULL,1,mc_qqps,54
-21042,1055,20227,231725,94C2, 9.125000E+01,40,21,61,40,21,-4.610638E+00,-1.056099E+01, 3.376661E+00, 5.922621E+01, 5.823128E+01, 1.455782E+00,-5.996190E-01, 7.329938E-01, 4.144539E+00, 9.914436E+01, 5.093036E+01, 3.285928E+01, 2.931039E+00,20, 1.291825E+01,1, 0.000000E+00,0, 0.000000E+00,14, 3.039150E+01, 4.235449E-01, 9.890692E+00,NULL,NULL,1,mc_qqps,54
-21042,1056,20227,231741,94C2, 9.125000E+01,35,17,52,35,17, 9.992381E+00,-6.347481E+00,-2.401186E+01, 7.556961E+01, 7.474348E+01, 2.135528E+00, 1.339589E+01,-7.878261E+00,-1.986634E+01, 9.455740E+01, 3.850047E+01, 1.442808E+01, 4.644506E+00,10, 3.873167E-01,13, 4.325874E+00,0, 0.000000E+00,5, 7.764185E+00, 6.918299E-01, 2.868646E+00,NULL,NULL,1,mc_qqps,54
-21042,1057,20227,231759,94C2, 9.125000E+01,26,10,36,26,10,-6.097056E-01, 3.505415E+00,-1.620701E+00, 5.261805E+01, 5.205725E+01, 2.002202E+00,-1.368422E+00, 1.911322E+00,-7.282710E-01, 6.702921E+01, 4.972853E+01, 9.942777E+00, 4.511142E+00,7, 4.177950E+00,2, 0.000000E+00,0, 0.000000E+00,3, 6.059843E+00, 6.732820E-01, 4.407824E+00,1, 0.000000E+00,1,mc_qqps,54
-21042,1058,20227,231817,94C2, 9.125000E+01,22,12,34,22,12, 5.708622E+00,-3.740261E+00,-1.110492E+01, 5.093949E+01, 5.055788E+01, 2.298085E+00, 9.993953E+00,-8.352316E+00,-1.886289E+01, 7.847327E+01, 4.922474E+01, 1.328870E+01, 1.315278E+01,6, 7.242556E-01,5, 0.000000E+00,0, 0.000000E+00,3, 4.560372E+00, 1.110530E+00, 1.988452E+00,1, 0.000000E+00,1,mc_qqps,54
-21042,1059,20227,231836,94C2, 9.125000E+01,21,12,33,21,12, 6.568140E+00,-6.817368E+00,-1.427407E+01, 4.309472E+01, 4.248658E+01, 2.023171E+00, 6.327391E-02, 4.650867E-01,-5.731859E-01, 8.348674E+01, 4.011445E+01, 3.610256E+01, 4.289464E+00,0, 0.000000E+00,8, 0.000000E+00,0, 0.000000E+00,NULL,NULL,NULL,NULL,NULL,NULL,1,mc_qqps,54
-21042,1060,20227,231855,94C2, 9.125000E+01,14,18,32,14,18,-3.108307E+00, 3.056562E+00, 2.459710E+01, 3.277195E+01, 3.260445E+01, 2.328889E+00,-1.997910E+00, 2.513904E+00, 1.921502E+01, 7.776473E+01, 5.549357E+00, 3.520527E+01, 9.787506E+00,1, 2.630717E-01,13, 4.420312E+00,0, 0.000000E+00,NULL,NULL,NULL,NULL,6, 0.000000E+00,0,mc_qqps,54
-21042,1061,20227,231920,94C2, 9.125000E+01,47,25,72,47,25,-1.638954E+00, 4.931200E-01, 2.348899E-01, 5.061505E+01, 4.942059E+01, 1.051502E+00,-2.407355E+00,-6.662751E-01, 9.954297E+00, 8.838144E+01, 1.584581E+01, 3.146209E+01, 6.182675E+00,5, 0.000000E+00,16, 2.555811E+00,0, 0.000000E+00,5, 4.197253E+00, 4.079345E-01, 1.225570E+00,3, 0.000000E+00,1,mc_qqps,54
-21042,1062,20227,232022,94C2, 9.125000E+01,25,8,33,25,8,-1.865930E+01, 2.187271E+01, 1.627743E+01, 1.095430E+02, 1.091375E+02, 4.365499E+00,-1.290949E+01, 1.538896E+01, 1.090735E+01, 1.297921E+02, 9.968436E+01, 1.711811E+01, 3.189539E+00,11, 5.325120E-01,0, 0.000000E+00,0, 0.000000E+00,6, 1.711811E+01, 7.890408E-01, 1.021380E+01,NULL,NULL,1,mc_qqps,54
-21042,1063,20227,232042,94C2, 9.125000E+01,25,15,40,25,15, 4.986678E-01, 1.688088E+00, 1.429392E+00, 3.175959E+01, 3.135096E+01, 1.254038E+00, 4.261686E+00, 3.279481E+00, 4.166740E+00, 4.450987E+01, 1.042070E+01, 6.421537E+00, 5.008930E+00,3, 0.000000E+00,12, 3.637453E+01,0, 0.000000E+00,3, 2.587445E+00, 4.073637E-01, 1.515485E+00,1, 0.000000E+00,0,mc_qqps,54
-21042,1064,20227,232151,94C2, 9.125000E+01,16,14,30,16,14,-1.470424E+00, 7.359666E+00, 7.434498E+00, 5.046184E+01, 5.030959E+01, 3.144349E+00, 1.498939E+00,-1.098780E+00, 2.278641E-01, 7.533100E+01, 5.022643E+01, 1.884511E+01, 1.853575E+00,17, 1.529129E+01,3, 0.000000E+00,0, 0.000000E+00,12, 2.279576E+01, 7.253498E-01, 4.854587E+00,NULL,NULL,1,mc_qqps,54
-21042,1065,20227,232218,94C2, 9.125000E+01,39,12,51,39,12,-6.512304E+00,-7.191421E+00,-3.280046E+00, 7.700364E+01, 7.627370E+01, 1.955736E+00,-1.003399E+01,-1.447907E+01,-7.707988E+00, 9.742573E+01, 6.879288E+01, 8.802054E+00, 2.720409E+00,17, 8.827626E+00,1, 6.210486E-01,0, 0.000000E+00,9, 1.774806E+01, 5.348781E-01, 6.676744E+00,1, 0.000000E+00,1,mc_qqps,54
-21042,1066,20227,232244,94C2, 9.125000E+01,36,19,55,36,19,-9.045985E-01, 1.894685E+00,-4.701312E+00, 7.777151E+01, 7.716199E+01, 2.143389E+00, 3.956529E+00,-5.969951E-01, 4.456418E-01, 1.152860E+02, 6.156340E+01, 3.189412E+01, 5.620309E+00,4, 0.000000E+00,10, 3.648059E+00,0, 0.000000E+00,3, 4.078884E+00, 3.608210E-01, 2.739307E+00,NULL,NULL,1,mc_qqps,54
-21042,1067,20227,232304,94C2, 9.125000E+01,33,10,43,33,10, 7.288107E-01,-3.176288E+00, 1.126711E+00, 6.512223E+01, 6.456995E+01, 1.956665E+00,-1.557617E+00,-4.023792E+00,-1.297786E+00, 8.088693E+01, 5.648585E+01, 1.457935E+01, 0.000000E+00,11, 1.910699E-01,0, 0.000000E+00,0, 0.000000E+00,7, 1.185640E+01, 6.914767E-01, 3.677522E+00,NULL,NULL,1,mc_qqps,54
-21042,1068,20227,232319,94C2, 9.125000E+01,33,9,42,33,9, 9.340540E+00,-1.837000E+01,-2.149596E+01, 7.852291E+01, 7.814232E+01, 2.367949E+00, 8.190229E+00,-1.748896E+01,-2.000012E+01, 9.199500E+01, 6.317252E+01, 6.044666E+00, 7.448453E+00,7, 7.712395E-02,3, 0.000000E+00,0, 0.000000E+00,3, 4.864233E+00, 1.204460E+00, 2.071849E+00,NULL,NULL,1,mc_qqps,54
-21042,1069,20227,232332,94C2, 9.125000E+01,56,12,68,56,12,-2.073750E+01, 5.617046E+00,-1.401524E+00, 7.483590E+01, 7.344514E+01, 1.311520E+00,-2.367381E+01, 6.251227E+00,-2.388464E+00, 9.187717E+01, 5.867524E+01, 1.607714E+01, 9.641463E-01,16, 4.406070E-01,0, 0.000000E+00,0, 0.000000E+00,9, 1.553455E+01, 3.927034E-01, 4.773898E+00,NULL,NULL,1,mc_qqps,54
-21042,1070,20227,232357,94C2, 9.125000E+01,34,16,50,34,16,-8.771682E+00,-1.356939E+01, 1.257159E+01, 7.232329E+01, 7.172726E+01, 2.109625E+00,-1.070323E-01, 3.694476E+00,-1.822808E+00, 1.067081E+02, 5.985883E+01, 1.977243E+01, 1.325134E+01,19, 1.543522E+01,0, 0.000000E+00,0, 0.000000E+00,11, 2.007230E+01, 4.510490E-01, 4.923968E+00,NULL,NULL,1,mc_qqps,54
-21042,1071,20227,232410,94C2, 9.125000E+01,16,12,28,16,12,-2.021510E+01,-1.130116E+01,-1.154937E+01, 4.494397E+01, 4.480878E+01, 2.800549E+00,-5.433932E+00,-4.014890E+00,-3.440273E+00, 9.031268E+01, 3.260280E+01, 3.261427E+01, 8.490150E+00,13, 4.904575E+00,0, 0.000000E+00,0, 0.000000E+00,10, 3.493760E+01, 3.201994E-01, 1.847247E+01,NULL,NULL,1,mc_qqps,54
-21042,1072,20227,232421,94C2, 9.125000E+01,25,14,39,25,14,-1.322606E+01, 6.026275E+00,-7.161403E+00, 7.091348E+01, 7.024421E+01, 2.809768E+00,-1.971396E+01, 5.573890E+00,-9.417443E+00, 1.105261E+02, 6.750079E+01, 1.738490E+01, 2.144155E+01,19, 6.928297E+00,1, 0.000000E+00,0, 0.000000E+00,10, 1.345322E+01, 3.862938E-01, 3.583323E+00,NULL,NULL,1,mc_qqps,54
-21042,1073,20227,232434,94C2, 9.125000E+01,33,17,50,33,17, 7.472521E+00,-4.244355E-01,-1.281952E+01, 5.282567E+01, 5.223497E+01, 1.582878E+00,-6.414602E+00,-6.634327E+00,-4.444516E+00, 9.788411E+01, 4.681218E+01, 3.058413E+01, 1.466799E+01,4, 5.785717E-01,10, 0.000000E+00,0, 0.000000E+00,1, 1.303946E+00, 1.303946E+00, 1.303946E+00,1, 0.000000E+00,1,mc_qqps,54
-21042,1074,20227,232450,94C2, 9.125000E+01,34,13,47,34,13, 1.045317E+01,-5.149031E-01,-1.945786E+01, 7.014893E+01, 6.958110E+01, 2.046503E+00, 5.077498E+00,-1.296907E-01,-1.033029E+01, 8.397100E+01, 6.159667E+01, 1.197040E+01, 1.851674E+00,2, 0.000000E+00,15, 3.545715E+00,0, 0.000000E+00,1, 5.353974E-01, 5.353974E-01, 5.353974E-01,NULL,NULL,1,mc_qqps,54
-21042,1075,20227,232507,94C2, 9.125000E+01,42,16,58,42,16, 3.924132E+00, 2.094778E+00,-2.756630E+00, 7.086642E+01, 7.007715E+01, 1.668504E+00,-7.809336E-01,-7.615533E-01, 3.612978E-01, 9.901702E+01, 6.372437E+01, 1.764040E+01, 9.105669E+00,16, 4.658965E-01,0, 0.000000E+00,0, 0.000000E+00,10, 1.449042E+01, 6.764278E-01, 4.287914E+00,NULL,NULL,1,mc_qqps,54
-21042,1076,20227,232522,94C2, 9.125000E+01,24,6,30,24,6,-3.602097E+01, 1.812475E+01,-2.468502E+01, 9.345325E+01, 9.304536E+01, 3.876890E+00,-1.958733E+01, 1.263427E+01,-1.789191E+01, 1.122561E+02, 4.803376E+01, 7.327537E+00, 1.147532E+01,12, 3.980285E+00,0, 0.000000E+00,0, 0.000000E+00,5, 7.327537E+00, 3.294735E-01, 3.189586E+00,NULL,NULL,1,mc_qqps,54
-21042,1077,20227,232534,94C2, 9.125000E+01,35,9,44,35,9, 1.582368E+01, 5.120131E+00,-1.233457E+01, 7.190427E+01, 7.105001E+01, 2.030000E+00, 1.175780E+00,-3.394163E-01,-1.455918E+00, 9.438047E+01, 5.970418E+01, 2.055172E+01, 2.348050E+00,7, 2.623960E+00,1, 0.000000E+00,0, 0.000000E+00,5, 1.798025E+01, 3.224740E-01, 9.455565E+00,NULL,NULL,1,mc_qqps,54
-21042,1078,20227,232548,94C2, 9.125000E+01,48,15,63,48,15, 6.208662E+00,-8.944251E+00, 4.439090E+00, 7.461565E+01, 7.263011E+01, 1.513127E+00, 9.828581E-01, 5.062401E-03, 4.659009E-01, 1.005056E+02, 6.661742E+01, 1.675537E+01, 3.615159E+00,22, 6.161104E+00,0, 0.000000E+00,0, 0.000000E+00,12, 2.161951E+01, 7.764605E-01, 8.956079E+00,NULL,NULL,1,mc_qqps,54
-21042,1079,20227,232603,94C2, 9.125000E+01,41,26,67,41,26, 1.481604E+00, 3.906790E+00, 4.377842E+00, 3.202834E+01, 3.054560E+01, 7.450147E-01, 5.366487E+00,-5.797556E+00, 1.485105E+01, 6.945589E+01, 2.171587E+01, 2.747235E+01, 9.955205E+00,12, 5.685943E-01,10, 0.000000E+00,0, 0.000000E+00,7, 1.139143E+01, 2.930495E-01, 3.802523E+00,4, 0.000000E+00,1,mc_qqps,54
-21042,1080,20227,232621,94C2, 9.125000E+01,37,13,50,37,13, 2.060917E+01, 4.558794E+00,-3.616516E+00, 8.195251E+01, 8.111837E+01, 2.192388E+00, 2.310533E+01, 4.078944E+00,-5.290974E+00, 1.198490E+02, 7.552129E+01, 3.012800E+01, 7.784849E+00,16, 1.328606E+00,0, 0.000000E+00,0, 0.000000E+00,9, 2.728733E+01, 3.807619E-01, 1.216044E+01,NULL,NULL,1,mc_qqps,54
-21042,1081,20227,232637,94C2, 9.125000E+01,43,25,68,43,25, 6.585677E+00,-5.470411E+00, 1.395595E+01, 3.970370E+01, 3.877761E+01, 9.018048E-01, 1.983668E+00,-1.063560E+00, 2.475765E+00, 8.646731E+01, 2.080598E+01, 3.801361E+01, 8.750006E+00,4, 2.273394E-01,22, 2.551210E+00,0, 0.000000E+00,3, 1.911167E+00, 4.305986E-01, 8.185877E-01,NULL,NULL,1,mc_qqps,54
-21042,1082,20227,232655,94C2, 9.125000E+01,19,7,26,19,7, 9.058427E-01, 5.667994E+00,-6.463057E-01, 8.250047E+01, 8.233817E+01, 4.333588E+00, 1.099468E+00, 6.268247E+00, 1.595315E-01, 9.453893E+01, 7.391338E+01, 9.145563E+00, 2.892905E+00,9, 2.985413E-01,0, 0.000000E+00,0, 0.000000E+00,4, 9.145563E+00, 1.200729E+00, 3.261472E+00,NULL,NULL,1,mc_qqps,54
-21042,1083,20227,232706,94C2, 9.125000E+01,28,19,47,28,19, 1.055122E+01, 7.332771E+00,-1.716092E+01, 5.790823E+01, 5.734650E+01, 2.048090E+00, 1.040425E+01, 4.877568E+00,-1.617265E+01, 8.080647E+01, 5.060008E+01, 1.645000E+01, 6.039120E+00,4, 1.764517E-01,13, 5.781726E+00,0, 0.000000E+00,3, 3.176202E+00, 7.385166E-01, 1.584834E+00,NULL,NULL,1,mc_qqps,54
-21042,1084,20227,232722,94C2, 9.125000E+01,26,23,49,26,23,-1.264381E+01, 3.788982E+00,-5.303070E+00, 5.847521E+01, 5.813712E+01, 2.236043E+00, 9.198854E+00, 7.055073E-01, 2.555747E+00, 9.807346E+01, 5.668401E+01, 2.866553E+01, 1.042056E+01,26, 1.752287E+00,0, 0.000000E+00,0, 0.000000E+00,17, 2.627678E+01, 5.121534E-01, 4.903756E+00,NULL,NULL,1,mc_qqps,54
-21042,1085,20227,232737,94C2, 9.125000E+01,45,21,66,45,21,-2.907194E+00,-2.459000E+00,-1.353800E+01, 6.103133E+01, 5.992632E+01, 1.331696E+00,-6.368245E-01,-5.940193E+00,-1.227764E+01, 8.638129E+01, 2.350839E+01, 1.974388E+01, 3.942502E+00,9, 4.996413E+00,13, 4.525094E-01,0, 0.000000E+00,6, 5.929191E+00, 5.602530E-01, 1.411109E+00,2, 0.000000E+00,1,mc_qqps,54
-21042,1086,20227,232753,94C2, 9.125000E+01,25,14,39,25,14, 3.429321E+00, 3.910233E+00,-3.021152E+00, 7.012452E+01, 6.978072E+01, 2.791229E+00, 4.911125E-01, 4.960855E-01, 6.562174E+00, 9.301862E+01, 6.629363E+01, 1.500639E+01, 7.887713E+00,8, 9.274260E-02,3, 0.000000E+00,0, 0.000000E+00,6, 1.163855E+01, 5.467716E-01, 4.699346E+00,NULL,NULL,1,mc_qqps,54
-21042,1087,20227,232809,94C2, 9.125000E+01,26,14,40,26,14, 4.493605E+00,-6.586079E+00,-9.426453E+00, 6.194043E+01, 6.150501E+01, 2.365577E+00, 7.791089E+00,-1.504048E+01,-1.572178E+01, 1.089922E+02, 5.755604E+01, 4.183662E+01, 4.371081E+00,12, 2.665032E+00,2, 0.000000E+00,0, 0.000000E+00,8, 2.586359E+01, 6.685815E-01, 1.407012E+01,NULL,NULL,1,mc_qqps,54
-21042,1088,20227,232826,94C2, 9.125000E+01,36,23,59,36,23,-3.753954E+02, 2.775585E+02, 6.596732E+02, 8.435785E+02, 8.428533E+02, 2.341259E+01,-3.782872E+02, 2.777388E+02, 6.641841E+02, 8.684808E+02, 1.978794E+01, 1.902479E+01, 5.932622E+00,1, 0.000000E+00,22, 3.116475E+00,0, 0.000000E+00,1, 7.884151E-01, 7.884151E-01, 7.884151E-01,1, 0.000000E+00,1,mc_qqps,54
-21042,1089,20227,232842,94C2, 9.125000E+01,20,18,38,20,18, 3.504263E+00, 3.563980E+01, 5.764950E+00, 7.777520E+01, 7.764358E+01, 3.882179E+00, 5.810546E+00, 2.769281E+01, 4.419715E+00, 1.352914E+02, 7.644892E+01, 5.651957E+01, 3.704441E-01,19, 4.299967E+00,0, 0.000000E+00,0, 0.000000E+00,14, 4.930535E+01, 5.954055E-01, 1.638649E+01,NULL,NULL,1,mc_qqps,54
-21042,1090,20227,232853,94C2, 9.125000E+01,14,9,23,14,9,-6.898046E-02, 6.832000E+00,-2.260785E+00, 5.042785E+01, 5.017345E+01, 3.583818E+00, 4.357758E-02,-1.155470E+00,-6.834752E-01, 8.295129E+01, 4.871626E+01, 1.419248E+01, 1.833194E+01,8, 6.765443E+00,0, 0.000000E+00,0, 0.000000E+00,5, 1.309112E+01, 5.352514E-01, 9.385178E+00,NULL,NULL,1,mc_qqps,54
-21042,1091,20227,232904,94C2, 9.125000E+01,40,14,54,40,14,-6.484496E+00,-2.004214E+00,-1.798176E+00, 5.670753E+01, 5.587984E+01, 1.396996E+00,-6.219279E+00, 6.686244E-01,-2.436781E+00, 9.578662E+01, 5.480167E+01, 8.382951E+00, 3.118936E+01,16, 3.592084E+00,2, 0.000000E+00,0, 0.000000E+00,6, 5.676676E+00, 5.185792E-01, 1.411443E+00,NULL,NULL,1,mc_qqps,54
-21042,1092,20227,232918,94C2, 9.125000E+01,48,15,63,48,15, 1.700574E+00,-3.257036E+00, 1.163608E+01, 8.151124E+01, 8.060811E+01, 1.679336E+00, 2.008256E+00,-3.334451E+00, 1.457660E+01, 9.696230E+01, 4.885677E+01, 1.312981E+01, 1.414907E+00,10, 8.248948E-01,7, 0.000000E+00,0, 0.000000E+00,7, 8.405652E+00, 4.431641E-01, 2.847275E+00,1, 0.000000E+00,1,mc_qqps,54
-21042,1093,20227,232937,94C2, 9.125000E+01,44,12,56,44,12, 4.022843E+00,-2.229983E+00,-8.562446E-01, 7.906170E+01, 7.832169E+01, 1.780038E+00, 3.354003E+00,-5.627074E-01, 1.848465E-02, 9.958012E+01, 6.057827E+01, 1.848617E+01, 9.993739E-01,21, 1.299923E+00,0, 0.000000E+00,0, 0.000000E+00,10, 1.717518E+01, 5.009926E-01, 5.479166E+00,NULL,NULL,1,mc_qqps,54
-21042,1094,20227,232951,94C2, 9.125000E+01,20,13,33,20,13, 9.073780E+00, 3.602538E+00, 1.199041E+01, 5.926530E+01, 5.890117E+01, 2.945058E+00, 5.657108E+00, 3.289450E+00, 8.513168E+00, 8.294205E+01, 5.536693E+01, 2.367675E+01, 0.000000E+00,11, 2.041084E+01,2, 0.000000E+00,0, 0.000000E+00,9, 1.784259E+01, 5.945901E-01, 4.576599E+00,NULL,NULL,1,mc_qqps,54
-21042,1095,20227,233005,94C2, 9.125000E+01,50,21,71,50,21, 5.979840E+00, 1.572586E-01,-6.701449E+00, 5.891488E+01, 5.795341E+01, 1.159068E+00,-3.029933E+00,-2.167436E+00, 2.130276E+00, 8.377673E+01, 5.405379E+01, 1.698249E+01, 8.135807E+00,14, 1.664549E-01,13, 7.743850E-01,0, 0.000000E+00,6, 7.910627E+00, 8.154607E-01, 2.598069E+00,NULL,NULL,1,mc_qqps,54
-21042,1096,20227,233027,94C2, 9.125000E+01,16,9,25,16,9,-1.023162E+02, 1.854609E+01,-7.330559E+01, 1.351268E+02, 1.347448E+02, 8.421550E+00,-7.770396E+01, 1.279544E+01,-5.468107E+01, 1.793297E+02, 6.979501E+01, 5.855680E+00, 3.645343E+01,7, 5.367284E-01,0, 0.000000E+00,0, 0.000000E+00,5, 7.749505E+00, 9.252889E-01, 2.382970E+00,NULL,NULL,1,mc_qqps,54
-21042,1097,20227,233040,94C2, 9.125000E+01,27,22,49,27,22, 4.061176E+00,-7.574800E+00,-4.469754E+01, 5.708651E+01, 5.660657E+01, 2.096539E+00,-1.840032E+00,-6.920952E+00,-2.759796E+01, 9.942014E+01, 1.098020E+01, 1.725664E+01, 2.463149E+01,1, 0.000000E+00,17, 3.485801E+00,0, 0.000000E+00,1, 4.455134E-01, 4.455134E-01, 4.455134E-01,4, 0.000000E+00,0,mc_qqps,54
-21042,1098,20227,233059,94C2, 9.125000E+01,19,9,28,19,9, 3.554990E+00, 1.853171E+00, 5.753191E+00, 5.207815E+01, 5.178150E+01, 2.725342E+00, 1.978502E+00, 1.912293E+00, 4.247659E+00, 7.982979E+01, 3.099638E+01, 2.212954E+01, 0.000000E+00,3, 2.000704E-01,11, 1.605903E+01,0, 0.000000E+00,2, 5.622096E+00, 4.290740E-01, 5.193022E+00,2, 0.000000E+00,1,mc_qqps,54
-21042,1099,20227,233130,94C2, 9.125000E+01,34,8,42,34,8,-1.147387E+01,-1.957638E+01, 2.228564E+00, 5.357538E+01, 5.276452E+01, 1.551898E+00,-8.196470E+00,-1.529416E+01, 1.437591E+00, 6.514940E+01, 4.767458E+01, 7.883116E+00, 3.825202E+00,10, 4.561666E-01,0, 0.000000E+00,0, 0.000000E+00,5, 7.735119E+00, 6.911603E-01, 3.262953E+00,NULL,NULL,1,mc_qqps,54
-21042,1100,20227,233144,94C2, 9.125000E+01,58,17,75,58,17, 4.688422E+00, 5.999181E+00, 1.437903E+00, 5.945002E+01, 5.798252E+01, 9.996986E-01, 6.240571E+00, 4.161690E+00,-3.717311E+00, 9.202819E+01, 4.294343E+01, 2.837336E+01, 0.000000E+00,21, 5.238756E+00,0, 0.000000E+00,0, 0.000000E+00,17, 3.257816E+01, 4.263207E-01, 8.813782E+00,NULL,NULL,1,mc_qqps,54
-21042,1101,20227,233206,94C2, 9.125000E+01,17,5,22,17,5, 1.117637E+01, 1.260779E+01,-9.506803E+00, 6.929198E+01, 6.902128E+01, 4.060075E+00, 8.247384E+00, 9.658152E+00,-6.835611E+00, 7.684708E+01, 6.656932E+01, 7.257318E+00, 2.977926E-01,9, 1.650858E+01,0, 0.000000E+00,0, 0.000000E+00,4, 7.257318E+00, 3.405020E-01, 2.998786E+00,NULL,NULL,1,mc_qqps,54
-21042,1102,20227,233216,94C2, 9.125000E+01,39,8,47,39,8,-1.174346E+01, 5.493885E+00, 2.176874E+00, 7.807132E+01, 7.719186E+01, 1.979279E+00, 2.181345E+00,-1.094917E+00,-1.007335E+00, 9.680358E+01, 6.844827E+01, 1.162303E+01, 6.185094E+00,9, 6.114337E+00,0, 0.000000E+00,0, 0.000000E+00,5, 1.265040E+01, 1.027370E+00, 5.885181E+00,NULL,NULL,1,mc_qqps,54
-21042,1103,20227,233235,94C2, 9.125000E+01,37,11,48,37,11, 1.199779E+01,-4.654027E+00, 1.155199E+01, 5.334393E+01, 5.267052E+01, 1.423528E+00, 2.619301E+00, 8.424063E-01, 1.834603E+00, 7.680111E+01, 4.879739E+01, 2.133765E+01, 2.120431E+00,8, 1.896639E+00,6, 0.000000E+00,0, 0.000000E+00,4, 1.768939E+01, 5.370437E-01, 1.003871E+01,1, 0.000000E+00,1,mc_qqps,54
-21042,1104,20227,233253,94C2, 9.125000E+01,35,13,48,35,13,-2.039461E+00, 3.526233E+00,-4.135976E+00, 5.977807E+01, 5.905299E+01, 1.687228E+00,-3.379572E+00, 3.324287E+00,-1.028599E+01, 8.133370E+01, 1.953203E+01, 2.155564E+01, 0.000000E+00,0, 0.000000E+00,15, 4.678075E+00,0, 0.000000E+00,NULL,NULL,NULL,NULL,4, 0.000000E+00,1,mc_qqps,54
-21042,1105,20227,233307,94C2, 9.125000E+01,38,13,51,38,13, 1.843484E-01, 1.998590E+00,-8.134725E-01, 7.291354E+01, 7.238182E+01, 1.904785E+00,-8.339185E-01, 5.297443E+00,-1.229040E+00, 9.640238E+01, 5.919036E+01, 1.525736E+01, 3.895715E-01,22, 2.112079E+00,0, 0.000000E+00,0, 0.000000E+00,12, 2.309929E+01, 3.663886E-01, 8.746319E+00,NULL,NULL,1,mc_qqps,54
-21042,1106,20227,233323,94C2, 9.125000E+01,15,14,29,15,14, 1.139960E+01,-1.423464E+01,-6.891570E+00, 5.324444E+01, 5.314131E+01, 3.542754E+00,-2.224255E+00, 9.048269E+00, 2.108372E+00, 9.067989E+01, 3.819925E+01, 2.494778E+01, 1.248767E+01,19, 1.070343E+01,0, 0.000000E+00,0, 0.000000E+00,11, 2.014807E+01, 6.603267E-01, 5.807221E+00,NULL,NULL,1,mc_qqps,54
-21042,1107,20227,233331,94C2, 9.125000E+01,28,11,39,28,11,-7.463064E-01,-1.820388E+00, 2.449029E+00, 7.138779E+01, 7.079285E+01, 2.528316E+00, 3.790365E+00, 9.848628E-01,-9.587848E+00, 9.429574E+01, 6.244007E+01, 7.210295E+00, 1.586955E+01,1, 0.000000E+00,10, 2.890533E+00,0, 0.000000E+00,NULL,NULL,NULL,NULL,NULL,NULL,1,mc_qqps,54
-21042,1108,20227,233410,94C2, 9.125000E+01,16,14,30,16,14, 7.412702E+00, 8.671792E+00, 1.877879E+01, 5.118040E+01, 5.099682E+01, 3.187301E+00, 4.543100E+00, 4.831995E+00, 9.301128E+00, 7.994501E+01, 4.050725E+01, 2.109897E+01, 7.165328E+00,2, 0.000000E+00,9, 2.857617E+00,0, 0.000000E+00,2, 5.531361E+00, 5.219064E-01, 5.009455E+00,NULL,NULL,1,mc_qqps,54
-21042,1109,20227,233423,94C2, 9.125000E+01,20,9,29,20,9,-1.813496E+00, 2.426735E+01,-1.715703E+01, 5.903574E+01, 5.881392E+01, 2.940696E+00,-3.006061E+00, 6.852283E+00,-1.471857E+00, 9.158683E+01, 5.769099E+01, 2.998954E+01, 1.466550E+00,9, 5.891428E-01,0, 0.000000E+00,0, 0.000000E+00,6, 2.990037E+01, 8.314291E-01, 2.045907E+01,NULL,NULL,1,mc_qqps,54
-21042,1110,20227,233438,94C2, 9.125000E+01,27,14,41,27,14,-5.411737E+00, 9.081907E+00, 2.051914E+00, 3.799003E+01, 3.741636E+01, 1.385791E+00,-8.732123E+00,-1.522642E+00,-2.690303E+00, 7.218564E+01, 3.507293E+01, 1.853986E+01, 1.040732E+01,11, 2.266593E+00,0, 0.000000E+00,0, 0.000000E+00,9, 1.934410E+01, 5.813265E-01, 4.302636E+00,NULL,NULL,1,mc_qqps,54
-21042,1111,20227,233449,94C2, 9.125000E+01,46,14,60,46,14,-5.578735E+00, 2.706739E+00, 3.960423E+00, 6.930421E+01, 6.836405E+01, 1.486175E+00,-6.372857E+00, 6.137608E+00,-1.427155E-01, 8.565720E+01, 4.434746E+01, 1.235026E+01, 4.002721E+00,3, 0.000000E+00,9, 5.500040E+00,0, 0.000000E+00,3, 2.732409E+00, 5.615950E-01, 1.461885E+00,NULL,NULL,1,mc_qqps,54
-21042,1112,20227,233522,94C2, 9.125000E+01,33,10,43,33,10, 5.980742E+00,-3.715825E+00, 4.431489E+00, 7.962311E+01, 7.911573E+01, 2.397446E+00, 6.504116E+00,-4.276377E+00, 4.510075E+00, 9.774365E+01, 7.649374E+01, 1.364764E+01, 4.472911E+00,5, 0.000000E+00,4, 0.000000E+00,0, 0.000000E+00,5, 1.258835E+01, 9.563841E-01, 4.215355E+00,NULL,NULL,1,mc_qqps,54
-21042,1113,20227,233535,94C2, 9.125000E+01,25,13,38,25,13,-6.270499E+00,-3.303786E-01,-1.910143E-01, 4.253296E+01, 4.206722E+01, 1.682689E+00,-5.831310E+00, 3.450335E+00, 5.486609E-01, 8.512182E+01, 4.105479E+01, 1.638802E+01, 2.587832E+01,15, 5.288412E+00,1, 0.000000E+00,0, 0.000000E+00,7, 1.657324E+01, 3.877463E-01, 3.908106E+00,NULL,NULL,1,mc_qqps,54
-21042,1114,20227,233548,94C2, 9.125000E+01,31,11,42,31,11,-2.311283E+01, 9.345325E+00,-5.966209E+00, 5.129022E+01, 5.057400E+01, 1.631419E+00,-1.088877E+01, 3.708493E+00,-3.002518E+00, 8.568597E+01, 4.656849E+01, 3.385143E+01, 5.460418E-01,13, 1.463385E+00,0, 0.000000E+00,0, 0.000000E+00,6, 2.929184E+01, 1.063139E+00, 1.667030E+01,NULL,NULL,1,mc_qqps,54
-21042,1115,20227,233602,94C2, 9.125000E+01,31,14,45,31,14, 1.397320E+00, 8.400920E+00,-6.477715E-01, 8.066530E+01, 8.040904E+01, 2.593840E+00, 2.633467E+00, 5.706802E+00,-3.214906E+00, 1.105892E+02, 5.900907E+01, 2.333984E+01, 4.431026E+00,25, 9.670794E+00,0, 0.000000E+00,0, 0.000000E+00,11, 1.831272E+01, 2.566614E-01, 3.875911E+00,NULL,NULL,1,mc_qqps,54
-21042,1116,20227,233619,94C2, 9.125000E+01,40,15,55,40,15, 3.531464E-01, 5.579703E+00, 1.990435E+00, 6.724515E+01, 6.621354E+01, 1.655339E+00, 6.145289E+00, 4.514247E+00, 4.641244E+00, 9.433329E+01, 5.654457E+01, 1.494533E+01, 8.508767E+00,20, 1.494450E+01,0, 0.000000E+00,0, 0.000000E+00,9, 1.824033E+01, 7.994627E-01, 5.865074E+00,NULL,NULL,1,mc_qqps,54
-21042,1117,20227,233637,94C2, 9.125000E+01,33,16,49,33,16,-1.297268E+01, 1.546492E+01, 4.762258E+00, 6.086767E+01, 6.001971E+01, 1.818779E+00,-1.300338E+01, 1.207307E+01, 3.595728E+00, 8.977265E+01, 5.593383E+01, 1.471057E+01, 8.763234E+00,17, 4.350946E+00,0, 0.000000E+00,0, 0.000000E+00,13, 1.918069E+01, 3.804795E-01, 3.413987E+00,NULL,NULL,1,mc_qqps,54
-21042,1118,20227,233655,94C2, 9.125000E+01,17,9,26,17,9, 1.802208E+01, 2.894124E+00, 1.448065E+01, 4.644828E+01, 4.615420E+01, 2.714953E+00, 1.121284E+01, 9.539567E-01, 8.824499E+00, 1.039808E+02, 4.559365E+01, 3.288352E+00, 4.688592E+01,9, 5.042178E+00,0, 0.000000E+00,0, 0.000000E+00,5, 1.069169E+01, 5.947096E-01, 7.403341E+00,NULL,NULL,1,mc_qqps,54
-21042,1119,20227,233709,94C2, 9.125000E+01,22,9,31,22,9,-2.304475E+00,-3.184797E-01,-3.062105E-01, 5.915289E+01, 5.880195E+01, 2.672816E+00, 3.955147E+00, 7.763297E+00, 6.727376E+00, 7.850887E+01, 5.765505E+01, 1.866571E+01, 6.902707E-01,10, 1.441513E+00,0, 0.000000E+00,0, 0.000000E+00,5, 1.780229E+01, 6.515312E-01, 1.096135E+01,NULL,NULL,1,mc_qqps,54
-21042,1120,20227,233722,94C2, 9.125000E+01,15,11,26,15,11, 1.729686E+01,-1.992718E+01, 1.051741E+01, 4.117297E+01, 4.094800E+01, 2.729867E+00, 2.453030E+00,-3.810255E+00, 1.283708E+00, 8.358530E+01, 3.902429E+01, 4.030161E+01, 2.187439E+00,12, 4.914989E+00,0, 0.000000E+00,0, 0.000000E+00,8, 4.001508E+01, 5.804638E-01, 2.463257E+01,NULL,NULL,1,mc_qqps,54
-21042,1121,20227,233732,94C2, 9.125000E+01,13,17,30,13,17, 1.490482E+00, 1.292315E+00, 5.166715E+00, 6.373525E+01, 6.356751E+01, 4.889808E+00, 3.249175E+00, 5.504763E+00, 6.836781E+00, 9.004738E+01, 6.254345E+01, 2.303635E+01, 1.315903E+00,11, 7.431619E+00,4, 0.000000E+00,0, 0.000000E+00,8, 1.060320E+01, 3.893923E-01, 2.726161E+00,NULL,NULL,1,mc_qqps,54
-21042,1122,20227,233745,94C2, 9.125000E+01,31,22,53,31,22,-2.220909E+00,-1.301936E+00,-2.154989E+00, 4.256652E+01, 4.213102E+01, 1.359065E+00,-4.735663E-01,-5.309095E+00,-5.425407E+00, 7.651920E+01, 3.881441E+01, 3.378313E+01, 1.695416E-01,6, 1.777509E-01,16, 9.166749E-01,0, 0.000000E+00,4, 8.895039E+00, 8.495857E-01, 4.624020E+00,1, 0.000000E+00,1,mc_qqps,54
-21042,1123,20227,233803,94C2, 9.125000E+01,18,18,36,18,18, 1.752791E+04,-1.514845E+03,-4.035798E+04, 4.403374E+04, 4.403353E+04, 2.446307E+03, 1.751433E+04,-1.510847E+03,-4.032089E+04, 4.408916E+04, 1.912628E+01, 1.283837E+01, 4.258874E+01,0, 0.000000E+00,19, 6.040345E+00,0, 0.000000E+00,NULL,NULL,NULL,NULL,2, 0.000000E+00,1,mc_qqps,54
-21042,1124,20227,233818,94C2, 9.125000E+01,32,15,47,32,15, 6.919606E+00,-2.658481E+00,-4.597921E+00, 6.447836E+01, 6.410988E+01, 2.003434E+00,-3.696961E+00, 3.098566E+00,-2.359489E-01, 8.493832E+01, 5.297303E+01, 7.586062E+00, 4.574710E+00,21, 7.956280E+00,0, 0.000000E+00,0, 0.000000E+00,10, 1.417741E+01, 5.279028E-01, 4.240636E+00,NULL,NULL,1,mc_qqps,54
-21042,1125,20227,233831,94C2, 9.125000E+01,16,8,24,16,8,-4.948082E+00,-8.657480E-01,-4.009936E+00, 3.838763E+01, 3.814330E+01, 2.383956E+00, 6.983382E+00, 7.775552E-01, 7.086408E+00, 7.842857E+01, 3.663682E+01, 3.068768E+01, 7.231044E+00,10, 4.709524E+00,1, 0.000000E+00,0, 0.000000E+00,5, 3.038323E+01, 6.799476E-01, 2.261794E+01,NULL,NULL,1,mc_qqps,54
-21042,1126,20227,233843,94C2, 9.125000E+01,32,16,48,32,16, 1.211812E+00, 1.067767E+01, 1.132689E+01, 5.843964E+01, 5.798039E+01, 1.811887E+00, 2.960133E+00,-3.347622E+00,-5.995238E-01, 9.045779E+01, 5.361348E+01, 2.077523E+01, 2.091942E-01,17, 3.032301E+00,2, 0.000000E+00,0, 0.000000E+00,13, 2.825384E+01, 4.688086E-01, 8.068115E+00,1, 0.000000E+00,1,mc_qqps,54
-21042,1127,20227,233859,94C2, 9.125000E+01,34,19,53,34,19,-3.400903E+00,-3.256670E+00,-9.751402E+00, 4.803473E+01, 4.728425E+01, 1.390713E+00,-3.289680E+00, 4.160109E+00,-2.384620E+00, 6.666739E+01, 3.405402E+01, 1.200361E+01, 3.540745E-01,12, 2.838358E-01,6, 0.000000E+00,0, 0.000000E+00,11, 1.388242E+01, 6.810920E-01, 3.327564E+00,NULL,NULL,1,mc_qqps,54
-21042,1128,20227,233918,94C2, 9.125000E+01,28,11,39,28,11, 1.404345E+00, 3.136320E-01,-1.330898E+00, 5.843076E+01, 5.802488E+01, 2.072317E+00, 8.182973E-01,-3.376528E+00,-3.293402E+00, 9.225093E+01, 5.591224E+01, 2.901680E+01, 4.953537E+00,15, 1.495894E+01,0, 0.000000E+00,0, 0.000000E+00,9, 2.901680E+01, 7.031482E-01, 5.597352E+00,NULL,NULL,1,mc_qqps,54
-21042,1129,20227,233932,94C2, 9.125000E+01,32,21,53,32,21,-2.277328E+01, 4.213201E+00,-1.368751E+02, 1.819977E+02, 1.814437E+02, 5.670116E+00,-2.502339E+01, 2.943433E+00,-1.316116E+02, 2.090477E+02, 1.802651E+01, 2.093100E+01, 5.727975E+00,1, 0.000000E+00,17, 5.391896E+00,0, 0.000000E+00,1, 3.910415E-01, 3.910415E-01, 3.910415E-01,1, 0.000000E+00,1,mc_qqps,54
-21042,1130,20227,233951,94C2, 9.125000E+01,35,17,52,35,17, 4.377283E+00,-8.405473E+00, 1.693800E+01, 6.576844E+01, 6.510116E+01, 1.860033E+00, 1.051292E+00,-7.045181E+00, 1.556057E+01, 1.020442E+02, 5.336239E+01, 3.145611E+01, 4.442463E+00,4, 0.000000E+00,14, 3.089076E+00,0, 0.000000E+00,3, 6.152326E+00, 3.801324E-01, 5.146336E+00,NULL,NULL,1,mc_qqps,54
-21042,1131,20227,234026,94C2, 9.125000E+01,33,19,52,33,19, 7.523760E+00,-6.797277E+00, 5.636306E+00, 4.304564E+01, 4.238980E+01, 1.284539E+00, 1.616477E+01,-1.263141E+01, 5.506475E+00, 7.392953E+01, 2.158194E+01, 2.341503E+01, 5.119431E+00,15, 2.470414E-01,4, 0.000000E+00,0, 0.000000E+00,12, 2.313590E+01, 5.185621E-01, 8.369687E+00,NULL,NULL,1,mc_qqps,54
-21042,1132,20227,234043,94C2, 9.125000E+01,28,13,41,28,13, 5.657024E+00, 7.211839E+01,-2.478297E+01, 1.275305E+02, 1.271246E+02, 4.540165E+00, 4.199611E+00, 7.701345E+01,-2.657033E+01, 1.644424E+02, 3.617321E+01, 1.936245E+01, 1.695869E+01,17, 1.925096E+00,0, 0.000000E+00,0, 0.000000E+00,11, 1.995313E+01, 5.159285E-01, 6.984244E+00,NULL,NULL,1,mc_qqps,54
-21042,1133,20227,234057,94C2, 9.125000E+01,29,7,36,29,7,-5.441403E+00, 1.141963E+00, 6.309660E+01, 1.113569E+02, 1.109441E+02, 3.825659E+00,-9.054712E+00, 7.682808E+00, 6.960434E+01, 1.223051E+02, 3.681705E+01, 4.938159E+00, 6.039967E+00,4, 1.094955E+00,8, 0.000000E+00,0, 0.000000E+00,3, 4.487704E+00, 5.600580E-01, 2.067847E+00,NULL,NULL,1,mc_qqps,54
-21042,1134,20227,234112,94C2, 9.125000E+01,31,12,43,31,12,-8.625013E+00, 1.105371E+00,-3.119859E+00, 4.634584E+01, 4.550588E+01, 1.467932E+00,-9.822189E+00, 2.923153E+00,-4.092626E+00, 8.624929E+01, 4.138745E+01, 2.472559E+01, 1.517785E+01,11, 3.462370E+00,0, 0.000000E+00,0, 0.000000E+00,8, 1.338982E+01, 7.160935E-01, 3.679747E+00,NULL,NULL,1,mc_qqps,54
-21042,1135,20227,234124,94C2, 9.125000E+01,25,10,35,25,10, 1.322654E+00, 2.713246E-01,-1.234845E+00, 9.105836E+00, 8.085411E+00, 3.234164E-01, 9.809259E-01,-4.687336E-02, 2.235293E-01, 3.965838E+01, 1.127129E+00, 3.055254E+01, 0.000000E+00,0, 0.000000E+00,3, 0.000000E+00,0, 0.000000E+00,NULL,NULL,NULL,NULL,7, 0.000000E+00,0,mc_qqps,54
-21042,1136,20227,234140,94C2, 9.125000E+01,37,23,60,37,23,-3.327059E+00,-1.940966E+00,-9.567043E+01, 1.519591E+02, 1.513214E+02, 4.089769E+00,-2.480201E+00,-9.215489E-01,-9.665656E+01, 1.842712E+02, 3.906221E+01, 2.590830E+01, 6.442232E+00,2, 2.285138E+00,20, 4.521294E+00,0, 0.000000E+00,1, 8.548287E-01, 8.548287E-01, 8.548287E-01,1, 0.000000E+00,1,mc_qqps,54
-21042,1137,20227,234155,94C2, 9.125000E+01,35,18,53,35,18, 2.338007E+00, 4.170972E+00,-6.701444E+00, 5.513133E+01, 5.451548E+01, 1.557585E+00, 2.697930E+00,-9.598911E-01,-4.320969E+00, 7.266280E+01, 5.043570E+01, 1.371746E+01, 3.814000E+00,8, 1.738130E-01,12, 0.000000E+00,0, 0.000000E+00,6, 4.749779E+00, 4.990768E-01, 1.206170E+00,NULL,NULL,1,mc_qqps,54
-21042,1138,20227,234216,94C2, 9.125000E+01,52,17,69,52,17,-4.157514E+00,-2.457642E+00, 4.153275E+00, 5.500794E+01, 5.390443E+01, 1.036624E+00,-4.888179E+00, 9.638598E-01, 3.850191E+00, 8.079301E+01, 4.048929E+01, 2.144560E+01, 2.046598E+00,24, 4.588337E+00,0, 0.000000E+00,0, 0.000000E+00,14, 2.258069E+01, 3.340378E-01, 3.889903E+00,NULL,NULL,1,mc_qqps,54
-21042,1139,20227,234238,94C2, 9.125000E+01,30,14,44,30,14, 6.140662E+00,-3.069463E+00,-2.952379E+00, 7.136875E+01, 7.064391E+01, 2.354797E+00, 8.440975E+00,-2.088019E+00,-2.704024E+00, 1.133012E+02, 6.621707E+01, 1.298463E+01, 1.628078E+01,10, 5.370359E-01,0, 0.000000E+00,0, 0.000000E+00,9, 2.174154E+01, 7.279495E-01, 1.158780E+01,NULL,NULL,1,mc_qqps,54
-21042,1140,20227,234250,94C2, 9.125000E+01,34,18,52,34,18,-1.962890E+00, 3.230941E+00,-3.581427E+00, 6.637724E+01, 6.595403E+01, 1.939824E+00, 1.882580E+00,-3.296081E+00, 4.838518E+00, 9.018804E+01, 5.436359E+01, 1.963939E+01, 2.335647E+00,9, 0.000000E+00,13, 0.000000E+00,0, 0.000000E+00,9, 1.163901E+01, 6.455103E-01, 2.572519E+00,NULL,NULL,1,mc_qqps,54
-21042,1141,20227,234305,94C2, 9.125000E+01,20,16,36,20,16,-4.034142E+00,-4.144668E+00,-5.854545E-01, 3.669073E+01, 3.630321E+01, 1.815160E+00,-1.134622E+01, 1.983824E+01, 2.057040E+01, 1.136684E+02, 2.988225E+01, 7.157674E+01, 3.745763E+00,13, 4.098797E+00,0, 0.000000E+00,0, 0.000000E+00,12, 4.567908E+01, 5.764436E-01, 1.956708E+01,NULL,NULL,1,mc_qqps,54
-21042,1142,20227,234319,94C2, 9.125000E+01,27,18,45,27,18,-5.527328E-01, 2.129167E+00,-1.196152E+00, 5.020603E+01, 4.975515E+01, 1.842783E+00,-7.821229E+00, 9.621864E+00, 1.775060E+01, 7.804099E+01, 4.579221E+01, 9.847843E+00, 1.800422E+01,3, 1.022987E-01,14, 2.462032E+00,0, 0.000000E+00,2, 1.099402E+00, 5.069270E-01, 5.924747E-01,2, 0.000000E+00,1,mc_qqps,54
-21042,1143,20227,234335,94C2, 9.125000E+01,16,10,26,16,10, 2.511481E+00,-1.070395E+00,-2.931230E+00, 5.889523E+01, 5.866783E+01, 3.666739E+00, 8.787464E+00,-5.982522E+00,-7.961405E+00, 8.810827E+01, 5.780129E+01, 2.353610E+01, 0.000000E+00,10, 3.146081E-01,0, 0.000000E+00,0, 0.000000E+00,9, 2.545737E+01, 7.396364E-01, 7.229533E+00,NULL,NULL,1,mc_qqps,54
-21042,1144,20227,234347,94C2, 9.125000E+01,27,7,34,27,7, 6.274742E+00, 1.283198E+00, 2.551180E+00, 7.916651E+01, 7.873548E+01, 2.916129E+00, 1.451890E+01, 1.459103E+00, 4.886652E+00, 9.234750E+01, 7.436691E+01, 1.064727E+01, 3.998288E-01,10, 7.335178E+00,0, 0.000000E+00,0, 0.000000E+00,6, 1.278116E+01, 4.778649E-01, 6.673757E+00,NULL,NULL,1,mc_qqps,54
-21042,1145,20227,234357,94C2, 9.125000E+01,38,13,51,38,13, 6.112268E+00, 1.959016E+00,-2.016768E+01, 7.889839E+01, 7.830244E+01, 2.060591E+00, 5.318148E+00, 9.060647E-01,-1.669299E+01, 8.708347E+01, 6.784738E+01, 4.300628E+00, 3.174994E+00,2, 0.000000E+00,8, 0.000000E+00,0, 0.000000E+00,1, 7.094532E-01, 7.094532E-01, 7.094532E-01,NULL,NULL,1,mc_qqps,54
-21042,1146,20227,234414,94C2, 9.125000E+01,20,13,33,20,13,-5.155156E-01, 7.632936E-01, 6.438535E-02, 3.381649E+01, 3.331527E+01, 1.665763E+00, 1.504358E+00, 6.188034E+00, 1.806797E+00, 6.496789E+01, 2.511538E+01, 2.342329E+01, 5.444711E+00,13, 9.341114E+00,1, 0.000000E+00,0, 0.000000E+00,8, 2.412975E+01, 5.418550E-01, 1.173708E+01,NULL,NULL,1,mc_qqps,54
-21042,1147,20227,234424,94C2, 9.125000E+01,26,13,39,26,13, 8.184097E-01, 1.209016E+01, 5.346509E+00, 5.175783E+01, 5.130077E+01, 1.973107E+00, 4.301854E+00, 1.215538E+01, 4.805947E+00, 9.453151E+01, 4.836683E+01, 1.823492E+01, 2.283287E+01,14, 3.787221E+00,0, 0.000000E+00,0, 0.000000E+00,7, 1.962866E+01, 4.623810E-01, 5.485989E+00,NULL,NULL,1,mc_qqps,54
-21042,1148,20227,234435,94C2, 9.125000E+01,25,8,33,25,8, 6.272035E+00, 8.280771E+00,-2.383391E+00, 7.498843E+01, 7.459423E+01, 2.983769E+00, 6.485789E+00, 8.891663E+00,-3.453610E+00, 8.342206E+01, 7.387428E+01, 6.916108E+00, 0.000000E+00,17, 5.848966E+00,0, 0.000000E+00,0, 0.000000E+00,7, 7.932395E+00, 5.434459E-01, 1.923979E+00,1, 0.000000E+00,1,mc_qqps,54
-21042,1149,20227,234449,94C2, 9.125000E+01,27,13,40,27,13,-6.862015E+00, 1.046438E+01,-1.611236E+01, 4.457762E+01, 4.403792E+01, 1.631034E+00,-5.515556E+00, 7.450946E+00,-1.065985E+01, 7.643008E+01, 3.653329E+01, 2.363452E+01, 8.233848E+00,2, 0.000000E+00,12, 1.337400E+00,0, 0.000000E+00,1, 2.760483E+00, 2.760483E+00, 2.760483E+00,NULL,NULL,1,mc_qqps,54
-21042,1150,20227,234505,94C2, 9.125000E+01,27,17,44,27,17,-3.298103E+00,-2.731569E+00,-5.909183E+00, 6.771558E+01, 6.726868E+01, 2.491432E+00, 2.576250E+00, 8.295121E-01, 6.114824E-01, 8.577452E+01, 5.428912E+01, 1.425733E+01, 2.005321E+00,10, 4.834692E-01,9, 0.000000E+00,0, 0.000000E+00,6, 9.923046E+00, 5.366887E-01, 5.529668E+00,1, 0.000000E+00,1,mc_qqps,54
-21042,1151,20227,234521,94C2, 9.125000E+01,26,13,39,26,13, 9.230148E+00, 1.331029E+01, 1.475133E+01, 7.520497E+01, 7.492248E+01, 2.881634E+00, 1.579547E+01, 1.662171E+01, 1.619078E+01, 1.197474E+02, 4.596848E+01, 2.271803E+01, 1.554459E+01,16, 5.899485E+00,1, 0.000000E+00,0, 0.000000E+00,8, 1.727542E+01, 7.670405E-01, 3.506099E+00,NULL,NULL,1,mc_qqps,54
-21042,1152,20227,234536,94C2, 9.125000E+01,26,13,39,26,13,-2.590107E+00,-7.536097E+00,-6.146101E+00, 5.921590E+01, 5.863426E+01, 2.255164E+00, 3.995577E-01,-1.992411E+00,-4.907406E+00, 8.709885E+01, 5.228046E+01, 1.073007E+01, 7.683541E+00,10, 1.655966E-01,0, 0.000000E+00,0, 0.000000E+00,9, 1.981975E+01, 8.201133E-01, 5.019804E+00,NULL,NULL,1,mc_qqps,54
-21042,1153,20227,234548,94C2, 9.125000E+01,42,23,65,42,23, 4.369642E+00,-4.514052E-01, 5.427139E+00, 5.189678E+01, 5.090176E+01, 1.211947E+00,-5.298884E+00, 2.557505E-01,-1.981126E+00, 9.246822E+01, 4.639587E+01, 2.857888E+01, 3.638966E+00,22, 7.183682E+00,1, 0.000000E+00,0, 0.000000E+00,17, 3.025848E+01, 3.552377E-01, 4.830084E+00,NULL,NULL,1,mc_qqps,54
-21042,1154,20227,234605,94C2, 9.125000E+01,39,20,59,39,20, 4.332322E-01, 2.298583E+00, 7.097210E+00, 5.831761E+01, 5.713509E+01, 1.465002E+00, 7.025669E-01, 4.028946E+00, 6.363946E+00, 8.786891E+01, 4.458356E+01, 2.341205E+01, 6.139255E+00,2, 0.000000E+00,19, 9.403345E+00,0, 0.000000E+00,2, 1.454539E+00, 4.813742E-01, 9.731650E-01,NULL,NULL,1,mc_qqps,54
-21042,1155,20227,234623,94C2, 9.125000E+01,20,11,31,20,11,-7.182380E+00,-1.610648E+00, 4.447332E+00, 7.853854E+01, 7.825211E+01, 3.912605E+00, 2.549319E+00, 9.674844E-01,-2.297423E+00, 9.396173E+01, 7.766070E+01, 1.254258E+01, 5.240780E-01,14, 7.135839E+00,0, 0.000000E+00,0, 0.000000E+00,9, 1.489912E+01, 5.305725E-01, 4.684853E+00,NULL,NULL,1,mc_qqps,54
-21042,1156,20227,234634,94C2, 9.125000E+01,32,17,49,32,17,-1.614666E+01, 8.631807E+00,-8.083940E+00, 4.582190E+01, 4.520153E+01, 1.412548E+00,-1.065834E+01, 5.804540E+00,-7.738626E+00, 8.638258E+01, 4.344798E+01, 1.745036E+01, 1.805732E+01,15, 1.731631E+00,1, 0.000000E+00,0, 0.000000E+00,11, 1.637267E+01, 4.066182E-01, 3.965080E+00,NULL,NULL,1,mc_qqps,54
-21042,1157,20227,234650,94C2, 9.125000E+01,60,12,72,60,12,-9.466723E+00,-2.923037E+00,-1.021291E+01, 9.285510E+01, 9.129771E+01, 1.521628E+00,-1.238206E+01,-2.377225E+00,-9.306316E+00, 1.063767E+02, 6.591028E+01, 8.814594E+00, 3.655715E+00,12, 1.309997E-01,3, 0.000000E+00,0, 0.000000E+00,7, 8.424760E+00, 3.799500E-01, 2.484988E+00,NULL,NULL,1,mc_qqps,54
-21042,1158,20227,234710,94C2, 9.125000E+01,38,15,53,38,15, 4.197562E-01, 2.730805E+00, 4.558784E+00, 7.416407E+01, 7.324294E+01, 1.927446E+00,-2.778593E+00, 1.881185E+00, 7.179002E+00, 9.019214E+01, 4.793051E+01, 1.368170E+01, 2.346378E+00,5, 0.000000E+00,11, 1.206095E+00,0, 0.000000E+00,3, 4.578452E+00, 4.379902E-01, 2.125782E+00,2, 0.000000E+00,1,mc_qqps,54
-21042,1159,20227,234733,94C2, 9.125000E+01,32,14,46,32,14, 1.396546E+01, 1.058075E+01, 4.005100E+01, 1.091980E+02, 1.089025E+02, 3.403204E+00, 1.274123E+01, 8.462266E+00, 3.652992E+01, 1.346782E+02, 6.699331E+01, 2.179025E+01, 3.730959E+00,2, 0.000000E+00,17, 6.807198E+00,0, 0.000000E+00,2, 1.769651E+00, 7.881827E-01, 9.814683E-01,1, 0.000000E+00,1,mc_qqps,54
-21042,1160,20227,234752,94C2, 9.125000E+01,29,12,41,29,12,-3.628211E+00, 1.610203E+00, 2.230596E+00, 6.204836E+01, 6.167487E+01, 2.126720E+00,-1.782933E+00, 2.667832E+00, 2.766414E+00, 6.958036E+01, 5.762225E+01, 6.284183E+00, 0.000000E+00,4, 8.448094E-01,13, 3.631017E+00,0, 0.000000E+00,3, 2.664270E+00, 5.256562E-01, 1.247816E+00,NULL,NULL,1,mc_qqps,54
-21042,1161,20227,234810,94C2, 9.125000E+01,21,20,41,21,20,-6.832321E+00,-1.385966E+01,-5.338961E+01, 6.551405E+01, 6.508497E+01, 3.099284E+00,-4.306844E+00,-9.062231E+00,-3.585653E+01, 1.167746E+02, 1.354022E+01, 1.095609E+01, 4.040046E+01,0, 0.000000E+00,17, 5.175596E+00,0, 0.000000E+00,NULL,NULL,NULL,NULL,3, 0.000000E+00,1,mc_qqps,54
-21042,1162,20227,234829,94C2, 9.125000E+01,32,17,49,32,17, 3.187761E+00,-1.808393E+00,-2.356177E+00, 5.707643E+01, 5.654341E+01, 1.766982E+00, 2.630569E+00,-1.413267E+01,-1.202026E+01, 8.180521E+01, 5.423130E+01, 2.081570E+01, 8.842955E-01,11, 2.511653E+00,4, 0.000000E+00,0, 0.000000E+00,8, 1.677699E+01, 7.244923E-01, 4.285263E+00,NULL,NULL,1,mc_qqps,54
-21042,1163,20227,234847,94C2, 9.125000E+01,43,13,56,43,13,-5.328659E+00, 4.636377E+00,-1.284978E+01, 7.206379E+01, 7.107053E+01, 1.652803E+00,-3.437840E+00, 2.106857E+00,-7.803610E+00, 8.791544E+01, 5.995741E+01, 1.402894E+01, 2.396567E+00,2, 1.346113E-01,13, 2.760303E+00,0, 0.000000E+00,1, 6.772742E-01, 6.772742E-01, 6.772742E-01,NULL,NULL,1,mc_qqps,54
-21042,1164,20227,234906,94C2, 9.125000E+01,32,7,39,32,7,-7.748181E-01,-1.236341E-01, 2.802197E+00, 7.024494E+01, 6.962760E+01, 2.175863E+00,-1.049827E+01,-5.995687E+00, 2.705809E-02, 8.821053E+01, 5.577122E+01, 1.428424E+01, 3.846311E+00,11, 3.463267E+00,0, 0.000000E+00,0, 0.000000E+00,5, 1.252954E+01, 6.219370E-01, 5.805122E+00,NULL,NULL,1,mc_qqps,54
-21042,1165,20227,234922,94C2, 9.125000E+01,36,8,44,36,8, 1.061986E+00,-2.098137E+00,-4.045423E+00, 7.423853E+01, 7.339594E+01, 2.038776E+00, 1.553770E-01,-1.190824E+00,-1.297572E+00, 9.406409E+01, 6.513138E+01, 1.314261E+01, 5.922456E+00,13, 1.377060E+01,0, 0.000000E+00,0, 0.000000E+00,5, 1.281778E+01, 5.968089E-01, 6.993549E+00,NULL,NULL,1,mc_qqps,54
-21042,1166,20227,234935,94C2, 9.125000E+01,20,14,34,20,14,-3.040765E+00,-3.245451E+01,-6.712035E+00, 4.304332E+01, 4.269123E+01, 2.134562E+00,-9.706037E-01,-7.742219E+00,-5.631272E+00, 1.004318E+02, 2.904402E+01, 4.480165E+01, 1.008903E+01,13, 2.135337E+00,2, 0.000000E+00,0, 0.000000E+00,9, 4.169420E+01, 7.492809E-01, 1.373241E+01,2, 0.000000E+00,1,mc_qqps,54
-21042,1167,20227,234952,94C2, 9.125000E+01,44,23,67,44,23, 8.184716E+00,-4.648496E+00, 5.840366E-01, 5.203677E+01, 5.095077E+01, 1.157972E+00, 5.625877E+00, 2.094576E+00,-3.818924E+00, 8.668362E+01, 4.602194E+01, 2.218578E+01, 6.434839E+00,25, 4.577154E+00,0, 0.000000E+00,0, 0.000000E+00,19, 2.760613E+01, 5.261714E-01, 3.845429E+00,NULL,NULL,1,mc_qqps,54
-21042,1168,20227,235008,94C2, 9.125000E+01,57,26,83,57,26,-1.056111E+00,-5.707016E+00,-5.270503E+00, 6.819016E+01, 6.658427E+01, 1.168145E+00, 1.261038E+00,-5.215768E+00,-4.867889E+00, 9.334780E+01, 5.443319E+01, 1.933709E+01, 5.892588E+00,20, 5.502158E+00,4, 0.000000E+00,0, 0.000000E+00,15, 1.356779E+01, 3.029619E-01, 1.724973E+00,NULL,NULL,1,mc_qqps,54
-21042,1169,20227,235026,94C2, 9.125000E+01,38,23,61,38,23, 2.145772E+00, 5.217226E-01, 3.896770E-02, 4.592923E+01, 4.513227E+01, 1.187691E+00, 7.887818E+00,-4.960824E+00,-3.085233E+00, 8.152108E+01, 4.153634E+01, 3.209528E+01, 1.301628E+00,27, 2.524242E+00,0, 0.000000E+00,0, 0.000000E+00,19, 3.042592E+01, 5.665954E-01, 6.084899E+00,NULL,NULL,1,mc_qqps,54
-21042,1170,20227,235047,94C2, 9.125000E+01,26,16,42,26,16, 2.610043E+00,-2.041291E+00, 1.753851E+01, 1.312630E+02, 1.307514E+02, 5.028901E+00, 5.629005E+00, 1.227406E+00, 3.175232E+01, 1.522457E+02, 3.455177E+01, 1.715786E+01, 3.824927E+00,1, 0.000000E+00,16, 7.117788E+00,0, 0.000000E+00,1, 5.463746E-01, 5.463746E-01, 5.463746E-01,NULL,NULL,1,mc_qqps,54
-21042,1171,20227,235100,94C2, 9.125000E+01,32,7,39,32,7,-3.009135E+00, 1.780056E+00,-1.235126E-01, 5.687018E+01, 5.603054E+01, 1.750954E+00, 4.362107E+00, 2.919534E-01,-2.360383E-01, 6.899006E+01, 4.506705E+01, 1.019381E+01, 1.438904E-01,9, 1.905985E-01,0, 0.000000E+00,0, 0.000000E+00,6, 1.197599E+01, 4.660089E-01, 8.401906E+00,NULL,NULL,1,mc_qqps,54
-21042,1172,20227,235116,94C2, 9.125000E+01,32,11,43,32,11, 6.639149E+00, 4.510950E+00,-6.440902E-02, 7.095097E+01, 7.018765E+01, 2.193364E+00,-6.076378E-02,-1.500349E+00,-3.139123E+00, 9.479921E+01, 5.789779E+01, 2.168287E+01, 2.169869E+00,16, 1.687148E+01,0, 0.000000E+00,0, 0.000000E+00,10, 2.168287E+01, 5.605234E-01, 4.861165E+00,NULL,NULL,1,mc_qqps,54
-21042,1173,20227,235130,94C2, 9.125000E+01,42,11,53,42,11,-1.343406E+00,-1.429661E+01,-2.531402E+00, 6.307495E+01, 6.218723E+01, 1.480648E+00,-1.844688E+00,-4.574528E+00,-3.560725E+00, 8.405420E+01, 5.711378E+01, 2.097924E+01, 0.000000E+00,10, 1.059068E+01,5, 0.000000E+00,0, 0.000000E+00,4, 1.345311E+01, 9.930938E-01, 7.683990E+00,NULL,NULL,1,mc_qqps,54
-21042,1174,20227,235145,94C2, 9.125000E+01,20,14,34,20,14, 1.272952E+01,-3.257023E+00, 1.703702E+01, 5.453731E+01, 5.438697E+01, 2.719348E+00, 1.523322E+01,-5.155479E+00, 2.372732E+01, 7.736047E+01, 5.500502E+01, 2.264425E+01, 1.789017E-01,9, 4.626662E-01,8, 0.000000E+00,0, 0.000000E+00,6, 6.784673E+00, 7.093418E-01, 1.884363E+00,NULL,NULL,1,mc_qqps,54
-21042,1175,20227,235159,94C2, 9.125000E+01,28,14,42,28,14,-2.183301E+00, 5.146436E-01, 1.530879E+00, 5.292234E+01, 5.237836E+01, 1.870656E+00,-2.615211E+00, 7.384929E+00, 5.024744E+00, 8.158602E+01, 5.038788E+01, 2.330018E+01, 3.073052E+00,20, 3.183829E+00,0, 0.000000E+00,0, 0.000000E+00,10, 2.208318E+01, 4.302281E-01, 1.105072E+01,1, 0.000000E+00,1,mc_qqps,54
-21042,1176,20227,235216,94C2, 9.125000E+01,21,20,41,21,20, 1.267249E+01, 3.544001E+00,-1.866400E+01, 4.042713E+01, 4.014621E+01, 1.911724E+00, 1.058148E+01, 5.545229E+00,-1.379275E+01, 6.725031E+01, 3.818746E+01, 2.016565E+01, 6.691339E+00,8, 2.005629E-01,9, 0.000000E+00,0, 0.000000E+00,5, 7.641471E+00, 7.763146E-01, 2.186985E+00,NULL,NULL,1,mc_qqps,54
-21042,1177,20227,235233,94C2, 9.125000E+01,63,15,78,63,15,-7.981132E+00, 4.253015E-02, 3.314682E+00, 7.833167E+01, 7.631802E+01, 1.211397E+00,-6.878112E+00, 8.821970E-01, 1.326161E+00, 1.015937E+02, 6.503873E+01, 2.235271E+01, 0.000000E+00,21, 5.050161E+00,0, 0.000000E+00,0, 0.000000E+00,11, 1.560971E+01, 5.190923E-01, 4.687057E+00,NULL,NULL,1,mc_qqps,54
-21042,1178,20227,235255,94C2, 9.125000E+01,27,13,40,27,13, 5.347005E-01,-4.598228E+00, 1.911003E+00, 5.310248E+01, 5.264031E+01, 1.949641E+00, 5.075860E-01,-1.651053E+01, 1.286078E+01, 8.006268E+01, 4.212064E+01, 2.162177E+01, 2.776706E+00,11, 0.000000E+00,1, 0.000000E+00,0, 0.000000E+00,10, 2.432193E+01, 5.393591E-01, 1.284062E+01,NULL,NULL,1,mc_qqps,54
-21042,1179,20227,235306,94C2, 9.125000E+01,24,18,42,24,18, 2.777467E-01,-3.121567E-02,-9.926242E-01, 6.162500E+01, 6.129074E+01, 2.553781E+00,-9.002619E+00, 3.041768E-01,-3.801244E+00, 8.822529E+01, 5.976092E+01, 2.344877E+01, 8.995178E-01,22, 1.486211E+01,0, 0.000000E+00,0, 0.000000E+00,15, 2.260770E+01, 5.002233E-01, 4.487036E+00,NULL,NULL,1,mc_qqps,54
-21042,1180,20227,235318,94C2, 9.125000E+01,32,20,52,32,20, 2.826672E-01,-5.701761E+00, 2.817780E-01, 6.016796E+01, 5.948471E+01, 1.858897E+00,-3.564036E+00,-2.686713E+01, 8.236614E-01, 1.141748E+02, 5.878028E+01, 2.618849E+01, 2.723296E+01,20, 3.982055E+00,0, 0.000000E+00,0, 0.000000E+00,15, 2.503770E+01, 6.370211E-01, 4.592906E+00,NULL,NULL,1,mc_qqps,54
-21042,1181,20227,235334,94C2, 9.125000E+01,23,15,38,23,15, 1.143451E+01,-3.368770E-01, 1.152379E+01, 6.760241E+01, 6.738597E+01, 2.929825E+00, 1.041048E+01,-6.097685E-01, 1.313411E+01, 8.303245E+01, 6.128878E+01, 1.017648E+01, 4.143579E+00,4, 0.000000E+00,9, 2.632838E+00,0, 0.000000E+00,4, 5.747884E+00, 9.682726E-01, 2.028418E+00,NULL,NULL,1,mc_qqps,54
-21042,1182,20227,235352,94C2, 9.125000E+01,24,11,35,24,11,-1.965483E+01, 7.672223E-01, 3.132394E+00, 6.571660E+01, 6.531672E+01, 2.721530E+00, 4.104853E+00,-1.850360E-01,-2.201348E-01, 9.221519E+01, 4.431174E+01, 2.494775E+01, 0.000000E+00,15, 8.956413E-01,0, 0.000000E+00,0, 0.000000E+00,9, 1.976259E+01, 5.911493E-01, 6.740113E+00,NULL,NULL,1,mc_qqps,54
-21042,1183,20227,235407,94C2, 9.125000E+01,42,16,58,42,16, 9.479641E+00, 1.875565E+00,-6.365799E+00, 5.834404E+01, 5.768584E+01, 1.373472E+00, 3.960491E+00, 2.640737E+00,-5.114484E+00, 9.333504E+01, 4.922987E+01, 1.947429E+01, 1.477345E+01,16, 4.027573E+00,1, 0.000000E+00,0, 0.000000E+00,10, 2.006917E+01, 6.189356E-01, 8.322528E+00,NULL,NULL,1,mc_qqps,54
-21042,1184,20227,235423,94C2, 9.125000E+01,29,14,43,29,14,-5.580285E+00,-2.556052E+00,-2.782417E+00, 4.664427E+01, 4.597343E+01, 1.585291E+00, 3.365748E+00, 2.329725E+00, 1.609133E+00, 9.330699E+01, 4.552998E+01, 1.737758E+01, 1.374891E+01,17, 4.731616E+00,0, 0.000000E+00,0, 0.000000E+00,10, 3.296530E+01, 4.949535E-01, 1.143835E+01,NULL,NULL,1,mc_qqps,54
-21042,1185,20227,235438,94C2, 9.125000E+01,32,10,42,32,10,-7.172079E-01,-1.591773E+01, 2.050278E+01, 6.438924E+01, 6.376134E+01, 1.992542E+00,-1.162261E+00,-1.404511E+01, 1.909855E+01, 7.448352E+01, 5.460810E+01, 8.074928E+00, 2.019343E+00,7, 2.905782E+00,3, 0.000000E+00,0, 0.000000E+00,2, 1.585534E+00, 5.000729E-01, 1.085461E+00,NULL,NULL,1,mc_qqps,54
-21042,1186,20227,235456,94C2, 9.125000E+01,32,19,51,32,19,-7.825328E+00,-2.619107E+01, 2.132543E+01, 6.365144E+01, 6.288431E+01, 1.965135E+00,-5.051777E+00,-1.455640E+01, 1.236342E+01, 9.183121E+01, 4.436713E+01, 2.029871E+01, 2.863739E+00,18, 7.235578E-01,1, 6.349772E-01,0, 0.000000E+00,12, 2.516844E+01, 4.584485E-01, 5.682498E+00,NULL,NULL,1,mc_qqps,54
-21042,1187,20227,235510,94C2, 9.125000E+01,25,20,45,25,20,-8.044109E+00, 5.632837E+00, 6.741255E+00, 5.026144E+01, 4.996677E+01, 1.998671E+00, 6.749946E+00,-1.959158E+00,-3.027855E+00, 8.709637E+01, 4.728447E+01, 3.622969E+01, 6.052335E-01,24, 3.950680E+00,0, 0.000000E+00,0, 0.000000E+00,17, 3.518644E+01, 6.014922E-01, 5.207962E+00,NULL,NULL,1,mc_qqps,54
-21042,1188,20227,235523,94C2, 9.125000E+01,42,20,62,42,20,-8.237304E+00,-1.174638E+01,-4.629893E+01, 1.034897E+02, 1.025295E+02, 2.441180E+00,-1.152981E+01,-1.280213E+01,-5.495509E+01, 1.386998E+02, 2.308088E+01, 1.768885E+01, 1.712923E+01,2, 0.000000E+00,17, 4.071950E+00,0, 0.000000E+00,1, 4.780190E-01, 4.780190E-01, 4.780190E-01,3, 0.000000E+00,1,mc_qqps,54
-21042,1189,20227,235547,94C2, 9.125000E+01,21,12,33,21,12,-1.397581E+00,-1.249514E+00, 9.962676E-01, 8.411842E+01, 8.383501E+01, 3.992144E+00, 3.770964E+00, 7.569107E+00, 2.631338E-01, 1.007175E+02, 8.245493E+01, 1.303284E+01, 2.868185E+00,13, 3.627875E+00,0, 0.000000E+00,0, 0.000000E+00,9, 1.385131E+01, 4.404081E-01, 3.595130E+00,NULL,NULL,1,mc_qqps,54
-21042,1190,20227,235558,94C2, 9.125000E+01,22,12,34,22,12, 5.866342E+00,-4.621962E+00, 6.785813E+01, 7.723083E+01, 7.696354E+01, 3.498343E+00, 5.935029E+00,-5.057534E+00, 6.226207E+01, 1.096100E+02, 7.218394E+00, 2.895751E+01, 2.530121E+00,1, 0.000000E+00,10, 2.964126E+00,0, 0.000000E+00,1, 8.915707E-01, 8.915707E-01, 8.915707E-01,2, 0.000000E+00,0,mc_qqps,54
-21042,1191,20227,235621,94C2, 9.125000E+01,38,23,60,37,23,-3.218942E+01, 1.225430E+01,-1.922885E+01, 5.812282E+01, 5.745422E+01, 1.552817E+00,-2.318069E+01, 8.165242E+00,-1.261509E+01, 1.086661E+02, 5.156119E+01, 4.226898E+01, 5.104482E+00,24, 2.189200E+00,0, 0.000000E+00,0, 0.000000E+00,19, 4.021097E+01, 6.715332E-01, 6.591167E+00,NULL,NULL,1,mc_qqps,54
-21042,1192,20227,235638,94C2, 9.125000E+01,48,14,62,48,14,-4.932603E-02, 1.248808E+01,-3.367555E+00, 8.702078E+01, 8.582533E+01, 1.788028E+00,-1.768090E+00, 1.207588E+01,-2.364040E+00, 1.075189E+02, 6.508894E+01, 1.634875E+01, 0.000000E+00,18, 3.451365E+00,0, 0.000000E+00,0, 0.000000E+00,12, 1.904197E+01, 5.111487E-01, 3.485694E+00,NULL,NULL,1,mc_qqps,54
-21042,1193,20227,235656,94C2, 9.125000E+01,48,12,60,48,12,-8.502814E+00,-1.921420E+00,-1.314323E+00, 8.301458E+01, 8.194068E+01, 1.707098E+00,-1.618109E+00,-1.624534E+00,-1.667196E-01, 9.563370E+01, 7.082096E+01, 1.170526E+01, 3.418691E-01,16, 6.615052E+00,0, 0.000000E+00,0, 0.000000E+00,8, 1.087145E+01, 2.996468E-01, 4.993720E+00,NULL,NULL,1,mc_qqps,54
-21042,1194,20227,235711,94C2, 9.125000E+01,35,9,44,35,9, 8.360281E+00,-8.984776E+00,-1.444304E+00, 4.744406E+01, 4.628997E+01, 1.322571E+00, 1.506899E+01,-1.497976E+01,-4.640908E-01, 6.546257E+01, 3.328772E+01, 9.752644E+00, 8.265866E+00,12, 3.334328E-01,0, 0.000000E+00,0, 0.000000E+00,7, 7.552954E+00, 3.933046E-01, 3.023050E+00,NULL,NULL,1,mc_qqps,54
-21042,1195,20227,235731,94C2, 9.125000E+01,42,14,56,42,14, 1.976354E+01, 2.034978E+00,-1.989068E+01, 8.375171E+01, 8.295696E+01, 1.975166E+00, 1.839049E+01, 4.078200E+00,-1.948242E+01, 9.865232E+01, 5.197307E+01, 1.041145E+01, 1.446853E+00,12, 7.358194E-02,5, 1.490046E+00,0, 0.000000E+00,9, 1.228747E+01, 8.928046E-01, 3.205675E+00,NULL,NULL,1,mc_qqps,54
-21042,1196,20227,235748,94C2, 9.125000E+01,36,21,57,36,21,-2.752339E+00,-3.903251E+00, 1.945799E+01, 5.554334E+01, 5.452371E+01, 1.514548E+00,-1.371438E+00, 2.358053E-01, 1.039719E+01, 9.166784E+01, 1.756636E+01, 3.047681E+01, 5.677297E+00,2, 0.000000E+00,15, 7.496275E+00,0, 0.000000E+00,1, 4.352789E-01, 4.352789E-01, 4.352789E-01,4, 0.000000E+00,1,mc_qqps,54
-21042,1197,20227,235808,94C2, 9.125000E+01,36,23,59,36,23,-9.134131E-01, 7.377758E+00,-5.384464E+00, 5.679559E+01, 5.617490E+01, 1.560414E+00, 3.818673E-01, 9.425757E+00,-2.678532E+00, 9.043131E+01, 4.454786E+01, 2.256760E+01, 5.043953E+00,20, 2.055399E-01,0, 0.000000E+00,0, 0.000000E+00,17, 2.641101E+01, 3.887667E-01, 4.678959E+00,1, 0.000000E+00,1,mc_qqps,54
-21042,1198,20227,235826,94C2, 9.125000E+01,29,12,41,29,12, 5.454239E+01, 1.337227E+02, 8.361845E+00, 2.217971E+02, 2.215492E+02, 7.639627E+00, 5.219978E+01, 1.291041E+02, 6.875258E+00, 2.337353E+02, 6.204914E+01, 1.026475E+01, 5.599028E-01,18, 1.799462E+01,0, 0.000000E+00,0, 0.000000E+00,8, 9.301802E+00, 5.421309E-01, 1.687323E+00,NULL,NULL,1,mc_qqps,54
-21042,1199,20227,235840,94C2, 9.125000E+01,18,8,26,18,8, 9.443294E+00,-3.050886E+00,-1.408883E+02, 1.488460E+02, 1.482735E+02, 8.237418E+00, 7.610314E+00,-3.560004E+00,-1.293432E+02, 1.753057E+02, 3.950336E+00, 1.680569E+01, 9.653992E+00,0, 0.000000E+00,6, 4.920030E+00,0, 0.000000E+00,NULL,NULL,NULL,NULL,2, 0.000000E+00,0,mc_qqps,54
-21042,1200,20227,235907,94C2, 9.125000E+01,27,14,41,27,14,-2.302163E+00, 5.690104E-01, 3.678426E+00, 4.371803E+01, 4.316187E+01, 1.598588E+00, 9.742345E+00, 2.422075E-01, 6.838117E+00, 7.905200E+01, 3.488623E+01, 2.008224E+01, 1.526507E+01,14, 6.073545E+00,2, 1.918841E+00,0, 0.000000E+00,10, 1.945410E+01, 4.316559E-01, 4.446774E+00,NULL,NULL,1,mc_qqps,54
-21042,1201,20227,235923,94C2, 9.125000E+01,19,8,27,19,8,-9.121586E-01,-4.126241E+00,-1.083135E+01, 5.133389E+01, 5.098174E+01, 2.683250E+00, 7.196231E-01, 5.987121E+00, 1.083607E+01, 7.611827E+01, 4.047737E+01, 2.889859E+00, 2.190705E+01,2, 0.000000E+00,6, 0.000000E+00,0, 0.000000E+00,1, 6.591727E-01, 6.591727E-01, 6.591727E-01,NULL,NULL,1,mc_qqps,54
-21042,1202,20227,235935,94C2, 9.125000E+01,26,15,41,26,15,-1.545762E+01,-3.395140E-01,-6.618218E+00, 5.593727E+01, 5.551397E+01, 2.135153E+00,-6.384943E+00,-8.303793E-01,-2.375587E+00, 8.450183E+01, 5.330171E+01, 2.071207E+01, 9.922388E-01,15, 5.397030E+00,1, 0.000000E+00,0, 0.000000E+00,11, 2.156383E+01, 5.048155E-01, 5.814116E+00,NULL,NULL,1,mc_qqps,54
-21042,1203,20227,235950,94C2, 9.125000E+01,24,12,36,24,12, 4.953610E+00,-7.121545E+00,-5.579645E+00, 4.732468E+01, 4.690623E+01, 1.954426E+00, 1.160462E-01,-9.560875E-01,-1.807433E+00, 7.069862E+01, 4.265421E+01, 1.754263E+01, 2.261482E+00,11, 7.666272E+00,3, 2.612688E-01,0, 0.000000E+00,7, 2.007969E+01, 5.311512E-01, 6.618134E+00,NULL,NULL,1,mc_qqps,54
-21042,1204,20228,2,94C2, 9.125000E+01,17,12,29,17,12,-1.277294E+01, 8.676884E+00,-3.201427E+00, 5.845520E+01, 5.817487E+01, 3.422051E+00,-1.791416E+01, 1.127256E+01,-3.286891E+00, 1.040286E+02, 3.305926E+01, 3.713303E+01, 2.084608E+00,17, 4.664577E+00,0, 0.000000E+00,0, 0.000000E+00,11, 4.354905E+01, 6.275559E-01, 8.181121E+00,NULL,NULL,1,mc_qqps,54
-21042,1205,20228,14,94C2, 9.125000E+01,48,9,57,48,9,-5.337856E+00, 9.687880E-01, 1.391885E+00, 9.121478E+01, 9.032304E+01, 1.881730E+00,-5.087185E+00, 8.102074E-01,-1.952593E+00, 9.791187E+01, 3.917686E+01, 4.025227E+00, 1.287312E+00,1, 0.000000E+00,10, 1.535222E+00,0, 0.000000E+00,1, 1.384541E+00, 1.384541E+00, 1.384541E+00,1, 0.000000E+00,1,mc_qqps,54
-21042,1206,20228,32,94C2, 9.125000E+01,29,19,48,29,19, 3.815780E+00, 2.180780E+00,-5.332633E+00, 6.175626E+01, 6.117292E+01, 2.109411E+00, 3.759894E+00, 1.578408E+00,-3.046788E+00, 8.777980E+01, 5.750637E+01, 2.365631E+01, 1.254263E+00,22, 5.831545E+00,2, 0.000000E+00,0, 0.000000E+00,15, 2.107696E+01, 3.060803E-01, 3.550395E+00,NULL,NULL,1,mc_qqps,54
-21042,1207,20228,48,94C2, 9.125000E+01,16,11,27,16,11, 1.642109E+00, 6.952107E+00,-1.824212E+00, 6.396236E+01, 6.379568E+01, 3.987230E+00,-1.858556E+00,-3.323374E+00,-4.343370E+00, 8.341647E+01, 4.413448E+01, 1.765694E+01, 1.797158E+00,15, 2.711478E+00,1, 0.000000E+00,0, 0.000000E+00,7, 1.736124E+01, 6.209767E-01, 6.761916E+00,NULL,NULL,1,mc_qqps,54
-21042,1208,20228,102,94C2, 9.125000E+01,27,9,36,27,9,-1.220528E+01,-1.520636E+00, 4.538958E+01, 9.222242E+01, 9.154144E+01, 3.390424E+00,-1.120688E+01,-6.533932E-01, 4.663607E+01, 1.030694E+02, 1.215155E+01, 4.542803E+00, 6.304203E+00,2, 0.000000E+00,10, 4.559355E-01,0, 0.000000E+00,1, 6.671799E-01, 6.671799E-01, 6.671799E-01,1, 0.000000E+00,0,mc_qqps,54
-21042,1209,20228,114,94C2, 9.125000E+01,22,17,39,22,17, 2.768016E-01, 4.265973E-01, 2.792047E+00, 4.988335E+01, 4.948496E+01, 2.249316E+00, 6.145073E-01, 9.620386E-01, 4.867221E-01, 7.765145E+01, 4.320475E+01, 1.268393E+01, 1.286303E+01,9, 3.360397E-01,9, 0.000000E+00,0, 0.000000E+00,7, 8.711219E+00, 2.105853E-01, 3.779953E+00,NULL,NULL,1,mc_qqps,54
-21042,1210,20228,129,94C2, 9.125000E+01,35,14,49,35,14,-1.706092E+00, 2.786252E+00,-6.083135E+00, 7.663957E+01, 7.581749E+01, 2.166214E+00,-4.852652E+00, 6.958370E+00,-1.230977E+01, 9.595992E+01, 7.226526E+01, 8.567836E+00, 8.984733E+00,7, 0.000000E+00,6, 0.000000E+00,0, 0.000000E+00,7, 7.614545E+00, 5.294221E-01, 2.442722E+00,1, 0.000000E+00,1,mc_qqps,54
-21042,1211,20228,148,94C2, 9.125000E+01,25,13,38,25,13,-2.589193E+00,-5.229271E+00, 7.249305E+00, 8.181046E+01, 8.157520E+01, 3.263008E+00, 2.459870E-01,-3.542870E-01, 1.536594E+01, 1.031129E+02, 4.945661E+01, 1.790611E+01, 3.396339E+00,1, 0.000000E+00,15, 4.594103E+00,0, 0.000000E+00,1, 1.588940E+00, 1.588940E+00, 1.588940E+00,NULL,NULL,1,mc_qqps,54
-21042,1212,20228,203,94C2, 9.125000E+01,6,15,21,6,15, 1.395510E-01, 4.838942E-01, 1.302529E+00, 2.181434E+00, 1.889417E+00, 3.149028E-01,-1.822526E+00, 2.359918E+00, 7.941978E+00, 5.062654E+01, 0.000000E+00, 4.739828E+01, 0.000000E+00,1, 0.000000E+00,8, 0.000000E+00,0, 0.000000E+00,1, 1.046827E+00, 1.046827E+00, 1.046827E+00,5, 0.000000E+00,0,mc_qqps,54
-21042,1213,20228,249,94C2, 9.125000E+01,26,16,42,26,16,-2.929123E+00, 5.503695E-01,-2.464882E+00, 3.859041E+01, 3.796078E+01, 1.460030E+00, 7.627674E+00,-4.695197E+00, 9.135977E+00, 7.859630E+01, 2.852093E+01, 2.842277E+01, 1.081224E+01,11, 0.000000E+00,4, 3.189005E-01,0, 0.000000E+00,10, 2.639753E+01, 5.870215E-01, 8.483298E+00,NULL,NULL,1,mc_qqps,54
-21042,1214,20228,323,94C2, 9.125000E+01,30,20,50,30,20,-1.656808E-01,-4.986770E-03,-7.656658E-01, 5.331937E+01, 5.284007E+01, 1.761336E+00, 7.462268E+00, 7.969784E+00,-4.584093E+00, 8.859158E+01, 4.119574E+01, 2.032622E+01, 1.025496E+01,23, 5.923239E+00,0, 0.000000E+00,0, 0.000000E+00,15, 2.253190E+01, 4.624226E-01, 2.976667E+00,NULL,NULL,1,mc_qqps,54
-21042,1215,20228,349,94C2, 9.125000E+01,41,29,70,41,29, 8.749273E+00,-1.325348E+00,-2.470091E+01, 6.808983E+01, 6.733476E+01, 1.642311E+00, 1.262946E+00,-1.829274E+00,-1.110964E+01, 1.046773E+02, 5.496325E+01, 2.533833E+01, 1.124918E+01,0, 0.000000E+00,26, 6.445770E+00,0, 0.000000E+00,NULL,NULL,NULL,NULL,2, 0.000000E+00,1,mc_qqps,54
-21042,1216,20228,436,94C2, 9.125000E+01,17,14,31,17,14, 1.643120E+01,-7.918591E+00,-6.132648E+00, 1.014247E+02, 1.012836E+02, 5.957860E+00, 2.437086E+01,-1.007280E+01,-7.859389E+00, 1.226088E+02, 6.395536E+01, 1.189715E+01, 7.947497E-01,13, 0.000000E+00,0, 0.000000E+00,0, 0.000000E+00,11, 2.000543E+01, 5.852281E-01, 5.795925E+00,NULL,NULL,1,mc_qqps,54
-21042,1217,20228,504,94C2, 9.125000E+01,31,3,34,31,3,-6.875768E-01,-1.382418E+00, 9.841130E-01, 8.909776E+01, 8.845410E+01, 2.853358E+00,-4.657987E-01,-2.003488E+00, 1.510145E+00, 9.146832E+01, 8.190163E+01, 1.462264E+00, 0.000000E+00,8, 1.539970E+01,3, 0.000000E+00,0, 0.000000E+00,1, 9.082885E-01, 9.082885E-01, 9.082885E-01,NULL,NULL,1,mc_qqps,54
-21042,1218,20228,530,94C2, 9.125000E+01,24,11,35,24,11,-8.013914E+00,-2.490247E+00, 2.350849E+00, 6.034165E+01, 5.992387E+01, 2.496828E+00, 4.897918E+00, 2.370773E-01,-2.892474E-01, 1.105955E+02, 5.868513E+01, 5.025380E+01, 0.000000E+00,18, 1.418017E+01,0, 0.000000E+00,0, 0.000000E+00,10, 4.575576E+01, 7.216898E-01, 2.090214E+01,NULL,NULL,1,mc_qqps,54
-21042,1219,20228,556,94C2, 9.125000E+01,47,18,65,47,18, 5.122772E+00, 1.113297E+01, 1.102180E+00, 7.147427E+01, 7.065350E+01, 1.503266E+00, 3.495594E+00, 9.422603E+00, 3.760428E+00, 9.670221E+01, 5.899398E+01, 1.527929E+01, 6.243490E+00,18, 2.056248E+00,1, 0.000000E+00,0, 0.000000E+00,11, 1.736583E+01, 5.929570E-01, 7.072973E+00,NULL,NULL,1,mc_qqps,54
-21042,1220,20228,637,94C2, 9.125000E+01,26,11,37,26,11, 7.404821E+00, 2.329731E+00,-7.673737E+00, 5.601744E+01, 5.571665E+01, 2.142948E+00, 8.916261E+00,-3.745703E+00,-2.177607E-01, 1.034865E+02, 4.544969E+01, 4.600064E+01, 1.468410E+00,7, 1.313247E+00,6, 0.000000E+00,0, 0.000000E+00,4, 3.200715E+01, 1.604387E+00, 1.834096E+01,NULL,NULL,1,mc_qqps,54
-21042,1221,20228,705,94C2, 9.125000E+01,23,11,34,23,11, 3.930203E+00, 9.607943E+00,-1.456182E+01, 5.590805E+01, 5.552411E+01, 2.414092E+00, 8.695862E+00, 2.677113E+01,-3.814468E+01, 9.248740E+01, 4.930973E+01, 1.231191E+01, 2.371729E+01,2, 0.000000E+00,8, 0.000000E+00,0, 0.000000E+00,2, 1.741134E+00, 5.768912E-01, 1.164243E+00,NULL,NULL,1,mc_qqps,54
-21042,1222,20228,740,94C2, 9.125000E+01,49,18,67,49,18, 1.031120E+01, 1.217186E+01, 1.558673E+01, 7.966843E+01, 7.845782E+01, 1.601180E+00, 1.551265E+01, 1.700882E+01, 2.337502E+01, 1.169201E+02, 6.718784E+01, 3.220410E+01, 1.130225E+00,11, 4.351154E+00,3, 3.660000E-01,0, 0.000000E+00,7, 3.127301E+01, 3.242921E-01, 1.913918E+01,NULL,NULL,1,mc_qqps,54
-21042,1223,20228,802,94C2, 9.125000E+01,37,15,52,37,15, 1.729063E+00, 4.671284E+00,-1.676344E+01, 6.708285E+01, 6.652502E+01, 1.797974E+00,-9.204598E+00,-8.210901E-01,-1.888040E+01, 9.072022E+01, 5.575748E+01, 1.710821E+01, 4.179801E+00,10, 3.433688E+00,4, 0.000000E+00,0, 0.000000E+00,8, 1.511900E+01, 4.594544E-01, 4.620449E+00,NULL,NULL,1,mc_qqps,54
-21042,1224,20228,817,94C2, 9.125000E+01,22,8,30,22,8, 1.648834E+01, 1.826201E+01, 1.166352E+01, 7.959109E+01, 7.916382E+01, 3.598355E+00, 1.545321E+01, 1.673219E+01, 1.057446E+01, 1.035533E+02, 7.688980E+01, 2.055137E+01, 3.410888E+00,9, 6.966659E+00,0, 0.000000E+00,0, 0.000000E+00,6, 2.055137E+01, 5.865085E-01, 9.833740E+00,NULL,NULL,1,mc_qqps,54
-21042,1225,20228,829,94C2, 9.125000E+01,17,14,31,17,14, 3.768238E+00, 1.474094E+01, 1.189465E+01, 5.779600E+01, 5.762468E+01, 3.389687E+00, 1.121364E+00, 4.421586E+00, 2.799401E+00, 9.622842E+01, 4.795463E+01, 1.934925E+01, 1.724181E+01,14, 5.171597E+00,1, 0.000000E+00,0, 0.000000E+00,8, 1.425894E+01, 4.227967E-01, 4.047239E+00,1, 0.000000E+00,1,mc_qqps,54
-21042,1226,20228,842,94C2, 9.125000E+01,38,12,50,38,12,-3.340096E+00, 4.870657E+00,-3.469368E+00, 7.276600E+01, 7.189654E+01, 1.892014E+00, 3.210610E+00,-3.112196E+00,-3.926272E+00, 8.771283E+01, 6.428891E+01, 1.394132E+01, 5.652394E-01,10, 2.812964E-01,1, 0.000000E+00,0, 0.000000E+00,5, 7.866051E+00, 4.402775E-01, 3.099031E+00,1, 0.000000E+00,1,mc_qqps,54
-21042,1227,20228,904,94C2, 9.125000E+01,33,11,44,33,11,-3.607967E+00,-3.072066E-01,-4.978164E+00, 4.333082E+01, 4.256020E+01, 1.289703E+00,-1.076959E+01, 4.545979E+00,-1.339255E+01, 6.140077E+01, 3.431808E+01, 6.212168E+00, 1.084016E+01,8, 6.267164E-01,0, 0.000000E+00,0, 0.000000E+00,6, 6.526529E+00, 3.649418E-01, 2.334096E+00,NULL,NULL,1,mc_qqps,54
-21042,1228,20228,918,94C2, 9.125000E+01,24,17,41,24,17, 1.330131E+01,-1.751290E+00, 1.818285E+01, 8.142795E+01, 8.112061E+01, 3.380025E+00,-2.196290E+00,-1.712926E+00,-1.837197E+01, 1.241100E+02, 3.078463E+01, 1.475036E+01, 2.793176E+01,0, 0.000000E+00,21, 5.268285E+00,0, 0.000000E+00,NULL,NULL,NULL,NULL,1, 0.000000E+00,1,mc_qqps,54
-21042,1229,20228,932,94C2, 9.125000E+01,47,21,68,47,21, 2.572298E+00,-4.287374E+00, 2.794334E+00, 5.593148E+01, 5.474436E+01, 1.164774E+00, 1.735200E+00,-4.632883E+00, 4.048666E+00, 8.972253E+01, 5.012364E+01, 3.098067E+01, 1.668507E+00,22, 4.679580E-01,0, 0.000000E+00,0, 0.000000E+00,17, 2.912534E+01, 4.383694E-01, 4.607296E+00,NULL,NULL,1,mc_qqps,54
-21042,1230,20228,951,94C2, 9.125000E+01,19,21,40,19,21, 1.938494E+00, 8.962882E-01,-3.960327E+00, 4.302414E+01, 4.268002E+01, 2.246317E+00, 2.043727E+00, 2.679963E-01,-3.645884E+00, 8.350188E+01, 4.132423E+01, 3.004562E+01, 3.261091E+00,18, 1.018695E+00,2, 0.000000E+00,0, 0.000000E+00,16, 3.571034E+01, 6.443197E-01, 1.121742E+01,NULL,NULL,1,mc_qqps,54
-21042,1231,20228,1007,94C2, 9.125000E+01,38,15,53,38,15,-3.296103E+00, 5.634472E+00, 6.721855E+00, 6.561929E+01, 6.472847E+01, 1.703381E+00,-5.170398E-01, 2.688512E+00,-1.360810E+00, 8.027361E+01, 5.927403E+01, 1.455167E+01, 1.026446E-01,3, 0.000000E+00,16, 5.103847E+00,0, 0.000000E+00,2, 1.699538E+00, 7.283279E-01, 9.712100E-01,NULL,NULL,1,mc_qqps,54
-21042,1232,20228,1027,94C2, 9.125000E+01,22,10,32,22,10, 1.780764E+01, 2.298874E+00, 1.574862E+00, 5.314059E+01, 5.275036E+01, 2.397744E+00, 1.125402E+00,-1.441489E+00,-1.414876E+00, 7.835678E+01, 5.122102E+01, 6.455562E+00, 2.970775E+00,13, 8.300259E+00,0, 0.000000E+00,0, 0.000000E+00,7, 2.174751E+01, 5.843645E-01, 1.438575E+01,NULL,NULL,1,mc_qqps,54
-21042,1233,20228,1039,94C2, 9.125000E+01,29,10,39,29,10, 3.138171E+00,-1.846748E+00,-1.973110E+00, 8.135047E+01, 8.073578E+01, 2.783992E+00, 4.540462E+00, 8.280391E-01, 1.295825E+00, 9.594317E+01, 7.786180E+01, 9.726302E+00, 1.218480E+00,14, 4.528621E+00,0, 0.000000E+00,0, 0.000000E+00,7, 1.213863E+01, 5.032610E-01, 3.417460E+00,1, 0.000000E+00,1,mc_qqps,54
-21042,1234,20228,1054,94C2, 9.125000E+01,25,7,32,25,7,-2.524480E+00, 2.191869E+00, 2.209429E+00, 5.867596E+01, 5.819171E+01, 2.327668E+00,-4.566877E+00, 4.917387E+00, 6.712509E+00, 8.087917E+01, 5.683215E+01, 1.310651E+01, 9.096701E+00,1, 0.000000E+00,7, 0.000000E+00,0, 0.000000E+00,NULL,NULL,NULL,NULL,NULL,NULL,1,mc_qqps,54
-21042,1235,20228,1107,94C2, 9.125000E+01,35,7,42,35,7, 2.517544E-01,-4.613446E-01,-1.555292E-01, 6.841592E+01, 6.775893E+01, 1.935970E+00, 1.624428E+00,-2.497208E+00, 3.281596E+00, 7.686983E+01, 6.024422E+01, 3.842560E+00, 2.183410E+00,5, 0.000000E+00,3, 0.000000E+00,0, 0.000000E+00,2, 3.027323E+00, 5.397321E-01, 2.487591E+00,NULL,NULL,1,mc_qqps,54
-21042,1236,20228,1130,94C2, 9.125000E+01,32,12,44,32,12, 4.412375E+00, 1.007808E+00,-5.527540E-01, 7.299962E+01, 7.224036E+01, 2.257511E+00, 5.481721E+00,-1.214381E+00, 8.807870E-01, 9.674530E+01, 6.240435E+01, 1.838585E+01, 1.156379E+00,16, 3.980323E+00,0, 0.000000E+00,0, 0.000000E+00,9, 2.052307E+01, 5.348619E-01, 5.897389E+00,NULL,NULL,1,mc_qqps,54
-21042,1237,20228,1143,94C2, 9.125000E+01,46,15,61,46,15,-1.352745E+00,-2.216437E-01,-2.654939E+00, 7.245834E+01, 7.135860E+01, 1.551274E+00, 2.005428E+00,-6.611600E+00,-8.205839E+00, 1.163670E+02, 6.356731E+01, 5.050744E+00, 3.100828E+01,9, 0.000000E+00,3, 0.000000E+00,0, 0.000000E+00,6, 1.022773E+01, 6.858394E-01, 4.344736E+00,NULL,NULL,1,mc_qqps,54
-21042,1238,20228,1206,94C2, 9.125000E+01,37,8,45,37,8,-1.702037E+00, 5.874866E-01, 2.502334E-01, 7.511152E+01, 7.407516E+01, 2.002032E+00,-6.696755E-01,-6.650625E-01,-2.792239E+00, 8.174680E+01, 6.165877E+01, 6.635284E+00, 0.000000E+00,1, 0.000000E+00,10, 6.274350E-01,0, 0.000000E+00,1, 7.132462E-01, 7.132462E-01, 7.132462E-01,2, 0.000000E+00,1,mc_qqps,54
-21042,1239,20228,1225,94C2, 9.125000E+01,39,17,56,39,17, 9.757572E-01,-2.837480E-01,-3.012488E+01, 9.850145E+01, 9.806015E+01, 2.514363E+00, 4.289946E+00,-2.464892E+00,-2.583526E+01, 1.159352E+02, 3.983099E+01, 1.328488E+01, 3.784088E+00,6, 2.757730E-01,14, 0.000000E+00,0, 0.000000E+00,3, 2.704866E+00, 3.978752E-01, 1.373925E+00,1, 0.000000E+00,1,mc_qqps,54
-21042,1240,20228,1244,94C2, 9.125000E+01,35,15,50,35,15, 1.375930E+01, 5.520070E+00,-2.023850E+01, 5.927675E+01, 5.865372E+01, 1.675820E+00, 9.750001E+00, 2.491202E+00,-1.580397E+01, 7.338943E+01, 5.160108E+01, 8.317954E+00, 3.764876E+00,13, 1.007902E+01,2, 0.000000E+00,0, 0.000000E+00,8, 7.074580E+00, 4.654073E-01, 1.533874E+00,NULL,NULL,1,mc_qqps,54
-21042,1241,20228,1304,94C2, 9.125000E+01,16,9,25,16,9,-5.472379E+00, 9.116684E+00,-3.187244E+00, 7.837479E+01, 7.816069E+01, 4.885043E+00,-2.737710E-01, 1.442219E+00, 1.516843E-01, 9.991963E+01, 7.769891E+01, 1.420168E+01, 0.000000E+00,13, 2.341297E+01,0, 0.000000E+00,0, 0.000000E+00,7, 1.510191E+01, 6.082374E-01, 4.324210E+00,1, 0.000000E+00,1,mc_qqps,54
-21042,1242,20228,1314,94C2, 9.125000E+01,38,14,52,38,14,-5.005957E+00, 3.733328E+00,-6.618397E-01, 6.758694E+01, 6.658821E+01, 1.752321E+00, 5.978666E+00,-2.929424E+00,-7.826076E+00, 9.086269E+01, 6.472294E+01, 9.510775E+00, 1.328904E+01,7, 5.022645E-02,7, 0.000000E+00,0, 0.000000E+00,6, 7.641620E+00, 4.697792E-01, 2.132592E+00,NULL,NULL,1,mc_qqps,54
-21042,1243,20228,1332,94C2, 9.125000E+01,38,15,53,38,15, 5.918564E+00,-3.987053E+00, 1.301515E+01, 6.002143E+01, 5.931461E+01, 1.560911E+00, 5.429221E+00,-2.739943E+00, 9.238326E+00, 8.242358E+01, 5.452759E+01, 7.269071E+00, 1.291341E+01,9, 2.914159E+00,6, 0.000000E+00,0, 0.000000E+00,7, 7.497276E+00, 4.287601E-01, 3.277594E+00,NULL,NULL,1,mc_qqps,54
-21042,1244,20228,1346,94C2, 9.125000E+01,24,12,36,24,12,-1.868501E+00,-2.838245E+00, 3.605838E+00, 4.875525E+01, 4.840920E+01, 2.017050E+00, 2.254921E+00, 2.088663E+00,-4.927001E+00, 7.866750E+01, 3.329679E+01, 2.551028E+01, 3.033937E+00,3, 7.837740E-02,11, 0.000000E+00,0, 0.000000E+00,1, 1.368034E+00, 1.368034E+00, 1.368034E+00,1, 0.000000E+00,1,mc_qqps,54
-21042,1245,20228,1401,94C2, 9.125000E+01,29,16,45,29,16,-1.700417E+01, 1.223146E+01,-3.250400E+00, 4.494728E+01, 4.421810E+01, 1.524762E+00, 1.168346E-01, 4.708824E+00, 1.891708E-01, 7.153928E+01, 2.722087E+01, 2.073554E+01, 3.963999E+00,17, 1.009263E+00,0, 0.000000E+00,0, 0.000000E+00,12, 1.907789E+01, 5.905987E-01, 3.066437E+00,NULL,NULL,1,mc_qqps,54
-21042,1246,20228,1415,94C2, 9.125000E+01,23,22,45,23,22,-6.674649E+00, 1.244586E+00,-2.546722E+00, 6.750143E+01, 6.725381E+01, 2.924079E+00,-5.373848E+00, 1.451259E+00,-7.601409E-01, 1.077739E+02, 6.595934E+01, 1.973117E+01, 1.394235E+01,23, 4.269562E+00,0, 0.000000E+00,0, 0.000000E+00,16, 2.444154E+01, 4.565779E-01, 4.843946E+00,NULL,NULL,1,mc_qqps,54
-21042,1247,20228,1428,94C2, 9.125000E+01,25,11,36,25,11, 1.163667E+01,-6.970856E+00,-9.728285E+00, 6.105300E+01, 6.070996E+01, 2.428399E+00, 9.222392E+00,-3.357043E+00,-8.549864E+00, 8.109932E+01, 5.225697E+01, 1.593878E+01, 3.462225E+00,13, 4.448882E+00,0, 0.000000E+00,0, 0.000000E+00,9, 1.642803E+01, 6.819472E-01, 4.366628E+00,NULL,NULL,1,mc_qqps,54
-21042,1248,20228,1440,94C2, 9.125000E+01,36,16,52,36,16,-4.680686E+00, 1.395258E+00,-2.901704E+00, 6.863876E+01, 6.803439E+01, 1.889844E+00, 1.555031E+00,-6.836338E-01, 1.083779E+00, 9.286546E+01, 6.239351E+01, 2.131528E+01, 0.000000E+00,22, 8.279983E+00,0, 0.000000E+00,0, 0.000000E+00,15, 2.394947E+01, 6.358943E-01, 3.513554E+00,NULL,NULL,1,mc_qqps,54
-21042,1249,20228,1454,94C2, 9.125000E+01,22,13,35,22,13, 4.328537E+00,-2.898127E+00, 1.704043E-01, 4.678901E+01, 4.641281E+01, 2.109673E+00, 1.257503E+01,-8.648764E+00,-6.769260E+00, 9.309407E+01, 4.349740E+01, 3.486028E+01, 1.144477E+01,15, 6.690269E-01,0, 0.000000E+00,0, 0.000000E+00,11, 3.179776E+01, 9.225605E-01, 1.368523E+01,NULL,NULL,1,mc_qqps,54
-21042,1250,20228,1507,94C2, 9.125000E+01,19,8,27,19,8,-2.218507E+00, 3.224637E+00,-2.601142E-01, 5.185625E+01, 5.164616E+01, 2.718219E+00, 1.333208E+00,-2.623647E+00, 4.282604E+00, 8.068518E+01, 4.461800E+01, 2.709551E+01, 4.883038E-01,10, 6.132500E-01,0, 0.000000E+00,0, 0.000000E+00,6, 2.795013E+01, 5.149395E-01, 1.402582E+01,NULL,NULL,1,mc_qqps,54
-21042,1251,20228,1519,94C2, 9.125000E+01,27,10,37,27,10,-2.032318E+01,-1.501538E+01, 4.084587E+00, 5.338169E+01, 5.279365E+01, 1.955320E+00,-1.160863E+01,-8.250861E+00, 3.332901E+00, 8.018113E+01, 5.008785E+01, 1.182811E+01, 1.499442E+01,11, 1.702752E+01,0, 0.000000E+00,0, 0.000000E+00,6, 7.901858E+00, 4.858297E-01, 1.936393E+00,NULL,NULL,1,mc_qqps,54
-21042,1252,20228,1530,94C2, 9.125000E+01,34,5,39,34,5, 2.313112E+00, 1.792915E+00,-8.220035E-01, 1.015655E+02, 1.007924E+02, 2.964484E+00,-6.253506E+00,-4.994564E+00, 1.932864E+00, 1.129790E+02, 7.271523E+01, 1.030273E+01, 1.110757E+00,8, 9.659133E-01,0, 0.000000E+00,0, 0.000000E+00,3, 6.376543E+00, 6.552649E-01, 3.418910E+00,NULL,NULL,1,mc_qqps,54
-21042,1253,20228,1548,94C2, 9.125000E+01,18,14,32,18,14,-1.447369E+01, 6.120494E+00,-4.256838E+00, 3.723573E+01, 3.700344E+01, 2.055747E+00,-1.117711E+01,-2.880421E+00,-5.824003E+00, 1.060933E+02, 3.663451E+01, 5.984496E+01, 9.012985E+00,13, 2.315680E-01,0, 0.000000E+00,0, 0.000000E+00,11, 4.505605E+01, 3.854743E-01, 2.561416E+01,NULL,NULL,1,mc_qqps,54
-21042,1254,20228,1601,94C2, 9.125000E+01,41,9,50,41,9,-1.005162E+00, 2.195073E+00,-1.732703E-01, 8.527420E+01, 8.446023E+01, 2.060006E+00,-2.870216E+00, 7.031492E+00,-2.869828E+00, 1.016569E+02, 7.912682E+01, 7.091495E+00, 8.376135E+00,15, 2.085845E+01,0, 0.000000E+00,0, 0.000000E+00,6, 8.025524E+00, 8.764130E-01, 2.278327E+00,NULL,NULL,1,mc_qqps,54
-21042,1255,20228,1615,94C2, 9.125000E+01,22,12,34,22,12, 3.239444E+00, 2.116156E+00,-5.694606E-01, 6.466848E+01, 6.420840E+01, 2.918564E+00, 5.369268E+00, 3.697799E+00,-1.039030E+00, 8.298543E+01, 6.042975E+01, 9.648170E+00, 6.951003E+00,11, 1.658765E+01,0, 0.000000E+00,0, 0.000000E+00,7, 9.891402E+00, 4.660525E-01, 5.464096E+00,NULL,NULL,1,mc_qqps,54
-21042,1256,20228,1630,94C2, 9.125000E+01,23,15,38,23,15,-5.262756E+00,-3.620187E-01,-5.367038E+00, 5.932446E+01, 5.875386E+01, 2.554516E+00,-1.701576E+00,-1.557265E+00,-2.163522E+00, 8.417559E+01, 5.729149E+01, 1.929320E+01, 7.186230E-01,19, 5.452186E+00,0, 0.000000E+00,0, 0.000000E+00,12, 2.281399E+01, 4.471209E-01, 4.392190E+00,NULL,NULL,1,mc_qqps,54
-21042,1257,20228,1641,94C2, 9.125000E+01,39,18,57,39,18, 4.107421E+00,-1.099915E+01, 1.714041E+00, 6.696043E+01, 6.606764E+01, 1.694042E+00, 9.788159E+00, 3.963903E+00, 1.264197E+00, 1.026733E+02, 6.112511E+01, 1.200990E+01, 2.203662E+01,17, 6.865208E+00,0, 0.000000E+00,0, 0.000000E+00,10, 1.286244E+01, 5.560407E-01, 3.317100E+00,2, 0.000000E+00,1,mc_qqps,54
-21042,1258,20228,1702,94C2, 9.125000E+01,27,23,50,27,23, 1.679942E+00, 4.547839E-02,-1.034455E+01, 5.130580E+01, 5.085636E+01, 1.883569E+00, 2.453874E+00, 3.213528E+00,-1.287867E+01, 8.389661E+01, 1.533722E+01, 2.011119E+01, 1.247961E+01,1, 0.000000E+00,21, 1.225420E+01,0, 0.000000E+00,1, 5.455170E-01, 5.455170E-01, 5.455170E-01,1, 0.000000E+00,1,mc_qqps,54
-21042,1259,20228,1718,94C2, 9.125000E+01,24,17,41,24,17,-2.260567E+00, 1.814113E+01,-9.302343E+00, 5.838701E+01, 5.805030E+01, 2.418762E+00,-4.559120E-01, 7.508027E+00,-1.273843E+00, 8.132584E+01, 5.749337E+01, 1.636060E+01, 1.154495E+00,15, 3.616472E+00,5, 0.000000E+00,0, 0.000000E+00,11, 1.847668E+01, 6.612852E-01, 4.678853E+00,NULL,NULL,1,mc_qqps,54
-21042,1260,20228,1730,94C2, 9.125000E+01,19,17,36,19,17,-1.473368E+01, 5.682004E+00, 2.705719E+00, 3.851228E+01, 3.816900E+01, 2.008895E+00,-1.223548E+01, 6.356895E+00, 3.561350E+00, 9.311450E+01, 2.949710E+01, 2.998766E+01, 2.306984E+01,17, 1.020872E+01,0, 0.000000E+00,0, 0.000000E+00,14, 2.962209E+01, 5.760761E-01, 4.072431E+00,NULL,NULL,1,mc_qqps,54
-21042,1261,20228,1742,94C2, 9.125000E+01,22,11,33,22,11, 4.380302E+00,-1.235923E+01, 1.482224E+00, 6.431487E+01, 6.398559E+01, 2.908436E+00,-4.996675E+00, 2.283293E+00, 2.742305E-01, 1.027606E+02, 4.995535E+01, 6.834591E+00, 3.051807E+01,11, 9.522907E-02,1, 0.000000E+00,0, 0.000000E+00,7, 7.551855E+00, 3.345290E-01, 1.772924E+00,NULL,NULL,1,mc_qqps,54
-21042,1262,20228,1759,94C2, 9.125000E+01,36,5,41,36,5, 1.657859E+01,-4.316774E+00,-2.722550E+00, 6.244613E+01, 6.167693E+01, 1.713248E+00, 1.259116E+01,-1.830688E+00,-1.695385E+00, 7.017420E+01, 5.896738E+01, 6.745708E+00, 9.823664E-01,10, 6.800088E+00,0, 0.000000E+00,0, 0.000000E+00,2, 4.699676E+00, 1.237325E+00, 3.462350E+00,NULL,NULL,1,mc_qqps,54
-21042,1263,20228,1813,94C2, 9.125000E+01,38,14,52,38,14, 5.572657E+00,-1.216474E+01, 1.049794E+01, 8.719250E+01, 8.642677E+01, 2.274389E+00, 5.560898E+00,-1.314219E+01, 1.246115E+01, 1.115307E+02, 8.196024E+01, 1.850572E+01, 1.972019E+00,18, 8.960373E+00,1, 0.000000E+00,0, 0.000000E+00,11, 2.236618E+01, 4.301036E-01, 5.582364E+00,NULL,NULL,1,mc_qqps,54
-21042,1264,20228,1828,94C2, 9.125000E+01,29,17,46,29,17,-4.982102E+00,-7.483078E+00,-1.404215E+01, 3.776019E+01, 3.714100E+01, 1.280724E+00, 4.412364E-01, 3.269982E+00, 7.120855E-01, 8.041375E+01, 3.561592E+01, 1.481407E+01, 2.748094E+01,5, 1.430132E+00,11, 0.000000E+00,0, 0.000000E+00,4, 3.298009E+00, 4.726392E-01, 1.309785E+00,1, 0.000000E+00,1,mc_qqps,54
-21042,1265,20228,1849,94C2, 9.125000E+01,24,16,40,24,16, 1.221271E+01, 1.540639E+01,-1.823951E+00, 3.713079E+01, 3.662244E+01, 1.525935E+00, 1.260977E+01, 1.446277E+01, 5.460871E-01, 6.414225E+01, 3.334354E+01, 2.268102E+01, 4.330438E+00,14, 1.496380E+00,1, 0.000000E+00,0, 0.000000E+00,11, 1.949114E+01, 5.728177E-01, 5.886392E+00,NULL,NULL,1,mc_qqps,54
-21042,1266,20228,1903,94C2, 9.125000E+01,17,12,29,17,12, 1.037496E+00,-3.297775E+00, 3.184434E+00, 4.285260E+01, 4.259302E+01, 2.505472E+00,-3.390170E+00, 3.162130E+00,-4.450457E+00, 6.578863E+01, 4.065855E+01, 2.139384E+01, 1.542173E+00,8, 4.624402E+00,1, 0.000000E+00,0, 0.000000E+00,6, 1.490686E+01, 2.747848E-01, 8.853347E+00,NULL,NULL,1,mc_qqps,54
-21042,1267,20228,1920,94C2, 9.125000E+01,34,12,46,34,12,-9.418266E-01,-4.384308E+00, 2.735139E+00, 6.488287E+01, 6.418420E+01, 1.887771E+00,-9.871310E-02,-4.466441E+00, 3.049537E+00, 8.565736E+01, 5.736729E+01, 1.862315E+01, 2.151350E+00,13, 1.180614E+01,1, 0.000000E+00,0, 0.000000E+00,9, 1.681250E+01, 8.867947E-01, 3.465806E+00,NULL,NULL,1,mc_qqps,54
-21042,1268,20228,1935,94C2, 9.125000E+01,35,15,50,35,15,-1.007678E+01,-6.712291E+00,-2.575322E+01, 6.617501E+01, 6.550328E+01, 1.871522E+00,-1.612925E+01,-5.499760E+00,-4.279561E+01, 9.480521E+01, 2.455664E+01, 8.033391E+00, 2.059679E+01,1, 0.000000E+00,14, 9.289042E+00,0, 0.000000E+00,1, 8.968168E-01, 8.968168E-01, 8.968168E-01,1, 0.000000E+00,1,mc_qqps,54
-21042,1269,20228,1952,94C2, 9.125000E+01,25,16,41,25,16, 1.023121E+00, 1.547008E+00,-1.824189E-01, 5.387843E+01, 5.350200E+01, 2.140080E+00,-7.559143E+00,-5.391508E+00, 6.871598E+00, 8.646973E+01, 5.147482E+01, 2.617105E+01, 6.420253E+00,20, 8.422550E+00,0, 0.000000E+00,0, 0.000000E+00,12, 2.495765E+01, 6.413621E-01, 4.994424E+00,NULL,NULL,1,mc_qqps,54
-21042,1270,20228,2005,94C2, 9.125000E+01,19,8,27,19,8, 3.770231E+00,-1.192848E+00,-5.577169E+00, 6.675610E+01, 6.659912E+01, 3.505217E+00, 2.405672E-01,-4.042366E-01, 1.851392E+00, 7.764505E+01, 6.656264E+01, 1.026352E+01, 6.254308E-01,1, 0.000000E+00,14, 9.936148E+00,0, 0.000000E+00,NULL,NULL,NULL,NULL,NULL,NULL,1,mc_qqps,54
-21042,1271,20228,2017,94C2, 9.125000E+01,23,12,35,23,12, 7.077491E-01, 1.957502E+00,-6.327124E-01, 5.177683E+01, 5.146203E+01, 2.237480E+00,-3.127626E+00,-5.036516E+00,-1.025401E+00, 8.568758E+01, 3.796848E+01, 4.415122E+00, 2.824874E+01,12, 4.110723E+00,0, 0.000000E+00,0, 0.000000E+00,7, 5.758857E+00, 4.438817E-01, 1.048652E+00,NULL,NULL,1,mc_qqps,54
-21042,1272,20228,2033,94C2, 9.125000E+01,32,23,55,32,23,-1.762176E+00, 4.110351E-01,-4.994054E-01, 5.427912E+01, 5.374666E+01, 1.679583E+00,-1.753389E+01, 2.747639E+00, 1.571883E+01, 1.074124E+02, 5.259395E+01, 4.688029E+01, 2.791440E+00,22, 0.000000E+00,2, 0.000000E+00,0, 0.000000E+00,19, 3.444541E+01, 3.405182E-01, 5.360105E+00,NULL,NULL,1,mc_qqps,54
-21042,1273,20228,2049,94C2, 9.125000E+01,52,26,78,52,26, 8.882483E+00, 6.372033E-01,-4.836928E+00, 5.845477E+01, 5.752596E+01, 1.106268E+00, 2.671940E-01, 4.583575E+00, 8.788745E-01, 8.798499E+01, 5.312591E+01, 2.415380E+01, 4.140024E+00,22, 2.511230E+00,3, 5.394916E-01,0, 0.000000E+00,17, 2.125848E+01, 5.567995E-01, 2.676282E+00,NULL,NULL,1,mc_qqps,54
-21042,1274,20228,2110,94C2, 9.125000E+01,17,12,29,17,12, 1.089574E+01,-1.651419E+01, 1.100180E+01, 4.376050E+01, 4.347918E+01, 2.557599E+00,-3.937920E+00, 3.623917E+00,-4.842216E+00, 7.474095E+01, 4.231937E+01, 2.286450E+01, 6.199684E+00,13, 3.994791E-01,0, 0.000000E+00,0, 0.000000E+00,10, 2.333833E+01, 6.468461E-01, 1.101829E+01,NULL,NULL,1,mc_qqps,54
-21042,1275,20228,2123,94C2, 9.125000E+01,32,15,47,32,15, 7.308369E-01,-2.143150E+00,-7.626554E-01, 6.919653E+01, 6.877641E+01, 2.149263E+00,-4.552729E+00,-2.335514E+01,-2.274188E+01, 1.087189E+02, 6.679582E+01, 1.733922E+01, 1.640894E+01,11, 0.000000E+00,1, 0.000000E+00,0, 0.000000E+00,8, 1.074946E+01, 3.691445E-01, 2.400320E+00,NULL,NULL,1,mc_qqps,54
-21042,1276,20228,2139,94C2, 9.125000E+01,24,17,41,24,17,-6.726489E-01,-6.009343E-01,-8.412977E+00, 4.693116E+01, 4.652109E+01, 1.938379E+00,-4.582083E+00,-4.852543E+00,-7.029265E-01, 8.980152E+01, 4.473471E+01, 3.284856E+01, 6.654346E+00,17, 1.256971E+00,5, 0.000000E+00,0, 0.000000E+00,11, 2.098782E+01, 4.927294E-01, 7.740783E+00,NULL,NULL,1,mc_qqps,54
-21042,1277,20228,2153,94C2, 9.125000E+01,27,17,44,27,17,-6.644179E+00,-1.261387E+01, 7.481104E+00, 6.389595E+01, 6.340943E+01, 2.348497E+00, 6.488213E+00, 8.175367E+00,-6.562296E+00, 1.078987E+02, 4.729252E+01, 3.939408E+01, 0.000000E+00,22, 1.097280E+01,0, 0.000000E+00,0, 0.000000E+00,13, 3.550115E+01, 5.347757E-01, 9.157893E+00,NULL,NULL,1,mc_qqps,54
-21042,1278,20228,2207,94C2, 9.125000E+01,23,12,35,23,12, 1.949571E+01,-9.474122E-01, 5.533335E+00, 4.691343E+01, 4.655640E+01, 2.024191E+00, 2.380012E+00, 7.221653E-01,-6.348261E-01, 9.519409E+01, 4.420493E+01, 4.521794E+01, 2.716589E+00,14, 5.123686E+00,0, 0.000000E+00,0, 0.000000E+00,9, 4.521725E+01, 3.461282E-01, 2.540636E+01,NULL,NULL,1,mc_qqps,54
-21042,1279,20228,2223,94C2, 9.125000E+01,37,9,46,37,9,-3.392585E+00,-3.528380E+00, 6.774756E+00, 7.081173E+01, 7.021537E+01, 1.897713E+00,-1.186830E+00, 1.116652E-01, 4.705410E+00, 8.080421E+01, 6.582176E+01, 9.992473E+00, 0.000000E+00,11, 2.732009E+00,5, 0.000000E+00,0, 0.000000E+00,3, 3.611712E+00, 6.173140E-01, 2.090259E+00,2, 0.000000E+00,1,mc_qqps,54
-21042,1280,20228,2241,94C2, 9.125000E+01,23,13,36,23,13,-9.178258E-01,-5.697602E+00, 1.516644E+00, 3.438555E+01, 3.409399E+01, 1.482348E+00,-2.726994E+00,-8.893139E+00, 1.046705E+01, 6.684668E+01, 3.328374E+01, 1.601481E+01, 1.644633E+01,7, 7.139613E-02,6, 0.000000E+00,0, 0.000000E+00,5, 5.902798E+00, 5.166020E-01, 2.766936E+00,NULL,NULL,1,mc_qqps,54
-21042,1281,20228,2256,94C2, 9.125000E+01,15,14,29,15,14,-1.161358E+00,-2.046274E+00, 1.375956E+00, 5.821778E+01, 5.792049E+01, 3.861366E+00, 6.856396E-01,-4.477186E+00, 3.945366E+00, 7.879090E+01, 5.660000E+01, 1.883748E+01, 0.000000E+00,16, 5.584879E+00,1, 0.000000E+00,0, 0.000000E+00,13, 2.005360E+01, 4.724007E-01, 3.512807E+00,NULL,NULL,1,mc_qqps,54
-21042,1282,20228,2310,94C2, 9.125000E+01,22,20,42,22,20,-1.600081E+00, 2.733817E+00,-1.793968E+00, 4.778994E+01, 4.748823E+01, 2.158556E+00,-2.165826E+00, 1.127451E+00,-4.869481E-01, 7.681528E+01, 4.484103E+01, 1.692279E+01, 3.677196E+00,24, 2.909991E+00,0, 0.000000E+00,0, 0.000000E+00,16, 2.419181E+01, 3.680541E-01, 7.342736E+00,NULL,NULL,1,mc_qqps,54
-21042,1283,20228,2325,94C2, 9.125000E+01,17,22,39,17,22, 1.412234E+00,-3.118934E+00, 3.604684E-01, 4.310205E+01, 4.284552E+01, 2.520325E+00, 9.895387E-01, 2.154893E+00, 1.622863E+00, 9.334917E+01, 4.191997E+01, 4.599924E+01, 1.853037E+00,23, 2.077381E+01,1, 0.000000E+00,0, 0.000000E+00,17, 4.745481E+01, 1.046146E+00, 1.211928E+01,NULL,NULL,1,mc_qqps,54
-21042,1284,20228,2337,94C2, 9.125000E+01,20,11,31,20,11, 9.187691E+00,-7.076261E+00,-1.275396E+01, 9.562067E+01, 9.541366E+01, 4.770683E+00, 2.026005E+01,-9.592260E+00,-2.143498E+01, 1.380412E+02, 5.969273E+01, 2.254946E+01, 1.350257E+01,11, 5.585859E+00,0, 0.000000E+00,0, 0.000000E+00,6, 2.686845E+01, 7.550538E-01, 1.316409E+01,NULL,NULL,1,mc_qqps,54
-21042,1285,20228,2351,94C2, 9.125000E+01,40,14,54,40,14, 1.758179E+00,-9.984279E+00,-1.686563E+01, 5.034929E+01, 4.924897E+01, 1.231224E+00, 1.688115E+00,-9.986598E+00,-1.963354E+01, 6.562209E+01, 3.252755E+01, 1.290329E+01, 2.369506E+00,1, 0.000000E+00,14, 2.169660E+01,0, 0.000000E+00,1, 1.012245E+00, 1.012245E+00, 1.012245E+00,NULL,NULL,1,mc_qqps,54
-21042,1286,20228,2413,94C2, 9.125000E+01,27,10,37,27,10, 1.047620E+00,-7.589090E+00,-5.458394E+00, 6.248464E+01, 6.216795E+01, 2.302516E+00,-7.178141E-01,-6.821096E+00,-4.337871E+00, 8.061061E+01, 6.252443E+01, 8.661703E+00, 8.722134E+00,12, 9.506798E-01,1, 0.000000E+00,0, 0.000000E+00,5, 7.987298E+00, 7.421311E-01, 2.792924E+00,NULL,NULL,1,mc_qqps,54
-21042,1287,20228,2427,94C2, 9.125000E+01,44,19,63,44,19, 9.275796E-02, 1.932533E+01, 1.414369E+01, 5.515382E+01, 5.377261E+01, 1.222105E+00, 1.313130E+00, 1.361115E+01, 9.383991E+00, 9.318827E+01, 4.495245E+01, 2.826193E+01, 9.773664E+00,19, 8.782868E-01,0, 0.000000E+00,0, 0.000000E+00,14, 2.417703E+01, 4.554550E-01, 8.046163E+00,1, 0.000000E+00,1,mc_qqps,54
-21042,1288,20228,2445,94C2, 9.125000E+01,49,14,63,49,14,-7.711316E+00,-6.644480E+00,-3.376168E+00, 5.713738E+01, 5.505900E+01, 1.123653E+00,-1.292014E+01,-1.217885E+01,-1.121445E+00, 7.841785E+01, 4.664951E+01, 1.113828E+01, 6.058080E+00,19, 1.286726E+01,0, 0.000000E+00,0, 0.000000E+00,9, 1.293692E+01, 6.170569E-01, 2.455051E+00,NULL,NULL,1,mc_qqps,54
-21042,1289,20228,2515,94C2, 9.125000E+01,59,15,74,59,15,-1.224329E+01,-6.687618E+00, 3.112844E+00, 8.145878E+01, 8.001864E+01, 1.356248E+00,-1.643839E+01,-1.200092E+01, 4.192637E+00, 1.050281E+02, 6.621816E+01, 1.766669E+01, 1.850878E+00,15, 5.643569E+00,0, 0.000000E+00,0, 0.000000E+00,8, 1.590082E+01, 7.266849E-01, 3.764299E+00,NULL,NULL,1,mc_qqps,54
-21042,1290,20228,2536,94C2, 9.125000E+01,19,7,26,19,7,-1.527921E+00,-2.408684E+00,-1.170469E+00, 3.638158E+01, 3.606062E+01, 1.897928E+00, 3.156016E+00,-2.220990E+00, 4.291590E+00, 6.067091E+01, 3.591019E+01, 1.674351E+01, 6.996044E+00,12, 3.603443E+00,0, 0.000000E+00,0, 0.000000E+00,6, 1.729328E+01, 5.497664E-01, 1.166999E+01,NULL,NULL,1,mc_qqps,54
-21042,1291,20228,2551,94C2, 9.125000E+01,39,11,50,39,11,-1.013647E+00, 9.446203E+00,-4.511644E+00, 6.801800E+01, 6.733554E+01, 1.726552E+00,-3.234069E+00, 7.510696E+00,-4.795365E+00, 8.327391E+01, 6.563351E+01, 6.885996E+00, 8.417390E+00,12, 4.999498E-01,0, 0.000000E+00,0, 0.000000E+00,6, 6.072233E+00, 4.451343E-01, 2.241786E+00,NULL,NULL,1,mc_qqps,54
-21042,1292,20228,2606,94C2, 9.125000E+01,28,6,34,28,6, 2.966518E+00, 8.983698E+00,-4.267942E+00, 7.053663E+01, 7.012109E+01, 2.504325E+00,-1.659996E+00,-5.142602E+00, 2.540365E+00, 9.153573E+01, 6.887344E+01, 1.245307E+00, 2.025835E+01,9, 8.521979E-01,0, 0.000000E+00,0, 0.000000E+00,2, 1.245307E+00, 4.267789E-01, 8.185286E-01,NULL,NULL,1,mc_qqps,54
-21042,1293,20228,2622,94C2, 9.125000E+01,25,17,42,25,17, 5.028227E+00,-2.265429E+00,-2.142942E+01, 4.754755E+01, 4.723827E+01, 1.889531E+00, 2.502285E+00,-1.273306E+00,-1.454395E+01, 6.355672E+01, 4.689642E+01, 9.313382E+00, 6.695791E+00,7, 2.222396E+00,9, 0.000000E+00,0, 0.000000E+00,4, 3.147074E+00, 4.570479E-01, 1.258937E+00,1, 0.000000E+00,1,mc_qqps,54
-21042,1294,20228,2636,94C2, 9.125000E+01,12,11,23,12,11,-1.700058E+00,-5.436508E+00,-1.242504E+01, 6.852311E+01, 6.836684E+01, 5.697237E+00, 5.676317E-02,-2.712968E-01,-1.561222E+00, 8.390213E+01, 6.683833E+01, 1.093278E+01, 3.579963E+00,3, 0.000000E+00,7, 5.343774E+00,0, 0.000000E+00,2, 1.630027E+00, 7.637576E-01, 8.662693E-01,NULL,NULL,1,mc_qqps,54
-21042,1295,20228,2650,94C2, 9.125000E+01,33,18,51,33,18, 7.213055E+00,-1.758223E+00, 8.977721E+00, 7.063900E+01, 6.990948E+01, 2.118469E+00, 2.792175E-01,-4.234425E+00, 6.867858E-01, 8.891373E+01, 6.462140E+01, 1.443198E+01, 1.274134E+00,14, 0.000000E+00,4, 0.000000E+00,0, 0.000000E+00,12, 1.237730E+01, 5.247699E-01, 2.137390E+00,NULL,NULL,1,mc_qqps,54
-21042,1296,20228,2705,94C2, 9.125000E+01,14,12,26,14,12, 9.625318E+00, 1.005080E+01,-1.110100E+01, 6.343309E+01, 6.327981E+01, 4.519987E+00, 7.262197E+00, 6.183936E+00,-6.881208E+00, 9.045655E+01, 6.338245E+01, 2.044127E+01, 4.894488E-01,14, 1.906745E+00,0, 0.000000E+00,0, 0.000000E+00,10, 2.510502E+01, 3.910547E-01, 6.094386E+00,NULL,NULL,1,mc_qqps,54
-21042,1297,20228,2714,94C2, 9.125000E+01,38,18,56,38,18, 9.895228E-01,-1.096747E+01, 3.261662E-02, 6.207495E+01, 6.148978E+01, 1.618152E+00,-3.149442E+00,-4.023336E+00, 9.173724E+00, 9.721291E+01, 5.343099E+01, 2.561132E+01, 7.615742E+00,16, 6.667585E+00,1, 0.000000E+00,0, 0.000000E+00,10, 2.246962E+01, 3.234735E-01, 9.411710E+00,1, 0.000000E+00,1,mc_qqps,54
-21042,1298,20228,2730,94C2, 9.125000E+01,29,11,40,29,11,-1.653042E+01, 2.552522E+01, 5.730870E+00, 4.158534E+01, 4.069608E+01, 1.403313E+00,-4.845023E-01, 1.420719E+00, 2.241323E+00, 9.728746E+01, 3.789456E+01, 4.988376E+01, 6.876978E-01,13, 1.100337E+01,0, 0.000000E+00,0, 0.000000E+00,7, 5.326755E+01, 9.846370E-01, 2.664284E+01,1, 0.000000E+00,1,mc_qqps,54
-21042,1299,20228,2742,94C2, 9.125000E+01,50,18,68,50,18,-8.142433E+00, 2.255045E+00, 1.444182E+01, 6.804021E+01, 6.720061E+01, 1.344012E+00,-4.306311E+00, 2.319605E+00, 1.107632E+01, 9.306248E+01, 5.408103E+01, 2.015453E+01, 4.867743E+00,21, 7.244217E-01,3, 0.000000E+00,0, 0.000000E+00,14, 1.922243E+01, 3.821004E-01, 3.729386E+00,NULL,NULL,1,mc_qqps,54
-21042,1300,20228,2800,94C2, 9.125000E+01,22,14,36,22,14,-7.860033E+00,-1.228571E+01,-5.161259E+00, 5.838800E+01, 5.788551E+01, 2.631159E+00, 2.181151E+00, 2.982048E+00, 2.551682E+00, 9.304555E+01, 5.563404E+01, 3.026161E+01, 3.133805E+00,12, 2.491206E+00,0, 0.000000E+00,0, 0.000000E+00,10, 2.653127E+01, 5.380248E-01, 8.001633E+00,NULL,NULL,1,mc_qqps,54
-21042,1301,20228,2815,94C2, 9.125000E+01,36,6,42,36,6, 1.630451E+00, 1.531687E+00,-4.983036E+00, 8.074261E+01, 8.022399E+01, 2.228444E+00,-1.623258E+00,-4.470480E+00,-6.950211E+00, 9.326298E+01, 6.126918E+01, 1.351568E+00, 7.992928E+00,13, 7.532394E+00,1, 3.401196E-01,0, 0.000000E+00,2, 3.736572E+00, 5.606982E-01, 3.175874E+00,NULL,NULL,1,mc_qqps,54
-21042,1302,20228,2829,94C2, 9.125000E+01,34,19,53,34,19,-1.027328E+01,-1.171452E+01,-1.100937E+01, 5.372098E+01, 5.325574E+01, 1.566345E+00,-2.701469E+00, 6.091197E-01,-2.962264E+00, 8.703836E+01, 5.103933E+01, 2.554536E+01, 4.703018E+00,19, 1.175852E+00,1, 0.000000E+00,0, 0.000000E+00,14, 2.516730E+01, 3.638678E-01, 4.277874E+00,NULL,NULL,1,mc_qqps,54
-21042,1303,20228,2847,94C2, 9.125000E+01,25,19,44,25,19,-1.248386E+00,-7.367058E+00, 6.342962E+00, 3.845794E+01, 3.805412E+01, 1.522165E+00,-8.060057E-01, 5.559955E-01,-1.208437E+00, 7.918958E+01, 3.156002E+01, 2.489186E+01, 1.483458E+01,12, 1.145769E-01,5, 0.000000E+00,0, 0.000000E+00,9, 2.065698E+01, 7.058169E-01, 6.048904E+00,NULL,NULL,1,mc_qqps,54
-21042,1304,20228,2907,94C2, 9.125000E+01,29,9,38,29,9,-1.758342E+01,-3.321784E+00,-1.986345E+01, 5.221610E+01, 5.163911E+01, 1.780659E+00,-2.226909E+01,-4.357888E+00,-2.588477E+01, 7.452329E+01, 4.206407E+01, 1.241447E+01, 1.245221E-01,6, 0.000000E+00,1, 0.000000E+00,0, 0.000000E+00,6, 1.486422E+01, 8.786986E-01, 3.954342E+00,NULL,NULL,1,mc_qqps,54
-21042,1305,20228,2925,94C2, 9.125000E+01,44,13,57,44,13, 9.236625E+00, 4.919443E+00, 4.674395E+00, 7.421127E+01, 7.334536E+01, 1.666940E+00, 1.081707E+01, 7.503774E+00, 2.885837E+00, 1.017161E+02, 5.549768E+01, 1.209990E+01, 0.000000E+00,12, 5.933638E+00,4, 0.000000E+00,0, 0.000000E+00,8, 2.242780E+01, 8.611719E-01, 5.981333E+00,NULL,NULL,1,mc_qqps,54
-21042,1306,20228,2944,94C2, 9.125000E+01,43,13,56,43,13,-3.588504E+01, 1.108886E+01,-1.591761E+02, 2.004751E+02, 1.995146E+02, 4.639874E+00,-3.812476E+01, 1.112657E+01,-1.623105E+02, 2.117083E+02, 2.326110E+01, 1.019862E+01, 1.034618E+00,0, 0.000000E+00,18, 1.236088E+01,0, 0.000000E+00,NULL,NULL,NULL,NULL,1, 0.000000E+00,1,mc_qqps,54
-21042,1307,20228,3001,94C2, 9.125000E+01,26,15,41,26,15, 4.478342E+00,-3.007351E+00, 7.052895E-02, 5.649525E+01, 5.607930E+01, 2.156896E+00,-1.158668E+01, 7.677307E+00,-1.431852E-01, 8.043325E+01, 4.566495E+01, 2.125785E+01, 7.841974E-01,14, 1.129362E+00,0, 0.000000E+00,0, 0.000000E+00,11, 2.278109E+01, 4.502297E-01, 5.513525E+00,NULL,NULL,1,mc_qqps,54
-21042,1308,20228,3020,94C2, 9.125000E+01,28,14,42,28,14, 1.910476E+01, 1.303885E+01,-1.801291E+01, 5.226630E+01, 5.157904E+01, 1.842109E+00, 1.555599E+01, 1.066406E+01,-1.521433E+01, 8.455136E+01, 4.034851E+01, 2.667740E+01, 8.457127E-01,11, 1.324990E-01,0, 0.000000E+00,0, 0.000000E+00,10, 3.109491E+01, 9.019865E-01, 5.176805E+00,NULL,NULL,1,mc_qqps,54
-21042,1309,20228,3034,94C2, 9.125000E+01,28,19,47,28,19,-3.419419E+00, 6.561425E+00,-8.791518E-01, 5.983976E+01, 5.938486E+01, 2.120888E+00,-4.013283E+00, 8.717454E+00,-1.170473E-01, 8.578663E+01, 5.575103E+01, 1.982371E+01, 1.977676E-01,21, 5.970674E+00,1, 0.000000E+00,0, 0.000000E+00,16, 2.472027E+01, 5.431907E-01, 5.537405E+00,NULL,NULL,1,mc_qqps,54
-21042,1310,20228,3051,94C2, 9.125000E+01,18,10,28,18,10,-1.786197E-01,-1.370692E+00, 2.575317E+00, 4.563243E+01, 4.535376E+01, 2.519653E+00,-9.085584E-02,-4.622312E+00, 3.589668E+00, 7.018673E+01, 4.240605E+01, 1.641325E+01, 6.967806E+00,12, 2.167235E+01,0, 0.000000E+00,0, 0.000000E+00,8, 1.741837E+01, 4.251027E-01, 1.231275E+01,NULL,NULL,1,mc_qqps,54
-21042,1311,20228,3102,94C2, 9.125000E+01,28,18,46,28,18, 1.998264E-01,-2.913873E+00,-3.741441E+00, 7.305603E+01, 7.272303E+01, 2.597251E+00, 4.120161E-01,-4.990989E-01,-2.061312E+00, 9.362624E+01, 4.542532E+01, 1.390827E+01, 6.661929E+00,2, 0.000000E+00,20, 3.341484E+00,0, 0.000000E+00,1, 2.348836E+00, 2.348836E+00, 2.348836E+00,1, 0.000000E+00,1,mc_qqps,54
-21042,1312,20228,3123,94C2, 9.125000E+01,20,17,37,20,17, 1.805594E+00, 2.920757E-01,-1.584294E+00, 5.223107E+01, 5.190953E+01, 2.595477E+00, 1.072568E+00, 4.986525E-01, 1.131772E+00, 7.906773E+01, 8.184355E+00, 1.956752E+01, 6.877625E+00,1, 0.000000E+00,17, 1.123917E+01,0, 0.000000E+00,1, 3.915026E-01, 3.915026E-01, 3.915026E-01,3, 0.000000E+00,0,mc_qqps,54
-21042,1313,20228,3144,94C2, 9.125000E+01,25,21,46,25,21, 4.171553E+00, 2.739988E+00,-4.948752E+00, 5.092809E+01, 5.072517E+01, 2.029007E+00,-4.156529E+00,-3.047734E+00, 4.214829E+00, 9.649816E+01, 5.045670E+01, 2.783025E+01, 6.911114E+00,22, 2.724380E+00,1, 0.000000E+00,0, 0.000000E+00,16, 2.905316E+01, 3.314618E-01, 6.190491E+00,NULL,NULL,1,mc_qqps,54
-21042,1314,20228,3200,94C2, 9.125000E+01,30,18,48,30,18,-1.260139E+01,-1.424056E+01, 4.258543E+01, 1.623721E+02, 1.619887E+02, 5.399624E+00,-1.320549E+01,-1.357294E+01, 3.878551E+01, 1.819263E+02, 1.084792E+02, 1.929320E+01, 2.610623E-01,1, 0.000000E+00,24, 2.447257E+01,0, 0.000000E+00,NULL,NULL,NULL,NULL,3, 0.000000E+00,1,mc_qqps,54
-21042,1315,20228,3217,94C2, 9.125000E+01,40,18,58,40,18, 1.021583E+00, 1.093227E+00,-3.074516E-01, 6.619028E+01, 6.564008E+01, 1.641002E+00,-8.927642E-01, 7.275865E-01,-7.466652E-01, 1.098400E+02, 5.232984E+01, 3.078832E+01, 1.048072E+01,17, 8.091319E-01,1, 0.000000E+00,0, 0.000000E+00,10, 3.031899E+01, 4.207525E-01, 8.628104E+00,NULL,NULL,1,mc_qqps,54
-21042,1316,20228,3231,94C2, 9.125000E+01,34,16,50,34,16, 8.302500E-01,-2.749768E+00, 3.978735E+00, 7.583019E+01, 7.536318E+01, 2.216564E+00, 3.661873E+00,-1.922326E+00, 6.384118E+00, 9.594434E+01, 6.991006E+01, 1.720828E+01, 3.031681E+00,3, 0.000000E+00,15, 2.964937E+00,0, 0.000000E+00,3, 6.031946E+00, 1.235371E+00, 3.560463E+00,NULL,NULL,1,mc_qqps,54
-21042,1317,20228,3247,94C2, 9.125000E+01,27,18,45,27,18,-9.272724E-02,-1.318077E+00,-1.477870E+00, 6.095122E+01, 6.062873E+01, 2.245509E+00,-2.877420E+00,-6.107513E-01,-4.791758E+00, 8.565321E+01, 5.882483E+01, 2.068305E+01, 0.000000E+00,11, 9.483673E-02,6, 0.000000E+00,0, 0.000000E+00,8, 1.511331E+01, 4.296733E-01, 4.682690E+00,NULL,NULL,1,mc_qqps,54
-21042,1318,20228,3305,94C2, 9.125000E+01,48,17,65,48,17, 5.081218E+00, 2.956814E+00, 6.218102E+00, 6.777558E+01, 6.669155E+01, 1.389407E+00, 2.807760E-01,-3.343462E+00,-7.465768E-01, 1.006128E+02, 5.931218E+01, 2.223963E+01, 6.655347E+00,15, 1.277795E+00,1, 0.000000E+00,0, 0.000000E+00,10, 2.042514E+01, 6.984262E-01, 6.961385E+00,NULL,NULL,1,mc_qqps,54
-21042,1319,20228,3323,94C2, 9.125000E+01,49,27,76,49,27, 5.770402E+00,-7.270286E+00,-1.605467E+00, 5.484108E+01, 5.357949E+01, 1.093459E+00, 3.188147E+00,-4.770517E+00,-2.856145E+00, 8.138866E+01, 4.515385E+01, 2.319565E+01, 3.351930E+00,17, 3.270745E+00,11, 0.000000E+00,0, 0.000000E+00,11, 1.386386E+01, 5.119209E-01, 2.845199E+00,NULL,NULL,1,mc_qqps,54
-21042,1320,20228,3343,94C2, 9.125000E+01,29,11,40,29,11, 3.136679E+00,-9.051738E-01, 4.080861E-01, 7.677584E+01, 7.640370E+01, 2.634610E+00, 1.669320E+00, 8.457491E-01,-1.800122E-01, 1.004316E+02, 7.008791E+01, 1.504535E+01, 7.815350E+00,8, 3.457188E+00,6, 0.000000E+00,0, 0.000000E+00,3, 8.249521E+00, 8.172975E-01, 4.926346E+00,NULL,NULL,1,mc_qqps,54
-21042,1321,20228,3359,94C2, 9.125000E+01,24,17,41,24,17,-1.531357E+01,-1.445122E+00,-5.454609E-01, 4.754216E+01, 4.709119E+01, 1.962133E+00,-1.896650E+00, 2.158235E+00, 8.783213E-01, 8.817476E+01, 4.307888E+01, 1.658743E+01, 2.298475E+01,17, 5.436895E+00,0, 0.000000E+00,0, 0.000000E+00,13, 1.634188E+01, 4.152204E-01, 3.187482E+00,NULL,NULL,1,mc_qqps,54
-21042,1322,20228,3416,94C2, 9.125000E+01,41,15,56,41,15, 5.705501E+00, 2.121770E+00, 6.392335E+00, 5.771789E+01, 5.661240E+01, 1.380790E+00,-7.580313E+00, 3.868994E+00, 9.446434E+00, 9.154039E+01, 5.330255E+01, 2.668228E+01, 3.078068E+00,15, 4.276713E+00,3, 0.000000E+00,0, 0.000000E+00,9, 2.021753E+01, 6.123306E-01, 4.893525E+00,NULL,NULL,1,mc_qqps,54
-21042,1323,20228,3435,94C2, 9.125000E+01,41,14,55,41,14, 6.327240E+00, 1.384006E+00,-1.859025E+00, 5.915046E+01, 5.850128E+01, 1.426861E+00, 1.431843E+00, 3.272862E+00,-5.070516E+00, 7.554768E+01, 5.198750E+01, 9.752550E+00, 6.692195E+00,12, 5.986364E+00,1, 0.000000E+00,0, 0.000000E+00,8, 8.731458E+00, 4.750379E-01, 2.454781E+00,NULL,NULL,1,mc_qqps,54
-21042,1324,20228,3450,94C2, 9.125000E+01,32,14,46,32,14, 3.644671E+00,-1.140146E+00,-9.710339E-01, 5.723062E+01, 5.682213E+01, 1.775692E+00, 5.253723E+00,-1.677484E+00,-3.349685E+00, 7.804440E+01, 5.393350E+01, 2.081377E+01, 0.000000E+00,18, 8.497234E+00,0, 0.000000E+00,0, 0.000000E+00,12, 1.709762E+01, 4.784687E-01, 3.418781E+00,1, 0.000000E+00,1,mc_qqps,54
-21042,1325,20228,3506,94C2, 9.125000E+01,37,18,55,37,18,-2.673528E+00,-7.995522E+00, 4.722515E+00, 4.790228E+01, 4.709599E+01, 1.272865E+00, 7.292960E+00, 2.057999E+00,-2.144832E-01, 9.263609E+01, 4.212410E+01, 1.425459E+01, 2.149214E+01,21, 7.746818E+00,0, 0.000000E+00,0, 0.000000E+00,14, 2.280467E+01, 3.601453E-01, 3.336670E+00,NULL,NULL,1,mc_qqps,54
-21042,1326,20228,3523,94C2, 9.125000E+01,8,10,18,8,10,-2.501622E+00,-6.832116E-01,-1.911478E+00, 4.161076E+01, 4.157678E+01, 5.197097E+00,-6.893173E+00,-1.111490E+00,-6.362789E+00, 6.696256E+01, 4.160638E+01, 2.149480E+01, 3.857010E+00,12, 1.378909E+01,1, 0.000000E+00,0, 0.000000E+00,6, 2.086176E+01, 6.026841E-01, 9.018632E+00,NULL,NULL,1,mc_qqps,54
-21042,1327,20228,3532,94C2, 9.125000E+01,31,8,39,31,8,-1.270526E+01, 1.382931E+01, 1.313266E+01, 5.689695E+01, 5.625607E+01, 1.814712E+00, 7.844809E+00,-9.432474E+00,-4.236992E+00, 9.417981E+01, 3.740358E+01, 3.712007E+01, 1.627858E-01,11, 3.534127E-01,0, 0.000000E+00,0, 0.000000E+00,7, 3.712007E+01, 6.939587E-01, 2.149919E+01,NULL,NULL,1,mc_qqps,54
-21042,1328,20228,3546,94C2, 9.125000E+01,15,6,21,15,6,-3.247385E+00, 4.187431E+00, 2.894994E-01, 4.685530E+01, 4.665817E+01, 3.110545E+00,-2.719809E+00, 5.550074E+00, 1.320250E-01, 7.148872E+01, 4.542923E+01, 1.256151E+01, 1.207191E+01,9, 1.010674E+01,0, 0.000000E+00,0, 0.000000E+00,5, 1.256151E+01, 7.826886E-01, 7.603469E+00,NULL,NULL,1,mc_qqps,54
-21042,1329,20228,3557,94C2, 9.125000E+01,22,6,28,22,6, 1.743812E+01, 4.606887E+00,-1.672174E+01, 6.443694E+01, 6.382066E+01, 2.900939E+00,-6.070755E+00,-3.341482E+00, 5.875617E+00, 9.926104E+01, 6.162256E+01, 2.025309E+01, 5.830762E-01,7, 4.358261E+00,0, 0.000000E+00,0, 0.000000E+00,5, 3.424102E+01, 1.418488E+00, 1.398793E+01,NULL,NULL,1,mc_qqps,54
-21042,1330,20228,3611,94C2, 9.125000E+01,40,12,52,40,12,-2.276216E+00,-2.534093E+00, 4.617186E+00, 5.087347E+01, 4.999163E+01, 1.249791E+00,-5.519189E+00,-1.232507E+01, 8.317864E+00, 7.755309E+01, 3.846449E+01, 5.819133E+00, 1.765109E+01,15, 7.321437E+00,0, 0.000000E+00,0, 0.000000E+00,7, 9.198931E+00, 3.371001E-01, 2.630060E+00,1, 0.000000E+00,1,mc_qqps,54
-21042,1331,20228,3627,94C2, 9.125000E+01,16,9,25,16,9, 8.352863E+00, 3.167995E+00, 9.959895E+00, 6.972408E+01, 6.955212E+01, 4.347008E+00, 7.297988E+00, 3.083861E+00, 6.586496E+00, 8.247781E+01, 6.927676E+01, 1.009605E+01, 2.657675E+00,9, 1.938829E+01,1, 0.000000E+00,0, 0.000000E+00,4, 8.842649E+00, 5.503277E-01, 3.260131E+00,NULL,NULL,1,mc_qqps,54
-21042,1332,20228,3637,94C2, 9.125000E+01,17,27,44,17,27,-5.496314E+00,-4.258398E+00, 3.133712E+00, 2.885098E+01, 2.857409E+01, 1.680829E+00, 4.967051E+00,-9.330860E-01, 4.089444E-01, 8.223457E+01, 2.449700E+01, 4.905815E+01, 4.325451E+00,23, 8.600334E+00,0, 0.000000E+00,0, 0.000000E+00,19, 4.460312E+01, 4.185554E-01, 1.049933E+01,NULL,NULL,1,mc_qqps,54
-21042,1333,20228,3649,94C2, 9.125000E+01,15,16,31,15,16,-2.392827E+00,-2.103662E+00,-7.986450E+00, 2.776800E+01, 2.740721E+01, 1.827147E+00, 2.815912E+00, 5.720150E+00,-1.020240E-01, 7.918058E+01, 2.870932E+01, 1.138156E+01, 4.003102E+01,5, 0.000000E+00,10, 6.952604E+00,0, 0.000000E+00,5, 4.859681E+00, 5.323758E-01, 1.974976E+00,NULL,NULL,1,mc_qqps,54
-21042,1334,20228,3701,94C2, 9.125000E+01,23,7,30,23,7,-1.041604E+01,-2.167172E+00,-6.677122E-01, 2.804514E+01, 2.744127E+01, 1.193099E+00,-4.109904E+00,-6.714981E-01, 1.134184E+00, 7.481876E+01, 2.410794E+01, 1.495539E+01, 2.051707E+01,4, 0.000000E+00,0, 0.000000E+00,0, 0.000000E+00,3, 2.601950E+01, 5.971090E-01, 1.471834E+01,NULL,NULL,1,mc_qqps,54
-21042,1335,20228,3720,94C2, 9.125000E+01,35,18,53,35,18, 5.968966E+00, 1.198130E+01, 6.711510E-01, 6.624598E+01, 6.558567E+01, 1.873876E+00, 2.051484E+00,-4.065655E+00,-3.437567E+00, 1.000075E+02, 4.427005E+01, 1.850194E+01, 1.410178E+01,20, 9.260120E-01,0, 0.000000E+00,0, 0.000000E+00,14, 1.763795E+01, 5.250044E-01, 3.205927E+00,NULL,NULL,1,mc_qqps,54
-21042,1336,20228,3737,94C2, 9.125000E+01,16,12,28,16,12, 2.999597E+00,-1.603214E+00,-1.035829E+01, 5.251875E+01, 5.221052E+01, 3.263157E+00, 1.398720E+00, 1.196224E+00,-9.337234E+00, 7.478877E+01, 4.062781E+01, 2.141903E+01, 8.509896E-01,15, 1.488308E+01,1, 0.000000E+00,0, 0.000000E+00,11, 2.141903E+01, 5.132059E-01, 4.960038E+00,NULL,NULL,1,mc_qqps,54
-21042,1337,20228,3750,94C2, 9.125000E+01,42,13,55,42,13, 3.864797E+00,-3.151528E-01, 2.652596E+00, 7.684806E+01, 7.581569E+01, 1.805135E+00, 7.293832E-01,-1.118616E+01,-5.031876E-01, 1.117455E+02, 6.399785E+01, 2.330390E+01, 8.941054E+00,13, 7.312872E-01,0, 0.000000E+00,0, 0.000000E+00,8, 2.104897E+01, 4.350047E-01, 8.118834E+00,NULL,NULL,1,mc_qqps,54
-21042,1338,20228,3806,94C2, 9.125000E+01,30,13,43,30,13,-2.362147E+00, 8.219680E-01,-1.969488E+00, 6.538841E+01, 6.486219E+01, 2.162073E+00, 1.630029E+00,-1.275321E+00,-6.202141E-01, 9.445832E+01, 5.522544E+01, 2.267327E+01, 6.396623E+00,15, 1.371508E+00,1, 0.000000E+00,0, 0.000000E+00,9, 2.077433E+01, 4.453717E-01, 6.988848E+00,NULL,NULL,1,mc_qqps,54
-21042,1339,20228,3822,94C2, 9.125000E+01,33,18,51,33,18,-3.648461E+00,-8.213692E-01,-8.956935E-01, 5.739708E+01, 5.668729E+01, 1.717797E+00,-2.654889E+00,-1.100609E+00,-5.807694E+00, 8.259314E+01, 5.605717E+01, 1.729558E+01, 7.941023E+00,3, 0.000000E+00,14, 3.046477E+00,0, 0.000000E+00,3, 4.156948E+00, 6.346000E-01, 2.506007E+00,NULL,NULL,1,mc_qqps,54
-21042,1340,20228,3838,94C2, 9.125000E+01,26,5,31,26,5,-2.610336E+00, 1.008999E+00,-2.326965E+00, 5.074901E+01, 5.027579E+01, 1.933684E+00,-1.585394E+00, 2.647735E+00,-3.771028E+00, 5.912246E+01, 4.728859E+01, 5.337448E+00, 3.035999E+00,2, 0.000000E+00,6, 1.115524E+00,0, 0.000000E+00,1, 2.212737E+00, 2.212737E+00, 2.212737E+00,NULL,NULL,1,mc_qqps,54
-21042,1341,20228,3853,94C2, 9.125000E+01,38,10,48,38,10,-7.734841E+00,-3.661889E+00, 1.027925E+01, 4.645293E+01, 4.572536E+01, 1.203299E+00,-2.562961E+01,-3.691322E+00, 2.040805E+01, 6.823812E+01, 3.870788E+01, 9.810381E+00, 1.156694E+01,9, 1.883843E+00,3, 2.310008E-01,0, 0.000000E+00,4, 6.023634E+00, 4.384920E-01, 3.283123E+00,NULL,NULL,1,mc_qqps,54
-21042,1342,20228,3906,94C2, 9.125000E+01,26,15,41,26,15,-3.834943E+00,-2.211583E+00,-1.652225E+01, 4.294676E+01, 4.248338E+01, 1.633976E+00, 2.370588E+00,-9.780729E-02,-2.184798E+00, 1.062528E+02, 2.773937E+01, 6.030999E+01, 2.996036E+00,2, 0.000000E+00,14, 9.334870E+00,0, 0.000000E+00,1, 5.417171E-01, 5.417171E-01, 5.417171E-01,NULL,NULL,1,mc_qqps,54
-21042,1343,20228,3918,94C2, 9.125000E+01,34,17,51,34,17, 1.441979E+00, 7.568655E+00, 7.389715E+00, 7.354004E+01, 7.281091E+01, 2.141497E+00,-9.451894E-01, 3.743667E+00, 2.608821E+00, 1.060433E+02, 6.329713E+01, 2.715952E+01, 2.543154E+00,18, 2.742961E+00,0, 0.000000E+00,0, 0.000000E+00,13, 2.707822E+01, 3.748903E-01, 6.636497E+00,NULL,NULL,1,mc_qqps,54
-21042,1344,20228,3932,94C2, 9.125000E+01,27,15,42,27,15, 7.890356E-01,-6.888333E-01,-1.968044E-01, 6.684657E+01, 6.647133E+01, 2.461901E+00, 1.620265E+00, 5.174353E+00,-5.774998E+00, 8.653558E+01, 6.385360E+01, 1.534016E+01, 1.757859E+00,14, 7.241519E+00,2, 0.000000E+00,0, 0.000000E+00,11, 1.716769E+01, 4.586115E-01, 6.461571E+00,NULL,NULL,1,mc_qqps,54
-21042,1345,20228,3948,94C2, 9.125000E+01,29,17,46,29,17, 9.196530E+00, 3.872327E+00,-2.105656E+01, 7.212000E+01, 7.167194E+01, 2.471446E+00, 1.520812E+01, 5.901391E+00,-3.527398E+01, 1.114013E+02, 5.339516E+01, 1.052025E+01, 2.876107E+01,2, 0.000000E+00,19, 4.283433E+00,0, 0.000000E+00,2, 1.344066E+00, 6.031505E-01, 7.409158E-01,NULL,NULL,1,mc_qqps,54
-21042,1346,20228,4003,94C2, 9.125000E+01,38,16,54,38,16, 2.098599E-02, 1.228054E+00, 3.377012E+00, 6.017677E+01, 5.956928E+01, 1.567613E+00,-3.429186E+00,-6.883136E+00,-4.426462E+00, 8.225564E+01, 5.740479E+01, 1.868529E+01, 2.864133E+00,13, 1.777634E+00,3, 0.000000E+00,0, 0.000000E+00,7, 1.235119E+01, 6.041262E-01, 7.284099E+00,1, 0.000000E+00,1,mc_qqps,54
-21042,1347,20228,4023,94C2, 9.125000E+01,52,21,73,52,21,-5.533373E+00,-9.153681E+00, 1.149250E+01, 9.784756E+01, 9.683068E+01, 1.862128E+00,-5.033257E+00,-1.031123E+01, 1.079095E+01, 1.223148E+02, 6.499908E+01, 1.102213E+01, 6.421327E+00,7, 1.101729E+00,11, 0.000000E+00,0, 0.000000E+00,5, 8.978037E+00, 4.890711E-01, 5.186591E+00,2, 0.000000E+00,1,mc_qqps,54
-21042,1348,20228,4043,94C2, 9.125000E+01,23,15,38,23,15, 3.387111E+00,-2.791903E+00, 1.452301E+00, 4.028270E+01, 3.994361E+01, 1.736679E+00,-1.017625E+01, 1.042234E+01,-8.056822E+00, 8.196724E+01, 3.881351E+01, 3.693485E+01, 4.749699E+00,20, 1.450310E+01,0, 0.000000E+00,0, 0.000000E+00,11, 3.314170E+01, 4.539115E-01, 2.144112E+01,NULL,NULL,1,mc_qqps,54
-21042,1349,20228,4054,94C2, 9.125000E+01,24,12,36,24,12, 3.112891E-01,-1.721296E+00, 9.205992E-01, 7.967413E+01, 7.939021E+01, 3.307925E+00, 2.448719E+00,-3.875237E+00, 1.896132E+00, 9.198952E+01, 6.974376E+01, 8.343499E+00, 2.127982E+00,17, 3.996305E+00,0, 0.000000E+00,0, 0.000000E+00,10, 1.018741E+01, 3.352356E-01, 3.015557E+00,NULL,NULL,1,mc_qqps,54
-21042,1350,20228,4108,94C2, 9.125000E+01,38,16,54,38,16, 5.603292E+00, 3.889737E+00, 2.323146E+00, 4.811588E+01, 4.728124E+01, 1.244243E+00,-9.065877E+00,-2.023263E+00,-8.360561E+00, 8.096711E+01, 3.611676E+01, 5.552011E+00, 1.898907E+01,10, 7.272539E-02,7, 0.000000E+00,0, 0.000000E+00,6, 1.124415E+01, 4.646081E-01, 7.219981E+00,NULL,NULL,1,mc_qqps,54
-21042,1351,20228,4129,94C2, 9.125000E+01,21,14,35,21,14, 1.894331E+00,-5.526170E+00, 4.398162E+00, 5.250863E+01, 5.227180E+01, 2.489133E+00,-6.690050E-01,-1.191075E+00, 2.416183E-01, 8.988165E+01, 5.175088E+01, 3.595760E+01, 1.416002E+00,14, 8.546667E+00,0, 0.000000E+00,0, 0.000000E+00,11, 3.404934E+01, 4.479888E-01, 1.555873E+01,NULL,NULL,1,mc_qqps,54
-21042,1352,20228,4142,94C2, 9.125000E+01,13,6,19,13,6, 6.541868E+00,-3.622427E+00,-3.093472E+00, 6.947794E+01, 6.933034E+01, 5.333103E+00,-2.689375E+00, 7.815481E-01,-1.573790E+00, 7.984711E+01, 6.921244E+01, 7.714741E+00, 0.000000E+00,9, 9.832063E+00,0, 0.000000E+00,0, 0.000000E+00,6, 1.036917E+01, 5.365663E-01, 5.432289E+00,NULL,NULL,1,mc_qqps,54
-21042,1353,20228,4153,94C2, 9.125000E+01,22,13,35,22,13,-2.059233E+01, 1.126009E+01, 9.984250E+00, 5.583965E+01, 5.554119E+01, 2.524600E+00,-8.938674E+00, 6.818208E+00, 1.954681E+00, 7.546674E+01, 4.524890E+01, 1.724947E+01, 0.000000E+00,16, 1.711508E+00,0, 0.000000E+00,0, 0.000000E+00,12, 1.762302E+01, 3.924866E-01, 5.967834E+00,NULL,NULL,1,mc_qqps,54
-21042,1354,20228,4204,94C2, 9.125000E+01,24,11,35,24,11, 5.006589E+00, 2.498197E+01, 1.350841E+01, 4.856978E+01, 4.786382E+01, 1.994326E+00, 2.738930E+00, 1.293589E+01, 6.567793E+00, 8.424354E+01, 4.605860E+01, 3.201036E+01, 2.244697E+00,9, 9.709290E-01,0, 0.000000E+00,0, 0.000000E+00,8, 3.321717E+01, 4.680841E-01, 1.234509E+01,NULL,NULL,1,mc_qqps,54
-21042,1355,20228,4218,94C2, 9.125000E+01,10,7,17,10,7,-2.013704E+01, 1.048420E+00, 1.627629E+01, 6.092086E+01, 6.079812E+01, 6.079812E+00,-4.167534E+00, 4.242004E-01, 3.306463E+00, 8.560080E+01, 5.994954E+01, 5.934253E+00, 1.283508E+01,6, 2.907741E-01,0, 0.000000E+00,0, 0.000000E+00,4, 1.121548E+01, 1.408000E+00, 5.910604E+00,NULL,NULL,1,mc_qqps,54
-21042,1356,20228,4234,94C2, 9.125000E+01,45,17,62,45,17,-3.970893E+00, 1.052610E-01, 1.032259E+00, 7.875980E+01, 7.745973E+01, 1.721327E+00,-3.226224E+00, 3.118677E+00,-2.158433E+00, 9.627717E+01, 6.862453E+01, 1.260375E+01, 2.520382E+00,17, 8.414169E+00,0, 0.000000E+00,0, 0.000000E+00,12, 1.436641E+01, 6.721242E-01, 2.014287E+00,NULL,NULL,1,mc_qqps,54
-21042,1357,20228,4249,94C2, 9.125000E+01,30,15,45,30,15, 3.457233E+00, 5.112690E+00, 3.928453E+00, 5.219254E+01, 5.152168E+01, 1.717389E+00, 3.396292E+00, 3.934306E+00, 4.916460E+00, 8.155122E+01, 4.882135E+01, 1.521005E+01, 1.336006E+01,17, 2.232987E+00,0, 0.000000E+00,0, 0.000000E+00,10, 1.352453E+01, 4.340777E-01, 4.305262E+00,NULL,NULL,1,mc_qqps,54
-21042,1358,20228,4303,94C2, 9.125000E+01,47,13,60,47,13,-2.338859E+00, 4.405275E-01, 4.066989E+00, 6.028625E+01, 5.925857E+01, 1.260821E+00,-1.530528E+00, 4.210561E-01, 3.369515E+00, 7.134492E+01, 4.363441E+01, 1.055770E+01, 1.416349E-01,2, 0.000000E+00,16, 2.563213E+00,0, 0.000000E+00,2, 1.327724E+00, 3.593224E-01, 9.684016E-01,1, 0.000000E+00,1,mc_qqps,54
-21042,1359,20228,4323,94C2, 9.125000E+01,33,15,48,33,15, 1.138771E+01, 5.105691E+00,-1.993425E+01, 9.293414E+01, 9.254691E+01, 2.804452E+00, 8.107918E+00, 3.265749E+00,-1.735250E+01, 1.106206E+02, 6.387103E+01, 1.596051E+01, 5.543451E-01,4, 7.163544E-01,13, 3.409519E+00,0, 0.000000E+00,2, 3.204529E+00, 1.171616E+00, 2.032913E+00,1, 0.000000E+00,1,mc_qqps,54
-21042,1360,20228,4337,94C2, 9.125000E+01,27,16,43,27,16, 7.936244E+00, 1.440113E-01, 2.021861E+00, 6.763515E+01, 6.731984E+01, 2.493327E+00,-4.592792E+00, 2.823898E-01,-1.029970E+00, 9.168005E+01, 3.640074E+01, 2.048872E+01, 6.552972E-01,18, 3.506480E+00,0, 0.000000E+00,0, 0.000000E+00,12, 1.855086E+01, 4.812714E-01, 2.985605E+00,NULL,NULL,1,mc_qqps,54
-21042,1361,20228,4351,94C2, 9.125000E+01,22,13,35,22,13,-1.482803E+01,-3.398175E+01,-1.079831E+00, 5.095773E+01, 5.066584E+01, 2.302993E+00,-2.981821E+00,-7.429493E+00,-3.155236E-01, 8.398580E+01, 4.804081E+01, 1.355462E+01, 1.887671E+01,14, 3.444394E-01,0, 0.000000E+00,0, 0.000000E+00,10, 1.015217E+01, 4.362479E-01, 3.294046E+00,NULL,NULL,1,mc_qqps,54
-21042,1362,20228,4410,94C2, 9.125000E+01,28,13,41,28,13,-5.138407E+00,-1.510998E+00, 1.054184E+01, 6.258954E+01, 6.221992E+01, 2.222140E+00, 2.235765E+00,-3.003812E+00, 9.240964E+00, 8.414341E+01, 3.151609E+01, 1.146298E+01, 1.009087E+01,7, 2.767134E+00,6, 0.000000E+00,0, 0.000000E+00,4, 3.549562E+00, 3.718302E-01, 1.295293E+00,NULL,NULL,1,mc_qqps,54
-21042,1363,20228,4426,94C2, 9.125000E+01,16,8,24,16,8,-3.951772E-01, 7.225981E-01,-3.701575E+00, 7.128217E+00, 6.221064E+00, 3.888165E-01, 6.954595E-01, 9.205925E-01,-9.275093E-01, 4.150591E+01, 1.003214E+00, 3.437769E+01, 0.000000E+00,0, 0.000000E+00,4, 4.258712E-01,0, 0.000000E+00,NULL,NULL,NULL,NULL,6, 0.000000E+00,0,mc_qqps,54
-21042,1364,20228,4504,94C2, 9.125000E+01,33,15,48,33,15, 4.613010E-01,-3.205513E+00,-3.942435E+00, 4.543719E+01, 4.487259E+01, 1.359776E+00, 6.205153E+00, 2.545331E+01, 7.536106E+00, 8.604569E+01, 4.336267E+01, 2.811524E+01, 1.249327E+01,17, 4.927406E+00,0, 0.000000E+00,0, 0.000000E+00,10, 2.169233E+01, 4.893287E-01, 7.779847E+00,NULL,NULL,1,mc_qqps,54
-21042,1365,20228,4517,94C2, 9.125000E+01,36,16,52,36,16, 1.999464E+00,-9.582832E-02, 1.596714E+00, 6.011514E+01, 5.952994E+01, 1.653610E+00,-2.276953E+00,-1.925395E+00, 1.289112E+00, 8.906457E+01, 5.442274E+01, 2.609106E+01, 0.000000E+00,18, 9.034029E-01,3, 4.923510E-01,0, 0.000000E+00,12, 2.240237E+01, 7.625068E-01, 8.526733E+00,NULL,NULL,1,mc_qqps,54
-21042,1366,20228,4538,94C2, 9.125000E+01,14,6,20,14,6,-1.231575E+01,-1.005018E+01,-1.436532E+00, 5.271636E+01, 5.245025E+01, 3.746447E+00,-9.594353E+00,-7.912384E+00,-1.339752E+00, 6.479924E+01, 4.981367E+01, 1.087892E+00, 7.309748E+00,4, 2.142824E+01,0, 0.000000E+00,0, 0.000000E+00,3, 4.773129E+00, 3.957433E-01, 3.685238E+00,NULL,NULL,1,mc_qqps,54
-21042,1367,20228,4548,94C2, 9.125000E+01,40,20,60,40,20, 4.418863E+00, 8.873582E-01, 9.007738E-01, 6.997385E+01, 6.904635E+01, 1.726159E+00, 3.495364E+00, 3.602212E+00, 6.927126E+00, 9.928603E+01, 4.834669E+01, 2.686294E+01, 1.604201E+00,5, 0.000000E+00,17, 3.208167E+00,0, 0.000000E+00,5, 4.824099E+00, 7.587645E-01, 1.433921E+00,1, 0.000000E+00,1,mc_qqps,54
-21042,1368,20228,4607,94C2, 9.125000E+01,28,14,42,28,14,-1.717791E+00, 2.556868E+00,-3.527931E+00, 6.338892E+01, 6.299833E+01, 2.249940E+00, 1.684337E+00,-1.894603E-01,-1.595089E-01, 8.298589E+01, 6.149103E+01, 1.791395E+01, 3.756700E-01,20, 8.098389E+00,0, 0.000000E+00,0, 0.000000E+00,11, 1.301236E+01, 4.749081E-01, 2.356932E+00,NULL,NULL,1,mc_qqps,54
-21042,1369,20228,4622,94C2, 9.125000E+01,22,18,40,22,18,-6.464489E+00,-4.404036E+00,-1.671783E+00, 4.355476E+01, 4.331357E+01, 1.968799E+00, 6.861755E-01,-2.583414E+00, 5.012018E+00, 7.067146E+01, 4.347020E+01, 2.343431E+01, 0.000000E+00,22, 3.896240E+00,0, 0.000000E+00,0, 0.000000E+00,16, 2.424966E+01, 3.817503E-01, 5.199220E+00,NULL,NULL,1,mc_qqps,54
-21042,1370,20228,4636,94C2, 9.125000E+01,20,15,35,20,15,-6.484313E+00, 4.028197E-01,-1.508920E+01, 5.195449E+01, 5.165504E+01, 2.582752E+00,-9.897193E+00, 5.231689E+00,-1.877704E+01, 7.872929E+01, 3.120383E+01, 1.852633E+01, 4.394360E+00,5, 3.024911E-01,8, 2.209728E-01,0, 0.000000E+00,4, 9.159550E+00, 5.589830E-01, 3.969908E+00,NULL,NULL,1,mc_qqps,54
-21042,1371,20228,4647,94C2, 9.125000E+01,35,16,51,35,16, 2.354884E+00,-1.205916E+01, 1.224903E+01, 5.054686E+01, 4.958739E+01, 1.416783E+00,-1.065161E+00, 8.954108E+00, 2.369974E+00, 9.237503E+01, 4.119102E+01, 3.375625E+01, 6.352234E+00,15, 1.946035E+00,5, 0.000000E+00,0, 0.000000E+00,10, 3.321999E+01, 3.938279E-01, 2.575296E+01,NULL,NULL,1,mc_qqps,54
-21042,1372,20228,4704,94C2, 9.125000E+01,22,12,34,22,12,-4.125067E+00,-1.965839E+00, 2.202707E+00, 4.419601E+01, 4.385699E+01, 1.993500E+00,-2.747527E-01, 2.770125E+00,-6.421121E+00, 7.901464E+01, 3.863018E+01, 3.209731E+01, 2.147321E+00,3, 1.978032E-01,12, 2.986292E+00,0, 0.000000E+00,2, 1.291861E+00, 5.739941E-01, 7.178665E-01,NULL,NULL,1,mc_qqps,54
-21042,1373,20228,4720,94C2, 9.125000E+01,30,9,39,30,9,-1.517249E+00, 2.753674E+00,-3.227116E+00, 5.528368E+01, 5.454099E+01, 1.818033E+00, 9.086725E-01,-4.834460E+00, 3.361273E+00, 1.014482E+02, 4.348920E+01, 3.206567E+01, 1.336743E+01,11, 5.826276E-01,0, 0.000000E+00,0, 0.000000E+00,7, 3.298290E+01, 7.259001E-01, 1.504018E+01,NULL,NULL,1,mc_qqps,54
-21042,1374,20228,4734,94C2, 9.125000E+01,28,8,36,28,8,-1.276003E+00,-1.162673E+01, 7.837302E+00, 8.429106E+01, 8.359468E+01, 2.985524E+00,-1.019610E+00,-2.188231E+01, 1.578120E+01, 1.078605E+02, 7.244221E+01, 1.678876E+01, 1.543320E+00,8, 1.306916E+01,0, 0.000000E+00,0, 0.000000E+00,7, 2.250799E+01, 5.155210E-01, 7.150906E+00,NULL,NULL,1,mc_qqps,54
-21042,1375,20228,4748,94C2, 9.125000E+01,35,16,51,35,16,-4.199498E-01, 1.115959E+00, 1.765517E+00, 5.455625E+01, 5.366475E+01, 1.533278E+00, 5.835063E-01,-4.609799E+00,-6.191778E+00, 8.242545E+01, 4.280922E+01, 2.786921E+01, 0.000000E+00,3, 0.000000E+00,16, 1.486395E+01,0, 0.000000E+00,1, 6.350023E-01, 6.350023E-01, 6.350023E-01,NULL,NULL,1,mc_qqps,54
-21042,1376,20228,4805,94C2, 9.125000E+01,20,19,39,20,19, 1.024147E+00,-4.374012E+00,-1.477446E+01, 3.359423E+01, 3.326535E+01, 1.663267E+00, 1.527323E+00,-1.899984E+00,-6.527541E+00, 6.630581E+01, 1.313589E+01, 2.463512E+01, 7.391450E+00,2, 0.000000E+00,16, 2.252117E+00,0, 0.000000E+00,2, 2.078404E+00, 6.850045E-01, 1.393399E+00,1, 0.000000E+00,0,mc_qqps,54
-21042,1377,20228,4819,94C2, 9.125000E+01,44,18,62,44,18, 3.983677E+00, 3.938019E+00, 6.050766E+00, 6.836092E+01, 6.712697E+01, 1.525613E+00,-9.739731E-01,-1.384814E+01,-5.704771E+00, 1.016832E+02, 5.580281E+01, 1.511528E+01, 1.716801E+01,15, 7.254512E+00,3, 0.000000E+00,0, 0.000000E+00,9, 1.340019E+01, 9.801311E-01, 1.894341E+00,NULL,NULL,1,mc_qqps,54
-21042,1378,20228,4835,94C2, 9.125000E+01,25,24,49,25,24, 9.958051E+00,-7.761420E+00,-1.722332E+01, 5.578980E+01, 5.533835E+01, 2.213534E+00, 1.858901E+00, 2.692330E-01,-2.272158E-01, 9.477457E+01, 4.834752E+01, 2.533713E+01, 1.263166E+01,6, 7.486194E-02,14, 7.342288E+00,0, 0.000000E+00,5, 4.974926E+00, 6.746176E-01, 1.245024E+00,NULL,NULL,1,mc_qqps,54
-21042,1379,20228,4850,94C2, 9.125000E+01,18,15,33,18,15,-5.746546E+00,-2.898610E-01,-8.933176E+00, 3.935132E+01, 3.913073E+01, 2.173929E+00,-1.945322E+00,-5.822284E-01,-3.365070E+00, 7.333166E+01, 3.777495E+01, 2.680198E+01, 7.227107E+00,3, 0.000000E+00,7, 4.570810E-01,0, 0.000000E+00,3, 6.264357E+00, 6.757915E-01, 3.363980E+00,NULL,NULL,1,mc_qqps,54
-21042,1380,20228,4907,94C2, 9.125000E+01,23,7,30,23,7,-6.963851E-01,-1.859095E-01, 6.297694E-02, 7.952420E+01, 7.918599E+01, 3.442869E+00, 7.133578E-01, 2.185130E-01,-1.080782E+00, 9.038424E+01, 7.809071E+01, 7.887200E+00, 0.000000E+00,11, 6.974990E+00,0, 0.000000E+00,0, 0.000000E+00,6, 1.059716E+01, 8.393326E-01, 4.727063E+00,NULL,NULL,1,mc_qqps,54
-21042,1381,20228,4924,94C2, 9.125000E+01,47,22,69,47,22,-8.128314E+00, 1.294322E+00, 2.138234E+01, 4.841606E+01, 4.733453E+01, 1.007118E+00,-4.711817E+00, 2.137876E+00, 1.497644E+01, 8.697682E+01, 3.076781E+01, 3.416085E+01, 4.644973E+00,6, 2.003585E+00,12, 2.240430E-01,0, 0.000000E+00,3, 6.630746E+00, 7.668203E-01, 4.412833E+00,2, 0.000000E+00,1,mc_qqps,54
-21042,1382,20228,4957,94C2, 9.125000E+01,28,21,49,28,21, 1.130051E+01, 1.580182E+01, 4.823155E+00, 5.276609E+01, 5.235287E+01, 1.869745E+00,-7.835355E-01,-2.069583E+00,-1.114816E+00, 1.248394E+02, 4.517879E+01, 3.680154E+01, 2.124745E+01,15, 5.835081E-01,1, 0.000000E+00,0, 0.000000E+00,11, 3.644965E+01, 4.874939E-01, 1.096547E+01,1, 0.000000E+00,1,mc_qqps,54
-21042,1383,20228,5018,94C2, 9.125000E+01,29,16,45,29,16, 2.926239E+01,-2.317504E+01, 1.641025E+00, 6.246638E+01, 6.159102E+01, 2.123828E+00, 2.636983E+01,-1.961625E+01,-9.878122E-01, 1.126316E+02, 4.921161E+01, 3.825195E+01, 8.881440E+00,16, 1.844248E+00,0, 0.000000E+00,0, 0.000000E+00,11, 3.130892E+01, 4.179056E-01, 2.208896E+01,NULL,NULL,1,mc_qqps,54
-21042,1384,20228,5034,94C2, 9.125000E+01,18,13,31,18,13, 1.863403E+00, 5.546164E+00,-4.705264E+00, 7.382526E+01, 7.363864E+01, 4.091036E+00,-4.202733E-01,-9.305544E-01, 3.963048E+00, 9.598782E+01, 7.314787E+01, 5.612914E+00, 1.514310E+01,7, 2.267521E-01,6, 0.000000E+00,0, 0.000000E+00,3, 2.290381E+00, 5.988043E-01, 8.838245E-01,NULL,NULL,1,mc_qqps,54
-21042,1385,20228,5053,94C2, 9.125000E+01,31,12,43,31,12,-9.727798E+00, 3.382859E+00, 1.155502E+01, 5.253624E+01, 5.175045E+01, 1.669369E+00,-1.162191E+01, 3.714358E+00, 1.222986E+01, 6.427747E+01, 4.677914E+01, 5.462038E+00, 6.305418E+00,1, 0.000000E+00,11, 1.507168E+00,0, 0.000000E+00,1, 1.731840E+00, 1.731840E+00, 1.731840E+00,NULL,NULL,1,mc_qqps,54
-21042,1386,20228,5107,94C2, 9.125000E+01,21,9,30,21,9,-1.414837E+01, 5.069773E+00, 1.864200E+01, 6.018807E+01, 5.959495E+01, 2.837855E+00,-1.019734E+01, 4.464116E+00, 1.376172E+01, 7.255621E+01, 5.786845E+01, 1.122334E+01, 0.000000E+00,6, 0.000000E+00,5, 1.533386E+00,0, 0.000000E+00,6, 9.723335E+00, 8.958363E-01, 3.998567E+00,NULL,NULL,1,mc_qqps,54
-21042,1387,20228,5122,94C2, 9.125000E+01,27,11,38,27,11, 6.713348E+00,-9.467424E-01,-9.697069E+00, 6.032203E+01, 5.982573E+01, 2.215768E+00, 1.105714E+01,-2.136505E+00,-1.926076E+01, 8.346430E+01, 5.632353E+01, 7.948708E+00, 1.519357E+01,1, 0.000000E+00,14, 5.797594E+00,0, 0.000000E+00,1, 7.198689E-01, 7.198689E-01, 7.198689E-01,NULL,NULL,1,mc_qqps,54
-21042,1388,20228,5137,94C2, 9.125000E+01,25,14,39,25,14,-5.922639E+00,-3.127070E+00,-4.553164E-01, 7.185788E+01, 7.127969E+01, 2.851188E+00, 4.137209E+00, 4.355029E+00,-4.098092E+00, 8.892241E+01, 6.875371E+01, 1.272606E+01, 4.155628E+00,13, 2.172658E+01,0, 0.000000E+00,0, 0.000000E+00,10, 1.179577E+01, 3.065083E-01, 2.564794E+00,NULL,NULL,1,mc_qqps,54
-21042,1389,20228,5151,94C2, 9.125000E+01,30,15,45,30,15,-7.871256E+00,-4.319573E+00, 1.460195E+01, 6.322454E+01, 6.270086E+01, 2.090029E+00,-6.772589E+00,-4.119512E+00, 1.226793E+01, 8.227887E+01, 6.126605E+01, 1.087639E+01, 8.194414E+00,3, 0.000000E+00,16, 8.748618E+00,0, 0.000000E+00,3, 1.831832E+00, 5.335390E-01, 7.226052E-01,NULL,NULL,1,mc_qqps,54
-21042,1390,20228,5204,94C2, 9.125000E+01,50,18,68,50,18,-6.254152E+00, 2.360027E+00,-1.491317E+00, 4.170309E+01, 4.057495E+01, 8.114989E-01,-5.258430E+00, 2.161049E+00,-5.862696E+00, 6.867799E+01, 2.945921E+01, 1.832676E+01, 7.851851E+00,7, 3.849421E+00,8, 3.793506E-01,0, 0.000000E+00,6, 8.537432E+00, 5.412269E-01, 2.396513E+00,1, 0.000000E+00,1,mc_qqps,54
-21042,1391,20228,5225,94C2, 9.125000E+01,30,8,38,30,8,-1.297558E+00, 9.875600E-01,-3.014228E+00, 7.787904E+01, 7.720674E+01, 2.573558E+00,-4.296533E+00, 6.596565E+00,-7.905283E+00, 1.029084E+02, 7.372187E+01, 2.160646E+01, 2.002467E+00,14, 1.226453E+01,1, 0.000000E+00,0, 0.000000E+00,6, 2.137568E+01, 6.857811E-01, 1.247319E+01,NULL,NULL,1,mc_qqps,54
-21042,1392,20228,5237,94C2, 9.125000E+01,29,21,50,29,21, 4.190859E+00, 3.913526E-01,-1.330570E+01, 5.853534E+01, 5.813961E+01, 2.004814E+00, 2.802779E+00, 1.710277E+00,-1.051081E+01, 8.589139E+01, 2.373431E+01, 2.503073E+01, 1.777586E+00,1, 0.000000E+00,21, 6.369906E+00,0, 0.000000E+00,1, 5.477352E-01, 5.477352E-01, 5.477352E-01,3, 0.000000E+00,1,mc_qqps,54
-21042,1393,20228,5301,94C2, 9.125000E+01,26,12,38,26,12, 1.654930E-01, 3.195739E-02, 1.942990E+00, 7.593729E+01, 7.553162E+01, 2.905062E+00,-3.367462E-01, 2.612765E+00, 2.880711E+00, 1.001352E+02, 6.048497E+01, 1.417463E+01, 7.367984E+00,14, 5.155365E+00,0, 0.000000E+00,0, 0.000000E+00,7, 9.990387E+00, 4.978448E-01, 3.547337E+00,1, 0.000000E+00,1,mc_qqps,54
-21042,1394,20228,5313,94C2, 9.125000E+01,30,14,44,30,14,-4.488570E-01,-8.048862E+00, 3.055700E+00, 7.258341E+01, 7.206564E+01, 2.402188E+00,-3.210577E+00, 8.383514E+00,-4.665086E+00, 1.021311E+02, 7.034116E+01, 1.987829E+01, 2.197204E+00,18, 3.003053E+00,0, 0.000000E+00,0, 0.000000E+00,12, 2.599723E+01, 4.356240E-01, 7.104523E+00,NULL,NULL,1,mc_qqps,54
-21042,1395,20228,5328,94C2, 9.125000E+01,39,14,53,39,14,-6.137922E+00, 5.411780E+00, 5.688780E+00, 1.242365E+02, 1.237401E+02, 3.172823E+00,-4.386266E+00, 3.637387E+00, 1.108813E+01, 1.438407E+02, 5.553578E+01, 1.514439E+01, 4.459728E+00,5, 0.000000E+00,11, 0.000000E+00,0, 0.000000E+00,3, 5.218791E+00, 4.944436E-01, 4.198509E+00,2, 0.000000E+00,1,mc_qqps,54
-21042,1396,20228,5349,94C2, 9.125000E+01,31,14,45,31,14, 7.217050E+00,-1.260674E+01, 2.188909E+01, 5.543179E+01, 5.494984E+01, 1.772576E+00, 2.949334E+00,-5.529209E+00, 7.952299E+00, 7.566071E+01, 4.422425E+01, 2.022892E+01, 0.000000E+00,2, 0.000000E+00,19, 2.993272E+00,0, 0.000000E+00,NULL,NULL,NULL,NULL,1, 0.000000E+00,1,mc_qqps,54
-21042,1397,20228,5406,94C2, 9.125000E+01,23,12,35,23,12, 6.172338E+00,-9.603461E+00,-3.390717E+00, 7.813789E+01, 7.784774E+01, 3.384684E+00,-7.702726E-01,-6.303871E-02, 1.197875E+00, 1.000239E+02, 7.454800E+01, 9.470282E+00, 1.161710E+01,16, 7.876765E+00,0, 0.000000E+00,0, 0.000000E+00,10, 9.523608E+00, 4.858143E-01, 2.099714E+00,NULL,NULL,1,mc_qqps,54
-21042,1398,20228,5416,94C2, 9.125000E+01,28,12,40,28,12,-4.703543E+00, 2.114196E+01, 1.064121E+01, 5.464642E+01, 5.414552E+01, 1.933769E+00,-1.820648E+00, 1.314496E+01, 6.999890E+00, 7.528490E+01, 5.057458E+01, 1.713105E+01, 9.648094E-01,17, 6.255609E+00,0, 0.000000E+00,0, 0.000000E+00,9, 1.735489E+01, 8.604202E-01, 3.674553E+00,NULL,NULL,1,mc_qqps,54
-21042,1399,20228,5432,94C2, 9.125000E+01,33,17,50,33,17, 2.223426E+01,-8.503732E+00,-1.611102E+01, 1.449482E+02, 1.442229E+02, 4.370390E+00, 2.221930E+01,-9.053122E+00,-1.651234E+01, 1.677419E+02, 1.702700E+01, 2.264710E+01, 1.465595E-01,1, 0.000000E+00,23, 6.818526E+00,0, 0.000000E+00,NULL,NULL,NULL,NULL,1, 0.000000E+00,1,mc_qqps,54
-21042,1400,20228,5449,94C2, 9.125000E+01,36,12,48,36,12,-1.425453E+01, 3.210258E+00,-1.137529E+01, 5.398433E+01, 5.342966E+01, 1.484157E+00,-4.197372E+00,-5.544090E-01,-1.285185E+00, 9.142225E+01, 4.201907E+01, 3.395512E+01, 0.000000E+00,18, 7.030994E+00,0, 0.000000E+00,0, 0.000000E+00,12, 3.743791E+01, 4.628364E-01, 1.293629E+01,NULL,NULL,1,mc_qqps,54
-21042,1401,20228,5506,94C2, 9.125000E+01,26,11,37,26,11, 7.706148E-02,-4.499423E-01,-1.870478E-01, 4.499682E+01, 4.434283E+01, 1.705494E+00,-1.063429E+01,-3.472869E+00,-5.451120E+00, 8.708492E+01, 3.554643E+01, 3.891925E+01, 0.000000E+00,12, 2.028513E-01,0, 0.000000E+00,0, 0.000000E+00,10, 4.174584E+01, 3.270528E-01, 2.178653E+01,1, 0.000000E+00,1,mc_qqps,54
-21042,1402,20228,5517,94C2, 9.125000E+01,22,20,42,22,20, 1.803455E+00,-5.160743E-01, 4.094019E-01, 5.514995E+01, 5.478476E+01, 2.490216E+00, 3.525374E+00,-9.258081E-01,-3.590950E+00, 1.029040E+02, 5.305601E+01, 4.195204E+01, 4.788897E+00,12, 0.000000E+00,1, 0.000000E+00,0, 0.000000E+00,12, 3.899037E+01, 4.974685E-01, 1.300617E+01,NULL,NULL,1,mc_qqps,54
-21042,1403,20228,5530,94C2, 9.125000E+01,14,7,21,14,7,-1.277433E+00,-2.038324E+00, 4.890680E+00, 5.161028E+01, 5.147358E+01, 3.676684E+00,-1.551966E+00,-5.788225E+00, 9.319370E+00, 7.472456E+01, 4.853196E+01, 1.137419E+01, 3.834444E+00,7, 2.928320E+00,1, 3.122045E-01,0, 0.000000E+00,5, 1.927984E+01, 6.246375E-01, 7.282575E+00,NULL,NULL,1,mc_qqps,54
-21042,1404,20228,5541,94C2, 9.125000E+01,15,17,32,15,17, 9.695520E-01,-4.560001E+00,-8.163912E+00, 6.809525E+01, 6.794782E+01, 4.529855E+00, 4.659222E+00,-9.412215E+00,-1.810665E+01, 9.298769E+01, 6.600006E+01, 2.243875E+01, 2.453677E+00,3, 1.120748E-01,12, 6.923849E+00,0, 0.000000E+00,1, 2.188512E+00, 2.188512E+00, 2.188512E+00,2, 0.000000E+00,1,mc_qqps,54
-21042,1405,20228,5559,94C2, 9.125000E+01,22,20,42,22,20, 9.461786E-01, 1.187304E+01, 1.765300E+01, 2.829620E+01, 2.747725E+01, 1.248966E+00, 2.166699E+00, 3.679752E+00, 3.922716E+00, 6.596738E+01, 2.008357E+01, 2.032874E+01, 1.734420E+01,1, 5.993905E-01,16, 9.656184E-01,0, 0.000000E+00,NULL,NULL,NULL,NULL,NULL,NULL,1,mc_qqps,54
-21042,1406,20228,5614,94C2, 9.125000E+01,36,10,46,36,10,-2.108042E+00,-1.388596E+00,-2.970678E+00, 4.688612E+01, 4.573780E+01, 1.270494E+00,-6.065591E+00,-9.545083E-01,-1.095931E+01, 6.046398E+01, 3.840485E+01, 6.113853E+00, 7.464010E+00,0, 0.000000E+00,11, 1.019080E+01,0, 0.000000E+00,NULL,NULL,NULL,NULL,NULL,NULL,1,mc_qqps,54
-21042,1407,20228,5632,94C2, 9.125000E+01,37,21,58,37,21, 5.705276E+00,-2.024180E+00,-4.533035E+00, 7.310090E+01, 7.221966E+01, 1.951883E+00, 2.758089E+01, 8.914140E+00,-1.683390E+01, 1.138502E+02, 6.824759E+01, 1.533647E+01, 2.046467E+01,18, 6.594975E-01,0, 0.000000E+00,0, 0.000000E+00,15, 1.651172E+01, 4.026678E-01, 2.300756E+00,NULL,NULL,1,mc_qqps,54
-21042,1408,20228,5648,94C2, 9.125000E+01,40,18,58,40,18, 1.999400E+00,-8.155761E-01,-8.477277E-01, 4.446692E+01, 4.340531E+01, 1.085133E+00,-2.992381E+00, 2.817706E+00, 1.703925E+00, 8.643131E+01, 3.759858E+01, 1.853119E+01, 2.280622E+01,8, 2.772486E-01,7, 0.000000E+00,0, 0.000000E+00,5, 4.328970E+00, 2.757055E-01, 1.452335E+00,NULL,NULL,1,mc_qqps,54
-21042,1409,20228,5708,94C2, 9.125000E+01,22,14,36,22,14, 3.166223E-01, 2.538594E+00,-1.254865E+00, 6.404543E+01, 6.347772E+01, 2.885351E+00,-5.792577E-01, 2.046604E+00,-7.097302E-01, 9.084200E+01, 5.647493E+01, 2.493756E+01, 0.000000E+00,17, 1.841988E+01,0, 0.000000E+00,0, 0.000000E+00,13, 2.578078E+01, 3.959482E-01, 9.416642E+00,NULL,NULL,1,mc_qqps,54
-21042,1410,20228,5721,94C2, 9.125000E+01,31,9,40,31,9, 1.114377E+01, 8.913070E+00,-3.627020E+00, 6.665771E+01, 6.605526E+01, 2.130815E+00, 6.324706E+00,-2.944950E+00,-1.800104E+00, 1.006608E+02, 5.474772E+01, 7.406229E+00, 2.479307E+01,8, 3.878525E+00,0, 0.000000E+00,0, 0.000000E+00,5, 6.286470E+00, 4.210483E-01, 3.517582E+00,NULL,NULL,1,mc_qqps,54
-21042,1411,20228,5736,94C2, 9.125000E+01,33,16,49,33,16,-4.230750E-01,-2.605959E+00,-2.858867E+00, 5.432757E+01, 5.367812E+01, 1.626610E+00,-4.594525E-01, 1.775408E-01, 5.566583E-01, 8.125781E+01, 4.833427E+01, 1.522772E+01, 1.114134E+01,4, 9.674986E-02,14, 0.000000E+00,0, 0.000000E+00,2, 1.841582E+00, 5.780349E-01, 1.263547E+00,NULL,NULL,1,mc_qqps,54
-21042,1412,20228,5751,94C2, 9.125000E+01,22,17,39,22,17, 4.885453E+00,-2.030235E+00, 1.303180E+00, 4.275141E+01, 4.251335E+01, 1.932425E+00, 2.158714E+00, 1.382406E-01, 4.797727E-01, 8.150954E+01, 4.020118E+01, 3.603445E+01, 0.000000E+00,20, 4.794620E+00,0, 0.000000E+00,0, 0.000000E+00,16, 3.733336E+01, 7.918110E-01, 8.373942E+00,NULL,NULL,1,mc_qqps,54
-21042,1413,20228,5806,94C2, 9.125000E+01,27,15,42,27,15,-5.610288E+00, 6.685075E+00, 4.072747E+00, 6.135209E+01, 6.108632E+01, 2.262456E+00, 3.186465E+00,-2.316228E+00,-3.614723E+00, 8.529306E+01, 5.813562E+01, 2.241251E+01, 0.000000E+00,17, 7.722853E+00,1, 0.000000E+00,0, 0.000000E+00,12, 2.040000E+01, 3.238041E-01, 6.021753E+00,NULL,NULL,1,mc_qqps,54
-21042,1414,20228,5820,94C2, 9.125000E+01,44,14,58,44,14,-1.300307E+01,-5.126162E+00,-1.336757E+01, 4.234955E+01, 4.085483E+01, 9.285189E-01,-9.050417E+00,-3.537179E+00,-1.598983E+01, 5.780281E+01, 3.321667E+01, 1.105669E+01, 4.410363E+00,6, 3.400495E-01,12, 0.000000E+00,0, 0.000000E+00,2, 2.568922E+00, 1.120058E+00, 1.448863E+00,NULL,NULL,1,mc_qqps,54
-21042,1415,20228,5837,94C2, 9.125000E+01,17,11,28,17,11,-2.843632E+00,-1.158233E-01,-1.942824E+00, 5.153349E+01, 5.134219E+01, 3.020129E+00,-9.641922E+00,-3.972378E-01,-7.967607E+00, 8.076322E+01, 4.643193E+01, 1.767515E+01, 1.067519E+01,12, 9.171325E-01,1, 0.000000E+00,0, 0.000000E+00,8, 1.862317E+01, 4.088237E-01, 8.666123E+00,NULL,NULL,1,mc_qqps,54
-21042,1416,20228,5847,94C2, 9.125000E+01,25,15,40,25,15,-2.393295E-02,-2.225956E+00,-4.505821E+00, 7.616959E+01, 7.582921E+01, 3.033168E+00,-1.111143E+00, 1.109400E+00, 1.258611E+00, 8.848408E+01, 7.439279E+01, 1.208147E+01, 2.330253E-01,8, 0.000000E+00,4, 0.000000E+00,0, 0.000000E+00,7, 6.264570E+00, 4.950206E-01, 1.682817E+00,NULL,NULL,1,mc_qqps,54
-21042,1417,20228,5904,94C2, 9.125000E+01,37,15,52,37,15, 9.471210E-01,-3.601615E+00, 9.715749E+01, 1.668783E+02, 1.661927E+02, 4.491694E+00, 9.401517E-01,-7.418556E-01, 1.045499E+02, 1.913796E+02, 4.619252E+01, 2.154070E+01, 2.960573E+00,4, 0.000000E+00,12, 1.377210E+00,0, 0.000000E+00,2, 5.772478E+00, 1.981812E+00, 3.790666E+00,2, 0.000000E+00,1,mc_qqps,54
-21042,1418,20228,5924,94C2, 9.125000E+01,45,16,61,45,16,-3.335915E+01, 6.695023E+01,-1.624669E+01, 1.453723E+02, 1.442359E+02, 3.205241E+00,-3.621935E+01, 6.667223E+01,-1.373037E+01, 1.806937E+02, 1.270853E+02, 2.628641E+01, 1.083332E+00,18, 1.000023E+01,0, 0.000000E+00,0, 0.000000E+00,11, 2.850156E+01, 4.931613E-01, 5.116528E+00,NULL,NULL,1,mc_qqps,54
-21042,1419,20228,5943,94C2, 9.125000E+01,31,10,41,31,10,-2.604236E+00,-2.293561E-01, 6.196439E-01, 5.626334E+01, 5.563862E+01, 1.794794E+00, 8.641641E+00, 4.268840E+00, 2.048047E+00, 8.162470E+01, 5.287152E+01, 2.324462E+01, 0.000000E+00,14, 1.560003E+00,0, 0.000000E+00,0, 0.000000E+00,9, 2.509432E+01, 6.194139E-01, 1.210529E+01,NULL,NULL,1,mc_qqps,54
-21042,1420,20228,5957,94C2, 9.125000E+01,24,15,39,24,15,-1.020263E+01,-1.865918E+00, 3.971336E+00, 5.265815E+01, 5.199215E+01, 2.166340E+00,-1.154010E+00, 4.092883E-01, 1.448152E+00, 9.209063E+01, 4.612139E+01, 3.461494E+01, 3.403531E+00,16, 2.310974E+00,0, 0.000000E+00,0, 0.000000E+00,13, 3.330441E+01, 4.752640E-01, 8.529426E+00,NULL,NULL,1,mc_qqps,54
-21042,1421,20228,10010,94C2, 9.125000E+01,24,13,37,24,13, 9.312622E+00,-9.550892E+00, 1.736541E+01, 3.837482E+01, 3.794586E+01, 1.581077E+00, 8.508627E+00,-8.095396E+00, 1.612862E+01, 7.275548E+01, 3.592570E+01, 1.515735E+01, 1.922330E+01,1, 0.000000E+00,7, 0.000000E+00,0, 0.000000E+00,NULL,NULL,NULL,NULL,NULL,NULL,1,mc_qqps,54
-21042,1422,20228,10025,94C2, 9.125000E+01,50,21,71,50,21, 2.687245E+00,-1.498049E+00,-6.052461E+00, 5.974321E+01, 5.858934E+01, 1.171787E+00,-4.110050E-02,-3.476498E+00,-7.456376E+00, 9.821392E+01, 4.674574E+01, 1.887589E+01, 1.160022E+01,10, 1.399116E+00,12, 0.000000E+00,0, 0.000000E+00,7, 1.255095E+01, 4.551864E-01, 3.999674E+00,NULL,NULL,1,mc_qqps,54
-21042,1423,20228,10045,94C2, 9.125000E+01,43,10,53,43,10,-1.080852E+01, 1.872760E+01,-3.698056E+00, 7.827651E+01, 7.725972E+01, 1.796738E+00, 9.030566E-01,-3.166582E+00, 6.397650E+00, 1.116737E+02, 4.297684E+01, 7.619579E+00, 2.608320E+01,10, 1.160993E+00,0, 0.000000E+00,0, 0.000000E+00,3, 3.085980E+00, 1.001311E+00, 1.063698E+00,NULL,NULL,1,mc_qqps,54
-21042,1424,20228,10101,94C2, 9.125000E+01,25,13,38,25,13,-3.746867E+00, 1.981938E+01,-1.849042E+01, 4.281079E+01, 4.241444E+01, 1.696578E+00,-2.713577E+00, 7.707255E+00,-9.070670E+00, 9.724451E+01, 4.171931E+01, 4.863643E+01, 5.914882E+00,11, 1.020863E+00,3, 0.000000E+00,0, 0.000000E+00,9, 4.564180E+01, 7.208947E-01, 1.909978E+01,NULL,NULL,1,mc_qqps,54
-21042,1425,20228,10113,94C2, 9.125000E+01,44,15,59,44,15, 1.209346E+01,-6.654835E+00, 5.716144E+00, 6.806489E+01, 6.701988E+01, 1.523179E+00, 1.625550E+01,-8.087151E+00, 7.150974E+00, 1.013595E+02, 5.872858E+01, 1.805210E+01, 1.315788E+01,18, 4.913536E-01,0, 0.000000E+00,0, 0.000000E+00,10, 1.791885E+01, 4.989877E-01, 6.851401E+00,NULL,NULL,1,mc_qqps,54
-21042,1426,20228,10130,94C2, 9.125000E+01,28,11,39,28,11, 3.122053E+00,-5.267926E+00, 4.233716E-01, 5.663785E+01, 5.628278E+01, 2.010099E+00,-3.633380E+00, 1.165830E-01, 3.891600E+00, 8.080573E+01, 5.307126E+01, 2.349282E+01, 6.750641E-01,11, 4.804541E+00,1, 0.000000E+00,0, 0.000000E+00,8, 2.318428E+01, 8.705319E-01, 1.093894E+01,NULL,NULL,1,mc_qqps,54
-21042,1427,20228,10144,94C2, 9.125000E+01,29,23,52,29,23, 5.775713E+00, 1.057125E+01, 1.564445E+01, 4.677502E+01, 4.639055E+01, 1.599674E+00, 1.624329E+00, 8.529966E+00, 1.077071E+01, 7.223418E+01, 4.148055E+01, 2.074711E+01, 3.881579E+00,7, 0.000000E+00,15, 1.638224E+00,0, 0.000000E+00,7, 6.500652E+00, 4.511242E-01, 1.805652E+00,NULL,NULL,1,mc_qqps,54
-21042,1428,20228,10159,94C2, 9.125000E+01,22,22,44,22,22,-3.677755E-01,-8.939900E+00, 3.305315E+01, 4.628482E+01, 4.599029E+01, 2.090468E+00, 7.266078E+00, 5.898986E+00,-1.533102E+01, 1.181341E+02, 5.897119E+00, 1.434386E+01, 5.750857E+01,1, 0.000000E+00,15, 4.981987E+00,0, 0.000000E+00,1, 5.760407E-01, 5.760407E-01, 5.760407E-01,4, 0.000000E+00,0,mc_qqps,54
-21042,1429,20228,10215,94C2, 9.125000E+01,35,19,54,35,19, 6.601756E+00,-1.150352E+00, 1.470300E+00, 6.157872E+01, 6.092377E+01, 1.740679E+00, 1.502349E+01,-1.091367E+01, 5.970425E+00, 9.880225E+01, 5.624306E+01, 3.061854E+01, 0.000000E+00,22, 6.538831E+00,0, 0.000000E+00,0, 0.000000E+00,17, 3.497377E+01, 4.481658E-01, 5.928430E+00,NULL,NULL,1,mc_qqps,54
-21042,1430,20228,10229,94C2, 9.125000E+01,32,15,47,32,15, 4.138828E+00,-4.753827E+00, 6.468393E+00, 7.857433E+01, 7.821590E+01, 2.444247E+00, 2.137401E+00,-1.210084E+00, 1.008648E+01, 1.005446E+02, 2.520448E+01, 2.154475E+01, 4.255515E-01,2, 0.000000E+00,17, 9.512928E+00,0, 0.000000E+00,2, 3.948525E+00, 9.691426E-01, 2.979383E+00,3, 0.000000E+00,1,mc_qqps,54
-21042,1431,20228,10244,94C2, 9.125000E+01,24,13,37,24,13, 5.069177E+00, 2.065688E+00,-5.899550E+00, 3.102440E+01, 3.043649E+01, 1.268187E+00, 4.578788E+00, 1.047477E+00,-1.066437E+01, 4.707912E+01, 1.185878E+01, 1.196134E+01, 3.474635E+00,1, 0.000000E+00,11, 0.000000E+00,0, 0.000000E+00,1, 6.187429E-01, 6.187429E-01, 6.187429E-01,NULL,NULL,1,mc_qqps,54
-21042,1432,20228,10301,94C2, 9.125000E+01,36,15,51,36,15,-2.327629E+01,-5.690440E+01,-3.528412E+01, 1.057548E+02, 1.050048E+02, 2.916800E+00,-2.128277E+01,-5.667884E+01,-3.163005E+01, 1.343971E+02, 4.121978E+01, 1.542848E+01, 1.268692E+01,13, 8.193806E+00,0, 0.000000E+00,0, 0.000000E+00,8, 1.368255E+01, 3.844784E-01, 7.166286E+00,NULL,NULL,1,mc_qqps,54
-21042,1433,20228,10319,94C2, 9.125000E+01,25,8,33,25,8, 2.782085E-01, 2.876499E-01, 7.061728E-01, 6.930215E+01, 6.881183E+01, 2.752473E+00,-1.897248E+01, 1.543185E+01, 1.352666E+01, 1.062421E+02, 6.660555E+01, 1.599796E+01, 2.095843E+01,10, 5.335737E+00,0, 0.000000E+00,0, 0.000000E+00,5, 1.560009E+01, 1.264988E+00, 9.918530E+00,NULL,NULL,1,mc_qqps,54
-21042,1434,20228,10333,94C2, 9.125000E+01,44,10,54,44,10,-1.968171E-01,-2.003091E+00, 4.177213E-03, 7.724653E+01, 7.645547E+01, 1.737624E+00, 1.744506E+00,-2.513847E-01, 1.541435E+00, 8.889742E+01, 6.716100E+01, 1.030212E+01, 0.000000E+00,16, 1.020702E+00,0, 0.000000E+00,0, 0.000000E+00,9, 9.774071E+00, 5.071099E-01, 1.628646E+00,NULL,NULL,1,mc_qqps,54
-21042,1435,20228,10353,94C2, 9.125000E+01,37,15,52,37,15, 2.816610E+00,-1.663103E+00,-2.692725E+00, 5.945142E+01, 5.868334E+01, 1.586036E+00, 1.068804E+00, 6.718802E-01, 2.645032E+00, 8.932110E+01, 5.238139E+01, 2.445754E+01, 3.693791E-01,18, 3.676806E+00,0, 0.000000E+00,0, 0.000000E+00,11, 2.301227E+01, 4.581327E-01, 9.505010E+00,NULL,NULL,1,mc_qqps,54
-21042,1436,20228,10410,94C2, 9.125000E+01,37,16,53,37,16,-2.546606E-01, 1.760418E+00, 3.220508E+00, 6.772224E+01, 6.711783E+01, 1.813995E+00,-9.533815E-01, 3.227972E-01, 5.016430E+00, 8.149442E+01, 6.074689E+01, 1.052756E+01, 1.117164E+00,9, 8.973017E-01,13, 0.000000E+00,0, 0.000000E+00,5, 3.958877E+00, 4.212637E-01, 1.273855E+00,NULL,NULL,1,mc_qqps,54
-21042,1437,20228,10430,94C2, 9.125000E+01,47,10,57,47,10, 1.426329E+02,-2.514924E+01,-1.183294E+02, 2.617589E+02, 2.607063E+02, 5.546943E+00, 1.373577E+02,-2.433578E+01,-1.135516E+02, 2.707198E+02, 5.345468E+01, 5.152054E+00, 1.779103E-01,13, 6.326285E+00,2, 0.000000E+00,0, 0.000000E+00,7, 8.094865E+00, 7.237008E-01, 1.516114E+00,NULL,NULL,1,mc_qqps,54
-21042,1438,20228,10444,94C2, 9.125000E+01,31,24,55,31,24, 6.989001E+00,-1.065499E-01, 2.847941E+01, 1.029433E+02, 1.025178E+02, 3.307024E+00, 2.297004E+00,-3.380147E-02, 3.578908E+01, 1.353228E+02, 5.891998E+01, 2.932806E+01, 3.307843E+00,18, 1.124864E+01,10, 5.663530E-01,0, 0.000000E+00,12, 1.184291E+01, 3.399410E-01, 2.649632E+00,NULL,NULL,1,mc_qqps,54
-21042,1439,20228,10500,94C2, 9.125000E+01,30,16,46,30,16, 8.199923E+00,-9.864645E+00,-4.779272E+00, 6.796037E+01, 6.720783E+01, 2.240261E+00,-9.884457E+00, 1.093828E+01, 2.452284E+00, 1.216425E+02, 6.183659E+01, 2.453594E+01, 2.343407E+01,14, 0.000000E+00,0, 0.000000E+00,0, 0.000000E+00,10, 2.646787E+01, 6.369858E-01, 6.402262E+00,NULL,NULL,1,mc_qqps,54
-21042,1440,20228,10514,94C2, 9.125000E+01,19,21,40,19,21,-6.609651E-01,-1.519890E+00, 1.836300E-01, 5.225719E+01, 5.207394E+01, 2.740733E+00, 5.883877E+00,-7.949612E+00,-1.510014E+01, 1.039623E+02, 4.340295E+01, 2.367034E+01, 2.803483E+01,0, 0.000000E+00,18, 1.988720E+00,0, 0.000000E+00,NULL,NULL,NULL,NULL,NULL,NULL,1,mc_qqps,54
-21042,1441,20228,10528,94C2, 9.125000E+01,42,22,64,42,22, 5.538245E+01,-1.655009E+01,-1.508380E+02, 2.010752E+02, 2.001029E+02, 4.764355E+00, 5.478583E+01,-1.636140E+01,-1.504735E+02, 2.320728E+02, 6.090129E+01, 2.394407E+01, 6.129198E+00,3, 0.000000E+00,24, 1.688383E+01,0, 0.000000E+00,3, 5.153413E+00, 9.243391E-01, 2.574081E+00,NULL,NULL,1,mc_qqps,54
-21042,1442,20228,10545,94C2, 9.125000E+01,19,11,30,19,11,-3.262613E+00,-5.510804E+00, 8.054139E+00, 4.335395E+01, 4.305121E+01, 2.265853E+00,-9.251821E+00,-1.267581E+01, 1.558609E+01, 6.335280E+01, 4.153674E+01, 7.999368E+00, 1.199949E+01,10, 1.417802E+00,0, 0.000000E+00,0, 0.000000E+00,7, 7.999368E+00, 5.336928E-01, 2.588274E+00,NULL,NULL,1,mc_qqps,54
-21042,1443,20228,10557,94C2, 9.125000E+01,30,15,45,30,15,-5.362337E+00, 3.929906E+00, 1.090333E+01, 6.616379E+01, 6.585194E+01, 2.195065E+00,-1.390116E+01, 1.075229E+01, 2.859647E+01, 9.817856E+01, 5.800277E+01, 1.665169E+01, 1.544297E+01,2, 0.000000E+00,11, 5.569857E-01,0, 0.000000E+00,1, 5.041406E-01, 5.041406E-01, 5.041406E-01,NULL,NULL,1,mc_qqps,54
-21042,1444,20228,10615,94C2, 9.125000E+01,19,15,34,19,15,-4.579619E+00, 2.891679E-01,-1.782048E+01, 6.630836E+01, 6.610316E+01, 3.479114E+00,-9.792990E+00,-8.909521E-02,-2.100346E+01, 1.091168E+02, 3.320004E+01, 3.443104E+01, 8.380760E+00,7, 4.846119E-02,15, 1.117745E+01,0, 0.000000E+00,4, 9.320290E+00, 4.912521E-01, 6.536924E+00,NULL,NULL,1,mc_qqps,54
-21042,1445,20228,10627,94C2, 9.125000E+01,17,14,31,17,14, 9.788803E+00,-5.589388E+00,-2.282574E+01, 5.050840E+01, 5.018036E+01, 2.951786E+00, 4.152485E+00,-2.254268E+00,-1.033780E+01, 8.579891E+01, 4.569064E+01, 2.643790E+01, 8.852616E+00,0, 0.000000E+00,14, 3.644155E+00,0, 0.000000E+00,NULL,NULL,NULL,NULL,2, 0.000000E+00,1,mc_qqps,54
-21042,1446,20228,10642,94C2, 9.125000E+01,32,7,39,32,7,-4.213403E-01, 2.300431E+00, 4.004981E+00, 7.516547E+01, 7.470767E+01, 2.334615E+00,-2.343556E+00, 1.025107E+00, 3.043345E+00, 8.216065E+01, 6.540194E+01, 5.642963E+00, 4.439024E-01,12, 4.335654E+00,2, 0.000000E+00,0, 0.000000E+00,6, 6.551291E+00, 5.518367E-01, 2.451990E+00,NULL,NULL,1,mc_qqps,54
-21042,1447,20228,10701,94C2, 9.125000E+01,24,8,32,24,8,-4.168094E+00, 7.562803E+00, 8.067485E+00, 4.770685E+01, 4.730873E+01, 1.971197E+00, 4.610956E+00,-7.600786E+00,-7.667218E+00, 8.827831E+01, 4.536220E+01, 4.008541E+01, 4.863791E-01,10, 5.416625E+00,1, 0.000000E+00,0, 0.000000E+00,7, 4.008508E+01, 7.364494E-01, 2.688921E+01,NULL,NULL,1,mc_qqps,54
-21042,1448,20228,10713,94C2, 9.125000E+01,46,21,67,46,21,-7.613444E+00, 5.009555E-01, 3.535436E+00, 5.833743E+01, 5.723250E+01, 1.244185E+00,-6.360784E+00, 4.443622E+00, 5.397757E+00, 8.042447E+01, 4.583162E+01, 1.522795E+01, 6.863948E+00,17, 1.440110E-01,3, 0.000000E+00,0, 0.000000E+00,9, 1.116591E+01, 3.297448E-01, 2.591500E+00,NULL,NULL,1,mc_qqps,54
-21042,1449,20228,10733,94C2, 9.125000E+01,27,16,43,27,16, 5.196088E+00,-1.197907E+01, 3.374449E+00, 4.637293E+01, 4.587706E+01, 1.699150E+00, 4.057707E+00,-1.159836E+01, 8.791302E-01, 8.407786E+01, 3.964988E+01, 2.525894E+01, 1.244598E+01,8, 4.589796E+00,6, 0.000000E+00,0, 0.000000E+00,7, 1.935209E+01, 3.383877E-01, 1.016599E+01,1, 0.000000E+00,1,mc_qqps,54
-21042,1450,20228,10747,94C2, 9.125000E+01,35,18,53,35,18,-1.853295E+00, 1.126675E+01,-2.961068E+00, 6.249171E+01, 6.197380E+01, 1.770680E+00, 1.278336E+00,-2.407316E+00,-2.512102E+00, 7.986015E+01, 5.231132E+01, 1.415108E+01, 1.511670E+00,18, 3.878705E+00,3, 0.000000E+00,0, 0.000000E+00,14, 1.449583E+01, 4.310158E-01, 2.923236E+00,NULL,NULL,1,mc_qqps,54
-21042,1451,20228,10804,94C2, 9.125000E+01,28,19,47,28,19,-5.414523E+00, 3.758245E+00, 5.727082E+00, 5.892659E+01, 5.846721E+01, 2.088115E+00,-4.695760E+00, 3.772499E+00, 3.987094E+00, 8.319888E+01, 5.724375E+01, 1.993356E+01, 1.901815E+00,17, 2.348937E+00,2, 0.000000E+00,0, 0.000000E+00,14, 2.083395E+01, 5.202408E-01, 4.117392E+00,NULL,NULL,1,mc_qqps,54
-21042,1452,20228,10821,94C2, 9.125000E+01,56,19,75,56,19,-4.994202E+00, 2.116593E-01, 3.982761E+00, 5.330470E+01, 5.195115E+01, 9.276991E-01, 1.181240E+00, 8.876893E+00, 1.236653E+01, 8.505961E+01, 3.944818E+01, 3.033430E+01, 1.420608E+00,18, 1.516107E+00,1, 0.000000E+00,0, 0.000000E+00,13, 2.656614E+01, 6.007285E-01, 4.147218E+00,NULL,NULL,1,mc_qqps,54
-21042,1453,20228,10841,94C2, 9.125000E+01,31,11,42,31,11, 1.160312E+00,-3.610917E+00, 4.730379E+00, 5.257701E+01, 5.201252E+01, 1.677823E+00, 4.758919E-01,-6.948049E+00, 1.240698E+01, 6.198771E+01, 3.086007E+01, 9.410695E+00, 0.000000E+00,1, 0.000000E+00,13, 2.473819E+01,0, 0.000000E+00,NULL,NULL,NULL,NULL,1, 0.000000E+00,1,mc_qqps,54
-21042,1454,20228,10855,94C2, 9.125000E+01,38,15,53,38,15, 4.892162E+00, 2.765638E+00, 1.186367E+01, 6.158519E+01, 6.093576E+01, 1.603572E+00, 6.506317E+00, 2.004776E+00, 1.646529E+00, 8.084978E+01, 5.118232E+01, 1.613309E+01, 1.209614E+00,7, 1.335942E-01,12, 0.000000E+00,0, 0.000000E+00,4, 4.467362E+00, 6.184310E-01, 1.746242E+00,2, 0.000000E+00,1,mc_qqps,54
-21042,1455,20228,10910,94C2, 9.125000E+01,19,11,30,19,11,-2.801594E+00,-3.511262E+00,-1.899397E+00, 5.407903E+01, 5.385205E+01, 2.834318E+00,-4.831522E+00,-5.366922E+00,-5.698321E+00, 6.671329E+01, 5.367538E+01, 8.399033E+00, 2.529784E+00,9, 3.917856E+00,8, 0.000000E+00,0, 0.000000E+00,3, 2.931559E+00, 5.131297E-01, 1.226111E+00,NULL,NULL,1,mc_qqps,54
-21042,1456,20228,10923,94C2, 9.125000E+01,36,14,50,36,14,-8.142761E+00, 5.906963E+00, 6.687843E+00, 9.018617E+01, 8.950969E+01, 2.486380E+00,-5.547097E+00, 6.102493E+00, 5.502136E-01, 1.197092E+02, 6.045660E+01, 2.802413E+01, 1.123283E+00,1, 0.000000E+00,14, 1.162321E+01,0, 0.000000E+00,1, 4.954205E-01, 4.954205E-01, 4.954205E-01,1, 0.000000E+00,1,mc_qqps,54
-21042,1457,20228,10940,94C2, 9.125000E+01,30,21,51,30,21, 1.976463E+00,-2.266086E+00, 1.939803E+00, 6.097809E+01, 6.041076E+01, 2.013692E+00,-2.178751E+00,-2.709829E-01, 2.645763E-01, 1.069116E+02, 5.393106E+01, 4.509467E+01, 0.000000E+00,24, 1.685921E+01,0, 0.000000E+00,0, 0.000000E+00,17, 3.929189E+01, 4.399971E-01, 7.787354E+00,NULL,NULL,1,mc_qqps,54
-21042,1458,20228,10952,94C2, 9.125000E+01,39,19,58,39,19,-4.792905E-02, 3.510727E+00,-2.615327E-01, 4.739222E+01, 4.663637E+01, 1.195804E+00, 6.122547E+00, 3.786665E+00, 3.399126E+00, 7.056576E+01, 4.345219E+01, 1.721185E+01, 5.313162E+00,12, 2.373083E-02,4, 0.000000E+00,0, 0.000000E+00,10, 1.338172E+01, 6.485177E-01, 3.085726E+00,NULL,NULL,1,mc_qqps,54
-21042,1459,20228,11013,94C2, 9.125000E+01,53,9,62,53,9,-1.139273E+01, 3.179447E+00, 1.477850E+01, 6.570969E+01, 6.475440E+01, 1.221781E+00,-1.228540E+01, 2.105882E+00, 1.445127E+01, 7.356442E+01, 5.323605E+01, 5.291656E+00, 3.082384E+00,6, 0.000000E+00,7, 0.000000E+00,0, 0.000000E+00,2, 2.794927E+00, 1.195823E+00, 1.599104E+00,NULL,NULL,1,mc_qqps,54
-21042,1460,20228,11033,94C2, 9.125000E+01,12,15,27,12,15, 9.621977E+00,-7.105791E+00,-1.244609E+01, 4.837741E+01, 4.816552E+01, 4.013793E+00, 8.027414E+00,-6.760161E+00,-1.073779E+01, 7.694089E+01, 4.774307E+01, 2.780119E+01, 0.000000E+00,16, 6.357852E+00,1, 0.000000E+00,0, 0.000000E+00,14, 2.828168E+01, 7.622748E-01, 3.494246E+00,NULL,NULL,1,mc_qqps,54
-21042,1461,20228,11048,94C2, 9.125000E+01,14,11,25,14,11, 7.013662E+00, 1.434449E+00,-1.295473E+01, 6.881874E+01, 6.867514E+01, 4.905367E+00, 7.880662E+00, 1.310181E+00,-1.377066E+01, 8.069028E+01, 6.732433E+01, 1.144085E+01, 4.306886E-01,0, 0.000000E+00,14, 5.593660E+00,0, 0.000000E+00,NULL,NULL,NULL,NULL,NULL,NULL,1,mc_qqps,54
-21042,1462,20228,11101,94C2, 9.125000E+01,24,16,40,24,16, 1.065463E+01,-8.826199E+00, 9.117065E+00, 6.746404E+01, 6.710818E+01, 2.796174E+00,-1.875408E+00, 2.450304E+00,-5.860508E-01, 8.966508E+01, 6.650776E+01, 2.044268E+01, 1.758366E+00,18, 2.731444E+00,0, 0.000000E+00,0, 0.000000E+00,13, 2.044268E+01, 6.079763E-01, 4.646745E+00,NULL,NULL,1,mc_qqps,54
-21042,1463,20228,11115,94C2, 9.125000E+01,23,13,36,23,13, 5.356651E+00,-8.712084E+00, 3.370277E+00, 5.510418E+01, 5.472544E+01, 2.379367E+00, 3.102562E-01,-4.534711E+00, 2.127928E-01, 9.088132E+01, 5.361906E+01, 2.871370E+01, 6.497550E+00,17, 1.375533E+01,0, 0.000000E+00,0, 0.000000E+00,8, 2.868021E+01, 3.366368E-01, 1.457035E+01,NULL,NULL,1,mc_qqps,54
-21042,1464,20228,11129,94C2, 9.125000E+01,37,14,51,37,14, 4.644041E-01,-6.544878E+00, 8.837339E+01, 1.570372E+02, 1.565256E+02, 4.230422E+00,-1.656045E+00,-5.704438E+00, 8.095552E+01, 1.818562E+02, 6.480966E+00, 1.968550E+01, 5.133499E+00,1, 0.000000E+00,11, 3.612499E+00,0, 0.000000E+00,1, 6.374511E-01, 6.374511E-01, 6.374511E-01,3, 0.000000E+00,0,mc_qqps,54
-21042,1465,20228,11149,94C2, 9.125000E+01,40,20,60,40,20,-4.234183E-01, 4.117140E-01,-1.363813E+01, 6.461290E+01, 6.393243E+01, 1.598311E+00,-1.946720E+00, 1.725423E-02,-1.017378E+01, 9.144577E+01, 3.879309E+01, 2.043884E+01, 6.395941E+00,2, 0.000000E+00,18, 1.820821E+00,0, 0.000000E+00,1, 6.887046E-01, 6.887046E-01, 6.887046E-01,1, 0.000000E+00,1,mc_qqps,54
-21042,1466,20228,11208,94C2, 9.125000E+01,25,20,45,25,20, 1.495674E+00, 3.139925E+00, 5.715936E+00, 3.496849E+01, 3.436417E+01, 1.374567E+00, 1.185391E+00,-6.528348E-01, 3.482958E+00, 6.196933E+01, 3.247840E+01, 1.932800E+01, 2.691460E+00,21, 6.064362E+00,1, 6.125591E-01,0, 0.000000E+00,17, 2.369870E+01, 4.146816E-01, 5.142264E+00,NULL,NULL,1,mc_qqps,54
-21042,1467,20228,11225,94C2, 9.125000E+01,50,9,59,50,9, 2.239204E+01,-1.112385E+01, 4.396083E+00, 9.028322E+01, 8.920198E+01, 1.784040E+00, 2.777399E+01,-1.474477E+01, 4.065292E+00, 1.031937E+02, 4.864612E+01, 9.821102E+00, 2.450750E-01,12, 2.217139E-01,0, 0.000000E+00,0, 0.000000E+00,7, 1.220073E+01, 4.161127E-01, 5.073529E+00,NULL,NULL,1,mc_qqps,54
-21042,1468,20228,11241,94C2, 9.125000E+01,26,6,32,26,6,-1.088678E+00, 9.012173E-01, 2.897108E+00, 5.377360E+01, 5.323811E+01, 2.047620E+00,-2.369355E+00,-9.466082E-01,-8.977623E-01, 6.228204E+01, 5.289357E+01, 6.889752E+00, 2.492052E-01,9, 2.931059E+00,1, 0.000000E+00,0, 0.000000E+00,4, 3.740884E+00, 5.117357E-01, 1.859664E+00,NULL,NULL,1,mc_qqps,54
-21042,1469,20228,11257,94C2, 9.125000E+01,21,10,31,21,10,-4.823895E+00, 1.218919E+01,-3.237340E-01, 6.141065E+01, 6.105626E+01, 2.907441E+00,-5.078256E+00, 1.589450E+01,-1.604001E+00, 9.194583E+01, 5.203264E+01, 1.469496E+01, 1.037121E+01,11, 2.118590E+00,0, 0.000000E+00,0, 0.000000E+00,7, 1.589076E+01, 5.268379E-01, 7.034639E+00,NULL,NULL,1,mc_qqps,54
-21042,1470,20228,11314,94C2, 9.125000E+01,47,13,60,47,13, 3.190053E+00,-2.685068E+00, 3.364256E+01, 7.787823E+01, 7.686276E+01, 1.635378E+00, 5.651668E+00,-3.075861E+00, 3.400826E+01, 9.533379E+01, 2.404601E+01, 1.338750E+01, 4.068053E+00,4, 0.000000E+00,16, 0.000000E+00,0, 0.000000E+00,1, 6.874123E-01, 6.874123E-01, 6.874123E-01,1, 0.000000E+00,1,mc_qqps,54
-21042,1471,20228,11334,94C2, 9.125000E+01,27,10,37,27,10, 2.511965E+01,-3.540235E+00,-9.220257E+00, 7.052419E+01, 7.007470E+01, 2.595359E+00, 5.038882E+00,-1.562758E-01,-2.164232E+00, 9.514111E+01, 6.046845E+01, 2.184631E+01, 2.115600E+00,14, 5.948451E+00,0, 0.000000E+00,0, 0.000000E+00,9, 2.250132E+01, 5.746364E-01, 5.910521E+00,NULL,NULL,1,mc_qqps,54
-21042,1472,20228,11347,94C2, 9.125000E+01,28,14,42,28,14,-9.870595E-02,-5.592254E+00, 2.402482E+00, 4.238242E+01, 4.193552E+01, 1.497697E+00,-6.154981E-02, 1.438074E+00, 1.190917E+00, 7.410243E+01, 4.029239E+01, 1.686653E+01, 8.932039E+00,10, 0.000000E+00,1, 0.000000E+00,0, 0.000000E+00,8, 1.626157E+01, 1.010725E+00, 3.769232E+00,NULL,NULL,1,mc_qqps,54
-21042,1473,20228,11359,94C2, 9.125000E+01,26,10,36,26,10,-5.111275E+00, 4.741415E+00,-4.673296E+00, 6.836779E+01, 6.802386E+01, 2.616302E+00, 1.301358E+00, 2.496084E+00,-9.387420E-01, 8.615103E+01, 5.430814E+01, 1.778325E+01, 0.000000E+00,12, 7.541537E+00,0, 0.000000E+00,0, 0.000000E+00,9, 1.661223E+01, 4.117631E-01, 3.943179E+00,NULL,NULL,1,mc_qqps,54
-21042,1474,20228,11412,94C2, 9.125000E+01,50,9,59,50,9,-8.938453E-02, 2.229660E-01, 8.104086E-02, 8.449298E+01, 8.339275E+01, 1.667855E+00,-5.344396E+00, 8.135820E+00, 1.124481E+01, 1.023081E+02, 6.796818E+01, 1.542955E+01, 1.935701E+00,3, 0.000000E+00,7, 0.000000E+00,0, 0.000000E+00,2, 5.219467E+00, 4.567402E-01, 4.762726E+00,NULL,NULL,1,mc_qqps,54
-21042,1475,20228,11431,94C2, 9.125000E+01,23,8,31,23,8, 2.889812E-02, 3.139346E+00, 2.921332E+00, 5.704849E+01, 5.666282E+01, 2.463601E+00, 6.764871E+00, 5.582218E+00,-4.435731E+00, 7.297977E+01, 5.294540E+01, 1.593128E+01, 0.000000E+00,4, 3.276800E-01,9, 0.000000E+00,0, 0.000000E+00,NULL,NULL,NULL,NULL,NULL,NULL,1,mc_qqps,54
-21042,1476,20228,11449,94C2, 9.125000E+01,9,14,23,9,14,-1.219660E+01, 1.984599E+01, 1.348655E+01, 3.524879E+01, 3.508774E+01, 3.898638E+00, 8.486181E+00,-1.471629E+01,-1.126184E+01, 8.795181E+01, 3.381852E+01, 4.481108E+01, 4.277840E-01,12, 2.319123E+01,0, 0.000000E+00,0, 0.000000E+00,11, 4.256923E+01, 2.932481E-01, 1.939873E+01,NULL,NULL,1,mc_qqps,54
-21042,1477,20228,11500,94C2, 9.125000E+01,29,9,38,29,9,-4.650031E+00, 6.016812E+00, 7.325696E+00, 6.596677E+01, 6.556854E+01, 2.260984E+00,-3.407379E+00, 6.053051E+00, 7.992994E+00, 8.067599E+01, 6.106385E+01, 1.470921E+01, 0.000000E+00,2, 0.000000E+00,13, 1.528310E+00,0, 0.000000E+00,1, 5.830762E-01, 5.830762E-01, 5.830762E-01,1, 0.000000E+00,1,mc_qqps,54
-21042,1478,20228,11514,94C2, 9.125000E+01,19,19,38,19,19,-3.740466E-01, 2.593690E+00, 3.358708E+00, 3.090284E+01, 3.069080E+01, 1.615305E+00,-1.860275E+00, 5.574064E+00, 6.669269E+00, 5.962671E+01, 3.033785E+01, 2.327867E+01, 2.770184E+00,16, 5.479013E-01,0, 0.000000E+00,0, 0.000000E+00,15, 2.350794E+01, 3.587896E-01, 6.514006E+00,NULL,NULL,1,mc_qqps,54
-21042,1479,20228,11533,94C2, 9.125000E+01,38,7,45,38,7, 1.900874E+01, 7.162269E+00,-1.829778E+01, 8.083237E+01, 7.997697E+01, 2.104657E+00, 8.064028E+00, 3.997921E+00,-8.553693E+00, 9.877191E+01, 6.149850E+01, 1.794107E+01, 0.000000E+00,10, 0.000000E+00,1, 0.000000E+00,0, 0.000000E+00,7, 1.793955E+01, 6.548783E-01, 5.982143E+00,NULL,NULL,1,mc_qqps,54
-21042,1480,20228,11548,94C2, 9.125000E+01,20,18,38,20,18,-4.078773E+00,-1.009403E+00,-6.028733E+00, 4.640295E+01, 4.623180E+01, 2.311590E+00,-3.393374E+00,-1.509253E+00,-4.088808E+00, 7.468391E+01, 4.597650E+01, 2.589991E+01, 1.257030E+00,4, 0.000000E+00,10, 4.901938E-01,0, 0.000000E+00,4, 7.491395E+00, 1.124006E+00, 2.591021E+00,NULL,NULL,1,mc_qqps,54
-21042,1481,20228,11609,94C2, 9.125000E+01,48,19,67,48,19, 3.057425E+00, 2.277963E+00,-1.252850E+01, 9.810062E+01, 9.724377E+01, 2.025912E+00, 2.903102E+00, 2.644663E+00,-1.370105E+01, 1.184636E+02, 3.790379E+01, 1.320206E+01, 7.169496E+00,0, 0.000000E+00,25, 6.890113E+00,0, 0.000000E+00,NULL,NULL,NULL,NULL,NULL,NULL,1,mc_qqps,54
-21042,1482,20228,11629,94C2, 9.125000E+01,16,19,35,16,19, 6.750094E+00, 2.882068E+00, 1.321416E+00, 3.191094E+01, 3.166123E+01, 1.978827E+00, 9.939281E+00, 3.465691E+00, 2.445237E+00, 5.933432E+01, 2.574314E+01, 1.644763E+01, 1.060346E+01,10, 3.829032E+00,8, 0.000000E+00,0, 0.000000E+00,7, 1.208290E+01, 3.555915E-01, 2.694094E+00,NULL,NULL,1,mc_qqps,54
-21042,1483,20228,11643,94C2, 9.125000E+01,23,19,42,23,19, 1.462053E+01,-4.186951E+00, 1.052716E+01, 6.001030E+01, 5.967738E+01, 2.594669E+00, 7.446859E+00,-1.910146E+00, 5.262905E+00, 1.013411E+02, 5.837358E+01, 3.705373E+01, 2.570102E+00,18, 9.319477E+00,0, 0.000000E+00,0, 0.000000E+00,14, 3.172224E+01, 3.806812E-01, 1.077540E+01,NULL,NULL,1,mc_qqps,54
-21042,1484,20228,11655,94C2, 9.125000E+01,18,9,27,18,9,-7.795398E+00, 2.579051E+00,-5.488589E+00, 8.826343E+01, 8.774679E+01, 4.874822E+00,-4.199039E+00, 2.201746E+00,-2.256543E+00, 9.846673E+01, 8.651160E+01, 7.173837E+00, 2.181141E+00,11, 2.455198E+01,1, 0.000000E+00,0, 0.000000E+00,6, 6.541646E+00, 7.650040E-01, 1.438291E+00,NULL,NULL,1,mc_qqps,54
-21042,1485,20228,11708,94C2, 9.125000E+01,44,16,60,44,16, 1.294466E+01, 2.052414E+01,-7.498895E+00, 6.748629E+01, 6.654427E+01, 1.512370E+00, 1.400567E+01, 1.969754E+01,-6.230797E+00, 9.985665E+01, 6.148951E+01, 2.018191E+01, 1.194739E+01,19, 3.645917E-01,0, 0.000000E+00,0, 0.000000E+00,12, 2.055784E+01, 3.759346E-01, 6.706339E+00,NULL,NULL,1,mc_qqps,54
-21042,1486,20228,11723,94C2, 9.125000E+01,34,17,51,34,17,-9.885166E-01,-7.580796E-01,-1.708597E+00, 6.285980E+01, 6.212794E+01, 1.827292E+00,-5.005904E+00,-4.734880E+00,-5.015131E+00, 8.759070E+01, 6.035885E+01, 1.789001E+01, 1.203091E+00,20, 8.535216E-01,1, 0.000000E+00,0, 0.000000E+00,13, 2.305644E+01, 9.469053E-01, 3.712947E+00,NULL,NULL,1,mc_qqps,54
-21042,1487,20228,11737,94C2, 9.125000E+01,33,9,42,33,9, 5.024529E+00,-8.142338E-01, 9.706465E+00, 6.968237E+01, 6.916471E+01, 2.095900E+00, 2.119784E+01,-6.071122E+00, 2.222721E+01, 9.243491E+01, 6.009210E+01, 1.487199E+01, 7.518785E-01,9, 2.977477E-01,1, 0.000000E+00,0, 0.000000E+00,6, 1.780791E+01, 5.964968E-01, 7.843184E+00,NULL,NULL,1,mc_qqps,54
-21042,1488,20228,11751,94C2, 9.125000E+01,26,14,40,26,14,-1.657163E+00,-1.093534E+00, 1.279979E+00, 4.342392E+01, 4.285175E+01, 1.648144E+00, 9.545147E-01, 1.268778E+00,-7.265011E+00, 6.688705E+01, 3.940760E+01, 1.927514E+01, 2.494109E+00,5, 3.052933E-01,5, 4.216599E-01,0, 0.000000E+00,4, 8.463068E+00, 1.379286E+00, 2.748717E+00,4, 0.000000E+00,1,mc_qqps,54
-21042,1489,20228,11815,94C2, 9.125000E+01,14,17,31,14,17, 1.199184E+01, 1.519872E+01,-1.437732E+01, 4.413766E+01, 4.401491E+01, 3.143922E+00, 9.967360E+00, 1.079683E+01,-1.060793E+01, 1.042350E+02, 4.352562E+01, 4.059152E+01, 1.230983E+01,18, 1.573696E+01,1, 0.000000E+00,0, 0.000000E+00,13, 4.213481E+01, 4.568996E-01, 7.954679E+00,NULL,NULL,1,mc_qqps,54
-21042,1490,20228,11826,94C2, 9.125000E+01,19,4,23,19,4, 2.397792E+01, 3.271600E+00,-1.668939E+01, 4.564064E+01, 4.523144E+01, 2.380602E+00,-6.208441E-01,-3.114194E+00,-1.127028E+00, 8.273138E+01, 4.332119E+01, 3.555912E+01, 1.531618E+00,6, 2.095397E-01,0, 0.000000E+00,0, 0.000000E+00,3, 3.555912E+01, 4.121234E-01, 3.200922E+01,NULL,NULL,1,mc_qqps,54
-21042,1491,20228,11840,94C2, 9.125000E+01,20,14,34,20,14, 1.502322E+01,-1.366060E+01, 4.217992E+00, 5.768570E+01, 5.741499E+01, 2.870749E+00,-3.381512E-01, 4.287686E+00, 5.659477E-01, 1.013245E+02, 5.620402E+01, 3.711638E+01, 4.547358E+00,15, 1.021591E+01,1, 0.000000E+00,0, 0.000000E+00,10, 3.686588E+01, 4.386245E-01, 1.923218E+01,NULL,NULL,1,mc_qqps,54
-21042,1492,20228,11850,94C2, 9.125000E+01,31,20,51,31,20, 9.560976E-01, 7.415999E-01,-1.248517E+00, 5.947443E+01, 5.910985E+01, 1.906769E+00,-1.379253E+00,-3.189693E+00, 8.944577E+00, 9.483809E+01, 4.301003E+01, 2.938448E+01, 6.062099E+00,6, 6.238384E+00,20, 1.146183E+01,0, 0.000000E+00,5, 5.139892E+00, 5.649687E-01, 1.465977E+00,NULL,NULL,1,mc_qqps,54
-21042,1493,20228,11907,94C2, 9.125000E+01,23,14,37,23,14,-8.891577E+00,-3.701019E+00, 1.137602E+00, 6.886527E+01, 6.862764E+01, 2.983810E+00,-1.088426E+00, 1.158399E+00,-9.924686E-01, 8.725208E+01, 6.879558E+01, 1.179173E+01, 2.449431E+00,19, 2.216235E+00,0, 0.000000E+00,0, 0.000000E+00,12, 1.434169E+01, 6.085896E-01, 2.747136E+00,NULL,NULL,1,mc_qqps,54
-21042,1494,20228,11917,94C2, 9.125000E+01,32,20,52,32,20,-2.823618E+00, 8.009491E+00,-7.606015E+00, 3.829791E+01, 3.739890E+01, 1.168716E+00,-2.059545E-01, 1.112205E+01,-6.778843E+00, 7.435277E+01, 2.708804E+01, 2.625354E+01, 3.814653E+00,22, 2.092517E+00,0, 0.000000E+00,0, 0.000000E+00,16, 3.168633E+01, 3.498516E-01, 8.993276E+00,NULL,NULL,1,mc_qqps,54
-21042,1495,20228,11931,94C2, 9.125000E+01,27,22,49,27,22, 2.055325E+01, 2.730890E+01,-1.639703E+01, 6.653556E+01, 6.584583E+01, 2.438735E+00, 9.096370E+00, 1.239862E+01,-6.295279E+00, 1.201964E+02, 5.889460E+01, 4.274786E+01, 1.091299E+01,23, 3.146931E+00,0, 0.000000E+00,0, 0.000000E+00,18, 2.981614E+01, 4.977574E-01, 4.613778E+00,NULL,NULL,1,mc_qqps,54
-21042,1496,20228,11945,94C2, 9.125000E+01,49,7,56,49,7,-1.201197E+01, 7.958806E+00, 2.286055E+01, 9.062833E+01, 8.917960E+01, 1.819992E+00,-1.245120E+01, 7.804844E+00, 2.364330E+01, 9.420351E+01, 5.950496E+01, 3.575178E+00, 0.000000E+00,1, 0.000000E+00,10, 7.446678E+00,0, 0.000000E+00,1, 6.171995E-01, 6.171995E-01, 6.171995E-01,2, 0.000000E+00,1,mc_qqps,54
-21042,1497,20228,12001,94C2, 9.125000E+01,37,9,46,37,9,-3.062129E+00,-2.348585E+00,-1.771019E+00, 3.644401E+01, 3.520547E+01, 9.514992E-01, 3.766945E+00, 4.443741E+00, 1.665230E+00, 5.153612E+01, 2.756855E+01, 1.277168E+01, 0.000000E+00,12, 8.544605E+00,0, 0.000000E+00,0, 0.000000E+00,9, 1.509210E+01, 5.045721E-01, 4.601507E+00,NULL,NULL,1,mc_qqps,54
-21042,1498,20228,12023,94C2, 9.125000E+01,28,13,41,28,13, 7.650335E-01, 2.794523E+00, 7.587266E+00, 2.039607E+01, 1.947249E+01, 6.954460E-01, 1.421484E+00, 2.368486E+00, 2.418953E+00, 4.163019E+01, 1.212775E+01, 2.024878E+01, 9.853399E-01,2, 0.000000E+00,5, 0.000000E+00,0, 0.000000E+00,2, 8.653811E-01, 3.720777E-01, 4.933034E-01,6, 0.000000E+00,1,mc_qqps,54
-21042,1499,20228,12050,94C2, 9.125000E+01,30,9,39,30,9, 1.742015E+01, 2.288535E+01,-2.561214E+00, 6.157596E+01, 6.077158E+01, 2.025719E+00, 8.780970E+00, 1.350462E+01,-1.389402E+00, 7.906514E+01, 5.660592E+01, 9.928678E+00, 4.437857E+00,14, 2.879679E+00,0, 0.000000E+00,0, 0.000000E+00,6, 1.228228E+01, 6.166181E-01, 5.695417E+00,NULL,NULL,1,mc_qqps,54
-21042,1500,20228,12110,94C2, 9.125000E+01,26,6,32,26,6, 2.041498E+01,-1.495829E+01,-2.491025E+01, 7.730514E+01, 7.704616E+01, 2.963314E+00, 1.347264E+01,-6.846677E+00,-1.574734E+01, 9.208990E+01, 6.781232E+01, 1.249046E+01, 2.295173E+00,7, 2.330266E+00,0, 0.000000E+00,0, 0.000000E+00,3, 1.248959E+01, 6.345744E-01, 1.051189E+01,NULL,NULL,1,mc_qqps,54
-21042,1501,20228,12125,94C2, 9.125000E+01,22,14,36,22,14,-2.887033E+00, 1.141895E+01, 4.956059E+00, 5.968029E+01, 5.936036E+01, 2.698198E+00,-2.961395E+00, 1.275676E+01, 5.794610E+00, 8.382600E+01, 5.751945E+01, 2.219554E+01, 4.573934E-01,14, 5.255341E+00,0, 0.000000E+00,0, 0.000000E+00,9, 1.740708E+01, 5.181517E-01, 6.371158E+00,NULL,NULL,1,mc_qqps,54
-21042,1502,20228,12137,94C2, 9.125000E+01,16,9,25,16,9, 5.258999E-01, 1.863965E+01, 3.671982E+00, 5.067240E+01, 5.050280E+01, 3.156425E+00,-9.870835E-01,-8.372505E+00,-3.367015E+00, 1.016034E+02, 4.942215E+01, 4.784693E+01, 3.084032E+00,13, 1.123873E+01,0, 0.000000E+00,0, 0.000000E+00,8, 4.784693E+01, 6.125799E-01, 2.230943E+01,NULL,NULL,1,mc_qqps,54
-21042,1503,20228,12149,94C2, 9.125000E+01,34,18,52,34,18,-2.357638E+00,-9.296033E+00,-6.622876E+00, 6.012819E+01, 5.957514E+01, 1.752210E+00, 1.924144E+00,-7.219037E+00,-1.186661E+00, 9.006284E+01, 5.153376E+01, 1.979661E+01, 8.802871E+00,21, 1.169110E+01,1, 0.000000E+00,0, 0.000000E+00,13, 1.551700E+01, 2.514361E-01, 3.154143E+00,1, 0.000000E+00,1,mc_qqps,54
-21042,1504,20228,12205,94C2, 9.125000E+01,27,13,40,27,13, 5.673118E+00, 3.034168E-01,-3.310913E+00, 5.691280E+01, 5.636267E+01, 2.087506E+00,-2.979097E+00, 8.964226E+00, 5.384095E+00, 7.936237E+01, 4.422277E+01, 9.597302E+00, 9.996135E+00,14, 1.417778E+01,1, 0.000000E+00,0, 0.000000E+00,8, 1.069488E+01, 8.855017E-01, 1.970628E+00,NULL,NULL,1,mc_qqps,54
-21042,1505,20228,12220,94C2, 9.125000E+01,32,12,44,32,12, 3.769913E+00,-2.041948E-01,-2.322910E+00, 5.214471E+01, 5.140710E+01, 1.606472E+00, 5.207526E+00, 9.631463E+00,-8.494627E+00, 9.059044E+01, 4.634248E+01, 3.320882E+01, 0.000000E+00,16, 1.661073E+01,0, 0.000000E+00,0, 0.000000E+00,10, 3.696012E+01, 4.941911E-01, 1.278009E+01,NULL,NULL,1,mc_qqps,54
-21042,1506,20228,12235,94C2, 9.125000E+01,38,17,55,38,17, 2.909615E+00, 1.239654E+01, 1.556557E+01, 6.492163E+01, 6.422568E+01, 1.690149E+00, 3.052351E+00, 1.294036E+01, 1.600473E+01, 8.119644E+01, 5.577976E+01, 9.338791E+00, 6.425232E+00,5, 6.647258E-02,10, 7.974258E-01,0, 0.000000E+00,2, 2.164886E+00, 5.148799E-01, 1.650006E+00,NULL,NULL,1,mc_qqps,54
-21042,1507,20228,12256,94C2, 9.125000E+01,34,10,44,34,10, 8.318254E+00,-8.857445E-01,-5.562315E+00, 7.130164E+01, 7.078307E+01, 2.081855E+00, 1.279166E+01, 8.784064E-02,-9.871664E+00, 9.602078E+01, 6.631937E+01, 7.950230E+00, 4.892196E+00,13, 1.774172E+00,1, 0.000000E+00,0, 0.000000E+00,6, 1.851968E+01, 9.904487E-01, 8.734489E+00,NULL,NULL,1,mc_qqps,54
-21042,1508,20228,12313,94C2, 9.125000E+01,32,17,49,32,17,-4.283147E+01, 2.610921E+01, 2.588190E+01, 1.003044E+02, 9.948180E+01, 3.108806E+00,-3.423908E+01, 1.885866E+01, 2.168026E+01, 1.491832E+02, 6.820291E+01, 4.578408E+01, 1.829112E+00,15, 5.126166E-01,1, 0.000000E+00,0, 0.000000E+00,12, 4.635306E+01, 3.190876E-01, 2.301423E+01,NULL,NULL,1,mc_qqps,54
-21042,1509,20228,12326,94C2, 9.125000E+01,48,21,69,48,21, 4.886732E+00,-2.903442E+01, 4.300543E+01, 8.686279E+01, 8.588568E+01, 1.789285E+00, 8.458450E+00,-3.403216E+01, 4.438315E+01, 1.138521E+02, 5.518030E+01, 2.517315E+01, 7.176164E-01,10, 0.000000E+00,7, 0.000000E+00,0, 0.000000E+00,7, 9.708011E+00, 5.950698E-01, 3.037292E+00,NULL,NULL,1,mc_qqps,54
-21042,1510,20228,12348,94C2, 9.125000E+01,17,14,31,17,14, 1.052801E+00, 1.251091E+00, 2.908587E+00, 5.383601E+01, 5.366573E+01, 3.156808E+00, 9.272002E+00, 1.048311E+01, 1.461467E+01, 8.553073E+01, 5.216074E+01, 3.065489E+01, 5.910581E-01,12, 1.707833E+01,0, 0.000000E+00,0, 0.000000E+00,9, 1.709035E+01, 3.824717E-01, 4.006419E+00,NULL,NULL,1,mc_qqps,54
-21042,1511,20228,12402,94C2, 9.125000E+01,32,14,46,32,14, 1.130632E+00, 1.089114E+00, 2.108760E+00, 7.187436E+01, 7.144306E+01, 2.232596E+00,-5.260151E+00, 4.379959E+00, 9.030779E-01, 8.711391E+01, 7.087126E+01, 6.709947E+00, 5.638036E+00,25, 1.415606E+01,0, 0.000000E+00,0, 0.000000E+00,10, 8.848785E+00, 3.357336E-01, 1.654741E+00,NULL,NULL,1,mc_qqps,54
-21042,1512,20228,12417,94C2, 9.125000E+01,28,17,45,28,17,-4.309667E+00, 4.565056E+00, 5.481331E-01, 5.461689E+01, 5.395072E+01, 1.926811E+00, 3.578963E+00, 1.067758E+01,-4.258642E+00, 9.282302E+01, 4.833485E+01, 2.287375E+01, 1.295931E+01,16, 1.304655E+00,0, 0.000000E+00,0, 0.000000E+00,14, 2.460314E+01, 3.541805E-01, 6.202725E+00,NULL,NULL,1,mc_qqps,54
-21042,1513,20228,12429,94C2, 9.125000E+01,25,15,40,25,15, 3.364667E-01, 3.993964E-02, 1.282266E+00, 6.390321E+01, 6.339922E+01, 2.535969E+00, 1.649270E+00, 7.048371E-01, 1.406878E-02, 8.472294E+01, 6.216096E+01, 1.580100E+01, 1.931353E+00,17, 2.295912E+01,0, 0.000000E+00,0, 0.000000E+00,12, 1.897057E+01, 3.136414E-01, 4.263800E+00,NULL,NULL,1,mc_qqps,54
-21042,1514,20228,12442,94C2, 9.125000E+01,20,25,45,20,25,-8.559346E+00,-3.501734E+00,-1.625346E+00, 2.399462E+01, 2.342844E+01, 1.171422E+00, 2.642679E-01, 2.516456E+00, 2.011481E+00, 8.368089E+01, 1.456709E+01, 3.951520E+01, 1.843993E+01,18, 0.000000E+00,1, 0.000000E+00,0, 0.000000E+00,18, 3.966436E+01, 3.960779E-01, 1.029804E+01,NULL,NULL,1,mc_qqps,54
-21042,1515,20228,12458,94C2, 9.125000E+01,26,10,36,26,10, 2.178726E+00,-1.098438E+01, 1.205055E+00, 4.387177E+01, 4.335671E+01, 1.667566E+00, 1.090472E+00, 8.181578E+00,-4.159705E+00, 8.321979E+01, 3.994375E+01, 3.769690E+01, 7.530458E-01,14, 7.996119E-01,0, 0.000000E+00,0, 0.000000E+00,7, 3.832822E+01, 7.308298E-01, 2.884919E+01,NULL,NULL,1,mc_qqps,54
-21042,1516,20228,12511,94C2, 9.125000E+01,31,14,45,31,14,-4.214160E+00,-1.912513E+00, 6.095777E+00, 8.843854E+01, 8.794475E+01, 2.836927E+00,-1.328591E+00,-1.973834E+00, 3.911548E+00, 1.219899E+02, 5.565228E+01, 1.837734E+01, 1.385605E+01,14, 5.955216E+00,0, 0.000000E+00,0, 0.000000E+00,10, 1.976949E+01, 3.312149E-01, 7.511650E+00,NULL,NULL,1,mc_qqps,54
-21042,1517,20228,12526,94C2, 9.125000E+01,29,13,42,29,13, 2.272915E+00, 2.305060E+00, 5.927267E+00, 8.015816E+01, 7.957583E+01, 2.743994E+00, 1.143795E+00, 1.148999E+00, 6.455993E+00, 9.825163E+01, 7.691114E+01, 9.719637E+00, 3.596559E+00,5, 3.123998E-02,11, 3.998018E+00,0, 0.000000E+00,3, 5.426123E+00, 6.488559E-01, 3.199106E+00,1, 0.000000E+00,1,mc_qqps,54
-21042,1518,20228,12539,94C2, 9.125000E+01,33,16,49,33,16,-1.331416E+00, 1.472007E+00, 3.756788E-01, 6.780285E+01, 6.710584E+01, 2.033510E+00, 1.806360E+00, 5.900083E+00, 5.097939E+00, 9.107243E+01, 6.420162E+01, 1.748606E+01, 3.450566E+00,20, 1.177186E+01,1, 0.000000E+00,0, 0.000000E+00,12, 1.934227E+01, 3.958037E-01, 6.986083E+00,NULL,NULL,1,mc_qqps,54
-21042,1519,20228,12553,94C2, 9.125000E+01,36,15,51,36,15,-4.185286E+00, 2.902331E+00, 1.073479E+01, 6.537359E+01, 6.477000E+01, 1.799167E+00,-4.868580E-01,-2.077692E+00,-3.633251E+00, 9.376986E+01, 6.036238E+01, 2.666873E+01, 0.000000E+00,15, 2.416922E+00,4, 0.000000E+00,0, 0.000000E+00,10, 1.043158E+01, 4.048069E-01, 2.392001E+00,NULL,NULL,1,mc_qqps,54
-21042,1520,20228,12612,94C2, 9.125000E+01,43,24,67,43,24,-8.140025E-01, 3.439992E+00,-2.655488E+01, 6.608011E+01, 6.516698E+01, 1.515511E+00,-1.761828E+00, 2.607671E+00,-1.873855E+01, 9.492503E+01, 4.427017E+01, 2.871795E+01, 1.269841E-01,3, 0.000000E+00,13, 8.056967E-01,0, 0.000000E+00,3, 9.110708E+00, 5.434000E-01, 6.361336E+00,4, 0.000000E+00,1,mc_qqps,54
-21042,1521,20228,12635,94C2, 9.125000E+01,18,12,30,18,12,-9.516763E+00,-4.595604E+00,-3.383674E+00, 7.653516E+01, 7.629973E+01, 4.238874E+00,-9.742437E+00,-5.096871E+00,-4.476295E+00, 9.872520E+01, 7.574850E+01, 1.881965E+01, 1.755000E-01,13, 1.367535E+01,0, 0.000000E+00,0, 0.000000E+00,10, 2.104977E+01, 5.327008E-01, 8.622130E+00,NULL,NULL,1,mc_qqps,54
-21042,1522,20228,12647,94C2, 9.125000E+01,27,19,46,27,19,-3.209701E+00,-2.892204E+00,-1.168670E+02, 1.564977E+02, 1.558045E+02, 5.770535E+00, 4.135852E+00,-3.638746E+00,-1.076347E+02, 1.831003E+02, 6.133031E+00, 2.336287E+01, 1.378825E+00,5, 0.000000E+00,16, 1.007160E+01,0, 0.000000E+00,5, 6.103995E+00, 6.774372E-01, 1.860851E+00,1, 0.000000E+00,0,mc_qqps,54
-21042,1523,20228,12705,94C2, 9.125000E+01,31,14,45,31,14, 7.473276E-01, 7.550854E+00,-3.341216E+01, 3.635174E+02, 3.630137E+02, 1.171012E+01,-1.693960E+00, 1.108361E+01,-3.895242E+01, 3.811159E+02, 1.882658E+02, 1.534704E+01, 9.622078E-01,5, 0.000000E+00,7, 0.000000E+00,0, 0.000000E+00,4, 3.994585E+00, 6.513590E-01, 1.289227E+00,NULL,NULL,1,mc_qqps,54
-21042,1524,20228,12718,94C2, 9.125000E+01,27,15,42,27,15, 3.865081E+00,-1.168289E+00,-6.372400E-02, 7.052620E+01, 7.015793E+01, 2.598442E+00,-2.331214E+00, 1.293052E-01, 1.384354E-01, 9.038633E+01, 6.846325E+01, 1.851510E+01, 6.954060E-01,14, 6.472967E+00,0, 0.000000E+00,0, 0.000000E+00,9, 1.537532E+01, 4.864538E-01, 6.728885E+00,NULL,NULL,1,mc_qqps,54
-21042,1525,20228,12734,94C2, 9.125000E+01,25,13,38,25,13, 1.179031E+01, 4.222569E+00, 1.590843E+01, 4.436791E+01, 4.399742E+01, 1.759897E+00, 2.028339E+01, 9.515489E+00, 2.478176E+01, 6.342255E+01, 3.808883E+01, 6.614887E+00, 1.133899E+01,5, 0.000000E+00,2, 0.000000E+00,0, 0.000000E+00,3, 3.814236E+00, 1.022549E+00, 1.669921E+00,NULL,NULL,1,mc_qqps,54
-21042,1526,20228,12748,94C2, 9.125000E+01,36,20,56,36,20, 5.643099E-01, 7.219654E-01,-4.987363E-01, 7.023414E+01, 6.931549E+01, 1.925430E+00,-4.421059E+00,-4.244530E-01, 4.492249E+00, 1.095156E+02, 6.168388E+01, 3.262675E+01, 3.016751E+00,18, 1.164993E+01,0, 0.000000E+00,0, 0.000000E+00,14, 2.474027E+01, 4.284128E-01, 3.638001E+00,NULL,NULL,1,mc_qqps,54
-21042,1527,20228,12805,94C2, 9.125000E+01,46,20,66,46,20, 3.106977E+00, 4.685313E+00,-5.491282E+00, 4.173935E+01, 4.006236E+01, 8.709208E-01, 5.919593E+00, 7.421098E+00,-9.597281E+00, 7.275168E+01, 2.854963E+01, 2.257588E+01, 3.746842E+00,19, 4.482585E-01,2, 0.000000E+00,0, 0.000000E+00,16, 2.479006E+01, 3.993124E-01, 6.424232E+00,NULL,NULL,1,mc_qqps,54
-21042,1528,20228,12824,94C2, 9.125000E+01,41,16,57,41,16,-1.886608E+01, 9.951292E+00,-6.326411E+00, 6.154819E+01, 6.076715E+01, 1.482126E+00,-1.115527E+01, 1.003884E+01,-3.821733E+00, 1.103241E+02, 4.951205E+01, 3.313354E+01, 1.325860E+01,20, 1.735671E+00,0, 0.000000E+00,0, 0.000000E+00,10, 3.514909E+01, 6.483853E-01, 2.517545E+01,NULL,NULL,1,mc_qqps,54
-21042,1529,20228,12843,94C2, 9.125000E+01,33,9,42,33,9,-2.774647E-01, 1.338829E+00,-1.860582E+00, 9.127387E+01, 9.080173E+01, 2.751568E+00, 3.640507E+00, 1.187994E+01,-9.598125E+00, 1.078455E+02, 8.108231E+01, 5.393248E+00, 0.000000E+00,10, 3.038553E+00,2, 0.000000E+00,0, 0.000000E+00,7, 1.512031E+01, 3.137306E-01, 9.095247E+00,NULL,NULL,1,mc_qqps,54
-21042,1530,20228,12858,94C2, 9.125000E+01,41,18,59,41,18, 1.062390E+00,-3.421168E+00,-6.809466E+00, 8.089735E+01, 8.006223E+01, 1.952737E+00,-6.034203E-01, 8.323053E+00, 5.059473E+00, 1.372852E+02, 6.050011E+01, 2.222977E+01, 2.613037E+01,14, 2.267712E+00,1, 0.000000E+00,0, 0.000000E+00,11, 2.341709E+01, 8.340216E-01, 3.683806E+00,1, 0.000000E+00,1,mc_qqps,54
-21042,1531,20228,12918,94C2, 9.125000E+01,20,19,39,20,19,-7.822890E-01, 4.952066E-01,-3.709896E-01, 2.533853E+01, 2.471630E+01, 1.235815E+00,-5.141474E+00, 4.685747E+00,-4.704572E+00, 8.924358E+01, 2.251806E+01, 4.168284E+01, 4.140422E+00,16, 1.004378E-01,0, 0.000000E+00,0, 0.000000E+00,14, 5.494546E+01, 6.654651E-01, 1.632327E+01,NULL,NULL,1,mc_qqps,54
-21042,1532,20228,12936,94C2, 9.125000E+01,35,27,62,35,27, 8.331463E-01,-3.650431E+00,-1.698089E+00, 6.296964E+01, 6.222826E+01, 1.777950E+00, 6.157122E-01,-2.251521E+01,-3.532828E-02, 1.006017E+02, 5.445928E+01, 2.902630E+01, 3.075236E+00,25, 6.434816E-01,0, 0.000000E+00,0, 0.000000E+00,20, 2.798157E+01, 4.357651E-01, 5.164507E+00,NULL,NULL,1,mc_qqps,54
-21042,1533,20228,12952,94C2, 9.125000E+01,18,8,26,18,8, 9.217569E-01, 4.102717E-01, 1.952791E-01, 5.669595E+01, 5.648702E+01, 3.138168E+00, 9.221579E+00, 5.330715E+00, 8.090746E+00, 9.335039E+01, 5.079172E+01, 1.177867E+01, 3.585831E+00,4, 1.438899E+01,1, 0.000000E+00,0, 0.000000E+00,2, 2.138041E+01, 7.031847E+00, 1.434857E+01,NULL,NULL,1,mc_qqps,54
-21042,1534,20228,13002,94C2, 9.125000E+01,26,14,40,26,14, 7.744938E-01,-9.470568E-01,-1.308125E-01, 7.409141E+01, 7.349126E+01, 2.826587E+00, 5.518250E+00, 1.725462E+00,-6.925912E+00, 8.912502E+01, 6.562267E+01, 1.225676E+01, 1.209336E+00,4, 0.000000E+00,12, 4.493791E+00,0, 0.000000E+00,4, 8.217294E+00, 1.368337E+00, 3.874593E+00,NULL,NULL,1,mc_qqps,54
-21042,1535,20228,13019,94C2, 9.125000E+01,27,6,33,27,6, 1.893153E+00,-2.604262E+00, 3.341208E+00, 9.417959E+01, 9.392728E+01, 3.478788E+00, 4.241603E+00,-4.068579E+00, 6.336622E+00, 1.039874E+02, 7.811174E+01, 6.087785E+00, 2.412658E+00,14, 6.774856E+00,0, 0.000000E+00,0, 0.000000E+00,4, 7.395156E+00, 6.867681E-01, 4.031988E+00,NULL,NULL,1,mc_qqps,54
-21042,1536,20228,13031,94C2, 9.125000E+01,32,10,42,32,10, 4.841776E+00, 1.257607E+01,-1.281205E+00, 6.698555E+01, 6.621498E+01, 2.069218E+00, 4.636638E+00, 1.294414E+01,-4.596703E-01, 7.778799E+01, 5.569944E+01, 5.217766E+00, 3.064904E-01,12, 9.529730E+00,0, 0.000000E+00,0, 0.000000E+00,8, 1.001434E+01, 3.455053E-01, 2.490408E+00,NULL,NULL,1,mc_qqps,54
-21042,1537,20228,13048,94C2, 9.125000E+01,36,12,48,36,12,-7.972096E-01, 1.238019E+01,-2.827025E+00, 7.321429E+01, 7.250887E+01, 2.014135E+00,-1.743509E+00, 4.952198E+00, 4.122196E-01, 8.523892E+01, 6.630675E+01, 8.766675E+00, 2.253116E+00,15, 9.282592E+00,0, 0.000000E+00,0, 0.000000E+00,7, 6.002329E+00, 4.639466E-01, 1.311808E+00,NULL,NULL,1,mc_qqps,54
-21042,1538,20228,13103,94C2, 9.125000E+01,26,15,41,26,15, 3.576898E-01,-2.943002E+00,-5.896419E-03, 5.267415E+01, 5.228823E+01, 2.011086E+00, 7.549948E-01,-9.560801E+00, 9.697757E+00, 8.638536E+01, 5.003721E+01, 2.556109E+01, 2.658257E+00,17, 7.826441E+00,1, 0.000000E+00,0, 0.000000E+00,9, 2.062856E+01, 5.856499E-01, 7.738840E+00,NULL,NULL,1,mc_qqps,54
-21042,1539,20228,13120,94C2, 9.125000E+01,31,10,41,31,10,-3.581151E+01, 7.500350E+00,-1.333680E+02, 1.980259E+02, 1.974742E+02, 6.370137E+00,-3.677771E+01, 8.122998E+00,-1.331491E+02, 2.063327E+02, 3.489828E+01, 6.512172E+00, 1.794612E+00,0, 0.000000E+00,13, 1.364488E+01,0, 0.000000E+00,NULL,NULL,NULL,NULL,NULL,NULL,1,mc_qqps,54
-21042,1540,20228,13132,94C2, 9.125000E+01,23,11,34,23,11,-2.333615E-01, 4.084062E+00,-1.757355E+00, 4.886456E+01, 4.828565E+01, 2.099376E+00,-3.202005E+00,-1.281918E+01, 6.630142E+00, 7.263899E+01, 4.555577E+01, 2.377443E+01, 0.000000E+00,14, 1.332971E+01,1, 0.000000E+00,0, 0.000000E+00,11, 2.377443E+01, 4.959181E-01, 6.627409E+00,NULL,NULL,1,mc_qqps,54
-21042,1541,20228,13145,94C2, 9.125000E+01,24,13,37,24,13, 1.854505E+00,-9.305085E+00, 5.365028E+00, 8.011824E+01, 7.976987E+01, 3.323745E+00, 2.993507E+00,-8.934261E+00, 4.629112E+00, 1.084226E+02, 6.250927E+01, 2.369509E+01, 0.000000E+00,19, 6.510723E+00,0, 0.000000E+00,0, 0.000000E+00,12, 2.039196E+01, 5.110203E-01, 6.764300E+00,NULL,NULL,1,mc_qqps,54
-21042,1542,20228,13158,94C2, 9.125000E+01,33,12,45,33,12, 2.316691E+00, 5.103621E+00, 2.427483E+00, 5.738874E+01, 5.685198E+01, 1.722787E+00,-2.935954E+00,-3.203578E-01,-8.231569E+00, 8.316445E+01, 5.199834E+01, 2.449721E+01, 1.278499E+00,0, 0.000000E+00,13, 3.138072E+00,0, 0.000000E+00,NULL,NULL,NULL,NULL,NULL,NULL,1,mc_qqps,54
-21042,1543,20228,13216,94C2, 9.125000E+01,21,11,32,21,11,-2.504234E-01, 1.125460E+01, 5.967647E+00, 6.710439E+01, 6.650117E+01, 3.166723E+00,-7.472662E-01,-9.602642E-01,-5.171320E-01, 9.340336E+01, 6.510562E+01, 2.629897E+01, 0.000000E+00,16, 5.295116E+00,0, 0.000000E+00,0, 0.000000E+00,10, 2.369583E+01, 5.622271E-01, 6.074356E+00,NULL,NULL,1,mc_qqps,54
-21042,1544,20228,13227,94C2, 9.125000E+01,19,8,27,19,8,-8.578658E+00, 9.504277E+00,-8.242537E+00, 4.355882E+01, 4.338177E+01, 2.283251E+00,-1.675348E-01,-1.465803E+00, 2.861466E+00, 8.018540E+01, 4.376464E+01, 3.038367E+01, 6.242905E+00,7, 1.279409E+01,1, 0.000000E+00,0, 0.000000E+00,4, 2.773094E+01, 2.023293E+00, 1.454798E+01,1, 0.000000E+00,1,mc_qqps,54
-21042,1545,20228,13240,94C2, 9.125000E+01,39,14,53,39,14, 1.631706E+00, 1.093388E+00,-5.177559E-01, 5.475846E+01, 5.378568E+01, 1.379120E+00, 8.857225E-01,-3.329396E-01,-3.302976E+00, 7.942690E+01, 4.257920E+01, 1.144177E+01, 1.381773E+01,5, 0.000000E+00,11, 7.153348E+00,0, 0.000000E+00,3, 2.729322E+00, 4.703178E-01, 1.203615E+00,1, 0.000000E+00,1,mc_qqps,54
-21042,1546,20228,13300,94C2, 9.125000E+01,21,18,39,21,18, 5.901792E+00, 5.723170E+00,-2.874012E+00, 5.097458E+01, 5.073902E+01, 2.416144E+00, 9.565692E+00, 9.853961E+00,-5.781049E+00, 1.109363E+02, 4.095017E+01, 4.761676E+01, 0.000000E+00,22, 1.328681E+00,0, 0.000000E+00,0, 0.000000E+00,17, 5.890222E+01, 7.242912E-01, 1.130996E+01,NULL,NULL,1,mc_qqps,54
-21042,1547,20228,13311,94C2, 9.125000E+01,24,15,39,24,15,-1.627738E+00,-2.816292E+00,-2.981320E+00, 6.224660E+01, 6.167467E+01, 2.569778E+00,-2.640423E+00,-3.366413E+00,-2.498500E+00, 8.334601E+01, 5.874937E+01, 1.529986E+01, 1.666111E+00,16, 1.320717E+01,0, 0.000000E+00,0, 0.000000E+00,10, 1.537498E+01, 6.880611E-01, 3.445375E+00,NULL,NULL,1,mc_qqps,54
-21042,1548,20228,13324,94C2, 9.125000E+01,55,11,66,55,11, 1.448407E+01, 7.157427E-01,-3.793494E+01, 8.576768E+01, 8.459649E+01, 1.538118E+00, 8.538963E+00, 1.754815E-01,-2.248940E+01, 1.217661E+02, 4.459152E+01, 2.507305E+01, 1.092706E+01,2, 0.000000E+00,11, 8.043936E-01,0, 0.000000E+00,NULL,NULL,NULL,NULL,NULL,NULL,1,mc_qqps,54
-21042,1549,20228,13341,94C2, 9.125000E+01,31,10,41,31,10,-3.514136E+00,-2.796701E+00,-7.058726E+00, 7.369915E+01, 7.334353E+01, 2.365920E+00,-3.305081E+00,-9.322290E+00,-7.826163E+00, 9.037991E+01, 6.343371E+01, 1.065208E+01, 6.156045E+00,6, 1.801845E+00,5, 4.271316E-01,0, 0.000000E+00,3, 3.027195E+00, 4.984526E-01, 1.846128E+00,1, 0.000000E+00,1,mc_qqps,54
-21042,1550,20228,13357,94C2, 9.125000E+01,16,9,25,16,9,-4.172365E-01, 1.080616E+00, 5.740458E-01, 7.567358E+01, 7.543867E+01, 4.714917E+00, 1.761912E+00, 4.389134E-01, 2.446473E+00, 9.404437E+01, 7.495945E+01, 1.628696E+01, 7.594620E-01,10, 7.564212E+00,0, 0.000000E+00,0, 0.000000E+00,7, 1.740096E+01, 4.558699E-01, 8.190994E+00,NULL,NULL,1,mc_qqps,54
-21042,1551,20228,13407,94C2, 9.125000E+01,37,14,51,37,14,-9.331222E+00, 2.536016E+00, 6.965946E+00, 7.245460E+01, 7.165495E+01, 1.936620E+00,-6.853899E+00,-2.026643E-01, 7.320383E+00, 9.282587E+01, 6.614268E+01, 1.523606E+01, 5.176531E+00,11, 8.130504E-01,4, 0.000000E+00,0, 0.000000E+00,7, 8.666871E+00, 4.509857E-01, 2.681134E+00,NULL,NULL,1,mc_qqps,54
-21042,1552,20228,13426,94C2, 9.125000E+01,42,19,61,42,19,-1.730349E+01,-7.739043E+00, 3.711839E+01, 8.323547E+01, 8.235561E+01, 1.960848E+00,-9.295589E+00,-1.843530E+00, 2.271914E+01, 1.147420E+02, 6.449871E+01, 2.816098E+01, 3.345587E+00,0, 0.000000E+00,17, 1.749478E+00,0, 0.000000E+00,NULL,NULL,NULL,NULL,1, 0.000000E+00,1,mc_qqps,54
-21042,1553,20228,13442,94C2, 9.125000E+01,51,15,66,51,15,-4.094535E+00,-2.499510E+00, 8.350641E-02, 7.810071E+01, 7.672446E+01, 1.504401E+00,-3.724095E+00,-1.039934E+00, 3.549585E+00, 9.340916E+01, 7.164261E+01, 8.456403E+00, 4.376687E+00,9, 3.057872E-01,1, 0.000000E+00,0, 0.000000E+00,5, 7.223097E+00, 4.966435E-01, 2.212677E+00,1, 0.000000E+00,1,mc_qqps,54
-21042,1554,20228,13458,94C2, 9.125000E+01,29,16,45,29,16, 3.544272E+00, 8.374726E-01,-1.854749E+01, 9.685578E+01, 9.650568E+01, 3.327782E+00, 2.532942E+00, 1.884585E+00,-1.322513E+01, 1.172568E+02, 1.699663E+01, 1.035454E+01, 1.004644E+01,1, 0.000000E+00,18, 5.744964E+00,0, 0.000000E+00,NULL,NULL,NULL,NULL,1, 0.000000E+00,1,mc_qqps,54
-21042,1555,20228,13513,94C2, 9.125000E+01,32,10,42,32,10,-2.576618E+00,-2.880899E+00, 2.639138E+00, 6.896304E+01, 6.830483E+01, 2.134526E+00, 1.274553E+00,-4.798557E+00,-3.161853E+00, 1.113540E+02, 6.569302E+01, 7.421844E+00, 3.465915E+01,7, 2.115358E+00,1, 0.000000E+00,0, 0.000000E+00,5, 7.268494E+00, 4.177624E-01, 3.085339E+00,NULL,NULL,1,mc_qqps,54
-21042,1556,20228,13529,94C2, 9.125000E+01,24,10,34,24,10, 7.531757E+00, 1.103567E+01, 2.986191E+01, 7.967895E+01, 7.935462E+01, 3.306442E+00,-2.922422E-02, 5.397014E+00, 1.373512E+01, 1.036426E+02, 4.235990E+01, 2.306309E+01, 9.005578E-01,4, 3.167732E+00,9, 3.529655E+00,0, 0.000000E+00,3, 3.595344E+00, 7.242560E-01, 2.007693E+00,NULL,NULL,1,mc_qqps,54
-21042,1557,20228,13545,94C2, 9.125000E+01,29,10,39,29,10, 1.437981E-01,-7.296490E+00, 1.875410E+01, 4.833567E+01, 4.771726E+01, 1.645423E+00, 1.280053E+00,-6.301435E+00, 3.749419E+00, 7.060011E+01, 4.040088E+01, 1.914977E+01, 1.895887E+00,5, 0.000000E+00,4, 0.000000E+00,0, 0.000000E+00,2, 2.996849E+00, 1.355443E+00, 1.641407E+00,3, 0.000000E+00,1,mc_qqps,54
-21042,1558,20228,13616,94C2, 9.125000E+01,25,14,39,25,14, 5.803365E+00, 1.130240E+01, 3.778217E+00, 3.627935E+01, 3.560542E+01, 1.424217E+00,-5.566331E+00,-2.832459E+00,-1.531114E+00, 9.876324E+01, 3.102303E+01, 4.302206E+01, 1.758155E+01,13, 2.385798E-01,0, 0.000000E+00,0, 0.000000E+00,9, 4.326928E+01, 5.377756E-01, 2.919321E+01,NULL,NULL,1,mc_qqps,54
-21042,1559,20228,13630,94C2, 9.125000E+01,25,10,35,25,10,-6.780174E+00, 8.188297E-01, 5.465235E+00, 2.868037E+01, 2.814759E+01, 1.125904E+00, 3.810353E+00,-1.201133E+00,-1.957181E+00, 8.440005E+01, 2.153152E+01, 4.607467E+01, 9.645378E+00,7, 4.515333E+00,1, 0.000000E+00,0, 0.000000E+00,5, 4.042921E+01, 8.191162E-01, 2.537476E+01,NULL,NULL,1,mc_qqps,54
-21042,1560,20228,13643,94C2, 9.125000E+01,42,12,54,42,12, 6.970836E+00,-6.218584E+00,-1.026706E+01, 3.382476E+01, 3.226604E+01, 7.682390E-01,-1.670049E+00, 2.006082E+00, 2.660153E+00, 8.830926E+01, 2.568506E+01, 5.448450E+01, 0.000000E+00,1, 0.000000E+00,9, 0.000000E+00,0, 0.000000E+00,1, 1.550611E+01, 1.550611E+01, 1.550611E+01,NULL,NULL,1,mc_qqps,54
-21042,1561,20228,13701,94C2, 9.125000E+01,22,19,41,22,19,-3.248571E+01,-3.285128E+01,-1.800528E+02, 2.081083E+02, 2.078031E+02, 9.445595E+00,-2.988824E+01,-2.660450E+01,-1.545136E+02, 2.428526E+02, 1.072150E+01, 1.579117E+01, 1.856705E+01,2, 0.000000E+00,19, 1.574267E+01,0, 0.000000E+00,2, 1.252235E+00, 4.641554E-01, 7.880797E-01,1, 0.000000E+00,0,mc_qqps,54
-21042,1562,20228,13721,94C2, 9.125000E+01,22,15,37,22,15,-1.981841E+00,-2.538566E+00,-1.489878E+01, 2.624532E+01, 2.568866E+01, 1.167666E+00,-1.145414E+00,-3.213710E+00,-1.608401E+01, 4.318617E+01, 2.347346E+01, 1.459312E+01, 6.594033E-01,2, 0.000000E+00,8, 0.000000E+00,0, 0.000000E+00,1, 1.688330E+00, 1.688330E+00, 1.688330E+00,5, 0.000000E+00,1,mc_qqps,54
-21042,1563,20228,13744,94C2, 9.125000E+01,11,7,18,11,7,-5.571113E+00,-5.629093E+00, 8.887713E-01, 5.581012E+01, 5.574319E+01, 5.067563E+00,-1.087201E+01,-7.452983E+00, 2.322133E+00, 1.046530E+02, 5.368677E+01, 4.201574E+01, 6.849277E+00,8, 1.969604E+00,0, 0.000000E+00,0, 0.000000E+00,4, 2.325251E+01, 8.456053E-01, 1.957104E+01,NULL,NULL,1,mc_qqps,54
-21042,1564,20228,13754,94C2, 9.125000E+01,25,22,47,25,22, 2.669333E+00,-1.867197E+00, 2.684884E+00, 4.034151E+01, 3.995079E+01, 1.598032E+00,-9.873233E+00,-3.559636E+00,-3.270514E+00, 7.851173E+01, 3.418705E+01, 3.124385E+01, 3.626317E+00,22, 4.276745E+00,1, 0.000000E+00,0, 0.000000E+00,17, 3.281380E+01, 5.924874E-01, 6.892026E+00,NULL,NULL,1,mc_qqps,54
-21042,1565,20228,13806,94C2, 9.125000E+01,37,25,62,37,25, 3.209849E+00,-5.865245E+01,-4.443871E+01, 1.642214E+02, 1.635407E+02, 4.420018E+00, 3.354972E+00,-4.977217E+01,-3.856742E+01, 2.114296E+02, 5.827313E+01, 2.711847E+01, 1.569850E+01,26, 3.958511E+00,1, 0.000000E+00,0, 0.000000E+00,17, 2.671875E+01, 8.126282E-01, 4.080326E+00,NULL,NULL,1,mc_qqps,54
-21042,1566,20228,13819,94C2, 9.125000E+01,27,14,41,27,14,-2.822666E+01,-9.198906E-01, 5.922861E+00, 4.821349E+01, 4.768832E+01, 1.766234E+00,-2.590924E+01,-4.071897E-01, 7.986387E-01, 7.798866E+01, 3.686352E+01, 6.300875E+00, 1.478286E+01,13, 7.408164E+00,0, 0.000000E+00,0, 0.000000E+00,5, 1.470452E+01, 1.108628E+00, 7.033453E+00,1, 0.000000E+00,1,mc_qqps,54
-21042,1567,20228,13831,94C2, 9.125000E+01,24,18,42,24,18,-1.389552E+01,-8.580018E+00, 1.509828E+01, 5.078902E+01, 5.038459E+01, 2.099358E+00,-3.367268E+00,-5.401906E+00, 5.672775E+00, 9.545649E+01, 4.239881E+01, 1.507622E+01, 2.088539E+01,15, 2.102970E+01,3, 0.000000E+00,0, 0.000000E+00,11, 1.986158E+01, 5.069282E-01, 7.710850E+00,NULL,NULL,1,mc_qqps,54
-21042,1568,20228,13844,94C2, 9.125000E+01,22,15,37,22,15, 2.368232E+00,-3.838118E+00,-4.409723E+00, 6.532765E+01, 6.515993E+01, 2.961815E+00, 3.190242E+00,-3.883224E+00,-5.699625E+00, 8.770519E+01, 6.456310E+01, 1.886987E+01, 0.000000E+00,17, 6.953093E+00,3, 0.000000E+00,0, 0.000000E+00,13, 1.997744E+01, 3.865705E-01, 3.641983E+00,NULL,NULL,1,mc_qqps,54
-21042,1569,20228,13900,94C2, 9.125000E+01,39,16,55,39,16, 4.440825E+00, 1.528684E+00, 4.291751E+00, 6.619758E+01, 6.532283E+01, 1.674944E+00, 2.227271E+00, 1.141726E+00, 3.475389E+00, 8.428198E+01, 5.827824E+01, 1.434321E+01, 9.513420E-01,14, 0.000000E+00,2, 0.000000E+00,0, 0.000000E+00,10, 1.398465E+01, 4.003703E-01, 2.419025E+00,NULL,NULL,1,mc_qqps,54
-21042,1570,20228,13917,94C2, 9.125000E+01,19,12,31,19,12,-7.778976E+01,-2.808254E+01,-5.718584E+01, 1.529970E+02, 1.527043E+02, 8.037069E+00,-7.509817E+01,-2.657099E+01,-5.320897E+01, 1.690025E+02, 4.634803E+01, 1.056565E+01, 3.226514E+00,14, 5.393095E+00,1, 0.000000E+00,0, 0.000000E+00,7, 1.204898E+01, 7.168844E-01, 5.318450E+00,1, 0.000000E+00,1,mc_qqps,54
-21042,1571,20228,13928,94C2, 9.125000E+01,19,12,31,19,12,-8.929152E+00,-1.293401E+01, 2.658222E-01, 4.000736E+01, 3.982370E+01, 2.095984E+00, 1.698173E+00, 1.530286E+01,-9.015903E+00, 8.699412E+01, 4.002448E+01, 4.170252E+01, 5.315011E+00,16, 1.355230E+01,0, 0.000000E+00,0, 0.000000E+00,9, 3.972989E+01, 6.958718E-01, 1.813068E+01,NULL,NULL,1,mc_qqps,54
-21042,1572,20228,13940,94C2, 9.125000E+01,34,16,50,34,16, 5.373725E+00, 8.481595E+00, 3.635968E+00, 5.576299E+01, 5.492598E+01, 1.615470E+00,-2.935776E-01,-2.777008E-01,-2.395249E+00, 8.348994E+01, 5.129120E+01, 2.699013E+01, 2.674616E-01,20, 8.066985E+00,0, 0.000000E+00,0, 0.000000E+00,15, 2.745948E+01, 4.693478E-01, 6.352874E+00,NULL,NULL,1,mc_qqps,54
-21042,1573,20228,13958,94C2, 9.125000E+01,31,10,41,31,10, 1.857611E+00,-1.958125E+00,-1.916128E+00, 5.697040E+01, 5.655650E+01, 1.824403E+00,-6.645135E-01, 6.171297E-01, 2.141273E-01, 7.347691E+01, 5.474993E+01, 7.784997E+00, 1.941560E+00,12, 3.094059E+00,0, 0.000000E+00,0, 0.000000E+00,7, 1.314005E+01, 4.453174E-01, 2.714453E+00,NULL,NULL,1,mc_qqps,54
-21042,1574,20228,14012,94C2, 9.125000E+01,31,13,44,31,13,-9.033108E+00, 2.034912E+01, 2.858295E+00, 8.744869E+01, 8.702284E+01, 2.807189E+00,-4.531686E+00, 7.906803E+00,-1.245009E-01, 1.142988E+02, 8.447691E+01, 1.772064E+01, 7.437063E-01,15, 2.442630E+00,0, 0.000000E+00,0, 0.000000E+00,10, 2.518578E+01, 4.948835E-01, 8.385729E+00,NULL,NULL,1,mc_qqps,54
-21042,1575,20228,14025,94C2, 9.125000E+01,36,12,48,36,12,-3.851079E+00, 1.461909E+00,-8.717404E-01, 4.707343E+01, 4.585105E+01, 1.273640E+00, 2.167055E+00,-2.337296E+00, 2.090084E+00, 7.181927E+01, 3.583548E+01, 1.882244E+01, 4.143520E-01,17, 6.342151E+00,0, 0.000000E+00,0, 0.000000E+00,10, 2.313870E+01, 3.830147E-01, 5.929843E+00,NULL,NULL,1,mc_qqps,54
-21042,1576,20228,14110,94C2, 9.125000E+01,25,9,34,25,9, 1.000896E+01, 3.408314E+00, 4.148438E-01, 4.545642E+01, 4.489428E+01, 1.795771E+00, 1.447122E+01, 5.520862E+00,-1.788050E+00, 6.242323E+01, 4.332833E+01, 1.378696E+01, 3.179839E+00,15, 2.455580E+00,0, 0.000000E+00,0, 0.000000E+00,8, 1.378696E+01, 4.840147E-01, 4.463061E+00,NULL,NULL,1,mc_qqps,54
-21042,1577,20228,14123,94C2, 9.125000E+01,28,15,43,28,15, 8.495653E+00, 4.738601E+00, 5.449458E+00, 6.189439E+01, 6.147635E+01, 2.195584E+00, 9.274520E-01,-2.537868E+00,-2.579681E+00, 9.075713E+01, 6.001951E+01, 2.437527E+01, 3.944637E-01,16, 8.930511E+00,1, 0.000000E+00,0, 0.000000E+00,13, 2.792752E+01, 5.911907E-01, 8.620970E+00,NULL,NULL,1,mc_qqps,54
-21042,1578,20228,14138,94C2, 9.125000E+01,24,8,32,24,8, 9.561310E+00,-1.035387E+01,-1.525246E+01, 7.694053E+01, 7.668613E+01, 3.195256E+00, 2.446744E+00, 1.218257E-01,-9.664392E-01, 1.056078E+02, 5.622753E+01, 1.525683E+01, 1.341047E+01,5, 0.000000E+00,3, 0.000000E+00,0, 0.000000E+00,3, 1.291456E+01, 5.754034E-01, 9.687392E+00,NULL,NULL,1,mc_qqps,54
-21042,1579,20228,14154,94C2, 9.125000E+01,43,17,60,43,17, 5.802345E+00, 3.252129E+00, 2.917408E-01, 6.301637E+01, 6.189835E+01, 1.439496E+00, 1.143504E+01, 4.241620E+00, 8.269763E-01, 9.407243E+01, 4.246460E+01, 2.617316E+01, 3.136896E+00,18, 7.543911E+00,0, 0.000000E+00,0, 0.000000E+00,13, 2.654274E+01, 4.418288E-01, 9.875525E+00,NULL,NULL,1,mc_qqps,54
-21042,1580,20228,14210,94C2, 9.125000E+01,37,12,49,37,12,-2.579850E+00,-1.045903E+01, 6.361438E+00, 6.174981E+01, 6.089443E+01, 1.645795E+00,-3.598658E+00,-1.083860E+01, 4.567275E+00, 1.030639E+02, 4.987310E+01, 3.531636E+01, 0.000000E+00,14, 3.585255E+00,0, 0.000000E+00,0, 0.000000E+00,11, 4.038001E+01, 5.194370E-01, 1.014505E+01,NULL,NULL,1,mc_qqps,54
-21042,1581,20228,14227,94C2, 9.125000E+01,19,11,30,19,11,-1.076106E+00,-1.787499E+00, 3.817444E+00, 7.373497E+01, 7.318329E+01, 3.851752E+00,-1.591247E-01,-1.405486E+00, 1.861388E+00, 9.201171E+01, 7.154568E+01, 1.225139E+01, 1.170482E-01,11, 2.621896E-01,0, 0.000000E+00,0, 0.000000E+00,10, 1.815968E+01, 5.635305E-01, 4.050752E+00,NULL,NULL,1,mc_qqps,54
-21042,1582,20228,14243,94C2, 9.125000E+01,36,11,47,36,11,-1.917299E+01,-8.745390E+00,-4.157101E+00, 6.545867E+01, 6.473905E+01, 1.798307E+00,-9.464787E+00, 3.670311E-02,-1.560194E+00, 8.705490E+01, 6.308310E+01, 9.919574E+00, 1.086074E+01,18, 4.635034E+00,1, 0.000000E+00,0, 0.000000E+00,6, 9.003335E+00, 7.368307E-01, 3.092471E+00,NULL,NULL,1,mc_qqps,54
-21042,1583,20228,14258,94C2, 9.125000E+01,19,10,29,19,10,-4.086820E+00,-6.102800E-02, 9.416418E+00, 7.381639E+01, 7.354865E+01, 3.870981E+00,-2.805734E+00,-1.102330E+01, 2.395080E+01, 1.061597E+02, 5.869917E+01, 2.915661E+01, 2.732929E+00,8, 3.814891E-01,1, 0.000000E+00,0, 0.000000E+00,5, 6.400656E+00, 4.538149E-01, 2.642084E+00,NULL,NULL,1,mc_qqps,54
-21042,1584,20228,14316,94C2, 9.125000E+01,28,9,37,28,9,-9.844349E-01,-3.490741E+00, 1.372713E+00, 7.917950E+01, 7.878526E+01, 2.813759E+00,-5.179529E+00,-2.398790E+00, 9.769052E-01, 9.415218E+01, 7.074903E+01, 1.320880E+01, 1.763877E+00,10, 1.582932E+00,1, 0.000000E+00,0, 0.000000E+00,5, 1.291693E+01, 1.064685E+00, 5.147562E+00,NULL,NULL,1,mc_qqps,54
-21042,1585,20228,14329,94C2, 9.125000E+01,26,15,41,26,15,-1.609093E+01,-4.107631E+00,-2.579552E+00, 4.768593E+01, 4.726257E+01, 1.817791E+00,-9.550456E+00,-2.911330E+00,-3.244931E-01, 8.123000E+01, 4.554766E+01, 2.763435E+01, 5.938384E+00,15, 5.275698E+00,0, 0.000000E+00,0, 0.000000E+00,10, 2.715904E+01, 6.204435E-01, 7.117325E+00,NULL,NULL,1,mc_qqps,54
-21042,1586,20228,14341,94C2, 9.125000E+01,29,9,38,29,9,-1.258527E+01,-7.022241E+00, 5.610933E+00, 6.502602E+01, 6.450383E+01, 2.224270E+00, 5.420988E+00, 2.263647E+00,-9.632632E+00, 9.468427E+01, 5.449591E+01, 4.357825E+00, 2.209228E+01,12, 2.795587E+00,0, 0.000000E+00,0, 0.000000E+00,7, 7.565956E+00, 4.790499E-01, 2.302128E+00,NULL,NULL,1,mc_qqps,54
-21042,1587,20228,14354,94C2, 9.125000E+01,22,13,35,22,13,-8.469718E-01, 1.732083E+00,-2.296734E-01, 6.431392E+01, 6.392915E+01, 2.905870E+00, 9.354019E+00, 4.616522E+00,-1.387643E+01, 8.707870E+01, 5.996942E+01, 9.535933E+00, 1.095175E+01,5, 0.000000E+00,4, 0.000000E+00,0, 0.000000E+00,5, 1.074847E+01, 9.918634E-01, 3.873504E+00,NULL,NULL,1,mc_qqps,54
-21042,1588,20228,14405,94C2, 9.125000E+01,12,9,21,12,9,-5.903355E+00,-4.492440E+00,-5.351063E+00, 6.846985E+01, 6.826945E+01, 5.689121E+00,-8.641160E+00,-1.186245E+01,-1.023455E+01, 1.062816E+02, 6.814352E+01, 1.851659E+01, 1.853586E+01,10, 2.930583E+00,0, 0.000000E+00,0, 0.000000E+00,8, 1.927588E+01, 6.435522E-01, 1.053788E+01,NULL,NULL,1,mc_qqps,54
-21042,1589,20228,14418,94C2, 9.125000E+01,14,5,19,14,5, 7.393126E+00,-2.405561E+01, 9.169446E+00, 6.104794E+01, 6.078471E+01, 4.341765E+00, 9.989939E-01,-3.426466E+00, 5.338209E-01, 8.976862E+01, 6.002196E+01, 2.582928E+01, 3.305121E+00,4, 1.069890E+00,0, 0.000000E+00,0, 0.000000E+00,2, 2.582928E+01, 1.187271E+00, 2.464201E+01,NULL,NULL,1,mc_qqps,54
-21042,1590,20228,14430,94C2, 9.125000E+01,29,23,52,29,23,-1.492255E+01,-5.987524E+00,-2.412989E+00, 4.023404E+01, 3.953858E+01, 1.363399E+00,-8.538410E+00,-2.204360E+00,-7.724274E+00, 9.491036E+01, 3.638700E+01, 3.329459E+01, 1.815607E+01,23, 1.164638E+00,1, 0.000000E+00,0, 0.000000E+00,19, 3.569874E+01, 3.683748E-01, 7.553055E+00,NULL,NULL,1,mc_qqps,54
-21042,1591,20228,14445,94C2, 9.125000E+01,56,14,70,56,14,-8.591699E+00,-5.801649E+00,-7.689710E-02, 6.445133E+01, 6.173354E+01, 1.102385E+00, 3.472698E+00, 3.611584E+00, 2.612577E-01, 8.503739E+01, 5.529878E+01, 1.789273E+01, 9.875734E-01,15, 8.945502E-01,0, 0.000000E+00,0, 0.000000E+00,12, 1.923335E+01, 4.472055E-01, 4.958442E+00,NULL,NULL,1,mc_qqps,54
-21042,1592,20228,14457,94C2, 9.125000E+01,16,5,21,16,5,-2.066102E+00, 1.816674E+00, 1.572021E+00, 7.153917E+01, 7.123743E+01, 4.452339E+00,-2.012792E+00, 1.699566E+00, 1.600629E+00, 7.509691E+01, 6.960042E+01, 3.557746E+00, 0.000000E+00,2, 0.000000E+00,8, 9.128116E-01,0, 0.000000E+00,1, 4.910313E-01, 4.910313E-01, 4.910313E-01,NULL,NULL,1,mc_qqps,54
-21042,1593,20228,14507,94C2, 9.125000E+01,30,17,47,30,17,-7.698967E-01,-1.492405E+00,-9.175394E-01, 6.603317E+01, 6.524984E+01, 2.174995E+00,-1.220440E+00,-1.566901E+00,-1.144447E+00, 8.573235E+01, 5.754914E+01, 1.473349E+01, 3.183338E+00,16, 8.676269E+00,1, 0.000000E+00,0, 0.000000E+00,13, 1.624193E+01, 4.800142E-01, 2.226902E+00,NULL,NULL,1,mc_qqps,54
-21042,1594,20228,14523,94C2, 9.125000E+01,34,13,47,34,13,-6.621078E+00,-9.585367E-01,-2.337872E+00, 7.516951E+01, 7.471740E+01, 2.197571E+00, 3.853024E+00, 1.591816E+00,-7.048165E-01, 1.017331E+02, 7.022765E+01, 2.252403E+01, 1.462644E+00,20, 5.035855E+00,0, 0.000000E+00,0, 0.000000E+00,8, 1.688207E+01, 5.976726E-01, 6.417633E+00,NULL,NULL,1,mc_qqps,54
-21042,1595,20228,14539,94C2, 9.125000E+01,42,17,59,42,17, 1.914110E+01,-1.846048E+01,-2.752066E+00, 5.294130E+01, 5.203268E+01, 1.238873E+00, 1.715553E+01,-1.357587E+01,-2.461922E+00, 9.012498E+01, 4.074194E+01, 1.645741E+01, 7.476957E+00,15, 1.742618E+00,0, 0.000000E+00,0, 0.000000E+00,12, 2.785156E+01, 5.105062E-01, 1.124350E+01,NULL,NULL,1,mc_qqps,54
-21042,1596,20228,14555,94C2, 9.125000E+01,39,19,58,39,19,-1.591068E+00, 2.109684E+00, 1.123483E+00, 5.074744E+01, 4.956232E+01, 1.270829E+00, 1.272853E+00,-6.794932E+00, 2.986929E+00, 1.092270E+02, 4.585315E+01, 4.639339E+01, 1.215719E+01,20, 4.221532E+00,0, 0.000000E+00,0, 0.000000E+00,12, 4.324915E+01, 9.173621E-01, 1.317764E+01,NULL,NULL,1,mc_qqps,54
-21042,1598,20228,14615,94C2, 9.125000E+01,46,14,60,46,14,-5.799299E+00, 2.139273E+00, 1.238282E+01, 6.692168E+01, 6.601647E+01, 1.435141E+00,-1.289812E+00, 4.235300E+00, 6.169121E+00, 9.652023E+01, 6.253246E+01, 1.448653E+01, 1.172532E+01,10, 1.257387E-01,1, 0.000000E+00,0, 0.000000E+00,8, 1.603212E+01, 7.667965E-01, 3.503565E+00,NULL,NULL,1,mc_qqps,54
-21042,1599,20228,14634,94C2, 9.125000E+01,13,13,26,13,13, 5.231116E-01,-9.983277E+00,-2.404329E+01, 6.408318E+01, 6.387358E+01, 4.913352E+00,-5.538254E-01,-4.231110E+00,-1.041607E+01, 8.496789E+01, 5.933463E+01, 2.088472E+01, 0.000000E+00,1, 0.000000E+00,17, 1.920276E+01,0, 0.000000E+00,1, 4.926299E-01, 4.926299E-01, 4.926299E-01,NULL,NULL,1,mc_qqps,54
-21042,1600,20228,14642,94C2, 9.125000E+01,24,14,38,24,14, 1.029190E+01,-2.936849E+00, 1.201795E+00, 4.592375E+01, 4.548097E+01, 1.895040E+00, 1.393681E+01,-5.476686E+00,-9.102923E-01, 1.020637E+02, 4.366469E+01, 2.843204E+01, 2.770794E+01,15, 1.200472E+01,1, 0.000000E+00,0, 0.000000E+00,7, 2.754233E+01, 7.028102E-01, 1.646371E+01,NULL,NULL,1,mc_qqps,54
-21042,1601,20228,14655,94C2, 9.125000E+01,18,8,26,18,8, 6.969491E+00,-1.774137E+01, 3.967429E+00, 6.362016E+01, 6.321971E+01, 3.512206E+00, 4.560059E+00,-1.413982E+01, 2.334714E+00, 7.569512E+01, 6.264727E+01, 4.595837E+00, 1.370388E+00,13, 1.203714E+01,0, 0.000000E+00,0, 0.000000E+00,7, 1.070459E+01, 6.447406E-01, 4.956678E+00,NULL,NULL,1,mc_qqps,54
-21042,1602,20228,14709,94C2, 9.125000E+01,24,15,39,24,15,-1.565293E+01,-1.550976E+01, 1.438057E+01, 3.735032E+01, 3.679547E+01, 1.533145E+00,-1.514349E+01,-1.791712E+01, 1.534729E+01, 6.830325E+01, 3.459342E+01, 1.935185E+01, 8.875353E+00,15, 6.849878E+00,0, 0.000000E+00,0, 0.000000E+00,11, 2.153653E+01, 7.393126E-01, 5.006306E+00,NULL,NULL,1,mc_qqps,54
-21042,1603,20228,14721,94C2, 9.125000E+01,37,21,58,37,21,-2.688362E+00,-1.400276E+00,-2.141452E+00, 6.979234E+01, 6.926585E+01, 1.872050E+00, 4.824342E+00, 5.197714E+00, 6.418199E+00, 1.052679E+02, 6.176839E+01, 2.175425E+01, 6.980381E+00,21, 1.117755E+00,1, 0.000000E+00,0, 0.000000E+00,14, 2.035910E+01, 6.836646E-01, 2.797678E+00,NULL,NULL,1,mc_qqps,54
-21042,1604,20228,14738,94C2, 9.125000E+01,27,20,47,27,20,-2.263238E-01,-1.585946E+00,-5.131493E-01, 3.240736E+01, 3.183319E+01, 1.179007E+00, 2.165321E+00,-1.447470E+01,-1.170061E+01, 8.351923E+01, 1.882966E+01, 1.941526E+01, 2.703971E+01,12, 3.272214E+00,0, 0.000000E+00,0, 0.000000E+00,10, 1.649566E+01, 4.502925E-01, 3.658031E+00,NULL,NULL,1,mc_qqps,54
-21042,1605,20228,14751,94C2, 9.125000E+01,22,16,38,22,16,-6.446245E+00, 1.225687E+01, 7.289224E+00, 7.269091E+01, 7.234486E+01, 3.288403E+00,-8.883268E+00, 1.654007E+01, 1.120548E+01, 1.249557E+02, 4.348312E+01, 2.614078E+01, 2.242913E+01,13, 2.551058E+00,1, 0.000000E+00,0, 0.000000E+00,10, 2.585004E+01, 4.666490E-01, 6.764190E+00,NULL,NULL,1,mc_qqps,54
-21042,1606,20228,14804,94C2, 9.125000E+01,28,10,38,28,10,-5.555262E-01, 1.536537E+00, 3.949938E+00, 7.081445E+01, 7.035307E+01, 2.512610E+00,-1.596466E+00,-3.993858E+00,-6.405048E+00, 8.703534E+01, 6.518203E+01, 9.659412E+00, 6.561478E+00,0, 0.000000E+00,11, 4.715199E+00,0, 0.000000E+00,NULL,NULL,NULL,NULL,NULL,NULL,1,mc_qqps,54
-21042,1607,20228,14816,94C2, 9.125000E+01,21,7,28,21,7, 7.882413E+00, 5.657038E+00, 1.181377E+00, 4.819413E+01, 4.795212E+01, 2.283434E+00, 1.820033E+00, 3.547356E+00,-2.651398E-01, 8.767275E+01, 4.318211E+01, 1.736110E+01, 1.753840E+01,8, 4.963134E+00,0, 0.000000E+00,0, 0.000000E+00,5, 2.194022E+01, 4.511527E-01, 1.225425E+01,NULL,NULL,1,mc_qqps,54
-21042,1608,20228,14826,94C2, 9.125000E+01,25,11,36,25,11,-3.178525E+00,-7.980359E-01, 1.761712E+00, 9.021352E+01, 8.988025E+01, 3.595210E+00,-5.414582E+00,-8.647522E-01, 3.968127E+00, 1.146522E+02, 8.219999E+01, 1.497471E+01, 0.000000E+00,12, 0.000000E+00,2, 0.000000E+00,0, 0.000000E+00,9, 2.166347E+01, 6.093586E-01, 6.753501E+00,NULL,NULL,1,mc_qqps,54
-21042,1609,20228,14843,94C2, 9.125000E+01,35,11,46,35,11,-1.796180E+00,-1.760409E+00, 2.207555E+00, 5.258935E+01, 5.175961E+01, 1.478846E+00,-9.909904E-01,-8.096924E-01, 3.832084E-01, 8.388977E+01, 4.912215E+01, 1.911249E+01, 1.218794E+01,9, 4.235975E-01,1, 0.000000E+00,0, 0.000000E+00,5, 1.342759E+01, 6.897478E-01, 8.347921E+00,NULL,NULL,1,mc_qqps,54
-21042,1610,20228,14903,94C2, 9.125000E+01,32,12,44,32,12,-8.851748E-01,-1.482775E+01, 5.904232E+00, 7.264531E+01, 7.176133E+01, 2.242542E+00, 2.298621E+00,-7.346949E+00, 9.124613E-02, 9.749130E+01, 6.916527E+01, 1.573065E+01, 3.243378E+00,15, 9.074757E+00,2, 0.000000E+00,0, 0.000000E+00,7, 1.729337E+01, 4.228283E-01, 5.850325E+00,NULL,NULL,1,mc_qqps,54
-21042,1611,20228,14918,94C2, 9.125000E+01,27,18,45,27,18, 1.555082E+00,-7.731968E-01, 1.635026E+00, 5.649163E+01, 5.610913E+01, 2.078116E+00, 3.225151E+00,-1.586614E+00, 2.046329E+00, 8.905342E+01, 5.239524E+01, 2.934950E+01, 3.212286E+00,20, 9.231357E+00,0, 0.000000E+00,0, 0.000000E+00,12, 2.575245E+01, 3.644759E-01, 8.863902E+00,1, 0.000000E+00,1,mc_qqps,54
-21042,1612,20228,14933,94C2, 9.125000E+01,41,11,52,41,11, 1.175478E+01, 5.884347E+00, 9.776493E+00, 6.300609E+01, 6.220923E+01, 1.517298E+00, 1.137189E+01, 4.746686E+00, 1.145573E+01, 7.430044E+01, 4.059513E+01, 1.040587E+01, 8.884740E-01,5, 7.697794E-02,10, 0.000000E+00,0, 0.000000E+00,2, 1.659945E+00, 7.674837E-01, 8.924615E-01,NULL,NULL,1,mc_qqps,54
-21042,1613,20228,14951,94C2, 9.125000E+01,21,17,38,21,17,-1.830908E+01,-6.765953E-01, 1.411573E+01, 5.745015E+01, 5.722512E+01, 2.725006E+00,-1.528634E+01,-4.891748E+00, 1.760468E+01, 7.957257E+01, 4.518809E+01, 1.835183E+01, 1.153095E+00,15, 1.142869E+01,1, 0.000000E+00,0, 0.000000E+00,13, 1.885041E+01, 4.637379E-01, 4.750503E+00,NULL,NULL,1,mc_qqps,54
-21042,1614,20228,15003,94C2, 9.125000E+01,15,6,21,15,6,-1.070278E+01, 1.362759E+01, 1.814761E+00, 6.849675E+01, 6.834413E+01, 4.556275E+00,-7.139011E+00, 6.963573E+00,-9.974806E-01, 7.979697E+01, 5.821528E+01, 8.954739E+00, 2.345471E+00,10, 1.378750E+01,0, 0.000000E+00,0, 0.000000E+00,4, 8.954739E+00, 4.622106E-01, 4.499219E+00,NULL,NULL,1,mc_qqps,54
-21042,1615,20228,15012,94C2, 9.125000E+01,31,7,38,31,7,-1.950396E+01, 2.710193E+01,-1.190782E-01, 5.144160E+01, 5.047675E+01, 1.628282E+00,-9.091215E+00, 1.292915E+01, 4.062802E-01, 7.835335E+01, 4.504708E+01, 2.314920E+01, 3.051940E+00,8, 1.188087E+01,0, 0.000000E+00,0, 0.000000E+00,3, 2.045173E+01, 7.105955E-01, 1.874121E+01,NULL,NULL,1,mc_qqps,54
-21042,1616,20228,15028,94C2, 9.125000E+01,13,7,20,13,7, 1.238938E+01,-1.704018E+01,-1.137585E+01, 4.563388E+01, 4.549841E+01, 3.499878E+00,-9.247469E-01, 8.925297E-01, 1.644350E-01, 8.581029E+01, 4.336275E+01, 4.017641E+01, 0.000000E+00,11, 5.259274E+00,0, 0.000000E+00,0, 0.000000E+00,5, 3.759898E+01, 1.081595E+00, 2.918694E+01,NULL,NULL,1,mc_qqps,54
-21042,1617,20228,15039,94C2, 9.125000E+01,32,11,43,32,11,-9.761978E+00, 1.381292E+01,-1.844762E+01, 5.788761E+01, 5.738974E+01, 1.793429E+00,-3.237465E+00, 4.083897E+00,-8.545973E+00, 7.906974E+01, 5.508354E+01, 2.043117E+01, 0.000000E+00,9, 6.617552E-01,8, 0.000000E+00,0, 0.000000E+00,7, 1.853987E+01, 4.390273E-01, 9.550369E+00,NULL,NULL,1,mc_qqps,54
-21042,1618,20228,15057,94C2, 9.125000E+01,46,16,62,46,16, 1.728097E+00,-6.777209E-01,-2.841803E-02, 6.949876E+01, 6.860474E+01, 1.491407E+00, 3.329772E+00, 5.268026E+00, 5.840182E+00, 9.849212E+01, 5.791815E+01, 1.656136E+01, 1.278730E+01,18, 4.061123E+00,0, 0.000000E+00,0, 0.000000E+00,10, 1.435175E+01, 5.678808E-01, 2.574059E+00,NULL,NULL,1,mc_qqps,54
-21042,1619,20228,15112,94C2, 9.125000E+01,55,19,74,55,19, 5.862113E+00,-3.152781E+00, 3.694445E+00, 6.849296E+01, 6.676708E+01, 1.213947E+00, 5.768317E+00,-1.311544E+01, 3.447220E+00, 9.590975E+01, 5.697100E+01, 2.264575E+01, 2.721426E+00,21, 6.974016E+00,0, 0.000000E+00,0, 0.000000E+00,13, 2.111499E+01, 5.671515E-01, 4.081238E+00,NULL,NULL,1,mc_qqps,54
-21042,1620,20228,15135,94C2, 9.125000E+01,22,15,37,22,15,-1.761981E+01,-5.242499E+00,-1.753452E+01, 5.049806E+01, 4.989375E+01, 2.267898E+00, 3.247598E-01, 2.081105E+00, 3.259657E-01, 1.094954E+02, 4.524087E+01, 3.491480E+01, 2.087170E+01,13, 7.102979E-01,1, 0.000000E+00,0, 0.000000E+00,11, 3.214074E+01, 5.604655E-01, 9.645513E+00,NULL,NULL,1,mc_qqps,54
-21042,1621,20228,15148,94C2, 9.125000E+01,23,12,35,23,12,-4.840859E+00,-5.130295E+00, 8.548970E-01, 7.847105E+01, 7.792226E+01, 3.387924E+00,-1.040153E+01, 1.409562E+01,-2.828934E-01, 1.058405E+02, 7.274001E+01, 1.529259E+01, 2.828414E+00,15, 1.553590E+01,0, 0.000000E+00,0, 0.000000E+00,8, 1.894574E+01, 5.137613E-01, 8.421711E+00,NULL,NULL,1,mc_qqps,54
-21042,1622,20228,15159,94C2, 9.125000E+01,20,20,40,20,20, 9.490842E+00,-7.406212E+00,-6.611494E+00, 4.797909E+01, 4.767163E+01, 2.383582E+00, 2.428477E+00,-7.279769E-01,-1.036320E+00, 8.204673E+01, 4.512915E+01, 3.104705E+01, 1.849223E+00,19, 1.522244E+00,1, 0.000000E+00,0, 0.000000E+00,17, 3.221843E+01, 4.434216E-01, 9.108540E+00,NULL,NULL,1,mc_qqps,54
-21042,1623,20228,15215,94C2, 9.125000E+01,28,11,39,28,11, 4.870695E+00, 4.494728E+00,-1.673763E+00, 6.860771E+01, 6.816365E+01, 2.434416E+00, 4.436825E+00, 3.258089E+00,-5.222136E-01, 9.282859E+01, 4.859924E+01, 2.076590E+01, 0.000000E+00,17, 1.095695E+01,0, 0.000000E+00,0, 0.000000E+00,9, 2.372050E+01, 6.165255E-01, 7.741328E+00,NULL,NULL,1,mc_qqps,54
-21042,1624,20228,15226,94C2, 9.125000E+01,23,12,35,23,12,-6.077659E+00,-1.056937E+01, 2.646127E+01, 5.349174E+01, 5.309622E+01, 2.308531E+00,-2.125046E+00,-3.619881E+00, 8.624154E+00, 8.823466E+01, 4.305858E+01, 2.223939E+01, 1.250353E+01,1, 0.000000E+00,13, 1.976824E+01,0, 0.000000E+00,NULL,NULL,NULL,NULL,NULL,NULL,1,mc_qqps,54
-21042,1625,20228,15238,94C2, 9.125000E+01,28,9,37,28,9,-5.277896E+00, 4.971540E-01,-4.046289E-01, 4.580009E+01, 4.537682E+01, 1.620601E+00, 8.000454E+00,-2.875841E+00, 5.263468E+00, 7.990395E+01, 3.754227E+01, 3.229512E+01, 0.000000E+00,13, 1.281768E+01,0, 0.000000E+00,0, 0.000000E+00,8, 3.331291E+01, 4.070290E-01, 1.188185E+01,NULL,NULL,1,mc_qqps,54
-21042,1626,20228,15254,94C2, 9.125000E+01,13,20,33,13,20, 5.550537E+00,-1.776128E+00,-1.547459E+01, 6.904337E+01, 6.892159E+01, 5.301661E+00, 4.558770E+00, 7.091564E-01,-1.630445E+01, 9.856399E+01, 3.517616E+01, 1.978820E+01, 4.151125E+00,2, 0.000000E+00,19, 1.376418E+01,0, 0.000000E+00,2, 6.422550E+00, 8.412494E-01, 5.581300E+00,NULL,NULL,1,mc_qqps,54
-21042,1627,20228,15310,94C2, 9.125000E+01,33,24,57,33,24, 1.309335E+00, 1.775191E+00, 2.389274E-01, 5.899746E+01, 5.825932E+01, 1.765434E+00,-5.565322E+00, 3.293362E+00, 8.865368E-01, 1.047743E+02, 5.127348E+01, 3.832848E+01, 6.542528E+00,27, 1.175663E+01,0, 0.000000E+00,0, 0.000000E+00,21, 3.760617E+01, 4.394937E-01, 1.020016E+01,NULL,NULL,1,mc_qqps,54
-21042,1628,20228,15325,94C2, 9.125000E+01,17,10,27,17,10, 1.979677E+00,-6.156376E+00, 3.979713E+00, 7.572700E+01, 7.543636E+01, 4.437433E+00, 1.422218E+00,-4.174171E+00, 2.691534E+00, 9.575721E+01, 7.387638E+01, 1.017132E+01, 1.875616E+00,10, 4.025270E-01,0, 0.000000E+00,0, 0.000000E+00,7, 1.735985E+01, 5.311330E-01, 7.049818E+00,NULL,NULL,1,mc_qqps,54
-21042,1629,20228,15336,94C2, 9.125000E+01,53,16,69,53,16, 4.202053E+00,-9.790416E-01,-6.125739E+00, 6.448164E+01, 6.351921E+01, 1.198476E+00, 5.245359E+00,-2.775250E+00,-6.093154E+00, 8.962069E+01, 5.011356E+01, 7.229532E+00, 1.351053E+01,8, 0.000000E+00,1, 0.000000E+00,0, 0.000000E+00,7, 1.061945E+01, 3.986741E-01, 2.909005E+00,NULL,NULL,1,mc_qqps,54
-21042,1630,20228,15352,94C2, 9.125000E+01,29,20,49,29,20,-8.878090E+00,-6.535855E+00, 1.462357E+01, 5.456530E+01, 5.417159E+01, 1.867986E+00,-9.673727E+00,-1.190354E+01, 2.145807E+01, 1.052837E+02, 5.207359E+01, 3.219536E+01, 1.852996E+01,1, 0.000000E+00,15, 1.596023E+00,0, 0.000000E+00,1, 7.139984E-01, 7.139984E-01, 7.139984E-01,NULL,NULL,1,mc_qqps,54
-21042,1631,20228,15409,94C2, 9.125000E+01,24,5,29,24,5,-3.608482E+00,-1.493715E+01, 8.417063E+00, 5.950848E+01, 5.921270E+01, 2.467196E+00,-2.090010E+00,-1.619869E+01, 6.682778E+00, 6.858829E+01, 5.607648E+01, 9.079798E+00, 0.000000E+00,12, 5.811779E+00,4, 4.279316E-01,0, 0.000000E+00,5, 9.079798E+00, 8.146971E-01, 2.781233E+00,NULL,NULL,1,mc_qqps,54
-21042,1632,20228,15424,94C2, 9.125000E+01,30,14,44,30,14,-1.186288E+01, 5.515456E+00, 9.480824E-01, 8.648855E+01, 8.560720E+01, 2.853573E+00,-7.530579E+00, 2.851676E+00, 2.400716E+00, 1.297401E+02, 5.517342E+01, 2.363343E+01, 1.749892E+01,16, 5.383847E-01,0, 0.000000E+00,0, 0.000000E+00,8, 1.649793E+01, 5.725926E-01, 5.670679E+00,NULL,NULL,1,mc_qqps,54
-21042,1633,20228,15439,94C2, 9.125000E+01,33,21,54,33,21, 2.398889E+00, 5.065738E+00, 6.919282E+00, 6.813517E+01, 6.765629E+01, 2.050190E+00, 1.638082E+00, 2.888057E+00, 4.588071E+00, 9.357311E+01, 6.100258E+01, 1.820614E+01, 7.388819E+00,0, 0.000000E+00,16, 0.000000E+00,0, 0.000000E+00,NULL,NULL,NULL,NULL,1, 0.000000E+00,1,mc_qqps,54
-21042,1634,20228,15451,94C2, 9.125000E+01,28,14,42,28,14, 5.849297E+00, 1.150925E-02, 4.411149E+00, 7.164828E+01, 7.104471E+01, 2.537311E+00, 1.121638E+00,-3.987203E-01, 1.038372E+00, 9.292458E+01, 6.432043E+01, 1.894408E+01, 1.308274E+00,15, 1.658794E+01,2, 0.000000E+00,0, 0.000000E+00,10, 1.543089E+01, 6.063437E-01, 4.380132E+00,NULL,NULL,1,mc_qqps,54
-21042,1635,20228,15504,94C2, 9.125000E+01,34,21,55,34,21,-1.155820E+00,-1.282596E-01, 2.429365E+01, 8.378859E+01, 8.335494E+01, 2.451616E+00,-5.199260E+00,-9.896395E-01, 2.960225E+01, 1.047336E+02, 5.635058E+01, 1.944517E+01, 1.499883E+00,7, 3.059449E+00,21, 5.712485E+00,0, 0.000000E+00,4, 4.838852E+00, 5.085483E-01, 2.294903E+00,1, 0.000000E+00,1,mc_qqps,54
-21042,1636,20228,15521,94C2, 9.125000E+01,18,9,27,18,9, 1.401055E+01, 9.110374E+00,-1.760049E+01, 6.796410E+01, 6.776437E+01, 3.764688E+00,-4.954201E+00, 1.713391E+00, 7.489759E+00, 1.078404E+02, 5.983448E+01, 3.535208E+01, 0.000000E+00,3, 0.000000E+00,9, 6.282290E+00,0, 0.000000E+00,2, 4.524238E+00, 9.636635E-01, 3.560575E+00,NULL,NULL,1,mc_qqps,54
-21042,1637,20228,15534,94C2, 9.125000E+01,20,9,29,20,9,-1.543533E+01,-2.824737E+01, 6.280429E+00, 7.447652E+01, 7.415793E+01, 3.707896E+00,-6.660373E+00,-1.318885E+01, 2.430315E-01, 1.090952E+02, 4.278112E+01, 1.336028E+01, 2.150839E+01,8, 8.945312E+00,0, 0.000000E+00,0, 0.000000E+00,4, 1.336028E+01, 6.527706E-01, 6.660722E+00,NULL,NULL,1,mc_qqps,54
-21042,1638,20228,15548,94C2, 9.125000E+01,55,19,74,55,19,-1.353677E+00, 7.339505E+00,-1.337062E+00, 6.952473E+01, 6.844669E+01, 1.244485E+00,-1.977609E+00, 6.734417E+00,-1.814830E+00, 9.956821E+01, 6.402904E+01, 1.813166E+01, 9.248020E+00,22, 5.136103E+00,0, 0.000000E+00,0, 0.000000E+00,11, 1.655869E+01, 6.475765E-01, 2.369211E+00,NULL,NULL,1,mc_qqps,54
-21042,1639,20228,15606,94C2, 9.125000E+01,18,12,30,18,12, 2.065525E+00,-4.641501E+00, 1.702693E+01, 3.492453E+01, 3.440345E+01, 1.911303E+00, 6.360430E-01,-2.701798E+00, 3.396161E+00, 4.997980E+01, 3.084475E+01, 1.072349E+01, 3.401461E+00,2, 0.000000E+00,7, 4.736723E+00,0, 0.000000E+00,2, 2.027858E+00, 9.303091E-01, 1.097548E+00,3, 0.000000E+00,1,mc_qqps,54
-21042,1640,20228,15627,94C2, 9.125000E+01,41,5,46,41,5,-3.200943E+00, 6.428597E-01,-3.037090E+00, 5.446356E+01, 5.358049E+01, 1.306841E+00, 3.099348E+00,-1.116322E+00, 1.446181E+00, 6.494213E+01, 4.505518E+01, 9.457935E+00, 0.000000E+00,7, 4.184159E-01,1, 0.000000E+00,0, 0.000000E+00,4, 1.001233E+01, 8.536265E-01, 5.210960E+00,NULL,NULL,1,mc_qqps,54
-21042,1641,20228,15642,94C2, 9.125000E+01,20,14,34,20,14,-1.128284E+01,-7.733294E+00, 2.444970E+01, 8.523391E+01, 8.502410E+01, 4.251205E+00,-1.145433E+01,-2.288189E+00, 1.924333E+01, 1.017461E+02, 5.867562E+01, 1.651222E+01, 0.000000E+00,1, 0.000000E+00,19, 1.141549E+01,0, 0.000000E+00,1, 4.423530E+00, 4.423530E+00, 4.423530E+00,NULL,NULL,1,mc_qqps,54
-21042,1642,20228,15657,94C2, 9.125000E+01,31,7,38,31,7,-1.887345E+01,-2.650913E+01,-5.634711E-01, 6.613309E+01, 6.544923E+01, 2.111265E+00,-6.622036E+00,-1.008385E+01,-4.675028E-01, 9.556957E+01, 5.499609E+01, 1.971387E+01, 9.722604E+00,11, 2.067608E+01,2, 0.000000E+00,0, 0.000000E+00,3, 1.807467E+01, 1.653366E+00, 1.470184E+01,NULL,NULL,1,mc_qqps,54
-21042,1643,20228,15711,94C2, 9.125000E+01,30,12,42,30,12,-6.722013E+00,-1.596862E+00,-5.840914E+00, 3.077947E+01, 3.009925E+01, 1.003308E+00, 2.555404E+00, 4.443398E+00, 1.500250E+01, 7.278291E+01, 2.146450E+01, 3.936490E+01, 2.638530E+00,1, 0.000000E+00,11, 0.000000E+00,0, 0.000000E+00,NULL,NULL,NULL,NULL,NULL,NULL,1,mc_qqps,54
-21042,1644,20228,15725,94C2, 9.125000E+01,13,8,21,13,8,-3.639780E+00,-5.707999E+00, 4.975443E+00, 5.869478E+01, 5.855656E+01, 4.504351E+00,-1.115830E+00,-2.423638E+00, 4.235902E+00, 8.348660E+01, 5.799524E+01, 2.391065E+01, 3.142051E-01,14, 4.438205E+00,0, 0.000000E+00,0, 0.000000E+00,7, 2.447761E+01, 5.669605E-01, 8.884761E+00,NULL,NULL,1,mc_qqps,54
-21042,1645,20228,15735,94C2, 9.125000E+01,40,25,65,40,25, 5.967917E+00,-2.708697E+00,-1.642244E-01, 5.169171E+01, 5.082277E+01, 1.270569E+00, 1.269764E+00,-1.353719E+01,-3.336211E+00, 8.882903E+01, 4.361510E+01, 2.807377E+01, 3.658995E+00,25, 1.289983E+01,1, 0.000000E+00,0, 0.000000E+00,18, 3.014054E+01, 4.720986E-01, 4.652890E+00,1, 0.000000E+00,1,mc_qqps,54
-21042,1646,20228,15752,94C2, 9.125000E+01,25,11,36,25,11,-5.269660E+00,-5.424765E+00, 4.756172E+00, 5.360083E+01, 5.324328E+01, 2.129731E+00,-5.608282E+00,-6.462555E+00, 7.123189E+00, 9.625129E+01, 5.125671E+01, 4.084674E+01, 0.000000E+00,13, 2.671671E+00,0, 0.000000E+00,0, 0.000000E+00,10, 3.655570E+01, 4.228851E-01, 1.871766E+01,NULL,NULL,1,mc_qqps,54
-21042,1647,20228,15805,94C2, 9.125000E+01,32,12,44,32,12, 6.873840E-01, 1.289316E+01,-4.002843E+00, 5.489846E+01, 5.406090E+01, 1.689403E+00,-1.237602E+00,-5.157219E+00, 6.590897E-01, 7.566182E+01, 5.071085E+01, 1.779314E+01, 5.478719E-01,16, 6.952614E+00,0, 0.000000E+00,0, 0.000000E+00,9, 1.137329E+01, 4.367681E-01, 3.018244E+00,NULL,NULL,1,mc_qqps,54
-21042,1648,20228,15819,94C2, 9.125000E+01,10,11,21,10,11, 2.215937E-01,-1.002332E+01, 1.149440E+01, 5.702555E+01, 5.694057E+01, 5.694057E+00, 6.143456E-01,-4.652388E+00, 7.152738E+00, 7.965565E+01, 5.681212E+01, 9.109562E+00, 1.068937E+01,8, 2.070183E+00,1, 0.000000E+00,0, 0.000000E+00,6, 1.172760E+01, 5.206374E-01, 3.369067E+00,NULL,NULL,1,mc_qqps,54
-21042,1649,20228,15828,94C2, 9.125000E+01,26,9,35,26,9,-1.341888E+00,-2.307226E+00,-1.493766E+01, 6.643018E+01, 6.573101E+01, 2.528116E+00,-4.624987E+00,-4.517026E+00,-2.539934E+01, 9.499652E+01, 2.038924E+01, 2.573040E+01, 2.835959E+00,0, 0.000000E+00,13, 1.018620E+01,0, 0.000000E+00,NULL,NULL,NULL,NULL,NULL,NULL,1,mc_qqps,54
-21042,1650,20228,15842,94C2, 9.125000E+01,13,11,24,13,11, 9.713347E-01,-5.712748E-01,-2.368227E-01, 2.753370E+01, 2.732224E+01, 2.101711E+00, 2.337532E+00, 1.602593E+00,-2.238518E+00, 7.161405E+01, 2.678150E+01, 2.205473E+01, 1.723330E+01,11, 1.135246E+00,0, 0.000000E+00,0, 0.000000E+00,8, 2.631045E+01, 6.104476E-01, 5.763709E+00,NULL,NULL,1,mc_qqps,54
-21042,1651,20228,15853,94C2, 9.125000E+01,22,13,35,22,13, 2.040388E+00, 4.449017E+00, 6.654750E-01, 5.927175E+01, 5.881965E+01, 2.673620E+00, 9.541112E-01,-7.832891E+00,-4.120809E+00, 8.706432E+01, 3.670634E+01, 2.649822E+01, 1.294349E+00,16, 1.556527E+01,0, 0.000000E+00,0, 0.000000E+00,10, 2.455491E+01, 5.524319E-01, 4.875559E+00,NULL,NULL,1,mc_qqps,54
-21042,1652,20228,15909,94C2, 9.125000E+01,25,18,43,25,18,-1.360762E+00, 6.053353E+00, 5.587107E+00, 5.642059E+01, 5.605569E+01, 2.242228E+00,-3.974310E+00,-2.808577E+00, 4.144932E-01, 1.007859E+02, 5.034394E+01, 3.652581E+01, 4.488019E+00,16, 1.162985E+00,3, 0.000000E+00,0, 0.000000E+00,12, 3.744954E+01, 4.211895E-01, 1.259773E+01,NULL,NULL,1,mc_qqps,54
-21042,1653,20228,15925,94C2, 9.125000E+01,24,17,41,24,17,-2.441042E+00, 1.477052E+01, 8.551892E+00, 7.009915E+01, 6.972392E+01, 2.905164E+00,-1.870383E+00, 3.307412E+00, 1.264744E+00, 1.010127E+02, 6.009298E+01, 2.440684E+01, 1.168997E+00,14, 1.475399E-01,0, 0.000000E+00,0, 0.000000E+00,10, 2.357123E+01, 5.951419E-01, 1.057498E+01,NULL,NULL,1,mc_qqps,54
-21042,1654,20228,15939,94C2, 9.125000E+01,26,9,35,26,9,-4.524861E-01,-2.266740E+00,-2.387561E+00, 7.072794E+01, 7.035818E+01, 2.706084E+00, 2.024810E+00, 1.095849E-01,-8.253100E+00, 8.601769E+01, 5.602077E+01, 1.158457E+01, 3.999543E+00,4, 0.000000E+00,5, 1.690525E+00,0, 0.000000E+00,2, 4.315231E+00, 1.278793E+00, 3.036438E+00,2, 0.000000E+00,1,mc_qqps,54
-21042,1655,20228,15952,94C2, 9.125000E+01,36,16,52,36,16,-5.259943E+00, 8.406929E+00,-9.019102E+00, 5.736393E+01, 5.670293E+01, 1.575081E+00,-6.598894E+00, 1.960045E+01,-2.138243E+01, 1.029914E+02, 5.482287E+01, 9.986358E+00, 2.964854E+01,15, 2.379221E+00,0, 0.000000E+00,0, 0.000000E+00,7, 1.113464E+01, 6.259725E-01, 3.177811E+00,NULL,NULL,1,mc_qqps,54
-21042,1656,20228,20011,94C2, 9.125000E+01,49,16,65,49,16,-3.078700E+00, 4.395801E+00, 3.527701E+00, 6.655629E+01, 6.528880E+01, 1.332424E+00,-4.809898E+00, 1.715930E+00,-2.530782E+00, 9.269601E+01, 4.973630E+01, 1.144056E+01, 1.286620E+01,16, 4.092576E-01,2, 0.000000E+00,0, 0.000000E+00,8, 1.130037E+01, 4.999897E-01, 5.092164E+00,NULL,NULL,1,mc_qqps,54
-21042,1657,20228,20031,94C2, 9.125000E+01,15,13,28,15,13, 9.509689E+00, 3.775231E-01, 1.528841E+00, 5.315870E+01, 5.301243E+01, 3.534162E+00, 6.504447E+00,-4.263985E-01, 8.694791E-01, 8.379459E+01, 5.333243E+01, 2.489548E+01, 8.210570E-01,18, 1.785879E+01,0, 0.000000E+00,0, 0.000000E+00,11, 2.773741E+01, 6.412934E-01, 9.568578E+00,NULL,NULL,1,mc_qqps,54
-21042,1658,20228,20041,94C2, 9.125000E+01,24,15,39,24,15, 5.826681E+00,-4.433329E+00,-1.099483E+01, 4.271381E+01, 4.235130E+01, 1.764637E+00,-4.798300E+00, 3.367433E+00, 8.826056E+00, 9.502965E+01, 3.279323E+01, 4.793353E+01, 3.973619E+00,1, 0.000000E+00,14, 1.894573E+00,0, 0.000000E+00,1, 4.086733E-01, 4.086733E-01, 4.086733E-01,NULL,NULL,1,mc_qqps,54
-21042,1659,20228,20057,94C2, 9.125000E+01,18,17,35,18,17,-4.401183E+00,-2.422746E+00,-2.329743E+00, 5.956269E+01, 5.936343E+01, 3.297968E+00, 1.395106E+00, 5.339106E-01, 1.287222E+00, 9.443831E+01, 5.746362E+01, 3.183183E+01, 5.645334E-01,16, 6.910997E+00,1, 0.000000E+00,0, 0.000000E+00,13, 3.391110E+01, 3.936237E-01, 1.030742E+01,NULL,NULL,1,mc_qqps,54
-21042,1660,20228,20109,94C2, 9.125000E+01,24,19,43,24,19,-2.661546E+00,-6.433917E-01, 2.497569E+00, 8.036143E+01, 8.005019E+01, 3.335425E+00, 1.774754E+00, 4.710712E+00,-3.705839E+00, 1.192766E+02, 7.735918E+01, 2.503778E+01, 1.350809E+01,15, 1.310373E+01,1, 0.000000E+00,0, 0.000000E+00,11, 1.707339E+01, 3.396050E-01, 3.763400E+00,NULL,NULL,1,mc_qqps,54
-21042,1661,20228,20123,94C2, 9.125000E+01,18,11,29,18,11,-6.611432E+00, 1.032307E+01,-1.775054E+00, 7.256786E+01, 7.224389E+01, 4.013549E+00, 4.287589E+00,-1.017817E+01, 1.572099E+00, 1.018959E+02, 7.249899E+01, 2.610077E+01, 2.393412E+00,13, 6.374485E+00,0, 0.000000E+00,0, 0.000000E+00,8, 1.271608E+01, 4.670525E-01, 5.778681E+00,NULL,NULL,1,mc_qqps,54
-21042,1662,20228,20135,94C2, 9.125000E+01,19,9,28,19,9, 1.224116E+01,-6.258224E+00,-2.826771E+00, 8.970708E+01, 8.940374E+01, 4.705460E+00, 5.998548E+00,-1.960299E+00,-6.875854E-01, 1.053932E+02, 8.379100E+01, 1.538754E+01, 2.985865E-01,9, 3.383404E+00,0, 0.000000E+00,0, 0.000000E+00,5, 1.233312E+01, 1.264169E+00, 4.091496E+00,NULL,NULL,1,mc_qqps,54
-21042,1663,20228,20145,94C2, 9.125000E+01,22,7,29,22,7, 2.305516E-01,-2.898712E+01, 1.627709E+01, 9.319724E+01, 9.272736E+01, 4.214880E+00, 9.082416E-01,-2.681230E+01, 1.438917E+01, 1.124981E+02, 7.614549E+01, 1.381095E+01, 5.490849E+00,8, 2.975949E-01,1, 0.000000E+00,0, 0.000000E+00,3, 1.296924E+01, 5.360958E-01, 1.020194E+01,NULL,NULL,1,mc_qqps,54
-21042,1664,20228,20158,94C2, 9.125000E+01,35,20,55,35,20, 2.663212E+00,-2.587326E+00, 4.367787E+00, 6.342524E+01, 6.279367E+01, 1.794105E+00, 4.649956E-01, 1.083987E+00, 4.962548E+00, 8.079132E+01, 5.795061E+01, 1.698350E+01, 3.825846E-01,6, 2.562271E+00,20, 2.973328E+00,0, 0.000000E+00,2, 1.132543E+00, 5.021629E-01, 6.303800E-01,NULL,NULL,1,mc_qqps,54
-21042,1665,20228,20215,94C2, 9.125000E+01,36,26,62,36,26, 5.911374E+00,-7.901973E-02,-6.971335E-01, 6.440825E+01, 6.380006E+01, 1.772224E+00, 3.527017E+00,-7.317508E-01,-6.471059E+00, 1.028258E+02, 3.332382E+01, 2.235344E+01, 1.407556E+01,10, 1.424516E-01,12, 1.566612E+00,0, 0.000000E+00,9, 1.020667E+01, 4.906047E-01, 2.010842E+00,NULL,NULL,1,mc_qqps,54
-21042,1666,20228,20235,94C2, 9.125000E+01,21,6,27,21,6,-8.101065E+00,-9.323668E+00,-1.011251E+01, 7.504240E+01, 7.468771E+01, 3.556558E+00, 9.540190E-02, 3.555341E-01,-3.508363E-01, 9.177995E+01, 7.170273E+01, 1.642449E+01, 5.890447E-01,7, 6.801378E+00,0, 0.000000E+00,0, 0.000000E+00,3, 1.499602E+01, 4.857035E-01, 1.313108E+01,NULL,NULL,1,mc_qqps,54
-21042,1667,20228,20251,94C2, 9.125000E+01,23,9,32,23,9,-2.520849E+00, 7.572346E-01,-2.244199E+00, 7.549120E+01, 7.512225E+01, 3.266185E+00,-2.578682E+00, 9.260890E-01,-4.138415E+00, 8.410241E+01, 7.335460E+01, 7.641335E+00, 9.698802E-01,3, 6.987131E-02,9, 6.019168E-01,0, 0.000000E+00,2, 2.811548E+00, 1.364738E+00, 1.446810E+00,NULL,NULL,1,mc_qqps,54
-21042,1668,20228,20304,94C2, 9.125000E+01,32,9,41,32,9, 1.483361E+01,-1.095418E+01, 1.576286E+02, 3.038041E+02, 3.032648E+02, 9.477024E+00, 1.529980E+01,-1.057192E+01, 1.565879E+02, 3.089315E+02, 3.523529E+01, 5.127363E+00, 0.000000E+00,1, 0.000000E+00,16, 9.901342E+00,0, 0.000000E+00,1, 5.578659E-01, 5.578659E-01, 5.578659E-01,1, 0.000000E+00,1,mc_qqps,54
-21042,1669,20228,20318,94C2, 9.125000E+01,31,17,48,31,17, 8.327188E+00,-6.563757E+00,-2.036533E+00, 6.398342E+01, 6.350754E+01, 2.048630E+00, 6.920005E+00,-5.497132E+00,-3.166066E+00, 9.642780E+01, 5.173916E+01, 3.104052E+01, 0.000000E+00,21, 5.137430E+00,0, 0.000000E+00,0, 0.000000E+00,15, 2.658826E+01, 3.118001E-01, 6.172880E+00,NULL,NULL,1,mc_qqps,54
-21042,1670,20228,20331,94C2, 9.125000E+01,22,11,33,22,11,-1.798581E+00,-3.638531E+00, 2.660653E+00, 7.504502E+01, 7.483401E+01, 3.401546E+00,-1.404157E+00,-8.672649E+00, 4.665360E+00, 9.633512E+01, 7.041435E+01, 1.617638E+01, 4.710917E+00,8, 1.372536E+01,4, 0.000000E+00,0, 0.000000E+00,4, 7.967201E+00, 5.733277E-01, 5.426086E+00,NULL,NULL,1,mc_qqps,54
-21042,1671,20228,20345,94C2, 9.125000E+01,26,18,44,26,18,-4.187586E+00, 1.707476E+00,-2.886094E+02, 4.329722E+02, 4.326429E+02, 1.664011E+01,-8.089528E+00, 2.487691E+00,-2.772791E+02, 4.559014E+02, 3.091199E+01, 2.088349E+01, 1.530384E+00,6, 0.000000E+00,12, 1.874466E+01,0, 0.000000E+00,5, 4.021434E+00, 5.153230E-01, 1.188842E+00,1, 0.000000E+00,1,mc_qqps,54
-21042,1672,20228,20358,94C2, 9.125000E+01,37,13,50,37,13,-1.900969E+00, 7.045787E+00, 4.613912E+00, 6.253372E+01, 6.174667E+01, 1.668829E+00,-5.239592E+00, 1.087202E+01, 9.169661E+00, 1.118811E+02, 5.474014E+01, 1.827811E+01, 3.155758E+01,11, 3.188593E+00,0, 0.000000E+00,0, 0.000000E+00,5, 1.642322E+01, 3.386345E-01, 1.115493E+01,NULL,NULL,1,mc_qqps,54
-21042,1673,20228,20411,94C2, 9.125000E+01,21,13,34,21,13, 3.364170E-02, 5.345838E-02,-6.660913E-01, 5.199274E+01, 5.148067E+01, 2.451461E+00, 9.597844E-02, 1.032649E+00, 1.105040E+00, 8.924959E+01, 3.941055E+01, 3.725685E+01, 0.000000E+00,1, 0.000000E+00,17, 1.272305E+01,0, 0.000000E+00,1, 9.685174E-01, 9.685174E-01, 9.685174E-01,NULL,NULL,1,mc_qqps,54
-21042,1674,20228,20424,94C2, 9.125000E+01,43,14,57,43,14, 3.110768E+00, 1.024512E+00,-5.186601E-01, 7.426952E+01, 7.229222E+01, 1.681214E+00,-4.824163E+00,-6.309423E-01,-9.328294E-01, 9.280123E+01, 6.473517E+01, 1.388926E+01, 5.774491E-01,11, 1.120703E+00,1, 0.000000E+00,0, 0.000000E+00,8, 1.385568E+01, 3.844941E-01, 3.394351E+00,NULL,NULL,1,mc_qqps,54
-21042,1675,20228,20449,94C2, 9.125000E+01,31,10,41,31,10, 4.911504E+00,-3.893255E+00, 1.901454E+00, 7.296252E+01, 7.260325E+01, 2.342040E+00, 5.088893E+00,-4.187315E+00, 3.276568E+00, 9.403933E+01, 5.321421E+01, 2.066957E+01, 4.072274E-01,16, 6.329244E+00,0, 0.000000E+00,0, 0.000000E+00,6, 1.698925E+01, 5.408561E-01, 7.205220E+00,NULL,NULL,1,mc_qqps,54
-21042,1676,20228,20506,94C2, 9.125000E+01,28,11,39,28,11, 4.392532E-01, 8.097549E-01, 3.644266E-01, 6.948555E+01, 6.909113E+01, 2.467540E+00, 2.276273E+00, 1.637816E+00, 1.305667E+00, 8.962846E+01, 5.663514E+01, 1.591927E+01, 1.572353E+00,15, 1.372290E-01,0, 0.000000E+00,0, 0.000000E+00,10, 1.857057E+01, 4.436000E-01, 4.682154E+00,NULL,NULL,1,mc_qqps,54
-21042,1677,20228,20518,94C2, 9.125000E+01,14,11,25,14,11,-1.622599E+01,-2.314341E+00,-1.904770E+01, 4.309547E+01, 4.286993E+01, 3.062138E+00,-7.120288E+00,-1.835068E+00,-9.126780E+00, 8.471793E+01, 3.929152E+01, 4.068044E+01, 4.675732E-01,13, 3.328228E+00,0, 0.000000E+00,0, 0.000000E+00,10, 4.115488E+01, 4.744387E-01, 1.140833E+01,NULL,NULL,1,mc_qqps,54
-21042,1678,20228,20534,94C2, 9.125000E+01,32,4,36,32,4,-1.317630E-01, 3.774388E+00, 5.253240E+00, 8.375991E+01, 8.311826E+01, 2.597446E+00, 2.382842E-01, 2.269050E+00, 3.658307E+00, 8.838847E+01, 8.142488E+01, 1.113399E+00, 3.552913E+00,5, 2.114842E+00,0, 0.000000E+00,0, 0.000000E+00,1, 9.407271E-01, 9.407271E-01, 9.407271E-01,NULL,NULL,1,mc_qqps,54
-21042,1679,20228,20548,94C2, 9.125000E+01,34,14,48,34,14, 7.288048E+00, 1.435433E+01, 2.655453E+00, 6.155475E+01, 6.088260E+01, 1.790665E+00, 3.805912E+00, 8.427420E+00, 7.048786E-01, 9.518697E+01, 4.690507E+01, 1.245322E+01, 7.324883E+00,15, 7.622603E-02,0, 0.000000E+00,0, 0.000000E+00,10, 2.233759E+01, 6.014763E-01, 6.000169E+00,NULL,NULL,1,mc_qqps,54
-21042,1680,20228,20605,94C2, 9.125000E+01,19,15,34,19,15,-5.031481E+00,-6.552304E+00, 7.618622E+00, 4.431617E+01, 4.395671E+01, 2.313511E+00,-2.660666E+00,-5.717442E+00, 5.135133E+00, 8.096023E+01, 4.286386E+01, 3.335764E+01, 1.414161E+00,13, 7.350161E+00,0, 0.000000E+00,0, 0.000000E+00,10, 2.364174E+01, 5.923637E-01, 1.191588E+01,NULL,NULL,1,mc_qqps,54
-21042,1681,20228,20619,94C2, 9.125000E+01,53,17,70,53,17,-7.537492E+00, 7.159120E+00, 7.372535E+00, 6.957810E+01, 6.795282E+01, 1.282129E+00,-6.303578E+00, 3.152027E+00, 7.009361E+00, 1.233715E+02, 3.546267E+01, 4.393974E+01, 9.001211E+00,17, 9.191915E-01,1, 0.000000E+00,0, 0.000000E+00,13, 3.838725E+01, 4.726050E-01, 1.142775E+01,NULL,NULL,1,mc_qqps,54
-21042,1682,20228,20638,94C2, 9.125000E+01,39,12,51,39,12, 9.778233E-01,-2.156116E+00,-4.283176E+00, 6.001772E+01, 5.930259E+01, 1.520579E+00,-5.327988E-01,-1.730118E+00,-3.041762E+00, 7.727570E+01, 5.019177E+01, 1.688649E+01, 0.000000E+00,16, 1.408321E+00,2, 4.484889E-01,0, 0.000000E+00,11, 1.679066E+01, 3.714922E-01, 3.243165E+00,NULL,NULL,1,mc_qqps,54
-21042,1683,20228,20656,94C2, 9.125000E+01,54,20,74,54,20, 4.009165E-01, 2.682398E+00, 1.759019E+00, 7.337234E+01, 7.245904E+01, 1.341834E+00, 2.149801E+00,-8.837582E-01,-1.994960E+00, 1.043420E+02, 5.907068E+01, 1.667973E+01, 7.014247E+00,16, 2.125090E+00,5, 3.239556E-01,0, 0.000000E+00,11, 1.343995E+01, 6.726038E-01, 3.203031E+00,NULL,NULL,1,mc_qqps,54
-21042,1684,20228,20716,94C2, 9.125000E+01,47,17,64,47,17,-1.714885E+00, 3.367876E+00, 1.404334E+01, 5.281591E+01, 5.187132E+01, 1.103645E+00, 6.046101E+00,-6.532676E-01, 7.370418E+00, 8.000944E+01, 4.121254E+01, 2.061224E+01, 2.381995E+00,14, 4.628013E+00,7, 3.998597E-01,0, 0.000000E+00,8, 1.295927E+01, 6.235955E-01, 3.575712E+00,NULL,NULL,1,mc_qqps,54
-21042,1685,20228,20736,94C2, 9.125000E+01,18,12,30,18,12, 8.418953E+00, 3.935460E+00, 1.011963E+01, 5.982261E+01, 5.964261E+01, 3.313478E+00, 1.612764E+01, 5.131273E+00, 1.502588E+01, 1.020847E+02, 5.828412E+01, 9.513372E+00, 2.832339E+01,9, 1.564580E-01,0, 0.000000E+00,0, 0.000000E+00,6, 1.320675E+01, 7.301075E-01, 5.194284E+00,1, 0.000000E+00,1,mc_qqps,54
-21042,1686,20228,20754,94C2, 9.125000E+01,17,7,24,17,7,-4.434291E-01, 1.418644E+00,-2.607360E+00, 9.050440E+01, 9.033008E+01, 5.313534E+00, 1.967076E+00, 2.108118E+00, 3.552933E+00, 1.067930E+02, 5.400440E+01, 1.316662E+01, 3.122013E+00,0, 0.000000E+00,13, 2.008304E+01,0, 0.000000E+00,NULL,NULL,NULL,NULL,NULL,NULL,1,mc_qqps,54
-21042,1687,20228,20806,94C2, 9.125000E+01,16,12,28,16,12,-1.540748E+00,-1.392323E+00,-4.301073E+01, 6.881081E+01, 6.852638E+01, 4.282899E+00,-1.195731E+00,-8.166800E-01,-4.176138E+01, 8.741224E+01, 9.111611E+00, 1.285064E+01, 5.750790E+00,2, 0.000000E+00,9, 6.344444E+00,0, 0.000000E+00,2, 2.530132E+00, 9.934983E-01, 1.536634E+00,2, 0.000000E+00,0,mc_qqps,54
-21042,1688,20228,20823,94C2, 9.125000E+01,34,10,44,34,10,-1.569458E+00, 5.664122E-01, 1.282448E+00, 5.489066E+01, 5.423065E+01, 1.595019E+00,-2.036195E+00,-5.202781E-01, 2.913205E+00, 7.106378E+01, 5.072401E+01, 1.029782E+01, 3.979614E+00,8, 0.000000E+00,0, 0.000000E+00,0, 0.000000E+00,7, 1.219350E+01, 4.956079E-01, 4.892186E+00,NULL,NULL,1,mc_qqps,54
-21042,1689,20228,20837,94C2, 9.125000E+01,32,11,43,32,11, 8.108198E+00,-7.541600E+00,-1.972483E+00, 7.821175E+01, 7.762816E+01, 2.425880E+00, 2.323068E+01,-1.595176E+01,-1.233795E+01, 1.078831E+02, 5.085269E+01, 2.597973E+01, 1.927967E+00,14, 2.937662E-01,0, 0.000000E+00,0, 0.000000E+00,9, 2.600215E+01, 4.506105E-01, 1.143205E+01,NULL,NULL,1,mc_qqps,54
-21042,1690,20228,20850,94C2, 9.125000E+01,22,6,28,22,6, 6.884860E+00, 1.224668E+01, 9.845869E+00, 6.800820E+01, 6.755054E+01, 3.070479E+00,-1.850791E+00, 4.137651E+00, 4.195886E+00, 8.317413E+01, 6.580943E+01, 3.325466E+00, 1.165522E+00,7, 0.000000E+00,0, 0.000000E+00,0, 0.000000E+00,4, 1.379003E+01, 1.103691E+00, 8.208310E+00,NULL,NULL,1,mc_qqps,54
-21042,1691,20228,20900,94C2, 9.125000E+01,18,13,31,18,13,-9.178683E+00, 2.259806E+00, 5.953907E+00, 5.505111E+01, 5.482370E+01, 3.045761E+00,-3.642770E+00, 1.216263E+00, 3.316399E+00, 1.016038E+02, 5.148866E+01, 3.953868E+01, 0.000000E+00,17, 7.258692E+00,0, 0.000000E+00,0, 0.000000E+00,13, 4.655275E+01, 4.030021E-01, 2.055077E+01,NULL,NULL,1,mc_qqps,54
-21042,1692,20228,20911,94C2, 9.125000E+01,18,12,30,18,12,-6.817254E+00, 9.760638E+00,-9.178496E+00, 4.947874E+01, 4.932219E+01, 2.740122E+00,-1.581186E+00, 2.738725E+00,-3.113065E+00, 7.077006E+01, 4.801109E+01, 2.081824E+01, 0.000000E+00,14, 6.268034E+00,0, 0.000000E+00,0, 0.000000E+00,11, 1.893184E+01, 3.135773E-01, 5.847920E+00,NULL,NULL,1,mc_qqps,54
-21042,1693,20228,20925,94C2, 9.125000E+01,63,23,86,63,23,-1.508525E+00, 2.565636E+00, 4.424761E+00, 6.689688E+01, 6.531622E+01, 1.036765E+00, 2.167154E+00, 6.247221E-01, 4.967994E+00, 9.169798E+01, 3.830833E+01, 2.092885E+01, 3.155084E+00,8, 3.350847E-01,17, 2.361376E-01,0, 0.000000E+00,6, 5.497272E+00, 6.447296E-01, 1.250850E+00,NULL,NULL,1,mc_qqps,54
-21042,1694,20228,20948,94C2, 9.125000E+01,30,22,52,30,22, 1.667297E+00, 3.447880E+00, 1.991782E+00, 7.127163E+01, 7.068941E+01, 2.356314E+00, 6.283908E+00, 8.792203E+00, 6.217608E+00, 1.287904E+02, 6.889493E+01, 4.273759E+01, 1.089096E+01,23, 2.334315E+00,0, 0.000000E+00,0, 0.000000E+00,16, 2.192115E+01, 3.774771E-01, 2.606949E+00,NULL,NULL,1,mc_qqps,54
-21042,1695,20228,21005,94C2, 9.125000E+01,25,4,29,25,4, 4.658091E+00, 1.787228E+00, 4.965105E-01, 8.514698E+01, 8.483359E+01, 3.393343E+00, 7.923825E+00, 1.871344E+00,-5.386567E-01, 9.631056E+01, 7.063322E+01, 7.271513E+00, 0.000000E+00,12, 2.773185E+00,0, 0.000000E+00,0, 0.000000E+00,4, 1.116359E+01, 6.534833E-01, 4.868334E+00,NULL,NULL,1,mc_qqps,54
-21042,1696,20228,21016,94C2, 9.125000E+01,16,9,25,16,9,-2.465069E+00, 1.357280E-01, 1.444651E+00, 6.196082E+01, 6.168059E+01, 3.855037E+00, 4.609538E+00,-7.029888E+00,-1.301272E+01, 1.017277E+02, 5.690653E+01, 1.069049E+01, 2.839110E+01,6, 3.313249E-01,1, 0.000000E+00,0, 0.000000E+00,3, 1.005169E+01, 6.852738E-01, 6.365143E+00,1, 0.000000E+00,1,mc_qqps,54
-21042,1697,20228,21034,94C2, 9.125000E+01,22,15,37,22,15,-5.852070E+00, 4.515116E+00, 1.281722E+00, 7.667603E+01, 7.637931E+01, 3.471787E+00, 8.468664E+00,-1.339574E+01,-1.047227E+01, 1.128718E+02, 4.797705E+01, 3.333387E+01, 1.140803E+00,13, 2.084487E+00,0, 0.000000E+00,0, 0.000000E+00,8, 1.960817E+01, 3.822289E-01, 1.059284E+01,NULL,NULL,1,mc_qqps,54
-21042,1698,20228,21046,94C2, 9.125000E+01,38,16,54,38,16,-1.372581E+00,-2.243503E+00, 4.546448E+00, 7.291596E+01, 7.236681E+01, 1.904390E+00, 1.288513E+01,-4.484654E+00,-1.367830E+01, 1.056773E+02, 7.025128E+01, 1.635865E+01, 2.568736E+00,15, 2.111385E+00,2, 0.000000E+00,0, 0.000000E+00,10, 2.626528E+01, 3.434924E-01, 1.225813E+01,1, 0.000000E+00,1,mc_qqps,54
-21042,1699,20228,21102,94C2, 9.125000E+01,34,12,46,34,12,-9.083754E+00,-4.659914E-01,-4.535295E+00, 6.425377E+01, 6.370341E+01, 1.873630E+00,-2.008855E+01,-1.267483E+00,-8.441801E+00, 8.858685E+01, 5.914452E+01, 9.533314E+00, 1.015972E+01,17, 1.500868E+00,0, 0.000000E+00,0, 0.000000E+00,8, 1.449090E+01, 4.649608E-01, 3.663925E+00,NULL,NULL,1,mc_qqps,54
-21042,1700,20228,21115,94C2, 9.125000E+01,47,7,54,47,7,-2.487219E+01,-3.050518E+00,-7.097932E+01, 2.684598E+02, 2.676738E+02, 5.695188E+00,-2.810325E+01,-3.668519E+00,-7.807313E+01, 2.834898E+02, 3.430281E+01, 1.502998E+01, 0.000000E+00,0, 0.000000E+00,15, 9.542593E+00,0, 0.000000E+00,NULL,NULL,NULL,NULL,NULL,NULL,1,mc_qqps,54
-21042,1701,20228,21134,94C2, 9.125000E+01,16,12,28,16,12, 5.784279E-01,-2.404921E+00, 1.115633E+00, 6.908672E+01, 6.897594E+01, 4.310996E+00,-1.336524E+00, 3.252885E+00,-2.571674E+00, 8.600618E+01, 6.895181E+01, 1.328994E+01, 4.833902E-01,15, 6.426684E+00,0, 0.000000E+00,0, 0.000000E+00,11, 1.643607E+01, 5.763500E-01, 2.293236E+00,NULL,NULL,1,mc_qqps,54
-21042,1702,20228,21145,94C2, 9.125000E+01,15,8,23,15,8, 4.253558E+00, 6.451046E+00, 4.222377E+00, 7.612605E+01, 7.594089E+01, 5.062726E+00, 2.107039E+00, 6.414778E+00, 3.697028E+00, 9.434683E+01, 7.540093E+01, 1.221480E+01, 4.085903E+00,10, 9.038196E+00,0, 0.000000E+00,0, 0.000000E+00,7, 1.413488E+01, 8.891467E-01, 4.733596E+00,NULL,NULL,1,mc_qqps,54
-21042,1703,20228,21155,94C2, 9.125000E+01,18,10,28,18,10, 4.296376E+00,-7.652616E+00,-1.062988E+01, 4.144142E+01, 4.106152E+01, 2.281195E+00, 2.949053E+00,-4.947599E+00,-5.566458E+00, 5.725650E+01, 3.959308E+01, 1.318923E+01, 1.997842E+00,6, 3.932683E+00,5, 0.000000E+00,0, 0.000000E+00,3, 3.851601E+00, 6.280140E-01, 1.782512E+00,NULL,NULL,1,mc_qqps,54
-21042,1704,20228,21210,94C2, 9.125000E+01,26,13,39,26,13, 1.866164E+00, 1.027737E+01, 5.499486E+00, 7.575690E+01, 7.541957E+01, 2.900753E+00, 8.900930E-01, 1.162826E+01, 1.004806E+01, 9.672812E+01, 6.968524E+01, 1.844340E+01, 2.527825E+00,12, 1.818055E+00,1, 0.000000E+00,0, 0.000000E+00,10, 1.690396E+01, 5.192286E-01, 3.646591E+00,NULL,NULL,1,mc_qqps,54
-21042,1705,20228,21225,94C2, 9.125000E+01,18,15,33,18,15,-3.960526E+00,-3.645978E+00,-8.337740E+00, 5.084026E+01, 5.068589E+01, 2.815883E+00,-1.132688E+00,-7.954092E-01,-2.273355E+00, 8.267168E+01, 4.844012E+01, 2.873575E+01, 0.000000E+00,9, 2.768013E+00,10, 0.000000E+00,0, 0.000000E+00,7, 1.346765E+01, 4.429223E-01, 6.931126E+00,NULL,NULL,1,mc_qqps,54
-21042,1706,20228,21237,94C2, 9.125000E+01,52,10,62,52,10,-1.713396E+01, 1.586066E+01,-1.098144E+02, 1.797898E+02, 1.776355E+02, 3.416068E+00,-1.575175E+01, 1.412714E+01,-1.058763E+02, 1.916224E+02, 4.870606E+01, 1.183265E+01, 0.000000E+00,5, 1.489961E+00,12, 5.499691E+00,0, 0.000000E+00,3, 2.829337E+00, 7.754091E-01, 1.130958E+00,1, 0.000000E+00,1,mc_qqps,54
-21042,1707,20228,21253,94C2, 9.125000E+01,18,12,30,18,12,-4.115410E+00,-1.600873E+00, 5.254467E+00, 7.283694E+01, 7.256645E+01, 4.031469E+00,-5.400298E-01,-8.374556E-01, 2.002134E-01, 9.432356E+01, 6.173698E+01, 1.991163E+01, 1.574983E+00,0, 0.000000E+00,12, 3.114673E+00,0, 0.000000E+00,NULL,NULL,NULL,NULL,NULL,NULL,1,mc_qqps,54
-21042,1708,20228,21306,94C2, 9.125000E+01,45,22,67,45,22,-2.510736E+00,-1.152381E+01, 4.399459E+00, 5.939201E+01, 5.822833E+01, 1.293963E+00,-1.111106E+00,-3.052929E+00, 4.150897E+00, 9.004971E+01, 5.129995E+01, 2.458220E+01, 1.078590E+00,22, 4.440228E+00,1, 0.000000E+00,0, 0.000000E+00,18, 2.869027E+01, 5.124106E-01, 4.955027E+00,NULL,NULL,1,mc_qqps,54
-21042,1709,20228,21325,94C2, 9.125000E+01,27,12,39,27,12,-8.345642E+00, 6.065630E+00, 4.697581E+00, 7.580045E+01, 7.537720E+01, 2.791748E+00,-2.959095E+00, 5.009526E+00, 1.721744E+00, 9.710079E+01, 6.683944E+01, 1.108080E+01, 4.067777E+00,11, 4.973086E+00,0, 0.000000E+00,0, 0.000000E+00,8, 1.723258E+01, 5.173368E-01, 3.591173E+00,NULL,NULL,1,mc_qqps,54
-21042,1710,20228,21338,94C2, 9.125000E+01,25,9,34,25,9, 7.953410E-01,-7.584476E-02, 2.224174E+00, 7.753342E+01, 7.720461E+01, 3.088184E+00, 2.765305E+00,-1.627585E+01,-1.146464E+01, 1.017335E+02, 6.792303E+01, 2.070941E+01, 1.495251E+00,18, 1.355046E+01,0, 0.000000E+00,0, 0.000000E+00,7, 1.169466E+01, 3.819140E-01, 4.918320E+00,NULL,NULL,1,mc_qqps,54
-21042,1711,20228,21351,94C2, 9.125000E+01,23,12,35,23,12,-1.949382E+00,-2.312127E+00, 2.907511E+00, 7.637928E+01, 7.598502E+01, 3.303696E+00, 3.075509E+00, 3.271474E-01,-1.288842E+00, 9.766446E+01, 7.471601E+01, 2.053836E+01, 7.468166E-01,11, 1.101977E+00,1, 0.000000E+00,0, 0.000000E+00,7, 1.569643E+01, 5.716362E-01, 6.080870E+00,NULL,NULL,1,mc_qqps,54
-21042,1712,20228,21406,94C2, 9.125000E+01,48,22,70,48,22, 1.052114E+01, 3.877132E+00, 5.907750E+00, 6.952354E+01, 6.840695E+01, 1.425145E+00, 3.660808E+00, 6.421001E-01, 2.196868E+00, 9.137164E+01, 6.193420E+01, 1.498655E+01, 5.357904E-01,24, 2.787557E+00,2, 0.000000E+00,0, 0.000000E+00,17, 2.011949E+01, 3.383791E-01, 4.651769E+00,NULL,NULL,1,mc_qqps,54
-21042,1713,20228,21423,94C2, 9.125000E+01,47,15,62,47,15, 7.909987E-01, 2.335781E+00,-1.261538E+00, 7.323130E+01, 7.190044E+01, 1.529796E+00,-7.432041E-01,-1.767185E+00,-2.953310E+00, 9.244347E+01, 6.293301E+01, 1.019987E+01, 1.355378E+00,22, 1.089474E+01,0, 0.000000E+00,0, 0.000000E+00,12, 1.785681E+01, 5.237128E-01, 4.118531E+00,NULL,NULL,1,mc_qqps,54
-21042,1714,20228,21442,94C2, 9.125000E+01,32,19,51,32,19,-3.399933E+00, 2.879813E+00,-1.206239E+01, 5.255400E+01, 5.197248E+01, 1.624140E+00,-4.909814E+00, 6.207425E+00,-1.212573E+01, 8.277333E+01, 4.768923E+01, 2.055094E+01, 5.485236E+00,10, 1.875544E-01,9, 0.000000E+00,0, 0.000000E+00,8, 1.110391E+01, 3.843548E-01, 3.299916E+00,2, 0.000000E+00,1,mc_qqps,54
-21042,1715,20228,21505,94C2, 9.125000E+01,18,12,30,18,12,-5.044574E+00,-6.521450E+00, 5.550460E-01, 7.323674E+01, 7.309503E+01, 4.060835E+00,-9.489145E+00,-1.278011E+01,-1.985076E+00, 9.416346E+01, 5.691316E+01, 1.644413E+01, 2.091631E+00,14, 2.994560E+01,0, 0.000000E+00,0, 0.000000E+00,9, 1.518754E+01, 6.250444E-01, 3.092199E+00,1, 0.000000E+00,1,mc_qqps,54
-21042,1716,20228,21519,94C2, 9.125000E+01,27,11,38,27,11, 1.722714E-01, 1.628398E+00, 2.483755E+00, 5.225333E+01, 5.176922E+01, 1.917378E+00, 1.322434E+00,-5.404127E+00,-4.471389E+00, 6.884434E+01, 4.453623E+01, 1.576112E+01, 1.557094E-01,8, 2.510526E+00,4, 0.000000E+00,0, 0.000000E+00,5, 1.094424E+01, 4.105424E-01, 4.537966E+00,NULL,NULL,1,mc_qqps,54
-21042,1717,20228,21534,94C2, 9.125000E+01,18,6,24,18,6, 6.158132E+00,-1.465676E+01,-4.702410E+00, 4.508525E+01, 4.491307E+01, 2.495170E+00,-8.833031E+00, 1.161117E+01, 5.222027E+00, 7.930920E+01, 4.486953E+01, 3.354483E+01, 6.801177E-01,8, 2.003744E-01,0, 0.000000E+00,0, 0.000000E+00,4, 3.307700E+01, 5.748968E-01, 1.573487E+01,NULL,NULL,1,mc_qqps,54
-21042,1718,20228,21543,94C2, 9.125000E+01,21,17,38,21,17,-2.110910E+00,-1.333473E+01, 4.343594E+00, 6.163667E+01, 6.126311E+01, 2.917291E+00,-2.107124E-02, 5.456267E+00,-9.677405E-01, 9.498240E+01, 5.627310E+01, 2.393759E+01, 5.513037E+00,21, 4.225107E+00,0, 0.000000E+00,0, 0.000000E+00,15, 2.468929E+01, 3.280914E-01, 4.545456E+00,NULL,NULL,1,mc_qqps,54
-21042,1719,20228,21557,94C2, 9.125000E+01,48,18,66,48,18, 9.354970E-01, 6.815106E-01,-2.092369E+00, 6.185042E+01, 6.063408E+01, 1.263210E+00,-1.188517E+01,-6.418322E+00, 2.504712E+00, 9.733971E+01, 4.025904E+01, 3.403375E+01, 8.430223E-01,21, 6.429891E+00,0, 0.000000E+00,0, 0.000000E+00,14, 3.410147E+01, 6.117887E-01, 6.342846E+00,NULL,NULL,1,mc_qqps,54
-21042,1720,20228,21612,94C2, 9.125000E+01,30,12,42,30,12,-1.199246E+01,-5.137395E+00, 5.902888E+00, 4.071542E+01, 4.006359E+01, 1.335453E+00,-2.102958E+00,-2.896786E-03, 4.833471E-01, 8.524144E+01, 3.645034E+01, 3.998964E+01, 4.536380E+00,16, 6.638824E+00,0, 0.000000E+00,0, 0.000000E+00,10, 3.960101E+01, 4.950945E-01, 2.444451E+01,NULL,NULL,1,mc_qqps,54
-21042,1721,20228,21627,94C2, 9.125000E+01,49,9,58,49,9, 4.579937E+00,-6.993482E+00,-2.042491E+00, 6.265536E+01, 6.177194E+01, 1.260652E+00, 8.892694E+00,-1.008437E+01,-2.783667E+00, 7.131794E+01, 4.733083E+01, 6.847795E+00, 1.814772E+00,11, 4.424965E-01,3, 6.217798E-01,0, 0.000000E+00,3, 3.964023E+00, 5.578681E-01, 2.802886E+00,NULL,NULL,1,mc_qqps,54
-21042,1722,20228,21643,94C2, 9.125000E+01,16,15,31,16,15, 2.127486E+00, 7.472673E+00,-1.269251E+00, 4.806592E+01, 4.777144E+01, 2.985715E+00,-1.097873E+00, 2.133193E+00, 8.536847E-01, 8.313516E+01, 4.718990E+01, 1.996663E+01, 1.510261E+01,16, 7.176113E+00,0, 0.000000E+00,0, 0.000000E+00,12, 1.890470E+01, 6.766422E-01, 3.854939E+00,NULL,NULL,1,mc_qqps,54
-21042,1723,20228,21657,94C2, 9.125000E+01,31,14,45,31,14, 1.593160E+01,-7.881462E+00,-5.819381E+00, 6.379301E+01, 6.313894E+01, 2.036740E+00, 4.900939E+00,-2.497054E+00,-2.623908E+00, 9.156114E+01, 5.979392E+01, 2.318670E+01, 0.000000E+00,22, 4.634593E+00,0, 0.000000E+00,0, 0.000000E+00,14, 2.776814E+01, 3.549512E-01, 1.225449E+01,NULL,NULL,1,mc_qqps,54
-21042,1724,20228,21711,94C2, 9.125000E+01,27,11,38,27,11,-2.072481E+00, 1.222672E+01, 1.602432E+01, 3.811642E+01, 3.760705E+01, 1.392854E+00,-7.570062E-01, 6.885974E+00, 7.792117E+00, 6.241207E+01, 3.587375E+01, 2.344637E+01, 8.492837E-01,3, 0.000000E+00,8, 0.000000E+00,0, 0.000000E+00,1, 1.142726E+00, 1.142726E+00, 1.142726E+00,NULL,NULL,1,mc_qqps,54
-21042,1725,20228,21722,94C2, 9.125000E+01,30,12,42,30,12, 4.967319E+00,-5.000629E+00, 5.983076E+00, 6.215626E+01, 6.168933E+01, 2.056311E+00, 5.399785E+00,-3.567084E+00, 5.870893E+00, 8.666808E+01, 6.039301E+01, 1.931532E+01, 3.972926E+00,13, 3.311850E-01,0, 0.000000E+00,0, 0.000000E+00,8, 1.648058E+01, 4.386050E-01, 5.975007E+00,NULL,NULL,1,mc_qqps,54
-21042,1726,20228,21737,94C2, 9.125000E+01,33,11,44,33,11, 1.383331E+01,-1.047533E+01, 1.501199E+01, 4.819862E+01, 4.758323E+01, 1.441916E+00, 8.181785E+00,-8.311078E+00, 9.082786E+00, 8.025835E+01, 4.318306E+01, 2.685080E+01, 4.736827E+00,11, 1.844439E+00,1, 0.000000E+00,0, 0.000000E+00,8, 2.632742E+01, 4.721167E-01, 1.261908E+01,NULL,NULL,1,mc_qqps,54
-21042,1727,20228,21756,94C2, 9.125000E+01,11,19,30,11,19, 1.027751E+00, 1.485916E+00, 4.241283E+00, 9.516683E+00, 9.089757E+00, 8.263416E-01,-4.937688E-01, 1.679870E+00, 6.244827E+00, 4.238921E+01, 4.470345E+00, 2.918876E+01, 3.683768E+00,1, 0.000000E+00,8, 0.000000E+00,0, 0.000000E+00,1, 5.275432E-01, 5.275432E-01, 5.275432E-01,7, 0.000000E+00,0,mc_qqps,54
-21042,1728,20228,21815,94C2, 9.125000E+01,38,18,56,38,18, 6.502124E+00,-8.230141E+00,-9.700139E-01, 6.581271E+01, 6.514661E+01, 1.714385E+00, 6.649074E+00,-7.902558E+00,-1.558320E+00, 9.220467E+01, 4.588404E+01, 1.779470E+01, 8.679441E+00,14, 1.141154E+00,2, 0.000000E+00,0, 0.000000E+00,8, 8.471082E+00, 4.402459E-01, 1.660194E+00,1, 0.000000E+00,1,mc_qqps,54
-21042,1729,20228,21833,94C2, 9.125000E+01,22,15,37,22,15, 6.337507E-01, 2.085058E+00, 7.462852E-01, 6.408693E+01, 6.372960E+01, 2.896800E+00, 1.570290E+00, 2.275139E+00, 8.278154E-01, 8.347993E+01, 6.290316E+01, 1.022206E+01, 2.036007E-01,8, 0.000000E+00,6, 0.000000E+00,0, 0.000000E+00,7, 1.168313E+01, 4.418477E-01, 5.095644E+00,NULL,NULL,1,mc_qqps,54
-21042,1730,20228,21848,94C2, 9.125000E+01,20,5,25,20,5, 4.472828E+00, 6.904895E+00, 1.918788E+01, 5.813319E+01, 5.771164E+01, 2.885582E+00, 4.671917E+00, 7.616825E+00, 2.141999E+01, 6.094919E+01, 5.135369E+00, 1.140247E+00, 1.675756E+00,0, 0.000000E+00,8, 1.429037E+00,0, 0.000000E+00,NULL,NULL,NULL,NULL,1, 0.000000E+00,0,mc_qqps,54
-21042,1731,20228,21904,94C2, 9.125000E+01,49,20,69,49,20,-1.370353E+01,-1.743036E+00, 1.709565E+01, 4.553148E+01, 4.427066E+01, 9.034828E-01,-2.484647E+01,-7.968855E+00, 2.941773E+01, 7.190813E+01, 3.427931E+01, 2.356535E+01, 2.142714E+00,11, 5.607692E+00,4, 0.000000E+00,0, 0.000000E+00,9, 2.078594E+01, 5.127353E-01, 6.344742E+00,NULL,NULL,1,mc_qqps,54
-21042,1732,20228,21928,94C2, 9.125000E+01,37,19,56,37,19,-7.654830E+00,-1.832411E+01, 1.334538E+01, 5.248709E+01, 5.167893E+01, 1.396728E+00, 1.435511E-01,-1.934741E+00, 4.938579E-01, 9.523454E+01, 3.442490E+01, 4.233119E+01, 0.000000E+00,20, 3.888201E+00,4, 0.000000E+00,0, 0.000000E+00,14, 4.034126E+01, 4.176066E-01, 6.745204E+00,1, 0.000000E+00,1,mc_qqps,54
-21042,1733,20228,21947,94C2, 9.125000E+01,41,24,65,41,24, 2.870049E+00, 3.057098E+00, 6.957136E-01, 6.357435E+01, 6.280264E+01, 1.531772E+00, 3.888437E-01, 3.468532E-01, 8.455280E+00, 8.821859E+01, 5.726858E+01, 1.867903E+01, 5.410221E+00,11, 3.722175E+00,8, 0.000000E+00,0, 0.000000E+00,6, 6.355031E+00, 4.110866E-01, 2.500436E+00,NULL,NULL,1,mc_qqps,54
-21042,1734,20228,22005,94C2, 9.125000E+01,33,12,45,33,12, 7.721381E+00,-3.208594E+00, 7.551930E+00, 6.933356E+01, 6.836018E+01, 2.071521E+00, 3.785882E+00,-3.227983E+00, 5.711125E+00, 1.001028E+02, 6.318903E+01, 2.624004E+01, 0.000000E+00,10, 2.286282E-01,2, 0.000000E+00,0, 0.000000E+00,8, 2.796088E+01, 5.795642E-01, 1.476804E+01,NULL,NULL,1,mc_qqps,54
-21042,1735,20228,22021,94C2, 9.125000E+01,25,15,40,25,15,-4.752244E+00, 7.560812E+00,-3.450454E-01, 4.888556E+01, 4.853744E+01, 1.941497E+00, 8.591239E+00,-2.634112E+00, 2.258944E+00, 7.226247E+01, 4.709949E+01, 1.972840E+01, 7.550079E-01,16, 3.565423E+00,4, 0.000000E+00,0, 0.000000E+00,10, 2.072150E+01, 6.335296E-01, 4.790066E+00,NULL,NULL,1,mc_qqps,54
-21042,1736,20228,22034,94C2, 9.125000E+01,36,16,52,36,16,-2.796297E+00,-9.254181E-01,-3.709692E-01, 5.809738E+01, 5.701781E+01, 1.583828E+00, 3.098132E+00,-1.092167E+00,-1.120221E+00, 9.277926E+01, 4.902592E+01, 1.637212E+01, 7.648564E+00,19, 4.162547E+00,0, 0.000000E+00,0, 0.000000E+00,14, 2.705119E+01, 6.111727E-01, 5.030781E+00,NULL,NULL,1,mc_qqps,54
-21042,1737,20228,22047,94C2, 9.125000E+01,18,11,29,18,11,-3.724862E+00,-3.357323E+00, 1.174450E+01, 7.212597E+01, 7.178120E+01, 3.987845E+00,-2.826945E+00,-3.849809E+00, 1.093568E+01, 9.463843E+01, 2.790226E+00, 1.183078E+01, 1.068168E+01,1, 0.000000E+00,8, 1.429765E+01,0, 0.000000E+00,1, 6.087474E-01, 6.087474E-01, 6.087474E-01,2, 0.000000E+00,0,mc_qqps,54
-21042,1738,20228,22105,94C2, 9.125000E+01,23,11,34,23,11,-3.924219E+00, 2.302627E+00,-2.272181E+00, 4.046034E+01, 4.012030E+01, 1.744361E+00,-7.793751E+00, 9.584917E+00,-1.574968E+01, 7.070025E+01, 2.410001E+01, 1.524622E+01, 1.212613E+01,1, 0.000000E+00,9, 3.971009E-01,0, 0.000000E+00,1, 2.882105E+00, 2.882105E+00, 2.882105E+00,NULL,NULL,1,mc_qqps,54
-21042,1739,20228,22116,94C2, 9.125000E+01,36,20,56,36,20,-2.404451E+00, 3.070493E+00,-2.375178E+00, 5.952151E+01, 5.886794E+01, 1.635221E+00,-1.187821E+00, 3.626539E+00,-2.005473E+00, 8.674133E+01, 5.737573E+01, 1.852510E+01, 8.166832E+00,19, 3.482045E+00,0, 0.000000E+00,0, 0.000000E+00,13, 1.602303E+01, 5.278755E-01, 2.327008E+00,1, 0.000000E+00,1,mc_qqps,54
-21042,1740,20228,22133,94C2, 9.125000E+01,28,25,53,28,25, 2.447671E+00, 3.378718E+00,-4.249640E+00, 5.079028E+01, 5.023076E+01, 1.793956E+00,-1.471815E+00, 1.178538E+00, 1.960427E+00, 8.271354E+01, 4.848830E+01, 2.595357E+01, 5.711614E+00,10, 2.735849E-01,13, 2.195818E+00,0, 0.000000E+00,9, 1.067937E+01, 3.934901E-01, 2.276127E+00,NULL,NULL,1,mc_qqps,54
-21042,1741,20228,22153,94C2, 9.125000E+01,38,14,52,38,14, 1.013487E+01, 4.297855E+00,-5.948390E+00, 6.502135E+01, 6.431062E+01, 1.692385E+00, 7.771316E+00, 7.773587E+00,-8.330091E+00, 9.279203E+01, 5.317455E+01, 1.379593E+01, 1.299286E+01,17, 2.465434E+00,1, 0.000000E+00,0, 0.000000E+00,10, 1.424015E+01, 6.375700E-01, 2.630471E+00,NULL,NULL,1,mc_qqps,54
-21042,1742,20228,22212,94C2, 9.125000E+01,27,13,40,27,13, 9.297892E+00, 2.223959E+01,-9.118241E+00, 4.282272E+01, 4.218735E+01, 1.562495E+00, 6.460835E-01,-9.924296E-01,-1.705881E+00, 8.793370E+01, 4.118091E+01, 1.743088E+01, 2.504932E+01,14, 1.475130E+01,1, 5.247832E-01,0, 0.000000E+00,9, 1.691171E+01, 5.301726E-01, 4.515790E+00,NULL,NULL,1,mc_qqps,54
-21042,1743,20228,22229,94C2, 9.125000E+01,16,8,24,16,8, 1.117074E+01,-1.560564E+01,-8.405696E+00, 4.349860E+01, 4.328306E+01, 2.705191E+00, 8.043259E+00,-1.081808E+01,-6.079614E+00, 7.889462E+01, 4.261101E+01, 2.208312E+01, 1.334514E+01,9, 9.537633E-01,0, 0.000000E+00,0, 0.000000E+00,5, 2.208312E+01, 1.735629E+00, 7.129032E+00,NULL,NULL,1,mc_qqps,54
-21042,1744,20228,22239,94C2, 9.125000E+01,59,11,70,59,11,-1.708921E+00,-1.212896E+00, 7.764464E-01, 7.570752E+01, 7.376754E+01, 1.250297E+00, 4.957632E+00,-6.276355E+00, 1.822735E+00, 9.121184E+01, 6.449820E+01, 5.787949E+00, 9.440994E+00,18, 5.409129E-01,0, 0.000000E+00,0, 0.000000E+00,7, 6.213069E+00, 4.251202E-01, 1.432676E+00,NULL,NULL,1,mc_qqps,54
-21042,1745,20228,22305,94C2, 9.125000E+01,24,10,34,24,10,-1.915033E+00,-8.992186E-01,-3.427766E+00, 7.061346E+01, 7.020026E+01, 2.925011E+00,-3.548856E-02,-1.008593E+00,-2.955900E+00, 8.371132E+01, 6.467683E+01, 7.100511E+00, 0.000000E+00,10, 9.555117E+00,3, 4.649775E-01,0, 0.000000E+00,7, 1.211160E+01, 5.287954E-01, 3.410210E+00,NULL,NULL,1,mc_qqps,54
-21042,1746,20228,22320,94C2, 9.125000E+01,31,12,43,31,12,-4.263570E+00,-8.622751E+00,-1.372510E+01, 4.929862E+01, 4.856599E+01, 1.566645E+00,-5.163268E+00,-9.704176E+00,-1.556766E+01, 5.992685E+01, 3.614940E+01, 9.431314E+00, 1.196921E+00,2, 0.000000E+00,10, 6.395576E+00,0, 0.000000E+00,NULL,NULL,NULL,NULL,1, 0.000000E+00,1,mc_qqps,54
-21042,1747,20228,22333,94C2, 9.125000E+01,24,11,35,24,11,-4.904067E+00, 5.375901E-01,-1.640949E+00, 3.888766E+01, 3.843769E+01, 1.601570E+00,-7.901819E+00,-5.957391E-01,-7.162647E-02, 7.236795E+01, 3.189166E+01, 2.061406E+01, 1.032827E+01,13, 6.028681E+00,0, 0.000000E+00,0, 0.000000E+00,9, 1.987242E+01, 1.148387E+00, 3.274310E+00,NULL,NULL,1,mc_qqps,54
-21042,1748,20228,22346,94C2, 9.125000E+01,22,10,32,22,10, 1.245020E+00, 2.987164E+00, 4.739356E+00, 9.421427E+01, 9.387921E+01, 4.267237E+00, 2.489273E+00, 4.490301E+00, 7.761332E+00, 1.034922E+02, 8.914543E+01, 7.521601E+00, 1.756321E+00,1, 0.000000E+00,11, 1.749737E+00,0, 0.000000E+00,NULL,NULL,NULL,NULL,NULL,NULL,1,mc_qqps,54
-21042,1749,20228,22356,94C2, 9.125000E+01,30,10,40,30,10, 1.124733E+01,-7.640245E+00,-2.264482E+00, 5.817842E+01, 5.758198E+01, 1.919399E+00, 1.331767E+00, 1.267814E+00, 1.334914E+00, 8.044131E+01, 4.695803E+01, 2.226365E+01, 0.000000E+00,12, 5.274220E+00,0, 0.000000E+00,0, 0.000000E+00,6, 1.820859E+01, 8.481644E-01, 1.157573E+01,NULL,NULL,1,mc_qqps,54
-21042,1750,20228,22410,94C2, 9.125000E+01,41,17,58,41,17,-1.634961E+01, 1.102079E+01,-2.767397E+00, 3.926721E+01, 3.778848E+01, 9.216702E-01,-3.693021E+00,-5.135609E-01,-2.752218E+00, 7.778482E+01, 3.235484E+01, 1.784052E+01, 2.080047E+01,15, 1.005842E+00,0, 0.000000E+00,0, 0.000000E+00,9, 1.620946E+01, 7.688128E-01, 3.839432E+00,NULL,NULL,1,mc_qqps,54
-21042,1751,20228,22426,94C2, 9.125000E+01,19,16,35,19,16, 1.660970E+01, 5.080062E+00,-1.209594E+01, 5.429153E+01, 5.417043E+01, 2.851075E+00, 1.788635E+00, 4.330486E-01,-1.797217E+00, 9.415401E+01, 5.483680E+01, 2.899782E+01, 6.213156E-01,18, 1.363003E+00,0, 0.000000E+00,0, 0.000000E+00,14, 3.671644E+01, 7.403188E-01, 7.844175E+00,NULL,NULL,1,mc_qqps,54
-21042,1752,20228,22438,94C2, 9.125000E+01,17,13,30,17,13, 1.792591E+00, 1.403887E+01, 3.030641E+00, 4.050877E+01, 4.009238E+01, 2.358375E+00,-1.654419E+00,-9.770151E+00,-2.860190E+00, 8.413020E+01, 3.977983E+01, 3.703094E+01, 6.570549E+00,11, 5.210676E-02,0, 0.000000E+00,0, 0.000000E+00,9, 3.628372E+01, 3.383625E-01, 2.360892E+01,NULL,NULL,1,mc_qqps,54
-21042,1753,20228,22450,94C2, 9.125000E+01,37,17,54,37,17, 3.270177E+00,-6.076736E+00,-4.802864E+01, 8.130996E+01, 8.055138E+01, 2.177064E+00, 2.248181E+00,-5.628957E+00,-4.152640E+01, 1.109349E+02, 1.151952E+01, 1.746372E+01, 1.216127E+01,2, 4.034515E-01,16, 1.140456E+01,0, 0.000000E+00,1, 2.063901E+00, 2.063901E+00, 2.063901E+00,2, 0.000000E+00,0,mc_qqps,54
-21042,1754,20228,22506,94C2, 9.125000E+01,24,14,38,24,14, 1.178757E+01, 1.244219E+01,-5.549912E+00, 4.120266E+01, 4.051876E+01, 1.688282E+00, 2.685463E+00, 1.112142E+00,-1.812302E+00, 7.421082E+01, 3.829089E+01, 7.851246E+00, 1.513058E+01,16, 2.639928E+00,1, 0.000000E+00,0, 0.000000E+00,11, 1.729479E+01, 3.931433E-01, 6.735031E+00,NULL,NULL,1,mc_qqps,54
-21042,1755,20228,22521,94C2, 9.125000E+01,23,18,41,23,18, 6.720714E+00,-7.766444E-01,-3.542376E+00, 4.050245E+01, 4.008990E+01, 1.743039E+00, 6.117496E+00,-7.515150E-01,-2.935684E+00, 8.787585E+01, 3.833558E+01, 3.528949E+01, 4.876460E+00,21, 4.312162E-01,0, 0.000000E+00,0, 0.000000E+00,16, 4.055322E+01, 6.591929E-01, 8.971595E+00,NULL,NULL,1,mc_qqps,54
-21042,1756,20228,22537,94C2, 9.125000E+01,37,17,54,37,17, 6.441224E-01, 2.555037E+00, 6.893941E+00, 5.367093E+01, 5.292916E+01, 1.430518E+00,-3.771930E+00, 6.217384E+00, 1.141818E+01, 7.871188E+01, 3.441149E+01, 2.352128E+01, 2.282624E-01,6, 0.000000E+00,14, 4.176095E+00,0, 0.000000E+00,5, 8.717456E+00, 6.669297E-01, 2.439405E+00,NULL,NULL,1,mc_qqps,54
-21042,1757,20228,22557,94C2, 9.125000E+01,34,15,49,34,15, 1.253640E+00, 1.485517E+01, 1.861189E+01, 4.798354E+01, 4.723631E+01, 1.389303E+00, 7.956827E-01, 1.124933E+01, 1.473185E+01, 8.272071E+01, 3.962183E+01, 1.915703E+01, 1.517020E+01,13, 0.000000E+00,4, 0.000000E+00,0, 0.000000E+00,9, 1.935727E+01, 3.857689E-01, 7.577971E+00,NULL,NULL,1,mc_qqps,54
-21042,1758,20228,22611,94C2, 9.125000E+01,39,16,55,39,16, 1.190241E+00,-8.799711E+00, 4.313176E+00, 9.819524E+01, 9.760476E+01, 2.502686E+00,-6.148554E+00,-1.721009E+00,-8.090973E-02, 1.313441E+02, 7.224641E+01, 1.975649E+01, 1.207787E+01,15, 2.091602E+00,0, 0.000000E+00,0, 0.000000E+00,10, 2.033860E+01, 4.863936E-01, 7.644802E+00,NULL,NULL,1,mc_qqps,54
-21042,1759,20228,22626,94C2, 9.125000E+01,32,12,44,32,12, 6.963687E+00, 3.118095E+00,-3.965680E+00, 6.743127E+01, 6.675185E+01, 2.085995E+00, 4.100627E+00, 2.279681E-01,-1.299272E+00, 9.708016E+01, 6.371011E+01, 1.582557E+01, 1.382332E+01,11, 9.302669E-01,0, 0.000000E+00,0, 0.000000E+00,5, 1.513155E+01, 1.589709E+00, 6.322893E+00,NULL,NULL,1,mc_qqps,54
-21042,1760,20228,22640,94C2, 9.125000E+01,49,17,66,49,17, 3.266783E+00,-6.435722E-01, 1.427982E+00, 7.486655E+01, 7.391869E+01, 1.508545E+00, 1.779422E+00,-4.792363E+00,-6.971889E+00, 1.031217E+02, 5.725856E+01, 2.441860E+01, 1.020341E+00,10, 9.945672E-01,13, 4.464065E-01,0, 0.000000E+00,6, 6.141728E+00, 5.736175E-01, 1.970751E+00,NULL,NULL,1,mc_qqps,54
-21042,1761,20228,22658,94C2, 9.125000E+01,24,17,41,24,17, 8.229796E+00,-4.930435E-01,-8.001648E+00, 4.344379E+01, 4.297855E+01, 1.790773E+00, 6.516842E+00,-1.417550E-01,-6.521654E+00, 7.183300E+01, 4.110450E+01, 1.668476E+01, 3.526057E+00,15, 8.605412E+00,0, 0.000000E+00,0, 0.000000E+00,12, 2.486315E+01, 6.112615E-01, 6.838124E+00,NULL,NULL,1,mc_qqps,54
-21042,1762,20228,22715,94C2, 9.125000E+01,38,16,54,38,16,-8.513341E+00, 1.744302E+00, 7.141460E+00, 9.023051E+01, 8.951706E+01, 2.355712E+00,-1.322707E+01, 6.405233E+00, 2.111463E+01, 1.200797E+02, 7.257369E+01, 2.494782E+01, 4.774612E+00,8, 1.994309E+00,7, 0.000000E+00,0, 0.000000E+00,4, 6.032146E+00, 3.750426E-01, 3.104700E+00,NULL,NULL,1,mc_qqps,54
-21042,1763,20228,22730,94C2, 9.125000E+01,19,11,30,19,11, 2.634594E+00, 5.460406E+00,-1.539659E+00, 7.232901E+01, 7.205493E+01, 3.792365E+00, 1.789945E+00, 5.301904E+00,-3.390502E-01, 1.033337E+02, 7.000490E+01, 1.602649E+01, 1.497820E+01,10, 9.233335E+00,0, 0.000000E+00,0, 0.000000E+00,6, 1.443020E+01, 7.616713E-01, 6.905816E+00,NULL,NULL,1,mc_qqps,54
-21042,1764,20228,22742,94C2, 9.125000E+01,34,15,49,34,15, 5.976158E-02,-4.582289E+00,-1.001965E+01, 6.359868E+01, 6.305103E+01, 1.854442E+00, 1.034510E+00,-7.157292E+00,-1.917569E+01, 8.637737E+01, 2.391844E+01, 1.775801E+01, 5.020663E+00,1, 0.000000E+00,17, 1.047036E+01,0, 0.000000E+00,1, 2.236695E+00, 2.236695E+00, 2.236695E+00,1, 0.000000E+00,1,mc_qqps,54
-21042,1765,20228,22758,94C2, 9.125000E+01,29,16,45,29,16,-1.148916E+01,-4.949817E-02, 2.473032E+00, 5.634393E+01, 5.575114E+01, 1.922453E+00,-6.544025E+00, 2.724744E+00,-7.523646E-01, 8.389790E+01, 5.387995E+01, 2.007202E+01, 7.481937E+00,13, 1.281428E+01,0, 0.000000E+00,0, 0.000000E+00,11, 2.007202E+01, 5.473154E-01, 3.794045E+00,NULL,NULL,1,mc_qqps,54
-21042,1766,20228,22810,94C2, 9.125000E+01,22,8,30,22,8, 5.678697E+00,-3.742412E+00, 1.587214E+00, 5.791470E+01, 5.761525E+01, 2.618875E+00,-2.430367E+00, 1.297945E+00,-3.256751E+00, 7.118157E+01, 5.055553E+01, 4.799851E+00, 6.865012E+00,8, 1.141645E-01,0, 0.000000E+00,0, 0.000000E+00,6, 6.401865E+00, 4.724927E-01, 2.085999E+00,NULL,NULL,1,mc_qqps,54
-21042,1767,20228,22824,94C2, 9.125000E+01,16,14,30,16,14,-4.472130E+00,-3.065284E+00,-3.305521E+00, 6.009118E+01, 5.992180E+01, 3.745113E+00,-9.548411E+00,-5.708119E+00,-7.316112E+00, 8.389503E+01, 5.915548E+01, 5.328981E+00, 1.037304E+01,11, 7.686349E+00,0, 0.000000E+00,0, 0.000000E+00,8, 1.153924E+01, 8.224782E-01, 2.283231E+00,NULL,NULL,1,mc_qqps,54
-21042,1768,20228,22836,94C2, 9.125000E+01,25,16,41,25,16, 5.822444E+00, 4.633752E+00, 1.184597E+00, 4.750338E+01, 4.712914E+01, 1.885166E+00, 1.140976E+01, 9.172020E+00, 3.644719E+00, 7.835682E+01, 4.517163E+01, 1.594926E+01, 2.797980E+00,20, 1.390169E+00,0, 0.000000E+00,0, 0.000000E+00,14, 2.810619E+01, 4.244241E-01, 8.113282E+00,NULL,NULL,1,mc_qqps,54
-21042,1769,20228,22846,94C2, 9.125000E+01,45,13,58,45,13, 2.576511E+00, 2.890714E+00, 1.424565E+01, 6.461216E+01, 6.349850E+01, 1.411078E+00, 2.580620E+00,-3.926407E+00,-5.185299E+00, 8.845083E+01, 2.055584E+01, 2.383867E+01, 0.000000E+00,2, 0.000000E+00,19, 1.629171E+01,0, 0.000000E+00,1, 2.986299E+00, 2.986299E+00, 2.986299E+00,1, 0.000000E+00,1,mc_qqps,54
-21042,1770,20228,22904,94C2, 9.125000E+01,32,19,51,32,19, 4.522323E+01,-2.502324E+00,-1.429946E+01, 1.213495E+02, 1.208834E+02, 3.777606E+00, 4.421432E+01, 7.618306E+00,-1.943253E+01, 1.536385E+02, 5.660421E+01, 1.666694E+01, 1.373607E+01,16, 5.759952E+00,4, 0.000000E+00,0, 0.000000E+00,12, 1.503236E+01, 5.873151E-01, 3.274035E+00,NULL,NULL,1,mc_qqps,54
-21042,1771,20228,22921,94C2, 9.125000E+01,33,22,55,33,22, 2.722115E+00, 2.920637E+00, 1.013068E+01, 5.456997E+01, 5.385938E+01, 1.632102E+00, 8.351020E+00, 2.571282E+00, 1.045302E+01, 8.047650E+01, 2.863430E+01, 1.534085E+01, 4.804124E+00,7, 1.873247E-01,14, 0.000000E+00,0, 0.000000E+00,6, 1.101139E+01, 8.934358E-01, 3.875260E+00,1, 0.000000E+00,1,mc_qqps,54
-21042,1772,20228,22940,94C2, 9.125000E+01,25,21,46,25,21,-4.517633E+00,-1.777650E+00, 1.553006E+01, 4.616638E+01, 4.591787E+01, 1.836715E+00,-6.270880E+00,-3.548411E-01, 1.602151E+01, 8.051212E+01, 3.811456E+01, 2.701543E+01, 5.445582E+00,5, 6.241515E-01,16, 2.332534E+00,0, 0.000000E+00,4, 6.499062E+00, 7.723222E-01, 3.229766E+00,3, 0.000000E+00,1,mc_qqps,54
-21042,1773,20228,23000,94C2, 9.125000E+01,14,6,20,14,6, 5.001076E-01, 6.474963E+00,-1.078193E+01, 8.179597E+01, 8.172517E+01, 5.837512E+00,-7.078181E-02, 1.868703E+00,-2.746435E+00, 9.147445E+01, 7.421352E+01, 9.070183E+00, 0.000000E+00,1, 0.000000E+00,11, 1.979019E+01,0, 0.000000E+00,1, 6.083087E-01, 6.083087E-01, 6.083087E-01,NULL,NULL,1,mc_qqps,54
-21042,1774,20228,23009,94C2, 9.125000E+01,20,11,31,20,11, 5.115801E+00, 7.946614E+00,-4.193901E+00, 6.532540E+01, 6.519061E+01, 3.259530E+00, 6.752558E-01, 2.165232E+00,-1.587730E+00, 8.306594E+01, 5.412365E+01, 1.618804E+01, 1.552500E+00,11, 6.203511E+00,0, 0.000000E+00,0, 0.000000E+00,7, 1.618804E+01, 6.190481E-01, 6.897218E+00,NULL,NULL,1,mc_qqps,54
-21042,1775,20228,23020,94C2, 9.125000E+01,44,12,56,44,12, 2.558986E+01,-2.179769E+01, 3.236526E+01, 8.039729E+01, 7.873543E+01, 1.789442E+00, 1.126714E+01,-1.046413E+01, 1.600834E+01, 1.246209E+02, 4.506835E+01, 4.422509E+01, 0.000000E+00,14, 3.195723E-01,0, 0.000000E+00,0, 0.000000E+00,10, 4.303173E+01, 6.381968E-01, 2.259684E+01,NULL,NULL,1,mc_qqps,54
-21042,1776,20228,23039,94C2, 9.125000E+01,24,15,39,24,15, 5.362989E+00, 2.278668E+00,-1.198374E+01, 7.531604E+01, 7.495534E+01, 3.123139E+00, 2.646696E+00, 8.496445E-01,-7.531074E+00, 9.030931E+01, 6.991638E+01, 9.486205E+00, 5.510658E+00,0, 0.000000E+00,18, 1.787112E+01,0, 0.000000E+00,NULL,NULL,NULL,NULL,NULL,NULL,1,mc_qqps,54
-21042,1777,20228,23050,94C2, 9.125000E+01,30,15,45,30,15, 1.535473E+00, 2.080777E+00,-1.100141E+00, 4.745716E+01, 4.691003E+01, 1.563668E+00, 2.983519E+00, 4.954434E+00,-3.587055E+00, 7.986700E+01, 3.871303E+01, 3.240983E+01, 0.000000E+00,19, 4.779835E+00,0, 0.000000E+00,0, 0.000000E+00,13, 2.961343E+01, 5.339757E-01, 1.282063E+01,NULL,NULL,1,mc_qqps,54
-21042,1778,20228,23107,94C2, 9.125000E+01,28,7,35,28,7,-7.987231E-01,-1.958991E+00,-2.718439E+00, 5.937774E+01, 5.870559E+01, 2.096628E+00,-2.987413E-01, 1.241182E+01, 7.210376E+00, 7.730361E+01, 5.268037E+01, 1.792667E+01, 0.000000E+00,9, 1.782589E+01,1, 0.000000E+00,0, 0.000000E+00,5, 1.644939E+01, 3.291625E-01, 1.129543E+01,NULL,NULL,1,mc_qqps,54
-21042,1779,20228,23121,94C2, 9.125000E+01,58,27,85,58,27, 3.508361E+00,-6.129248E-01,-2.517333E+00, 6.047100E+01, 5.871621E+01, 1.012348E+00, 5.355864E+00,-5.810200E+00,-5.687256E+00, 9.074875E+01, 4.916991E+01, 2.305855E+01, 4.438714E+00,25, 3.518559E+00,0, 0.000000E+00,0, 0.000000E+00,19, 2.351316E+01, 3.639253E-01, 3.576574E+00,1, 0.000000E+00,1,mc_qqps,54
-21042,1780,20228,23143,94C2, 9.125000E+01,19,12,31,19,12, 1.242770E+01,-1.098222E+01, 8.313160E+00, 5.437267E+01, 5.397491E+01, 2.840785E+00, 5.647792E+00,-7.449073E+00, 6.684067E+00, 8.430439E+01, 5.146323E+01, 2.287563E+01, 3.980390E-01,11, 5.429002E+00,2, 0.000000E+00,0, 0.000000E+00,8, 2.477184E+01, 6.354359E-01, 7.192611E+00,NULL,NULL,1,mc_qqps,54
-21042,1781,20228,23156,94C2, 9.125000E+01,30,17,47,30,17,-1.021492E+01, 1.453110E+01,-4.042068E+00, 6.654021E+01, 6.587871E+01, 2.195957E+00,-3.938430E+00, 8.435892E+00,-2.285103E+00, 8.659464E+01, 5.478849E+01, 1.012766E+01, 5.232642E+00,16, 1.281854E+00,0, 0.000000E+00,0, 0.000000E+00,13, 1.431177E+01, 5.003400E-01, 2.226136E+00,NULL,NULL,1,mc_qqps,54
-21042,1782,20228,23215,94C2, 9.125000E+01,28,9,37,28,9, 1.116086E+01,-7.006289E+00,-8.802127E-02, 6.556656E+01, 6.526241E+01, 2.330800E+00, 8.243802E+00,-7.682852E+00, 1.382927E+00, 9.273855E+01, 6.527967E+01, 8.439680E+00, 1.787487E+01,12, 7.990504E+00,0, 0.000000E+00,0, 0.000000E+00,5, 7.094355E+00, 4.950509E-01, 3.531503E+00,NULL,NULL,1,mc_qqps,54
-21042,1783,20228,23232,94C2, 9.125000E+01,26,17,43,26,17,-5.050177E-01,-1.137594E+00, 2.168936E+00, 3.978894E+01, 3.933284E+01, 1.512802E+00,-4.757122E-01, 5.299614E+00,-6.076475E+00, 8.072050E+01, 3.637260E+01, 1.647067E+01, 2.381438E+01,13, 6.129085E+00,2, 0.000000E+00,0, 0.000000E+00,12, 1.603764E+01, 4.453725E-01, 4.600299E+00,NULL,NULL,1,mc_qqps,54
-21042,1784,20228,23249,94C2, 9.125000E+01,22,9,31,22,9,-3.440615E+00,-1.773055E+00,-5.772714E+00, 5.359024E+01, 5.338812E+01, 2.426733E+00, 4.781703E+00, 1.049606E+00, 3.368366E-01, 7.562977E+01, 5.252999E+01, 1.984755E+01, 1.398654E+00,16, 1.604534E+01,0, 0.000000E+00,0, 0.000000E+00,8, 2.064786E+01, 5.057940E-01, 1.132621E+01,NULL,NULL,1,mc_qqps,54
-21042,1785,20228,23300,94C2, 9.125000E+01,22,9,31,22,9, 1.514414E+00, 1.054805E+00,-1.728219E+00, 7.453720E+01, 7.408631E+01, 3.367560E+00, 1.272588E-01,-5.239660E-01, 1.358960E+00, 8.705531E+01, 7.120073E+01, 1.065990E+01, 1.863447E+00,4, 3.309233E-01,6, 2.471830E+00,0, 0.000000E+00,3, 4.847296E+00, 1.158036E+00, 2.244851E+00,NULL,NULL,1,mc_qqps,54
-21042,1786,20228,23313,94C2, 9.125000E+01,20,12,32,20,12,-1.631429E-01,-9.609745E+00, 2.893076E+00, 6.769769E+01, 6.712054E+01, 3.356027E+00, 1.739489E+00,-2.816916E+00, 1.791325E+00, 8.611337E+01, 6.617006E+01, 1.841569E+01, 0.000000E+00,16, 1.849331E+01,0, 0.000000E+00,0, 0.000000E+00,8, 1.376599E+01, 7.425018E-01, 3.432701E+00,NULL,NULL,1,mc_qqps,54
-21042,1787,20228,23326,94C2, 9.125000E+01,40,20,60,40,20,-1.103981E+01, 5.689825E+00, 4.598629E+00, 7.170958E+01, 7.116619E+01, 1.779155E+00, 4.534548E+00, 1.420876E+00,-2.874520E+00, 1.113065E+02, 5.455491E+01, 1.960884E+01, 1.644656E+01,25, 1.869497E+00,0, 0.000000E+00,0, 0.000000E+00,15, 2.229985E+01, 4.107917E-01, 4.853968E+00,1, 0.000000E+00,1,mc_qqps,54
-21042,1788,20228,23345,94C2, 9.125000E+01,43,9,52,43,9, 1.157585E+01,-4.486920E+00, 1.764797E+01, 1.257056E+02, 1.249920E+02, 2.906791E+00, 1.521768E+01,-6.411365E+00, 2.511212E+01, 1.390106E+02, 3.322009E+01, 5.725613E+00, 7.579390E+00,1, 0.000000E+00,16, 2.861640E+01,0, 0.000000E+00,NULL,NULL,NULL,NULL,NULL,NULL,1,mc_qqps,54
-21042,1789,20228,23358,94C2, 9.125000E+01,27,10,37,27,10, 4.909356E-01,-6.689433E+00, 7.421943E+00, 3.581890E+01, 3.530718E+01, 1.307673E+00, 8.724477E-01,-2.099353E+00,-4.005772E+00, 5.151873E+01, 2.696320E+01, 7.113666E+00, 8.586166E+00,0, 0.000000E+00,12, 2.022850E+00,0, 0.000000E+00,NULL,NULL,NULL,NULL,1, 0.000000E+00,1,mc_qqps,54
-21042,1790,20228,23412,94C2, 9.125000E+01,26,12,38,26,12, 6.829698E+00,-1.055045E+01,-1.340860E+01, 6.306335E+01, 6.238796E+01, 2.399537E+00, 2.884827E+00,-1.311376E+01,-1.182031E+01, 8.174471E+01, 5.952800E+01, 1.565901E+01, 3.125751E+00,10, 4.018576E+00,2, 0.000000E+00,0, 0.000000E+00,4, 9.865835E+00, 8.274729E-01, 3.665559E+00,NULL,NULL,1,mc_qqps,54
-21042,1791,20228,23426,94C2, 9.125000E+01,27,10,37,27,10, 1.779101E+01,-7.275815E+00, 8.726118E+00, 5.688549E+01, 5.640675E+01, 2.089139E+00, 1.275399E+01,-7.215511E+00, 5.013424E+00, 7.382748E+01, 4.071708E+01, 6.894748E+00, 3.023789E+00,16, 7.301062E+00,0, 0.000000E+00,0, 0.000000E+00,9, 1.395823E+01, 5.074762E-01, 2.626906E+00,NULL,NULL,1,mc_qqps,54
-21042,1792,20228,23440,94C2, 9.125000E+01,23,27,50,23,27, 1.324390E+00, 1.752975E+00,-1.000892E+00, 3.634779E+01, 3.598614E+01, 1.564615E+00, 2.048981E+00,-3.708134E+00, 1.052069E+01, 8.275493E+01, 1.992072E+01, 4.005033E+01, 5.675459E+00,3, 0.000000E+00,25, 1.166172E+01,0, 0.000000E+00,3, 2.620450E+00, 6.837344E-01, 1.204385E+00,NULL,NULL,1,mc_qqps,54
-21042,1793,20228,23453,94C2, 9.125000E+01,43,15,58,43,15,-1.754786E+01,-5.150924E+00,-1.436723E+01, 7.183961E+01, 7.099058E+01, 1.650944E+00,-1.384168E+01,-6.359653E+00,-1.357674E+01, 9.071731E+01, 4.993807E+01, 1.756225E+01, 8.392355E-01,11, 3.564420E+00,1, 0.000000E+00,0, 0.000000E+00,8, 1.175274E+01, 4.762011E-01, 4.626056E+00,NULL,NULL,1,mc_qqps,54
-21042,1794,20228,23510,94C2, 9.125000E+01,9,13,22,9,13, 1.565613E+00,-8.804996E+00, 1.107438E+01, 3.153037E+01, 3.141617E+01, 3.490685E+00, 6.231644E-01, 7.155989E+00,-7.550849E+00, 6.265271E+01, 3.041998E+01, 2.614316E+01, 2.001826E+00,8, 0.000000E+00,2, 0.000000E+00,0, 0.000000E+00,8, 2.539240E+01, 4.710068E-01, 1.378081E+01,NULL,NULL,1,mc_qqps,54
-21042,1795,20228,23527,94C2, 9.125000E+01,7,10,17,7,10, 1.717892E+00,-7.149245E+00, 5.254848E+00, 5.854236E+01, 5.850417E+01, 8.357738E+00, 1.214663E+00,-8.391736E+00, 6.452641E+00, 6.825228E+01, 5.854101E+01, 7.376832E+00, 1.416383E+00,2, 0.000000E+00,6, 1.395089E+00,0, 0.000000E+00,2, 1.585760E+00, 6.690571E-01, 9.167029E-01,NULL,NULL,1,mc_qqps,54
-21042,1796,20228,23533,94C2, 9.125000E+01,25,17,42,25,17, 8.559217E+00, 1.847591E+01,-3.350882E+01, 7.678508E+01, 7.617449E+01, 3.046980E+00, 2.267400E+00, 7.395593E+00,-9.270776E+00, 1.049365E+02, 7.086816E+01, 2.361178E+01, 4.729648E+00,0, 0.000000E+00,16, 6.615077E+00,0, 0.000000E+00,NULL,NULL,NULL,NULL,NULL,NULL,1,mc_qqps,54
-21042,1797,20228,23544,94C2, 9.125000E+01,46,20,66,46,20, 7.329251E+00,-4.745362E+00,-1.404332E+01, 6.666879E+01, 6.601348E+01, 1.435076E+00,-3.041502E-01, 8.674562E+00,-2.073056E+01, 1.007253E+02, 5.774020E+01, 2.263107E+01, 1.057921E+01,11, 1.064828E-01,9, 0.000000E+00,0, 0.000000E+00,9, 1.871351E+01, 4.303150E-01, 6.836396E+00,NULL,NULL,1,mc_qqps,54
-21042,1798,20228,23605,94C2, 9.125000E+01,37,19,56,37,19, 7.514955E+00, 6.262834E+00, 1.038892E+01, 6.165722E+01, 6.111829E+01, 1.651846E+00, 4.999534E+00, 4.927662E+00, 9.219481E+00, 9.892205E+01, 5.274966E+01, 1.868709E+01, 1.414371E+01,14, 9.412132E-01,4, 0.000000E+00,0, 0.000000E+00,9, 1.375120E+01, 4.775948E-01, 4.239829E+00,NULL,NULL,1,mc_qqps,54
-21042,1799,20228,23622,94C2, 9.125000E+01,20,14,34,20,14, 7.248754E+00, 8.019376E-01,-7.331126E+00, 2.378291E+01, 2.340377E+01, 1.170189E+00, 7.874456E+00,-4.403718E-01,-6.861874E+00, 7.620010E+01, 2.172960E+01, 2.866458E+01, 1.785554E+01,14, 8.795308E-01,0, 0.000000E+00,0, 0.000000E+00,10, 3.069451E+01, 4.418086E-01, 6.114616E+00,NULL,NULL,1,mc_qqps,54
-21042,1800,20228,23636,94C2, 9.125000E+01,23,16,39,23,16,-7.977359E-02, 5.232031E+00, 9.526837E+00, 3.989095E+01, 3.918278E+01, 1.703599E+00,-2.993252E+00, 8.380857E+00, 1.579047E+01, 5.781000E+01, 3.595787E+01, 1.629358E+01, 1.863703E+00,1, 0.000000E+00,13, 6.900577E+00,0, 0.000000E+00,1, 5.802879E-01, 5.802879E-01, 5.802879E-01,NULL,NULL,1,mc_qqps,54
-21042,1801,20228,23652,94C2, 9.125000E+01,38,12,50,38,12,-1.491544E+01, 4.047234E+00, 5.846512E+00, 6.666507E+01, 6.561603E+01, 1.726738E+00,-1.022395E+01, 2.358183E+00, 3.834581E+00, 8.980163E+01, 6.105877E+01, 1.010302E+01, 9.104018E+00,18, 8.117950E+00,0, 0.000000E+00,0, 0.000000E+00,9, 1.387031E+01, 5.411150E-01, 3.590099E+00,NULL,NULL,1,mc_qqps,54
-21042,1802,20228,23706,94C2, 9.125000E+01,36,11,47,36,11,-1.853133E+00,-8.565712E+00,-5.192507E+00, 7.177235E+01, 7.110931E+01, 1.975259E+00, 2.290313E-01,-1.316063E+01,-8.121026E+00, 8.405756E+01, 6.307113E+01, 5.708592E+00, 3.930556E+00,8, 1.617471E+00,1, 0.000000E+00,0, 0.000000E+00,3, 4.853334E+00, 9.512215E-01, 2.727940E+00,1, 0.000000E+00,1,mc_qqps,54
-21042,1803,20228,23722,94C2, 9.125000E+01,22,16,38,22,16, 4.759730E+00, 5.917426E+00,-7.252466E+00, 7.520074E+01, 7.494814E+01, 3.406734E+00, 1.103135E+01, 1.198997E+01,-1.655849E+01, 1.047120E+02, 7.205930E+01, 2.627522E+01, 1.839381E+00,10, 0.000000E+00,3, 0.000000E+00,0, 0.000000E+00,9, 2.143338E+01, 5.391847E-01, 7.553277E+00,NULL,NULL,1,mc_qqps,54
-21042,1804,20228,23736,94C2, 9.125000E+01,46,18,64,46,18, 6.246430E+00, 4.665544E+00, 1.007607E+00, 5.237472E+01, 5.126928E+01, 1.114550E+00,-1.374071E+00, 9.316321E+00,-3.953279E+00, 9.140720E+01, 4.520919E+01, 1.615714E+01, 9.852639E+00,16, 2.299900E+00,1, 0.000000E+00,0, 0.000000E+00,13, 2.751797E+01, 4.404510E-01, 1.025711E+01,NULL,NULL,1,mc_qqps,54
-21042,1805,20228,23755,94C2, 9.125000E+01,31,8,39,31,8,-8.090553E+00,-1.840558E+00, 5.871014E+00, 6.825455E+01, 6.776606E+01, 2.186002E+00,-1.944090E+00,-1.585748E+00, 2.553429E+00, 7.788251E+01, 6.526620E+01, 5.848895E+00, 2.515514E+00,10, 2.060661E+01,2, 0.000000E+00,0, 0.000000E+00,5, 5.705186E+00, 6.310390E-01, 1.699430E+00,NULL,NULL,1,mc_qqps,54
-21042,1806,20228,23811,94C2, 9.125000E+01,23,12,35,23,12,-1.355317E+01, 1.368953E+00, 3.949093E+00, 6.507611E+01, 6.469901E+01, 2.813000E+00, 5.399437E+00,-2.027806E+00,-4.685414E+00, 1.001977E+02, 6.008294E+01, 1.937023E+01, 1.510308E+01,13, 4.306434E+00,1, 0.000000E+00,0, 0.000000E+00,8, 1.947483E+01, 3.721370E-01, 9.989380E+00,NULL,NULL,1,mc_qqps,54
-21042,1807,20228,23825,94C2, 9.125000E+01,40,21,61,40,21,-5.882162E+00,-7.450904E+00, 8.012370E+00, 5.642175E+01, 5.553439E+01, 1.388360E+00,-4.460896E+00,-4.848182E+00, 4.354623E+00, 7.941779E+01, 4.609627E+01, 2.073751E+01, 2.737664E-01,18, 1.186857E+00,4, 0.000000E+00,0, 0.000000E+00,15, 1.955864E+01, 3.276744E-01, 2.854284E+00,NULL,NULL,1,mc_qqps,54
-21042,1808,20228,23845,94C2, 9.125000E+01,27,15,42,27,15, 5.533171E+00, 7.038130E-01,-5.185915E+00, 5.540271E+01, 5.494572E+01, 2.035027E+00, 9.516474E+00, 2.881858E+00,-6.371138E+00, 8.107229E+01, 5.270243E+01, 9.690213E+00, 1.499534E+01,12, 1.767241E+00,2, 0.000000E+00,0, 0.000000E+00,9, 9.748461E+00, 3.943204E-01, 1.824179E+00,NULL,NULL,1,mc_qqps,54
-21042,1809,20228,23859,94C2, 9.125000E+01,49,11,60,49,11,-8.292134E+00, 9.401209E-01,-5.874572E-01, 6.918702E+01, 6.790557E+01, 1.385828E+00,-7.859428E+00,-9.542930E-01, 2.995095E-01, 8.573720E+01, 5.541666E+01, 1.327787E+01, 7.974321E-01,12, 5.988299E-01,0, 0.000000E+00,0, 0.000000E+00,7, 1.153147E+01, 7.335219E-01, 2.922272E+00,NULL,NULL,1,mc_qqps,54
-21042,1810,20228,23912,94C2, 9.125000E+01,20,9,29,20,9, 8.342932E-01, 4.470304E-01,-3.202284E+00, 6.599219E+01, 6.583998E+01, 3.291999E+00, 2.220087E+00, 5.124829E+00,-6.582422E+00, 7.804184E+01, 6.607925E+01, 9.213568E+00, 4.930649E-01,7, 1.805129E+00,3, 0.000000E+00,0, 0.000000E+00,5, 8.924940E+00, 6.944989E-01, 2.364216E+00,NULL,NULL,1,mc_qqps,54
-21042,1811,20228,23928,94C2, 9.125000E+01,30,14,44,30,14,-8.143459E+00, 3.726878E+00, 1.194600E+00, 6.293555E+01, 6.235379E+01, 2.078460E+00,-7.530649E+00, 1.798350E-01,-9.306832E-01, 8.638283E+01, 5.662261E+01, 1.725494E+01, 6.408909E+00,18, 7.404034E+00,0, 0.000000E+00,0, 0.000000E+00,10, 1.695153E+01, 6.124636E-01, 5.899515E+00,NULL,NULL,1,mc_qqps,54
-21042,1812,20228,23942,94C2, 9.125000E+01,16,11,27,16,11,-3.805109E-01,-5.347101E+00, 3.907488E+00, 5.042743E+01, 5.022874E+01, 3.139296E+00, 4.048901E-01, 2.631057E+00,-2.471615E+00, 1.002717E+02, 4.917406E+01, 4.860809E+01, 3.757015E-01,15, 4.715470E+00,0, 0.000000E+00,0, 0.000000E+00,10, 4.946856E+01, 7.913624E-01, 1.677591E+01,NULL,NULL,1,mc_qqps,54
-21042,1813,20228,23952,94C2, 9.125000E+01,37,17,54,37,17, 1.858257E+00, 7.727043E+00, 1.044711E+01, 7.073761E+01, 6.976727E+01, 1.885602E+00, 2.287263E+00, 6.919884E+00, 1.092137E+01, 9.097224E+01, 6.604025E+01, 1.106418E+01, 4.361657E+00,4, 0.000000E+00,7, 3.427981E+00,0, 0.000000E+00,4, 9.241022E+00, 1.125754E+00, 3.683041E+00,1, 0.000000E+00,1,mc_qqps,54
-21042,1814,20228,24009,94C2, 9.125000E+01,20,6,26,20,6, 4.751266E+00, 7.933443E+00,-6.612031E+00, 5.073296E+01, 5.049385E+01, 2.524693E+00,-6.720557E-01,-5.410453E+00,-3.764978E+00, 7.633006E+01, 4.612630E+01, 2.559710E+01, 0.000000E+00,11, 7.608161E+00,0, 0.000000E+00,0, 0.000000E+00,6, 2.559710E+01, 1.114944E+00, 8.094576E+00,NULL,NULL,1,mc_qqps,54
-21042,1815,20228,24018,94C2, 9.125000E+01,31,18,49,31,18,-4.576180E+00, 3.738283E+00,-4.396619E+00, 8.946637E+01, 8.910729E+01, 2.874429E+00,-2.671322E+00, 4.439540E+00,-2.206278E+00, 1.189715E+02, 5.929913E+01, 1.928785E+01, 1.032749E+01,2, 0.000000E+00,18, 7.181142E+00,0, 0.000000E+00,2, 1.144427E+00, 4.347885E-01, 7.096384E-01,NULL,NULL,1,mc_qqps,54
-21042,1816,20228,24032,94C2, 9.125000E+01,26,14,40,26,14,-5.524162E+00,-2.165173E+00, 7.626414E-01, 4.788676E+01, 4.744119E+01, 1.824661E+00, 1.185877E+01, 5.766363E+00,-3.730671E+00, 8.328017E+01, 4.523356E+01, 3.183802E+01, 3.555382E+00,15, 1.425586E+00,0, 0.000000E+00,0, 0.000000E+00,11, 2.568493E+01, 4.330519E-01, 1.536710E+01,NULL,NULL,1,mc_qqps,54
-21042,1817,20228,24046,94C2, 9.125000E+01,21,11,32,21,11, 9.230042E-02,-4.307588E+00, 2.049978E+00, 7.251003E+01, 7.223064E+01, 3.439554E+00,-3.475281E+00,-1.360550E-01,-9.306617E-01, 8.898626E+01, 6.403322E+01, 8.154889E+00, 8.321344E+00,5, 0.000000E+00,4, 0.000000E+00,0, 0.000000E+00,4, 5.239316E+00, 3.093875E-01, 2.629932E+00,NULL,NULL,1,mc_qqps,54
-21042,1818,20228,24101,94C2, 9.125000E+01,28,16,44,28,16, 2.931275E+00,-6.430324E+00, 6.269027E-01, 6.113327E+01, 6.066908E+01, 2.166753E+00,-1.488091E+00, 8.077875E+00, 7.505456E+00, 9.795242E+01, 5.792729E+01, 3.568650E+01, 1.132621E+00,13, 4.526011E+00,0, 0.000000E+00,0, 0.000000E+00,10, 2.606502E+01, 9.163783E-01, 6.357905E+00,1, 0.000000E+00,1,mc_qqps,54
-21042,1819,20228,24115,94C2, 9.125000E+01,28,16,44,28,16,-2.642102E+01, 2.063445E+01, 1.348674E+01, 4.081913E+01, 4.022349E+01, 1.436553E+00,-7.813928E+00, 6.083565E+00, 2.667788E+00, 1.007465E+02, 3.011045E+01, 1.410958E+01, 4.412672E+01,13, 3.400432E+00,3, 0.000000E+00,0, 0.000000E+00,7, 7.488529E+00, 5.209584E-01, 2.126203E+00,NULL,NULL,1,mc_qqps,54
-21042,1820,20228,24129,94C2, 9.125000E+01,19,11,30,19,11,-3.552717E+00, 1.893406E+01, 2.279490E+01, 8.579449E+01, 8.537006E+01, 4.493161E+00,-3.229398E+00, 5.956053E+00, 9.492125E+00, 1.046241E+02, 6.537948E+01, 1.552410E+01, 3.305544E+00,6, 0.000000E+00,1, 5.036029E-01,0, 0.000000E+00,6, 8.890632E+00, 8.508796E-01, 2.339201E+00,NULL,NULL,1,mc_qqps,54
-21042,1821,20228,24144,94C2, 9.125000E+01,23,14,37,23,14, 3.519539E+00,-4.748275E-01,-2.310433E+00, 5.384961E+01, 5.349213E+01, 2.325745E+00, 4.354262E-02, 6.032107E-01,-6.350237E-01, 8.722540E+01, 4.978327E+01, 2.808216E+01, 0.000000E+00,16, 7.594366E+00,0, 0.000000E+00,0, 0.000000E+00,10, 1.805062E+01, 3.725836E-01, 4.009674E+00,NULL,NULL,1,mc_qqps,54
-21042,1822,20228,24157,94C2, 9.125000E+01,30,16,46,30,16,-4.048596E+00,-8.867179E-01, 1.422019E-01, 5.242782E+01, 5.173077E+01, 1.724359E+00, 2.596869E+00, 5.968335E-01,-2.116832E+00, 8.008987E+01, 5.016751E+01, 1.851585E+01, 6.932993E+00,16, 5.207808E-01,0, 0.000000E+00,0, 0.000000E+00,11, 1.817602E+01, 4.789168E-01, 3.929900E+00,NULL,NULL,1,mc_qqps,54
-21042,1823,20228,24214,94C2, 9.125000E+01,16,19,35,16,19, 8.133046E+00,-1.420616E+00,-2.820174E+01, 4.547106E+01, 4.528900E+01, 2.830563E+00, 6.752647E-01, 3.614008E-02,-6.291747E+00, 1.012596E+02, 1.898743E+01, 3.187867E+01, 2.390982E+01,1, 0.000000E+00,18, 9.544877E+00,0, 0.000000E+00,NULL,NULL,NULL,NULL,NULL,NULL,1,mc_qqps,54
-21042,1824,20228,24230,94C2, 9.125000E+01,34,21,55,34,21,-8.954593E-01,-5.468273E-01, 1.127389E+00, 5.885466E+01, 5.821935E+01, 1.712334E+00,-6.746809E+00, 2.303510E+00,-5.235141E+00, 1.002509E+02, 5.013048E+01, 3.814181E+01, 3.602741E+00,4, 0.000000E+00,14, 1.986029E+00,0, 0.000000E+00,4, 3.063055E+00, 6.486249E-01, 8.497223E-01,NULL,NULL,1,mc_qqps,54
-21042,1825,20228,24244,94C2, 9.125000E+01,25,11,36,25,11, 1.866930E+00,-9.574271E-01,-6.158691E+00, 5.716957E+01, 5.660004E+01, 2.264001E+00,-2.861103E-01, 7.612677E-02, 9.659128E-01, 6.987006E+01, 5.173876E+01, 1.270049E+01, 0.000000E+00,2, 0.000000E+00,14, 1.047868E+01,0, 0.000000E+00,1, 5.583219E-01, 5.583219E-01, 5.583219E-01,NULL,NULL,1,mc_qqps,54
-21042,1826,20228,24300,94C2, 9.125000E+01,25,9,34,25,9, 4.412749E+00,-2.255241E+00, 2.532874E+00, 8.013341E+01, 7.974218E+01, 3.189687E+00, 3.483032E-01,-3.990144E+00, 2.278316E+00, 8.974316E+01, 7.241968E+01, 9.609750E+00, 0.000000E+00,9, 1.593482E+00,4, 0.000000E+00,0, 0.000000E+00,6, 7.121340E+00, 6.275381E-01, 2.353568E+00,NULL,NULL,1,mc_qqps,54
-21042,1827,20228,24314,94C2, 9.125000E+01,35,16,51,35,16,-3.125810E+00, 2.322857E+00,-4.742536E+01, 9.737148E+01, 9.675810E+01, 2.764517E+00,-2.808249E+00, 9.714470E-01,-4.769585E+01, 1.302875E+02, 3.623507E+01, 2.389736E+01, 9.032122E+00,1, 0.000000E+00,23, 9.365240E+00,0, 0.000000E+00,1, 1.527947E+00, 1.527947E+00, 1.527947E+00,NULL,NULL,1,mc_qqps,54
-21042,1828,20228,24329,94C2, 9.125000E+01,31,21,52,31,21,-1.073611E+00,-7.446760E+00,-1.548135E+01, 5.403899E+01, 5.331139E+01, 1.719722E+00, 9.709805E-01,-8.577089E+00,-1.675997E+01, 7.130344E+01, 4.812598E+01, 1.427864E+01, 1.743402E+00,3, 0.000000E+00,17, 2.481204E+00,0, 0.000000E+00,2, 2.192602E+00, 9.501997E-01, 1.242402E+00,NULL,NULL,1,mc_qqps,54
-21042,1829,20228,24347,94C2, 9.125000E+01,44,16,60,44,16, 4.198490E+00,-2.084469E+00, 7.967812E+00, 6.989364E+01, 6.884721E+01, 1.564709E+00, 3.698575E+00,-6.269166E+00, 8.044465E+00, 8.802782E+01, 4.260744E+01, 1.502954E+01, 6.929981E-01,4, 0.000000E+00,14, 0.000000E+00,0, 0.000000E+00,3, 4.996319E+00, 1.157202E+00, 2.411638E+00,NULL,NULL,1,mc_qqps,54
-21042,1830,20228,24408,94C2, 9.125000E+01,20,12,32,20,12, 2.546387E-01,-2.048195E+00, 3.676537E+00, 8.847124E+01, 8.811703E+01, 4.405852E+00,-5.596659E-01,-1.038457E+01, 1.469389E+01, 1.282684E+02, 8.439550E+01, 9.874117E+00, 2.876691E+01,5, 0.000000E+00,2, 0.000000E+00,0, 0.000000E+00,5, 7.712798E+00, 5.104584E-01, 5.287164E+00,NULL,NULL,1,mc_qqps,54
-21042,1831,20228,24421,94C2, 9.125000E+01,28,12,40,28,12, 2.010981E+01, 9.876622E+00, 1.068964E+01, 5.723195E+01, 5.683758E+01, 2.029913E+00, 2.033222E+01, 9.312704E+00, 1.129008E+01, 9.008955E+01, 4.618954E+01, 2.785690E+01, 2.937729E+00,13, 9.289925E-02,0, 0.000000E+00,0, 0.000000E+00,7, 2.374829E+01, 1.266197E+00, 6.194292E+00,NULL,NULL,1,mc_qqps,54
-21042,1832,20228,24431,94C2, 9.125000E+01,28,21,49,28,21, 1.855882E-01, 9.921109E+00,-2.544032E+00, 6.779092E+01, 6.753640E+01, 2.412014E+00, 3.659813E+00, 5.322942E+00,-6.947468E+00, 1.078107E+02, 6.760199E+01, 2.958066E+01, 1.061748E+01,21, 7.319467E+00,0, 0.000000E+00,0, 0.000000E+00,15, 2.903694E+01, 6.330917E-01, 1.020498E+01,NULL,NULL,1,mc_qqps,54
-21042,1833,20228,24446,94C2, 9.125000E+01,20,8,28,20,8,-4.846787E+00, 1.673110E+00, 2.296263E+00, 7.843811E+01, 7.816847E+01, 3.908424E+00, 1.005699E+00,-9.241650E-01,-5.346806E-01, 9.073553E+01, 7.725703E+01, 9.699001E+00, 0.000000E+00,11, 2.214850E+00,0, 0.000000E+00,0, 0.000000E+00,7, 1.166747E+01, 4.582683E-01, 4.699955E+00,NULL,NULL,1,mc_qqps,54
-21042,1834,20228,24459,94C2, 9.125000E+01,22,12,34,22,12, 2.328651E+00,-7.596955E+00, 6.727146E+00, 6.210251E+01, 6.191579E+01, 2.814354E+00,-3.138545E+00,-7.642915E+00, 7.501245E+00, 9.184846E+01, 6.192172E+01, 1.555373E+01, 1.308286E+01,16, 1.284853E+00,1, 0.000000E+00,0, 0.000000E+00,8, 1.605354E+01, 6.500045E-01, 3.787941E+00,NULL,NULL,1,mc_qqps,54
-21042,1835,20228,24513,94C2, 9.125000E+01,12,12,24,12,12, 1.986177E+00,-1.070633E+00, 7.210809E+01, 1.011371E+02, 1.010678E+02, 8.422314E+00, 5.620694E-01,-1.134836E+01, 4.953889E+01, 1.367588E+02, 1.179634E+01, 3.346605E+01, 2.155698E+00,1, 0.000000E+00,14, 2.710445E+01,0, 0.000000E+00,1, 6.216885E-01, 6.216885E-01, 6.216885E-01,1, 0.000000E+00,1,mc_qqps,54
-21042,1836,20228,24524,94C2, 9.125000E+01,59,15,74,59,15,-2.157555E+00,-7.477839E+00,-7.589389E+00, 6.350615E+01, 6.206357E+01, 1.051925E+00,-9.884538E-01,-6.070448E+00,-8.578995E+00, 9.270491E+01, 5.544008E+01, 2.863633E+01, 5.624192E-01,21, 7.622450E+00,1, 0.000000E+00,0, 0.000000E+00,10, 2.340670E+01, 4.619300E-01, 7.532582E+00,NULL,NULL,1,mc_qqps,54
-21042,1837,20228,24545,94C2, 9.125000E+01,18,18,36,18,18, 4.369976E+00,-1.732674E+00,-2.495267E+00, 4.771126E+01, 4.754876E+01, 2.641598E+00,-3.247409E+00,-1.183526E+00,-2.294497E+00, 8.332661E+01, 4.496540E+01, 3.220407E+01, 1.867220E+00,19, 8.702496E+00,0, 0.000000E+00,0, 0.000000E+00,15, 3.150429E+01, 3.477244E-01, 1.166545E+01,NULL,NULL,1,mc_qqps,54
-21042,1838,20228,24557,94C2, 9.125000E+01,16,6,22,16,6,-2.569480E+01,-3.698172E-01,-1.107982E+00, 4.960621E+01, 4.934566E+01, 3.084104E+00, 5.324697E+00,-8.146417E-01, 1.016602E+00, 8.534956E+01, 4.865081E+01, 3.151477E+01, 4.228576E+00,7, 1.024750E+01,0, 0.000000E+00,0, 0.000000E+00,3, 3.151477E+01, 1.018253E+00, 2.621452E+01,NULL,NULL,1,mc_qqps,54
-21042,1839,20228,24610,94C2, 9.125000E+01,26,11,37,26,11, 1.050822E+00, 1.764009E+00,-4.567135E+00, 5.503453E+01, 5.475145E+01, 2.105825E+00,-2.575933E+00, 5.496023E+00,-2.726320E+00, 7.462554E+01, 5.482602E+01, 1.532868E+01, 2.539807E+00,12, 1.527242E+00,4, 0.000000E+00,0, 0.000000E+00,7, 1.118344E+01, 5.180921E-01, 2.720401E+00,NULL,NULL,1,mc_qqps,54
-21042,1840,20228,24625,94C2, 9.125000E+01,22,11,33,22,11, 1.646013E+00, 3.506524E+00, 5.469648E+00, 5.235241E+01, 5.195781E+01, 2.361719E+00,-3.950660E+00,-6.290740E+00,-1.027248E+01, 7.571046E+01, 4.718195E+01, 2.335806E+01, 0.000000E+00,1, 0.000000E+00,9, 8.006392E-01,0, 0.000000E+00,1, 5.115796E-01, 5.115796E-01, 5.115796E-01,NULL,NULL,1,mc_qqps,54
-21042,1841,20228,24641,94C2, 9.125000E+01,18,10,28,18,10,-2.107356E-01,-2.465956E+00, 7.403096E+00, 7.440660E+01, 7.396685E+01, 4.109270E+00,-2.467232E-01,-1.289871E+00, 3.092771E+00, 8.807040E+01, 3.744117E+01, 1.248430E+01, 1.280123E+00,1, 0.000000E+00,11, 1.396469E+01,0, 0.000000E+00,NULL,NULL,NULL,NULL,1, 0.000000E+00,1,mc_qqps,54
-21042,1842,20228,24654,94C2, 9.125000E+01,38,12,50,38,12, 2.880666E+01, 3.467254E+01, 1.626350E+02, 2.609148E+02, 2.605022E+02, 6.855320E+00, 2.896249E+01, 3.475553E+01, 1.649064E+02, 2.739256E+02, 2.904529E+01, 1.301088E+01, 0.000000E+00,1, 0.000000E+00,17, 3.534391E+01,0, 0.000000E+00,1, 1.721922E+00, 1.721922E+00, 1.721922E+00,2, 0.000000E+00,1,mc_qqps,54
-21042,1843,20228,24708,94C2, 9.125000E+01,9,16,25,9,16,-9.666905E-02,-4.573234E-01, 8.164551E+00, 1.611078E+01, 1.601495E+01, 1.779439E+00,-1.463878E+00, 2.014058E-01, 8.152283E+00, 4.121523E+01, 4.521870E+00, 2.510445E+01, 0.000000E+00,1, 0.000000E+00,11, 6.883973E+00,0, 0.000000E+00,1, 1.126283E+00, 1.126283E+00, 1.126283E+00,7, 0.000000E+00,0,mc_qqps,54
-21042,1844,20228,24725,94C2, 9.125000E+01,33,16,49,33,16, 1.173765E+01, 5.901517E+00,-2.119174E+00, 7.017806E+01, 6.948415E+01, 2.105580E+00, 1.446235E+01, 6.824338E+00,-1.277739E+00, 9.240116E+01, 6.514146E+01, 1.148172E+01, 7.445994E+00,20, 5.150530E+00,0, 0.000000E+00,0, 0.000000E+00,12, 1.451745E+01, 3.670204E-01, 2.584722E+00,NULL,NULL,1,mc_qqps,54
-21042,1845,20228,24737,94C2, 9.125000E+01,28,14,42,28,14,-9.331496E+00,-5.102616E+00, 4.733925E+00, 4.572367E+01, 4.518921E+01, 1.613900E+00,-1.858488E+01,-9.189746E+00, 8.883965E+00, 6.312495E+01, 4.134440E+01, 1.635212E+01, 1.049154E+00,15, 5.221515E+00,2, 0.000000E+00,0, 0.000000E+00,9, 1.353885E+01, 7.696671E-01, 3.962681E+00,NULL,NULL,1,mc_qqps,54
-21042,1846,20228,24750,94C2, 9.125000E+01,28,15,43,28,15, 6.347049E+00,-8.733817E+00,-5.917147E+00, 6.009465E+01, 5.931747E+01, 2.118481E+00,-2.269800E+00, 5.083675E-01,-3.744538E+00, 8.547834E+01, 5.541240E+01, 2.282424E+01, 2.560901E+00,12, 5.759778E+00,0, 0.000000E+00,0, 0.000000E+00,9, 2.104937E+01, 5.256795E-01, 6.246076E+00,NULL,NULL,1,mc_qqps,54
-21042,1847,20228,24804,94C2, 9.125000E+01,55,23,78,55,23, 5.517013E+00, 1.411335E+01, 4.057492E+00, 5.477046E+01, 5.344387E+01, 9.717068E-01, 5.282344E+00, 3.100259E+00,-3.733926E+00, 9.582054E+01, 4.438312E+01, 1.963505E+01, 1.423187E+01,19, 4.487954E+00,0, 0.000000E+00,0, 0.000000E+00,14, 2.577974E+01, 3.260819E-01, 6.387969E+00,NULL,NULL,1,mc_qqps,54
-21042,1848,20228,24826,94C2, 9.125000E+01,19,14,33,19,14, 3.691933E+00, 5.834478E+00, 9.058322E+00, 3.925903E+01, 3.905209E+01, 2.055373E+00, 1.153830E-01, 5.220505E+00, 8.920308E+00, 7.189661E+01, 3.297961E+01, 1.991838E+01, 1.271921E+01,5, 4.267719E+00,14, 4.365334E+00,0, 0.000000E+00,3, 2.587326E+00, 4.791903E-01, 1.554839E+00,NULL,NULL,1,mc_qqps,54
-21042,1849,20228,24837,94C2, 9.125000E+01,33,22,55,33,22,-3.154090E+00, 5.859585E+00,-2.533525E+01, 4.733049E+01, 4.662607E+01, 1.412911E+00,-1.197555E+00, 3.982630E+00,-1.957159E+01, 7.591202E+01, 2.299540E+01, 2.602311E+01, 2.558413E+00,1, 0.000000E+00,26, 7.568703E+00,0, 0.000000E+00,NULL,NULL,NULL,NULL,NULL,NULL,1,mc_qqps,54
-21042,1850,20228,24854,94C2, 9.125000E+01,21,11,32,21,11, 6.990916E+00,-6.610283E-01, 2.085592E+01, 3.016082E+01, 2.972615E+01, 1.415531E+00, 7.561205E-01, 1.831673E+00,-3.324811E+00, 8.342006E+01, 3.158328E+00, 4.374566E+01, 9.513582E+00,2, 0.000000E+00,9, 4.711297E+00,0, 0.000000E+00,1, 6.706747E-01, 6.706747E-01, 6.706747E-01,1, 0.000000E+00,0,mc_qqps,54
-21042,1851,20228,24906,94C2, 9.125000E+01,45,7,52,45,7, 3.451665E+00, 9.689700E+00,-5.094747E+00, 8.031455E+01, 7.930105E+01, 1.762246E+00, 2.328712E+00, 3.530121E+00,-2.771105E+00, 9.212148E+01, 6.800269E+01, 1.090800E+01, 8.989198E-01,9, 2.068235E+00,0, 0.000000E+00,0, 0.000000E+00,4, 1.047530E+01, 7.405160E-01, 5.220364E+00,NULL,NULL,1,mc_qqps,54
-21042,1852,20228,24921,94C2, 9.125000E+01,28,16,44,28,16,-1.203586E+01,-1.721445E+01, 5.502190E+01, 7.649538E+01, 7.602806E+01, 2.715288E+00,-5.335439E+00,-8.936843E+00, 3.146242E+01, 1.218519E+02, 3.108540E+01, 4.132786E+01, 4.028681E+00,0, 0.000000E+00,17, 1.778576E+01,0, 0.000000E+00,NULL,NULL,NULL,NULL,NULL,NULL,1,mc_qqps,54
-21042,1853,20228,24934,94C2, 9.125000E+01,23,16,39,23,16, 5.254691E-01, 1.999585E+00, 5.391262E+00, 6.879166E+01, 6.842100E+01, 2.974826E+00, 3.286484E+00, 4.577320E+00, 8.881603E+00, 8.801165E+01, 6.415543E+01, 1.336312E+01, 2.948834E+00,8, 2.195224E+00,3, 3.606174E-01,0, 0.000000E+00,7, 1.185803E+01, 9.451155E-01, 2.767200E+00,2, 0.000000E+00,1,mc_qqps,54
-21042,1854,20228,24948,94C2, 9.125000E+01,43,20,63,43,20, 9.058566E-01, 4.059136E+00, 1.570091E+00, 5.703525E+01, 5.610926E+01, 1.304867E+00,-2.482699E+00, 7.951271E+00, 5.710489E+00, 8.781400E+01, 4.559314E+01, 2.991100E+01, 8.677705E-01,21, 3.015178E+00,1, 0.000000E+00,0, 0.000000E+00,14, 2.702030E+01, 4.608720E-01, 8.102943E+00,NULL,NULL,1,mc_qqps,54
-21042,1855,20228,25007,94C2, 9.125000E+01,31,20,51,31,20, 1.000388E+01, 5.774894E+00, 1.284413E+00, 5.516330E+01, 5.443461E+01, 1.755955E+00, 2.780812E-01,-1.212049E-02, 1.685566E+00, 9.625349E+01, 4.155637E+01, 2.960477E+01, 8.719653E+00,24, 1.125172E+01,0, 0.000000E+00,0, 0.000000E+00,15, 3.241221E+01, 4.594637E-01, 1.057394E+01,NULL,NULL,1,mc_qqps,54
-21042,1856,20228,25022,94C2, 9.125000E+01,8,6,14,8,6, 9.774486E-01,-2.035721E+00,-7.136135E+00, 9.985326E+00, 9.731452E+00, 1.216431E+00, 8.299439E-01, 1.983274E+00, 1.786238E+01, 4.240722E+01, 1.327482E+00, 3.242189E+01, 0.000000E+00,0, 0.000000E+00,1, 0.000000E+00,0, 0.000000E+00,NULL,NULL,NULL,NULL,6, 0.000000E+00,0,mc_qqps,54
-21042,1857,20228,25056,94C2, 9.125000E+01,25,12,37,25,12, 4.096003E+00, 1.233004E+00, 2.534249E+00, 5.912989E+01, 5.860020E+01, 2.344008E+00, 4.196136E+00, 4.584606E-01, 5.524091E+00, 1.060958E+02, 5.636678E+01, 2.776758E+01, 1.048475E+01,10, 0.000000E+00,0, 0.000000E+00,0, 0.000000E+00,8, 2.226360E+01, 9.142359E-01, 5.384261E+00,NULL,NULL,1,mc_qqps,54
-21042,1858,20228,25110,94C2, 9.125000E+01,33,14,47,33,14, 5.083324E+00, 4.346091E+00, 4.177187E+00, 5.030172E+01, 4.953749E+01, 1.501136E+00,-5.167163E+00,-8.137214E+00,-3.652391E+00, 9.414665E+01, 4.417804E+01, 3.218288E+01, 1.626332E+00,13, 3.900247E+00,1, 0.000000E+00,0, 0.000000E+00,9, 4.041412E+01, 5.982912E-01, 1.354056E+01,NULL,NULL,1,mc_qqps,54
-21042,1859,20228,25122,94C2, 9.125000E+01,23,14,37,23,14,-2.122102E+00, 4.170265E+00,-1.990243E+00, 7.787583E+01, 7.759747E+01, 3.373803E+00,-2.334229E+00, 1.211382E+00,-5.967864E+00, 9.085268E+01, 7.084009E+01, 5.926595E+00, 3.949694E+00,6, 2.356837E+01,6, 0.000000E+00,0, 0.000000E+00,5, 5.385565E+00, 4.795754E-01, 2.626683E+00,1, 0.000000E+00,1,mc_qqps,54
-21042,1860,20228,25137,94C2, 9.125000E+01,37,26,63,37,26, 1.386398E+00,-1.242144E+00,-5.272660E+00, 6.773495E+01, 6.711954E+01, 1.814041E+00,-5.030726E+00,-8.904884E-01,-1.602779E-01, 9.873651E+01, 6.027447E+01, 1.876344E+01, 9.280743E+00,13, 0.000000E+00,6, 0.000000E+00,0, 0.000000E+00,10, 1.136176E+01, 8.246666E-01, 1.548391E+00,NULL,NULL,1,mc_qqps,54
-21042,1861,20228,25158,94C2, 9.125000E+01,43,16,59,43,16,-8.204973E+00, 1.809009E+00,-5.181227E-01, 4.822185E+01, 4.743134E+01, 1.103055E+00,-1.015020E+01, 5.265266E+00,-4.247156E+00, 7.992065E+01, 4.066224E+01, 9.260414E+00, 2.055354E+01,11, 1.548197E+00,2, 0.000000E+00,0, 0.000000E+00,9, 9.960194E+00, 5.538192E-01, 1.921933E+00,NULL,NULL,1,mc_qqps,54
-21042,1862,20228,25213,94C2, 9.125000E+01,30,16,46,30,16, 1.132743E+02,-4.916156E+01, 4.926578E+01, 2.052011E+02, 2.048171E+02, 6.827238E+00, 1.025345E+02,-4.501528E+01, 4.564001E+01, 2.305133E+02, 6.172872E+01, 1.327139E+01, 1.198838E+01,17, 4.552666E+00,0, 0.000000E+00,0, 0.000000E+00,8, 8.994680E+00, 4.463961E-01, 2.245924E+00,1, 0.000000E+00,1,mc_qqps,54
-21042,1863,20228,25228,94C2, 9.125000E+01,23,16,39,23,16,-1.849560E+01,-5.672077E+00, 9.549266E+00, 5.879626E+01, 5.848173E+01, 2.542684E+00,-1.183357E+01,-4.380102E+00, 5.697923E+00, 8.261668E+01, 5.213861E+01, 2.279516E+01, 1.025244E+00,14, 4.158478E+00,1, 0.000000E+00,0, 0.000000E+00,11, 2.191348E+01, 4.438533E-01, 4.686280E+00,NULL,NULL,1,mc_qqps,54
-21042,1864,20228,25241,94C2, 9.125000E+01,24,6,30,24,6, 2.563027E-01, 3.203661E+00, 1.849972E+00, 5.617426E+01, 5.586309E+01, 2.327629E+00,-1.356049E-01, 3.331397E-01, 2.497675E-01, 7.070198E+01, 4.978964E+01, 8.501278E+00, 1.642166E+00,10, 7.473104E+00,0, 0.000000E+00,0, 0.000000E+00,5, 1.288555E+01, 3.373758E-01, 7.315405E+00,NULL,NULL,1,mc_qqps,54
-21042,1865,20228,25254,94C2, 9.125000E+01,18,10,28,18,10,-9.851805E+00, 3.168084E+01,-1.080801E+00, 4.083751E+01, 4.057710E+01, 2.254283E+00,-3.277186E+00, 1.194501E+01,-6.439148E-01, 7.617111E+01, 3.927448E+01, 3.002953E+01, 3.165417E+00,11, 2.554839E+00,0, 0.000000E+00,0, 0.000000E+00,8, 3.216818E+01, 4.241428E-01, 1.871211E+01,NULL,NULL,1,mc_qqps,54
-21042,1866,20228,25306,94C2, 9.125000E+01,42,14,56,42,14,-2.815371E+00, 1.292579E-01, 1.639679E+00, 5.553214E+01, 5.474094E+01, 1.303356E+00, 8.908465E+00,-1.314371E+01, 1.095427E+01, 8.172509E+01, 4.113221E+01, 1.210738E+01, 5.962625E+00,16, 1.470123E+00,0, 0.000000E+00,0, 0.000000E+00,10, 1.922260E+01, 7.067859E-01, 5.431423E+00,NULL,NULL,1,mc_qqps,54
-21042,1867,20228,25321,94C2, 9.125000E+01,23,12,35,23,12,-4.029860E+00,-2.701471E-01,-1.917233E+00, 6.568179E+01, 6.533831E+01, 2.840796E+00, 1.013616E+01, 3.930819E+00, 5.836925E+00, 8.276725E+01, 5.246757E+01, 1.642547E+01, 0.000000E+00,15, 8.680519E+00,0, 0.000000E+00,0, 0.000000E+00,11, 1.633487E+01, 6.599989E-01, 4.001477E+00,NULL,NULL,1,mc_qqps,54
-21042,1868,20228,25335,94C2, 9.125000E+01,42,19,61,42,19,-1.152993E+00, 7.594745E-01,-4.721986E+00, 4.789575E+01, 4.676194E+01, 1.113380E+00,-2.433919E+00,-1.934123E+00,-3.857126E+00, 8.358102E+01, 4.205097E+01, 2.081179E+01, 5.984206E+00,15, 2.958534E+00,3, 0.000000E+00,0, 0.000000E+00,12, 2.273492E+01, 5.008898E-01, 4.945438E+00,NULL,NULL,1,mc_qqps,54
-21042,1869,20228,25356,94C2, 9.125000E+01,49,15,64,49,15, 4.560116E+00,-6.423986E+00, 1.569277E+01, 7.023598E+01, 6.883094E+01, 1.404713E+00,-1.152813E+00,-5.095117E-01,-5.783084E+00, 1.004575E+02, 5.372464E+01, 2.796301E+01, 2.258504E+00,2, 0.000000E+00,13, 4.523622E+00,0, 0.000000E+00,1, 1.295217E+00, 1.295217E+00, 1.295217E+00,1, 0.000000E+00,1,mc_qqps,54
-21042,1870,20228,25415,94C2, 9.125000E+01,43,8,51,43,8,-7.721367E+00,-1.604289E+01, 9.056869E-01, 7.575498E+01, 7.459277E+01, 1.734716E+00,-9.592825E+00,-1.767191E+01, 2.417693E+00, 8.417728E+01, 6.101187E+01, 3.827974E+00, 2.738604E+00,9, 4.347203E+00,0, 0.000000E+00,0, 0.000000E+00,4, 5.570561E+00, 1.164177E+00, 1.855724E+00,NULL,NULL,1,mc_qqps,54
-21042,1871,20228,25436,94C2, 9.125000E+01,24,6,30,24,6, 9.047313E-01,-7.318658E+00,-1.441303E+00, 7.835627E+01, 7.814173E+01, 3.255905E+00, 2.000142E+00,-9.111192E+00,-2.840971E+00, 9.202404E+01, 7.593625E+01, 7.936299E+00, 0.000000E+00,11, 4.047300E+00,0, 0.000000E+00,0, 0.000000E+00,5, 1.001624E+01, 4.152203E-01, 3.723127E+00,NULL,NULL,1,mc_qqps,54
-21042,1872,20228,25449,94C2, 9.125000E+01,16,8,24,16,8, 1.061379E+00,-6.903335E-01,-1.165901E+00, 4.900085E+01, 4.879362E+01, 3.049602E+00,-3.917399E+00, 6.285788E+00, 7.234287E+00, 7.634867E+01, 4.460685E+01, 6.347338E+00, 2.048899E+01,2, 0.000000E+00,6, 0.000000E+00,0, 0.000000E+00,2, 1.749509E+00, 5.114970E-01, 1.238012E+00,NULL,NULL,1,mc_qqps,54
-21042,1873,20228,25501,94C2, 9.125000E+01,27,13,40,27,13,-1.072814E+01, 6.239115E+00, 1.185909E+01, 3.466315E+01, 3.418940E+01, 1.266274E+00,-8.203325E+00, 4.153023E+00, 7.466153E+00, 6.742690E+01, 3.099242E+01, 1.933113E+01, 1.201411E+01,8, 1.200934E-01,2, 0.000000E+00,0, 0.000000E+00,7, 1.523886E+01, 5.418838E-01, 4.928056E+00,NULL,NULL,1,mc_qqps,54
-21042,1874,20228,25519,94C2, 9.125000E+01,44,13,57,44,13, 2.262050E+00, 6.432614E-01,-5.557354E+00, 8.227301E+01, 8.116446E+01, 1.844647E+00, 2.172683E+00, 1.060098E+00,-4.756273E+00, 9.222013E+01, 7.344711E+01, 8.505346E+00, 6.784086E-01,19, 8.758305E+00,0, 0.000000E+00,0, 0.000000E+00,9, 8.219614E+00, 5.680284E-01, 1.654391E+00,NULL,NULL,1,mc_qqps,54
-21042,1875,20228,25538,94C2, 9.125000E+01,23,12,35,23,12,-2.142117E+01,-6.095269E+00,-2.350881E+01, 4.016602E+01, 3.972564E+01, 1.727202E+00,-7.772002E+00,-1.773151E+00,-6.576166E+00, 8.489891E+01, 3.397742E+01, 2.347665E+01, 1.980787E+01,11, 8.694575E-01,0, 0.000000E+00,0, 0.000000E+00,8, 2.492875E+01, 5.908366E-01, 1.489200E+01,NULL,NULL,1,mc_qqps,54
-21042,1876,20228,25554,94C2, 9.125000E+01,33,31,64,33,31,-4.667430E+00,-3.281612E+00,-4.541042E+00, 5.648503E+01, 5.586003E+01, 1.692728E+00, 5.045355E+00,-5.428208E-01, 2.757209E+00, 1.014562E+02, 4.821159E+01, 3.365926E+01, 5.377603E+00,28, 1.061478E+00,4, 0.000000E+00,0, 0.000000E+00,25, 3.514719E+01, 4.723438E-01, 3.169854E+00,NULL,NULL,1,mc_qqps,54
-21042,1877,20228,25612,94C2, 9.125000E+01,25,11,36,25,11,-4.721547E+00,-5.380669E+00,-9.391821E+00, 5.157225E+01, 5.109412E+01, 2.043765E+00,-2.922950E-01, 2.975002E+00,-9.856515E-01, 9.164725E+01, 4.752174E+01, 2.448594E+01, 1.130963E+01,11, 5.768813E-01,1, 0.000000E+00,0, 0.000000E+00,8, 2.878419E+01, 6.533456E-01, 1.802919E+01,NULL,NULL,1,mc_qqps,54
-21042,1878,20228,25627,94C2, 9.125000E+01,38,15,53,38,15,-2.805024E+00, 4.352237E+00, 6.793939E+00, 6.247487E+01, 6.177158E+01, 1.625568E+00, 1.068206E-01,-1.710083E+00, 6.685849E-01, 7.611106E+01, 5.848597E+01, 1.250504E+01, 2.057513E-01,6, 0.000000E+00,10, 9.126661E-01,0, 0.000000E+00,5, 6.308081E+00, 9.253890E-01, 1.528105E+00,1, 0.000000E+00,1,mc_qqps,54
-21042,1879,20228,25647,94C2, 9.125000E+01,23,9,32,23,9, 5.709618E+01,-1.785384E+01,-4.780484E+01, 1.652017E+02, 1.648597E+02, 7.167813E+00, 4.957639E+01,-1.735667E+01,-4.253617E+01, 1.841041E+02, 6.862330E+01, 5.683199E+00, 1.136561E+01,9, 7.250207E+00,2, 0.000000E+00,0, 0.000000E+00,5, 6.038475E+00, 8.024716E-01, 2.000176E+00,NULL,NULL,1,mc_qqps,54
-21042,1880,20228,25700,94C2, 9.125000E+01,23,7,30,23,7, 1.007353E-01,-1.497060E+00, 5.024111E+00, 8.502497E+01, 8.478486E+01, 3.686298E+00,-5.531592E-01,-4.161587E+00, 8.333109E+00, 9.556303E+01, 8.275433E+01, 9.701347E+00, 8.367242E-01,1, 0.000000E+00,10, 3.200295E+00,0, 0.000000E+00,NULL,NULL,NULL,NULL,NULL,NULL,1,mc_qqps,54
-21042,1881,20228,25712,94C2, 9.125000E+01,25,17,42,25,17,-8.080772E+00, 2.362384E+00, 3.750257E+00, 4.767546E+01, 4.734146E+01, 1.893658E+00, 1.061354E+01,-1.538976E+00,-4.815558E+00, 7.694731E+01, 4.619237E+01, 2.469581E+01, 2.076319E-01,21, 1.012595E+01,1, 0.000000E+00,0, 0.000000E+00,15, 2.845377E+01, 4.229095E-01, 9.993688E+00,NULL,NULL,1,mc_qqps,54
-21042,1882,20228,25726,94C2, 9.125000E+01,36,17,53,36,17,-8.673490E+00, 6.783601E+00, 8.543829E+01, 1.363077E+02, 1.356837E+02, 3.768992E+00,-9.341541E+00, 6.393379E+00, 8.496498E+01, 1.565422E+02, 2.648496E+01, 1.565477E+01, 4.129783E+00,4, 8.117274E-02,20, 1.086416E+01,0, 0.000000E+00,1, 4.498837E-01, 4.498837E-01, 4.498837E-01,1, 0.000000E+00,1,mc_qqps,54
-21042,1883,20228,25744,94C2, 9.125000E+01,32,19,51,32,19,-6.751534E+00, 1.476158E+00,-1.645733E+01, 5.554896E+01, 5.489780E+01, 1.715556E+00,-2.238780E+00,-2.209673E+00,-6.051537E+00, 7.846088E+01, 4.685426E+01, 1.896423E+01, 3.978092E+00,1, 0.000000E+00,23, 2.133603E+00,0, 0.000000E+00,1, 9.736101E-01, 9.736101E-01, 9.736101E-01,NULL,NULL,1,mc_qqps,54
-21042,1884,20228,25757,94C2, 9.125000E+01,35,23,58,35,23, 5.277341E+00, 1.062854E+01,-5.858617E-01, 3.513311E+01, 3.437571E+01, 9.821633E-01, 7.329694E+00, 1.031201E+01, 1.374084E+00, 7.170624E+01, 1.943641E+01, 1.582586E+01, 1.992485E+01,15, 3.160774E+00,4, 0.000000E+00,0, 0.000000E+00,12, 1.251618E+01, 5.567706E-01, 1.773257E+00,1, 0.000000E+00,1,mc_qqps,54
-21042,1885,20228,25814,94C2, 9.125000E+01,40,26,66,40,26, 1.147524E+00,-3.568035E+00,-1.041853E+01, 6.031354E+01, 5.938618E+01, 1.484655E+00,-3.615664E+00,-3.475610E+00,-5.789952E+00, 8.943523E+01, 4.699717E+01, 2.170994E+01, 5.568079E+00,3, 0.000000E+00,17, 1.680610E+00,0, 0.000000E+00,3, 3.185205E+00, 8.172676E-01, 1.197368E+00,2, 0.000000E+00,1,mc_qqps,54
-21042,1886,20228,25834,94C2, 9.125000E+01,19,8,27,19,8,-2.735173E+02, 1.675675E+02, 1.069386E+02, 3.692818E+02, 3.690756E+02, 1.942503E+01,-2.466038E+02, 1.497881E+02, 9.717865E+01, 4.136230E+02, 3.216808E+01, 3.550849E+01, 3.496840E+00,9, 7.376907E-01,0, 0.000000E+00,0, 0.000000E+00,6, 4.084439E+01, 5.996239E-01, 3.140120E+01,NULL,NULL,1,mc_qqps,54
-21042,1887,20228,25844,94C2, 9.125000E+01,31,8,39,31,8, 2.201778E+00,-1.253501E+00, 1.599286E-01, 7.140512E+01, 7.092265E+01, 2.287827E+00,-6.394160E-01, 1.379981E+00,-3.052861E+00, 8.090118E+01, 6.878598E+01, 9.063432E+00, 4.326088E-01,5, 0.000000E+00,3, 0.000000E+00,0, 0.000000E+00,3, 4.618424E+00, 9.764532E-01, 1.887059E+00,NULL,NULL,1,mc_qqps,54
-21042,1888,20228,25901,94C2, 9.125000E+01,38,9,47,38,9,-1.087986E+01,-9.653847E+00,-1.069622E+01, 6.266763E+01, 6.174751E+01, 1.624935E+00,-1.332067E+01,-1.153869E+01,-1.694196E+01, 7.280150E+01, 4.317768E+01, 5.746901E+00, 2.824523E+00,4, 2.238827E-01,6, 0.000000E+00,0, 0.000000E+00,2, 2.888145E+00, 1.325708E+00, 1.562436E+00,NULL,NULL,1,mc_qqps,54
-21042,1889,20228,25920,94C2, 9.125000E+01,22,10,32,22,10,-2.175053E+00, 3.531278E+00,-2.861867E+00, 4.115274E+01, 4.073774E+01, 1.851715E+00,-1.945575E+00, 4.417286E+00,-2.245513E+00, 5.556075E+01, 3.973625E+01, 5.388939E+00, 8.384020E+00,6, 0.000000E+00,3, 4.839091E-01,0, 0.000000E+00,4, 3.794919E+00, 2.702958E-01, 1.489219E+00,NULL,NULL,1,mc_qqps,54
-21042,1890,20228,25931,94C2, 9.125000E+01,16,16,32,16,16, 2.143484E+01,-6.144928E+00, 4.497633E+00, 5.625553E+01, 5.614532E+01, 3.509083E+00, 3.457101E+01,-1.258496E+01, 8.141430E+00, 9.915504E+01, 5.653637E+01, 1.506977E+01, 2.477554E+01,20, 1.522387E+01,0, 0.000000E+00,0, 0.000000E+00,10, 1.503487E+01, 6.594591E-01, 4.299225E+00,NULL,NULL,1,mc_qqps,54
-21042,1891,20228,25944,94C2, 9.125000E+01,22,14,36,22,14, 6.678667E+00, 2.742285E+00, 2.186855E+01, 6.586436E+01, 6.567525E+01, 2.985239E+00, 9.792421E+00, 4.511654E+00, 3.335010E+01, 9.465939E+01, 4.072521E+01, 9.531924E+00, 1.848147E+01,3, 0.000000E+00,13, 1.182576E+01,0, 0.000000E+00,3, 2.244277E+00, 3.902452E-01, 1.072407E+00,NULL,NULL,1,mc_qqps,54
-21042,1892,20228,25959,94C2, 9.125000E+01,29,16,45,29,16,-8.286936E+00,-2.088525E+01,-3.354641E+01, 8.762324E+01, 8.712780E+01, 3.004407E+00,-1.127107E+01,-2.254438E+01,-4.266655E+01, 1.213055E+02, 3.474440E+01, 2.122839E+01, 1.245609E+01,2, 0.000000E+00,14, 7.346721E+00,0, 0.000000E+00,1, 1.000036E+00, 1.000036E+00, 1.000036E+00,NULL,NULL,1,mc_qqps,54
-21042,1893,20228,30015,94C2, 9.125000E+01,22,12,34,22,12,-9.210261E-01, 1.768955E+01,-1.120099E+01, 5.530618E+01, 5.505659E+01, 2.502573E+00, 2.645188E-01, 6.259059E+00,-4.918579E+00, 8.862682E+01, 4.691322E+01, 2.762413E+01, 2.374059E+00,10, 5.847140E+00,4, 1.056835E+00,0, 0.000000E+00,5, 2.651093E+01, 8.413815E-01, 1.613069E+01,NULL,NULL,1,mc_qqps,54
-21042,1894,20228,30028,94C2, 9.125000E+01,30,16,46,30,16,-3.942403E+00,-1.060828E+01,-5.543654E+00, 6.415472E+01, 6.354363E+01, 2.118121E+00, 1.806207E+00,-3.832950E+00, 4.160640E-01, 1.011693E+02, 4.923081E+01, 2.245587E+01, 1.374708E+01,18, 7.323386E+00,0, 0.000000E+00,0, 0.000000E+00,11, 1.849913E+01, 4.850648E-01, 4.445938E+00,NULL,NULL,1,mc_qqps,54
-21042,1895,20228,30042,94C2, 9.125000E+01,13,17,30,13,17, 2.188951E+01, 2.032120E+00, 4.124601E+00, 2.942329E+01, 2.933589E+01, 2.256607E+00, 2.469118E+01, 2.920242E+00, 2.871420E+00, 6.842444E+01, 2.971943E+01, 2.060190E+01, 1.457840E+01,15, 1.038449E+01,0, 0.000000E+00,0, 0.000000E+00,12, 2.051316E+01, 4.273891E-01, 6.583373E+00,NULL,NULL,1,mc_qqps,54
-21042,1896,20228,30054,94C2, 9.125000E+01,42,12,54,42,12, 6.150369E+00,-1.446907E+01,-3.064783E+01, 6.347715E+01, 6.236066E+01, 1.484778E+00, 5.523869E+00,-1.440126E+01,-2.614060E+01, 8.251397E+01, 4.312664E+01, 1.903681E+01, 0.000000E+00,3, 0.000000E+00,12, 4.355126E+00,0, 0.000000E+00,2, 2.002350E+00, 8.641970E-01, 1.138153E+00,NULL,NULL,1,mc_qqps,54
-21042,1897,20228,30113,94C2, 9.125000E+01,55,23,78,55,23, 6.294328E+00, 2.423491E+00,-8.201262E+00, 6.377523E+01, 6.255548E+01, 1.137372E+00, 9.378985E+00, 1.123660E+01,-6.100126E+00, 1.035342E+02, 4.099195E+01, 2.399884E+01, 1.021399E+01,21, 1.991381E-01,1, 0.000000E+00,0, 0.000000E+00,16, 2.827881E+01, 4.736561E-01, 6.984857E+00,NULL,NULL,1,mc_qqps,54
-21042,1898,20228,30133,94C2, 9.125000E+01,26,15,41,26,15, 1.158351E+01,-6.492239E+00, 1.950741E-01, 5.170918E+01, 5.128761E+01, 1.972600E+00, 4.140028E+00,-2.203906E-01,-3.471943E-01, 8.340865E+01, 4.380016E+01, 1.958447E+01, 1.154924E+01,18, 1.117550E+01,0, 0.000000E+00,0, 0.000000E+00,11, 1.907960E+01, 6.085589E-01, 4.272177E+00,NULL,NULL,1,mc_qqps,54
-21042,1899,20228,30146,94C2, 9.125000E+01,41,20,61,41,20, 2.758436E+00, 7.247542E-01,-3.198966E+00, 6.597580E+01, 6.541828E+01, 1.595568E+00, 5.360716E+00, 2.283307E-01,-8.813765E+00, 9.708352E+01, 5.149939E+01, 2.544446E+01, 5.663262E+00,4, 0.000000E+00,22, 6.268713E+00,0, 0.000000E+00,4, 4.864534E+00, 7.996196E-01, 1.525391E+00,NULL,NULL,1,mc_qqps,54
-21042,1900,20228,30202,94C2, 9.125000E+01,38,14,52,38,14, 5.436442E+00, 1.282103E+00, 9.565335E+00, 5.087385E+01, 4.980504E+01, 1.310659E+00,-6.158176E+00,-4.992895E+00,-1.169506E+01, 8.819781E+01, 3.467630E+01, 3.496033E+01, 1.716355E+00,5, 8.337218E-01,7, 5.508330E-01,0, 0.000000E+00,2, 1.986104E+00, 6.472884E-01, 1.338816E+00,NULL,NULL,1,mc_qqps,54
-21042,1901,20228,30220,94C2, 9.125000E+01,20,20,40,20,20, 6.247460E+00,-5.069505E+00,-1.199126E-01, 5.252052E+01, 5.229294E+01, 2.614647E+00, 2.438751E-02,-7.346022E-02,-1.502783E-01, 1.003598E+02, 5.113895E+01, 3.531467E+01, 1.013485E+01,20, 2.987166E+00,0, 0.000000E+00,0, 0.000000E+00,14, 3.162382E+01, 3.438661E-01, 9.090199E+00,NULL,NULL,1,mc_qqps,54
-21042,1902,20228,30234,94C2, 9.125000E+01,50,20,70,50,20,-4.734039E+00, 3.333691E+00,-1.619263E+00, 6.043923E+01, 5.816724E+01, 1.163345E+00,-3.072966E+00,-7.601021E+00, 1.813673E+00, 1.055773E+02, 5.346027E+01, 4.139677E+01, 2.578334E+00,20, 4.875980E+00,1, 0.000000E+00,0, 0.000000E+00,16, 3.953682E+01, 5.143489E-01, 7.525234E+00,NULL,NULL,1,mc_qqps,54
-21042,1903,20228,30252,94C2, 9.125000E+01,21,10,31,21,10, 8.360708E+00,-3.031898E+01,-1.223156E+01, 5.041983E+01, 5.016513E+01, 2.388816E+00,-4.079963E-01, 1.949975E+00, 1.210056E+00, 1.000869E+02, 4.822741E+01, 3.865532E+01, 1.111210E+01,12, 8.877211E+00,0, 0.000000E+00,0, 0.000000E+00,5, 2.526496E+01, 4.255017E-01, 1.321881E+01,NULL,NULL,1,mc_qqps,54
-21042,1904,20228,30303,94C2, 9.125000E+01,19,10,29,19,10,-8.570957E+00,-9.828718E+00,-8.638694E+00, 4.959377E+01, 4.926182E+01, 2.592727E+00,-3.044706E+00,-2.610525E+00,-1.771245E+00, 6.337115E+01, 4.653094E+01, 1.123972E+01, 2.537659E+00,11, 2.321743E+00,1, 0.000000E+00,0, 0.000000E+00,6, 1.095676E+01, 8.153292E-01, 3.328193E+00,NULL,NULL,1,mc_qqps,54
-21042,1905,20228,30317,94C2, 9.125000E+01,36,13,49,36,13, 5.252412E+00,-7.857111E+00,-1.288937E+01, 4.981480E+01, 4.902128E+01, 1.361702E+00,-8.883702E+00,-1.509717E+01,-5.022344E+00, 8.861958E+01, 4.665891E+01, 1.403239E+01, 2.345434E+01,15, 3.840750E+00,0, 0.000000E+00,0, 0.000000E+00,10, 1.053224E+01, 5.061929E-01, 2.541817E+00,NULL,NULL,1,mc_qqps,54
-21042,1906,20228,30334,94C2, 9.125000E+01,35,19,54,35,19, 1.099182E+01, 2.826232E+00, 9.080044E+00, 5.490063E+01, 5.392820E+01, 1.540806E+00, 1.622154E+00,-1.162436E+00, 2.106082E+00, 8.796870E+01, 4.849657E+01, 2.819988E+01, 4.217903E+00,19, 6.337630E+00,0, 0.000000E+00,0, 0.000000E+00,15, 2.802014E+01, 4.758034E-01, 5.217152E+00,NULL,NULL,1,mc_qqps,54
-21042,1907,20228,30348,94C2, 9.125000E+01,26,9,35,26,9, 5.589415E+00, 6.855584E+00,-4.591918E+00, 5.833320E+01, 5.785443E+01, 2.225170E+00,-1.012054E+01,-6.855397E+00, 1.147010E+01, 9.714378E+01, 5.537773E+01, 3.881059E+01, 0.000000E+00,9, 3.462123E+00,1, 0.000000E+00,0, 0.000000E+00,5, 1.025230E+01, 4.049152E-01, 4.020621E+00,NULL,NULL,1,mc_qqps,54
-21042,1908,20228,30405,94C2, 9.125000E+01,21,6,27,21,6, 1.026358E+00, 4.239942E+00, 2.062657E+00, 8.572454E+01, 8.549296E+01, 4.071093E+00, 1.736028E+00, 6.705564E+00, 2.820558E+00, 9.098405E+01, 8.501801E+01, 3.461233E+00, 1.302408E+00,14, 6.693616E+00,0, 0.000000E+00,0, 0.000000E+00,4, 3.957112E+00, 4.776556E-01, 2.092455E+00,NULL,NULL,1,mc_qqps,54
-21042,1909,20228,30416,94C2, 9.125000E+01,29,12,41,29,12,-1.355217E+00,-2.843419E-01, 3.491499E+00, 5.808741E+01, 5.760567E+01, 1.986403E+00, 1.793521E+00, 1.093719E-01, 1.669925E+00, 6.929546E+01, 4.669221E+01, 7.056418E+00, 1.836111E+00,3, 0.000000E+00,9, 0.000000E+00,0, 0.000000E+00,2, 2.862194E+00, 5.466666E-01, 2.315528E+00,NULL,NULL,1,mc_qqps,54
-21042,1910,20228,30431,94C2, 9.125000E+01,42,18,60,42,18, 8.412520E-01, 2.562342E+00,-2.927142E+00, 3.859613E+01, 3.769432E+01, 8.974839E-01,-5.120529E+00,-3.818924E+00, 3.362563E+00, 9.311893E+01, 2.246611E+01, 3.831238E+01, 1.398373E+01,20, 4.521941E+00,0, 0.000000E+00,0, 0.000000E+00,13, 3.959997E+01, 4.525377E-01, 1.304978E+01,NULL,NULL,1,mc_qqps,54
-21042,1911,20228,30454,94C2, 9.125000E+01,20,6,26,20,6, 7.103147E+00,-6.544348E+00,-9.482592E+00, 5.283760E+01, 5.263567E+01, 2.631783E+00,-1.038326E+00, 1.988155E+00, 1.847435E+00, 7.366819E+01, 5.119341E+01, 1.770268E+01, 2.419066E+00,7, 1.748348E+00,1, 0.000000E+00,0, 0.000000E+00,3, 1.847688E+01, 7.747533E-01, 1.637705E+01,NULL,NULL,1,mc_qqps,54
-21042,1912,20228,30507,94C2, 9.125000E+01,19,7,26,19,7, 2.925510E+01, 1.485333E+01, 2.166015E+01, 1.083682E+02, 1.080745E+02, 5.688134E+00, 1.951153E+01, 8.302115E+00, 1.371286E+01, 1.437046E+02, 6.072328E+01, 9.429710E+00, 1.740967E+01,10, 4.899153E+00,0, 0.000000E+00,0, 0.000000E+00,5, 1.792672E+01, 5.640448E-01, 6.347570E+00,NULL,NULL,1,mc_qqps,54
-21042,1913,20228,30520,94C2, 9.125000E+01,22,14,36,22,14,-4.099316E+00, 8.834251E-01, 1.060980E+00, 3.453531E+01, 3.403734E+01, 1.547152E+00, 2.413865E+00,-1.148503E+00,-9.304420E-01, 6.795610E+01, 3.310095E+01, 2.348044E+01, 4.046746E-01,16, 1.213425E+00,0, 0.000000E+00,0, 0.000000E+00,12, 3.272146E+01, 4.546449E-01, 9.535679E+00,NULL,NULL,1,mc_qqps,54
-21042,1914,20228,30533,94C2, 9.125000E+01,25,18,43,25,18, 4.738504E+00, 2.760677E+00,-1.042999E+01, 3.620705E+01, 3.560664E+01, 1.424266E+00, 5.906801E-01, 1.455965E-01,-2.032997E+00, 7.417715E+01, 3.340319E+01, 1.649425E+01, 2.147585E+01,1, 0.000000E+00,17, 4.250894E+00,0, 0.000000E+00,1, 7.847779E-01, 7.847779E-01, 7.847779E-01,NULL,NULL,1,mc_qqps,54
-21042,1915,20228,30553,94C2, 9.125000E+01,32,19,51,32,19,-1.382341E+00, 1.348582E+00,-5.614215E+00, 4.238712E+01, 4.187796E+01, 1.308686E+00, 1.783585E+00, 1.162684E+00, 5.472214E+00, 7.630749E+01, 3.490655E+01, 3.143068E+01, 2.336786E-01,12, 0.000000E+00,8, 0.000000E+00,0, 0.000000E+00,12, 1.557585E+01, 3.387059E-01, 3.045438E+00,NULL,NULL,1,mc_qqps,54
-21042,1916,20228,30608,94C2, 9.125000E+01,40,5,45,40,5, 6.627381E+00,-4.219301E+00, 1.061011E+00, 7.204668E+01, 7.081810E+01, 1.770452E+00, 1.042060E+01,-5.935999E+00, 1.057074E+00, 8.453762E+01, 6.613885E+01, 1.134151E+01, 1.149428E+00,11, 2.413052E+01,0, 0.000000E+00,0, 0.000000E+00,3, 5.481034E+00, 1.242408E+00, 2.887523E+00,NULL,NULL,1,mc_qqps,54
-21042,1917,20228,30625,94C2, 9.125000E+01,28,20,48,28,20,-7.738314E+00,-1.688084E+01,-3.985030E+01, 7.706445E+01, 7.648349E+01, 2.731553E+00,-5.899323E+00,-1.364039E+01,-3.141001E+01, 1.216421E+02, 3.971899E+01, 2.807067E+01, 1.650694E+01,2, 0.000000E+00,21, 9.380308E+00,0, 0.000000E+00,2, 2.498987E+00, 1.120348E+00, 1.378639E+00,NULL,NULL,1,mc_qqps,54
-21042,1918,20228,30637,94C2, 9.125000E+01,46,18,64,46,18, 2.659413E+01, 2.853191E+01, 8.733772E+01, 1.621706E+02, 1.611074E+02, 3.502335E+00, 2.263283E+01, 2.394558E+01, 7.855138E+01, 1.896504E+02, 6.050838E+01, 9.896956E+00, 1.632632E+01,3, 0.000000E+00,17, 6.687276E+00,0, 0.000000E+00,3, 2.067251E+00, 6.248056E-01, 8.107481E-01,NULL,NULL,1,mc_qqps,54
-21042,1919,20228,30655,94C2, 9.125000E+01,51,11,62,51,11, 7.322566E+00,-5.508330E+01,-6.907242E+01, 1.649500E+02, 1.639028E+02, 3.213779E+00, 6.490710E+00,-5.066498E+01,-6.143364E+01, 1.837984E+02, 5.795525E+01, 1.612463E+01, 2.723816E+00,2, 0.000000E+00,17, 4.828305E+00,0, 0.000000E+00,NULL,NULL,NULL,NULL,NULL,NULL,1,mc_qqps,54
-21042,1920,20228,30712,94C2, 9.125000E+01,6,14,20,6,14,-3.969857E-01,-9.112539E-01, 3.022391E+00, 6.275542E+00, 6.185240E+00, 1.030873E+00,-2.929481E+00, 5.125363E-01, 2.075734E+00, 5.075242E+01, 3.271068E+00, 4.001142E+01, 6.281880E-01,1, 0.000000E+00,5, 0.000000E+00,0, 0.000000E+00,1, 3.837270E+00, 3.837270E+00, 3.837270E+00,7, 0.000000E+00,0,mc_qqps,54
-21042,1921,20228,30742,94C2, 9.125000E+01,41,9,50,41,9, 1.237094E+00, 3.697979E+00,-2.630346E+00, 6.332690E+01, 6.203095E+01, 1.512950E+00, 9.557828E-01, 5.534071E+00,-5.722100E+00, 7.090943E+01, 5.758841E+01, 5.388279E+00, 1.412770E+00,10, 1.989208E+01,0, 0.000000E+00,0, 0.000000E+00,6, 6.178905E+00, 3.979139E-01, 2.529658E+00,NULL,NULL,1,mc_qqps,54
-21042,1922,20228,30755,94C2, 9.125000E+01,33,12,45,33,12, 1.155672E+00, 9.777798E-01,-2.499722E+00, 4.685408E+01, 4.609457E+01, 1.396805E+00, 7.456546E+00,-2.198565E+00,-4.950488E+00, 6.567889E+01, 4.472081E+01, 1.672861E+01, 8.002735E-01,13, 2.559798E-01,1, 0.000000E+00,0, 0.000000E+00,9, 1.709316E+01, 7.444578E-01, 5.274451E+00,NULL,NULL,1,mc_qqps,54
-21042,1923,20228,30814,94C2, 9.125000E+01,24,14,38,24,14,-1.834519E+00, 5.052939E+00,-3.099593E+00, 4.310682E+01, 4.275986E+01, 1.781661E+00,-2.493571E+00, 2.113762E+01,-1.458390E+01, 7.546313E+01, 3.912314E+01, 3.235630E+01, 0.000000E+00,17, 6.912320E+00,0, 0.000000E+00,0, 0.000000E+00,12, 2.947146E+01, 4.985015E-01, 5.416627E+00,NULL,NULL,1,mc_qqps,54
-21042,1924,20228,30826,94C2, 9.125000E+01,40,14,54,40,14, 3.285393E-01,-5.448716E+00, 2.188589E+00, 6.139192E+01, 6.054799E+01, 1.513700E+00, 5.170023E+00,-1.337072E+01,-3.191785E+00, 8.042978E+01, 4.832502E+01, 1.042991E+01, 7.850614E+00,15, 2.498615E+01,0, 0.000000E+00,0, 0.000000E+00,9, 1.093690E+01, 4.150560E-01, 2.754432E+00,NULL,NULL,1,mc_qqps,54
-21042,1925,20228,30844,94C2, 9.125000E+01,20,18,38,20,18,-3.201717E+00,-4.063540E+00,-4.908631E-01, 5.935233E+01, 5.912904E+01, 2.956452E+00, 1.811681E+00, 6.692929E+00,-1.952403E+00, 9.005922E+01, 5.869559E+01, 2.545341E+01, 0.000000E+00,22, 3.395472E+00,0, 0.000000E+00,0, 0.000000E+00,18, 3.070689E+01, 4.892001E-01, 5.091451E+00,NULL,NULL,1,mc_qqps,54
-21042,1926,20228,30855,94C2, 9.125000E+01,24,25,49,24,25, 4.195464E+00, 2.012121E+00,-5.151386E+00, 4.578294E+01, 4.530135E+01, 1.887556E+00,-7.987998E-01,-1.151334E+00,-1.028111E+01, 1.007255E+02, 1.921803E+01, 3.827489E+01, 1.688165E+01,2, 0.000000E+00,17, 5.017472E+00,0, 0.000000E+00,1, 1.681031E+00, 1.681031E+00, 1.681031E+00,5, 0.000000E+00,1,mc_qqps,54
-21042,1927,20228,30928,94C2, 9.125000E+01,30,10,40,30,10,-2.539986E+01,-9.461707E+00, 1.164270E+01, 7.964475E+01, 7.902695E+01, 2.634232E+00,-4.085740E+01,-1.009986E+01, 1.478633E+01, 1.043582E+02, 7.032872E+01, 2.015419E+01, 2.846987E+00,12, 1.376325E+00,0, 0.000000E+00,0, 0.000000E+00,7, 2.142556E+01, 4.798417E-01, 9.982774E+00,NULL,NULL,1,mc_qqps,54
-21042,1928,20228,30943,94C2, 9.125000E+01,30,11,41,30,11, 2.415750E-01, 1.616427E+00, 9.212703E-01, 4.730294E+01, 4.656443E+01, 1.552148E+00,-1.570057E+01, 1.317971E+00,-7.559226E+00, 1.022539E+02, 3.569426E+01, 4.919724E+01, 0.000000E+00,15, 2.516802E+00,0, 0.000000E+00,0, 0.000000E+00,8, 5.145009E+01, 4.948276E-01, 3.637925E+01,NULL,NULL,1,mc_qqps,54
-21042,1929,20228,30957,94C2, 9.125000E+01,19,8,27,19,8, 9.969873E+00, 4.273752E+00, 4.355087E+00, 3.845237E+01, 3.800116E+01, 2.000061E+00, 1.077464E+01, 4.325582E+00, 5.602409E+00, 6.625668E+01, 3.714138E+01, 1.429814E+01, 1.247316E+01,12, 1.047066E+01,0, 0.000000E+00,0, 0.000000E+00,6, 1.586896E+01, 4.863997E-01, 8.372827E+00,NULL,NULL,1,mc_qqps,54
-21042,1930,20228,31007,94C2, 9.125000E+01,29,10,39,29,10,-1.636385E+00,-1.640400E+00,-1.271424E+00, 8.855228E+01, 8.818245E+01, 3.040774E+00, 6.667711E+00, 3.888759E+00, 6.986755E+00, 1.148217E+02, 8.061488E+01, 1.556518E+01, 9.582433E+00,13, 4.500332E+00,0, 0.000000E+00,0, 0.000000E+00,7, 1.152856E+01, 3.967366E-01, 4.171724E+00,NULL,NULL,1,mc_qqps,54
-21042,1931,20228,31020,94C2, 9.125000E+01,40,14,54,40,14,-2.864862E+00,-3.249391E+00, 5.672584E+01, 1.169606E+02, 1.161149E+02, 2.902874E+00,-3.266491E+00,-2.124240E+00, 5.566963E+01, 1.329434E+02, 4.817759E+01, 1.548986E+01, 4.929352E-01,1, 0.000000E+00,18, 1.033153E+01,0, 0.000000E+00,1, 5.662767E-01, 5.662767E-01, 5.662767E-01,NULL,NULL,1,mc_qqps,54
-21042,1932,20228,31036,94C2, 9.125000E+01,30,25,55,30,25, 3.194463E-01, 7.746276E-01,-1.209125E+01, 2.377860E+01, 2.313078E+01, 7.710258E-01, 1.693960E+00, 1.437313E+00,-1.276308E+01, 6.096859E+01, 1.359137E+01, 1.850597E+01, 1.868402E+01,2, 0.000000E+00,13, 2.023885E-01,0, 0.000000E+00,2, 2.409703E+00, 8.596870E-01, 1.550016E+00,2, 0.000000E+00,1,mc_qqps,54
-21042,1933,20228,31059,94C2, 9.125000E+01,25,12,37,25,12, 6.831346E+00, 1.790541E+01,-1.763474E+01, 5.559040E+01, 5.519828E+01, 2.207931E+00, 4.800600E+00, 1.366111E+01,-1.595781E+01, 6.987904E+01, 4.483284E+01, 1.365862E+01, 6.300303E-01,13, 7.400457E+00,2, 0.000000E+00,0, 0.000000E+00,9, 1.234941E+01, 4.035851E-01, 5.404002E+00,NULL,NULL,1,mc_qqps,54
-21042,1934,20228,31110,94C2, 9.125000E+01,33,13,46,33,13,-2.203255E+01,-1.685220E+01,-1.900417E+01, 5.533853E+01, 5.442069E+01, 1.649112E+00,-2.056289E+01,-1.431881E+01,-1.776589E+01, 9.525545E+01, 4.281976E+01, 3.379660E+01, 6.120326E+00,13, 5.602254E-02,0, 0.000000E+00,0, 0.000000E+00,8, 2.330333E+01, 7.656870E-01, 8.240642E+00,NULL,NULL,1,mc_qqps,54
-21042,1935,20228,31127,94C2, 9.125000E+01,30,21,51,30,21,-1.065880E+01,-1.204216E+00, 4.562227E+00, 5.755197E+01, 5.681449E+01, 1.893816E+00,-7.876725E+00, 4.558578E-01, 4.482068E+00, 1.002371E+02, 5.283888E+01, 2.838540E+01, 1.271342E+01,18, 5.717452E-01,0, 0.000000E+00,0, 0.000000E+00,14, 1.594211E+01, 3.735452E-01, 2.592325E+00,NULL,NULL,1,mc_qqps,54
-21042,1936,20228,31145,94C2, 9.125000E+01,29,13,42,29,13,-6.913461E+00,-2.311548E+00,-1.354208E+01, 6.655159E+01, 6.605715E+01, 2.277833E+00,-8.500513E+00,-9.994437E-02,-1.689756E+01, 8.050266E+01, 4.508974E+01, 1.058438E+01, 2.071795E+00,1, 0.000000E+00,14, 2.054467E+00,0, 0.000000E+00,1, 1.294902E+00, 1.294902E+00, 1.294902E+00,2, 0.000000E+00,1,mc_qqps,54
-21042,1937,20228,31202,94C2, 9.125000E+01,46,14,60,46,14,-2.411947E+00,-7.769346E-01,-2.770440E+01, 7.325331E+01, 7.238388E+01, 1.573563E+00,-3.068299E+00, 2.373894E+00,-2.476740E+01, 1.009281E+02, 3.985564E+01, 2.468798E+01, 1.170129E+00,9, 6.320232E-01,4, 0.000000E+00,0, 0.000000E+00,5, 1.073942E+01, 7.229731E-01, 6.469914E+00,3, 0.000000E+00,1,mc_qqps,54
-21042,1938,20228,31224,94C2, 9.125000E+01,50,18,68,50,18,-3.045921E+01, 1.288596E+01,-7.158713E+01, 1.514764E+02, 1.502723E+02, 3.005445E+00,-3.168762E+01, 1.373415E+01,-7.629855E+01, 1.675094E+02, 1.092526E+02, 1.589288E+01, 1.400431E-01,2, 0.000000E+00,21, 2.475255E+01,0, 0.000000E+00,2, 1.150758E+00, 5.447322E-01, 6.060258E-01,NULL,NULL,1,mc_qqps,54
-21042,1939,20228,31241,94C2, 9.125000E+01,34,9,43,34,9, 1.019160E+00, 2.001572E-02,-3.190865E+00, 6.521254E+01, 6.423528E+01, 1.889273E+00, 4.507382E+00, 1.643007E+01, 3.651637E+01, 1.143076E+02, 5.203411E+01, 3.362966E+00, 4.573259E+01,1, 0.000000E+00,9, 3.589930E-01,0, 0.000000E+00,NULL,NULL,NULL,NULL,NULL,NULL,1,mc_qqps,54
-21042,1940,20228,31300,94C2, 9.125000E+01,14,5,19,14,5,-2.027104E+01,-7.263699E-02, 1.333078E+01, 7.421941E+01, 7.406525E+01, 5.290375E+00,-1.023290E+01, 3.227158E-01, 6.414289E+00, 9.205886E+01, 5.756365E+01, 1.736774E+01, 4.717074E-01,5, 2.712480E-01,0, 0.000000E+00,0, 0.000000E+00,2, 1.592548E+01, 1.277184E+00, 1.464830E+01,NULL,NULL,1,mc_qqps,54
-21042,1941,20228,31311,94C2, 9.125000E+01,44,15,59,44,15, 8.390096E+00,-4.994587E+00,-1.405158E+00, 6.750080E+01, 6.611840E+01, 1.502691E+00, 9.348874E+00,-3.652544E+00,-1.328126E+00, 9.523977E+01, 6.240055E+01, 1.151940E+01, 1.315281E+01,16, 2.715443E+00,0, 0.000000E+00,0, 0.000000E+00,9, 1.414762E+01, 7.694271E-01, 3.258774E+00,NULL,NULL,1,mc_qqps,54
-21042,1942,20228,31329,94C2, 9.125000E+01,71,11,82,71,11,-1.695053E+01,-4.129200E+00, 9.740984E-01, 7.647303E+01, 7.435605E+01, 1.047268E+00,-1.086121E+01,-2.101952E+00, 8.372821E-01, 1.004676E+02, 5.378539E+01, 2.012729E+01, 2.510944E+00,15, 1.295191E-01,0, 0.000000E+00,0, 0.000000E+00,7, 1.550820E+01, 3.252549E-01, 8.430698E+00,NULL,NULL,1,mc_qqps,54
-21042,1943,20228,31350,94C2, 9.125000E+01,27,11,38,27,11, 1.736955E+00, 4.079063E+00, 2.999476E+00, 5.363623E+01, 5.289504E+01, 1.959076E+00, 1.052399E+00,-5.813911E+00,-3.109045E+00, 8.638839E+01, 3.967301E+01, 2.583820E+01, 4.087401E+00,12, 1.827868E+00,0, 0.000000E+00,0, 0.000000E+00,9, 2.866475E+01, 5.297316E-01, 1.186602E+01,NULL,NULL,1,mc_qqps,54
-21042,1944,20228,31404,94C2, 9.125000E+01,20,13,33,20,13, 3.472370E-01,-1.242306E+00,-8.532884E-01, 8.312357E+01, 8.301620E+01, 4.150810E+00, 6.734975E+00, 1.036252E+01,-3.599019E+00, 1.175596E+02, 7.752501E+01, 1.088676E+01, 2.319837E+01,15, 7.366987E+00,1, 0.000000E+00,0, 0.000000E+00,8, 1.083134E+01, 3.508906E-01, 3.007007E+00,NULL,NULL,1,mc_qqps,54
-21042,1945,20228,31415,94C2, 9.125000E+01,42,17,59,42,17,-9.294333E-01, 4.939076E+00,-8.300977E-01, 6.723388E+01, 6.637740E+01, 1.580414E+00, 2.732307E+00, 1.415276E+00,-1.674401E+00, 8.967874E+01, 6.115789E+01, 1.341856E+01, 4.642521E-01,22, 3.131878E+00,0, 0.000000E+00,0, 0.000000E+00,16, 2.198063E+01, 2.971904E-01, 6.706667E+00,NULL,NULL,1,mc_qqps,54
-21042,1946,20228,31433,94C2, 9.125000E+01,30,17,47,30,17, 1.712982E+01,-1.341401E+00,-3.338075E+00, 6.289331E+01, 6.256486E+01, 2.085495E+00, 1.381432E+01,-4.046186E+00,-1.575093E+00, 1.129734E+02, 4.896362E+01, 4.824158E+01, 0.000000E+00,19, 8.829421E-01,0, 0.000000E+00,0, 0.000000E+00,14, 3.616147E+01, 5.638378E-01, 8.931339E+00,NULL,NULL,1,mc_qqps,54
-21042,1947,20228,31447,94C2, 9.125000E+01,46,16,62,46,16,-1.573977E+00,-1.499770E+00,-1.549618E+00, 9.051579E+01, 8.967578E+01, 1.949474E+00, 1.215371E+01,-3.861554E+00, 7.041842E+00, 1.142402E+02, 6.011789E+01, 2.089998E+01, 2.867882E+00,20, 4.085779E+00,2, 0.000000E+00,0, 0.000000E+00,14, 1.836713E+01, 3.430882E-01, 3.805383E+00,NULL,NULL,1,mc_qqps,54
-21042,1948,20228,31502,94C2, 9.125000E+01,31,14,45,31,14, 2.273139E+01,-1.125989E+01,-1.056394E+01, 6.987083E+01, 6.948557E+01, 2.241470E+00, 3.496412E+01,-1.204392E+01,-2.070682E+01, 9.445874E+01, 5.619225E+01, 1.365678E+01, 8.228426E+00,11, 9.706435E-01,4, 0.000000E+00,0, 0.000000E+00,7, 1.186242E+01, 5.409004E-01, 3.125625E+00,NULL,NULL,1,mc_qqps,54
-21042,1949,20228,31519,94C2, 9.125000E+01,29,18,47,29,18,-2.859967E+01, 1.867385E+01,-1.123098E+02, 1.864181E+02, 1.860715E+02, 6.416260E+00,-2.631108E+01, 1.727982E+01,-1.101112E+02, 2.084565E+02, 3.364812E+01, 2.099113E+01, 1.047305E+00,3, 0.000000E+00,19, 1.176750E+01,0, 0.000000E+00,3, 2.186702E+00, 5.650709E-01, 1.011639E+00,2, 0.000000E+00,1,mc_qqps,54
-21042,1950,20228,31532,94C2, 9.125000E+01,33,27,60,33,27,-2.635881E+01,-5.813110E+00,-1.650218E+02, 2.267127E+02, 2.260734E+02, 6.850709E+00,-2.820527E+01,-4.733305E+00,-1.668878E+02, 2.561522E+02, 4.250392E+01, 2.698142E+01, 2.458007E+00,6, 9.189757E-01,23, 3.801175E+00,0, 0.000000E+00,3, 3.804106E+00, 5.758304E-01, 1.817095E+00,1, 0.000000E+00,1,mc_qqps,54
-21042,1951,20228,31549,94C2, 9.125000E+01,27,20,47,27,20, 3.180264E+01, 1.166235E+02, 2.679097E+02, 3.343263E+02, 3.338531E+02, 1.236493E+01, 2.994365E+01, 1.185650E+02, 2.720249E+02, 3.578277E+02, 5.182729E+01, 1.590551E+01, 8.033383E+00,1, 0.000000E+00,18, 2.815279E+00,0, 0.000000E+00,1, 7.994154E-01, 7.994154E-01, 7.994154E-01,2, 0.000000E+00,1,mc_qqps,54
-21042,1952,20228,31605,94C2, 9.125000E+01,19,11,30,19,11,-6.437851E+00, 1.262535E+01, 1.055788E+01, 3.628487E+01, 3.596665E+01, 1.892982E+00,-3.338715E+00, 1.692405E+00, 2.633476E-01, 8.094849E+01, 3.315347E+01, 4.210139E+01, 1.955588E+00,12, 1.892790E-01,0, 0.000000E+00,0, 0.000000E+00,9, 4.270803E+01, 6.080808E-01, 1.837040E+01,NULL,NULL,1,mc_qqps,54
-21042,1953,20228,31619,94C2, 9.125000E+01,29,17,46,29,17,-6.443962E+00,-1.028009E+01,-3.349674E+00, 3.053484E+01, 2.979822E+01, 1.027525E+00,-9.924774E-01, 1.187329E+00, 1.134631E-01, 8.888824E+01, 2.323754E+01, 5.788647E+01, 0.000000E+00,21, 6.255535E+00,0, 0.000000E+00,0, 0.000000E+00,16, 5.708127E+01, 4.669375E-01, 2.978117E+01,NULL,NULL,1,mc_qqps,54
-21042,1954,20228,31634,94C2, 9.125000E+01,58,23,81,58,23, 9.313813E+00,-2.142835E+00,-1.033745E+01, 5.750160E+01, 5.597472E+01, 9.650815E-01, 9.269011E+00,-4.500036E-01,-8.149542E+00, 1.016427E+02, 4.486195E+01, 3.502775E+01, 6.481845E+00,15, 0.000000E+00,3, 0.000000E+00,0, 0.000000E+00,13, 2.720115E+01, 6.191635E-01, 6.603318E+00,NULL,NULL,1,mc_qqps,54
-21042,1955,20228,31657,94C2, 9.125000E+01,25,11,36,25,11, 6.361094E+00, 7.714914E-01,-4.396311E-01, 5.937569E+01, 5.869584E+01, 2.347833E+00, 1.254527E+01,-9.702766E-02,-3.815165E-01, 7.957635E+01, 5.251447E+01, 1.410726E+01, 6.093391E+00,16, 1.911271E+01,0, 0.000000E+00,0, 0.000000E+00,6, 9.815708E+00, 3.803221E-01, 4.081189E+00,NULL,NULL,1,mc_qqps,54
-21042,1956,20228,31712,94C2, 9.125000E+01,32,23,55,32,23, 8.905974E+00,-6.997977E+00, 2.818932E+00, 3.965757E+01, 3.896465E+01, 1.217645E+00, 3.666037E-01,-2.255459E+00, 2.805598E+00, 8.226091E+01, 2.236665E+01, 2.784886E+01, 9.079077E+00,20, 3.869273E-01,0, 0.000000E+00,0, 0.000000E+00,17, 2.907650E+01, 5.936795E-01, 4.747822E+00,NULL,NULL,1,mc_qqps,54
-21042,1957,20228,31733,94C2, 9.125000E+01,18,15,33,18,15, 5.558324E+00, 1.742266E+01,-7.450259E+00, 4.168032E+01, 4.141166E+01, 2.300648E+00, 1.533110E-03, 1.334069E+00, 1.116142E+00, 7.809780E+01, 4.133379E+01, 2.913927E+01, 4.565300E+00,15, 7.802496E+00,0, 0.000000E+00,0, 0.000000E+00,11, 3.095443E+01, 4.273534E-01, 1.801099E+01,NULL,NULL,1,mc_qqps,54
-21042,1958,20228,31742,94C2, 9.125000E+01,38,13,51,38,13,-5.914017E-01, 5.626690E+00, 2.512830E+00, 6.873464E+01, 6.806307E+01, 1.791134E+00,-1.281904E+00,-6.248922E+00,-9.911198E-01, 9.086180E+01, 6.018262E+01, 2.046688E+01, 0.000000E+00,21, 4.370456E+00,1, 0.000000E+00,0, 0.000000E+00,11, 1.681927E+01, 5.277974E-01, 2.625100E+00,NULL,NULL,1,mc_qqps,54
-21042,1959,20228,31756,94C2, 9.125000E+01,15,5,20,15,5,-1.471003E+01,-1.927203E+01, 3.957589E+00, 6.222612E+01, 6.202407E+01, 4.134938E+00,-1.007913E+01,-1.205156E+01, 1.986713E+00, 7.148841E+01, 5.663406E+01, 5.893955E+00, 2.700481E+00,6, 0.000000E+00,0, 0.000000E+00,0, 0.000000E+00,3, 6.352826E+00, 6.678539E-01, 4.274763E+00,NULL,NULL,1,mc_qqps,54
-21042,1960,20228,31810,94C2, 9.125000E+01,49,23,72,49,23,-2.026528E-02,-6.554517E+00,-1.822580E+00, 5.173207E+01, 5.052579E+01, 1.031139E+00,-2.517892E+00, 1.944655E+00,-6.143215E+00, 8.852579E+01, 3.924165E+01, 2.248835E+01, 1.300502E+01,8, 0.000000E+00,12, 6.995368E-01,0, 0.000000E+00,6, 9.232296E+00, 5.443057E-01, 3.861259E+00,NULL,NULL,1,mc_qqps,54
-21042,1961,20228,31828,94C2, 9.125000E+01,33,11,44,33,11, 1.481322E+00, 4.114277E+00, 2.304304E+01, 1.127007E+02, 1.122716E+02, 3.402169E+00, 1.794068E+00, 4.314733E+00, 2.407830E+01, 1.199047E+02, 3.028612E+01, 5.586502E+00, 1.617472E+00,1, 0.000000E+00,16, 6.547174E+00,0, 0.000000E+00,NULL,NULL,NULL,NULL,2, 0.000000E+00,1,mc_qqps,54
-21042,1962,20228,31847,94C2, 9.125000E+01,33,9,42,33,9, 3.574048E+00, 5.579381E+00, 1.938644E+00, 6.446333E+01, 6.352729E+01, 1.925069E+00, 3.412610E+00, 3.608654E+00, 6.692659E-01, 1.031806E+02, 5.523260E+01, 2.518306E+01, 1.354359E+01,11, 0.000000E+00,0, 0.000000E+00,0, 0.000000E+00,7, 2.458986E+01, 1.028157E+00, 1.189591E+01,1, 0.000000E+00,1,mc_qqps,54
-21042,1963,20228,31938,94C2, 9.125000E+01,52,12,64,52,12, 1.553422E+00, 5.281086E-01,-3.663991E+00, 7.098280E+01, 6.989400E+01, 1.344115E+00, 3.056828E-01,-1.065170E+00,-1.676497E+00, 8.611817E+01, 5.835803E+01, 1.378086E+01, 1.354502E+00,12, 1.514699E+00,0, 0.000000E+00,0, 0.000000E+00,8, 1.058914E+01, 6.413540E-01, 2.499899E+00,NULL,NULL,1,mc_qqps,54
-21042,1964,20228,31954,94C2, 9.125000E+01,26,11,37,26,11, 3.005646E+00,-2.874418E+00, 2.473050E+00, 5.551064E+01, 5.491841E+01, 2.112247E+00, 2.486721E+00,-1.933380E+00, 1.972316E+00, 8.876007E+01, 5.006373E+01, 1.864261E+01, 1.460832E+01,9, 6.843988E+00,3, 0.000000E+00,0, 0.000000E+00,4, 1.118721E+01, 1.317597E+00, 6.051406E+00,1, 0.000000E+00,1,mc_qqps,54
-21042,1965,20228,32013,94C2, 9.125000E+01,22,14,36,22,14,-1.662310E+00,-7.356441E+00,-2.587352E+00, 7.924268E+01, 7.892516E+01, 3.587507E+00,-1.522349E+00,-8.399846E+00,-3.430194E+00, 1.049171E+02, 7.710818E+01, 2.025369E+01, 1.795084E+00,13, 7.889091E+00,0, 0.000000E+00,0, 0.000000E+00,9, 1.742557E+01, 8.471550E-01, 4.436506E+00,NULL,NULL,1,mc_qqps,54
-21042,1966,20228,32024,94C2, 9.125000E+01,23,18,41,23,18,-3.652323E+00,-1.279598E+00,-7.161514E+00, 2.584625E+01, 2.542314E+01, 1.105354E+00,-3.462359E+00,-3.212663E+00,-1.412644E+01, 6.140041E+01, 3.234490E+00, 3.555416E+01, 0.000000E+00,0, 0.000000E+00,18, 2.741383E+00,0, 0.000000E+00,NULL,NULL,NULL,NULL,1, 0.000000E+00,0,mc_qqps,54
-21042,1967,20228,32035,94C2, 9.125000E+01,54,12,66,54,12,-1.555481E+00, 6.524727E-01, 2.074711E-01, 7.359783E+01, 7.125754E+01, 1.319584E+00, 1.685736E+01, 1.467537E+01, 8.412554E+00, 1.063600E+02, 6.125402E+01, 1.683068E+01, 5.438431E+00,17, 8.244102E+00,0, 0.000000E+00,0, 0.000000E+00,7, 1.924411E+01, 5.457358E-01, 1.051626E+01,NULL,NULL,1,mc_qqps,54
-21042,1968,20228,32051,94C2, 9.125000E+01,23,12,35,23,12,-9.718242E+00,-7.227716E-02,-6.515667E+00, 6.981483E+01, 6.949349E+01, 3.021456E+00,-2.037777E+01, 1.177775E-01,-5.854239E+00, 1.178644E+02, 6.786069E+01, 2.129178E+01, 2.705219E+01,11, 1.914909E+00,0, 0.000000E+00,0, 0.000000E+00,5, 2.037796E+01, 9.172934E-01, 1.490378E+01,NULL,NULL,1,mc_qqps,54
-21042,1969,20228,32104,94C2, 9.125000E+01,40,15,55,40,15,-1.877843E+01,-5.088009E+00, 4.366379E+01, 8.073256E+01, 7.981154E+01, 1.995288E+00,-1.110947E+01,-4.837835E+00, 2.946729E+01, 1.090507E+02, 6.501909E+01, 1.017949E+01, 1.814047E+01,1, 0.000000E+00,13, 4.242466E+00,0, 0.000000E+00,NULL,NULL,NULL,NULL,2, 0.000000E+00,1,mc_qqps,54
-21042,1970,20228,32121,94C2, 9.125000E+01,41,13,54,41,13, 5.381101E+00, 1.000643E+01,-2.569246E-01, 6.038277E+01, 5.966651E+01, 1.455281E+00,-1.133703E+00,-9.335277E-01, 2.510554E+00, 9.094552E+01, 5.231721E+01, 2.771881E+01, 2.306356E+00,23, 2.281133E+00,0, 0.000000E+00,0, 0.000000E+00,10, 2.517421E+01, 6.042488E-01, 1.223632E+01,NULL,NULL,1,mc_qqps,54
-21042,1971,20228,32138,94C2, 9.125000E+01,58,14,72,58,14, 6.544590E+00, 6.264839E+00,-9.139755E+00, 7.219491E+01, 7.009423E+01, 1.208521E+00, 1.298072E+01, 1.073350E+01,-1.707227E+01, 9.131713E+01, 6.432301E+01, 1.094707E+01, 6.613239E+00,9, 2.790082E+00,4, 0.000000E+00,0, 0.000000E+00,6, 6.279443E+00, 5.868321E-01, 1.846319E+00,NULL,NULL,1,mc_qqps,54
-21042,1972,20228,32200,94C2, 9.125000E+01,32,17,49,32,17, 1.104123E+01,-1.163682E+00,-5.960327E+00, 5.138779E+01, 5.077290E+01, 1.586653E+00, 2.699661E+00, 6.670220E-01,-1.431244E+00, 8.695258E+01, 4.701316E+01, 2.986665E+01, 7.908494E-01,22, 1.326758E+01,0, 0.000000E+00,0, 0.000000E+00,13, 2.995632E+01, 4.503083E-01, 9.016913E+00,1, 0.000000E+00,1,mc_qqps,54
-21042,1973,20228,32215,94C2, 9.125000E+01,19,6,25,19,6,-1.370703E+01,-1.720692E+01, 2.344158E+01, 6.484352E+01, 6.447703E+01, 3.393528E+00,-7.330403E+00,-8.946711E+00, 1.141797E+01, 8.146036E+01, 4.616996E+01, 1.164349E+01, 4.275870E+00,2, 0.000000E+00,1, 0.000000E+00,0, 0.000000E+00,2, 1.234097E+01, 6.974857E-01, 1.164349E+01,NULL,NULL,1,mc_qqps,54
-21042,1974,20228,32232,94C2, 9.125000E+01,22,10,32,22,10, 1.290068E+00, 2.886991E+00,-1.418359E+00, 5.605154E+01, 5.565001E+01, 2.529546E+00, 1.159864E+00,-1.525378E+00, 1.249311E+00, 8.012420E+01, 5.495166E+01, 1.116807E+01, 8.487864E+00,11, 1.599261E+00,0, 0.000000E+00,0, 0.000000E+00,7, 1.393667E+01, 1.074125E+00, 4.416716E+00,NULL,NULL,1,mc_qqps,54
-21042,1975,20228,32244,94C2, 9.125000E+01,24,16,40,24,16, 1.142348E+01, 4.227953E+00, 6.915979E+00, 5.345521E+01, 5.304214E+01, 2.210089E+00,-2.566587E+00,-1.262394E+00,-3.183744E+00, 9.317836E+01, 4.911562E+01, 3.287510E+01, 2.645651E+00,16, 4.127817E+00,2, 4.853608E-01,0, 0.000000E+00,11, 3.560815E+01, 4.590781E-01, 2.197980E+01,NULL,NULL,1,mc_qqps,54
-21042,1976,20228,32257,94C2, 9.125000E+01,40,15,55,40,15,-2.841367E-01,-2.257635E+00, 1.715840E+00, 6.387477E+01, 6.284002E+01, 1.571000E+00, 2.896449E+00,-1.254141E+00,-7.573892E+00, 8.215854E+01, 7.730165E+00, 1.598136E+01, 1.787128E+00,2, 0.000000E+00,14, 9.502230E+00,0, 0.000000E+00,2, 1.644722E+00, 5.152759E-01, 1.129446E+00,2, 0.000000E+00,0,mc_qqps,54
-21042,1977,20228,32312,94C2, 9.125000E+01,23,6,29,23,6,-1.955465E+00, 7.254717E-02, 4.460448E+00, 7.034035E+01, 7.008436E+01, 3.047146E+00,-4.085771E+00, 4.398221E-02, 7.339231E+00, 8.927282E+01, 6.466496E+01, 9.938876E-01, 1.503853E+01,2, 0.000000E+00,3, 0.000000E+00,0, 0.000000E+00,2, 2.912114E+00, 4.184326E-01, 2.493681E+00,NULL,NULL,1,mc_qqps,54
-21042,1978,20228,32330,94C2, 9.125000E+01,26,7,33,26,7, 8.194756E+00, 8.873939E+00,-2.942481E+01, 9.800719E+01, 9.747729E+01, 3.749127E+00, 8.102556E+00, 8.067441E+00,-2.623479E+01, 1.035443E+02, 5.428803E+01, 3.475950E+00, 2.061143E+00,3, 7.224294E-01,10, 4.201329E+00,0, 0.000000E+00,1, 1.200687E+00, 1.200687E+00, 1.200687E+00,NULL,NULL,1,mc_qqps,54
-21042,1979,20228,32343,94C2, 9.125000E+01,27,12,39,27,12,-1.015156E+01, 6.767768E+00, 4.568817E+00, 4.390308E+01, 4.313477E+01, 1.597584E+00, 3.964658E+00,-1.053031E+00,-4.655538E+00, 8.465672E+01, 4.066354E+01, 3.275312E+01, 8.000512E+00,13, 1.128294E+01,0, 0.000000E+00,0, 0.000000E+00,8, 3.087710E+01, 7.541519E-01, 9.814724E+00,NULL,NULL,1,mc_qqps,54
-21042,1980,20228,32357,94C2, 9.125000E+01,31,13,44,31,13, 5.730164E+00,-1.814971E+00,-2.618533E+00, 5.529783E+01, 5.481004E+01, 1.768066E+00, 1.699155E+01,-2.559135E+00,-7.268597E+00, 7.779585E+01, 4.966153E+01, 2.234554E+01, 1.524793E-01,21, 1.503971E+01,0, 0.000000E+00,0, 0.000000E+00,10, 1.806268E+01, 4.183539E-01, 5.051744E+00,NULL,NULL,1,mc_qqps,54
-21042,1981,20228,32411,94C2, 9.125000E+01,43,20,63,43,20,-2.999407E-02, 2.172159E+00,-9.721993E-01, 6.901417E+01, 6.814516E+01, 1.584771E+00, 9.732582E+00, 5.402499E+00,-1.092294E+01, 8.811804E+01, 6.360356E+01, 1.288271E+01, 3.590330E+00,15, 1.345725E+01,2, 0.000000E+00,0, 0.000000E+00,9, 1.062971E+01, 4.872630E-01, 3.617136E+00,NULL,NULL,1,mc_qqps,54
-21042,1982,20228,32431,94C2, 9.125000E+01,26,18,44,26,18,-9.734658E-01, 2.108360E+00,-3.272829E+00, 6.140208E+01, 6.114773E+01, 2.351836E+00, 5.185385E+00,-7.015705E-01,-7.533519E-01, 8.219610E+01, 6.035828E+01, 1.340566E+01, 1.968461E+00,18, 3.415021E+00,2, 0.000000E+00,0, 0.000000E+00,10, 1.657703E+01, 4.347370E-01, 5.248975E+00,NULL,NULL,1,mc_qqps,54
-21042,1983,20228,32445,94C2, 9.125000E+01,18,13,31,18,13, 1.033363E+01,-9.436059E+00,-1.138678E+01, 5.826572E+01, 5.813661E+01, 3.229812E+00, 7.993562E+00,-8.047899E+00,-8.231006E+00, 1.064058E+02, 5.772652E+01, 3.144751E+01, 1.348999E+01,15, 1.847067E+00,0, 0.000000E+00,0, 0.000000E+00,7, 2.776680E+01, 4.419827E-01, 1.878814E+01,NULL,NULL,1,mc_qqps,54
-21042,1984,20228,32458,94C2, 9.125000E+01,35,14,49,35,14,-2.151161E+00,-3.828889E+00, 4.436124E+00, 7.924682E+01, 7.860986E+01, 2.245996E+00, 2.961124E+00, 1.635628E+00,-1.368298E+00, 9.668274E+01, 7.163839E+01, 1.263368E+01, 0.000000E+00,12, 3.685044E+00,4, 5.080366E-01,0, 0.000000E+00,9, 1.380339E+01, 5.274286E-01, 5.152770E+00,NULL,NULL,1,mc_qqps,54
-21042,1985,20228,32513,94C2, 9.125000E+01,10,7,17,10,7, 6.246415E-01,-6.092000E+00, 5.242181E+00, 1.910543E+01, 1.882696E+01, 1.882696E+00, 1.704934E-01,-7.541893E+00, 6.869545E+00, 4.456666E+01, 1.741683E+01, 7.407609E+00, 1.300434E+01,4, 0.000000E+00,0, 0.000000E+00,0, 0.000000E+00,4, 1.181195E+01, 6.369246E-01, 5.709373E+00,NULL,NULL,0,mc_qqps,54
-21042,1986,20228,32522,94C2, 9.125000E+01,30,11,41,30,11, 2.639359E+00,-6.733561E+00, 1.639071E+01, 4.570848E+01, 4.508662E+01, 1.502887E+00, 3.754417E+00,-6.636860E+00, 1.259833E+01, 5.538827E+01, 2.590907E+01, 7.371860E+00, 2.307933E+00,3, 0.000000E+00,11, 1.082026E+00,0, 0.000000E+00,2, 8.721328E-01, 3.001009E-01, 5.720319E-01,NULL,NULL,1,mc_qqps,54
-21042,1987,20228,32539,94C2, 9.125000E+01,31,12,43,31,12, 2.478102E+01,-6.899307E-01,-4.634130E+01, 1.185265E+02, 1.178767E+02, 3.802476E+00, 2.401913E+01,-6.471476E-01,-4.469807E+01, 1.317631E+02, 1.112125E+02, 1.104245E+01, 6.100912E-01,6, 8.794621E-02,8, 0.000000E+00,0, 0.000000E+00,5, 8.448714E+00, 2.946731E-01, 3.427216E+00,1, 0.000000E+00,1,mc_qqps,54
-21042,1988,20228,32556,94C2, 9.125000E+01,52,11,63,52,11, 1.085500E+00, 1.540820E+01,-3.673766E+00, 7.843384E+01, 7.671388E+01, 1.475267E+00, 4.396522E+00, 1.846432E+01,-1.426113E+00, 1.151192E+02, 5.479679E+01, 2.586048E+01, 9.821508E+00,16, 8.020622E+00,1, 0.000000E+00,0, 0.000000E+00,7, 2.401405E+01, 6.032481E-01, 1.013734E+01,NULL,NULL,1,mc_qqps,54
-21042,1989,20228,32614,94C2, 9.125000E+01,16,15,31,16,15,-4.796912E+00, 2.530058E+01, 1.660980E+01, 3.849754E+01, 3.822494E+01, 2.389059E+00,-1.936112E+00, 8.765955E+00, 9.330959E+00, 9.054349E+01, 3.786849E+01, 3.947403E+01, 1.267829E+00,14, 4.197126E-01,0, 0.000000E+00,0, 0.000000E+00,12, 4.856190E+01, 5.417864E-01, 1.310146E+01,NULL,NULL,1,mc_qqps,54
-21042,1990,20228,32626,94C2, 9.125000E+01,13,12,25,13,12,-9.174147E+00, 2.912266E+01,-2.019150E+00, 4.220030E+01, 4.200234E+01, 3.230949E+00, 8.797145E-01, 4.366220E+00,-6.141783E-01, 8.412334E+01, 4.005361E+01, 3.984056E+01, 5.334375E-01,13, 5.880987E+00,0, 0.000000E+00,0, 0.000000E+00,11, 4.138959E+01, 4.505768E-01, 3.012673E+01,NULL,NULL,1,mc_qqps,54
-21042,1991,20228,32636,94C2, 9.125000E+01,23,16,39,23,16, 3.211971E+00, 4.036411E+00,-9.756275E-01, 6.285040E+01, 6.265455E+01, 2.724111E+00, 3.079346E+00, 4.583527E+00,-2.752754E+00, 8.530507E+01, 6.129621E+01, 1.482740E+01, 6.525413E+00,13, 1.796813E+01,4, 0.000000E+00,0, 0.000000E+00,9, 1.302456E+01, 5.602748E-01, 5.870530E+00,NULL,NULL,1,mc_qqps,54
-21042,1992,20228,32652,94C2, 9.125000E+01,25,19,44,25,19, 2.503411E+00, 1.048018E+00, 9.027760E-01, 6.290181E+01, 6.251303E+01, 2.500521E+00, 8.520170E+00, 7.571179E+00, 1.250323E+01, 8.799551E+01, 5.954725E+01, 1.099979E+01, 1.179415E+01,10, 0.000000E+00,2, 0.000000E+00,0, 0.000000E+00,8, 9.254083E+00, 2.712856E-01, 2.494792E+00,1, 0.000000E+00,1,mc_qqps,54
-21042,1993,20228,32709,94C2, 9.125000E+01,54,11,65,54,11,-6.550293E+00, 7.989711E+00, 5.532309E-01, 7.036008E+01, 6.889754E+01, 1.275880E+00,-2.685880E+00, 7.518241E+00, 2.185972E-01, 9.254626E+01, 6.036031E+01, 1.533332E+01, 5.761925E+00,12, 1.954380E+00,0, 0.000000E+00,0, 0.000000E+00,6, 1.531994E+01, 6.397023E-01, 5.982618E+00,NULL,NULL,1,mc_qqps,54
-21042,1994,20228,32730,94C2, 9.125000E+01,43,19,62,43,19, 5.888981E+00,-3.295224E+00,-3.221412E+00, 5.253230E+01, 5.137574E+01, 1.194785E+00, 5.891798E+00,-8.268248E-01, 1.616248E+00, 8.188481E+01, 4.745491E+01, 1.407524E+01, 8.294931E+00,20, 9.647806E+00,1, 0.000000E+00,0, 0.000000E+00,14, 2.005829E+01, 5.303785E-01, 3.579363E+00,NULL,NULL,1,mc_qqps,54
-21042,1995,20228,32748,94C2, 9.125000E+01,22,27,49,22,27, 1.344479E+01, 9.741551E+00, 9.134015E+00, 4.109323E+01, 4.069242E+01, 1.849655E+00, 7.943328E+00, 3.467972E+00, 5.022488E+00, 9.020161E+01, 3.865776E+01, 3.696815E+01, 1.090484E+00,26, 8.196181E+00,0, 0.000000E+00,0, 0.000000E+00,20, 3.837685E+01, 3.787391E-01, 4.429984E+00,1, 0.000000E+00,1,mc_qqps,54
-21042,1996,20228,32800,94C2, 9.125000E+01,35,16,51,35,16,-7.539622E+00, 1.637537E+01, 1.326158E+00, 6.778578E+01, 6.692264E+01, 1.912075E+00,-5.583050E+00, 1.552087E+01, 7.911676E-01, 1.045841E+02, 5.570259E+01, 1.329137E+01, 9.470588E+00,17, 2.523789E+00,0, 0.000000E+00,0, 0.000000E+00,12, 2.688091E+01, 6.386623E-01, 6.674098E+00,NULL,NULL,1,mc_qqps,54
-21042,1997,20228,32816,94C2, 9.125000E+01,25,10,35,25,10, 7.464607E+00,-4.287517E+00,-1.518068E+01, 4.980427E+01, 4.941456E+01, 1.976582E+00, 6.729177E+00,-4.177620E+00,-1.239934E+01, 5.564926E+01, 1.218720E+01, 4.634840E+00, 1.210149E+00,0, 0.000000E+00,15, 3.349135E+00,0, 0.000000E+00,NULL,NULL,NULL,NULL,2, 0.000000E+00,1,mc_qqps,54
-21042,1998,20228,32832,94C2, 9.125000E+01,47,19,66,47,19, 1.669356E+00,-2.496431E+00, 9.277816E+00, 4.797180E+01, 4.664003E+01, 9.923412E-01,-4.130368E-01,-4.763695E-01, 1.467842E+00, 6.883258E+01, 3.419928E+01, 1.860258E+01, 2.263754E+00,0, 0.000000E+00,16, 1.821455E+00,0, 0.000000E+00,NULL,NULL,NULL,NULL,NULL,NULL,1,mc_qqps,54
-21042,1999,20228,32848,94C2, 9.125000E+01,23,4,27,23,4, 4.958649E+00, 1.578582E+01, 8.513194E+00, 7.319229E+01, 7.291235E+01, 3.170102E+00,-1.306939E-02, 9.952040E-01, 6.204739E-01, 9.142941E+01, 7.046118E+01, 1.823711E+01, 0.000000E+00,7, 4.607207E+00,0, 0.000000E+00,0, 0.000000E+00,4, 1.823711E+01, 6.674158E-01, 1.081270E+01,NULL,NULL,1,mc_qqps,54
-21042,2000,20228,32859,94C2, 9.125000E+01,30,19,49,30,19, 1.337682E+01, 1.118335E+01, 2.068259E+00, 5.081932E+01, 5.022540E+01, 1.674180E+00, 1.739691E-01,-2.502451E-01, 1.394844E-01, 8.460045E+01, 4.779765E+01, 1.510015E+01, 1.759060E+01,21, 2.702030E+01,0, 0.000000E+00,0, 0.000000E+00,12, 1.472781E+01, 4.035356E-01, 4.126160E+00,NULL,NULL,1,mc_qqps,54
-21042,2001,20228,32915,94C2, 9.125000E+01,12,5,17,12,5,-1.322236E+01, 3.377231E+00,-1.988573E+00, 3.099425E+01, 3.074177E+01, 2.561815E+00,-1.849370E+01, 5.170653E+00,-5.615973E-01, 6.952026E+01, 3.060920E+01, 3.516948E+01, 3.356530E+00,6, 5.982882E-01,0, 0.000000E+00,0, 0.000000E+00,4, 3.516948E+01, 6.761030E-01, 2.200206E+01,NULL,NULL,1,mc_qqps,54
-21042,2002,20228,32929,94C2, 9.125000E+01,26,23,49,26,23, 7.530777E+00, 1.568404E+01, 7.112855E+00, 5.080367E+01, 5.042749E+01, 1.939519E+00, 4.596916E+00, 5.210333E+00, 4.036605E-01, 9.430746E+01, 4.597644E+01, 4.350380E+01, 0.000000E+00,24, 4.054993E+00,1, 0.000000E+00,0, 0.000000E+00,20, 3.744079E+01, 6.426362E-01, 8.149146E+00,NULL,NULL,1,mc_qqps,54
-21042,2003,20228,32944,94C2, 9.125000E+01,35,14,49,35,14, 3.931791E+00,-3.128240E+00, 3.061219E+00, 4.932314E+01, 4.869540E+01, 1.391297E+00, 3.132019E+01,-1.043628E+01, 3.049414E+00, 8.407622E+01, 4.559595E+01, 1.405514E+01, 1.809919E+01,15, 3.978713E-01,1, 0.000000E+00,0, 0.000000E+00,11, 1.314567E+01, 3.743266E-01, 2.553358E+00,NULL,NULL,1,mc_qqps,54
-21042,2004,20228,33001,94C2, 9.125000E+01,26,9,35,26,9,-3.536972E-01,-1.988723E+00,-3.195570E+00, 4.964141E+01, 4.911800E+01, 1.889154E+00,-2.576531E-01, 1.093106E+01,-8.826587E-01, 7.940507E+01, 3.516995E+01, 2.539998E+01, 3.003091E+00,13, 4.089828E+00,0, 0.000000E+00,0, 0.000000E+00,8, 2.676057E+01, 6.009558E-01, 1.026036E+01,NULL,NULL,1,mc_qqps,54
-21042,2005,20228,33014,94C2, 9.125000E+01,19,11,30,19,11, 7.839684E+00, 7.476099E+00,-8.476309E+00, 9.180730E+01, 9.162202E+01, 4.822212E+00, 2.643796E+00, 3.241376E+00,-3.158359E+00, 1.325646E+02, 9.112428E+01, 3.555180E+01, 0.000000E+00,12, 1.021797E-01,0, 0.000000E+00,0, 0.000000E+00,9, 2.476455E+01, 8.122825E-01, 5.431606E+00,NULL,NULL,1,mc_qqps,54
-21042,2006,20228,33027,94C2, 9.125000E+01,31,12,43,31,12, 1.060974E+01,-1.108844E+01, 4.190279E+00, 5.511218E+01, 5.449335E+01, 1.757850E+00, 1.159622E+01,-1.581093E+01, 2.868544E+00, 9.028400E+01, 5.036349E+01, 1.475399E+01, 2.072590E+01,15, 5.885084E+00,0, 0.000000E+00,0, 0.000000E+00,7, 1.414737E+01, 7.334070E-01, 5.471318E+00,NULL,NULL,1,mc_qqps,54
-21042,2007,20228,33040,94C2, 9.125000E+01,27,19,46,27,19,-1.567598E+01, 1.042347E+01,-1.491042E+01, 4.113023E+01, 4.040576E+01, 1.496510E+00,-9.296755E+00, 4.373332E+00,-1.075667E+01, 8.366831E+01, 3.869271E+01, 2.920720E+01, 6.780458E+00,14, 3.343109E+00,0, 0.000000E+00,0, 0.000000E+00,12, 3.256253E+01, 5.715398E-01, 9.287966E+00,NULL,NULL,1,mc_qqps,54
-21042,2008,20228,33054,94C2, 9.125000E+01,19,8,27,19,8,-2.202789E+01, 2.003849E+00, 1.411082E+00, 6.591183E+01, 6.567259E+01, 3.456452E+00, 3.444509E-01, 3.150312E+00, 7.702120E-02, 9.200680E+01, 6.471524E+01, 1.742904E+01, 7.955806E+00,13, 1.150980E+01,0, 0.000000E+00,0, 0.000000E+00,6, 1.813917E+01, 5.535494E-01, 1.397474E+01,NULL,NULL,1,mc_qqps,54
-21042,2009,20228,33105,94C2, 9.125000E+01,32,17,49,32,17, 6.030171E+00, 8.636618E+00,-4.728211E+00, 5.428149E+01, 5.382727E+01, 1.682102E+00,-7.921967E-01, 2.761462E+00, 3.736180E+00, 8.615125E+01, 3.536057E+01, 2.301982E+01, 7.324798E+00,9, 5.290944E-01,11, 2.338131E+00,0, 0.000000E+00,7, 1.085882E+01, 3.649200E-01, 6.195056E+00,1, 0.000000E+00,1,mc_qqps,54
-21042,2010,20228,33120,94C2, 9.125000E+01,24,18,42,24,18, 2.929911E+00, 6.718080E+00, 4.792243E+00, 5.013902E+01, 4.979206E+01, 2.074669E+00,-3.611273E+00,-5.733327E+00,-6.339820E+00, 8.427406E+01, 4.500739E+01, 3.037298E+01, 1.959424E+00,17, 1.841087E+01,1, 0.000000E+00,0, 0.000000E+00,14, 2.828787E+01, 5.077052E-01, 8.856348E+00,NULL,NULL,1,mc_qqps,54
-21042,2011,20228,33132,94C2, 9.125000E+01,32,13,45,32,13,-1.148549E+00,-2.067958E+01,-6.177364E+00, 5.988704E+01, 5.910798E+01, 1.847124E+00,-9.735034E-01,-1.690365E+01,-7.261085E+00, 8.849142E+01, 2.670581E+01, 2.527332E+01, 3.895205E-01,13, 6.064036E+00,0, 0.000000E+00,0, 0.000000E+00,8, 2.689802E+01, 5.733211E-01, 9.447082E+00,NULL,NULL,1,mc_qqps,54
-21042,2012,20228,33149,94C2, 9.125000E+01,21,5,26,21,5,-3.888826E+00, 4.797652E-01, 6.142866E+00, 7.194595E+01, 7.163509E+01, 3.411195E+00,-8.273327E+00,-3.971129E+00, 1.359598E+01, 8.308936E+01, 7.020276E+01, 2.268350E+00, 8.203625E+00,2, 0.000000E+00,7, 8.096886E-01,0, 0.000000E+00,2, 1.941070E+00, 6.867674E-01, 1.254303E+00,1, 0.000000E+00,1,mc_qqps,54
-21042,2013,20228,33200,94C2, 9.125000E+01,19,2,21,19,2, 2.027306E-01, 2.849892E-01,-2.427433E+00, 8.811829E+01, 8.795602E+01, 4.629264E+00, 6.778671E-01,-8.066441E-02,-1.387463E+00, 8.932067E+01, 8.726994E+01, 1.202377E+00, 0.000000E+00,0, 0.000000E+00,9, 5.062739E+00,0, 0.000000E+00,NULL,NULL,NULL,NULL,NULL,NULL,1,mc_qqps,54
-21042,2014,20228,33211,94C2, 9.125000E+01,33,18,51,33,18,-6.131444E-01,-3.071395E+00,-9.245023E+00, 7.726994E+01, 7.675367E+01, 2.325869E+00,-5.120653E+00,-1.238805E+00,-4.282272E+00, 1.029823E+02, 7.160481E+01, 1.187810E+01, 1.416300E+01,4, 0.000000E+00,14, 1.040915E+00,0, 0.000000E+00,4, 4.247332E+00, 5.155159E-01, 2.203812E+00,NULL,NULL,1,mc_qqps,54
-21042,2015,20228,33229,94C2, 9.125000E+01,14,12,26,14,12,-2.821925E+00,-1.700941E+01,-9.093430E+00, 4.455213E+01, 4.441810E+01, 3.172722E+00,-1.529769E+00,-2.026924E+00,-4.775138E-01, 8.897127E+01, 3.474937E+01, 4.324328E+01, 1.175863E+00,13, 2.987021E+00,0, 0.000000E+00,0, 0.000000E+00,9, 4.163441E+01, 5.113475E-01, 1.492001E+01,NULL,NULL,1,mc_qqps,54
-21042,2016,20228,33240,94C2, 9.125000E+01,23,17,40,23,17,-7.871651E+00, 1.108859E+01,-2.698554E+01, 7.214342E+01, 7.159367E+01, 3.112768E+00,-3.248376E+00, 6.187609E+00,-1.287021E+01, 8.989857E+01, 6.727522E+01, 1.509169E+01, 2.663443E+00,2, 0.000000E+00,14, 1.101992E+01,0, 0.000000E+00,2, 1.986900E+00, 4.607713E-01, 1.526128E+00,3, 0.000000E+00,1,mc_qqps,54
-21042,2017,20228,33257,94C2, 9.125000E+01,17,9,26,17,9, 8.584425E-01,-5.483253E+00,-2.010442E+00, 2.796465E+01, 2.769090E+01, 1.628876E+00, 6.588417E-01,-6.119566E-01,-6.595168E-01, 7.826028E+01, 2.661910E+01, 4.007201E+01, 1.022597E+01,10, 1.841900E+00,0, 0.000000E+00,0, 0.000000E+00,6, 3.722651E+01, 5.819356E-01, 1.147763E+01,NULL,NULL,1,mc_qqps,54
-21042,2018,20228,33311,94C2, 9.125000E+01,18,10,28,18,10,-2.108392E+00,-8.065071E+00,-1.780480E+01, 5.263859E+01, 5.243293E+01, 2.912941E+00,-2.811966E+00,-7.788541E+00,-1.744797E+01, 7.614072E+01, 4.928714E+01, 8.385437E+00, 1.324966E+01,4, 0.000000E+00,11, 8.808735E+00,0, 0.000000E+00,3, 3.193533E+00, 7.599683E-01, 1.326478E+00,NULL,NULL,1,mc_qqps,54
-21042,2019,20228,33325,94C2, 9.125000E+01,12,10,22,12,10, 1.597145E+01, 2.465192E+01,-5.742855E-01, 4.299002E+01, 4.284704E+01, 3.570586E+00, 1.142311E+01, 1.697053E+01,-2.882880E-01, 6.408383E+01, 4.020414E+01, 4.003572E+00, 8.239971E+00,9, 1.497642E+00,0, 0.000000E+00,0, 0.000000E+00,6, 1.308380E+01, 6.351222E-01, 7.175196E+00,NULL,NULL,1,mc_qqps,54
-21042,2020,20228,33333,94C2, 9.125000E+01,30,7,37,30,7,-1.743199E+01,-2.742106E+00, 6.419072E+00, 4.265333E+01, 4.221711E+01, 1.407237E+00,-6.558593E+00, 5.483754E-01, 3.443729E+00, 6.279038E+01, 3.704513E+01, 5.330413E+00, 1.341379E+01,10, 3.401651E+00,0, 0.000000E+00,0, 0.000000E+00,6, 6.723258E+00, 6.291838E-01, 2.422145E+00,NULL,NULL,1,mc_qqps,54
-21042,2021,20228,33346,94C2, 9.125000E+01,36,20,56,36,20,-1.277178E+01, 1.487985E+00,-2.881647E+00, 5.307434E+01, 5.255825E+01, 1.459951E+00, 1.481575E+00,-7.221207E+00, 5.275236E+00, 8.870481E+01, 4.860648E+01, 2.859104E+01, 2.373658E+00,23, 4.158632E+00,3, 0.000000E+00,0, 0.000000E+00,13, 2.894114E+01, 5.469910E-01, 9.181064E+00,NULL,NULL,1,mc_qqps,54
-21042,2022,20228,33402,94C2, 9.125000E+01,29,13,42,29,13,-4.574517E-01, 6.938543E-01,-8.555874E-01, 6.558954E+01, 6.496876E+01, 2.240302E+00, 1.579862E+00,-2.179386E+00, 4.351060E-01, 1.048973E+02, 6.300679E+01, 2.942392E+01, 0.000000E+00,17, 8.430515E+00,0, 0.000000E+00,0, 0.000000E+00,12, 3.489661E+01, 5.766572E-01, 1.341382E+01,NULL,NULL,1,mc_qqps,54
-21042,2023,20228,33416,94C2, 9.125000E+01,36,11,47,36,11,-1.305185E+00,-1.975480E+00,-2.245563E+00, 8.518336E+01, 8.424200E+01, 2.340056E+00,-2.357522E+00,-4.849339E+00,-6.240197E+00, 1.040537E+02, 7.039464E+01, 1.054776E+01, 8.322539E+00,5, 0.000000E+00,7, 1.818309E+01,0, 0.000000E+00,3, 4.439816E+00, 9.385013E-01, 2.327126E+00,NULL,NULL,1,mc_qqps,54
-21042,2024,20228,33428,94C2, 9.125000E+01,32,12,44,32,12, 7.457370E+00,-4.132158E+00, 1.645920E+01, 5.968085E+01, 5.913900E+01, 1.848094E+00, 2.824533E+00,-2.324987E+00, 9.916466E+00, 7.360227E+01, 4.480391E+01, 1.312514E+01, 7.962887E-01,4, 3.216386E-01,11, 6.582391E+00,0, 0.000000E+00,2, 7.247486E+00, 2.710407E+00, 4.537080E+00,3, 0.000000E+00,1,mc_qqps,54
-21042,2025,20228,33444,94C2, 9.125000E+01,36,9,45,36,9, 1.007318E+01,-3.595155E+00, 2.915575E-01, 5.470275E+01, 5.362272E+01, 1.489520E+00,-5.384676E+00,-6.982559E-01, 9.113429E-01, 8.656457E+01, 4.677934E+01, 2.397491E+01, 5.138246E-01,8, 2.411006E-01,0, 0.000000E+00,0, 0.000000E+00,6, 3.019806E+01, 3.805009E-01, 1.503681E+01,NULL,NULL,1,mc_qqps,54
-21042,2026,20228,33503,94C2, 9.125000E+01,28,16,44,28,16,-2.308446E+00, 3.785200E-02,-9.962406E-01, 7.463850E+01, 7.416546E+01, 2.648766E+00,-4.077736E-01, 4.771963E-01, 7.345449E-01, 9.172501E+01, 6.215437E+01, 1.320767E+01, 1.915396E+00,8, 0.000000E+00,7, 1.448916E+01,0, 0.000000E+00,7, 7.256636E+00, 3.264691E-01, 1.507911E+00,NULL,NULL,1,mc_qqps,54
-21042,2027,20228,33521,94C2, 9.125000E+01,29,13,42,29,13,-3.220951E+00,-1.511226E+01, 3.731576E+00, 6.656965E+01, 6.594674E+01, 2.274025E+00,-3.501569E-01,-3.135407E+00, 1.712518E+00, 9.217556E+01, 5.750026E+01, 1.613652E+01, 8.572019E+00,16, 2.438469E-01,0, 0.000000E+00,0, 0.000000E+00,10, 1.322274E+01, 5.107187E-01, 2.518803E+00,NULL,NULL,1,mc_qqps,54
-21042,2028,20228,33536,94C2, 9.125000E+01,16,7,23,16,7, 8.084860E+01, 3.309914E+01,-2.482131E+01, 9.581590E+01, 9.553115E+01, 5.970697E+00, 6.632500E+01, 2.722756E+01,-1.974544E+01, 1.159792E+02, 8.876334E+01, 1.926953E+01, 4.070100E-01,10, 1.644316E+00,0, 0.000000E+00,0, 0.000000E+00,6, 1.975633E+01, 4.867983E-01, 9.356560E+00,NULL,NULL,1,mc_qqps,54
-21042,2029,20228,33546,94C2, 9.125000E+01,14,18,32,14,18,-1.611474E+01, 7.419117E+00,-1.593500E+01, 3.872767E+01, 3.861531E+01, 2.758236E+00,-1.205682E+01, 4.993312E+00,-1.313577E+01, 7.024532E+01, 3.468230E+01, 2.715108E+01, 1.864347E+00,19, 1.218640E+01,0, 0.000000E+00,0, 0.000000E+00,15, 2.860653E+01, 3.135462E-01, 4.796924E+00,NULL,NULL,1,mc_qqps,54
-21042,2030,20228,33558,94C2, 9.125000E+01,37,18,55,37,18, 1.478183E+01,-1.136141E+01,-2.512910E+00, 5.630264E+01, 5.577771E+01, 1.507506E+00, 1.682287E+01,-1.262623E+01,-3.527431E-01, 7.664705E+01, 5.143454E+01, 1.114313E+01, 5.759850E+00,19, 1.356156E+00,1, 0.000000E+00,0, 0.000000E+00,11, 1.129338E+01, 4.244306E-01, 2.008103E+00,NULL,NULL,1,mc_qqps,54
-21042,2031,20228,33616,94C2, 9.125000E+01,18,7,25,18,7, 5.799854E-01, 1.597336E+01,-7.557736E+00, 2.639152E+01, 2.608326E+01, 1.449070E+00, 8.906861E+00, 1.563003E+01, 1.137038E+00, 8.384242E+01, 2.316634E+01, 4.025759E-01, 5.482277E+01,4, 0.000000E+00,0, 0.000000E+00,0, 0.000000E+00,3, 2.628135E+00, 4.025759E-01, 1.795605E+00,NULL,NULL,1,mc_qqps,54
-21042,2032,20228,33629,94C2, 9.125000E+01,44,8,52,44,8, 9.975888E+00, 1.618169E+01,-2.069539E+01, 5.261814E+01, 5.155056E+01, 1.171604E+00, 1.064042E+00, 1.629169E+00,-3.706799E+00, 8.914374E+01, 3.899883E+01, 3.545826E+01, 1.067333E+00,8, 6.446590E-01,1, 0.000000E+00,0, 0.000000E+00,5, 3.484645E+01, 1.684929E+00, 2.548958E+01,NULL,NULL,1,mc_qqps,54
-21042,2033,20228,33644,94C2, 9.125000E+01,27,12,39,27,12, 3.900228E+00,-1.091693E+01,-2.846227E-01, 4.167094E+01, 4.104893E+01, 1.520331E+00, 1.625570E+01,-2.280073E+01,-9.504167E-02, 8.418213E+01, 3.521027E+01, 1.449232E+01, 2.801886E+01,13, 5.662738E+00,0, 0.000000E+00,0, 0.000000E+00,6, 1.026224E+01, 5.235400E-01, 3.627975E+00,NULL,NULL,1,mc_qqps,54
-21042,2034,20228,33659,94C2, 9.125000E+01,23,8,31,23,8, 2.134621E+01,-1.151750E+01, 1.090665E+01, 5.086788E+01, 5.047767E+01, 2.194681E+00,-2.888821E+00,-6.856739E-01,-1.721039E+00, 8.555399E+01, 4.508600E+01, 1.644762E+01, 1.592863E+01,11, 1.506017E+00,0, 0.000000E+00,0, 0.000000E+00,6, 1.361695E+01, 8.257538E-01, 7.022611E+00,NULL,NULL,1,mc_qqps,54
-21042,2035,20228,33716,94C2, 9.125000E+01,39,21,60,39,21, 2.211262E+00,-2.181327E+00,-5.693155E+00, 5.861957E+01, 5.715009E+01, 1.465387E+00, 7.488057E+00, 7.372175E+00, 4.020982E+00, 9.324415E+01, 5.057129E+01, 2.330597E+01, 1.065647E+01,10, 0.000000E+00,10, 1.175925E+00,0, 0.000000E+00,9, 1.239568E+01, 3.718173E-01, 3.015008E+00,NULL,NULL,1,mc_qqps,54
-21042,2036,20228,33740,94C2, 9.125000E+01,16,9,25,16,9, 2.600219E+00,-1.518606E+00, 1.941834E+00, 8.369030E+01, 8.357464E+01, 5.223415E+00, 4.058951E-02,-8.322726E-01,-3.571212E+00, 9.177055E+01, 7.438764E+01, 8.080248E+00, 0.000000E+00,1, 0.000000E+00,14, 3.452892E+01,0, 0.000000E+00,NULL,NULL,NULL,NULL,NULL,NULL,1,mc_qqps,54
-21042,2037,20228,33750,94C2, 9.125000E+01,24,15,39,24,15,-1.439447E+00,-1.406087E+00, 1.398985E+00, 7.591879E+01, 7.552128E+01, 3.146720E+00,-3.862293E+00, 3.942168E+00,-7.503114E+00, 9.466873E+01, 6.974827E+01, 5.055747E+00, 1.045793E+01,2, 0.000000E+00,13, 4.809317E+00,0, 0.000000E+00,2, 3.236270E+00, 3.127710E-01, 2.923499E+00,NULL,NULL,1,mc_qqps,54
-21042,2038,20228,33805,94C2, 9.125000E+01,30,14,44,30,14,-1.526369E+01, 2.794532E+00,-3.764972E+00, 5.390368E+01, 5.314318E+01, 1.771439E+00,-1.115819E+01, 2.656933E+00,-6.050730E-01, 8.446540E+01, 5.033137E+01, 2.980243E+01, 0.000000E+00,20, 1.311876E+01,0, 0.000000E+00,0, 0.000000E+00,12, 2.895848E+01, 6.740769E-01, 5.595754E+00,NULL,NULL,1,mc_qqps,54
-21042,2039,20228,33819,94C2, 9.125000E+01,13,6,19,13,6,-2.171973E+00, 6.532384E+01,-2.740234E+02, 3.348007E+02, 3.345721E+02, 2.573632E+01,-7.767330E-01, 6.556933E+01,-2.732354E+02, 3.399635E+02, 9.209202E+00, 5.162805E+00, 0.000000E+00,3, 0.000000E+00,9, 2.820522E+01,0, 0.000000E+00,2, 1.419652E+00, 6.324831E-01, 7.871690E-01,NULL,NULL,0,mc_qqps,54
-21042,2040,20228,33825,94C2, 9.125000E+01,32,11,43,32,11,-9.174496E-02, 1.909789E+01, 1.010513E+01, 6.086725E+01, 6.042264E+01, 1.888207E+00,-1.499159E-01, 2.108461E+01, 1.490142E+01, 7.938697E+01, 4.738998E+01, 1.094872E+01, 7.611682E+00,5, 0.000000E+00,5, 0.000000E+00,0, 0.000000E+00,2, 4.159299E+00, 3.373514E-01, 3.821948E+00,NULL,NULL,1,mc_qqps,54
-21042,2041,20228,33844,94C2, 9.125000E+01,35,16,51,35,16,-7.358433E+00,-1.532311E+00, 2.159555E+00, 6.001167E+01, 5.923191E+01, 1.692340E+00,-6.568968E+00,-7.885626E-01, 2.471180E+00, 9.497275E+01, 5.773979E+01, 2.622558E+01, 8.259621E+00,18, 9.775209E+00,0, 0.000000E+00,0, 0.000000E+00,11, 2.337852E+01, 6.125432E-01, 1.015121E+01,NULL,NULL,1,mc_qqps,54
-21042,2042,20228,33900,94C2, 9.125000E+01,22,11,33,22,11, 1.130562E+00, 2.367982E+00, 4.682941E-01, 5.078165E+01, 5.054705E+01, 2.297593E+00,-1.938380E+00,-5.967963E+00, 1.875938E+00, 6.769288E+01, 5.050957E+01, 1.537226E+01, 0.000000E+00,17, 8.918982E+00,0, 0.000000E+00,0, 0.000000E+00,9, 1.260266E+01, 7.067306E-01, 4.429076E+00,NULL,NULL,1,mc_qqps,54
-21042,2043,20228,33911,94C2, 9.125000E+01,22,16,38,22,16, 5.411441E+00, 2.689769E-01,-2.369697E+00, 6.438142E+01, 6.390495E+01, 2.904771E+00, 1.090242E+01,-9.015895E+00, 1.189271E+01, 1.096464E+02, 6.219666E+01, 1.682498E+01, 2.844464E+01,10, 6.467530E-01,4, 0.000000E+00,0, 0.000000E+00,7, 1.034771E+01, 4.269471E-01, 5.658192E+00,NULL,NULL,1,mc_qqps,54
-21042,2044,20228,33922,94C2, 9.125000E+01,26,14,40,26,14,-1.563207E+01,-7.161823E+00, 1.495281E+01, 5.554942E+01, 5.509322E+01, 2.118970E+00,-4.651968E+00,-9.502929E-01, 3.396238E+00, 8.160641E+01, 4.178904E+01, 7.990916E+00, 1.589864E+01,9, 2.710830E+00,2, 0.000000E+00,0, 0.000000E+00,6, 8.439800E+00, 4.655989E-01, 3.365594E+00,NULL,NULL,1,mc_qqps,54
-21042,2045,20228,33939,94C2, 9.125000E+01,38,25,63,38,25, 1.917526E+00, 9.213765E+00,-6.823766E+00, 5.880013E+01, 5.817340E+01, 1.530879E+00, 5.551970E+00, 1.687424E+01,-1.100976E+01, 1.017577E+02, 4.983264E+01, 3.996204E+01, 0.000000E+00,29, 1.485098E+00,0, 0.000000E+00,0, 0.000000E+00,22, 3.691521E+01, 5.440145E-01, 6.467975E+00,NULL,NULL,1,mc_qqps,54
-21042,2046,20228,33956,94C2, 9.125000E+01,30,18,48,30,18, 1.171583E+01,-2.241184E+01,-1.075839E+01, 6.464691E+01, 6.399269E+01, 2.133090E+00, 2.278419E+01,-3.743343E+01,-2.325103E+01, 1.161244E+02, 5.687076E+01, 2.528744E+01, 2.496506E+01,16, 1.594170E+01,5, 0.000000E+00,0, 0.000000E+00,9, 2.292387E+01, 4.888924E-01, 8.324338E+00,NULL,NULL,1,mc_qqps,54
-21042,2047,20228,34010,94C2, 9.125000E+01,37,14,51,37,14, 3.806885E+00,-6.018871E+00, 1.439292E+01, 3.402283E+01, 3.310625E+01, 8.947634E-01, 2.549152E+00,-2.789076E+00, 5.584483E+00, 6.711919E+01, 2.609267E+01, 2.157945E+01, 1.039563E+01,7, 4.777968E-02,5, 0.000000E+00,0, 0.000000E+00,4, 4.289450E+00, 4.423834E-01, 2.665454E+00,1, 0.000000E+00,1,mc_qqps,54
-21042,2048,20228,34036,94C2, 9.125000E+01,19,8,27,19,8,-3.520095E+00, 4.481220E+00, 5.855888E+00, 4.255177E+01, 4.217363E+01, 2.219665E+00,-7.365593E+00, 1.038370E+00,-7.606676E+00, 6.807976E+01, 8.499845E+00, 1.708348E+01, 8.444508E+00,0, 0.000000E+00,5, 1.764124E+00,0, 0.000000E+00,NULL,NULL,NULL,NULL,2, 0.000000E+00,0,mc_qqps,54
-21042,2049,20228,34106,94C2, 9.125000E+01,15,13,28,15,13, 4.245694E+00, 7.551344E+00, 5.197594E+00, 4.333838E+01, 4.322515E+01, 2.881677E+00,-2.228573E+00,-3.939356E+00,-1.925226E-01, 9.801885E+01, 2.475183E+01, 3.034634E+01, 2.436053E+01,15, 4.220855E+00,0, 0.000000E+00,0, 0.000000E+00,10, 3.034634E+01, 5.851942E-01, 1.501790E+01,NULL,NULL,1,mc_qqps,54
-21042,2050,20228,34119,94C2, 9.125000E+01,22,11,33,22,11, 1.177083E+01, 1.172704E+01,-1.810951E+00, 4.735561E+01, 4.712441E+01, 2.142019E+00, 1.146023E+01, 1.054026E+01,-2.537701E-01, 5.953257E+01, 4.651012E+01, 8.623274E+00, 1.225020E+00,15, 5.823822E+00,0, 0.000000E+00,0, 0.000000E+00,9, 1.029736E+01, 5.178574E-01, 2.917374E+00,NULL,NULL,1,mc_qqps,54
-21042,2051,20228,34130,94C2, 9.125000E+01,23,9,32,23,9, 1.614606E+00, 2.187739E+01,-1.553885E+00, 4.597338E+01, 4.567305E+01, 1.985785E+00, 5.904201E-01, 5.869390E+00, 1.942124E+00, 7.368645E+01, 4.263079E+01, 2.263259E+01, 3.671939E+00,11, 6.740066E+00,1, 0.000000E+00,0, 0.000000E+00,6, 2.376016E+01, 5.087846E-01, 1.765562E+01,NULL,NULL,1,mc_qqps,54
-21042,2052,20228,34143,94C2, 9.125000E+01,31,12,43,31,12,-1.339264E+01,-8.124165E+00,-6.374671E+00, 6.140107E+01, 6.096896E+01, 1.966740E+00,-9.092355E+00,-6.029915E+00,-4.310063E+00, 8.580597E+01, 5.739686E+01, 1.482603E+01, 8.705787E+00,16, 3.768574E+00,0, 0.000000E+00,0, 0.000000E+00,8, 1.322983E+01, 5.375655E-01, 4.173614E+00,NULL,NULL,1,mc_qqps,54
-21042,2053,20228,34156,94C2, 9.125000E+01,31,17,48,31,17,-5.886855E+00,-3.435135E+00,-3.096258E+00, 5.953707E+01, 5.908346E+01, 1.905918E+00,-1.772233E+00,-1.240120E+00,-2.255177E+00, 1.014271E+02, 5.022991E+01, 4.138807E+01, 0.000000E+00,24, 4.368582E+00,0, 0.000000E+00,0, 0.000000E+00,17, 4.189003E+01, 5.031368E-01, 1.106407E+01,NULL,NULL,1,mc_qqps,54
-21042,2054,20228,34210,94C2, 9.125000E+01,23,13,36,23,13,-3.516153E+00,-5.840155E-01,-2.699048E+00, 6.901994E+01, 6.867950E+01, 2.986065E+00, 9.200709E+00,-1.857659E+00, 4.812376E+00, 8.884599E+01, 6.667802E+01, 1.836613E+01, 1.459913E+00,16, 4.459692E+00,0, 0.000000E+00,0, 0.000000E+00,9, 1.756262E+01, 9.777313E-01, 4.063574E+00,NULL,NULL,1,mc_qqps,54
-21042,2055,20228,34222,94C2, 9.125000E+01,25,5,30,25,5, 3.418245E+00, 1.199498E+01, 3.905730E+00, 7.816837E+01, 7.782275E+01, 3.112910E+00,-3.516980E-01,-1.555355E+00,-4.453695E-02, 9.351937E+01, 7.514977E+01, 1.313326E+01, 2.222716E+00,9, 1.740211E-01,1, 0.000000E+00,0, 0.000000E+00,3, 1.313326E+01, 6.870125E-01, 6.718682E+00,NULL,NULL,1,mc_qqps,54
-21042,2056,20228,34241,94C2, 9.125000E+01,19,22,41,19,22,-2.853661E+00, 1.960493E+00, 2.535480E+00, 4.274090E+01, 4.243033E+01, 2.233175E+00,-7.101080E+00, 8.056249E+00, 1.182296E+01, 8.518398E+01, 3.503949E+01, 3.233141E+01, 1.011167E+01,0, 0.000000E+00,20, 9.290852E+00,0, 0.000000E+00,NULL,NULL,NULL,NULL,2, 0.000000E+00,1,mc_qqps,54
-21042,2057,20228,34256,94C2, 9.125000E+01,30,7,37,30,7,-6.712596E+00,-8.969033E+00,-1.591178E-01, 5.925528E+01, 5.872137E+01, 1.957379E+00,-8.185677E+00,-1.286758E+01, 3.236670E-01, 6.778763E+01, 4.078448E+01, 2.236288E+00, 2.715788E+00,7, 1.650943E+00,0, 0.000000E+00,0, 0.000000E+00,4, 5.765687E+00, 7.185739E-01, 2.915961E+00,NULL,NULL,1,mc_qqps,54
-21042,2058,20228,34310,94C2, 9.125000E+01,29,12,41,29,12,-7.336162E+00,-1.312440E+01, 1.637206E+01, 5.882069E+01, 5.833819E+01, 2.011662E+00, 1.095367E+00, 1.041483E+00,-1.620367E+00, 8.755208E+01, 5.044202E+01, 2.444056E+01, 2.267755E+00,9, 2.506875E-01,1, 0.000000E+00,0, 0.000000E+00,6, 1.717602E+01, 5.669681E-01, 1.061580E+01,NULL,NULL,1,mc_qqps,54
-21042,2059,20228,34330,94C2, 9.125000E+01,33,12,45,33,12, 1.399037E+00,-4.230320E+00,-3.266945E+00, 7.400431E+01, 7.329819E+01, 2.221157E+00,-2.011954E+00, 3.900973E+00, 2.388537E+00, 9.881206E+01, 6.892165E+01, 1.334412E+01, 5.044487E+00,16, 8.879597E+00,1, 0.000000E+00,0, 0.000000E+00,10, 1.917641E+01, 5.249194E-01, 7.352023E+00,NULL,NULL,1,mc_qqps,54
-21042,2060,20228,34346,94C2, 9.125000E+01,24,7,31,24,7, 1.835109E+00, 8.834904E-01,-6.701240E-01, 7.707735E+01, 7.650684E+01, 3.187785E+00, 2.419097E+00, 1.008247E+00,-2.734369E+00, 8.543043E+01, 7.570174E+01, 8.353066E+00, 0.000000E+00,1, 0.000000E+00,10, 5.505811E+00,0, 0.000000E+00,1, 8.182039E-01, 8.182039E-01, 8.182039E-01,NULL,NULL,1,mc_qqps,54
-21042,2061,20228,34402,94C2, 9.125000E+01,37,10,47,37,10,-2.584845E+00,-1.371717E+00,-4.555879E-01, 5.634686E+01, 5.554068E+01, 1.501100E+00,-6.223614E+00,-6.628478E+00, 8.950889E-01, 7.582407E+01, 4.417294E+01, 1.531323E+01, 4.196280E+00,12, 9.972944E-01,0, 0.000000E+00,0, 0.000000E+00,5, 7.221901E+00, 7.028657E-01, 2.866792E+00,NULL,NULL,1,mc_qqps,54
-21042,2062,20228,34418,94C2, 9.125000E+01,28,11,39,28,11,-3.964208E+00,-1.184830E+01,-2.203185E+00, 5.995510E+01, 5.923494E+01, 2.115534E+00,-5.105708E+00,-1.317687E+01,-3.440136E+00, 8.304493E+01, 5.701543E+01, 2.243073E+01, 0.000000E+00,13, 3.713386E+00,0, 0.000000E+00,0, 0.000000E+00,10, 2.242080E+01, 5.179006E-01, 7.438324E+00,NULL,NULL,1,mc_qqps,54
-21042,2063,20228,34430,94C2, 9.125000E+01,32,9,41,32,9, 7.061068E+00, 3.423970E+00, 2.593400E+00, 8.449876E+01, 8.418696E+01, 2.630842E+00, 8.452414E+00,-3.192898E-01, 6.830854E+00, 9.681964E+01, 8.028335E+01, 5.801874E+00, 4.768659E+00,1, 0.000000E+00,11, 9.563086E-01,0, 0.000000E+00,1, 1.788568E+00, 1.788568E+00, 1.788568E+00,NULL,NULL,1,mc_qqps,54
-21042,2064,20228,34452,94C2, 9.125000E+01,44,10,54,44,10, 1.118786E+00,-5.075589E-01, 2.403494E+00, 7.700033E+01, 7.579620E+01, 1.722641E+00, 4.141419E+00, 2.247859E+00, 1.035542E+00, 8.666827E+01, 6.775251E+01, 7.421907E+00, 1.898052E+00,11, 3.602355E+00,0, 0.000000E+00,0, 0.000000E+00,7, 6.294782E+00, 3.479806E-01, 1.743330E+00,NULL,NULL,1,mc_qqps,54
-21042,2065,20228,34522,94C2, 9.125000E+01,37,22,59,37,22,-6.725494E+00, 2.706310E+01,-1.166374E+01, 7.032343E+01, 6.965627E+01, 1.882602E+00,-2.559760E+00, 1.105083E+01,-6.033751E+00, 1.027677E+02, 5.458697E+01, 2.970835E+01, 1.013208E+00,26, 5.672911E+00,0, 0.000000E+00,0, 0.000000E+00,18, 3.011846E+01, 5.196787E-01, 5.740468E+00,NULL,NULL,1,mc_qqps,54
-21042,2066,20228,34540,94C2, 9.125000E+01,24,12,36,24,12,-2.432503E+01, 3.211352E+01,-1.098240E+02, 1.472385E+02, 1.470795E+02, 6.128311E+00,-2.595072E+01, 3.293081E+01,-1.127706E+02, 1.568082E+02, 4.663731E+01, 9.270741E+00, 2.989847E-01,0, 0.000000E+00,18, 1.107163E+01,0, 0.000000E+00,NULL,NULL,NULL,NULL,NULL,NULL,1,mc_qqps,54
-21042,2067,20228,34551,94C2, 9.125000E+01,36,12,48,36,12,-7.965613E+00,-4.981272E+00, 8.143844E+00, 8.909898E+01, 8.824866E+01, 2.451352E+00, 6.572464E+00, 4.646616E+00,-5.715266E+00, 1.117336E+02, 7.277513E+01, 1.983706E+01, 2.243998E+00,13, 3.231234E-01,0, 0.000000E+00,0, 0.000000E+00,8, 1.632305E+01, 2.747221E-01, 5.497523E+00,NULL,NULL,1,mc_qqps,54
-21042,2068,20228,34609,94C2, 9.125000E+01,43,24,67,43,24, 1.449395E+01,-3.059970E+00,-1.025406E+02, 1.466555E+02, 1.459980E+02, 3.395303E+00, 1.181582E+01,-3.837990E+00,-9.475779E+01, 1.676958E+02, 3.168680E+01, 1.717692E+01, 3.863390E+00,2, 0.000000E+00,26, 1.483871E+01,0, 0.000000E+00,1, 8.478485E-01, 8.478485E-01, 8.478485E-01,NULL,NULL,1,mc_qqps,54
-21042,2069,20228,34632,94C2, 9.125000E+01,49,13,62,49,13, 3.445802E+00, 1.009285E+00,-1.161757E-01, 8.481281E+01, 8.361799E+01, 1.706490E+00,-7.612236E+00, 3.420530E+00, 7.620898E+00, 1.063525E+02, 7.196164E+01, 7.885300E+00, 1.172756E+01,9, 2.193167E+00,2, 0.000000E+00,0, 0.000000E+00,4, 4.943407E+00, 6.591123E-01, 2.515263E+00,NULL,NULL,1,mc_qqps,54
-21042,2070,20228,34650,94C2, 9.125000E+01,25,16,41,25,16,-8.139522E+00,-7.662084E+00,-2.041868E+01, 6.022481E+01, 5.979081E+01, 2.391633E+00,-2.813376E+00,-3.048464E+00,-9.131991E+00, 8.184172E+01, 2.684587E+01, 6.887149E+00, 1.253319E+01,5, 0.000000E+00,18, 4.498723E+00,0, 0.000000E+00,4, 3.256205E+00, 4.696146E-01, 1.331020E+00,NULL,NULL,1,mc_qqps,54
-21042,2071,20228,34707,94C2, 9.125000E+01,28,15,43,28,15, 1.707993E+01, 8.803869E+00, 2.474092E-01, 4.291596E+01, 4.215878E+01, 1.505671E+00, 7.473488E+00, 6.288103E+00,-7.278910E-01, 6.430111E+01, 3.004395E+01, 1.839797E+01, 2.987181E+00,15, 3.828847E+00,0, 0.000000E+00,0, 0.000000E+00,11, 1.539824E+01, 5.834248E-01, 3.522992E+00,NULL,NULL,1,mc_qqps,54
-21042,2072,20228,34727,94C2, 9.125000E+01,29,16,45,29,16, 6.065976E+00, 1.235380E+01, 1.618692E+01, 5.371476E+01, 5.316351E+01, 1.833225E+00, 3.198847E+00, 9.508962E+00, 9.919016E+00, 8.446323E+01, 4.523286E+01, 1.956783E+01, 8.420551E+00,3, 0.000000E+00,11, 0.000000E+00,0, 0.000000E+00,2, 3.438813E+00, 6.787261E-01, 2.760087E+00,1, 0.000000E+00,1,mc_qqps,54
-21042,2073,20228,34744,94C2, 9.125000E+01,15,5,20,15,5, 9.212214E+00,-1.934965E+01,-3.803941E+00, 6.048622E+01, 6.033749E+01, 4.022499E+00, 7.344203E+00,-1.489395E+01,-2.700636E+00, 7.385900E+01, 5.975766E+01, 5.504487E+00, 7.868290E+00,11, 4.450130E+00,1, 0.000000E+00,0, 0.000000E+00,3, 4.812716E+00, 1.042917E+00, 2.658557E+00,NULL,NULL,1,mc_qqps,54
-21042,2074,20228,34753,94C2, 9.125000E+01,39,14,53,39,14, 3.942611E+00,-3.710884E+00, 3.867162E+00, 5.135080E+01, 5.067373E+01, 1.299326E+00, 3.207965E+00, 9.550267E-01,-8.280116E-02, 7.308298E+01, 3.981007E+01, 1.757961E+01, 4.152562E+00,13, 2.799443E-01,0, 0.000000E+00,0, 0.000000E+00,9, 1.596411E+01, 4.983286E-01, 5.976617E+00,1, 0.000000E+00,1,mc_qqps,54
-21042,2075,20228,34809,94C2, 9.125000E+01,32,9,41,32,9,-1.410869E+00, 6.330966E+00,-4.814566E+00, 6.320296E+01, 6.273999E+01, 1.960625E+00,-1.241775E+00, 3.884050E+00,-3.983768E+00, 8.837834E+01, 6.051303E+01, 1.807691E+01, 6.558955E+00,10, 1.231443E-01,2, 0.000000E+00,0, 0.000000E+00,4, 1.615302E+01, 5.395041E-01, 1.017904E+01,NULL,NULL,1,mc_qqps,54
-21042,2076,20228,34824,94C2, 9.125000E+01,42,12,54,42,12, 3.525637E+00, 5.963868E-01, 2.901023E+00, 5.748095E+01, 5.661829E+01, 1.348054E+00, 8.487872E-01,-2.912165E+00, 6.482460E-01, 7.399571E+01, 4.692804E+01, 1.197448E+01, 0.000000E+00,16, 2.961541E+00,0, 0.000000E+00,0, 0.000000E+00,10, 1.586254E+01, 7.841541E-01, 3.390014E+00,1, 0.000000E+00,1,mc_qqps,54
-21042,2077,20228,34843,94C2, 9.125000E+01,29,8,37,29,8,-9.709393E+00,-1.959451E-01, 1.508876E+01, 6.072132E+01, 6.020798E+01, 2.076137E+00,-1.722784E+01,-2.899985E-01, 2.866906E+01, 7.842744E+01, 5.184427E+01, 1.655073E+01, 1.155390E+00,2, 0.000000E+00,6, 1.070040E+00,0, 0.000000E+00,1, 5.301904E-01, 5.301904E-01, 5.301904E-01,NULL,NULL,1,mc_qqps,54
-21042,2078,20228,34858,94C2, 9.125000E+01,26,23,49,26,23, 1.424581E+00,-2.248422E+00, 1.407335E+01, 2.550273E+01, 2.485287E+01, 9.558795E-01,-7.341868E-01, 1.859375E+00, 2.332863E+01, 5.571095E+01, 1.759802E+01, 1.942062E+01, 1.079255E+01,3, 0.000000E+00,10, 3.183660E-01,0, 0.000000E+00,3, 6.251764E+00, 9.041710E-01, 3.624058E+00,6, 0.000000E+00,1,mc_qqps,54
-21042,2079,20228,34921,94C2, 9.125000E+01,19,15,34,19,15, 2.173991E+00, 4.342362E+00, 5.265640E-01, 3.416525E+01, 3.392420E+01, 1.785484E+00,-2.056117E+00, 1.799798E+01, 4.574426E+00, 7.444350E+01, 3.195167E+01, 2.121016E+01, 0.000000E+00,19, 5.447171E+00,0, 0.000000E+00,0, 0.000000E+00,15, 4.027824E+01, 2.476043E-01, 1.050070E+01,NULL,NULL,1,mc_qqps,54
-21042,2080,20228,34932,94C2, 9.125000E+01,36,9,45,36,9,-6.721701E+00, 4.542746E+00, 1.071918E+01, 1.178588E+02, 1.171602E+02, 3.254449E+00,-5.350996E+00, 4.555250E+00, 1.203133E+01, 1.325392E+02, 9.132340E+01, 1.001856E+01, 4.713242E+00,9, 2.106834E-01,4, 0.000000E+00,0, 0.000000E+00,4, 9.307344E+00, 6.943414E-01, 5.198323E+00,NULL,NULL,1,mc_qqps,54
-21042,2081,20228,34948,94C2, 9.125000E+01,31,13,44,31,13,-2.367296E+00,-3.998561E+00,-2.296824E+00, 7.686040E+01, 7.649995E+01, 2.467740E+00,-7.251196E+00,-7.323330E+00,-1.323285E+01, 9.624732E+01, 5.813550E+01, 1.455684E+01, 4.859654E+00,2, 0.000000E+00,15, 4.606749E+00,0, 0.000000E+00,2, 2.348765E+00, 1.031048E+00, 1.317717E+00,NULL,NULL,1,mc_qqps,54
-21042,2082,20228,35001,94C2, 9.125000E+01,50,16,66,50,16,-4.467680E+00,-3.347781E+00,-8.124182E-01, 6.169661E+01, 6.060074E+01, 1.212015E+00, 3.887857E+00,-5.270807E+00, 2.584622E-01, 7.763831E+01, 5.084401E+01, 9.543227E+00, 3.802350E+00,12, 3.718377E-02,3, 0.000000E+00,0, 0.000000E+00,9, 1.002262E+01, 4.872980E-01, 1.916203E+00,NULL,NULL,1,mc_qqps,54
-21042,2083,20228,35025,94C2, 9.125000E+01,41,12,53,41,12, 6.027073E-01, 1.924317E+00, 1.391982E+00, 7.654578E+01, 7.578288E+01, 1.848363E+00, 1.035187E+01, 1.601077E+01, 6.657591E+00, 1.000033E+02, 6.820751E+01, 1.944546E+01, 2.046194E+00,22, 8.462936E+00,0, 0.000000E+00,0, 0.000000E+00,8, 1.705951E+01, 8.852859E-01, 4.606105E+00,NULL,NULL,1,mc_qqps,54
-21042,2084,20228,35043,94C2, 9.125000E+01,36,15,51,36,15, 3.939167E+00, 1.008913E+01,-2.827397E+00, 6.967181E+01, 6.888450E+01, 1.913458E+00, 4.170202E+00, 2.705596E+01,-5.021068E+00, 9.711076E+01, 5.872861E+01, 2.530339E+01, 9.653122E-01,23, 1.081452E+01,0, 0.000000E+00,0, 0.000000E+00,12, 2.040245E+01, 4.362158E-01, 3.559899E+00,NULL,NULL,1,mc_qqps,54
-21042,2085,20228,35100,94C2, 9.125000E+01,51,16,67,51,16,-4.119838E+00, 1.801512E+00, 2.903916E+00, 7.695792E+01, 7.592284E+01, 1.488683E+00,-1.020383E+01, 4.823114E+00, 8.806440E+00, 1.061234E+02, 6.297371E+01, 1.271982E+01, 1.118799E+01,17, 2.876958E+00,2, 0.000000E+00,0, 0.000000E+00,8, 1.429937E+01, 3.559213E-01, 4.344948E+00,NULL,NULL,1,mc_qqps,54
-21042,2086,20228,35118,94C2, 9.125000E+01,39,15,54,39,15, 3.794673E-01, 1.391413E+01, 1.240800E+01, 6.994838E+01, 6.921912E+01, 1.774849E+00, 8.308589E-01, 4.376897E+00, 4.281999E+00, 9.305417E+01, 6.123283E+01, 1.908937E+01, 4.147677E+00,7, 0.000000E+00,0, 0.000000E+00,0, 0.000000E+00,5, 1.674346E+01, 3.745742E-01, 9.688033E+00,NULL,NULL,1,mc_qqps,54
-21042,2087,20228,35133,94C2, 9.125000E+01,22,5,27,22,5,-9.197714E-01,-1.987865E+00, 3.098599E+00, 7.354971E+01, 7.309365E+01, 3.322439E+00,-8.203524E-02, 4.165655E-02, 1.458547E+00, 7.720010E+01, 6.952757E+01, 3.249690E+00, 4.006932E-01,9, 5.366838E+00,0, 0.000000E+00,0, 0.000000E+00,4, 3.249690E+00, 5.274283E-01, 1.340669E+00,NULL,NULL,1,mc_qqps,54
-21042,2088,20228,35147,94C2, 9.125000E+01,17,10,27,17,10, 8.762878E+00, 4.122072E+00,-8.185459E+00, 3.442708E+01, 3.407327E+01, 2.004310E+00, 4.956328E+00, 3.145252E+00,-4.803996E+00, 7.525549E+01, 3.356259E+01, 2.229038E+01, 4.527546E+00,8, 0.000000E+00,0, 0.000000E+00,0, 0.000000E+00,7, 3.630088E+01, 7.667289E-01, 1.652519E+01,NULL,NULL,1,mc_qqps,54
-21042,2089,20228,35158,94C2, 9.125000E+01,32,16,48,32,16,-2.547909E+00, 1.893433E+00,-1.815423E+01, 8.054980E+01, 8.010406E+01, 2.503252E+00,-1.717098E+00, 1.658602E+00,-1.423914E+01, 1.002798E+02, 4.054530E+01, 8.730817E+00, 1.099913E+01,1, 0.000000E+00,17, 9.165472E+00,0, 0.000000E+00,NULL,NULL,NULL,NULL,NULL,NULL,1,mc_qqps,54
-21042,2090,20228,35216,94C2, 9.125000E+01,14,13,27,14,13,-7.102432E+00, 1.633687E+00,-5.829826E+00, 5.013284E+01, 5.006119E+01, 3.575799E+00,-8.741489E+00, 1.261166E+00,-7.227952E+00, 9.387650E+01, 5.039991E+01, 1.894724E+01, 1.881557E+01,13, 6.317293E+00,0, 0.000000E+00,0, 0.000000E+00,8, 1.824344E+01, 6.334819E-01, 6.071002E+00,NULL,NULL,1,mc_qqps,54
-21042,2091,20228,35227,94C2, 9.125000E+01,18,14,32,18,14, 2.178043E-01, 1.078663E+01,-5.709730E+00, 6.122271E+01, 6.108180E+01, 3.393434E+00,-1.204973E-01, 2.223060E+00,-1.169387E+00, 8.264716E+01, 5.053252E+01, 1.645078E+01, 2.645394E+00,15, 3.853189E+00,3, 2.420755E+00,0, 0.000000E+00,9, 1.112584E+01, 5.130366E-01, 2.432083E+00,1, 0.000000E+00,1,mc_qqps,54
-21042,2092,20228,35238,94C2, 9.125000E+01,28,15,43,28,15,-1.507770E+01,-4.485206E+00,-6.186843E+00, 3.799829E+01, 3.747291E+01, 1.338318E+00,-5.634025E+00,-5.743156E+00,-1.011283E+01, 5.954362E+01, 3.710708E+01, 1.358793E+01, 6.408828E+00,15, 4.200027E+00,3, 0.000000E+00,0, 0.000000E+00,8, 1.174224E+01, 5.170418E-01, 2.325910E+00,NULL,NULL,1,mc_qqps,54
-21042,2093,20228,35259,94C2, 9.125000E+01,26,5,31,26,5, 8.624411E+00,-2.550188E+00, 1.413181E+00, 6.917703E+01, 6.851599E+01, 2.635231E+00, 8.133611E+00,-2.293229E+00, 1.537811E+00, 7.271267E+01, 6.667471E+01, 3.535634E+00, 0.000000E+00,9, 4.766777E-01,0, 0.000000E+00,0, 0.000000E+00,4, 3.257158E+00, 6.342456E-01, 1.158918E+00,NULL,NULL,1,mc_qqps,54
-21042,2094,20228,35316,94C2, 9.125000E+01,37,9,46,37,9,-7.248710E+00,-4.471527E+00, 1.148132E+01, 4.419275E+01, 4.312212E+01, 1.165463E+00,-4.414218E+00,-2.818653E+00, 7.107903E+00, 5.815030E+01, 3.739453E+01, 1.360570E+01, 3.518383E-01,4, 0.000000E+00,4, 0.000000E+00,0, 0.000000E+00,4, 1.126206E+01, 8.305343E-01, 6.931281E+00,NULL,NULL,1,mc_qqps,54
-21042,2095,20228,35338,94C2, 9.125000E+01,25,9,34,25,9,-1.377042E+00, 2.529181E+01, 1.222206E+01, 4.947688E+01, 4.915558E+01, 1.966223E+00,-7.205194E-01, 1.389271E+01, 6.529691E+00, 7.334116E+01, 4.876154E+01, 1.012055E+01, 1.249572E+01,14, 1.050844E+01,0, 0.000000E+00,0, 0.000000E+00,6, 1.136855E+01, 5.602387E-01, 5.816892E+00,NULL,NULL,1,mc_qqps,54
-21042,2096,20228,35352,94C2, 9.125000E+01,23,14,37,23,14, 8.026125E-01,-6.032147E+00, 2.533801E+00, 5.454305E+01, 5.415117E+01, 2.354399E+00,-4.511712E+00, 1.144864E+01, 2.228692E+00, 9.075890E+01, 4.934649E+01, 1.754296E+01, 1.647805E+01,16, 5.776072E+00,1, 0.000000E+00,0, 0.000000E+00,8, 1.591171E+01, 3.755210E-01, 5.678779E+00,NULL,NULL,1,mc_qqps,54
-21042,2097,20228,35407,94C2, 9.125000E+01,30,6,36,30,6,-3.851241E+00, 8.439335E+00,-3.960750E+00, 4.934818E+01, 4.876779E+01, 1.625593E+00, 1.300938E+00,-2.199929E+00,-4.167089E+00, 7.597617E+01, 2.662915E+01, 1.858769E+01, 8.041574E+00,10, 6.176501E+00,0, 0.000000E+00,0, 0.000000E+00,4, 1.858642E+01, 2.913679E+00, 7.153297E+00,NULL,NULL,1,mc_qqps,54
-21042,2098,20228,35422,94C2, 9.125000E+01,15,7,22,15,7,-1.684461E+01,-1.315488E+01,-1.279952E+01, 5.087676E+01, 5.074360E+01, 3.382907E+00,-1.110039E+01,-9.818701E+00,-8.337602E+00, 7.072502E+01, 4.944736E+01, 5.966839E-01, 1.361672E+01,9, 2.940480E+00,0, 0.000000E+00,0, 0.000000E+00,5, 6.231538E+00, 5.966839E-01, 1.866883E+00,NULL,NULL,1,mc_qqps,54
-21042,2099,20228,35437,94C2, 9.125000E+01,31,10,41,31,10, 1.120157E+01, 4.051411E-01, 8.050640E+00, 6.233781E+01, 6.194075E+01, 1.998089E+00, 2.382125E+01,-8.658409E-01, 1.456523E+01, 8.940058E+01, 5.438133E+01, 9.604423E+00, 1.387774E+01,16, 7.426042E+00,0, 0.000000E+00,0, 0.000000E+00,5, 1.164210E+01, 1.358095E+00, 4.213439E+00,NULL,NULL,1,mc_qqps,54
-21042,2100,20228,35452,94C2, 9.125000E+01,22,11,33,22,11, 2.166790E+00,-1.846320E+00,-2.684035E+00, 4.794053E+01, 4.771024E+01, 2.168647E+00,-8.801231E-01,-1.969738E+00,-3.418250E-01, 9.414841E+01, 3.504198E+01, 3.676778E+01, 8.455333E+00,17, 9.761528E+00,0, 0.000000E+00,0, 0.000000E+00,9, 3.650406E+01, 5.306492E-01, 1.473500E+01,NULL,NULL,1,mc_qqps,54
-21042,2101,20228,35504,94C2, 9.125000E+01,40,21,61,40,21,-2.798787E+00, 6.354046E+00, 6.643543E+00, 4.214840E+01, 4.108052E+01, 1.027013E+00,-9.235176E-02, 2.243712E+00, 1.611344E+00, 8.435992E+01, 3.224687E+01, 3.020759E+01, 6.654914E+00,17, 2.500130E+00,7, 1.301007E+00,0, 0.000000E+00,14, 3.077175E+01, 5.079047E-01, 5.169854E+00,NULL,NULL,1,mc_qqps,54
-21042,2102,20228,35521,94C2, 9.125000E+01,55,27,82,55,27, 5.609158E+00,-1.592579E+01,-8.695133E-01, 7.042478E+01, 6.892025E+01, 1.253096E+00, 4.822948E+00,-8.231810E+00,-3.968029E+00, 1.109931E+02, 4.859991E+01, 3.642660E+01, 4.030681E-01,29, 7.313295E+00,0, 0.000000E+00,0, 0.000000E+00,22, 3.800862E+01, 3.816137E-01, 1.209581E+01,NULL,NULL,1,mc_qqps,54
-21042,2103,20228,35543,94C2, 9.125000E+01,31,13,44,31,13,-1.219210E+01, 1.049923E+01, 5.074879E+00, 4.840830E+01, 4.767239E+01, 1.537819E+00,-8.733414E-01,-8.502440E-01, 8.534641E-01, 8.251369E+01, 3.989148E+01, 3.008806E+01, 0.000000E+00,18, 4.088757E+00,0, 0.000000E+00,0, 0.000000E+00,12, 3.279355E+01, 4.184862E-01, 6.759030E+00,NULL,NULL,1,mc_qqps,54
-21042,2104,20228,35557,94C2, 9.125000E+01,19,6,25,19,6, 7.583298E+01, 9.178479E+00,-7.150084E+01, 1.921417E+02, 1.918437E+02, 1.009704E+01, 7.011446E+01, 8.558063E+00,-6.773020E+01, 2.001471E+02, 5.878956E+01, 3.996495E+00, 8.280430E-01,6, 1.306819E+00,0, 0.000000E+00,0, 0.000000E+00,5, 7.177392E+00, 5.514287E-01, 2.629468E+00,NULL,NULL,1,mc_qqps,54
-21042,2105,20228,35605,94C2, 9.125000E+01,20,7,27,20,7, 1.424005E+01,-7.808113E+00,-3.595236E+00, 6.493853E+01, 6.462098E+01, 3.231049E+00, 2.218499E+00,-7.571237E-01, 6.787404E-01, 7.957647E+01, 6.366639E+01, 1.429849E+01, 3.394536E-01,13, 9.571353E-01,0, 0.000000E+00,0, 0.000000E+00,5, 1.322950E+01, 8.648711E-01, 5.824060E+00,NULL,NULL,1,mc_qqps,54
-21042,2106,20228,35619,94C2, 9.125000E+01,28,19,47,28,19,-1.565272E+00,-5.337049E+00,-7.584044E+00, 4.387930E+01, 4.333589E+01, 1.547710E+00, 4.741138E-01,-3.282487E+00,-2.312377E+00, 8.854131E+01, 3.457423E+01, 4.162205E+01, 1.342803E+00,12, 5.656932E-01,7, 0.000000E+00,0, 0.000000E+00,11, 1.883828E+01, 6.119884E-01, 5.554926E+00,NULL,NULL,1,mc_qqps,54
-21042,2107,20228,35634,94C2, 9.125000E+01,44,15,59,44,15, 3.240949E+00, 6.989147E+00, 1.680756E+02, 1.891122E+02, 1.880446E+02, 4.273740E+00, 1.450875E+00, 4.413787E+00, 1.653550E+02, 2.045977E+02, 1.045707E+01, 1.197715E+01, 3.508364E+00,1, 0.000000E+00,18, 7.641052E-01,0, 0.000000E+00,1, 4.855252E-01, 4.855252E-01, 4.855252E-01,1, 0.000000E+00,0,mc_qqps,54
-21042,2108,20228,35656,94C2, 9.125000E+01,18,13,31,18,13, 7.977144E+00,-4.719265E+00,-1.249433E+01, 3.637608E+01, 3.617737E+01, 2.009854E+00, 1.007584E+01,-3.282487E+00,-1.584265E+01, 6.954620E+01, 3.538884E+01, 2.074223E+01, 1.253537E+01,0, 0.000000E+00,10, 6.024249E-01,0, 0.000000E+00,NULL,NULL,NULL,NULL,NULL,NULL,1,mc_qqps,54
-21042,2109,20228,35708,94C2, 9.125000E+01,10,22,32,10,22,-1.423404E-01,-1.128713E-01, 2.272022E+00, 6.643120E+00, 6.429115E+00, 6.429116E-01,-9.538604E-02,-7.130048E-01, 2.075362E+00, 3.959039E+01, 1.831172E+00, 3.294727E+01, 0.000000E+00,7, 0.000000E+00,9, 8.097489E-01,0, 0.000000E+00,7, 6.346794E+00, 4.558429E-01, 1.890945E+00,5, 0.000000E+00,0,mc_qqps,54
-21042,2110,20228,35731,94C2, 9.125000E+01,26,10,36,26,10,-2.216545E+00,-1.076843E+00, 1.053476E+00, 6.026455E+01, 5.987664E+01, 2.302948E+00, 6.968355E-01, 1.287532E+01,-6.463978E+00, 9.646208E+01, 5.576775E+01, 2.891428E+01, 0.000000E+00,15, 2.095351E+00,0, 0.000000E+00,0, 0.000000E+00,7, 2.384974E+01, 6.343969E-01, 9.330099E+00,NULL,NULL,1,mc_qqps,54
-21042,2111,20228,35745,94C2, 9.125000E+01,10,12,22,10,12,-1.647354E+00,-4.077353E-01,-3.703965E+00, 1.160994E+01, 1.145188E+01, 1.145188E+00,-3.302357E-01, 2.795952E+00,-1.181227E+01, 4.822459E+01, 5.201007E+00, 1.743255E+01, 1.918210E+01,0, 0.000000E+00,10, 6.156280E+00,0, 0.000000E+00,NULL,NULL,NULL,NULL,3, 0.000000E+00,0,mc_qqps,54
-21042,2112,20228,35807,94C2, 9.125000E+01,27,11,38,27,11, 6.094703E-01, 1.066950E+00, 1.426558E-01, 5.843713E+01, 5.798214E+01, 2.147486E+00, 1.002316E+00,-1.391910E+00,-4.298404E-01, 9.194304E+01, 5.296944E+01, 2.795552E+01, 5.059988E-01,14, 2.491102E+00,0, 0.000000E+00,0, 0.000000E+00,9, 3.214415E+01, 5.313121E-01, 1.252573E+01,NULL,NULL,1,mc_qqps,54
-21042,2113,20228,35822,94C2, 9.125000E+01,41,15,56,41,15, 2.027761E+00, 1.082632E+00,-2.705395E+00, 8.408919E+01, 8.305505E+01, 2.025733E+00,-1.747903E+00, 2.152228E+00, 2.232111E+00, 1.070573E+02, 7.736296E+01, 1.244355E+01, 8.070177E+00,11, 8.452277E-01,3, 0.000000E+00,0, 0.000000E+00,8, 7.649289E+00, 4.876397E-01, 1.409290E+00,1, 0.000000E+00,1,mc_qqps,54
-21042,2114,20228,35838,94C2, 9.125000E+01,18,4,22,18,4,-1.415102E+00, 7.577391E-01, 1.138805E+00, 8.038570E+01, 8.002573E+01, 4.445874E+00,-1.420300E+00,-2.261277E+00, 2.652430E+00, 9.066638E+01, 7.476869E+01, 8.234212E+00, 0.000000E+00,7, 1.653386E+00,0, 0.000000E+00,0, 0.000000E+00,4, 1.028067E+01, 1.585742E+00, 4.638135E+00,NULL,NULL,1,mc_qqps,54
-21042,2115,20228,35851,94C2, 9.125000E+01,37,13,50,37,13, 4.497903E+00,-9.005884E-01, 3.095968E+00, 7.564865E+01, 7.486540E+01, 2.023389E+00, 4.077936E+00,-2.516075E+00, 4.517352E+00, 9.648965E+01, 7.020469E+01, 1.971673E+01, 6.058030E-02,16, 8.353128E+00,0, 0.000000E+00,0, 0.000000E+00,10, 1.965008E+01, 6.549986E-01, 4.771266E+00,1, 0.000000E+00,1,mc_qqps,54
-21042,2116,20228,35906,94C2, 9.125000E+01,21,10,31,21,10, 1.262346E+01, 1.267266E+01,-2.008593E+01, 4.315534E+01, 4.283841E+01, 2.039924E+00, 1.305390E+01, 1.323731E+01,-2.317412E+01, 5.458792E+01, 3.841517E+01, 1.020496E+01, 1.227615E+00,5, 8.192626E+00,8, 1.818422E+00,0, 0.000000E+00,3, 3.927187E+00, 4.945834E-01, 1.911831E+00,NULL,NULL,1,mc_qqps,54
-21042,2117,20228,35933,94C2, 9.125000E+01,19,12,31,19,12, 2.938621E+00, 1.776931E+00,-3.053826E+01, 4.050558E+01, 4.023167E+01, 2.117456E+00, 1.905622E+00, 9.103109E-01,-2.633527E+01, 5.553204E+01, 5.990400E+00, 1.447241E+01, 5.540397E-01,0, 0.000000E+00,11, 7.367229E+00,0, 0.000000E+00,NULL,NULL,NULL,NULL,3, 0.000000E+00,0,mc_qqps,54
-21042,2118,20228,35946,94C2, 9.125000E+01,36,17,53,36,17, 1.173760E+01,-2.624825E+01,-5.468479E+02, 6.772861E+02, 6.768199E+02, 1.880055E+01, 1.379759E+01,-2.910579E+01,-5.619621E+02, 6.982551E+02, 4.007882E+01, 1.553603E+01, 5.432959E+00,1, 0.000000E+00,14, 0.000000E+00,0, 0.000000E+00,NULL,NULL,NULL,NULL,1, 0.000000E+00,1,mc_qqps,54
-21042,2119,20228,40002,94C2, 9.125000E+01,28,9,37,28,9,-1.230037E+00,-5.637122E-01, 5.903586E+00, 5.755406E+01, 5.720207E+01, 2.042931E+00,-1.749399E-01, 2.471680E+00, 1.144699E+00, 7.938387E+01, 3.369237E+01, 1.827509E+01, 3.589536E+00,0, 0.000000E+00,12, 7.187683E+00,0, 0.000000E+00,NULL,NULL,NULL,NULL,3, 0.000000E+00,1,mc_qqps,54
-21042,2120,20228,40020,94C2, 9.125000E+01,34,19,53,34,19, 5.278380E+00,-3.079601E+00, 3.139993E+00, 5.679823E+01, 5.602869E+01, 1.647903E+00, 3.657304E+00, 2.773547E-02, 4.745320E+00, 8.652448E+01, 3.845097E+01, 1.938289E+01, 1.034335E+01,2, 0.000000E+00,16, 2.049325E+00,0, 0.000000E+00,2, 1.076999E+01, 9.225461E-01, 9.847446E+00,3, 0.000000E+00,1,mc_qqps,54
-21042,2121,20228,40044,94C2, 9.125000E+01,40,22,62,40,22, 2.386586E+00, 1.481802E-01, 7.378055E-01, 8.398406E+01, 8.316210E+01, 2.079052E+00, 1.860597E+01, 5.243577E+00, 4.152494E+00, 1.213172E+02, 6.394674E+01, 3.199676E+01, 1.031710E+00,25, 3.446254E+00,0, 0.000000E+00,0, 0.000000E+00,16, 2.100605E+01, 4.415159E-01, 5.995869E+00,NULL,NULL,1,mc_qqps,54
-21042,2122,20228,40102,94C2, 9.125000E+01,24,4,28,24,4, 4.567252E+00, 4.241953E+00,-7.983198E+00, 6.961185E+01, 6.916898E+01, 2.882041E+00, 2.360461E+00, 3.707719E+00,-6.426867E+00, 7.745757E+01, 6.669823E+01, 5.083837E+00, 2.761888E+00,4, 0.000000E+00,0, 0.000000E+00,0, 0.000000E+00,3, 5.083837E+00, 1.516804E+00, 1.913447E+00,NULL,NULL,1,mc_qqps,54
-21042,2123,20228,40120,94C2, 9.125000E+01,33,7,40,33,7,-1.149522E+01,-2.269416E+00, 7.563924E+00, 6.837918E+01, 6.788841E+01, 2.057225E+00,-7.093743E+00,-1.966239E+00, 5.826087E+00, 7.977582E+01, 6.439268E+01, 1.018217E+01, 0.000000E+00,10, 2.390232E+00,4, 0.000000E+00,0, 0.000000E+00,3, 7.726645E+00, 1.214470E+00, 4.174182E+00,NULL,NULL,1,mc_qqps,54
-21042,2124,20228,40135,94C2, 9.125000E+01,20,14,34,20,14, 1.823492E+01,-4.769488E+00, 1.062338E+01, 6.396563E+01, 6.378819E+01, 3.189409E+00, 1.331833E+01,-5.281969E+00, 7.751830E+00, 1.130779E+02, 6.296563E+01, 3.040986E+01, 1.877307E+01,15, 1.160767E+01,1, 0.000000E+00,0, 0.000000E+00,8, 2.761626E+01, 3.425598E-01, 1.959245E+01,NULL,NULL,1,mc_qqps,54
-21042,2125,20228,40149,94C2, 9.125000E+01,38,19,57,38,19, 8.873385E+00, 4.465002E-02, 1.415633E+01, 5.865491E+01, 5.781216E+01, 1.521373E+00, 5.584345E+00,-1.673483E+00, 9.028967E+00, 7.847657E+01, 4.515923E+01, 1.897989E+01, 8.417790E-01,1, 0.000000E+00,19, 6.139966E+00,0, 0.000000E+00,1, 8.465849E-01, 8.465849E-01, 8.465849E-01,NULL,NULL,1,mc_qqps,54
-21042,2126,20228,40208,94C2, 9.125000E+01,26,11,37,26,11,-3.707314E+00,-2.547621E+00,-1.117360E+01, 7.116504E+01, 7.068578E+01, 2.718684E+00,-1.120267E+00,-2.028636E+00,-6.124076E+00, 8.290486E+01, 4.698061E+01, 7.477830E+00, 4.262001E+00,0, 0.000000E+00,16, 8.075781E+00,0, 0.000000E+00,NULL,NULL,NULL,NULL,1, 0.000000E+00,1,mc_qqps,54
-21042,2127,20228,40223,94C2, 9.125000E+01,16,18,34,16,18,-1.454454E+01, 1.083581E+01,-1.344578E+01, 4.493692E+01, 4.469833E+01, 2.793646E+00,-7.805035E+00, 4.150737E+00,-5.859695E+00, 8.723404E+01, 4.421144E+01, 3.379606E+01, 2.308630E+00,20, 1.777252E+01,0, 0.000000E+00,0, 0.000000E+00,14, 3.898094E+01, 3.820106E-01, 1.988602E+01,NULL,NULL,1,mc_qqps,54
-21042,2128,20228,40239,94C2, 9.125000E+01,33,9,42,33,9,-1.313306E-01, 6.134256E-01,-1.632207E+00, 7.281432E+01, 7.220685E+01, 2.188086E+00, 9.841813E-01,-9.233479E-01,-3.266633E+00, 8.832509E+01, 6.952940E+01, 9.963282E+00, 1.358426E+00,11, 5.659307E+00,0, 0.000000E+00,0, 0.000000E+00,7, 1.415235E+01, 5.563304E-01, 5.368570E+00,NULL,NULL,1,mc_qqps,54
-21042,2129,20228,40256,94C2, 9.125000E+01,29,16,45,29,16, 4.020202E-02, 2.527562E+00,-2.183819E+00, 6.181979E+01, 6.148459E+01, 2.120158E+00,-1.221561E+00, 8.704662E-02, 2.529918E+00, 8.145607E+01, 3.944583E+01, 1.625976E+01, 2.555002E+00,7, 0.000000E+00,10, 3.327636E-01,0, 0.000000E+00,7, 5.370593E+00, 4.740488E-01, 1.151106E+00,NULL,NULL,1,mc_qqps,54
-21042,2130,20228,40316,94C2, 9.125000E+01,28,11,39,28,11,-7.878855E+00, 1.759226E+01,-1.080399E+01, 6.631393E+01, 6.558849E+01, 2.342446E+00,-2.743248E+00, 4.252072E+00,-2.996165E+00, 9.279443E+01, 6.430624E+01, 1.984459E+01, 8.168663E-01,13, 3.261584E+00,0, 0.000000E+00,0, 0.000000E+00,7, 2.352220E+01, 4.507678E-01, 1.179848E+01,NULL,NULL,1,mc_qqps,54
-21042,2131,20228,40333,94C2, 9.125000E+01,27,22,49,27,22, 3.077599E-01, 5.231181E+00,-2.244226E+01, 6.681859E+01, 6.651360E+01, 2.463467E+00,-7.027770E-01, 7.411383E+00,-2.935279E+01, 1.024481E+02, 1.519520E+01, 2.427501E+01, 1.135444E+01,3, 1.868220E+00,20, 1.401643E+01,0, 0.000000E+00,2, 1.942673E+00, 6.844714E-01, 1.258201E+00,3, 0.000000E+00,1,mc_qqps,54
-21042,2132,20228,40350,94C2, 9.125000E+01,26,12,38,26,12, 8.781677E+00, 2.844849E-01,-1.078444E+01, 7.373982E+01, 7.327731E+01, 2.818358E+00, 7.036798E+00, 7.004946E-01,-1.100100E+01, 8.477232E+01, 6.836726E+01, 8.822714E+00, 2.295941E+00,4, 0.000000E+00,7, 3.716858E-01,0, 0.000000E+00,4, 4.637701E+00, 6.995544E-01, 2.078321E+00,NULL,NULL,1,mc_qqps,54
-21042,2133,20228,40406,94C2, 9.125000E+01,32,7,39,32,7,-3.259591E+00, 1.908304E+00,-7.640827E-02, 8.359197E+01, 8.303132E+01, 2.594729E+00,-1.634115E+01, 5.247981E+00, 4.032297E+00, 1.089491E+02, 7.554933E+01, 2.139320E+01, 3.995996E+00,14, 2.692096E+00,0, 0.000000E+00,0, 0.000000E+00,4, 5.061339E+00, 6.791409E-01, 2.873300E+00,NULL,NULL,1,mc_qqps,54
-21042,2134,20228,40417,94C2, 9.125000E+01,27,14,41,27,14,-9.595298E+00,-3.287122E+00,-1.830766E+00, 5.143365E+01, 5.113589E+01, 1.893922E+00,-4.738188E+00,-3.136364E+00,-8.084823E-02, 8.996960E+01, 4.564327E+01, 2.846697E+01, 1.023735E+01,14, 3.088648E+00,0, 0.000000E+00,0, 0.000000E+00,11, 2.744193E+01, 4.220178E-01, 1.064140E+01,NULL,NULL,1,mc_qqps,54
-21042,2135,20228,40429,94C2, 9.125000E+01,18,10,28,18,10, 2.277564E+00,-2.377954E+00, 2.027259E+00, 7.902071E+01, 7.891219E+01, 4.384011E+00,-9.544125E+00, 1.099468E+01,-2.326592E+00, 1.086350E+02, 7.873495E+01, 1.210570E+01, 1.355202E+01,17, 7.284505E+00,0, 0.000000E+00,0, 0.000000E+00,9, 1.606231E+01, 8.727453E-01, 3.543760E+00,NULL,NULL,1,mc_qqps,54
-21042,2136,20228,40439,94C2, 9.125000E+01,46,19,65,46,19,-9.379726E+00,-4.354190E+00,-4.164405E+00, 5.154987E+01, 5.028443E+01, 1.093140E+00, 9.472270E+00, 1.220064E+01,-2.117751E-01, 8.714937E+01, 4.685855E+01, 3.157728E+01, 0.000000E+00,23, 5.254676E+00,0, 0.000000E+00,0, 0.000000E+00,16, 3.192644E+01, 4.006839E-01, 9.095923E+00,NULL,NULL,1,mc_qqps,54
-21042,2137,20228,40456,94C2, 9.125000E+01,20,4,24,20,4,-4.613710E+00,-4.140901E+00,-2.458111E+00, 5.940766E+01, 5.911202E+01, 2.955601E+00, 3.577320E+00, 3.808865E+00, 1.545197E+00, 7.151099E+01, 5.747163E+01, 6.055037E+00, 6.048291E+00,7, 1.260741E+01,0, 0.000000E+00,0, 0.000000E+00,3, 6.055037E+00, 1.398035E+00, 2.333119E+00,NULL,NULL,1,mc_qqps,54
-21042,2138,20228,40511,94C2, 9.125000E+01,32,16,48,32,16, 1.445039E+01, 1.051633E+01,-9.904331E+00, 6.971318E+01, 6.916892E+01, 2.161529E+00, 9.100137E+00, 9.442050E+00,-7.429521E+00, 1.096743E+02, 5.507592E+01, 2.724090E+01, 8.662857E+00,16, 1.589065E-01,1, 0.000000E+00,0, 0.000000E+00,11, 2.976949E+01, 7.884066E-01, 6.908913E+00,NULL,NULL,1,mc_qqps,54
-21042,2139,20228,40525,94C2, 9.125000E+01,35,9,44,35,9, 2.083557E+00,-9.748808E+00,-3.365865E+00, 5.638895E+01, 5.567088E+01, 1.590597E+00, 1.032594E+00, 4.358276E-01,-1.299920E+00, 7.944764E+01, 5.308880E+01, 2.305869E+01, 0.000000E+00,14, 1.302669E+00,0, 0.000000E+00,0, 0.000000E+00,8, 2.238565E+01, 7.854989E-01, 9.759003E+00,NULL,NULL,1,mc_qqps,54
-21042,2140,20228,40549,94C2, 9.125000E+01,41,16,57,41,16, 5.173368E+00, 3.581267E+00,-9.754450E+00, 6.297268E+01, 6.196091E+01, 1.511242E+00, 5.115551E+00, 2.217604E+00,-7.468898E+00, 7.437046E+01, 5.677438E+01, 1.013638E+01, 1.261391E+00,5, 0.000000E+00,15, 1.990882E+00,0, 0.000000E+00,3, 3.007149E+00, 5.469967E-01, 1.788552E+00,NULL,NULL,1,mc_qqps,54
-21042,2141,20228,40606,94C2, 9.125000E+01,31,17,48,31,17,-3.721690E+00,-5.376503E+00, 6.486881E+00, 4.617078E+01, 4.546478E+01, 1.466606E+00,-4.433441E+00,-1.773713E+00, 4.402139E+00, 7.597421E+01, 4.094516E+01, 2.432776E+01, 5.630846E+00,7, 1.967786E-01,9, 0.000000E+00,0, 0.000000E+00,5, 1.374733E+01, 9.445997E-01, 6.402388E+00,NULL,NULL,1,mc_qqps,54
-21042,2142,20228,40627,94C2, 9.125000E+01,25,6,31,25,6,-7.097320E-02,-3.420840E+00,-8.591463E+00, 8.408859E+01, 8.368182E+01, 3.347273E+00,-3.220867E-01,-2.989089E+00,-7.568690E+00, 8.976096E+01, 7.339037E+01, 3.758947E+00, 1.913432E+00,0, 0.000000E+00,6, 1.261171E+00,0, 0.000000E+00,NULL,NULL,NULL,NULL,NULL,NULL,1,mc_qqps,54
-21042,2143,20228,40642,94C2, 9.125000E+01,25,8,33,25,8,-6.392280E+00,-1.148489E+01, 6.965806E+00, 5.914994E+01, 5.860518E+01, 2.344207E+00,-8.865817E-01, 4.627131E+00,-1.744000E+00, 9.170215E+01, 5.704823E+01, 1.168490E+01, 1.796556E+01,8, 8.654799E+00,0, 0.000000E+00,0, 0.000000E+00,4, 1.431231E+01, 9.865938E-01, 6.555513E+00,NULL,NULL,1,mc_qqps,54
-21042,2144,20228,40656,94C2, 9.125000E+01,40,12,52,40,12, 1.259495E+01, 2.370683E+01,-4.017665E-01, 5.011749E+01, 4.937520E+01, 1.234380E+00, 6.744907E-01, 1.663232E+00,-4.353240E-01, 9.224186E+01, 3.945724E+01, 1.984564E+01, 2.025371E+01,14, 8.700758E-01,0, 0.000000E+00,0, 0.000000E+00,7, 2.189916E+01, 7.188203E-01, 7.509090E+00,NULL,NULL,1,mc_qqps,54
-21042,2145,20228,40714,94C2, 9.125000E+01,28,13,41,28,13, 5.882815E+00,-2.245329E+00,-4.384143E+00, 6.773668E+01, 6.730364E+01, 2.403702E+00, 2.551279E+00,-5.389641E+00,-7.017121E+00, 9.921696E+01, 6.553152E+01, 1.084641E+01, 2.065165E+01,7, 2.610830E+00,3, 0.000000E+00,0, 0.000000E+00,5, 8.504429E+00, 3.669831E-01, 3.498311E+00,NULL,NULL,1,mc_qqps,54
-21042,2146,20228,40730,94C2, 9.125000E+01,37,15,52,37,15, 5.556267E+00, 4.069689E-01,-3.446805E+01, 6.628139E+01, 6.567088E+01, 1.774889E+00, 3.192571E+00,-4.445548E-01,-2.778117E+01, 9.184008E+01, 1.617151E+01, 1.633942E+01, 9.219274E+00,1, 0.000000E+00,17, 3.041574E+00,0, 0.000000E+00,1, 6.093783E-01, 6.093783E-01, 6.093783E-01,NULL,NULL,1,mc_qqps,54
-21042,2147,20228,40743,94C2, 9.125000E+01,23,11,34,23,11, 7.753704E+00,-2.433171E+00,-6.323982E+00, 7.223696E+01, 7.203702E+01, 3.132044E+00, 5.433275E+00,-4.344021E-01,-4.365816E+00, 9.742896E+01, 7.071017E+01, 2.072596E+01, 1.356760E+00,14, 5.831452E+00,1, 0.000000E+00,0, 0.000000E+00,8, 1.711619E+01, 3.650991E-01, 7.811959E+00,NULL,NULL,1,mc_qqps,54
-21042,2148,20228,40755,94C2, 9.125000E+01,26,19,45,26,19,-1.420978E+01,-2.109384E+00, 7.424781E+00, 5.278253E+01, 5.243230E+01, 2.016627E+00,-2.990919E+00, 1.398500E-01, 3.758460E+00, 7.720186E+01, 4.468245E+01, 2.116725E+01, 8.056553E-01,10, 0.000000E+00,9, 0.000000E+00,0, 0.000000E+00,9, 1.168096E+01, 6.614438E-01, 2.704625E+00,NULL,NULL,1,mc_qqps,54
-21042,2149,20228,40812,94C2, 9.125000E+01,18,12,30,18,12,-1.236337E+01, 7.950385E+00,-2.560800E+01, 8.302105E+01, 8.268802E+01, 4.593779E+00,-1.355249E+01, 8.721928E+00,-2.710871E+01, 9.737310E+01, 7.478313E+01, 7.589557E+00, 6.782758E+00,1, 0.000000E+00,17, 6.411778E+00,0, 0.000000E+00,1, 6.220412E-01, 6.220412E-01, 6.220412E-01,NULL,NULL,1,mc_qqps,54
-21042,2150,20228,40826,94C2, 9.125000E+01,23,15,38,23,15,-4.101222E+00, 5.146799E+00,-5.267955E+00, 4.735717E+01, 4.700169E+01, 2.043552E+00,-4.751209E+00, 3.834954E+00,-5.959291E+00, 8.474959E+01, 4.136406E+01, 2.592294E+01, 1.044072E+01,17, 8.281193E+00,0, 0.000000E+00,0, 0.000000E+00,12, 2.696509E+01, 5.282055E-01, 1.024506E+01,NULL,NULL,1,mc_qqps,54
-21042,2151,20228,40841,94C2, 9.125000E+01,25,9,34,25,9,-5.895806E+00,-8.081373E+00, 5.664490E+00, 7.498760E+01, 7.465818E+01, 2.986327E+00,-1.564661E+00, 7.696241E-01, 2.187081E-01, 9.160636E+01, 7.339572E+01, 1.154915E+01, 2.123969E+00,12, 7.674871E+00,0, 0.000000E+00,0, 0.000000E+00,7, 1.449479E+01, 8.527496E-01, 2.945638E+00,NULL,NULL,1,mc_qqps,54
-21042,2152,20228,40854,94C2, 9.125000E+01,11,23,34,11,23, 4.497491E-01, 7.676243E+00, 5.897816E+01, 7.415388E+01, 7.382857E+01, 6.711688E+00,-1.358086E-02, 2.143664E+00, 3.874091E+01, 1.092698E+02, 4.237214E-01, 1.824897E+01, 1.686697E+01,0, 0.000000E+00,20, 7.700671E+00,0, 0.000000E+00,NULL,NULL,NULL,NULL,3, 0.000000E+00,0,mc_qqps,54
-21042,2153,20228,40907,94C2, 9.125000E+01,51,8,59,51,8,-2.473556E-01,-1.955292E+00,-3.232176E+00, 8.939915E+01, 8.839552E+01, 1.733245E+00,-4.244091E+00,-8.336854E+00,-3.412774E+00, 1.012309E+02, 7.254781E+01, 1.129288E+01, 5.389118E-01,16, 1.797939E+00,0, 0.000000E+00,0, 0.000000E+00,7, 1.129288E+01, 4.955745E-01, 4.348119E+00,NULL,NULL,1,mc_qqps,54
-21042,2154,20228,40924,94C2, 9.125000E+01,37,19,56,37,19,-1.395580E+01,-1.020380E+01,-3.106952E-01, 5.594748E+01, 5.532307E+01, 1.495218E+00,-9.700843E-01,-1.520521E+00,-5.046737E-01, 9.493709E+01, 5.168061E+01, 2.658740E+01, 1.072707E+01,26, 6.998654E+00,0, 0.000000E+00,0, 0.000000E+00,14, 2.757157E+01, 4.928215E-01, 8.042275E+00,NULL,NULL,1,mc_qqps,54
-21042,2155,20228,40939,94C2, 9.125000E+01,16,10,26,16,10, 7.976940E-01, 2.927124E+00,-4.212925E+00, 5.488905E+01, 5.472059E+01, 3.420037E+00,-1.411422E+00, 4.476649E+00,-6.847395E+00, 7.273763E+01, 5.476176E+01, 1.103498E+01, 6.813596E+00,1, 0.000000E+00,8, 1.383050E+00,0, 0.000000E+00,1, 9.525070E-01, 9.525070E-01, 9.525070E-01,NULL,NULL,1,mc_qqps,54
-21042,2156,20228,40951,94C2, 9.125000E+01,29,19,48,29,19,-1.106305E-01, 1.001143E+00,-2.883160E-01, 4.449265E+01, 4.403354E+01, 1.518398E+00, 1.800172E-01, 5.626184E+00,-7.533053E+00, 7.505318E+01, 3.777429E+01, 2.888831E+01, 1.672214E+00,6, 0.000000E+00,14, 2.476335E+00,0, 0.000000E+00,6, 1.468466E+01, 5.163451E-01, 5.022593E+00,NULL,NULL,1,mc_qqps,54
-21042,2157,20228,41007,94C2, 9.125000E+01,27,15,42,27,15, 7.325845E+00,-6.882843E+00, 4.864444E+00, 5.691854E+01, 5.662436E+01, 2.097199E+00,-1.022473E+00, 2.144991E+00, 4.250643E-01, 8.507187E+01, 5.306062E+01, 2.573174E+01, 1.442045E+00,18, 1.416243E+01,3, 0.000000E+00,0, 0.000000E+00,9, 2.477821E+01, 4.778242E-01, 8.753469E+00,NULL,NULL,1,mc_qqps,54
-21042,2158,20228,41019,94C2, 9.125000E+01,41,14,55,41,14, 6.228260E-01, 2.976794E+00, 1.558721E+00, 4.792509E+01, 4.686241E+01, 1.142986E+00, 2.290817E+00, 1.360710E+01, 3.337973E+00, 7.231402E+01, 4.119364E+01, 1.873393E+01, 4.669740E-01,14, 6.936411E+00,1, 0.000000E+00,0, 0.000000E+00,9, 2.145752E+01, 3.262292E-01, 4.861790E+00,NULL,NULL,1,mc_qqps,54
-21042,2159,20228,41038,94C2, 9.125000E+01,32,19,51,32,19,-1.782717E+00, 1.478272E+01,-1.128004E+01, 9.945631E+01, 9.889017E+01, 3.090318E+00,-1.373640E+00, 8.670269E+00,-5.644190E+00, 1.316939E+02, 7.237982E+01, 2.128961E+01, 4.521598E+00,13, 6.530973E-02,1, 0.000000E+00,0, 0.000000E+00,12, 2.560140E+01, 4.376868E-01, 6.299395E+00,NULL,NULL,1,mc_qqps,54
-21042,2160,20228,41054,94C2, 9.125000E+01,24,13,37,24,13, 1.661790E+00,-4.166702E+00, 5.468303E+00, 6.038071E+01, 5.986575E+01, 2.494406E+00, 9.046549E+00,-1.035806E+01, 1.747425E+01, 8.435181E+01, 5.810149E+01, 1.724991E+01, 6.721200E+00,0, 0.000000E+00,8, 0.000000E+00,0, 0.000000E+00,NULL,NULL,NULL,NULL,NULL,NULL,1,mc_qqps,54
-21042,2161,20228,41113,94C2, 9.125000E+01,41,19,60,41,19,-3.234422E-01,-4.149505E-01,-1.995939E+00, 3.814438E+01, 3.684037E+01, 8.985457E-01,-1.531582E+01,-1.240565E+01, 1.774830E+00, 1.058539E+02, 1.564428E+01, 2.385665E+01, 4.307034E+01,13, 0.000000E+00,0, 0.000000E+00,0, 0.000000E+00,10, 2.132780E+01, 4.861039E-01, 7.126085E+00,NULL,NULL,1,mc_qqps,54
-21042,2162,20228,41132,94C2, 9.125000E+01,47,12,59,47,12,-1.892395E+01,-6.305715E+00,-2.563841E+00, 8.143223E+01, 7.956161E+01, 1.692800E+00,-4.100227E+00,-2.446534E+00,-4.483522E+00, 1.031881E+02, 6.072606E+01, 2.123451E+01, 1.159393E-01,14, 1.043602E+01,0, 0.000000E+00,0, 0.000000E+00,10, 2.006912E+01, 4.064274E-01, 9.567030E+00,NULL,NULL,1,mc_qqps,54
-21042,2163,20228,41150,94C2, 9.125000E+01,25,15,40,25,15, 3.730638E+00,-2.498224E+00, 3.002821E+00, 3.560093E+01, 3.514750E+01, 1.405900E+00, 4.563792E+00,-4.108891E-01, 2.889433E+00, 7.093883E+01, 3.098514E+01, 2.166991E+01, 1.056102E+01,15, 5.065307E+00,0, 0.000000E+00,0, 0.000000E+00,10, 2.433604E+01, 8.084337E-01, 5.819940E+00,1, 0.000000E+00,1,mc_qqps,54
-21042,2164,20228,41203,94C2, 9.125000E+01,30,23,53,30,23,-9.396124E+00, 7.894291E+00,-3.569001E+00, 4.400553E+01, 4.330348E+01, 1.443449E+00,-7.235774E+00, 4.169890E+00,-1.863456E+00, 7.974951E+01, 4.016740E+01, 2.134329E+01, 5.750886E+00,24, 6.064230E+00,0, 0.000000E+00,0, 0.000000E+00,18, 2.999309E+01, 3.463290E-01, 9.353046E+00,NULL,NULL,1,mc_qqps,54
-21042,2165,20228,41220,94C2, 9.125000E+01,28,11,39,28,11,-5.753654E+00, 4.830173E+00, 6.552090E+00, 7.241471E+01, 7.176325E+01, 2.562973E+00, 9.942050E-01, 5.327358E-01, 3.314100E-01, 8.967325E+01, 6.934117E+01, 1.676684E+01, 4.916949E-01,10, 2.312429E-02,1, 0.000000E+00,0, 0.000000E+00,8, 1.517378E+01, 4.142912E-01, 5.647084E+00,NULL,NULL,1,mc_qqps,54
-21042,2166,20228,41234,94C2, 9.125000E+01,34,15,49,34,15, 3.088643E+00, 1.407743E+01, 9.676506E+00, 8.803237E+01, 8.755193E+01, 2.575057E+00, 6.076063E+00, 1.922177E+01, 1.211304E+01, 1.191359E+02, 6.663708E+01, 1.940343E+01, 6.873592E+00,17, 5.629174E+00,0, 0.000000E+00,0, 0.000000E+00,13, 2.426053E+01, 5.052743E-01, 3.122494E+00,NULL,NULL,1,mc_qqps,54
-21042,2167,20228,41247,94C2, 9.125000E+01,25,14,39,25,14, 6.938992E-01, 8.660305E-01,-3.555262E-02, 5.162482E+01, 5.129803E+01, 2.051921E+00,-7.418051E+00, 2.827490E+00,-1.114114E+01, 8.448318E+01, 4.915771E+01, 2.227045E+01, 1.060424E+01,4, 0.000000E+00,5, 0.000000E+00,0, 0.000000E+00,3, 1.520019E+01, 4.401181E+00, 6.371367E+00,1, 0.000000E+00,1,mc_qqps,54
-21042,2168,20228,41302,94C2, 9.125000E+01,31,15,46,31,15,-1.045825E+01, 4.427285E+00,-3.677597E+00, 7.204139E+01, 7.157649E+01, 2.308919E+00,-1.200059E+01, 5.748713E+00, 3.618087E+00, 1.107383E+02, 5.044741E+01, 1.418736E+01, 2.403762E+01,24, 7.333748E+00,0, 0.000000E+00,0, 0.000000E+00,11, 1.477108E+01, 3.502474E-01, 4.235323E+00,NULL,NULL,1,mc_qqps,54
-21042,2169,20228,41316,94C2, 9.125000E+01,20,15,35,20,15, 4.058577E+00, 2.056982E+00,-2.018405E+01, 3.495279E+01, 3.463131E+01, 1.731565E+00, 3.509681E+00, 2.932180E-01,-1.768620E+01, 6.943855E+01, 1.439847E+01, 2.128624E+01, 1.319952E+01,1, 0.000000E+00,11, 3.165989E+00,0, 0.000000E+00,1, 1.258712E+00, 1.258712E+00, 1.258712E+00,1, 0.000000E+00,1,mc_qqps,54
-21042,2170,20228,41345,94C2, 9.125000E+01,41,16,57,41,16,-1.693616E+01, 1.654882E+01, 2.107584E+00, 4.847254E+01, 4.635525E+01, 1.130616E+00,-4.914946E+00, 5.318661E-01, 9.300560E-01, 8.535194E+01, 2.956836E+01, 2.354616E+01, 9.123424E+00,16, 8.210188E+00,0, 0.000000E+00,0, 0.000000E+00,13, 2.696575E+01, 5.454238E-01, 6.084144E+00,NULL,NULL,1,mc_qqps,54
-21042,2171,20228,41405,94C2, 9.125000E+01,24,8,32,24,8, 3.521561E+00,-1.598833E+01,-7.409431E+00, 5.330983E+01, 5.273454E+01, 2.197272E+00, 4.898190E+00,-2.862233E+01,-1.518756E+01, 7.312149E+01, 4.019505E+01, 1.917827E+01, 6.333936E-01,10, 3.219490E+01,0, 0.000000E+00,0, 0.000000E+00,5, 1.259462E+01, 5.640331E-01, 8.405067E+00,NULL,NULL,1,mc_qqps,54
-21042,2172,20228,41417,94C2, 9.125000E+01,28,15,43,28,15, 7.482472E+00,-1.361648E+00,-5.071051E-01, 6.022849E+01, 5.997683E+01, 2.142030E+00, 9.504224E+00,-5.935560E+00,-1.274435E+00, 8.174609E+01, 5.566414E+01, 1.574685E+01, 4.272112E+00,18, 7.503051E+00,0, 0.000000E+00,0, 0.000000E+00,10, 1.336730E+01, 4.893825E-01, 2.669681E+00,NULL,NULL,1,mc_qqps,54
-21042,2173,20228,41431,94C2, 9.125000E+01,16,10,26,16,10,-1.176021E+00,-1.655550E+00, 1.442236E+00, 1.166314E+01, 1.113174E+01, 6.957340E-01,-2.834413E+00,-3.290748E+00,-9.585398E-01, 1.000680E+02, 9.340919E+00, 8.489465E+01, 3.510241E+00,7, 1.656516E-01,0, 0.000000E+00,0, 0.000000E+00,6, 7.481395E+01, 5.112801E-01, 3.621372E+01,NULL,NULL,0,mc_qqps,54
-21042,2174,20228,41442,94C2, 9.125000E+01,33,12,45,33,12,-4.525912E+00,-8.758471E+00,-3.918924E+00, 4.883581E+01, 4.799853E+01, 1.454501E+00,-8.607477E-02, 2.595369E+00,-2.570362E-01, 7.642867E+01, 4.243286E+01, 2.401567E+01, 3.577175E+00,18, 1.168188E+01,1, 0.000000E+00,0, 0.000000E+00,10, 2.371125E+01, 1.090411E+00, 4.851255E+00,NULL,NULL,1,mc_qqps,54
-21042,2175,20228,41500,94C2, 9.125000E+01,46,16,62,46,16,-7.574692E+00, 6.702899E+00,-1.563759E+00, 7.703069E+01, 7.620929E+01, 1.656724E+00,-4.164106E+00, 1.227927E-01, 2.754879E+00, 9.322267E+01, 6.114838E+01, 1.404338E+01, 1.129927E+00,14, 2.257194E+00,4, 0.000000E+00,0, 0.000000E+00,10, 1.215786E+01, 4.559296E-01, 2.538896E+00,NULL,NULL,1,mc_qqps,54
-21042,2176,20228,41519,94C2, 9.125000E+01,34,13,47,34,13, 2.124209E+00, 9.399687E+00,-4.643494E+00, 7.300410E+01, 7.218532E+01, 2.123098E+00,-8.252845E-01,-3.766361E-01,-1.562705E+00, 8.750005E+01, 6.601701E+01, 1.680274E+00, 5.670218E+00,13, 3.123516E+00,0, 0.000000E+00,0, 0.000000E+00,7, 9.431906E+00, 4.796474E-01, 3.638329E+00,NULL,NULL,1,mc_qqps,54
-21042,2177,20228,41534,94C2, 9.125000E+01,35,11,46,35,11, 2.947307E+00,-9.182316E-02,-2.607015E+00, 7.090339E+01, 7.024056E+01, 2.006873E+00, 4.869057E-01,-2.799668E+00, 3.832082E+00, 9.788386E+01, 6.618008E+01, 2.438052E+01, 0.000000E+00,11, 0.000000E+00,3, 5.325303E-01,0, 0.000000E+00,9, 2.280342E+01, 5.371790E-01, 8.363604E+00,1, 0.000000E+00,1,mc_qqps,54
-21042,2178,20228,41553,94C2, 9.125000E+01,24,13,37,24,13,-3.320579E+01, 1.394836E+01,-6.434946E+01, 1.688157E+02, 1.685877E+02, 7.024487E+00,-3.832581E+01, 1.713431E+01,-7.713783E+01, 1.884127E+02, 6.605347E+01, 8.629840E+00, 1.096853E+01,2, 0.000000E+00,15, 4.941854E+00,0, 0.000000E+00,NULL,NULL,NULL,NULL,NULL,NULL,1,mc_qqps,54
-21042,2179,20228,41608,94C2, 9.125000E+01,32,9,41,32,9, 1.379543E+01,-1.132636E-01,-7.813855E+00, 6.240701E+01, 6.193025E+01, 1.935320E+00, 1.615545E+00, 5.086282E+00,-6.574670E-02, 8.970393E+01, 5.961835E+01, 1.791017E+01, 9.386737E+00,15, 1.687639E+00,0, 0.000000E+00,0, 0.000000E+00,5, 1.724497E+01, 8.631994E-01, 1.210033E+01,NULL,NULL,1,mc_qqps,54
-21042,2180,20228,41624,94C2, 9.125000E+01,31,15,46,31,15,-2.749636E-01, 8.861510E+00,-2.116895E+01, 1.173584E+02, 1.169932E+02, 3.773973E+00,-2.167275E+00, 9.785678E+00,-2.632903E+01, 1.354086E+02, 1.068200E+02, 1.466370E+01, 3.386508E+00,5, 0.000000E+00,13, 5.267831E-01,0, 0.000000E+00,4, 5.149423E+00, 4.910434E-01, 1.962137E+00,NULL,NULL,1,mc_qqps,54
-21042,2181,20228,41641,94C2, 9.125000E+01,48,24,72,48,24,-1.355177E+00,-6.724842E+00,-2.698959E+00, 5.130338E+01, 5.020276E+01, 1.045891E+00, 2.760547E+00, 9.325124E-01, 9.994307E-01, 8.101859E+01, 3.780314E+01, 2.433886E+01, 4.257725E+00,23, 6.571965E+00,2, 0.000000E+00,0, 0.000000E+00,16, 1.984785E+01, 3.982395E-01, 4.446393E+00,2, 0.000000E+00,1,mc_qqps,54
-21042,2182,20228,41705,94C2, 9.125000E+01,24,12,36,24,12, 7.900440E+00,-2.459095E+00, 5.522058E-01, 8.583619E+01, 8.544767E+01, 3.560320E+00,-3.919450E+00,-4.446298E-01, 2.367203E+00, 1.128483E+02, 5.274920E+01, 1.402576E+01, 8.546020E+00,14, 3.791110E-01,0, 0.000000E+00,0, 0.000000E+00,9, 1.653396E+01, 5.317140E-01, 7.348115E+00,NULL,NULL,1,mc_qqps,54
-21042,2183,20228,41718,94C2, 9.125000E+01,32,20,52,32,20, 5.533957E+00,-1.810238E+00,-3.529510E+01, 7.573845E+01, 7.521669E+01, 2.350522E+00, 5.105661E+00,-2.792106E+00,-3.665493E+01, 9.597166E+01, 2.967563E+01, 1.998128E+01, 2.519378E-01,0, 0.000000E+00,24, 7.480713E+00,0, 0.000000E+00,NULL,NULL,NULL,NULL,NULL,NULL,1,mc_qqps,54
-21042,2184,20228,41738,94C2, 9.125000E+01,15,10,25,15,10,-6.995329E+00, 3.137511E+00, 6.833341E+00, 6.145939E+01, 6.127504E+01, 4.085003E+00,-4.831765E+00, 4.035400E+00, 6.376288E+00, 8.772836E+01, 5.353087E+01, 2.497137E+01, 0.000000E+00,13, 1.335332E+00,0, 0.000000E+00,0, 0.000000E+00,10, 2.626898E+01, 3.569411E-01, 5.594019E+00,NULL,NULL,1,mc_qqps,54
-21042,2185,20228,41750,94C2, 9.125000E+01,21,13,34,21,13,-1.806327E+00, 1.403614E+00,-3.119296E+00, 1.958978E+01, 1.899210E+01, 9.043857E-01,-1.060123E+00, 4.316401E-02, 3.783970E-01, 6.016421E+01, 9.522157E+00, 4.057442E+01, 0.000000E+00,11, 0.000000E+00,1, 0.000000E+00,0, 0.000000E+00,10, 3.934274E+01, 9.406549E-01, 1.656634E+01,NULL,NULL,0,mc_qqps,54
-21042,2186,20228,41810,94C2, 9.125000E+01,17,10,27,17,10, 3.285105E+00, 1.043821E+00,-1.265880E+01, 2.624167E+01, 2.591355E+01, 1.524326E+00, 2.856651E+00, 5.790940E-01,-1.921178E+01, 3.827991E+01, 5.082254E+00, 1.033960E+01, 1.698643E+00,2, 0.000000E+00,10, 2.701540E-01,0, 0.000000E+00,NULL,NULL,NULL,NULL,NULL,NULL,0,mc_qqps,54
-21042,2187,20228,41823,94C2, 9.125000E+01,42,17,59,42,17, 6.723779E+00, 3.380503E-01,-1.514382E+00, 6.160019E+01, 6.038765E+01, 1.437801E+00, 7.022679E+00,-3.896294E+00,-6.610767E+00, 8.841628E+01, 5.295463E+01, 1.559394E+01, 6.444524E+00,21, 5.129580E-01,1, 0.000000E+00,0, 0.000000E+00,15, 1.936360E+01, 3.522029E-01, 3.349225E+00,NULL,NULL,1,mc_qqps,54
-21042,2188,20228,41839,94C2, 9.125000E+01,39,16,55,39,16, 1.806326E+00,-8.557302E+00,-5.565451E-01, 6.391754E+01, 6.290791E+01, 1.613023E+00, 2.172547E+00, 2.432662E-01, 3.824674E-01, 8.720880E+01, 5.848419E+01, 2.148924E+01, 2.161357E+00,15, 8.973571E+00,0, 0.000000E+00,0, 0.000000E+00,10, 1.831158E+01, 5.139549E-01, 6.505916E+00,NULL,NULL,1,mc_qqps,54
-21042,2189,20228,41859,94C2, 9.125000E+01,31,14,45,31,14,-7.591508E-01, 3.056266E+00,-8.012241E+00, 6.905370E+01, 6.844999E+01, 2.208064E+00,-2.350109E+00, 5.424501E+00,-1.117379E+01, 8.971461E+01, 6.355819E+01, 1.986890E+01, 1.365977E+00,5, 1.836518E-01,16, 2.486153E+00,0, 0.000000E+00,2, 2.253277E+00, 1.037263E+00, 1.216013E+00,NULL,NULL,1,mc_qqps,54
-21042,2190,20228,41914,94C2, 9.125000E+01,29,7,36,29,7,-1.272565E+01,-2.167193E+01, 3.594926E+01, 9.773752E+01, 9.738063E+01, 3.357953E+00,-9.783467E+00,-1.412597E+01, 2.471282E+01, 1.134515E+02, 7.590556E+01, 7.058751E+00, 8.674964E+00,4, 1.517896E-01,5, 0.000000E+00,0, 0.000000E+00,2, 2.439237E+00, 7.801156E-01, 1.659122E+00,NULL,NULL,1,mc_qqps,54
-21042,2191,20228,41930,94C2, 9.125000E+01,31,19,50,31,19, 2.381859E+00, 3.459651E+00,-1.038343E+01, 3.871774E+01, 3.811431E+01, 1.229494E+00, 3.858232E-02, 3.243548E+00,-1.755455E+00, 6.788317E+01, 1.472360E+01, 2.512528E+01, 4.043281E+00,3, 1.188587E+00,13, 3.609208E+00,0, 0.000000E+00,2, 1.786095E+00, 6.957288E-01, 1.090366E+00,3, 0.000000E+00,0,mc_qqps,54
-21042,2192,20228,41946,94C2, 9.125000E+01,30,19,49,30,19, 3.094548E+00,-3.436367E-01, 4.718486E+00, 5.942614E+01, 5.898384E+01, 1.966128E+00,-2.248678E+00,-1.470809E+00,-3.664626E+00, 9.976873E+01, 5.535235E+01, 4.034260E+01, 0.000000E+00,19, 3.831750E-01,1, 0.000000E+00,0, 0.000000E+00,14, 3.093574E+01, 3.812057E-01, 6.861572E+00,NULL,NULL,1,mc_qqps,54
-21042,2193,20228,42005,94C2, 9.125000E+01,28,14,42,28,14,-3.445664E+00,-1.117511E+00, 2.840257E-01, 5.135902E+01, 5.087801E+01, 1.817072E+00,-9.871264E-01,-1.040678E+00,-7.632639E-01, 7.579387E+01, 4.735819E+01, 2.059526E+01, 2.238905E+00,12, 6.304716E-02,1, 0.000000E+00,0, 0.000000E+00,9, 2.079583E+01, 5.189841E-01, 4.478282E+00,NULL,NULL,1,mc_qqps,54
-21042,2194,20228,42018,94C2, 9.125000E+01,45,15,60,45,15, 6.789742E-01,-8.287023E-02, 1.725785E-01, 6.549590E+01, 6.463542E+01, 1.436343E+00,-4.474458E+00, 1.771982E+00,-5.335302E+00, 8.343323E+01, 5.664121E+01, 1.529607E+01, 0.000000E+00,20, 7.887758E+00,1, 0.000000E+00,0, 0.000000E+00,12, 1.617235E+01, 5.530638E-01, 3.563585E+00,NULL,NULL,1,mc_qqps,54
-21042,2195,20228,42035,94C2, 9.125000E+01,36,14,50,36,14, 7.868255E-01, 1.653815E+00,-1.148961E+00, 7.614848E+01, 7.546335E+01, 2.096204E+00,-4.560869E-01,-1.638052E+00,-2.956851E+00, 9.846805E+01, 7.060270E+01, 1.261798E+01, 9.730368E+00,15, 1.467961E+00,7, 8.654178E-01,0, 0.000000E+00,7, 1.065015E+01, 9.827523E-01, 2.277168E+00,NULL,NULL,1,mc_qqps,54
-21042,2196,20228,42049,94C2, 9.125000E+01,24,14,38,24,14,-4.544398E+00, 5.388720E+00, 7.392962E-01, 4.696796E+01, 4.657171E+01, 1.940488E+00,-1.512383E+01, 1.113983E+01, 1.447996E+00, 8.789814E+01, 4.368799E+01, 2.860302E+01, 1.232716E+01,14, 2.354274E+00,0, 0.000000E+00,0, 0.000000E+00,11, 2.767051E+01, 4.867521E-01, 5.760138E+00,NULL,NULL,1,mc_qqps,54
-21042,2197,20228,42101,94C2, 9.125000E+01,23,17,40,23,17, 1.651937E+00, 7.211356E+00,-1.246550E+01, 7.053123E+01, 7.014400E+01, 3.049739E+00,-5.154914E-01,-1.878939E+00, 6.736993E+00, 9.570291E+01, 6.333479E+01, 2.497726E+01, 1.944210E-01,4, 0.000000E+00,16, 8.289581E+00,0, 0.000000E+00,3, 2.007656E+00, 4.689702E-01, 8.105377E-01,NULL,NULL,1,mc_qqps,54
-21042,2198,20228,42119,94C2, 9.125000E+01,28,15,43,28,15, 6.439418E-01, 1.365018E+01,-3.333387E+00, 3.691428E+01, 3.615754E+01, 1.291341E+00, 7.137479E-01,-8.918976E+00,-1.187677E+00, 9.633418E+01, 3.372185E+01, 2.294790E+01, 3.525782E+01,17, 4.790807E+00,0, 0.000000E+00,0, 0.000000E+00,10, 1.679639E+01, 6.736982E-01, 5.067476E+00,NULL,NULL,1,mc_qqps,54
-21042,2199,20228,42136,94C2, 9.125000E+01,25,16,41,25,16, 2.153765E+00, 3.233824E+00, 1.264556E+00, 3.806956E+01, 3.771184E+01, 1.508474E+00, 6.061095E+00, 1.301278E+01, 2.878041E-01, 6.173757E+01, 3.487717E+01, 1.829368E+01, 3.732792E+00,13, 6.038633E-02,0, 0.000000E+00,0, 0.000000E+00,10, 1.773319E+01, 5.100062E-01, 5.225239E+00,NULL,NULL,1,mc_qqps,54
-21042,2200,20228,42150,94C2, 9.125000E+01,34,9,43,34,9, 4.593011E+00,-1.293109E+00, 2.907518E+00, 6.107135E+01, 6.054900E+01, 1.780853E+00, 7.426507E+00,-1.260249E+00, 7.608914E+00, 7.263800E+01, 5.125289E+01, 3.937295E+00, 6.936992E+00,4, 3.400330E-01,6, 3.468474E-01,0, 0.000000E+00,1, 6.923699E-01, 6.923699E-01, 6.923699E-01,NULL,NULL,1,mc_qqps,54
-21042,2201,20228,42211,94C2, 9.125000E+01,39,7,46,39,7, 3.140026E+00,-9.496746E+00, 1.489152E+00, 7.448026E+01, 7.341435E+01, 1.882419E+00, 7.162629E-01,-7.717146E+00, 1.586455E+00, 8.109723E+01, 6.280140E+01, 3.279555E+00, 1.354409E+00,14, 1.136938E+01,0, 0.000000E+00,0, 0.000000E+00,4, 3.709274E+00, 6.669386E-01, 1.059330E+00,NULL,NULL,1,mc_qqps,54
-21042,2202,20228,42225,94C2, 9.125000E+01,34,14,48,34,14, 9.495176E+00, 5.939202E+00,-2.244485E+01, 6.227899E+01, 6.174161E+01, 1.815930E+00, 9.826274E+00, 6.686655E+00,-2.142922E+01, 9.410612E+01, 4.170820E+01, 3.095842E+01, 8.687145E-01,0, 0.000000E+00,17, 1.006327E+01,0, 0.000000E+00,NULL,NULL,NULL,NULL,NULL,NULL,1,mc_qqps,54
-21042,2203,20228,42235,94C2, 9.125000E+01,19,10,29,19,10, 4.008143E+00,-2.619256E+00, 4.068305E+00, 8.051001E+01, 8.020889E+01, 4.221520E+00,-2.312851E+00, 8.143212E-01, 9.457034E+00, 9.370020E+01, 7.867224E+01, 1.142818E+00, 3.394557E+00,9, 1.263647E+01,2, 0.000000E+00,0, 0.000000E+00,3, 8.652800E+00, 1.539314E+00, 3.991029E+00,1, 0.000000E+00,1,mc_qqps,54
-21042,2204,20228,42249,94C2, 9.125000E+01,28,9,37,28,9,-6.812214E-01, 5.864102E+00, 9.728453E-01, 7.671028E+01, 7.623207E+01, 2.722574E+00,-2.003234E+00, 7.625145E+00, 1.512997E+00, 9.075709E+01, 6.469538E+01, 4.665555E+00, 3.823421E+00,10, 4.975460E+00,0, 0.000000E+00,0, 0.000000E+00,6, 8.222729E+00, 6.850376E-01, 2.756574E+00,NULL,NULL,1,mc_qqps,54
-21042,2205,20228,42304,94C2, 9.125000E+01,26,15,41,26,15, 6.672105E-01, 3.301837E-01, 2.240082E-01, 4.323013E+01, 4.276448E+01, 1.644788E+00,-2.551241E+00, 1.494800E-01,-1.480834E+00, 8.758830E+01, 4.115945E+01, 4.295440E+01, 1.537278E+00,14, 3.269665E+00,0, 0.000000E+00,0, 0.000000E+00,10, 4.023864E+01, 7.305143E-01, 1.346199E+01,NULL,NULL,1,mc_qqps,54
-21042,2206,20228,42319,94C2, 9.125000E+01,38,19,57,38,19, 8.485609E-01,-2.949289E+00, 2.146956E+01, 4.337874E+01, 4.215585E+01, 1.109364E+00,-2.449964E+00,-1.206634E+00, 1.114809E+01, 8.455032E+01, 2.223279E+01, 1.390625E+01, 2.658228E+01,4, 0.000000E+00,15, 1.948265E+00,0, 0.000000E+00,3, 2.991890E+00, 7.041364E-01, 1.218883E+00,NULL,NULL,1,mc_qqps,54
-21042,2207,20228,42336,94C2, 9.125000E+01,27,12,39,27,12,-6.668151E+00,-1.714686E+01,-2.372817E+00, 4.331567E+01, 4.272948E+01, 1.582574E+00, 9.770842E-01, 1.852277E+00,-9.851656E-01, 7.122780E+01, 3.902008E+01, 1.985767E+01, 7.157693E+00,10, 1.558617E+01,0, 0.000000E+00,0, 0.000000E+00,6, 1.734365E+01, 8.296473E-01, 1.080761E+01,NULL,NULL,1,mc_qqps,54
-21042,2208,20228,42352,94C2, 9.125000E+01,12,6,18,12,6, 3.049630E+00,-1.374081E+01, 1.137503E+01, 5.962599E+01, 5.940518E+01, 4.950432E+00, 2.963126E+00,-1.112053E+01, 9.464356E+00, 7.305245E+01, 5.866090E+01, 1.342646E+01, 0.000000E+00,8, 9.345766E+00,0, 0.000000E+00,0, 0.000000E+00,5, 1.324197E+01, 6.335358E-01, 5.013494E+00,NULL,NULL,1,mc_qqps,54
-21042,2209,20228,42402,94C2, 9.125000E+01,20,13,33,20,13, 5.888328E+00,-9.690603E+00, 1.097867E+01, 4.345098E+01, 4.304084E+01, 2.152042E+00,-2.325299E+00, 2.538527E+00,-8.811026E-01, 7.268843E+01, 3.891209E+01, 2.311336E+01, 4.503722E+00,13, 3.037448E+00,1, 0.000000E+00,0, 0.000000E+00,9, 2.364038E+01, 5.425494E-01, 1.031089E+01,NULL,NULL,1,mc_qqps,54
-21042,2210,20228,42415,94C2, 9.125000E+01,30,15,45,30,15, 1.325294E+01, 4.473509E+00, 3.120955E+00, 6.829434E+01, 6.778219E+01, 2.259406E+00, 1.794676E+01, 6.772451E+00, 8.011972E+00, 9.637946E+01, 5.121334E+01, 2.041598E+01, 2.601703E+00,17, 3.418465E+00,0, 0.000000E+00,0, 0.000000E+00,11, 2.548340E+01, 3.611246E-01, 8.455191E+00,NULL,NULL,1,mc_qqps,54
-21042,2211,20228,42431,94C2, 9.125000E+01,19,2,21,19,2,-1.430530E+00,-5.293042E+00,-3.442276E+00, 8.248575E+01, 8.206814E+01, 4.319376E+00,-1.610053E+00,-6.543593E+00,-3.587016E+00, 8.377322E+01, 6.477157E+01, 7.302943E-01, 5.571725E-01,5, 1.351130E+00,0, 0.000000E+00,0, 0.000000E+00,NULL,NULL,NULL,NULL,NULL,NULL,1,mc_qqps,54
-21042,2212,20228,42446,94C2, 9.125000E+01,40,18,58,40,18,-4.840755E+00, 5.172287E+00, 1.737003E+00, 6.054155E+01, 5.978036E+01, 1.494509E+00,-1.101977E+01, 9.779041E+00, 4.085242E-01, 9.705701E+01, 5.198145E+01, 2.865075E+01, 7.864716E+00,23, 2.474557E+01,1, 0.000000E+00,0, 0.000000E+00,10, 2.066611E+01, 7.575034E-01, 4.618898E+00,NULL,NULL,1,mc_qqps,54
-21042,2213,20228,42505,94C2, 9.125000E+01,20,13,33,20,13,-1.716631E-02, 8.326253E+00,-4.808335E+00, 5.135180E+01, 5.095193E+01, 2.547597E+00, 1.423333E+00, 6.019725E+00,-3.278274E+00, 7.805488E+01, 4.995599E+01, 2.653764E+01, 1.654462E-01,16, 3.033431E+00,0, 0.000000E+00,0, 0.000000E+00,10, 2.605535E+01, 8.567115E-01, 5.055756E+00,NULL,NULL,1,mc_qqps,54
-21042,2214,20228,42516,94C2, 9.125000E+01,38,13,51,38,13, 5.339153E+00,-6.839912E+00,-1.361355E+00, 6.644659E+01, 6.565492E+01, 1.727761E+00, 1.992305E+00,-1.132962E+01,-1.381208E+00, 9.661013E+01, 5.948512E+01, 2.447575E+01, 4.142509E+00,18, 9.006145E+00,2, 0.000000E+00,0, 0.000000E+00,8, 1.260898E+01, 5.924347E-01, 5.251860E+00,NULL,NULL,1,mc_qqps,54
-21042,2215,20228,42531,94C2, 9.125000E+01,58,21,79,58,21,-3.402707E-01,-3.189821E+00,-5.610448E+00, 7.918119E+01, 7.796819E+01, 1.344279E+00,-2.998279E+00,-4.835155E+00,-1.191403E+01, 9.796806E+01, 5.686724E+01, 1.553369E+01, 2.679863E-01,8, 1.287669E+00,16, 0.000000E+00,0, 0.000000E+00,5, 6.797345E+00, 1.003518E+00, 1.791525E+00,NULL,NULL,1,mc_qqps,54
-21042,2216,20228,42550,94C2, 9.125000E+01,34,10,44,34,10, 1.648078E+01, 3.629132E+00,-9.888699E-01, 4.074832E+01, 3.987005E+01, 1.172649E+00,-7.369501E+00,-2.487524E+00, 2.459775E+00, 8.448437E+01, 3.720043E+01, 4.165529E+01, 2.080765E+00,11, 5.822132E+00,0, 0.000000E+00,0, 0.000000E+00,7, 4.165529E+01, 5.947295E-01, 2.939610E+01,NULL,NULL,1,mc_qqps,54
-21042,2217,20228,42605,94C2, 9.125000E+01,17,13,30,17,13,-1.109665E+00,-5.526480E+00, 2.409243E+00, 3.328214E+01, 3.294030E+01, 1.937665E+00, 1.997811E+00, 9.967335E+00,-3.428989E+00, 6.569546E+01, 3.057705E+01, 1.261527E+01, 2.268509E+00,15, 5.498112E+00,0, 0.000000E+00,0, 0.000000E+00,9, 2.742130E+01, 3.572316E-01, 1.765502E+01,NULL,NULL,1,mc_qqps,54
-21042,2218,20228,42618,94C2, 9.125000E+01,11,12,23,11,12, 8.526540E-01,-2.632626E+00, 3.289367E+00, 4.017375E+01, 4.002696E+01, 3.638814E+00,-1.505650E+00, 2.318050E+00,-6.315494E-01, 8.313414E+01, 3.964065E+01, 2.544410E+01, 1.428969E+01,11, 4.067175E-01,0, 0.000000E+00,0, 0.000000E+00,9, 2.887511E+01, 6.393483E-01, 1.655578E+01,NULL,NULL,1,mc_qqps,54
-21042,2219,20228,42629,94C2, 9.125000E+01,35,21,56,35,21,-4.199167E+00,-2.801646E+00, 1.380630E+01, 4.491949E+01, 4.428007E+01, 1.265145E+00,-3.415869E+00,-3.535594E+00, 1.848369E+01, 7.410477E+01, 2.541552E+01, 1.965323E+01, 9.532051E+00,4, 0.000000E+00,17, 1.294235E+00,0, 0.000000E+00,1, 1.362908E+00, 1.362908E+00, 1.362908E+00,2, 0.000000E+00,1,mc_qqps,54
-21042,2220,20228,42647,94C2, 9.125000E+01,47,20,67,47,20, 5.553186E+01, 1.105861E+02, 3.169107E+02, 3.914054E+02, 3.903602E+02, 8.305537E+00, 5.708191E+01, 1.126599E+02, 3.200098E+02, 4.158760E+02, 4.061226E+01, 1.855845E+01, 5.583038E+00,4, 1.740291E+00,22, 4.261746E+00,0, 0.000000E+00,2, 2.158213E+00, 4.521985E-01, 1.706015E+00,NULL,NULL,1,mc_qqps,54
-21042,2221,20228,42705,94C2, 9.125000E+01,31,20,51,31,20, 9.898815E+00, 9.208501E+00,-1.638911E+00, 6.049889E+01, 5.998643E+01, 1.935046E+00, 5.987527E+00, 2.945941E+00,-5.988343E-01, 9.470108E+01, 5.397283E+01, 2.287104E+01, 6.253130E+00,22, 4.118455E+00,0, 0.000000E+00,0, 0.000000E+00,14, 2.308457E+01, 3.521221E-01, 3.814777E+00,NULL,NULL,1,mc_qqps,54
-21042,2222,20228,42720,94C2, 9.125000E+01,22,18,40,22,18,-1.904485E+00, 2.059037E+00,-5.974517E+00, 6.471323E+01, 6.445895E+01, 2.929952E+00,-6.285001E-01, 5.203876E+00,-2.430007E+00, 8.201968E+01, 6.109783E+01, 1.310124E+01, 4.522635E+00,3, 0.000000E+00,17, 1.404013E+01,0, 0.000000E+00,3, 3.667466E+00, 5.738887E-01, 1.628181E+00,NULL,NULL,1,mc_qqps,54
-21042,2223,20228,42734,94C2, 9.125000E+01,43,24,67,43,24,-2.757477E+00,-2.120109E+00,-1.687815E+00, 4.875481E+01, 4.804505E+01, 1.117327E+00, 1.673806E+00,-1.947494E+00,-9.251232E+00, 9.304276E+01, 4.038475E+01, 4.329177E+01, 0.000000E+00,7, 1.431222E-01,20, 0.000000E+00,0, 0.000000E+00,4, 3.409248E+00, 6.550974E-01, 9.961707E-01,NULL,NULL,1,mc_qqps,54
-21042,2224,20228,42754,94C2, 9.125000E+01,40,16,56,40,16,-1.065884E+00,-1.040169E+01, 1.085372E+01, 7.051616E+01, 6.984774E+01, 1.746194E+00,-1.054099E+00,-5.232304E+00, 6.332296E+00, 8.631786E+01, 6.762589E+01, 1.462552E+01, 3.837655E-01,13, 1.815115E-02,5, 0.000000E+00,0, 0.000000E+00,8, 9.426468E+00, 6.668676E-01, 2.255365E+00,NULL,NULL,1,mc_qqps,54
-21042,2225,20228,42812,94C2, 9.125000E+01,27,12,39,27,12,-8.757915E+00, 5.521160E-02,-4.515615E+00, 5.675929E+01, 5.628000E+01, 2.084445E+00,-3.928545E+00,-6.766502E-01,-4.399684E+00, 7.877097E+01, 5.393364E+01, 1.974253E+01, 2.334351E+00,14, 3.929849E+00,1, 0.000000E+00,0, 0.000000E+00,8, 1.910928E+01, 3.365551E-01, 6.176177E+00,NULL,NULL,1,mc_qqps,54
-21042,2226,20228,42827,94C2, 9.125000E+01,15,9,24,15,9, 2.518819E+00,-1.367126E+01, 2.236596E+00, 6.801984E+01, 6.787199E+01, 4.524799E+00, 9.795437E-01,-3.720930E+00, 6.255549E-01, 8.675356E+01, 6.777209E+01, 1.259438E+01, 0.000000E+00,11, 1.501980E+00,0, 0.000000E+00,0, 0.000000E+00,9, 1.873372E+01, 6.514966E-01, 6.086167E+00,NULL,NULL,1,mc_qqps,54
-21042,2227,20228,42837,94C2, 9.125000E+01,20,20,40,20,20, 2.420407E+00, 2.298565E+01, 1.012873E+01, 4.458460E+01, 4.426266E+01, 2.213133E+00,-1.990813E-01, 3.507813E+00, 2.371659E+00, 9.881530E+01, 4.274295E+01, 2.174879E+01, 3.367843E+00,18, 7.639145E-01,0, 0.000000E+00,0, 0.000000E+00,15, 4.960017E+01, 4.414413E-01, 2.607217E+01,NULL,NULL,1,mc_qqps,54
-21042,2228,20228,42853,94C2, 9.125000E+01,30,18,48,30,18,-2.268507E-01, 1.424942E-01,-3.834945E-02, 4.823262E+01, 4.776133E+01, 1.592044E+00,-1.916653E+00, 4.359142E-01, 4.026753E-01, 8.896637E+01, 3.909306E+01, 3.799146E+01, 0.000000E+00,19, 7.918838E-01,3, 0.000000E+00,0, 0.000000E+00,14, 3.625784E+01, 3.600290E-01, 9.144870E+00,NULL,NULL,1,mc_qqps,54
-21042,2229,20228,42908,94C2, 9.125000E+01,36,13,49,36,13,-3.370922E+00, 1.046635E+01, 2.499335E+01, 5.853769E+01, 5.788380E+01, 1.607883E+00,-2.388999E+00, 6.265827E+00, 1.502125E+01, 7.531398E+01, 3.277419E+01, 1.529117E+01, 1.485121E+00,2, 0.000000E+00,13, 7.398775E+00,0, 0.000000E+00,1, 5.031201E-01, 5.031201E-01, 5.031201E-01,2, 0.000000E+00,1,mc_qqps,54
-21042,2230,20228,42925,94C2, 9.125000E+01,33,13,46,33,13,-7.829614E+00, 4.266484E-01, 2.136513E+00, 5.298635E+01, 5.239494E+01, 1.587726E+00,-1.059433E+01, 2.658166E+00, 6.345819E+00, 8.553918E+01, 4.210609E+01, 1.229529E+01, 1.943203E+01,14, 3.659348E+00,2, 0.000000E+00,0, 0.000000E+00,6, 5.138397E+00, 6.227875E-01, 1.001696E+00,NULL,NULL,1,mc_qqps,54
-21042,2231,20228,42944,94C2, 9.125000E+01,20,11,31,20,11, 1.290268E+00,-1.088338E+00, 2.195088E+00, 3.475645E+01, 3.444885E+01, 1.722442E+00, 2.082027E+00,-2.925363E+00, 4.235414E+00, 4.860234E+01, 2.772885E+01, 8.550374E+00, 5.295516E+00,2, 0.000000E+00,10, 2.004433E+00,0, 0.000000E+00,1, 8.727097E-01, 8.727097E-01, 8.727097E-01,NULL,NULL,1,mc_qqps,54
-21042,2232,20228,42959,94C2, 9.125000E+01,28,15,43,28,15, 2.782817E-01,-2.130355E+00, 5.367957E+00, 5.716451E+01, 5.679823E+01, 2.028508E+00, 3.665547E-01,-5.299075E+00, 4.900889E+00, 8.837579E+01, 5.407394E+01, 2.212256E+01, 4.174796E+00,12, 2.015357E-01,4, 0.000000E+00,0, 0.000000E+00,9, 2.150980E+01, 5.316213E-01, 5.223557E+00,NULL,NULL,1,mc_qqps,54
-21042,2233,20228,43013,94C2, 9.125000E+01,23,17,40,23,17,-3.740785E+00, 7.529482E+00,-9.591658E+00, 5.384707E+01, 5.327540E+01, 2.316322E+00,-3.909868E+00, 8.097679E+00,-1.123938E+01, 9.040388E+01, 5.233484E+01, 3.297099E+01, 1.191382E+00,13, 8.771334E-01,5, 0.000000E+00,0, 0.000000E+00,12, 3.050941E+01, 3.322328E-01, 7.752997E+00,NULL,NULL,1,mc_qqps,54
-21042,2234,20228,43031,94C2, 9.125000E+01,42,14,56,42,14,-1.013631E-02, 5.859571E+00,-7.512067E+00, 7.510425E+01, 7.412663E+01, 1.764920E+00,-4.425457E+00,-2.342360E+00,-4.163615E+00, 9.308778E+01, 6.969267E+01, 1.659083E+01, 1.392707E+00,9, 1.016978E+01,5, 0.000000E+00,0, 0.000000E+00,8, 9.514637E+00, 4.558436E-01, 3.466373E+00,1, 0.000000E+00,1,mc_qqps,54
-21042,2235,20228,43047,94C2, 9.125000E+01,28,15,43,28,15, 1.621329E+00, 2.179824E+00, 6.854538E+00, 2.324701E+01, 2.255312E+01, 8.054687E-01, 1.319926E+00,-1.358047E+00, 1.507083E+01, 4.898986E+01, 1.352559E+01, 2.214900E+01, 3.014025E+00,2, 0.000000E+00,12, 3.763605E-01,0, 0.000000E+00,2, 1.129295E+00, 5.494672E-01, 5.798273E-01,2, 0.000000E+00,1,mc_qqps,54
-21042,2236,20228,43108,94C2, 9.125000E+01,31,13,44,31,13,-6.127905E+00, 3.684483E+00,-1.722339E+00, 8.520168E+01, 8.461443E+01, 2.729498E+00, 4.214584E+00, 1.365026E+00,-6.945601E+00, 9.835239E+01, 8.322615E+01, 8.558249E+00, 1.564652E+00,15, 2.614039E+00,2, 0.000000E+00,0, 0.000000E+00,10, 1.156142E+01, 5.055611E-01, 2.534552E+00,NULL,NULL,1,mc_qqps,54
-21042,2237,20228,43121,94C2, 9.125000E+01,35,20,55,35,20, 2.741863E+00, 1.133872E+01,-4.462995E+01, 1.022316E+02, 1.017519E+02, 2.907197E+00, 2.739043E+00, 8.013703E+00,-4.123422E+01, 1.202783E+02, 4.838979E+01, 1.704819E+01, 1.153395E+00,6, 2.963302E-01,21, 4.453546E+00,0, 0.000000E+00,4, 4.577816E+00, 6.155515E-01, 1.990637E+00,NULL,NULL,1,mc_qqps,54
-21042,2238,20228,43140,94C2, 9.125000E+01,29,11,40,29,11, 2.674175E+01, 3.744159E+00,-1.540114E+01, 6.797228E+01, 6.743996E+01, 2.325516E+00, 1.456011E+01, 2.811311E+00,-1.045287E+01, 9.184695E+01, 5.304634E+01, 1.673830E+01, 7.136379E+00,15, 7.118615E+00,0, 0.000000E+00,0, 0.000000E+00,8, 1.467196E+01, 5.199810E-01, 5.578065E+00,NULL,NULL,1,mc_qqps,54
-21042,2239,20228,43154,94C2, 9.125000E+01,26,14,40,26,14, 1.365029E-01,-7.663639E-01,-4.141093E-01, 5.928917E+01, 5.885056E+01, 2.263483E+00,-9.328416E+00, 1.218169E+01, 1.051709E+01, 8.725163E+01, 5.684306E+01, 2.723895E+01, 0.000000E+00,14, 2.753407E+00,1, 0.000000E+00,0, 0.000000E+00,8, 9.409965E+00, 7.235119E-01, 2.036191E+00,NULL,NULL,1,mc_qqps,54
-21042,2240,20228,43209,94C2, 9.125000E+01,31,22,53,31,22,-1.405887E-01, 9.361683E-01,-3.311513E+01, 9.254629E+01, 9.182590E+01, 2.962126E+00, 1.773510E+00, 3.542385E+00,-2.644807E+01, 1.386953E+02, 2.900317E+01, 2.100065E+01, 2.469294E+01,2, 0.000000E+00,21, 3.781553E+00,0, 0.000000E+00,1, 5.557167E-01, 5.557167E-01, 5.557167E-01,NULL,NULL,1,mc_qqps,54
-21042,2241,20228,43224,94C2, 9.125000E+01,11,7,18,11,7,-2.346948E+00,-9.930490E-01,-1.153251E+00, 3.745466E+01, 3.737923E+01, 3.398112E+00,-3.153780E+00,-9.536150E+00, 2.790326E+00, 7.987501E+01, 3.745467E+01, 4.006444E+00, 3.453181E+01,7, 7.633556E-01,1, 0.000000E+00,0, 0.000000E+00,4, 7.888536E+00, 6.275740E-01, 3.882092E+00,NULL,NULL,1,mc_qqps,54
-21042,2242,20228,43236,94C2, 9.125000E+01,22,6,28,22,6, 2.467670E-01,-8.190287E+00, 4.481132E+00, 5.995864E+01, 5.971145E+01, 2.714157E+00,-1.092870E-01,-1.131098E+01, 5.239425E+00, 7.824007E+01, 5.621745E+01, 1.816845E+01, 1.129737E-01,11, 1.713732E+01,0, 0.000000E+00,0, 0.000000E+00,5, 1.816845E+01, 3.951014E-01, 9.090318E+00,NULL,NULL,1,mc_qqps,54
-21042,2243,20228,43248,94C2, 9.125000E+01,36,11,47,36,11, 4.871607E+00, 1.165903E+01, 8.358811E+00, 5.852998E+01, 5.739251E+01, 1.594236E+00, 7.755754E+00, 1.692264E+01, 1.137745E+01, 7.154613E+01, 5.437450E+01, 8.357318E+00, 4.101262E-01,12, 1.464429E+00,0, 0.000000E+00,0, 0.000000E+00,8, 1.176011E+01, 5.338760E-01, 3.696471E+00,NULL,NULL,1,mc_qqps,54
-21042,2244,20228,43303,94C2, 9.125000E+01,11,12,23,11,12, 1.492425E+00,-2.535296E+00, 1.667192E+00, 2.154773E+01, 2.132911E+01, 1.939010E+00, 2.248601E+00,-4.514434E-01, 3.277565E+00, 9.952495E+01, 1.898446E+01, 7.454864E+00, 6.825880E+01,7, 1.894831E-01,0, 0.000000E+00,0, 0.000000E+00,6, 9.718411E+00, 5.064767E-01, 3.462952E+00,NULL,NULL,1,mc_qqps,54
-21042,2245,20228,43319,94C2, 9.125000E+01,37,8,45,37,8,-7.359785E-01, 2.748349E-01,-3.771794E+00, 8.168327E+01, 8.111904E+01, 2.192406E+00,-1.206538E+00,-6.783298E+00, 6.647308E+00, 9.603740E+01, 7.022906E+01, 1.067912E+01, 3.294915E+00,6, 1.904607E-01,3, 6.113518E-01,0, 0.000000E+00,3, 2.715201E+00, 4.077779E-01, 1.286630E+00,NULL,NULL,1,mc_qqps,54
-21042,2246,20228,43336,94C2, 9.125000E+01,28,16,44,28,16,-7.931875E+00, 3.974605E+00, 3.927249E+00, 7.530952E+01, 7.482265E+01, 2.672237E+00, 6.027721E-01,-2.366293E+00,-1.081364E+01, 1.073108E+02, 5.375511E+01, 2.653663E+01, 3.811834E+00,5, 0.000000E+00,9, 0.000000E+00,0, 0.000000E+00,4, 7.048481E+00, 7.246518E-01, 3.919420E+00,NULL,NULL,1,mc_qqps,54
-21042,2247,20228,43354,94C2, 9.125000E+01,25,14,39,25,14, 7.499449E+00, 2.990975E-01,-1.242970E+01, 5.703238E+01, 5.677089E+01, 2.270836E+00, 4.447032E+00,-1.396561E+00,-5.103178E+00, 9.747375E+01, 5.084650E+01, 2.883553E+01, 1.174791E+01,1, 0.000000E+00,19, 9.292290E+00,0, 0.000000E+00,1, 6.247662E-01, 6.247662E-01, 6.247662E-01,NULL,NULL,1,mc_qqps,54
-21042,2248,20228,43408,94C2, 9.125000E+01,18,15,33,18,15,-5.605365E+00,-2.590014E+00,-1.260876E+00, 6.776817E+01, 6.765344E+01, 3.758525E+00, 5.792281E+00, 3.828062E+00, 6.232817E+00, 9.968324E+01, 6.819855E+01, 2.922461E+01, 2.785172E+00,18, 1.486198E+01,0, 0.000000E+00,0, 0.000000E+00,11, 2.458383E+01, 7.480189E-01, 8.486850E+00,NULL,NULL,1,mc_qqps,54
-21042,2249,20228,43421,94C2, 9.125000E+01,16,10,26,16,10,-1.722052E+00,-1.623455E+00,-3.011033E+00, 3.971033E+01, 3.946394E+01, 2.466496E+00, 7.351904E-01, 3.744691E+00, 1.330108E+00, 8.707958E+01, 3.824307E+01, 3.431316E+01, 1.109476E+01,13, 1.013196E+01,0, 0.000000E+00,0, 0.000000E+00,8, 3.627449E+01, 5.739331E-01, 1.491181E+01,NULL,NULL,1,mc_qqps,54
-21042,2250,20228,43431,94C2, 9.125000E+01,34,14,48,34,14,-9.322453E-01, 1.749641E-01,-8.956105E-02, 4.976170E+01, 4.920518E+01, 1.447211E+00, 6.827446E+00, 4.730411E+00, 3.086110E+00, 7.878544E+01, 4.247252E+01, 1.852441E+01, 9.325846E+00,13, 0.000000E+00,0, 0.000000E+00,0, 0.000000E+00,10, 1.670096E+01, 4.672327E-01, 4.583670E+00,NULL,NULL,1,mc_qqps,54
-21042,2251,20228,43447,94C2, 9.125000E+01,18,17,35,18,17, 2.414680E+00, 3.234097E+00,-4.061543E+00, 4.589386E+01, 4.567392E+01, 2.537440E+00, 3.629372E+00, 6.410162E+00,-8.464212E+00, 1.028794E+02, 4.639470E+01, 4.424665E+01, 0.000000E+00,18, 3.383428E+00,0, 0.000000E+00,0, 0.000000E+00,16, 5.587841E+01, 7.054631E-01, 8.274609E+00,NULL,NULL,1,mc_qqps,54
-21042,2252,20228,43459,94C2, 9.125000E+01,27,12,39,27,12, 9.775181E+00, 7.479507E+00,-2.191987E+01, 6.706786E+01, 6.672015E+01, 2.471117E+00, 6.620441E+00, 2.322820E+00,-1.127743E+01, 8.219011E+01, 6.057373E+01, 5.530283E+00, 9.631680E+00,3, 0.000000E+00,11, 1.026348E+00,0, 0.000000E+00,2, 1.446461E+00, 6.199601E-01, 8.265011E-01,NULL,NULL,1,mc_qqps,54
-21042,2253,20228,43511,94C2, 9.125000E+01,33,17,50,33,17,-3.114397E+00,-5.024253E+00,-3.488525E+00, 5.480864E+01, 5.424287E+01, 1.643723E+00, 1.622831E-01,-9.242786E+00,-8.790912E+00, 8.113644E+01, 5.121742E+01, 2.152452E+01, 2.436256E-01,15, 5.029812E+00,0, 0.000000E+00,0, 0.000000E+00,12, 2.292186E+01, 5.520452E-01, 6.427815E+00,NULL,NULL,1,mc_qqps,54
-21042,2254,20228,43530,94C2, 9.125000E+01,37,26,63,37,26,-5.224429E+00,-1.363228E+01,-1.412248E+00, 4.534531E+01, 4.442540E+01, 1.200686E+00,-1.251796E+00,-8.128866E+00,-6.350809E+00, 8.085133E+01, 3.666865E+01, 2.098664E+01, 1.101035E+01,18, 3.730286E-01,7, 0.000000E+00,0, 0.000000E+00,14, 1.695802E+01, 3.899300E-01, 2.174828E+00,2, 0.000000E+00,1,mc_qqps,54
-21042,2255,20228,43552,94C2, 9.125000E+01,20,21,41,20,21, 7.573433E+00,-3.631184E+00, 8.190975E+00, 2.770191E+01, 2.735512E+01, 1.367756E+00, 3.879661E+00,-1.261475E+00, 1.050399E+01, 6.778451E+01, 2.206123E+01, 3.011118E+01, 9.370036E+00,8, 3.049815E-01,9, 0.000000E+00,0, 0.000000E+00,6, 1.018507E+01, 8.816141E-01, 3.292969E+00,3, 0.000000E+00,1,mc_qqps,54
-21042,2256,20228,43608,94C2, 9.125000E+01,17,10,27,17,10,-1.727735E+01, 1.362136E+01, 1.940535E+01, 5.722351E+01, 5.699271E+01, 3.352513E+00,-9.984298E+00, 7.167735E+00, 8.618759E+00, 8.711457E+01, 5.646356E+01, 2.152164E+01, 4.056925E+00,14, 1.416153E+00,0, 0.000000E+00,0, 0.000000E+00,9, 2.583414E+01, 9.354571E-01, 6.492464E+00,NULL,NULL,1,mc_qqps,54
-21042,2257,20228,43619,94C2, 9.125000E+01,24,10,34,24,10,-8.629917E+00,-1.353974E+01,-2.320479E+01, 7.016556E+01, 6.978065E+01, 2.907527E+00,-3.604167E+00,-5.539927E+00,-1.112319E+01, 9.119765E+01, 5.678489E+01, 1.986042E+01, 1.171678E+00,2, 0.000000E+00,7, 3.444841E+00,0, 0.000000E+00,2, 1.666566E+00, 7.283242E-01, 9.382420E-01,NULL,NULL,1,mc_qqps,54
-21042,2258,20228,43632,94C2, 9.125000E+01,19,13,32,19,13,-2.119429E+00, 7.081401E+00, 2.072756E+00, 4.999503E+01, 4.964628E+01, 2.612962E+00,-2.349182E+00, 2.550174E+00, 6.849082E-01, 9.673289E+01, 4.504521E+01, 4.483063E+01, 0.000000E+00,12, 3.135955E+00,0, 0.000000E+00,0, 0.000000E+00,11, 4.618371E+01, 4.900747E-01, 2.148087E+01,NULL,NULL,1,mc_qqps,54
-21042,2259,20228,43644,94C2, 9.125000E+01,37,6,43,37,6, 1.488550E+01, 1.108271E+01,-9.268929E+00, 6.926582E+01, 6.780438E+01, 1.832551E+00, 5.158012E+00, 1.984518E+00,-1.823977E+00, 8.730196E+01, 6.447124E+01, 1.494243E+00, 1.416486E+01,4, 3.916348E+00,1, 0.000000E+00,0, 0.000000E+00,1, 2.377034E+00, 2.377034E+00, 2.377034E+00,NULL,NULL,1,mc_qqps,54
-21042,2260,20228,43659,94C2, 9.125000E+01,37,15,52,37,15,-8.402437E-01, 5.312471E+00,-3.421270E+00, 5.165305E+01, 5.077752E+01, 1.372365E+00, 4.279137E-02, 2.867702E+00, 8.885224E-01, 6.734347E+01, 2.960645E+01, 1.321657E+01, 1.741722E+00,2, 0.000000E+00,14, 1.226541E+00,0, 0.000000E+00,2, 1.540644E+00, 6.872305E-01, 8.534135E-01,1, 0.000000E+00,1,mc_qqps,54
-21042,2261,20228,43728,94C2, 9.125000E+01,20,6,26,20,6,-8.582631E+00,-1.284686E+01,-1.531236E+01, 7.655779E+01, 7.628014E+01, 3.814007E+00,-1.371090E+01,-4.163255E+00,-3.560056E+01, 1.004167E+02, 3.554204E+01, 2.385891E+01, 0.000000E+00,0, 0.000000E+00,13, 4.920962E+00,0, 0.000000E+00,NULL,NULL,NULL,NULL,NULL,NULL,1,mc_qqps,54
-21042,2262,20228,43736,94C2, 9.125000E+01,56,13,69,56,13, 1.443368E-01,-8.780788E-01,-1.967303E+00, 6.786292E+01, 6.632397E+01, 1.184357E+00,-1.013650E+00, 5.075035E+00,-2.923061E+00, 8.692955E+01, 5.618027E+01, 8.879298E+00, 3.059927E+00,15, 8.536012E+00,0, 0.000000E+00,0, 0.000000E+00,8, 1.590336E+01, 1.001984E+00, 5.368780E+00,NULL,NULL,1,mc_qqps,54
-21042,2263,20228,43758,94C2, 9.125000E+01,27,21,48,27,21, 8.686146E+00, 2.092763E+00, 9.860802E-02, 6.376046E+01, 6.334598E+01, 2.346148E+00, 1.466474E+01, 8.212333E+00, 4.346890E+00, 1.085220E+02, 5.173038E+01, 4.030758E+01, 2.122731E+00,15, 0.000000E+00,0, 0.000000E+00,0, 0.000000E+00,14, 3.975273E+01, 5.555743E-01, 8.704788E+00,NULL,NULL,1,mc_qqps,54
-21042,2264,20228,43814,94C2, 9.125000E+01,23,8,31,23,8,-2.928312E-01,-2.169065E+00, 3.161439E+00, 6.691361E+01, 6.652071E+01, 2.892205E+00, 7.786443E-01,-2.609509E+00, 3.625181E+00, 8.609166E+01, 5.768930E+01, 1.505488E+01, 0.000000E+00,11, 2.307521E+00,0, 0.000000E+00,0, 0.000000E+00,8, 1.917805E+01, 7.136191E-01, 5.381104E+00,NULL,NULL,1,mc_qqps,54
-21042,2265,20228,43824,94C2, 9.125000E+01,24,12,36,24,12, 1.722743E+01,-1.017375E+01,-3.578424E+00, 9.902443E+01, 9.864846E+01, 4.110353E+00, 1.139581E+01,-6.832215E+00, 1.669886E+00, 1.262657E+02, 4.344637E+01, 2.338777E+01, 2.796055E+00,11, 1.225067E+01,0, 0.000000E+00,0, 0.000000E+00,8, 2.345076E+01, 3.926436E-01, 1.463960E+01,NULL,NULL,1,mc_qqps,54
-21042,2266,20228,43838,94C2, 9.125000E+01,43,12,55,43,12,-2.378875E+00, 3.832778E+00, 2.314555E-01, 6.045760E+01, 5.957309E+01, 1.385421E+00, 8.905411E-01,-2.871883E-01,-4.407180E-01, 8.177982E+01, 5.037288E+01, 1.809912E+01, 2.576653E+00,18, 6.040638E+00,0, 0.000000E+00,0, 0.000000E+00,8, 1.706254E+01, 3.255671E-01, 8.325837E+00,NULL,NULL,1,mc_qqps,54
-21042,2267,20228,43855,94C2, 9.125000E+01,31,16,47,31,16,-1.004175E-01, 1.236382E+01, 1.552762E+01, 5.141187E+01, 5.103021E+01, 1.646136E+00, 4.680617E+00, 4.993661E+00, 9.099784E-01, 9.585095E+01, 4.685226E+01, 3.485482E+01, 3.965365E+00,18, 3.810387E+00,5, 0.000000E+00,0, 0.000000E+00,11, 1.529526E+01, 6.251331E-01, 3.026563E+00,NULL,NULL,1,mc_qqps,54
-21042,2268,20228,43909,94C2, 9.125000E+01,16,20,36,16,20,-3.141557E+00,-3.434237E-01, 5.586227E+00, 3.135891E+01, 3.115241E+01, 1.947026E+00, 4.194874E-01,-4.630840E+00,-7.181193E-01, 5.649220E+01, 1.571635E+01, 1.413103E+01, 9.912093E+00,11, 1.341494E-01,7, 0.000000E+00,0, 0.000000E+00,8, 1.082692E+01, 8.037857E-01, 2.256175E+00,2, 0.000000E+00,1,mc_qqps,54
-21042,2269,20228,43926,94C2, 9.125000E+01,31,22,53,31,22, 2.041221E+00,-1.089383E+00, 9.464642E-02, 4.570198E+01, 4.528448E+01, 1.460790E+00, 9.503340E+00, 1.396777E+00,-2.721700E+00, 7.734850E+01, 4.446996E+01, 2.122258E+01, 5.730875E+00,25, 5.817008E+00,0, 0.000000E+00,0, 0.000000E+00,17, 2.610528E+01, 4.263938E-01, 3.665107E+00,NULL,NULL,1,mc_qqps,54
-21042,2270,20228,43941,94C2, 9.125000E+01,18,12,30,18,12,-1.197792E+00, 1.048641E+01,-4.588061E+00, 4.509575E+01, 4.468842E+01, 2.482690E+00, 3.705355E-01,-1.556315E+01, 7.042879E+00, 7.462127E+01, 4.373039E+01, 2.455761E+01, 1.835428E-01,13, 2.639868E+00,0, 0.000000E+00,0, 0.000000E+00,10, 2.913985E+01, 3.399901E-01, 1.086423E+01,NULL,NULL,1,mc_qqps,54
-21042,2271,20228,43954,94C2, 9.125000E+01,35,10,45,35,10, 2.619399E+00, 1.287670E+00,-6.497194E+00, 6.814370E+01, 6.748421E+01, 1.928120E+00, 3.986188E+00,-2.900936E+00,-9.106420E+00, 1.019761E+02, 6.041909E+01, 1.660645E+01, 1.288176E+01,11, 1.000251E+01,3, 0.000000E+00,0, 0.000000E+00,6, 1.991540E+01, 4.867367E-01, 1.457573E+01,1, 0.000000E+00,1,mc_qqps,54
-21042,2272,20228,44010,94C2, 9.125000E+01,33,12,45,33,12, 6.882057E-01, 4.603032E+00,-1.956522E+00, 6.960783E+01, 6.898376E+01, 2.090417E+00, 2.815682E+00,-5.420498E+00, 3.740796E+00, 9.700537E+01, 6.676448E+01, 6.745132E+00, 1.517094E+01,14, 1.126765E+00,0, 0.000000E+00,0, 0.000000E+00,9, 1.128424E+01, 5.611498E-01, 4.189939E+00,NULL,NULL,1,mc_qqps,54
-21042,2273,20228,44025,94C2, 9.125000E+01,30,17,47,30,17, 1.526619E+00,-5.673257E+00, 3.433750E+00, 5.349213E+01, 5.277717E+01, 1.759239E+00, 6.541046E-01,-2.141666E+00, 2.182604E+00, 9.279346E+01, 4.661878E+01, 3.838071E+01, 0.000000E+00,19, 1.352583E+00,0, 0.000000E+00,0, 0.000000E+00,15, 3.544137E+01, 5.757893E-01, 8.499292E+00,NULL,NULL,1,mc_qqps,54
-21042,2274,20228,44039,94C2, 9.125000E+01,30,14,44,30,14,-8.137211E+00,-1.338218E+01,-4.883786E+00, 5.175478E+01, 5.119827E+01, 1.706609E+00, 3.680958E+00, 4.757041E+00, 3.401570E+00, 8.389258E+01, 4.623425E+01, 2.780266E+01, 0.000000E+00,16, 5.170816E-01,2, 0.000000E+00,0, 0.000000E+00,9, 2.498088E+01, 1.305132E+00, 9.531295E+00,NULL,NULL,1,mc_qqps,54
-21042,2275,20228,44054,94C2, 9.125000E+01,13,12,25,13,12,-1.114889E+01,-5.481865E-01,-7.060091E+00, 4.247050E+01, 4.239544E+01, 3.261187E+00,-1.088111E+01, 1.047050E-01,-8.032656E+00, 7.338361E+01, 4.272770E+01, 2.293308E+01, 1.543821E+00,15, 1.185880E+01,0, 0.000000E+00,0, 0.000000E+00,11, 2.936929E+01, 8.721852E-01, 7.599087E+00,NULL,NULL,1,mc_qqps,54
-21042,2276,20228,44102,94C2, 9.125000E+01,26,8,34,26,8, 1.084033E-01,-6.061369E+00,-9.277746E-01, 7.741991E+01, 7.722261E+01, 2.970100E+00,-7.018000E-01, 2.344045E+00, 7.838123E-02, 8.989789E+01, 7.255469E+01, 6.974131E+00, 0.000000E+00,20, 9.816019E+00,0, 0.000000E+00,0, 0.000000E+00,8, 1.247798E+01, 6.911101E-01, 4.444736E+00,NULL,NULL,1,mc_qqps,54
-21042,2277,20228,44114,94C2, 9.125000E+01,26,15,41,26,15, 1.141674E+01,-2.363747E+00,-1.384040E-01, 5.158950E+01, 5.115174E+01, 1.967375E+00,-5.073007E+00, 9.507602E-02,-7.822249E+00, 1.042378E+02, 3.043781E+01, 1.416411E+01, 2.744540E+01,14, 1.559596E+00,0, 0.000000E+00,0, 0.000000E+00,10, 2.081091E+01, 7.362428E-01, 7.075720E+00,NULL,NULL,1,mc_qqps,54
-21042,2278,20228,44129,94C2, 9.125000E+01,19,12,31,19,12, 3.677279E+01, 1.331988E+00, 8.665825E+00, 5.708936E+01, 5.674899E+01, 2.986789E+00, 9.952311E+00,-1.972258E-02, 3.484728E+00, 8.800082E+01, 5.335892E+01, 2.033678E+01, 8.447781E+00,12, 7.672388E+00,0, 0.000000E+00,0, 0.000000E+00,9, 2.255129E+01, 7.878434E-01, 6.811245E+00,NULL,NULL,1,mc_qqps,54
-21042,2279,20228,44141,94C2, 9.125000E+01,39,18,57,39,18, 4.681557E+00,-2.615712E+00, 5.965015E-01, 6.251147E+01, 6.192469E+01, 1.587813E+00,-2.909536E+00,-1.049181E+01,-9.900295E-01, 8.366847E+01, 5.158534E+01, 1.203922E+01, 6.540986E+00,21, 8.226265E+00,0, 0.000000E+00,0, 0.000000E+00,13, 1.477124E+01, 3.653727E-01, 4.661594E+00,NULL,NULL,1,mc_qqps,54
-21042,2280,20228,44158,94C2, 9.125000E+01,24,13,37,24,13,-8.525558E+00, 1.569147E+01,-1.318529E+01, 3.620084E+01, 3.576689E+01, 1.490287E+00, 1.411228E+00,-3.721810E+00, 3.612332E+00, 7.961436E+01, 3.495840E+01, 4.003786E+01, 1.461119E+00,15, 7.683062E+00,0, 0.000000E+00,0, 0.000000E+00,10, 4.165547E+01, 6.998231E-01, 1.231773E+01,NULL,NULL,1,mc_qqps,54
-21042,2281,20228,44211,94C2, 9.125000E+01,49,22,71,49,22, 7.912686E+00, 4.435964E+00, 6.233693E+00, 7.486874E+01, 7.378666E+01, 1.505850E+00, 6.648346E+00, 1.982408E+00, 6.135069E+00, 9.929490E+01, 6.027747E+01, 1.967392E+01, 3.131269E+00,22, 8.758392E-01,3, 4.146825E-01,0, 0.000000E+00,16, 1.568584E+01, 3.353056E-01, 2.214748E+00,NULL,NULL,1,mc_qqps,54
-21042,2282,20228,44233,94C2, 9.125000E+01,33,18,51,33,18, 6.157350E+00,-3.320223E+00, 3.744106E+00, 5.193804E+01, 5.122714E+01, 1.552338E+00, 5.910187E+00, 9.244325E-01,-9.958934E-01, 7.087244E+01, 4.836992E+01, 1.014617E+01, 3.341534E+00,20, 4.275305E+00,0, 0.000000E+00,0, 0.000000E+00,12, 1.509712E+01, 5.728962E-01, 3.992681E+00,NULL,NULL,1,mc_qqps,54
-21042,2283,20228,44250,94C2, 9.125000E+01,34,9,43,34,9,-5.111760E+00, 1.082977E+01, 3.213966E+00, 7.404338E+01, 7.338316E+01, 2.158328E+00, 1.050370E-01,-6.266031E-01,-1.305740E+00, 9.214407E+01, 6.676925E+01, 6.025021E+00, 8.989585E+00,12, 3.492590E-01,1, 0.000000E+00,0, 0.000000E+00,4, 5.568591E+00, 8.435889E-01, 2.158128E+00,NULL,NULL,1,mc_qqps,54
-21042,2284,20228,44305,94C2, 9.125000E+01,24,18,42,24,18, 8.449667E+00,-2.024362E+01,-6.866121E+01, 1.182486E+02, 1.177837E+02, 4.907655E+00, 8.831098E+00,-3.294189E+01,-6.085792E+01, 1.473223E+02, 4.117797E+01, 2.068374E+01, 2.794890E+00,14, 3.162269E-01,1, 0.000000E+00,0, 0.000000E+00,11, 1.872148E+01, 4.964010E-01, 4.746748E+00,NULL,NULL,1,mc_qqps,54
-21042,2285,20228,44319,94C2, 9.125000E+01,19,6,25,19,6, 3.876786E-01,-2.501184E-01, 4.642713E-02, 6.245296E+01, 6.214405E+01, 3.270740E+00,-5.781983E-01, 1.471680E+00,-5.422000E-01, 7.458605E+01, 5.874355E+01, 9.472285E+00, 2.861953E-01,9, 6.695731E+00,0, 0.000000E+00,0, 0.000000E+00,5, 1.184691E+01, 4.683696E-01, 4.325076E+00,NULL,NULL,1,mc_qqps,54
-21042,2286,20228,44330,94C2, 9.125000E+01,31,14,45,31,14,-7.366116E+00,-5.094481E-01, 2.545948E+00, 7.454273E+01, 7.406088E+01, 2.389061E+00, 9.596428E-01, 5.778972E+00,-4.076519E+00, 9.644029E+01, 6.772426E+01, 1.322670E+01, 6.378776E+00,19, 4.139502E+00,0, 0.000000E+00,0, 0.000000E+00,11, 1.554754E+01, 3.838190E-01, 4.595181E+00,NULL,NULL,1,mc_qqps,54
-21042,2287,20228,44348,94C2, 9.125000E+01,16,19,35,16,19, 1.081499E+01, 4.472999E-01,-2.776277E+01, 4.716886E+01, 4.693202E+01, 2.933251E+00, 1.838234E+00,-8.565639E-01,-4.040336E+00, 7.966292E+01, 1.171069E+01, 1.719529E+01, 1.460789E+01,2, 0.000000E+00,16, 9.005331E+00,0, 0.000000E+00,1, 6.908965E-01, 6.908965E-01, 6.908965E-01,NULL,NULL,1,mc_qqps,54
-21042,2288,20228,44400,94C2, 9.125000E+01,10,8,18,10,8,-3.875345E+00, 3.329282E+01,-4.017370E-01, 3.839910E+01, 3.830679E+01, 3.830678E+00,-4.747991E+00, 2.978374E+01,-1.933823E-01, 7.178407E+01, 1.886367E+01, 4.920742E+00, 1.642378E+01,8, 3.118004E-01,0, 0.000000E+00,0, 0.000000E+00,7, 1.696119E+01, 4.056488E-01, 7.449799E+00,NULL,NULL,1,mc_qqps,54
-21042,2289,20228,44418,94C2, 9.125000E+01,36,19,55,36,19, 2.952695E+00, 5.605574E+00,-2.886457E+00, 6.627010E+01, 6.558891E+01, 1.821914E+00,-3.075895E+00,-6.034228E-01, 2.569477E+00, 9.855173E+01, 4.627870E+01, 2.998550E+01, 1.393614E+00,21, 4.441581E+00,0, 0.000000E+00,0, 0.000000E+00,16, 3.033033E+01, 3.946599E-01, 7.365315E+00,NULL,NULL,1,mc_qqps,54
-21042,2290,20228,44433,94C2, 9.125000E+01,30,20,50,30,20,-4.408667E+00, 5.680006E+00,-4.908156E+00, 7.147656E+01, 7.091529E+01, 2.363843E+00,-4.607610E+00, 4.016491E+00,-2.091861E+00, 9.110838E+01, 5.871392E+01, 1.433507E+01, 1.354373E+00,12, 6.008123E-01,9, 5.599780E-01,0, 0.000000E+00,10, 8.543565E+00, 5.251007E-01, 1.536698E+00,NULL,NULL,1,mc_qqps,54
-21042,2291,20228,44452,94C2, 9.125000E+01,32,16,48,32,16,-6.870305E+00, 9.983643E+00, 7.623761E+00, 7.111096E+01, 7.043087E+01, 2.200965E+00,-6.396385E+00, 1.385619E+01, 1.628540E+01, 9.069418E+01, 5.998584E+01, 1.105659E+01, 8.530440E+00,7, 2.653887E+00,11, 2.453077E+00,0, 0.000000E+00,2, 3.690767E+00, 7.368940E-01, 2.953873E+00,1, 0.000000E+00,1,mc_qqps,54
-21042,2292,20228,44509,94C2, 9.125000E+01,16,13,29,16,13, 1.380840E+01,-1.385204E+00, 1.010975E+01, 4.500409E+01, 4.468169E+01, 2.792605E+00,-1.049691E+01, 8.017693E-01,-7.354270E+00, 8.465652E+01, 4.371320E+01, 1.201602E+01, 2.763640E+01,13, 6.324192E+00,0, 0.000000E+00,0, 0.000000E+00,8, 1.184378E+01, 3.388485E-01, 3.228308E+00,NULL,NULL,1,mc_qqps,54
-21042,2293,20228,44523,94C2, 9.125000E+01,18,10,28,18,10,-2.092926E+01, 1.735848E+01, 8.529085E+00, 5.204592E+01, 5.167817E+01, 2.871009E+00,-7.262753E+00, 7.071765E+00, 4.220040E+00, 9.454121E+01, 4.000084E+01, 4.098723E+01, 2.587959E-01,14, 1.087792E+01,0, 0.000000E+00,0, 0.000000E+00,9, 4.223649E+01, 8.609604E-01, 1.846974E+01,NULL,NULL,1,mc_qqps,54
-21042,2294,20228,44534,94C2, 9.125000E+01,18,13,31,18,13,-1.102714E-01,-2.370640E+00, 1.415108E+00, 6.458482E+01, 6.426911E+01, 3.570506E+00, 1.961648E+00, 5.843997E-01,-2.130005E+00, 9.141890E+01, 6.324226E+01, 2.306284E+01, 2.898488E+00,16, 4.212803E+00,0, 0.000000E+00,0, 0.000000E+00,9, 1.660128E+01, 5.885635E-01, 5.627128E+00,NULL,NULL,1,mc_qqps,54
-21042,2295,20228,44547,94C2, 9.125000E+01,22,17,39,22,17,-1.898172E+00,-3.751730E+00, 5.291028E+01, 1.052084E+02, 1.049616E+02, 4.770980E+00,-8.804956E-01,-3.554462E+00, 5.301173E+01, 1.227135E+02, 8.995385E+00, 1.699426E+01, 5.108181E-01,1, 0.000000E+00,21, 1.337173E+01,0, 0.000000E+00,1, 5.514569E-01, 5.514569E-01, 5.514569E-01,2, 0.000000E+00,0,mc_qqps,54
-21042,2296,20228,44603,94C2, 9.125000E+01,33,6,39,33,6,-1.647818E-01,-4.302971E+00,-2.358016E+00, 7.207336E+01, 7.145828E+01, 2.165402E+00, 1.242921E+00,-1.586294E+01,-5.735737E+00, 8.929748E+01, 6.783394E+01, 6.116910E+00, 1.110721E+01,11, 3.279014E+00,0, 0.000000E+00,0, 0.000000E+00,4, 5.458940E+00, 5.784554E-01, 2.049211E+00,NULL,NULL,1,mc_qqps,54
-21042,2297,20228,44618,94C2, 9.125000E+01,28,20,48,28,20, 4.971283E+00, 4.947518E+00, 1.809020E+00, 4.476130E+01, 4.426722E+01, 1.580972E+00, 5.313125E+00, 6.604023E+00, 3.353095E+00, 9.376593E+01, 4.115625E+01, 2.035308E+01, 2.827724E+01,19, 5.935312E+00,0, 0.000000E+00,0, 0.000000E+00,13, 1.762838E+01, 5.805340E-01, 3.121981E+00,NULL,NULL,1,mc_qqps,54
-21042,2298,20228,44633,94C2, 9.125000E+01,55,20,75,55,20, 9.134378E+00,-1.231862E+01,-1.037315E-01, 5.885204E+01, 5.735281E+01, 1.042778E+00, 8.064348E+00,-1.328848E+01,-1.383180E+00, 8.350974E+01, 4.662543E+01, 2.060769E+01, 2.814750E+00,23, 2.047055E+01,2, 0.000000E+00,0, 0.000000E+00,15, 2.014351E+01, 4.200385E-01, 4.865026E+00,NULL,NULL,1,mc_qqps,54
-21042,2299,20228,44656,94C2, 9.125000E+01,26,9,35,26,9, 2.444096E+00,-1.862959E+00, 9.641726E-01, 5.489739E+01, 5.440979E+01, 2.092684E+00, 2.225242E+00,-6.844932E+00, 3.854645E+00, 7.440453E+01, 4.761911E+01, 1.832067E+01, 0.000000E+00,16, 5.760859E+00,0, 0.000000E+00,0, 0.000000E+00,9, 1.950715E+01, 4.203006E-01, 8.922859E+00,NULL,NULL,1,mc_qqps,54
-21042,2300,20228,44709,94C2, 9.125000E+01,30,16,46,30,16, 1.120248E+00,-2.095838E+00, 3.586958E-01, 4.999688E+01, 4.956749E+01, 1.652250E+00,-8.118124E+00, 1.830605E+00, 7.594348E+00, 7.135941E+01, 4.280438E+01, 1.484284E+01, 6.641335E+00,11, 5.072558E-02,2, 0.000000E+00,0, 0.000000E+00,8, 1.336306E+01, 3.123375E-01, 6.380271E+00,1, 0.000000E+00,1,mc_qqps,54
-21042,2301,20228,44723,94C2, 9.125000E+01,34,12,46,34,12, 9.134900E-01,-8.197690E+00, 2.745505E+00, 5.419218E+01, 5.335564E+01, 1.569284E+00, 1.224614E+00,-1.312129E+00, 3.153173E+00, 9.864601E+01, 5.162659E+01, 2.472047E+01, 1.974888E+01,14, 7.692029E-02,0, 0.000000E+00,0, 0.000000E+00,7, 2.438029E+01, 5.634440E-01, 1.076818E+01,NULL,NULL,1,mc_qqps,54
-21042,2302,20228,44742,94C2, 9.125000E+01,25,8,33,25,8,-3.375204E+00, 2.093572E+00,-2.916428E-01, 7.870048E+01, 7.830239E+01, 3.132096E+00,-2.775140E+00, 1.108873E+00,-1.150007E+00, 8.802072E+01, 7.466167E+01, 8.785825E+00, 0.000000E+00,12, 5.094728E+00,0, 0.000000E+00,0, 0.000000E+00,7, 8.451763E+00, 5.344200E-01, 2.205735E+00,NULL,NULL,1,mc_qqps,54
-21042,2303,20228,44757,94C2, 9.125000E+01,31,14,45,31,14, 9.909793E+00, 7.490377E+00, 4.660975E+00, 6.323666E+01, 6.242527E+01, 2.013719E+00,-7.147287E+00,-5.558706E+00,-7.111049E-01, 1.029052E+02, 5.041521E+01, 1.414999E+01, 2.505569E+01,11, 2.230113E+00,0, 0.000000E+00,0, 0.000000E+00,8, 1.414982E+01, 4.771483E-01, 3.554870E+00,NULL,NULL,1,mc_qqps,54
-21042,2304,20228,44808,94C2, 9.125000E+01,31,16,47,31,16, 1.365990E+01,-1.144594E+01,-1.003775E+01, 8.007831E+01, 7.952608E+01, 2.565357E+00, 1.236505E+01,-8.160717E+00,-9.185373E+00, 1.066818E+02, 6.274932E+01, 2.257097E+01, 4.075602E+00,15, 2.906030E+00,0, 0.000000E+00,0, 0.000000E+00,9, 2.084208E+01, 3.716410E-01, 9.517690E+00,NULL,NULL,1,mc_qqps,54
-21042,2305,20228,44824,94C2, 9.125000E+01,21,18,39,21,18,-7.639619E-01, 7.141886E-01,-4.271641E+00, 4.808483E+01, 4.767306E+01, 2.270146E+00,-1.861058E+00,-6.306928E-01, 6.032510E-01, 7.224088E+01, 3.176340E+01, 1.270824E+01, 9.122713E+00,4, 0.000000E+00,9, 0.000000E+00,0, 0.000000E+00,3, 3.082411E+00, 7.327006E-01, 1.592386E+00,2, 0.000000E+00,1,mc_qqps,54
-21042,2306,20228,44838,94C2, 9.125000E+01,28,14,42,28,14, 2.236696E+01,-9.413782E+00,-1.301487E+01, 5.383374E+01, 5.331866E+01, 1.904238E+00, 7.852034E+00,-2.256636E+00,-4.080709E+00, 8.085051E+01, 5.193245E+01, 1.824382E+01, 3.067052E+00,14, 3.990715E+00,0, 0.000000E+00,0, 0.000000E+00,7, 1.949100E+01, 9.129499E-01, 8.514270E+00,NULL,NULL,1,mc_qqps,54
-21042,2307,20228,44854,94C2, 9.125000E+01,46,20,66,46,20,-1.104845E+01, 3.398961E-01, 1.954729E+01, 5.777013E+01, 5.681358E+01, 1.235078E+00, 1.597863E+00,-2.581440E+00, 7.044768E+00, 9.520161E+01, 3.648856E+01, 2.989125E+01, 7.540235E+00,18, 2.815814E+00,4, 0.000000E+00,0, 0.000000E+00,12, 2.309504E+01, 5.531415E-01, 6.896665E+00,1, 0.000000E+00,1,mc_qqps,54
-21042,2308,20228,44919,94C2, 9.125000E+01,25,10,35,25,10,-2.598018E+00, 7.901284E+00,-8.453766E+00, 7.522180E+01, 7.462087E+01, 2.984835E+00,-2.727808E+00, 9.425534E+00,-8.105126E+00, 9.804305E+01, 7.268439E+01, 2.186316E+01, 0.000000E+00,11, 8.196995E+00,1, 0.000000E+00,0, 0.000000E+00,7, 1.030178E+01, 3.054520E-01, 4.807414E+00,NULL,NULL,1,mc_qqps,54
-21042,2309,20228,44939,94C2, 9.125000E+01,22,12,34,22,12, 1.674931E+00, 2.983997E+00,-4.829602E-01, 4.068736E+01, 4.010579E+01, 1.822990E+00, 2.646562E+00, 4.597060E+00,-6.134358E+00, 7.415817E+01, 3.895634E+01, 1.748718E+01, 1.385514E+01,13, 6.253969E+00,0, 0.000000E+00,0, 0.000000E+00,8, 1.987566E+01, 6.184063E-01, 1.231337E+01,NULL,NULL,1,mc_qqps,54
-21042,2310,20228,44953,94C2, 9.125000E+01,16,19,35,16,19, 5.833618E+00,-1.921654E-04, 6.599181E+00, 2.648125E+01, 2.628011E+01, 1.642507E+00, 2.074849E+00, 1.031491E+00,-1.410315E+00, 7.071553E+01, 1.316976E+01, 3.862257E+01, 4.972922E+00,3, 0.000000E+00,16, 4.574151E+00,0, 0.000000E+00,3, 1.904875E+00, 2.701021E-01, 9.959890E-01,3, 0.000000E+00,1,mc_qqps,54
-21042,2311,20228,45017,94C2, 9.125000E+01,33,11,43,32,11, 5.513023E+00, 5.622637E+00, 2.433902E+00, 5.544998E+01, 5.493327E+01, 1.716665E+00,-1.792074E+00,-4.496599E+00,-1.451427E+00, 7.708932E+01, 5.136686E+01, 1.102554E+01, 3.856953E+00,14, 2.324957E+00,0, 0.000000E+00,0, 0.000000E+00,7, 1.797861E+01, 9.484501E-01, 5.374293E+00,NULL,NULL,1,mc_qqps,54
-21042,2312,20228,45030,94C2, 9.125000E+01,28,14,42,28,14,-7.766137E-01, 3.962420E+00, 3.554970E+00, 5.094895E+01, 5.050836E+01, 1.803870E+00,-3.714382E+00, 6.190701E+00,-7.857668E+00, 7.828659E+01, 2.853268E+01, 1.065808E+01, 1.672104E+01,0, 0.000000E+00,15, 5.717099E+00,0, 0.000000E+00,NULL,NULL,NULL,NULL,1, 0.000000E+00,1,mc_qqps,54
-21042,2313,20228,45045,94C2, 9.125000E+01,70,6,76,70,6,-3.695161E-01, 3.910576E+00, 7.696489E+00, 7.629417E+01, 7.372444E+01, 1.053206E+00,-1.512183E+00, 5.149244E+00, 8.217574E+00, 8.062729E+01, 5.825490E+01, 3.754555E+00, 5.785750E-01,5, 0.000000E+00,7, 1.054594E+01,0, 0.000000E+00,3, 3.032633E+00, 3.827776E-01, 1.898178E+00,NULL,NULL,1,mc_qqps,54
-21042,2314,20228,45101,94C2, 9.125000E+01,24,10,34,24,10, 5.014725E+01, 8.386069E+01,-3.114680E+02, 4.081761E+02, 4.079385E+02, 1.699744E+01, 4.795198E+01, 8.122002E+01,-3.041531E+02, 4.185563E+02, 1.057971E+01, 7.284630E+00, 3.095571E+00,1, 0.000000E+00,12, 6.545613E+00,0, 0.000000E+00,1, 7.428691E-01, 7.428691E-01, 7.428691E-01,1, 0.000000E+00,0,mc_qqps,54
-21042,2315,20228,45119,94C2, 9.125000E+01,61,12,73,61,12, 3.017294E+00, 1.252566E-01,-1.551250E+00, 8.017818E+01, 7.851175E+01, 1.287078E+00, 1.277483E-01,-7.408956E+00,-4.237916E-01, 9.790601E+01, 5.986599E+01, 1.772782E+01, 0.000000E+00,16, 2.884511E+00,0, 0.000000E+00,0, 0.000000E+00,11, 1.727442E+01, 3.629702E-01, 6.940848E+00,NULL,NULL,1,mc_qqps,54
-21042,2316,20228,45140,94C2, 9.125000E+01,68,18,86,68,18,-5.383273E+00, 1.255121E+01,-4.157800E+00, 8.255111E+01, 8.070715E+01, 1.186870E+00,-3.598567E+00, 5.296124E+00,-1.385921E+00, 1.132799E+02, 4.596832E+01, 2.046020E+01, 6.768298E+00,14, 1.961063E+00,8, 5.544966E-01,0, 0.000000E+00,6, 1.507998E+01, 5.849609E-01, 7.441399E+00,NULL,NULL,1,mc_qqps,54
-21042,2317,20228,45159,94C2, 9.125000E+01,40,14,54,40,14, 1.108568E+01,-2.795530E+00,-1.840376E+01, 6.503004E+01, 6.425229E+01, 1.606307E+00, 3.466945E+00,-3.872330E+00,-4.592581E+00, 9.425033E+01, 4.024374E+01, 2.734851E+01, 1.876975E+00,2, 0.000000E+00,15, 4.225688E+00,0, 0.000000E+00,2, 1.401942E+00, 3.987409E-01, 1.003201E+00,2, 0.000000E+00,1,mc_qqps,54
-21042,2318,20228,45214,94C2, 9.125000E+01,26,19,45,26,19, 1.321422E+02, 1.477294E+02,-7.107947E+02, 7.517296E+02, 7.511040E+02, 2.888861E+01, 1.340817E+02, 1.496707E+02,-7.132457E+02, 7.818165E+02, 1.513970E+01, 2.691564E+01, 3.171107E+00,0, 0.000000E+00,15, 3.718006E+00,0, 0.000000E+00,NULL,NULL,NULL,NULL,4, 0.000000E+00,1,mc_qqps,54
-21042,2319,20228,45233,94C2, 9.125000E+01,22,12,34,22,12,-2.741485E+00,-5.393879E-01, 1.398163E+00, 3.723127E+01, 3.692973E+01, 1.678624E+00, 5.094374E-01, 2.222186E+00,-3.284633E+00, 5.315792E+01, 3.586983E+01, 6.241835E+00, 9.684819E+00,2, 0.000000E+00,5, 3.439677E-01,0, 0.000000E+00,1, 5.492911E-01, 5.492911E-01, 5.492911E-01,NULL,NULL,1,mc_qqps,54
-21042,2320,20228,45252,94C2, 9.125000E+01,38,18,56,38,18,-5.628628E+01, 3.628640E+01, 1.764812E+01, 1.428786E+02, 1.420949E+02, 3.739339E+00,-6.907266E+01, 4.436131E+01, 2.227159E+01, 1.676471E+02, 5.127732E+01, 1.477110E+01, 8.204519E+00,16, 3.468029E-01,0, 0.000000E+00,0, 0.000000E+00,10, 1.558617E+01, 3.690853E-01, 8.139749E+00,NULL,NULL,1,mc_qqps,54
-21042,2321,20228,45309,94C2, 9.125000E+01,52,13,65,52,13, 1.154762E+00, 7.938723E+00, 1.439397E+01, 5.760570E+01, 5.607574E+01, 1.078380E+00,-2.002848E+00, 7.624849E+00, 1.645024E+01, 7.564013E+01, 4.663063E+01, 1.274661E+01, 5.328948E+00,3, 0.000000E+00,10, 0.000000E+00,0, 0.000000E+00,2, 1.359254E+00, 5.434821E-01, 8.157716E-01,NULL,NULL,1,mc_qqps,54
-21042,2322,20228,45329,94C2, 9.125000E+01,20,13,33,20,13,-2.636374E-02, 4.348113E+00, 3.486475E+00, 7.974156E+01, 7.923782E+01, 3.961891E+00, 1.193714E+00, 1.519781E+00,-3.840882E-02, 9.004906E+01, 7.782796E+01, 4.566891E+00, 4.487422E+00,2, 0.000000E+00,7, 1.336998E+01,0, 0.000000E+00,2, 1.335267E+00, 6.067288E-01, 7.285381E-01,1, 0.000000E+00,1,mc_qqps,54
-21042,2323,20228,45343,94C2, 9.125000E+01,39,17,56,39,17,-2.339200E+00, 1.309534E+00,-5.624757E+00, 4.699810E+01, 4.625207E+01, 1.185951E+00,-8.660992E+00, 4.362303E+00,-1.594486E+01, 6.934849E+01, 2.532834E+01, 1.273990E+01, 8.906496E+00,5, 0.000000E+00,13, 2.990181E-01,0, 0.000000E+00,4, 3.922685E+00, 3.264443E-01, 1.992110E+00,1, 0.000000E+00,1,mc_qqps,54
-21042,2324,20228,45404,94C2, 9.125000E+01,22,14,36,22,14,-3.146204E+01,-1.593019E+01, 1.472093E+01, 6.086486E+01, 6.056090E+01, 2.752768E+00,-3.071909E+01,-1.609327E+01, 1.338314E+01, 9.758549E+01, 3.222348E+01, 2.201821E+01, 1.767874E+00,14, 0.000000E+00,0, 0.000000E+00,0, 0.000000E+00,11, 2.826049E+01, 7.015834E-01, 1.017052E+01,NULL,NULL,1,mc_qqps,54
-21042,2325,20228,45417,94C2, 9.125000E+01,13,13,26,13,13,-1.730697E+00,-1.181349E+00, 1.467180E+00, 6.772735E+00, 6.366784E+00, 4.897526E-01,-1.186850E+00,-2.518424E+00,-1.167483E+01, 5.015279E+01, 3.073459E+00, 3.449237E+01, 8.887691E+00,1, 0.000000E+00,7, 0.000000E+00,0, 0.000000E+00,1, 4.778109E-01, 4.778109E-01, 4.778109E-01,3, 0.000000E+00,0,mc_qqps,54
-21042,2326,20228,45444,94C2, 9.125000E+01,28,17,45,28,17, 1.278596E+00,-3.936201E+00, 3.238518E-01, 3.826383E+01, 3.750654E+01, 1.339519E+00, 1.505708E+00,-1.747020E+00,-2.934342E+00, 9.322317E+01, 3.541412E+01, 4.432286E+01, 9.013893E+00,20, 6.162357E+00,1, 0.000000E+00,0, 0.000000E+00,13, 4.327224E+01, 3.204554E-01, 1.925222E+01,NULL,NULL,1,mc_qqps,54
-21042,2327,20228,45500,94C2, 9.125000E+01,31,25,56,31,25,-3.424076E+00, 3.110469E-01, 8.023445E+00, 3.371366E+01, 3.290077E+01, 1.061315E+00,-3.282063E+00, 4.759409E+00,-4.643697E+00, 6.729405E+01, 1.507260E+01, 2.032396E+01, 1.325643E+01,1, 0.000000E+00,20, 1.425292E+00,0, 0.000000E+00,1, 4.812881E-01, 4.812881E-01, 4.812881E-01,1, 0.000000E+00,1,mc_qqps,54
-21042,2328,20228,45523,94C2, 9.125000E+01,36,12,48,36,12, 2.221093E+00, 4.467944E+00, 7.557668E+00, 6.725547E+01, 6.675574E+01, 1.854326E+00, 3.114042E+00, 7.734093E+00, 1.052553E+01, 7.818974E+01, 5.720521E+01, 1.054178E+01, 3.924727E-01,8, 0.000000E+00,7, 0.000000E+00,0, 0.000000E+00,6, 6.983740E+00, 4.313090E-01, 2.130368E+00,NULL,NULL,1,mc_qqps,54
-21042,2329,20228,45539,94C2, 9.125000E+01,23,16,39,23,16,-7.190333E+00, 5.507068E+00, 5.954955E+00, 3.970745E+01, 3.929236E+01, 1.708363E+00, 5.988033E-01, 1.074709E-01,-2.805990E+00, 9.719975E+01, 3.763075E+01, 5.497633E+01, 2.516355E+00,11, 1.877219E+00,0, 0.000000E+00,0, 0.000000E+00,9, 4.851644E+01, 5.363091E-01, 2.404169E+01,NULL,NULL,1,mc_qqps,54
-21042,2330,20228,45554,94C2, 9.125000E+01,19,12,31,19,12,-2.295646E+00,-2.203659E+00,-2.172081E+00, 6.235657E+01, 6.217100E+01, 3.272158E+00,-4.542311E+00,-1.296799E+00, 1.301847E+00, 7.827525E+01, 5.145004E+01, 8.378870E+00, 6.430033E+00,2, 0.000000E+00,15, 1.030650E+01,0, 0.000000E+00,2, 1.547144E+00, 4.358484E-01, 1.111296E+00,NULL,NULL,1,mc_qqps,54
-21042,2331,20228,45605,94C2, 9.125000E+01,61,12,73,61,12,-3.353916E+00, 7.996279E+00,-1.503022E+00, 8.371223E+01, 8.186188E+01, 1.341998E+00,-3.476402E+00, 9.176555E+00,-1.569991E+00, 9.549426E+01, 5.409517E+01, 9.356311E+00, 2.425731E+00,18, 1.106364E+01,0, 0.000000E+00,0, 0.000000E+00,7, 8.817657E+00, 4.187964E-01, 1.930070E+00,NULL,NULL,1,mc_qqps,54
-21042,2332,20228,45628,94C2, 9.125000E+01,25,10,35,25,10, 1.342732E+01,-2.104825E+01,-1.488222E+01, 5.063508E+01, 5.006831E+01, 2.002733E+00,-2.885465E+00, 6.538404E+00, 4.093774E+00, 9.344704E+01, 4.748895E+01, 4.231367E+01, 0.000000E+00,14, 4.819342E-01,0, 0.000000E+00,0, 0.000000E+00,9, 4.013963E+01, 4.982865E-01, 1.612057E+01,NULL,NULL,1,mc_qqps,54
-21042,2333,20228,45640,94C2, 9.125000E+01,25,13,38,25,13, 4.705850E+00,-2.286501E+00,-3.525546E+00, 6.967810E+01, 6.935609E+01, 2.774244E+00,-1.094699E+01, 1.680737E+00, 7.793614E+00, 9.474944E+01, 4.867735E+01, 1.002559E+01, 1.889331E+00,16, 7.927241E+00,1, 0.000000E+00,0, 0.000000E+00,9, 2.128590E+01, 3.626693E-01, 1.001008E+01,NULL,NULL,1,mc_qqps,54
-21042,2334,20228,45653,94C2, 9.125000E+01,25,18,43,25,18, 1.105251E+01, 7.102019E+00,-1.280710E+00, 5.176152E+01, 5.153957E+01, 2.061583E+00, 1.360799E-01, 1.823646E+00,-1.040268E-01, 9.081332E+01, 4.709921E+01, 1.705652E+01, 1.794556E+01,21, 1.244374E+01,0, 0.000000E+00,0, 0.000000E+00,13, 1.948254E+01, 4.456913E-01, 4.049712E+00,NULL,NULL,1,mc_qqps,54
-21042,2335,20228,45705,94C2, 9.125000E+01,15,12,27,15,12,-2.297741E+00, 9.943336E+00,-1.380704E+01, 2.941659E+01, 2.917957E+01, 1.945305E+00,-2.745598E+00, 3.340418E+00,-6.531261E+00, 8.445001E+01, 2.785151E+01, 1.388765E+01, 4.114578E+01,3, 6.055382E-01,10, 0.000000E+00,0, 0.000000E+00,1, 6.006479E-01, 6.006479E-01, 6.006479E-01,NULL,NULL,1,mc_qqps,54
-21042,2336,20228,45721,94C2, 9.125000E+01,42,7,49,42,7,-5.475996E+00, 4.604619E+00,-4.826945E+00, 8.078507E+01, 7.996246E+01, 1.903868E+00,-1.577257E+00, 2.816971E+00,-1.989755E+00, 9.146619E+01, 6.521581E+01, 2.263542E+00, 8.417577E+00,4, 5.601028E-02,4, 0.000000E+00,0, 0.000000E+00,1, 7.980483E-01, 7.980483E-01, 7.980483E-01,NULL,NULL,1,mc_qqps,54
-21042,2337,20228,45739,94C2, 9.125000E+01,33,16,49,33,16,-2.007409E-01,-2.153857E+00,-2.362400E+01, 8.305990E+01, 8.239976E+01, 2.496962E+00,-4.116214E+00,-1.061903E+00,-2.289732E+01, 1.008989E+02, 2.931052E+01, 1.088311E+01, 2.630972E+00,3, 0.000000E+00,17, 1.331483E+01,0, 0.000000E+00,3, 7.600038E+00, 1.581761E+00, 4.324876E+00,NULL,NULL,1,mc_qqps,54
-21042,2338,20228,45756,94C2, 9.125000E+01,35,20,55,35,20,-2.703563E+00,-1.375966E+01,-2.047586E+00, 5.696369E+01, 5.623558E+01, 1.606731E+00,-3.078128E+00, 1.260846E+00, 7.351887E-01, 8.364020E+01, 5.486721E+01, 1.872160E+01, 4.491864E+00,22, 4.366304E+00,0, 0.000000E+00,0, 0.000000E+00,16, 2.183401E+01, 4.642664E-01, 6.309804E+00,NULL,NULL,1,mc_qqps,54
-21042,2339,20228,45814,94C2, 9.125000E+01,35,15,50,35,15, 1.614768E+01, 6.623502E+00, 3.284189E+00, 7.013103E+01, 6.952015E+01, 1.986290E+00,-5.120307E+00,-2.628334E+00,-1.822414E+00, 9.965434E+01, 6.343195E+01, 2.420296E+01, 1.940615E+00,22, 5.445673E+00,0, 0.000000E+00,0, 0.000000E+00,11, 2.594996E+01, 5.063493E-01, 8.542891E+00,NULL,NULL,1,mc_qqps,54
-21042,2340,20228,45830,94C2, 9.125000E+01,35,9,44,35,9,-9.357662E+00,-1.526000E+00, 8.453645E-02, 5.105050E+01, 5.025407E+01, 1.435831E+00, 1.423512E+00, 8.076358E-01, 2.666638E+00, 9.352275E+01, 2.964664E+01, 4.247295E+01, 0.000000E+00,15, 4.485748E-01,0, 0.000000E+00,0, 0.000000E+00,9, 4.247225E+01, 3.764980E-01, 1.303335E+01,NULL,NULL,1,mc_qqps,54
-21042,2341,20228,45846,94C2, 9.125000E+01,19,11,30,19,11, 8.541831E+00, 2.479648E+00,-1.791790E+00, 7.373228E+01, 7.361985E+01, 3.874729E+00, 2.242737E+00, 1.404139E-01, 1.290172E+00, 9.477737E+01, 6.370462E+01, 1.462332E+01, 5.606226E+00,17, 1.608453E+01,0, 0.000000E+00,0, 0.000000E+00,7, 1.546746E+01, 5.034505E-01, 8.340639E+00,NULL,NULL,1,mc_qqps,54
-21042,2342,20228,45858,94C2, 9.125000E+01,16,21,37,16,21, 1.031188E+00, 3.068173E+00, 6.101992E+01, 7.555536E+01, 7.526339E+01, 4.703962E+00, 2.908808E-01, 6.013021E+00, 6.753966E+01, 1.361026E+02, 6.408429E+00, 3.557080E+01, 2.501641E+01,0, 0.000000E+00,16, 1.286905E+00,0, 0.000000E+00,NULL,NULL,NULL,NULL,1, 0.000000E+00,0,mc_qqps,54
-21042,2343,20228,45909,94C2, 9.125000E+01,25,21,46,25,21, 1.370497E+00, 1.634650E+00,-3.386740E+00, 2.356934E+01, 2.308875E+01, 9.235500E-01, 2.480520E+00, 3.048243E+00,-8.306190E-01, 6.633822E+01, 5.856275E+00, 3.546054E+01, 7.358432E+00,1, 0.000000E+00,16, 2.387073E+00,0, 0.000000E+00,NULL,NULL,NULL,NULL,4, 0.000000E+00,0,mc_qqps,54
-21042,2344,20228,45940,94C2, 9.125000E+01,48,14,62,48,14,-2.748002E+00, 8.949784E+00,-3.814742E+00, 6.958466E+01, 6.848364E+01, 1.426743E+00,-1.548294E+00, 1.038056E+01,-2.980561E+00, 8.991844E+01, 5.488142E+01, 1.957521E+01, 7.585683E-01,16, 9.676079E-01,1, 0.000000E+00,0, 0.000000E+00,11, 1.847724E+01, 3.273493E-01, 5.248032E+00,NULL,NULL,1,mc_qqps,54
-21042,2345,20228,45959,94C2, 9.125000E+01,19,15,34,19,15,-1.498147E+00, 3.648562E+00,-1.840198E+00, 5.608204E+01, 5.579763E+01, 2.936718E+00,-2.127577E+00, 7.741153E+00,-5.864449E+00, 8.011848E+01, 5.330663E+01, 1.891329E+01, 3.952036E+00,9, 3.660937E+00,1, 0.000000E+00,0, 0.000000E+00,6, 9.359797E+00, 4.813014E-01, 3.378521E+00,NULL,NULL,1,mc_qqps,54
-21042,2346,20228,50020,94C2, 9.125000E+01,34,14,48,34,14, 1.837660E+00,-6.083410E+00,-7.751016E+00, 4.588655E+01, 4.506672E+01, 1.325492E+00, 3.632565E-01,-8.484265E+00,-1.244572E+01, 6.118594E+01, 3.489282E+01, 9.574790E+00, 2.680422E+00,8, 1.700434E-01,4, 0.000000E+00,0, 0.000000E+00,5, 6.953864E+00, 3.338065E-01, 2.686677E+00,NULL,NULL,1,mc_qqps,54
-21042,2347,20228,50040,94C2, 9.125000E+01,41,26,67,41,26,-8.573821E+00, 8.074181E+00, 1.906240E+01, 7.837906E+01, 7.764287E+01, 1.893728E+00,-8.830423E+00, 8.132256E+00, 1.415690E+01, 1.166725E+02, 3.768447E+01, 3.128308E+01, 7.012275E+00,0, 0.000000E+00,28, 2.345362E+00,0, 0.000000E+00,NULL,NULL,NULL,NULL,NULL,NULL,1,mc_qqps,54
-21042,2348,20228,50059,94C2, 9.125000E+01,32,11,43,32,11,-6.784848E+00, 2.933052E+00,-1.844151E+00, 5.440635E+01, 5.364005E+01, 1.676251E+00,-1.359687E+00,-1.028511E+00, 3.512625E+00, 7.592545E+01, 4.665211E+01, 2.072218E+01, 1.369315E+00,11, 1.031623E+01,0, 0.000000E+00,0, 0.000000E+00,7, 1.769691E+01, 6.454477E-01, 5.687210E+00,NULL,NULL,1,mc_qqps,54
-21042,2349,20228,50111,94C2, 9.125000E+01,24,16,40,24,16,-6.398020E+00,-9.646882E+00, 7.973040E+00, 4.525933E+01, 4.486279E+01, 1.869283E+00,-6.393670E+00,-1.123515E+01, 1.182213E+01, 6.908304E+01, 3.704474E+01, 2.062609E+01, 3.197621E+00,8, 8.871440E-02,12, 2.324987E+00,0, 0.000000E+00,5, 4.168468E+00, 3.761596E-01, 1.635150E+00,NULL,NULL,1,mc_qqps,54
-21042,2350,20228,50128,94C2, 9.125000E+01,22,9,31,22,9, 1.593383E+00, 1.133192E+00, 2.561261E+00, 8.125488E+01, 8.083000E+01, 3.674091E+00, 2.656667E-01, 6.468954E-01,-3.589809E-03, 9.216114E+01, 7.608154E+01, 9.512894E+00, 0.000000E+00,14, 3.042287E+00,0, 0.000000E+00,0, 0.000000E+00,8, 1.045825E+01, 4.893034E-01, 2.788427E+00,NULL,NULL,1,mc_qqps,54
-21042,2351,20228,50140,94C2, 9.125000E+01,21,9,30,21,9,-6.560613E-01, 1.037213E+01,-8.946461E+00, 6.781374E+01, 6.745834E+01, 3.212302E+00,-6.153718E-02, 5.762377E+00,-3.599118E+00, 9.078704E+01, 6.402158E+01, 1.897170E+01, 4.001606E+00,9, 7.131524E+00,1, 0.000000E+00,0, 0.000000E+00,4, 9.998809E+00, 8.809634E-01, 4.209552E+00,NULL,NULL,1,mc_qqps,54
-21042,2352,20228,50153,94C2, 9.125000E+01,26,12,38,26,12, 1.468974E+01, 4.148323E+00, 1.569678E+01, 5.691515E+01, 5.657825E+01, 2.176087E+00, 7.881557E+00, 1.355033E+00, 6.356293E+00, 8.204443E+01, 4.238778E+01, 6.228676E+00, 1.731123E+01,8, 2.334526E+00,1, 0.000000E+00,0, 0.000000E+00,5, 5.178656E+00, 7.107502E-01, 1.595317E+00,NULL,NULL,1,mc_qqps,54
-21042,2353,20228,50207,94C2, 9.125000E+01,12,10,22,12,10,-1.419679E+01,-1.481397E+01, 1.365161E+01, 3.801540E+01, 3.786642E+01, 3.155535E+00, 8.770688E+00, 9.368578E+00,-8.390528E+00, 7.862585E+01, 3.763236E+01, 3.906917E+01, 1.541268E+00,12, 2.024570E+00,0, 0.000000E+00,0, 0.000000E+00,6, 3.670947E+01, 6.330842E-01, 2.794585E+01,NULL,NULL,1,mc_qqps,54
-21042,2354,20228,50215,94C2, 9.125000E+01,29,6,35,29,6,-1.142507E+01,-1.057449E+00, 4.151897E+00, 7.346331E+01, 7.241528E+01, 2.497078E+00, 5.922000E-01,-3.773870E-01,-5.804164E-01, 8.935468E+01, 7.059772E+01, 1.542450E+01, 4.668745E-01,10, 4.294477E+00,0, 0.000000E+00,0, 0.000000E+00,4, 1.542450E+01, 1.405620E+00, 8.989043E+00,NULL,NULL,1,mc_qqps,54
-21042,2355,20228,50228,94C2, 9.125000E+01,38,17,55,38,17, 1.463110E+00,-3.540768E+00,-7.800271E+00, 5.002316E+01, 4.924968E+01, 1.296044E+00,-1.095972E+00,-8.460467E-01,-2.171736E+00, 6.935652E+01, 3.944943E+01, 1.788502E+01, 3.519457E-01,5, 4.618994E-02,15, 2.132958E+00,0, 0.000000E+00,3, 2.503132E+00, 4.362991E-01, 1.096398E+00,NULL,NULL,1,mc_qqps,54
-21042,2356,20228,50252,94C2, 9.125000E+01,31,19,50,31,19, 2.292655E-01, 1.421200E+00,-5.279231E+00, 5.121169E+01, 5.074899E+01, 1.637064E+00,-9.027954E+00,-2.362341E+00, 1.061601E+01, 8.300175E+01, 3.897102E+01, 1.152269E+01, 2.029569E+01,3, 2.205009E-01,15, 2.898218E+00,0, 0.000000E+00,NULL,NULL,NULL,NULL,1, 0.000000E+00,1,mc_qqps,54
-21042,2357,20228,50309,94C2, 9.125000E+01,36,14,50,36,14,-1.413414E+01,-6.391730E+00, 5.091609E+00, 6.623249E+01, 6.539706E+01, 1.816585E+00, 5.415189E+00, 5.522059E+00,-2.819020E+00, 9.671766E+01, 5.065881E+01, 2.815175E+01, 1.620004E+00,15, 1.231456E+01,0, 0.000000E+00,0, 0.000000E+00,7, 2.253782E+01, 9.093078E-01, 1.361289E+01,NULL,NULL,1,mc_qqps,54
-21042,2358,20228,50326,94C2, 9.125000E+01,20,9,29,20,9,-2.332523E+01,-7.172136E+00, 1.461968E+01, 5.682283E+01, 5.652808E+01, 2.826404E+00,-4.594886E+00,-7.344581E-01, 4.555680E+00, 8.511057E+01, 5.509361E+01, 1.299860E+01, 1.329803E+01,8, 5.040678E-01,1, 0.000000E+00,0, 0.000000E+00,4, 1.309369E+01, 4.828123E-01, 1.110258E+01,NULL,NULL,1,mc_qqps,54
-21042,2359,20228,50338,94C2, 9.125000E+01,24,16,40,24,16, 7.201737E+00,-1.759811E+01,-6.867526E+00, 4.344819E+01, 4.308009E+01, 1.795004E+00,-5.648776E-01, 5.416577E+00,-1.311817E+01, 8.690314E+01, 3.473549E+01, 3.333646E+01, 3.189994E+00,16, 5.160862E+00,1, 0.000000E+00,0, 0.000000E+00,11, 3.584784E+01, 4.598016E-01, 1.058610E+01,3, 0.000000E+00,1,mc_qqps,54
-21042,2360,20228,50358,94C2, 9.125000E+01,17,16,33,17,16,-3.491699E+00,-1.456992E+01, 2.598118E-01, 4.816582E+01, 4.805435E+01, 2.826727E+00,-1.204235E+00,-6.801580E+00,-5.686081E+00, 7.667281E+01, 2.758017E+01, 2.613893E+01, 1.939543E+00,6, 2.927284E+00,11, 7.765385E+00,0, 0.000000E+00,4, 1.681239E+01, 4.285045E-01, 1.480128E+01,3, 0.000000E+00,1,mc_qqps,54
-21042,2361,20228,50416,94C2, 9.125000E+01,28,4,32,28,4,-3.165959E+00,-8.063753E-02, 2.318882E+00, 8.101666E+01, 8.071093E+01, 2.882533E+00, 4.665867E+00,-4.773846E+00,-5.997975E+00, 9.869591E+01, 7.200686E+01, 1.081716E+01, 6.880352E+00,6, 0.000000E+00,0, 0.000000E+00,0, 0.000000E+00,2, 8.553672E+00, 2.679370E+00, 5.874302E+00,NULL,NULL,1,mc_qqps,54
-21042,2362,20228,50428,94C2, 9.125000E+01,25,22,47,25,22,-3.053161E+01,-2.167356E+00, 5.391813E+00, 7.104651E+01, 7.055141E+01, 2.822056E+00,-2.017435E+01,-2.003452E+00, 1.640330E+00, 9.711920E+01, 4.862592E+01, 1.614032E+01, 2.767616E+00,21, 6.603046E+00,0, 0.000000E+00,0, 0.000000E+00,15, 2.080577E+01, 3.471969E-01, 4.394920E+00,NULL,NULL,1,mc_qqps,54
-21042,2363,20228,50442,94C2, 9.125000E+01,37,16,53,37,16, 2.438329E+00, 2.555558E+00,-4.071095E-01, 7.176534E+01, 7.109333E+01, 1.921441E+00, 1.110944E+01,-1.652217E+01,-8.365021E+00, 9.908479E+01, 6.861819E+01, 1.702781E+01, 9.846952E+00,19, 3.055665E+00,0, 0.000000E+00,0, 0.000000E+00,12, 1.479340E+01, 3.742325E-01, 2.438922E+00,NULL,NULL,1,mc_qqps,54
-21042,2364,20228,50457,94C2, 9.125000E+01,16,21,37,16,21,-8.391563E+00,-8.181494E+00, 4.949097E+00, 2.303295E+01, 2.284741E+01, 1.427963E+00, 3.569086E+00, 8.885824E+00,-3.591681E+00, 8.541583E+01, 1.827664E+01, 6.102928E+01, 2.565857E-01,22, 2.695113E+01,0, 0.000000E+00,0, 0.000000E+00,20, 6.212630E+01, 8.687437E-01, 1.412237E+01,NULL,NULL,1,mc_qqps,54
-21042,2365,20228,50510,94C2, 9.125000E+01,42,10,52,42,10, 4.687967E+00, 1.037604E+00,-1.015089E+00, 7.144537E+01, 7.040234E+01, 1.676246E+00, 5.757310E+00, 2.895454E+00,-1.314133E+00, 8.278788E+01, 6.397790E+01, 9.170278E+00, 0.000000E+00,15, 4.713614E+00,0, 0.000000E+00,0, 0.000000E+00,10, 1.134251E+01, 6.129026E-01, 2.290421E+00,NULL,NULL,1,mc_qqps,54
-21042,2366,20228,50528,94C2, 9.125000E+01,13,9,22,13,9, 1.816955E+01,-1.461904E+01, 2.374899E+00, 4.478883E+01, 4.461341E+01, 3.431801E+00, 1.296291E-01, 3.105741E-01, 1.664988E-01, 8.920792E+01, 4.409817E+01, 2.016629E+01, 9.269426E+00,10, 4.633165E+00,0, 0.000000E+00,0, 0.000000E+00,7, 3.514967E+01, 5.085272E-01, 1.498338E+01,NULL,NULL,1,mc_qqps,54
-21042,2367,20228,50541,94C2, 9.125000E+01,39,19,58,39,19,-4.149420E+00,-4.214728E+00, 2.000078E+00, 6.254707E+01, 6.149333E+01, 1.576752E+00,-5.122317E+00,-6.217757E+00, 3.711298E+00, 9.246027E+01, 5.329684E+01, 2.360230E+01, 6.322374E+00,17, 7.320249E+00,0, 0.000000E+00,0, 0.000000E+00,11, 1.876896E+01, 3.820550E-01, 5.374939E+00,1, 0.000000E+00,1,mc_qqps,54
-21042,2368,20228,50558,94C2, 9.125000E+01,36,14,50,36,14, 1.587627E+01, 2.644426E+00,-6.664476E+00, 7.569618E+01, 7.493739E+01, 2.081594E+00, 1.803791E+01, 2.956521E+00,-7.292844E+00, 1.121410E+02, 6.822507E+01, 3.217384E+01, 1.177380E+00,16, 6.502427E-01,0, 0.000000E+00,0, 0.000000E+00,12, 3.500095E+01, 5.242332E-01, 1.199941E+01,NULL,NULL,1,mc_qqps,54
-21042,2369,20228,50613,94C2, 9.125000E+01,34,10,44,34,10, 1.525474E+00,-1.268432E+00,-2.124910E+00, 8.568630E+01, 8.489365E+01, 2.496872E+00, 2.924027E+00,-3.637522E+00,-5.903381E+00, 1.261040E+02, 8.036871E+01, 9.006622E+00, 3.212063E+01,2, 0.000000E+00,2, 0.000000E+00,0, 0.000000E+00,NULL,NULL,NULL,NULL,NULL,NULL,1,mc_qqps,54
-21042,2370,20228,50635,94C2, 9.125000E+01,36,20,56,36,20,-8.606377E+00,-1.107310E+01,-9.488837E+00, 4.240722E+01, 4.164752E+01, 1.156875E+00,-9.757841E+00,-1.188615E+01,-1.379086E+01, 7.443862E+01, 3.491063E+01, 2.403171E+01, 4.931210E+00,15, 4.157176E-01,5, 0.000000E+00,0, 0.000000E+00,11, 2.302341E+01, 4.863153E-01, 5.426646E+00,NULL,NULL,1,mc_qqps,54
-21042,2371,20228,50655,94C2, 9.125000E+01,22,19,41,22,19,-2.652266E+00, 4.022077E+00,-6.115506E+00, 5.008235E+01, 4.972055E+01, 2.260025E+00, 4.202326E+00,-2.211592E+00, 3.744707E+00, 8.467416E+01, 4.821082E+01, 2.645530E+01, 6.116537E-01,18, 2.008274E+00,0, 0.000000E+00,0, 0.000000E+00,16, 3.057119E+01, 4.047661E-01, 5.331954E+00,NULL,NULL,1,mc_qqps,54
-21042,2372,20228,50708,94C2, 9.125000E+01,10,13,23,10,13, 7.616880E+00,-3.978404E+00,-9.139348E+00, 1.581148E+01, 1.561604E+01, 1.561604E+00,-5.378030E+00, 4.741627E+00, 1.031560E+01, 5.985482E+01, 1.395015E+01, 3.817097E+01, 1.321178E+00,7, 0.000000E+00,3, 0.000000E+00,0, 0.000000E+00,7, 4.059704E+01, 4.642950E-01, 3.347931E+01,NULL,NULL,1,mc_qqps,54
-21042,2373,20228,50729,94C2, 9.125000E+01,13,7,20,13,7,-2.181361E+01,-1.200987E+01, 4.590834E+00, 1.150484E+02, 1.148724E+02, 8.836340E+00,-2.981314E+01,-1.773832E+01, 7.830026E+00, 1.266715E+02, 4.715861E+01, 8.544118E+00, 0.000000E+00,12, 3.282066E+00,0, 0.000000E+00,0, 0.000000E+00,7, 1.162308E+01, 6.610402E-01, 3.336457E+00,NULL,NULL,1,mc_qqps,54
-21042,2374,20228,50740,94C2, 9.125000E+01,41,11,52,41,11,-3.931337E+00, 1.970129E+00,-4.184941E+00, 6.508652E+01, 6.440068E+01, 1.570748E+00,-5.050434E-01,-1.188002E+00,-2.209226E-01, 8.136524E+01, 6.139413E+01, 1.627874E+01, 0.000000E+00,13, 6.855664E-01,4, 0.000000E+00,0, 0.000000E+00,7, 1.292881E+01, 6.636887E-01, 5.151223E+00,NULL,NULL,1,mc_qqps,54
-21042,2375,20228,50758,94C2, 9.125000E+01,27,14,41,27,14, 7.374901E+00,-1.383200E+01,-2.100576E+01, 5.395180E+01, 5.348253E+01, 1.980834E+00, 6.373397E+00,-1.266580E+01,-1.938937E+01, 8.548773E+01, 5.075957E+01, 1.619959E+01, 1.381189E+01,3, 1.713452E-01,8, 6.530699E-01,0, 0.000000E+00,1, 1.530332E+00, 1.530332E+00, 1.530332E+00,NULL,NULL,1,mc_qqps,54
-21042,2376,20228,50819,94C2, 9.125000E+01,21,11,32,21,11, 3.427837E+00,-3.454644E-01,-4.410744E+01, 5.268067E+01, 5.226698E+01, 2.488904E+00, 3.564524E+00, 1.488302E+00,-4.780151E+01, 6.869540E+01, 8.979223E+00, 1.509494E+01, 0.000000E+00,3, 0.000000E+00,10, 0.000000E+00,0, 0.000000E+00,3, 3.729991E+00, 9.197821E-01, 1.554447E+00,2, 0.000000E+00,0,mc_qqps,54
-21042,2377,20228,50836,94C2, 9.125000E+01,15,9,24,15,9,-5.626565E-01, 5.521556E+00, 1.297614E+01, 5.690789E+01, 5.671830E+01, 3.781220E+00,-4.922782E-01, 6.825107E+00, 1.313412E+01, 7.070690E+01, 5.386890E+01, 1.147933E+01, 2.319683E+00,0, 0.000000E+00,12, 1.601327E+01,0, 0.000000E+00,NULL,NULL,NULL,NULL,NULL,NULL,1,mc_qqps,54
-21042,2378,20228,50848,94C2, 9.125000E+01,31,18,49,31,18, 5.945031E+00, 7.150155E+00, 1.192640E+01, 6.899360E+01, 6.824746E+01, 2.201531E+00, 9.288322E+00, 1.546714E+01, 2.131325E+01, 9.163937E+01, 6.744967E+01, 1.746018E+01, 2.252810E+00,12, 2.296589E-01,3, 0.000000E+00,0, 0.000000E+00,10, 1.712292E+01, 4.175567E-01, 6.495135E+00,NULL,NULL,1,mc_qqps,54
-21042,2379,20228,50907,94C2, 9.125000E+01,32,11,43,32,11,-5.787283E+00, 2.152325E+00,-2.237712E-01, 4.482833E+01, 4.424830E+01, 1.382759E+00,-4.995500E-01,-4.131940E-01, 4.267410E+00, 6.199853E+01, 3.582594E+01, 1.560846E+01, 7.160028E-01,13, 2.356534E-01,1, 0.000000E+00,0, 0.000000E+00,10, 1.645419E+01, 5.050323E-01, 3.547916E+00,NULL,NULL,1,mc_qqps,54
-21042,2380,20228,50921,94C2, 9.125000E+01,14,9,23,14,9,-4.008865E+00, 1.148819E+01, 5.197901E+00, 4.263856E+01, 4.245377E+01, 3.032412E+00, 3.997957E-01,-2.906630E+00,-1.437480E+00, 7.350418E+01, 3.652641E+01, 2.627646E+01, 5.119920E-01,8, 9.989951E-02,0, 0.000000E+00,0, 0.000000E+00,7, 3.008667E+01, 9.802705E-01, 7.023428E+00,NULL,NULL,1,mc_qqps,54
-21042,2381,20228,50931,94C2, 9.125000E+01,29,14,43,29,14, 1.847956E+00,-7.347446E+00,-4.860383E+00, 5.569895E+01, 5.500478E+01, 1.896716E+00,-4.275762E-01,-4.578296E+00,-5.154055E+00, 7.067687E+01, 4.172248E+01, 1.296443E+01, 9.287974E-01,16, 2.782610E+00,0, 0.000000E+00,0, 0.000000E+00,9, 1.263376E+01, 5.499004E-01, 3.466986E+00,NULL,NULL,1,mc_qqps,54
-21042,2382,20228,50946,94C2, 9.125000E+01,40,12,52,40,12, 9.111577E+00,-3.526297E+00, 7.894870E+00, 6.381273E+01, 6.315462E+01, 1.578866E+00, 1.043655E+01,-4.867580E+00, 1.283701E+01, 7.841803E+01, 5.622153E+01, 1.460530E+01, 0.000000E+00,10, 7.783027E-01,7, 0.000000E+00,0, 0.000000E+00,8, 5.615202E+00, 2.383868E-01, 1.079215E+00,NULL,NULL,1,mc_qqps,54
-21042,2383,20228,51003,94C2, 9.125000E+01,18,12,30,18,12, 7.000054E-02, 2.926152E+00, 1.671302E+00, 8.505827E+01, 8.485417E+01, 4.714121E+00, 7.081977E-01,-8.272614E-01,-2.231546E+00, 9.921683E+01, 8.312909E+01, 1.372602E+01, 4.325322E-01,4, 0.000000E+00,8, 1.398159E+01,0, 0.000000E+00,4, 2.778752E+00, 4.248155E-01, 1.207519E+00,NULL,NULL,1,mc_qqps,54
-21042,2384,20228,51017,94C2, 9.125000E+01,30,14,44,30,14,-1.055969E+01, 5.930897E+00, 5.209248E+00, 5.403464E+01, 5.313947E+01, 1.771315E+00,-2.507553E+00, 1.469111E+00, 5.341271E-01, 8.218257E+01, 4.737385E+01, 2.214524E+01, 2.214332E+00,14, 4.975857E+00,0, 0.000000E+00,0, 0.000000E+00,8, 2.381072E+01, 6.802156E-01, 1.261174E+01,NULL,NULL,1,mc_qqps,54
-21042,2385,20228,51032,94C2, 9.125000E+01,25,8,33,25,8,-1.833851E+01,-2.181253E+01,-1.353949E+01, 5.250967E+01, 5.216825E+01, 2.086730E+00, 2.901347E+00,-1.190475E+00, 2.054673E+00, 9.319237E+01, 4.429349E+01, 3.920837E+01, 1.474324E+00,11, 3.947536E+00,0, 0.000000E+00,0, 0.000000E+00,4, 2.046429E+01, 6.692784E-01, 1.531188E+01,NULL,NULL,1,mc_qqps,54
-21042,2386,20228,51045,94C2, 9.125000E+01,44,11,55,44,11, 5.706548E+00,-1.213869E+00, 1.670988E+01, 6.792428E+01, 6.722594E+01, 1.527862E+00, 5.341312E+00,-2.010098E-01, 1.255545E+01, 8.764814E+01, 4.228401E+01, 1.311887E+01, 6.605000E+00,2, 0.000000E+00,9, 0.000000E+00,0, 0.000000E+00,2, 1.931111E+00, 5.793605E-01, 1.351750E+00,1, 0.000000E+00,1,mc_qqps,54
-21042,2387,20228,51105,94C2, 9.125000E+01,33,15,48,33,15,-2.339239E+00, 1.414893E+01,-1.922442E+01, 4.861254E+01, 4.793532E+01, 1.452585E+00,-2.414190E+00, 9.618616E+00,-1.689217E+01, 8.070287E+01, 4.068770E+01, 2.329671E+01, 7.996867E+00,5, 1.174695E-01,7, 0.000000E+00,0, 0.000000E+00,3, 1.209790E+00, 3.135834E-01, 4.831649E-01,1, 0.000000E+00,1,mc_qqps,54
-21042,2388,20228,51123,94C2, 9.125000E+01,40,10,50,40,10,-1.157279E+01, 4.363011E+00, 2.853340E+00, 8.322364E+01, 8.190129E+01, 2.047532E+00,-2.744339E+00,-1.411085E+00,-7.644623E-01, 1.031837E+02, 7.446159E+01, 1.909787E+01, 8.621510E-01,10, 1.949127E+01,0, 0.000000E+00,0, 0.000000E+00,6, 1.805955E+01, 9.128451E-01, 5.352880E+00,1, 0.000000E+00,1,mc_qqps,54
-21042,2389,20228,51140,94C2, 9.125000E+01,31,15,46,31,15, 8.619663E-01, 9.273174E+00,-1.541167E+00, 5.331808E+01, 5.272446E+01, 1.700789E+00, 2.400492E+00, 8.426369E+00, 6.045350E-01, 7.950434E+01, 4.284503E+01, 2.508225E+01, 4.050463E-01,14, 8.418374E+00,2, 0.000000E+00,0, 0.000000E+00,10, 1.996692E+01, 3.464877E-01, 9.749307E+00,NULL,NULL,1,mc_qqps,54
-21042,2390,20228,51155,94C2, 9.125000E+01,31,12,43,31,12, 1.583896E+00,-5.394861E+00, 3.537672E+00, 3.782053E+01, 3.701614E+01, 1.194069E+00, 2.082799E+00, 3.294949E+00, 1.610709E+00, 8.398540E+01, 3.360054E+01, 4.221354E+01, 3.953443E+00,11, 7.059849E+00,0, 0.000000E+00,0, 0.000000E+00,9, 3.949492E+01, 3.520240E-01, 2.153564E+01,NULL,NULL,1,mc_qqps,54
-21042,2391,20228,51209,94C2, 9.125000E+01,54,17,71,54,17,-2.260878E-01, 8.687345E+00,-1.037673E+00, 6.946732E+01, 6.807480E+01, 1.260644E+00,-2.987458E+00, 1.625438E+01,-6.629573E-01, 8.687337E+01, 4.909211E+01, 1.363939E+01, 1.849239E+00,18, 4.530701E+00,0, 0.000000E+00,0, 0.000000E+00,11, 1.261986E+01, 5.204747E-01, 2.471041E+00,NULL,NULL,1,mc_qqps,54
-21042,2392,20228,51228,94C2, 9.125000E+01,37,9,46,37,9,-2.634687E+01,-1.112018E+01, 1.698977E+01, 7.955561E+01, 7.881252E+01, 2.130068E+00,-1.487031E+01,-5.220012E+00, 7.643534E+00, 1.003495E+02, 4.822672E+01, 2.004497E+01, 1.775474E-01,13, 5.938407E-01,0, 0.000000E+00,0, 0.000000E+00,7, 2.036135E+01, 5.713290E-01, 1.093172E+01,NULL,NULL,1,mc_qqps,54
-21042,2393,20228,51239,94C2, 9.125000E+01,36,21,57,36,21, 8.816992E+00, 1.032176E+01, 9.990555E+00, 3.454501E+01, 3.350398E+01, 9.306661E-01, 5.758142E+00, 6.320921E+00, 4.449540E+00, 7.707375E+01, 2.947906E+01, 2.217797E+01, 1.776528E+01,19, 4.564540E+00,1, 0.000000E+00,0, 0.000000E+00,15, 2.250345E+01, 5.306252E-01, 6.758908E+00,NULL,NULL,1,mc_qqps,54
-21042,2394,20228,51300,94C2, 9.125000E+01,9,12,21,9,12, 1.436385E+01, 2.186473E+01, 1.377515E+01, 4.009051E+01, 3.989760E+01, 4.433066E+00, 1.511334E+01, 2.111808E+01, 1.208228E+01, 8.832683E+01, 3.910300E+01, 3.182030E+01, 1.569474E+01,12, 5.974515E+00,0, 0.000000E+00,0, 0.000000E+00,9, 3.254156E+01, 7.212580E-01, 1.511230E+01,NULL,NULL,1,mc_qqps,54
-21042,2395,20228,51311,94C2, 9.125000E+01,27,10,37,27,10, 3.617183E+00, 1.015460E+00, 4.622933E+02, 5.411245E+02, 5.406155E+02, 2.002279E+01, 3.752215E+00, 2.646828E-01, 4.591719E+02, 5.569495E+02, 2.665886E+01, 8.207106E+00, 7.617975E+00,1, 0.000000E+00,11, 2.602197E+01,0, 0.000000E+00,NULL,NULL,NULL,NULL,NULL,NULL,1,mc_qqps,54
-21042,2396,20228,51323,94C2, 9.125000E+01,19,5,24,19,5, 1.807019E+00, 6.016065E+00, 1.846983E+00, 6.977888E+01, 6.946272E+01, 3.655933E+00, 7.651736E-01,-6.900281E-01,-8.829654E-01, 7.997598E+01, 6.745742E+01, 8.552402E+00, 0.000000E+00,10, 9.393867E+00,0, 0.000000E+00,0, 0.000000E+00,4, 9.281680E+00, 7.115234E-01, 5.535997E+00,NULL,NULL,1,mc_qqps,54
-21042,2397,20228,51336,94C2, 9.125000E+01,22,10,32,22,10,-3.680709E+00,-7.957704E+00, 1.319130E+01, 6.823791E+01, 6.797359E+01, 3.089709E+00,-2.351872E+00,-4.081983E+00, 7.635015E+00, 8.149944E+01, 6.604755E+01, 4.591342E+00, 7.226931E+00,7, 2.326966E-01,2, 0.000000E+00,0, 0.000000E+00,4, 4.887637E+00, 4.655791E-01, 1.842447E+00,1, 0.000000E+00,1,mc_qqps,54
-21042,2398,20228,51351,94C2, 9.125000E+01,6,12,18,6,12, 1.530634E-01,-3.040568E-01, 1.639937E-01, 5.216961E+00, 5.058764E+00, 8.431274E-01, 3.337298E-01,-2.837590E-01,-2.740250E-01, 3.504862E+01, 2.600085E+00, 2.420081E+01, 5.630856E+00,1, 0.000000E+00,4, 0.000000E+00,0, 0.000000E+00,1, 4.335144E-01, 4.335144E-01, 4.335144E-01,4, 0.000000E+00,0,mc_qqps,54
-21042,2399,20228,51421,94C2, 9.125000E+01,37,11,48,37,11,-6.664752E+00, 8.046616E+00,-5.222667E-01, 6.795621E+01, 6.677464E+01, 1.804720E+00,-2.851100E+00, 8.162735E-01,-6.821663E-01, 7.914513E+01, 6.152671E+01, 1.101970E+01, 1.692117E-01,14, 6.713830E-01,0, 0.000000E+00,0, 0.000000E+00,9, 1.077809E+01, 6.384445E-01, 1.861390E+00,NULL,NULL,1,mc_qqps,54
-21042,2400,20228,51439,94C2, 9.125000E+01,27,16,43,27,16,-1.887705E+01, 2.859013E+00,-2.163330E+00, 5.563135E+01, 5.520612E+01, 2.044671E+00,-4.596737E+00, 5.214782E-01, 9.221748E-01, 8.622378E+01, 4.950930E+01, 2.916305E+01, 6.263437E-01,17, 8.465725E-01,0, 0.000000E+00,0, 0.000000E+00,12, 2.926338E+01, 6.454423E-01, 8.889466E+00,NULL,NULL,1,mc_qqps,54
-21042,2401,20228,51456,94C2, 9.125000E+01,31,15,46,31,15,-3.544392E-01,-8.580080E-01,-9.890111E+01, 1.771448E+02, 1.767182E+02, 5.700588E+00,-5.846792E-01, 4.392872E-01,-1.030915E+02, 1.867392E+02, 2.258740E+01, 5.596734E+00, 3.997633E+00,1, 0.000000E+00,15, 4.582516E+00,0, 0.000000E+00,NULL,NULL,NULL,NULL,3, 0.000000E+00,0,mc_qqps,54
-21042,2402,20228,51513,94C2, 9.125000E+01,34,9,43,34,9,-3.583050E+00, 7.703177E+00,-9.312782E+00, 7.740060E+01, 7.684389E+01, 2.260115E+00,-5.958556E+00, 1.290515E+01,-1.540969E+01, 8.759142E+01, 7.361486E+01, 5.579216E+00, 1.292105E+00,7, 0.000000E+00,1, 0.000000E+00,0, 0.000000E+00,5, 7.072867E+00, 5.608457E-01, 3.117053E+00,NULL,NULL,1,mc_qqps,54
-21042,2403,20228,51530,94C2, 9.125000E+01,16,15,31,16,15, 4.001248E+00,-3.643151E+00, 9.368654E+00, 5.623036E+01, 5.585714E+01, 3.491071E+00, 5.373470E+00,-4.443789E+00, 1.276545E+01, 7.600608E+01, 5.553750E+01, 1.869633E+01, 4.053719E-01,3, 0.000000E+00,14, 5.344427E+00,0, 0.000000E+00,3, 2.041364E+00, 6.740206E-01, 6.928550E-01,NULL,NULL,1,mc_qqps,54
-21042,2404,20228,51542,94C2, 9.125000E+01,29,12,41,29,12, 1.395441E+01,-4.545881E+01, 5.818415E+00, 7.443079E+01, 7.369738E+01, 2.541289E+00, 7.864677E+00,-2.580476E+01, 2.504768E+00, 1.215656E+02, 3.856123E+01, 9.460724E+00, 2.972694E+01,12, 3.592242E+00,0, 0.000000E+00,0, 0.000000E+00,8, 1.497403E+01, 3.660302E-01, 4.570893E+00,1, 0.000000E+00,1,mc_qqps,54
-21042,2405,20228,51558,94C2, 9.125000E+01,38,18,56,38,18,-7.006943E-03, 3.127345E+00,-5.689343E+00, 5.242576E+01, 5.172068E+01, 1.361071E+00, 2.382133E+00,-3.170891E+00, 1.010510E+00, 8.417464E+01, 4.814671E+01, 2.405353E+01, 5.805994E+00,12, 4.119720E+00,7, 0.000000E+00,0, 0.000000E+00,7, 1.161410E+01, 3.855385E-01, 3.171630E+00,NULL,NULL,1,mc_qqps,54
-21042,2406,20228,51618,94C2, 9.125000E+01,38,16,54,38,16, 1.853322E+01, 5.819344E+00, 1.325823E+01, 6.717296E+01, 6.627624E+01, 1.744112E+00, 2.249060E+01, 1.138364E+01, 2.096013E+01, 9.771926E+01, 5.490724E+01, 1.635553E+01, 6.981988E+00,21, 1.099142E+01,0, 0.000000E+00,0, 0.000000E+00,15, 2.356572E+01, 5.003436E-01, 3.639917E+00,NULL,NULL,1,mc_qqps,54
-21042,2407,20228,51634,94C2, 9.125000E+01,18,9,27,18,9, 1.149853E+01, 4.751224E+00, 8.869967E+00, 6.128394E+01, 6.114566E+01, 3.396981E+00,-2.098833E+00,-1.051577E+00, 2.997811E+00, 8.252003E+01, 6.126229E+01, 2.123611E+01, 0.000000E+00,9, 4.764989E+00,4, 0.000000E+00,0, 0.000000E+00,4, 9.565730E+00, 7.207456E-01, 4.959982E+00,NULL,NULL,1,mc_qqps,54
-21042,2408,20228,51645,94C2, 9.125000E+01,48,12,60,48,12,-4.818336E+00, 5.172790E+00, 4.169167E+00, 9.512453E+01, 9.448624E+01, 1.968463E+00,-4.481002E+00, 2.233552E+00, 3.359675E+00, 1.103834E+02, 5.183634E+01, 1.428050E+01, 9.783533E-01,4, 0.000000E+00,19, 3.097255E+00,0, 0.000000E+00,1, 5.724871E-01, 5.724871E-01, 5.724871E-01,NULL,NULL,1,mc_qqps,54
-21042,2409,20228,51705,94C2, 9.125000E+01,31,10,41,31,10,-3.363913E-02,-1.831587E+00,-1.199107E+00, 6.061509E+01, 6.019104E+01, 1.941646E+00, 5.696939E+00,-1.879752E+00, 1.296802E+00, 9.945262E+01, 5.920092E+01, 2.606153E+01, 9.949036E+00,13, 8.081759E+00,0, 0.000000E+00,0, 0.000000E+00,5, 2.415279E+01, 5.636398E-01, 1.138607E+01,NULL,NULL,1,mc_qqps,54
-21042,2410,20228,51718,94C2, 9.125000E+01,26,13,39,26,13,-1.685095E+00, 5.871621E+00,-2.585789E+00, 5.542257E+01, 5.500089E+01, 2.115419E+00,-4.509768E-01, 9.089330E-01, 3.291889E-01, 8.430154E+01, 4.300553E+01, 2.713091E+01, 0.000000E+00,18, 5.053250E+00,0, 0.000000E+00,0, 0.000000E+00,12, 2.775164E+01, 6.775701E-01, 8.287416E+00,NULL,NULL,1,mc_qqps,54
-21042,2411,20228,51731,94C2, 9.125000E+01,8,3,11,8,3,-5.936888E-02, 1.074758E+01,-2.177331E+01, 5.800600E+01, 5.795130E+01, 7.243913E+00,-6.213940E-01, 2.243645E+01,-3.898630E+01, 9.092200E+01, 4.366349E+01, 0.000000E+00, 3.202080E+01,1, 0.000000E+00,3, 5.949036E-01,0, 0.000000E+00,1, 8.952037E-01, 8.952037E-01, 8.952037E-01,NULL,NULL,1,mc_qqps,54
-21042,2412,20228,51747,94C2, 9.125000E+01,13,7,20,13,7, 6.951602E+00, 9.465382E+00,-2.875352E+00, 7.288580E+01, 7.274774E+01, 5.595980E+00, 4.344865E+00, 7.765396E+00, 2.219154E+00, 8.307574E+01, 7.219445E+01, 7.823151E+00, 2.366785E+00,3, 1.502982E-01,6, 0.000000E+00,0, 0.000000E+00,2, 8.268014E-01, 4.051407E-01, 4.216608E-01,NULL,NULL,1,mc_qqps,54
-21042,2413,20228,51759,94C2, 9.125000E+01,28,21,49,28,21, 5.840862E+00, 9.258286E+00, 2.452178E+00, 4.336330E+01, 4.285890E+01, 1.530675E+00, 9.040145E-01, 3.298167E-01,-1.844620E-01, 9.254092E+01, 4.078881E+01, 3.116321E+01, 1.801440E+01,20, 7.612634E+00,1, 0.000000E+00,0, 0.000000E+00,16, 3.075777E+01, 5.381829E-01, 5.911566E+00,NULL,NULL,1,mc_qqps,54
-21042,2414,20228,51815,94C2, 9.125000E+01,18,16,34,18,16, 7.720176E-01, 2.888874E+00, 2.370772E+01, 3.771286E+01, 3.733722E+01, 2.074290E+00,-3.415637E-01,-1.903996E+00, 8.673531E+00, 6.341228E+01, 5.341061E+00, 1.715397E+01, 8.545446E+00,4, 0.000000E+00,11, 1.241890E+01,0, 0.000000E+00,4, 4.659350E+00, 6.948175E-01, 2.108996E+00,2, 0.000000E+00,0,mc_qqps,54
-21042,2415,20228,51828,94C2, 9.125000E+01,28,13,41,28,13,-7.225281E-01, 3.943247E+00,-7.323414E+01, 1.019174E+02, 1.014945E+02, 3.624804E+00,-5.740163E-01, 2.480959E+00,-7.235709E+01, 1.217431E+02, 2.083405E+01, 1.982570E+01, 0.000000E+00,0, 0.000000E+00,15, 4.365217E+00,0, 0.000000E+00,NULL,NULL,NULL,NULL,5, 0.000000E+00,1,mc_qqps,54
-21042,2416,20228,51849,94C2, 9.125000E+01,31,19,50,31,19,-2.474241E+00, 2.233274E+00, 4.630560E+00, 7.372795E+01, 7.307302E+01, 2.357194E+00, 1.528837E+00,-3.348678E+00,-3.852080E+00, 1.060184E+02, 6.980293E+01, 3.005224E+01, 2.594339E+00,14, 4.673409E+00,2, 0.000000E+00,0, 0.000000E+00,8, 1.644570E+01, 5.077485E-01, 4.312932E+00,NULL,NULL,1,mc_qqps,54
-21042,2417,20228,51904,94C2, 9.125000E+01,28,10,38,28,10, 6.407322E+00,-5.584769E+00, 1.125350E+01, 5.894420E+01, 5.863151E+01, 2.093982E+00,-1.661866E+00, 2.487273E-01,-4.167396E+00, 9.040111E+01, 5.393403E+01, 2.838414E+01, 2.020915E+00,1, 0.000000E+00,15, 2.706819E+00,0, 0.000000E+00,1, 1.051849E+00, 1.051849E+00, 1.051849E+00,NULL,NULL,1,mc_qqps,54
-21042,2418,20228,51920,94C2, 9.125000E+01,19,6,25,19,6,-1.361654E+01,-1.200306E-01,-1.172274E+01, 4.203048E+01, 4.173643E+01, 2.196655E+00, 1.170743E+01,-1.247431E+00, 1.534821E+01, 8.368750E+01, 3.667351E+01, 2.804707E+00, 2.769318E+01,4, 5.562968E-01,2, 0.000000E+00,0, 0.000000E+00,3, 1.237999E+01, 6.134942E-01, 1.054563E+01,NULL,NULL,1,mc_qqps,54
-21042,2419,20228,51939,94C2, 9.125000E+01,40,17,57,40,17,-9.497705E+00, 1.230949E+01,-7.078738E-01, 4.916101E+01, 4.823280E+01, 1.205820E+00,-6.510863E+00, 1.067243E+01,-1.559572E+00, 7.397318E+01, 4.311076E+01, 1.992822E+01, 1.753795E-01,20, 6.898049E-01,0, 0.000000E+00,0, 0.000000E+00,15, 2.368968E+01, 5.319424E-01, 4.280780E+00,NULL,NULL,1,mc_qqps,54
-21042,2420,20228,51958,94C2, 9.125000E+01,38,8,46,38,8, 1.488577E+00,-1.361451E+00,-4.422751E-01, 6.073691E+01, 5.986755E+01, 1.575462E+00,-6.946410E+00, 9.646338E+00, 4.032089E+00, 8.170505E+01, 4.755806E+01, 2.047959E+01, 0.000000E+00,10, 2.391061E+00,0, 0.000000E+00,0, 0.000000E+00,7, 2.082742E+01, 4.885563E-01, 1.299887E+01,NULL,NULL,1,mc_qqps,54
-21042,2421,20228,52011,94C2, 9.125000E+01,34,10,44,34,10, 6.796590E+00,-1.205941E+00,-1.038572E+00, 6.576427E+01, 6.502170E+01, 1.912403E+00, 9.863032E+00,-1.865392E-01,-2.656399E+00, 7.829700E+01, 5.296923E+01, 6.597028E+00, 1.460087E+00,15, 1.381363E+01,0, 0.000000E+00,0, 0.000000E+00,5, 8.484287E+00, 4.796201E-01, 3.873058E+00,NULL,NULL,1,mc_qqps,54
-21042,2422,20228,52026,94C2, 9.125000E+01,21,16,37,21,16,-4.067231E+00, 7.395078E+00,-6.377465E+00, 6.114851E+01, 6.085680E+01, 2.897943E+00, 1.336656E+00, 3.107738E+00,-4.125134E-01, 9.620602E+01, 5.981434E+01, 3.076789E+01, 3.075674E+00,16, 7.077944E+00,1, 0.000000E+00,0, 0.000000E+00,10, 2.874573E+01, 1.213940E+00, 7.333112E+00,NULL,NULL,1,mc_qqps,54
-21042,2423,20228,52039,94C2, 9.125000E+01,41,21,62,41,21,-5.474895E+00, 4.920734E+00, 4.965996E+00, 6.065551E+01, 5.976186E+01, 1.457606E+00,-2.111256E+00,-1.210090E+00, 5.193645E+00, 9.218034E+01, 4.498594E+01, 1.269254E+01, 7.532646E+00,16, 2.816615E-01,3, 0.000000E+00,0, 0.000000E+00,12, 2.087885E+01, 3.870955E-01, 3.786232E+00,1, 0.000000E+00,1,mc_qqps,54
-21042,2424,20228,52056,94C2, 9.125000E+01,15,8,23,15,8,-3.985377E+00,-1.083619E-01,-3.084150E+00, 7.825606E+01, 7.808929E+01, 5.205953E+00,-7.142990E-01, 1.268143E+00,-1.356302E+00, 9.280798E+01, 7.801175E+01, 1.028417E+01, 4.573030E+00,9, 1.271354E+01,0, 0.000000E+00,0, 0.000000E+00,6, 1.028417E+01, 8.226979E-01, 3.295425E+00,NULL,NULL,1,mc_qqps,54
-21042,2425,20228,52106,94C2, 9.125000E+01,49,18,67,49,18,-2.614849E-01, 5.791075E+00,-5.177553E+00, 8.158057E+01, 8.079875E+01, 1.648954E+00, 4.306993E+00,-7.183220E-01,-4.579998E+00, 1.049352E+02, 6.444775E+01, 1.771801E+01, 5.078948E+00,15, 1.819500E-01,1, 0.000000E+00,0, 0.000000E+00,9, 1.235873E+01, 6.106001E-01, 3.129443E+00,NULL,NULL,1,mc_qqps,54
-21042,2426,20228,52126,94C2, 9.125000E+01,25,9,34,25,9,-1.226016E+01, 1.484945E+01, 1.714211E+01, 4.195865E+01, 4.159244E+01, 1.663697E+00,-1.268663E+01, 1.801120E+01, 1.878532E+01, 8.881297E+01, 4.047027E+01, 3.030998E+01, 1.204101E+01,9, 1.107398E-01,0, 0.000000E+00,0, 0.000000E+00,7, 3.434674E+01, 6.748629E-01, 2.105581E+01,NULL,NULL,1,mc_qqps,54
-21042,2427,20228,52141,94C2, 9.125000E+01,39,10,49,39,10, 1.338389E+01,-7.596659E+00,-1.274701E+01, 6.527985E+01, 6.463964E+01, 1.657427E+00, 5.608325E+00,-9.043590E+00,-5.131247E+00, 9.923273E+01, 4.983265E+01, 2.719534E+01, 6.167035E+00,12, 4.050982E+00,1, 0.000000E+00,0, 0.000000E+00,6, 2.778584E+01, 5.904987E-01, 1.556731E+01,NULL,NULL,1,mc_qqps,54
-21042,2428,20228,52157,94C2, 9.125000E+01,45,14,59,45,14, 7.639909E-01,-2.637129E+00, 1.462240E+01, 7.021146E+01, 6.936168E+01, 1.541371E+00, 8.032685E+00, 1.310646E+00, 1.890113E+01, 9.496291E+01, 5.180469E+01, 7.743281E+00, 7.586778E+00,13, 4.801465E-01,2, 0.000000E+00,0, 0.000000E+00,9, 1.676502E+01, 4.252591E-01, 4.407321E+00,NULL,NULL,1,mc_qqps,54
-21042,2429,20228,52219,94C2, 9.125000E+01,29,16,45,29,16, 2.029597E+00,-2.583930E+00,-3.780165E+00, 6.196899E+01, 6.119607E+01, 2.110209E+00, 2.351525E+00,-4.635636E+00,-1.025489E+00, 7.949143E+01, 5.708709E+01, 1.752243E+01, 0.000000E+00,13, 6.008376E+00,7, 8.459748E-01,0, 0.000000E+00,10, 1.341463E+01, 5.545570E-01, 1.897412E+00,NULL,NULL,1,mc_qqps,54
-21042,2430,20228,52234,94C2, 9.125000E+01,39,26,65,39,26, 3.361963E-01,-1.692463E+00,-2.208728E+00, 3.770750E+01, 3.660048E+01, 9.384738E-01, 1.268998E+00,-6.671959E+00,-7.570885E+00, 7.511356E+01, 1.371955E+01, 2.135962E+01, 9.826497E+00,4, 0.000000E+00,15, 2.368526E+00,0, 0.000000E+00,4, 8.163774E+00, 6.714705E-01, 5.548470E+00,3, 0.000000E+00,0,mc_qqps,54
-21042,2431,20228,52255,94C2, 9.125000E+01,21,13,34,21,13, 5.062455E+00,-5.010829E+00,-4.993550E+00, 5.020568E+01, 4.975522E+01, 2.369296E+00, 9.051102E+00,-1.253690E+01,-1.307613E+01, 8.256474E+01, 4.927234E+01, 2.341712E+01, 8.941947E+00,10, 4.859775E+00,1, 0.000000E+00,0, 0.000000E+00,7, 2.242809E+01, 1.026218E+00, 7.638950E+00,NULL,NULL,1,mc_qqps,54
-21042,2432,20228,52309,94C2, 9.125000E+01,14,18,32,14,18,-3.137089E+00,-1.268546E+01, 3.503910E+00, 5.874960E+01, 5.858038E+01, 4.184312E+00, 3.977691E-01, 8.820754E-01,-7.483625E-01, 8.150886E+01, 5.818099E+01, 1.734724E+01, 2.589596E-01,21, 5.095718E+00,0, 0.000000E+00,0, 0.000000E+00,15, 2.201448E+01, 3.023369E-01, 5.153064E+00,NULL,NULL,1,mc_qqps,54
-21042,2433,20228,52325,94C2, 9.125000E+01,27,13,40,27,13, 8.948438E+00, 2.058323E+01, 7.985468E+00, 6.901067E+01, 6.860389E+01, 2.540885E+00,-1.833970E+00, 7.385079E+00, 9.555063E-01, 9.552474E+01, 5.856196E+01, 2.029951E+01, 4.520759E+00,17, 1.228660E+01,0, 0.000000E+00,0, 0.000000E+00,10, 2.115587E+01, 3.744326E-01, 8.987490E+00,NULL,NULL,1,mc_qqps,54
-21042,2434,20228,52336,94C2, 9.125000E+01,18,9,27,18,9, 9.985483E+00,-6.259787E+00, 1.564182E+01, 4.715156E+01, 4.679733E+01, 2.599852E+00, 1.239443E+00,-2.315972E+00, 3.523447E+00, 7.388033E+01, 4.460865E+01, 1.634366E+00, 1.921339E+01,3, 0.000000E+00,0, 0.000000E+00,0, 0.000000E+00,3, 6.957500E+00, 1.076484E+00, 4.058673E+00,NULL,NULL,1,mc_qqps,54
-21042,2435,20228,52355,94C2, 9.125000E+01,37,10,47,37,10,-4.902932E+00, 5.289337E+00, 4.176200E+00, 4.591438E+01, 4.503277E+01, 1.217102E+00,-1.096767E+01, 4.011190E+00, 6.478834E+00, 5.838452E+01, 4.120663E+01, 4.614762E+00, 7.874043E+00,5, 0.000000E+00,5, 5.676959E-01,0, 0.000000E+00,NULL,NULL,NULL,NULL,NULL,NULL,1,mc_qqps,54
-21042,2436,20228,52413,94C2, 9.125000E+01,31,19,50,31,19, 6.026877E-02,-1.365824E+00, 2.171733E-01, 5.371037E+01, 5.258425E+01, 1.696266E+00, 5.948388E+00,-6.877295E+00, 3.075302E+00, 8.587569E+01, 4.847459E+01, 3.135151E+01, 0.000000E+00,22, 1.249963E+01,0, 0.000000E+00,0, 0.000000E+00,17, 3.174224E+01, 4.675778E-01, 5.249744E+00,NULL,NULL,1,mc_qqps,54
-21042,2437,20228,52428,94C2, 9.125000E+01,24,7,31,24,7, 1.235903E+01,-2.501240E+00, 1.326598E+01, 5.642547E+01, 5.623307E+01, 2.343045E+00, 1.483482E+01,-3.502090E+00, 1.629654E+01, 6.311096E+01, 4.983331E+01, 6.239198E+00, 4.462944E-01,7, 1.586595E+01,0, 0.000000E+00,0, 0.000000E+00,4, 6.239198E+00, 1.123514E+00, 2.808374E+00,NULL,NULL,1,mc_qqps,54
-21042,2438,20228,52440,94C2, 9.125000E+01,29,12,41,29,12,-1.501172E+00,-1.908194E+00,-5.258164E-01, 5.207062E+01, 5.153780E+01, 1.777166E+00,-9.920380E+00, 2.050739E+00, 3.557209E+00, 7.244939E+01, 4.642551E+01, 1.551489E+01, 2.492288E+00,13, 5.424009E+00,0, 0.000000E+00,0, 0.000000E+00,9, 1.652886E+01, 5.480001E-01, 7.856303E+00,NULL,NULL,1,mc_qqps,54
-21042,2439,20228,52452,94C2, 9.125000E+01,30,25,55,30,25,-3.451790E+00,-1.038360E+00, 5.842828E-01, 5.066879E+01, 4.998023E+01, 1.666008E+00, 7.713254E+00,-1.737468E+00,-7.310159E+00, 9.616031E+01, 3.736179E+01, 4.205788E+01, 0.000000E+00,28, 1.184165E+00,0, 0.000000E+00,0, 0.000000E+00,24, 4.357481E+01, 5.995291E-01, 8.002394E+00,NULL,NULL,1,mc_qqps,54
-21042,2440,20228,52508,94C2, 9.125000E+01,55,13,68,55,13,-2.056481E+00, 1.012890E-01, 2.388573E-02, 6.653773E+01, 6.531561E+01, 1.187557E+00,-6.863444E-01,-2.167586E+00, 2.497237E+00, 8.303481E+01, 5.687959E+01, 1.039285E+01, 3.028960E+00,19, 7.923044E-01,0, 0.000000E+00,0, 0.000000E+00,9, 1.156964E+01, 6.740029E-01, 3.117599E+00,NULL,NULL,1,mc_qqps,54
-21042,2441,20228,52528,94C2, 9.125000E+01,20,6,26,20,6,-4.487909E+00,-9.426899E+00, 8.473646E+00, 7.003360E+01, 6.975082E+01, 3.487541E+00,-3.405619E+00,-7.477548E+00, 6.935212E+00, 7.727988E+01, 6.905039E+01, 7.188121E+00, 5.815734E-02,7, 0.000000E+00,0, 0.000000E+00,0, 0.000000E+00,4, 7.002151E+00, 6.126230E-01, 4.764580E+00,NULL,NULL,1,mc_qqps,54
-21042,2442,20228,52539,94C2, 9.125000E+01,20,20,40,20,20,-4.120855E-01, 1.574717E+00, 2.430833E+00, 3.147728E+01, 3.108827E+01, 1.554413E+00,-2.812716E+00,-4.839509E+00,-3.172288E-01, 6.499213E+01, 2.653175E+01, 1.840598E+01, 7.194314E+00,15, 2.880409E+00,7, 0.000000E+00,0, 0.000000E+00,11, 2.168662E+01, 4.416847E-01, 5.576786E+00,1, 0.000000E+00,1,mc_qqps,54
-21042,2443,20228,52553,94C2, 9.125000E+01,45,9,54,45,9,-1.558319E+01, 2.318757E+00, 4.384744E+01, 1.241138E+02, 1.231015E+02, 2.735589E+00,-1.370380E+01, 7.705555E-01, 3.745367E+01, 1.348753E+02, 6.881318E+01, 3.145305E+00, 5.361261E+00,4, 2.338214E+00,7, 0.000000E+00,0, 0.000000E+00,2, 3.010822E+00, 7.519800E-01, 2.258842E+00,NULL,NULL,1,mc_qqps,54
-21042,2444,20228,52612,94C2, 9.125000E+01,28,10,38,28,10, 2.043888E+00, 2.605018E+00,-1.279020E+01, 3.586922E+01, 3.521385E+01, 1.257637E+00, 1.251933E+00, 2.900072E+00,-1.030593E+01, 5.419308E+01, 7.476687E+00, 1.626837E+01, 2.055493E+00,0, 0.000000E+00,12, 3.994509E+00,0, 0.000000E+00,NULL,NULL,NULL,NULL,3, 0.000000E+00,0,mc_qqps,54
-21042,2445,20228,52639,94C2, 9.125000E+01,43,20,63,43,20, 2.366719E+00,-6.268480E+00, 3.227957E+00, 6.460104E+01, 6.304294E+01, 1.466115E+00,-1.873377E+00, 1.137255E+01,-7.498764E+00, 1.014175E+02, 5.187005E+01, 1.983170E+01, 9.043838E+00,23, 1.087530E+01,2, 0.000000E+00,0, 0.000000E+00,15, 2.582581E+01, 3.739013E-01, 7.335308E+00,NULL,NULL,1,mc_qqps,54
-21042,2446,20228,52657,94C2, 9.125000E+01,46,11,57,46,11,-4.518384E+00,-5.299760E+00, 5.772270E-01, 7.328373E+01, 7.223939E+01, 1.570421E+00,-2.355469E+00, 4.882202E-01, 2.533683E+00, 9.606285E+01, 6.386531E+01, 4.700369E+00, 1.540059E+01,16, 9.433078E+00,0, 0.000000E+00,0, 0.000000E+00,7, 6.846510E+00, 6.535994E-01, 1.528751E+00,1, 0.000000E+00,1,mc_qqps,54
-21042,2447,20228,52713,94C2, 9.125000E+01,26,12,38,26,12, 6.892836E+00,-1.617386E+00, 5.655753E+00, 2.779760E+01, 2.714805E+01, 1.044156E+00,-1.901046E+00, 1.760845E+00, 8.159088E+00, 6.440533E+01, 2.369672E+01, 2.805394E+01, 7.637034E+00,10, 9.524327E-01,7, 0.000000E+00,0, 0.000000E+00,3, 2.232555E+00, 5.699815E-01, 9.167556E-01,1, 0.000000E+00,1,mc_qqps,54
-21042,2448,20228,52731,94C2, 9.125000E+01,43,19,62,43,19, 1.618886E+00, 3.870917E+00, 6.663041E+00, 5.180027E+01, 5.093165E+01, 1.184457E+00, 9.516439E-01, 2.476019E+00, 3.584986E+00, 8.934908E+01, 4.696527E+01, 3.077681E+01, 2.091950E+00,20, 1.428496E+00,0, 0.000000E+00,0, 0.000000E+00,14, 3.073945E+01, 4.657359E-01, 6.975365E+00,NULL,NULL,1,mc_qqps,54
-21042,2449,20228,52751,94C2, 9.125000E+01,41,20,61,41,20,-6.831381E+00,-1.438281E+01,-4.574126E+00, 3.207241E+01, 3.109749E+01, 7.584753E-01,-6.335945E+00,-2.257311E+00, 6.730440E+00, 7.554542E+01, 1.691306E+01, 1.219476E+01, 2.673396E+01,17, 6.356192E-01,2, 0.000000E+00,0, 0.000000E+00,12, 1.270474E+01, 5.388715E-01, 2.496866E+00,NULL,NULL,1,mc_qqps,54
-21042,2450,20228,52810,94C2, 9.125000E+01,20,11,31,20,11, 1.300946E+01,-2.252392E+00, 1.176427E+00, 6.688926E+01, 6.675150E+01, 3.337575E+00, 1.319398E+01,-5.244967E+00,-2.983803E+00, 8.406274E+01, 6.565553E+01, 6.981312E+00, 4.788626E+00,14, 6.108129E+00,0, 0.000000E+00,0, 0.000000E+00,7, 1.254986E+01, 5.624355E-01, 3.142503E+00,NULL,NULL,1,mc_qqps,54
-21042,2451,20228,52823,94C2, 9.125000E+01,34,7,41,34,7,-4.178883E+00, 1.682217E+00, 3.985473E+00, 6.444779E+01, 6.388621E+01, 1.879006E+00,-1.355953E+00,-5.665669E-01, 2.024107E+00, 7.444172E+01, 6.315140E+01, 9.993932E+00, 0.000000E+00,15, 3.080456E+00,0, 0.000000E+00,0, 0.000000E+00,6, 9.753881E+00, 6.001331E-01, 3.568903E+00,NULL,NULL,1,mc_qqps,54
-21042,2452,20228,52841,94C2, 9.125000E+01,26,7,33,26,7, 1.697066E+02, 2.903936E+02, 1.488682E+02, 4.884858E+02, 4.880839E+02, 1.877246E+01, 1.708341E+02, 2.923235E+02, 1.494108E+02, 5.006675E+02, 4.818235E+01, 5.952246E+00, 0.000000E+00,12, 2.980852E+00,0, 0.000000E+00,0, 0.000000E+00,6, 1.195619E+01, 7.912634E-01, 3.879779E+00,NULL,NULL,1,mc_qqps,54
-21042,2453,20228,52855,94C2, 9.125000E+01,25,9,34,25,9, 7.736030E-01, 4.695261E-01,-1.037952E+01, 6.467741E+01, 6.439022E+01, 2.575609E+00,-1.321996E+00, 2.139705E+00, 2.489900E+00, 7.795164E+01, 1.751555E+01, 1.295049E+01, 3.237195E-01,3, 8.677204E-02,14, 2.088189E+00,0, 0.000000E+00,NULL,NULL,NULL,NULL,1, 0.000000E+00,1,mc_qqps,54
-21042,2454,20228,52908,94C2, 9.125000E+01,17,16,33,17,16, 7.738148E+00, 9.321780E-01,-4.579370E+00, 3.203469E+01, 3.187394E+01, 1.874937E+00, 1.698741E+01,-4.048473E-01,-9.150869E+00, 8.551237E+01, 3.186298E+01, 4.971212E+01, 3.759946E+00,18, 4.564866E+00,0, 0.000000E+00,0, 0.000000E+00,12, 4.784670E+01, 3.626460E-01, 1.826381E+01,NULL,NULL,1,mc_qqps,54
-21042,2455,20228,52921,94C2, 9.125000E+01,19,21,40,19,21, 1.093862E+00,-2.242155E+00,-1.056546E+01, 2.511084E+01, 2.469522E+01, 1.299748E+00,-4.768968E-04,-4.453035E+00,-3.542246E+00, 4.767855E+01, 2.768343E+00, 2.053369E+01, 2.034014E+00,1, 0.000000E+00,13, 9.164452E-01,0, 0.000000E+00,1, 5.712875E-01, 5.712875E-01, 5.712875E-01,7, 0.000000E+00,0,mc_qqps,54
-21042,2456,20228,52952,94C2, 9.125000E+01,21,17,38,21,17, 2.381258E+00, 1.396348E-01, 8.345626E-02, 7.365253E+01, 7.327243E+01, 3.489163E+00,-6.735837E+00, 1.005001E+00,-5.117060E+00, 9.098298E+01, 7.087806E+01, 1.559237E+01, 0.000000E+00,20, 1.115631E+01,0, 0.000000E+00,0, 0.000000E+00,16, 1.706985E+01, 4.251282E-01, 2.367156E+00,NULL,NULL,1,mc_qqps,54
-21042,2457,20228,53007,94C2, 9.125000E+01,29,14,43,29,14,-1.345423E+01,-8.066360E+00, 8.452014E+00, 7.122284E+01, 7.091610E+01, 2.445383E+00,-9.473708E+00,-2.647278E+00, 4.718828E-01, 1.090565E+02, 5.218623E+01, 1.312206E+01, 2.065146E+01,12, 9.144779E+00,0, 0.000000E+00,0, 0.000000E+00,6, 1.619955E+01, 5.124002E-01, 5.692611E+00,NULL,NULL,1,mc_qqps,54
-21042,2458,20228,53020,94C2, 9.125000E+01,38,15,53,38,15,-8.780071E+00, 2.199727E+00,-4.147584E+00, 5.462460E+01, 5.399412E+01, 1.420898E+00, 3.666871E+00,-2.599045E+00, 4.715107E+00, 9.690172E+01, 4.399435E+01, 4.063766E+01, 0.000000E+00,19, 8.795202E-01,0, 0.000000E+00,0, 0.000000E+00,13, 4.054465E+01, 3.575195E-01, 1.449625E+01,NULL,NULL,1,mc_qqps,54
-21042,2459,20228,53036,94C2, 9.125000E+01,28,17,45,28,17,-1.118801E+00,-1.514358E+00, 2.492749E+00, 6.998478E+01, 6.950759E+01, 2.482414E+00, 3.376243E+00, 4.408779E+00, 2.424880E+00, 1.023399E+02, 6.324674E+01, 1.879300E+01, 8.754195E+00,18, 6.972114E-01,0, 0.000000E+00,0, 0.000000E+00,12, 2.090501E+01, 8.258250E-01, 4.852082E+00,NULL,NULL,1,mc_qqps,54
-21042,2460,20228,53052,94C2, 9.125000E+01,48,6,54,48,6, 7.571591E+00,-3.786127E+00, 9.792253E+00, 7.783813E+01, 7.689093E+01, 1.601894E+00, 5.461334E+00,-3.049315E+00, 7.253155E+00, 9.002530E+01, 6.443649E+01, 8.381551E+00, 3.837983E+00,11, 3.356942E+00,0, 0.000000E+00,0, 0.000000E+00,4, 7.008516E+00, 8.909241E-01, 2.610724E+00,NULL,NULL,1,mc_qqps,54
-21042,2461,20228,53107,94C2, 9.125000E+01,37,12,49,37,12,-5.018425E+00, 4.315844E+00,-2.245960E+01, 1.027510E+02, 1.021575E+02, 2.761013E+00,-1.355714E+00, 5.842820E+00,-2.072160E+01, 1.168512E+02, 7.779063E+01, 1.015301E+01, 1.367330E+00,12, 4.422050E-01,5, 4.900530E-01,0, 0.000000E+00,6, 8.044737E+00, 7.899188E-01, 2.403433E+00,NULL,NULL,1,mc_qqps,54
-21042,2462,20228,53126,94C2, 9.125000E+01,27,16,43,27,16, 1.446774E+01,-5.138315E-01,-8.053143E+00, 4.448739E+01, 4.405493E+01, 1.631664E+00, 3.820720E+00, 8.019130E-01,-2.459132E+00, 6.669407E+01, 3.999287E+01, 1.909666E+01, 6.225842E-01,16, 6.565939E+00,0, 0.000000E+00,0, 0.000000E+00,12, 2.072187E+01, 5.096295E-01, 4.034088E+00,NULL,NULL,1,mc_qqps,54
-21042,2463,20228,53140,94C2, 9.125000E+01,19,10,29,19,10, 1.210723E+00, 7.720037E-01, 4.192015E-01, 5.991754E+01, 5.974377E+01, 3.144409E+00,-8.774960E+00,-6.043112E+00, 4.584682E+00, 7.913804E+01, 5.978910E+01, 1.642661E+01, 2.839617E+00,15, 1.768516E+01,0, 0.000000E+00,0, 0.000000E+00,8, 1.627702E+01, 3.915969E-01, 7.202907E+00,NULL,NULL,1,mc_qqps,54
-21042,2464,20228,53151,94C2, 9.125000E+01,17,9,26,17,9,-2.853420E+01,-1.066781E+00,-4.624447E+00, 6.216934E+01, 6.201422E+01, 3.647895E+00,-1.746213E+00, 1.163418E-01,-2.098992E-01, 9.240534E+01, 6.063937E+01, 2.872277E+01, 0.000000E+00,12, 8.672016E+00,0, 0.000000E+00,0, 0.000000E+00,9, 3.023602E+01, 4.724760E-01, 1.390669E+01,NULL,NULL,1,mc_qqps,54
-21042,2465,20228,53203,94C2, 9.125000E+01,25,16,41,25,16, 1.460640E+00, 4.067293E+00, 6.840677E+00, 4.337285E+01, 4.274582E+01, 1.709833E+00, 1.171174E+00, 2.972896E+00, 3.268582E+00, 7.363468E+01, 3.809173E+01, 2.708538E+01, 3.176451E+00,1, 0.000000E+00,14, 3.971091E+00,0, 0.000000E+00,1, 1.629945E+00, 1.629945E+00, 1.629945E+00,2, 0.000000E+00,1,mc_qqps,54
-21042,2466,20228,53218,94C2, 9.125000E+01,31,19,50,31,19, 7.685946E-01, 3.452853E-01, 2.353648E+00, 4.324568E+01, 4.239509E+01, 1.367584E+00, 5.131652E-01, 2.231170E+00, 1.471900E+01, 7.673272E+01, 2.858923E+01, 1.718161E+01, 1.630542E+01,4, 0.000000E+00,12, 3.748316E+00,0, 0.000000E+00,3, 7.023382E+00, 4.623157E-01, 5.208273E+00,1, 0.000000E+00,1,mc_qqps,54
-21042,2467,20228,53235,94C2, 9.125000E+01,38,15,53,38,15, 8.115474E+00,-2.173562E+00, 2.832554E-01, 9.355708E+01, 9.300169E+01, 2.447413E+00, 1.176844E+01,-4.471900E+00, 7.671980E+00, 1.144663E+02, 4.309790E+01, 2.002770E+01, 8.815392E-01,12, 1.242292E+00,13, 0.000000E+00,0, 0.000000E+00,7, 1.489439E+01, 8.099275E-01, 4.056820E+00,NULL,NULL,1,mc_qqps,54
-21042,2468,20228,53249,94C2, 9.125000E+01,33,21,54,33,21,-1.617180E+00,-4.223070E+00, 1.737339E+00, 5.731564E+01, 5.669138E+01, 1.717921E+00,-6.219673E-02, 3.900475E+00,-5.368673E+00, 9.889324E+01, 4.924899E+01, 2.501389E+01, 1.433176E+01,13, 6.310390E-01,1, 0.000000E+00,0, 0.000000E+00,12, 2.161983E+01, 3.998618E-01, 6.903998E+00,NULL,NULL,1,mc_qqps,54
-21042,2469,20228,53304,94C2, 9.125000E+01,32,9,41,32,9,-7.142118E+00,-7.086760E+00, 8.743799E-02, 3.353740E+01, 3.260169E+01, 1.018803E+00,-1.370543E+01,-1.234412E+01, 1.057388E-01, 5.258051E+01, 2.553487E+01, 1.547550E+01, 3.321983E+00,9, 7.274807E+00,0, 0.000000E+00,0, 0.000000E+00,5, 1.329077E+01, 4.422467E-01, 7.135418E+00,NULL,NULL,1,mc_qqps,54
-21042,2470,20228,53339,94C2, 9.125000E+01,25,20,45,25,20, 7.676389E+00, 3.444888E+01, 2.021640E+02, 2.459095E+02, 2.455801E+02, 9.823202E+00, 9.584077E+00, 3.318930E+01, 1.985614E+02, 2.647431E+02, 1.088502E+01, 1.623804E+01, 2.595579E+00,2, 0.000000E+00,19, 1.162140E+01,0, 0.000000E+00,NULL,NULL,NULL,NULL,5, 0.000000E+00,0,mc_qqps,54
-21042,2471,20228,53353,94C2, 9.125000E+01,61,12,73,61,12,-3.373315E+00,-3.761325E+00,-9.811968E-03, 7.605166E+01, 7.477068E+01, 1.225749E+00, 1.425251E+00, 2.059340E+00, 1.123774E+00, 9.458984E+01, 6.559174E+01, 1.031744E+01, 8.257300E+00,21, 1.522948E+00,0, 0.000000E+00,0, 0.000000E+00,9, 9.609512E+00, 4.611895E-01, 2.091044E+00,NULL,NULL,1,mc_qqps,54
-21042,2472,20228,53415,94C2, 9.125000E+01,18,15,33,18,15,-1.760026E+00,-1.106528E+00,-8.333523E+00, 3.530434E+01, 3.510698E+01, 1.950387E+00,-1.112625E+00, 2.952720E-01, 1.040653E+01, 6.072632E+01, 7.046842E+00, 1.885685E+01, 6.565128E+00,1, 0.000000E+00,11, 8.692511E+00,0, 0.000000E+00,NULL,NULL,NULL,NULL,6, 0.000000E+00,0,mc_qqps,54
-21042,2473,20228,53446,94C2, 9.125000E+01,33,16,49,33,16, 4.255752E+00,-1.852966E+00, 3.714362E+00, 3.568704E+01, 3.474860E+01, 1.052988E+00,-9.361904E+00, 2.742324E+00,-1.867288E+00, 7.519122E+01, 2.894260E+01, 3.508362E+01, 1.232897E+00,16, 1.360075E+01,0, 0.000000E+00,0, 0.000000E+00,12, 3.197476E+01, 1.070824E+00, 6.303720E+00,NULL,NULL,1,mc_qqps,54
-21042,2474,20228,53501,94C2, 9.125000E+01,29,10,39,29,10, 1.513868E+01, 3.872879E+00,-2.856960E+02, 3.877754E+02, 3.874175E+02, 1.335923E+01, 1.342844E+01, 7.645994E+00,-2.966472E+02, 4.133128E+02, 7.139449E+01, 1.353364E+01, 1.028326E+01,4, 0.000000E+00,8, 0.000000E+00,0, 0.000000E+00,1, 1.720561E+00, 1.720561E+00, 1.720561E+00,NULL,NULL,1,mc_qqps,54
-21042,2475,20228,53518,94C2, 9.125000E+01,18,16,34,18,16, 9.616447E+00, 2.240697E+01,-9.259317E+01, 1.137873E+02, 1.134960E+02, 6.305336E+00, 9.312726E+00, 2.040172E+01,-9.118844E+01, 1.381598E+02, 1.351542E+01, 2.437247E+01, 0.000000E+00,1, 0.000000E+00,13, 8.956896E-01,0, 0.000000E+00,NULL,NULL,NULL,NULL,7, 0.000000E+00,0,mc_qqps,54
-21042,2476,20228,53548,94C2, 9.125000E+01,18,16,34,18,16,-3.136855E+00, 4.961106E+00, 1.040841E+00, 4.218581E+01, 4.200402E+01, 2.333557E+00, 2.954557E+00,-4.348505E-01,-5.181390E-01, 8.888727E+01, 4.205448E+01, 3.403207E+01, 1.210295E+01,19, 5.987323E+00,0, 0.000000E+00,0, 0.000000E+00,12, 2.794748E+01, 5.553672E-01, 1.027206E+01,NULL,NULL,1,mc_qqps,54
-21042,2477,20228,53600,94C2, 9.125000E+01,43,22,65,43,22,-2.361945E+00, 4.429183E+00, 8.101059E+00, 1.159528E+02, 1.150861E+02, 2.676420E+00,-3.282705E+00, 3.607414E+00, 6.176426E+00, 1.367009E+02, 1.527850E+01, 2.074809E+01, 0.000000E+00,1, 0.000000E+00,28, 1.116244E+01,0, 0.000000E+00,NULL,NULL,NULL,NULL,3, 0.000000E+00,1,mc_qqps,54
-21042,2478,20228,53623,94C2, 9.125000E+01,40,20,60,40,20, 3.128732E+00,-3.736391E+00, 4.463351E-01, 5.677920E+01, 5.612465E+01, 1.403116E+00, 3.903524E+00,-7.058189E+00,-7.643231E+00, 8.700687E+01, 2.247238E+01, 1.935915E+01, 9.504686E+00,3, 0.000000E+00,19, 4.162067E+00,0, 0.000000E+00,3, 2.899373E+00, 5.478180E-01, 1.388364E+00,1, 0.000000E+00,1,mc_qqps,54
-21042,2479,20228,53650,94C2, 9.125000E+01,22,12,34,22,12, 9.765400E+00, 1.286353E+01, 6.338218E+00, 6.683117E+01, 6.658761E+01, 3.026710E+00,-3.058719E+00,-5.030297E+00,-9.566766E-01, 1.005743E+02, 6.610944E+01, 2.663123E+01, 7.111925E+00,14, 3.966243E-01,0, 0.000000E+00,0, 0.000000E+00,8, 2.663123E+01, 4.703097E-01, 1.766804E+01,NULL,NULL,1,mc_qqps,54
-21042,2480,20228,53703,94C2, 9.125000E+01,41,30,71,41,30,-1.336819E+01, 4.058179E+00, 4.313093E-01, 3.962923E+01, 3.861721E+01, 9.418831E-01,-4.547388E+00, 5.495306E-01, 5.296159E-01, 9.317029E+01, 3.372379E+01, 5.051997E+01, 3.081708E+00,27, 3.329832E+00,0, 0.000000E+00,0, 0.000000E+00,21, 4.420700E+01, 3.313738E-01, 1.068920E+01,NULL,NULL,1,mc_qqps,54
-21042,2481,20228,53721,94C2, 9.125000E+01,20,12,32,20,12,-4.971991E+00,-8.028404E+00,-4.666789E+00, 6.701521E+01, 6.673859E+01, 3.336929E+00,-4.433781E+00,-7.338713E+00,-3.660233E+00, 1.047104E+02, 6.567373E+01, 3.481024E+01, 6.886358E-01,13, 3.847068E+00,1, 0.000000E+00,0, 0.000000E+00,9, 3.330394E+01, 8.915062E-01, 1.026684E+01,NULL,NULL,1,mc_qqps,54
-21042,2482,20228,53732,94C2, 9.125000E+01,19,17,36,19,17,-1.283692E+01,-5.692414E+00, 1.958493E+01, 2.606294E+01, 2.580017E+01, 1.357903E+00,-5.165808E+00,-2.168165E+00, 8.900526E+00, 9.492978E+01, 2.277265E+01, 4.976035E+01, 1.912863E+01,2, 0.000000E+00,9, 1.386547E+00,0, 0.000000E+00,2, 1.980901E+00, 8.224090E-01, 1.158492E+00,1, 0.000000E+00,1,mc_qqps,54
-21042,2483,20228,53744,94C2, 9.125000E+01,24,16,40,24,16, 1.244542E+00,-2.438438E-01, 6.246288E-01, 4.323503E+01, 4.279665E+01, 1.783194E+00,-2.350422E+00,-2.276836E+00,-1.625941E+00, 7.564248E+01, 3.402375E+01, 2.444819E+01, 2.268989E-01,19, 4.879735E+00,0, 0.000000E+00,0, 0.000000E+00,14, 3.218054E+01, 4.039691E-01, 7.378460E+00,NULL,NULL,1,mc_qqps,54
-21042,2484,20228,53757,94C2, 9.125000E+01,21,14,35,21,14,-3.813907E+00,-5.225425E+00,-6.795425E+00, 3.630490E+01, 3.590975E+01, 1.709988E+00,-1.431101E+01,-1.268209E+01,-7.598850E+00, 8.535333E+01, 2.678738E+01, 3.292605E+01, 1.612239E+01,14, 1.144811E+00,0, 0.000000E+00,0, 0.000000E+00,10, 3.198715E+01, 5.413336E-01, 1.324289E+01,NULL,NULL,1,mc_qqps,54
-21042,2485,20228,53810,94C2, 9.125000E+01,25,19,44,25,19, 1.087025E+01,-4.398117E+00, 4.914264E+00, 5.763755E+01, 5.722942E+01, 2.289177E+00, 8.107757E-01,-2.695653E+00,-1.896803E+00, 8.547032E+01, 5.680452E+01, 2.164295E+01, 2.343200E+00,20, 2.319324E+00,0, 0.000000E+00,0, 0.000000E+00,15, 2.375987E+01, 5.045105E-01, 5.229342E+00,NULL,NULL,1,mc_qqps,54
-21042,2486,20228,53825,94C2, 9.125000E+01,31,12,43,31,12,-1.156354E+01,-4.165557E-01, 2.631354E+00, 6.344036E+01, 6.296584E+01, 2.031156E+00,-9.776614E+00,-2.777317E+00, 8.701330E-01, 8.150717E+01, 5.651572E+01, 1.103005E+01, 7.105254E+00,13, 1.580762E+00,2, 8.125128E-01,0, 0.000000E+00,7, 9.368984E+00, 6.865534E-01, 2.869046E+00,NULL,NULL,1,mc_qqps,54
-21042,2487,20228,53837,94C2, 9.125000E+01,40,14,54,40,14, 1.233444E-01,-4.980567E-01,-2.123302E+00, 6.419900E+01, 6.353567E+01, 1.588392E+00, 4.853548E+00,-4.738355E+00, 7.386940E+00, 8.837812E+01, 5.385595E+01, 1.826550E+01, 2.697338E+00,6, 1.047609E-01,8, 0.000000E+00,0, 0.000000E+00,4, 6.773639E+00, 9.042170E-01, 2.554333E+00,NULL,NULL,1,mc_qqps,54
-21042,2488,20228,53854,94C2, 9.125000E+01,27,6,33,27,6, 1.184476E+02,-3.551611E+01, 4.172785E+02, 5.120907E+02, 5.115946E+02, 1.894795E+01, 1.207528E+02,-4.395255E+01, 4.063768E+02, 5.272448E+02, 6.914130E+01, 9.993813E-01, 1.209291E+01,2, 0.000000E+00,3, 0.000000E+00,0, 0.000000E+00,1, 2.061742E+00, 2.061742E+00, 2.061742E+00,NULL,NULL,1,mc_qqps,54
-21042,2489,20228,53910,94C2, 9.125000E+01,17,17,34,17,17,-1.177576E+01, 1.005089E+00, 1.135439E+01, 5.093917E+01, 5.072551E+01, 2.983854E+00,-9.873729E+00,-1.057164E+00, 8.355675E+00, 9.626142E+01, 4.894561E+01, 4.527957E+01, 4.267940E-02,15, 2.432373E-01,2, 0.000000E+00,0, 0.000000E+00,11, 1.984932E+01, 6.258203E-01, 4.550836E+00,NULL,NULL,1,mc_qqps,54
-21042,2490,20228,53927,94C2, 9.125000E+01,15,15,30,15,15,-5.502642E+00,-5.493077E+00, 6.508682E+00, 4.469601E+01, 4.451131E+01, 2.967421E+00,-8.767423E+00,-8.100925E+00, 1.261736E+01, 8.022503E+01, 4.387350E+01, 2.587476E+01, 1.100634E+00,16, 2.066584E+00,0, 0.000000E+00,0, 0.000000E+00,13, 3.442838E+01, 5.541070E-01, 1.467260E+01,NULL,NULL,1,mc_qqps,54
-21042,2491,20228,53941,94C2, 9.125000E+01,26,20,46,26,20,-6.107639E+00,-8.495000E+00, 7.563110E+00, 5.700935E+01, 5.663187E+01, 2.178149E+00,-2.596416E+00,-5.831330E+00, 4.212581E+00, 8.965948E+01, 4.660801E+01, 2.834922E+01, 3.839067E+00,22, 3.607796E+00,0, 0.000000E+00,0, 0.000000E+00,18, 2.846960E+01, 3.473901E-01, 4.912561E+00,1, 0.000000E+00,1,mc_qqps,54
-21042,2492,20228,53955,94C2, 9.125000E+01,43,10,53,43,10, 6.075109E+00,-9.141709E+00, 6.924595E+00, 6.138148E+01, 6.029947E+01, 1.402313E+00, 7.512664E+00,-1.111379E+01, 7.869751E+00, 8.607647E+01, 5.497472E+01, 1.427537E+01, 9.476634E+00,17, 7.640421E-01,0, 0.000000E+00,0, 0.000000E+00,6, 1.350846E+01, 5.032042E-01, 8.505909E+00,NULL,NULL,1,mc_qqps,54
-21042,2493,20228,54009,94C2, 9.125000E+01,31,13,44,31,13, 1.848446E+01, 1.131162E+01,-2.313979E+00, 6.889409E+01, 6.837755E+01, 2.205727E+00, 1.236795E+01, 7.328234E+00,-3.196997E+00, 8.729536E+01, 5.909955E+01, 9.327356E+00, 7.854733E+00,14, 1.686208E+01,0, 0.000000E+00,0, 0.000000E+00,9, 9.955294E+00, 5.242577E-01, 3.292785E+00,NULL,NULL,1,mc_qqps,54
-21042,2494,20228,54024,94C2, 9.125000E+01,27,14,41,27,14, 7.328404E+00,-1.400155E+00, 1.195606E+01, 7.983208E+01, 7.952580E+01, 2.945400E+00, 8.213274E+00,-6.414883E+00, 2.022899E+01, 9.728838E+01, 6.989163E+01, 8.550356E+00, 8.905947E+00,2, 0.000000E+00,13, 1.911050E+01,0, 0.000000E+00,1, 1.014971E+00, 1.014971E+00, 1.014971E+00,1, 0.000000E+00,1,mc_qqps,54
-21042,2495,20228,54038,94C2, 9.125000E+01,42,5,47,42,5,-7.988638E+00,-6.744775E+00,-4.382518E+00, 7.387486E+01, 7.301783E+01, 1.738520E+00,-6.348848E-01, 1.660428E-01, 1.734710E-02, 9.197417E+01, 6.977722E+01, 1.265367E+01, 5.479186E+00,13, 1.438449E+01,0, 0.000000E+00,0, 0.000000E+00,3, 1.265282E+01, 8.283712E-01, 1.068563E+01,NULL,NULL,1,mc_qqps,54
-21042,2496,20228,54055,94C2, 9.125000E+01,18,16,34,18,16,-5.153871E+00, 1.357003E+00, 5.142475E+00, 5.283401E+01, 5.252375E+01, 2.917986E+00, 8.584760E-01, 6.066095E-01,-3.235412E-01, 8.670196E+01, 4.977274E+01, 3.194447E+01, 0.000000E+00,17, 3.845500E+00,0, 0.000000E+00,0, 0.000000E+00,15, 3.204786E+01, 3.512945E-01, 7.335725E+00,NULL,NULL,1,mc_qqps,54
-21042,2497,20228,54110,94C2, 9.125000E+01,32,17,49,32,17,-8.371471E-02, 3.009167E-01, 4.381377E-01, 5.534422E+01, 5.473582E+01, 1.710495E+00, 9.051676E+00, 5.251939E+00, 1.136121E+01, 7.399883E+01, 5.046757E+01, 1.399913E+01, 4.472233E-01,8, 7.747543E-01,10, 1.005770E+00,0, 0.000000E+00,6, 1.038987E+01, 1.050224E+00, 3.583865E+00,NULL,NULL,1,mc_qqps,54
-21042,2498,20228,54128,94C2, 9.125000E+01,26,10,36,26,10, 6.582068E+00, 9.591039E-01, 4.414115E+00, 3.812893E+01, 3.779649E+01, 1.453711E+00, 5.954400E+00, 1.758265E+00, 3.260833E+00, 8.279359E+01, 3.390585E+01, 2.888591E+01, 2.393019E+00,14, 5.779965E-01,0, 0.000000E+00,0, 0.000000E+00,7, 3.989122E+01, 9.558579E-01, 1.713659E+01,NULL,NULL,1,mc_qqps,54
-21042,2499,20228,54145,94C2, 9.125000E+01,31,13,44,31,13,-1.173713E+01, 1.764198E+01, 7.546453E+00, 6.070824E+01, 6.001978E+01, 1.936122E+00,-4.778218E+00, 2.726208E+00, 2.449137E+00, 1.069772E+02, 5.410262E+01, 4.382994E+01, 2.443569E+00,20, 6.978749E+00,0, 0.000000E+00,0, 0.000000E+00,10, 3.583558E+01, 4.585211E-01, 1.593796E+01,NULL,NULL,1,mc_qqps,54
-21042,2500,20228,54202,94C2, 9.125000E+01,34,12,46,34,12, 3.002567E-01, 1.417978E+01, 3.643233E+00, 8.807057E+01, 8.760680E+01, 2.576671E+00,-1.308643E+00, 1.784098E+01, 6.329090E+00, 1.051680E+02, 4.710819E+01, 1.587847E+01, 8.140593E-01,19, 2.676146E+01,0, 0.000000E+00,0, 0.000000E+00,9, 1.384159E+01, 4.049165E-01, 4.395861E+00,NULL,NULL,1,mc_qqps,54
-21042,2501,20228,54221,94C2, 9.125000E+01,39,18,57,39,18,-1.516052E+01, 6.957281E+00,-1.249039E+00, 5.260986E+01, 5.144945E+01, 1.319217E+00,-5.819218E+00, 9.152083E-01, 1.043704E+00, 8.670831E+01, 4.810355E+01, 3.102577E+01, 1.454937E+00,18, 2.683322E+00,1, 0.000000E+00,0, 0.000000E+00,15, 3.209829E+01, 3.411345E-01, 6.509015E+00,NULL,NULL,1,mc_qqps,54
-21042,2502,20228,54242,94C2, 9.125000E+01,36,13,49,36,13, 2.683900E+01, 9.357795E+00, 9.781019E+01, 1.596829E+02, 1.590783E+02, 4.418841E+00, 2.819390E+01, 9.713602E+00, 9.893005E+01, 1.865495E+02, 5.893596E+01, 2.289061E+01, 2.895533E+00,9, 0.000000E+00,5, 0.000000E+00,0, 0.000000E+00,7, 1.546529E+01, 1.076292E+00, 4.281558E+00,NULL,NULL,1,mc_qqps,54
-21042,2503,20228,54304,94C2, 9.125000E+01,46,14,60,46,14,-4.611246E-01,-2.666498E-01, 1.014001E+00, 8.042137E+01, 7.923198E+01, 1.722434E+00,-8.329199E+00, 2.262618E-01, 3.833943E+00, 1.043898E+02, 6.534717E+01, 1.931319E+01, 1.887673E-01,20, 1.088209E+01,0, 0.000000E+00,0, 0.000000E+00,12, 2.365709E+01, 5.617968E-01, 5.060702E+00,NULL,NULL,1,mc_qqps,54
-21042,2504,20228,54319,94C2, 9.125000E+01,50,17,67,50,17,-5.979718E+00, 1.326870E+01,-1.425202E+01, 5.505576E+01, 5.378840E+01, 1.075768E+00,-5.301867E+00, 1.172441E+01,-1.187879E+01, 7.676553E+01, 4.295449E+01, 1.505492E+01, 3.588406E+00,7, 0.000000E+00,10, 0.000000E+00,0, 0.000000E+00,4, 3.979232E+00, 4.300398E-01, 1.995269E+00,2, 0.000000E+00,1,mc_qqps,54
-21042,2505,20228,54344,94C2, 9.125000E+01,48,25,73,48,25, 1.232496E+01, 7.130834E+00, 4.472230E+00, 4.368610E+01, 4.272519E+01, 8.901080E-01, 8.152343E-01, 4.846471E+00, 3.740432E+00, 7.825356E+01, 3.510232E+01, 3.057869E+01, 3.785079E+00,24, 3.142766E+00,1, 0.000000E+00,0, 0.000000E+00,19, 2.560153E+01, 4.388111E-01, 3.393812E+00,NULL,NULL,1,mc_qqps,54
-21042,2506,20228,54409,94C2, 9.125000E+01,33,17,50,33,17, 1.174661E+01,-8.176460E+00,-4.646832E+00, 5.868639E+01, 5.797303E+01, 1.756758E+00, 8.326698E+00,-9.107699E+00,-5.828514E+00, 9.462914E+01, 5.563630E+01, 3.231244E+01, 3.630316E+00,19, 1.762471E+01,0, 0.000000E+00,0, 0.000000E+00,9, 1.979980E+01, 6.516466E-01, 6.537417E+00,NULL,NULL,1,mc_qqps,54
-21042,2507,20228,54424,94C2, 9.125000E+01,36,19,55,36,19,-5.600422E-01,-1.435833E+00, 5.305711E+00, 5.281876E+01, 5.203331E+01, 1.445370E+00,-1.763043E+00,-8.773327E-01, 5.024959E+00, 7.373811E+01, 3.718978E+01, 1.534924E+01, 5.574733E+00,1, 0.000000E+00,16, 7.170492E+00,0, 0.000000E+00,1, 1.167386E+00, 1.167386E+00, 1.167386E+00,2, 0.000000E+00,1,mc_qqps,54
-21042,2508,20228,54444,94C2, 9.125000E+01,37,17,54,37,17, 3.596795E+00, 3.066722E+00, 1.139866E+01, 6.633330E+01, 6.575470E+01, 1.777154E+00, 1.002890E+01, 3.216933E+00, 1.389165E+01, 9.618436E+01, 6.370924E+01, 2.791944E+01, 6.078379E-01,20, 2.969268E+00,0, 0.000000E+00,0, 0.000000E+00,15, 2.722754E+01, 6.126348E-01, 5.304913E+00,NULL,NULL,1,mc_qqps,54
-21042,2509,20228,54500,94C2, 9.125000E+01,28,13,41,28,13,-2.247542E-01, 6.668414E+00,-2.631850E+00, 4.506914E+01, 4.452819E+01, 1.590293E+00,-2.026387E+00, 3.261640E+00,-3.961363E-01, 6.869724E+01, 3.943618E+01, 1.200796E+01, 3.897281E+00,16, 1.192909E+01,1, 0.000000E+00,0, 0.000000E+00,6, 1.918831E+01, 5.409665E-01, 7.007726E+00,1, 0.000000E+00,1,mc_qqps,54
-21042,2510,20228,54513,94C2, 9.125000E+01,43,22,65,43,22, 5.221887E+00, 3.630441E-01, 5.311806E-01, 5.567087E+01, 5.492225E+01, 1.277262E+00, 9.221730E+00,-3.707185E+00, 3.434737E+00, 8.973522E+01, 4.663688E+01, 2.621389E+01, 6.108047E+00,21, 6.342333E+00,0, 0.000000E+00,0, 0.000000E+00,15, 2.288709E+01, 4.959318E-01, 5.187431E+00,NULL,NULL,1,mc_qqps,54
-21042,2511,20228,54531,94C2, 9.125000E+01,27,20,47,27,20, 7.667231E+00,-8.848635E-01,-1.132059E+01, 6.821576E+01, 6.776038E+01, 2.509644E+00, 5.423171E+00,-3.631328E-01,-1.036904E+01, 9.906910E+01, 6.299846E+01, 2.089468E+01, 7.384118E+00,10, 4.353113E-02,3, 0.000000E+00,0, 0.000000E+00,9, 1.451057E+01, 6.427770E-01, 3.953320E+00,1, 0.000000E+00,1,mc_qqps,54
-21042,2512,20228,54546,94C2, 9.125000E+01,48,15,63,48,15,-2.706984E+00,-3.603355E+00, 1.330898E+00, 7.043205E+01, 6.952587E+01, 1.448456E+00, 3.722062E+00, 1.879620E+00, 6.834734E+00, 1.080212E+02, 5.949075E+01, 2.059102E+01, 6.405163E+00,22, 1.920646E+00,0, 0.000000E+00,0, 0.000000E+00,12, 3.125415E+01, 4.788376E-01, 8.295642E+00,NULL,NULL,1,mc_qqps,54
-21042,2513,20228,54604,94C2, 9.125000E+01,62,19,81,62,19, 5.318857E+00, 9.728590E-01, 4.876160E+00, 6.284375E+01, 6.083348E+01, 9.811851E-01,-1.029146E+01, 1.815505E+01, 4.582331E+00, 1.035899E+02, 4.903966E+01, 1.133748E+01, 2.439365E+01,15, 3.588691E-01,2, 0.000000E+00,0, 0.000000E+00,8, 1.260425E+01, 5.044500E-01, 5.086238E+00,1, 0.000000E+00,1,mc_qqps,54
-21042,2514,20228,54628,94C2, 9.125000E+01,47,14,61,47,14, 1.188829E+01,-4.547737E+00,-2.767476E+00, 7.290494E+01, 7.140272E+01, 1.519207E+00,-2.701642E+00,-4.212857E-01,-2.828925E+00, 1.124372E+02, 6.044026E+01, 3.615433E+01, 2.187382E+00,14, 1.132050E+00,0, 0.000000E+00,0, 0.000000E+00,11, 3.294283E+01, 5.007789E-01, 8.526169E+00,NULL,NULL,1,mc_qqps,54
-21042,2515,20228,54647,94C2, 9.125000E+01,19,19,38,19,19, 4.357288E+00, 1.460499E+00, 1.282073E+01, 5.986914E+01, 5.966328E+01, 3.140172E+00, 1.148664E+00,-2.943153E+00, 8.396565E+00, 9.128841E+01, 4.818474E+01, 2.340458E+01, 7.616854E+00,2, 0.000000E+00,17, 1.012573E+01,0, 0.000000E+00,2, 2.064857E+00, 3.978181E-01, 1.667040E+00,NULL,NULL,1,mc_qqps,54
-21042,2516,20228,54702,94C2, 9.125000E+01,46,23,69,46,23, 2.230653E-01, 1.185630E+00,-3.873356E+01, 8.625772E+01, 8.498797E+01, 1.847565E+00,-4.088465E+00, 3.904579E+00,-5.016718E+01, 1.136706E+02, 2.990009E+01, 2.039312E+01, 6.131352E+00,5, 2.068072E+00,15, 2.438940E+00,0, 0.000000E+00,2, 3.835318E+00, 8.940697E-01, 2.941249E+00,4, 0.000000E+00,1,mc_qqps,54
-21042,2517,20228,54721,94C2, 9.125000E+01,5,10,15,5,10,-5.036579E-01,-4.536166E-01,-1.538796E+00, 2.946452E+00, 2.842407E+00, 5.684813E-01,-8.284020E-02,-1.536196E+00,-8.758343E+00, 4.276441E+01, 1.615474E+00, 3.981796E+01, 0.000000E+00,0, 0.000000E+00,4, 0.000000E+00,0, 0.000000E+00,NULL,NULL,NULL,NULL,6, 0.000000E+00,0,mc_qqps,54
-21042,2518,20228,54752,94C2, 9.125000E+01,34,11,45,34,11, 1.670510E+00,-5.373960E+00,-5.659078E+00, 8.042802E+01, 7.994870E+01, 2.351432E+00, 1.604898E+00,-7.658351E+00,-6.862617E+00, 9.868303E+01, 5.901949E+01, 1.517724E+01, 3.081140E+00,13, 1.903361E+01,0, 0.000000E+00,0, 0.000000E+00,7, 1.398120E+01, 8.998730E-01, 3.493281E+00,NULL,NULL,1,mc_qqps,54
-21042,2519,20228,54805,94C2, 9.125000E+01,21,8,29,21,8, 1.149478E+01,-1.612548E+00,-6.902234E+00, 6.486758E+01, 6.436308E+01, 3.064908E+00, 9.593653E+00,-3.038151E+00,-5.707253E+00, 7.390737E+01, 6.124988E+01, 2.277048E+00, 6.762753E+00,5, 8.044381E+00,0, 0.000000E+00,0, 0.000000E+00,2, 1.708200E+00, 7.274919E-01, 9.807082E-01,NULL,NULL,1,mc_qqps,54
-21042,2520,20228,54818,94C2, 9.125000E+01,29,20,49,29,20,-4.873505E+00, 3.921971E+00,-1.453536E+00, 4.318338E+01, 4.264973E+01, 1.470680E+00, 3.702603E+00,-4.609978E-01, 2.506223E+00, 8.542738E+01, 4.065967E+01, 2.127579E+01, 9.444895E-01,21, 8.325808E-01,0, 0.000000E+00,0, 0.000000E+00,16, 3.974563E+01, 4.852023E-01, 1.704045E+01,NULL,NULL,1,mc_qqps,54
-21042,2521,20228,54834,94C2, 9.125000E+01,33,14,47,33,14,-1.922345E-02,-5.450130E-02, 9.083018E-01, 8.630087E+01, 8.572324E+01, 2.597674E+00,-3.866712E-01,-7.036288E-01, 1.305622E+00, 1.107382E+02, 8.155508E+01, 8.942427E+00, 1.553964E+01,14, 1.005327E+01,0, 0.000000E+00,0, 0.000000E+00,6, 6.658671E+00, 4.979407E-01, 2.418953E+00,NULL,NULL,1,mc_qqps,54
-21042,2522,20228,54847,94C2, 9.125000E+01,40,5,45,40,5, 1.450247E+00, 6.919976E+00, 9.206303E+00, 7.810661E+01, 7.683994E+01, 1.920999E+00, 3.068208E+00, 1.014732E+01, 1.347666E+01, 9.858947E+01, 7.116668E+01, 3.914483E+00, 1.657833E+01,3, 0.000000E+00,1, 0.000000E+00,0, 0.000000E+00,2, 3.914483E+00, 1.912982E+00, 2.001501E+00,NULL,NULL,1,mc_qqps,54
-21042,2523,20228,54903,94C2, 9.125000E+01,41,16,57,41,16, 2.766942E+01, 2.235642E+01,-2.679911E+01, 1.139697E+02, 1.134534E+02, 2.767155E+00, 3.626057E+01, 2.968176E+01,-3.550971E+01, 1.359853E+02, 5.992645E+01, 1.656424E+01, 2.802043E+00,15, 4.718029E-01,2, 0.000000E+00,0, 0.000000E+00,8, 1.025158E+01, 4.733532E-01, 2.974386E+00,NULL,NULL,1,mc_qqps,54
-21042,2524,20228,54922,94C2, 9.125000E+01,34,15,49,34,15, 1.117962E+01,-1.274512E+01, 1.971748E+01, 4.742900E+01, 4.689788E+01, 1.379350E+00, 1.519729E+01,-1.866026E+01, 2.490792E+01, 7.811710E+01, 4.260491E+01, 2.289179E+01, 7.886761E+00,11, 4.679699E-01,0, 0.000000E+00,0, 0.000000E+00,9, 1.682207E+01, 1.006782E+00, 3.153473E+00,NULL,NULL,1,mc_qqps,54
-21042,2525,20228,54943,94C2, 9.125000E+01,19,18,37,19,18, 7.130811E+00, 4.941498E+00,-3.215199E+00, 5.750772E+01, 5.712056E+01, 3.006345E+00,-8.104345E+00,-1.151332E+01,-1.192513E+00, 1.086260E+02, 5.658925E+01, 2.335143E+01, 1.746733E+01,14, 8.398617E+00,1, 0.000000E+00,0, 0.000000E+00,11, 3.231737E+01, 4.707892E-01, 9.874810E+00,NULL,NULL,1,mc_qqps,54
-21042,2526,20228,54958,94C2, 9.125000E+01,20,9,29,20,9, 4.338102E-02, 9.253507E+00, 1.106156E+01, 6.659030E+01, 6.640849E+01, 3.320425E+00,-1.467533E-01, 6.074570E+00, 6.898124E+00, 8.829059E+01, 5.561332E+01, 2.170028E+01, 0.000000E+00,2, 0.000000E+00,17, 1.615042E+01,0, 0.000000E+00,NULL,NULL,NULL,NULL,NULL,NULL,1,mc_qqps,54
-21042,2527,20228,55010,94C2, 9.125000E+01,32,18,50,32,18,-2.521164E+00, 1.194382E-01,-5.891747E+01, 1.943936E+02, 1.941001E+02, 6.065627E+00,-1.189218E+01, 1.346523E+01,-2.474054E+01, 2.513845E+02, 8.074396E+01, 5.324482E+01, 1.312529E+00,3, 3.023423E-01,26, 1.565958E+01,0, 0.000000E+00,2, 2.433523E+00, 9.388662E-01, 1.494657E+00,1, 0.000000E+00,1,mc_qqps,54
-21042,2528,20228,55024,94C2, 9.125000E+01,27,21,48,27,21, 6.747153E+00, 1.934929E+00,-5.003505E+00, 3.877542E+01, 3.837270E+01, 1.421211E+00, 2.469244E+00,-1.765829E+00, 2.025435E+00, 8.878728E+01, 2.994242E+01, 4.521173E+01, 4.800128E+00,13, 2.023864E+00,7, 0.000000E+00,0, 0.000000E+00,10, 3.010356E+01, 8.340510E-01, 8.275266E+00,NULL,NULL,1,mc_qqps,54
-21042,2529,20228,55040,94C2, 9.125000E+01,25,14,39,25,14, 2.263589E+00, 4.397672E+00,-9.918099E-01, 3.740390E+01, 3.690788E+01, 1.476315E+00, 3.086500E+00, 9.831879E+00, 6.262251E-01, 7.167545E+01, 3.594177E+01, 2.411534E+01, 8.391388E+00,15, 4.270694E+00,1, 0.000000E+00,0, 0.000000E+00,11, 2.504689E+01, 5.647463E-01, 1.026665E+01,NULL,NULL,1,mc_qqps,54
-21042,2530,20228,55054,94C2, 9.125000E+01,35,26,61,35,26, 5.100019E+00, 3.508361E+00,-3.939852E+01, 7.155995E+01, 7.093787E+01, 2.026796E+00, 6.596487E+00, 2.906116E+00,-4.195555E+01, 1.005089E+02, 1.170375E+01, 2.308646E+01, 5.862446E+00,1, 0.000000E+00,27, 7.223851E+00,0, 0.000000E+00,1, 4.401605E-01, 4.401605E-01, 4.401605E-01,1, 0.000000E+00,1,mc_qqps,54
-21042,2531,20228,55109,94C2, 9.125000E+01,41,14,55,41,14, 6.493557E+00, 2.182568E+00,-7.568410E+00, 6.880126E+01, 6.808306E+01, 1.660563E+00, 2.325792E+00,-4.494017E-01,-2.402920E+00, 8.323952E+01, 4.954177E+01, 9.325926E+00, 3.681047E+00,11, 5.360566E+00,8, 0.000000E+00,0, 0.000000E+00,7, 6.432171E+00, 4.859934E-01, 1.975732E+00,NULL,NULL,1,mc_qqps,54
-21042,2532,20228,55127,94C2, 9.125000E+01,27,17,44,27,17,-6.650224E+00,-1.362353E+00,-1.241535E+01, 5.755679E+01, 5.705195E+01, 2.113035E+00,-4.150804E+00,-1.703285E+00,-7.517285E+00, 9.154769E+01, 5.498656E+01, 3.361374E+01, 3.771640E-01,0, 0.000000E+00,15, 3.192311E-01,0, 0.000000E+00,NULL,NULL,NULL,NULL,NULL,NULL,1,mc_qqps,54
-21042,2533,20228,55144,94C2, 9.125000E+01,29,7,36,29,7,-1.776974E-01,-1.330723E+00, 4.090300E-01, 6.585070E+01, 6.532807E+01, 2.252692E+00,-5.846485E+00, 8.958290E+00,-3.566094E-01, 8.406709E+01, 5.742275E+01, 1.757889E+01, 0.000000E+00,11, 7.954771E+00,0, 0.000000E+00,0, 0.000000E+00,6, 1.729311E+01, 6.382388E-01, 1.249153E+01,NULL,NULL,1,mc_qqps,54
-21042,2534,20228,55156,94C2, 9.125000E+01,30,10,40,30,10, 2.007016E+01,-7.273646E+01, 1.697764E+02, 2.720397E+02, 2.714765E+02, 9.049218E+00, 1.895870E+01,-7.191815E+01, 1.699811E+02, 2.790573E+02, 6.822748E+01, 4.518846E+00, 3.124706E-01,4, 0.000000E+00,13, 6.414023E+00,0, 0.000000E+00,2, 2.186327E+00, 5.904170E-01, 1.595909E+00,1, 0.000000E+00,1,mc_qqps,54
-21042,2535,20228,55210,94C2, 9.125000E+01,31,8,39,31,8,-1.136064E+01,-8.273429E+00, 1.196599E+01, 8.587208E+01, 8.535339E+01, 2.753335E+00,-3.391666E+00, 2.865222E-01,-8.310862E-01, 1.176988E+02, 7.985601E+01, 2.199323E+01, 9.833488E+00,10, 1.475722E-01,2, 0.000000E+00,0, 0.000000E+00,6, 1.460753E+01, 7.788342E-01, 7.001496E+00,NULL,NULL,1,mc_qqps,54
-21042,2536,20228,55225,94C2, 9.125000E+01,24,12,36,24,12, 3.079664E+00, 1.345108E+00,-2.824411E+00, 7.482179E+01, 7.431072E+01, 3.096280E+00, 4.868826E+00, 2.163278E+00,-3.450105E+00, 9.522275E+01, 5.617240E+01, 1.793189E+01, 6.150399E-01,14, 2.598871E+00,0, 0.000000E+00,0, 0.000000E+00,10, 2.011608E+01, 5.951626E-01, 6.033111E+00,NULL,NULL,1,mc_qqps,54
-21042,2537,20228,55238,94C2, 9.125000E+01,20,16,36,20,16, 4.136206E+00,-1.596811E+01,-1.242980E+00, 6.853474E+01, 6.813520E+01, 3.406760E+00, 3.120715E+00,-1.070576E+01,-1.017897E+00, 9.893575E+01, 6.404555E+01, 2.688980E+01, 1.320862E+00,17, 6.405390E+00,0, 0.000000E+00,0, 0.000000E+00,13, 2.871973E+01, 5.182551E-01, 6.210752E+00,NULL,NULL,1,mc_qqps,54
-21042,2538,20228,55251,94C2, 9.125000E+01,9,11,20,9,11, 2.376541E+00,-3.978325E-02,-1.219472E+01, 1.881054E+01, 1.868903E+01, 2.076559E+00, 1.883178E+00,-3.045760E-01,-7.460659E+00, 5.235925E+01, 5.881902E-01, 3.317525E+01, 3.734560E-01,0, 0.000000E+00,8, 1.047334E+00,0, 0.000000E+00,NULL,NULL,NULL,NULL,4, 0.000000E+00,0,mc_qqps,54
-21042,2539,20228,55315,94C2, 9.125000E+01,26,17,43,26,17, 2.767308E+00, 1.770187E+00, 2.398220E+01, 3.497659E+01, 3.424735E+01, 1.317206E+00, 4.020621E+00, 2.229872E+00, 1.448868E+01, 6.247878E+01, 1.734324E+01, 2.529972E+01, 2.207327E+00,2, 0.000000E+00,9, 0.000000E+00,0, 0.000000E+00,1, 2.202271E+00, 2.202271E+00, 2.202271E+00,7, 0.000000E+00,1,mc_qqps,54
-21042,2540,20228,55344,94C2, 9.125000E+01,25,14,39,25,14,-8.408304E-01,-3.111847E-01,-1.212192E+01, 4.437804E+01, 4.378637E+01, 1.751455E+00,-3.434665E-01, 1.358151E+00,-2.028091E+01, 7.623291E+01, 2.576094E+00, 3.073300E+01, 1.121860E+00,0, 0.000000E+00,12, 3.047544E+00,0, 0.000000E+00,NULL,NULL,NULL,NULL,4, 0.000000E+00,0,mc_qqps,54
-21042,2541,20228,55407,94C2, 9.125000E+01,25,14,39,25,14,-4.172432E+00,-4.053395E+00,-2.501962E+01, 7.984357E+01, 7.948464E+01, 3.179386E+00,-4.529037E+00,-2.193747E+00,-2.110043E+01, 1.009000E+02, 4.508104E+01, 2.105647E+01, 0.000000E+00,3, 0.000000E+00,16, 2.888487E+00,0, 0.000000E+00,3, 4.838262E+00, 5.181270E-01, 2.208163E+00,1, 0.000000E+00,1,mc_qqps,54
-21042,2542,20228,55422,94C2, 9.125000E+01,22,11,33,22,11, 1.429080E+01,-2.026135E+01,-7.145918E+00, 3.939820E+01, 3.878436E+01, 1.762926E+00, 8.726736E+00,-1.149397E+01,-4.714227E+00, 5.476759E+01, 3.670546E+01, 1.182689E+01, 1.057452E+00,13, 5.826136E-01,0, 0.000000E+00,0, 0.000000E+00,9, 1.431193E+01, 5.185843E-01, 3.857761E+00,NULL,NULL,1,mc_qqps,54
-21042,2543,20228,55433,94C2, 9.125000E+01,24,7,31,24,7,-1.145597E+01,-4.343841E+00,-1.454813E+01, 5.258993E+01, 5.209468E+01, 2.170612E+00,-5.882913E+00,-3.112447E+00,-8.154610E+00, 6.543686E+01, 4.772136E+01, 1.250016E+01, 3.467818E-01,5, 2.838952E-01,8, 1.837287E+00,0, 0.000000E+00,3, 6.917718E+00, 4.077834E-01, 5.662975E+00,NULL,NULL,1,mc_qqps,54
-21042,2544,20228,55455,94C2, 9.125000E+01,28,21,49,28,21, 1.376931E+00,-1.286566E+00,-1.460933E+00, 5.450356E+01, 5.397541E+01, 1.927693E+00,-8.762223E+00,-1.916383E+01, 2.406036E+01, 1.050968E+02, 4.908349E+01, 3.867500E+01, 1.128007E+01,8, 0.000000E+00,7, 0.000000E+00,0, 0.000000E+00,8, 8.111394E+00, 3.990238E-01, 2.378516E+00,NULL,NULL,1,mc_qqps,54
-21042,2545,20228,55515,94C2, 9.125000E+01,26,11,37,26,11, 7.606380E-01, 3.183130E+00,-3.841632E+00, 4.425323E+01, 4.383368E+01, 1.685911E+00, 5.034488E+00, 4.009197E+00,-8.616631E+00, 6.487652E+01, 3.903499E+01, 1.345207E+01, 7.171220E+00,6, 5.354500E+00,5, 0.000000E+00,0, 0.000000E+00,4, 1.074586E+01, 1.066635E+00, 6.199371E+00,1, 0.000000E+00,1,mc_qqps,54
-21042,2546,20228,55529,94C2, 9.125000E+01,19,13,32,19,13,-1.301164E+01,-5.508414E+00, 1.505197E+01, 5.728676E+01, 5.715764E+01, 3.008297E+00,-8.978853E+00,-4.950652E+00, 8.965128E+00, 7.794408E+01, 5.746737E+01, 1.676216E+01, 3.936128E+00,7, 1.009917E-01,5, 0.000000E+00,0, 0.000000E+00,5, 9.101171E+00, 4.951271E-01, 3.184178E+00,NULL,NULL,1,mc_qqps,54
-21042,2547,20228,55545,94C2, 9.125000E+01,17,10,27,17,10,-9.717257E+00, 1.284215E+01,-2.656190E+00, 6.520410E+01, 6.496403E+01, 3.821413E+00, 2.596033E+00,-4.717575E+00, 1.646260E+00, 9.291518E+01, 6.375255E+01, 1.765402E+01, 8.297359E+00,13, 7.196212E+00,0, 0.000000E+00,0, 0.000000E+00,7, 1.581435E+01, 8.790828E-01, 3.123433E+00,NULL,NULL,1,mc_qqps,54
-21042,2548,20228,55557,94C2, 9.125000E+01,34,11,45,34,11, 1.365372E+01, 6.159132E+00, 7.971180E+00, 6.175730E+01, 6.129494E+01, 1.802793E+00, 1.914494E+01, 9.309339E+00, 1.255376E+01, 8.750668E+01, 5.425059E+01, 1.136604E+01, 4.176940E+00,13, 4.676364E+00,0, 0.000000E+00,0, 0.000000E+00,6, 1.999167E+01, 7.082613E-01, 7.433105E+00,NULL,NULL,1,mc_qqps,54
-21042,2549,20228,55610,94C2, 9.125000E+01,46,16,62,46,16,-1.406981E+00,-6.269127E+00,-1.319194E+00, 7.432141E+01, 7.287009E+01, 1.584132E+00,-2.250719E+00,-8.172894E+00,-1.393123E+00, 1.060485E+02, 6.550105E+01, 1.690516E+01, 1.223488E+01,17, 1.046838E+00,1, 0.000000E+00,0, 0.000000E+00,11, 1.747220E+01, 6.193365E-01, 3.584278E+00,NULL,NULL,1,mc_qqps,54
-21042,2550,20228,55625,94C2, 9.125000E+01,48,8,56,48,8,-4.662313E-01, 7.233724E-01,-2.627680E-02, 7.122066E+01, 6.977732E+01, 1.453694E+00, 1.035466E+01, 6.083288E+00, 7.453950E-01, 8.870312E+01, 5.167241E+01, 1.716755E+01, 3.158000E-01,10, 4.191690E+00,0, 0.000000E+00,0, 0.000000E+00,6, 1.524109E+01, 5.045726E-01, 1.019181E+01,NULL,NULL,1,mc_qqps,54
-21042,2551,20228,55651,94C2, 9.125000E+01,17,11,28,17,11, 9.938377E-02,-6.696934E-01,-1.483044E+00, 4.273504E+01, 4.247392E+01, 2.498466E+00, 5.874331E+00,-5.276587E+00,-1.280282E+01, 6.502007E+01, 4.189507E+01, 2.228502E+01, 0.000000E+00,2, 0.000000E+00,10, 4.103346E+00,0, 0.000000E+00,2, 2.235228E+00, 1.112313E+00, 1.122915E+00,NULL,NULL,1,mc_qqps,54
-21042,2552,20228,55711,94C2, 9.125000E+01,22,16,38,22,16, 3.202474E+00, 4.666144E-01,-1.602107E+00, 4.448827E+01, 4.422049E+01, 2.010022E+00, 4.463345E+00, 4.535429E+00,-4.394175E+00, 8.441874E+01, 4.376154E+01, 3.829068E+01, 7.608171E-01,15, 7.811152E-01,1, 0.000000E+00,0, 0.000000E+00,12, 3.115307E+01, 8.789850E-01, 5.716020E+00,NULL,NULL,1,mc_qqps,54
-21042,2553,20228,55731,94C2, 9.125000E+01,28,12,40,28,12,-5.681287E+00, 1.025617E-01, 4.746011E+00, 6.760639E+01, 6.688551E+01, 2.388768E+00,-5.414438E+00, 2.750051E+00, 2.545667E+00, 8.587075E+01, 6.408694E+01, 1.010890E+01, 1.264218E+00,13, 6.841247E+00,2, 0.000000E+00,0, 0.000000E+00,8, 1.529585E+01, 6.101252E-01, 5.064896E+00,NULL,NULL,1,mc_qqps,54
-21042,2554,20228,55749,94C2, 9.125000E+01,38,12,50,38,12, 1.990942E+01,-5.239652E+00,-2.729512E+01, 6.262978E+01, 6.184029E+01, 1.627376E+00, 9.937451E+00,-1.730902E+00,-1.778587E+01, 9.370110E+01, 5.164178E+01, 2.058253E+01, 9.958138E+00,2, 0.000000E+00,5, 2.926229E-01,0, 0.000000E+00,2, 1.372041E+00, 5.325879E-01, 8.394535E-01,NULL,NULL,1,mc_qqps,54
-21042,2555,20228,55805,94C2, 9.125000E+01,19,12,31,19,12,-1.588169E+01, 2.465179E+00, 2.071151E+00, 4.154334E+01, 4.137558E+01, 2.177662E+00, 7.152331E+00,-3.745766E-01,-6.497607E-01, 7.688472E+01, 4.085225E+01, 3.330182E+01, 0.000000E+00,17, 1.354944E+01,0, 0.000000E+00,0, 0.000000E+00,12, 3.534138E+01, 7.474918E-01, 6.460670E+00,NULL,NULL,1,mc_qqps,54
-21042,2556,20228,55818,94C2, 9.125000E+01,19,14,33,19,14,-1.434906E+01, 3.529659E+00,-3.040224E+01, 4.993050E+01, 4.971531E+01, 2.616595E+00,-1.317053E+01, 5.537334E+00,-2.696154E+01, 7.494182E+01, 3.233188E+01, 1.440467E+01, 9.496349E+00,2, 0.000000E+00,15, 5.185997E+00,0, 0.000000E+00,2, 1.692377E+00, 4.820272E-01, 1.210350E+00,NULL,NULL,1,mc_qqps,54
-21042,2557,20228,55829,94C2, 9.125000E+01,23,5,28,23,5, 1.362382E+00, 4.313103E+00, 5.938370E+00, 6.725108E+01, 6.670329E+01, 2.900143E+00,-1.839870E+00,-5.197409E+00,-9.526266E+00, 1.025330E+02, 6.042332E+01, 3.528192E+01, 0.000000E+00,1, 0.000000E+00,4, 0.000000E+00,0, 0.000000E+00,NULL,NULL,NULL,NULL,2, 0.000000E+00,1,mc_qqps,54
-21042,2558,20228,55847,94C2, 9.125000E+01,51,18,69,51,18,-9.704810E+00,-1.641166E+01, 1.069063E+01, 7.112489E+01, 6.983604E+01, 1.369334E+00,-7.423962E-01,-3.701155E+00, 3.146933E+00, 1.051517E+02, 5.631400E+01, 2.841553E+01, 4.219883E+00,18, 9.034938E+00,4, 0.000000E+00,0, 0.000000E+00,10, 2.659256E+01, 3.496731E-01, 1.282143E+01,NULL,NULL,1,mc_qqps,54
-21042,2559,20228,55905,94C2, 9.125000E+01,49,11,60,49,11,-2.971222E+00, 6.811138E-01,-3.486497E+00, 8.556258E+01, 8.471626E+01, 1.728903E+00, 3.901491E-01, 1.174146E+00,-1.388451E+00, 1.177776E+02, 6.815079E+01, 1.576928E+01, 1.605310E+01,16, 1.431195E+01,0, 0.000000E+00,0, 0.000000E+00,5, 4.153113E+00, 4.372628E-01, 1.530644E+00,NULL,NULL,1,mc_qqps,54
-21042,2560,20228,55919,94C2, 9.125000E+01,45,17,62,45,17, 1.101605E+00, 3.162178E+00, 6.376734E+00, 6.244899E+01, 6.153976E+01, 1.367550E+00, 2.827859E+00, 4.291187E+00, 1.135041E+01, 8.171168E+01, 5.231361E+01, 9.778008E+00, 9.197887E+00,5, 0.000000E+00,11, 9.074051E-01,0, 0.000000E+00,4, 3.538652E+00, 3.842861E-01, 1.346357E+00,NULL,NULL,1,mc_qqps,54
-21042,2561,20228,55938,94C2, 9.125000E+01,50,16,66,50,16, 5.706245E+00, 2.929414E+00, 2.082784E+00, 6.474603E+01, 6.375904E+01, 1.275181E+00, 1.884496E-01,-9.255390E-01, 4.508099E-02, 9.411600E+01, 5.299697E+01, 2.799027E+01, 2.075050E-01,17, 3.834323E+00,0, 0.000000E+00,0, 0.000000E+00,11, 2.675948E+01, 9.585595E-01, 7.597727E+00,NULL,NULL,1,mc_qqps,54
-21042,2562,20228,55956,94C2, 9.125000E+01,38,25,63,38,25,-1.537302E+00, 6.683649E+00,-1.570075E+01, 7.950801E+01, 7.882200E+01, 2.074263E+00,-1.126860E+00, 4.535225E+00,-1.815994E+01, 1.056374E+02, 2.862638E+01, 2.535158E+01, 0.000000E+00,9, 1.496376E+00,21, 1.102819E+01,0, 0.000000E+00,8, 6.117823E+00, 3.061855E-01, 1.567660E+00,1, 0.000000E+00,1,mc_qqps,54
-21042,2563,20228,60017,94C2, 9.125000E+01,20,7,27,20,7, 3.065523E+00, 2.793754E+00, 4.018971E+00, 7.190005E+01, 7.155499E+01, 3.577750E+00, 9.703650E-01, 1.040082E+00, 1.538917E+00, 8.381628E+01, 6.998309E+01, 1.191624E+01, 0.000000E+00,10, 5.016660E+00,1, 0.000000E+00,0, 0.000000E+00,5, 1.076206E+01, 6.176091E-01, 4.167346E+00,NULL,NULL,1,mc_qqps,54
-21042,2564,20228,60031,94C2, 9.125000E+01,30,17,47,30,17,-4.408481E-01,-1.516080E+00, 2.461310E+00, 5.859575E+01, 5.805157E+01, 1.935052E+00,-3.652504E+00, 5.876493E-01,-6.766600E+00, 7.975410E+01, 5.394002E+01, 1.248598E+01, 8.686418E+00,3, 0.000000E+00,15, 1.467359E+00,0, 0.000000E+00,2, 1.531997E+00, 4.940741E-01, 1.037923E+00,NULL,NULL,1,mc_qqps,54
-21042,2565,20228,60046,94C2, 9.125000E+01,38,17,55,38,17, 4.840549E+00, 7.709497E+00,-6.911788E-01, 6.136287E+01, 6.036373E+01, 1.588519E+00, 2.091797E+00, 2.150303E+00,-3.745874E+00, 9.352861E+01, 5.747098E+01, 2.779632E+01, 0.000000E+00,21, 3.048628E+00,2, 0.000000E+00,0, 0.000000E+00,12, 2.594112E+01, 5.159909E-01, 6.677371E+00,NULL,NULL,1,mc_qqps,54
-21042,2566,20228,60106,94C2, 9.125000E+01,48,19,67,48,19,-8.667415E+00,-5.923419E+00, 5.107384E+00, 7.411079E+01, 7.313141E+01, 1.523571E+00,-8.637989E+00,-3.211255E+00, 2.639348E+00, 1.161553E+02, 5.838361E+01, 3.384906E+01, 4.387169E+00,28, 6.482634E+00,0, 0.000000E+00,0, 0.000000E+00,16, 3.144563E+01, 3.541374E-01, 7.314650E+00,NULL,NULL,1,mc_qqps,54
-21042,2567,20228,60124,94C2, 9.125000E+01,28,17,45,28,17,-6.844488E+00, 1.046187E+01,-1.435308E+01, 4.152761E+01, 4.093177E+01, 1.461849E+00,-5.753064E+00, 6.226612E+00,-9.360843E+00, 8.545551E+01, 3.662907E+01, 4.109895E+01, 1.851241E+00,16, 9.516301E+00,2, 0.000000E+00,0, 0.000000E+00,13, 3.952222E+01, 6.187251E-01, 1.133891E+01,NULL,NULL,1,mc_qqps,54
-21042,2568,20228,60141,94C2, 9.125000E+01,27,13,40,27,13, 4.022004E-01, 1.154371E+00, 1.150117E+00, 6.759171E+01, 6.727238E+01, 2.491570E+00, 1.691261E+00, 1.543144E+01,-1.002487E+01, 9.439716E+01, 4.876046E+01, 1.437185E+01, 8.939648E-01,14, 4.236633E-01,1, 0.000000E+00,0, 0.000000E+00,11, 2.389170E+01, 4.314069E-01, 8.559830E+00,NULL,NULL,1,mc_qqps,54
-21042,2569,20228,60155,94C2, 9.125000E+01,40,21,61,40,21, 5.484895E+00, 4.077382E+00,-3.431020E+00, 4.902828E+01, 4.825872E+01, 1.206468E+00, 2.037105E+00, 7.702371E+00, 2.275289E+00, 7.151645E+01, 4.449469E+01, 1.663086E+01, 3.587112E+00,16, 2.239901E+00,5, 0.000000E+00,0, 0.000000E+00,13, 1.489972E+01, 3.245847E-01, 2.708262E+00,NULL,NULL,1,mc_qqps,54
-21042,2570,20228,60216,94C2, 9.125000E+01,22,15,37,22,15,-6.116981E+00,-1.632506E+00, 6.843754E+00, 7.772630E+01, 7.744641E+01, 3.520291E+00,-2.650047E+00,-5.106837E+00,-4.521122E-01, 1.134051E+02, 6.978893E+01, 8.813667E+00, 2.201530E+01,7, 1.823844E-01,9, 0.000000E+00,0, 0.000000E+00,4, 6.163440E+00, 5.503587E-01, 3.793494E+00,NULL,NULL,1,mc_qqps,54
-21042,2571,20228,60234,94C2, 9.125000E+01,17,17,34,17,17,-2.522087E+02, 2.627233E+02, 1.775370E+03, 1.822874E+03, 1.822456E+03, 1.072033E+02,-2.522400E+02, 2.601456E+02, 1.761257E+03, 1.857222E+03, 1.580234E+00, 1.800173E+01, 1.634659E+01,0, 0.000000E+00,8, 1.180805E+01,0, 0.000000E+00,NULL,NULL,NULL,NULL,3, 0.000000E+00,0,mc_qqps,54
-21042,2572,20228,60251,94C2, 9.125000E+01,22,12,34,22,12,-7.436436E+00,-3.726453E+00,-8.024847E+00, 7.115931E+01, 7.082940E+01, 3.219518E+00,-4.361231E+00,-3.530503E+00,-3.970144E+00, 1.120681E+02, 6.919839E+01, 3.751863E+01, 1.094104E+00,11, 2.099357E-01,1, 5.439703E-01,0, 0.000000E+00,9, 3.674603E+01, 5.579865E-01, 1.544558E+01,NULL,NULL,1,mc_qqps,54
-21042,2573,20228,60306,94C2, 9.125000E+01,59,17,76,59,17,-1.770002E+00,-4.645343E+00,-4.074435E+01, 8.614480E+01, 8.469278E+01, 1.435471E+00,-1.205079E+00, 2.216990E-01,-2.360280E+01, 1.153669E+02, 3.378648E+01, 7.718599E+00, 2.150946E+01,1, 0.000000E+00,19, 4.234591E+00,0, 0.000000E+00,1, 7.071962E-01, 7.071962E-01, 7.071962E-01,1, 0.000000E+00,1,mc_qqps,54
-21042,2574,20228,60328,94C2, 9.125000E+01,30,14,44,30,14,-1.873767E+00,-4.636707E+00,-1.096163E+01, 5.984086E+01, 5.945455E+01, 1.981818E+00, 7.858691E-01, 1.291688E+00, 1.269877E+00, 9.209934E+01, 5.202250E+01, 3.162629E+01, 6.321894E-01,1, 0.000000E+00,17, 5.117765E+00,0, 0.000000E+00,1, 2.729361E+00, 2.729361E+00, 2.729361E+00,NULL,NULL,1,mc_qqps,54
-21042,2575,20228,60346,94C2, 9.125000E+01,39,15,54,39,15, 4.841465E+00,-3.974192E+00,-7.199220E+00, 6.876834E+01, 6.824194E+01, 1.749793E+00, 6.740623E+00, 3.887582E+00,-8.907213E+00, 8.782071E+01, 6.511765E+01, 7.211157E+00, 1.055767E+01,11, 1.986136E+00,6, 0.000000E+00,0, 0.000000E+00,5, 5.169151E+00, 4.417641E-01, 1.312484E+00,NULL,NULL,1,mc_qqps,54
-21042,2576,20228,60401,94C2, 9.125000E+01,10,11,21,10,11, 7.245765E+00,-1.259974E+00,-2.055421E+01, 2.320965E+01, 2.305587E+01, 2.305587E+00, 5.451451E+00,-3.574517E-02,-1.517364E+01, 5.058665E+01, 1.237314E+01, 2.611290E+01, 1.264104E+00,1, 0.000000E+00,7, 6.640815E-01,0, 0.000000E+00,1, 9.937939E-01, 9.937939E-01, 9.937939E-01,4, 0.000000E+00,1,mc_qqps,54
-21042,2577,20228,60416,94C2, 9.125000E+01,24,6,30,24,6,-3.567939E+00, 3.548766E-01, 6.352220E-02, 6.746391E+01, 6.703895E+01, 2.793289E+00,-4.523911E+00, 2.229052E+00,-1.091106E+00, 8.309190E+01, 5.635847E+01, 1.376414E+01, 0.000000E+00,6, 9.399922E-02,3, 0.000000E+00,0, 0.000000E+00,4, 1.108276E+01, 3.319753E-01, 8.409513E+00,NULL,NULL,1,mc_qqps,54
-21042,2578,20228,60430,94C2, 9.125000E+01,12,7,19,12,7, 1.931862E+00,-4.024076E+00, 3.695386E+00, 1.661539E+01, 1.642225E+01, 1.368520E+00, 7.095679E+00,-2.766293E+01, 5.000614E+00, 7.216396E+01, 1.576396E+01, 3.909901E+01, 1.258683E+01,7, 1.043787E+00,0, 0.000000E+00,0, 0.000000E+00,4, 4.296174E+01, 1.092975E+00, 3.800579E+01,NULL,NULL,1,mc_qqps,54
-21042,2579,20228,60442,94C2, 9.125000E+01,32,12,44,32,12,-2.487381E+00, 2.858421E+00, 1.917437E+00, 7.386763E+01, 7.344681E+01, 2.295213E+00,-2.294360E+00, 4.059808E+00, 2.293661E+00, 9.832672E+01, 6.817619E+01, 2.312495E+01, 5.943171E-01,17, 1.844112E+00,1, 0.000000E+00,0, 0.000000E+00,10, 2.345861E+01, 5.399710E-01, 7.550720E+00,NULL,NULL,1,mc_qqps,54
-21042,2580,20228,60455,94C2, 9.125000E+01,16,11,27,16,11,-2.878583E+00,-1.287191E+00,-6.427978E+00, 4.025692E+01, 4.003807E+01, 2.502379E+00, 8.620366E+00, 5.304332E+00, 1.420909E+01, 7.544150E+01, 3.901819E+01, 3.055194E+01, 4.632634E+00,2, 1.401066E-01,6, 0.000000E+00,0, 0.000000E+00,1, 8.457454E-01, 8.457454E-01, 8.457454E-01,NULL,NULL,1,mc_qqps,54
-21042,2581,20228,60510,94C2, 9.125000E+01,40,16,56,40,16,-2.730617E+00, 4.107231E-01, 3.156897E+00, 5.985643E+01, 5.908974E+01, 1.477244E+00, 6.220243E+00, 1.376816E+00, 2.629206E-01, 7.902426E+01, 5.305543E+01, 1.459161E+01, 2.815749E+00,22, 4.767802E+00,0, 0.000000E+00,0, 0.000000E+00,14, 1.593199E+01, 3.496843E-01, 3.044583E+00,NULL,NULL,1,mc_qqps,54
-21042,2582,20228,60527,94C2, 9.125000E+01,22,20,42,22,20,-5.523297E+00,-3.300705E-01,-6.717034E+00, 3.633206E+01, 3.594772E+01, 1.633987E+00, 5.053759E+00,-2.548057E+00, 3.021491E+00, 9.689551E+01, 2.311445E+01, 4.157070E+01, 1.806661E+01,2, 0.000000E+00,15, 1.677675E+00,0, 0.000000E+00,2, 1.957607E+00, 9.261553E-01, 1.031452E+00,1, 0.000000E+00,1,mc_qqps,54
-21042,2583,20228,60541,94C2, 9.125000E+01,43,10,53,43,10,-7.489328E+00,-1.221829E+01, 6.725778E+00, 6.261311E+01, 6.187052E+01, 1.438849E+00,-5.515997E+00,-6.572539E+00, 3.304922E+00, 8.814742E+01, 5.769749E+01, 1.664847E+01, 8.966231E+00,11, 1.748753E+00,1, 0.000000E+00,0, 0.000000E+00,5, 1.565190E+01, 1.066643E+00, 8.787173E+00,2, 0.000000E+00,1,mc_qqps,54
-21042,2584,20228,60601,94C2, 9.125000E+01,16,9,25,16,9, 6.716487E-01,-8.907428E-02, 1.630156E+00, 3.186137E+01, 3.152547E+01, 1.970342E+00,-2.917437E+00, 5.254764E+00,-6.461589E+00, 5.538168E+01, 3.123770E+01, 1.181394E+01, 1.170797E+01,9, 7.321365E-01,0, 0.000000E+00,0, 0.000000E+00,5, 1.164348E+01, 8.949922E-01, 5.676650E+00,NULL,NULL,1,mc_qqps,54
-21042,2585,20228,60610,94C2, 9.125000E+01,35,9,44,35,9, 9.681391E+00, 1.036417E+01, 3.559861E-01, 7.387894E+01, 7.297810E+01, 2.085088E+00, 7.400572E+00, 8.186048E+00,-2.561757E-01, 8.694699E+01, 6.367786E+01, 1.174840E+01, 5.690867E-01,17, 8.588096E+00,0, 0.000000E+00,0, 0.000000E+00,7, 1.249897E+01, 5.991985E-01, 4.782115E+00,NULL,NULL,1,mc_qqps,54
-21042,2586,20228,60623,94C2, 9.125000E+01,33,10,43,33,10,-3.725178E+00,-1.415405E+01, 1.257293E+00, 8.974578E+01, 8.916249E+01, 2.701894E+00, 6.521125E-01, 8.592368E+00,-7.753432E-02, 1.179326E+02, 7.467294E+01, 2.476305E+01, 3.488868E+00,13, 6.665727E+00,0, 0.000000E+00,0, 0.000000E+00,4, 1.003135E+01, 4.739771E-01, 6.451836E+00,NULL,NULL,1,mc_qqps,54
-21042,2587,20228,60637,94C2, 9.125000E+01,17,5,22,17,5,-2.081486E+01, 6.614124E+00, 1.398318E+01, 6.344876E+01, 6.331987E+01, 3.724698E+00,-1.924231E+00, 1.281294E+00,-1.799060E+00, 9.849641E+01, 6.090754E+01, 3.076008E+01, 3.966131E-01,11, 4.829473E+00,0, 0.000000E+00,0, 0.000000E+00,4, 3.465105E+01, 5.973716E-01, 2.911116E+01,NULL,NULL,1,mc_qqps,54
-21042,2588,20228,60649,94C2, 9.125000E+01,41,9,50,41,9,-5.910523E+00,-1.329987E+01,-1.272266E+02, 2.043062E+02, 2.036170E+02, 4.966268E+00,-4.339849E+00,-1.026637E+01,-1.213715E+02, 2.137740E+02, 2.866055E+01, 6.734118E+00, 3.226992E+00,1, 0.000000E+00,14, 2.164757E+01,0, 0.000000E+00,NULL,NULL,NULL,NULL,1, 0.000000E+00,1,mc_qqps,54
-21042,2589,20228,60704,94C2, 9.125000E+01,30,16,46,30,16, 1.069733E+00,-1.545220E+00,-2.169285E+00, 4.187912E+01, 4.129147E+01, 1.376382E+00, 8.324301E-01, 4.640384E+00, 1.041718E+00, 7.676115E+01, 3.308567E+01, 1.645629E+01, 1.333049E+01,18, 6.364275E+00,1, 0.000000E+00,0, 0.000000E+00,12, 2.129569E+01, 4.066290E-01, 6.657772E+00,NULL,NULL,1,mc_qqps,54
-21042,2590,20228,60720,94C2, 9.125000E+01,50,12,62,50,12,-9.026472E+00, 1.419135E+01, 2.110225E+01, 7.380340E+01, 7.264697E+01, 1.452940E+00,-1.246752E+01, 1.632140E+01, 2.597705E+01, 9.420300E+01, 5.805752E+01, 9.666162E+00, 9.820507E+00,11, 2.523498E+00,4, 0.000000E+00,0, 0.000000E+00,7, 8.164573E+00, 5.634376E-01, 2.603746E+00,NULL,NULL,1,mc_qqps,54
-21042,2591,20228,60738,94C2, 9.125000E+01,23,12,35,23,12,-3.480621E+00, 1.559074E+00,-5.063961E+00, 7.445600E+01, 7.408874E+01, 3.221249E+00,-3.584985E-01,-6.167752E-01,-7.343829E-03, 9.272614E+01, 6.941863E+01, 1.726288E+01, 1.007264E+00,3, 0.000000E+00,7, 9.057124E-01,0, 0.000000E+00,3, 4.855961E+00, 1.146660E+00, 2.524301E+00,NULL,NULL,1,mc_qqps,54
-21042,2592,20228,60753,94C2, 9.125000E+01,51,9,60,51,9, 4.076246E+00, 4.601061E+00,-2.498529E+00, 7.097694E+01, 6.996585E+01, 1.371879E+00, 2.380862E+00, 1.059687E+01,-2.640806E+00, 8.811116E+01, 5.494068E+01, 1.517181E+01, 6.701343E-01,14, 3.157260E-01,0, 0.000000E+00,0, 0.000000E+00,6, 1.265831E+01, 4.577738E-01, 4.529296E+00,NULL,NULL,1,mc_qqps,54
-21042,2593,20228,60814,94C2, 9.125000E+01,20,18,38,20,18, 5.246326E+00, 1.249389E+01, 1.344550E+01, 3.506403E+01, 3.476270E+01, 1.738135E+00, 1.130629E+01, 2.401561E+01, 2.674103E+01, 7.239121E+01, 3.086608E+01, 3.554181E+01, 8.330409E-01,14, 4.933228E+00,0, 0.000000E+00,0, 0.000000E+00,11, 2.311925E+01, 8.173729E-01, 6.482362E+00,NULL,NULL,1,mc_qqps,54
-21042,2594,20228,60830,94C2, 9.125000E+01,51,17,68,51,17,-1.200245E+00,-6.676165E+00, 2.631128E+02, 3.197257E+02, 3.187621E+02, 6.250237E+00, 1.281539E+00,-2.443542E-01, 2.564068E+02, 3.441515E+02, 1.832603E+01, 1.830936E+01, 5.276320E+00,5, 0.000000E+00,12, 0.000000E+00,0, 0.000000E+00,3, 2.964931E+00, 8.401262E-01, 1.152748E+00,4, 0.000000E+00,1,mc_qqps,54
-21042,2595,20228,60901,94C2, 9.125000E+01,31,18,49,31,18, 1.942529E+00, 2.595293E-01, 4.408074E+00, 4.465259E+01, 4.402077E+01, 1.420025E+00, 2.613049E+00,-4.961461E+00,-3.750328E+00, 7.834789E+01, 3.991556E+01, 2.746537E+01, 6.229926E+00,10, 2.625924E-01,3, 0.000000E+00,0, 0.000000E+00,9, 1.687992E+01, 4.546974E-01, 3.629985E+00,NULL,NULL,1,mc_qqps,54
-21042,2596,20228,60916,94C2, 9.125000E+01,46,15,61,46,15,-2.595686E+00,-3.160369E+00, 1.788775E+00, 7.458838E+01, 7.376019E+01, 1.603482E+00, 5.756989E-01, 5.771303E-02, 1.536336E+00, 9.739816E+01, 6.495673E+01, 1.595659E+01, 5.863311E+00,18, 1.026912E+00,0, 0.000000E+00,0, 0.000000E+00,10, 1.095644E+01, 4.469833E-01, 2.595004E+00,NULL,NULL,1,mc_qqps,54
-21042,2597,20228,60933,94C2, 9.125000E+01,25,6,31,25,6, 1.214797E+01, 4.208906E+00,-1.762211E+00, 5.335614E+01, 5.259269E+01, 2.103707E+00, 6.021921E+00, 1.793730E+00,-1.037671E+00, 8.387045E+01, 4.746876E+01, 3.007068E+01, 4.436230E-01,7, 1.516496E+00,0, 0.000000E+00,0, 0.000000E+00,4, 3.007068E+01, 7.129597E-01, 1.401303E+01,NULL,NULL,1,mc_qqps,54
-21042,2598,20228,60945,94C2, 9.125000E+01,34,11,45,34,11, 2.543818E+00, 5.795506E-01,-2.055365E-01, 7.157888E+01, 7.094130E+01, 2.086509E+00, 2.042669E-02, 1.088283E+00,-1.061878E-01, 9.707977E+01, 3.987234E+01, 1.768336E+01, 4.165404E-01,13, 1.749326E+00,0, 0.000000E+00,0, 0.000000E+00,9, 2.474746E+01, 7.727451E-01, 7.400969E+00,NULL,NULL,1,mc_qqps,54
-21042,2599,20228,61000,94C2, 9.125000E+01,19,15,34,19,15, 6.059694E-01,-3.955598E-01,-8.171207E-02, 5.653410E+01, 5.631121E+01, 2.963748E+00, 1.179478E+01, 1.125651E+01,-2.273795E-01, 7.922148E+01, 4.900855E+01, 1.833929E+01, 0.000000E+00,20, 3.687632E+00,0, 0.000000E+00,0, 0.000000E+00,15, 2.268739E+01, 5.921931E-01, 2.807431E+00,NULL,NULL,1,mc_qqps,54
-21042,2600,20228,61018,94C2, 9.125000E+01,31,16,47,31,16,-5.869168E+00,-7.237427E+00, 6.990351E+00, 8.596836E+01, 8.504865E+01, 2.743505E+00,-1.910831E-01,-1.822428E+00,-2.791288E+00, 1.197059E+02, 6.903838E+01, 3.033681E+01, 3.400743E+00,1, 0.000000E+00,14, 2.610184E+01,0, 0.000000E+00,1, 1.699674E+00, 1.699674E+00, 1.699674E+00,NULL,NULL,1,mc_qqps,54
-21042,2601,20228,61032,94C2, 9.125000E+01,39,16,55,39,16, 1.589318E+01, 4.323215E+00,-1.386959E+01, 7.326310E+01, 7.240816E+01, 1.856619E+00, 2.135993E+00, 1.082271E+00,-1.438930E+00, 1.051406E+02, 5.433104E+01, 1.226920E+01, 1.964482E+01,14, 1.993455E+00,2, 0.000000E+00,0, 0.000000E+00,9, 9.670192E+00, 6.144732E-01, 1.972759E+00,NULL,NULL,1,mc_qqps,54
-21042,2602,20228,61048,94C2, 9.125000E+01,19,12,31,19,12,-5.895447E+00, 2.198345E+01,-6.135901E+00, 6.545866E+01, 6.528297E+01, 3.435946E+00,-1.164236E+00, 1.639730E+00, 8.503377E-02, 9.132751E+01, 6.554506E+01, 2.471896E+01, 0.000000E+00,15, 8.231798E-01,2, 0.000000E+00,0, 0.000000E+00,10, 2.435047E+01, 5.085936E-01, 1.529814E+01,NULL,NULL,1,mc_qqps,54
-21042,2603,20228,61101,94C2, 9.125000E+01,24,19,43,24,19, 1.218885E+00, 5.851285E+00, 4.480030E+00, 4.276575E+01, 4.239152E+01, 1.766313E+00, 4.004178E+00, 2.297714E+01, 1.853275E+01, 8.919238E+01, 3.273943E+01, 3.758576E+01, 3.372943E+00,18, 2.672358E+00,0, 0.000000E+00,0, 0.000000E+00,15, 4.259393E+01, 4.966226E-01, 1.324427E+01,NULL,NULL,1,mc_qqps,54
-21042,2604,20228,61114,94C2, 9.125000E+01,36,10,46,36,10,-8.012417E+00,-1.899748E+01,-1.341757E+01, 6.429661E+01, 6.354422E+01, 1.765117E+00,-5.775441E+00,-1.450512E+01,-1.132147E+01, 7.899319E+01, 5.898127E+01, 7.684176E+00, 4.443190E+00,12, 1.269929E+00,0, 0.000000E+00,0, 0.000000E+00,7, 1.051516E+01, 3.664085E-01, 3.076483E+00,NULL,NULL,1,mc_qqps,54
-21042,2605,20228,61129,94C2, 9.125000E+01,32,11,43,32,11, 5.542898E+00, 7.909893E+00, 3.744005E+00, 5.716459E+01, 5.646457E+01, 1.764518E+00, 6.712253E+00, 8.469910E+00, 4.212622E+00, 6.948675E+01, 2.712225E+01, 8.167267E+00, 3.562908E-01,13, 2.512255E-02,0, 0.000000E+00,0, 0.000000E+00,8, 1.173121E+01, 3.926078E-01, 4.769002E+00,NULL,NULL,1,mc_qqps,54
-21042,2606,20228,61142,94C2, 9.125000E+01,13,15,28,13,15, 1.518572E+00, 1.372110E+00, 2.001921E+00, 1.148746E+01, 1.124401E+01, 8.649239E-01, 2.836428E-01, 3.997800E-01, 7.524895E+00, 7.592238E+01, 4.216862E+00, 6.443492E+01, 0.000000E+00,1, 0.000000E+00,10, 0.000000E+00,0, 0.000000E+00,1, 1.248576E+00, 1.248576E+00, 1.248576E+00,4, 0.000000E+00,0,mc_qqps,54
-21042,2607,20228,61244,94C2, 9.125000E+01,27,17,44,27,17,-1.102840E+01, 3.377103E+00,-3.539874E+00, 6.148883E+01, 6.083582E+01, 2.253179E+00,-2.126636E+00, 2.699196E+00,-2.123760E+00, 8.690892E+01, 5.805327E+01, 1.963100E+01, 2.269970E+00,15, 1.714618E+01,0, 0.000000E+00,0, 0.000000E+00,11, 2.014658E+01, 4.716440E-01, 7.614023E+00,NULL,NULL,1,mc_qqps,54
-21042,2608,20228,61302,94C2, 9.125000E+01,23,13,36,23,13, 9.125668E+00,-3.961962E+00,-9.184191E+00, 4.688293E+01, 4.635074E+01, 2.015250E+00, 4.050910E+00,-2.458612E+00,-4.178458E+00, 6.284106E+01, 4.194589E+01, 1.257261E+01, 2.225640E+00,7, 1.005950E+01,4, 0.000000E+00,0, 0.000000E+00,5, 1.171740E+01, 1.031686E+00, 6.249552E+00,NULL,NULL,1,mc_qqps,54
-21042,2609,20228,61320,94C2, 9.125000E+01,41,21,62,41,21, 6.287463E+00, 1.010950E+00, 4.079452E+00, 6.438326E+01, 6.333936E+01, 1.544862E+00, 1.791933E+01, 4.200186E+00, 1.333050E+01, 1.076935E+02, 5.687475E+01, 3.129703E+01, 1.119969E+01,25, 1.638791E+00,0, 0.000000E+00,0, 0.000000E+00,17, 2.827267E+01, 4.260037E-01, 5.356225E+00,NULL,NULL,1,mc_qqps,54
-21042,2610,20228,61339,94C2, 9.125000E+01,24,9,33,24,9,-4.864360E+00,-7.092832E+00,-9.226892E+00, 7.061269E+01, 7.023413E+01, 2.926422E+00,-2.113871E+00,-3.668329E+00,-2.205615E+00, 8.281106E+01, 6.915254E+01, 1.172327E+01, 4.750972E-01,9, 8.278448E+00,6, 0.000000E+00,0, 0.000000E+00,5, 4.360655E+00, 4.870062E-01, 1.431854E+00,NULL,NULL,1,mc_qqps,54
-21042,2611,20228,61351,94C2, 9.125000E+01,36,13,49,36,13, 1.653116E+00, 7.949240E+00,-2.057834E+01, 9.799616E+01, 9.721236E+01, 2.700343E+00, 1.789147E+00, 1.310981E+01,-2.470202E+01, 1.133657E+02, 7.816726E+01, 1.508854E+01, 2.810000E-01,4, 5.085150E+00,9, 0.000000E+00,0, 0.000000E+00,3, 4.176736E+00, 1.082521E+00, 1.854562E+00,NULL,NULL,1,mc_qqps,54
-21042,2612,20228,61410,94C2, 9.125000E+01,13,7,20,13,7, 4.007073E+00,-3.328705E+00, 2.418581E+01, 3.889175E+01, 3.877259E+01, 2.982507E+00, 4.818529E+00,-4.720276E+00, 3.259154E+01, 4.846582E+01, 2.044362E+00, 9.574079E+00, 0.000000E+00,0, 0.000000E+00,6, 0.000000E+00,0, 0.000000E+00,NULL,NULL,NULL,NULL,4, 0.000000E+00,0,mc_qqps,54
-21042,2613,20228,61432,94C2, 9.125000E+01,27,18,45,27,18,-2.552601E+00,-1.502371E+00,-3.319909E+00, 3.901229E+01, 3.851250E+01, 1.426389E+00, 4.785550E+00, 5.460510E+00, 8.670238E+00, 9.177554E+01, 3.414886E+01, 2.145021E+01, 2.943288E+01,13, 3.020110E-01,4, 0.000000E+00,0, 0.000000E+00,10, 1.114282E+01, 3.216692E-01, 2.682604E+00,NULL,NULL,1,mc_qqps,54
-21042,2614,20228,61449,94C2, 9.125000E+01,49,14,63,49,14,-6.607317E+00, 9.085796E-01,-7.636632E+00, 7.732359E+01, 7.639115E+01, 1.559003E+00,-5.087461E+00, 1.327170E-01,-2.016634E+00, 9.339895E+01, 5.816092E+01, 5.211275E+00, 5.497158E+00,8, 0.000000E+00,6, 5.424180E-01,0, 0.000000E+00,7, 9.564293E+00, 4.661107E-01, 2.466729E+00,1, 0.000000E+00,1,mc_qqps,54
-21042,2615,20228,61505,94C2, 9.125000E+01,16,16,32,16,16, 1.062526E+01,-1.457886E+01,-4.355309E+01, 6.434675E+01, 6.393950E+01, 3.996219E+00, 1.042732E+01,-1.517120E+01,-4.693633E+01, 9.644706E+01, 2.148459E+01, 1.976469E+01, 1.233561E+01,0, 0.000000E+00,12, 1.269193E+00,0, 0.000000E+00,NULL,NULL,NULL,NULL,3, 0.000000E+00,1,mc_qqps,54
-21042,2616,20228,61518,94C2, 9.125000E+01,32,10,42,32,10, 2.166175E+01, 2.216508E+01,-5.069288E+01, 8.953593E+01, 8.863264E+01, 2.769770E+00, 1.838515E+01, 1.938406E+01,-4.408985E+01, 1.068372E+02, 7.141574E+01, 1.125418E+01, 6.047035E+00,0, 0.000000E+00,11, 2.008113E+00,0, 0.000000E+00,NULL,NULL,NULL,NULL,NULL,NULL,1,mc_qqps,54
-21042,2617,20228,61533,94C2, 9.125000E+01,37,17,54,37,17, 1.509675E+00, 1.416765E+01, 5.924380E+00, 5.509648E+01, 5.446630E+01, 1.472062E+00, 1.034771E+00, 1.374081E+01, 5.427091E+00, 8.960973E+01, 3.973659E+01, 3.263611E+01, 9.515458E-01,20, 7.629651E-01,0, 0.000000E+00,0, 0.000000E+00,16, 3.356171E+01, 3.725401E-01, 9.130761E+00,NULL,NULL,1,mc_qqps,54
-21042,2618,20228,61551,94C2, 9.125000E+01,48,8,56,48,8, 5.718960E+00,-1.757135E+01, 1.878004E+01, 1.075242E+02, 1.065389E+02, 2.219560E+00, 8.200335E+00,-2.601415E+01, 2.857928E+01, 1.260159E+02, 8.017307E+01, 1.532161E+01, 0.000000E+00,10, 4.003578E+00,3, 0.000000E+00,0, 0.000000E+00,4, 4.139457E+00, 4.109159E-01, 1.785911E+00,NULL,NULL,1,mc_qqps,54
-21042,2619,20228,61605,94C2, 9.125000E+01,26,14,40,26,14, 1.370316E+00,-2.142488E+00, 7.488513E+00, 2.762559E+01, 2.682806E+01, 1.031849E+00, 1.835428E-01,-3.102317E+00, 9.899009E+00, 4.990139E+01, 1.885441E+01, 1.287736E+01, 9.083158E+00,1, 0.000000E+00,12, 3.397786E+00,0, 0.000000E+00,1, 3.152887E-01, 3.152887E-01, 3.152887E-01,1, 0.000000E+00,1,mc_qqps,54
-21042,2620,20228,61617,94C2, 9.125000E+01,19,15,34,19,15, 2.067906E+00, 2.147923E+00, 3.610692E-01, 6.942158E+01, 6.915195E+01, 3.639577E+00, 8.424744E+00,-7.322093E+00, 1.051437E+01, 1.028469E+02, 5.917809E+01, 1.859223E+01, 8.740123E+00,14, 1.322911E-01,0, 0.000000E+00,0, 0.000000E+00,12, 2.448389E+01, 6.011874E-01, 6.210576E+00,1, 0.000000E+00,1,mc_qqps,54
-21042,2621,20228,61631,94C2, 9.125000E+01,23,8,31,23,8, 7.527761E-01, 4.072709E-01, 1.923765E+00, 5.981322E+01, 5.931827E+01, 2.579055E+00,-3.492079E+00,-1.400608E+01, 1.595038E+01, 8.889952E+01, 5.733816E+01, 2.380909E+01, 1.640117E+00,10, 3.549646E-01,0, 0.000000E+00,0, 0.000000E+00,6, 2.672240E+01, 5.957782E-01, 9.696646E+00,NULL,NULL,1,mc_qqps,54
-21042,2622,20228,61642,94C2, 9.125000E+01,37,11,48,37,11, 5.413209E+00,-1.009800E+00,-1.972098E+00, 6.554369E+01, 6.433189E+01, 1.738700E+00,-9.359470E+00, 1.646232E+00,-2.745337E-01, 8.450029E+01, 6.186425E+01, 4.492814E+00, 1.367180E+01,7, 2.516274E+01,0, 0.000000E+00,0, 0.000000E+00,4, 4.515190E+00, 7.919893E-01, 1.684753E+00,NULL,NULL,1,mc_qqps,54
-21042,2623,20228,61657,94C2, 9.125000E+01,23,16,39,23,16,-2.161051E+01, 7.644989E+00, 1.346974E+02, 1.859460E+02, 1.856279E+02, 8.070779E+00,-1.604016E+01, 8.686460E+00, 1.298946E+02, 2.138325E+02, 3.887302E+01, 2.329437E+01, 4.110813E+00,4, 1.955420E-01,13, 9.062136E+00,0, 0.000000E+00,2, 3.886072E+00, 4.812710E-01, 3.404801E+00,NULL,NULL,1,mc_qqps,54
-21042,2624,20228,61715,94C2, 9.125000E+01,17,11,28,17,11,-6.633284E+00,-5.467234E+00,-1.141993E+01, 7.286456E+01, 7.261774E+01, 4.271632E+00,-1.722160E+00,-5.237684E+00,-7.495042E+00, 1.140608E+02, 5.393740E+01, 1.893642E+01, 2.172979E+01,11, 3.468727E-01,2, 0.000000E+00,0, 0.000000E+00,8, 1.633212E+01, 5.300009E-01, 5.407791E+00,NULL,NULL,1,mc_qqps,54
-21042,2625,20228,61728,94C2, 9.125000E+01,18,13,31,18,13,-5.384046E-01,-5.351054E+00, 5.734757E+00, 4.779827E+01, 4.759303E+01, 2.644057E+00,-2.413650E+00,-5.283189E+00, 6.544971E+00, 7.620338E+01, 4.661462E+01, 1.999922E+01, 3.006809E+00,11, 0.000000E+00,0, 0.000000E+00,0, 0.000000E+00,10, 2.167914E+01, 6.381651E-01, 9.558948E+00,NULL,NULL,1,mc_qqps,54
-21042,2626,20228,61744,94C2, 9.125000E+01,33,24,57,33,24,-1.037644E+01, 2.313374E+00,-1.180416E+01, 5.179296E+01, 5.091924E+01, 1.543007E+00,-7.980256E+00,-8.962527E+00,-9.748138E+00, 8.395047E+01, 4.701872E+01, 2.933046E+01, 1.791093E+00,22, 1.477422E+01,1, 7.904270E-01,0, 0.000000E+00,20, 2.722784E+01, 5.603452E-01, 5.254803E+00,NULL,NULL,1,mc_qqps,54
-21042,2627,20228,61759,94C2, 9.125000E+01,30,16,46,30,16, 3.125898E-01, 7.256863E-01, 1.463440E-02, 7.702012E+01, 7.668923E+01, 2.556308E+00,-5.210170E-01,-7.890881E+00,-3.610009E+00, 1.155510E+02, 6.980381E+01, 1.760269E+01, 9.956753E+00,20, 5.387054E+00,0, 0.000000E+00,0, 0.000000E+00,12, 2.506461E+01, 3.816108E-01, 7.600019E+00,NULL,NULL,1,mc_qqps,54
-21042,2628,20228,61814,94C2, 9.125000E+01,17,11,28,17,11,-5.241966E+00,-1.951198E+00,-1.033337E+00, 4.835413E+01, 4.816377E+01, 2.833163E+00, 6.981605E+00, 1.679275E+00, 3.650323E+00, 6.846653E+01, 4.805515E+01, 1.767575E+01, 0.000000E+00,18, 1.190394E+01,0, 0.000000E+00,0, 0.000000E+00,10, 1.745790E+01, 5.704750E-01, 7.627663E+00,NULL,NULL,1,mc_qqps,54
-21042,2629,20228,61823,94C2, 9.125000E+01,13,15,28,13,15,-3.770089E+00, 2.148072E-01,-1.515898E+01, 1.143034E+02, 1.141437E+02, 8.780285E+00,-2.163873E+00,-4.818367E-01,-2.238345E+01, 1.577249E+02, 4.740927E+00, 1.175912E+01, 3.166235E+01,1, 0.000000E+00,13, 1.737742E+01,0, 0.000000E+00,1, 4.989007E-01, 4.989007E-01, 4.989007E-01,2, 0.000000E+00,0,mc_qqps,54
-21042,2630,20228,61841,94C2, 9.125000E+01,21,22,43,21,22, 1.138622E+01,-9.562722E+00,-2.480919E+01, 7.982436E+01, 7.958728E+01, 3.789871E+00, 1.031139E+01,-1.122633E+01,-2.001844E+01, 1.070481E+02, 3.310858E+01, 2.447214E+01, 2.007843E+00,3, 0.000000E+00,21, 3.757150E+00,0, 0.000000E+00,2, 1.176332E+00, 4.325725E-01, 7.437596E-01,2, 0.000000E+00,1,mc_qqps,54
-21042,2631,20228,61857,94C2, 9.125000E+01,53,26,79,53,26, 3.101847E+00,-1.144868E-01, 1.516324E-01, 5.610985E+01, 5.483992E+01, 1.034716E+00, 1.333674E+01,-1.710012E+01, 9.566998E-01, 1.024470E+02, 4.856736E+01, 3.252723E+01, 1.130359E+01,24, 3.135656E+00,1, 0.000000E+00,0, 0.000000E+00,16, 2.388376E+01, 4.720318E-01, 3.017033E+00,NULL,NULL,1,mc_qqps,54
-21042,2632,20228,61917,94C2, 9.125000E+01,49,17,66,49,17, 3.705778E-01,-6.693875E+00, 4.690796E+00, 7.411739E+01, 7.305396E+01, 1.490897E+00, 1.813430E+00,-3.540908E+00, 1.351368E+00, 8.634542E+01, 6.528900E+01, 8.190309E+00, 2.302706E+00,7, 0.000000E+00,6, 0.000000E+00,0, 0.000000E+00,6, 5.901482E+00, 3.128257E-01, 1.739587E+00,NULL,NULL,1,mc_qqps,54
-21042,2633,20228,61935,94C2, 9.125000E+01,19,10,29,19,10, 8.095056E-01,-9.093528E+00, 4.314521E+00, 5.022606E+01, 4.996469E+01, 2.629721E+00, 4.154172E+00, 2.627446E+01,-2.926087E+00, 8.764197E+01, 4.072894E+01, 7.377006E+00, 2.083316E+01,11, 3.623751E+00,0, 0.000000E+00,0, 0.000000E+00,6, 1.673849E+01, 8.396790E-01, 5.266243E+00,NULL,NULL,1,mc_qqps,54
-21042,2634,20228,61945,94C2, 9.125000E+01,18,16,34,18,16, 1.363104E+00,-1.141859E-01, 6.142163E-01, 3.489834E+01, 3.452228E+01, 1.917904E+00,-3.894170E+00,-2.497396E+00,-2.193739E+00, 8.911137E+01, 3.279912E+01, 4.455563E+01, 7.240330E+00,14, 4.242534E+00,3, 4.886962E-01,0, 0.000000E+00,11, 4.464860E+01, 7.362245E-01, 1.633532E+01,NULL,NULL,1,mc_qqps,54
-21042,2635,20228,61959,94C2, 9.125000E+01,27,14,41,27,14,-2.256439E+00, 3.801505E+00,-1.991610E+00, 5.723080E+01, 5.667892E+01, 2.099219E+00, 1.833380E+00,-9.893730E+00, 7.649420E+00, 8.869643E+01, 5.490793E+01, 2.599872E+01, 3.812459E+00,15, 3.037629E+00,2, 2.549526E-01,0, 0.000000E+00,9, 2.502327E+01, 5.741909E-01, 8.430388E+00,NULL,NULL,1,mc_qqps,54
-21042,2636,20228,62012,94C2, 9.125000E+01,18,11,29,18,11,-4.095483E-01, 3.032271E+00, 1.348632E+01, 2.689989E+01, 2.652880E+01, 1.473822E+00, 1.887460E+00,-8.668289E+00,-4.193058E+01, 1.000171E+02, 1.656632E+01, 2.166213E+01, 5.145507E+01,0, 0.000000E+00,10, 1.483617E+00,0, 0.000000E+00,NULL,NULL,NULL,NULL,1, 0.000000E+00,1,mc_qqps,54
-21042,2637,20228,62038,94C2, 9.125000E+01,39,13,52,39,13, 5.483297E-01,-1.012872E+00,-7.475903E-01, 5.792805E+01, 5.693505E+01, 1.459873E+00, 1.582277E+00, 3.124103E+00,-1.244712E+00, 1.019981E+02, 3.991895E+01, 1.114548E+01, 2.357013E+01,19, 7.402620E+00,0, 0.000000E+00,0, 0.000000E+00,9, 1.919813E+01, 6.684781E-01, 8.635432E+00,NULL,NULL,1,mc_qqps,54
-21042,2638,20228,62058,94C2, 9.125000E+01,47,14,61,47,14,-8.737060E+00, 2.076906E+00,-3.217408E-01, 6.712554E+01, 6.541777E+01, 1.391867E+00, 7.544621E+00,-9.602527E-01,-1.972532E+00, 9.102388E+01, 5.611939E+01, 2.198525E+01, 1.716284E+00,13, 7.157043E-01,1, 0.000000E+00,0, 0.000000E+00,10, 2.176738E+01, 3.449515E-01, 1.363670E+01,NULL,NULL,1,mc_qqps,54
-21042,2639,20228,62117,94C2, 9.125000E+01,20,14,34,20,14, 1.794940E+01, 3.257040E+00, 6.099751E+00, 5.602493E+01, 5.575302E+01, 2.787651E+00,-1.113172E+00, 1.179370E+00,-2.451351E+00, 9.058320E+01, 4.443141E+01, 2.121343E+01, 8.537841E+00,19, 9.854585E+00,0, 0.000000E+00,0, 0.000000E+00,12, 2.602043E+01, 4.579565E-01, 1.178886E+01,NULL,NULL,1,mc_qqps,54
-21042,2640,20228,62129,94C2, 9.125000E+01,28,16,44,28,16, 1.982022E+00,-3.985218E+00,-5.121185E-01, 5.322141E+01, 5.242483E+01, 1.872315E+00, 5.589880E+00,-4.091332E+00,-1.622969E+00, 7.055338E+01, 4.950378E+01, 1.605429E+01, 1.277681E+00,7, 0.000000E+00,8, 0.000000E+00,0, 0.000000E+00,7, 9.555395E+00, 5.224817E-01, 2.100218E+00,NULL,NULL,1,mc_qqps,54
-21042,2641,20228,62141,94C2, 9.125000E+01,41,17,58,41,17, 7.929790E+00,-4.167868E+00, 5.406896E+00, 5.065240E+01, 4.989949E+01, 1.217061E+00,-5.040812E+00, 7.971078E+00,-1.022615E+01, 9.420329E+01, 4.648088E+01, 1.446626E+01, 2.812523E+01,15, 1.163120E+00,2, 0.000000E+00,0, 0.000000E+00,8, 1.158358E+01, 5.924621E-01, 3.675540E+00,NULL,NULL,1,mc_qqps,54
-21042,2642,20228,62159,94C2, 9.125000E+01,28,10,38,28,10, 6.969183E+00, 4.098183E+00, 9.155401E+00, 7.974509E+01, 7.938052E+01, 2.835018E+00, 1.008757E+01, 5.017822E+00, 1.269046E+01, 9.770152E+01, 7.374146E+01, 9.901268E+00, 1.220414E+00,9, 8.365009E-02,2, 0.000000E+00,0, 0.000000E+00,6, 8.114030E+00, 3.323463E-01, 5.387133E+00,NULL,NULL,1,mc_qqps,54
-21042,2643,20228,62214,94C2, 9.125000E+01,21,9,30,21,9, 1.840728E+00, 8.559416E+00, 5.418090E+00, 7.058689E+01, 7.031903E+01, 3.348525E+00, 5.106151E-01, 2.683432E+00, 2.254203E+00, 8.468961E+01, 6.975890E+01, 1.292450E+01, 4.159525E-01,14, 7.030349E+00,0, 0.000000E+00,0, 0.000000E+00,6, 1.161892E+01, 4.495362E-01, 5.904132E+00,NULL,NULL,1,mc_qqps,54
-21042,2644,20228,62225,94C2, 9.125000E+01,33,13,46,33,13,-1.489131E+01,-8.042048E+00, 8.225793E+00, 7.171728E+01, 7.103829E+01, 2.152676E+00,-8.658283E-01, 6.704814E-01, 5.600727E-01, 1.056985E+02, 4.703970E+01, 3.106156E+01, 2.121166E+00,16, 2.258815E+00,0, 0.000000E+00,0, 0.000000E+00,11, 3.186008E+01, 3.038368E-01, 1.333503E+01,NULL,NULL,1,mc_qqps,54
-21042,2645,20228,62241,94C2, 9.125000E+01,22,6,28,22,6, 1.682815E+00,-5.159694E-01,-1.384099E+00, 7.777619E+01, 7.751267E+01, 3.523303E+00, 1.659248E-01, 2.923606E+00, 3.781354E-01, 8.905125E+01, 7.288681E+01, 6.100578E+00, 1.836735E-01,7, 0.000000E+00,0, 0.000000E+00,0, 0.000000E+00,4, 1.024522E+01, 6.440620E-01, 4.990803E+00,NULL,NULL,1,mc_qqps,54
-21042,2646,20228,62253,94C2, 9.125000E+01,45,8,53,45,8, 1.052713E+02, 5.648258E+01, 2.301806E+02, 3.155203E+02, 3.145394E+02, 6.989764E+00, 1.043041E+02, 5.657262E+01, 2.258829E+02, 3.259492E+02, 4.743625E+01, 8.957769E+00, 1.471038E+00,1, 0.000000E+00,16, 1.144918E+01,0, 0.000000E+00,NULL,NULL,NULL,NULL,2, 0.000000E+00,1,mc_qqps,54
-21042,2647,20228,62318,94C2, 9.125000E+01,18,20,38,18,20, 1.372478E+01,-1.750778E+01, 3.205998E+00, 4.019345E+01, 3.988858E+01, 2.216032E+00, 4.595349E+00,-4.576588E+00, 1.786172E+00, 7.433668E+01, 3.958966E+01, 2.868015E+01, 1.163296E+00,25, 1.665011E+01,0, 0.000000E+00,0, 0.000000E+00,18, 3.207965E+01, 5.779077E-01, 4.966276E+00,NULL,NULL,1,mc_qqps,54
-21042,2648,20228,62332,94C2, 9.125000E+01,30,15,45,30,15,-1.677487E+00,-2.736964E+00, 2.196519E+00, 4.851699E+01, 4.807106E+01, 1.602369E+00, 3.183808E+00,-1.442572E+00,-2.982889E+00, 8.271928E+01, 4.565426E+01, 2.184404E+01, 1.235826E+01,10, 4.650467E+00,4, 0.000000E+00,0, 0.000000E+00,7, 1.167327E+01, 6.184455E-01, 3.073467E+00,NULL,NULL,1,mc_qqps,54
-21042,2649,20228,62351,94C2, 9.125000E+01,25,12,37,25,12,-4.734328E+00, 5.655177E+00, 3.786409E+00, 6.888947E+01, 6.855096E+01, 2.742038E+00,-5.843236E+00, 6.532323E+00, 5.408134E+00, 1.000937E+02, 6.557854E+01, 2.761092E+01, 3.688851E+00,15, 6.292072E+00,0, 0.000000E+00,0, 0.000000E+00,8, 2.495556E+01, 9.276307E-01, 9.966668E+00,NULL,NULL,1,mc_qqps,54
-21042,2650,20228,62403,94C2, 9.125000E+01,39,16,55,39,16, 4.892221E+00, 8.543056E+00, 9.749920E+00, 8.026060E+01, 7.949036E+01, 2.038214E+00, 9.704461E+00, 1.543456E+01, 1.438412E+01, 1.344446E+02, 7.065765E+01, 2.858467E+01, 2.436331E+01,12, 1.850456E+00,3, 0.000000E+00,0, 0.000000E+00,6, 7.046457E+00, 3.715601E-01, 2.533065E+00,NULL,NULL,1,mc_qqps,54
-21042,2651,20228,62427,94C2, 9.125000E+01,31,19,50,31,19, 4.233449E+00,-1.356510E+00,-5.866631E+00, 3.720546E+01, 3.668029E+01, 1.183235E+00, 3.632159E+00,-4.471179E+00,-5.442516E+00, 6.143943E+01, 3.394439E+01, 2.409816E+01, 1.358081E-01,6, 2.703480E+00,17, 1.080513E+00,0, 0.000000E+00,2, 4.563404E+00, 6.842961E-01, 3.879107E+00,1, 0.000000E+00,1,mc_qqps,54
-21042,2652,20228,62445,94C2, 9.125000E+01,51,17,68,51,17, 1.150906E+01,-3.283166E+00, 1.854515E+00, 5.673316E+01, 5.561908E+01, 1.090570E+00,-4.393804E+00, 6.589818E+00, 1.058339E+00, 1.094499E+02, 4.299797E+01, 4.275653E+01, 5.723739E-01,21, 1.093446E+00,0, 0.000000E+00,0, 0.000000E+00,15, 5.117294E+01, 8.237095E-01, 2.452856E+01,NULL,NULL,1,mc_qqps,54
-21042,2653,20228,62504,94C2, 9.125000E+01,40,20,60,40,20,-9.631960E-01,-3.030142E+00,-6.970606E+00, 3.561917E+01, 3.460817E+01, 8.652042E-01, 8.928518E-01,-3.467614E+00,-7.382436E+00, 7.042191E+01, 2.926279E+01, 3.431097E+01, 4.917749E-01,11, 0.000000E+00,8, 0.000000E+00,0, 0.000000E+00,10, 1.335081E+01, 7.320169E-01, 2.995134E+00,1, 0.000000E+00,1,mc_qqps,54
-21042,2654,20228,62523,94C2, 9.125000E+01,21,6,27,21,6, 1.342328E+01, 9.389564E+00, 6.116017E+00, 5.997300E+01, 5.967353E+01, 2.841597E+00, 6.133414E+00, 3.585841E+00, 3.385396E+00, 7.232632E+01, 5.497832E+01, 1.175136E+01, 6.019586E-01,10, 1.615459E+01,0, 0.000000E+00,0, 0.000000E+00,4, 8.767482E+00, 7.854147E-01, 3.827196E+00,NULL,NULL,1,mc_qqps,54
-21042,2655,20228,62537,94C2, 9.125000E+01,42,20,62,42,20, 2.193448E+01,-4.282811E-01, 9.429276E+00, 6.574304E+01, 6.493725E+01, 1.546125E+00, 5.735216E+00,-1.034470E+00, 2.993365E+00, 1.068858E+02, 5.813589E+01, 3.402341E+01, 3.210671E+00,23, 4.002429E+00,0, 0.000000E+00,0, 0.000000E+00,15, 3.035495E+01, 5.837462E-01, 6.071008E+00,NULL,NULL,1,mc_qqps,54
-21042,2656,20228,62554,94C2, 9.125000E+01,27,3,30,27,3, 5.444219E+00, 6.816337E-01,-6.101744E-01, 6.713850E+01, 6.677148E+01, 2.473018E+00, 1.889961E+00,-1.913411E+00, 3.702437E-01, 7.175440E+01, 6.632178E+01, 2.187743E+00, 2.705670E+00,7, 2.290338E+00,0, 0.000000E+00,0, 0.000000E+00,1, 2.187743E+00, 2.187743E+00, 2.187743E+00,NULL,NULL,1,mc_qqps,54
-21042,2657,20228,62607,94C2, 9.125000E+01,14,14,28,14,14,-1.533418E+00, 2.115260E+00, 2.333069E+01, 6.047741E+01, 6.035796E+01, 4.311283E+00,-8.678979E-01,-2.332945E+00, 1.649942E+01, 9.063814E+01, 2.756260E+01, 2.430803E+01, 5.852712E+00,3, 6.290566E-01,15, 7.614447E+00,0, 0.000000E+00,2, 9.961343E-01, 4.708130E-01, 5.253213E-01,1, 0.000000E+00,1,mc_qqps,54
-21042,2658,20228,62624,94C2, 9.125000E+01,29,13,42,29,13, 1.600461E+00,-1.173482E+00,-4.352882E+00, 4.103289E+01, 4.058672E+01, 1.399542E+00, 2.159600E+00, 2.345240E+00, 3.198035E+00, 6.001609E+01, 1.153899E+01, 1.559836E+01, 2.948136E+00,2, 0.000000E+00,15, 1.044229E+01,0, 0.000000E+00,2, 1.516527E+00, 4.366969E-01, 1.079830E+00,NULL,NULL,0,mc_qqps,54
-21042,2659,20228,62637,94C2, 9.125000E+01,24,14,38,24,14,-1.607399E+00,-1.415480E+00,-5.350425E+01, 9.484750E+01, 9.441918E+01, 3.934133E+00,-4.618852E-01, 2.913274E+00,-4.443930E+01, 1.226677E+02, 1.946419E+01, 1.876239E+01, 7.544776E+00,2, 0.000000E+00,14, 1.186774E+01,0, 0.000000E+00,2, 3.536384E+00, 1.535748E+00, 2.000636E+00,2, 0.000000E+00,1,mc_qqps,54
-21042,2660,20228,62653,94C2, 9.125000E+01,32,16,48,32,16,-7.333207E+00,-1.923853E+00,-2.081921E+00, 5.801298E+01, 5.760809E+01, 1.800253E+00,-7.407653E-01,-4.370112E-01,-7.227644E-01, 1.037600E+02, 5.537821E+01, 3.293302E+01, 1.021632E+01,18, 9.484867E-01,0, 0.000000E+00,0, 0.000000E+00,10, 3.096325E+01, 3.982863E-01, 1.488933E+01,NULL,NULL,1,mc_qqps,54
-21042,2661,20228,62708,94C2, 9.125000E+01,13,19,32,13,19,-2.961777E+00,-6.723447E+00,-6.114971E-01, 3.577933E+01, 3.564602E+01, 2.742002E+00, 7.192996E+00, 1.124779E+01, 5.223994E+00, 8.470298E+01, 3.520544E+01, 3.285328E+01, 1.038688E+01,21, 2.352172E+01,0, 0.000000E+00,0, 0.000000E+00,16, 3.574222E+01, 4.750899E-01, 7.374401E+00,NULL,NULL,1,mc_qqps,54
-21042,2662,20228,62720,94C2, 9.125000E+01,26,16,42,26,16,-1.261353E+00, 2.851835E+00,-8.455504E+00, 5.689897E+01, 5.648063E+01, 2.172332E+00,-2.409134E+00, 4.903968E+00,-1.100605E+01, 7.794814E+01, 5.095455E+01, 1.719359E+01, 1.354970E+00,7, 0.000000E+00,8, 0.000000E+00,0, 0.000000E+00,7, 1.048472E+01, 7.768080E-01, 2.142735E+00,NULL,NULL,1,mc_qqps,54
-21042,2663,20228,62737,94C2, 9.125000E+01,35,15,50,35,15,-6.126016E+00, 9.399652E+00, 6.436775E+00, 5.383388E+01, 5.282303E+01, 1.509229E+00, 5.729299E+00,-2.536769E+00, 7.963235E+00, 9.503884E+01, 4.103644E+01, 3.989708E+01, 1.399666E+00,17, 1.882817E+00,1, 0.000000E+00,0, 0.000000E+00,13, 3.961396E+01, 4.404630E-01, 1.434459E+01,1, 0.000000E+00,1,mc_qqps,54
-21042,2664,20228,62753,94C2, 9.125000E+01,20,17,37,20,17,-8.424833E-01,-1.312397E+00,-9.721603E-03, 6.731336E+00, 5.882180E+00, 2.941090E-01, 5.329540E-01,-2.530675E+00,-1.999678E+01, 6.026460E+01, 1.638807E+00, 5.263106E+01, 4.105195E-01,3, 0.000000E+00,6, 0.000000E+00,0, 0.000000E+00,3, 2.088489E+00, 4.368640E-01, 1.159946E+00,5, 0.000000E+00,0,mc_qqps,54
-21042,2665,20228,62835,94C2, 9.125000E+01,29,17,46,29,17,-1.315537E+00, 3.113461E+00,-1.744184E+00, 5.057117E+01, 4.995726E+01, 1.722664E+00, 1.943834E+00,-5.413778E-01,-1.465896E+00, 7.008367E+01, 4.901519E+01, 1.829782E+01, 1.214684E+00,19, 1.405287E+00,0, 0.000000E+00,0, 0.000000E+00,13, 1.774446E+01, 7.905460E-01, 3.697349E+00,NULL,NULL,1,mc_qqps,54
-21042,2666,20228,62854,94C2, 9.125000E+01,13,6,19,13,6, 1.522401E+01, 1.254749E+01, 1.445985E+01, 3.858881E+01, 3.832957E+01, 2.948429E+00, 9.844140E+00, 1.046826E+01, 1.111568E+01, 7.137858E+01, 3.764128E+01, 5.091598E+00, 2.769816E+01,7, 2.824647E+00,0, 0.000000E+00,0, 0.000000E+00,3, 4.932693E+00, 5.962588E-01, 3.661559E+00,NULL,NULL,1,mc_qqps,54
-21042,2667,20228,62903,94C2, 9.125000E+01,33,6,39,33,6, 6.366449E+00, 1.377931E+01,-1.101590E+01, 5.479012E+01, 5.406438E+01, 1.638314E+00, 9.243687E+00, 2.035669E+01,-1.404811E+01, 7.349301E+01, 5.063833E+01, 9.812029E+00, 4.936753E+00,15, 4.205700E-01,0, 0.000000E+00,0, 0.000000E+00,5, 1.379015E+01, 1.077585E+00, 6.692627E+00,NULL,NULL,1,mc_qqps,54
-21042,2668,20228,62917,94C2, 9.125000E+01,35,20,55,35,20,-3.314266E+00, 7.321662E-01,-1.825935E+00, 7.892672E+01, 7.838373E+01, 2.239535E+00, 1.382677E+00,-5.692933E+00, 5.514362E+00, 1.207617E+02, 6.644939E+01, 3.429709E+01, 5.048851E+00,6, 0.000000E+00,12, 1.262874E+00,0, 0.000000E+00,6, 1.592917E+01, 4.894866E-01, 8.306569E+00,NULL,NULL,1,mc_qqps,54
-21042,2669,20228,62934,94C2, 9.125000E+01,24,9,33,24,9, 3.269331E-01, 2.193714E+00, 2.397123E-01, 4.727193E+01, 4.677756E+01, 1.949065E+00, 5.400943E-01, 1.751405E+00,-1.655498E-01, 6.232643E+01, 4.594833E+01, 6.744325E+00, 8.332724E+00,3, 0.000000E+00,4, 0.000000E+00,0, 0.000000E+00,1, 1.886510E+00, 1.886510E+00, 1.886510E+00,NULL,NULL,1,mc_qqps,54
-21042,2670,20228,62948,94C2, 9.125000E+01,24,19,43,24,19, 8.668462E-01, 1.409119E+00,-1.590753E+00, 4.119386E+01, 4.044741E+01, 1.685309E+00, 6.853376E+00, 4.670197E+00,-5.740836E+00, 9.265331E+01, 3.805014E+01, 2.968966E+01, 1.089463E+01,16, 1.034668E-01,0, 0.000000E+00,0, 0.000000E+00,15, 4.056482E+01, 4.283683E-01, 8.116315E+00,NULL,NULL,1,mc_qqps,54
-21042,2671,20228,63001,94C2, 9.125000E+01,65,9,74,65,9, 2.924717E+01, 1.041342E+00, 4.366593E+00, 7.639397E+01, 7.436662E+01, 1.144102E+00, 8.932621E+00, 2.954104E+00, 3.916162E+00, 1.147017E+02, 5.636554E+01, 2.314785E+01, 1.450457E+01,16, 2.979804E+00,0, 0.000000E+00,0, 0.000000E+00,6, 1.976185E+01, 6.553528E-01, 6.838362E+00,NULL,NULL,1,mc_qqps,54
-21042,2672,20228,63020,94C2, 9.125000E+01,19,20,39,19,20,-8.526136E+00,-3.355280E+00,-5.972810E+00, 4.056335E+01, 4.030455E+01, 2.121292E+00,-9.112345E+00,-8.254948E-01,-7.468980E+00, 7.475266E+01, 3.610883E+01, 2.133615E+01, 1.285316E+01,10, 4.777840E+00,10, 0.000000E+00,0, 0.000000E+00,7, 1.063279E+01, 1.013654E+00, 2.763468E+00,NULL,NULL,1,mc_qqps,54
-21042,2673,20228,63034,94C2, 9.125000E+01,38,13,51,38,13, 8.879286E+00, 1.356630E+00,-2.697663E+00, 7.339545E+01, 7.273305E+01, 1.914028E+00, 9.920753E-01, 4.890763E+00,-4.256016E-02, 9.992529E+01, 6.920984E+01, 1.720513E+01, 8.431734E+00,18, 7.613591E+00,0, 0.000000E+00,0, 0.000000E+00,8, 1.768991E+01, 8.799272E-01, 5.294241E+00,1, 0.000000E+00,1,mc_qqps,54
-21042,2674,20228,63048,94C2, 9.125000E+01,20,15,35,20,15, 1.160812E+00, 1.712967E+01, 1.857348E+00, 5.082671E+01, 5.033454E+01, 2.516727E+00, 1.238922E+00, 1.324877E+01, 1.512170E+00, 7.211497E+01, 4.542284E+01, 2.008461E+01, 0.000000E+00,19, 1.018101E+01,0, 0.000000E+00,0, 0.000000E+00,13, 1.887181E+01, 3.920740E-01, 4.160495E+00,NULL,NULL,1,mc_qqps,54
-21042,2675,20228,63101,94C2, 9.125000E+01,38,12,50,38,12, 2.707960E+00,-3.237841E+00, 4.933564E+00, 5.944493E+01, 5.876349E+01, 1.546408E+00, 1.108078E+01,-3.458032E+00, 1.625898E+01, 8.580966E+01, 4.758725E+01, 2.283834E+01, 4.056113E+00,2, 0.000000E+00,15, 8.315069E-01,0, 0.000000E+00,NULL,NULL,NULL,NULL,NULL,NULL,1,mc_qqps,54
-21042,2676,20228,63115,94C2, 9.125000E+01,31,15,46,31,15, 7.300123E+00, 8.854063E+00,-1.558762E+01, 6.119288E+01, 6.058998E+01, 1.954516E+00, 5.612384E+00, 1.025344E+01,-1.752924E+01, 9.166467E+01, 5.616388E+01, 1.393348E+01, 1.661045E+01,7, 0.000000E+00,4, 0.000000E+00,0, 0.000000E+00,7, 9.071132E+00, 6.760435E-01, 2.953529E+00,NULL,NULL,1,mc_qqps,54
-21042,2677,20228,63134,94C2, 9.125000E+01,20,15,35,20,15,-2.288889E+00,-1.537985E+00,-2.122454E+00, 3.259580E+01, 3.225314E+01, 1.612657E+00,-8.917011E+00, 3.664408E+00,-5.680243E+00, 9.744033E+01, 3.089259E+01, 6.128948E+01, 2.610617E+00,16, 7.864560E+00,0, 0.000000E+00,0, 0.000000E+00,11, 6.132757E+01, 5.371972E-01, 1.952479E+01,NULL,NULL,1,mc_qqps,54
-21042,2678,20228,63149,94C2, 9.125000E+01,28,9,37,28,9,-3.304510E+00,-6.374771E+00, 3.478303E+00, 7.190622E+01, 7.154103E+01, 2.555037E+00,-3.389239E+00,-4.534751E+00, 3.517451E+00, 9.312602E+01, 6.431166E+01, 1.397244E+01, 1.313102E+00,14, 2.348346E+01,0, 0.000000E+00,0, 0.000000E+00,7, 1.358482E+01, 4.066339E-01, 5.527623E+00,NULL,NULL,1,mc_qqps,54
-21042,2679,20228,63204,94C2, 9.125000E+01,42,19,61,42,19, 3.107203E+00,-3.063163E+00, 4.079139E+00, 7.160570E+01, 7.080278E+01, 1.685781E+00, 2.867676E+00,-2.606473E+00, 2.871340E+00, 9.769304E+01, 6.089417E+01, 2.416974E+01, 1.917588E+00,2, 0.000000E+00,18, 2.395941E+00,0, 0.000000E+00,2, 2.354355E+00, 9.495803E-01, 1.404774E+00,NULL,NULL,1,mc_qqps,54
-21042,2680,20228,63224,94C2, 9.125000E+01,21,24,45,21,24, 5.144303E+00,-3.264800E+00,-5.109709E+00, 2.758273E+01, 2.722281E+01, 1.296324E+00, 1.401519E+00,-4.062856E-01, 3.423273E+00, 7.794427E+01, 2.520970E+01, 2.896240E+01, 1.822596E+01,17, 1.987382E+00,6, 0.000000E+00,0, 0.000000E+00,13, 2.639292E+01, 3.796145E-01, 8.673369E+00,NULL,NULL,1,mc_qqps,54
-21042,2681,20228,63243,94C2, 9.125000E+01,38,21,59,38,21,-5.371953E+00,-3.646457E+00, 6.071404E+00, 4.615761E+01, 4.535078E+01, 1.193442E+00,-5.341528E+00,-3.613541E+00, 7.615509E+00, 9.098237E+01, 4.098846E+01, 1.686172E+01, 1.975867E+01,12, 1.158620E+00,1, 0.000000E+00,0, 0.000000E+00,9, 1.837604E+01, 5.116984E-01, 3.369544E+00,NULL,NULL,1,mc_qqps,54
-21042,2682,20228,63259,94C2, 9.125000E+01,48,21,69,48,21,-1.812473E+01,-3.640133E-01,-1.246477E-01, 5.107396E+01, 4.994102E+01, 1.040438E+00, 2.000185E+00,-3.125249E+00, 6.156450E-01, 9.825254E+01, 4.623059E+01, 3.556369E+01, 9.537769E+00,24, 2.824470E+00,1, 0.000000E+00,0, 0.000000E+00,14, 3.244777E+01, 4.321781E-01, 7.373762E+00,NULL,NULL,1,mc_qqps,54
-21042,2683,20228,63317,94C2, 9.125000E+01,30,10,40,30,10, 1.110167E+00, 4.310343E+00, 6.187752E+00, 6.492021E+01, 6.437985E+01, 2.145995E+00, 1.050382E+00, 4.515899E+00, 5.299732E+00, 8.659802E+01, 6.191323E+01, 1.925724E+01, 9.707896E-01,13, 7.365867E+00,0, 0.000000E+00,0, 0.000000E+00,8, 2.010231E+01, 7.604878E-01, 6.668632E+00,NULL,NULL,1,mc_qqps,54
-21042,2684,20228,63332,94C2, 9.125000E+01,28,19,47,28,19, 8.328009E-01,-1.853658E+00, 3.536688E+00, 5.081428E+01, 5.035622E+01, 1.798436E+00,-4.172789E+00,-5.539287E+00, 6.545934E+00, 9.401408E+01, 4.755798E+01, 2.218237E+01, 1.706831E+01,17, 1.810724E+00,2, 0.000000E+00,0, 0.000000E+00,12, 2.419502E+01, 5.369982E-01, 8.508486E+00,1, 0.000000E+00,1,mc_qqps,54
-21042,2685,20228,63349,94C2, 9.125000E+01,28,9,37,28,9, 2.786597E+00,-2.581249E+00,-3.547097E-01, 6.929652E+01, 6.881439E+01, 2.457657E+00, 4.314916E+00,-4.011817E+00, 4.585993E+00, 7.728801E+01, 6.364328E+01, 7.785459E+00, 2.060354E-01,3, 0.000000E+00,8, 1.990914E+00,0, 0.000000E+00,1, 4.756565E-01, 4.756565E-01, 4.756565E-01,2, 0.000000E+00,1,mc_qqps,54
-21042,2686,20228,63409,94C2, 9.125000E+01,39,13,52,39,13,-3.784928E-01,-2.068341E-02, 4.359171E-01, 6.884454E+01, 6.822474E+01, 1.749352E+00, 8.822972E-01,-2.686193E+00,-3.206045E+00, 8.311720E+01, 5.815826E+01, 6.789657E+00, 6.278852E+00,8, 8.935161E-01,8, 0.000000E+00,0, 0.000000E+00,4, 4.199430E+00, 8.434123E-01, 1.227930E+00,NULL,NULL,1,mc_qqps,54
-21042,2687,20228,63426,94C2, 9.125000E+01,24,13,37,24,13, 6.111335E+00, 6.748905E+00, 3.695135E+00, 5.285885E+01, 5.243328E+01, 2.184720E+00, 2.548806E+00,-1.531115E+01, 1.509610E+01, 8.496107E+01, 5.237917E+01, 2.929332E+01, 2.000854E+00,12, 1.215474E+00,1, 0.000000E+00,0, 0.000000E+00,8, 1.874608E+01, 8.080544E-01, 7.623134E+00,NULL,NULL,1,mc_qqps,54
-21042,2688,20228,63439,94C2, 9.125000E+01,34,14,48,34,14,-6.826587E+00, 4.482768E+00,-3.205118E+00, 8.492059E+01, 8.421082E+01, 2.476789E+00, 1.379295E+00, 3.514661E-01, 1.851057E+00, 9.865555E+01, 7.747291E+01, 1.106524E+01, 8.615170E-01,16, 2.990502E+00,1, 0.000000E+00,0, 0.000000E+00,8, 8.838096E+00, 4.196455E-01, 2.148418E+00,NULL,NULL,1,mc_qqps,54
-21042,2689,20228,63455,94C2, 9.125000E+01,36,18,54,36,18, 7.071303E+00,-5.277184E-01,-5.302225E+00, 6.819060E+01, 6.736198E+01, 1.871166E+00, 1.077535E+01, 3.202537E+00,-1.135795E+01, 1.001477E+02, 6.344337E+01, 2.179423E+01, 7.713983E+00,17, 8.518005E+00,1, 0.000000E+00,0, 0.000000E+00,10, 1.190258E+01, 4.898684E-01, 3.263376E+00,NULL,NULL,1,mc_qqps,54
-21042,2690,20228,63511,94C2, 9.125000E+01,20,14,34,20,14,-2.370968E+00, 5.936025E+00, 2.467933E-01, 4.719600E+01, 4.693562E+01, 2.346781E+00,-7.327873E+00, 1.388042E+01, 3.351897E+00, 7.512436E+01, 4.460958E+01, 2.781258E+01, 1.157845E-01,15, 8.024775E+00,1, 0.000000E+00,0, 0.000000E+00,10, 2.094930E+01, 5.709018E-01, 5.360490E+00,NULL,NULL,1,mc_qqps,54
-21042,2691,20228,63525,94C2, 9.125000E+01,31,11,42,31,11, 5.156965E+00,-5.178993E+00,-2.662876E-01, 5.834751E+01, 5.778796E+01, 1.864128E+00, 3.568253E+00,-2.430665E+00,-4.702403E-01, 7.667490E+01, 5.631826E+01, 1.791538E+01, 4.120000E-01,13, 5.513605E+00,0, 0.000000E+00,0, 0.000000E+00,7, 1.616976E+01, 9.715616E-01, 4.123217E+00,NULL,NULL,1,mc_qqps,54
-21042,2692,20228,63543,94C2, 9.125000E+01,38,12,50,38,12, 1.010162E+00,-7.642284E-02,-4.009149E-01, 6.777857E+01, 6.706126E+01, 1.764770E+00,-8.116796E+00,-3.530375E+00,-5.864676E+00, 8.846998E+01, 6.458126E+01, 2.008323E+01, 7.885251E-01,9, 2.925096E-01,9, 0.000000E+00,0, 0.000000E+00,3, 7.785682E+00, 4.244599E-01, 6.552785E+00,NULL,NULL,1,mc_qqps,54
-21042,2693,20228,63603,94C2, 9.125000E+01,38,24,62,38,24,-7.068421E+00, 5.553258E+00, 8.927445E-01, 4.798285E+01, 4.722892E+01, 1.242866E+00, 3.646003E+00, 2.739620E+00,-3.474208E+00, 8.776370E+01, 3.986515E+01, 3.219575E+01, 2.183681E+00,16, 2.687717E+00,7, 0.000000E+00,0, 0.000000E+00,13, 2.913447E+01, 3.861181E-01, 1.088070E+01,1, 0.000000E+00,1,mc_qqps,54
-21042,2694,20228,63621,94C2, 9.125000E+01,26,25,51,26,25,-7.105117E+00,-1.153508E+01, 1.200099E+01, 3.145314E+01, 3.090470E+01, 1.188642E+00, 2.107899E+00,-1.180657E+00,-6.410480E-01, 8.557709E+01, 2.786643E+01, 4.359743E+01, 9.599743E-01,24, 1.167351E+00,1, 0.000000E+00,0, 0.000000E+00,22, 5.287976E+01, 4.531118E-01, 1.139951E+01,NULL,NULL,1,mc_qqps,54
-21042,2695,20228,63637,94C2, 9.125000E+01,45,8,53,45,8,-3.232624E+01,-1.222500E+01,-1.550069E+00, 1.215305E+02, 1.204772E+02, 2.677271E+00,-1.513116E+01,-5.779250E+00, 5.570983E+00, 1.457287E+02, 4.513396E+01, 2.386098E+01, 3.372207E-01,10, 0.000000E+00,0, 0.000000E+00,0, 0.000000E+00,6, 2.214693E+01, 7.606421E-01, 1.413576E+01,NULL,NULL,1,mc_qqps,54
-21042,2696,20228,63654,94C2, 9.125000E+01,25,12,37,25,12, 5.392610E+00,-3.419310E+00, 2.021381E+00, 6.507965E+01, 6.451699E+01, 2.580680E+00, 6.204545E+00,-2.699360E+00, 5.428314E-01, 8.699178E+01, 6.131566E+01, 2.010947E+01, 9.376358E-01,13, 1.249504E+01,2, 0.000000E+00,0, 0.000000E+00,7, 1.710137E+01, 4.172443E-01, 6.631146E+00,1, 0.000000E+00,1,mc_qqps,54
-21042,2697,20228,63710,94C2, 9.125000E+01,36,17,53,36,17,-1.588736E-01, 3.740582E+00, 3.600782E+00, 5.759856E+01, 5.690249E+01, 1.580625E+00, 1.581894E-01, 5.270058E+00, 4.433671E+00, 8.035047E+01, 4.558912E+01, 1.842191E+01, 3.634809E+00,18, 9.581348E-01,1, 0.000000E+00,0, 0.000000E+00,13, 1.748135E+01, 2.288485E-01, 4.333048E+00,NULL,NULL,1,mc_qqps,54
-21042,2698,20228,63728,94C2, 9.125000E+01,53,15,68,53,15, 2.591154E+00, 2.903766E-01,-6.129261E+00, 7.652232E+01, 7.503673E+01, 1.415787E+00,-5.053259E+00, 1.454442E-01,-7.890549E-01, 9.451916E+01, 6.530059E+01, 9.708955E+00, 5.555357E+00,9, 5.776456E-01,5, 0.000000E+00,0, 0.000000E+00,6, 8.185305E+00, 5.197864E-01, 2.938212E+00,NULL,NULL,1,mc_qqps,54
-21042,2699,20228,63749,94C2, 9.125000E+01,28,18,46,28,18,-2.491788E+00,-1.153597E+00,-1.246836E+00, 4.677438E+01, 4.641814E+01, 1.657791E+00,-5.100908E+00,-1.324672E+00,-4.859121E+00, 7.679475E+01, 3.946403E+01, 1.238608E+01, 1.258937E+01,12, 3.717745E+00,3, 0.000000E+00,0, 0.000000E+00,10, 1.486131E+01, 4.836053E-01, 4.171604E+00,NULL,NULL,1,mc_qqps,54
-21042,2700,20228,63802,94C2, 9.125000E+01,32,18,50,32,18, 9.392290E+00,-1.490822E+01,-1.201137E+01, 5.324286E+01, 5.261777E+01, 1.644305E+00, 7.681467E+00,-1.346676E+01,-8.737539E+00, 8.519540E+01, 4.394365E+01, 2.089890E+01, 6.986944E+00,18, 6.989201E+00,1, 0.000000E+00,0, 0.000000E+00,12, 2.086682E+01, 5.624306E-01, 4.615719E+00,NULL,NULL,1,mc_qqps,54
-21042,2701,20228,63817,94C2, 9.125000E+01,17,16,33,17,16, 3.983150E+00,-2.661158E+00,-9.922809E+00, 2.219842E+01, 2.186147E+01, 1.285969E+00, 1.999272E+00,-1.922515E+00,-8.399101E+00, 5.530723E+01, 5.181605E+00, 2.790436E+01, 5.204450E+00,1, 0.000000E+00,15, 1.526179E+01,0, 0.000000E+00,NULL,NULL,NULL,NULL,3, 0.000000E+00,0,mc_qqps,54
-21042,2702,20228,63834,94C2, 9.125000E+01,33,14,47,33,14, 1.512177E+00, 4.383296E+00, 2.637573E+00, 7.433406E+01, 7.364615E+01, 2.231701E+00,-1.413575E+00,-6.150079E-02, 2.055305E+00, 9.962920E+01, 6.733561E+01, 2.426256E+01, 0.000000E+00,20, 6.117507E+00,0, 0.000000E+00,0, 0.000000E+00,11, 2.002742E+01, 5.624326E-01, 4.466779E+00,NULL,NULL,1,mc_qqps,54
-21042,2703,20228,63847,94C2, 9.125000E+01,25,15,40,25,15,-6.698108E+00,-8.510886E-02,-3.601259E-01, 5.086964E+01, 5.040823E+01, 2.016329E+00, 1.220457E+01,-7.407104E+00,-6.741752E+00, 9.470789E+01, 4.221172E+01, 2.509737E+01, 1.521478E+01,15, 3.494537E-01,0, 0.000000E+00,0, 0.000000E+00,12, 2.820584E+01, 4.813862E-01, 8.431456E+00,NULL,NULL,1,mc_qqps,54
-21042,2704,20228,63902,94C2, 9.125000E+01,25,17,42,25,17,-1.171399E+01,-1.598492E+01, 1.735324E+01, 4.396053E+01, 4.351819E+01, 1.740728E+00,-7.758284E+00,-1.087868E+01, 1.209838E+01, 7.128934E+01, 4.067741E+01, 1.183142E+01, 6.398178E+00,14, 8.655970E+00,1, 0.000000E+00,0, 0.000000E+00,12, 2.056522E+01, 5.617930E-01, 5.153811E+00,NULL,NULL,1,mc_qqps,54
-21042,2705,20228,63917,94C2, 9.125000E+01,15,17,32,15,17, 2.731479E+00, 1.193910E+00, 5.049198E-01, 3.212493E+01, 3.195544E+01, 2.130363E+00, 5.085527E+00, 4.044199E+00,-9.802705E+00, 7.348444E+01, 3.231834E+01, 3.867484E+01, 1.136094E+00,6, 8.212683E-02,11, 1.015220E+00,0, 0.000000E+00,5, 7.993624E+00, 3.988355E-01, 2.760783E+00,NULL,NULL,1,mc_qqps,54
-21042,2706,20228,63933,94C2, 9.125000E+01,23,10,33,23,10,-9.013498E+00, 5.398318E-01, 4.765125E+01, 2.572613E+02, 2.570430E+02, 1.117578E+01,-9.147740E+00, 2.524327E+00, 4.906542E+01, 2.707400E+02, 4.452979E+00, 1.347864E+01, 0.000000E+00,2, 0.000000E+00,15, 1.903568E+01,0, 0.000000E+00,2, 1.898968E+00, 8.857933E-01, 1.013175E+00,1, 0.000000E+00,0,mc_qqps,54
-21042,2707,20228,63945,94C2, 9.125000E+01,35,19,54,35,19, 4.306993E+00,-1.202964E+00, 1.908440E+00, 7.161224E+01, 7.106062E+01, 2.030303E+00, 1.102288E+01,-6.458859E-01, 6.117650E+00, 1.174659E+02, 5.965339E+01, 3.776956E+01, 6.464552E-01,22, 2.080585E+00,0, 0.000000E+00,0, 0.000000E+00,14, 2.991493E+01, 3.472053E-01, 9.358440E+00,NULL,NULL,1,mc_qqps,54
-21042,2708,20228,64001,94C2, 9.125000E+01,41,14,55,41,14,-2.417508E-01,-1.132771E+01,-1.046902E+01, 7.777886E+01, 7.713976E+01, 1.881458E+00,-5.609983E+00,-1.411638E+01,-7.752785E+00, 1.096658E+02, 7.164048E+01, 6.705531E+00, 1.548121E+01,18, 1.456917E+00,0, 0.000000E+00,0, 0.000000E+00,8, 1.689246E+01, 5.058488E-01, 7.563516E+00,NULL,NULL,1,mc_qqps,54
-21042,2709,20228,64018,94C2, 9.125000E+01,19,10,29,19,10,-1.044347E+01,-2.120939E+00, 2.661590E+00, 5.156733E+01, 5.123592E+01, 2.696628E+00,-1.430251E+00,-1.639375E+00, 2.261252E+00, 6.890667E+01, 4.655252E+01, 1.119281E+01, 3.988313E+00,9, 1.089405E-01,1, 0.000000E+00,0, 0.000000E+00,6, 8.155645E+00, 4.152173E-01, 2.083203E+00,NULL,NULL,1,mc_qqps,54
-21042,2710,20228,64027,94C2, 9.125000E+01,29,12,41,29,12,-4.479795E+00, 7.953824E-01, 3.600910E+00, 7.314788E+01, 7.253161E+01, 2.501090E+00,-3.854679E+00, 2.218831E+00, 1.122528E+00, 8.665039E+01, 6.323962E+01, 1.259288E+01, 4.045547E-01,3, 0.000000E+00,14, 1.491851E+01,0, 0.000000E+00,2, 1.608723E+00, 5.050876E-01, 1.103636E+00,1, 0.000000E+00,1,mc_qqps,54
-21042,2711,20228,64039,94C2, 9.125000E+01,41,13,54,41,13,-3.646938E+00,-6.866230E+00,-1.541895E+01, 5.776066E+01, 5.692068E+01, 1.388309E+00,-1.202010E+00,-5.457241E+00,-1.765461E+01, 8.484769E+01, 4.476907E+01, 1.262117E+01, 1.303439E+01,5, 0.000000E+00,13, 4.888717E+00,0, 0.000000E+00,4, 9.706762E+00, 8.057488E-01, 6.637408E+00,NULL,NULL,1,mc_qqps,54
-21042,2712,20228,64054,94C2, 9.125000E+01,41,20,61,41,20, 1.895525E+00,-4.549077E-02,-4.817274E+00, 5.958104E+01, 5.852428E+01, 1.427422E+00,-6.276484E-01, 1.175493E+00, 2.031002E+00, 7.634600E+01, 3.098206E+01, 1.457426E+01, 1.844627E+00,1, 0.000000E+00,22, 1.345498E+01,0, 0.000000E+00,1, 4.705033E-01, 4.705033E-01, 4.705033E-01,3, 0.000000E+00,1,mc_qqps,54
-21042,2713,20228,64118,94C2, 9.125000E+01,14,12,26,14,12,-8.975955E+00,-2.351038E+00, 1.952706E+01, 3.478303E+01, 3.442793E+01, 2.459138E+00,-3.344772E+00, 1.765116E+00, 7.613832E+00, 9.138292E+01, 2.956829E+01, 3.605634E+01, 2.055034E+01,0, 0.000000E+00,9, 0.000000E+00,0, 0.000000E+00,NULL,NULL,NULL,NULL,NULL,NULL,1,mc_qqps,54
-21042,2714,20228,64129,94C2, 9.125000E+01,26,9,35,26,9, 5.330676E+00, 5.418245E+00,-1.294432E+00, 4.249081E+01, 4.200000E+01, 1.615385E+00, 6.874276E+00, 6.329778E+00,-4.822557E-01, 6.569557E+01, 3.615810E+01, 8.414136E+00, 1.014861E+01,12, 2.202000E+00,0, 0.000000E+00,0, 0.000000E+00,7, 1.274662E+01, 5.262306E-01, 4.064328E+00,NULL,NULL,1,mc_qqps,54
-21042,2715,20228,64143,94C2, 9.125000E+01,14,7,21,14,7,-3.036432E+00,-7.119544E+00,-9.066354E+00, 4.584153E+01, 4.562697E+01, 3.259069E+00,-4.821141E+00,-1.003813E+01,-1.233126E+01, 6.458970E+01, 4.385020E+01, 1.603775E+01, 1.661031E+00,4, 0.000000E+00,2, 0.000000E+00,0, 0.000000E+00,3, 1.428786E+01, 1.049393E+00, 1.024103E+01,NULL,NULL,1,mc_qqps,54
-21042,2716,20228,64203,94C2, 9.125000E+01,21,12,33,21,12,-1.246044E+02,-5.494411E+01,-5.947173E+01, 2.300063E+02, 2.296450E+02, 1.093548E+01,-1.323393E+02,-5.861188E+01,-6.374852E+01, 2.462128E+02, 5.793036E+01, 1.314049E+01, 2.425246E+00,10, 7.471735E+00,0, 0.000000E+00,0, 0.000000E+00,8, 1.291451E+01, 4.402924E-01, 6.568655E+00,NULL,NULL,1,mc_qqps,54
-21042,2717,20228,64215,94C2, 9.125000E+01,38,19,57,38,19,-6.600340E+00, 6.502379E+00,-9.317672E+00, 5.164946E+01, 5.064215E+01, 1.332688E+00,-2.222102E+00, 4.961661E+00,-3.348369E+00, 7.775533E+01, 4.432096E+01, 1.420486E+01, 6.900952E+00,15, 1.898671E+00,3, 0.000000E+00,0, 0.000000E+00,11, 1.345108E+01, 4.130274E-01, 3.086792E+00,2, 0.000000E+00,1,mc_qqps,54
-21042,2718,20228,64234,94C2, 9.125000E+01,33,17,50,33,17, 6.078662E-01, 7.280402E+00,-9.779845E+00, 4.236379E+01, 4.167094E+01, 1.262756E+00, 1.718302E+00, 4.925843E+00,-4.995172E+00, 5.597142E+01, 3.914783E+01, 1.305248E+01, 5.551404E-01,2, 0.000000E+00,15, 1.976480E+00,0, 0.000000E+00,2, 8.679729E-01, 3.725950E-01, 4.953778E-01,1, 0.000000E+00,1,mc_qqps,54
-21042,2719,20228,64252,94C2, 9.125000E+01,42,14,56,42,14,-9.147113E-01,-3.722128E+00,-3.944174E+00, 6.831922E+01, 6.722501E+01, 1.600595E+00,-1.653951E+00,-4.540375E+00,-4.227267E+00, 8.329276E+01, 5.619815E+01, 1.425877E+01, 7.147725E-01,4, 0.000000E+00,9, 0.000000E+00,0, 0.000000E+00,3, 5.366192E+00, 8.148402E-01, 2.621592E+00,NULL,NULL,1,mc_qqps,54
-21042,2720,20228,64311,94C2, 9.125000E+01,33,14,47,33,14,-7.850684E-01, 6.281425E+00, 2.556594E+00, 7.409805E+01, 7.339434E+01, 2.224071E+00,-9.581734E-01, 7.206538E+00, 3.440751E-01, 9.968259E+01, 6.708261E+01, 2.291810E+01, 2.890757E+00,17, 1.477661E+00,1, 0.000000E+00,0, 0.000000E+00,10, 1.463668E+01, 4.097030E-01, 5.236794E+00,NULL,NULL,1,mc_qqps,54
-21042,2721,20228,64325,94C2, 9.125000E+01,34,15,49,34,15, 6.281880E+00,-6.437045E+00, 1.304264E+01, 5.757938E+01, 5.700994E+01, 1.676763E+00, 3.965105E+00,-3.872931E+00, 1.042665E+01, 6.942355E+01, 4.782597E+01, 8.163263E+00, 3.680905E+00,10, 2.096171E-01,4, 0.000000E+00,0, 0.000000E+00,7, 5.610207E+00, 4.121476E-01, 1.699557E+00,NULL,NULL,1,mc_qqps,54
-21042,2722,20228,64343,94C2, 9.125000E+01,40,21,61,40,21,-1.093328E+00, 1.328124E+00, 4.498069E+00, 4.030389E+01, 3.918543E+01, 9.796358E-01,-9.058593E+00,-8.778858E+00, 1.321302E+01, 7.643569E+01, 3.447755E+01, 3.327013E+01, 7.220637E-01,17, 6.676948E-01,1, 0.000000E+00,0, 0.000000E+00,14, 3.092180E+01, 5.998260E-01, 7.320936E+00,1, 0.000000E+00,1,mc_qqps,54
-21042,2723,20228,64404,94C2, 9.125000E+01,34,16,50,34,16,-3.147474E+00,-5.115241E+00, 5.105876E+00, 4.592797E+01, 4.511980E+01, 1.327053E+00,-3.589405E-01,-8.802392E-01,-6.002364E-01, 8.912135E+01, 3.945965E+01, 4.111908E+01, 3.984965E-01,19, 8.901601E-01,0, 0.000000E+00,0, 0.000000E+00,13, 4.059667E+01, 1.547694E-01, 2.051552E+01,NULL,NULL,1,mc_qqps,54
-21042,2724,20228,64421,94C2, 9.125000E+01,39,12,51,39,12,-1.721517E+01, 1.108115E+01, 1.946044E+01, 1.106695E+02, 1.100095E+02, 2.820758E+00,-1.394379E+01, 7.211813E+00, 1.318184E+01, 1.279653E+02, 6.164812E+01, 8.643901E+00, 4.368779E+00,8, 1.386296E+00,6, 2.023656E-01,0, 0.000000E+00,4, 9.014632E+00, 8.136423E-01, 4.342249E+00,NULL,NULL,1,mc_qqps,54
-21042,2725,20228,64439,94C2, 9.125000E+01,22,7,29,22,7,-4.951998E+00,-4.053133E+00,-1.089341E+00, 3.211250E+01, 3.168982E+01, 1.440446E+00,-4.206572E-01,-8.162689E-02,-1.445439E-01, 6.884835E+01, 2.776647E+01, 2.202510E+01, 1.471075E+01,5, 0.000000E+00,0, 0.000000E+00,0, 0.000000E+00,3, 2.056052E+01, 6.980365E-01, 1.872817E+01,NULL,NULL,1,mc_qqps,54
-21042,2726,20228,64456,94C2, 9.125000E+01,19,15,34,19,15,-9.333745E-01, 1.213853E+00, 7.875954E+00, 5.588026E+01, 5.553998E+01, 2.923157E+00,-1.316279E+00, 4.098043E+00, 1.258156E+01, 7.743219E+01, 3.084393E+01, 5.740960E+00, 1.581097E+01,0, 0.000000E+00,14, 1.177390E+01,0, 0.000000E+00,NULL,NULL,NULL,NULL,2, 0.000000E+00,0,mc_qqps,54
-21042,2727,20228,64511,94C2, 9.125000E+01,36,11,47,36,11,-3.747636E+01, 4.182578E+01,-7.665820E+01, 1.676932E+02, 1.671987E+02, 4.644408E+00,-3.710350E+01, 3.838433E+01,-7.395673E+01, 1.798471E+02, 6.879076E+01, 1.042758E+01, 9.377989E-01,4, 3.647255E-01,7, 3.728588E-01,0, 0.000000E+00,3, 6.883435E+00, 7.902818E-01, 5.149373E+00,1, 0.000000E+00,1,mc_qqps,54
-21042,2728,20228,64526,94C2, 9.125000E+01,28,7,35,28,7,-3.980086E-01,-3.421515E+00, 4.650398E+00, 7.177051E+01, 7.122525E+01, 2.543759E+00,-2.659336E+00,-1.877430E+00, 7.304558E+00, 7.784515E+01, 6.724806E+01, 5.004821E+00, 2.635900E-01,4, 0.000000E+00,2, 0.000000E+00,0, 0.000000E+00,4, 3.633389E+00, 3.691770E-01, 1.317248E+00,1, 0.000000E+00,1,mc_qqps,54
-21042,2729,20228,64541,94C2, 9.125000E+01,28,12,40,28,12, 2.832011E+01,-1.618702E+00, 1.691424E+01, 6.630499E+01, 6.559361E+01, 2.342629E+00, 3.448240E+01,-4.061557E+00, 2.065240E+01, 8.058128E+01, 6.324959E+01, 1.044033E+01, 0.000000E+00,14, 7.355841E-01,0, 0.000000E+00,0, 0.000000E+00,10, 1.345193E+01, 5.422820E-01, 3.033543E+00,2, 0.000000E+00,1,mc_qqps,54
-21042,2730,20228,64554,94C2, 9.125000E+01,29,16,45,29,16,-5.340734E+00,-2.021882E+01, 2.445651E+01, 5.646400E+01, 5.583731E+01, 1.925424E+00, 1.202187E+00,-8.401712E+00, 1.471764E+01, 8.635056E+01, 4.951605E+01, 1.989810E+01, 7.131526E+00,12, 4.053088E-01,5, 0.000000E+00,0, 0.000000E+00,10, 1.975272E+01, 5.552121E-01, 5.376883E+00,NULL,NULL,1,mc_qqps,54
-21042,2731,20228,64610,94C2, 9.125000E+01,41,19,60,41,19, 6.734683E+00,-2.518085E-01,-8.805128E+00, 4.917800E+01, 4.824012E+01, 1.176588E+00, 2.184797E+00, 4.211761E+00,-1.050505E+01, 8.729596E+01, 4.412157E+01, 2.024068E+01, 1.791057E+01,20, 5.323359E+00,0, 0.000000E+00,0, 0.000000E+00,12, 1.878039E+01, 4.305280E-01, 5.921453E+00,NULL,NULL,1,mc_qqps,54
-21042,2732,20228,64629,94C2, 9.125000E+01,37,15,52,37,15,-1.946419E+00,-1.446985E+01,-9.973247E+00, 5.742295E+01, 5.658390E+01, 1.529295E+00,-1.187187E+00,-1.662600E+01,-6.912379E+00, 7.509722E+01, 4.076873E+01, 1.174181E+01, 1.534629E+00,9, 2.893454E-02,8, 0.000000E+00,0, 0.000000E+00,6, 1.111603E+01, 4.204883E-01, 3.555335E+00,NULL,NULL,1,mc_qqps,54
-21042,2733,20228,64650,94C2, 9.125000E+01,31,21,52,31,21,-2.049538E+01,-2.248038E+01,-1.973584E+02, 2.456687E+02, 2.451573E+02, 7.908300E+00,-2.302402E+01,-2.175736E+01,-2.039127E+02, 2.643692E+02, 5.041745E+01, 1.665378E+01, 2.046626E+00,3, 2.220876E-01,20, 1.394002E+01,0, 0.000000E+00,2, 2.537506E+00, 6.346271E-01, 1.902879E+00,NULL,NULL,1,mc_qqps,54
-21042,2734,20228,64707,94C2, 9.125000E+01,38,18,56,38,18, 4.397381E-01,-2.059603E+00, 1.404907E+00, 6.216183E+01, 6.145245E+01, 1.617170E+00,-9.755080E-01,-1.092678E+00,-1.738147E+00, 8.735023E+01, 4.809082E+01, 1.872687E+01, 6.347898E+00,4, 3.286011E-01,11, 4.022298E-01,0, 0.000000E+00,2, 1.620301E+00, 6.766922E-01, 9.436093E-01,NULL,NULL,1,mc_qqps,54
-21042,2735,20228,64727,94C2, 9.125000E+01,38,14,52,38,14,-1.989409E+00,-9.939414E+00,-9.548076E-01, 5.801810E+01, 5.736520E+01, 1.509610E+00,-1.841080E+00,-1.679129E+01, 2.804159E-01, 8.006905E+01, 5.634198E+01, 1.808234E+01, 2.012142E+00,14, 2.648169E+00,0, 0.000000E+00,0, 0.000000E+00,9, 1.655723E+01, 7.082274E-01, 3.253046E+00,NULL,NULL,1,mc_qqps,54
-21042,2736,20228,64744,94C2, 9.125000E+01,13,13,26,13,13,-1.841921E+00, 4.206661E+00,-8.155470E+00, 2.700602E+01, 2.684403E+01, 2.064926E+00, 8.926837E-01,-6.842400E+00, 1.157404E+01, 6.888283E+01, 2.575106E+01, 3.696300E+01, 4.913807E+00,0, 0.000000E+00,18, 1.367052E+01,0, 0.000000E+00,NULL,NULL,NULL,NULL,NULL,NULL,1,mc_qqps,54
-21042,2737,20228,64757,94C2, 9.125000E+01,20,10,30,20,10,-2.120305E+00, 4.103996E+00, 3.001365E+00, 4.427817E+01, 4.406382E+01, 2.203191E+00,-5.570365E-01,-3.392018E+00,-4.802655E+00, 7.085464E+01, 4.383493E+01, 1.154221E+01, 1.176949E+01,11, 4.222045E+00,1, 0.000000E+00,0, 0.000000E+00,8, 1.508944E+01, 1.367219E+00, 3.113889E+00,NULL,NULL,1,mc_qqps,54
-21042,2738,20228,64806,94C2, 9.125000E+01,32,19,51,32,19, 1.063011E+01,-4.989487E+00, 1.829853E+01, 6.308696E+01, 6.245171E+01, 1.951616E+00, 8.437551E+00,-3.811293E+00, 1.349406E+01, 8.338247E+01, 4.804736E+01, 1.888986E+01, 1.405641E+00,0, 0.000000E+00,19, 4.688209E+00,0, 0.000000E+00,NULL,NULL,NULL,NULL,1, 0.000000E+00,1,mc_qqps,54
-21042,2739,20228,64822,94C2, 9.125000E+01,39,23,62,39,23,-4.173400E-01, 1.729137E+01, 1.779838E+01, 5.688092E+01, 5.610759E+01, 1.438656E+00,-1.111512E+00, 8.650728E-01, 3.991493E+00, 1.032806E+02, 4.877140E+01, 4.039138E+01, 3.454190E+00,15, 0.000000E+00,4, 0.000000E+00,0, 0.000000E+00,15, 3.778738E+01, 3.736204E-01, 1.035142E+01,1, 0.000000E+00,1,mc_qqps,54
-21042,2740,20228,64841,94C2, 9.125000E+01,22,16,38,22,16, 5.027375E+00,-2.551841E+00,-9.141740E+00, 6.836542E+01, 6.812218E+01, 3.096463E+00, 8.170509E-01,-1.161786E+00,-1.405123E+00, 8.780185E+01, 6.564676E+01, 1.435517E+01, 3.773444E+00,3, 0.000000E+00,13, 3.842251E+00,0, 0.000000E+00,3, 2.625884E+00, 4.245130E-01, 1.307830E+00,NULL,NULL,1,mc_qqps,54
-21042,2741,20228,64856,94C2, 9.125000E+01,29,5,34,29,5, 1.788125E+01, 2.273688E-01,-4.079155E+00, 6.085606E+01, 6.031544E+01, 2.079843E+00, 1.688274E+01, 2.252502E-01,-4.583463E+00, 7.360130E+01, 5.667128E+01, 8.833878E+00, 3.911374E+00,8, 3.065352E+00,0, 0.000000E+00,0, 0.000000E+00,3, 8.833878E+00, 1.884077E+00, 4.826530E+00,NULL,NULL,1,mc_qqps,54
-21042,2742,20228,64910,94C2, 9.125000E+01,22,13,35,22,13,-4.846749E+00,-2.570706E+00,-5.809661E-01, 5.873268E+01, 5.841235E+01, 2.655107E+00,-6.211715E+00,-2.428109E+00, 5.177887E+00, 9.293586E+01, 5.435806E+01, 3.175005E+01, 2.453141E+00,13, 7.453294E+00,1, 0.000000E+00,0, 0.000000E+00,9, 2.632469E+01, 8.246092E-01, 7.083768E+00,NULL,NULL,1,mc_qqps,54
-21042,2743,20228,64925,94C2, 9.125000E+01,18,14,32,18,14, 3.631307E+00,-2.951602E+00,-1.390338E+01, 4.630914E+01, 4.583886E+01, 2.546603E+00, 1.014152E+00,-2.236007E+00,-1.398354E+01, 6.961507E+01, 1.382417E+01, 2.102591E+01, 2.280022E+00,1, 0.000000E+00,12, 5.884164E+00,0, 0.000000E+00,1, 1.399733E+00, 1.399733E+00, 1.399733E+00,3, 0.000000E+00,0,mc_qqps,54
-21042,2744,20228,64940,94C2, 9.125000E+01,35,8,43,35,8,-7.373405E-02,-2.153839E+01,-5.847061E-01, 6.285443E+01, 6.197351E+01, 1.770672E+00, 1.041340E+00,-1.522179E+01,-9.488053E-01, 7.205679E+01, 5.639509E+01, 6.930956E+00, 4.167942E-01,13, 2.274149E+00,0, 0.000000E+00,0, 0.000000E+00,6, 8.215560E+00, 5.754772E-01, 2.550370E+00,NULL,NULL,1,mc_qqps,54
-21042,2745,20228,64954,94C2, 9.125000E+01,25,14,39,25,14, 1.779730E+00,-4.226815E+00,-6.426942E+00, 2.690831E+01, 2.642091E+01, 1.056836E+00, 1.953675E+00,-2.456868E+00,-4.160174E+00, 4.022089E+01, 2.145604E+01, 1.126037E+01, 2.052206E+00,13, 1.900904E-01,3, 5.247532E-01,0, 0.000000E+00,10, 1.067093E+01, 4.615660E-01, 2.023648E+00,NULL,NULL,1,mc_qqps,54
-21042,2746,20228,65008,94C2, 9.125000E+01,17,6,23,17,6, 5.009592E+00,-4.639981E+00, 4.849383E-01, 6.038669E+01, 6.011755E+01, 3.536327E+00, 3.630830E-01,-8.598483E-01, 3.149800E-01, 8.327157E+01, 5.866328E+01, 2.004666E+01, 9.300262E-01,9, 1.056853E+01,0, 0.000000E+00,0, 0.000000E+00,4, 2.195485E+01, 1.908198E+00, 1.414269E+01,NULL,NULL,1,mc_qqps,54
-21042,2747,20228,65019,94C2, 9.125000E+01,28,11,39,28,11, 6.604679E+00,-8.098390E+00,-1.563752E+01, 6.877621E+01, 6.819726E+01, 2.435616E+00,-5.833435E-01, 4.840527E-01, 6.876030E-01, 9.457248E+01, 6.719032E+01, 1.557453E+01, 1.023398E+01,2, 0.000000E+00,10, 5.166055E-01,0, 0.000000E+00,2, 2.054822E+00, 6.656793E-01, 1.389143E+00,NULL,NULL,1,mc_qqps,54
-21042,2748,20228,65032,94C2, 9.125000E+01,14,14,28,14,14, 1.758157E+00, 5.161316E-01,-1.475301E+00, 8.907357E+00, 8.386668E+00, 5.990477E-01, 2.026932E+00, 3.620124E-01,-2.988119E-01, 4.613354E+01, 6.124732E+00, 3.673699E+01, 4.891949E-01,0, 0.000000E+00,10, 2.983830E-01,0, 0.000000E+00,NULL,NULL,NULL,NULL,4, 0.000000E+00,0,mc_qqps,54
-21042,2749,20228,65059,94C2, 9.125000E+01,40,13,53,40,13, 3.677138E+00, 3.366750E-01,-1.719443E+00, 7.329573E+01, 7.261568E+01, 1.815392E+00, 3.314389E+00, 3.172788E+00,-5.381462E+00, 8.901140E+01, 6.336880E+01, 1.498808E+01, 7.275780E-01,5, 3.128199E+00,13, 1.020611E+00,0, 0.000000E+00,1, 2.782281E+00, 2.782281E+00, 2.782281E+00,NULL,NULL,1,mc_qqps,54
-21042,2750,20228,65117,94C2, 9.125000E+01,36,19,55,36,19,-1.045125E-01,-7.634474E+00,-5.317712E+00, 5.687903E+01, 5.601192E+01, 1.555887E+00, 1.780154E+00,-4.280048E+00,-3.402472E+00, 8.829950E+01, 5.013570E+01, 1.697260E+01, 7.561477E+00,23, 5.914322E+00,0, 0.000000E+00,0, 0.000000E+00,15, 2.114973E+01, 4.589819E-01, 2.712083E+00,NULL,NULL,1,mc_qqps,54
-21042,2751,20228,65135,94C2, 9.125000E+01,28,16,44,28,16,-3.578031E+00, 1.267264E+01,-2.550252E+01, 4.002871E+01, 3.925562E+01, 1.401986E+00,-1.437159E+00,-1.483575E+00, 2.050045E-01, 8.119077E+01, 3.160422E+01, 1.315744E+01, 2.716252E+01,2, 0.000000E+00,14, 1.309990E+01,0, 0.000000E+00,2, 1.845769E+00, 8.421080E-01, 1.003661E+00,NULL,NULL,1,mc_qqps,54
-21042,2752,20228,65150,94C2, 9.125000E+01,37,13,50,37,13, 4.285678E+00,-8.983041E+00, 6.823614E-01, 7.228807E+01, 7.149314E+01, 1.932247E+00, 3.145938E+00,-5.936819E+00, 6.631083E+00, 1.043608E+02, 6.579636E+01, 2.073975E+01, 1.622596E-01,16, 2.712194E+00,0, 0.000000E+00,0, 0.000000E+00,10, 1.860080E+01, 8.218927E-01, 3.294029E+00,NULL,NULL,1,mc_qqps,54
-21042,2753,20228,65208,94C2, 9.125000E+01,43,14,57,43,14,-3.586246E+00,-1.458393E+01, 4.153521E+00, 5.398547E+01, 5.296342E+01, 1.231708E+00,-4.283212E+00,-1.822565E+01, 3.746942E+00, 6.925838E+01, 4.419826E+01, 1.139543E+01, 1.524374E-01,10, 9.174320E-02,0, 0.000000E+00,0, 0.000000E+00,8, 9.355292E+00, 6.924445E-01, 2.594814E+00,NULL,NULL,1,mc_qqps,54
-21042,2754,20228,65226,94C2, 9.125000E+01,45,21,66,45,21,-1.340503E+01, 8.075877E-01,-6.348066E+01, 1.024653E+02, 1.016256E+02, 2.258347E+00,-1.151248E+01, 2.683958E-01,-6.228003E+01, 1.296230E+02, 1.326279E+01, 1.972694E+01, 7.434866E+00,1, 0.000000E+00,22, 8.728618E+00,0, 0.000000E+00,1, 4.381660E-01, 4.381660E-01, 4.381660E-01,3, 0.000000E+00,1,mc_qqps,54
-21042,2755,20228,65249,94C2, 9.125000E+01,33,16,49,33,16, 3.199121E-01,-2.576391E+00,-9.400714E-01, 5.124495E+01, 4.953994E+01, 1.501210E+00,-3.380637E+00,-6.615604E+00,-1.278247E+00, 9.620274E+01, 4.521410E+01, 2.173317E+01, 1.357992E+01,18, 1.217733E+01,0, 0.000000E+00,0, 0.000000E+00,14, 3.144007E+01, 5.879940E-01, 7.418961E+00,NULL,NULL,1,mc_qqps,54
-21042,2756,20228,65302,94C2, 9.125000E+01,21,18,39,21,18, 8.616436E-01,-3.579678E+00, 3.474080E+00, 2.410783E+01, 2.357407E+01, 1.122575E+00, 1.841288E+00,-3.806615E+00,-5.662349E+00, 4.882980E+01, 4.204965E+00, 2.437793E+01, 3.440387E-01,1, 0.000000E+00,15, 1.146604E+01,0, 0.000000E+00,NULL,NULL,NULL,NULL,4, 0.000000E+00,0,mc_qqps,54
-21042,2757,20228,65322,94C2, 9.125000E+01,35,13,48,35,13,-8.278185E+00,-4.737184E+00,-3.934646E+00, 6.101616E+01, 5.997388E+01, 1.713539E+00,-4.229469E-01, 1.924500E-01,-2.636069E+00, 8.688486E+01, 5.417740E+01, 1.034410E+01, 1.046696E+01,21, 1.063932E+01,0, 0.000000E+00,0, 0.000000E+00,12, 1.540173E+01, 4.432317E-01, 2.149365E+00,NULL,NULL,1,mc_qqps,54
-21042,2758,20228,65337,94C2, 9.125000E+01,30,15,45,30,15,-1.308780E+00, 4.422547E+00,-2.054574E+01, 6.075932E+01, 6.025047E+01, 2.008349E+00, 2.027030E+00, 7.492608E+00,-1.623569E+01, 8.101431E+01, 3.567741E+01, 1.513416E+01, 2.554877E+00,12, 1.310891E+00,9, 0.000000E+00,0, 0.000000E+00,8, 8.039151E+00, 6.073233E-01, 1.950894E+00,NULL,NULL,1,mc_qqps,54
-21042,2759,20228,65353,94C2, 9.125000E+01,21,9,30,21,9,-1.365579E+01,-6.765657E+00,-1.505909E+01, 6.578854E+01, 6.553589E+01, 3.120757E+00,-5.243059E+00,-3.180317E+00,-7.528547E+00, 8.487766E+01, 5.612889E+01, 1.832073E+01, 7.683929E-01,10, 9.294532E+00,3, 0.000000E+00,0, 0.000000E+00,4, 1.655775E+01, 3.343911E-01, 1.293231E+01,NULL,NULL,1,mc_qqps,54
-21042,2760,20228,65405,94C2, 9.125000E+01,53,17,70,53,17, 3.076458E+00,-4.173736E+00, 3.268210E+00, 6.102337E+01, 5.915041E+01, 1.116045E+00, 2.262853E+00,-3.621205E+00, 3.780716E+00, 8.982099E+01, 4.881298E+01, 2.662856E+01, 0.000000E+00,17, 3.914129E+00,0, 0.000000E+00,0, 0.000000E+00,15, 2.578868E+01, 4.201584E-01, 7.898155E+00,NULL,NULL,1,mc_qqps,54
-21042,2761,20228,65422,94C2, 9.125000E+01,19,19,38,19,19, 1.500915E+01,-1.185966E+01, 6.902463E+00, 4.515526E+01, 4.495306E+01, 2.365951E+00, 1.498735E+01,-1.521852E+01, 9.084608E+00, 1.063448E+02, 4.397410E+01, 3.860995E+01, 1.863694E+01,18, 5.667437E+00,0, 0.000000E+00,0, 0.000000E+00,12, 3.933020E+01, 8.152971E-01, 9.157346E+00,1, 0.000000E+00,1,mc_qqps,54
-21042,2762,20228,65434,94C2, 9.125000E+01,39,6,45,39,6, 4.148668E+00, 3.317074E+00,-3.116504E+00, 8.557563E+01, 8.469853E+01, 2.171757E+00,-4.576613E+00,-6.159941E+00, 8.962817E+00, 1.038102E+02, 7.147164E+01, 1.823459E+01, 0.000000E+00,7, 2.750322E-01,4, 0.000000E+00,0, 0.000000E+00,2, 6.752528E+00, 3.230633E+00, 3.521895E+00,NULL,NULL,1,mc_qqps,54
-21042,2763,20228,65449,94C2, 9.125000E+01,20,15,35,20,15, 1.533665E+01, 4.249955E+00, 1.063288E+01, 4.742567E+01, 4.697912E+01, 2.348956E+00, 1.271940E+01, 2.616348E+00, 8.701898E+00, 9.339940E+01, 4.607890E+01, 2.959896E+01, 1.569784E+01,13, 3.052855E+00,2, 0.000000E+00,0, 0.000000E+00,10, 2.377786E+01, 6.781372E-01, 7.527633E+00,NULL,NULL,1,mc_qqps,54
-21042,2764,20228,65502,94C2, 9.125000E+01,31,22,53,31,22,-2.243395E-01,-2.290937E+00, 1.722087E+01, 2.282034E+01, 2.178386E+01, 7.027053E-01,-2.662600E+00,-3.405861E+00, 3.354116E+01, 5.955731E+01, 1.416307E+01, 2.993398E+01, 7.224062E+00,3, 0.000000E+00,14, 1.423360E+00,0, 0.000000E+00,3, 2.102044E+00, 4.016826E-01, 9.504299E-01,3, 0.000000E+00,1,mc_qqps,54
-21042,2765,20228,65522,94C2, 9.125000E+01,32,21,53,32,21, 8.891654E-01, 1.220638E+00,-4.589991E+00, 5.695122E+01, 5.623679E+01, 1.757400E+00,-7.165055E-01, 2.976889E+00,-1.667321E+00, 9.108360E+01, 5.051640E+01, 1.922069E+01, 1.432332E+01,1, 0.000000E+00,17, 4.108630E+00,0, 0.000000E+00,1, 5.987670E-01, 5.987670E-01, 5.987670E-01,1, 0.000000E+00,1,mc_qqps,54
-21042,2766,20228,65541,94C2, 9.125000E+01,25,25,50,25,25,-5.444527E-02,-2.861869E+00, 1.987229E+00, 4.535328E+01, 4.461885E+01, 1.784754E+00, 1.503424E+00, 7.283078E-01, 2.517760E+00, 9.776035E+01, 4.129287E+01, 3.948617E+01, 5.464668E+00,24, 2.883525E+00,0, 0.000000E+00,0, 0.000000E+00,20, 4.541158E+01, 5.605093E-01, 8.901411E+00,NULL,NULL,1,mc_qqps,54
-21042,2767,20228,65555,94C2, 9.125000E+01,29,9,38,29,9, 5.667484E-02,-6.878651E+00, 1.072491E+01, 5.441111E+01, 5.381699E+01, 1.855758E+00,-4.989289E-01, 4.097355E+00,-1.355242E+00, 9.612469E+01, 4.359813E+01, 1.044417E+01, 3.131297E+01,6, 2.150175E+00,1, 0.000000E+00,0, 0.000000E+00,2, 8.906641E+00, 2.007010E+00, 6.899632E+00,NULL,NULL,1,mc_qqps,54
-21042,2768,20228,65612,94C2, 9.125000E+01,41,15,56,41,15,-7.505535E+00, 4.405766E+00, 4.193950E+00, 7.840458E+01, 7.783482E+01, 1.898410E+00,-7.242875E+00,-1.108888E+00, 4.966952E+00, 9.829387E+01, 6.266609E+01, 1.712200E+01, 2.773978E+00,12, 5.109578E-01,6, 0.000000E+00,0, 0.000000E+00,7, 7.787171E+00, 4.020832E-01, 2.136649E+00,NULL,NULL,1,mc_qqps,54
-21042,2769,20228,65629,94C2, 9.125000E+01,28,17,45,28,17,-4.512175E+00, 4.281648E-02,-4.864191E+00, 4.649962E+01, 4.591243E+01, 1.639729E+00,-4.206946E-01,-2.166501E+00,-1.209105E+00, 7.209402E+01, 4.238332E+01, 1.499387E+01, 3.503576E+00,10, 1.048974E+00,4, 0.000000E+00,0, 0.000000E+00,8, 1.686577E+01, 5.168276E-01, 3.693065E+00,1, 0.000000E+00,1,mc_qqps,54
-21042,2770,20228,65647,94C2, 9.125000E+01,23,16,39,23,16,-5.104085E-01, 5.762952E+00, 1.557193E+01, 4.738815E+01, 4.692468E+01, 2.040204E+00,-8.120327E-01, 2.202268E+00, 9.077630E+00, 6.914997E+01, 1.275004E+01, 1.477888E+01, 6.982941E+00,0, 0.000000E+00,19, 1.159576E+01,0, 0.000000E+00,NULL,NULL,NULL,NULL,1, 0.000000E+00,1,mc_qqps,54
-21042,2771,20228,65702,94C2, 9.125000E+01,23,10,33,23,10, 1.600613E+00,-4.147290E+00, 1.578027E+00, 6.787425E+01, 6.756770E+01, 2.937726E+00,-9.324665E-01, 1.208783E+00, 5.920941E-01, 9.315908E+01, 5.717239E+01, 1.045937E+01, 1.447556E+01,9, 2.304331E+00,0, 0.000000E+00,0, 0.000000E+00,5, 1.083439E+01, 3.750181E-01, 5.793647E+00,NULL,NULL,1,mc_qqps,54
-21042,2772,20228,65719,94C2, 9.125000E+01,26,14,40,26,14,-2.988768E+01,-8.342229E+00, 1.315718E+01, 5.882733E+01, 5.839505E+01, 2.245963E+00,-2.013604E+01,-7.299402E+00, 1.107471E+01, 7.814622E+01, 4.699010E+01, 1.753346E+01, 1.366365E+00,15, 3.416296E+00,0, 0.000000E+00,0, 0.000000E+00,9, 1.646627E+01, 3.877613E-01, 9.112123E+00,NULL,NULL,1,mc_qqps,54
-21042,2773,20228,65731,94C2, 9.125000E+01,18,26,44,18,26,-1.034607E+01,-2.189538E+00,-1.616589E+01, 4.047652E+01, 4.000123E+01, 2.222291E+00,-1.000330E+01,-1.337582E+00,-2.616157E+01, 8.554885E+01, 3.080442E+00, 4.234816E+01, 2.872262E+00,0, 0.000000E+00,15, 0.000000E+00,0, 0.000000E+00,NULL,NULL,NULL,NULL,6, 0.000000E+00,0,mc_qqps,54
-21042,2774,20228,65802,94C2, 9.125000E+01,36,21,57,36,21, 2.810562E+00, 3.114663E+00,-9.191204E+00, 6.805369E+01, 6.721541E+01, 1.867095E+00, 2.563842E+00, 6.014986E-01,-7.398499E+00, 8.721245E+01, 5.620057E+01, 1.544676E+01, 3.712001E+00,2, 0.000000E+00,23, 9.120728E+00,0, 0.000000E+00,1, 6.730226E-01, 6.730226E-01, 6.730226E-01,1, 0.000000E+00,1,mc_qqps,54
-21042,2775,20228,65822,94C2, 9.125000E+01,13,13,26,13,13, 5.576589E+00, 3.433588E+00, 3.138427E+00, 7.327666E+01, 7.321246E+01, 5.631727E+00, 2.707982E+00, 7.549707E-01, 8.461124E-01, 8.793565E+01, 7.327666E+01, 9.139610E+00, 2.051302E-01,18, 7.339548E+00,1, 0.000000E+00,0, 0.000000E+00,11, 1.364078E+01, 3.861132E-01, 3.305689E+00,NULL,NULL,1,mc_qqps,54
-21042,2776,20228,65832,94C2, 9.125000E+01,45,15,60,45,15,-1.503791E+00,-7.602992E+00,-4.300043E+00, 6.893674E+01, 6.812765E+01, 1.513948E+00,-1.698446E+00,-7.044238E+00, 4.614715E-01, 8.859447E+01, 5.200039E+01, 8.993707E+00, 8.138321E+00,11, 3.714702E+00,2, 0.000000E+00,0, 0.000000E+00,5, 8.976912E+00, 1.159283E+00, 3.184441E+00,NULL,NULL,1,mc_qqps,54
-21042,2777,20228,65848,94C2, 9.125000E+01,23,3,26,23,3,-3.986477E+00, 3.326012E+00,-8.201715E+00, 9.458746E+01, 9.418822E+01, 4.095140E+00,-3.223112E+00, 3.384989E+00,-7.364426E+00, 1.020328E+02, 8.889709E+01, 7.445391E+00, 0.000000E+00,4, 1.950677E-01,0, 0.000000E+00,0, 0.000000E+00,1, 4.152231E+00, 4.152231E+00, 4.152231E+00,NULL,NULL,1,mc_qqps,54
-21042,2778,20228,65905,94C2, 9.125000E+01,56,13,69,56,13,-3.287847E-01, 3.548115E+00,-1.428321E+00, 8.071989E+01, 7.800565E+01, 1.392958E+00,-1.386533E+00, 8.837407E+00,-3.267340E+00, 1.033166E+02, 7.540070E+01, 1.950653E+01, 2.542937E-01,20, 1.925381E+00,0, 0.000000E+00,0, 0.000000E+00,12, 2.234237E+01, 4.230953E-01, 1.179727E+01,NULL,NULL,1,mc_qqps,54
-21042,2779,20228,65921,94C2, 9.125000E+01,46,9,55,46,9,-5.472944E+00,-3.711763E+00, 9.245548E-01, 6.954599E+01, 6.837892E+01, 1.486498E+00, 6.217010E+00, 7.100660E+00,-2.903636E+00, 9.386933E+01, 6.250319E+01, 2.271171E+01, 1.686700E+00,17, 1.402780E+01,0, 0.000000E+00,0, 0.000000E+00,6, 4.119644E+00, 5.205445E-01, 8.463873E-01,NULL,NULL,1,mc_qqps,54
-21042,2780,20228,65935,94C2, 9.125000E+01,14,11,25,14,11,-1.339407E+01, 8.483055E+00,-9.148774E+00, 5.444954E+01, 5.425419E+01, 3.875299E+00,-2.778594E+00, 1.738002E+00,-3.162546E+00, 9.078977E+01, 5.318165E+01, 1.547332E+01, 1.582599E+01,11, 8.273532E+00,0, 0.000000E+00,0, 0.000000E+00,7, 1.915810E+01, 1.086630E+00, 6.208699E+00,NULL,NULL,1,mc_qqps,54
-21042,2781,20228,65944,94C2, 9.125000E+01,33,11,44,33,11,-1.192642E-01,-2.240048E+00,-1.516831E-01, 5.153720E+01, 5.090220E+01, 1.542491E+00,-6.385538E+00,-2.053474E+00, 1.351870E+00, 6.844717E+01, 4.922087E+01, 1.143426E+01, 9.555364E-01,14, 1.233050E+00,0, 0.000000E+00,0, 0.000000E+00,8, 1.376441E+01, 4.720541E-01, 4.520165E+00,NULL,NULL,1,mc_qqps,54
-21042,2782,20228,65957,94C2, 9.125000E+01,17,9,26,17,9, 1.285460E+00, 2.427453E-01,-6.424053E-01, 6.047023E+01, 6.008466E+01, 3.534392E+00, 5.550766E+00,-9.609252E-01,-7.429717E-01, 7.407668E+01, 5.448904E+01, 1.360645E+01, 0.000000E+00,13, 1.135320E+00,1, 0.000000E+00,0, 0.000000E+00,8, 1.337816E+01, 6.202228E-01, 2.884857E+00,NULL,NULL,1,mc_qqps,54
-21042,2783,20228,70010,94C2, 9.125000E+01,26,13,39,26,13,-3.767344E+00,-3.920874E+00, 7.295708E+00, 7.354426E+01, 7.321256E+01, 2.815868E+00,-6.765944E+00,-5.773897E+00, 1.270273E+01, 9.563431E+01, 7.173945E+01, 1.082688E+01, 9.667789E+00,7, 1.261116E+00,5, 0.000000E+00,0, 0.000000E+00,5, 9.500839E+00, 7.908995E-01, 2.959061E+00,1, 0.000000E+00,1,mc_qqps,54
-21042,2784,20228,70023,94C2, 9.125000E+01,23,11,34,23,11,-8.710325E-03,-9.491338E+00,-3.688520E+00, 6.506775E+01, 6.467484E+01, 2.811950E+00, 1.100300E+00,-1.204650E+01,-3.690217E+00, 7.513466E+01, 6.301189E+01, 9.517985E+00, 5.489349E-01,15, 1.157662E+01,2, 0.000000E+00,0, 0.000000E+00,8, 8.629992E+00, 3.945341E-01, 1.690571E+00,NULL,NULL,1,mc_qqps,54
-21042,2785,20228,70034,94C2, 9.125000E+01,20,14,34,20,14, 1.622956E+00, 1.986600E-02,-7.887760E+00, 5.131872E+01, 5.110369E+01, 2.555184E+00,-2.848552E+00, 3.883195E+00, 1.560174E+00, 7.817975E+01, 3.866641E+01, 2.450273E+01, 2.358306E+00,3, 0.000000E+00,14, 3.263951E+00,0, 0.000000E+00,2, 8.906922E-01, 2.894439E-01, 6.012483E-01,NULL,NULL,1,mc_qqps,54
-21042,2786,20228,70043,94C2, 9.125000E+01,14,11,25,14,11,-2.363320E+00, 2.057711E+00, 2.361854E+00, 5.288272E+01, 5.278035E+01, 3.770025E+00, 5.052081E+00,-1.783834E+00,-4.540442E+00, 6.900024E+01, 5.245958E+01, 1.228020E+01, 3.401694E+00,8, 1.994114E-01,4, 0.000000E+00,0, 0.000000E+00,6, 9.400875E+00, 3.848766E-01, 3.712061E+00,NULL,NULL,1,mc_qqps,54
-21042,2787,20228,70055,94C2, 9.125000E+01,34,19,53,34,19, 1.972391E-01, 6.306193E+00,-6.832755E+00, 5.308738E+01, 5.234346E+01, 1.539514E+00,-7.835086E+00, 2.356319E+00, 1.063427E+00, 8.856889E+01, 4.978524E+01, 3.408355E+01, 1.524823E+00,16, 2.612374E+00,5, 0.000000E+00,0, 0.000000E+00,11, 2.865385E+01, 7.349380E-01, 5.497527E+00,NULL,NULL,1,mc_qqps,54
-21042,2788,20228,70112,94C2, 9.125000E+01,23,10,33,23,10, 2.834332E+00,-5.718318E+00, 8.427573E+00, 7.397113E+01, 7.352441E+01, 3.196714E+00, 1.998671E+00,-5.192920E+00, 7.666470E+00, 8.567308E+01, 7.147667E+01, 5.733489E+00, 5.064662E+00,6, 1.498730E-02,5, 0.000000E+00,0, 0.000000E+00,3, 3.564292E+00, 4.662707E-01, 2.135718E+00,NULL,NULL,1,mc_qqps,54
-21042,2789,20228,70125,94C2, 9.125000E+01,24,11,35,24,11,-2.144509E+00,-2.662538E+00, 3.106105E+00, 6.135529E+01, 6.105142E+01, 2.543809E+00,-1.577452E+00,-7.218883E+00, 7.431029E+00, 8.281684E+01, 5.519997E+01, 1.905326E+01, 2.814287E-01,14, 1.120340E+00,1, 0.000000E+00,0, 0.000000E+00,10, 2.118012E+01, 4.994521E-01, 7.100271E+00,NULL,NULL,1,mc_qqps,54
-21042,2790,20228,70139,94C2, 9.125000E+01,38,11,49,38,11,-4.253967E+00,-2.355670E+00, 6.836908E+00, 6.155028E+01, 6.071078E+01, 1.597652E+00, 2.278760E+00, 2.564859E+00,-1.654334E+00, 8.716912E+01, 4.129189E+01, 2.520872E+01, 4.107513E-01,11, 1.705860E+00,2, 0.000000E+00,0, 0.000000E+00,7, 2.384390E+01, 1.086874E+00, 1.424595E+01,1, 0.000000E+00,1,mc_qqps,54
-21042,2791,20228,70155,94C2, 9.125000E+01,39,25,64,39,25, 1.588730E+01,-5.921468E+00,-8.143534E-01, 5.028060E+01, 4.938768E+01, 1.266351E+00, 4.432330E+00, 3.191850E-01,-4.532590E-01, 9.062431E+01, 4.234570E+01, 2.559624E+01, 8.504544E+00,26, 6.568841E+00,0, 0.000000E+00,0, 0.000000E+00,18, 3.230204E+01, 4.744418E-01, 7.552573E+00,NULL,NULL,1,mc_qqps,54
-21042,2792,20228,70211,94C2, 9.125000E+01,31,14,45,31,14,-4.464515E-01,-1.099400E+01, 6.488129E+00, 5.436014E+01, 5.379984E+01, 1.735479E+00, 5.446804E+00,-1.098814E+01,-1.295575E+00, 7.495816E+01, 5.048116E+01, 1.828168E+01, 2.427032E+00,13, 5.315709E+00,2, 0.000000E+00,0, 0.000000E+00,8, 1.533939E+01, 4.417678E-01, 5.195633E+00,NULL,NULL,1,mc_qqps,54
-21042,2793,20228,70232,94C2, 9.125000E+01,31,15,46,31,15,-1.234725E+01, 5.357179E-01,-7.933223E+00, 8.825734E+01, 8.781475E+01, 2.832734E+00,-6.790352E+00, 1.236753E+00,-3.965169E+00, 1.103661E+02, 5.256236E+01, 2.155095E+01, 1.020408E-01,15, 3.849388E+00,2, 0.000000E+00,0, 0.000000E+00,11, 1.657284E+01, 4.558114E-01, 3.771949E+00,NULL,NULL,1,mc_qqps,54
-21042,2794,20228,70249,94C2, 9.125000E+01,19,6,25,19,6, 3.496686E+00,-2.367714E+01, 4.690945E+00, 7.398539E+01, 7.367341E+01, 3.877548E+00, 3.209795E+00,-1.710361E+01, 3.811867E+00, 9.200754E+01, 7.245686E+01, 5.894154E+00, 1.212801E+01,9, 4.758159E+00,0, 0.000000E+00,0, 0.000000E+00,4, 5.894154E+00, 6.059510E-01, 3.384632E+00,NULL,NULL,1,mc_qqps,54
-21042,2795,20228,70302,94C2, 9.125000E+01,32,17,49,32,17, 1.121145E+01, 2.647024E-01, 2.232663E+01, 7.148866E+01, 7.108321E+01, 2.221350E+00, 6.881221E-01,-1.110100E+00, 4.326195E+00, 1.056159E+02, 6.437861E+01, 3.307096E+01, 1.056345E+00,0, 0.000000E+00,16, 5.742085E+00,0, 0.000000E+00,NULL,NULL,NULL,NULL,NULL,NULL,1,mc_qqps,54
-21042,2796,20228,70320,94C2, 9.125000E+01,38,23,61,38,23, 5.139014E+00, 3.736177E+00, 1.552744E+01, 4.079020E+01, 3.999738E+01, 1.052562E+00,-4.846269E-01, 8.529447E+00, 1.622049E+01, 6.375663E+01, 2.893959E+01, 1.773701E+01, 2.511188E+00,12, 9.588441E-01,4, 0.000000E+00,0, 0.000000E+00,11, 1.336782E+01, 5.315325E-01, 2.163287E+00,NULL,NULL,1,mc_qqps,54
-21042,2797,20228,70342,94C2, 9.125000E+01,43,13,56,43,13, 1.843278E+01,-2.245862E+00, 4.459465E+00, 6.261042E+01, 6.180569E+01, 1.437342E+00, 5.982755E+00,-4.118365E+00,-1.260404E+00, 9.193711E+01, 4.981920E+01, 7.939387E+00, 2.168007E+01,14, 7.037068E+00,0, 0.000000E+00,0, 0.000000E+00,6, 6.878690E+00, 5.849874E-01, 1.971271E+00,1, 0.000000E+00,1,mc_qqps,54
-21042,2798,20228,70359,94C2, 9.125000E+01,26,13,39,26,13, 1.219478E+01, 1.031492E+01, 4.307274E+00, 7.374542E+01, 7.314110E+01, 2.813119E+00, 1.078103E+01, 9.309157E+00, 3.952371E+00, 8.904727E+01, 4.977111E+01, 8.894208E+00, 0.000000E+00,17, 1.562887E+01,0, 0.000000E+00,0, 0.000000E+00,11, 1.442333E+01, 4.128065E-01, 2.842927E+00,NULL,NULL,1,mc_qqps,54
-21042,2799,20228,70410,94C2, 9.125000E+01,25,12,37,25,12,-4.470098E-01, 1.453577E+00,-3.993534E+00, 4.854605E+01, 4.804424E+01, 1.921770E+00, 8.556178E-01,-4.988039E-02,-3.786845E+00, 7.004634E+01, 4.577471E+01, 1.839654E+01, 0.000000E+00,8, 3.915338E-02,8, 0.000000E+00,0, 0.000000E+00,7, 9.158598E+00, 6.905273E-01, 2.703117E+00,NULL,NULL,1,mc_qqps,54
-21042,2800,20228,70426,94C2, 9.125000E+01,38,24,62,38,24, 5.901974E+00,-3.861269E+00,-1.453187E+01, 5.493569E+01, 5.418783E+01, 1.425995E+00, 4.704518E-01,-1.721817E+00,-1.311489E+01, 9.325055E+01, 2.741748E+01, 3.165378E+01, 5.446032E+00,5, 5.167771E-01,18, 8.073256E-01,0, 0.000000E+00,4, 5.359933E+00, 4.108746E-01, 3.323478E+00,4, 0.000000E+00,1,mc_qqps,54
-21042,2801,20228,70444,94C2, 9.125000E+01,33,11,44,33,11, 1.922497E+00,-7.238252E+00, 3.827081E+00, 6.966637E+01, 6.886450E+01, 2.086803E+00,-3.658071E+00,-1.005560E+01, 1.248164E+01, 9.279259E+01, 6.638977E+01, 1.098426E+01, 1.215244E+01,5, 0.000000E+00,7, 1.108591E+00,0, 0.000000E+00,3, 3.595718E+00, 3.429818E-01, 2.095432E+00,NULL,NULL,1,mc_qqps,54
-21042,2802,20228,70503,94C2, 9.125000E+01,50,20,70,50,20, 5.196175E+00,-5.634387E+00, 2.255568E+00, 7.223474E+01, 7.091148E+01, 1.418230E+00,-7.833807E-01,-7.324709E+00, 5.552649E+00, 1.038021E+02, 6.437682E+01, 1.238350E+01, 7.483340E+00,17, 5.967075E+00,0, 0.000000E+00,0, 0.000000E+00,13, 2.296737E+01, 5.653236E-01, 6.634547E+00,NULL,NULL,1,mc_qqps,54
-21042,2803,20228,70520,94C2, 9.125000E+01,25,5,30,25,5, 1.003788E+01,-1.229041E+01,-1.334404E+01, 5.712016E+01, 5.676731E+01, 2.270692E+00, 6.619687E+00,-9.434780E+00,-8.316528E+00, 6.447832E+01, 5.348893E+01, 5.579245E+00, 1.778924E+00,6, 0.000000E+00,1, 0.000000E+00,0, 0.000000E+00,3, 5.579245E+00, 5.103125E-01, 3.870591E+00,NULL,NULL,1,mc_qqps,54
-21042,2804,20228,70537,94C2, 9.125000E+01,32,18,50,32,18,-2.056204E+00,-3.024083E+00,-3.241460E+00, 5.349597E+01, 5.302086E+01, 1.656902E+00, 1.107133E+00,-3.915794E+00,-6.025473E+00, 8.276741E+01, 5.171903E+01, 2.212241E+01, 6.162473E+00,12, 4.482769E+00,10, 0.000000E+00,0, 0.000000E+00,6, 6.889431E+00, 7.788913E-01, 1.888231E+00,NULL,NULL,1,mc_qqps,54
-21042,2805,20228,70553,94C2, 9.125000E+01,19,9,28,19,9, 4.584291E+00,-1.510958E+01, 9.443585E-01, 6.810081E+01, 6.748773E+01, 3.551986E+00, 5.790373E+00,-1.845944E+01, 1.901920E+00, 8.127679E+01, 6.553208E+01, 1.127584E+01, 2.077696E-01,11, 2.189675E+01,0, 0.000000E+00,0, 0.000000E+00,8, 1.296820E+01, 6.599026E-01, 3.885702E+00,NULL,NULL,1,mc_qqps,54
-21042,2806,20228,70607,94C2, 9.125000E+01,22,15,37,22,15,-1.711648E+00, 3.685350E+00,-1.313880E+01, 4.713412E+01, 4.690048E+01, 2.131840E+00, 1.787334E+00,-3.719773E+00, 1.054231E+00, 7.744732E+01, 3.579923E+01, 2.849686E+01, 8.929346E-01,1, 0.000000E+00,16, 2.200883E+01,0, 0.000000E+00,1, 9.233999E-01, 9.233999E-01, 9.233999E-01,1, 0.000000E+00,1,mc_qqps,54
-21042,2807,20228,70618,94C2, 9.125000E+01,37,23,60,37,23, 3.969700E+00,-1.018799E+00,-7.351879E-01, 7.109601E+01, 7.052229E+01, 1.906008E+00, 7.444740E+00, 2.447356E+00, 4.652811E+00, 9.575855E+01, 6.030182E+01, 1.594987E+01, 1.902675E+00,22, 2.617141E+00,3, 3.092026E+00,0, 0.000000E+00,18, 2.072849E+01, 4.349116E-01, 1.831629E+00,NULL,NULL,1,mc_qqps,54
-21042,2808,20228,70634,94C2, 9.125000E+01,24,19,43,24,19, 3.683007E+00,-1.649628E+00, 1.080116E+00, 5.394289E+01, 5.356055E+01, 2.231690E+00, 3.524844E-01,-3.099901E+00,-1.098890E+01, 8.056834E+01, 4.837738E+00, 1.787677E+01, 8.748675E+00,1, 0.000000E+00,17, 1.617208E+01,0, 0.000000E+00,1, 5.702032E-01, 5.702032E-01, 5.702032E-01,4, 0.000000E+00,0,mc_qqps,54
-21042,2809,20228,70653,94C2, 9.125000E+01,46,14,60,46,14, 6.019137E+00,-4.315870E+00, 3.536438E+00, 5.377171E+01, 5.284806E+01, 1.148871E+00, 2.871348E+00, 1.157481E+00, 5.795337E+00, 8.962888E+01, 4.301266E+01, 1.134990E+01, 4.251772E+00,18, 3.443830E+00,0, 0.000000E+00,0, 0.000000E+00,10, 3.085744E+01, 3.070895E-01, 1.190896E+01,NULL,NULL,1,mc_qqps,54
-21042,2810,20228,70712,94C2, 9.125000E+01,33,18,51,33,18,-1.141125E+00,-2.995741E-01,-2.493523E+00, 6.930488E+01, 6.877481E+01, 2.084085E+00,-2.925843E+00,-3.060992E+00, 5.989549E+00, 8.520208E+01, 5.569353E+01, 1.470268E+01, 1.194519E+00,0, 0.000000E+00,24, 5.805517E+00,0, 0.000000E+00,NULL,NULL,NULL,NULL,NULL,NULL,1,mc_qqps,54
-21042,2811,20228,70730,94C2, 9.125000E+01,23,8,31,23,8,-1.679987E+01,-2.153468E+00, 1.314264E-01, 4.453589E+01, 4.399858E+01, 1.912982E+00,-1.006642E+01,-1.302142E+00,-5.097547E-01, 7.207372E+01, 4.125778E+01, 1.093415E+01, 1.596464E+01,8, 1.354097E+00,0, 0.000000E+00,0, 0.000000E+00,6, 1.125360E+01, 4.826064E-01, 4.480247E+00,NULL,NULL,1,mc_qqps,54
-21042,2812,20228,70746,94C2, 9.125000E+01,23,10,33,23,10, 5.944179E+01, 2.316885E+01, 3.919640E+02, 4.165615E+02, 4.160219E+02, 1.808791E+01, 5.924740E+01, 2.548542E+01, 3.817192E+02, 4.295252E+02, 5.870491E+00, 1.296380E+01, 0.000000E+00,1, 0.000000E+00,12, 4.253613E+00,0, 0.000000E+00,1, 1.480087E+00, 1.480087E+00, 1.480087E+00,2, 0.000000E+00,0,mc_qqps,54
-21042,2813,20228,70801,94C2, 9.125000E+01,18,9,27,18,9, 7.097540E+00,-6.589852E+00, 1.393636E+01, 6.158142E+01, 6.138603E+01, 3.410335E+00, 1.389288E+00,-1.697066E+00, 5.122019E+00, 7.877424E+01, 5.431836E+01, 1.719281E+01, 0.000000E+00,2, 0.000000E+00,10, 6.408070E+00,0, 0.000000E+00,2, 2.018601E+00, 9.017997E-01, 1.116802E+00,1, 0.000000E+00,1,mc_qqps,54
-21042,2814,20228,70811,94C2, 9.125000E+01,13,19,32,13,19, 1.254489E+00, 9.577882E-01,-1.218453E+00, 3.155032E+01, 3.142822E+01, 2.417556E+00,-1.206485E+00, 5.269289E+00,-1.807621E+00, 7.723687E+01, 3.098079E+01, 3.556552E+01, 5.306588E+00,14, 2.468318E+00,1, 0.000000E+00,0, 0.000000E+00,13, 4.010612E+01, 5.021617E-01, 1.352987E+01,NULL,NULL,1,mc_qqps,54
-21042,2815,20228,70823,94C2, 9.125000E+01,45,21,66,45,21,-2.230675E-01, 6.579980E-01, 5.017855E+00, 4.175022E+01, 4.059693E+01, 9.021540E-01,-3.546345E+00,-3.318417E+00, 1.362426E+01, 7.295770E+01, 3.248321E+01, 1.969692E+01, 1.042451E+01,8, 8.970548E-01,12, 1.030245E+00,0, 0.000000E+00,6, 9.146046E+00, 4.891042E-01, 2.989964E+00,NULL,NULL,1,mc_qqps,54
-21042,2816,20228,70842,94C2, 9.125000E+01,31,9,40,31,9,-1.669036E+00,-1.353232E+01,-1.600279E+01, 8.657774E+01, 8.618479E+01, 2.780154E+00,-2.048165E+00,-1.481242E+01,-1.457743E+01, 1.009403E+02, 6.126081E+01, 1.050109E+01, 1.931906E+00,14, 3.537848E+00,2, 0.000000E+00,0, 0.000000E+00,4, 7.146460E+00, 7.032917E-01, 3.067195E+00,NULL,NULL,1,mc_qqps,54
-21042,2817,20228,70853,94C2, 9.125000E+01,41,17,58,41,17, 2.514828E+01,-1.828111E+01, 1.223425E+02, 1.800716E+02, 1.791032E+02, 4.368372E+00, 2.403455E+01,-1.786176E+01, 1.211249E+02, 1.998209E+02, 1.426867E+01, 1.653427E+01, 3.215007E+00,1, 0.000000E+00,13, 4.662380E+00,0, 0.000000E+00,1, 9.759308E-01, 9.759308E-01, 9.759308E-01,3, 0.000000E+00,0,mc_qqps,54
-21042,2818,20228,70911,94C2, 9.125000E+01,33,9,42,33,9, 6.369579E+00, 3.963019E+00,-2.955920E+00, 6.729382E+01, 6.667356E+01, 2.020411E+00, 8.525764E+00, 7.371801E+00,-6.924393E+00, 7.687582E+01, 6.443524E+01, 2.037053E+00, 4.403406E+00,11, 4.758234E+00,0, 0.000000E+00,0, 0.000000E+00,4, 4.039533E+00, 5.741321E-01, 1.776586E+00,NULL,NULL,1,mc_qqps,54
-21042,2819,20228,70927,94C2, 9.125000E+01,21,15,36,21,15,-1.563488E+00, 4.845898E+00,-4.687839E+00, 5.233624E+01, 5.208978E+01, 2.480465E+00,-7.882572E-01,-1.128987E+00, 2.541166E+00, 6.985208E+01, 5.188192E+01, 1.695739E+01, 5.584413E-01,7, 2.518067E-01,11, 0.000000E+00,0, 0.000000E+00,4, 5.897679E+00, 6.824941E-01, 2.334775E+00,NULL,NULL,1,mc_qqps,54
-21042,2820,20228,70944,94C2, 9.125000E+01,21,12,33,21,12,-1.154780E+01, 8.437419E+00,-5.382983E+00, 5.133115E+01, 5.095712E+01, 2.426529E+00, 6.870658E-01, 4.482874E-01,-7.858152E-01, 9.917455E+01, 4.669933E+01, 1.017780E+01, 2.611618E+01,15, 6.676123E-01,0, 0.000000E+00,0, 0.000000E+00,10, 2.173566E+01, 4.452389E-01, 5.649363E+00,NULL,NULL,1,mc_qqps,54
-21042,2821,20228,70959,94C2, 9.125000E+01,23,7,30,23,7, 1.686788E+01,-5.728993E+01, 4.609871E+00, 1.005219E+02, 1.001581E+02, 4.354702E+00, 1.449460E+01,-4.965658E+01, 2.785036E+00, 1.199072E+02, 9.880579E+01, 1.660545E+01, 0.000000E+00,10, 9.932859E+00,0, 0.000000E+00,0, 0.000000E+00,4, 1.362633E+01, 7.829232E-01, 9.056834E+00,NULL,NULL,1,mc_qqps,54
-21042,2822,20228,71013,94C2, 9.125000E+01,19,11,30,19,11,-2.159910E-01,-3.373362E+00,-3.765404E-01, 6.338367E+01, 6.306969E+01, 3.319457E+00, 6.614192E-01,-5.549952E+00,-1.398600E+00, 1.048171E+02, 6.058336E+01, 3.956454E+01, 2.990539E-01,9, 0.000000E+00,0, 0.000000E+00,0, 0.000000E+00,8, 3.941771E+01, 4.583231E-01, 1.496335E+01,1, 0.000000E+00,1,mc_qqps,54
-21042,2823,20228,71026,94C2, 9.125000E+01,30,10,40,30,10, 2.351660E+00, 1.895883E+00,-2.629164E-01, 4.267091E+01, 4.203148E+01, 1.401049E+00, 1.332995E+01, 1.580445E+00,-2.288739E+00, 6.559760E+01, 3.712524E+01, 1.952380E+01, 1.423980E+00,10, 1.303887E+01,0, 0.000000E+00,0, 0.000000E+00,7, 2.042185E+01, 1.766759E+00, 4.835800E+00,NULL,NULL,1,mc_qqps,54
-21042,2824,20228,71036,94C2, 9.125000E+01,18,5,23,18,5,-6.055668E-01,-9.174150E-01, 1.573476E+00, 7.556257E+01, 7.529674E+01, 4.183152E+00,-1.302894E-01,-8.171973E-01, 1.316108E+00, 8.423038E+01, 7.209674E+01, 6.934558E+00, 0.000000E+00,13, 7.941595E+00,0, 0.000000E+00,0, 0.000000E+00,5, 8.667806E+00, 1.402176E+00, 2.539692E+00,NULL,NULL,1,mc_qqps,54
-21042,2825,20228,71045,94C2, 9.125000E+01,47,15,62,47,15,-8.452056E+00,-4.090194E+00, 1.130187E+01, 6.203551E+01, 6.121320E+01, 1.302408E+00,-7.435843E+00,-2.549594E+00, 1.049330E+01, 7.821796E+01, 4.356614E+01, 1.042719E+01, 5.781230E+00,11, 3.951058E+00,8, 1.127001E+00,0, 0.000000E+00,6, 5.972850E+00, 6.452506E-01, 1.744356E+00,NULL,NULL,1,mc_qqps,54
-21042,2826,20228,71101,94C2, 9.125000E+01,53,15,68,53,15, 1.397891E+01, 8.981207E+00,-1.715805E-01, 9.390594E+01, 9.261891E+01, 1.747527E+00, 1.138745E+01, 6.200175E+00, 1.142336E+00, 1.270111E+02, 6.899238E+01, 1.659070E+01, 4.101618E+00,16, 1.954895E+00,0, 0.000000E+00,0, 0.000000E+00,10, 2.743073E+01, 7.965719E-01, 5.116406E+00,NULL,NULL,1,mc_qqps,54
-21042,2827,20228,71118,94C2, 9.125000E+01,31,17,48,31,17,-7.138538E-01, 1.872761E+00,-1.226348E+00, 5.436611E+01, 5.382633E+01, 1.736333E+00, 1.424418E+00, 9.973733E-01, 1.635864E+00, 8.314809E+01, 5.265649E+01, 1.553173E+01, 7.114432E+00,17, 1.439436E+01,4, 0.000000E+00,0, 0.000000E+00,8, 1.636400E+01, 3.510903E-01, 5.242979E+00,NULL,NULL,1,mc_qqps,54
-21042,2828,20228,71134,94C2, 9.125000E+01,28,12,40,28,12,-4.420031E+01, 1.894638E+01,-1.946484E+01, 9.001958E+01, 8.945736E+01, 3.194906E+00,-2.424465E+01, 1.061575E+01,-7.302717E+00, 1.448662E+02, 5.122840E+01, 3.022002E+01, 2.198829E+01,12, 1.067872E+00,0, 0.000000E+00,0, 0.000000E+00,8, 3.233931E+01, 1.067485E+00, 1.873549E+01,NULL,NULL,1,mc_qqps,54
-21042,2829,20228,71148,94C2, 9.125000E+01,36,18,54,36,18, 7.611779E-01, 1.612000E+00,-1.362913E+00, 3.654710E+01, 3.428691E+01, 9.524142E-01,-1.105168E+00,-7.692801E+00, 1.372839E+00, 9.097997E+01, 3.175522E+01, 3.385449E+01, 2.068947E+01,12, 1.915311E+00,0, 0.000000E+00,0, 0.000000E+00,10, 2.643997E+01, 7.001400E-01, 6.808743E+00,NULL,NULL,1,mc_qqps,54
-21042,2830,20228,71200,94C2, 9.125000E+01,26,26,52,26,26, 1.018892E+01, 1.132783E+00, 3.403923E-01, 6.429826E+01, 6.390396E+01, 2.457845E+00,-2.221909E+00,-1.843855E-01, 9.369799E-01, 1.181158E+02, 4.790549E+01, 4.367051E+01, 8.392838E+00,22, 8.071695E+00,0, 0.000000E+00,0, 0.000000E+00,18, 3.142548E+01, 5.694178E-01, 5.308204E+00,NULL,NULL,1,mc_qqps,54
-21042,2831,20228,71217,94C2, 9.125000E+01,32,17,49,32,17,-7.665370E+00, 3.908564E+00,-1.225186E+01, 7.276156E+01, 7.236832E+01, 2.261510E+00,-1.112909E+00,-3.541864E+00,-4.319306E+00, 9.963102E+01, 5.705706E+01, 1.850121E+01, 2.105133E+00,12, 3.471864E+00,1, 0.000000E+00,0, 0.000000E+00,9, 2.173519E+01, 5.155482E-01, 6.902105E+00,1, 0.000000E+00,1,mc_qqps,54
-21042,2832,20228,71233,94C2, 9.125000E+01,33,17,50,33,17,-4.831275E+00, 3.067503E+00, 5.332143E+00, 5.913748E+01, 5.837968E+01, 1.769081E+00, 3.647326E+00, 2.601161E+00, 5.782479E-01, 8.643421E+01, 4.018928E+01, 2.422861E+01, 1.003895E+00,17, 4.616373E-01,2, 0.000000E+00,0, 0.000000E+00,13, 2.191112E+01, 5.678242E-01, 4.446174E+00,NULL,NULL,1,mc_qqps,54
-21042,2833,20228,71253,94C2, 9.125000E+01,26,17,43,26,17, 2.190895E+01,-1.569010E+01, 3.646358E+00, 4.085515E+01, 4.023799E+01, 1.547615E+00, 1.309297E+01,-1.024120E+01, 1.386517E+00, 7.470196E+01, 3.006439E+01, 2.111120E+01, 1.159003E+01,16, 1.688580E-01,0, 0.000000E+00,0, 0.000000E+00,13, 2.273689E+01, 3.509295E-01, 6.402818E+00,NULL,NULL,1,mc_qqps,54
-21042,2834,20228,71307,94C2, 9.125000E+01,41,25,66,41,25,-1.599379E+00,-3.644663E+00,-1.916548E+02, 2.368831E+02, 2.360196E+02, 5.756575E+00,-1.066929E+00,-3.745920E+00,-1.891468E+02, 2.637563E+02, 3.902256E+01, 2.321599E+01, 3.657203E+00,5, 0.000000E+00,21, 4.167314E+00,0, 0.000000E+00,5, 5.836697E+00, 7.956677E-01, 2.032477E+00,2, 0.000000E+00,1,mc_qqps,54
-21042,2835,20228,71331,94C2, 9.125000E+01,26,14,40,26,14,-1.465421E-01,-5.198308E+00, 2.056599E+01, 6.774847E+01, 6.734398E+01, 2.590153E+00,-1.298490E+00,-2.063015E+00, 1.478206E+01, 9.081368E+01, 5.184220E+01, 1.544588E+01, 7.636355E+00,1, 0.000000E+00,16, 7.675307E+00,0, 0.000000E+00,NULL,NULL,NULL,NULL,NULL,NULL,1,mc_qqps,54
-21042,2836,20228,71346,94C2, 9.125000E+01,17,13,30,17,13, 1.395692E+01,-1.090774E+01, 5.329485E+00, 4.485113E+01, 4.464487E+01, 2.626169E+00, 1.030155E+01,-7.260768E+00, 3.708977E+00, 6.573942E+01, 3.893456E+01, 1.253668E+01, 5.512389E+00,8, 1.043247E-01,4, 0.000000E+00,0, 0.000000E+00,7, 1.209476E+01, 5.422592E-01, 3.154371E+00,NULL,NULL,1,mc_qqps,54
-21042,2837,20228,71356,94C2, 9.125000E+01,57,11,68,57,11, 3.876420E+00,-8.505151E-01, 4.274066E+00, 8.483997E+01, 8.333768E+01, 1.462065E+00, 5.492303E+00,-5.799595E-01, 5.871673E+00, 8.987674E+01, 6.219950E+01, 3.703129E+00, 1.466996E+00,5, 0.000000E+00,12, 0.000000E+00,0, 0.000000E+00,1, 3.819274E-01, 3.819274E-01, 3.819274E-01,NULL,NULL,1,mc_qqps,54
-21042,2838,20228,71414,94C2, 9.125000E+01,37,21,58,37,21,-7.560626E+00,-2.220530E+00,-7.625861E+00, 4.757975E+01, 4.691970E+01, 1.268100E+00,-1.582874E+01, 2.394711E+00,-4.230919E+00, 8.761639E+01, 3.691879E+01, 2.840870E+01, 8.270158E+00,19, 2.555080E+00,1, 0.000000E+00,0, 0.000000E+00,14, 2.634301E+01, 6.377650E-01, 4.627338E+00,NULL,NULL,1,mc_qqps,54
-21042,2839,20228,71431,94C2, 9.125000E+01,49,22,71,49,22, 1.758714E+01,-1.280747E-01,-2.543766E+00, 6.807719E+01, 6.650280E+01, 1.357200E+00, 1.160526E+01,-1.117755E+00,-5.198462E+00, 9.926132E+01, 5.399133E+01, 1.966958E+01, 1.115629E+01,22, 5.302940E+00,0, 0.000000E+00,0, 0.000000E+00,15, 1.750782E+01, 4.034260E-01, 2.317559E+00,NULL,NULL,1,mc_qqps,54
-21042,2840,20228,71458,94C2, 9.125000E+01,37,15,52,37,15,-5.172414E-01, 1.888185E-01, 2.102189E+00, 6.803947E+01, 6.715374E+01, 1.814966E+00, 8.437283E+00, 3.776037E+00,-1.669020E+00, 9.734171E+01, 5.758652E+01, 2.737384E+01, 2.670007E-01,15, 5.951633E+00,3, 5.774160E-01,0, 0.000000E+00,9, 1.481906E+01, 4.523406E-01, 4.746585E+00,NULL,NULL,1,mc_qqps,54
-21042,2841,20228,71515,94C2, 9.125000E+01,28,7,35,28,7,-9.558692E-01, 6.714780E+00,-6.852012E+00, 8.249655E+01, 8.201036E+01, 2.928941E+00, 1.810834E-01, 3.389784E+00,-2.602887E+00, 8.944922E+01, 6.818603E+01, 4.930942E+00, 2.026537E+00,5, 1.543931E+01,1, 0.000000E+00,0, 0.000000E+00,4, 3.768573E+00, 5.030468E-01, 1.632865E+00,1, 0.000000E+00,1,mc_qqps,54
-21042,2842,20228,71532,94C2, 9.125000E+01,30,7,37,30,7,-9.118400E+00, 1.091467E+01,-1.832456E+01, 6.563599E+01, 6.513072E+01, 2.171024E+00,-6.051697E+00, 5.033584E+00,-1.045707E+01, 9.383537E+01, 5.985891E+01, 2.199949E+01, 6.199886E+00,2, 0.000000E+00,1, 0.000000E+00,0, 0.000000E+00,2, 1.579775E+00, 5.505679E-01, 1.029207E+00,NULL,NULL,1,mc_qqps,54
-21042,2843,20228,71558,94C2, 9.125000E+01,17,7,24,17,7,-3.207339E+00, 7.066305E+00, 6.155779E+00, 5.029646E+01, 4.998570E+01, 2.940335E+00,-2.039810E+00, 7.278265E+00, 5.744237E+00, 6.899435E+01, 4.880571E+01, 1.680844E+01, 0.000000E+00,12, 1.244885E+01,0, 0.000000E+00,0, 0.000000E+00,7, 1.869789E+01, 5.661308E-01, 6.004191E+00,NULL,NULL,1,mc_qqps,54
-21042,2844,20228,71615,94C2, 9.125000E+01,40,20,60,40,20,-4.755857E+00, 6.058699E-01,-8.662542E+00, 4.723514E+01, 4.618801E+01, 1.154700E+00,-2.740745E+00, 1.190082E+00,-3.886985E+00, 6.175150E+01, 3.240391E+01, 1.282159E+01, 1.241585E+00,2, 0.000000E+00,17, 2.494356E+00,0, 0.000000E+00,2, 1.552240E+00, 4.531821E-01, 1.099058E+00,1, 0.000000E+00,1,mc_qqps,54
-21042,2845,20228,71635,94C2, 9.125000E+01,39,24,63,39,24,-3.185382E+00, 1.369172E-01,-1.509435E-01, 5.406997E+01, 5.304112E+01, 1.360029E+00, 5.163509E+00, 6.685606E+00, 4.543362E+00, 9.834475E+01, 4.721461E+01, 3.376476E+01, 5.103067E+00,24, 2.296784E-01,0, 0.000000E+00,0, 0.000000E+00,20, 3.635601E+01, 5.287426E-01, 9.860366E+00,NULL,NULL,1,mc_qqps,54
-21042,2846,20228,71651,94C2, 9.125000E+01,22,18,40,22,18, 4.837669E+00, 4.108640E+00,-1.095786E+01, 7.673080E+01, 7.644769E+01, 3.474895E+00, 6.873028E+00, 4.880737E+00,-1.238510E+01, 1.044647E+02, 6.909818E+01, 2.017775E+01, 6.930416E+00,4, 0.000000E+00,14, 2.594612E+00,0, 0.000000E+00,3, 9.754825E+00, 6.645038E-01, 8.353068E+00,NULL,NULL,1,mc_qqps,54
-21042,2847,20228,71707,94C2, 9.125000E+01,37,17,54,37,17, 1.498030E+00,-2.731401E+00, 1.231180E+00, 6.533293E+01, 6.403509E+01, 1.730678E+00, 3.773988E+00,-4.674485E+00, 1.248457E+00, 1.026584E+02, 5.320786E+01, 1.744080E+01, 1.422482E+01,14, 1.493207E+00,2, 0.000000E+00,0, 0.000000E+00,12, 1.956205E+01, 3.650143E-01, 7.802230E+00,NULL,NULL,1,mc_qqps,54
-21042,2848,20228,71735,94C2, 9.125000E+01,50,12,62,50,12,-1.406378E+01, 1.730223E+00, 2.437860E+00, 9.549032E+01, 9.420695E+01, 1.884139E+00,-2.581833E+01, 1.643929E+00, 7.439259E-01, 1.152033E+02, 6.956282E+01, 1.506109E+01, 3.870071E+00,15, 4.356174E+00,1, 0.000000E+00,0, 0.000000E+00,6, 7.448370E+00, 3.879690E-01, 4.012386E+00,NULL,NULL,1,mc_qqps,54
-21042,2849,20228,71753,94C2, 9.125000E+01,35,26,61,35,26,-2.471380E+02,-4.112307E+01,-7.618755E+02, 8.975784E+02, 8.969807E+02, 2.562802E+01,-2.481029E+02,-4.102170E+01,-7.633520E+02, 9.371645E+02, 2.679919E+01, 2.980428E+01, 9.387689E+00,1, 0.000000E+00,26, 1.196663E+01,0, 0.000000E+00,1, 4.807385E-01, 4.807385E-01, 4.807385E-01,NULL,NULL,1,mc_qqps,54
-21042,2850,20228,71814,94C2, 9.125000E+01,16,10,26,16,10, 5.256343E+00, 2.216579E+00, 7.050614E+00, 5.801262E+01, 5.777732E+01, 3.611082E+00, 2.870941E+00, 1.836093E+00, 5.629671E+00, 8.298512E+01, 5.675981E+01, 1.922635E+01, 4.799924E+00,9, 3.630962E+00,0, 0.000000E+00,0, 0.000000E+00,6, 1.911403E+01, 5.820246E-01, 1.152937E+01,2, 0.000000E+00,1,mc_qqps,54
-21042,2851,20228,71827,94C2, 9.125000E+01,21,10,31,21,10,-1.405659E+01, 1.637527E+01,-2.656752E+01, 5.282984E+01, 5.257826E+01, 2.503727E+00,-1.352649E+01, 1.791590E+01,-2.791331E+01, 6.434200E+01, 5.155128E+01, 7.900215E+00, 2.890494E+00,8, 4.448391E-01,4, 4.001674E-01,0, 0.000000E+00,6, 7.980025E+00, 5.338740E-01, 2.853207E+00,NULL,NULL,1,mc_qqps,54
-21042,2852,20228,71848,94C2, 9.125000E+01,22,16,38,22,16, 3.324600E+00, 4.745305E+00, 2.492553E+00, 5.450869E+01, 5.431038E+01, 2.468654E+00, 2.726676E+00,-5.597744E-01, 2.103639E+00, 1.018090E+02, 4.641996E+01, 1.502792E+01, 2.341728E+01,15, 4.989864E-01,0, 0.000000E+00,0, 0.000000E+00,11, 2.388301E+01, 5.173180E-01, 6.382545E+00,NULL,NULL,1,mc_qqps,54
-21042,2853,20228,71902,94C2, 9.125000E+01,36,14,50,36,14,-2.671652E+01, 5.480247E+00,-8.051564E+00, 6.001995E+01, 5.894265E+01, 1.637296E+00,-1.066450E+01,-1.328352E+00,-1.655846E-01, 1.017719E+02, 4.529155E+01, 1.052705E+01, 3.027269E+01,18, 1.259447E+01,0, 0.000000E+00,0, 0.000000E+00,9, 1.147926E+01, 4.355283E-01, 3.282364E+00,NULL,NULL,1,mc_qqps,54
-21042,2854,20228,71919,94C2, 9.125000E+01,19,22,41,19,22, 1.411779E+00, 2.326683E+00,-2.847305E+01, 5.259366E+01, 5.225349E+01, 2.750184E+00, 4.535631E+00, 2.287618E+00,-4.260596E+01, 8.724852E+01, 1.910913E+01, 1.696383E+01, 1.777706E+01,3, 0.000000E+00,9, 1.311944E+00,0, 0.000000E+00,2, 1.943774E+00, 4.366950E-01, 1.507079E+00,7, 0.000000E+00,1,mc_qqps,54
-21042,2855,20228,71943,94C2, 9.125000E+01,49,21,70,49,21,-4.648013E+00, 3.320224E+00,-8.659782E+00, 7.449745E+01, 7.355887E+01, 1.501201E+00, 4.263802E-01,-1.707958E+00,-2.804619E-01, 9.593983E+01, 6.364885E+01, 1.686149E+01, 2.356292E+00,13, 4.093354E+00,10, 5.325256E+00,0, 0.000000E+00,9, 1.160833E+01, 4.352518E-01, 3.979031E+00,NULL,NULL,1,mc_qqps,54
-21042,2856,20228,72002,94C2, 9.125000E+01,43,15,58,43,15,-2.596886E+00, 1.084480E+00, 1.443640E+00, 7.242404E+01, 7.159615E+01, 1.665027E+00,-1.652333E+01, 1.121031E+00,-2.988806E+00, 9.865841E+01, 6.460107E+01, 1.223582E+01, 7.580017E+00,19, 7.620330E+00,0, 0.000000E+00,0, 0.000000E+00,10, 1.635601E+01, 3.935311E-01, 4.421774E+00,NULL,NULL,1,mc_qqps,54
-21042,2857,20228,72019,94C2, 9.125000E+01,22,19,41,22,19, 1.004109E+00,-7.202341E+00, 2.966231E+00, 7.264556E+01, 7.248793E+01, 3.294906E+00, 7.036046E+00,-2.105646E+01, 6.106869E+00, 1.180466E+02, 6.187729E+01, 3.445969E+01, 9.791713E+00,20, 9.041801E+00,2, 0.000000E+00,0, 0.000000E+00,14, 1.716397E+01, 3.240249E-01, 2.676947E+00,NULL,NULL,1,mc_qqps,54
-21042,2858,20228,72030,94C2, 9.125000E+01,20,16,36,20,16, 7.867742E+00,-4.116754E+00,-3.931370E+00, 6.443727E+01, 6.398177E+01, 3.199089E+00,-9.233187E+00, 8.184316E-01, 4.293722E-01, 9.321307E+01, 6.231182E+01, 1.793708E+01, 1.423791E+00,16, 4.743762E+00,0, 0.000000E+00,0, 0.000000E+00,11, 2.410316E+01, 3.965718E-01, 9.414931E+00,NULL,NULL,1,mc_qqps,54
-21042,2859,20228,72044,94C2, 9.125000E+01,27,13,40,27,13,-5.846570E+00, 1.499912E+00,-1.847068E+01, 8.141248E+01, 8.096412E+01, 2.998671E+00,-7.639717E+00, 9.681316E-01,-1.801024E+01, 1.033424E+02, 4.331129E+01, 1.656441E+01, 3.984688E+00,1, 0.000000E+00,14, 1.589944E+01,0, 0.000000E+00,1, 1.380854E+00, 1.380854E+00, 1.380854E+00,NULL,NULL,1,mc_qqps,54
-21042,2860,20228,72059,94C2, 9.125000E+01,25,9,34,25,9,-8.253268E+00, 1.002857E+01,-3.006916E+00, 7.236971E+01, 7.206229E+01, 2.882491E+00,-2.774610E+00, 4.717867E+00,-1.427915E+00, 8.534217E+01, 6.692544E+01, 7.677667E+00, 2.461194E+00,10, 4.031471E+00,0, 0.000000E+00,0, 0.000000E+00,5, 9.722433E+00, 9.220406E-01, 3.985302E+00,NULL,NULL,1,mc_qqps,54
-21042,2861,20228,72112,94C2, 9.125000E+01,28,16,44,28,16,-8.941743E+00,-1.362209E+01, 2.599577E+01, 5.944447E+01, 5.882900E+01, 2.101036E+00,-5.853331E+00,-1.115727E+01, 2.125891E+01, 8.988843E+01, 5.192731E+01, 2.951670E+01, 3.996452E-01,4, 0.000000E+00,12, 6.674000E+00,0, 0.000000E+00,4, 2.789263E+00, 5.276009E-01, 1.040472E+00,1, 0.000000E+00,1,mc_qqps,54
-21042,2862,20228,72126,94C2, 9.125000E+01,50,18,68,50,18, 8.229613E-01, 5.494094E+00,-1.436481E+01, 6.951013E+01, 6.850164E+01, 1.370033E+00, 2.414265E+00, 6.391938E+00,-1.811326E+01, 8.842680E+01, 5.839622E+01, 1.796635E+01, 9.503217E-01,4, 0.000000E+00,15, 1.204170E+00,0, 0.000000E+00,4, 3.330422E+00, 4.790879E-01, 1.404204E+00,1, 0.000000E+00,1,mc_qqps,54
-21042,2863,20228,72152,94C2, 9.125000E+01,16,16,32,16,16, 1.547737E+01, 9.671149E-01, 6.354007E+00, 3.632157E+01, 3.606787E+01, 2.254242E+00, 1.228840E+01, 2.186485E+00, 3.570176E+00, 6.454202E+01, 3.525158E+01, 1.834221E+01, 7.969899E+00,14, 1.563508E+00,0, 0.000000E+00,0, 0.000000E+00,11, 1.625975E+01, 5.613512E-01, 4.708948E+00,1, 0.000000E+00,1,mc_qqps,54
-21042,2864,20228,72202,94C2, 9.125000E+01,29,14,43,29,14, 1.912748E+00,-7.793504E+00,-1.042054E+00, 6.655102E+01, 6.614893E+01, 2.280998E+00,-4.685674E+00, 9.260889E+00, 3.343353E+00, 1.021751E+02, 6.138147E+01, 2.664566E+01, 9.171938E+00,15, 7.473706E+00,0, 0.000000E+00,0, 0.000000E+00,10, 2.626341E+01, 5.263082E-01, 9.877722E+00,NULL,NULL,1,mc_qqps,54
-21042,2865,20228,72217,94C2, 9.125000E+01,41,27,68,41,27,-1.477641E+00,-1.089896E+00, 4.803127E-01, 6.427061E+01, 6.338696E+01, 1.546023E+00,-3.956460E+00,-1.048174E+00, 3.125000E-01, 1.059947E+02, 5.771786E+01, 2.321176E+01, 8.455463E+00,28, 5.817296E+00,0, 0.000000E+00,0, 0.000000E+00,18, 2.781046E+01, 3.909672E-01, 4.627017E+00,1, 0.000000E+00,1,mc_qqps,54
-21042,2866,20228,72237,94C2, 9.125000E+01,34,12,46,34,12, 8.266505E+01,-4.503374E+01,-3.145282E+02, 3.533255E+02, 3.528169E+02, 1.037697E+01, 7.881801E+01,-4.288727E+01,-3.005709E+02, 3.694900E+02, 1.787562E+01, 8.225445E+00, 7.939066E+00,0, 0.000000E+00,17, 1.188783E+01,0, 0.000000E+00,NULL,NULL,NULL,NULL,NULL,NULL,1,mc_qqps,54
-21042,2867,20228,72252,94C2, 9.125000E+01,25,12,37,25,12,-5.655278E+00, 6.431040E+00,-9.680467E+00, 4.609142E+01, 4.572933E+01, 1.829173E+00,-4.326411E+00,-3.782886E+00,-2.653614E-01, 9.375035E+01, 3.826971E+01, 3.307191E+01, 1.099034E+01,13, 1.822753E+00,3, 0.000000E+00,0, 0.000000E+00,7, 2.953854E+01, 5.480782E-01, 2.216496E+01,NULL,NULL,1,mc_qqps,54
-21042,2868,20228,72303,94C2, 9.125000E+01,39,13,52,39,13,-6.894847E-01,-1.222637E+01,-7.022930E-01, 7.565647E+01, 7.431774E+01, 1.905583E+00,-1.101825E+01, 3.191071E+01,-2.322876E+00, 1.232028E+02, 6.741852E+01, 4.601219E+01, 6.383045E-01,11, 0.000000E+00,0, 0.000000E+00,0, 0.000000E+00,9, 1.334300E+01, 4.377200E-01, 5.745483E+00,NULL,NULL,1,mc_qqps,54
-21042,2869,20228,72326,94C2, 9.125000E+01,24,11,35,24,11, 2.880226E-01,-4.633386E-01, 1.584453E-01, 6.908301E+01, 6.875365E+01, 2.864735E+00,-1.602879E-01,-7.460239E-01, 5.984616E-02, 8.375319E+01, 6.475198E+01, 1.071126E+01, 3.958913E+00,0, 0.000000E+00,6, 0.000000E+00,0, 0.000000E+00,NULL,NULL,NULL,NULL,NULL,NULL,1,mc_qqps,54
-21042,2870,20228,72341,94C2, 9.125000E+01,44,15,59,44,15, 2.450276E+00,-1.099534E+01, 4.752104E+00, 8.800227E+01, 8.722845E+01, 1.982465E+00, 6.706282E+00,-2.011828E+01, 9.026258E+00, 1.207594E+02, 7.109841E+01, 1.518547E+01, 1.028420E+01,20, 4.646918E+00,0, 0.000000E+00,0, 0.000000E+00,9, 1.344195E+01, 4.358177E-01, 6.167443E+00,NULL,NULL,1,mc_qqps,54
-21042,2871,20228,72355,94C2, 9.125000E+01,40,16,56,40,16,-3.906922E+00, 4.185006E+00, 1.148376E+01, 5.783688E+01, 5.713676E+01, 1.428419E+00,-1.548813E+00,-8.918723E-01,-5.016188E+00, 8.882381E+01, 4.196230E+01, 2.446665E+01, 3.968681E+00,8, 7.219431E-01,10, 0.000000E+00,0, 0.000000E+00,7, 8.085179E+00, 4.525424E-01, 2.133001E+00,NULL,NULL,1,mc_qqps,54
-21042,2872,20228,72417,94C2, 9.125000E+01,19,6,25,19,6,-8.053717E+00,-1.699401E+01,-3.785184E+01, 1.005094E+02, 1.002803E+02, 5.277913E+00,-8.269178E+00,-1.726248E+01,-3.810376E+01, 1.068760E+02, 7.124366E+01, 5.757943E+00, 6.086358E-01,1, 0.000000E+00,8, 8.323492E-01,0, 0.000000E+00,1, 7.787219E-01, 7.787219E-01, 7.787219E-01,NULL,NULL,1,mc_qqps,54
-21042,2873,20228,72430,94C2, 9.125000E+01,29,14,43,29,14,-7.427589E+00, 2.412196E+00,-7.635703E+00, 5.152882E+01, 5.107091E+01, 1.761066E+00,-7.458989E+00, 1.000664E+00,-8.446758E+00, 7.900069E+01, 4.930632E+01, 2.644629E+01, 1.025579E+00,14, 1.041236E+00,0, 0.000000E+00,0, 0.000000E+00,10, 2.283175E+01, 4.112476E-01, 7.413188E+00,1, 0.000000E+00,1,mc_qqps,54
-21042,2874,20228,72452,94C2, 9.125000E+01,11,8,19,11,8,-2.020928E+00,-1.053005E+00, 8.715990E-01, 5.857932E+01, 5.851889E+01, 5.319900E+00, 7.237724E+00, 1.643261E+00,-5.011668E+00, 8.312463E+01, 5.764051E+01, 2.192358E+01, 1.469401E+00,11, 9.268429E+00,0, 0.000000E+00,0, 0.000000E+00,7, 2.307591E+01, 9.241182E-01, 8.163552E+00,NULL,NULL,1,mc_qqps,54
-21042,2875,20228,72503,94C2, 9.125000E+01,38,25,63,38,25,-2.282785E+00,-2.145813E+00,-2.670833E+00, 5.525083E+01, 5.465756E+01, 1.438357E+00,-2.175520E+00,-1.977787E+00,-9.487777E+00, 8.200703E+01, 4.123554E+01, 1.658077E+01, 6.953063E+00,2, 0.000000E+00,23, 8.450904E+00,0, 0.000000E+00,2, 3.222355E+00, 3.602888E-01, 2.862066E+00,1, 0.000000E+00,1,mc_qqps,54
-21042,2876,20228,72523,94C2, 9.125000E+01,25,7,32,25,7,-1.213130E+01,-8.388423E+00,-1.617932E+01, 7.422536E+01, 7.400342E+01, 2.960137E+00,-4.392675E+00,-3.917515E+00,-7.567431E+00, 8.846883E+01, 6.770168E+01, 6.332315E+00, 7.105879E-01,6, 0.000000E+00,1, 0.000000E+00,0, 0.000000E+00,4, 1.245631E+01, 4.593544E-01, 7.200580E+00,NULL,NULL,1,mc_qqps,54
-21042,2877,20228,72533,94C2, 9.125000E+01,21,16,37,21,16,-2.192606E+00, 8.058859E-01, 5.757278E-01, 4.441867E+01, 4.396871E+01, 2.093748E+00,-1.632375E+00, 5.528271E-03, 4.119979E-01, 6.300304E+01, 1.423301E+01, 1.461337E+01, 3.971011E+00,2, 0.000000E+00,15, 1.824022E+00,0, 0.000000E+00,1, 1.199500E+00, 1.199500E+00, 1.199500E+00,NULL,NULL,1,mc_qqps,54
-21042,2878,20228,72548,94C2, 9.125000E+01,27,10,37,27,10, 1.266334E+01, 8.939538E+00, 2.294695E+00, 4.358437E+01, 4.296769E+01, 1.591396E+00,-1.585564E+01,-8.574139E+00,-5.027242E+00, 9.022873E+01, 3.533018E+01, 2.789122E+01, 1.312746E+01,11, 0.000000E+00,0, 0.000000E+00,0, 0.000000E+00,9, 3.351689E+01, 5.358768E-01, 1.672571E+01,NULL,NULL,1,mc_qqps,54
-21042,2879,20228,72602,94C2, 9.125000E+01,22,12,34,22,12, 9.094915E+00,-1.569076E+01,-2.021103E-01, 6.441476E+01, 6.410790E+01, 2.913996E+00, 9.257972E+00,-1.632965E+01,-7.631822E-01, 8.646996E+01, 6.234356E+01, 2.028382E+01, 0.000000E+00,14, 6.468042E+00,1, 0.000000E+00,0, 0.000000E+00,10, 1.748315E+01, 5.007779E-01, 6.568126E+00,NULL,NULL,1,mc_qqps,54
-21042,2880,20228,72619,94C2, 9.125000E+01,8,9,17,8,9, 1.660781E+01,-2.340858E+01, 6.248462E+00, 4.896072E+01, 4.887253E+01, 6.109066E+00, 2.646916E+00,-3.269871E+00, 3.120943E+00, 8.139381E+01, 4.861173E+01, 3.243309E+01, 0.000000E+00,10, 4.102025E+00,0, 0.000000E+00,0, 0.000000E+00,8, 2.664126E+01, 4.923739E-01, 1.708687E+01,NULL,NULL,1,mc_qqps,54
-21042,2881,20228,72632,94C2, 9.125000E+01,40,10,50,40,10, 4.551302E+00,-5.944970E+00, 9.209439E+00, 8.041134E+01, 7.963737E+01, 1.990934E+00, 2.861272E+00,-5.461150E+00, 6.662671E+00, 9.071790E+01, 7.008774E+01, 8.017451E+00, 2.289098E+00,5, 2.546655E-01,10, 0.000000E+00,0, 0.000000E+00,2, 2.204501E+00, 6.051841E-01, 1.599317E+00,NULL,NULL,1,mc_qqps,54
-21042,2882,20228,72648,94C2, 9.125000E+01,28,11,39,28,11, 8.851002E+00, 1.238292E+01, 6.447002E+00, 6.850660E+01, 6.809524E+01, 2.431973E+00,-9.108019E+00,-9.715651E+00,-5.938634E+00, 1.088290E+02, 6.031178E+01, 3.169137E+01, 8.631042E+00,14, 4.747161E+00,0, 0.000000E+00,0, 0.000000E+00,7, 1.250290E+01, 3.231405E-01, 6.434751E+00,NULL,NULL,1,mc_qqps,54
-21042,2883,20228,72704,94C2, 9.125000E+01,20,13,33,20,13,-3.119915E+00, 2.095284E+00,-3.068277E-01, 7.041572E+01, 7.020937E+01, 3.510469E+00,-5.751160E+00, 2.191106E+00, 8.344325E-01, 9.168929E+01, 6.892791E+01, 1.881618E+01, 2.082561E+00,19, 1.667381E+01,0, 0.000000E+00,0, 0.000000E+00,10, 1.932757E+01, 5.113931E-01, 4.827475E+00,NULL,NULL,1,mc_qqps,54
-21042,2884,20228,72715,94C2, 9.125000E+01,22,11,33,22,11, 8.371092E+00,-7.579409E+00,-1.040354E+01, 8.295764E+01, 8.263844E+01, 3.756293E+00,-2.935421E+00,-1.251861E+00,-5.409536E-01, 1.183102E+02, 6.068480E+01, 1.018017E+01, 2.373136E+01,13, 2.461600E+00,0, 0.000000E+00,0, 0.000000E+00,7, 1.115094E+01, 6.166233E-01, 3.185030E+00,NULL,NULL,1,mc_qqps,54
-21042,2885,20228,72729,94C2, 9.125000E+01,29,21,50,29,21, 1.733816E+01, 1.023276E+01, 3.935395E+00, 5.696685E+01, 5.628791E+01, 1.940963E+00,-2.538560E+00, 1.308530E-01, 2.024067E+00, 9.935843E+01, 4.835086E+01, 3.135669E+01, 9.304407E+00,23, 1.490740E+01,0, 0.000000E+00,0, 0.000000E+00,14, 2.839904E+01, 3.495952E-01, 5.986978E+00,NULL,NULL,1,mc_qqps,54
-21042,2886,20228,72744,94C2, 9.125000E+01,42,13,55,42,13,-1.672355E+00,-4.207903E+00, 8.353298E-01, 5.077440E+01, 4.999464E+01, 1.190349E+00,-1.072713E+00,-2.471143E+00, 3.802731E+00, 6.363347E+01, 3.601038E+01, 1.125374E+01, 1.605338E+00,5, 1.874529E-01,10, 0.000000E+00,0, 0.000000E+00,3, 4.069371E+00, 9.525260E-01, 2.073017E+00,NULL,NULL,1,mc_qqps,54
-21042,2887,20228,72800,94C2, 9.125000E+01,32,15,47,32,15, 8.931861E-01,-2.655053E+00,-1.552713E+01, 6.421230E+01, 6.375390E+01, 1.992309E+00, 1.676708E+00,-7.824550E-01,-7.136788E+00, 8.302959E+01, 4.916386E+01, 9.923470E+00, 8.893847E+00,4, 0.000000E+00,16, 4.534050E-01,0, 0.000000E+00,2, 2.027911E+00, 9.616165E-01, 1.066294E+00,2, 0.000000E+00,1,mc_qqps,54
-21042,2888,20228,72822,94C2, 9.125000E+01,26,12,38,26,12,-1.155927E+00,-8.162076E+00,-8.075261E+00, 6.303131E+01, 6.236364E+01, 2.398601E+00, 7.711347E-01,-1.864916E+00,-2.494309E+00, 8.361228E+01, 5.877333E+01, 1.515738E+01, 0.000000E+00,14, 9.955765E-01,0, 0.000000E+00,0, 0.000000E+00,10, 1.718090E+01, 5.968397E-01, 3.961312E+00,NULL,NULL,1,mc_qqps,54
-21042,2889,20228,72836,94C2, 9.125000E+01,31,12,43,31,12,-2.244330E-01, 1.112401E+01, 3.243223E+01, 6.371980E+01, 6.324739E+01, 2.040239E+00, 1.140304E+00, 9.492640E+00, 2.699796E+01, 7.983665E+01, 1.046360E+01, 9.430422E+00, 6.686438E+00,1, 0.000000E+00,14, 5.511527E+00,0, 0.000000E+00,1, 6.596721E-01, 6.596721E-01, 6.596721E-01,1, 0.000000E+00,0,mc_qqps,54
-21042,2890,20228,72854,94C2, 9.125000E+01,36,11,47,36,11,-1.099394E+01, 2.247176E+00,-1.488848E+00, 6.242018E+01, 6.159522E+01, 1.710978E+00,-1.241045E+00,-6.212983E-01, 2.399505E+00, 8.429484E+01, 5.422054E+01, 2.187465E+01, 0.000000E+00,10, 3.006335E-01,4, 0.000000E+00,0, 0.000000E+00,8, 1.759099E+01, 4.285803E-01, 7.180421E+00,NULL,NULL,1,mc_qqps,54
-21042,2891,20228,72910,94C2, 9.125000E+01,28,10,38,28,10, 2.665561E+00, 1.343289E+00,-1.248626E-01, 6.952142E+01, 6.908941E+01, 2.467479E+00, 5.386214E+00, 4.376617E+00,-5.032300E+00, 7.931221E+01, 6.317467E+01, 5.738374E+00, 0.000000E+00,7, 8.273836E-01,5, 0.000000E+00,0, 0.000000E+00,5, 5.329612E+00, 3.737473E-01, 2.895746E+00,NULL,NULL,1,mc_qqps,54
-21042,2892,20228,72923,94C2, 9.125000E+01,34,14,48,34,14, 8.754546E+00,-4.700619E+00,-1.124754E+01, 3.622340E+01, 3.501391E+01, 1.029821E+00, 7.430934E+00,-4.651136E+00,-1.167294E+01, 6.223860E+01, 3.041063E+01, 1.788161E+01, 8.133589E+00,2, 0.000000E+00,11, 6.815093E-01,0, 0.000000E+00,1, 2.841122E+00, 2.841122E+00, 2.841122E+00,NULL,NULL,1,mc_qqps,54
-21042,2893,20228,72939,94C2, 9.125000E+01,43,17,60,43,17, 5.471289E-02, 3.171021E+00, 1.106603E+01, 5.294141E+01, 5.175169E+01, 1.203528E+00,-2.774673E+00, 4.956645E+00, 1.252376E+01, 7.204960E+01, 3.639409E+01, 1.731443E+01, 4.128663E-01,14, 9.333123E-01,4, 0.000000E+00,0, 0.000000E+00,10, 1.336474E+01, 3.229978E-01, 3.077472E+00,NULL,NULL,1,mc_qqps,54
-21042,2894,20228,73000,94C2, 9.125000E+01,18,16,34,18,16,-4.390920E+00, 7.877035E-01, 7.572861E-01, 4.823637E+01, 4.798830E+01, 2.666017E+00,-6.893001E+00, 1.223189E+00,-7.074234E+00, 7.715993E+01, 2.694899E+01, 2.297925E+01, 5.944301E+00,1, 0.000000E+00,15, 3.899913E+00,0, 0.000000E+00,1, 5.778352E-01, 5.778352E-01, 5.778352E-01,1, 0.000000E+00,1,mc_qqps,54
-21042,2895,20228,73013,94C2, 9.125000E+01,43,15,58,43,15, 5.582449E+00,-3.395565E+00,-4.329891E-01, 6.438258E+01, 6.363704E+01, 1.479931E+00, 8.390392E+00,-6.037015E+00,-2.527703E+00, 8.558102E+01, 5.376622E+01, 8.777841E+00, 8.643328E+00,19, 3.940563E+00,3, 0.000000E+00,0, 0.000000E+00,9, 7.484546E+00, 3.987107E-01, 1.644659E+00,NULL,NULL,1,mc_qqps,54
-21042,2896,20228,73031,94C2, 9.125000E+01,42,13,55,42,13, 3.747105E+00, 7.727798E+00, 3.820695E+00, 5.443532E+01, 5.344508E+01, 1.272502E+00, 4.306514E+00, 8.512495E+00, 4.187630E+00, 8.440895E+01, 4.645398E+01, 1.669864E+01, 8.128586E+00,14, 1.143359E+01,1, 0.000000E+00,0, 0.000000E+00,8, 1.929616E+01, 1.203983E+00, 3.942445E+00,1, 0.000000E+00,1,mc_qqps,54
-21042,2897,20228,73048,94C2, 9.125000E+01,41,17,58,41,17, 7.877918E+00, 5.694474E-01, 3.550069E+01, 6.216302E+01, 6.127912E+01, 1.494613E+00, 2.701266E+00,-1.106977E+00, 1.881264E+01, 9.479713E+01, 1.639271E+01, 1.433712E+01, 1.868994E+01,1, 0.000000E+00,16, 2.774451E+00,0, 0.000000E+00,1, 1.207550E+00, 1.207550E+00, 1.207550E+00,1, 0.000000E+00,1,mc_qqps,54
-21042,2898,20228,73106,94C2, 9.125000E+01,46,15,61,46,15, 6.533372E-01, 2.305396E+00, 2.108801E+00, 7.038062E+01, 6.949657E+01, 1.510795E+00, 8.070215E+00, 1.146608E+01,-6.459586E+00, 1.069268E+02, 5.569384E+01, 1.493711E+01, 2.122186E+01,9, 0.000000E+00,6, 0.000000E+00,0, 0.000000E+00,8, 1.239436E+01, 3.871964E-01, 3.814785E+00,NULL,NULL,1,mc_qqps,54
-21042,2899,20228,73123,94C2, 9.125000E+01,17,14,31,17,14,-4.597476E+00, 1.208229E+00, 1.347790E+00, 5.414697E+01, 5.390644E+01, 3.170967E+00, 1.106609E+01,-9.436492E-01,-3.906274E+00, 7.344225E+01, 5.333080E+01, 1.508422E+01, 5.606855E-01,13, 1.498901E+01,0, 0.000000E+00,0, 0.000000E+00,10, 1.430349E+01, 5.042487E-01, 2.858316E+00,NULL,NULL,1,mc_qqps,54
-21042,2900,20228,73133,94C2, 9.125000E+01,29,14,43,29,14, 9.522927E+00, 3.651710E+00,-6.197586E+00, 6.106905E+01, 6.039609E+01, 2.082624E+00,-5.207778E+00,-2.624085E+00, 5.793108E+00, 9.672159E+01, 5.363883E+01, 1.419611E+01, 2.145643E+01,10, 5.864710E+00,0, 0.000000E+00,0, 0.000000E+00,7, 1.265887E+01, 9.265500E-01, 3.996165E+00,NULL,NULL,1,mc_qqps,54
-21042,2901,20228,73149,94C2, 9.125000E+01,34,13,47,34,13, 8.625810E+00, 4.347134E+00,-1.605917E+01, 4.350136E+01, 4.281410E+01, 1.259238E+00, 3.652751E+00,-5.459567E-01,-5.845363E+00, 7.527427E+01, 3.529240E+01, 2.676473E+01, 2.106569E+00,4, 0.000000E+00,13, 3.484822E+00,0, 0.000000E+00,2, 2.901601E+00, 9.457552E-01, 1.955846E+00,NULL,NULL,1,mc_qqps,54
-21042,2902,20228,73203,94C2, 9.125000E+01,19,11,30,19,11,-1.419338E+01,-5.846009E+00, 1.470356E+01, 4.503827E+01, 4.478938E+01, 2.357336E+00,-8.721660E+00,-3.934345E+00, 8.472169E+00, 6.878261E+01, 4.025912E+01, 1.222388E+01, 1.063256E+00,11, 2.555630E-01,1, 0.000000E+00,0, 0.000000E+00,7, 2.074718E+01, 4.967614E-01, 8.278032E+00,NULL,NULL,1,mc_qqps,54
-21042,2903,20228,73217,94C2, 9.125000E+01,22,13,35,22,13,-7.951722E+00,-1.159906E+01, 1.132147E+01, 6.086404E+01, 6.053321E+01, 2.751510E+00,-1.048176E+01,-1.643360E+01, 1.558826E+01, 8.143234E+01, 4.536350E+01, 1.420110E+01, 5.344639E+00,12, 2.489253E+01,1, 0.000000E+00,0, 0.000000E+00,9, 1.499472E+01, 6.328317E-01, 4.300281E+00,NULL,NULL,1,mc_qqps,54
-21042,2904,20228,73230,94C2, 9.125000E+01,40,8,48,40,8,-1.025620E+00, 1.862791E+00,-7.494329E-01, 7.615450E+01, 7.549078E+01, 1.887269E+00, 1.563162E+00, 7.478958E+00,-1.719917E+00, 8.677386E+01, 7.164029E+01, 6.978620E+00, 2.903741E+00,14, 4.368195E+00,0, 0.000000E+00,0, 0.000000E+00,3, 2.728635E+00, 6.832894E-01, 1.090521E+00,NULL,NULL,1,mc_qqps,54
-21042,2905,20228,73246,94C2, 9.125000E+01,20,17,37,20,17, 1.807094E+00,-2.479437E-01, 2.101935E+00, 4.892256E+01, 4.851550E+01, 2.425775E+00, 5.283935E+00, 3.634874E+00, 6.116167E+00, 7.972971E+01, 4.176825E+01, 2.189330E+01, 2.209561E+00,19, 3.954777E+00,0, 0.000000E+00,0, 0.000000E+00,13, 2.842707E+01, 7.931733E-01, 4.075414E+00,NULL,NULL,1,mc_qqps,54
-21042,2906,20228,73301,94C2, 9.125000E+01,17,8,25,17,8, 1.178582E+01,-7.097957E-01, 1.433185E+01, 4.900732E+01, 4.874173E+01, 2.867161E+00, 1.280574E+01, 1.808383E-02, 1.395109E+01, 6.374584E+01, 4.827483E+01, 8.930511E+00, 5.808005E+00,9, 9.592789E+00,1, 0.000000E+00,0, 0.000000E+00,5, 8.392082E+00, 3.994409E-01, 5.098293E+00,NULL,NULL,1,mc_qqps,54
-21042,2907,20228,73312,94C2, 9.125000E+01,42,25,67,42,25,-1.059246E+01, 9.415048E+00, 4.270244E+00, 4.297331E+01, 4.158497E+01, 9.901183E-01,-1.652694E+00,-5.329902E-01, 4.086046E+00, 8.750977E+01, 3.850106E+01, 3.089030E+01, 9.655405E+00,27, 1.162106E+01,1, 0.000000E+00,0, 0.000000E+00,22, 3.455688E+01, 5.486674E-01, 4.025021E+00,NULL,NULL,1,mc_qqps,54
-21042,2908,20228,73331,94C2, 9.125000E+01,43,18,60,42,18, 4.051500E+00, 9.666078E+00,-2.307992E+01, 7.484860E+01, 7.387439E+01, 1.758914E+00, 5.051960E+00, 1.710468E+01,-3.373827E+01, 1.015192E+02, 5.287062E+01, 2.138177E+01, 4.061474E+00,7, 6.965076E+00,10, 0.000000E+00,0, 0.000000E+00,4, 5.533957E+00, 7.086942E-01, 2.478778E+00,NULL,NULL,1,mc_qqps,54
-21042,2909,20228,73355,94C2, 9.125000E+01,29,6,35,29,6, 1.456636E+00,-2.119934E+00, 1.051562E+01, 1.119462E+02, 1.113539E+02, 3.839788E+00,-8.381361E-01,-9.972664E+00,-3.248105E+00, 1.290934E+02, 7.589014E+01, 1.714719E+01, 0.000000E+00,1, 0.000000E+00,8, 0.000000E+00,0, 0.000000E+00,NULL,NULL,NULL,NULL,NULL,NULL,1,mc_qqps,54
-21042,2910,20228,73408,94C2, 9.125000E+01,37,27,64,37,27,-1.117894E+01, 4.952210E+00,-1.254225E+01, 4.474892E+01, 4.381700E+01, 1.184243E+00, 2.839592E+00,-1.635553E+00, 1.166238E+00, 8.916116E+01, 4.053220E+01, 4.045701E+01, 6.981348E-01,24, 7.059778E+00,3, 0.000000E+00,0, 0.000000E+00,21, 4.057254E+01, 4.198351E-01, 6.807028E+00,NULL,NULL,1,mc_qqps,54
-21042,2911,20228,73429,94C2, 9.125000E+01,30,12,42,30,12, 1.351190E-01,-3.446291E-02, 1.895933E+00, 6.526919E+01, 6.488823E+01, 2.162941E+00,-2.183447E+00,-1.736750E+00, 7.360151E-01, 8.164265E+01, 6.298492E+01, 1.346567E+01, 3.146047E+00,12, 4.781469E+00,5, 0.000000E+00,0, 0.000000E+00,4, 9.217190E+00, 6.500527E-01, 3.885806E+00,NULL,NULL,1,mc_qqps,54
-21042,2912,20228,73444,94C2, 9.125000E+01,39,21,60,39,21,-4.764062E+00, 3.612460E-01,-4.921871E+00, 3.899529E+01, 3.804440E+01, 9.754975E-01,-5.220124E+00, 2.732476E+00,-6.198566E+00, 7.207571E+01, 3.279510E+01, 1.004343E+01, 1.520972E+01,10, 1.612390E-01,8, 7.554808E-01,0, 0.000000E+00,9, 1.357107E+01, 8.809551E-01, 2.301419E+00,NULL,NULL,1,mc_qqps,54
-21042,2913,20228,73503,94C2, 9.125000E+01,12,4,16,12,4,-1.185475E-01, 1.007657E+00,-1.799747E+00, 7.252233E+01, 7.244115E+01, 6.036763E+00,-7.876686E-01, 1.549966E+00, 6.632898E-01, 7.869601E+01, 7.215246E+01, 5.649645E+00, 5.240239E-01,6, 2.698510E+01,0, 0.000000E+00,0, 0.000000E+00,1, 1.894995E+00, 1.894995E+00, 1.894995E+00,1, 0.000000E+00,1,mc_qqps,54
-21042,2914,20228,73518,94C2, 9.125000E+01,17,20,37,17,20, 9.040579E+00, 4.270560E+00, 1.350470E+00, 4.908807E+01, 4.890859E+01, 2.876976E+00,-5.434008E+00,-3.247152E+00,-1.660551E-01, 9.371040E+01, 4.845163E+01, 2.788772E+01, 1.559245E+01,21, 8.629362E+00,0, 0.000000E+00,0, 0.000000E+00,18, 2.534580E+01, 3.572144E-01, 4.758553E+00,NULL,NULL,1,mc_qqps,54
-21042,2915,20228,73532,94C2, 9.125000E+01,32,10,42,32,10, 7.224085E-01, 6.033272E+00, 8.821978E+00, 8.270621E+01, 8.235213E+01, 2.573504E+00,-6.140093E-01, 3.259283E+00, 1.208317E+01, 9.394799E+01, 3.396834E+01, 7.297887E+00, 3.943894E+00,4, 0.000000E+00,10, 0.000000E+00,0, 0.000000E+00,1, 2.599618E+00, 2.599618E+00, 2.599618E+00,1, 0.000000E+00,1,mc_qqps,54
-21042,2916,20228,73547,94C2, 9.125000E+01,13,16,29,13,16, 9.050252E+00, 3.196485E+00, 6.010033E+00, 5.615211E+01, 5.602970E+01, 4.309977E+00, 3.227278E+00,-1.122998E+00, 2.708781E+00, 9.564939E+01, 5.453788E+01, 1.404491E+01, 2.289685E+01,13, 6.812732E+00,0, 0.000000E+00,0, 0.000000E+00,10, 1.528915E+01, 4.864856E-01, 4.193508E+00,NULL,NULL,1,mc_qqps,54
-21042,2917,20228,73601,94C2, 9.125000E+01,35,14,49,35,14, 8.676257E-01, 1.248862E+01,-6.241868E+00, 6.140890E+01, 6.061314E+01, 1.731804E+00, 7.651548E-01,-4.173479E-01,-3.397461E-01, 9.392653E+01, 5.380626E+01, 3.161293E+01, 0.000000E+00,21, 9.363605E+00,0, 0.000000E+00,0, 0.000000E+00,14, 3.251762E+01, 2.754332E-01, 1.422205E+01,NULL,NULL,1,mc_qqps,54
-21042,2918,20228,73620,94C2, 9.125000E+01,39,20,59,39,20, 2.613009E+00, 1.685498E+00,-1.394697E+00, 5.827634E+01, 5.741584E+01, 1.472201E+00, 6.249762E+00, 2.259516E+00, 1.592899E+00, 8.568577E+01, 5.466661E+01, 2.590186E+01, 4.004510E-01,22, 6.870309E+00,2, 0.000000E+00,0, 0.000000E+00,12, 1.927694E+01, 4.526415E-01, 4.765220E+00,NULL,NULL,1,mc_qqps,54
-21042,2919,20228,73640,94C2, 9.125000E+01,52,15,67,52,15, 2.743782E+00, 5.775523E-01, 2.153568E+01, 5.379253E+01, 5.115380E+01, 9.837269E-01, 8.330791E-01, 2.517460E+00, 4.987469E+00, 8.157327E+01, 7.634731E+00, 1.740409E+01, 1.037665E+01,1, 0.000000E+00,13, 7.057749E+00,0, 0.000000E+00,1, 5.624015E-01, 5.624015E-01, 5.624015E-01,3, 0.000000E+00,0,mc_qqps,54
-21042,2920,20228,73659,94C2, 9.125000E+01,39,5,44,39,5, 3.715938E+01, 5.143843E+01,-2.783209E-01, 9.696840E+01, 9.532028E+01, 2.444110E+00, 2.941482E+01, 4.062637E+01,-1.146866E+00, 1.140053E+02, 3.943398E+01, 1.557929E+01, 5.043327E-01,4, 2.129320E-01,1, 0.000000E+00,0, 0.000000E+00,2, 1.548569E+01, 9.532402E-01, 1.453245E+01,NULL,NULL,1,mc_qqps,54
-21042,2921,20228,73719,94C2, 9.125000E+01,9,12,21,9,12,-2.934267E+01,-1.459803E+01,-1.080166E+01, 3.535640E+01, 3.517383E+01, 3.908203E+00,-2.861756E+00,-1.513737E+00,-2.799013E+00, 1.080685E+02, 2.491892E+01, 6.692535E+01, 4.428229E+00,13, 1.026761E+01,0, 0.000000E+00,0, 0.000000E+00,10, 6.809407E+01, 1.358492E+00, 3.406362E+01,NULL,NULL,1,mc_qqps,54
-21042,2922,20228,73728,94C2, 9.125000E+01,26,15,41,26,15, 1.266595E-01, 3.053049E+00,-3.632708E+00, 5.325132E+01, 5.282016E+01, 2.031545E+00,-3.560741E+00,-6.209466E+00,-1.360806E+00, 8.824360E+01, 4.913598E+01, 3.354173E+01, 1.548305E+00,18, 3.005300E+00,0, 0.000000E+00,0, 0.000000E+00,10, 2.907323E+01, 5.194370E-01, 1.889603E+01,NULL,NULL,1,mc_qqps,54
-21042,2923,20228,73738,94C2, 9.125000E+01,29,14,43,29,14,-3.598017E-01, 8.411027E+00,-1.365497E-01, 6.719163E+01, 6.664960E+01, 2.298262E+00, 2.465663E+00, 1.326392E+01, 1.833738E+00, 8.928458E+01, 5.092037E+01, 1.327297E+01, 3.927274E+00,16, 4.867737E+00,1, 0.000000E+00,0, 0.000000E+00,11, 1.821530E+01, 3.720904E-01, 3.007588E+00,NULL,NULL,1,mc_qqps,54
-21042,2924,20228,73750,94C2, 9.125000E+01,40,11,51,40,11, 2.020653E+00, 1.103287E-01,-8.802893E-01, 6.106071E+01, 6.028253E+01, 1.507063E+00,-2.628308E+00, 2.011969E+00, 7.878343E+00, 9.833666E+01, 4.596997E+01, 1.998831E+01, 1.732505E+01,8, 0.000000E+00,3, 0.000000E+00,0, 0.000000E+00,6, 1.351434E+01, 5.292597E-01, 8.613450E+00,NULL,NULL,1,mc_qqps,54
-21042,2925,20228,73808,94C2, 9.125000E+01,43,21,64,43,21,-1.563697E+00, 7.787450E+00,-1.388799E+01, 9.103117E+01, 9.012312E+01, 2.095886E+00,-3.173090E+00, 8.546438E+00,-1.319753E+01, 1.164890E+02, 2.068740E+01, 2.082949E+01, 5.417740E-01,4, 0.000000E+00,17, 1.766024E+00,0, 0.000000E+00,2, 4.086599E+00, 1.606791E+00, 2.479808E+00,5, 0.000000E+00,1,mc_qqps,54
-21042,2926,20228,73826,94C2, 9.125000E+01,35,13,48,35,13, 2.184880E+00,-1.784697E+00,-4.295792E+00, 7.434535E+01, 7.373410E+01, 2.106688E+00, 1.870768E+00,-1.628271E+00,-4.465177E+00, 9.498582E+01, 6.438213E+01, 1.569063E+01, 4.060247E+00,9, 5.068532E+00,1, 0.000000E+00,0, 0.000000E+00,7, 1.461178E+01, 9.801487E-01, 4.400480E+00,1, 0.000000E+00,1,mc_qqps,54
-21042,2927,20228,73841,94C2, 9.125000E+01,37,20,57,37,20, 8.543309E+00, 7.303272E+00,-5.951023E-01, 6.995296E+01, 6.934218E+01, 1.874113E+00, 4.579471E+00, 4.625534E+00,-5.107415E-01, 1.054637E+02, 6.154921E+01, 3.029515E+01, 3.465610E+00,26, 3.952904E+00,0, 0.000000E+00,0, 0.000000E+00,16, 3.110698E+01, 4.603072E-01, 7.109380E+00,NULL,NULL,1,mc_qqps,54
-21042,2928,20228,73900,94C2, 9.125000E+01,28,17,45,28,17, 6.684005E+00,-2.782137E+00,-6.775086E+00, 5.092801E+01, 5.057248E+01, 1.806160E+00,-1.195391E+00, 1.360325E-01, 7.463030E+00, 8.432560E+01, 4.493142E+01, 2.887427E+01, 4.344019E-01,5, 6.859771E+00,14, 1.298571E+00,0, 0.000000E+00,3, 5.081181E+00, 3.983631E-01, 4.088915E+00,1, 0.000000E+00,1,mc_qqps,54
-21042,2929,20228,73914,94C2, 9.125000E+01,41,17,58,41,17,-2.906445E+00, 3.535087E+00,-2.300832E+01, 6.702353E+01, 6.614785E+01, 1.613362E+00,-7.588459E+00, 3.617063E+00,-2.496588E+01, 9.310475E+01, 4.421234E+01, 2.028591E+01, 4.888793E+00,8, 4.459723E-01,15, 2.484176E+00,0, 0.000000E+00,3, 2.428381E+00, 6.838145E-01, 9.319400E-01,2, 0.000000E+00,1,mc_qqps,54
-21042,2930,20228,73933,94C2, 9.125000E+01,36,22,58,36,22,-7.062301E+00, 7.914028E+00, 1.652046E+00, 5.829157E+01, 5.760046E+01, 1.600013E+00,-1.584810E+00, 2.276613E+00,-1.348678E-01, 8.577812E+01, 5.164005E+01, 2.077668E+01, 5.890161E+00,22, 9.271401E+00,1, 0.000000E+00,0, 0.000000E+00,16, 1.936657E+01, 2.941372E-01, 3.837179E+00,1, 0.000000E+00,1,mc_qqps,54
-21042,2931,20228,73949,94C2, 9.125000E+01,50,26,76,50,26,-1.267310E+01,-2.365838E+00,-1.858140E+00, 6.757590E+01, 6.617857E+01, 1.323571E+00, 7.831829E+00, 2.250601E+00, 9.057609E-01, 1.069001E+02, 5.456696E+01, 3.101757E+01, 4.065135E+00,25, 1.010744E+01,0, 0.000000E+00,0, 0.000000E+00,18, 3.032178E+01, 5.545319E-01, 7.768657E+00,NULL,NULL,1,mc_qqps,54
-21042,2932,20228,74007,94C2, 9.125000E+01,29,16,45,29,16, 3.056472E+00,-1.038981E+00, 6.401700E-01, 7.247077E+01, 7.207906E+01, 2.485485E+00,-6.238307E+00,-4.112463E-01, 6.209264E+00, 1.023960E+02, 6.299555E+01, 2.548499E+01, 0.000000E+00,20, 2.378745E+00,0, 0.000000E+00,0, 0.000000E+00,13, 2.619764E+01, 7.949471E-01, 3.301013E+00,NULL,NULL,1,mc_qqps,54
-21042,2933,20228,74020,94C2, 9.125000E+01,24,18,42,24,18, 4.540567E+00,-2.110896E+01,-1.847363E+01, 7.110854E+01, 7.070321E+01, 2.945967E+00, 3.674912E+00,-2.125779E+01,-2.404147E+01, 1.115369E+02, 6.246106E+01, 3.610428E+01, 0.000000E+00,19, 1.287594E+00,1, 0.000000E+00,0, 0.000000E+00,15, 3.848950E+01, 6.549550E-01, 7.593019E+00,1, 0.000000E+00,1,mc_qqps,54
-21042,2934,20228,74032,94C2, 9.125000E+01,32,17,49,32,17,-5.444499E+00,-3.871932E+00,-3.660367E+00, 4.782503E+01, 4.699477E+01, 1.468587E+00,-6.885161E+00,-4.271774E+00,-4.411028E+00, 9.414617E+01, 4.291986E+01, 4.318327E+01, 7.796800E-01,15, 8.450405E-02,0, 0.000000E+00,0, 0.000000E+00,13, 3.965916E+01, 6.175055E-01, 9.341166E+00,NULL,NULL,1,mc_qqps,54
-21042,2935,20228,74048,94C2, 9.125000E+01,26,8,34,26,8,-1.150011E+00, 2.270615E-01,-2.453497E+00, 7.058006E+01, 7.004635E+01, 2.694090E+00,-2.518228E+00,-2.687517E+00,-6.826894E+00, 7.894687E+01, 6.703115E+01, 7.473909E+00, 0.000000E+00,3, 0.000000E+00,8, 4.057300E+00,0, 0.000000E+00,3, 2.787723E+00, 4.911476E-01, 1.403692E+00,1, 0.000000E+00,1,mc_qqps,54
-21042,2936,20228,74106,94C2, 9.125000E+01,41,17,58,41,17,-3.713752E+01,-7.261490E+01, 2.780387E+02, 3.267964E+02, 3.256656E+02, 7.943062E+00,-3.550315E+01,-6.799588E+01, 2.726689E+02, 3.584305E+02, 3.580059E+01, 2.560396E+01, 6.032033E+00,0, 0.000000E+00,18, 2.054897E+00,0, 0.000000E+00,NULL,NULL,NULL,NULL,NULL,NULL,1,mc_qqps,54
-21042,2937,20228,74124,94C2, 9.125000E+01,40,15,55,40,15, 1.423689E+01,-3.105095E+00, 1.195953E+01, 6.111114E+01, 6.054713E+01, 1.513678E+00, 1.157830E+01,-3.740684E+00, 8.807742E+00, 8.473225E+01, 5.151837E+01, 1.077284E+01, 1.213375E+01,14, 4.646542E-01,7, 0.000000E+00,0, 0.000000E+00,5, 6.757460E+00, 6.921053E-01, 2.395353E+00,NULL,NULL,1,mc_qqps,54
-21042,2938,20228,74140,94C2, 9.125000E+01,24,20,44,24,20,-7.594501E+00, 2.622966E+01,-4.075103E+01, 1.095672E+02, 1.092375E+02, 4.551565E+00,-6.965004E+00, 2.123648E+01,-5.067410E+01, 1.314087E+02, 5.271624E+01, 1.830667E+01, 2.295386E+00,10, 3.981300E+00,9, 5.853078E-01,0, 0.000000E+00,8, 1.041613E+01, 5.976298E-01, 2.028596E+00,NULL,NULL,1,mc_qqps,54
-21042,2939,20228,74156,94C2, 9.125000E+01,20,9,29,20,9, 8.195790E+00, 1.296502E+01, 1.075658E+01, 9.149178E+01, 9.116064E+01, 4.558032E+00, 1.247140E+01, 1.754653E+01, 1.480176E+01, 1.105993E+02, 7.343347E+01, 1.910752E+01, 0.000000E+00,10, 2.625005E+00,0, 0.000000E+00,0, 0.000000E+00,6, 1.691698E+01, 5.584635E-01, 1.254330E+01,NULL,NULL,1,mc_qqps,54
-21042,2940,20228,74208,94C2, 9.125000E+01,24,16,40,24,16, 6.053840E-01,-4.926385E+00,-1.710143E+00, 3.945068E+01, 3.889796E+01, 1.620748E+00, 1.333590E+00,-1.414183E+01,-1.156411E+01, 8.129392E+01, 2.564420E+01, 4.000211E+01, 1.841136E+00,13, 1.511346E+00,1, 0.000000E+00,0, 0.000000E+00,10, 3.775692E+01, 4.316057E-01, 1.815275E+01,1, 0.000000E+00,1,mc_qqps,54
-21042,2941,20228,74221,94C2, 9.125000E+01,43,15,58,43,15,-3.095451E+00,-6.560465E-01,-9.520184E-01, 6.263807E+01, 6.165559E+01, 1.433851E+00, 7.995436E+00, 2.022766E+01, 3.007475E+00, 1.097751E+02, 6.045480E+01, 3.354583E+01, 9.570075E+00,15, 5.958980E-01,1, 0.000000E+00,0, 0.000000E+00,9, 1.610174E+01, 4.108357E-01, 4.123748E+00,NULL,NULL,1,mc_qqps,54
-21042,2942,20228,74240,94C2, 9.125000E+01,16,12,28,16,12,-2.050176E+00,-1.371798E+00, 1.089839E+01, 2.917742E+01, 2.890272E+01, 1.806420E+00,-2.977302E+00,-8.120711E-01, 2.691056E+00, 5.012040E+01, 7.228424E+00, 1.489660E+01, 5.039559E+00,3, 0.000000E+00,9, 1.966466E+00,0, 0.000000E+00,2, 1.767867E+00, 7.610470E-01, 1.006820E+00,2, 0.000000E+00,0,mc_qqps,54
-21042,2943,20228,74259,94C2, 9.125000E+01,40,12,52,40,12,-2.896950E+00,-4.445940E-01, 2.504171E-02, 6.168656E+01, 6.065584E+01, 1.516396E+00,-3.619680E+00,-2.496054E+00,-9.057963E-01, 8.316215E+01, 5.692547E+01, 1.640013E+01, 5.077191E+00,17, 5.145082E+00,0, 0.000000E+00,0, 0.000000E+00,9, 1.559394E+01, 6.758975E-01, 5.275002E+00,NULL,NULL,1,mc_qqps,54
-21042,2944,20228,74315,94C2, 9.125000E+01,20,16,36,20,16,-1.250138E+01,-1.051447E+01,-3.103369E-01, 3.930444E+01, 3.896186E+01, 1.948093E+00,-1.500165E+01,-9.786116E+00, 4.977594E-01, 7.469234E+01, 3.575737E+01, 2.722576E+01, 1.294039E+00,15, 1.088516E+01,0, 0.000000E+00,0, 0.000000E+00,11, 2.742241E+01, 4.686519E-01, 7.949500E+00,NULL,NULL,1,mc_qqps,54
-21042,2945,20228,74326,94C2, 9.125000E+01,45,14,59,45,14, 3.526580E+00,-1.116447E-01,-3.447658E+00, 5.721448E+01, 5.520987E+01, 1.226886E+00, 1.917430E+01,-7.165073E+00,-1.282686E+01, 7.873198E+01, 4.447025E+01, 1.338402E+01, 5.314020E+00,14, 1.314093E-01,0, 0.000000E+00,0, 0.000000E+00,11, 1.620349E+01, 3.972743E-01, 3.790538E+00,NULL,NULL,1,mc_qqps,54
-21042,2946,20228,74341,94C2, 9.125000E+01,36,9,45,36,9, 7.473572E-01,-7.214028E-02, 3.850108E-02, 8.563593E+01, 8.510384E+01, 2.363996E+00, 2.113299E+00,-6.903239E+00, 4.516544E+00, 1.015370E+02, 8.072110E+01, 1.146621E+01, 3.505370E-01,16, 1.936966E+00,0, 0.000000E+00,0, 0.000000E+00,7, 1.340486E+01, 5.649552E-01, 3.144558E+00,NULL,NULL,1,mc_qqps,54
-21042,2947,20228,74355,94C2, 9.125000E+01,9,10,19,9,10, 7.291446E-01, 4.342965E-01,-7.468590E+00, 1.269318E+01, 1.245169E+01, 1.383521E+00, 9.088874E-01,-5.539566E-01,-1.281082E+01, 5.071090E+01, 0.000000E+00, 3.801772E+01, 0.000000E+00,0, 0.000000E+00,6, 0.000000E+00,0, 0.000000E+00,NULL,NULL,NULL,NULL,5, 0.000000E+00,0,mc_qqps,54
-21042,2948,20228,74439,94C2, 9.125000E+01,15,11,26,15,11, 1.069441E+01,-1.489084E+01, 6.064234E+00, 5.395901E+01, 5.374290E+01, 3.582860E+00, 1.865081E+01,-2.404545E+01, 8.499372E+00, 9.376398E+01, 5.202690E+01, 2.050650E+01, 1.800998E+01,11, 1.172053E-01,1, 0.000000E+00,0, 0.000000E+00,8, 2.122220E+01, 7.025306E-01, 4.868517E+00,NULL,NULL,1,mc_qqps,54
-21042,2949,20228,74450,94C2, 9.125000E+01,22,13,35,22,13, 4.329344E+00, 2.507747E+00, 2.989254E+00, 6.522976E+01, 6.458862E+01, 2.935846E+00, 3.672856E+00, 2.883157E+00, 3.994533E+00, 9.255625E+01, 6.124891E+01, 2.500310E+01, 3.685642E-01,14, 6.356620E+00,0, 0.000000E+00,0, 0.000000E+00,11, 2.664643E+01, 5.156312E-01, 8.479951E+00,NULL,NULL,1,mc_qqps,54
-21042,2950,20228,74505,94C2, 9.125000E+01,41,19,60,41,19,-9.430777E+00,-7.880454E+00, 2.545760E+00, 5.697636E+01, 5.593741E+01, 1.364327E+00,-4.004726E+00,-4.469712E+00, 3.694415E-01, 9.592389E+01, 4.938354E+01, 3.478660E+01, 1.630283E+00,24, 7.516482E+00,0, 0.000000E+00,0, 0.000000E+00,14, 3.704251E+01, 5.663821E-01, 1.830187E+01,NULL,NULL,1,mc_qqps,54
-21042,2951,20228,74523,94C2, 9.125000E+01,21,14,35,21,14,-9.417521E+00,-1.888773E+01, 9.312714E+00, 6.413515E+01, 6.384991E+01, 3.040472E+00,-1.325219E+01,-2.704836E+01, 1.203745E+01, 1.018607E+02, 4.352397E+01, 1.955630E+01, 1.002457E+01,17, 4.723151E+00,0, 0.000000E+00,0, 0.000000E+00,10, 1.872230E+01, 5.936907E-01, 5.423124E+00,NULL,NULL,1,mc_qqps,54
-21042,2952,20228,74535,94C2, 9.125000E+01,14,13,27,14,13,-2.619311E+00, 1.124270E+00,-3.325604E+00, 2.877177E+01, 2.854478E+01, 2.038913E+00,-3.274419E+00, 2.869113E-01,-2.110992E+00, 5.258607E+01, 1.697478E+01, 2.219027E+01, 1.624039E+00,0, 0.000000E+00,11, 2.008522E+00,0, 0.000000E+00,NULL,NULL,NULL,NULL,3, 0.000000E+00,1,mc_qqps,54
-21042,2953,20228,74558,94C2, 9.125000E+01,18,12,30,18,12, 8.119478E+00,-6.767134E+00,-1.466181E+01, 5.872982E+01, 5.842892E+01, 3.246051E+00, 5.434393E+00,-2.666158E+00,-1.057218E+01, 7.523422E+01, 4.138134E+01, 1.464864E+01, 1.855774E+00,1, 0.000000E+00,14, 1.408520E+01,0, 0.000000E+00,1, 1.412464E+00, 1.412464E+00, 1.412464E+00,NULL,NULL,1,mc_qqps,54
-21042,2954,20228,74611,94C2, 9.125000E+01,34,8,42,34,8,-8.107116E+00, 4.453762E+00,-6.203148E-01, 4.577578E+01, 4.515619E+01, 1.328123E+00, 7.050012E+00, 4.079486E+00,-8.285063E-01, 6.419576E+01, 4.175835E+01, 1.732319E+01, 1.096786E+00,9, 9.741473E-01,0, 0.000000E+00,0, 0.000000E+00,5, 1.732319E+01, 4.725706E-01, 1.367444E+01,NULL,NULL,1,mc_qqps,54
-21042,2955,20228,74625,94C2, 9.125000E+01,14,9,23,14,9,-4.331646E+00, 4.569453E+00,-2.404816E+00, 2.851526E+01, 2.832546E+01, 2.023247E+00,-1.511693E+01,-2.603426E-01, 3.852237E+00, 7.637403E+01, 2.754190E+01, 4.090623E+01, 6.279114E+00,9, 8.029965E-01,0, 0.000000E+00,0, 0.000000E+00,7, 4.157967E+01, 6.734373E-01, 2.655658E+01,NULL,NULL,1,mc_qqps,54
-21042,2956,20228,74637,94C2, 9.125000E+01,24,16,40,24,16,-1.730018E+00,-1.285540E+00,-4.046560E+00, 4.373594E+01, 4.340645E+01, 1.808602E+00,-1.768093E+00, 1.583529E+00,-8.452407E-01, 6.952689E+01, 4.243488E+01, 1.863010E+01, 2.972349E+00,6, 0.000000E+00,11, 5.713670E+00,0, 0.000000E+00,5, 5.756732E+00, 3.499464E-01, 2.721531E+00,NULL,NULL,1,mc_qqps,54
-21042,2957,20228,74653,94C2, 9.125000E+01,19,10,29,19,10, 8.138976E+00, 5.838746E+00,-2.328862E+01, 8.100268E+01, 8.076812E+01, 4.250954E+00, 5.050517E+00, 2.459369E+00,-1.517282E+01, 9.382251E+01, 5.122915E+01, 5.867067E+00, 6.952760E+00,3, 0.000000E+00,10, 1.477995E+01,0, 0.000000E+00,2, 2.954254E+00, 1.266928E+00, 1.687326E+00,NULL,NULL,1,mc_qqps,54
-21042,2958,20228,74708,94C2, 9.125000E+01,18,10,28,18,10, 1.645896E+02, 4.892790E+01,-4.579617E+01, 2.277366E+02, 2.274503E+02, 1.263613E+01, 1.511236E+02, 4.354744E+01,-4.062103E+01, 2.450998E+02, 3.883747E+01, 9.760050E+00, 1.471353E+00,11, 1.029405E+01,0, 0.000000E+00,0, 0.000000E+00,7, 1.526925E+01, 2.933230E-01, 4.819045E+00,NULL,NULL,1,mc_qqps,54
-21042,2959,20228,74717,94C2, 9.125000E+01,21,7,28,21,7,-2.310277E+00, 2.336533E+00, 7.393795E+00, 7.638339E+01, 7.615288E+01, 3.626328E+00,-3.454984E+00, 3.366579E+00, 9.381385E+00, 8.426939E+01, 7.126949E+01, 7.252101E+00, 6.338954E-01,8, 5.514257E+00,2, 0.000000E+00,0, 0.000000E+00,4, 6.715114E+00, 1.104174E+00, 2.358425E+00,NULL,NULL,1,mc_qqps,54
-21042,2960,20228,74729,94C2, 9.125000E+01,18,15,33,18,15, 6.457698E-01,-1.140384E+01,-5.122822E+00, 3.052758E+01, 3.021186E+01, 1.678437E+00, 3.900560E-01, 1.250562E+01, 5.181717E+00, 7.548167E+01, 3.008139E+01, 6.991810E+00, 2.270037E+01,16, 1.693287E+00,0, 0.000000E+00,0, 0.000000E+00,11, 2.164725E+01, 5.062018E-01, 7.353240E+00,NULL,NULL,1,mc_qqps,54
-21042,2961,20228,74739,94C2, 9.125000E+01,32,7,39,32,7,-4.412373E-01,-5.215440E+00, 7.237023E+00, 6.692271E+01, 6.612809E+01, 2.066503E+00, 5.164278E-01,-7.244225E+00, 1.165558E+01, 9.097469E+01, 5.983586E+01, 1.845570E+01, 5.618841E+00,6, 1.519926E+00,2, 0.000000E+00,0, 0.000000E+00,4, 1.656159E+01, 8.987220E-01, 6.888004E+00,NULL,NULL,1,mc_qqps,54
-21042,2962,20228,74752,94C2, 9.125000E+01,34,18,52,34,18,-6.136122E+00, 3.917593E+00, 8.859921E+00, 5.912956E+01, 5.850518E+01, 1.720740E+00,-1.380684E-01,-7.115090E-01,-1.311786E+00, 8.523577E+01, 4.658654E+01, 1.694510E+01, 5.864392E+00,7, 0.000000E+00,8, 0.000000E+00,0, 0.000000E+00,6, 7.839984E+00, 6.057948E-01, 1.790607E+00,2, 0.000000E+00,1,mc_qqps,54
-21042,2963,20228,74815,94C2, 9.125000E+01,24,17,41,24,17, 3.405482E+00, 6.966875E-01,-4.838953E+00, 5.457080E+01, 5.419251E+01, 2.258021E+00,-5.215046E+00,-3.922565E+00, 9.795151E+00, 9.205717E+01, 5.165513E+01, 3.748638E+01, 0.000000E+00,2, 0.000000E+00,17, 4.969563E+00,0, 0.000000E+00,1, 3.478884E+00, 3.478884E+00, 3.478884E+00,NULL,NULL,1,mc_qqps,54
-21042,2964,20228,74829,94C2, 9.125000E+01,24,12,36,24,12,-1.222963E+01, 7.695008E+00, 7.739543E+00, 3.801881E+01, 3.758496E+01, 1.566040E+00, 3.245350E+00, 1.131015E+00,-1.045846E+00, 6.420674E+01, 3.464884E+01, 2.002495E+01, 4.111290E+00,15, 5.686868E-01,0, 0.000000E+00,0, 0.000000E+00,9, 2.077837E+01, 4.855523E-01, 7.771480E+00,NULL,NULL,1,mc_qqps,54
-21042,2965,20228,74841,94C2, 9.125000E+01,35,13,48,35,13, 1.051075E+01, 8.248034E+00,-1.236867E+01, 5.999917E+01, 5.946573E+01, 1.699021E+00, 4.960023E+00, 3.090289E+00,-5.937418E+00, 7.904372E+01, 4.198697E+01, 7.399539E+00, 8.420911E+00,9, 5.047551E+00,2, 5.352091E-01,0, 0.000000E+00,6, 7.255381E+00, 7.183022E-01, 1.773601E+00,NULL,NULL,1,mc_qqps,54
-21042,2966,20228,74901,94C2, 9.125000E+01,33,17,50,33,17, 1.964453E+00,-1.069038E+00, 2.791578E+00, 6.453996E+01, 6.418998E+01, 1.945151E+00, 3.787130E+00,-2.330322E-02, 3.812453E+00, 1.058802E+02, 4.584438E+01, 3.284047E+01, 8.499771E+00,0, 0.000000E+00,23, 7.776811E+00,0, 0.000000E+00,NULL,NULL,NULL,NULL,2, 0.000000E+00,1,mc_qqps,54
-21042,2967,20228,74922,94C2, 9.125000E+01,27,21,48,27,21,-6.506618E+00,-2.465615E+00,-1.201815E+01, 3.262918E+01, 3.189144E+01, 1.181165E+00,-7.102238E+00,-3.795699E-01,-1.182344E+01, 7.020310E+01, 2.919648E+01, 2.988328E+01, 3.396313E+00,14, 2.932107E+00,8, 0.000000E+00,0, 0.000000E+00,11, 2.648862E+01, 4.322431E-01, 5.839811E+00,1, 0.000000E+00,1,mc_qqps,54
-21042,2968,20228,74937,94C2, 9.125000E+01,21,12,33,21,12,-2.180426E+00,-2.405652E+01,-3.778327E+00, 6.299043E+01, 6.263617E+01, 2.982675E+00,-2.906685E+00,-4.347510E+01,-1.015971E+01, 1.033414E+02, 4.956915E+01, 8.539849E+00, 2.114911E+01,12, 8.466694E+00,0, 0.000000E+00,0, 0.000000E+00,7, 1.923732E+01, 3.817179E-01, 5.232929E+00,NULL,NULL,1,mc_qqps,54
-21042,2969,20228,74948,94C2, 9.125000E+01,22,8,30,22,8, 4.797012E+01, 6.731101E-01, 1.440597E+02, 4.723834E+02, 4.722709E+02, 2.146686E+01, 4.747528E+01, 2.635269E-01, 1.383758E+02, 4.850149E+02, 1.514251E+00, 1.252557E+01, 1.059468E-01,0, 0.000000E+00,13, 2.097124E+01,0, 0.000000E+00,NULL,NULL,NULL,NULL,3, 0.000000E+00,0,mc_qqps,54
-21042,2970,20228,75004,94C2, 9.125000E+01,36,14,50,36,14,-1.520937E+01, 1.900800E+01, 1.610476E+01, 6.167161E+01, 6.091538E+01, 1.692094E+00,-1.968987E+01, 2.473932E+01, 1.872258E+01, 1.020440E+02, 5.070582E+01, 2.806032E+01, 1.975000E-01,14, 1.448886E+00,1, 0.000000E+00,0, 0.000000E+00,9, 1.975169E+01, 5.989298E-01, 5.807883E+00,NULL,NULL,1,mc_qqps,54
-21042,2971,20228,75018,94C2, 9.125000E+01,15,3,18,15,3,-7.632514E-01, 2.508132E+00,-1.923045E+00, 2.107331E+01, 2.086884E+01, 1.391256E+00,-9.204891E-01, 1.728163E-01,-2.081897E+00, 5.327436E+01, 1.907924E+01, 0.000000E+00, 3.228617E+01,2, 0.000000E+00,0, 0.000000E+00,0, 0.000000E+00,NULL,NULL,NULL,NULL,NULL,NULL,1,mc_qqps,54
-21042,2972,20228,75029,94C2, 9.125000E+01,33,16,49,33,16, 3.727087E+00, 2.465423E+00,-1.494637E+00, 6.625469E+01, 6.591422E+01, 1.997400E+00,-4.779181E+00,-2.137188E+00, 1.931680E+00, 9.165330E+01, 5.023931E+01, 2.477447E+01, 0.000000E+00,21, 8.622607E+00,2, 0.000000E+00,0, 0.000000E+00,14, 2.490540E+01, 3.923061E-01, 7.234498E+00,NULL,NULL,1,mc_qqps,54
-21042,2973,20228,75041,94C2, 9.125000E+01,28,18,46,28,18,-1.067526E+01,-4.155870E+00,-1.639097E+00, 5.632194E+01, 5.568997E+01, 1.988928E+00,-6.647217E+00,-5.409972E+00, 2.524862E-01, 8.205293E+01, 5.347289E+01, 2.270734E+01, 7.757825E-01,21, 3.879922E+00,1, 0.000000E+00,0, 0.000000E+00,15, 2.252985E+01, 6.330506E-01, 5.954891E+00,NULL,NULL,1,mc_qqps,54
-21042,2974,20228,75057,94C2, 9.125000E+01,16,8,24,16,8,-2.178144E+00,-1.918452E+00, 3.357187E+00, 7.809808E+01, 7.791308E+01, 4.869567E+00, 2.102438E+00, 2.017887E+00,-2.308602E+00, 8.751446E+01, 7.697356E+01, 9.416364E+00, 0.000000E+00,4, 0.000000E+00,4, 0.000000E+00,0, 0.000000E+00,2, 5.154860E+00, 8.212447E-01, 4.333615E+00,NULL,NULL,1,mc_qqps,54
-21042,2975,20228,75112,94C2, 9.125000E+01,23,12,35,23,12,-6.805471E-01, 1.245253E+01,-3.310426E+01, 5.055424E+01, 5.006020E+01, 2.176530E+00,-7.564943E-01, 3.948566E+00,-1.620571E+01, 1.004361E+02, 3.321711E+01, 1.861545E+01, 3.126645E+01,3, 0.000000E+00,10, 6.159602E+00,0, 0.000000E+00,1, 5.024818E+00, 5.024818E+00, 5.024818E+00,3, 0.000000E+00,1,mc_qqps,54
-21042,2976,20228,75150,94C2, 9.125000E+01,34,14,48,34,14, 3.465213E+00, 3.233893E+00, 1.453075E+00, 6.438368E+01, 6.365510E+01, 1.872209E+00,-6.081073E-01, 1.042356E+00, 2.879544E+00, 8.223879E+01, 5.730538E+01, 1.347619E+01, 1.284868E+00,19, 1.335018E+01,0, 0.000000E+00,0, 0.000000E+00,11, 1.657025E+01, 3.121811E-01, 4.685866E+00,NULL,NULL,1,mc_qqps,54
-21042,2977,20228,75216,94C2, 9.125000E+01,28,6,34,28,6,-1.370912E+01,-8.500657E+00,-3.075586E+00, 5.431526E+01, 5.378195E+01, 1.920784E+00, 2.134383E+00, 1.100904E+00, 1.066503E+00, 8.312155E+01, 4.974931E+01, 2.880628E+01, 0.000000E+00,14, 9.586660E+00,0, 0.000000E+00,0, 0.000000E+00,5, 2.846939E+01, 5.514662E-01, 2.388246E+01,NULL,NULL,1,mc_qqps,54
-21042,2978,20228,75243,94C2, 9.125000E+01,16,16,32,16,16, 3.967934E+00, 1.171889E+00,-1.354045E+00, 2.000506E+01, 1.967393E+01, 1.229621E+00, 2.385059E+00, 7.557793E-01,-1.616567E+00, 3.877516E+01, 1.649604E+01, 9.127441E+00, 8.959386E+00,12, 5.170983E+00,1, 0.000000E+00,0, 0.000000E+00,9, 7.691728E+00, 4.412913E-01, 1.407195E+00,NULL,NULL,1,mc_qqps,54
-21042,2979,20228,75314,94C2, 9.125000E+01,26,17,43,26,17, 1.312043E+00,-1.308820E+00, 3.921708E+00, 4.351728E+01, 4.293116E+01, 1.651199E+00,-3.810259E-01,-1.327014E+00, 9.806120E+00, 6.460369E+01, 2.423243E+01, 1.620765E+01, 4.295983E+00,2, 0.000000E+00,14, 2.818898E+00,0, 0.000000E+00,2, 9.982314E-01, 4.154634E-01, 5.827680E-01,1, 0.000000E+00,1,mc_qqps,54
-21042,2980,20228,75345,94C2, 9.125000E+01,22,12,34,22,12, 4.757447E+00, 5.400704E-01, 3.099049E-01, 7.123591E+01, 7.076834E+01, 3.216743E+00,-9.918922E+00, 1.209560E+00,-2.699332E+00, 1.013743E+02, 6.695066E+01, 9.219076E+00, 1.391863E+01,16, 1.797140E+01,0, 0.000000E+00,0, 0.000000E+00,9, 1.418007E+01, 4.830411E-01, 3.394874E+00,NULL,NULL,1,mc_qqps,54
-21042,2981,20228,75415,94C2, 9.125000E+01,19,5,24,19,5,-8.063431E-01, 9.826580E-01, 4.228288E+00, 5.271554E+01, 5.238585E+01, 2.757150E+00,-5.975492E-01, 4.307011E+00,-7.778044E+00, 6.912224E+01, 1.005632E+01, 7.614739E+00, 8.791954E+00,0, 0.000000E+00,7, 1.669556E+00,0, 0.000000E+00,NULL,NULL,NULL,NULL,NULL,NULL,0,mc_qqps,54
-21042,2982,20228,75438,94C2, 9.125000E+01,47,8,55,47,8,-5.705657E+00, 3.053991E+01,-8.850866E+00, 1.037795E+02, 1.031535E+02, 2.194754E+00,-5.106020E+00, 2.897871E+01,-8.528320E+00, 1.119189E+02, 8.915814E+01, 6.688277E+00, 1.457806E+00,14, 7.957918E+00,0, 0.000000E+00,0, 0.000000E+00,6, 5.825627E+00, 5.676883E-01, 1.710215E+00,NULL,NULL,1,mc_qqps,54
-21042,2983,20228,75509,94C2, 9.125000E+01,14,16,30,14,16, 1.455296E+00, 3.914979E-01, 1.293470E+01, 5.703143E+01, 5.686447E+01, 4.061748E+00, 2.137776E+00,-1.348676E+00, 2.015893E+01, 8.467606E+01, 2.666520E+00, 1.954073E+01, 8.103909E+00,0, 0.000000E+00,9, 3.656989E+00,0, 0.000000E+00,NULL,NULL,NULL,NULL,3, 0.000000E+00,0,mc_qqps,54
-21042,2984,20228,75529,94C2, 9.125000E+01,28,27,55,28,27, 5.619636E+00,-1.198591E-01,-1.063730E+01, 4.468512E+01, 4.430756E+01, 1.582413E+00, 8.258377E+00,-9.620306E-01,-2.078425E+01, 7.635258E+01, 1.656799E+01, 3.025447E+01, 1.412996E+00,2, 0.000000E+00,26, 6.818538E+00,0, 0.000000E+00,2, 1.247714E+00, 5.693325E-01, 6.783818E-01,4, 0.000000E+00,1,mc_qqps,54
-21042,2985,20228,75605,94C2, 9.125000E+01,27,11,38,27,11, 5.190101E-02, 2.347692E+00,-4.595068E-01, 4.965937E+01, 4.924623E+01, 1.823935E+00,-3.041784E+00,-1.266182E+01, 1.324371E+01, 7.576017E+01, 4.799094E+01, 2.510001E+01, 0.000000E+00,9, 1.458344E+00,4, 0.000000E+00,0, 0.000000E+00,7, 1.960095E+01, 6.326442E-01, 6.062820E+00,NULL,NULL,1,mc_qqps,54
-21042,2986,20228,75631,94C2, 9.125000E+01,31,16,47,31,16,-2.541440E+00,-4.495362E+00,-1.191838E+00, 5.342812E+01, 5.276469E+01, 1.702087E+00,-6.782146E+00,-1.748059E+01,-1.030003E+01, 1.001857E+02, 4.728038E+01, 3.459748E+01, 4.899638E-01,22, 6.350246E+00,0, 0.000000E+00,0, 0.000000E+00,13, 3.785607E+01, 7.772530E-01, 9.221188E+00,NULL,NULL,1,mc_qqps,54
-21042,2987,20228,75645,94C2, 9.125000E+01,23,13,36,23,13, 6.660404E+00, 7.933726E+00, 5.779296E+00, 5.366930E+01, 5.326934E+01, 2.316058E+00, 2.766818E+00, 7.014135E-01, 7.829655E-01, 8.663099E+01, 5.041189E+01, 2.833760E+01, 1.488545E+00,15, 7.439213E+00,0, 0.000000E+00,0, 0.000000E+00,11, 2.795808E+01, 3.406458E-01, 8.242051E+00,NULL,NULL,1,mc_qqps,54
-21042,2988,20228,75657,94C2, 9.125000E+01,37,23,60,37,23,-3.047218E+00,-2.119187E+00, 2.019031E+01, 6.259011E+01, 6.184335E+01, 1.671442E+00,-1.106662E+00,-2.731554E+00, 1.432085E+01, 9.254340E+01, 2.437144E+01, 2.617980E+01, 3.773484E+00,0, 0.000000E+00,23, 4.815126E+00,0, 0.000000E+00,NULL,NULL,NULL,NULL,2, 0.000000E+00,1,mc_qqps,54
-21042,2989,20228,75716,94C2, 9.125000E+01,22,9,31,22,9,-4.243897E+00,-3.673077E+00, 1.179025E+01, 5.047254E+01, 4.996759E+01, 2.271254E+00,-8.571007E+00,-5.336515E+00, 2.055966E+01, 7.566412E+01, 4.832805E+01, 1.439129E+01, 1.124454E+01,0, 0.000000E+00,9, 9.531928E+00,0, 0.000000E+00,NULL,NULL,NULL,NULL,NULL,NULL,1,mc_qqps,54
-21042,2990,20228,75730,94C2, 9.125000E+01,18,11,29,18,11,-9.239047E-01, 7.505698E-01,-1.066795E+00, 6.481826E+01, 6.466763E+01, 3.592646E+00, 1.042675E+00,-2.343385E+00, 8.555265E-01, 9.200495E+01, 6.039194E+01, 1.844202E+01, 8.744674E+00,5, 1.729179E-01,7, 0.000000E+00,0, 0.000000E+00,4, 6.525922E+00, 4.096161E-01, 3.138201E+00,NULL,NULL,1,mc_qqps,54
-21042,2991,20228,75747,94C2, 9.125000E+01,41,11,52,41,11,-6.955828E+00,-1.462072E+00, 2.429822E+00, 8.734912E+01, 8.649752E+01, 2.109696E+00,-1.499285E+01,-1.828326E+00, 2.724128E+00, 1.107103E+02, 6.004657E+01, 1.074749E+01, 8.955807E+00,14, 4.356257E+00,0, 0.000000E+00,0, 0.000000E+00,7, 1.444619E+01, 3.205794E-01, 4.930124E+00,NULL,NULL,1,mc_qqps,54
-21042,2992,20228,75800,94C2, 9.125000E+01,35,17,52,35,17, 4.284115E-01,-5.469261E+00, 7.292439E+00, 5.406283E+01, 5.341356E+01, 1.526102E+00,-8.181741E-01, 5.274881E+00, 2.103647E+00, 8.250028E+01, 2.954592E+01, 1.610788E+01, 1.232959E+01,7, 4.222434E-01,11, 0.000000E+00,0, 0.000000E+00,3, 5.851199E+00, 9.879046E-01, 3.740564E+00,2, 0.000000E+00,1,mc_qqps,54
-21042,2993,20228,75819,94C2, 9.125000E+01,23,18,41,23,18,-3.597975E+00,-2.966996E+00, 3.162705E+00, 5.695159E+01, 5.636230E+01, 2.450535E+00,-2.728547E+00,-3.939492E+00, 4.272114E+00, 8.770128E+01, 5.529076E+01, 2.573049E+01, 1.512367E+00,20, 9.091941E+00,0, 0.000000E+00,0, 0.000000E+00,15, 2.887767E+01, 6.946273E-01, 5.176425E+00,NULL,NULL,1,mc_qqps,54
-21042,2994,20228,75832,94C2, 9.125000E+01,20,18,38,20,18,-8.604450E+00, 4.356624E+00, 7.235283E+00, 3.327333E+01, 3.278128E+01, 1.639064E+00,-6.544738E+00, 3.441021E+00, 3.833109E+00, 8.630116E+01, 3.123263E+01, 2.255193E+01, 2.718742E+01,13, 2.255004E+00,0, 0.000000E+00,0, 0.000000E+00,11, 2.449679E+01, 7.377387E-01, 7.061662E+00,NULL,NULL,1,mc_qqps,54
-21042,2995,20228,75847,94C2, 9.125000E+01,32,15,47,32,15,-7.998981E+00, 6.241932E+00, 4.007498E+01, 9.798228E+01, 9.766127E+01, 3.051915E+00,-2.554004E+00,-3.800855E-01, 1.796976E+01, 1.280687E+02, 6.453768E+01, 2.972485E+01, 3.615463E-01,1, 0.000000E+00,20, 9.460824E+00,0, 0.000000E+00,NULL,NULL,NULL,NULL,1, 0.000000E+00,1,mc_qqps,54
-21042,2996,20228,75901,94C2, 9.125000E+01,35,10,45,35,10,-2.522494E+00,-9.143767E+00, 1.038734E+01, 6.496570E+01, 6.412825E+01, 1.832236E+00,-2.547954E+00,-3.370579E+00, 3.185840E+00, 8.074352E+01, 5.626773E+01, 1.002844E+01, 3.216023E+00,7, 3.426034E+00,2, 0.000000E+00,0, 0.000000E+00,4, 1.094484E+01, 5.849058E-01, 6.385697E+00,NULL,NULL,1,mc_qqps,54
-21042,2997,20228,75920,94C2, 9.125000E+01,26,16,42,26,16,-1.301610E+01,-1.568678E+00,-8.546774E+00, 5.405151E+01, 5.363667E+01, 2.062949E+00, 1.306418E+01, 3.547045E+00,-7.497445E-01, 8.411466E+01, 5.057987E+01, 1.612637E+01, 1.393678E+01,13, 7.531456E+00,2, 0.000000E+00,0, 0.000000E+00,10, 1.590202E+01, 4.215576E-01, 4.604376E+00,NULL,NULL,1,mc_qqps,54
-21042,2998,20228,75934,94C2, 9.125000E+01,36,15,51,36,15,-1.426372E+01, 3.716671E+00, 4.136887E+00, 6.360055E+01, 6.292404E+01, 1.747890E+00,-1.108344E+01, 5.037726E+00, 3.461481E+00, 1.189330E+02, 5.219269E+01, 5.076643E+01, 0.000000E+00,22, 2.150096E+00,0, 0.000000E+00,0, 0.000000E+00,14, 4.193413E+01, 5.384415E-01, 2.295775E+01,NULL,NULL,1,mc_qqps,54
-21042,2999,20228,75951,94C2, 9.125000E+01,15,16,31,15,16,-2.537441E+00, 1.775003E+00, 1.082269E+00, 7.060001E+01, 7.040331E+01, 4.693554E+00,-4.876962E-01, 2.721509E-01, 1.304213E+00, 1.004911E+02, 6.996346E+01, 1.255443E+01, 9.315621E+00,17, 1.152104E+01,0, 0.000000E+00,0, 0.000000E+00,12, 2.027578E+01, 9.692223E-02, 7.494603E+00,1, 0.000000E+00,1,mc_qqps,54
-21042,3000,20228,80003,94C2, 9.125000E+01,24,14,38,24,14,-2.850988E+00, 5.549404E+00,-9.723763E+00, 3.356561E+01, 3.315829E+01, 1.381596E+00,-3.417002E+00, 6.805665E+00,-9.433451E+00, 9.236028E+01, 2.516539E+01, 5.142333E+01, 7.371343E+00,2, 0.000000E+00,11, 5.039142E+00,0, 0.000000E+00,2, 1.639329E+00, 8.162606E-01, 8.230689E-01,1, 0.000000E+00,1,mc_qqps,54
-21042,3001,20228,80015,94C2, 9.125000E+01,37,9,46,37,9,-8.329983E-01,-1.239566E+00,-6.522685E-01, 7.973863E+01, 7.900893E+01, 2.135377E+00,-2.658239E+00,-4.305059E+00, 9.644364E-01, 1.020996E+02, 6.740530E+01, 1.827108E+01, 4.119843E+00,13, 3.531795E+00,0, 0.000000E+00,0, 0.000000E+00,5, 1.086871E+01, 1.373754E+00, 3.220234E+00,NULL,NULL,1,mc_qqps,54
-21043,1,20227,160234,94C2, 9.125000E+01,25,22,47,25,22,-1.240378E+00,-1.034422E+01,-1.721113E+01, 6.879130E+01, 6.838467E+01, 2.735387E+00, 1.732214E+00,-4.684526E+00,-4.908605E+00, 1.091976E+02, 5.158390E+01, 1.705100E+01, 2.335533E+01,1, 0.000000E+00,20, 6.896815E+00,0, 0.000000E+00,NULL,NULL,NULL,NULL,NULL,NULL,1,mc_qqps,55
-21043,2,20227,160251,94C2, 9.125000E+01,18,16,34,18,16,-8.994054E-01, 1.181016E+01, 7.160065E+00, 4.697105E+01, 4.666862E+01, 2.592701E+00,-3.061885E-02, 1.076979E+01, 7.027368E+00, 6.836464E+01, 4.593379E+01, 1.437376E+01, 4.126597E+00,12, 3.419885E+00,1, 0.000000E+00,0, 0.000000E+00,10, 1.621179E+01, 5.509855E-01, 5.115466E+00,NULL,NULL,1,mc_qqps,55
-21043,3,20227,160306,94C2, 9.125000E+01,20,7,27,20,7,-9.988618E+00,-2.736483E+00, 3.769894E+00, 4.431696E+01, 4.391149E+01, 2.195575E+00,-2.826627E+00,-1.537937E+00, 1.206738E+00, 7.492232E+01, 4.120110E+01, 2.007808E+01, 1.052811E+01,5, 4.323504E-01,0, 0.000000E+00,0, 0.000000E+00,3, 1.953725E+01, 4.047342E+00, 1.093142E+01,NULL,NULL,1,mc_qqps,55
-21043,4,20227,160317,94C2, 9.125000E+01,19,7,26,19,7,-1.027781E+01, 6.152578E+00,-3.150696E+00, 3.996892E+01, 3.965321E+01, 2.087011E+00, 1.130961E+01,-6.692950E+00, 6.798558E+00, 7.495505E+01, 3.452656E+01, 1.367170E+01, 2.141419E+01,5, 3.059066E-01,0, 0.000000E+00,0, 0.000000E+00,1, 1.367170E+01, 1.367170E+01, 1.367170E+01,NULL,NULL,1,mc_qqps,55
-21043,5,20227,160330,94C2, 9.125000E+01,16,17,33,16,17,-1.432860E+00,-5.997446E-01,-4.350437E+00, 1.229740E+01, 1.195176E+01, 7.469850E-01,-4.032217E-01, 9.982050E-01, 1.609930E+01, 4.542949E+01, 6.448664E+00, 3.313209E+01, 0.000000E+00,5, 2.166272E-01,10, 2.416724E+00,0, 0.000000E+00,4, 2.522181E+00, 3.969544E-01, 7.830507E-01,5, 0.000000E+00,0,mc_qqps,55
-21043,6,20227,160402,94C2, 9.125000E+01,18,18,36,18,18, 4.786413E-01, 8.846624E-01,-5.740857E-01, 5.938498E+01, 5.923335E+01, 3.290741E+00,-6.275369E+00, 2.239922E+00, 9.773195E+00, 9.406062E+01, 5.674268E+01, 2.396250E+01, 1.073025E+01,3, 0.000000E+00,15, 2.789039E+00,0, 0.000000E+00,2, 2.414033E+00, 1.064130E+00, 1.349902E+00,NULL,NULL,1,mc_qqps,55
-21043,7,20227,160413,94C2, 9.125000E+01,25,16,41,25,16, 7.278578E+00, 7.628344E-01, 3.140490E+00, 7.696672E+01, 7.667326E+01, 3.066930E+00,-8.191580E-01, 2.239583E+00, 1.923808E+00, 9.621658E+01, 6.802837E+01, 1.075360E+01, 1.523812E+00,20, 2.102868E+01,0, 0.000000E+00,0, 0.000000E+00,13, 1.537568E+01, 4.313552E-01, 3.439360E+00,NULL,NULL,1,mc_qqps,55
-21043,8,20227,160426,94C2, 9.125000E+01,19,14,33,19,14, 9.628752E-01,-2.513451E+00,-7.735517E-01, 4.921088E+01, 4.892661E+01, 2.575085E+00, 9.263656E-01,-4.694345E+00,-6.787382E-01, 6.877055E+01, 4.795823E+01, 1.712718E+01, 2.625532E+00,15, 5.450907E+00,0, 0.000000E+00,0, 0.000000E+00,12, 1.712718E+01, 4.401908E-01, 3.570216E+00,NULL,NULL,1,mc_qqps,55
-21043,9,20227,160438,94C2, 9.125000E+01,16,6,22,16,6, 6.195124E+00,-1.216800E+01, 3.201138E+00, 5.834766E+01, 5.814399E+01, 3.633999E+00, 5.966493E+00,-1.161753E+01, 1.658379E+00, 6.568256E+01, 5.806501E+01, 2.532068E+00, 2.777545E+00,8, 9.934071E-01,1, 0.000000E+00,0, 0.000000E+00,4, 3.834328E+00, 3.984859E-01, 2.025293E+00,NULL,NULL,1,mc_qqps,55
-21043,10,20227,160452,94C2, 9.125000E+01,32,12,44,32,12, 1.267383E+00,-9.928125E+00, 2.192428E+00, 7.767136E+01, 7.722601E+01, 2.413313E+00, 9.760509E+00,-1.068871E+01,-3.253049E+00, 9.271751E+01, 6.714473E+01, 1.324359E+01, 0.000000E+00,20, 7.358887E+00,2, 0.000000E+00,0, 0.000000E+00,10, 1.395123E+01, 3.317340E-01, 5.431929E+00,NULL,NULL,1,mc_qqps,55
-21043,11,20227,160505,94C2, 9.125000E+01,40,11,51,40,11,-5.150032E-01, 1.532431E+00,-2.041032E-01, 8.547593E+01, 8.463167E+01, 2.115792E+00,-4.250268E+00, 2.333090E+00, 1.335787E+00, 1.078998E+02, 7.948510E+01, 1.093222E+01, 1.150368E+01,13, 1.663571E+00,1, 0.000000E+00,0, 0.000000E+00,5, 4.789929E+00, 8.761268E-01, 1.155199E+00,NULL,NULL,1,mc_qqps,55
-21043,12,20227,160523,94C2, 9.125000E+01,29,10,39,29,10,-2.586510E+00, 4.347965E-01, 4.876726E-01, 4.759812E+01, 4.691223E+01, 1.617663E+00,-1.289264E+01, 5.887911E+00, 1.240543E+01, 8.375927E+01, 3.366792E+01, 3.412395E+01, 2.037199E+00,11, 7.684588E-01,0, 0.000000E+00,0, 0.000000E+00,8, 3.412395E+01, 9.638122E-01, 1.524097E+01,NULL,NULL,1,mc_qqps,55
-21043,13,20227,160538,94C2, 9.125000E+01,31,12,43,31,12,-3.489835E+00,-1.474388E+00, 5.632671E+00, 8.191038E+01, 8.098393E+01, 2.612385E+00, 1.304864E+00, 1.815946E+00, 4.170996E-01, 9.363516E+01, 7.607720E+01, 8.488903E+00, 3.924651E-01,15, 4.149118E+00,1, 0.000000E+00,0, 0.000000E+00,10, 1.093862E+01, 3.434506E-01, 2.973362E+00,NULL,NULL,1,mc_qqps,55
-21043,14,20227,160552,94C2, 9.125000E+01,28,17,45,28,17, 1.533807E+00,-8.737249E-01,-2.241515E+01, 6.047285E+01, 5.997813E+01, 2.142076E+00, 2.416509E+00,-3.880208E-01,-2.757570E+01, 8.389976E+01, 7.479694E-01, 2.342691E+01, 0.000000E+00,0, 0.000000E+00,19, 1.805011E+01,0, 0.000000E+00,NULL,NULL,NULL,NULL,4, 0.000000E+00,0,mc_qqps,55
-21043,15,20227,160609,94C2, 9.125000E+01,45,18,63,45,18, 1.632787E+00,-5.534079E+00,-2.187636E+00, 6.932508E+01, 6.858739E+01, 1.524164E+00, 4.674006E+00, 3.489921E+00, 3.084440E+00, 1.082591E+02, 6.001417E+01, 2.452923E+01, 7.741156E+00,20, 6.872032E+00,0, 0.000000E+00,0, 0.000000E+00,12, 2.497584E+01, 3.705122E-01, 5.611171E+00,NULL,NULL,1,mc_qqps,55
-21043,16,20227,160624,94C2, 9.125000E+01,81,26,106,80,26,-7.202705E+00, 8.127720E-01, 1.487180E+00, 5.499599E+01, 5.190570E+01, 6.488212E-01,-4.016617E+00,-2.293882E-01, 1.849869E+00, 8.633157E+01, 4.314058E+01, 2.351382E+01, 3.282135E+00,18, 4.982001E+00,10, 6.492040E-01,0, 0.000000E+00,12, 1.735703E+01, 5.854272E-01, 3.802114E+00,2, 0.000000E+00,1,mc_qqps,55
-21043,17,20227,160644,94C2, 9.125000E+01,35,17,52,35,17, 6.306870E+00, 4.493441E+00,-1.034531E+01, 6.550064E+01, 6.509084E+01, 1.859738E+00, 1.129126E+01, 1.095214E+01,-1.582329E+01, 8.926080E+01, 5.827003E+01, 1.417606E+01, 5.495373E+00,16, 4.787945E-01,3, 0.000000E+00,0, 0.000000E+00,10, 1.078394E+01, 5.950569E-01, 2.596108E+00,NULL,NULL,1,mc_qqps,55
-21043,18,20227,160701,94C2, 9.125000E+01,38,15,53,38,15, 1.229686E+01,-5.692244E-01, 4.414420E+00, 4.852989E+01, 4.783213E+01, 1.258740E+00, 6.759099E+00,-2.471589E+00, 3.428841E+00, 7.439697E+01, 4.134763E+01, 1.895627E+01, 3.300338E+00,18, 5.854156E+00,1, 0.000000E+00,0, 0.000000E+00,14, 2.256674E+01, 5.392743E-01, 4.864498E+00,NULL,NULL,1,mc_qqps,55
-21043,19,20227,160718,94C2, 9.125000E+01,19,7,26,19,7, 3.302034E+00, 2.475333E+01, 6.408429E+00, 6.572304E+01, 6.531919E+01, 3.437852E+00, 9.372230E-01, 1.399512E+01, 3.789264E+00, 7.913981E+01, 6.392961E+01, 9.379584E+00, 0.000000E+00,9, 1.830124E+00,0, 0.000000E+00,0, 0.000000E+00,6, 1.136101E+01, 5.438002E-01, 4.037185E+00,NULL,NULL,1,mc_qqps,55
-21043,20,20227,160728,94C2, 9.125000E+01,13,21,34,13,21,-1.108178E+00,-1.743265E+00,-1.730902E+00, 5.424964E+00, 4.931706E+00, 3.793620E-01, 4.384673E-01,-1.539147E+00, 5.119216E+00, 4.082412E+01, 2.927228E+00, 3.407008E+01, 1.329069E+00,3, 0.000000E+00,6, 0.000000E+00,0, 0.000000E+00,2, 1.069811E+00, 5.172751E-01, 5.525359E-01,11, 0.000000E+00,0,mc_qqps,55
-21043,21,20227,160802,94C2, 9.125000E+01,13,7,20,13,7,-1.155279E+01, 1.368117E+01, 3.405565E+01, 6.414407E+01, 6.405035E+01, 4.926950E+00,-4.147034E+00, 4.439664E+00, 9.759029E+00, 9.916142E+01, 3.956761E+01, 3.472724E+01, 2.901115E-01,2, 0.000000E+00,8, 5.295008E-01,0, 0.000000E+00,1, 1.705678E+00, 1.705678E+00, 1.705678E+00,NULL,NULL,1,mc_qqps,55
-21043,22,20227,160809,94C2, 9.125000E+01,52,21,73,52,21,-3.251630E+00, 4.515300E+00, 2.726621E+00, 6.978073E+01, 6.850698E+01, 1.317442E+00, 1.374192E+00, 1.139891E+00,-8.730949E-01, 9.407434E+01, 5.348858E+01, 1.718654E+01, 4.288402E+00,19, 1.017767E+00,6, 2.731592E-01,0, 0.000000E+00,11, 1.350826E+01, 5.738195E-01, 2.312189E+00,NULL,NULL,1,mc_qqps,55
-21043,23,20227,160827,94C2, 9.125000E+01,18,16,34,18,16, 5.845413E+00,-1.749517E+00,-1.732675E+00, 4.341932E+01, 4.327238E+01, 2.404021E+00, 6.578740E+00,-2.186556E+00,-3.966643E+00, 8.428355E+01, 4.333268E+01, 2.449642E+01, 1.273351E+01,17, 9.134144E+00,1, 0.000000E+00,0, 0.000000E+00,12, 2.485658E+01, 7.699109E-01, 4.323607E+00,NULL,NULL,1,mc_qqps,55
-21043,24,20227,160839,94C2, 9.125000E+01,23,12,35,23,12, 2.048857E-01, 3.578780E-01,-1.279140E+01, 7.565857E+01, 7.534831E+01, 3.276014E+00, 1.333989E+00,-4.126062E-01,-1.295288E+01, 1.012156E+02, 5.339319E+01, 2.410276E+01, 0.000000E+00,1, 0.000000E+00,15, 4.850987E+00,0, 0.000000E+00,1, 1.454252E+00, 1.454252E+00, 1.454252E+00,NULL,NULL,1,mc_qqps,55
-21043,25,20227,160853,94C2, 9.125000E+01,21,13,34,21,13, 1.423606E+00,-9.157087E+00, 7.713315E+00, 5.018736E+01, 4.986200E+01, 2.374381E+00, 1.419305E+00,-1.626908E+01, 6.489184E+00, 8.565778E+01, 3.535517E+01, 1.965142E+01, 1.248045E+01,13, 4.871565E+00,1, 0.000000E+00,0, 0.000000E+00,9, 2.217702E+01, 5.314264E-01, 5.849931E+00,NULL,NULL,1,mc_qqps,55
-21043,26,20227,160905,94C2, 9.125000E+01,35,14,49,35,14, 3.703608E-01, 1.914406E-02, 3.444985E+00, 5.318079E+01, 5.230886E+01, 1.494539E+00, 6.005206E-01,-8.751912E-01,-2.935878E+00, 9.242533E+01, 4.358060E+01, 3.757288E+01, 0.000000E+00,18, 3.745410E+00,1, 0.000000E+00,0, 0.000000E+00,12, 3.539849E+01, 3.853096E-01, 9.945508E+00,NULL,NULL,1,mc_qqps,55
-21043,27,20227,160922,94C2, 9.125000E+01,13,20,33,13,20, 8.672860E+00, 7.900869E-01, 1.584746E+00, 4.457326E+01, 4.444315E+01, 3.418704E+00,-2.895837E+00,-1.606661E+00, 1.475730E+00, 9.520789E+01, 4.210514E+01, 3.753608E+01, 1.026866E+01,17, 6.030181E+00,0, 0.000000E+00,0, 0.000000E+00,16, 3.904293E+01, 4.618084E-01, 1.492226E+01,NULL,NULL,1,mc_qqps,55
-21043,28,20227,160935,94C2, 9.125000E+01,37,14,51,37,14,-1.053477E+01,-1.996333E+01, 8.442669E-01, 1.039777E+02, 1.033976E+02, 2.794531E+00,-5.783010E+00,-1.198863E+01, 4.930399E-01, 1.196405E+02, 8.044086E+01, 9.835878E+00, 1.706472E+00,17, 1.783150E+01,1, 0.000000E+00,0, 0.000000E+00,10, 1.221717E+01, 3.828848E-01, 2.564711E+00,NULL,NULL,1,mc_qqps,55
-21043,29,20227,160949,94C2, 9.125000E+01,50,19,69,50,19,-3.338850E+00, 1.281296E+00,-5.091903E+00, 5.053620E+01, 4.886065E+01, 9.772129E-01, 4.687324E+00,-2.167223E+00,-7.352718E+00, 8.686359E+01, 4.416675E+01, 2.764882E+01, 2.347373E+00,17, 2.978317E-01,2, 0.000000E+00,0, 0.000000E+00,13, 2.626353E+01, 8.185185E-01, 6.631523E+00,NULL,NULL,1,mc_qqps,55
-21043,30,20227,161008,94C2, 9.125000E+01,23,16,39,23,16,-3.736949E+00, 3.489043E+00,-7.531130E+00, 5.750415E+01, 5.723128E+01, 2.488316E+00, 6.506658E+00, 3.418907E-01, 6.817050E+00, 8.773653E+01, 5.495554E+01, 2.766312E+01, 2.569262E+00,7, 0.000000E+00,6, 0.000000E+00,0, 0.000000E+00,5, 1.401514E+01, 8.665514E-01, 4.718179E+00,NULL,NULL,1,mc_qqps,55
-21043,31,20227,161025,94C2, 9.125000E+01,56,24,80,56,24,-1.604471E+01,-7.654507E+00,-4.450768E+00, 6.979752E+01, 6.861297E+01, 1.225232E+00, 1.859502E+00,-6.127460E+00, 1.641280E-01, 1.009301E+02, 5.618233E+01, 2.336748E+01, 6.360497E+00,23, 8.169521E+00,3, 0.000000E+00,0, 0.000000E+00,17, 2.095549E+01, 7.240800E-01, 3.511010E+00,NULL,NULL,1,mc_qqps,55
-21043,32,20227,161045,94C2, 9.125000E+01,31,10,41,31,10,-2.391985E+00,-2.354383E+00, 2.558282E+00, 7.288106E+01, 7.238865E+01, 2.335118E+00,-2.937587E+00,-4.639590E+00, 4.107944E+00, 8.870914E+01, 5.255094E+01, 1.336253E+01, 0.000000E+00,17, 9.051138E+00,0, 0.000000E+00,0, 0.000000E+00,9, 1.301798E+01, 5.281209E-01, 4.302038E+00,NULL,NULL,1,mc_qqps,55
-21043,33,20227,161100,94C2, 9.125000E+01,37,11,48,37,11, 2.052508E+00,-1.786203E+00, 5.042666E-01, 5.235253E+01, 5.164813E+01, 1.395895E+00, 3.056962E+00,-2.830025E+00,-4.822120E-01, 6.037363E+01, 4.050504E+01, 5.427936E+00, 2.593163E+00,3, 0.000000E+00,8, 8.098840E+00,0, 0.000000E+00,1, 1.138862E+00, 1.138862E+00, 1.138862E+00,NULL,NULL,1,mc_qqps,55
-21043,34,20227,161111,94C2, 9.125000E+01,47,12,59,47,12, 5.817483E+00,-3.790257E-01, 1.755195E+01, 7.411203E+01, 7.285255E+01, 1.550054E+00, 8.263612E-02, 6.042586E+00, 1.595407E+01, 9.103193E+01, 4.998816E+01, 5.469689E+00, 6.198083E+00,7, 0.000000E+00,12, 0.000000E+00,0, 0.000000E+00,3, 6.157446E+00, 5.461334E-01, 4.735602E+00,NULL,NULL,1,mc_qqps,55
-21043,35,20227,161129,94C2, 9.125000E+01,24,16,40,24,16, 4.264062E+00, 6.270641E+00,-1.138854E+01, 5.244687E+01, 5.216306E+01, 2.173461E+00, 2.645582E+00,-9.971976E-03,-3.833093E+00, 7.293608E+01, 5.189323E+01, 1.531696E+01, 4.813543E+00,8, 3.807891E-01,6, 0.000000E+00,0, 0.000000E+00,6, 1.001089E+01, 7.958062E-01, 2.855398E+00,NULL,NULL,1,mc_qqps,55
-21043,36,20227,161144,94C2, 9.125000E+01,28,19,47,28,19,-2.266471E+00, 5.721142E-01, 1.694416E+01, 9.375040E+01, 9.326808E+01, 3.331003E+00,-3.257674E+00, 6.380860E-01, 1.143140E+01, 1.163945E+02, 6.056773E+01, 2.144528E+01, 1.198780E+00,3, 4.903547E-02,20, 1.252138E+01,0, 0.000000E+00,2, 2.570179E+00, 5.358623E-01, 2.034317E+00,1, 0.000000E+00,1,mc_qqps,55
-21043,37,20227,161159,94C2, 9.125000E+01,30,13,43,30,13, 9.311641E-01, 3.439368E+00,-5.185785E+00, 6.216004E+01, 6.155592E+01, 2.051864E+00, 1.870586E-01, 3.411988E+00,-5.245622E+00, 7.656565E+01, 5.422972E+01, 1.351709E+01, 0.000000E+00,6, 0.000000E+00,10, 1.234374E+01,0, 0.000000E+00,5, 5.485604E+00, 5.004580E-01, 2.923199E+00,NULL,NULL,1,mc_qqps,55
-21043,38,20227,161214,94C2, 9.125000E+01,35,12,47,35,12,-2.416540E+00, 1.837884E+01,-4.711236E+00, 5.499275E+01, 5.412269E+01, 1.546363E+00,-2.059983E+00,-1.152116E+00, 2.590230E+00, 9.991689E+01, 5.200132E+01, 3.304546E+01, 1.076008E+01,15, 3.216673E+00,1, 0.000000E+00,0, 0.000000E+00,9, 3.416407E+01, 4.924213E-01, 1.706844E+01,NULL,NULL,1,mc_qqps,55
-21043,39,20227,161228,94C2, 9.125000E+01,50,14,64,50,14, 9.208742E+00,-5.081638E+00,-2.084755E+00, 8.227233E+01, 8.131603E+01, 1.626321E+00, 1.865816E+01,-1.080223E+01,-3.915030E+00, 1.050650E+02, 4.629366E+01, 2.006932E+01, 2.723339E+00,20, 1.417378E+00,0, 0.000000E+00,0, 0.000000E+00,10, 2.006932E+01, 5.449805E-01, 4.583893E+00,NULL,NULL,1,mc_qqps,55
-21043,40,20227,161242,94C2, 9.125000E+01,30,19,49,30,19, 1.301561E+00,-9.062700E+00,-9.958669E+00, 4.540493E+01, 4.476506E+01, 1.492169E+00, 2.473110E+00, 6.197026E+00,-2.882749E+00, 9.582026E+01, 3.954840E+01, 3.181352E+01, 9.795211E+00,14, 6.452803E+00,6, 0.000000E+00,0, 0.000000E+00,10, 3.734637E+01, 8.367646E-01, 1.623059E+01,NULL,NULL,1,mc_qqps,55
-21043,41,20227,161256,94C2, 9.125000E+01,27,8,35,27,8, 1.472545E+00,-2.211721E+00, 1.115676E+00, 6.868030E+01, 6.817283E+01, 2.524920E+00,-7.597672E+00, 1.037316E+01,-9.699367E+00, 9.474775E+01, 6.614736E+01, 1.857275E+01, 6.335743E+00,11, 2.052999E+01,0, 0.000000E+00,0, 0.000000E+00,3, 9.664234E+00, 6.933398E-01, 7.690289E+00,NULL,NULL,1,mc_qqps,55
-21043,42,20227,161310,94C2, 9.125000E+01,45,10,55,45,10, 4.361636E+00,-2.133726E+00,-1.147513E+00, 6.028157E+01, 5.911564E+01, 1.313681E+00, 4.788583E+00,-4.579339E+00,-4.767529E+00, 7.240566E+01, 4.816000E+01, 7.193711E+00, 3.910984E+00,4, 0.000000E+00,6, 9.332440E-01,0, 0.000000E+00,3, 5.453179E+00, 1.019397E+00, 2.961507E+00,NULL,NULL,1,mc_qqps,55
-21043,43,20227,161336,94C2, 9.125000E+01,36,8,44,36,8, 3.610927E+00, 7.646371E+00, 3.541070E+00, 6.339771E+01, 6.275898E+01, 1.743305E+00, 6.072882E+00, 6.545248E+00, 2.395466E+00, 7.842470E+01, 5.701120E+01, 9.321617E+00, 5.208525E+00,14, 8.264025E-01,0, 0.000000E+00,0, 0.000000E+00,5, 9.465096E+00, 4.968595E-01, 4.407494E+00,NULL,NULL,1,mc_qqps,55
-21043,44,20227,161351,94C2, 9.125000E+01,35,15,50,35,15,-3.015940E+00,-1.265515E+00, 1.267686E+00, 7.025499E+01, 6.960210E+01, 1.988632E+00, 9.149685E+00, 1.487641E+01,-4.171285E+00, 1.100151E+02, 5.684421E+01, 1.757784E+01, 1.894194E+01,16, 3.848313E+00,0, 0.000000E+00,0, 0.000000E+00,9, 2.070035E+01, 3.021264E-01, 6.814114E+00,NULL,NULL,1,mc_qqps,55
-21043,45,20227,161405,94C2, 9.125000E+01,21,15,36,21,15, 2.100345E+00, 1.247885E+00,-2.072523E+01, 3.896429E+01, 3.848901E+01, 1.832810E+00, 2.705062E+00, 7.880164E-01,-1.521787E+01, 9.231158E+01, 3.648052E+00, 3.865969E+01, 1.430020E+01,2, 0.000000E+00,13, 5.435629E+00,0, 0.000000E+00,2, 1.239551E+00, 4.781436E-01, 7.614075E-01,4, 0.000000E+00,0,mc_qqps,55
-21043,46,20227,161446,94C2, 9.125000E+01,16,16,32,16,16, 5.624975E+00,-3.300104E+00, 4.835096E+00, 4.804041E+01, 4.776355E+01, 2.985222E+00,-6.845341E+00, 1.997684E+00,-4.636847E+00, 8.870432E+01, 3.439696E+01, 3.906610E+01, 0.000000E+00,16, 5.013629E-01,1, 0.000000E+00,0, 0.000000E+00,14, 3.787475E+01, 5.406829E-01, 1.324513E+01,NULL,NULL,1,mc_qqps,55
-21043,47,20227,161458,94C2, 9.125000E+01,30,21,51,30,21,-8.026659E+00,-4.506693E+00,-1.094041E+00, 4.929615E+01, 4.891098E+01, 1.630366E+00,-7.786500E+00,-3.064047E+00,-2.292469E+00, 9.856644E+01, 4.895216E+01, 4.083455E+01, 3.964958E+00,24, 3.493869E+00,0, 0.000000E+00,0, 0.000000E+00,15, 4.081784E+01, 5.101383E-01, 2.092689E+01,NULL,NULL,1,mc_qqps,55
-21043,48,20227,161513,94C2, 9.125000E+01,19,21,40,19,21, 2.065918E+00,-1.886005E+01,-1.906249E+00, 5.137709E+01, 5.116547E+01, 2.692919E+00, 3.327918E-01, 5.524512E+00, 1.621121E+00, 8.512350E+01, 5.090940E+01, 3.190601E+01, 9.824917E-01,23, 1.385171E+01,0, 0.000000E+00,0, 0.000000E+00,16, 3.136244E+01, 4.395258E-01, 8.978637E+00,NULL,NULL,1,mc_qqps,55
-21043,49,20227,161525,94C2, 9.125000E+01,46,24,70,46,24,-1.784945E+01, 1.143811E+00,-5.177906E+00, 6.415025E+01, 6.327082E+01, 1.375453E+00,-2.450333E+00,-1.629695E+00,-8.386654E-01, 1.022767E+02, 5.091094E+01, 2.228365E+01, 4.419265E+00,22, 5.342692E+00,1, 0.000000E+00,0, 0.000000E+00,17, 2.940481E+01, 4.120796E-01, 8.426723E+00,NULL,NULL,1,mc_qqps,55
-21043,50,20227,161543,94C2, 9.125000E+01,51,10,61,51,10,-4.964818E+00, 5.571250E-01, 6.002687E-01, 5.631190E+01, 5.427258E+01, 1.064168E+00,-7.572662E+00,-2.539418E-02, 9.117315E-01, 7.065665E+01, 4.650605E+01, 8.161521E+00, 0.000000E+00,13, 6.481544E-01,0, 0.000000E+00,0, 0.000000E+00,9, 1.381665E+01, 5.059959E-01, 5.582258E+00,NULL,NULL,1,mc_qqps,55
-21043,51,20227,161600,94C2, 9.125000E+01,25,11,36,25,11,-7.885341E+00,-2.631401E+00,-3.203404E+00, 4.763809E+01, 4.717876E+01, 1.887151E+00, 9.766956E+00, 2.099674E+00, 1.147191E+00, 8.267750E+01, 4.433661E+01, 2.794227E+01, 5.236023E+00,17, 4.002184E+00,0, 0.000000E+00,0, 0.000000E+00,9, 2.980559E+01, 5.367395E-01, 2.213224E+01,NULL,NULL,1,mc_qqps,55
-21043,52,20227,161612,94C2, 9.125000E+01,29,11,40,29,11,-6.857784E-02,-2.482107E+00, 5.784042E-01, 5.808108E+01, 5.740580E+01, 1.979510E+00,-1.449509E+00,-6.585325E+00, 1.898266E+00, 7.799548E+01, 4.078716E+01, 1.527850E+01, 6.691700E-01,14, 3.535596E-01,0, 0.000000E+00,0, 0.000000E+00,9, 1.913546E+01, 6.087619E-01, 5.647455E+00,NULL,NULL,1,mc_qqps,55
-21043,53,20227,161624,94C2, 9.125000E+01,41,18,59,41,18, 6.479914E+00,-3.055717E+00,-4.807453E+00, 5.059701E+01, 4.877345E+01, 1.189596E+00, 6.351193E-01, 3.792931E+00, 1.291238E+00, 8.934892E+01, 4.593878E+01, 3.618859E+01, 1.475905E+00,17, 3.987095E+00,1, 0.000000E+00,0, 0.000000E+00,14, 3.532330E+01, 5.286991E-01, 7.359067E+00,NULL,NULL,1,mc_qqps,55
-21043,54,20227,161638,94C2, 9.125000E+01,19,15,34,19,15, 1.245466E+01,-8.287604E+00,-2.604077E+00, 6.395477E+01, 6.377117E+01, 3.356377E+00, 1.785515E+00,-6.547962E-01,-8.337145E-01, 9.151543E+01, 6.391062E+01, 2.365066E+01, 1.786875E+00,21, 1.724157E+01,0, 0.000000E+00,0, 0.000000E+00,12, 2.356463E+01, 3.871722E-01, 8.249582E+00,NULL,NULL,1,mc_qqps,55
-21043,55,20227,161648,94C2, 9.125000E+01,23,16,39,23,16,-4.271823E+00,-7.350088E+00,-2.288057E+00, 3.150162E+01, 3.120796E+01, 1.356868E+00,-2.983932E+00, 4.104449E+00, 1.509879E+00, 9.252932E+01, 2.696039E+01, 4.205101E+01, 1.407314E+01,17, 3.622232E+00,0, 0.000000E+00,0, 0.000000E+00,9, 4.112468E+01, 6.286649E-01, 1.982934E+01,NULL,NULL,1,mc_qqps,55
-21043,56,20227,161701,94C2, 9.125000E+01,20,13,33,20,13,-2.861051E+00,-3.408434E-01, 4.130155E+00, 2.249297E+01, 2.213964E+01, 1.106982E+00,-2.858754E+00, 1.462436E-01, 5.729734E+00, 4.051653E+01, 1.056234E+01, 9.169573E+00, 8.853981E+00,4, 2.343102E+00,6, 0.000000E+00,0, 0.000000E+00,1, 1.209963E+00, 1.209963E+00, 1.209963E+00,3, 0.000000E+00,0,mc_qqps,55
-21043,57,20227,161716,94C2, 9.125000E+01,20,6,26,20,6,-1.867437E+01,-3.520510E+00, 1.244151E+00, 4.400036E+01, 4.370599E+01, 2.185299E+00,-1.035990E+01,-2.822580E+00, 7.734509E-01, 6.195201E+01, 4.420440E+01, 2.466530E+00, 1.456058E+01,9, 1.359527E+01,0, 0.000000E+00,0, 0.000000E+00,3, 3.590262E+00, 1.123732E+00, 1.234108E+00,NULL,NULL,1,mc_qqps,55
-21043,58,20227,161727,94C2, 9.125000E+01,29,12,41,29,12, 1.856399E+01, 8.308713E+00, 5.351489E+00, 6.781541E+01, 6.726715E+01, 2.319557E+00, 1.460714E+01, 6.712386E+00, 3.048687E+00, 9.019714E+01, 5.376083E+01, 1.269375E+01, 8.710925E-01,15, 2.903445E-01,0, 0.000000E+00,0, 0.000000E+00,11, 2.166961E+01, 6.480347E-01, 6.736584E+00,NULL,NULL,1,mc_qqps,55
-21043,59,20227,161740,94C2, 9.125000E+01,34,10,44,34,10,-2.922999E+01, 1.975270E+01,-1.941793E+02, 2.470724E+02, 2.464111E+02, 7.247387E+00,-2.903680E+01, 2.086248E+01,-1.952048E+02, 2.546481E+02, 4.687792E+01, 7.575706E+00, 0.000000E+00,0, 0.000000E+00,14, 1.062804E+01,0, 0.000000E+00,NULL,NULL,NULL,NULL,2, 0.000000E+00,1,mc_qqps,55
-21043,60,20227,161753,94C2, 9.125000E+01,38,14,52,38,14,-5.592203E+00,-2.471522E+00, 4.277584E-01, 6.068690E+01, 6.014023E+01, 1.582638E+00,-7.478837E-01,-1.301799E+01, 1.545728E+00, 8.786111E+01, 5.523890E+01, 2.110991E+01, 2.993404E+00,22, 8.013398E+00,0, 0.000000E+00,0, 0.000000E+00,11, 2.083194E+01, 6.249207E-01, 5.272975E+00,NULL,NULL,1,mc_qqps,55
-21043,61,20227,161809,94C2, 9.125000E+01,32,21,53,32,21, 2.773679E-04,-2.810895E-03,-1.064955E+01, 6.386950E+01, 6.327870E+01, 1.977459E+00,-7.813719E-01,-1.530446E+00,-9.520674E+00, 8.499937E+01, 4.635038E+01, 2.008551E+01, 1.044354E+00,1, 0.000000E+00,23, 9.613493E+00,0, 0.000000E+00,1, 8.773261E-01, 8.773261E-01, 8.773261E-01,1, 0.000000E+00,1,mc_qqps,55
-21043,62,20227,161826,94C2, 9.125000E+01,44,11,55,44,11, 5.584169E+00, 1.030377E+01, 6.954708E-02, 8.055981E+01, 7.902582E+01, 1.796041E+00,-1.326100E+00,-1.407117E+00,-3.368062E-01, 9.790525E+01, 7.021236E+01, 1.502790E+01, 1.611342E+00,8, 0.000000E+00,0, 0.000000E+00,0, 0.000000E+00,5, 1.366245E+01, 7.062057E-01, 7.698038E+00,NULL,NULL,1,mc_qqps,55
-21043,63,20227,161847,94C2, 9.125000E+01,37,17,54,37,17,-2.555977E+00,-6.926005E-01, 2.755467E+00, 7.409492E+01, 7.351385E+01, 1.986861E+00,-3.489860E+00, 1.194366E+00, 1.380342E-01, 9.450320E+01, 7.250107E+01, 1.829460E+01, 0.000000E+00,22, 7.439121E+00,0, 0.000000E+00,0, 0.000000E+00,13, 1.529332E+01, 4.488403E-01, 3.094240E+00,NULL,NULL,1,mc_qqps,55
-21043,64,20227,161903,94C2, 9.125000E+01,35,14,49,35,14,-1.780349E+01, 1.123414E+01, 1.187712E+01, 6.502669E+01, 6.437990E+01, 1.839426E+00, 4.375713E+00,-1.713303E+00,-2.689534E+00, 1.030615E+02, 5.530729E+01, 3.477090E+01, 2.027304E+00,16, 2.274334E+00,1, 0.000000E+00,0, 0.000000E+00,10, 3.348106E+01, 1.862319E-01, 1.528383E+01,1, 0.000000E+00,1,mc_qqps,55
-21043,65,20227,161917,94C2, 9.125000E+01,52,7,59,52,7,-7.645664E-01,-5.493361E-01,-2.603113E+00, 6.964755E+01, 6.862433E+01, 1.319699E+00, 3.311740E-01, 1.325105E-01,-4.811749E+00, 7.767416E+01, 4.618595E+01, 4.648550E+00, 3.383037E+00,10, 1.043752E+00,0, 0.000000E+00,0, 0.000000E+00,2, 3.438290E+00, 1.299625E+00, 2.138665E+00,NULL,NULL,1,mc_qqps,55
-21043,66,20227,161932,94C2, 9.125000E+01,15,12,27,15,12,-1.483827E+01, 8.420588E+00, 9.963005E+00, 6.635111E+01, 6.609415E+01, 4.406277E+00,-2.306500E+01, 1.278480E+01, 1.524400E+01, 9.142938E+01, 6.539515E+01, 6.113896E+00, 1.896437E+01,11, 1.526563E+00,2, 0.000000E+00,0, 0.000000E+00,6, 4.666414E+00, 5.475951E-01, 1.180943E+00,1, 0.000000E+00,1,mc_qqps,55
-21043,67,20227,161946,94C2, 9.125000E+01,15,10,25,15,10,-1.912893E+01,-1.147667E+00, 1.464134E+01, 4.674441E+01, 4.648520E+01, 3.099014E+00,-6.350063E+00, 4.579889E-01, 5.247709E+00, 7.756139E+01, 4.478869E+01, 1.421432E+01, 1.629969E+01,10, 5.122475E+00,0, 0.000000E+00,0, 0.000000E+00,6, 1.340196E+01, 3.450295E-01, 3.760314E+00,NULL,NULL,1,mc_qqps,55
-21043,68,20227,161956,94C2, 9.125000E+01,20,17,37,20,17,-3.670566E+00, 5.461129E+00,-1.146153E+01, 3.778189E+01, 3.753733E+01, 1.876867E+00,-4.191913E+00, 5.668112E+00,-1.157138E+01, 6.660867E+01, 3.443282E+01, 1.861967E+01, 1.020712E+01,3, 0.000000E+00,13, 5.924960E-01,0, 0.000000E+00,2, 2.429020E+00, 1.003239E+00, 1.425781E+00,NULL,NULL,1,mc_qqps,55
-21043,69,20227,162012,94C2, 9.125000E+01,20,8,28,20,8,-4.119446E+00, 3.686597E-01,-1.559351E+00, 5.025615E+01, 5.004236E+01, 2.502118E+00,-4.760615E+00, 8.008537E-02,-4.085329E+00, 6.201291E+01, 5.013955E+01, 8.180621E+00, 3.614372E+00,5, 3.451770E+00,2, 0.000000E+00,0, 0.000000E+00,4, 4.816673E+00, 9.596298E-01, 1.489599E+00,NULL,NULL,1,mc_qqps,55
-21043,70,20227,162026,94C2, 9.125000E+01,20,11,31,20,11, 9.176022E+00,-1.837682E+01, 1.057867E+01, 5.193499E+01, 5.177938E+01, 2.588969E+00, 7.635503E+00,-1.429956E+01, 1.028383E+01, 8.862466E+01, 5.102342E+01, 3.563700E+01, 0.000000E+00,18, 1.016891E+01,1, 4.296340E-01,0, 0.000000E+00,9, 2.656354E+01, 3.712543E-01, 1.019892E+01,NULL,NULL,1,mc_qqps,55
-21043,71,20227,162040,94C2, 9.125000E+01,21,17,38,21,17, 6.079820E+01, 9.930450E+00, 2.653056E+01, 1.264734E+02, 1.260861E+02, 6.004099E+00, 5.160168E+01, 1.243852E+01, 2.696619E+01, 1.557135E+02, 1.240296E+02, 2.104267E+01, 5.000973E-01,19, 1.683961E+00,1, 0.000000E+00,0, 0.000000E+00,14, 2.774325E+01, 5.502200E-01, 4.486101E+00,1, 0.000000E+00,1,mc_qqps,55
-21043,72,20227,162055,94C2, 9.125000E+01,17,11,28,17,11,-6.202178E-01, 3.914099E+00, 1.645853E+00, 7.157397E+01, 7.135596E+01, 4.197410E+00,-3.802288E+00, 1.832213E+00, 3.646643E+00, 9.482714E+01, 5.184309E+01, 6.542464E+00, 8.031783E+00,10, 1.473516E+01,0, 0.000000E+00,0, 0.000000E+00,5, 1.504869E+01, 1.093556E+00, 5.483613E+00,NULL,NULL,1,mc_qqps,55
-21043,73,20227,162105,94C2, 9.125000E+01,43,18,61,43,18,-1.807497E+01, 1.683948E+01,-1.095743E+01, 7.745904E+01, 7.660998E+01, 1.781627E+00,-1.771650E+01, 1.573443E+01,-1.110069E+01, 1.008487E+02, 5.946720E+01, 1.828495E+01, 3.183175E-01,24, 6.229105E+00,1, 0.000000E+00,0, 0.000000E+00,15, 2.138321E+01, 5.834318E-01, 3.451257E+00,NULL,NULL,1,mc_qqps,55
-21043,74,20227,162120,94C2, 9.125000E+01,25,10,35,25,10,-7.009843E+00, 1.291214E+01, 1.940293E+01, 5.849573E+01, 5.798025E+01, 2.319210E+00,-7.059027E+00, 1.239700E+01, 1.888898E+01, 6.817163E+01, 5.340582E+01, 7.200524E+00, 0.000000E+00,10, 5.346167E+00,4, 0.000000E+00,0, 0.000000E+00,8, 9.131584E+00, 4.899984E-01, 2.290342E+00,NULL,NULL,1,mc_qqps,55
-21043,75,20227,162133,94C2, 9.125000E+01,34,16,50,34,16, 1.404964E+01,-6.856575E+00, 3.130254E+00, 5.760457E+01, 5.666012E+01, 1.666474E+00, 7.326422E-01,-6.378952E-02,-4.121097E-01, 8.938178E+01, 3.962448E+01, 3.177721E+01, 0.000000E+00,19, 1.230702E+01,0, 0.000000E+00,0, 0.000000E+00,13, 2.751112E+01, 5.085576E-01, 6.577239E+00,NULL,NULL,1,mc_qqps,55
-21043,76,20227,162149,94C2, 9.125000E+01,28,22,50,28,22,-4.734766E+00,-3.301419E+00,-7.422233E+00, 4.331140E+01, 4.285176E+01, 1.530420E+00,-3.488244E+00,-5.062912E+00,-5.310807E+00, 8.859097E+01, 4.111897E+01, 2.307664E+01, 2.138364E+01,14, 1.203968E+00,3, 0.000000E+00,0, 0.000000E+00,10, 1.149407E+01, 5.236479E-01, 4.402687E+00,NULL,NULL,1,mc_qqps,55
-21043,77,20227,162208,94C2, 9.125000E+01,23,11,34,23,11,-1.166421E+01,-2.169482E+00,-1.081507E+00, 6.728467E+01, 6.696089E+01, 2.911343E+00,-8.685174E+00,-8.318857E-01,-7.454090E-01, 8.645243E+01, 6.740874E+01, 1.771370E+01, 7.430264E-01,12, 4.724269E+00,0, 0.000000E+00,0, 0.000000E+00,8, 1.822233E+01, 5.355294E-01, 6.099239E+00,1, 0.000000E+00,1,mc_qqps,55
-21043,78,20227,162219,94C2, 9.125000E+01,22,13,35,22,13, 5.547848E-01, 1.859562E-01, 2.520568E-01, 6.282239E+01, 6.254451E+01, 2.842932E+00, 5.603330E+00, 1.430856E-01,-5.415356E+00, 8.705876E+01, 6.080806E+01, 1.844388E+01, 3.531543E+00,14, 1.535216E-01,1, 0.000000E+00,0, 0.000000E+00,11, 1.392311E+01, 4.219773E-01, 4.070557E+00,NULL,NULL,1,mc_qqps,55
-21043,79,20227,162237,94C2, 9.125000E+01,15,7,22,15,7,-6.733530E+00,-1.351238E+01,-1.782143E+01, 5.200893E+01, 5.190334E+01, 3.460223E+00,-8.279811E+00,-1.909705E+01,-2.356387E+01, 7.599516E+01, 5.220589E+01, 1.591616E+01, 8.070066E+00,6, 1.162774E+00,5, 1.129708E+00,0, 0.000000E+00,2, 1.687793E+00, 7.491369E-01, 9.386557E-01,NULL,NULL,1,mc_qqps,55
-21043,80,20227,162249,94C2, 9.125000E+01,29,16,45,29,16, 9.785778E+00,-4.873577E+00, 3.888284E+00, 5.394217E+01, 5.335035E+01, 1.839667E+00, 1.001909E+01,-5.805328E+00, 3.760387E+00, 9.645049E+01, 4.553706E+01, 3.028082E+01, 5.206449E+00,17, 6.979132E+00,0, 0.000000E+00,0, 0.000000E+00,12, 3.707945E+01, 6.222256E-01, 1.376282E+01,NULL,NULL,1,mc_qqps,55
-21043,81,20227,162300,94C2, 9.125000E+01,21,13,34,21,13, 1.227339E+01, 3.776888E+00, 4.162321E-01, 3.360225E+01, 3.299748E+01, 1.571308E+00, 6.026189E+00, 5.595608E+00, 5.646558E-01, 8.791613E+01, 2.884458E+01, 5.279428E+01, 1.520189E+00,15, 2.241371E+00,0, 0.000000E+00,0, 0.000000E+00,10, 5.137328E+01, 1.092959E+00, 1.560009E+01,NULL,NULL,1,mc_qqps,55
-21043,82,20227,162313,94C2, 9.125000E+01,21,10,31,21,10,-1.071213E-01, 2.304368E+00,-2.481151E+01, 4.080249E+01, 4.051655E+01, 1.929359E+00,-1.644735E+00, 1.224555E+00,-1.697335E+01, 6.097924E+01, 3.156987E+01, 2.017674E+01, 0.000000E+00,2, 0.000000E+00,10, 4.241465E-01,0, 0.000000E+00,2, 3.498759E+00, 1.675861E+00, 1.822898E+00,1, 0.000000E+00,1,mc_qqps,55
-21043,83,20227,162334,94C2, 9.125000E+01,17,12,29,17,12, 5.909484E+00,-4.589715E-01,-7.722350E+00, 6.799612E+01, 6.788509E+01, 3.993240E+00, 4.417961E+00,-8.895303E-01,-6.697020E+00, 8.956046E+01, 6.683449E+01, 2.059374E+01, 0.000000E+00,14, 5.439469E-01,2, 0.000000E+00,0, 0.000000E+00,10, 2.045072E+01, 9.102771E-01, 3.580278E+00,NULL,NULL,1,mc_qqps,55
-21043,84,20227,162346,94C2, 9.125000E+01,35,13,48,35,13,-5.230027E+00,-7.378341E-01, 3.532097E+00, 8.132700E+01, 8.069195E+01, 2.305484E+00, 1.103664E+00, 6.614590E+00,-1.300937E+01, 1.031728E+02, 7.085674E+01, 1.957705E+01, 9.953702E-01,2, 0.000000E+00,13, 1.977226E+00,0, 0.000000E+00,1, 1.273405E+00, 1.273405E+00, 1.273405E+00,NULL,NULL,1,mc_qqps,55
-21043,85,20227,162403,94C2, 9.125000E+01,30,14,44,30,14,-1.120455E+01, 2.749525E-01,-1.555125E+00, 2.530550E+01, 2.448655E+01, 8.162184E-01,-1.518109E+01, 1.262693E+00,-3.873942E+00, 5.850448E+01, 1.961811E+01, 1.427214E+01, 8.493473E+00,13, 5.012524E+00,0, 0.000000E+00,0, 0.000000E+00,9, 2.402206E+01, 6.241192E-01, 7.115254E+00,NULL,NULL,1,mc_qqps,55
-21043,86,20227,162419,94C2, 9.125000E+01,24,13,37,24,13,-5.396745E+00, 2.620252E+00, 6.791203E+00, 6.013544E+01, 5.961594E+01, 2.483997E+00,-1.879902E+00, 7.991779E-01, 3.309890E+00, 8.115243E+01, 5.670030E+01, 2.003348E+01, 6.492549E-01,5, 6.368291E+00,10, 2.251474E+00,0, 0.000000E+00,3, 3.333663E+00, 5.704105E-01, 1.509760E+00,NULL,NULL,1,mc_qqps,55
-21043,87,20227,162436,94C2, 9.125000E+01,17,10,27,17,10,-1.594855E+01, 1.280188E+01, 3.268243E+01, 4.939906E+01, 4.914815E+01, 2.891068E+00, 1.150769E+00, 1.784792E+00, 1.237806E+00, 9.384138E+01, 4.549239E+01, 6.205906E+00, 3.823639E+01,4, 6.257932E-01,6, 1.487453E+00,0, 0.000000E+00,2, 2.256121E+00, 1.100744E+00, 1.155377E+00,NULL,NULL,1,mc_qqps,55
-21043,88,20227,162454,94C2, 9.125000E+01,53,18,71,53,18, 2.179527E+00, 4.804442E+00, 4.060748E+00, 6.506752E+01, 6.398404E+01, 1.207246E+00, 6.613874E+00,-4.909212E+00, 2.178230E+00, 1.000711E+02, 5.493677E+01, 1.827394E+01, 1.426941E+01,26, 4.986786E+00,1, 0.000000E+00,0, 0.000000E+00,13, 1.866259E+01, 4.302871E-01, 3.766620E+00,NULL,NULL,1,mc_qqps,55
-21043,89,20227,162514,94C2, 9.125000E+01,22,14,36,22,14,-5.126154E+00, 1.192836E+00,-1.641711E+01, 7.974349E+01, 7.939984E+01, 3.609084E+00,-3.738477E+00, 7.325579E-01,-1.183352E+01, 1.064864E+02, 1.581207E+01, 2.511382E+01, 1.629050E+00,0, 0.000000E+00,11, 4.484619E-01,0, 0.000000E+00,NULL,NULL,NULL,NULL,2, 0.000000E+00,1,mc_qqps,55
-21043,90,20227,162529,94C2, 9.125000E+01,39,12,51,39,12, 3.912897E-01, 1.301285E+00, 1.196470E+00, 7.488972E+01, 7.425530E+01, 1.903982E+00,-2.509531E-01, 1.221930E+00,-1.165674E+00, 9.137917E+01, 6.612821E+01, 1.234085E+01, 3.408981E+00,13, 3.177617E+00,1, 0.000000E+00,0, 0.000000E+00,7, 1.308047E+01, 6.619381E-01, 3.231914E+00,NULL,NULL,1,mc_qqps,55
-21043,91,20227,162544,94C2, 9.125000E+01,26,18,44,26,18,-1.149437E+00,-2.640051E+00,-4.074957E+00, 4.751038E+01, 4.715673E+01, 1.813720E+00, 3.541424E+00, 3.605089E+00, 2.374871E+00, 8.799603E+01, 4.365878E+01, 3.184614E+01, 4.240623E+00,22, 8.466399E+00,0, 0.000000E+00,0, 0.000000E+00,14, 3.392619E+01, 5.674950E-01, 5.746974E+00,1, 0.000000E+00,1,mc_qqps,55
-21043,92,20227,162556,94C2, 9.125000E+01,32,29,61,32,29, 2.162295E+00, 6.560730E-01,-2.794499E+00, 4.952996E+01, 4.914660E+01, 1.535831E+00,-4.962140E+00, 4.035051E+00,-5.910554E+00, 9.907237E+01, 4.925809E+01, 3.815966E+01, 7.388516E+00,32, 4.638288E+00,0, 0.000000E+00,0, 0.000000E+00,23, 3.464223E+01, 4.719372E-01, 4.562632E+00,NULL,NULL,1,mc_qqps,55
-21043,93,20227,162611,94C2, 9.125000E+01,34,20,54,34,20, 7.450142E+00, 8.310163E+00,-3.196893E+01, 8.146065E+01, 8.101719E+01, 2.382859E+00, 6.486614E+00, 7.778966E+00,-4.002286E+01, 1.052329E+02, 4.711007E+01, 2.044382E+01, 1.847020E+00,11, 2.120090E-01,18, 6.366364E+00,0, 0.000000E+00,9, 9.693481E+00, 4.197614E-01, 1.596385E+00,NULL,NULL,1,mc_qqps,55
-21043,94,20227,162626,94C2, 9.125000E+01,29,13,42,29,13,-2.490179E+00, 8.692274E+00, 5.712438E-01, 6.165016E+01, 6.129111E+01, 2.113487E+00, 2.629336E+00,-3.880334E+00,-1.467630E+00, 9.308439E+01, 5.847446E+01, 2.825030E+01, 2.770134E+00,15, 1.249609E+01,1, 0.000000E+00,0, 0.000000E+00,8, 1.979865E+01, 4.772462E-01, 7.701649E+00,NULL,NULL,1,mc_qqps,55
-21043,95,20227,162638,94C2, 9.125000E+01,23,12,35,23,12, 1.431894E+01, 8.402171E+00,-3.403202E+00, 5.994663E+01, 5.955896E+01, 2.589520E+00, 2.786015E+00, 1.927998E+00,-1.648802E-01, 8.002663E+01, 5.546537E+01, 1.734505E+01, 3.902955E-01,16, 9.261067E+00,1, 9.165226E-01,0, 0.000000E+00,11, 1.968969E+01, 4.709104E-01, 5.173232E+00,NULL,NULL,1,mc_qqps,55
-21043,96,20227,162654,94C2, 9.125000E+01,36,25,61,36,25,-2.344342E+00, 5.208144E+00, 3.087092E+00, 3.377078E+01, 3.270430E+01, 9.084529E-01, 4.868610E+00, 8.714371E+00, 7.598432E-01, 7.021810E+01, 2.745711E+01, 2.863955E+01, 3.437210E+00,21, 2.533897E+00,0, 0.000000E+00,0, 0.000000E+00,18, 3.264884E+01, 2.986545E-01, 1.049576E+01,NULL,NULL,1,mc_qqps,55
-21043,97,20227,162714,94C2, 9.125000E+01,15,19,34,15,19,-5.212326E+00, 1.400308E+01,-2.309364E+01, 6.290356E+01, 6.274608E+01, 4.183072E+00,-1.004893E+01, 2.123444E+01,-3.349027E+01, 9.143593E+01, 5.934066E+01, 1.602992E+01, 1.211720E+01,4, 0.000000E+00,13, 1.294368E+00,0, 0.000000E+00,3, 3.036685E+00, 5.410600E-01, 1.470074E+00,NULL,NULL,1,mc_qqps,55
-21043,98,20227,162731,94C2, 9.125000E+01,37,18,55,37,18,-5.342079E+00,-4.940229E+00, 2.362069E+00, 5.706454E+01, 5.614610E+01, 1.517462E+00,-4.311826E+00,-5.613645E+00, 2.726272E+00, 8.359739E+01, 5.100025E+01, 2.223292E+01, 1.434616E+00,25, 4.391424E+00,0, 0.000000E+00,0, 0.000000E+00,17, 2.518900E+01, 5.058160E-01, 4.209551E+00,NULL,NULL,1,mc_qqps,55
-21043,99,20227,162746,94C2, 9.125000E+01,30,11,41,30,11,-5.664529E+00,-6.378849E+00,-5.533322E+00, 6.406952E+01, 6.361554E+01, 2.120518E+00,-3.474977E+00,-4.083811E+00,-4.926235E+00, 7.992829E+01, 5.217809E+01, 1.285703E+01, 1.180717E+00,10, 2.798173E+00,7, 0.000000E+00,0, 0.000000E+00,5, 8.263163E+00, 6.143199E-01, 3.975124E+00,NULL,NULL,1,mc_qqps,55
-21043,100,20227,162800,94C2, 9.125000E+01,32,12,44,32,12, 2.256410E+01,-9.137877E+00, 9.803294E+00, 6.734290E+01, 6.658237E+01, 2.080699E+00, 2.389725E+00,-2.779981E+00, 8.671202E+00, 9.442632E+01, 4.834577E+01, 2.064519E+01, 4.834706E+00,8, 1.094408E+01,2, 0.000000E+00,0, 0.000000E+00,4, 2.134756E+01, 8.885443E-01, 1.773865E+01,1, 0.000000E+00,1,mc_qqps,55
-21043,101,20227,162818,94C2, 9.125000E+01,18,14,32,18,14,-8.234484E+00, 1.685668E+00, 2.730598E-01, 3.853698E+01, 3.829246E+01, 2.127359E+00, 1.201413E+01,-1.990031E+00, 3.741721E+00, 7.907663E+01, 3.402162E+01, 3.545444E+01, 5.085215E+00,14, 3.547041E+00,0, 0.000000E+00,0, 0.000000E+00,9, 3.193956E+01, 8.019938E-01, 1.633492E+01,1, 0.000000E+00,1,mc_qqps,55
-21043,102,20227,162829,94C2, 9.125000E+01,20,9,29,20,9,-2.684808E+00,-7.604331E+00, 2.284482E-02, 7.882585E+01, 7.870770E+01, 3.935385E+00,-2.117545E+00, 6.759529E+00, 9.500188E-01, 1.045499E+02, 7.895851E+01, 8.724625E+00, 1.640096E+01,12, 1.921869E+00,0, 0.000000E+00,0, 0.000000E+00,5, 9.371962E+00, 6.473374E-01, 3.081540E+00,NULL,NULL,1,mc_qqps,55
-21043,103,20227,162840,94C2, 9.125000E+01,15,13,28,15,13, 7.386014E-01,-1.231944E+00,-9.309382E-01, 2.633913E+01, 2.609315E+01, 1.739543E+00, 2.798811E+00,-5.790440E-01,-1.387586E+00, 6.590755E+01, 2.594186E+01, 3.336588E+01, 3.868638E+00,14, 4.723135E+00,0, 0.000000E+00,0, 0.000000E+00,12, 3.569979E+01, 7.195374E-01, 1.037162E+01,NULL,NULL,1,mc_qqps,55
-21043,104,20227,162850,94C2, 9.125000E+01,21,21,42,21,21, 2.059737E+01,-9.057520E+00, 1.243545E+01, 3.743752E+01, 3.707821E+01, 1.765629E+00,-6.703353E+00, 3.925458E+00,-4.543296E+00, 1.039533E+02, 2.891883E+01, 4.193199E+01, 2.458381E+01,24, 6.312805E+00,0, 0.000000E+00,0, 0.000000E+00,17, 3.368937E+01, 6.429721E-01, 9.328745E+00,NULL,NULL,1,mc_qqps,55
-21043,105,20227,162903,94C2, 9.125000E+01,31,12,43,31,12, 2.083500E+01, 4.962023E+00,-1.025563E+01, 6.511664E+01, 6.462354E+01, 2.084630E+00, 1.636188E+00,-1.032485E+00,-1.152361E+00, 1.027509E+02, 5.678672E+01, 2.689611E+01, 1.010611E+01,10, 4.411582E-01,0, 0.000000E+00,0, 0.000000E+00,8, 2.447498E+01, 7.195936E-01, 1.605042E+01,NULL,NULL,1,mc_qqps,55
-21043,106,20227,162916,94C2, 9.125000E+01,32,11,43,32,11,-5.194064E+00, 4.989023E-01, 3.147208E+00, 5.757236E+01, 5.698302E+01, 1.780719E+00,-8.883478E+00,-3.920063E+00, 9.605953E+00, 7.554067E+01, 5.162698E+01, 1.541015E+01, 2.558161E+00,3, 0.000000E+00,8, 0.000000E+00,0, 0.000000E+00,2, 1.858031E+00, 5.883695E-01, 1.269662E+00,2, 0.000000E+00,1,mc_qqps,55
-21043,107,20227,162934,94C2, 9.125000E+01,21,6,27,21,6,-5.700757E+00,-5.647054E+00,-3.067354E+00, 8.127032E+01, 8.102345E+01, 3.858259E+00,-7.259544E-01,-1.015217E+00,-2.331696E-01, 9.361379E+01, 7.500199E+01, 1.135397E+01, 5.031732E-01,11, 1.926397E+01,0, 0.000000E+00,0, 0.000000E+00,5, 1.184030E+01, 4.880126E-01, 5.410471E+00,NULL,NULL,1,mc_qqps,55
-21043,108,20227,162945,94C2, 9.125000E+01,42,15,57,42,15,-2.555061E-01, 1.302203E+00,-1.576005E+00, 7.132861E+01, 7.067973E+01, 1.682851E+00,-3.811135E+00, 2.507333E-01, 1.894836E+00, 8.304910E+01, 5.955652E+01, 1.132546E+01, 3.950262E-01,4, 1.045948E-01,17, 2.942870E+00,0, 0.000000E+00,3, 4.055329E+00, 1.314959E+00, 1.380959E+00,1, 0.000000E+00,1,mc_qqps,55
-21043,109,20227,163005,94C2, 9.125000E+01,49,20,69,49,20,-1.410217E+01,-6.076946E+00, 1.633839E-01, 5.614178E+01, 5.532319E+01, 1.129045E+00,-5.321819E+00,-3.396161E+00, 7.751737E+00, 8.140834E+01, 4.421725E+01, 1.939283E+01, 4.377237E+00,18, 1.023250E+01,7, 0.000000E+00,0, 0.000000E+00,12, 1.408692E+01, 4.981124E-01, 4.117342E+00,NULL,NULL,1,mc_qqps,55
-21043,110,20227,163024,94C2, 9.125000E+01,19,11,30,19,11, 5.113037E-01,-6.285876E-01,-7.220723E-01, 4.251188E+01, 4.224969E+01, 2.223668E+00, 6.656688E+00, 4.403416E+00,-1.421773E+00, 8.295687E+01, 3.940033E+01, 1.459706E+01, 2.315573E+01,12, 4.180410E+00,0, 0.000000E+00,0, 0.000000E+00,7, 1.710989E+01, 7.154281E-01, 6.056665E+00,NULL,NULL,1,mc_qqps,55
-21043,111,20227,163037,94C2, 9.125000E+01,43,12,55,43,12,-6.991602E-01, 1.014013E+01, 5.841648E+00, 6.330190E+01, 6.255247E+01, 1.454709E+00,-5.807590E-01,-3.411932E+00,-2.595625E+00, 8.598055E+01, 5.644223E+01, 1.944131E+01, 2.431784E+00,16, 8.488854E-01,1, 0.000000E+00,0, 0.000000E+00,8, 1.935527E+01, 7.261487E-01, 7.585326E+00,NULL,NULL,1,mc_qqps,55
-21043,112,20227,163053,94C2, 9.125000E+01,27,20,47,27,20, 4.703728E+00,-4.779592E+00, 7.916673E+00, 3.240737E+01, 3.176411E+01, 1.176449E+00, 5.013819E+00,-4.496677E+00, 6.805590E+00, 6.058179E+01, 2.878615E+01, 1.676409E+01, 6.468223E+00,8, 1.308903E+00,13, 4.009789E-01,0, 0.000000E+00,4, 8.695090E+00, 4.923646E-01, 4.449748E+00,1, 0.000000E+00,1,mc_qqps,55
-21043,113,20227,163113,94C2, 9.125000E+01,34,17,51,34,17,-1.209776E+00,-4.282948E+00,-6.691171E+00, 8.197554E+01, 8.155120E+01, 2.398565E+00,-2.135907E+00,-3.884734E+00,-1.364416E+00, 1.071446E+02, 4.271877E+01, 1.613894E+01, 8.074748E+00,3, 0.000000E+00,23, 9.857258E+00,0, 0.000000E+00,1, 9.710787E-01, 9.710787E-01, 9.710787E-01,NULL,NULL,1,mc_qqps,55
-21043,114,20227,163127,94C2, 9.125000E+01,66,15,81,66,15, 6.308200E-01,-3.057884E-01,-6.203920E-01, 8.145609E+01, 7.908295E+01, 1.198227E+00,-7.582701E+00, 1.155657E+01,-6.124870E-02, 1.098699E+02, 6.133852E+01, 2.218441E+01, 5.860033E+00,15, 5.467645E+00,0, 0.000000E+00,0, 0.000000E+00,9, 1.502891E+01, 3.710010E-01, 6.133588E+00,NULL,NULL,1,mc_qqps,55
-21043,115,20227,163148,94C2, 9.125000E+01,26,14,40,26,14,-7.619210E+00, 7.077515E-01,-1.678954E+01, 5.672893E+01, 5.618706E+01, 2.161041E+00,-5.166728E+00,-4.687036E-01,-1.439069E+01, 8.237447E+01, 4.624877E+01, 1.600832E+01, 9.637222E+00,3, 0.000000E+00,12, 8.224533E-01,0, 0.000000E+00,3, 2.977801E+00, 7.578338E-01, 1.128718E+00,1, 0.000000E+00,1,mc_qqps,55
-21043,116,20227,163202,94C2, 9.125000E+01,44,16,60,44,16,-9.446486E+00, 6.373558E+00,-1.763193E+00, 7.147241E+01, 7.053560E+01, 1.603082E+00,-6.991793E+00, 4.155426E+00,-2.350830E+00, 1.001512E+02, 6.671600E+01, 1.383077E+01, 1.407104E+01,16, 3.373804E+00,0, 0.000000E+00,0, 0.000000E+00,9, 1.015271E+01, 5.431015E-01, 2.505677E+00,NULL,NULL,1,mc_qqps,55
-21043,117,20227,163217,94C2, 9.125000E+01,41,15,56,41,15, 7.074612E-01, 1.195076E+01, 5.918281E+00, 5.907582E+01, 5.821696E+01, 1.419926E+00, 3.775755E+00, 9.000177E+00, 1.082568E+01, 7.337135E+01, 5.172477E+01, 1.256248E+01, 9.344654E-01,14, 2.514033E+00,3, 4.103817E-01,0, 0.000000E+00,10, 1.020109E+01, 5.126151E-01, 2.107406E+00,NULL,NULL,1,mc_qqps,55
-21043,118,20227,163234,94C2, 9.125000E+01,20,22,42,20,22, 1.936623E+00,-1.356819E+00,-2.924287E+00, 3.889126E+01, 3.868787E+01, 1.934394E+00, 1.198181E+00,-1.676790E+00,-2.950086E+00, 9.169411E+01, 3.850243E+01, 4.399120E+01, 6.461992E+00,20, 4.775653E+00,1, 0.000000E+00,0, 0.000000E+00,15, 4.237799E+01, 6.672739E-01, 8.889459E+00,NULL,NULL,1,mc_qqps,55
-21043,119,20227,163247,94C2, 9.125000E+01,30,18,48,30,18, 2.407227E+00, 8.605600E+00,-1.894497E+01, 5.037474E+01, 4.980682E+01, 1.660227E+00, 7.393414E+00, 7.595217E+00,-2.063973E+01, 1.035443E+02, 4.554411E+01, 3.855950E+01, 1.340571E+01,13, 2.298863E-02,3, 0.000000E+00,0, 0.000000E+00,12, 3.644001E+01, 3.254289E-01, 2.010166E+01,2, 0.000000E+00,1,mc_qqps,55
-21043,120,20227,163307,94C2, 9.125000E+01,33,15,48,33,15, 7.139093E+00, 5.170726E+00,-1.598220E+00, 7.620944E+01, 7.566560E+01, 2.292897E+00,-9.234544E+00,-3.343207E+00,-3.237297E+00, 1.209012E+02, 7.085047E+01, 1.493035E+01, 2.880704E+01,14, 7.274169E-02,0, 0.000000E+00,0, 0.000000E+00,10, 1.257579E+01, 5.326493E-01, 3.263665E+00,NULL,NULL,1,mc_qqps,55
-21043,121,20227,163320,94C2, 9.125000E+01,12,9,21,12,9,-1.117414E+00, 7.985855E+00,-9.721070E+00, 4.942771E+01, 4.926922E+01, 4.105769E+00,-1.486992E+00, 7.331463E+00,-9.209528E+00, 5.744415E+01, 4.889528E+01, 2.980941E+00, 3.074395E+00,3, 0.000000E+00,1, 0.000000E+00,0, 0.000000E+00,2, 2.979281E+00, 1.018175E+00, 1.961107E+00,NULL,NULL,1,mc_qqps,55
-21043,122,20227,163328,94C2, 9.125000E+01,28,20,48,28,20,-3.201865E+00, 3.082423E+00,-6.108298E+00, 4.042198E+01, 3.989675E+01, 1.424884E+00,-1.239217E+00,-3.482853E-01, 5.553050E+00, 7.393066E+01, 2.580192E+01, 1.091243E+01, 2.269432E+01,2, 1.061545E-01,19, 4.201433E+00,0, 0.000000E+00,1, 1.498355E+00, 1.498355E+00, 1.498355E+00,1, 0.000000E+00,1,mc_qqps,55
-21043,123,20227,163344,94C2, 9.125000E+01,37,27,64,37,27, 8.149510E-01,-5.716528E-01,-3.496754E+00, 5.292400E+01, 5.211155E+01, 1.408420E+00,-4.836632E-01, 3.356445E-01,-8.989758E-01, 9.492370E+01, 4.356993E+01, 2.818740E+01, 1.310512E+01,2, 0.000000E+00,21, 1.939840E+00,0, 0.000000E+00,1, 7.091341E-01, 7.091341E-01, 7.091341E-01,NULL,NULL,1,mc_qqps,55
-21043,124,20227,163403,94C2, 9.125000E+01,26,23,49,26,23, 3.633400E+00,-7.564779E+00,-1.668822E+01, 5.379109E+01, 5.345708E+01, 2.056041E+00, 4.097651E+00,-9.103378E-01,-7.787640E+00, 8.142588E+01, 5.302122E+01, 1.420441E+01, 1.122210E+01,3, 0.000000E+00,18, 5.386760E+00,0, 0.000000E+00,3, 3.471205E+00, 6.542170E-01, 1.597474E+00,NULL,NULL,1,mc_qqps,55
