SWIFTJ0001.0-0708   22.19 22.11 22.26   1.64 0.60 0.18   >=   29           <=   1.7                0.8     0.6   0.3  <=   1.1                                                              B1     34.7    40 chi2
SWIFTJ0001.6-7701   20.00 20.00 20.00   1.83 0.57 0.37   >=   47           <=   1.3                1.0     0.4   0.8                                                                        A3     14.8    17 chi2
SWIFTJ0002.5+0323   20.00 20.00 20.00   2.23 0.06 0.06                          4.2     3.0  0.7   0.5     0.5   0.2                                                                        A1    131.5   120 chi2
SWIFTJ0003.3+2737   22.86 22.78 22.98   1.76 0.28 0.40                          1.1     2.2  1.0   1.0  f             <=   0.7                                                              B1     83.7   111 C
SWIFTJ0005.0+7021   22.61 22.56 22.68   1.46 0.29 0.20        47    47  20 <=   2.4                1.0  f             <=   0.7                                                              B1 G  243.3   241 chi2
SWIFTJ0006.2+2012   20.48 20.26 20.51   2.82 0.08 0.03   >=  185                0.8     1.0  0.4   3.7     1.4   0.6                        0.149 0.002 0.008                               A6 G  571.1   515 chi2
SWIFTJ0009.4-0037   23.61 23.36 24.04   1.64 0.48 0.87                          0.8     1.7  0.4   1.0  f                  1.0   3.6   0.9                                                  B1 G   99.0    83 C
SWIFTJ0010.5+1057   21.04 21.00 21.11   1.73 0.03 0.07   >=  269                0.6     0.2  0.2   1.1     0.2   0.2                        0.122 0.007 0.007                               A2 G  232.1   196 chi2
SWIFTJ0017.1+8134   21.95 21.85 22.04   1.52 0.02 0.02                                             2.3     2.2   1.2                                                                        C6    585.1   565 chi2
SWIFTJ0021.2-1909   21.98 21.92 22.08   1.70 0.22 0.13        86   211  44 <=   0.2                0.7     0.1   0.3       2.0   1.2   1.2                                                  B1     72.0    71 chi2
SWIFTJ0025.8+6818   23.98 23.86 24.16   1.90           f >=  143                0.3     0.3  0.2   1.0  f             <=   0.2                                                              B1 G   38.8    48 C
SWIFTJ0026.5-5308   20.00 20.00 20.00   1.62 0.07 0.06   >=   66           <=   0.2                0.8     0.4   0.4                                                                        A1     69.5    77 chi2
SWIFTJ0029.2+1319   20.00 20.00 20.00   2.00 0.13 0.11   >=   45           <=   1.5                2.2     1.7   1.1                                                                        A1     63.8    84 chi2
SWIFTJ0030.0-5904   24.36 24.11 24.72   2.25 1.81 0.58                     <=   0.07               1.0  f             <=   0.06                                                             B1 G    5.6    14 C
SWIFTJ0033.6+6127   22.00 21.74 22.11   1.57 0.20 0.40        53   256  27 <=   0.4                0.7     0.04  0.6                                                                        A1     21.9    29 chi2
SWIFTJ0034.5-7904   20.00 20.00 20.00   2.06 0.17 0.07        32    40  12 <=   4.1                1.2     0.7   0.7                        0.13  0.02  0.02                                A2    128.8   135 chi2
SWIFTJ0034.6-0422   23.45 23.30 23.62   1.19 0.97 0.43   >=   43           <=   1.0                1.1     2.4   0.6  <=   1.5                                                              B1     76.5    70 C
SWIFTJ0036.0+5951   21.41 21.36 21.48   2.09 0.05 0.05                                             0.9     0.3   0.6                                                                        C6    354.8   333 chi2
SWIFTJ0036.3+4540   20.00 20.00 20.00   1.90 0.08 0.08   >=   98           <=   1.3                0.6     0.4   0.2                        0.13  0.02  0.02                                A2 G   97.7    91 chi2
SWIFTJ0038.4+2337   23.04 22.90 23.17   1.13 1.00 0.65   >=   12           <=   0.7                1.2     0.7   0.7  <=   0.6                                                              B1     92.8   107 C
SWIFTJ0042.9+3016A  22.30 22.11 22.36   2.30 0.37 1.64   >=   19                4.2     4.5  4.1   2.3     5.6   1.1  <=   1.6                                                              B1     11.4    15 chi2
SWIFTJ0042.9+3016B  21.41 21.38 21.70   1.90 0.33 0.19                     <=   1.3                1.0  f                                   0.09  0.02  0.08                                A2 G   47.4    49 chi2
SWIFTJ0042.9-1135   22.91 22.77 23.15   1.56 0.65 0.61   >=   23           <=   3.0                1.0  f             <=   2.3                                                              B1     87.8   102 C
SWIFTJ0042.9-2332   23.50 23.43 23.57   1.76 0.11 0.42   >=  115                0.6     0.6  0.3   1.3     0.6   0.5       0.3   0.4   0.2  0.23  0.08  0.06                                B2     23.8    23 chi2
SWIFTJ0046.2-4008   23.45 23.41 23.50   1.10 0.29 0.14        33    29  11 <=   0.5                1.0  f                  2.1   0.6   0.7  0.43  0.35  0.11                                B2 G  319.9   316 chi2
SWIFTJ0048.8+3155   23.12 23.10 23.15   1.51 0.12 0.12       111    57  32      0.4     0.4  0.3   0.72    0.11  0.06      0.3   0.2   0.2  0.66  0.11  0.14  0.12 0.03 0.02                B3 G 1379.6  1277 chi2
SWIFTJ0051.6+2928   20.00 20.00 20.00   1.68 0.11 0.11   >=   35           <=   2.0                1.2     0.7   1.0                                                                        A1     55.5    54 chi2
SWIFTJ0051.9+1724   20.30 20.11 20.64   1.81 0.36 0.08   >=   71                2.9     4.2  1.9   0.50    0.26  0.17                       0.12  0.01  0.02                                A2    169.5   184 chi2
SWIFTJ0052.3-2730   22.81 22.60 22.98   1.62 0.31 1.33   >=   20           <=   4.5                1.2     7.9   0.7  <=   1.7                                                              B1     80.4    73 C
SWIFTJ0054.9+2524   20.00 20.00 20.00   2.03 0.37 0.06   >=  137                2.5     6.4  1.7   0.5     0.4   0.2                        0.12  0.02  0.03                                A2 G  163.0   136 chi2
SWIFTJ0057.0+6405   22.37 22.29 22.45   1.79 0.21 0.25                                             1.7     0.8   0.8  <=  36.7                                                              C5     21.9    19 chi2
SWIFTJ0059.4+3150   20.00 20.00 20.00   1.92 0.03 0.02   >=  244                4.9     1.3  0.9   0.35    0.07  0.04                       0.107 0.004 0.004                               A2 G  802.1   760 chi2
SWIFTJ0100.9-4750   22.57 22.53 22.60   1.40 0.17 0.15        94   154  41 <=   1.3                1.4     0.4   0.7       1.9   0.6   0.6                                                  B1 G  295.9   278 chi2
SWIFTJ0101.5-0308   20.00 20.00 20.00   1.80 0.13 0.15   >=   38           <=   0.8                4.3     3.7   2.7                                                                        A1     17.0    20 chi2
SWIFTJ0103.8-6437   20.00 20.00 20.00   1.66 0.08 0.06                                             0.9     0.3   0.3                                                                        C1     44.4    50 chi2
SWIFTJ0105.5-4213   24.17 23.79 24.26   1.92 0.45 0.74                          0.24    2.47 0.18  1.0  f             <=   0.1              0.18  0.21  0.15                                B2 G   28.8    34 C
SWIFTJ0105.6-3433   22.22 22.07 22.36   1.47 0.19 0.09        41    15  36 <=   1.0                1.1     0.5   0.8      47.6  28.   23.                                                   B1     58.6    51 chi2
SWIFTJ0105.7-1414   20.00 20.00 20.00   1.97 0.18 0.06   >=   42                1.8     1.0  1.5   0.7     0.4   0.2                        0.11  0.01  0.01                                A2    163.4   169 chi2
SWIFTJ0106.2-4704   22.98 22.86 23.05   1.91 0.22 0.26                     <=   3.2                1.0  f             <=   0.3                                                              B1    102.7   118 C
SWIFTJ0106.8+0639   23.81 23.56 24.03   2.22 0.13 0.76   >=  497                0.8     1.1  0.6   1.0  f                  0.3   1.7   0.2                                                  B1 G   96.7   102 C
SWIFTJ0107.7-1137B  23.58 23.40 23.86   1.64 0.75 0.61   >=   80           <=   1.1                0.8     1.5   0.4       1.1   1.2   0.8                                                  B1     98.2   124 C
SWIFTJ0109.0+1320   23.76 23.66 23.86   1.97 0.15 0.20   >=  136                0.5     0.3  0.2   1.0     0.7   0.6       0.4   0.4   0.2                                                  B1 G   69.4    56 chi2
SWIFTJ0111.4-3808   24.25 24.16 24.29   2.11 0.14 0.33   >=   64                0.31    0.33 0.16  2.6     1.3   1.2       4.9   1.6   1.4  1.36  0.28  0.25                                B2 G  352.0   294 chi2
SWIFTJ0113.8+1313   23.03 22.98 23.09   1.68 0.50 0.22   >=   52           <=   1.                 0.8     0.3   0.5       3.4   2.3   2.1  0.50  0.16  0.16                                B2 G   59.4    57 chi2
SWIFTJ0113.8+2515   21.48 21.38 21.89   1.27 0.40 0.24   >=   25           <=   1.2                0.7     1.0   0.3  <=  18.9                                                              B1     16.7    16 chi2
SWIFTJ0113.8-1450   20.00 20.00 20.00   1.82 0.28 0.06   >=  130                1.8     1.3  1.0   1.3     0.4   0.3                        0.15  0.03  0.02                                A5 G  676.1   726 chi2
SWIFTJ0114.4-5522   23.30 23.27 23.34   1.42 0.18 0.09       103   204  49 <=   0.8                1.1     0.2   0.6       3.0   0.7   0.9                                                  B1 G  223.0   183 chi2
SWIFTJ0114.5-3236   23.40 23.31 23.53   1.87 0.11 0.22   >=   87           <=   0.4                1.1     0.3   0.7       0.6   0.3   0.3                                                  B1    119.8   118 C
SWIFTJ0116.3+3104   22.46 22.28 22.76   1.91 0.30 1.27   >=  179           <=   5.0                0.4     0.9   0.2       2.1  12.0   1.6                                                  B1    137.3   137 C
SWIFTJ0116.5-1235   21.80 21.58 21.96   1.65 0.34 0.22        80   190  42 <=   1.7                1.0  f                 13.1   9.8   6.2                                                  B1     36.3    40 chi2
SWIFTJ0122.0-2818   20.00 20.00 20.00   2.20 0.10 0.16                     <=   6.6                1.3     1.1   0.7                        0.10  0.01  0.02                                A2    103.6    89 chi2
SWIFTJ0122.8+5003   24.12 23.43 24.35   2.36 0.70 0.23   >=   29                0.2     1.6  0.1   1.3    10.6   0.4       0.2   0.8   0.1                                                  B1 G   90.5   112 C
SWIFTJ0122.9+3420   20.52 20.32 20.65   2.05 0.04 0.04                                             1.9     1.4   0.8                                                                        C6    234.5   271 chi2
SWIFTJ0123.8-3504   22.01 21.99 22.01   1.43 0.02 0.02       130    30  33 <=   0.8                0.64    0.06  0.08      2.0   0.3   0.3  0.20  0.05  0.04                                B2 G 1690.4  1622 chi2
SWIFTJ0123.9-5846   20.00 20.00 20.00   2.09 0.04 0.03                          0.8     0.6  0.5   0.7     0.2   0.1                        0.10  0.01  0.02                                A2    147.9   172 chi2
SWIFTJ0124.5+3350   22.78 22.73 22.83   1.36 0.21 0.13        74   217  30 <=   0.6                1.0     0.2   0.9       4.0   1.2   1.1  0.32  0.09  0.04                                B2 G  175.1   194 chi2
SWIFTJ0126.0+3511   22.41 22.25 22.56   1.92 0.46 0.62   >=   35           >=   0.1                1.4     1.7   0.4       2.8   2.9   1.4                                                  B1     14.9    12 chi2
SWIFTJ0126.2+1517   21.46 21.36 21.64   1.78 0.35 0.11   >=   60           <=   3.5                2.6     2.1   2.1                        0.10  0.04  0.01                                A2     33.9    36 chi2
SWIFTJ0127.5+1910   20.61 20.52 20.78   2.08 0.18 0.08   >=   40                2.3     4.2  1.6   0.8     0.2   0.3                        0.10  0.02  0.02                                A2    168.2   158 chi2
SWIFTJ0128.0-1850   20.00 20.00 20.00   1.87 0.05 0.04                     <=   0.4                1.1     0.1   0.3                        0.11  0.01  0.01                                A2    215.7   219 chi2
SWIFTJ0128.4+1631   23.30 23.26 23.48   2.12 0.19 0.33   >=   38           <=   0.9                6.0     7.9   1.8       1.4   7.9   0.8                                                  B1     85.6    77 C
SWIFTJ0128.9-6039   24.05 23.90 24.22   1.90           f     500 f         <=   0.6                0.9     6.3   0.4  <=   0.2                                                              B1 G   25.1    24 C
SWIFTJ0130.0-4218   24.36 24.11 24.81   1.80 0.89 0.91        38   422  29 <=   0.9                1.0  f             <=   0.6                                                              B1 G   13.8    19 C
SWIFTJ0130.2-4552   20.00 20.00 20.00   0.60 0.46 0.43   >=   19                                   0.7     1.1   0.5                        0.09  0.05  0.03                                A2     50.1    64 C
SWIFTJ0131.8-3307   23.90 23.70 24.09   1.93 0.21 0.72                     <=   0.4                1.1     2.2   0.5  <=   0.2              0.85  0.21  0.27                                B2 G   46.7    41 C
SWIFTJ0134.1-3625   23.97 23.90 24.08   1.07 0.46 0.45        75   157  31 <=   0.1                0.50    0.20  0.17      0.20  0.17  0.16 0.19  0.08  0.11  0.89 0.34 0.22                B3 G   35.0    38 chi2
SWIFTJ0134.8-0430   20.00 20.00 20.00   1.79 0.06 0.08   >=  191           <=   0.2                0.8     0.2   0.4                        0.10  0.03  0.03                                A2    100.9   129 chi2
SWIFTJ0136.5+3906   20.58 20.43 20.68   2.45 0.04 0.04                                             1.1     0.4   0.4                                                                        C1    186.3   200 chi2
SWIFTJ0138.6-4001   23.83 23.71 23.94   1.56 0.15 0.31       132    75  74 <=   0.2                0.7     0.3   0.3       0.3   0.1   0.1                                                  B1    139.9   173 C
SWIFTJ0138.8+2925   20.00 20.00 20.00   1.67 0.14 0.14   >=   13           <=   1.7                2.4     3.3   1.9                                                                        A1     23.5    31 chi2
SWIFTJ0140.6-5321   22.20 22.08 22.36   1.47 0.66 0.19        47   338  13 <=   3.4                1.0  f                  5.1   3.1   2.5                                                  B1     30.2    39 chi2
SWIFTJ0142.0+3922   20.00 20.00 20.00   1.21 0.10 0.12                                             1.4     0.9   0.7                                                                        C6     59.9    57 chi2
SWIFTJ0149.2+2153A  22.86 22.60 23.41   2.11 0.22 0.23   >=   27           <=   2.4                8.5     9.3   6.0      27.3  27.6  15.1                                                  B1    146.7   137 C
SWIFTJ0149.2+2153B  23.40 22.90 23.99   1.79 0.22 0.62   >=   38                1.3     5.4  0.9   1.0  f                  2.5  10.4   1.8                                                  B1     46.1    42 C
SWIFTJ0149.9-5019   20.00 20.00 20.00   1.52 0.16 0.18   >=   57           <=   0.2                0.7     0.5   0.5                        0.17  0.04  0.05                                A2     41.5    44 chi2
SWIFTJ0151.3-3610   20.00 20.00 20.00   1.83 0.06 0.06   >=   33           <=   1.5                0.8     0.9   0.5                                                                        A1     93.6   101 chi2
SWIFTJ0152.8-0329   23.23 23.20 23.27   1.75 0.19 0.18   >=   80           <=   1.0                1.1     0.5   0.6       1.6   0.7   0.6                                                  B1 G  132.9   136 chi2
SWIFTJ0154.9-2707   20.00 20.00 20.00   2.09 0.22 0.22                          1.2     1.0  1.0   1.4     1.2   0.6                                                                        A3     73.3    53 chi2
SWIFTJ0155.4+0228   20.00 20.00 20.00   1.85 0.13 0.09   >=   53           <=   9.5                1.1     0.5   0.5                                                                        A1     21.6    29 chi2
SWIFTJ0157.2+4715   20.00 20.00 20.00   1.93 0.13 0.08                     <=   0.8                0.9     0.5   0.4                        0.16  0.06  0.05                                A2     98.8   104 chi2
SWIFTJ0200.3+2428   23.15 23.08 23.29   1.49 0.30 0.52                     <=   0.8                1.5     4.8   0.3       1.7   1.6   1.1                                                  B1     93.9    77 C
SWIFTJ0201.0-0648   23.82 23.77 23.87   1.64 0.24 0.26   >=   73           <=   0.2                1.6     0.3   0.3       0.8   0.4   0.3  0.11  0.01  0.01  0.32 0.11 0.05                B3 G  317.5   334 chi2
SWIFTJ0202.4+6824A  22.23 21.78 22.58   1.40 0.18 0.51   >=   98           <=   1.4                1.0  f             <=  33.8                                                              B1    131.5   127 C
SWIFTJ0202.4+6824B  22.10 21.41 22.23   2.47 0.37 0.26                     <=   4.9                2.9     3.7   1.9      14.5  13.2   7.0                                                  B1     28.2    24 chi2
SWIFTJ0203.1-2359   21.37 21.23 21.43   1.51 0.73 0.18   >=   37           <=   2.5                1.1     0.6   0.7                        0.23  0.04  0.07                                A2     74.1    71 chi2
SWIFTJ0206.2-0019   20.00 20.00 20.00   1.84 0.08 0.06   >=  398           <=   0.8                1.1     0.4   0.4                        0.11  0.02  0.01                                A2    155.4   155 chi2
SWIFTJ0207.0+2931   20.00 20.00 20.00   1.74 0.06 0.04   >=  141                0.9     0.5  0.4   0.44    0.11  0.11                       0.117 0.005 0.004                               A6 G 1417.5  1386 chi2
SWIFTJ0208.2+4452   21.97 21.81 22.06   2.00 0.28 0.43   >=   60                1.8     4.1  1.1   1.0  f                  5.7   0.03  3.1                                                  B1     36.1    30 chi2
SWIFTJ0208.5-1738   20.00 20.00 20.00   1.97 0.26 0.21   >=   81           <=   3.3                0.4     0.4   0.1                                                                        A3     67.1    68 chi2
SWIFTJ0209.5-1010D1 23.66 23.54 23.81   2.46 1.09 0.56                     <=   0.5                1.0  f             <=   1.3              0.81  0.41  0.61                                B2 G    5.8     8 chi2
SWIFTJ0209.5-1010D2 23.75 23.69 23.86   2.35 0.17 0.08                     <=   0.3                1.0  f                  1.3   0.5   0.7  0.63  0.03  0.03                                B2 G  173.6   140 chi2
SWIFTJ0209.7+5226   20.00 20.00 20.00   1.65 0.12 0.15       100    39  26 <=   0.4                1.5     0.1   0.4                        0.19  0.05  0.04                                A2    100.5   113 chi2
SWIFTJ0211.1-4944   22.96 22.74 23.14   1.97 0.40 0.30                     <=   3.7                1.0  f                  0.5   1.1   0.3                                                  B1    118.0   134 C
SWIFTJ0213.7+5147   20.78 20.60 20.90   2.08 0.05 0.07                                             0.7     0.4   0.2                                                                        C1    148.8   121 chi2
SWIFTJ0214.6-0049   20.00 20.00 20.00   1.78 0.08 0.06   >=  112           <=  10.7                0.6     1.3   0.3                                                                        A1     26.9    28 chi2
SWIFTJ0214.9-6432   20.00 20.00 20.00   1.79 0.10 0.13   >=   66           <=   0.4                0.8     0.4   0.5                        0.11  0.02  0.02                                A2 G  100.7    96 chi2
SWIFTJ0215.6-1301   23.24 23.20 23.30   1.87 0.20 0.31   >=   48           <=   0.8                1.0  f                  0.24  0.40  0.17                                                 B1 G   49.6    59 chi2
SWIFTJ0216.3+5128   22.45 22.41 22.48   1.79 0.06 0.07   >=   82           <=   0.8                0.9     0.3   0.1       0.5   0.3   0.3                                                  B1 G  481.9   485 chi2
SWIFTJ0218.0+7348   23.31 23.14 23.45   1.51 0.33 0.05                                             0.9     0.3   0.5      21.7   0.9   0.8                                                  C5     78.5    67 chi2
SWIFTJ0222.3+2509   20.00 20.00 20.00   2.10 0.23 0.31                     <=   5.6                1.1     1.0   0.7                                                                        A3     52.8    51 chi2
SWIFTJ0222.6+5222   20.00 20.00 20.00   1.76 0.12 0.12        51    38  24 <=   2.7                1.2     0.6   0.6                        0.14  0.04  0.05                                A2     78.3    87 chi2
SWIFTJ0223.4+4551   22.97 22.71 23.08   1.67 0.10 0.51   >=   91           <=   1.2                1.1     0.8   0.6       0.7   0.9   0.6                                                  B1     12.8    12 chi2
SWIFTJ0225.0+1847   22.17 22.11 22.22   1.20 0.03 0.02                                             0.47    0.17  0.14                                                                       C6    681.8   686 chi2
SWIFTJ0225.0-2312   20.00 20.00 20.00   1.83 0.09 0.09   >=   72           <=   1.4                0.5     0.8   0.2                                                                        A1     56.7    72 chi2
SWIFTJ0225.8-6315   20.00 20.00 20.00   2.01 0.15 0.06   >=  157                1.6     2.3  0.8   0.8     0.4   0.2                        0.12  0.04  0.07                                A2    107.6   109 chi2
SWIFTJ0226.4-2821   20.57 19.30 21.23   1.83 0.26 0.14   >=   99           <=   1.3                1.0     0.4   0.6                        0.17  0.01  0.07                                A5     54.6    45 chi2
SWIFTJ0227.0+2346   23.00 22.75 23.20   1.37 0.53 0.51        24    86  16 >=   1.1                1.0  f             <=   4.0                                                              B1     45.6    39 C
SWIFTJ0228.1+3118   21.09 21.05 21.11   2.01 0.07 0.07   >=  152           <=   0.4                0.7     0.2   0.1                                                                        A4 G 1619.8  1511 chi2
SWIFTJ0230.2-0900   20.00 20.00 20.00   2.02 0.08 0.07   >=   99                0.6     0.7  0.5   0.8     0.7   0.2                        0.118 0.006 0.006                               A2    180.1   154 chi2
SWIFTJ0231.6-3645   23.87 23.61 24.09   1.80 0.21 0.53                     <=   1.8                1.1     4.5   1.0       1.1   4.5   0.8  0.23  0.09  0.08                                B2 G   85.9   117 C
SWIFTJ0232.8+2020   20.95 20.85 21.04   2.00 0.09 0.09                                             1.7     0.3   0.4                                                                        C1    101.4    94 chi2
SWIFTJ0234.1+3233   22.49 22.45 22.52   1.66 0.07 0.13   >=  104           <=   0.5                0.9     0.3   0.2       0.8   0.4   0.4                                                  B1    120.1   104 chi2
SWIFTJ0234.6-0848   20.92 20.86 21.01   2.12 0.14 0.23   >=  102                1.4     2.0  0.7   0.9     0.4   0.3                        0.12  0.04  0.02                                A5    249.1   242 chi2
SWIFTJ0235.3-2934   20.00 20.00 20.00   1.68 0.03 0.08   >=  366           <=   1.3                1.3     0.2   0.3                        0.10  0.02  0.02                                A2 G  340.9   315 chi2
SWIFTJ0238.2-5213   20.00 20.00 20.00   1.72 0.14 0.11   >=  157           <=   5.0                0.5     0.4   0.3                                                                        A1     42.2    59 chi2
SWIFTJ0238.5-6119   22.30 22.11 22.43   1.57 0.22 0.49                     <=   1.0                0.5     0.4   0.1       2.5   2.2   1.9                                                  B1     14.9    18 chi2
SWIFTJ0238.8-4039   20.41 20.30 21.03   1.81 0.15 0.10   >=   73           <=   1.3                0.9     0.3   0.3                        0.11  0.02  0.02                                A2 G  102.9   108 chi2
SWIFTJ0241.3-0816   22.95 22.94 22.97   1.44 0.08 0.07   >=   82           <=   1.6                0.62    0.19  0.19      8.1   0.8   0.8  0.72  0.05  0.06                                B2 G 1043.3   979 chi2
SWIFTJ0241.6+0711   20.92 20.74 21.25   1.73 0.26 0.24        75   408  42 <=   2.0                1.1     0.8   0.7                        0.10  0.02  0.02                                A2     47.8    56 chi2
SWIFTJ0242.0+0516   23.50 23.40 23.75   1.72 0.59 0.53                     <=   0.5                1.9     5.1   0.6       0.4   4.2   0.3                                                  B1     27.6    28 C
SWIFTJ0242.2+0531   21.05 21.00 21.40   1.67 0.34 0.11   >=   40           <=   1.3                1.1     0.4   0.6                        0.079 0.008 0.014                               A2     47.9    62 chi2
SWIFTJ0242.6+0000   25.00 25.00 25.00 f 1.90           f >=  145                0.5  f             1.7     1.4   1.2       6.7   1.0   0.8                                                  B1 G  710.8   540 chi2
SWIFTJ0243.9+5324   22.72 22.60 22.89   1.45 0.68 0.81        40   359  24 >=   3.7                1.4     1.5   0.8  <=   1.1                                                              B1     96.8   117 C
SWIFTJ0244.7-2433   21.89 21.54 22.11   1.40 0.34 0.20   >=   23           <=   4.1                1.0  f                 62.7  22.1  31.3                                                  B1     24.1    36 chi2
SWIFTJ0244.8+6227   20.92 20.83 21.00   1.63 0.04 0.03       177    66  42      1.0     0.5  0.3   0.95    0.12  0.13                                                                       A1 G 1510.8  1567 chi2
SWIFTJ0245.2+1047   20.00 20.00 20.00   1.82 0.27 0.25                                            27.     39.   13.                                                                         C1     49.9    45 C
SWIFTJ0249.1+2627   23.59 23.46 23.68   1.78 0.19 0.93   >=  130           <=   0.2                0.7     0.2   0.5  <=   0.3                                                              B1    107.5   132 C
SWIFTJ0250.4+4648   22.46 22.34 22.56   1.48 0.22 0.25        78   310  40 <=   0.4                1.0     0.4   0.3       1.8   1.9   1.5                                                  B1     24.5    25 chi2
SWIFTJ0250.7+4142   24.31 24.20 24.64   1.96 1.01 1.09   >=   54           <=   0.03               1.0  f             <=   0.4              0.34  0.33  0.11                                B2 G   59.8    61 C
SWIFTJ0251.3+5441   24.01 23.90 24.07   1.46 0.05 0.24   <=  238           <=   0.11               1.0  f             <=   0.5                                                              B1 G   61.2    66 C
SWIFTJ0251.6-1639   24.21 24.14 24.48   1.90           f     500 f         <=   0.4                1.0  f                  0.25  0.28  0.21 0.89  1.11  0.71                                B2 G   24.0    32 C
SWIFTJ0252.1-6758   20.00 20.00 20.00   0.92 0.27 0.24   >=   33           <=   1.6                1.1     2.4   0.8                                                                        A1     60.3    78 C
SWIFTJ0252.3+4312   23.22 23.01 23.43   1.32 1.20 0.55   >=   29           <=   1.4                0.8     1.0   0.5  <=   2.4                                                              B1     66.1    62 C
SWIFTJ0252.7-0822   23.03 22.97 23.07   1.95 0.07 0.48   >=  118           <=   0.5                1.3     0.3   0.3  <=   0.1                                                              B1     39.0    32 chi2
SWIFTJ0255.2-0011   23.76 23.70 23.82   1.69 0.09 0.29   >=   28           <=   0.2                1.5     0.4   0.3       0.3   0.3   0.1  0.21  0.07  0.03  0.98 0.73 0.26                B3 G   88.9    96 chi2
SWIFTJ0256.4-3212   22.91 22.86 22.97   1.50 0.25 0.24        95   225  36 <=   1.0                1.4     0.3   0.7       1.6   0.9   0.7                                                  B1 G  103.1   103 chi2
SWIFTJ0259.9+4419   20.00 20.00 20.00   1.55 0.17 0.17   >=   79           <=   0.5                1.2     0.4   0.9                        0.18  0.08  0.09                                A2     35.4    31 chi2
SWIFTJ0300.0-1048   22.02 21.91 22.12   1.98 0.12 0.38   >=  206           <=   1.1                0.4     0.4   0.2                        0.18  0.03  0.04                                A2     56.8    58 chi2
SWIFTJ0304.1-0108   24.18 24.15 24.22   1.88 0.03 0.04                          0.18    0.03 0.04  0.6     0.2   0.2  <=   0.1              1.16  0.18  0.12                                B2 G   63.8    46 chi2
SWIFTJ0308.2-2258   24.00 23.85 26.00   1.93 0.56 0.47                          0.39    7.51 0.30  1.0  f             <=   2.7              0.20  0.11  0.10                                B2 G   45.4    35 C
SWIFTJ0308.5-7251   20.30 20.04 20.70   1.80 0.17 0.17   >=   76           <=   1.2                0.8     0.6   0.5                        0.12  0.01  0.02                                A2    126.0   111 chi2
SWIFTJ0311.1+3241   20.96 20.72 21.20   1.76 0.42 0.22   >=   18           <=   5.4                0.7     1.1   0.4                                                                        A1     45.9    67 chi2
SWIFTJ0311.5-2045   20.82 20.59 21.11   1.94 0.14 0.08   >=  541                1.2     1.0  0.4   1.0     0.4   0.2                        0.102 0.008 0.004                               A2    189.5   180 chi2
SWIFTJ0311.8-7653   20.00 20.00 20.00   1.87 0.03 0.03                                             2.9     0.7   0.6                        0.116 0.005 0.005                               C2    659.7   630 chi2
SWIFTJ0311.9+5032   21.08 20.90 21.34   1.80 0.20 0.16   >=   33                                   1.1     0.6   0.8                                                                        A1     54.3    54 chi2
SWIFTJ0312.9+4121   21.20 21.00 21.45   1.83 0.07 0.05                                             0.9     0.4   0.3                        0.11  0.02  0.02                                C2    151.6   143 chi2
SWIFTJ0317.2+0116   22.86 22.79 22.92   1.97 0.19 0.30                     <=   0.8                0.9     0.5   0.2  <=   0.3                                                              B1     35.7    24 chi2
SWIFTJ0318.7+6828   22.51 22.44 22.54   1.66 0.26 0.26   >=   56           <=   3.9                0.33    0.34  0.11      2.2   1.5   1.1                                                  B1 G  211.5   231 chi2
SWIFTJ0319.7+4132   21.68 21.62 21.78   3.13 0.06 0.02       500 f         <=   0.11               4.5     0.4   1.0                        0.29  0.03  0.02  3.53 0.10 0.11                B9 G  726.2   508 chi2
SWIFTJ0324.8+3410   20.00 20.00 20.00   1.65 0.09 0.12                                             8.      3.    3.                         0.16  0.05  0.04                                C2     10.7    12 chi2
SWIFTJ0324.9+4044   22.77 22.72 22.82   1.36 0.17 0.16   >=   54           <=   0.5                1.0  f                  8.0   2.4   2.0                                                  B1 G  164.8   193 chi2
SWIFTJ0325.0-4154   20.00 20.00 20.00   2.11 0.08 0.05   >=   34           <=   5.0                0.9     0.5   0.4                        0.09  0.01  0.01                                A2    171.4   166 chi2
SWIFTJ0326.0-5633   20.83 20.70 20.95   2.58 0.11 0.17                     <=   4.1                6.8     5.2   3.9                                                                        A1     68.3    72 chi2
SWIFTJ0328.4-2846   23.58 23.32 24.00   2.12 0.50 0.40                          0.5     2.9  0.4   3.2     4.2   2.8       0.9   3.3   0.8                                                  B1 G   77.7    70 C
SWIFTJ0331.3+0538   20.00 20.00 20.00   1.75 0.22 0.14        63   345  32 <=   1.0                1.1     0.6   0.7                        0.15  0.02  0.02                                A2     11.1    12 chi2
SWIFTJ0331.4-0510   22.41 22.18 22.67   1.99 0.13 0.13                     >=   1.5                1.0  f             <=   6.1                                                              B1     90.1   111 C
SWIFTJ0333.3+3720   21.36 21.16 21.52   1.70 0.26 0.11   >=   69           <=   1.6                1.0     0.4   0.4                                                                        A1     44.8    51 chi2
SWIFTJ0333.6-3607   22.21 22.16 22.26   1.76 0.16 0.07       136    98  56      1.5     0.8  0.6   0.52    0.15  0.09      3.7   1.9   1.5  0.64  0.11  0.08                                B5 G  382.1   332 chi2
SWIFTJ0334.4-1515   20.00 20.00 20.00   1.94 0.13 0.25                          1.5     3.6  1.3   0.9     0.9   0.5                        0.09  0.04  0.04                                A2     19.7    29 chi2
SWIFTJ0335.4+1907   20.00 20.00 20.00   1.41 0.15 0.12   >=   61           <=   0.4                1.1     0.6   0.8                                                                        A1     25.8    32 chi2
SWIFTJ0336.6+3217   21.89 21.80 21.97   1.52 0.05 0.05                                             0.79    0.08  0.12                                                                       C1    280.2   278 chi2
SWIFTJ0342.0-2115   20.00 20.00 20.00   1.80 0.05 0.01   >=  153           <=   1.6                0.8     0.1   0.3                        0.10  0.01  0.02                                A2    218.2   219 chi2
SWIFTJ0345.2-3935   20.00 20.00 20.00   2.31 0.42 0.61   >=   49           <=  11.                 1.1     0.7   0.7                                                                        A3      7.4    15 chi2
SWIFTJ0347.0-3027   20.00 20.00 20.00   1.54 0.20 0.19        63    98  36 <=   2.5                1.1     1.7   0.7                        0.09  0.03  0.03                                A2     49.6    49 chi2
SWIFTJ0349.2-1159   20.85 20.72 20.95   2.25 0.04 0.04                                             0.8     0.2   0.3                                                                        C1     80.4    85 chi2
SWIFTJ0350.1-5019   24.16 23.95 24.27   1.89 0.30 0.34   >=  130           <=   2.5                1.0     6.7   0.9       0.2   0.1   0.1  0.16  0.04  0.05                                B2 G   35.1    34 chi2
SWIFTJ0351.7-4030   20.00 20.00 20.00   2.00 0.08 0.04   >=   72                0.9     0.8  0.9   1.2     0.7   0.4                        0.11  0.01  0.01                                A2    163.6   148 chi2
SWIFTJ0353.4-6830   20.60 20.48 20.68   2.00 0.05 0.05                                             0.71    0.17  0.15                                                                       C1    153.2   189 chi2
SWIFTJ0353.7+3711   22.34 22.28 22.56   1.24 0.39 0.47   >=   78           <=   4.6                1.1     1.7   0.4  <=   3.0                                                              B1     29.1    20 chi2
SWIFTJ0354.2+0250   20.00 20.00 20.00   1.31 0.04 0.05        33     9  10 <=   0.5                0.9     0.3   0.2                        0.08  0.03  0.03                                A2    102.7   104 chi2
SWIFTJ0356.9-4041   22.66 22.62 22.69   1.92 0.20 0.18   >=  213                2.4     2.6  1.9   1.4     0.7   0.4       3.2   1.3   1.1                                                  B1 G  379.2   457 chi2
SWIFTJ0357.5-6255   24.10 23.97 24.20   2.03 0.42 0.87   >=   39           <=   0.13               0.8     3.3   0.3       0.2   0.5   0.1                                                  B1 G   48.7    42 C
SWIFTJ0357.6+4153   22.56 22.46 22.63   2.50 0.25 0.79   >=   86                4.7     4.1  1.5   1.0  f             <=   3.5                                                              B1     26.5    30 chi2
SWIFTJ0359.0-3015A  23.03 22.94 23.21   2.02 0.92 0.71   >=   19           <=   7.4                7.      6.    4.   <=   0.4                                                              B1     96.3   105 C
SWIFTJ0359.0-3015B  22.67 22.52 22.81   1.31 0.19 0.22                     <=   0.7                1.1     2.8   0.4       4.4   4.8   2.4                                                  B1     85.4    99 C
SWIFTJ0359.7+5058   22.67 22.57 22.88   1.47 0.20 0.07                                             0.53    0.20  0.12 <=  28.0                                                              C5    118.8   114 chi2
SWIFTJ0402.4-1807   22.48 22.41 22.56   1.61 0.08 0.13   >=  143           <=   0.3                0.9     0.3   0.2       2.0   1.9   1.0                                                  B1     12.9    32 chi2
SWIFTJ0404.0-3604   20.00 20.00 20.00   1.59 0.04 0.04                                             0.9     0.7   0.3                                                                        C6    294.4   256 chi2
SWIFTJ0405.3-3707   20.00 20.00 20.00   1.57 0.05 0.06   >=   58           <=   0.6                1.1     0.3   0.6                        0.14  0.03  0.04                                A2    153.9   145 chi2
SWIFTJ0405.5-1307   20.00 20.00 20.00   1.56 0.05 0.05                                             0.8     0.2   0.2                                                                        C1     79.9    84 chi2
SWIFTJ0407.4+0339   23.64 23.58 23.71   1.29 0.29 0.31        56   115  24 <=   0.8                1.1     0.4   0.3       0.3   0.3   0.1                                                  B1 G   75.7    74 chi2
SWIFTJ0413.3+1659   22.85 22.61 22.98   1.70 0.27 0.38                                             1.4     1.8   0.9       1.7   2.2   1.6                                                  C5     82.1   118 C
SWIFTJ0413.8+1112   21.72 21.69 21.73   1.86 0.02 0.05   >=  115                1.6     0.7  0.3   0.5     0.2   0.1       5.5   1.3   1.3                                                  B1 G 1081.8  1091 chi2
SWIFTJ0414.8-0754   20.00 20.00 20.00   1.97 0.92 0.27   >=   40           >=   8.                 0.7     0.5   0.2                                                                        A3     23.8    26 chi2
SWIFTJ0418.3+3800   21.87 21.76 21.95   1.76 0.22 0.10   >=  144           <=   0.5                0.85    0.03  0.17                       0.10  0.03  0.03                                A2    152.2   148 chi2
SWIFTJ0420.0-5457   20.00 20.00 20.00   1.73 0.07 0.06   >=  135                2.3     1.2  1.0   0.8     1.9   0.3                                                                        A1     77.4    75 chi2
SWIFTJ0422.7-5611   22.89 22.76 23.00   1.38 0.17 0.26        92   285  41 <=   0.8                1.0  f                  2.4   1.2   1.1                                                  B1     15.1    14 chi2
SWIFTJ0423.5+0414   23.84 23.76 23.99   1.43 0.09 0.14        58    66  35      0.24    0.18 0.16  1.0  f                  0.4   0.6   0.3                                                  B1 G   22.2    25 chi2
SWIFTJ0426.2-5711   20.00 20.00 20.00   1.92 0.05 0.06        83    78  31      1.3     0.6  0.7   0.9     0.2   0.2                        0.10  0.01  0.01                                A2    225.2   232 chi2
SWIFTJ0427.6-1201   24.17 23.96 24.62   1.75 0.56 0.24       500 f         <=   0.1                1.0  f                  0.4   3.5   0.3                                                  B1     16.0    16 C
SWIFTJ0428.2-6704A  22.60 22.46 22.76   1.34 0.18 0.15   >=   98           <=   0.7                0.6     0.7   0.3       2.5   7.0   1.6                                                  B1     88.8    78 C
SWIFTJ0428.2-6704B  20.00 20.00 20.00   1.84 0.13 0.16                                             2.7     1.1   1.7                                                                        A1     28.5    21 chi2
SWIFTJ0429.6-2114   20.00 20.00 20.00   1.81 0.07 0.08   >=  126           <=   0.6                1.1     0.3   0.4                        0.09  0.02  0.03                                A2    108.3    82 chi2
SWIFTJ0433.0+0521   21.45 21.26 21.58   1.93 0.13 0.12   >=  193                0.4     0.5  0.3   0.8     0.3   0.1                        0.11  0.01  0.01                                A2    232.9   215 chi2
SWIFTJ0433.5-5846   23.20 22.94 23.45   1.45 0.40 0.54   >=   22                0.6     2.9  0.5   1.0  f             <=   3.7                                                              B1     35.9    43 C
SWIFTJ0436.3-1022   20.95 20.74 21.51   1.78 0.46 0.22   >=   47           <=   4.1                0.6     0.3   0.3                        0.11  0.02  0.02                                A2     22.3    23 chi2
SWIFTJ0437.4-4713   20.00 20.00 20.00   1.92 0.09 0.07   >=   91           <=   0.6                0.6     0.6   0.2                        0.102 0.009 0.009                               A2    138.0   147 chi2
SWIFTJ0438.2-1048   20.90 20.34 21.04   2.12 0.19 0.34   >=  306                1.2     0.9  0.5   0.9     0.7   0.5                                                                        A3     96.4    89 chi2
SWIFTJ0440.2-5941   22.34 22.28 22.43   2.12 0.27 1.27                          3.5     1.9  2.    1.5     2.4   1.1  <=   1.8                                                              B1     18.8    16 chi2
SWIFTJ0440.9+2741   21.34 21.26 21.38   1.81 0.17 0.13   >=  135                2.0     1.0  1.3   1.2     1.1   0.4                                                                        A1    125.6   153 chi2
SWIFTJ0441.2-2704   20.74 19.78 20.85   1.88 0.08 0.10   >=   43           <=   2.1                0.8     0.3   0.2                        0.079 0.009 0.008                               A2    137.8   178 chi2
SWIFTJ0441.8-0823   20.98 20.80 21.11   2.22 0.20 0.15   >=   42           <=   2.2                3.0     1.2   1.3                        0.09  0.02  0.01                                A2     97.4    88 chi2
SWIFTJ0443.9+2856   22.34 22.31 22.37   1.17 0.10 0.15        75    35  20 <=   0.4                0.36    0.02  0.08      8.1   1.0   0.8                                                  B1 G  529.9   539 chi2
SWIFTJ0444.1+2813   22.65 22.63 22.70   1.73 0.05 0.08   >=  285                3.1     0.8  0.7   0.35    0.07  0.02 <=   0.2                                                              B1 G  393.5   408 chi2
SWIFTJ0445.0-2816   22.00 21.90 22.11   1.44 0.20 0.12   >=   43           <=   0.5                0.9     0.5   0.3       4.5   3.6   2.9                                                  B1     20.0    33 chi2
SWIFTJ0446.4+1828   23.78 23.59 23.99   2.07 0.39 0.78   >=   52                0.6     1.5  0.4   1.0  f             <=   1.6                                                              B1     79.1    75 C
SWIFTJ0449.6-5515   23.18 22.98 23.45   1.89 0.10 1.22   >=   72                3.0     3.5  2.8   1.0  f                  4.3   6.6   1.9                                                  B1     46.9    48 C
SWIFTJ0450.7-5813   21.38 20.90 21.48   1.44 0.21 0.16       122   321  58 <=   0.6                1.1     0.1   0.5                        0.13  0.08  0.04                                A2     43.0    55 chi2
SWIFTJ0451.4-0346   20.00 20.00 20.00   1.70 0.09 0.08   >=  161           <=   2.4                0.5     0.3   0.2                        0.14  0.03  0.04                                A2 G  419.6   440 chi2
SWIFTJ0452.2+4933   21.23 21.04 21.28   1.75 0.09 0.07   >=  136           <=   0.3                1.06    0.05  0.28                       0.14  0.06  0.02                                A2    235.6   226 chi2
SWIFTJ0453.4+0404   24.08 23.91 24.18   2.06 0.33 0.39   >=  116                0.11    0.29 0.07  1.1     0.1   0.1       0.3   1.0   0.2  0.84  0.07  0.06  0.10 0.02 0.01                B3 G  144.5   122 chi2
SWIFTJ0454.6-4315   22.18 22.04 22.26   2.13 0.31 0.46   >=   90                2.0     2.3  1.3   1.0  f             <=   1.1                                                              B1     27.2    28 chi2
SWIFTJ0456.3-7532   22.51 22.20 22.91   1.82 0.14 0.21                                             5.7     2.9   2.4       4.8   6.4   3.9                                                  B1     58.3    58 C
SWIFTJ0459.7+3502   22.56 22.43 22.65   2.04 0.18 0.97   >=   80                1.9     1.8  0.9   1.0  f                  3.7   5.5   2.1                                                  B1     21.3    20 chi2
SWIFTJ0459.9+2703   23.02 22.86 23.13   1.22 0.19 0.33        51   200  17 <=   0.9                0.9     0.4   0.5  <=   2.4                                                              B1     11.9    11 chi2
SWIFTJ0501.9-3239   20.00 20.00 20.00   1.73 0.02 0.01       211   199  76 <=   0.7                0.71    0.14  0.15                                                                       A3 G  506.8   506 chi2
SWIFTJ0502.1+0332   21.04 20.70 21.13   1.72 0.40 0.11   >=   72           <=   4.9                0.5     0.7   0.2                        0.13  0.05  0.02                                A2     99.5   116 chi2
SWIFTJ0503.0+2302   20.00 20.00 20.00   1.66 0.04 0.08        92   361  52 <=   5.0                0.6     0.3   0.3                        0.29  0.04  0.03                                A2    141.3   131 chi2
SWIFTJ0504.6-7345   21.91 21.77 22.05   1.78 0.14 0.18   >=   31           <=   2.3                0.8     0.94  0.28      6.4   6.0   5.3                                                  B1     30.1    29 chi2
SWIFTJ0505.6-6735   23.74 23.51 23.93   1.50 0.68 0.84   >=   14           <=   1.0                1.0  f             <=   2.0                                                              B1 G    7.8    12 chi2
SWIFTJ0505.8-2351   22.78 22.74 22.80   1.41 0.10 0.09       159   122  51 <=   0.5                1.2     0.1   0.3       1.9   0.3   0.3  0.19  0.04  0.07                                B2 G  681.4   678 chi2
SWIFTJ0507.7+6732   20.95 20.85 21.04   2.43 0.06 0.05                                             0.70    0.17  0.17                                                                       C3    365.5   325 chi2
SWIFTJ0508.1+1727   22.33 22.25 22.42   1.98 0.16 0.15   >=   46                3.8     1.0  3.3   1.0  f                  3.6   8.1   2.6                                                  B1     41.3    42 chi2
SWIFTJ0510.7+1629   21.08 20.98 21.15   1.77 0.04 0.02       149    91  41 <=   0.5                1.3     0.1   0.3                        0.104 0.005 0.007                               A5 G 1689.3  1660 chi2
SWIFTJ0512.1-1830   22.40 22.32 22.46   1.78 0.14 0.19   >=   62           <=   0.4                0.8     0.7   0.2       1.1   0.6   0.7                                                  B1     32.8    39 chi2
SWIFTJ0513.8+6627   22.41 22.32 22.51   1.98 0.29 0.72   >=   53                3.5     3.7  2.1   1.0  f             <=   2.2                                                              B1     14.7    13 chi2
SWIFTJ0515.3+1854   23.29 23.11 23.41   1.37 0.25 0.49   >=  106           <=   1.3                1.2     0.8   0.5       1.7   1.8   1.2                                                  B1     71.0    68 C
SWIFTJ0516.2-0009   20.00 20.00 20.00   2.07 0.04 0.04   >=  292                1.7     2.6  1.3   1.0     0.3   0.2                        0.12  0.01  0.01                                A2 G  250.0   214 chi2
SWIFTJ0516.3+1928   22.90 22.72 23.26   1.65 1.11 1.39   >=   26                                   1.0  f             <=   5.8                                                              B1     96.3   112 C
SWIFTJ0516.4-1034   20.70 20.60 20.81   2.23 0.05 0.05                          4.6     1.5  0.8   0.9     0.3   0.2                        0.129 0.009 0.006                               A5 G 1187.0  1155 chi2
SWIFTJ0519.5-3140   20.00 20.00 20.00   1.65 0.02 0.02                                             0.58    0.06  0.06                                                                       C1    363.0   304 chi2
SWIFTJ0519.5-4545   20.49 20.32 20.61   1.79 0.04 0.04   >=  148           <=   0.9                1.4     0.4   0.3                        0.15  0.02  0.01                                A2 G 1371.4  1396 chi2
SWIFTJ0521.0-2522   22.92 22.89 22.96   2.60 0.18 0.17   >=  185           <=   1.4                2.8     1.3   0.9       0.9   0.4   0.3                                                  B1 G  162.3   128 chi2
SWIFTJ0524.1-1210   20.00 20.00 20.00   1.54 0.08 0.17        90   481  40 <=   0.9                1.3     0.7   0.7                                                                        A3 G   71.4    63 chi2
SWIFTJ0525.1-2339   20.00 20.00 20.00   1.28 0.06 0.06                                             1.0     0.3   0.3                                                                        C1     12.1    23 chi2
SWIFTJ0525.3-4600   20.00 20.00 20.00   1.36 0.12 0.10                                             1.9     0.4   0.4                                                                        C1      6.6    16 chi2
SWIFTJ0526.2-2118   23.30 23.23 23.37   2.01 0.12 0.87   >=   41           <=   0.8                0.6     0.6   1.4       0.3   0.3   0.2                                                  B1     18.5    15 chi2
SWIFTJ0528.1-3933   21.68 21.40 21.90   1.79 0.30 0.52                     >=   0.5                1.0  f             <=  38.7              0.10  0.08  0.05                                B2 G   14.5    22 chi2
SWIFTJ0530.8+1333   22.57 22.31 22.66   1.60 0.05 0.05                                             1.6     0.4   0.4      22.4  11.7  17.1                                                  C5    303.1   290 chi2
SWIFTJ0532.9+1343   21.48 21.30 21.70   1.79 0.49 0.22                     <=   6.8                1.1     0.5   0.2                                                                        A1     51.3    41 chi2
SWIFTJ0533.9-1318   23.76 23.43 23.95   1.78 0.29 0.35                          0.3     3.2  0.2   1.0  f                  1.0   5.6   0.8                                                  B1 G   62.4    60 C
SWIFTJ0535.4+4013   20.00 20.00 20.00   1.80 0.16 0.08   >=   95           <=   2.8                1.4     0.9   0.7                                                                        A1     53.3    47 chi2
SWIFTJ0539.9-2839   21.46 20.04 21.78   1.27 0.04 0.04                                             1.2     0.2   0.2                                                                        C1    101.3   101 chi2
SWIFTJ0543.9-2749   20.00 20.00 20.00   1.64 0.60 0.65   >=   33                                   0.8     0.6   0.4                                                                        A3 G  128.3   158 C
SWIFTJ0544.4+5909   22.28 22.23 22.34   1.47 0.13 0.07                     <=   0.3                0.9     0.4   0.4  <=   1.3                                                              B1    106.4    96 chi2
SWIFTJ0544.4-4328   22.81 22.62 22.95   1.30 1.28 0.65   >=   13           <=   2.0                1.1     2.6   0.5       2.0   1.4   1.2                                                  B1      7.7    12 chi2
SWIFTJ0547.3+5042   23.45 23.32 23.65   1.25 0.45 0.66   <=  177           <=   2.3                2.2     2.6   1.1       1.7   1.0   0.5                                                  B1 G  116.7   129 C
SWIFTJ0548.4-4748   23.41 23.38 23.45   1.36 0.31 0.15        28    52  16 <=   0.5                1.1     0.6   0.6       0.8   0.4   0.4  0.78  0.11  0.11                                B2 G  213.5   209 chi2
SWIFTJ0550.7-3212A  20.42 20.28 20.54   1.93 0.03 0.03                                             0.7     1.5   0.1                                                                        C6    375.0   354 chi2
SWIFTJ0552.2-0727   22.94 22.91 22.98   1.71 0.01 0.01       448    63  55 <=   0.01               2.96    0.04  0.04                                                                       B6 G 1662.9  1600 chi2
SWIFTJ0552.5+5929   20.00 20.00 20.00   1.90 0.18 0.05        41    50  12      4.2     5.7  1.8   1.1     0.3   0.4                        0.12  0.02  0.02                                A2    116.1   118 chi2
SWIFTJ0554.8+4625   20.46 20.34 20.54   1.89 0.02 0.02       252   131  60      0.2     0.2  0.1   0.90    0.2   0.2                                                                        A4 G 1858.8  1714 chi2
SWIFTJ0555.5+3946   20.00 20.00 20.00   1.63 0.04 0.04                                             2.7     0.7   0.7                                                                        C1    308.2   282 chi2
SWIFTJ0557.9-3822   20.00 20.00 20.00   1.70 0.05 0.03        45    10   6 <=   0.4                0.52    0.04  0.10                                                                       A3 G 1402.7  1140 chi2
SWIFTJ0559.8-5028   20.00 20.00 20.00   2.47 0.02 0.02                          1.4     0.6  0.3   1.07    0.18  0.12                       0.119 0.001 0.002                               A5 G 1752.0  1656 chi2
SWIFTJ0600.7+0008   23.34 23.23 23.45   1.44 0.37 1.43   <=   50           <=   0.5                2.0     0.6   0.7  <=   1.4              0.21  0.33  0.16                                B2 G   86.5   101 C
SWIFTJ0601.9-8636   24.18 23.94 24.24   1.64 0.08 0.07                          0.3     0.1  0.1   0.50    0.18  0.14 <=   0.3                                                              B1 G   69.2    84 chi2
SWIFTJ0602.2+2829   20.81 20.71 20.93   1.50 0.06 0.06        71    20  14 <=   1.3                1.1     0.3   0.3                        0.02  0.01  0.01                                A2    152.3   194 chi2
SWIFTJ0602.5+6518   23.32 23.26 23.37   1.71 0.09 0.25   >=  116           <=   1.2                1.4     0.7   0.6       1.2   0.9   0.3  1.23  0.40  0.26                                B2 G   68.5    75 chi2
SWIFTJ0606.0-2755   20.00 20.00 20.00   1.82 0.73 0.36   >=   27           <=   4.2                1.5     0.5   1.0                                                                        A3     35.6    41 chi2
SWIFTJ0609.5-6245A  20.00 20.00 20.00   1.82 0.14 0.14   >=   57           <=   4.0                1.9     3.9   1.1                                                                        A1     22.7    21 chi2
SWIFTJ0609.5-6245B  20.00 20.00 20.00   2.09 0.13 0.21                                             6.      9.    3.                                                                         A1 G  147.8   132 chi2
SWIFTJ0615.8+7101   24.06 24.01 24.11   1.80 0.04 0.05   >=  449                0.51    0.12 0.13  0.63    0.07  0.08      0.5   0.3   0.3                                                  B1 G  591.5   566 chi2
SWIFTJ0623.3-6438   20.00 20.00 20.00   1.96 0.07 0.06                                             2.0     0.7   0.6                                                                        C1    104.5    87 chi2
SWIFTJ0623.8+6445   20.00 20.00 20.00   1.81 0.07 0.12        18    18   8 <=   6.9                2.5     1.7   1.4                                                                        A1     44.8    48 chi2
SWIFTJ0623.8-3215   23.95 23.85 24.05   1.49 0.55 0.49   >=   58           <=   0.3                1.2     3.1   0.2       0.4   0.3   0.2  0.19  0.05  0.04                                B2 G   95.0   110 C
SWIFTJ0623.9-6058   23.31 23.27 23.36   1.86 0.18 0.23   >=   76           <=   0.5                1.1     0.9   0.3       0.4   0.2   0.2                                                  B1     16.8    25 chi2
SWIFTJ0626.6+0729   20.00 20.00 20.00   1.47 0.20 0.14       157   276  90      0.8     0.6  0.6   1.2     1.4   1.0                                                                        A1     13.3    19 chi2
SWIFTJ0626.6-3702   21.06 20.60 21.23   1.76 0.81 0.20   >=   55           <=   6.0                1.1     1.6   0.7                                                                        A3     17.8    11 chi2
SWIFTJ0630.7+6342   21.18 21.04 21.32   2.50 0.13 0.08   >=   67                4.5     2.6  1.7   0.8     0.4   0.2                                                                        A3 G  486.3   396 chi2
SWIFTJ0632.8+6343   23.74 23.62 23.83   1.47 0.57 0.36   >=  343           <=   0.2                0.51    0.58  0.46 <=   0.4              0.91  0.10  0.11  0.15 0.03 0.03                B3 G  103.3    94 chi2
SWIFTJ0634.7-7445   20.00 20.00 20.00   1.61 0.30 0.20   >=   70                1.9     2.1  1.2   0.7     1.7   0.3                        0.08  0.03  0.01                                A2     36.1    38 chi2
SWIFTJ0635.8-7514   20.00 20.00 20.00   1.70 0.04 0.04                                             1.1     0.3   0.2                                                                        C1    100.5   115 chi2
SWIFTJ0640.1-4328   23.00 22.91 23.21   1.39 0.28 0.17   >=  260           <=   0.3                0.7     0.7   0.3  <=   1.1                                                              B1     11.1    12 chi2
SWIFTJ0640.4-2554   21.48 21.46 21.53   1.89 0.08 0.11   >=  125                1.8     0.4  0.9   0.51    0.04  0.09                       0.13  0.02  0.01                                A5 G  991.5   957 chi2
SWIFTJ0641.3+3257   23.12 23.06 23.17   1.21 0.13 0.23        96   251  74 <=   0.2                0.8     0.3   0.3       2.1   0.5   0.5  0.07  0.07  0.04                                B2 G   86.4    82 chi2
SWIFTJ0645.9+5303   22.34 22.19 22.50   1.84 0.96 0.73   >=  390           >=   0.6                1.0  f             <=   4.1                                                              B1 G   88.8   100 C
SWIFTJ0651.9+7426   20.76 20.52 20.88   1.54 0.07 0.06       122    42  15 <=   1.1                1.0     0.1   0.3                                                                        A3 G 1131.8  1185 chi2
SWIFTJ0654.6+0700   21.32 21.20 21.67   1.69 0.42 0.18       128   261  88 <=   0.6                0.6     0.4   0.3                        0.08  0.01  0.01                                A2    116.1   113 chi2
SWIFTJ0655.8+3957   21.40 21.01 21.61   1.45 0.39 0.20        74   240  32 <=   1.2                1.0     0.6   0.3                        0.07  0.02  0.03                                A2     22.4    34 chi2
SWIFTJ0656.4-4921   24.10 23.90 24.28   2.00 0.28 1.07                     <=   0.1                1.0  f             <=   0.2              0.04  0.06  0.03                                B2 G   21.4    17 C
SWIFTJ0659.3+2406   22.98 22.91 23.11   2.00 0.55 0.51                     <=   1.3                1.9     2.8   1.1  <=   1.5                                                              B1    145.2   120 C
SWIFTJ0701.3-3235   21.08 20.60 21.30   2.26 0.28 0.28   >=   52           >=   1.2                1.4     2.8   0.6                                                                        A1     20.5    29 chi2
SWIFTJ0707.1+6433   20.00 20.00 20.00   2.13 0.11 0.11                     <=   5.7                0.7     0.8   0.3                        0.11  0.04  0.03                                A2     98.8    92 chi2
SWIFTJ0709.0-4642   22.40 22.28 22.56   1.78 0.51 0.42   >=   64                0.6     1.3  0.4   1.0     1.2   0.8  <=   3.1                                                              B1     23.5    19 chi2
SWIFTJ0709.4-3559   22.44 22.41 22.48   1.78 0.05 0.18   >=  145           <=   0.4                1.0     0.2   0.2  <=   1.2                                                              B1     45.4    50 chi2
SWIFTJ0710.3+5908   20.00 20.00 20.00   1.76 0.04 0.04                                             0.30    0.05  0.05                                                                       C6    149.8   153 chi2
SWIFTJ0714.2+3518   24.78 24.62 24.97   2.16 0.64 0.80   >=   23           <=   0.1                1.0  f             <=   0.1              0.25  0.14  0.07                                B2 G   35.3    45 C
SWIFTJ0714.3+4541   22.94 22.72 23.15   1.70 0.85 1.02   >=   25                                   1.0  f                 16.7  26.7  15.9                                                  B1     14.6    14 chi2
SWIFTJ0718.1+4403   20.00 20.00 20.00   1.87 0.07 0.08   >=   98           <=   2.0                1.3     0.2   0.6                        0.13  0.03  0.02                                A2    105.0   112 chi2
SWIFTJ0725.7-0055   20.00 20.00 20.00   1.56 0.06 0.06                                             0.7     0.2   0.2                                                                        C1    110.5   105 chi2
SWIFTJ0725.8+3000   23.86 23.75 23.99   2.31 0.22 0.46   >=   33           <=   0.1                0.8     1.2   0.5       0.2   0.1   0.1                                                  B1     42.9    77 C
SWIFTJ0726.5+3659   20.00 20.00 20.00   1.38 0.22 0.10        54    98  18 <=   2.8                0.7     0.6   0.4                        0.17  0.03  0.03                                A2     53.2    58 chi2
SWIFTJ0726.6-3552   23.84 23.52 24.15   1.60 0.25 0.27   >=  243                2.9     5.8  2.0   0.6     0.3   0.2       5.2  14.9   4.3  0.15  0.03  0.03  0.81 0.4  0.04                B3 G  321.8   272 chi2
SWIFTJ0727.4-2408   21.70 21.41 21.84   1.65 0.19 0.37   >=  108           <=   0.7                1.1     1.3   0.3  <=  75.                                                               B1     16.6    19 chi2
SWIFTJ0733.2+4558   20.00 20.00 20.00   1.97 0.11 0.13   >=   66                1.3     3.0  1.2   0.8     0.6   0.3                        0.11  0.02  0.02                                A2     60.1    70 chi2
SWIFTJ0733.9+5156   20.62 20.38 20.83   2.06 0.12 0.16   >=   67           <=   9.2                1.1     0.3   0.7                                                                        A1    109.6   112 chi2
SWIFTJ0736.9+5846   20.46 20.15 20.74   2.09 0.22 0.19       144   124  98      2.9     2.6  2.5   0.5     0.3   0.2                        0.10  0.02  0.01                                A2    115.0   117 chi2
SWIFTJ0739.7-3142   23.46 23.34 23.61   1.41 0.28 0.35   >=   46           <=   4.8                2.3     1.7   1.8       7.1   5.3   3.6  0.66  0.15  0.21                                B2 G  113.2    96 chi2
SWIFTJ0741.4-5447   22.03 21.70 22.18   1.50 0.34 0.24                     <=   1.9                2.0     2.4   1.1  <=  40.                                                               B1    286.9   123 C
SWIFTJ0742.3+8024   22.86 22.79 22.93   1.29 0.31 0.36   >=   26           <=   0.8                1.0  f                  2.6   2.0   1.1                                                  B1 G   46.0    40 chi2
SWIFTJ0742.5+4948   20.00 20.00 20.00   1.86 0.08 0.12       224   366  97      1.3     1.2  1.0   1.2     0.3   0.3                        0.134 0.001 0.001                               A6 G 1472.2  1468 chi2
SWIFTJ0743.0+6513   24.15 24.02 24.26   2.55 0.37 0.31                     <=   0.1                1.9     3.2   1.3  <=   0.3              0.77  0.18  0.20                                B2 G   33.8    29 chi2
SWIFTJ0743.3-2546   20.95 19.30 21.20   2.08 0.14 0.26                     <=   0.9                1.2     0.7   0.5                                                                        A1     82.9    84 chi2
SWIFTJ0744.0+2914   23.92 23.70 24.14   2.00 0.36 0.28                          0.4     2.5  0.3   1.0  f             <=  80.               0.68  0.11  0.16                                B2 G    9.6    11 chi2
SWIFTJ0746.3+2548   21.34 20.30 21.65   1.21 0.03 0.03                                             1.2     0.2   0.2                                                                        C1    176.0   196 chi2
SWIFTJ0747.5+6057   20.53 20.41 20.75   1.93 0.17 0.10   >=   90                2.8     2.3  1.5   0.5     0.5   0.2                        0.11  0.03  0.02                                A2    195.1   195 chi2
SWIFTJ0747.6-7326   23.56 23.40 23.75   1.40 0.53 0.54   >=   39           <=   1.3                1.0     1.4   0.7       0.8   1.0   0.7                                                  B1 G   49.9    39 C
SWIFTJ0752.2+1937   22.54 22.45 22.65   1.28 0.33 0.21        42    51  17 <=   1.6                0.7     0.5   0.3       7.9   2.6   3.4                                                  B1     27.4    28 chi2
SWIFTJ0753.1+4559   20.00 20.00 20.00   1.72 0.08 0.08   >=  160           <=   2.9                1.0     1.1   0.5                                                                        A1     55.3    48 chi2
SWIFTJ0756.3-4137   21.77 21.70 21.84   1.55 0.20 0.10   >=   26           <=   3.6                1.0  f             <=   7.2                                                              B1 G  377.4   354 chi2
SWIFTJ0759.8-3844   20.00 20.00 20.00   1.51 0.03 0.03        76    27  13 <=   0.5                1.2     0.1   0.3                        0.13  0.02  0.02                                A2 G  974.9  1010 chi2
SWIFTJ0800.1+2638   22.06 21.95 22.18   1.33 0.49 0.15   >=   57           <=   9.6                1.7     1.5   0.4       7.4   4.8   4.3                                                  B1 G   32.9    34 chi2
SWIFTJ0800.5+2327   22.22 22.20 22.24   1.82 0.10 0.08   >=  257                0.6     0.7  0.4   1.1     0.4   0.6       0.7   0.2   0.2                                                  B1 G  501.9   531 chi2
SWIFTJ0801.9-4946   21.18 21.00 21.32   1.90 0.10 0.08   >=   91                0.9     1.0  0.6   0.7     0.5   0.2                        0.082 0.006 0.006                               A2 G  569.8   564 chi2
SWIFTJ0803.4+0842   21.20 21.09 21.34   1.50 0.25 0.11        53    60  12 <=   3.1                1.3     0.7   0.7                                                                        A1     44.4    61 chi2
SWIFTJ0804.2+0507   23.40 23.32 23.46   2.07 0.08 0.27   >=  115           <=   0.8                1.3     0.4   0.5       0.8   0.6   0.3  0.7   0.2   0.3                                 B2 G   77.0    77 chi2
SWIFTJ0804.6+1045   23.02 22.80 23.17   1.57 0.47 0.40                                             2.3     3.2   1.6  <=   2.6                                                              B1     46.2    45 C
SWIFTJ0805.1-0110   23.46 23.15 23.62   1.49 0.18 0.76                     <=   1.1                1.1     3.6   0.8  <=   0.8                                                              B1 G   29.2    33 C
SWIFTJ0805.2+6145   20.00 20.00 20.00   1.19 0.11 0.09                                             0.7     0.2   0.1                                                                        C1     25.4    23 chi2
SWIFTJ0807.9+3859   24.10 23.67 26.00   1.66 0.21 0.41                          0.5  f             1.0  f             <=   5.2              0.90  0.10  0.18  0.07 0.04 0.03                B3 G  161.0   158 C
SWIFTJ0810.9+7602   20.64 20.53 20.71   2.27 0.20 0.09   >=   67                3.5     2.3  2.3   0.7     0.2   0.2                        0.099 0.009 0.008                               A2 G  267.6   244 chi2
SWIFTJ0814.3+0423   23.04 22.95 23.15   1.78 0.23 0.59   >=   51                0.7     1.7  0.4   0.6     0.8   0.3       1.0   1.0   0.7                                                  B1     18.6    20 chi2
SWIFTJ0817.8+0251   20.54 20.20 21.26   1.89 0.64 0.37   >=   52           <=  20.                 0.5     0.4   0.6                        0.10  0.03  0.02                                A2     63.2    57 chi2
SWIFTJ0818.1+0120   20.00 20.00 20.00   1.48 0.06 0.06   >=   67           <=   0.3                0.9     0.4   0.3                                                                        A1     62.2    76 chi2
SWIFTJ0819.2-2259   20.00 20.00 20.00   1.68 0.12 0.11   >=   72           <=   1.3                1.2     1.3   0.9                                                                        A1     42.8    36 chi2
SWIFTJ0823.4-0457   23.53 23.49 23.58   1.47 0.13 0.34                     <=   0.5                1.4     0.6   0.3       0.6   0.6   0.2  0.34  0.39  0.07                                B2 G   98.3    78 chi2
SWIFTJ0830.1+4154   21.11 21.04 21.24   1.80 0.27 0.25   >=   80           <=   9.1                0.2     0.4   0.1                                                                        A1     65.7    82 chi2
SWIFTJ0830.4-6723   23.82 23.63 24.01   2.23 0.13 0.10   >=   36                0.2     2.4  0.1   0.7     1.3   0.4      15.5  12.1  10.3                                                  B1     37.2    52 chi2
SWIFTJ0832.5+3703   20.00 20.00 20.00   1.87 0.30 0.10   >=  142           <=   4.4                1.3     1.7   0.8                                                                        A3     41.0    42 chi2
SWIFTJ0838.4-3557   20.00 20.00 20.00   1.93 0.13 0.13   >=   72           <=   2.3                1.0     0.5   0.3                        0.23  0.05  0.02                                A5 G  494.3   543 chi2
SWIFTJ0839.6-1213   20.00 20.00 20.00   2.03 0.08 0.10   >=  272           <=   4.0                0.4     0.2   0.1                                                                        A1    131.9   102 chi2
SWIFTJ0840.2+2947   23.80 23.70 23.91   1.84 0.14 0.35                     <=   0.2                2.0     1.0   0.9       0.5   0.6   0.3  0.28  0.04  0.03                                B2 G   74.5    56 chi2
SWIFTJ0841.4+7052   21.30 21.18 21.43   1.42 0.03 0.04                                             1.1     0.2   0.2                                                                        C6    449.8   435 chi2
SWIFTJ0842.0+0759   21.78 21.71 21.86   1.37 0.34 0.10        72   212  38 <=   0.6                0.9     0.3   0.6                                                                        A1     33.8    41 chi2
SWIFTJ0843.5+3551   23.61 23.40 23.85   2.13 0.52 0.34   >=   41           <=   0.6                3.0     2.5   1.8       1.0   0.7   0.3                                                  B1 G   64.4    55 C
SWIFTJ0845.0-3531   20.00 20.00 20.00   1.89 0.49 0.52   >=   58           <=   2.1                0.9     0.7   0.6                                                                        A3     35.3    40 chi2
SWIFTJ0845.3+1420   21.85 21.57 22.08   1.23 0.19 0.24        62   121  34 <=   0.4                0.9     0.7   0.4  <=  18.2                                                              B1     29.6    19 chi2
SWIFTJ0855.6+6425   23.31 23.18 23.44   1.80 0.20 0.43                     <=   0.6                0.9     0.5   0.4  <=   0.6                                                              B1      8.0    10 chi2
SWIFTJ0855.7-2856   21.95 21.88 22.04   1.85 0.48 0.37        34    64  12 >=   0.3                1.0  f             <=   5.2                                                              B1     41.7    54 chi2
SWIFTJ0856.0+7812   23.56 23.45 23.65   1.98 0.17 0.20   >=  101           <=   0.6                1.9     0.8   0.7       2.2   1.4   0.8  0.48  0.17  0.08                                B2 G   97.0    71 chi2
SWIFTJ0859.5+4457   22.67 22.51 22.81   1.53 0.39 0.43        36   448  19                         1.6     2.8   0.8       3.4   6.0   1.7                                                  B1      6.3     9 chi2
SWIFTJ0902.0+6007   23.08 22.99 23.16   1.32 0.26 0.35   >=   22           <=   0.8                0.7     0.6   0.4       3.1   3.5   1.8  0.87  0.32  0.35                                B2 G   66.0    57 chi2
SWIFTJ0902.7-4814   22.15 21.93 22.28   1.87 0.18 0.19   >=   74           <=   0.8                0.6     0.3   0.2       3.7   9.8   3.5                                                  B1     42.8    57 chi2
SWIFTJ0902.7-6816   24.26 24.08 24.67   1.63 0.07 0.16                          0.25    2.70 0.16  1.1     1.2   1.0  <=   0.4                                                              B1 G   23.2    21 C
SWIFTJ0902.8-7414   23.59 23.23 23.82   1.61 0.28 0.33   >=   47           <=   0.6                0.6     1.2   0.5       0.6   0.4   0.5                                                  B1     43.3    40 C
SWIFTJ0904.3+5538   20.00 20.00 20.00   1.84 0.07 0.07   >=   81           <=   0.7                0.9     0.5   0.6                                                                        A3 G  141.9   115 chi2
SWIFTJ0909.0+0358   20.00 20.00 20.00   1.34 0.09 0.08                                             1.4     0.6   0.8                                                                        C1     17.7    16 chi2
SWIFTJ0911.2+4533   23.52 23.40 23.57   2.16 0.18 1.03   >=   63           <=   0.4                1.1     1.3   0.4       0.2   0.2   0.1                                                  B1 G  101.0   129 C
SWIFTJ0917.2-6221   20.00 20.00 20.00   2.11 0.17 0.20   >=   99                1.9     1.5  1.0   1.1     0.3   0.2                                                                        A3 G  793.0   734 chi2
SWIFTJ0917.2-6457   21.41 20.70 21.74   1.63 0.30 0.19   >=   57           <=   0.6                0.4     0.9   0.2                        0.11  0.05  0.02                                A2     59.6    56 chi2
SWIFTJ0918.5+1618   20.00 20.00 20.00   2.08 0.04 0.02   >=  261                2.9     0.4  0.3   0.87    0.13  0.10                       0.112 0.002 0.003                               A5 G 1658.5  1531 chi2
SWIFTJ0919.2+5528   24.20 23.97 24.41   1.85 0.59 0.95   >=   16           <=   0.9                1.0  f             <=   2.9              0.30  0.21  0.11                                B2 G   50.2    49 C
SWIFTJ0920.1+3712   22.78 22.74 22.81   1.37 0.18 0.16        56    59  22 <=   0.9                1.3     0.2   0.2  <=   0.3              0.26  0.06  0.04                                B2 G  381.4   392 chi2
SWIFTJ0920.8-0805   22.81 22.78 22.86   1.68 0.24 0.22        76    87  30 <=   1.7                0.7     0.4   0.4       0.5   0.3   0.2                                                  B1 G  313.7   345 chi2
SWIFTJ0923.6-2136   20.86 20.83 20.89   1.76 0.02 0.03                                             1.1     0.2   0.2                        0.12  0.01  0.01                                C2    391.8   416 chi2
SWIFTJ0923.7+2255   20.00 20.00 20.00   1.76 0.06 0.03   >=  256           <=   0.8                1.3     0.1   0.4                        0.14  0.02  0.02                                A2    145.1   158 chi2
SWIFTJ0924.2-3141   24.42 24.35 24.51   1.90           f      26     6  10 <=   0.01               1.0  f             <=   0.01                                                             B1 G   61.0    48 C
SWIFTJ0925.0+5218   20.00 20.00 20.00   1.80 0.04 0.03       191   207  57 <=   1.0                0.73    0.16  0.20                       0.10  0.01  0.01                                A2 G  220.2   227 chi2
SWIFTJ0925.2-8423   22.40 22.28 22.48   1.61 0.30 0.61   >=   19                                   1.2     1.6   0.6  <=   4.5                                                              B1     15.0    17 chi2
SWIFTJ0926.1+6931   20.00 20.00 20.00   2.16 0.65 1.05   >=   27           >=  15.                 2.8     6.1   2.4                                                                        A1     15.4    21 C
SWIFTJ0926.2+1244   20.00 20.00 20.00   1.82 0.14 0.10       111   350  62 <=   0.8                0.6     0.5   0.3                        0.15  0.03  0.05                                A2     58.4    52 chi2
SWIFTJ0927.3+2301   20.00 20.00 20.00   1.67 0.06 0.05   >=  175           <=   0.3                0.9     0.2   0.2                                                                        A1     65.7    56 chi2
SWIFTJ0929.7+6232   23.20 23.09 23.43   1.99 0.19 0.62                     >=   0.1                1.0  f                  1.8   8.7   1.4                                                  B1     52.3    61 C
SWIFTJ0934.7-2156   24.32 24.20 24.56   1.69 0.31 0.29                          0.5  f             1.0  f                  1.0  35.0   0.9  0.69  0.07  0.10                                B2 G   96.1   103 chi2
SWIFTJ0935.5+2616   20.00 20.00 20.00   1.71 0.21 0.09       116   209  43 <=   0.7                0.7     0.5   0.3                        0.11  0.02  0.03                                A2     80.8   103 chi2
SWIFTJ0935.9+6120   24.28 24.09 24.46   1.00 0.31 0.34        24    40  12 <=   0.2                1.1     0.4   0.5       0.6   2.4   0.5  0.99  0.30  0.18                                B2 G   27.7    30 chi2
SWIFTJ0936.2-6553   22.60 20.00 22.95   1.06 0.74 1.08                     >=   0.1                1.0  f             <=  35.3                                                              B1     39.3    51 C
SWIFTJ0942.2+2344   20.78 19.56 21.11   1.65 0.38 0.18                     <=   0.7                1.1     0.9   0.7                        0.07  0.02  0.01                                A2     29.1    21 chi2
SWIFTJ0945.6-1420   21.72 21.68 21.74   1.30 0.04 0.03        57    40  20 <=   0.4                1.0     0.3   0.4      14.9   0.9   1.2                                                  B1 G 1276.8  1238 chi2
SWIFTJ0947.6-3057   22.18 22.14 22.21   1.72 0.10 0.08       103    10   8 <=   0.3                0.81    0.10  0.09      0.8   0.5   0.5                                                  B1 G  162.6   192 chi2
SWIFTJ0947.7+0726   20.00 20.00 20.00   1.77 0.09 0.12   >=   90           <=   0.6                0.8     0.4   0.2                        0.061 0.007 0.006                               A5 G 2009.6  2106 chi2
SWIFTJ0950.5+7318   23.79 23.63 24.00   1.52 0.47 0.52   >=   29           <=   0.9                1.3     1.4   0.8       1.0   2.5   0.9                                                  B1 G   27.8    34 chi2
SWIFTJ0951.9-0649   21.04 20.60 21.34   1.73 0.39 0.14   >=   91                1.5     5.5  1.3   0.5     0.5   0.2                        0.09  0.02  0.02                                A2     90.9    85 chi2
SWIFTJ0952.3-6234   23.07 23.03 23.11   1.66 0.17 0.14   >=   57           <=   0.5                1.1     0.4   0.5       1.4   0.4   0.4                                                  B1 G  193.3   239 chi2
SWIFTJ0955.5+6907   19.95 19.78 20.04   2.03 0.01 0.02   >=  211                1.8     0.4  0.2   0.48    0.11  0.07                       0.30  0.02  0.02  1.01 0.06 0.06                A7 G 1668.6  1644 chi2
SWIFTJ0959.5-2248   23.91 23.87 23.95   1.88 0.04 0.23   >=   79                0.10    0.05 0.05  1.7     0.2   0.3       0.4   0.3   0.1  0.11  0.06  0.04  0.90 0.10 0.10                B3 G  338.2   326 chi2
SWIFTJ0959.7-3112   20.00 20.00 20.00   1.95 0.07 0.06   >=   67           <=   3.7                1.5     0.6   0.7                        0.13  0.02  0.01                                A2 G  156.2   154 chi2
SWIFTJ0959.9+1303   20.00 20.00 20.00   1.89 0.29 0.10   >=   17           <=   7.5                0.8     0.8   0.4                        0.14  0.03  0.05                                A2     44.3    46 chi2
SWIFTJ1001.7+5543   24.56 24.39 24.87   1.75 1.29 0.40        56   354  24 <=   0.1                1.0  f             <=   0.3                                                              B1 G   22.7    30 chi2
SWIFTJ1001.8+2848   23.51 23.45 23.60   1.31 0.33 0.31        35    42  16 <=   1.5                1.0  f                  4.4   2.6   2.0  0.14  0.02  0.03  0.67 0.08 0.07                B3 G  211.4   213 chi2
SWIFTJ1003.4-3726   20.00 20.00 20.00   1.86 0.14 0.11   >=   40           <=   7.0                1.4     0.7   0.7                                                                        A1     38.5    35 chi2
SWIFTJ1005.9-2305   20.38 19.52 20.87   1.95 0.31 0.15   >=   77           <=   2.2                1.0     0.1   0.5                                                                        A3     99.6    97 chi2
SWIFTJ1007.4+6534   20.00 20.00 20.00   1.61 0.18 0.09       104   442  66 <=   7.1                0.5     0.4   0.3                                                                        A1     18.9    28 chi2
SWIFTJ1008.6-0955   20.00 20.00 20.00   1.90 0.18 0.06   >=   81           <=   5.6                0.3     0.3   0.1                        0.14  0.03  0.03                                A2    100.1   103 chi2
SWIFTJ1009.3-4250   23.43 23.40 23.47   1.61 0.13 0.25   >=   58           <=   0.5                1.2     0.3   0.4       0.9   0.6   0.3  0.20  0.03  0.02                                B2 G  228.1   208 chi2
SWIFTJ1013.5-3601   23.71 23.62 23.80   2.02 0.23 0.20   >=  159           <=   0.10               1.1     0.8   0.4       0.5   0.2   0.1                                                  B1 G  166.7   159 C
SWIFTJ1017.0-0404   22.30 22.18 22.38   1.70 0.14 0.29   >=   46           <=   1.3                0.8     0.6   0.2       1.5   1.4   1.4                                                  B1     25.0    24 chi2
SWIFTJ1020.5-0237B  20.00 20.00 20.00   1.72 0.12 0.12   >=   19           <=   2.4                0.8     1.3   0.6                                                                        A1     34.8    39 chi2
SWIFTJ1021.7-0327   20.00 20.00 20.00   1.97 0.09 0.11                     <=   2.3                1.8     0.4   0.9                        0.10  0.03  0.03                                A2     88.0   100 chi2
SWIFTJ1023.5+1952   20.95 20.94 21.00   1.56 0.01 0.01        94    16  12      0.42    0.27 0.24  0.89    0.09  0.10                       0.081 0.001 0.001                               A5 G 1850.2  1676 chi2
SWIFTJ1029.8-3821   23.41 23.11 23.83   1.06 0.80 0.46   >=   20           >=   0.8                1.0  f                 12.1  51.1   8.9                                                  B1     31.4    31 C
SWIFTJ1031.5+5051   20.66 20.38 20.84   2.30 0.05 0.06                                             0.7     0.2   0.3                                                                        C1     82.0    81 chi2
SWIFTJ1031.5-4205   24.00 23.91 24.11   1.90           f     500 f         <=   0.5                1.3     1.5   1.0       0.3   0.2   0.2                                                  B1     20.1    14 C
SWIFTJ1031.7-3451   23.88 23.80 23.95   1.31 0.23 0.23        59    24  14      0.47    0.22 0.15  1.6     0.5   0.5       0.3   0.4   0.2  0.10  0.02  0.01  0.66 0.10 0.07                B3 G  157.2   147 chi2
SWIFTJ1031.9-1418   20.00 20.00 20.00   1.86 0.07 0.04       154   367  68 <=   1.8                0.9     0.4   0.3                        0.11  0.01  0.02                                A2    172.5   190 chi2
SWIFTJ1032.7-2835   22.85 22.71 23.06   1.56 0.55 0.45   >=   45           <=   4.0                1.2     1.2   1.0  <=   2.7                                                              B1     71.3    66 C
SWIFTJ1033.6+7303   22.62 22.41 22.79   1.53 0.19 0.25   >=   36           <=   0.3                0.9     0.6   0.4  <=   2.1                                                              B1     24.3    15 chi2
SWIFTJ1033.8+5257   24.30 24.06 24.74   2.09 0.78 1.29   >=   16           <=   0.6                1.0  f             <=   0.6                                                              B1 G   14.9    18 C
SWIFTJ1038.8-4942   22.73 22.68 22.78   1.31 0.13 0.10        96   255  37 <=   0.5                1.0  f                 17.0   4.1   3.5                                                  B1 G  323.8   310 chi2
SWIFTJ1040.7-4619   22.60 22.58 22.63   2.09 0.03 0.16   >=  150                3.4     1.4  1.1   0.42    0.09  0.07 <=   0.3                                                              B1 G  527.2   541 chi2
SWIFTJ1041.4-1740   23.23 22.97 23.48   1.92 0.71 0.80                     <=   1.5                6.1     9.3   2.6  <=   1.6                                                              B1     37.6    27 C
SWIFTJ1042.4+0046   22.20 22.08 22.34   1.62 0.15 0.27   >=   56           <=   0.9                0.9     0.9   0.3       3.7   3.1   2.8                                                  B1     10.1    20 chi2
SWIFTJ1043.4+1105   20.00 20.00 20.00   1.69 0.08 0.07   >=   91           <=   3.9                0.4     0.4   0.2                                                                        A1     78.6    93 chi2
SWIFTJ1044.1+7024   23.27 23.18 23.38   1.58 0.43 0.28   >=   33           <=   0.9                0.9     0.6   0.6       1.0   0.6   0.5                                                  B1     97.4   117 C
SWIFTJ1044.8+3812   22.60 22.28 22.69   1.52 0.19 0.81   >=   86           <=   1.4                0.5     0.47  0.11      1.1   1.2   0.9                                                  B1     10.7    17 chi2
SWIFTJ1046.8+2556   22.90 22.83 23.02   1.98 0.20 0.68   >=   44           <=   0.9                2.0     0.9   0.4  <=   1.2                                                              B1     15.8    13 chi2
SWIFTJ1048.4-2511   24.40 24.30 24.58   2.22 0.85 0.46   >=   96           <=   0.01               1.0  f             <=   0.2              0.11  0.01  0.01  0.70 0.05 0.09                B3 G   82.0    80 chi2
SWIFTJ1049.4+2258   23.90 23.81 23.98   1.86 0.06 0.29   >=  114                0.17    0.13 0.10  1.1     0.6   0.5       0.2   0.3   0.1  0.20  0.03  0.02                                B2 G   50.6    57 chi2
SWIFTJ1051.2-1704A  22.82 22.68 22.98   1.45 0.13 0.26   >=   82           <=   0.7                0.9     0.6   0.4  <=   1.6                                                              B1     20.4    15 chi2
SWIFTJ1051.2-1704B  21.51 21.34 21.89   1.51 0.42 0.28   >=   41           >=   0.2                1.0  f             <=  14.3                                                              B1     27.0    23 chi2
SWIFTJ1052.8+1043   23.20 23.14 23.26   1.22 0.43 0.16   >=   35           <=   0.5                1.0  f                  1.2   0.9   0.5  0.25  0.07  0.06                                B2 G  127.1   123 chi2
SWIFTJ1059.8+6507   22.53 22.43 22.63   1.36 0.24 0.17                     <=   0.8                1.0     0.6   0.5  <=   2.2                                                              B1     12.7    12 chi2
SWIFTJ1100.9+1104   20.00 20.00 20.00   1.71 0.06 0.05   >=   97           <=   0.8                0.6     0.6   0.3                        0.19  0.03  0.02                                A2 G  376.2   383 chi2
SWIFTJ1103.4+3731   20.00 20.00 20.00   1.61 0.10 0.06   >=   65           <=   0.4                0.7     0.3   0.5                                                                        A1     36.0    53 chi2
SWIFTJ1103.5-2329   20.55 20.38 20.68   1.91 0.16 0.04                                             0.34    0.09  0.09                                                                       C6    304.6   276 chi2
SWIFTJ1104.4+3812   19.96 19.88 20.03   1.97 0.01 0.01                                             0.35    0.02  0.01                                                                       C6   1214.5   756 chi2
SWIFTJ1105.7+5854A  23.15 22.78 23.43   1.11 0.64 0.71   >=   11           <=   3.3                1.1     6.4   0.7  <=   3.7                                                              B1     41.0    46 C
SWIFTJ1105.7+5854B  20.00 20.00 20.00   1.57 0.19 0.12   >=   25           <=   0.4                0.5     0.5   0.4                        0.070 0.01  0.005                               A2     28.6    41 chi2
SWIFTJ1106.5+7234   20.00 20.00 20.00   1.57 0.13 0.12       132    87  43      0.3     0.3  0.1   0.9     0.2   0.1                                                                        A3    189.0   182 chi2
SWIFTJ1110.6-2832   20.00 20.00 20.00   2.12 0.10 0.09        36    49  15      7.8     5.8  4.4   1.2     1.2   0.6                                                                        A1 G   76.4    77 chi2
SWIFTJ1113.6+0936   20.00 20.00 20.00   1.56 0.18 0.10        81   200  40      1.8    10.6  1.2   0.8     0.6   0.4                        0.14  0.05  0.05                                A2     30.7    38 chi2
SWIFTJ1114.3+2020   23.28 23.01 25.00   1.39 0.61 1.26   >=   28           <=   5.0                1.0  f             <=  16.5                                                              B1     12.3    18 C
SWIFTJ1114.3+7944   22.66 22.48 23.36   1.42 0.38 0.96                     <=   0.2                0.6     0.5   0.3  <=   1.2                                                              B1    118.5   126 C
SWIFTJ1115.3+5423   22.76 22.72 22.80   1.69 0.23 0.37   >=   82                3.7     2.3  1.6   1.0  f             <=   1.7                                                              B1 G   69.6    86 chi2
SWIFTJ1120.8-4316   20.00 20.00 20.00   1.94 0.17 0.14   >=  335           <=   5.6                0.5     0.4   0.1                        0.13  0.03  0.03                                A2    116.6   132 chi2
SWIFTJ1125.6+5423   20.48 20.00 20.54   1.62 0.15 0.05       109    90  43 <=   1.0                0.7     0.2   0.3                        0.10  0.01  0.02                                A2    123.6   135 chi2
SWIFTJ1126.7+3514   22.30 22.18 22.41   1.92 0.20 0.22   >=  136           <=   6.2                0.32    0.20  0.10      6.6   7.4   2.5  0.15  0.03  0.03                                B2     41.2    34 chi2
SWIFTJ1127.5+1906   20.00 20.00 20.00   1.99 0.10 0.15   >=  134                4.8     2.0  2.2   0.53    0.20  0.12                                                                       A3 G  468.5   458 chi2
SWIFTJ1130.1-1447   21.60 21.52 21.67   1.46 0.03 0.03                                             1.0     0.1   0.1                                                                        C1    159.6   138 chi2
SWIFTJ1131.9-1233   20.00 20.00 20.00   1.96 0.02 0.04   >=  171                1.4     0.5  0.3   1.6     0.7   0.5                        0.19  0.04  0.03                                A2 G  868.0   926 chi2
SWIFTJ1132.7+5301   21.96 21.90 22.01   1.84 0.13 0.14   >=   61           <=   1.0                3.6     1.3   1.3       1.2   0.7   0.7                                                  B1     82.7   103 chi2
SWIFTJ1132.9+1019A  21.52 21.30 21.75   1.79 0.33 0.26   >=   50           <=   4.1                1.2     1.3   0.5                        0.05  0.01  0.02                                A2 G   78.5    45 chi2
SWIFTJ1132.9+1019B  20.00 20.00 20.00   1.68 0.12 0.11                                             1.1     0.9   0.7                                                                        C1     35.5    26 chi2
SWIFTJ1136.0+2132   21.26 21.00 21.30   2.04 0.22 0.17   >=   50                1.4     1.3  0.6   1.1     0.5   0.5                        0.09  0.01  0.01                                A2    118.2   119 chi2
SWIFTJ1136.7+6738   20.74 20.60 20.83   2.04 0.04 0.05                                             0.57    0.14  0.14                                                                       C1    177.7   193 chi2
SWIFTJ1136.7-6007   22.43 22.23 22.58   1.99 0.18 0.30                     <=   4.1                2.4     1.7   1.6      24.1  18.6   7.8                                                  B1     28.8    31 chi2
SWIFTJ1138.9+2529A  23.48 23.34 23.60   2.06 0.19 0.21   >=   55           <=   0.3                1.1     1.4   0.4       0.13  0.27  0.09                                                 B1     69.3    67 C
SWIFTJ1138.9+2529B  23.06 22.90 23.18   1.56 0.33 0.72   >=   13           <=   0.8                1.0     1.3   0.6       2.2   2.5   1.6                                                  B1    107.5   132 chi2
SWIFTJ1139.0-2323   21.30 21.20 21.38   2.01 0.19 0.09   >=   63           <=   9.4                0.4     0.2   0.1                                                                        A1     82.6    83 chi2
SWIFTJ1139.0-3743   20.49 20.20 20.57   1.98 0.04 0.04                     <=   0.3                0.74    0.17  0.18                                                                       A4 G  395.1   357 chi2
SWIFTJ1139.1+5913   20.00 20.00 20.00   1.63 0.06 0.05       119   130  50 <=   0.4                1.1     0.3   0.5                        0.12  0.01  0.01                                A2    158.4   113 chi2
SWIFTJ1139.8+3157   22.36 22.30 22.39   1.36 0.12 0.12   >=   52           <=   0.8                0.42    0.15  0.12      3.1   0.9   0.7                                                  B1 G  283.3   295 chi2
SWIFTJ1141.3+2156   20.00 20.00 20.00   1.86 0.04 0.08                     <=   0.7                1.0     0.3   0.7                        0.10  0.02  0.04                                A2     75.9    73 chi2
SWIFTJ1142.2+1021   20.00 20.00 20.00   1.56 0.04 0.04        95   492  56 <=   1.5                0.9     0.6   0.4                                                                        A1 G  241.1   240 chi2
SWIFTJ1143.7+7942   20.00 20.00 20.00   1.69 0.03 0.03        73    31  19      1.0     0.7  0.6   1.4     0.3   0.3                        0.18  0.02  0.02                                A2 G  542.8   546 chi2
SWIFTJ1144.1+3652   21.40 21.20 21.71   1.72 0.27 0.17                     <=   2.2                1.7     1.6   0.9                        0.08  0.01  0.01                                A2     37.3    36 chi2
SWIFTJ1145.2+5905   22.28 22.17 22.35   1.43 0.14 0.24        57    54  26 <=   0.9                0.8     0.3   0.4       2.2   1.7   1.6                                                  B1     29.8    26 chi2
SWIFTJ1145.6-1819   20.00 20.00 20.00   1.77 0.04 0.05       183   219  59      0.7     1.7  0.6   0.9     0.4   0.2                        0.12  0.01  0.01                                A2    188.3   218 chi2
SWIFTJ1145.6-6956   20.00 20.00 20.00   1.70 0.07 0.06                                             1.2     0.6   0.5                                                                        C1     53.8    59 chi2
SWIFTJ1148.3+0901   20.00 20.00 20.00   1.51 0.31 0.18        61   216  30 <=   0.9                1.1     0.5   0.7                        0.16  0.01  0.02                                A5     60.6    59 chi2
SWIFTJ1148.7+2941   22.48 22.41 22.58   1.62 0.09 0.13                     <=   0.14               0.8     0.2   0.2  <=   1.1                                                              B1     22.5    23 chi2
SWIFTJ1149.3+5307   20.99 20.77 21.15   1.67 0.21 0.19        47    86  14 <=   3.1                1.5     0.5   1.1                                                                        A1     35.6    47 chi2
SWIFTJ1149.3-0414   20.00 20.00 20.00   1.74 0.13 0.10   >=   34           <=   2.6                2.0     1.9   1.3                        0.10  0.02  0.03                                A2     52.9    43 chi2
SWIFTJ1152.1-1122   20.79 20.00 21.11   1.99 0.04 0.11   >=   50           <=   9.5                0.7     0.5   0.3                        0.09  0.02  0.02                                A2 G   76.5    97 chi2
SWIFTJ1152.6-0512   23.30 23.00 23.69   1.81 0.26 0.31   >=  284           >=   0.6                1.0  f                 18.4  31.1  12.1                                                  B1 G   89.3   110 C
SWIFTJ1153.6+4931   21.34 21.30 21.41   1.86 0.05 0.04                                             0.8     0.2   0.2                        0.10  0.01  0.01                                C2    171.1   214 chi2
SWIFTJ1157.8+5529   20.66 20.34 20.81   1.81 0.06 0.11   >=   81           <=   0.5                1.1     0.5   0.4                        0.14  0.06  0.03                                A2    173.9   215 chi2
SWIFTJ1158.9+4234   23.88 23.74 24.05   1.75 0.37 0.36   >=   68           <=   1.1                1.1     4.1   0.9       1.0   3.0   0.5                                                  B1     33.1    34 C
SWIFTJ1159.7-2002   20.00 20.00 20.00   1.91 0.02 0.02   >=  169                2.3     0.6  0.5   0.8     0.3   0.2                                                                        A1 G  612.6   675 chi2
SWIFTJ1200.2-5350   22.46 22.43 22.48   0.90 0.09 0.08        24     5   4      0.5     0.4  0.3   1.2     0.3   0.4       4.7   0.7   0.7                                                  B1 G  798.4   723 chi2
SWIFTJ1200.8+0650   22.90 22.86 22.93   1.37 0.16 0.16        71   161  30 <=   1.0                0.6     0.3   0.5       0.8   0.3   0.2                                                  B1 G  188.2   195 chi2
SWIFTJ1201.2-0341   20.00 20.00 20.00   1.98 0.20 0.11   >=   62                6.7     6.5  3.5   0.3     0.2   0.2                        0.11  0.09  0.10                                A2 G   84.9    72 chi2
SWIFTJ1202.5+3332   21.04 20.99 21.08   2.07 0.12 0.13   >=  259           <=   0.7                1.4     0.2   0.4                                                                        A4 G 1740.6  1514 chi2
SWIFTJ1203.0+4433   20.00 20.00 20.00   1.70 0.11 0.05        59    25  13      0.7     0.5  0.2   0.9     0.2   0.3                        0.126 0.006 0.008                               A5 G  296.1   326 chi2
SWIFTJ1204.5+2019   23.36 23.28 23.45   1.66 0.06 0.22   >=  175           <=   0.6                1.4     0.7   0.2       1.6   0.6   0.4                                                  B1     25.3    19 chi2
SWIFTJ1204.8+2758   20.00 20.00 20.00   1.93 0.05 0.10   >=   66           <=   1.3                0.8     0.3   0.4                        0.09  0.02  0.02                                A2    135.8   157 chi2
SWIFTJ1204.9+3105   22.59 22.53 22.65   1.67 0.28 0.27                     >=   2.1                0.29    0.13  0.09      5.0   2.5   2.2  0.11  0.01  0.01  0.75 0.08 0.11                B3 G  389.2   364 chi2
SWIFTJ1205.8+4959   20.00 20.00 20.00   1.19 0.17 0.17        83   194  41 <=   1.7                0.9     1.4   0.7                        0.08  0.03  0.03                                A2    141.0   157 C
SWIFTJ1206.2+5243   24.14 24.06 24.25   1.31 0.36 0.43        87   207  37 <=   0.2                1.0  f                  1.0   1.6   0.9  0.29  0.25  0.11  0.71 0.09 0.12                B7 G   77.5    65 chi2
SWIFTJ1207.5+3355   22.70 22.48 22.82   1.50 0.08 0.18                     <=   0.8                1.0  f                  2.4   3.3   1.4                                                  B1      7.8    13 chi2
SWIFTJ1209.4+4340   22.89 22.85 22.92   1.55 0.14 0.14   >=   23           <=   0.2                0.9     0.2   0.3       0.8   0.2   0.3  0.27  0.11  0.07                                B2 G  218.4   182 chi2
SWIFTJ1209.5+4702   22.79 22.77 22.82   1.53 0.12 0.08       113   252  33 <=   0.4                1.0     0.2   0.4       1.5   0.2   0.3                                                  B1 G  336.7   366 chi2
SWIFTJ1210.1-4637   20.00 20.00 20.00   1.87 0.33 0.26   >=  237           <=   7.6                1.0     1.6   0.5                                                                        A3 G  111.4    96 chi2
SWIFTJ1210.5+3924   22.71 22.41 23.05   1.73 0.03 0.03       340   120  52      0.25    0.05 0.05  2.0     0.06  0.08                       0.093 0.007 0.003                               A8 G 1769.9  1534 chi2
SWIFTJ1210.7+3819   22.80 22.73 22.86   1.73 0.13 0.14   >=   62                5.0     1.7  3.8   0.67    0.18  0.19      3.3   0.5   0.7                                                  B1 G  186.6   155 chi2
SWIFTJ1211.3-3935   22.19 22.11 22.25   1.67 0.24 0.27   >=   69           <=   1.1                1.0  f                  3.5   3.0   2.0                                                  B1     39.3    40 chi2
SWIFTJ1212.9+0702   24.16 23.88 24.31   1.92 0.06 0.18                     <=   0.06               1.0  f                  0.08  0.06  0.05                                                 B1     13.8    17 C
SWIFTJ1213.1+3239A  23.74 23.28 24.03   1.73 0.66 0.37                     <=   3.9                1.0  f                  0.2   1.4   0.1                                                  B1     34.3    30 C
SWIFTJ1213.1+3239B  20.00 20.00 20.00   1.52 0.22 0.21                                             3.3     4.8   1.9                                                                        C1     92.5    72 C
SWIFTJ1213.9-0531   20.78 20.60 21.15   1.77 0.27 0.15   >=  111           <=   2.6                1.7     1.3   1.0                        0.11  0.03  0.02                                A2     95.4    76 chi2
SWIFTJ1214.3+2933   23.41 23.30 23.58   2.03 0.26 0.40   >=   72           <=   1.7                1.3     1.6   0.3       1.9   1.6   1.0                                                  B1    104.1    94 C
SWIFTJ1217.2-2611   23.28 23.08 23.34   2.13 0.18 0.72                     <=   1.2                1.0  f                  0.3   1.3   0.2                                                  B1    143.5   159 C
SWIFTJ1217.3+0714   21.26 21.18 21.30   1.90 0.13 0.16   >=  176                5.4     3.5  3.1   1.4     0.6   0.2                                                                        A1 G  295.1   299 chi2
SWIFTJ1218.5+2952   20.32 20.15 20.40   2.02 0.15 0.09        73    80  35      1.7     2.6  0.8   0.9     0.2   0.2                        0.116 0.009 0.008                               A5    505.5   499 chi2
SWIFTJ1219.4+4720   23.00 22.98 23.01   2.03 0.07 0.06   >=  311           <=   0.9                1.8     0.5   0.4       2.6   0.3   0.4  0.63  0.02  0.02                                B2 G  932.3   780 chi2
SWIFTJ1221.3+3012   20.44 20.20 20.59   2.24 0.03 0.03                                             0.9     0.3   0.2                                                                        C1    202.2   207 chi2
SWIFTJ1222.4+0414   20.00 20.00 20.00   1.37 0.23 0.22                                             1.4     0.2   0.2                                                                        C1     80.8    80 chi2
SWIFTJ1222.4+7520   20.00 20.00 20.00   2.05 0.10 0.09   >=   56           <=   1.3                2.2     0.9   1.0                                                                        A1     32.9    39 chi2
SWIFTJ1223.7+0238   20.00 20.00 20.00   1.77 0.06 0.04   >=   88           <=   0.4                1.1     0.2   0.4                        0.11  0.01  0.01                                A2 G  226.6   222 chi2
SWIFTJ1224.9+2122   20.00 20.00 20.00   2.12 0.08 0.05                                             3.8     0.9   0.7                                                                        C3    220.6   218 chi2
SWIFTJ1225.8+1240   23.52 23.51 23.54   1.57 0.17 0.13   >=  104           <=   0.3                1.31    0.10  0.11      0.17  0.19  0.09 0.19  0.03  0.03  0.93 0.08 0.11                B3 G  462.3   424 chi2
SWIFTJ1229.1+0202   20.00 20.00 20.00   1.60 0.01 0.01       412   107  46 <=   0.02               0.95    0.03  0.08                       0.11  0.01  0.01                                A2    719.6   609 chi2
SWIFTJ1231.4+5758   23.90 23.62 23.99   2.55 0.12 0.63   >=   36                0.4     1.5  0.1   1.0  f             <=   1.7                                                              B1     65.5    78 C
SWIFTJ1232.0-4219   20.00 20.00 20.00   1.62 0.08 0.10   >=  103           <=   1.0                0.7     0.4   0.4                        0.13  0.02  0.03                                A2 G  159.2   197 chi2
SWIFTJ1232.0-4802   20.59 20.48 21.08   2.02 0.13 0.10   >=  231           <=   1.4                0.5     0.6   0.1                        0.10  0.03  0.01                                A2    136.7   119 chi2
SWIFTJ1232.1+2009   20.00 20.00 20.00   2.21 0.07 0.05   >=  281                4.5     2.9  2.5   0.7     0.8   0.2                        0.13  0.02  0.02                                A2     93.7    77 chi2
SWIFTJ1235.6-3954   23.95 23.90 23.99   1.71 0.14 0.15       133    91  40      0.34    0.09 0.07  1.06    0.16  0.15      0.16  0.18  0.11                                                 B1 G  299.9   286 chi2
SWIFTJ1238.6+0928   23.60 23.53 23.69   1.85 0.32 0.33   >=   72           <=   0.4                1.2     0.8   0.7       0.7   0.5   0.4  0.19  0.03  0.03                                B2 G  101.5    69 chi2
SWIFTJ1238.9-2720   23.95 23.88 24.00   1.53 0.22 0.27       152   260  68      0.11    0.06 0.04  0.6     0.2   0.2  <=   0.07             0.86  0.33  0.29                                B2 G   87.5    87 chi2
SWIFTJ1239.3-1611   22.76 22.72 22.79   1.75 0.03 0.14   >=  195                1.4     1.0  1.2   2.5     1.5   0.8       4.3   1.2   1.0                                                  B1 G  203.5   164 chi2
SWIFTJ1239.6-0519   20.00 20.00 20.00   2.03 0.01 0.01   >=  655                2.5     0.5  0.7   0.57    0.04  0.04                       0.093 0.003 0.003                               A5 G 1218.5  1242 chi2
SWIFTJ1240.2+3457A  23.78 23.38 23.93   2.00 0.16 1.25                     <=   1.2                1.0  f                  0.2   2.2   0.1                                                  B1 G   39.4    33 C
SWIFTJ1240.2+3457B  20.00 20.00 20.00   1.51 0.09 0.09   >=   45           <=   1.6                1.3     1.2   0.8                                                                        A1    218.1   223 chi2
SWIFTJ1240.9+2735   22.45 22.28 22.66   1.23 0.59 0.32        38   156  21 <=   7.0                1.1     1.3   0.6  <=   4.6                                                              B1    136.3   156 C
SWIFTJ1240.9-3331   20.00 20.00 20.00   1.82 0.05 0.06   >=   76           <=   0.8                1.0     0.3   0.6                                                                        A1     83.7    92 chi2
SWIFTJ1241.6-5748   21.12 20.82 21.34   1.73 0.16 0.03   >=  229           <=   0.6                1.1     0.2   0.4                        0.14  0.02  0.01                                A5 G  704.6   648 chi2
SWIFTJ1246.6+5435   23.66 23.60 23.77   1.69 0.19 0.21   >=  111                0.14    0.34 0.08  2.3     0.9   0.8       0.7   0.8   0.4  0.80  0.26  0.60                                B2 G   35.6    40 chi2
SWIFTJ1248.2-5828   22.46 22.26 22.69   1.98 0.51 0.43   >=   22           >=   0.7                0.4     0.77  0.18 <=  16.8                                                              B1     15.4    16 chi2
SWIFTJ1252.3-1323   20.00 20.00 20.00   1.91 0.18 0.13   >=   65           <=   2.9                1.6     1.3   0.9                        0.10  0.03  0.04                                A2     37.9    45 chi2
SWIFTJ1253.5-4137   24.23 24.07 26.00   1.62 0.21 0.47                          0.5  f             1.0  f                  0.8   1.6   0.5  0.84  0.20  0.21                                B2 G  147.2   153 chi2
SWIFTJ1255.0-2657   20.00 20.00 20.00   1.48 0.06 0.07   >=   42           <=   0.6                0.8     0.4   0.4                                                                        A1     72.9    78 chi2
SWIFTJ1256.2-0551   20.23 20.04 20.36   1.70 0.02 0.02                                             1.0     1.0   0.2                                                                        C7    673.3   597 chi2
SWIFTJ1300.1+1635   22.27 22.15 22.38   1.41 0.35 0.21   >=   79           <=   1.6                1.1     0.6   0.1       3.3   2.9   2.5                                                  B1 G   33.3    52 chi2
SWIFTJ1302.9+1620   20.78 20.56 21.02   1.59 0.15 0.05        56   102  22 <=   0.6                0.6     0.2   0.3                                                                        A3     85.0    84 chi2
SWIFTJ1303.8+5345   20.00 20.00 20.00   1.85 0.03 0.03   >=  270                3.2     1.9  1.7   0.23    0.11  0.06                                                                       A1    265.6   226 chi2
SWIFTJ1304.3-0532   23.91 23.81 24.00   1.95 0.28 0.37                          0.39    0.20 0.13  1.2     0.7   0.4       0.8   1.1   0.5  0.64  0.11  0.08                                B2 G  318.3   352 chi2
SWIFTJ1304.3-1022   23.29 23.21 23.37   1.71 0.07 0.19   >=  108           <=   0.8                1.1     0.7   0.4       1.3   0.7   0.4                                                  B1 G   39.1    34 chi2
SWIFTJ1305.4-1034   20.00 20.00 20.00   1.81 0.04 0.04                                             2.0     0.8   0.6                        0.11  0.01  0.02                                C2    295.4   278 chi2
SWIFTJ1305.4-4928   24.80 24.69 25.23   1.38 0.63 0.49   >=   42           <=   0.8                2.4     0.9   2.1  <=   1.5                                                              B1 G  279.8   234 chi2
SWIFTJ1306.4-4025A  22.81 22.80 22.83   2.00 0.10 0.12   >=  172                0.6     0.6  0.4   1.4     0.4   0.3       1.3   0.2   0.3  0.93  0.10  0.10                                B2 G 1027.1   840 chi2
SWIFTJ1306.4-4025B  20.00 20.00 20.00   1.82 0.07 0.07   >=  137           <=   2.3                0.8     0.7   0.3                        0.17  0.02  0.02                                A2 G  549.8   559 chi2
SWIFTJ1309.2+1139   23.69 23.59 23.78   1.21 0.39 0.20        73   138  29 <=   0.3                1.2     0.4   0.4       0.23  0.20  0.19 0.23  0.08  0.07                                B2 G   50.1    66 chi2
SWIFTJ1310.7+0834   23.31 23.07 23.53   1.76 0.39 0.77   >=   24           <=   6.4                1.0  f                  0.4   5.4   0.1                                                  B1     57.5    50 C
SWIFTJ1310.9-5553   21.75 21.59 21.79   1.49 0.05 0.17                     <=   0.5                0.8     0.3   0.2                        0.10  0.03  0.02                                A2     35.9    42 chi2
SWIFTJ1312.1-5631   23.66 23.49 23.79   1.89 0.47 1.02   >=   46           <=   0.5                2.4     4.3   1.4  <=   0.8                                                              B1     53.2    46 C
SWIFTJ1313.1-1108   20.00 20.00 20.00   1.94 0.06 0.07   >=   45           <=   2.4                0.8     0.6   0.3                        0.11  0.01  0.02                                A2    122.4   135 chi2
SWIFTJ1313.6+3650B  20.00 20.00 20.00   1.72 0.05 0.06   >=   23                2.0     2.1  1.4   0.31    0.33  0.17                       0.27  0.10  0.07                                A2 G  458.5   492 chi2
SWIFTJ1315.8+4420   22.88 22.83 22.95   1.99 0.35 0.43   >=   68                0.7     1.9  0.4   0.8     0.7   0.7       0.5   0.7   0.4                                                  B1     33.5    47 chi2
SWIFTJ1316.9-7155   20.00 20.00 20.00   1.36 0.11 0.14        50    62  19 <=   0.7                1.1     0.4   0.8                        0.12  0.05  0.04                                A2     46.4    56 chi2
SWIFTJ1321.2+0859   23.57 23.45 23.66   2.09 0.09 0.26   >=  187           <=   0.2                0.8     0.5   0.6       0.2   0.1   0.1                                                  B1     88.4   100 C
SWIFTJ1322.2-1641   23.80 23.78 23.82   2.77 0.13 0.13   >=  204                0.10    0.03 0.03  3.5     0.5   0.5       0.15  0.07  0.05 0.11  0.02  0.01  1.62 0.09 0.12 0.83 0.02 0.02 B4 G  987.7   799 chi2
SWIFTJ1325.4-4301   23.02 23.00 23.04   1.69 0.02 0.02        71    12   9 <=   0.02               1.62    0.06  0.05      0.8   0.1   0.1  1.01  0.06  0.08                                B2 G 1324.1  1133 chi2
SWIFTJ1331.2-2524   20.00 20.00 20.00   1.52 0.09 0.11                     <=   1.1                1.6     1.8   0.5                                                                        A1     30.4    31 chi2
SWIFTJ1331.6-0504   20.00 20.00 20.00   1.29 0.09 0.08                                             0.5     0.17  0.16                                                                       C1     40.7    40 chi2
SWIFTJ1332.0-7754   23.80 23.72 23.92   1.74 0.19 0.49                     <=   0.6                1.1     0.3   0.9       0.8   0.8   0.4                                                  B1 G   62.2    64 C
SWIFTJ1333.5-3401   23.31 23.29 23.34   1.46 0.17 0.15        32    14   8 <=   0.3                0.93    0.14  0.34      0.8   0.2   0.2                                                  B1 G  311.7   250 chi2
SWIFTJ1334.8-2328D1 22.82 22.78 22.86   1.79 0.24 0.16                     <=   1.8                1.0  f                  2.2   0.9   0.9                                                  B1 G   70.8    81 chi2
SWIFTJ1334.8-2328D2 21.65 21.54 21.74   1.63 0.10 0.10                     <=   1.8                1.0  f                 11.2   0.4   0.4                                                  B1 G  113.1   129 chi2
SWIFTJ1335.8-3416   20.85 20.74 20.93   2.19 0.12 0.08       123   101  39      1.8     0.9  0.6   1.0     0.6   0.2                        0.11  0.05  0.02                                A5    370.5   364 chi2
SWIFTJ1336.0+0304   22.34 22.32 22.38   1.55 0.10 0.12   >=   19           <=   0.8                0.9     0.6   0.3       1.4   0.4   0.3                                                  B1 G  428.5   421 chi2
SWIFTJ1337.7-1253   20.95 20.78 21.11   1.80 0.06 0.06                                             0.9     0.4   0.3                                                                        C1    116.3   105 chi2
SWIFTJ1338.2+0433   22.43 22.41 22.45   1.20 0.04 0.04        77    13  10 <=   0.1                1.87    0.14  0.13      4.5   0.6   0.6  0.8   0.1   0.5   0.15 0.01 0.01                B3 G 1290.1  1337 chi2
SWIFTJ1341.2+3023   23.53 23.46 23.59   1.65 0.31 0.27        85   362  39 <=   0.5                1.2     0.2   0.5       0.7   0.6   0.4  0.97  0.08  0.18                                B2 G  226.9   201 chi2
SWIFTJ1341.2-1439   20.70 20.57 20.88   1.96 0.20 0.07   >=   78                0.9     2.3  0.5   0.8     0.8   0.4                        0.11  0.02  0.01                                A2    124.9   156 chi2
SWIFTJ1341.5+6742   23.15 23.05 23.23   1.88 0.11 0.34   >=   75           <=   1.4                1.5     2.1   0.9       1.4   1.3   0.7                                                  B1 G   23.7    23 chi2
SWIFTJ1341.9+3537   20.59 20.28 20.78   1.79 0.18 0.16   >=  294                2.8     2.8  1.9   0.21    0.09  0.06                                                                       A3 G  502.6   491 chi2
SWIFTJ1344.7+1934   23.60 23.43 23.73   1.43 0.32 1.10   >=  400           <=   1.                 1.2     1.3   0.6  <=   1.1                                                              B1     21.0    21 C
SWIFTJ1345.5+4139   21.96 21.90 22.04   1.62 0.09 0.02   >=   82           <=   0.3                0.9     0.2   0.2       5.7   2.7   2.2                                                  B1     34.3    40 chi2
SWIFTJ1346.4+1924   21.26 21.00 21.41   1.78 0.18 0.21        79   287  48 <=   1.1                2.7     1.3   1.0                        0.08  0.01  0.01                                A2     61.4    49 chi2
SWIFTJ1347.1+7325   20.00 20.00 20.00   1.20 0.39 0.28        38    32  20 <=   2.2                1.1     0.4   0.9                        0.14  0.04  0.02                                A2     23.9    30 chi2
SWIFTJ1347.4-6033   22.09 22.04 22.15   1.07 0.06 0.03        45     7   4 <=   0.3                0.47    0.06  0.05     35.4   9.1   8.8                                                  B1 G 1061.4  1015 chi2
SWIFTJ1347.7+0212   20.00 20.00 20.00   1.94 0.20 0.18   >=   12           <=  11.2                3.0     3.5   1.8                                                                        A1     12.6    15 chi2
SWIFTJ1349.3-3018   21.52 21.51 21.53   1.89 0.02 0.01       236    42  26      0.59    0.07 0.08  1.01    0.07  0.10                       0.081 0.001 0.001                               A6 G 2371.6  1933 chi2
SWIFTJ1349.7+0209   21.18 21.11 21.28   1.72 0.15 0.12   >=   65           <=   0.4                1.1     0.5   0.6                                                                        A1     66.9    73 chi2
SWIFTJ1351.5-1814   20.18 19.78 20.43   1.90 0.12 0.06   >=   44           <=   0.7                0.8     0.4   0.5                        0.11  0.02  0.01                                A2    196.8   176 chi2
SWIFTJ1352.8+6917   20.43 20.28 20.64   1.75 0.11 0.05   >=  125           <=   0.8                1.0     0.4   0.4                        0.09  0.02  0.02                                A2    107.2   128 chi2
SWIFTJ1353.7-1122   23.21 22.41 23.52   1.75 0.58 0.49   >=   52                                   1.0  f                                                                                   A1     11.5     7 C
SWIFTJ1354.1-3748   22.91 22.84 23.06   1.71 0.20 0.27   >=  100           <=   1.1                1.0     0.7   0.4       4.1   4.7   1.0                                                  B1     16.9    13 chi2
SWIFTJ1354.5+1326   23.34 23.25 23.46   1.61 0.52 0.59   >=   28                0.2     1.6  0.1   1.0  f                  0.9   2.4   0.6                                                  B1     66.8    86 C
SWIFTJ1355.6+3524   23.04 22.96 23.23   2.31 0.52 0.24                     <=   1.7                2.4     2.3   2.1  <=   0.4                                                              B1    120.8   144 C
SWIFTJ1355.9+1822   23.81 23.61 24.01   1.64 0.32 0.36   >=   46                1.0     1.2  0.5   1.0  f                  2.1   4.2   1.7  0.25  0.08  0.05  0.94 0.11 0.15                B3 G  119.7   104 chi2
SWIFTJ1356.1+3832   20.00 20.00 20.00   1.74 0.05 0.05   >=  112                2.3     1.7  1.4   1.5     0.9   0.5                                                                        A1 G  249.8   252 chi2
SWIFTJ1356.6-1932   20.95 20.76 21.09   1.70 0.14 0.08   >=   37           <=   0.75               1.1     0.4   0.6                                                                        A1     72.2    84 chi2
SWIFTJ1408.1-3024   20.00 20.00 20.00   2.09 0.25 0.24   >=   36                3.4     6.1  2.8   0.7     0.4   0.3                        0.22  0.04  0.03                                A5    145.8   145 chi2
SWIFTJ1410.9-4229   22.78 22.63 22.93   2.50 0.51 0.26                     >=   0.2                2.2     2.1   0.6       2.7   9.6   2.3                                                  B1      9.8    13 chi2
SWIFTJ1412.9-6522   24.36 24.33 24.40   1.51 0.11 0.10        43     5   4      0.17    0.05 0.04  1.0     1.1   0.6       0.5   0.3   0.2                                                  B1 G 1245.3  1171 chi2
SWIFTJ1413.2-0312   22.44 22.43 22.45   1.80 0.03 0.03       127    21  15      0.60    0.20 0.17  0.83    0.06  0.06      0.49  0.04  0.04 0.99  0.02  0.02                                B2 G 2334.2  1935 chi2
SWIFTJ1416.9-1158   20.00 20.00 20.00   1.57 0.17 0.08        56    27  22 <=   1.3                1.2     0.5   0.3                        0.14  0.03  0.04                                A2     63.3    85 chi2
SWIFTJ1416.9-4640   24.44 24.39 26.00   1.54 0.43 0.51   <=  233           <=   2.4                1.0  f             <=   0.2              0.4   0.4   0.3                                 B2 G   26.0    16 C
SWIFTJ1417.7+2539   20.60 20.40 20.70   2.11 0.04 0.04                                             0.59    0.21  0.16                                                                       C1    199.3   200 chi2
SWIFTJ1417.7+6143   20.00 20.00 20.00   1.58 0.09 0.09        80    48  56 <=   1.4                0.7     0.7   0.5                                                                        A1     54.7    53 chi2
SWIFTJ1417.9+2507   20.69 20.46 20.81   1.82 0.10 0.15   >=  281           <=   1.0                1.2     0.3   0.2                                                                        A3    393.4   423 chi2
SWIFTJ1419.0-2639   20.00 20.00 20.00   2.13 0.01 0.01   >=  591                0.6     0.5  0.5   0.87    0.20  0.15                       0.100 0.002 0.002                               A5 G 1845.9  1754 chi2
SWIFTJ1421.4+4747   20.00 20.00 20.00   2.05 0.23 0.07                          3.4     2.3  1.2   0.62    0.14  0.10                       0.10  0.04  0.02                                A5 G  704.7   619 chi2
SWIFTJ1424.2+2435   22.56 22.46 22.62   1.58 0.21 0.23   >=   42           <=   1.3                0.8     0.6   0.3       0.8   0.7   0.6                                                  B1     23.5    24 chi2
SWIFTJ1427.5+1949   20.85 19.74 21.18   1.78 0.12 0.10   >=   60           <=   0.9                1.0     0.5   0.6                        0.075 0.007 0.007                               A2    118.3   108 chi2
SWIFTJ1428.7+4234   20.36 20.20 20.48   2.00 0.03 0.03                                             0.8     0.2   0.3                                                                        C6    378.8   370 chi2
SWIFTJ1429.2+0118   20.00 20.00 20.00   2.18 0.11 0.05                     <=   5.2                0.9     0.7   0.2                        0.09  0.01  0.01                                A2 G  211.1   221 chi2
SWIFTJ1431.2+2816   20.00 20.00 20.00   2.07 0.08 0.06   >=  127           <=   4.4                1.1     0.6   0.4                        0.10  0.02  0.02                                A2    138.9   169 chi2
SWIFTJ1432.8-4412   25.00 25.00 25.00 f 1.46 0.22 0.30   >=   48                0.5  f             1.0  f                  0.7   0.5   0.3  0.11  0.01  0.01  0.77 0.03 0.03                B3 G  281.1   250 chi2
SWIFTJ1433.9+0528   22.84 22.72 22.91   1.79 0.15 0.45   >=   41           <=   1.5                1.0     0.6   0.5       1.5   1.0   0.5                                                  B1      9.8    24 chi2
SWIFTJ1434.9+4837   20.00 20.00 20.00   2.00 0.06 0.05   >=  120                3.6     2.7  2.7   0.8     0.7   0.3                                                                        A1 G  168.5   195 chi2
SWIFTJ1436.4+5846   20.00 20.00 20.00   2.14 0.04 0.03   >=  242                1.0     2.4  0.3   0.73    0.19  0.05                       0.094 0.005 0.005                               A2 G  441.0   422 chi2
SWIFTJ1436.8-1615   20.00 20.00 20.00   1.66 0.07 0.04   >=   73           <=   0.4                0.5     0.6   0.2                                                                        A1     64.3    81 chi2
SWIFTJ1439.2+1417   22.40 22.32 22.46   1.77 0.33 0.12   >=  136           <=   0.6                1.1     0.5   0.6                                                                        A1     31.7    24 chi2
SWIFTJ1441.4+5341   23.52 23.47 23.57   1.94 0.04 0.18   >=  168                0.4     0.5  0.3   1.5     0.4   0.3       2.0   1.1   0.3  0.23  0.03  0.03                                B2 G  102.0    82 chi2
SWIFTJ1442.5-1715   24.14 24.10 24.18   1.50 0.04 0.04       121    11  13      0.06    0.02 0.02  1.5     0.3   0.4       0.2   0.1   0.1  0.77  0.07  0.07                                B2 G  185.2   164 chi2
SWIFTJ1445.6+2702   24.64 23.98 26.00   1.97 0.17 0.22                          1.3     4.3  0.9   1.0  f             <=  18.2                                                              B1 G   62.4    47 C
SWIFTJ1446.7-6416   21.86 21.72 22.06   1.82 0.29 0.25   >=   78           <=   1.9                0.7     0.8   0.2      18.   16.   17.                                                   B1     45.2    58 chi2
SWIFTJ1448.7-4009   23.07 22.90 23.23   1.86 0.50 0.61                     <=   1.5                1.9     2.6   1.2       2.4   7.0   1.7                                                  B1 G    4.7     9 chi2
SWIFTJ1449.5+8602   22.80 22.54 22.97   1.43 1.08 0.64   >=   35           <=   1.6                1.3     3.8   0.8                                                                        A1     51.5    55 C
SWIFTJ1451.0-5540A  21.23 21.18 21.30   1.51 0.06 0.04       139   220  58 <=   0.5                2.1     0.6   0.4                                                                        A1 G  576.3   615 chi2
SWIFTJ1451.0-5540B  22.94 22.88 23.05   1.74 0.10 0.42   >=   79           <=   1.1                1.6     0.8   0.7  <=   0.5                                                              B1     30.6    29 chi2
SWIFTJ1453.3+2558   20.00 20.00 20.00   1.86 0.07 0.08   >=  260                4.1     2.8  2.6   0.26    0.21  0.06                                                                       A1    122.6   120 chi2
SWIFTJ1454.9-5133   20.92 20.51 21.15   1.96 0.19 0.16   >=   59           <=   9.2                0.9     1.1   0.5                                                                        A1     70.4    84 chi2
SWIFTJ1457.8-4308   23.36 23.28 23.45   1.83 0.40 0.42        70   331  28 <=   0.9                3.2     1.5   1.2       1.0   1.0   0.6  0.82  0.08  0.08                                B2 G   81.3    86 chi2
SWIFTJ1458.9+7143   20.00 20.00 20.00   1.68 0.09 0.09                                             1.8     0.8   0.7                                                                        C1     31.1    41 chi2
SWIFTJ1504.2+1025   20.00 20.00 20.00   2.00 0.03 0.02   >=  152           <=   0.2                1.6     0.2   0.3                        0.10  0.01  0.01                                A6 G 1432.2  1240 chi2
SWIFTJ1506.7+0353A  20.00 20.00 20.00   1.65 0.10 0.10   >=   91                2.8     6.1  2.4   0.4     0.2   0.2                        0.12  0.02  0.02                                A2     61.1    59 chi2
SWIFTJ1506.7+0353B  22.18 22.10 22.25   1.57 0.11 0.28   >=   46           <=   0.2                0.9     0.5   0.3  <=   1.7                                                              B1     50.9    45 chi2
SWIFTJ1508.6-4953   21.46 21.11 21.72   1.35 0.06 0.06                                             1.1     0.2   0.2                        0.07  0.03  0.06                                C2     32.8    31 chi2
SWIFTJ1508.8-0013   20.28 20.11 20.40   1.79 0.03 0.07   >=  140           <=   0.3                0.8     0.4   0.3                                                                        A3 G  375.    363 chi2
SWIFTJ1512.0-2119   21.28 21.15 21.51   1.99 0.18 0.09   >=  122                2.1     2.3  1.0   0.8     0.2   0.2                        0.11  0.03  0.02                                A2 G  882.7   848 chi2
SWIFTJ1512.2-1053B  22.78 22.46 22.96   1.74 1.26 1.21                                             1.0  f             <=   4.5                                                              B1     51.3    59 C
SWIFTJ1512.8-0906   20.00 20.00 20.00   1.33 0.01 0.01                                             1.0     0.1   0.1                        0.21  0.03  0.02                                C2    612.1   597 chi2
SWIFTJ1513.8-8125   20.00 20.00 20.00   1.65 0.37 0.21   >=   98           <=   3.0                0.5     0.4   0.3                        0.23  0.02  0.07                                A5    110.2    91 chi2
SWIFTJ1515.0+4205   23.03 23.01 23.07   1.78 0.12 0.15   >=   36           <=   0.7                0.7     0.3   0.3       0.6   0.1   0.2                                                  B1 G  329.6   336 chi2
SWIFTJ1519.6+6538   23.11 22.95 23.36   1.05 0.30 0.28        55   181  31 <=   1.1                1.0  f             <=   2.5              0.76  0.60  0.51                                B2 G   83.8    54 C
SWIFTJ1521.8+0334   20.00 20.00 20.00   1.74 0.28 0.13   >=   55           <=   8.3                1.1     1.2   0.6                        0.08  0.03  0.02                                A2     34.2    50 chi2
SWIFTJ1523.5+6340   20.00 20.00 20.00   1.58 0.11 0.09        64    45  23 <=   0.8                0.8     0.5   0.5                        0.14  0.03  0.03                                A2     35.8    42 chi2
SWIFTJ1530.0-1300   20.00 20.00 20.00   1.86 0.16 0.09   >=   34           <=   2.1                1.8     0.6   1.1                        0.08  0.03  0.02                                A2     74.0    94 chi2
SWIFTJ1533.2-0836   22.73 22.68 22.78   1.63 0.18 0.18   >=   57           <=   1.6                1.0     0.5   0.3       2.1   0.6   0.5                                                  B1     41.8    53 chi2
SWIFTJ1535.8-5749   23.32 23.23 23.34   1.62 0.11 0.25   >=   77                1.7     0.6  0.8   0.27    0.15  0.06 <=   0.3                                                              B1 G  179.2   152 chi2
SWIFTJ1535.9+5751   20.00 20.00 20.00   1.78 0.07 0.12       184   256 100      2.7     0.5  0.8   0.57    0.13  0.09                       0.113 0.006 0.007                               A5 G  890.0   871 chi2
SWIFTJ1542.0-1410   22.15 22.00 22.32   1.74 0.31 0.64        37    94   9 >=   2.2                1.0  f                 18.0  35.4   8.3                                                  B1     27.0    28 chi2
SWIFTJ1546.3+6928   23.49 23.31 23.73   1.60 0.29 0.61   >=  342           <=   1.6                1.7     1.4   1.2       0.6   2.1   0.4                                                  B1 G   50.5    47 C
SWIFTJ1547.5+2050   20.00 20.00 20.00   1.61 0.16 0.17        32    36  13                         1.3     1.2   0.7                                                                        A1     80.8    77 chi2
SWIFTJ1548.5-1344   21.97 21.90 22.03   1.67 0.15 0.14       125   194  51 <=   0.9                1.0  f                  2.6   1.1   1.3                                                  B1    215.3   183 chi2
SWIFTJ1553.6+2606   20.00 20.00 20.00   1.29 0.33 0.24        82   113  49 <=  10.0                1.4     2.3   1.0                                                                        A1    112.2   132 C
SWIFTJ1553.6+2347   22.20 22.07 22.29   1.90 0.75 0.64   >=   24           <=   9.4                1.2     2.1   0.6       3.1   3.5   2.1                                                  B1     30.4    35 chi2
SWIFTJ1557.8-7913   20.00 20.00 20.00   2.00 0.05 0.02                                             1.2     0.2   0.1                                                                        C4   1057.8  1098 chi2
SWIFTJ1605.9-7250   23.18 23.08 23.28   2.20 0.27 0.21                     <=   0.6                3.7     2.2   1.4  <=   1.5                                                              B1    119.9   143 C
SWIFTJ1607.2+4834   20.46 19.70 20.77   1.73 0.11 0.08   >=  151           <=   0.6                0.8     0.4   0.1                                                                        A1     66.0    54 chi2
SWIFTJ1607.4+8502   20.58 20.23 20.85   1.75 0.13 0.10   >=  180           <=   0.5                0.8     0.4   0.4                                                                        A1     56.6    63 chi2
SWIFTJ1613.2-6043   20.00 20.00 20.00   1.74 0.09 0.20       127   333  64 <=   0.4                3.4     0.6   0.8                        0.16  0.09  0.09                                A2     30.2    40 chi2
SWIFTJ1614.0+6544   20.00 20.00 20.00   1.92 0.09 0.08   >=   43           <=   2.9                1.2     1.8   0.5                        0.09  0.02  0.02                                A2 G  146.7   154 chi2
SWIFTJ1617.8+3223   22.32 22.26 22.39   1.79 0.17 0.07   >=  179           <=   0.6                1.0     0.5   0.3       4.7   1.7   1.6                                                  B1     67.5    56 chi2
SWIFTJ1618.7-5930   20.00 20.00 20.00   1.60 0.09 0.10   >=  108           <=   0.2                0.7     0.4   0.3                        0.23  0.06  0.05                                A2     83.2    94 chi2
SWIFTJ1621.2+8104   23.02 22.72 23.08   1.81 0.07 0.27   >=   92           <=   0.5                1.0     0.3   0.3  <=   0.4                                                              B1     13.9    16 chi2
SWIFTJ1625.9+4349   20.00 20.00 20.00   1.63 0.14 0.06                                             1.0     1.3   0.4                                                                        C3     29.9    30 chi2
SWIFTJ1626.5-2951   21.49 21.34 21.62   1.56 0.07 0.07                                             2.0     0.8   0.5                                                                        C1     98.2   105 chi2
SWIFTJ1626.7+8530   20.58 20.38 20.74   1.95 0.08 0.13                     <=   0.5                1.1     0.2   0.3                        0.12  0.03  0.02                                A2    113.6   128 chi2
SWIFTJ1628.1+5145   23.23 23.20 23.30   1.44 0.33 0.23        65    90  19 <=   0.6                1.1     0.2   0.3       1.5   0.7   0.7  0.16  0.04  0.04                                B2 G  189.5   181 chi2
SWIFTJ1629.9+6722   20.00 20.00 20.00   1.94 0.16 0.07   >=  212           <=   0.9                0.6     0.6   0.2                                                                        A3 G  292.8   295 chi2
SWIFTJ1630.5+3925   23.65 23.59 23.72   1.33 0.42 0.21   >=   38           <=   0.1                0.6     0.4   0.3       0.13  0.07  0.05 0.10  0.02  0.01  0.74 0.07 0.09                B3 G   89.9   102 chi2
SWIFTJ1631.7+2353   21.70 21.30 21.82   1.66 0.34 1.29        43    63  26                         3.6     1.3   1.9                        0.06  0.03  0.05                                A2     15.2    18 chi2
SWIFTJ1635.0-5804   24.36 24.28 24.43   2.30 0.26 0.27   >=  203           <=   0.03               2.4     4.5   1.7       0.05  0.10  0.03 0.76  0.06  0.06                                B2 G   96.0    77 chi2
SWIFTJ1643.1+3951   20.00 20.00 20.00   1.76 0.02 0.02                                             1.1     4.0   0.8                                                                        C6    301.7   284 chi2
SWIFTJ1643.2+7036   24.35 24.16 24.78   1.90           f     500 f         <=   0.13               1.0  f             <=   0.2              0.80  0.25  0.39                                B2 G   51.7    32 C
SWIFTJ1648.0-3037   21.40 20.90 21.69   1.68 0.29 0.18   >=   90           <=   1.5                1.3     0.3   0.7                        0.106 0.053 0.100                               A2    100.7   109 chi2
SWIFTJ1650.5+0434   22.58 22.49 22.67   1.71 0.35 0.20   >=  112                0.8     2.8  0.5   1.0  f             <=   1.9                                                              B1     15.8    20 chi2
SWIFTJ1652.0-5915A  25.00 25.00 25.00 f 1.64 0.26 0.41        31    25  12      0.5  f             1.0  f             <=   0.1              0.62  0.48  0.35                                B2 G  125.9    98 chi2
SWIFTJ1652.0-5915B  21.15 20.85 21.32   1.73 0.31 0.38   >=   61           <=   0.8                2.8     1.6   1.2                                                                        A3 G  190.6   160 chi2
SWIFTJ1652.3+5554   22.70 22.63 22.78   1.47 0.21 0.30   >=   32           <=   0.4                1.0     0.40  0.32 <=   0.5                                                              B1     37.6    36 chi2
SWIFTJ1652.9+0223   24.25 24.14 24.33   1.95 0.21 0.23       500 f              0.13    0.23 0.07  0.7     1.1   0.5  <=   0.5              0.24  0.08  0.06  1.04 0.12 0.08                B8 G  226.9   211 chi2
SWIFTJ1653.2+2352   23.27 23.18 23.33   1.79 0.16 0.25   >=   32                1.6     1.0  0.8   1.0  f                  0.4   1.3   0.3  0.24  0.05  0.06                                B2 G   91.8    78 chi2
SWIFTJ1654.0+3946   19.95 19.70 20.11   2.17 0.02 0.02                                             1.1     0.1   0.9                                                                        C6    371.8   381 chi2
SWIFTJ1656.1-5200   20.95 20.76 21.15   1.71 0.12 0.05       129   465  49 <=   0.5                1.0     0.1   0.6                        0.16  0.03  0.05                                A2    184.8   187 chi2
SWIFTJ1656.3-3302   22.18 22.11 22.25   1.22 0.03 0.02                                             1.27    0.10  0.08                                                                       C6    633.5   637 chi2
SWIFTJ1708.6+2155   20.00 20.00 20.00   1.63 0.12 0.15   >=   60           <=   0.7                1.1     1.2   0.7                        0.09  0.08  0.08                                A2     54.4    46 chi2
SWIFTJ1717.1-6249   23.31 23.28 23.33   1.53 0.11 0.11        75    25  16      0.26    0.16 0.16  1.63    0.21  0.19      0.3   0.1   0.1  0.25  0.04  0.03                                B2 G  692.6   759 chi2
SWIFTJ1719.7+4900   21.32 21.15 21.45   1.41 0.08 0.08                                             1.0     0.2   0.3                                                                        C6     31.1    40 chi2
SWIFTJ1721.7+4316   20.00 20.00 20.00   1.58 0.14 0.10   >=   74           <=   3.2                0.9     1.0   0.6                                                                        A1     30.6    41 chi2
SWIFTJ1723.2+3418   20.00 20.00 20.00   1.98 0.12 0.12   >=   97                2.0     2.1  1.6   0.7     0.5   0.2                        0.10  0.01  0.01                                A2    487.4   430 chi2
SWIFTJ1723.5+3630   21.64 21.50 21.76   1.74 0.11 0.14   >=   64           <=   0.3                1.0     0.4   0.4      14.6   6.3   5.1                                                  B1     77.0    76 chi2
SWIFTJ1731.3+1442   20.00 20.00 20.00   1.89 0.27 0.24   >=   23                0.8     2.5  0.6   1.0  f                                   0.11  0.03  0.03                                A2     47.2    46 chi2
SWIFTJ1733.3+3635   21.92 21.82 22.13   1.56 0.52 0.22   >=  104           <=   0.7                1.7     2.2   0.5                                                                        A1     25.2    13 chi2
SWIFTJ1737.5-2908   21.92 21.86 21.97   1.83 0.16 0.15        84    38  26 <=   0.8                1.0     0.4   0.4                                                                        A3 G  784.5   830 chi2
SWIFTJ1737.7-5956B  20.00 20.00 20.00   1.76 0.11 0.05   >=  107           <=   1.2                0.9     0.7   0.6       0.13  0.03  0.02                                                 B1 G  136.9   107 chi2
SWIFTJ1741.9-1211   21.40 21.32 21.48   2.09 0.06 0.05   >=  230           <=   0.5                0.7     0.5   0.4                        0.14  0.02  0.01                                A5 G  977.3   931 chi2
SWIFTJ1742.1-6054   20.00 20.00 20.00   1.87 0.06 0.06                                             1.4     0.6   0.5                                                                        C1     83.8    78 chi2
SWIFTJ1742.2+1833   20.00 20.00 20.00   1.80 0.14 0.11                     <=   4.4                0.4     0.6   0.1                                                                        A1     68.2    68 chi2
SWIFTJ1743.4+6253   23.04 22.77 23.16   2.07 0.10 0.29   >=   41                2.3     2.1  1.5   1.1     2.1   0.8       0.6   3.1   0.5                                                  B1     99.0   110 C
SWIFTJ1745.4+2906   20.00 20.00 20.00   1.73 0.09 0.09   >=  112           <=   4.1                0.4     0.5   0.2                                                                        A1    114.1   102 chi2
SWIFTJ1747.7-2253   22.41 22.04 22.69   2.12 0.28 0.19   >=  278           <=   0.3                8.0     5.4   2.2  <=  17.1                                                              B1     71.0   102 C
SWIFTJ1747.8+6837A  20.00 20.00 20.00   1.51 0.09 0.14   >=   11           <=   1.4                4.7     5.2   3.2                                                                        A1 G  174.4   171 chi2
SWIFTJ1747.8+6837B  20.00 20.00 20.00   2.29 0.14 0.14   >=   52                3.6     4.0  2.2   0.8     1.1   0.4                        0.12  0.03  0.02                                A2 G  255.2   256 chi2
SWIFTJ1748.8-3257   21.38 21.36 21.45   1.67 0.06 0.02       159    66  55 <=   0.2                1.0     0.2   0.3                                                                        A1 G  593.7   616 chi2
SWIFTJ1751.8-6019   23.14 23.08 23.26   1.76 0.23 0.33                     <=   0.5                1.1     1.6   0.5  <=   0.3                                                              B1     15.9    11 chi2
SWIFTJ1800.3+6637   24.02 23.86 24.25   1.62 0.57 0.93   >=   32           <=   1.3                0.8     2.4   0.6  <=   3.               0.9   0.6   0.4                                 B2 G  162.1   165 C
SWIFTJ1802.8-1455   21.48 21.41 21.53   1.52 0.12 0.07   >=   74           <=   1.5                1.5     0.4   0.6                                                                        A1 G  667.4   636 chi2
SWIFTJ1807.9+1124   21.54 21.45 21.60   1.70 0.11 0.05                     <=   0.4                0.77    0.18  0.20                       0.077 0.005 0.006                               A2     55.3    73 chi2
SWIFTJ1816.0+4236   22.48 22.45 22.51   1.64 0.16 0.16   >=   69                2.2     1.4  2.0   0.43    0.20  0.10      3.6   1.3   1.0                                                  B1 G  493.6   513 chi2
SWIFTJ1821.6+5953   23.01 22.85 23.13   1.63 0.16 0.65   >=  103           <=   0.4                0.9     0.3   0.4  <=   1.3                                                              B1    110.5   111 C
SWIFTJ1822.0+6421   20.00 20.00 20.00   2.22 0.03 0.02   >=  130           <=   1.0                1.1     0.4   0.2                        0.08  0.02  0.03                                A5 G 1128.2  1146 chi2
SWIFTJ1824.2+1845   22.43 22.31 22.56   1.61 0.58 0.29   >=   55           <=   3.2                1.0  f                  3.8   4.9   1.9                                                  B1     13.2    16 chi2
SWIFTJ1824.3-5624   23.15 23.08 23.20   1.91 0.14 0.56                          1.2     0.3  1.0   0.6     0.7   0.5       0.2   0.3   0.1                                                  B1     12.7    21 chi2
SWIFTJ1825.7+7215   23.04 22.85 23.17   1.83 1.05 0.85   >=   45           <=   5.4                2.2     3.1   1.2       1.4   0.8   1.0                                                  B1     98.0   130 C
SWIFTJ1826.1-0710   21.93 21.89 21.97   1.68 0.03 0.03        84   253  38 <=   0.9                0.9     0.4   0.3       3.5   2.3   2.4                                                  B1 G 1030.3  1016 chi2
SWIFTJ1826.8+3254   22.98 22.88 23.09   1.86 0.10 0.31   >=   62           <=   0.2                0.9     0.2   0.3  <=   0.5                                                              B1     22.1    21 chi2
SWIFTJ1829.4+4846   20.00 20.00 20.00   1.66 0.04 0.06                                             1.3     0.3   0.3                                                                        C1    131.1   129 chi2
SWIFTJ1830.8+0928   23.18 22.90 23.40   1.69 0.80 0.86                     >=   0.2                1.0  f                  2.8   8.7   2.4                                                  B1     49.3    47 C
SWIFTJ1833.7-2105   22.77 22.69 22.83   0.56 0.12 0.14                                             0.67    0.08  0.07                                                                       C6    972.1   976 chi2
SWIFTJ1835.0+3240   20.00 20.00 20.00   2.07 0.02 0.01                     <=   0.2                1.19    0.14  0.08                       0.097 0.002 0.002                               A5 G 1650.0  1610 chi2
SWIFTJ1836.9-5924   22.03 22.02 22.04   2.16 0.01 0.01                     <=   0.11               0.55    0.11  0.11      1.8   0.2   0.2                                                  B1 G 3525.3  3354 chi2
SWIFTJ1838.4-6524   23.28 23.26 23.30   1.65 0.09 0.10        57    18  14      0.13    0.08 0.08  1.0     0.1   0.1       0.17  0.05  0.05                                                 B1 G  559.2   543 chi2
SWIFTJ1842.0+7945   20.84 20.64 20.92   1.74 0.06 0.03       166    64  37 <=   0.2                1.06    0.03  0.14                       0.12  0.01  0.01                                A5 G  430.5   448 chi2
SWIFTJ1844.5-6221   20.00 20.00 20.00   1.94 0.05 0.05   >=  105                1.0     0.4  0.4   0.56    0.11  0.09                                                                       A4 G 1780.2  1415 chi2
SWIFTJ1845.4+7211   22.46 22.36 22.53   1.32 0.24 0.35        40    29  11 <=   1.2                0.9     0.4   0.4  <=   2.2                                                              B1     13.2    18 chi2
SWIFTJ1848.0-7832   20.00 20.00 20.00   1.99 0.11 0.10   >=   93                1.4     1.7  0.9   0.7     0.6   0.2                        0.11  0.01  0.01                                A2 G  246.5   288 chi2
SWIFTJ1856.1+1539   21.36 21.30 21.40   1.76 0.12 0.11       152   413  78      0.4     1.1  0.3   0.7     0.1   0.2                                                                        A1 G  739.5   740 chi2
SWIFTJ1856.2-7829   22.15 22.04 22.26   1.61 0.21 0.16   >=   58           <=   0.4                0.8     0.2   0.3       4.4   2.6   2.5                                                  B1     23.5    31 chi2
SWIFTJ1856.5-7851   20.00 20.00 20.00   1.58 0.15 0.12   >=   23           <=   0.7                2.3     0.8   1.6                                                                        A1     21.1    20 chi2
SWIFTJ1856.6-5443   20.00 20.00 20.00   1.76 0.07 0.06   >=   59           <=   0.4                0.7     0.3   0.4                        0.10  0.02  0.02                                A2    100.5   112 chi2
SWIFTJ1903.9+3349   22.87 22.72 22.98   1.79 0.06 0.31   >=   64           <=   0.5                1.0     0.2   0.7  <=   0.9                                                              B1 G   20.3    17 chi2
SWIFTJ1905.4+4231   20.76 20.46 21.18   1.65 0.34 0.34   >=   38                1.7    13.5  1.5   0.8     0.6   0.5                        0.13  0.02  0.03                                A2     39.3    48 chi2
SWIFTJ1913.3-5010   23.38 23.29 23.48   1.81 0.13 0.19                     <=   0.4                1.0  f                  0.7   0.4   0.4                                                  B1    121.3   131 C
SWIFTJ1919.4-2958   20.00 20.00 20.00   2.09 0.12 0.12   >=   42                4.9     4.6  2.0   0.7     0.7   0.3                                                                        A1     85.8    72 chi2
SWIFTJ1921.1-5842   20.00 20.00 20.00   2.05 0.11 0.11   >=  204                1.3     0.7  0.6   0.6     0.5   0.3                        0.04  0.01  0.02                                A2     73.0   111 chi2
SWIFTJ1925.0+5041   20.70 20.15 20.95   1.71 0.26 0.22   >=   45           <=   4.0                0.2     0.3   0.1                                                                        A1 G   63.5    68 chi2
SWIFTJ1926.9+4140   20.49 19.95 21.14   1.71 0.10 0.09        84   214  45 <=   2.3                1.0  f                                                                                   A1    184.9   181 chi2
SWIFTJ1928.0+7356   20.66 20.46 20.81   1.84 0.04 0.04                                             0.9     0.3   0.2                                                                        C1    140.8   175 chi2
SWIFTJ1930.5+3414   23.67 23.54 23.88   1.86 0.21 0.95   >=  284                1.4     5.5  1.0   0.8     1.8   0.7       1.3   4.0   0.8                                                  B1 G  145.2   162 C
SWIFTJ1933.9+3258   20.00 20.00 20.00   2.03 0.05 0.05   >=   83           <=   0.7                0.9     0.5   0.5                                                                        A3    171.4   170 chi2
SWIFTJ1937.5-0613   20.85 20.78 20.90   2.44 0.07 0.05   >=  126                2.8     1.2  0.7   0.74    0.13  0.12                       0.132 0.004 0.003                               A5 G 1258.3  1174 chi2
SWIFTJ1938.1-5108   20.00 20.00 20.00   1.90 0.06 0.09        78   191  42 <=   1.6                0.7     0.5   0.4                        0.11  0.03  0.04                                A2    105.9   125 chi2
SWIFTJ1940.4-3015   20.52 20.41 20.60   1.91 0.10 0.08   >=   73           <=   0.9                0.9     0.5   0.4                        0.10  0.01  0.01                                A2    210.9   231 chi2
SWIFTJ1942.6-1024   20.97 20.88 21.01   1.91 0.14 0.10   >=  210           <=   1.3                1.1     0.3   0.3                        0.104 0.007 0.004                               A5 G  878.0   854 chi2
SWIFTJ1943.5+2120   22.15 22.09 22.21   2.01 0.04 0.04                                             0.9     0.2   0.2       5.3   4.4   5.0                                                  C5    163.5   154 chi2
SWIFTJ1947.3+4447   22.84 22.82 22.87   1.53 0.13 0.09        81   142  38 <=   0.3                1.0  f                  0.6   0.1   0.2  0.11  0.15  0.08                                B2 G  353.0   405 chi2
SWIFTJ1952.4+0237   23.69 23.65 23.82   1.69 0.13 0.14   >=  100           <=   0.2                1.2     0.5   0.7       0.9   1.0   0.3                                                  B1     99.2   108 C
SWIFTJ1959.4+4044   23.38 23.34 23.40   1.48 0.06 0.06        96    22  11 <=   0.8                1.3     0.15  0.15     13.3   3.0   2.9  4.05  0.15  0.16                                B2 G 1628.7  1450 chi2
SWIFTJ1959.6+6507   20.76 20.72 20.80   2.44 0.02 0.02                                             0.69    0.06  0.06                                                                       C1    536.1   432 chi2
SWIFTJ2001.0-1811   22.62 22.49 22.76   1.17 0.34 0.28        37    32   9 <=   2.7                0.9     0.5   0.4       6.1   2.7   2.5                                                  B1     21.9    21 chi2
SWIFTJ2006.5+5619   23.48 23.38 23.57   2.37 0.58 0.38                     <=   0.5                2.2     2.9   1.0  <=   1.8                                                              B1     57.9    98 C
SWIFTJ2007.0-3433   20.78 20.70 21.04   1.70 0.08 0.10        80   137  37 <=   1.9                1.2     0.7   0.4                        0.11  0.01  0.01                                A2 G  167.6   193 chi2
SWIFTJ2009.0-6103   21.08 21.03 21.13   2.11 0.03 0.07                          2.4     0.6  0.7   0.61    0.07  0.04                                                                       A3 G 1475.3  1298 chi2
SWIFTJ2009.6-4851   20.00 20.00 20.00   2.44 0.02 0.03                                             1.4     0.6   0.5                                                                        C6    285.5   272 chi2
SWIFTJ2010.6-2521   20.00 20.00 20.00   1.47 0.09 0.09                                             1.3     0.9   0.4                        0.18  0.13  0.04                                C2     50.8    42 chi2
SWIFTJ2010.7+4801   23.00 22.57 23.17   0.99 0.29 0.47   >=   29           <=   2.1                1.0     1.4   0.5  <=   5.2                                                              B1     72.4    79 C
SWIFTJ2011.5-1544   21.48 21.34 21.59   1.55 0.06 0.05                                             0.9     0.4   0.3                                                                        C1     79.6    92 chi2
SWIFTJ2015.2+2526   24.42 23.87 25.00   2.19 0.69 0.46                     <=   0.2                1.0  f             <=   0.1                                                              B1     30.0    27 C
SWIFTJ2015.9+3715   21.80 21.68 21.91   1.67 0.07 0.06                                             1.1     1.0   0.2                                                                        C1     56.8    52 chi2
SWIFTJ2018.4-5539   23.45 23.37 23.55   1.31 0.41 0.41   >=   61           <=   0.4                0.7     0.5   0.2       0.9   0.03  0.4                                                  B1    196.6   177 C
SWIFTJ2018.8+4041   22.78 22.72 22.82   1.51 0.19 0.18   >=   58           <=   0.9                0.8     0.5   0.7       1.6   0.9   0.8  0.07  0.04  0.02                                B2 G  272.3   307 chi2
SWIFTJ2021.9+4400   23.02 22.78 23.36   1.65 0.41 0.57   >=   31           <=   2.1                1.0  f             <=   7.0                                                              B1     63.9    78 C
SWIFTJ2027.1-0220   23.82 23.71 23.97   2.03 0.43 0.32   >=   49           <=   0.1                1.9     5.8   0.8       0.3   0.2   0.1  0.29  0.25  0.10                                B2 G   68.6    70 C
SWIFTJ2028.5+2543D1 24.15 23.83 24.40   1.63 0.44 0.54   >=   57           <=   0.7                5.2     9.3   3.3       0.3   2.0   0.2  0.63  0.34  0.56                                B2 G   12.1    10 chi2
SWIFTJ2028.5+2543D2 23.86 23.79 23.92   1.53 0.43 0.43                     <=   0.1                1.0  f                  0.2   0.3   0.1  0.33  0.55  0.10                                B2 G   36.5    40 chi2
SWIFTJ2029.4-6149   22.00 21.71 22.16   1.31 0.55 0.32   >=   31           <=   2.7                1.0  f                 11.3  10.0   6.7                                                  B1     23.0    24 chi2
SWIFTJ2030.2-7532   23.08 22.99 23.20   2.09 0.16 0.62   >=   61                1.0     1.6  0.7   1.0  f                  1.8   2.7   0.9                                                  B1     13.2    13 chi2
SWIFTJ2033.4+2147   21.89 21.79 21.96   1.71 0.07 0.04   >=   75           <=   0.2                0.8     0.2   0.3      30.6   6.7   4.5                                                  B1    217.4   216 chi2
SWIFTJ2035.2+2604   21.30 21.01 21.64   2.08 0.39 0.47   >=   55           <=  13.1                0.5     0.6   0.2                        0.06  0.04  0.05                                A2     52.5    58 chi2
SWIFTJ2035.6-5013   23.08 22.90 23.20   1.86 0.22 0.77                          2.6     4.0  2.5   1.0  f                  2.3   6.4   1.4                                                  B1     86.3    92 C
SWIFTJ2040.2-5126   23.41 23.23 23.61   2.42 0.66 0.94                     <=   1.5                9.1    18.6   6.2       0.9   1.0   0.6  0.24  0.09  0.07                                B2 G   39.9    63 C
SWIFTJ2042.3+7507   21.36 21.23 21.54   2.04 0.16 0.21   >=  119           <=   2.2                1.1     0.3   0.3                        0.13  0.05  0.02                                A5 G  311.8   326 chi2
SWIFTJ2044.0+2832   21.15 21.06 21.27   2.00 0.25 0.16   >=   99           <=   3.7                1.2     0.9   0.4                        0.12  0.02  0.01                                A2    100.6   117 chi2
SWIFTJ2044.2-1045   20.00 20.00 20.00   1.67 0.09 0.04       102    43  19 <=   0.5                0.8     1.3   0.6                        0.10  0.01  0.01                                A5    271.4   269 chi2
SWIFTJ2052.0-5704   23.56 23.55 23.63   1.90 0.04 0.46                     <=   0.5                1.0     0.4   0.5       0.4   0.9   0.1                                                  B1     13.9    12 chi2
SWIFTJ2056.0-4713   20.00 20.00 20.00   1.48 0.06 0.05                                             1.3     0.4   0.4                                                                        C1     58.2    67 chi2
SWIFTJ2102.6-2810   24.20 23.94 24.56   2.17 0.69 0.51       500 f         <=   0.6                1.0  f             <=   0.4                                                              B1 G    6.8    14 C
SWIFTJ2109.1-0942   21.20 20.70 21.52   2.22 0.45 0.33   >=   52           >=   1.2                1.1     2.0   0.5                        0.09  0.02  0.02                                A2     50.8    63 chi2
SWIFTJ2109.2+3531   20.00 20.00 20.00   2.13 0.11 0.11   >=   40                3.9     3.7  3.1   1.3     1.2   0.5                                                                        A1     78.1    84 chi2
SWIFTJ2114.4+8206   20.00 20.00 20.00   1.79 0.04 0.04   >=  175           <=   0.5                1.1     0.4   0.4                                                                        A1    150.7   155 chi2
SWIFTJ2116.3+2512   20.00 20.00 20.00   1.84 0.16 0.14   >=   36           <=   3.0                0.8     0.4   0.6                        0.04  0.06  0.03                                A2     44.3    47 chi2
SWIFTJ2117.5+5139   22.17 22.06 22.22   1.47 0.20 0.31       165   151  88 <=   0.4                0.7     0.1   0.2  <=   6.4                                                              B1     68.2    52 chi2
SWIFTJ2118.9+3336   21.57 21.40 21.74   1.69 0.23 0.19        62   150  32      0.6     2.0  0.5   1.1     0.9   1.0  <=   7.0                                                              B1     89.8    72 chi2
SWIFTJ2123.6+2506   23.01 22.85 23.23   2.07 0.26 0.55   >=   65           <=   1.1                2.3     1.1   0.4  <=   6.0                                                              B1    115.2   110 C
SWIFTJ2124.6+5057   23.02 22.88 23.10   1.82 0.11 0.03       206   111  27 <=   0.15               1.13    0.02  0.10                                                                       B6 G 1278.0  1283 chi2
SWIFTJ2127.4+5654   20.00 20.00 20.00   1.83 0.07 0.07        62    25  15      0.5     0.4  0.3   1.2     0.2   0.4                                                                        A1    156.6   157 chi2
SWIFTJ2129.1-1538   21.94 21.88 21.99   1.44 0.01 0.02                                             0.8     0.4   0.3                                                                        C6    808.1   844 chi2
SWIFTJ2132.0-3343   20.70 20.18 20.85   1.62 0.11 0.07       172   118  80 <=   0.4                1.2     0.9   0.4                        0.11  0.02  0.01                                A2    285.4   252 chi2
SWIFTJ2134.9-2729   21.43 21.23 21.53   1.34 0.22 0.21   <=  178           <=   1.2                1.0     0.7   0.4                        0.06  0.18  0.05                                A2     25.0    39 chi2
SWIFTJ2135.5-6222   20.00 20.00 20.00   1.79 0.13 0.06   >=  102           <=   0.8                1.4     0.3   0.5                        0.11  0.03  0.04                                A2    175.9   161 chi2
SWIFTJ2136.8-6444   20.00 20.00 20.00   2.17 0.07 0.07                     <=   0.9                0.7     0.7   0.5                                                                        A3     67.2    69 chi2
SWIFTJ2137.8-1433   20.00 20.00 20.00   1.87 0.03 0.03   >=  323                2.0     0.5  0.5   0.5     0.16  0.14                       0.08  0.01  0.01                                A2 G 1061.7  1100 chi2
SWIFTJ2138.8-3207   20.00 20.00 20.00   1.30 0.10 0.07        51    22  16 <=   0.7                2.0     1.1   1.1                                                                        A1     20.8    27 chi2
SWIFTJ2139.7+5951   21.46 20.53 21.93   1.74 1.34 0.29   >=   30           <=   2.2                1.2     1.0   0.7                                                                        A1      9.0    16 chi2
SWIFTJ2145.5+1101   20.00 20.00 20.00   1.54 0.16 0.15   >=   59           <=   1.7                1.6     1.3   1.0                        0.10  0.03  0.03                                A2     20.2    35 chi2
SWIFTJ2148.0+0657   20.00 20.00 20.00   1.52 0.04 0.04                                             0.9     0.2   0.2                                                                        C1     88.2    93 chi2
SWIFTJ2148.3-3454   24.22 24.17 24.31   2.03 0.06 0.07                     <=   0.01               1.1     1.4   0.7       0.3   0.2   0.1  0.82  0.04  0.04                                B2 G  151.6   110 chi2
SWIFTJ2150.2-1855   20.00 20.00 20.00   1.80 0.18 0.07   >=   43           <=   1.5                1.2     1.0   0.9                        0.15  0.03  0.04                                A2     66.9    75 chi2
SWIFTJ2152.0-3030   20.00 20.00 20.00   1.28 0.04 0.03                                             1.2     0.2   0.2                                                                        C6    246.1   253 chi2
SWIFTJ2156.1+4728   21.28 21.18 21.52   1.52 0.16 0.08        67    96  23 <=   0.33               1.0     0.2   0.6                        0.040 0.013 0.035                               A2 G  103.4   119 chi2
SWIFTJ2156.2+1724   23.24 23.08 23.40   1.59 0.26 0.47   >=   40           <=   1.8                0.9     1.1   0.4       2.7  12.2   0.9                                                  B1     90.9   102 C
SWIFTJ2157.2-6942   20.00 20.00 20.00   1.81 0.02 0.02   >=   81           <=   0.7                0.7     0.3   0.2                        0.21  0.03  0.02                                A2 G  932.0   926 chi2
SWIFTJ2157.4-0615   20.00 20.00 20.00   1.79 0.15 0.11   >=   39           <=   0.5                1.2     0.2   0.3                        0.11  0.02  0.02                                A2    105.3   120 chi2
SWIFTJ2200.9+1032   22.32 22.25 22.38   1.49 0.13 0.15        73    28  27 <=   0.9                1.1     0.3   0.2       1.6   1.2   1.4  1.2   0.7   0.6                                 B2     60.4    77 chi2
SWIFTJ2201.9+5057   20.00 20.00 20.00   1.43 0.08 0.07                                             1.0     0.4   0.3                                                                        C1     19.7    24 chi2
SWIFTJ2201.9-3152   22.91 22.90 22.92   1.46 0.04 0.04       111    22  16 <=   0.07               1.39    0.08  0.07      0.4   0.1   0.1  0.19  0.02  0.08                                B2 G 1546.2  1462 chi2
SWIFTJ2202.8+4218   20.93 20.89 20.96   2.05 0.02 0.03                                             2.9     0.4   0.3                                                                        C1    448.8   402 chi2
SWIFTJ2203.0+3146   20.00 20.00 20.00   2.02 0.07 0.07                                             1.2     0.4   0.2                                                                        C6    190.6   176 chi2
SWIFTJ2204.7+0337   22.83 22.69 22.98   1.69 0.18 0.20        81   102  39      0.6     2.7  0.4   1.0  f                  2.3   2.8   2.2  0.19  0.06  0.06                                B2     17.2    17 chi2
SWIFTJ2207.3+1013   24.07 23.88 24.24   2.08 0.29 0.25   >=   56                0.4     0.8  0.3   1.0     2.0   0.8       0.6   1.8   0.5  0.78  0.18  0.18                                B2 G   58.6    51 chi2
SWIFTJ2209.1-2747   20.00 20.00 20.00   1.85 0.09 0.08                          0.47    0.62 0.42  1.1     0.8   0.5                        0.11  0.03  0.02                                A2     93.3    97 chi2
SWIFTJ2209.4-4711   20.00 20.00 20.00   1.91 0.01 0.03   >=  449                1.7     0.3  0.2   0.79    0.11  0.07                       0.24  0.01  0.04                                A5 G 1811.0  1676 chi2
SWIFTJ2211.7+1843   20.00 20.00 20.00   1.91 0.04 0.04                                             1.1     0.3   0.2                                                                        C1     94.1   114 chi2
SWIFTJ2214.2-2557   23.48 23.36 23.71   2.06 0.87 0.65   >=   31           <=   0.5                3.7     2.5   2.0       2.2   3.7   1.8                                                  B1     88.6    74 C
SWIFTJ2217.0+1413   20.00 20.00 20.00   1.95 0.40 0.17   >=   25           <=   2.4                2.2     0.7   1.1                        0.12  0.01  0.01                                A5 G  223.5   191 chi2
SWIFTJ2219.7+2614   21.52 21.48 21.58   1.77 0.05 0.05                                             0.9     0.3   0.2                                                                        C1     81.6    89 chi2
SWIFTJ2223.8+1143   20.00 20.00 20.00   1.21 0.16 0.07        40    49  13 <=   1.4                1.7     1.5   1.3                                                                        A1 G   22.0    20 chi2
SWIFTJ2223.9-0207   23.54 23.44 23.64   1.74 0.17 0.18       129   244  47 <=   0.4                1.06    0.18  0.31                                                                       B6 G  412.    407 chi2
SWIFTJ2226.8+3628   20.00 20.00 20.00   1.40 0.13 0.08   >=   83           <=   0.5                2.1     1.2   1.0                                                                        A1     16.0    20 chi2
SWIFTJ2229.7-0831   20.00 20.00 20.00   1.54 0.08 0.08                                             1.4     0.4   0.4                                                                        C1     57.4    45 chi2
SWIFTJ2229.9+6646   21.72 21.60 21.83   1.67 0.08 0.20   >=  206           <=   0.2                0.9     0.4   0.4                                                                        A1     39.6    45 chi2
SWIFTJ2232.5+1141   20.00 20.00 20.00   1.34 0.03 0.03                                             0.8     0.1   0.2                                                                        C1    230.2   203 chi2
SWIFTJ2234.8-2542   23.49 23.28 23.66   1.65 0.58 0.53                                             1.0  f                                                                                   D2     21.3    27 chi2
SWIFTJ2235.9+3358   23.82 23.77 23.87   1.81 0.17 0.14   >=  234                0.2     0.1  0.1   1.8     0.5   0.4       0.4   0.2   0.2  0.64  0.04  0.04                                B2 G  224.5   177 chi2
SWIFTJ2235.9-2602   21.60 21.59 21.62   2.14 0.06 0.04                          2.0     0.6  0.5   0.43    0.04  0.03                                                                       A4 G 1727.0  1675 chi2
SWIFTJ2236.7-1233   20.00 20.00 20.00   1.33 0.19 0.07   >=   79           <=   1.1                0.43    0.08  0.23                                                                       A3 G   88.8    92 chi2
SWIFTJ2237.0+2543   23.02 22.93 23.20   1.84 0.31 1.04                          0.4     1.3  0.2   1.0  f             <=   0.5                                                              B1     77.5    70 C
SWIFTJ2240.2+0801   20.00 20.00 20.00   1.92 0.08 0.08   >=   51                0.9     1.7  0.8   0.7     0.5   0.2                        0.11  0.01  0.01                                A2 G  324.9   340 chi2
SWIFTJ2242.4-3711   24.27 23.80 24.66   1.90           f     500 f         <=   0.3                1.0  f             <=   0.4              0.55  0.29  0.27                                B2     23.5    17 C
SWIFTJ2246.0+3941   23.76 23.68 23.83   1.31 0.18 0.20        96   105  40      1.5     0.6  0.4   0.48    0.14  0.12      1.4   1.2   0.7  0.99  0.18  0.17                                B2 G  404.0   417 chi2
SWIFTJ2248.7-5109   19.85 19.73 20.21   1.79 0.08 0.13        32     8  15 <=   0.9                3.2     0.7   1.0                        0.098 0.006 0.007                               A2    220.8   243 chi2
SWIFTJ2248.8+1725   22.20 22.04 22.30   1.93 0.20 0.37   >=   43           >=   4.4                1.0  f             <=  13.1                                                              B1    132.7   145 C
SWIFTJ2250.7-0854   21.79 21.57 21.92   1.49 0.51 0.28        61    50  36 <=  26.                 0.8     1.5   0.5                                                                        A1     23.4    20 chi2
SWIFTJ2251.8-3210   20.00 20.00 20.00   1.31 0.16 0.09                                             1.3     4.3   0.8                                                                        C6     95.5    98 chi2
SWIFTJ2251.9+2215   22.13 21.48 22.46   1.32 0.09 0.13                                             0.44    0.15  0.13                                                                       C1     51.0    50 chi2
SWIFTJ2253.9+1608   20.96 20.90 21.00   1.56 0.01 0.01                                             0.67    0.04  0.05                                                                       C1    836.0   659 chi2
SWIFTJ2254.1-1734   20.00 20.00 20.00   1.59 0.35 0.05   >=   59           <=   0.6                0.8     0.2   0.3                                                                        A3     19.7    21 chi2
SWIFTJ2254.2+1147A  22.03 21.86 22.10   1.70 0.85 0.65   >=   83                2.4    13.6  2.0  11.8    22.    3.4                        0.06  0.01  0.01                                A2 G   23.9    26 chi2
SWIFTJ2254.2+1147B  23.20 23.11 23.32   2.08 0.19 0.47   >=  160           <=   1.1                1.5     0.7   0.3  <=   0.4                                                              B1    104.9   130 C
SWIFTJ2256.5+0526   20.00 20.00 20.00   2.18 0.15 0.13   >=   38           <=  14.                 0.9     2.7   0.5                                                                        A1     38.4    33 chi2
SWIFTJ2258.9+4054   23.76 23.64 23.88   1.57 0.20 0.57   >=   85           <=   0.6                1.0     0.8   0.5       1.0   0.6   0.5                                                  B1 G   34.9    43 C
SWIFTJ2259.7+2458   20.00 20.00 20.00   1.87 0.06 0.06   >=   93           <=   2.7                0.9     0.6   0.4                                                                        A1     85.4    99 chi2
SWIFTJ2301.4-5916   20.73 20.66 21.00   1.76 0.24 0.12        31    47  13      2.9     3.4  2.5   0.77    0.46  0.38                       0.09  0.02  0.02                                A2    186.6   171 chi2
SWIFTJ2302.1+1557   21.46 21.18 21.63   1.19 0.24 0.22        53    84  22 <=   0.8                1.0  f                                                                                   A1 G   52.6    47 chi2
SWIFTJ2303.1-1837   20.26 19.48 20.78   1.58 0.08 0.13                                             0.50    0.23  0.16                       0.13  0.02  0.02                                C2     78.7    87 chi2
SWIFTJ2303.3+0852   20.53 20.36 20.65   2.09 0.14 0.09   >=  316                4.0     2.3  1.4   0.60    0.13  0.09                       0.112 0.011 0.007                               A5    449.6   438 chi2
SWIFTJ2304.8-0843   20.00 20.00 20.00   1.81 0.01 0.01       320   166  79      1.2     0.2  0.1   1.01    0.07  0.08                       0.124 0.008 0.008                               A2 G 1045.8  1081 chi2
SWIFTJ2304.9+1220   24.16 23.99 24.27   1.61 0.57 0.55   >=   32           <=   0.06               1.0  f             <=   1.3              0.48  0.14  0.13                                B2 G    6.1     9 chi2
SWIFTJ2307.1+0433   20.00 20.00 20.00   1.57 0.13 0.12   >=   92           <=   0.9                1.4     0.3   1.0                                                                        A1     33.1    40 chi2
SWIFTJ2307.9+2245   24.38 24.24 24.59   1.90           f                   <=   0.04               1.0  f             <=   0.1                                                              B1     22.8    15 C
SWIFTJ2308.1+4014   21.64 21.51 21.90   1.56 0.36 0.24       104   346  67 <=   0.8                0.6     0.7   0.5                        0.11  0.05  0.03                                A2     41.8    34 chi2
SWIFTJ2318.4-4223   24.15 24.05 24.22   1.89 0.15 0.19   >=  132                0.40    0.52 0.18  1.6     0.8   0.6       0.2   0.1   0.1  0.81  0.02  0.02                                B2 G  411.4   432 chi2
SWIFTJ2318.9+0013   20.00 20.00 20.00   1.88 0.03 0.03   >=  146           <=   1.2                1.0     0.3   0.2                        0.11  0.01  0.01                                A2    302.7   310 chi2
SWIFTJ2320.8+6434   22.04 21.85 22.45   2.45 0.15 0.70   >=   52           >=   1.6                1.0  f             <=  34.1                                                              B1     15.6    13 chi2
SWIFTJ2322.5-0646   23.79 23.63 24.06   1.78 0.48 0.47                     <=   0.3                1.0  f             <=   0.3              0.25  0.10  0.07                                B2 G   28.1    21 C
SWIFTJ2325.5-3827   20.00 20.00 20.00   1.83 0.04 0.06   >=   75           <=   2.4                1.8     1.3   0.8                                                                        A1    152.2   161 chi2
SWIFTJ2325.6+2157   20.00 20.00 20.00   2.10 0.06 0.03   >=  154           <=   0.5                4.2     0.8   0.9                                                                        A1    108.0    91 chi2
SWIFTJ2327.4+1525   20.26 20.11 20.64   1.67 0.11 0.11                                             3.7     4.4   2.5                                                                        C6     55.6    60 chi2
SWIFTJ2327.5+0938   20.00 20.00 20.00   1.26 0.08 0.08                                             1.5     0.3   0.3                                                                        C1     36.1    30 chi2
SWIFTJ2328.9+0328   24.27 24.07 24.39   2.00 0.40 0.71   >=   39           <=   0.3                1.0  f             <=   0.8              0.31  0.37  0.08                                B2 G   19.5    22 chi2
SWIFTJ2330.5+7124   22.95 22.89 23.01   1.84 0.10 0.26   >=   91           <=   2.7                1.4     1.3   1.0       0.8   0.7   0.6                                                  B1 G  136.7   148 chi2
SWIFTJ2333.9-2342   20.30 19.78 20.62   1.71 0.09 0.08                                             0.6     0.2   0.2                                                                        C1    193.8   102 chi2
SWIFTJ2341.8+3033   23.82 23.75 23.91   1.92 0.17 0.38   >=   72           <=   0.13               1.4     0.7   0.5       0.20  0.14  0.07                                                 B1 G   37.4    50 chi2
SWIFTJ2343.9+0537   23.26 23.18 23.45   2.01 0.26 0.41                          1.0     0.8  0.8   1.0  f             <=   0.8                                                              B1     92.7   114 C
SWIFTJ2344.6-4246   23.52 23.46 23.60   1.57 0.18 0.18                     <=   0.3                0.66    0.21  0.28 <=   8.0              1.65  0.67  0.32  8.7  1.0  0.8                 B3 G 1437.85 1511 chi2
SWIFTJ2346.8+5143   20.81 20.70 20.88   2.28 0.01 0.02                                             1.1     0.2   0.2                                                                        C4    657.2   506 chi2
SWIFTJ2351.9-0109   20.00 20.00 20.00   1.78 0.35 0.20   >=  158           <=   3.4                1.1     1.9   0.8                        0.10  0.03  0.06                                A2      8.4    12 chi2
SWIFTJ2352.2+5845   22.57 22.48 22.64   1.51 0.21 0.10       137   337  93 <=   0.8                1.0  f             <=   4.               0.18  0.06  0.14                                B2 G  215.9   224 chi2
SWIFTJ2352.6-1707   21.73 21.60 21.87   1.70 0.19 0.29   >=   37           <=   4.6                0.4     0.4   0.2                        0.105 0.015 0.006                               A2     77.9    87 chi2
SWIFTJ2359.0-3038   20.46 20.11 20.64   2.08 0.04 0.04                                             1.1     0.3   0.2                                                                        C1    127.3   104 chi2
SWIFTJ2359.3-6058   23.16 23.14 23.18   1.59 0.16 0.13   >=   49           <=   1.4                0.68    0.38  0.25      7.3   1.0   1.2  1.00  0.16  0.10                                B2 G 1264.4  1226 chi2
