# id_msa 	 mu 	 	mu_low_68 	 mu_high_68 	 mu_low_95 	 mu_high_95 	 mu_rad 	 mu_rad_low_68 	 mu_rad_high_68  mu_rad_low_95 	 mu_rad_high_95  mu_t 	 	 mu_t_low_68 	 mu_t_high_68 	 mu_t_low_95 	 mu_t_high_95 	 gamma1 	 gamma1_low_68 	 gamma1_high_68  gamma1_low_95 	 gamma1_high_95  gamma2 	 gamma2_low_68 	 gamma2_high_68  gamma2_low_95 	 gamma2_high_95  theta 	 	 theta_low_68 	 theta_high_68 	 theta_low_95 	 theta_high_95
2008	 1.0000000	 1.0000000	 1.0000000	 1.0000000	 1.0000000	 1.0000000	 1.0000000	 1.0000000	 1.0000000	 1.0000000	 1.0000000	 1.0000000	 1.0000000	 1.0000000	 1.0000000	 1.0000000	 1.0000000	 1.0000000	 1.0000000	 1.0000000	 1.0000000	 1.0000000	 1.0000000	 1.0000000	 1.0000000	 0.0000000	 0.0000000	 0.0000000	 0.0000000	 0.0000000
2044	 1.0000000	 1.0000000	 1.0000000	 1.0000000	 1.0000000	 1.0000000	 1.0000000	 1.0000000	 1.0000000	 1.0000000	 1.0000000	 1.0000000	 1.0000000	 1.0000000	 1.0000000	 1.0000000	 1.0000000	 1.0000000	 1.0000000	 1.0000000	 1.0000000	 1.0000000	 1.0000000	 1.0000000	 1.0000000	 0.0000000	 0.0000000	 0.0000000	 0.0000000	 0.0000000
2354	 1.0000000	 1.0000000	 1.0000000	 1.0000000	 1.0000000	 1.0000000	 1.0000000	 1.0000000	 1.0000000	 1.0000000	 1.0000000	 1.0000000	 1.0000000	 1.0000000	 1.0000000	 1.0000000	 1.0000000	 1.0000000	 1.0000000	 1.0000000	 1.0000000	 1.0000000	 1.0000000	 1.0000000	 1.0000000	 0.0000000	 0.0000000	 0.0000000	 0.0000000	 0.0000000
2385	 1.0000000	 1.0000000	 1.0000000	 1.0000000	 1.0000000	 1.0000000	 1.0000000	 1.0000000	 1.0000000	 1.0000000	 1.0000000	 1.0000000	 1.0000000	 1.0000000	 1.0000000	 1.0000000	 1.0000000	 1.0000000	 1.0000000	 1.0000000	 1.0000000	 1.0000000	 1.0000000	 1.0000000	 1.0000000	 0.0000000	 0.0000000	 0.0000000	 0.0000000	 0.0000000
2438	 1.0000000	 1.0000000	 1.0000000	 1.0000000	 1.0000000	 1.0000000	 1.0000000	 1.0000000	 1.0000000	 1.0000000	 1.0000000	 1.0000000	 1.0000000	 1.0000000	 1.0000000	 1.0000000	 1.0000000	 1.0000000	 1.0000000	 1.0000000	 1.0000000	 1.0000000	 1.0000000	 1.0000000	 1.0000000	 0.0000000	 0.0000000	 0.0000000	 0.0000000	 0.0000000
2522	 1.0000000	 1.0000000	 1.0000000	 1.0000000	 1.0000000	 1.0000000	 1.0000000	 1.0000000	 1.0000000	 1.0000000	 1.0000000	 1.0000000	 1.0000000	 1.0000000	 1.0000000	 1.0000000	 1.0000000	 1.0000000	 1.0000000	 1.0000000	 1.0000000	 1.0000000	 1.0000000	 1.0000000	 1.0000000	 0.0000000	 0.0000000	 0.0000000	 0.0000000	 0.0000000
2590	 1.0000000	 1.0000000	 1.0000000	 1.0000000	 1.0000000	 1.0000000	 1.0000000	 1.0000000	 1.0000000	 1.0000000	 1.0000000	 1.0000000	 1.0000000	 1.0000000	 1.0000000	 1.0000000	 1.0000000	 1.0000000	 1.0000000	 1.0000000	 1.0000000	 1.0000000	 1.0000000	 1.0000000	 1.0000000	 0.0000000	 0.0000000	 0.0000000	 0.0000000	 0.0000000
2707	 1.0000000	 1.0000000	 1.0000000	 1.0000000	 1.0000000	 1.0000000	 1.0000000	 1.0000000	 1.0000000	 1.0000000	 1.0000000	 1.0000000	 1.0000000	 1.0000000	 1.0000000	 1.0000000	 1.0000000	 1.0000000	 1.0000000	 1.0000000	 1.0000000	 1.0000000	 1.0000000	 1.0000000	 1.0000000	 0.0000000	 0.0000000	 0.0000000	 0.0000000	 0.0000000
2756	 1.0000000	 1.0000000	 1.0000000	 1.0000000	 1.0000000	 1.0000000	 1.0000000	 1.0000000	 1.0000000	 1.0000000	 1.0000000	 1.0000000	 1.0000000	 1.0000000	 1.0000000	 1.0000000	 1.0000000	 1.0000000	 1.0000000	 1.0000000	 1.0000000	 1.0000000	 1.0000000	 1.0000000	 1.0000000	 0.0000000	 0.0000000	 0.0000000	 0.0000000	 0.0000000
3102	 1.0000000	 1.0000000	 1.0000000	 1.0000000	 1.0000000	 1.0000000	 1.0000000	 1.0000000	 1.0000000	 1.0000000	 1.0000000	 1.0000000	 1.0000000	 1.0000000	 1.0000000	 1.0000000	 1.0000000	 1.0000000	 1.0000000	 1.0000000	 1.0000000	 1.0000000	 1.0000000	 1.0000000	 1.0000000	 0.0000000	 0.0000000	 0.0000000	 0.0000000	 0.0000000
3231	 1.6137049	 1.6042708	 1.6192336	 1.5968142	 1.6240252	 1.0096621	 1.0083554	 1.0108356	 1.0079500	 1.0120193	 1.5982621	 1.5904166	 1.6015257	 1.5837201	 1.6057117	 0.0475242	 0.0473688	 0.0483130	 0.0466852	 0.0486911	-0.1760745	-0.1765006	-0.1746390	-0.1769619	-0.1732737	-37.4476340	-37.4657070	-37.2825800	-37.5723040	-37.2023120
3357	 1.0000000	 1.0000000	 1.0000000	 1.0000000	 1.0000000	 1.0000000	 1.0000000	 1.0000000	 1.0000000	 1.0000000	 1.0000000	 1.0000000	 1.0000000	 1.0000000	 1.0000000	 1.0000000	 1.0000000	 1.0000000	 1.0000000	 1.0000000	 1.0000000	 1.0000000	 1.0000000	 1.0000000	 1.0000000	 0.0000000	 0.0000000	 0.0000000	 0.0000000	 0.0000000
3403	 1.0000000	 1.0000000	 1.0000000	 1.0000000	 1.0000000	 1.0000000	 1.0000000	 1.0000000	 1.0000000	 1.0000000	 1.0000000	 1.0000000	 1.0000000	 1.0000000	 1.0000000	 1.0000000	 1.0000000	 1.0000000	 1.0000000	 1.0000000	 1.0000000	 1.0000000	 1.0000000	 1.0000000	 1.0000000	 0.0000000	 0.0000000	 0.0000000	 0.0000000	 0.0000000
3686	 1.6335622	 1.6220613	 1.6376840	 1.6178712	 1.6451113	 0.9998962	 0.9974035	 1.0008084	 0.9961827	 1.0016849	 1.6337318	 1.6243298	 1.6377845	 1.6225444	 1.6430458	-0.0052825	-0.0062165	-0.0050963	-0.0066288	-0.0047858	-0.1939322	-0.1949915	-0.1928346	-0.1959522	-0.1918272	-45.7801370	-45.9126580	-45.7513330	-45.9796970	-45.7125210
3928	 1.0000000	 1.0000000	 1.0000000	 1.0000000	 1.0000000	 1.0000000	 1.0000000	 1.0000000	 1.0000000	 1.0000000	 1.0000000	 1.0000000	 1.0000000	 1.0000000	 1.0000000	 1.0000000	 1.0000000	 1.0000000	 1.0000000	 1.0000000	 1.0000000	 1.0000000	 1.0000000	 1.0000000	 1.0000000	 0.0000000	 0.0000000	 0.0000000	 0.0000000	 0.0000000
3947	 1.0000000	 1.0000000	 1.0000000	 1.0000000	 1.0000000	 1.0000000	 1.0000000	 1.0000000	 1.0000000	 1.0000000	 1.0000000	 1.0000000	 1.0000000	 1.0000000	 1.0000000	 1.0000000	 1.0000000	 1.0000000	 1.0000000	 1.0000000	 1.0000000	 1.0000000	 1.0000000	 1.0000000	 1.0000000	 0.0000000	 0.0000000	 0.0000000	 0.0000000	 0.0000000
4134	 1.0000000	 1.0000000	 1.0000000	 1.0000000	 1.0000000	 1.0000000	 1.0000000	 1.0000000	 1.0000000	 1.0000000	 1.0000000	 1.0000000	 1.0000000	 1.0000000	 1.0000000	 1.0000000	 1.0000000	 1.0000000	 1.0000000	 1.0000000	 1.0000000	 1.0000000	 1.0000000	 1.0000000	 1.0000000	 0.0000000	 0.0000000	 0.0000000	 0.0000000	 0.0000000
4227	 1.0000000	 1.0000000	 1.0000000	 1.0000000	 1.0000000	 1.0000000	 1.0000000	 1.0000000	 1.0000000	 1.0000000	 1.0000000	 1.0000000	 1.0000000	 1.0000000	 1.0000000	 1.0000000	 1.0000000	 1.0000000	 1.0000000	 1.0000000	 1.0000000	 1.0000000	 1.0000000	 1.0000000	 1.0000000	 0.0000000	 0.0000000	 0.0000000	 0.0000000	 0.0000000
4233	 2.0619181	 2.0451306	 2.0718791	 2.0330910	 2.0880023	 1.0191973	 1.0158866	 1.0196973	 1.0146591	 1.0220208	 2.0230803	 2.0126266	 2.0320735	 2.0023732	 2.0430133	 0.1535680	 0.1538345	 0.1566014	 0.1527393	 0.1581900	-0.1888839	-0.1891311	-0.1872181	-0.1899484	-0.1865055	-25.4439570	-25.4405230	-25.0367510	-25.6105550	-24.8849010
4286	 1.6066711	 1.5957141	 1.6113617	 1.5893890	 1.6181243	 1.0084830	 1.0069209	 1.0099290	 1.0061619	 1.0114026	 1.5931563	 1.5832263	 1.5974989	 1.5769338	 1.6023790	-0.0265827	-0.0270987	-0.0261713	-0.0276025	-0.0256272	-0.1799995	-0.1806632	-0.1782253	-0.1813478	-0.1771497	-49.2004170	-49.2753980	-49.1750690	-49.3503490	-49.1157740
4482	 1.0000000	 1.0000000	 1.0000000	 1.0000000	 1.0000000	 1.0000000	 1.0000000	 1.0000000	 1.0000000	 1.0000000	 1.0000000	 1.0000000	 1.0000000	 1.0000000	 1.0000000	 1.0000000	 1.0000000	 1.0000000	 1.0000000	 1.0000000	 1.0000000	 1.0000000	 1.0000000	 1.0000000	 1.0000000	 0.0000000	 0.0000000	 0.0000000	 0.0000000	 0.0000000
4546	 2.0908301	 2.0737363	 2.0976832	 2.0537625	 2.1073669	 1.0228295	 1.0192983	 1.0231064	 1.0176389	 1.0242400	 2.0441631	 2.0325650	 2.0516671	 2.0181645	 2.0594680	 0.1680394	 0.1682400	 0.1705520	 0.1674100	 0.1713407	-0.1772470	-0.1776152	-0.1759355	-0.1785460	-0.1748616	-23.2637620	-23.2637620	-22.9586830	-23.4112840	-22.8276510
4661	 1.9649272	 1.9479794	 1.9724343	 1.9387078	 1.9822673	 1.0170132	 1.0140907	 1.0172250	 1.0134173	 1.0183769	 1.9320564	 1.9202494	 1.9389250	 1.9130397	 1.9460813	 0.1037692	 0.1041721	 0.1061284	 0.1033299	 0.1074577	-0.2084426	-0.2088452	-0.2072380	-0.2096789	-0.2064419	-31.7672260	-31.7052370	-31.4431620	-31.8626970	-31.2803080
4665	 1.0000000	 1.0000000	 1.0000000	 1.0000000	 1.0000000	 1.0000000	 1.0000000	 1.0000000	 1.0000000	 1.0000000	 1.0000000	 1.0000000	 1.0000000	 1.0000000	 1.0000000	 1.0000000	 1.0000000	 1.0000000	 1.0000000	 1.0000000	 1.0000000	 1.0000000	 1.0000000	 1.0000000	 1.0000000	 0.0000000	 0.0000000	 0.0000000	 0.0000000	 0.0000000
4781	 1.0000000	 1.0000000	 1.0000000	 1.0000000	 1.0000000	 1.0000000	 1.0000000	 1.0000000	 1.0000000	 1.0000000	 1.0000000	 1.0000000	 1.0000000	 1.0000000	 1.0000000	 1.0000000	 1.0000000	 1.0000000	 1.0000000	 1.0000000	 1.0000000	 1.0000000	 1.0000000	 1.0000000	 1.0000000	 0.0000000	 0.0000000	 0.0000000	 0.0000000	 0.0000000
4889	 1.0000000	 1.0000000	 1.0000000	 1.0000000	 1.0000000	 1.0000000	 1.0000000	 1.0000000	 1.0000000	 1.0000000	 1.0000000	 1.0000000	 1.0000000	 1.0000000	 1.0000000	 1.0000000	 1.0000000	 1.0000000	 1.0000000	 1.0000000	 1.0000000	 1.0000000	 1.0000000	 1.0000000	 1.0000000	 0.0000000	 0.0000000	 0.0000000	 0.0000000	 0.0000000
4978	 1.5813333	 1.5758367	 1.5907581	 1.5682881	 1.5963002	 1.0330732	 1.0333603	 1.0364625	 1.0327515	 1.0394312	 1.5307071	 1.5232508	 1.5366819	 1.5155755	 1.5405338	-0.0267503	-0.0268880	-0.0233760	-0.0276915	-0.0221048	-0.1550558	-0.1557076	-0.1526277	-0.1564210	-0.1510481	-49.8941660	-49.9077680	-49.3182350	-50.0622690	-49.1043960
5194	 1.0000000	 1.0000000	 1.0000000	 1.0000000	 1.0000000	 1.0000000	 1.0000000	 1.0000000	 1.0000000	 1.0000000	 1.0000000	 1.0000000	 1.0000000	 1.0000000	 1.0000000	 1.0000000	 1.0000000	 1.0000000	 1.0000000	 1.0000000	 1.0000000	 1.0000000	 1.0000000	 1.0000000	 1.0000000	 0.0000000	 0.0000000	 0.0000000	 0.0000000	 0.0000000
5237	 1.0000000	 1.0000000	 1.0000000	 1.0000000	 1.0000000	 1.0000000	 1.0000000	 1.0000000	 1.0000000	 1.0000000	 1.0000000	 1.0000000	 1.0000000	 1.0000000	 1.0000000	 1.0000000	 1.0000000	 1.0000000	 1.0000000	 1.0000000	 1.0000000	 1.0000000	 1.0000000	 1.0000000	 1.0000000	 0.0000000	 0.0000000	 0.0000000	 0.0000000	 0.0000000
5500	 1.0000000	 1.0000000	 1.0000000	 1.0000000	 1.0000000	 1.0000000	 1.0000000	 1.0000000	 1.0000000	 1.0000000	 1.0000000	 1.0000000	 1.0000000	 1.0000000	 1.0000000	 1.0000000	 1.0000000	 1.0000000	 1.0000000	 1.0000000	 1.0000000	 1.0000000	 1.0000000	 1.0000000	 1.0000000	 0.0000000	 0.0000000	 0.0000000	 0.0000000	 0.0000000
5530	 1.0000000	 1.0000000	 1.0000000	 1.0000000	 1.0000000	 1.0000000	 1.0000000	 1.0000000	 1.0000000	 1.0000000	 1.0000000	 1.0000000	 1.0000000	 1.0000000	 1.0000000	 1.0000000	 1.0000000	 1.0000000	 1.0000000	 1.0000000	 1.0000000	 1.0000000	 1.0000000	 1.0000000	 1.0000000	 0.0000000	 0.0000000	 0.0000000	 0.0000000	 0.0000000
5535	 1.0000000	 1.0000000	 1.0000000	 1.0000000	 1.0000000	 1.0000000	 1.0000000	 1.0000000	 1.0000000	 1.0000000	 1.0000000	 1.0000000	 1.0000000	 1.0000000	 1.0000000	 1.0000000	 1.0000000	 1.0000000	 1.0000000	 1.0000000	 1.0000000	 1.0000000	 1.0000000	 1.0000000	 1.0000000	 0.0000000	 0.0000000	 0.0000000	 0.0000000	 0.0000000
5772	 1.0000000	 1.0000000	 1.0000000	 1.0000000	 1.0000000	 1.0000000	 1.0000000	 1.0000000	 1.0000000	 1.0000000	 1.0000000	 1.0000000	 1.0000000	 1.0000000	 1.0000000	 1.0000000	 1.0000000	 1.0000000	 1.0000000	 1.0000000	 1.0000000	 1.0000000	 1.0000000	 1.0000000	 1.0000000	 0.0000000	 0.0000000	 0.0000000	 0.0000000	 0.0000000
5953	 1.0000000	 1.0000000	 1.0000000	 1.0000000	 1.0000000	 1.0000000	 1.0000000	 1.0000000	 1.0000000	 1.0000000	 1.0000000	 1.0000000	 1.0000000	 1.0000000	 1.0000000	 1.0000000	 1.0000000	 1.0000000	 1.0000000	 1.0000000	 1.0000000	 1.0000000	 1.0000000	 1.0000000	 1.0000000	 0.0000000	 0.0000000	 0.0000000	 0.0000000	 0.0000000
6226	 1.8694437	 1.8710503	 1.8915055	 1.8640151	 1.8972384	 1.0511276	 1.0502586	 1.0540242	 1.0489069	 1.0545824	 1.7785238	 1.7801115	 1.7941878	 1.7763726	 1.7993783	 0.1066108	 0.1071242	 0.1106633	 0.1057944	 0.1124014	-0.1627358	-0.1631183	-0.1614930	-0.1640879	-0.1604425	-28.3852820	-28.3238460	-27.7777930	-28.5675970	-27.5881550
6291	 2.4657825	 2.4586000	 2.5096833	 2.4467240	 2.5218265	 1.1247763	 1.1252397	 1.1379064	 1.1210640	 1.1438004	 2.1922061	 2.1799732	 2.2079157	 2.1652555	 2.2182982	 0.0390631	 0.0387936	 0.0398986	 0.0380020	 0.0409524	-0.2128981	-0.2132063	-0.2074686	-0.2151106	-0.2049495	-39.8014360	-39.8195300	-39.5460980	-39.9462360	-39.4626780
6325	 1.4745108	 1.4684703	 1.4797412	 1.4642935	 1.4841904	 1.0220802	 1.0219598	 1.0234970	 1.0215697	 1.0252839	 1.4426567	 1.4362476	 1.4468523	 1.4324164	 1.4503198	-0.0772518	-0.0783667	-0.0769752	-0.0788134	-0.0765517	-0.1198807	-0.1200495	-0.1173589	-0.1213180	-0.1164597	-61.3989780	-61.7141970	-61.5066460	-61.8247470	-61.3599010
6345	 1.0000000	 1.0000000	 1.0000000	 1.0000000	 1.0000000	 1.0000000	 1.0000000	 1.0000000	 1.0000000	 1.0000000	 1.0000000	 1.0000000	 1.0000000	 1.0000000	 1.0000000	 1.0000000	 1.0000000	 1.0000000	 1.0000000	 1.0000000	 1.0000000	 1.0000000	 1.0000000	 1.0000000	 1.0000000	 0.0000000	 0.0000000	 0.0000000	 0.0000000	 0.0000000
6374	 1.0000000	 1.0000000	 1.0000000	 1.0000000	 1.0000000	 1.0000000	 1.0000000	 1.0000000	 1.0000000	 1.0000000	 1.0000000	 1.0000000	 1.0000000	 1.0000000	 1.0000000	 1.0000000	 1.0000000	 1.0000000	 1.0000000	 1.0000000	 1.0000000	 1.0000000	 1.0000000	 1.0000000	 1.0000000	 0.0000000	 0.0000000	 0.0000000	 0.0000000	 0.0000000
6501	 1.0000000	 1.0000000	 1.0000000	 1.0000000	 1.0000000	 1.0000000	 1.0000000	 1.0000000	 1.0000000	 1.0000000	 1.0000000	 1.0000000	 1.0000000	 1.0000000	 1.0000000	 1.0000000	 1.0000000	 1.0000000	 1.0000000	 1.0000000	 1.0000000	 1.0000000	 1.0000000	 1.0000000	 1.0000000	 0.0000000	 0.0000000	 0.0000000	 0.0000000	 0.0000000
6645	 1.4777309	 1.4699994	 1.4834996	 1.4657723	 1.4864507	 1.0081316	 1.0061981	 1.0091365	 1.0055528	 1.0100320	 1.4658115	 1.4590271	 1.4705338	 1.4534315	 1.4733023	-0.0910798	-0.0924442	-0.0910186	-0.0933329	-0.0901539	-0.1252429	-0.1262322	-0.1233504	-0.1269525	-0.1220294	-63.0128040	-63.2862200	-63.0635020	-63.3688330	-62.9661120
6670	 1.0000000	 1.0000000	 1.0000000	 1.0000000	 1.0000000	 1.0000000	 1.0000000	 1.0000000	 1.0000000	 1.0000000	 1.0000000	 1.0000000	 1.0000000	 1.0000000	 1.0000000	 1.0000000	 1.0000000	 1.0000000	 1.0000000	 1.0000000	 1.0000000	 1.0000000	 1.0000000	 1.0000000	 1.0000000	 0.0000000	 0.0000000	 0.0000000	 0.0000000	 0.0000000
6678	 1.0000000	 1.0000000	 1.0000000	 1.0000000	 1.0000000	 1.0000000	 1.0000000	 1.0000000	 1.0000000	 1.0000000	 1.0000000	 1.0000000	 1.0000000	 1.0000000	 1.0000000	 1.0000000	 1.0000000	 1.0000000	 1.0000000	 1.0000000	 1.0000000	 1.0000000	 1.0000000	 1.0000000	 1.0000000	 0.0000000	 0.0000000	 0.0000000	 0.0000000	 0.0000000
6829	 1.0000000	 1.0000000	 1.0000000	 1.0000000	 1.0000000	 1.0000000	 1.0000000	 1.0000000	 1.0000000	 1.0000000	 1.0000000	 1.0000000	 1.0000000	 1.0000000	 1.0000000	 1.0000000	 1.0000000	 1.0000000	 1.0000000	 1.0000000	 1.0000000	 1.0000000	 1.0000000	 1.0000000	 1.0000000	 0.0000000	 0.0000000	 0.0000000	 0.0000000	 0.0000000
6948	 1.8474476	 1.8342763	 1.8556650	 1.8286739	 1.8629787	 1.0081377	 1.0044340	 1.0086384	 1.0033018	 1.0100930	 1.8325343	 1.8233097	 1.8429775	 1.8164922	 1.8509275	-0.0741126	-0.0748916	-0.0737090	-0.0755614	-0.0732950	-0.2104492	-0.2133335	-0.2095661	-0.2146644	-0.2081339	-54.7002140	-54.8042570	-54.5840050	-54.8485950	-54.4979850
7300	 1.0000000	 1.0000000	 1.0000000	 1.0000000	 1.0000000	 1.0000000	 1.0000000	 1.0000000	 1.0000000	 1.0000000	 1.0000000	 1.0000000	 1.0000000	 1.0000000	 1.0000000	 1.0000000	 1.0000000	 1.0000000	 1.0000000	 1.0000000	 1.0000000	 1.0000000	 1.0000000	 1.0000000	 1.0000000	 0.0000000	 0.0000000	 0.0000000	 0.0000000	 0.0000000
7309	 2.0785094	 2.0599528	 2.0895958	 2.0437136	 2.0968665	 1.0285831	 1.0258141	 1.0297101	 1.0246986	 1.0309853	 2.0207505	 2.0062740	 2.0322238	 1.9927906	 2.0386866	-0.0734987	-0.0744364	-0.0728657	-0.0750387	-0.0725089	-0.2270740	-0.2288623	-0.2256409	-0.2295809	-0.2246619	-53.9677960	-54.0914620	-53.9085540	-54.1444210	-53.8175480
7487	 2.4436656	 2.4141659	 2.4624760	 2.4010906	 2.4808081	 1.0822830	 1.0817438	 1.0874248	 1.0795309	 1.0900016	 2.2578802	 2.2283067	 2.2703700	 2.2163450	 2.2834719	-0.0412482	-0.0423424	-0.0405937	-0.0432957	-0.0396702	-0.2369767	-0.2370414	-0.2328415	-0.2385256	-0.2306358	-49.9369910	-50.0936460	-49.9321080	-50.1719350	-49.8394000
7693	 1.0000000	 1.0000000	 1.0000000	 1.0000000	 1.0000000	 1.0000000	 1.0000000	 1.0000000	 1.0000000	 1.0000000	 1.0000000	 1.0000000	 1.0000000	 1.0000000	 1.0000000	 1.0000000	 1.0000000	 1.0000000	 1.0000000	 1.0000000	 1.0000000	 1.0000000	 1.0000000	 1.0000000	 1.0000000	 0.0000000	 0.0000000	 0.0000000	 0.0000000	 0.0000000
7876	 1.0000000	 1.0000000	 1.0000000	 1.0000000	 1.0000000	 1.0000000	 1.0000000	 1.0000000	 1.0000000	 1.0000000	 1.0000000	 1.0000000	 1.0000000	 1.0000000	 1.0000000	 1.0000000	 1.0000000	 1.0000000	 1.0000000	 1.0000000	 1.0000000	 1.0000000	 1.0000000	 1.0000000	 1.0000000	 0.0000000	 0.0000000	 0.0000000	 0.0000000	 0.0000000
7887	 1.9229248	 1.9135329	 1.9354551	 1.8900982	 1.9449628	 1.0412611	 1.0402728	 1.0426433	 1.0385499	 1.0433470	 1.8467264	 1.8389263	 1.8577581	 1.8199492	 1.8638580	-0.0860041	-0.0866256	-0.0840989	-0.0874919	-0.0828461	-0.1909644	-0.1932948	-0.1897413	-0.1938379	-0.1885383	-57.1226200	-57.2312440	-56.8233430	-57.3960130	-56.5854450
8313	 3.8824549	 3.7709679	 3.8839769	 3.7315324	 3.9767004	 1.3982090	 1.3888002	 1.4072750	 1.3799691	 1.4132870	 2.7767345	 2.7004543	 2.7709889	 2.6743275	 2.8038629	 0.1639199	 0.1584582	 0.1635513	 0.1552981	 0.1668811	 0.0681771	 0.0638424	 0.0705269	 0.0614700	 0.0731343	11.2916330	10.8174030	11.8710980	10.4365420	12.2221290
8613	 7.2056086	 6.9463765	 7.4450842	 6.7326727	 7.6483311	 1.0671585	 1.0593091	 1.0700738	 1.0530932	 1.0765385	 6.7521085	 6.5562390	 6.9373553	 6.3657884	 7.1516478	-0.0536922	-0.0554018	-0.0511225	-0.0572745	-0.0495359	-0.3908120	-0.3941959	-0.3898607	-0.3973340	-0.3870895	-48.9113380	-49.0196280	-48.7322060	-49.1499690	-48.6070430
8669	 1.0000000	 1.0000000	 1.0000000	 1.0000000	 1.0000000	 1.0000000	 1.0000000	 1.0000000	 1.0000000	 1.0000000	 1.0000000	 1.0000000	 1.0000000	 1.0000000	 1.0000000	 1.0000000	 1.0000000	 1.0000000	 1.0000000	 1.0000000	 1.0000000	 1.0000000	 1.0000000	 1.0000000	 1.0000000	 0.0000000	 0.0000000	 0.0000000	 0.0000000	 0.0000000
8721	 1.0000000	 1.0000000	 1.0000000	 1.0000000	 1.0000000	 1.0000000	 1.0000000	 1.0000000	 1.0000000	 1.0000000	 1.0000000	 1.0000000	 1.0000000	 1.0000000	 1.0000000	 1.0000000	 1.0000000	 1.0000000	 1.0000000	 1.0000000	 1.0000000	 1.0000000	 1.0000000	 1.0000000	 1.0000000	 0.0000000	 0.0000000	 0.0000000	 0.0000000	 0.0000000
8875	 3.8814046	 3.8293401	 4.2183533	 3.7629730	 4.4051040	 1.3694819	 1.3555719	 1.3719770	 1.3461668	 1.3811281	 2.8341564	 2.8086377	 3.0795121	 2.7648084	 3.2138614	-0.0533744	-0.0637883	-0.0532962	-0.0696940	-0.0494124	 0.1809756	 0.1814019	 0.1927214	 0.1764958	 0.1991701	53.2160740	53.1442100	54.1970040	52.6804840	54.7566500
8894	 1.0000000	 1.0000000	 1.0000000	 1.0000000	 1.0000000	 1.0000000	 1.0000000	 1.0000000	 1.0000000	 1.0000000	 1.0000000	 1.0000000	 1.0000000	 1.0000000	 1.0000000	 1.0000000	 1.0000000	 1.0000000	 1.0000000	 1.0000000	 1.0000000	 1.0000000	 1.0000000	 1.0000000	 1.0000000	 0.0000000	 0.0000000	 0.0000000	 0.0000000	 0.0000000
8936	 3.3562219	 3.3188871	 3.3907285	 3.2810177	 3.4390086	 1.0657826	 1.0604409	 1.0673702	 1.0579438	 1.0707137	 3.1490660	 3.1217671	 3.1809630	 3.1030431	 3.2142044	-0.1267593	-0.1287064	-0.1258426	-0.1311860	-0.1234220	-0.2832956	-0.2857863	-0.2821170	-0.2871032	-0.2805353	-57.0529490	-57.2865260	-56.8957440	-57.4744690	-56.7083650
8943	 2.0969157	 2.0898774	 2.1327911	 2.0727480	 2.1454646	 1.0288206	 1.0251118	 1.0296024	 1.0233297	 1.0309223	 2.0381727	 2.0313329	 2.0789843	 2.0182616	 2.0897463	-0.1303240	-0.1320517	-0.1303019	-0.1330072	-0.1295329	-0.2023373	-0.2085829	-0.2012461	-0.2111111	-0.1993888	-61.3926500	-61.5404190	-61.0725160	-61.6864710	-60.8845120
9032	 1.0000000	 1.0000000	 1.0000000	 1.0000000	 1.0000000	 1.0000000	 1.0000000	 1.0000000	 1.0000000	 1.0000000	 1.0000000	 1.0000000	 1.0000000	 1.0000000	 1.0000000	 1.0000000	 1.0000000	 1.0000000	 1.0000000	 1.0000000	 1.0000000	 1.0000000	 1.0000000	 1.0000000	 1.0000000	 0.0000000	 0.0000000	 0.0000000	 0.0000000	 0.0000000
9201	 1.0000000	 1.0000000	 1.0000000	 1.0000000	 1.0000000	 1.0000000	 1.0000000	 1.0000000	 1.0000000	 1.0000000	 1.0000000	 1.0000000	 1.0000000	 1.0000000	 1.0000000	 1.0000000	 1.0000000	 1.0000000	 1.0000000	 1.0000000	 1.0000000	 1.0000000	 1.0000000	 1.0000000	 1.0000000	 0.0000000	 0.0000000	 0.0000000	 0.0000000	 0.0000000
9457	 3.4061663	 3.3805220	 3.5309223	 3.3453977	 3.5976124	 1.6621276	 1.6503711	 1.6800325	 1.6411619	 1.7033425	 2.0492832	 2.0446053	 2.1005881	 2.0335138	 2.1282657	-0.0525961	-0.0593624	-0.0523790	-0.0638742	-0.0499382	 0.0215284	 0.0112045	 0.0228338	 0.0078743	 0.0271627	78.8699800	78.5829020	84.5300140	75.8940870	86.2365640
9737	 4.9192340	 4.8485508	 5.0337138	 4.7578886	 5.1159048	 1.1043514	 1.0953075	 1.1095122	 1.0896851	 1.1135222	 4.4544038	 4.4065556	 4.5571617	 4.3419812	 4.6087362	-0.1585698	-0.1624836	-0.1570897	-0.1650199	-0.1552688	-0.3013303	-0.3047284	-0.2996315	-0.3088578	-0.2979662	-58.8774020	-59.1158860	-58.6992140	-59.3723540	-58.5196290
9777	 1.0000000	 1.0000000	 1.0000000	 1.0000000	 1.0000000	 1.0000000	 1.0000000	 1.0000000	 1.0000000	 1.0000000	 1.0000000	 1.0000000	 1.0000000	 1.0000000	 1.0000000	 1.0000000	 1.0000000	 1.0000000	 1.0000000	 1.0000000	 1.0000000	 1.0000000	 1.0000000	 1.0000000	 1.0000000	 0.0000000	 0.0000000	 0.0000000	 0.0000000	 0.0000000
9779	 1.0000000	 1.0000000	 1.0000000	 1.0000000	 1.0000000	 1.0000000	 1.0000000	 1.0000000	 1.0000000	 1.0000000	 1.0000000	 1.0000000	 1.0000000	 1.0000000	 1.0000000	 1.0000000	 1.0000000	 1.0000000	 1.0000000	 1.0000000	 1.0000000	 1.0000000	 1.0000000	 1.0000000	 1.0000000	 0.0000000	 0.0000000	 0.0000000	 0.0000000	 0.0000000
9883	 1.0000000	 1.0000000	 1.0000000	 1.0000000	 1.0000000	 1.0000000	 1.0000000	 1.0000000	 1.0000000	 1.0000000	 1.0000000	 1.0000000	 1.0000000	 1.0000000	 1.0000000	 1.0000000	 1.0000000	 1.0000000	 1.0000000	 1.0000000	 1.0000000	 1.0000000	 1.0000000	 1.0000000	 1.0000000	 0.0000000	 0.0000000	 0.0000000	 0.0000000	 0.0000000
10000	 1.0000000	 1.0000000	 1.0000000	 1.0000000	 1.0000000	 1.0000000	 1.0000000	 1.0000000	 1.0000000	 1.0000000	 1.0000000	 1.0000000	 1.0000000	 1.0000000	 1.0000000	 1.0000000	 1.0000000	 1.0000000	 1.0000000	 1.0000000	 1.0000000	 1.0000000	 1.0000000	 1.0000000	 1.0000000	 0.0000000	 0.0000000	 0.0000000	 0.0000000	 0.0000000
10137	 1.7095475	 1.6960281	 1.7155211	 1.6888663	 1.7215713	 1.0280185	 1.0243089	 1.0283479	 1.0234485	 1.0300186	 1.6629542	 1.6512141	 1.6712515	 1.6459567	 1.6781757	-0.1445382	-0.1465105	-0.1441031	-0.1474688	-0.1435397	-0.1165945	-0.1186747	-0.1141786	-0.1206099	-0.1127520	-70.5539810	-70.8681650	-70.4790390	-70.9803820	-70.2706880
10155	 5.8430539	 5.7248283	 5.9693178	 5.6436403	 6.0470303	 1.6960086	 1.6726370	 1.7063794	 1.6617188	 1.7159712	 3.4451744	 3.4012282	 3.5160367	 3.3626997	 3.5751704	 0.0328129	 0.0279035	 0.0339830	 0.0245949	 0.0376936	 0.1460384	 0.1444944	 0.1517519	 0.1425920	 0.1541964	38.6683480	38.4575250	39.6507430	37.7824180	40.0666170
10158	 1.0000000	 1.0000000	 1.0000000	 1.0000000	 1.0000000	 1.0000000	 1.0000000	 1.0000000	 1.0000000	 1.0000000	 1.0000000	 1.0000000	 1.0000000	 1.0000000	 1.0000000	 1.0000000	 1.0000000	 1.0000000	 1.0000000	 1.0000000	 1.0000000	 1.0000000	 1.0000000	 1.0000000	 1.0000000	 0.0000000	 0.0000000	 0.0000000	 0.0000000	 0.0000000
10646	 1.4066665	 1.3968289	 1.4099672	 1.3911350	 1.4135852	 0.9948198	 0.9906403	 0.9958837	 0.9891467	 0.9969739	 1.4139912	 1.4048447	 1.4196614	 1.3992295	 1.4222335	-0.1294989	-0.1324178	-0.1280684	-0.1335842	-0.1263818	-0.0736846	-0.0749378	-0.0714490	-0.0759145	-0.0706550	-75.1801110	-75.4673200	-75.2101210	-75.5602700	-75.0493220
10686	 1.0000000	 1.0000000	 1.0000000	 1.0000000	 1.0000000	 1.0000000	 1.0000000	 1.0000000	 1.0000000	 1.0000000	 1.0000000	 1.0000000	 1.0000000	 1.0000000	 1.0000000	 1.0000000	 1.0000000	 1.0000000	 1.0000000	 1.0000000	 1.0000000	 1.0000000	 1.0000000	 1.0000000	 1.0000000	 0.0000000	 0.0000000	 0.0000000	 0.0000000	 0.0000000
10740	 1.8575374	 1.8383891	 1.8670729	 1.8301228	 1.8756900	 1.0791781	 1.0784424	 1.0820372	 1.0775616	 1.0834038	 1.7212519	 1.7045583	 1.7264728	 1.6975469	 1.7317426	-0.1415865	-0.1419852	-0.1404425	-0.1427626	-0.1392631	-0.0991123	-0.0989662	-0.0951681	-0.1007719	-0.0940104	-72.5037450	-72.9920500	-72.5620470	-73.1847340	-72.2254200
10881	 1.0000000	 1.0000000	 1.0000000	 1.0000000	 1.0000000	 1.0000000	 1.0000000	 1.0000000	 1.0000000	 1.0000000	 1.0000000	 1.0000000	 1.0000000	 1.0000000	 1.0000000	 1.0000000	 1.0000000	 1.0000000	 1.0000000	 1.0000000	 1.0000000	 1.0000000	 1.0000000	 1.0000000	 1.0000000	 0.0000000	 0.0000000	 0.0000000	 0.0000000	 0.0000000
10955	 1.0000000	 1.0000000	 1.0000000	 1.0000000	 1.0000000	 1.0000000	 1.0000000	 1.0000000	 1.0000000	 1.0000000	 1.0000000	 1.0000000	 1.0000000	 1.0000000	 1.0000000	 1.0000000	 1.0000000	 1.0000000	 1.0000000	 1.0000000	 1.0000000	 1.0000000	 1.0000000	 1.0000000	 1.0000000	 0.0000000	 0.0000000	 0.0000000	 0.0000000	 0.0000000
11043	 1.0000000	 1.0000000	 1.0000000	 1.0000000	 1.0000000	 1.0000000	 1.0000000	 1.0000000	 1.0000000	 1.0000000	 1.0000000	 1.0000000	 1.0000000	 1.0000000	 1.0000000	 1.0000000	 1.0000000	 1.0000000	 1.0000000	 1.0000000	 1.0000000	 1.0000000	 1.0000000	 1.0000000	 1.0000000	 0.0000000	 0.0000000	 0.0000000	 0.0000000	 0.0000000
11045	 2.0040676	 1.9849379	 2.0154141	 1.9712847	 2.0247982	 1.0724089	 1.0703432	 1.0739622	 1.0683651	 1.0758323	 1.8687533	 1.8514439	 1.8782391	 1.8406448	 1.8890678	-0.1529767	-0.1535362	-0.1516104	-0.1542801	-0.1506303	-0.1267780	-0.1296435	-0.1239540	-0.1318833	-0.1227456	-70.1750430	-70.4749250	-69.8039860	-70.6098260	-69.5761180
11092	 1.0000000	 1.0000000	 1.0000000	 1.0000000	 1.0000000	 1.0000000	 1.0000000	 1.0000000	 1.0000000	 1.0000000	 1.0000000	 1.0000000	 1.0000000	 1.0000000	 1.0000000	 1.0000000	 1.0000000	 1.0000000	 1.0000000	 1.0000000	 1.0000000	 1.0000000	 1.0000000	 1.0000000	 1.0000000	 0.0000000	 0.0000000	 0.0000000	 0.0000000	 0.0000000
11094	 1.0000000	 1.0000000	 1.0000000	 1.0000000	 1.0000000	 1.0000000	 1.0000000	 1.0000000	 1.0000000	 1.0000000	 1.0000000	 1.0000000	 1.0000000	 1.0000000	 1.0000000	 1.0000000	 1.0000000	 1.0000000	 1.0000000	 1.0000000	 1.0000000	 1.0000000	 1.0000000	 1.0000000	 1.0000000	 0.0000000	 0.0000000	 0.0000000	 0.0000000	 0.0000000
11126	 2.0783146	 2.0612404	 2.0966876	 2.0477839	 2.1134771	 1.0566313	 1.0513280	 1.0576847	 1.0486569	 1.0607610	 1.9669251	 1.9540142	 1.9874279	 1.9441305	 2.0025692	-0.1613442	-0.1629716	-0.1612596	-0.1637306	-0.1604624	-0.1480817	-0.1536942	-0.1452824	-0.1557320	-0.1437517	-68.7271500	-69.0414030	-68.2882400	-69.2092810	-67.9855680
11254	 5.1585815	 5.1123408	 5.2863374	 5.0284823	 5.3505127	 1.9408552	 1.9278321	 1.9954668	 1.9035105	 2.0223511	 2.6578911	 2.6297156	 2.6715486	 2.6050449	 2.6837976	-0.0373976	-0.0406150	-0.0316457	-0.0461442	-0.0273839	 0.0585797	 0.0523261	 0.0587419	 0.0473801	 0.0621009	61.2771850	59.7580250	63.0372550	58.1447620	64.7592500
11432	 2.4214327	 2.4043358	 2.4471986	 2.3730574	 2.4739182	 1.0767292	 1.0712521	 1.0782401	 1.0686245	 1.0823363	 2.2488815	 2.2355851	 2.2761506	 2.2107751	 2.3025769	-0.1533363	-0.1542924	-0.1513659	-0.1555449	-0.1500662	-0.1872690	-0.1939846	-0.1849189	-0.1964453	-0.1830454	-64.6553510	-64.8401690	-64.0560700	-65.1187710	-63.7543540
11517	 1.0000000	 1.0000000	 1.0000000	 1.0000000	 1.0000000	 1.0000000	 1.0000000	 1.0000000	 1.0000000	 1.0000000	 1.0000000	 1.0000000	 1.0000000	 1.0000000	 1.0000000	 1.0000000	 1.0000000	 1.0000000	 1.0000000	 1.0000000	 1.0000000	 1.0000000	 1.0000000	 1.0000000	 1.0000000	 0.0000000	 0.0000000	 0.0000000	 0.0000000	 0.0000000
11614	 1.0000000	 1.0000000	 1.0000000	 1.0000000	 1.0000000	 1.0000000	 1.0000000	 1.0000000	 1.0000000	 1.0000000	 1.0000000	 1.0000000	 1.0000000	 1.0000000	 1.0000000	 1.0000000	 1.0000000	 1.0000000	 1.0000000	 1.0000000	 1.0000000	 1.0000000	 1.0000000	 1.0000000	 1.0000000	 0.0000000	 0.0000000	 0.0000000	 0.0000000	 0.0000000
11714	32.1582470	28.3945430	33.7055710	26.3580680	39.1125430	 2.8213487	 2.7667911	 2.9196394	 2.7281803	 2.9636885	-11.3981340	-11.6848230	-10.0759360	-13.8766270	-9.5959192	 0.0250383	 0.0117032	 0.0277482	-0.0033355	 0.0363470	-0.2196646	-0.2268594	-0.2145347	-0.2315212	-0.2099425	-41.7486240	-43.4523240	-41.3619830	-45.4493350	-40.3130910
11788	 1.0000000	 1.0000000	 1.0000000	 1.0000000	 1.0000000	 1.0000000	 1.0000000	 1.0000000	 1.0000000	 1.0000000	 1.0000000	 1.0000000	 1.0000000	 1.0000000	 1.0000000	 1.0000000	 1.0000000	 1.0000000	 1.0000000	 1.0000000	 1.0000000	 1.0000000	 1.0000000	 1.0000000	 1.0000000	 0.0000000	 0.0000000	 0.0000000	 0.0000000	 0.0000000
11819	 1.0000000	 1.0000000	 1.0000000	 1.0000000	 1.0000000	 1.0000000	 1.0000000	 1.0000000	 1.0000000	 1.0000000	 1.0000000	 1.0000000	 1.0000000	 1.0000000	 1.0000000	 1.0000000	 1.0000000	 1.0000000	 1.0000000	 1.0000000	 1.0000000	 1.0000000	 1.0000000	 1.0000000	 1.0000000	 0.0000000	 0.0000000	 0.0000000	 0.0000000	 0.0000000
11967	 1.0000000	 1.0000000	 1.0000000	 1.0000000	 1.0000000	 1.0000000	 1.0000000	 1.0000000	 1.0000000	 1.0000000	 1.0000000	 1.0000000	 1.0000000	 1.0000000	 1.0000000	 1.0000000	 1.0000000	 1.0000000	 1.0000000	 1.0000000	 1.0000000	 1.0000000	 1.0000000	 1.0000000	 1.0000000	 0.0000000	 0.0000000	 0.0000000	 0.0000000	 0.0000000
11981	 1.0000000	 1.0000000	 1.0000000	 1.0000000	 1.0000000	 1.0000000	 1.0000000	 1.0000000	 1.0000000	 1.0000000	 1.0000000	 1.0000000	 1.0000000	 1.0000000	 1.0000000	 1.0000000	 1.0000000	 1.0000000	 1.0000000	 1.0000000	 1.0000000	 1.0000000	 1.0000000	 1.0000000	 1.0000000	 0.0000000	 0.0000000	 0.0000000	 0.0000000	 0.0000000
12065	 2.2566835	 2.2385354	 2.2655815	 2.2120072	 2.2851666	 1.2821918	 1.2712898	 1.2809511	 1.2659338	 1.2863173	 1.7600203	 1.7545921	 1.7742992	 1.7443323	 1.7825970	-0.1014386	-0.1060304	-0.1024698	-0.1084076	-0.1005064	-0.0303081	-0.0309958	-0.0275399	-0.0334082	-0.0246068	-81.6823720	-82.6299920	-81.6647290	-83.2534440	-81.2508780
12314	 1.0000000	 1.0000000	 1.0000000	 1.0000000	 1.0000000	 1.0000000	 1.0000000	 1.0000000	 1.0000000	 1.0000000	 1.0000000	 1.0000000	 1.0000000	 1.0000000	 1.0000000	 1.0000000	 1.0000000	 1.0000000	 1.0000000	 1.0000000	 1.0000000	 1.0000000	 1.0000000	 1.0000000	 1.0000000	 0.0000000	 0.0000000	 0.0000000	 0.0000000	 0.0000000
12524	 1.0000000	 1.0000000	 1.0000000	 1.0000000	 1.0000000	 1.0000000	 1.0000000	 1.0000000	 1.0000000	 1.0000000	 1.0000000	 1.0000000	 1.0000000	 1.0000000	 1.0000000	 1.0000000	 1.0000000	 1.0000000	 1.0000000	 1.0000000	 1.0000000	 1.0000000	 1.0000000	 1.0000000	 1.0000000	 0.0000000	 0.0000000	 0.0000000	 0.0000000	 0.0000000
12587	 1.0000000	 1.0000000	 1.0000000	 1.0000000	 1.0000000	 1.0000000	 1.0000000	 1.0000000	 1.0000000	 1.0000000	 1.0000000	 1.0000000	 1.0000000	 1.0000000	 1.0000000	 1.0000000	 1.0000000	 1.0000000	 1.0000000	 1.0000000	 1.0000000	 1.0000000	 1.0000000	 1.0000000	 1.0000000	 0.0000000	 0.0000000	 0.0000000	 0.0000000	 0.0000000
12625	 1.0000000	 1.0000000	 1.0000000	 1.0000000	 1.0000000	 1.0000000	 1.0000000	 1.0000000	 1.0000000	 1.0000000	 1.0000000	 1.0000000	 1.0000000	 1.0000000	 1.0000000	 1.0000000	 1.0000000	 1.0000000	 1.0000000	 1.0000000	 1.0000000	 1.0000000	 1.0000000	 1.0000000	 1.0000000	 0.0000000	 0.0000000	 0.0000000	 0.0000000	 0.0000000
12697	 2.0073082	 1.9864075	 2.0101125	 1.9735987	 2.0202577	 1.2438152	 1.2358319	 1.2432245	 1.2317177	 1.2459593	 1.6138315	 1.6049733	 1.6224040	 1.5992343	 1.6297648	-0.0816792	-0.0858533	-0.0821832	-0.0878004	-0.0810716	-0.0427003	-0.0428661	-0.0398432	-0.0457038	-0.0383020	-76.2001460	-77.3669110	-76.4828440	-77.7485690	-75.7125600
12725	 2.5968236	 2.5689231	 2.6137319	 2.5491878	 2.6277234	 1.3099656	 1.3002239	 1.3115974	 1.2950551	 1.3150424	 1.9823602	 1.9721252	 1.9961531	 1.9605760	 2.0047650	-0.1153888	-0.1194255	-0.1153970	-0.1209451	-0.1141407	-0.0587074	-0.0598363	-0.0567480	-0.0618155	-0.0543648	-76.5169810	-77.1491190	-76.3956950	-77.4929640	-76.2067420
12784	 1.0000000	 1.0000000	 1.0000000	 1.0000000	 1.0000000	 1.0000000	 1.0000000	 1.0000000	 1.0000000	 1.0000000	 1.0000000	 1.0000000	 1.0000000	 1.0000000	 1.0000000	 1.0000000	 1.0000000	 1.0000000	 1.0000000	 1.0000000	 1.0000000	 1.0000000	 1.0000000	 1.0000000	 1.0000000	 0.0000000	 0.0000000	 0.0000000	 0.0000000	 0.0000000
12881	 1.0000000	 1.0000000	 1.0000000	 1.0000000	 1.0000000	 1.0000000	 1.0000000	 1.0000000	 1.0000000	 1.0000000	 1.0000000	 1.0000000	 1.0000000	 1.0000000	 1.0000000	 1.0000000	 1.0000000	 1.0000000	 1.0000000	 1.0000000	 1.0000000	 1.0000000	 1.0000000	 1.0000000	 1.0000000	 0.0000000	 0.0000000	 0.0000000	 0.0000000	 0.0000000
12899	13.3455130	13.2396980	13.8647820	12.8643930	14.2615680	 2.5378490	 2.4759063	 2.5818019	 2.4469587	 2.6198488	 5.2585921	 5.2475081	 5.4343997	 5.1469252	 5.5506218	-0.1007582	-0.1071393	-0.0971273	-0.1100475	-0.0938444	 0.0154431	 0.0141024	 0.0234146	 0.0113855	 0.0314376	85.6430810	83.5248560	85.9714030	81.8445130	86.9211270
12934	 1.0000000	 1.0000000	 1.0000000	 1.0000000	 1.0000000	 1.0000000	 1.0000000	 1.0000000	 1.0000000	 1.0000000	 1.0000000	 1.0000000	 1.0000000	 1.0000000	 1.0000000	 1.0000000	 1.0000000	 1.0000000	 1.0000000	 1.0000000	 1.0000000	 1.0000000	 1.0000000	 1.0000000	 1.0000000	 0.0000000	 0.0000000	 0.0000000	 0.0000000	 0.0000000
13057	 1.0000000	 1.0000000	 1.0000000	 1.0000000	 1.0000000	 1.0000000	 1.0000000	 1.0000000	 1.0000000	 1.0000000	 1.0000000	 1.0000000	 1.0000000	 1.0000000	 1.0000000	 1.0000000	 1.0000000	 1.0000000	 1.0000000	 1.0000000	 1.0000000	 1.0000000	 1.0000000	 1.0000000	 1.0000000	 0.0000000	 0.0000000	 0.0000000	 0.0000000	 0.0000000
13077	 2.5791878	 2.5447337	 2.5944264	 2.5226486	 2.6133617	 1.2780229	 1.2667562	 1.2772531	 1.2617241	 1.2826121	 2.0181078	 2.0047017	 2.0354971	 1.9943540	 2.0484300	-0.1225107	-0.1271175	-0.1229326	-0.1290831	-0.1205587	-0.0746691	-0.0755601	-0.0722496	-0.0773049	-0.0700878	-74.3190480	-75.1037910	-74.3294780	-75.4812540	-73.8687770
13123	 6.8704263	 6.8100272	 7.0340867	 6.7260655	 7.1218371	 1.8097466	 1.7853499	 1.8715301	 1.7715333	 1.8970819	 3.7963463	 3.7457808	 3.8311623	 3.6658591	 3.8643968	-0.1364246	-0.1423457	-0.1282705	-0.1438040	-0.1238576	-0.0478602	-0.0473067	-0.0376942	-0.0509820	-0.0327305	-80.3341160	-82.0942600	-80.3901630	-82.7023080	-79.9571210
13151	12.2169120	11.7536010	12.7218910	11.4896710	13.1433730	 2.7724983	 2.7240830	 2.8862435	 2.6517928	 2.9597949	-4.4064921	-4.4854827	-4.2510117	-4.6204028	-4.1079220	 0.1958389	 0.1892786	 0.2058168	 0.1834008	 0.2113195	-0.2190261	-0.2227615	-0.2086379	-0.2247601	-0.2017532	-24.0994950	-24.6905540	-22.9195630	-25.0826640	-21.9801660
13177	 1.0000000	 1.0000000	 1.0000000	 1.0000000	 1.0000000	 1.0000000	 1.0000000	 1.0000000	 1.0000000	 1.0000000	 1.0000000	 1.0000000	 1.0000000	 1.0000000	 1.0000000	 1.0000000	 1.0000000	 1.0000000	 1.0000000	 1.0000000	 1.0000000	 1.0000000	 1.0000000	 1.0000000	 1.0000000	 0.0000000	 0.0000000	 0.0000000	 0.0000000	 0.0000000
13264	 1.0000000	 1.0000000	 1.0000000	 1.0000000	 1.0000000	 1.0000000	 1.0000000	 1.0000000	 1.0000000	 1.0000000	 1.0000000	 1.0000000	 1.0000000	 1.0000000	 1.0000000	 1.0000000	 1.0000000	 1.0000000	 1.0000000	 1.0000000	 1.0000000	 1.0000000	 1.0000000	 1.0000000	 1.0000000	 0.0000000	 0.0000000	 0.0000000	 0.0000000	 0.0000000
13290	 1.0000000	 1.0000000	 1.0000000	 1.0000000	 1.0000000	 1.0000000	 1.0000000	 1.0000000	 1.0000000	 1.0000000	 1.0000000	 1.0000000	 1.0000000	 1.0000000	 1.0000000	 1.0000000	 1.0000000	 1.0000000	 1.0000000	 1.0000000	 1.0000000	 1.0000000	 1.0000000	 1.0000000	 1.0000000	 0.0000000	 0.0000000	 0.0000000	 0.0000000	 0.0000000
13382	 1.0000000	 1.0000000	 1.0000000	 1.0000000	 1.0000000	 1.0000000	 1.0000000	 1.0000000	 1.0000000	 1.0000000	 1.0000000	 1.0000000	 1.0000000	 1.0000000	 1.0000000	 1.0000000	 1.0000000	 1.0000000	 1.0000000	 1.0000000	 1.0000000	 1.0000000	 1.0000000	 1.0000000	 1.0000000	 0.0000000	 0.0000000	 0.0000000	 0.0000000	 0.0000000
13602	 1.0000000	 1.0000000	 1.0000000	 1.0000000	 1.0000000	 1.0000000	 1.0000000	 1.0000000	 1.0000000	 1.0000000	 1.0000000	 1.0000000	 1.0000000	 1.0000000	 1.0000000	 1.0000000	 1.0000000	 1.0000000	 1.0000000	 1.0000000	 1.0000000	 1.0000000	 1.0000000	 1.0000000	 1.0000000	 0.0000000	 0.0000000	 0.0000000	 0.0000000	 0.0000000
13720	 1.0000000	 1.0000000	 1.0000000	 1.0000000	 1.0000000	 1.0000000	 1.0000000	 1.0000000	 1.0000000	 1.0000000	 1.0000000	 1.0000000	 1.0000000	 1.0000000	 1.0000000	 1.0000000	 1.0000000	 1.0000000	 1.0000000	 1.0000000	 1.0000000	 1.0000000	 1.0000000	 1.0000000	 1.0000000	 0.0000000	 0.0000000	 0.0000000	 0.0000000	 0.0000000
13747	 1.0000000	 1.0000000	 1.0000000	 1.0000000	 1.0000000	 1.0000000	 1.0000000	 1.0000000	 1.0000000	 1.0000000	 1.0000000	 1.0000000	 1.0000000	 1.0000000	 1.0000000	 1.0000000	 1.0000000	 1.0000000	 1.0000000	 1.0000000	 1.0000000	 1.0000000	 1.0000000	 1.0000000	 1.0000000	 0.0000000	 0.0000000	 0.0000000	 0.0000000	 0.0000000
13756	 1.0000000	 1.0000000	 1.0000000	 1.0000000	 1.0000000	 1.0000000	 1.0000000	 1.0000000	 1.0000000	 1.0000000	 1.0000000	 1.0000000	 1.0000000	 1.0000000	 1.0000000	 1.0000000	 1.0000000	 1.0000000	 1.0000000	 1.0000000	 1.0000000	 1.0000000	 1.0000000	 1.0000000	 1.0000000	 0.0000000	 0.0000000	 0.0000000	 0.0000000	 0.0000000
13759	10.6451640	10.4189420	10.8579040	10.2469750	11.1200190	 1.7418892	 1.7158747	 1.7773110	 1.7043113	 1.7954532	 6.1112573	 5.9300220	 6.2383388	 5.7654199	 6.3640523	-0.1548512	-0.1601005	-0.1506613	-0.1654873	-0.1461369	-0.1346841	-0.1360821	-0.1269100	-0.1382017	-0.1223476	-69.4922050	-70.3982890	-69.4528200	-70.8329060	-68.9061910
13775	 1.0000000	 1.0000000	 1.0000000	 1.0000000	 1.0000000	 1.0000000	 1.0000000	 1.0000000	 1.0000000	 1.0000000	 1.0000000	 1.0000000	 1.0000000	 1.0000000	 1.0000000	 1.0000000	 1.0000000	 1.0000000	 1.0000000	 1.0000000	 1.0000000	 1.0000000	 1.0000000	 1.0000000	 1.0000000	 0.0000000	 0.0000000	 0.0000000	 0.0000000	 0.0000000
13805	 1.0000000	 1.0000000	 1.0000000	 1.0000000	 1.0000000	 1.0000000	 1.0000000	 1.0000000	 1.0000000	 1.0000000	 1.0000000	 1.0000000	 1.0000000	 1.0000000	 1.0000000	 1.0000000	 1.0000000	 1.0000000	 1.0000000	 1.0000000	 1.0000000	 1.0000000	 1.0000000	 1.0000000	 1.0000000	 0.0000000	 0.0000000	 0.0000000	 0.0000000	 0.0000000
13821	 1.0000000	 1.0000000	 1.0000000	 1.0000000	 1.0000000	 1.0000000	 1.0000000	 1.0000000	 1.0000000	 1.0000000	 1.0000000	 1.0000000	 1.0000000	 1.0000000	 1.0000000	 1.0000000	 1.0000000	 1.0000000	 1.0000000	 1.0000000	 1.0000000	 1.0000000	 1.0000000	 1.0000000	 1.0000000	 0.0000000	 0.0000000	 0.0000000	 0.0000000	 0.0000000
13831	 1.0000000	 1.0000000	 1.0000000	 1.0000000	 1.0000000	 1.0000000	 1.0000000	 1.0000000	 1.0000000	 1.0000000	 1.0000000	 1.0000000	 1.0000000	 1.0000000	 1.0000000	 1.0000000	 1.0000000	 1.0000000	 1.0000000	 1.0000000	 1.0000000	 1.0000000	 1.0000000	 1.0000000	 1.0000000	 0.0000000	 0.0000000	 0.0000000	 0.0000000	 0.0000000
14087	 1.3272008	 1.3187284	 1.3299410	 1.3146030	 1.3352678	 1.0029781	 0.9997355	 1.0033853	 0.9988960	 1.0050192	 1.3232601	 1.3158698	 1.3266986	 1.3131386	 1.3311812	-0.1156859	-0.1175024	-0.1143992	-0.1187475	-0.1130240	-0.0342896	-0.0353307	-0.0325256	-0.0365013	-0.0320245	-81.7450190	-82.0871490	-81.6090730	-82.1646560	-81.4217480
14118	 1.0000000	 1.0000000	 1.0000000	 1.0000000	 1.0000000	 1.0000000	 1.0000000	 1.0000000	 1.0000000	 1.0000000	 1.0000000	 1.0000000	 1.0000000	 1.0000000	 1.0000000	 1.0000000	 1.0000000	 1.0000000	 1.0000000	 1.0000000	 1.0000000	 1.0000000	 1.0000000	 1.0000000	 1.0000000	 0.0000000	 0.0000000	 0.0000000	 0.0000000	 0.0000000
14182	 1.0000000	 1.0000000	 1.0000000	 1.0000000	 1.0000000	 1.0000000	 1.0000000	 1.0000000	 1.0000000	 1.0000000	 1.0000000	 1.0000000	 1.0000000	 1.0000000	 1.0000000	 1.0000000	 1.0000000	 1.0000000	 1.0000000	 1.0000000	 1.0000000	 1.0000000	 1.0000000	 1.0000000	 1.0000000	 0.0000000	 0.0000000	 0.0000000	 0.0000000	 0.0000000
14238	 1.0000000	 1.0000000	 1.0000000	 1.0000000	 1.0000000	 1.0000000	 1.0000000	 1.0000000	 1.0000000	 1.0000000	 1.0000000	 1.0000000	 1.0000000	 1.0000000	 1.0000000	 1.0000000	 1.0000000	 1.0000000	 1.0000000	 1.0000000	 1.0000000	 1.0000000	 1.0000000	 1.0000000	 1.0000000	 0.0000000	 0.0000000	 0.0000000	 0.0000000	 0.0000000
14267	 3.1413553	 3.0889260	 3.1692505	 3.0249916	 3.1898395	 1.3772193	 1.3671583	 1.3800494	 1.3587071	 1.3840456	 2.2809417	 2.2513159	 2.2987980	 2.2263765	 2.3274139	 0.0421895	 0.0384654	 0.0451379	 0.0361056	 0.0461384	-0.1375164	-0.1393586	-0.1364935	-0.1436940	-0.1350249	-36.4720890	-37.2505320	-35.9753710	-37.6709950	-35.7265290
14322	 1.0000000	 1.0000000	 1.0000000	 1.0000000	 1.0000000	 1.0000000	 1.0000000	 1.0000000	 1.0000000	 1.0000000	 1.0000000	 1.0000000	 1.0000000	 1.0000000	 1.0000000	 1.0000000	 1.0000000	 1.0000000	 1.0000000	 1.0000000	 1.0000000	 1.0000000	 1.0000000	 1.0000000	 1.0000000	 0.0000000	 0.0000000	 0.0000000	 0.0000000	 0.0000000
14354	 1.0000000	 1.0000000	 1.0000000	 1.0000000	 1.0000000	 1.0000000	 1.0000000	 1.0000000	 1.0000000	 1.0000000	 1.0000000	 1.0000000	 1.0000000	 1.0000000	 1.0000000	 1.0000000	 1.0000000	 1.0000000	 1.0000000	 1.0000000	 1.0000000	 1.0000000	 1.0000000	 1.0000000	 1.0000000	 0.0000000	 0.0000000	 0.0000000	 0.0000000	 0.0000000
14363	 1.0000000	 1.0000000	 1.0000000	 1.0000000	 1.0000000	 1.0000000	 1.0000000	 1.0000000	 1.0000000	 1.0000000	 1.0000000	 1.0000000	 1.0000000	 1.0000000	 1.0000000	 1.0000000	 1.0000000	 1.0000000	 1.0000000	 1.0000000	 1.0000000	 1.0000000	 1.0000000	 1.0000000	 1.0000000	 0.0000000	 0.0000000	 0.0000000	 0.0000000	 0.0000000
14392	 1.0000000	 1.0000000	 1.0000000	 1.0000000	 1.0000000	 1.0000000	 1.0000000	 1.0000000	 1.0000000	 1.0000000	 1.0000000	 1.0000000	 1.0000000	 1.0000000	 1.0000000	 1.0000000	 1.0000000	 1.0000000	 1.0000000	 1.0000000	 1.0000000	 1.0000000	 1.0000000	 1.0000000	 1.0000000	 0.0000000	 0.0000000	 0.0000000	 0.0000000	 0.0000000
14397	 3.7080727	 3.6815459	 3.8003662	 3.6546066	 3.8652318	 1.4513988	 1.4397344	 1.4746774	 1.4350548	 1.4821859	 2.5548285	 2.5510679	 2.5890329	 2.5343468	 2.6123610	-0.1174930	-0.1202314	-0.1100918	-0.1222005	-0.1067863	-0.0912857	-0.0964225	-0.0917203	-0.0988707	-0.0901275	-71.0773610	-71.0304430	-69.3461990	-71.4666080	-68.7486640
14398	 3.1408403	 3.1200439	 3.1953378	 3.0969714	 3.2239066	 1.3933543	 1.3865378	 1.4164440	 1.3783319	 1.4256994	 2.2541583	 2.2415093	 2.2621201	 2.2319753	 2.2730729	-0.1064007	-0.1083186	-0.0979600	-0.1101023	-0.0952397	-0.0863551	-0.0890478	-0.0847982	-0.0902519	-0.0828877	-70.4685630	-70.5326640	-69.1562750	-71.2291610	-68.6622650
14399	 3.5279573	 3.5192575	 3.6407069	 3.4844234	 3.6802128	 1.4253418	 1.4119453	 1.4337936	 1.4026157	 1.4414384	 2.4751648	 2.4865857	 2.5429341	 2.4684656	 2.5670081	-0.1345649	-0.1400830	-0.1346501	-0.1427895	-0.1336302	-0.0634795	-0.0693759	-0.0632697	-0.0719097	-0.0607755	-77.3724540	-77.6667830	-76.6415400	-78.1843690	-76.0816950
14409	 4.6012622	 4.5720056	 4.7272028	 4.5108471	 4.8015678	 1.5866862	 1.5784023	 1.6271398	 1.5682783	 1.6396626	 2.8999224	 2.8775525	 2.9285005	 2.8460222	 2.9552150	-0.1139266	-0.1155490	-0.1034535	-0.1173350	-0.0962801	-0.0859366	-0.0896867	-0.0846273	-0.0918170	-0.0824528	-71.4860920	-71.5063890	-69.7967110	-72.0303110	-68.5933000
14411	 3.7061143	 3.6912338	 3.7965384	 3.6485396	 3.8553811	 1.4257061	 1.4130447	 1.4347453	 1.4057222	 1.4444538	 2.5994942	 2.5994825	 2.6490410	 2.5863678	 2.6686125	-0.1296327	-0.1330870	-0.1266411	-0.1345841	-0.1241308	-0.0909545	-0.0973990	-0.0916883	-0.0995980	-0.0895418	-72.4726170	-72.4628700	-71.3643620	-72.7956780	-70.7306390
14457	 1.0000000	 1.0000000	 1.0000000	 1.0000000	 1.0000000	 1.0000000	 1.0000000	 1.0000000	 1.0000000	 1.0000000	 1.0000000	 1.0000000	 1.0000000	 1.0000000	 1.0000000	 1.0000000	 1.0000000	 1.0000000	 1.0000000	 1.0000000	 1.0000000	 1.0000000	 1.0000000	 1.0000000	 1.0000000	 0.0000000	 0.0000000	 0.0000000	 0.0000000	 0.0000000
14480	 1.0000000	 1.0000000	 1.0000000	 1.0000000	 1.0000000	 1.0000000	 1.0000000	 1.0000000	 1.0000000	 1.0000000	 1.0000000	 1.0000000	 1.0000000	 1.0000000	 1.0000000	 1.0000000	 1.0000000	 1.0000000	 1.0000000	 1.0000000	 1.0000000	 1.0000000	 1.0000000	 1.0000000	 1.0000000	 0.0000000	 0.0000000	 0.0000000	 0.0000000	 0.0000000
14568	 1.0000000	 1.0000000	 1.0000000	 1.0000000	 1.0000000	 1.0000000	 1.0000000	 1.0000000	 1.0000000	 1.0000000	 1.0000000	 1.0000000	 1.0000000	 1.0000000	 1.0000000	 1.0000000	 1.0000000	 1.0000000	 1.0000000	 1.0000000	 1.0000000	 1.0000000	 1.0000000	 1.0000000	 1.0000000	 0.0000000	 0.0000000	 0.0000000	 0.0000000	 0.0000000
14573	 1.9447620	 1.9206800	 1.9461322	 1.9130501	 1.9567230	 1.1855589	 1.1812312	 1.1855941	 1.1779089	 1.1888598	 1.6403756	 1.6238776	 1.6441230	 1.6183813	 1.6526158	-0.0527326	-0.0558151	-0.0509660	-0.0567451	-0.0497840	-0.1043685	-0.1053133	-0.1020151	-0.1067380	-0.1012627	-58.4026740	-58.9930450	-58.1246330	-59.2829360	-57.7394800
14670	 1.0000000	 1.0000000	 1.0000000	 1.0000000	 1.0000000	 1.0000000	 1.0000000	 1.0000000	 1.0000000	 1.0000000	 1.0000000	 1.0000000	 1.0000000	 1.0000000	 1.0000000	 1.0000000	 1.0000000	 1.0000000	 1.0000000	 1.0000000	 1.0000000	 1.0000000	 1.0000000	 1.0000000	 1.0000000	 0.0000000	 0.0000000	 0.0000000	 0.0000000	 0.0000000
14797	 1.0000000	 1.0000000	 1.0000000	 1.0000000	 1.0000000	 1.0000000	 1.0000000	 1.0000000	 1.0000000	 1.0000000	 1.0000000	 1.0000000	 1.0000000	 1.0000000	 1.0000000	 1.0000000	 1.0000000	 1.0000000	 1.0000000	 1.0000000	 1.0000000	 1.0000000	 1.0000000	 1.0000000	 1.0000000	 0.0000000	 0.0000000	 0.0000000	 0.0000000	 0.0000000
14880	 5.7266352	 5.0866956	 5.5798529	 4.9487066	 5.7793001	 3.3658389	 3.0268185	 3.3657338	 2.9477117	 3.4877450	-1.7013790	-1.7202953	-1.6316436	-1.7645016	-1.6059929	 0.3375683	 0.3423284	 0.3607732	 0.3341995	 0.3711097	-0.2859939	-0.2960536	-0.2866714	-0.3017350	-0.2815867	-20.1359380	-20.3179190	-19.5054730	-20.6288450	-19.0020300
14887	 4.3444967	 4.0962376	 4.3401818	 4.0335094	 4.4559946	 2.2607310	 2.1649015	 2.2612801	 2.1393339	 2.3523633	-1.9210327	-1.9661523	-1.8522468	-2.0299008	-1.8012389	 0.1593818	 0.1587272	 0.1694832	 0.1547915	 0.1744685	-0.4542971	-0.4669142	-0.4519905	-0.4724676	-0.4454019	-35.3337560	-35.5146600	-34.8298030	-35.8101350	-34.5824750
14909	 1.0000000	 1.0000000	 1.0000000	 1.0000000	 1.0000000	 1.0000000	 1.0000000	 1.0000000	 1.0000000	 1.0000000	 1.0000000	 1.0000000	 1.0000000	 1.0000000	 1.0000000	 1.0000000	 1.0000000	 1.0000000	 1.0000000	 1.0000000	 1.0000000	 1.0000000	 1.0000000	 1.0000000	 1.0000000	 0.0000000	 0.0000000	 0.0000000	 0.0000000	 0.0000000
14942	 1.0000000	 1.0000000	 1.0000000	 1.0000000	 1.0000000	 1.0000000	 1.0000000	 1.0000000	 1.0000000	 1.0000000	 1.0000000	 1.0000000	 1.0000000	 1.0000000	 1.0000000	 1.0000000	 1.0000000	 1.0000000	 1.0000000	 1.0000000	 1.0000000	 1.0000000	 1.0000000	 1.0000000	 1.0000000	 0.0000000	 0.0000000	 0.0000000	 0.0000000	 0.0000000
15161	14.5254830	13.5425420	15.4993480	13.0041980	16.3625020	 1.7451480	 1.7236600	 1.7918545	 1.7039337	 1.8160660	-8.3236911	-8.7229017	-7.8081571	-9.1123054	-7.3620446	-0.0055021	-0.0077363	 0.0048223	-0.0109734	 0.0093323	-0.3465345	-0.3526140	-0.3381631	-0.3558265	-0.3310333	-45.4548160	-45.6260990	-44.5943340	-45.8911480	-44.2116810
15227	 1.0000000	 1.0000000	 1.0000000	 1.0000000	 1.0000000	 1.0000000	 1.0000000	 1.0000000	 1.0000000	 1.0000000	 1.0000000	 1.0000000	 1.0000000	 1.0000000	 1.0000000	 1.0000000	 1.0000000	 1.0000000	 1.0000000	 1.0000000	 1.0000000	 1.0000000	 1.0000000	 1.0000000	 1.0000000	 0.0000000	 0.0000000	 0.0000000	 0.0000000	 0.0000000
15265	 1.0000000	 1.0000000	 1.0000000	 1.0000000	 1.0000000	 1.0000000	 1.0000000	 1.0000000	 1.0000000	 1.0000000	 1.0000000	 1.0000000	 1.0000000	 1.0000000	 1.0000000	 1.0000000	 1.0000000	 1.0000000	 1.0000000	 1.0000000	 1.0000000	 1.0000000	 1.0000000	 1.0000000	 1.0000000	 0.0000000	 0.0000000	 0.0000000	 0.0000000	 0.0000000
15350	 2.9224820	 2.8849116	 2.9553820	 2.8456721	 2.9768646	 1.6166173	 1.5944613	 1.6318136	 1.5785984	 1.6464788	 1.8077764	 1.8007001	 1.8142430	 1.7941772	 1.8204942	-0.0072901	-0.0097104	-0.0053805	-0.0118564	-0.0028424	 0.0318821	 0.0291820	 0.0355357	 0.0260929	 0.0383914	51.4398810	49.5647900	53.5278230	47.3910190	55.6140140
15383	 6.7379986	 6.3988282	 7.3075732	 6.1816379	 7.6459628	 1.8739642	 1.8476131	 1.9328166	 1.8160468	 1.9670514	-3.5962357	-3.8075571	-3.4312853	-3.9170170	-3.3145726	 0.1314173	 0.1313879	 0.1405047	 0.1280248	 0.1461133	-0.3839822	-0.3897811	-0.3681116	-0.3968210	-0.3562929	-35.5532850	-35.5780360	-34.6408520	-35.8266050	-34.1837390
15391	 1.0000000	 1.0000000	 1.0000000	 1.0000000	 1.0000000	 1.0000000	 1.0000000	 1.0000000	 1.0000000	 1.0000000	 1.0000000	 1.0000000	 1.0000000	 1.0000000	 1.0000000	 1.0000000	 1.0000000	 1.0000000	 1.0000000	 1.0000000	 1.0000000	 1.0000000	 1.0000000	 1.0000000	 1.0000000	 0.0000000	 0.0000000	 0.0000000	 0.0000000	 0.0000000
15635	 1.0000000	 1.0000000	 1.0000000	 1.0000000	 1.0000000	 1.0000000	 1.0000000	 1.0000000	 1.0000000	 1.0000000	 1.0000000	 1.0000000	 1.0000000	 1.0000000	 1.0000000	 1.0000000	 1.0000000	 1.0000000	 1.0000000	 1.0000000	 1.0000000	 1.0000000	 1.0000000	 1.0000000	 1.0000000	 0.0000000	 0.0000000	 0.0000000	 0.0000000	 0.0000000
15648	 1.6066105	 1.5994391	 1.6121621	 1.5962798	 1.6174658	 1.0867222	 1.0836298	 1.0891395	 1.0822302	 1.0908891	 1.4784001	 1.4748736	 1.4806043	 1.4730858	 1.4846681	-0.0483643	-0.0500073	-0.0470434	-0.0506094	-0.0459719	-0.1118904	-0.1126461	-0.1110464	-0.1135314	-0.1104081	-56.6881350	-57.0248560	-56.4536440	-57.1913510	-56.1445840
15719	 6.4337879	 6.3136850	 6.5552148	 6.1465993	 6.6987755	 1.2391391	 1.2283429	 1.2460176	 1.2202565	 1.2514083	 5.1921338	 5.1089776	 5.2642093	 5.0193416	 5.3564196	-0.1062859	-0.1092266	-0.1033283	-0.1105704	-0.1011761	-0.2882344	-0.2906816	-0.2856710	-0.2930222	-0.2842650	-55.1206810	-55.3722660	-54.8569350	-55.4941330	-54.6627250
15801	 1.0000000	 1.0000000	 1.0000000	 1.0000000	 1.0000000	 1.0000000	 1.0000000	 1.0000000	 1.0000000	 1.0000000	 1.0000000	 1.0000000	 1.0000000	 1.0000000	 1.0000000	 1.0000000	 1.0000000	 1.0000000	 1.0000000	 1.0000000	 1.0000000	 1.0000000	 1.0000000	 1.0000000	 1.0000000	 0.0000000	 0.0000000	 0.0000000	 0.0000000	 0.0000000
15943	 1.0000000	 1.0000000	 1.0000000	 1.0000000	 1.0000000	 1.0000000	 1.0000000	 1.0000000	 1.0000000	 1.0000000	 1.0000000	 1.0000000	 1.0000000	 1.0000000	 1.0000000	 1.0000000	 1.0000000	 1.0000000	 1.0000000	 1.0000000	 1.0000000	 1.0000000	 1.0000000	 1.0000000	 1.0000000	 0.0000000	 0.0000000	 0.0000000	 0.0000000	 0.0000000
15989	 3.1675493	 3.1193721	 3.2129554	 3.0797024	 3.2412065	 1.1321011	 1.1224971	 1.1304359	 1.1199495	 1.1344083	 2.7979419	 2.7697805	 2.8487207	 2.7486094	 2.8733653	-0.0942434	-0.0972119	-0.0922100	-0.0988295	-0.0905733	-0.2454851	-0.2510488	-0.2458589	-0.2531959	-0.2440124	-55.5010670	-55.6678350	-55.1715280	-55.8016980	-54.9291670
16069	 1.0000000	 1.0000000	 1.0000000	 1.0000000	 1.0000000	 1.0000000	 1.0000000	 1.0000000	 1.0000000	 1.0000000	 1.0000000	 1.0000000	 1.0000000	 1.0000000	 1.0000000	 1.0000000	 1.0000000	 1.0000000	 1.0000000	 1.0000000	 1.0000000	 1.0000000	 1.0000000	 1.0000000	 1.0000000	 0.0000000	 0.0000000	 0.0000000	 0.0000000	 0.0000000
16126	 1.0000000	 1.0000000	 1.0000000	 1.0000000	 1.0000000	 1.0000000	 1.0000000	 1.0000000	 1.0000000	 1.0000000	 1.0000000	 1.0000000	 1.0000000	 1.0000000	 1.0000000	 1.0000000	 1.0000000	 1.0000000	 1.0000000	 1.0000000	 1.0000000	 1.0000000	 1.0000000	 1.0000000	 1.0000000	 0.0000000	 0.0000000	 0.0000000	 0.0000000	 0.0000000
16155	11.4500190	11.2692030	13.1709240	10.4261380	14.0796920	 1.6971764	 1.6821141	 1.7675123	 1.6515450	 1.8057425	-6.7463195	-7.4697449	-6.6463233	-7.9745785	-6.1143363	 0.0662688	 0.0531838	 0.0696780	 0.0477097	 0.0741187	-0.3627175	-0.3659785	-0.3461701	-0.3710955	-0.3405228	-39.8231060	-40.6371770	-39.5362860	-41.0429050	-39.2711850
16202	 1.0000000	 1.0000000	 1.0000000	 1.0000000	 1.0000000	 1.0000000	 1.0000000	 1.0000000	 1.0000000	 1.0000000	 1.0000000	 1.0000000	 1.0000000	 1.0000000	 1.0000000	 1.0000000	 1.0000000	 1.0000000	 1.0000000	 1.0000000	 1.0000000	 1.0000000	 1.0000000	 1.0000000	 1.0000000	 0.0000000	 0.0000000	 0.0000000	 0.0000000	 0.0000000
16238	 1.0000000	 1.0000000	 1.0000000	 1.0000000	 1.0000000	 1.0000000	 1.0000000	 1.0000000	 1.0000000	 1.0000000	 1.0000000	 1.0000000	 1.0000000	 1.0000000	 1.0000000	 1.0000000	 1.0000000	 1.0000000	 1.0000000	 1.0000000	 1.0000000	 1.0000000	 1.0000000	 1.0000000	 1.0000000	 0.0000000	 0.0000000	 0.0000000	 0.0000000	 0.0000000
16332	 1.0000000	 1.0000000	 1.0000000	 1.0000000	 1.0000000	 1.0000000	 1.0000000	 1.0000000	 1.0000000	 1.0000000	 1.0000000	 1.0000000	 1.0000000	 1.0000000	 1.0000000	 1.0000000	 1.0000000	 1.0000000	 1.0000000	 1.0000000	 1.0000000	 1.0000000	 1.0000000	 1.0000000	 1.0000000	 0.0000000	 0.0000000	 0.0000000	 0.0000000	 0.0000000
16336	 1.0000000	 1.0000000	 1.0000000	 1.0000000	 1.0000000	 1.0000000	 1.0000000	 1.0000000	 1.0000000	 1.0000000	 1.0000000	 1.0000000	 1.0000000	 1.0000000	 1.0000000	 1.0000000	 1.0000000	 1.0000000	 1.0000000	 1.0000000	 1.0000000	 1.0000000	 1.0000000	 1.0000000	 1.0000000	 0.0000000	 0.0000000	 0.0000000	 0.0000000	 0.0000000
16365	 2.0661243	 2.0345132	 2.0745926	 2.0232775	 2.0915214	 1.2220653	 1.2167157	 1.2244503	 1.2120047	 1.2291391	 1.6906825	 1.6670884	 1.6958754	 1.6590991	 1.7091972	-0.0067319	-0.0109253	-0.0036303	-0.0125478	-0.0017847	-0.1132049	-0.1154377	-0.1096580	-0.1166566	-0.1084719	-46.7015830	-47.7079670	-45.9401520	-48.1203010	-45.4631780
16385	 1.0000000	 1.0000000	 1.0000000	 1.0000000	 1.0000000	 1.0000000	 1.0000000	 1.0000000	 1.0000000	 1.0000000	 1.0000000	 1.0000000	 1.0000000	 1.0000000	 1.0000000	 1.0000000	 1.0000000	 1.0000000	 1.0000000	 1.0000000	 1.0000000	 1.0000000	 1.0000000	 1.0000000	 1.0000000	 0.0000000	 0.0000000	 0.0000000	 0.0000000	 0.0000000
16388	 2.4779376	 2.4351580	 2.4874062	 2.4148135	 2.5037448	 1.1467630	 1.1393390	 1.1465285	 1.1359478	 1.1490647	 2.1608066	 2.1369377	 2.1700435	 2.1210766	 2.1873221	-0.0706419	-0.0733792	-0.0680294	-0.0741709	-0.0667037	-0.1920337	-0.1945651	-0.1914186	-0.1955315	-0.1902012	-55.0983240	-55.3948800	-54.7412790	-55.6135000	-54.5076700
16560	 1.5485972	 1.5344700	 1.5521306	 1.5264406	 1.5576773	 1.0420765	 1.0375629	 1.0423059	 1.0356143	 1.0437835	 1.4860686	 1.4742598	 1.4929336	 1.4662007	 1.4996081	-0.1427180	-0.1455715	-0.1409895	-0.1472558	-0.1388525	-0.0134782	-0.0152753	-0.0110286	-0.0167400	-0.0100571	-87.3025130	-87.7664310	-87.0356310	-87.9745090	-86.7200430
16594	 3.5994830	 3.5118911	 3.6524677	 3.4252858	 3.6956021	 1.8230198	 1.7866610	 1.8330648	 1.7644563	 1.8476620	 1.9744618	 1.9560319	 1.9969882	 1.9385439	 2.0053541	 0.0199322	 0.0194494	 0.0255792	 0.0176573	 0.0276049	 0.0067266	-0.0022638	 0.0120181	-0.0059597	 0.0160241	 9.3240456	-3.2814308	13.9897900	-7.9200748	18.9722530
16609	 1.0000000	 1.0000000	 1.0000000	 1.0000000	 1.0000000	 1.0000000	 1.0000000	 1.0000000	 1.0000000	 1.0000000	 1.0000000	 1.0000000	 1.0000000	 1.0000000	 1.0000000	 1.0000000	 1.0000000	 1.0000000	 1.0000000	 1.0000000	 1.0000000	 1.0000000	 1.0000000	 1.0000000	 1.0000000	 0.0000000	 0.0000000	 0.0000000	 0.0000000	 0.0000000
16610	 1.0000000	 1.0000000	 1.0000000	 1.0000000	 1.0000000	 1.0000000	 1.0000000	 1.0000000	 1.0000000	 1.0000000	 1.0000000	 1.0000000	 1.0000000	 1.0000000	 1.0000000	 1.0000000	 1.0000000	 1.0000000	 1.0000000	 1.0000000	 1.0000000	 1.0000000	 1.0000000	 1.0000000	 1.0000000	 0.0000000	 0.0000000	 0.0000000	 0.0000000	 0.0000000
16863	 1.4196907	 1.4088949	 1.4211034	 1.4027489	 1.4258298	 1.0186308	 1.0155080	 1.0193581	 1.0131837	 1.0204006	 1.3937245	 1.3843783	 1.3972565	 1.3803283	 1.4023008	-0.1314163	-0.1336786	-0.1294390	-0.1348532	-0.1281104	-0.0134623	-0.0145121	-0.0114592	-0.0154136	-0.0107528	-87.0755070	-87.4851440	-86.9053590	-87.6245940	-86.7055690
16915	 1.9941020	 1.9654272	 1.9947248	 1.9556701	 2.0092213	 1.1725312	 1.1677935	 1.1728928	 1.1660706	 1.1771316	 1.7006814	 1.6792676	 1.7020304	 1.6726122	 1.7137977	-0.0195638	-0.0237513	-0.0167983	-0.0253617	-0.0154518	-0.1309750	-0.1317180	-0.1280827	-0.1334017	-0.1268758	-49.2477470	-50.1173310	-48.7196470	-50.5025450	-48.3943680
16942	 1.0000000	 1.0000000	 1.0000000	 1.0000000	 1.0000000	 1.0000000	 1.0000000	 1.0000000	 1.0000000	 1.0000000	 1.0000000	 1.0000000	 1.0000000	 1.0000000	 1.0000000	 1.0000000	 1.0000000	 1.0000000	 1.0000000	 1.0000000	 1.0000000	 1.0000000	 1.0000000	 1.0000000	 1.0000000	 0.0000000	 0.0000000	 0.0000000	 0.0000000	 0.0000000
16987	 1.3973498	 1.3852186	 1.3997046	 1.3815244	 1.4041780	 1.0164030	 1.0127730	 1.0173366	 1.0110116	 1.0182211	 1.3747990	 1.3658601	 1.3780295	 1.3620067	 1.3813866	-0.1275568	-0.1296585	-0.1254518	-0.1307936	-0.1242209	-0.0132322	-0.0134987	-0.0109813	-0.0150083	-0.0103039	-87.0387900	-87.5110200	-87.0129840	-87.6514770	-86.7150490
17075	 1.0000000	 1.0000000	 1.0000000	 1.0000000	 1.0000000	 1.0000000	 1.0000000	 1.0000000	 1.0000000	 1.0000000	 1.0000000	 1.0000000	 1.0000000	 1.0000000	 1.0000000	 1.0000000	 1.0000000	 1.0000000	 1.0000000	 1.0000000	 1.0000000	 1.0000000	 1.0000000	 1.0000000	 1.0000000	 0.0000000	 0.0000000	 0.0000000	 0.0000000	 0.0000000
17089	 1.3608152	 1.3521740	 1.3615668	 1.3478547	 1.3681338	 1.0241608	 1.0209392	 1.0243696	 1.0194867	 1.0258291	 1.3287125	 1.3213063	 1.3314870	 1.3160878	 1.3357412	-0.1117628	-0.1138128	-0.1100846	-0.1155021	-0.1084356	-0.0055489	-0.0062975	-0.0034300	-0.0074083	-0.0029351	-88.5788250	-89.1169560	-88.4060910	-89.2269390	-88.1589060
17201	 2.3803230	 2.3366197	 2.3828828	 2.3232830	 2.4083281	 1.1994141	 1.1949286	 1.2009960	 1.1919743	 1.2034320	 1.9845712	 1.9533657	 1.9885713	 1.9441770	 2.0101282	-0.0264238	-0.0304808	-0.0227642	-0.0318900	-0.0218105	-0.1627961	-0.1629052	-0.1595569	-0.1656935	-0.1580865	-49.6097050	-50.3375640	-49.0422620	-50.5411310	-48.8476860
17319	 1.0000000	 1.0000000	 1.0000000	 1.0000000	 1.0000000	 1.0000000	 1.0000000	 1.0000000	 1.0000000	 1.0000000	 1.0000000	 1.0000000	 1.0000000	 1.0000000	 1.0000000	 1.0000000	 1.0000000	 1.0000000	 1.0000000	 1.0000000	 1.0000000	 1.0000000	 1.0000000	 1.0000000	 1.0000000	 0.0000000	 0.0000000	 0.0000000	 0.0000000	 0.0000000
17378	 2.0489198	 2.0177075	 2.0540354	 2.0050252	 2.0790066	 1.2168323	 1.2085103	 1.2192316	 1.2059792	 1.2245879	 1.6838143	 1.6644352	 1.6874183	 1.6525013	 1.7065909	 0.0021875	-0.0043880	 0.0059420	-0.0057603	 0.0072424	-0.1139371	-0.1164181	-0.1100006	-0.1180966	-0.1088825	-44.4500490	-46.0916650	-43.4805120	-46.4120960	-43.1097880
17420	 2.7353888	 2.6912948	 2.7427804	 2.6597576	 2.7788700	 1.1508745	 1.1450498	 1.1503638	 1.1424279	 1.1523554	 2.3767911	 2.3454863	 2.3837705	 2.3273902	 2.4140791	-0.0429530	-0.0455463	-0.0393820	-0.0473205	-0.0381218	-0.2199294	-0.2214001	-0.2188245	-0.2234243	-0.2179293	-50.5254850	-50.8537380	-50.0873230	-51.0359210	-49.8886590
17467	70.6375100	51.8178700	71.2400260	44.9702200	98.6591390	 1.8958334	 1.8513358	 1.9436452	 1.8326524	 1.9913734	37.2593560	27.1717430	38.1135360	24.2907280	53.3119010	 0.2503147	 0.2384548	 0.2532527	 0.2331935	 0.2607983	 0.0010201	-0.0009373	 0.0109415	-0.0025262	 0.0156830	 0.1167528	-0.1100038	 1.2935322	-0.2906100	 1.8544893
17475	19.6591150	17.8558890	20.0507390	16.9518930	21.3610800	 1.6779754	 1.6401948	 1.7007276	 1.6231499	 1.7307990	11.7159730	10.6971880	12.0249280	10.3637230	13.0027280	 0.2552768	 0.2481525	 0.2594811	 0.2434037	 0.2653008	 0.0035379	 0.0025892	 0.0162096	-0.0009911	 0.0225399	 0.3970107	 0.2863729	 1.8023391	-0.1126310	 2.5867333
17516	 1.0000000	 1.0000000	 1.0000000	 1.0000000	 1.0000000	 1.0000000	 1.0000000	 1.0000000	 1.0000000	 1.0000000	 1.0000000	 1.0000000	 1.0000000	 1.0000000	 1.0000000	 1.0000000	 1.0000000	 1.0000000	 1.0000000	 1.0000000	 1.0000000	 1.0000000	 1.0000000	 1.0000000	 1.0000000	 0.0000000	 0.0000000	 0.0000000	 0.0000000	 0.0000000
17533	 2.8457841	 2.8080898	 2.8733895	 2.7780427	 2.9028686	 1.0773319	 1.0689381	 1.0762584	 1.0649193	 1.0795336	 2.6415107	 2.6203455	 2.6789575	 2.5926367	 2.7014782	-0.0519035	-0.0537834	-0.0489281	-0.0548343	-0.0480954	-0.2698781	-0.2752475	-0.2699978	-0.2773624	-0.2687340	-50.4431540	-50.5621620	-50.1101200	-50.6562950	-50.0087020
17617	 1.0000000	 1.0000000	 1.0000000	 1.0000000	 1.0000000	 1.0000000	 1.0000000	 1.0000000	 1.0000000	 1.0000000	 1.0000000	 1.0000000	 1.0000000	 1.0000000	 1.0000000	 1.0000000	 1.0000000	 1.0000000	 1.0000000	 1.0000000	 1.0000000	 1.0000000	 1.0000000	 1.0000000	 1.0000000	 0.0000000	 0.0000000	 0.0000000	 0.0000000	 0.0000000
17775	 1.0000000	 1.0000000	 1.0000000	 1.0000000	 1.0000000	 1.0000000	 1.0000000	 1.0000000	 1.0000000	 1.0000000	 1.0000000	 1.0000000	 1.0000000	 1.0000000	 1.0000000	 1.0000000	 1.0000000	 1.0000000	 1.0000000	 1.0000000	 1.0000000	 1.0000000	 1.0000000	 1.0000000	 1.0000000	 0.0000000	 0.0000000	 0.0000000	 0.0000000	 0.0000000
17852	 1.0000000	 1.0000000	 1.0000000	 1.0000000	 1.0000000	 1.0000000	 1.0000000	 1.0000000	 1.0000000	 1.0000000	 1.0000000	 1.0000000	 1.0000000	 1.0000000	 1.0000000	 1.0000000	 1.0000000	 1.0000000	 1.0000000	 1.0000000	 1.0000000	 1.0000000	 1.0000000	 1.0000000	 1.0000000	 0.0000000	 0.0000000	 0.0000000	 0.0000000	 0.0000000
17944	 1.0000000	 1.0000000	 1.0000000	 1.0000000	 1.0000000	 1.0000000	 1.0000000	 1.0000000	 1.0000000	 1.0000000	 1.0000000	 1.0000000	 1.0000000	 1.0000000	 1.0000000	 1.0000000	 1.0000000	 1.0000000	 1.0000000	 1.0000000	 1.0000000	 1.0000000	 1.0000000	 1.0000000	 1.0000000	 0.0000000	 0.0000000	 0.0000000	 0.0000000	 0.0000000
18023	 2.7009860	 2.6529609	 2.7163309	 2.6326863	 2.7457468	 1.1317522	 1.1265214	 1.1319706	 1.1233760	 1.1340987	 2.3865523	 2.3556527	 2.4015171	 2.3429310	 2.4206463	-0.0365443	-0.0386294	-0.0324927	-0.0397744	-0.0311141	-0.2293929	-0.2311889	-0.2286575	-0.2330704	-0.2277929	-49.5258280	-49.7911890	-49.0269130	-49.8938660	-48.8215070
18042	 1.0000000	 1.0000000	 1.0000000	 1.0000000	 1.0000000	 1.0000000	 1.0000000	 1.0000000	 1.0000000	 1.0000000	 1.0000000	 1.0000000	 1.0000000	 1.0000000	 1.0000000	 1.0000000	 1.0000000	 1.0000000	 1.0000000	 1.0000000	 1.0000000	 1.0000000	 1.0000000	 1.0000000	 1.0000000	 0.0000000	 0.0000000	 0.0000000	 0.0000000	 0.0000000
18045	 5.5637916	 5.4076059	 5.6191217	 5.2888029	 5.7043354	 1.4781012	 1.4551257	 1.4927717	 1.4420091	 1.5071170	 3.7641480	 3.6801969	 3.7865441	 3.6451150	 3.8471462	 0.2053449	 0.2002157	 0.2082167	 0.1982087	 0.2123618	 0.0062389	 0.0065291	 0.0160003	 0.0027336	 0.0203114	 0.8701261	 0.8992050	 2.2341769	 0.3840128	 2.8855053
18113	 2.7210933	 2.6717250	 2.7481666	 2.6545946	 2.7740372	 1.2158397	 1.2114901	 1.2201300	 1.2080364	 1.2244165	 2.2380224	 2.2057023	 2.2524126	 2.1923901	 2.2761313	-0.0058032	-0.0063065	-0.0005437	-0.0086831	 0.0034043	-0.1877372	-0.1882905	-0.1853046	-0.1900412	-0.1843980	-45.8852630	-45.9522970	-45.0842230	-46.3354680	-44.4802840
18136	 1.0000000	 1.0000000	 1.0000000	 1.0000000	 1.0000000	 1.0000000	 1.0000000	 1.0000000	 1.0000000	 1.0000000	 1.0000000	 1.0000000	 1.0000000	 1.0000000	 1.0000000	 1.0000000	 1.0000000	 1.0000000	 1.0000000	 1.0000000	 1.0000000	 1.0000000	 1.0000000	 1.0000000	 1.0000000	 0.0000000	 0.0000000	 0.0000000	 0.0000000	 0.0000000
18238	 1.0000000	 1.0000000	 1.0000000	 1.0000000	 1.0000000	 1.0000000	 1.0000000	 1.0000000	 1.0000000	 1.0000000	 1.0000000	 1.0000000	 1.0000000	 1.0000000	 1.0000000	 1.0000000	 1.0000000	 1.0000000	 1.0000000	 1.0000000	 1.0000000	 1.0000000	 1.0000000	 1.0000000	 1.0000000	 0.0000000	 0.0000000	 0.0000000	 0.0000000	 0.0000000
18242	 1.0000000	 1.0000000	 1.0000000	 1.0000000	 1.0000000	 1.0000000	 1.0000000	 1.0000000	 1.0000000	 1.0000000	 1.0000000	 1.0000000	 1.0000000	 1.0000000	 1.0000000	 1.0000000	 1.0000000	 1.0000000	 1.0000000	 1.0000000	 1.0000000	 1.0000000	 1.0000000	 1.0000000	 1.0000000	 0.0000000	 0.0000000	 0.0000000	 0.0000000	 0.0000000
18297	 1.0000000	 1.0000000	 1.0000000	 1.0000000	 1.0000000	 1.0000000	 1.0000000	 1.0000000	 1.0000000	 1.0000000	 1.0000000	 1.0000000	 1.0000000	 1.0000000	 1.0000000	 1.0000000	 1.0000000	 1.0000000	 1.0000000	 1.0000000	 1.0000000	 1.0000000	 1.0000000	 1.0000000	 1.0000000	 0.0000000	 0.0000000	 0.0000000	 0.0000000	 0.0000000
18363	 1.0000000	 1.0000000	 1.0000000	 1.0000000	 1.0000000	 1.0000000	 1.0000000	 1.0000000	 1.0000000	 1.0000000	 1.0000000	 1.0000000	 1.0000000	 1.0000000	 1.0000000	 1.0000000	 1.0000000	 1.0000000	 1.0000000	 1.0000000	 1.0000000	 1.0000000	 1.0000000	 1.0000000	 1.0000000	 0.0000000	 0.0000000	 0.0000000	 0.0000000	 0.0000000
18391	35.3594600	29.5827740	40.4184150	26.9761890	47.6960050	 1.3287256	 1.3073648	 1.3313906	 1.2936345	 1.3404718	-26.6111880	-31.0056200	-22.4061530	-36.4031630	-20.2525900	 0.3023721	 0.3020477	 0.3121587	 0.2988528	 0.3155507	-0.2542967	-0.2560051	-0.2509260	-0.2590823	-0.2486323	-20.0320170	-20.0766590	-19.4531920	-20.4096610	-19.2486610
18407	 2.7013326	 2.6503695	 2.7214870	 2.6250664	 2.7432987	 1.1674016	 1.1619689	 1.1678314	 1.1580823	 1.1730879	 2.3139703	 2.2786008	 2.3295712	 2.2637261	 2.3475314	-0.0303902	-0.0352126	-0.0257597	-0.0373731	-0.0243307	-0.2100356	-0.2116443	-0.2088148	-0.2130919	-0.2071782	-49.1165180	-49.7226210	-48.5017820	-50.0151550	-48.3038330
18416	 1.0000000	 1.0000000	 1.0000000	 1.0000000	 1.0000000	 1.0000000	 1.0000000	 1.0000000	 1.0000000	 1.0000000	 1.0000000	 1.0000000	 1.0000000	 1.0000000	 1.0000000	 1.0000000	 1.0000000	 1.0000000	 1.0000000	 1.0000000	 1.0000000	 1.0000000	 1.0000000	 1.0000000	 1.0000000	 0.0000000	 0.0000000	 0.0000000	 0.0000000	 0.0000000
18471	 9.2836064	 8.7890574	 9.3001105	 8.3459315	 9.8115264	 1.4053852	 1.3858241	 1.4173611	 1.3729033	 1.4340498	 6.6057389	 6.2823267	 6.6348378	 6.0443487	 6.8387187	 0.2564082	 0.2534903	 0.2609471	 0.2513459	 0.2633583	-0.1126991	-0.1127696	-0.1048263	-0.1151639	-0.0997960	-11.8634660	-11.8759060	-11.0563440	-12.1523030	-10.5747130
18486	 1.0000000	 1.0000000	 1.0000000	 1.0000000	 1.0000000	 1.0000000	 1.0000000	 1.0000000	 1.0000000	 1.0000000	 1.0000000	 1.0000000	 1.0000000	 1.0000000	 1.0000000	 1.0000000	 1.0000000	 1.0000000	 1.0000000	 1.0000000	 1.0000000	 1.0000000	 1.0000000	 1.0000000	 1.0000000	 0.0000000	 0.0000000	 0.0000000	 0.0000000	 0.0000000
18531	 1.0000000	 1.0000000	 1.0000000	 1.0000000	 1.0000000	 1.0000000	 1.0000000	 1.0000000	 1.0000000	 1.0000000	 1.0000000	 1.0000000	 1.0000000	 1.0000000	 1.0000000	 1.0000000	 1.0000000	 1.0000000	 1.0000000	 1.0000000	 1.0000000	 1.0000000	 1.0000000	 1.0000000	 1.0000000	 0.0000000	 0.0000000	 0.0000000	 0.0000000	 0.0000000
18708	 1.0000000	 1.0000000	 1.0000000	 1.0000000	 1.0000000	 1.0000000	 1.0000000	 1.0000000	 1.0000000	 1.0000000	 1.0000000	 1.0000000	 1.0000000	 1.0000000	 1.0000000	 1.0000000	 1.0000000	 1.0000000	 1.0000000	 1.0000000	 1.0000000	 1.0000000	 1.0000000	 1.0000000	 1.0000000	 0.0000000	 0.0000000	 0.0000000	 0.0000000	 0.0000000
18746	 1.0000000	 1.0000000	 1.0000000	 1.0000000	 1.0000000	 1.0000000	 1.0000000	 1.0000000	 1.0000000	 1.0000000	 1.0000000	 1.0000000	 1.0000000	 1.0000000	 1.0000000	 1.0000000	 1.0000000	 1.0000000	 1.0000000	 1.0000000	 1.0000000	 1.0000000	 1.0000000	 1.0000000	 1.0000000	 0.0000000	 0.0000000	 0.0000000	 0.0000000	 0.0000000
18747	 1.0000000	 1.0000000	 1.0000000	 1.0000000	 1.0000000	 1.0000000	 1.0000000	 1.0000000	 1.0000000	 1.0000000	 1.0000000	 1.0000000	 1.0000000	 1.0000000	 1.0000000	 1.0000000	 1.0000000	 1.0000000	 1.0000000	 1.0000000	 1.0000000	 1.0000000	 1.0000000	 1.0000000	 1.0000000	 0.0000000	 0.0000000	 0.0000000	 0.0000000	 0.0000000
18840	 4.3317718	 4.2333151	 4.4194908	 4.1359761	 4.4818018	 1.1287910	 1.1220611	 1.1294548	 1.1179170	 1.1332322	 3.8375451	 3.7706751	 3.9184723	 3.6864833	 3.9744874	-0.0398896	-0.0428958	-0.0363358	-0.0444162	-0.0352898	-0.3101051	-0.3132473	-0.3095674	-0.3152498	-0.3070195	-48.6649230	-48.9030480	-48.3448880	-49.0420190	-48.2342330
18851	 1.3207852	 1.3122121	 1.3231371	 1.3096905	 1.3281750	 1.0173182	 1.0145908	 1.0180197	 1.0126007	 1.0189852	 1.2983010	 1.2909550	 1.3001011	 1.2879944	 1.3056367	-0.1063640	-0.1081288	-0.1044831	-0.1094534	-0.1031145	 0.0010940	 0.0005726	 0.0027498	-0.0004120	 0.0033796	89.7053500	89.2014940	89.8038430	-89.9129600	89.9653690
18924	17.6295330	16.7709440	19.7421100	15.7053920	21.6505540	 1.1782276	 1.1668170	 1.1795043	 1.1611499	 1.1835411	14.9627030	14.4039480	16.7940540	13.4472140	18.3881720	 0.1510210	 0.1500044	 0.1582670	 0.1471753	 0.1610322	-0.3606028	-0.3648927	-0.3601504	-0.3662904	-0.3578719	-33.6379980	-33.8205990	-33.2073000	-34.0301310	-33.0122700
18973	 1.0000000	 1.0000000	 1.0000000	 1.0000000	 1.0000000	 1.0000000	 1.0000000	 1.0000000	 1.0000000	 1.0000000	 1.0000000	 1.0000000	 1.0000000	 1.0000000	 1.0000000	 1.0000000	 1.0000000	 1.0000000	 1.0000000	 1.0000000	 1.0000000	 1.0000000	 1.0000000	 1.0000000	 1.0000000	 0.0000000	 0.0000000	 0.0000000	 0.0000000	 0.0000000
18992	 1.0000000	 1.0000000	 1.0000000	 1.0000000	 1.0000000	 1.0000000	 1.0000000	 1.0000000	 1.0000000	 1.0000000	 1.0000000	 1.0000000	 1.0000000	 1.0000000	 1.0000000	 1.0000000	 1.0000000	 1.0000000	 1.0000000	 1.0000000	 1.0000000	 1.0000000	 1.0000000	 1.0000000	 1.0000000	 0.0000000	 0.0000000	 0.0000000	 0.0000000	 0.0000000
19007	 2.2958722	 2.2569115	 2.3042173	 2.2389607	 2.3182687	 1.2715526	 1.2646207	 1.2759857	 1.2597330	 1.2839556	 1.8055658	 1.7792525	 1.8057240	 1.7657572	 1.8222271	 0.0269422	 0.0207893	 0.0326525	 0.0181714	 0.0343798	-0.1131348	-0.1153535	-0.1069900	-0.1183952	-0.1055204	-38.3024720	-39.9117390	-36.6238760	-40.5239400	-36.2084480
19025	 1.5121514	 1.4981824	 1.5139163	 1.4918258	 1.5202319	 1.0468671	 1.0423509	 1.0472931	 1.0406794	 1.0487018	 1.4444540	 1.4340075	 1.4481302	 1.4286164	 1.4520095	-0.1301081	-0.1327935	-0.1280147	-0.1343514	-0.1260585	 0.0188326	 0.0183543	 0.0213596	 0.0172175	 0.0221075	85.8819300	85.2571070	86.1000110	85.1333530	86.3247500
19037	 7.4019980	 7.0794542	 7.4851038	 6.8724462	 7.6377658	 1.2989527	 1.2818987	 1.3019744	 1.2746317	 1.3086890	 5.6984419	 5.5097315	 5.7580450	 5.3477065	 5.8416250	 0.2392018	 0.2371174	 0.2449520	 0.2351194	 0.2476080	-0.1763513	-0.1777914	-0.1725583	-0.1794980	-0.1706579	-18.1997310	-18.3932610	-17.6080180	-18.6270550	-17.3946180
19148	 1.0000000	 1.0000000	 1.0000000	 1.0000000	 1.0000000	 1.0000000	 1.0000000	 1.0000000	 1.0000000	 1.0000000	 1.0000000	 1.0000000	 1.0000000	 1.0000000	 1.0000000	 1.0000000	 1.0000000	 1.0000000	 1.0000000	 1.0000000	 1.0000000	 1.0000000	 1.0000000	 1.0000000	 1.0000000	 0.0000000	 0.0000000	 0.0000000	 0.0000000	 0.0000000
19153	 1.0000000	 1.0000000	 1.0000000	 1.0000000	 1.0000000	 1.0000000	 1.0000000	 1.0000000	 1.0000000	 1.0000000	 1.0000000	 1.0000000	 1.0000000	 1.0000000	 1.0000000	 1.0000000	 1.0000000	 1.0000000	 1.0000000	 1.0000000	 1.0000000	 1.0000000	 1.0000000	 1.0000000	 1.0000000	 0.0000000	 0.0000000	 0.0000000	 0.0000000	 0.0000000
19179	 3.4055102	 3.3102643	 3.4560527	 3.2185254	 3.4941343	 1.4999552	 1.4800052	 1.5207039	 1.4638255	 1.5329802	 2.2704076	 2.2254937	 2.2784556	 2.1960475	 2.2926203	 0.1109025	 0.1045429	 0.1130899	 0.1014135	 0.1170598	-0.0222806	-0.0261127	-0.0186511	-0.0279168	-0.0163989	-5.6798258	-6.9601969	-4.6989172	-7.4239723	-4.1416998
19217	 5.6190605	 5.4800603	 5.8014557	 5.3581361	 5.9523920	 1.0922480	 1.0790273	 1.0894620	 1.0772114	 1.0933606	 5.1444601	 5.0492387	 5.3477109	 4.9589435	 5.4711803	 0.0276613	 0.0250772	 0.0318732	 0.0226561	 0.0344992	-0.3595170	-0.3666349	-0.3599558	-0.3700159	-0.3574567	-42.8001640	-43.0364930	-42.4926580	-43.2170940	-42.2698820
19283	 1.2600768	 1.2532520	 1.2621137	 1.2496425	 1.2651166	 1.0085789	 1.0061057	 1.0093056	 1.0049362	 1.0101369	 1.2493586	 1.2440157	 1.2518155	 1.2409771	 1.2534646	-0.0955405	-0.0972022	-0.0938394	-0.0975861	-0.0927062	-0.0004844	-0.0012219	 0.0008164	-0.0017132	 0.0011455	-89.8547600	-89.8793830	89.8715860	-89.9882900	89.9952750
19365	 7.6125916	 7.1085723	 7.7122722	 6.8147972	 7.9392166	 1.3760663	 1.3541165	 1.3827820	 1.3415307	 1.3943978	 5.5321242	 5.2451425	 5.6007339	 5.0889434	 5.7375663	 0.2233383	 0.2184665	 0.2277138	 0.2154971	 0.2303506	-0.1569537	-0.1610000	-0.1530253	-0.1628036	-0.1508208	-17.5490440	-18.2212750	-17.0342000	-18.3820290	-16.6325940
19371	 1.0000000	 1.0000000	 1.0000000	 1.0000000	 1.0000000	 1.0000000	 1.0000000	 1.0000000	 1.0000000	 1.0000000	 1.0000000	 1.0000000	 1.0000000	 1.0000000	 1.0000000	 1.0000000	 1.0000000	 1.0000000	 1.0000000	 1.0000000	 1.0000000	 1.0000000	 1.0000000	 1.0000000	 1.0000000	 0.0000000	 0.0000000	 0.0000000	 0.0000000	 0.0000000
19425	 3.8707996	 3.7910368	 3.9377275	 3.7407660	 4.0295061	 1.1303043	 1.1227304	 1.1305189	 1.1189395	 1.1336230	 3.4245791	 3.3740265	 3.4856889	 3.3320214	 3.5561623	-0.0318951	-0.0333855	-0.0278287	-0.0341739	-0.0265123	-0.2946341	-0.2983844	-0.2948241	-0.3001968	-0.2925346	-48.0891950	-48.2123680	-47.6897270	-48.3060040	-47.5633830
19436	 2.8967511	 2.8402949	 2.9064092	 2.8068817	 2.9507138	 1.1933827	 1.1890214	 1.1960315	 1.1861595	 1.1996856	 2.4273425	 2.3872557	 2.4308968	 2.3724021	 2.4665005	-0.0394321	-0.0476995	-0.0353589	-0.0512595	-0.0327207	-0.2093085	-0.2095209	-0.2068325	-0.2107948	-0.2056021	-50.3345160	-51.4172640	-49.8104330	-51.9461590	-49.4369430
19458	 1.0000000	 1.0000000	 1.0000000	 1.0000000	 1.0000000	 1.0000000	 1.0000000	 1.0000000	 1.0000000	 1.0000000	 1.0000000	 1.0000000	 1.0000000	 1.0000000	 1.0000000	 1.0000000	 1.0000000	 1.0000000	 1.0000000	 1.0000000	 1.0000000	 1.0000000	 1.0000000	 1.0000000	 1.0000000	 0.0000000	 0.0000000	 0.0000000	 0.0000000	 0.0000000
19461	 1.0000000	 1.0000000	 1.0000000	 1.0000000	 1.0000000	 1.0000000	 1.0000000	 1.0000000	 1.0000000	 1.0000000	 1.0000000	 1.0000000	 1.0000000	 1.0000000	 1.0000000	 1.0000000	 1.0000000	 1.0000000	 1.0000000	 1.0000000	 1.0000000	 1.0000000	 1.0000000	 1.0000000	 1.0000000	 0.0000000	 0.0000000	 0.0000000	 0.0000000	 0.0000000
19539	 1.0000000	 1.0000000	 1.0000000	 1.0000000	 1.0000000	 1.0000000	 1.0000000	 1.0000000	 1.0000000	 1.0000000	 1.0000000	 1.0000000	 1.0000000	 1.0000000	 1.0000000	 1.0000000	 1.0000000	 1.0000000	 1.0000000	 1.0000000	 1.0000000	 1.0000000	 1.0000000	 1.0000000	 1.0000000	 0.0000000	 0.0000000	 0.0000000	 0.0000000	 0.0000000
19563	 4.4287852	 4.3497967	 4.5360526	 4.2445066	 4.6360002	 1.1040484	 1.0952160	 1.1023995	 1.0904792	 1.1060126	 4.0114067	 3.9559549	 4.1253197	 3.8769742	 4.2129777	-0.0124801	-0.0142055	-0.0084658	-0.0155199	-0.0070118	-0.3279968	-0.3342601	-0.3278591	-0.3355399	-0.3264508	-46.0895140	-46.2253690	-45.7308820	-46.3271300	-45.6103500
19653	 1.0000000	 1.0000000	 1.0000000	 1.0000000	 1.0000000	 1.0000000	 1.0000000	 1.0000000	 1.0000000	 1.0000000	 1.0000000	 1.0000000	 1.0000000	 1.0000000	 1.0000000	 1.0000000	 1.0000000	 1.0000000	 1.0000000	 1.0000000	 1.0000000	 1.0000000	 1.0000000	 1.0000000	 1.0000000	 0.0000000	 0.0000000	 0.0000000	 0.0000000	 0.0000000
19896	 4.9877969	 4.8498737	 5.0634724	 4.7186887	 5.1613818	 1.1266044	 1.1150780	 1.1244677	 1.1086997	 1.1287150	 4.4272808	 4.3524929	 4.5168734	 4.2323339	 4.5923755	 0.0942573	 0.0909503	 0.0984739	 0.0891907	 0.1012220	-0.3171657	-0.3232521	-0.3165654	-0.3252443	-0.3138943	-36.7243830	-37.1409540	-36.3791810	-37.2885970	-36.1469300
19958	 3.6802134	 3.6035134	 3.7280803	 3.5321463	 3.8032518	 1.1367740	 1.1311959	 1.1379599	 1.1253162	 1.1419599	 3.2374194	 3.1809478	 3.2830980	 3.1303123	 3.3444037	-0.0336735	-0.0363111	-0.0302771	-0.0377221	-0.0287122	-0.2834037	-0.2857666	-0.2827782	-0.2877926	-0.2813934	-48.3880040	-48.6372800	-48.0361110	-48.7684330	-47.8781490
19981	 3.2528654	 3.1872903	 3.2887296	 3.1323569	 3.3480185	 1.0837081	 1.0740671	 1.0823507	 1.0708903	 1.0859569	 3.0016085	 2.9694683	 3.0551710	 2.9195477	 3.0867719	 0.0176576	 0.0145605	 0.0203303	 0.0134818	 0.0233349	-0.2942722	-0.2996310	-0.2940792	-0.3016360	-0.2928229	-43.2830660	-43.5907140	-43.0225990	-43.7114930	-42.7303820
19985	 4.6961297	 4.5970776	 4.8064516	 4.4973170	 4.8925241	 1.1042551	 1.0943247	 1.1026722	 1.0896562	 1.1060510	 4.2527695	 4.1933170	 4.3765863	 4.1096846	 4.4443571	 0.0225615	 0.0188780	 0.0266150	 0.0164182	 0.0287958	-0.3344634	-0.3398707	-0.3347887	-0.3423073	-0.3331292	-43.0704600	-43.4095690	-42.7368180	-43.6246560	-42.5419950
20071	 1.4249307	 1.4138955	 1.4276743	 1.4092394	 1.4328497	 1.0317737	 1.0286185	 1.0326640	 1.0261855	 1.0335122	 1.3810496	 1.3722345	 1.3834142	 1.3679140	 1.3887581	-0.1216995	-0.1234729	-0.1193494	-0.1249451	-0.1183672	 0.0144884	 0.0144497	 0.0164710	 0.0128640	 0.0172395	86.6054360	86.0775180	86.6556320	85.8600900	87.0204000
20100	 1.0000000	 1.0000000	 1.0000000	 1.0000000	 1.0000000	 1.0000000	 1.0000000	 1.0000000	 1.0000000	 1.0000000	 1.0000000	 1.0000000	 1.0000000	 1.0000000	 1.0000000	 1.0000000	 1.0000000	 1.0000000	 1.0000000	 1.0000000	 1.0000000	 1.0000000	 1.0000000	 1.0000000	 1.0000000	 0.0000000	 0.0000000	 0.0000000	 0.0000000	 0.0000000
20129	 3.5705067	 3.5070639	 3.6451788	 3.4679001	 3.6817352	 1.1587219	 1.1513150	 1.1588682	 1.1504175	 1.1624437	 3.0814227	 3.0417969	 3.1534855	 3.0072446	 3.1873293	-0.0761209	-0.0855656	-0.0730483	-0.0896594	-0.0714682	-0.2582628	-0.2613741	-0.2576431	-0.2627361	-0.2553490	-53.2112360	-54.1396680	-52.8995090	-54.5239500	-52.6961850
20141	 1.0000000	 1.0000000	 1.0000000	 1.0000000	 1.0000000	 1.0000000	 1.0000000	 1.0000000	 1.0000000	 1.0000000	 1.0000000	 1.0000000	 1.0000000	 1.0000000	 1.0000000	 1.0000000	 1.0000000	 1.0000000	 1.0000000	 1.0000000	 1.0000000	 1.0000000	 1.0000000	 1.0000000	 1.0000000	 0.0000000	 0.0000000	 0.0000000	 0.0000000	 0.0000000
20179	 1.0000000	 1.0000000	 1.0000000	 1.0000000	 1.0000000	 1.0000000	 1.0000000	 1.0000000	 1.0000000	 1.0000000	 1.0000000	 1.0000000	 1.0000000	 1.0000000	 1.0000000	 1.0000000	 1.0000000	 1.0000000	 1.0000000	 1.0000000	 1.0000000	 1.0000000	 1.0000000	 1.0000000	 1.0000000	 0.0000000	 0.0000000	 0.0000000	 0.0000000	 0.0000000
20300	 1.0000000	 1.0000000	 1.0000000	 1.0000000	 1.0000000	 1.0000000	 1.0000000	 1.0000000	 1.0000000	 1.0000000	 1.0000000	 1.0000000	 1.0000000	 1.0000000	 1.0000000	 1.0000000	 1.0000000	 1.0000000	 1.0000000	 1.0000000	 1.0000000	 1.0000000	 1.0000000	 1.0000000	 1.0000000	 0.0000000	 0.0000000	 0.0000000	 0.0000000	 0.0000000
20466	 1.3489872	 1.3383951	 1.3521372	 1.3349174	 1.3562943	 1.0132572	 1.0095702	 1.0138849	 1.0081464	 1.0151735	 1.3313375	 1.3237417	 1.3344495	 1.3193815	 1.3400401	-0.1176952	-0.1197128	-0.1156364	-0.1210197	-0.1143031	 0.0068773	 0.0058857	 0.0084807	 0.0053490	 0.0089209	88.3279230	87.9056770	88.5652890	87.7789450	88.7256150
20513	 3.2608624	 3.1951415	 3.3148463	 3.1733060	 3.3504073	 1.1891843	 1.1852862	 1.1966561	 1.1806580	 1.2011006	 2.7420998	 2.6955100	 2.7710283	 2.6851815	 2.7918458	-0.0640023	-0.0693724	-0.0614150	-0.0716824	-0.0593625	-0.2293515	-0.2290158	-0.2258386	-0.2304916	-0.2241692	-52.7960800	-53.5366000	-52.5273870	-53.8580800	-52.2294760
20544	 1.0000000	 1.0000000	 1.0000000	 1.0000000	 1.0000000	 1.0000000	 1.0000000	 1.0000000	 1.0000000	 1.0000000	 1.0000000	 1.0000000	 1.0000000	 1.0000000	 1.0000000	 1.0000000	 1.0000000	 1.0000000	 1.0000000	 1.0000000	 1.0000000	 1.0000000	 1.0000000	 1.0000000	 1.0000000	 0.0000000	 0.0000000	 0.0000000	 0.0000000	 0.0000000
20574	 1.0000000	 1.0000000	 1.0000000	 1.0000000	 1.0000000	 1.0000000	 1.0000000	 1.0000000	 1.0000000	 1.0000000	 1.0000000	 1.0000000	 1.0000000	 1.0000000	 1.0000000	 1.0000000	 1.0000000	 1.0000000	 1.0000000	 1.0000000	 1.0000000	 1.0000000	 1.0000000	 1.0000000	 1.0000000	 0.0000000	 0.0000000	 0.0000000	 0.0000000	 0.0000000
20616	 1.6794806	 1.6634915	 1.6825481	 1.6515327	 1.6939662	 1.1495509	 1.1469655	 1.1506259	 1.1447099	 1.1520865	 1.4609885	 1.4495604	 1.4634479	 1.4433257	 1.4703449	-0.0815625	-0.0829990	-0.0782489	-0.0852220	-0.0766625	 0.0440939	 0.0427387	 0.0459453	 0.0414178	 0.0469593	75.8018250	74.8011540	76.2638570	74.3881910	76.9213530
20826	 1.0000000	 1.0000000	 1.0000000	 1.0000000	 1.0000000	 1.0000000	 1.0000000	 1.0000000	 1.0000000	 1.0000000	 1.0000000	 1.0000000	 1.0000000	 1.0000000	 1.0000000	 1.0000000	 1.0000000	 1.0000000	 1.0000000	 1.0000000	 1.0000000	 1.0000000	 1.0000000	 1.0000000	 1.0000000	 0.0000000	 0.0000000	 0.0000000	 0.0000000	 0.0000000
20879	 4.4843757	 4.3189722	 4.5362639	 4.1714521	 4.5984895	 1.2525138	 1.2373538	 1.2537200	 1.2269248	 1.2604105	 3.5802960	 3.4910205	 3.6150654	 3.3999208	 3.6603143	 0.1950945	 0.1930146	 0.1995945	 0.1900074	 0.2010778	-0.1711759	-0.1746968	-0.1682145	-0.1760503	-0.1655960	-20.6318620	-21.0716830	-20.0805530	-21.3293470	-19.7398430
20972	 1.4119611	 1.4003889	 1.4150376	 1.3955800	 1.4206225	 1.0313660	 1.0280200	 1.0321254	 1.0265504	 1.0335466	 1.3690204	 1.3593049	 1.3732500	 1.3559735	 1.3774139	-0.1179693	-0.1204505	-0.1152945	-0.1215545	-0.1140503	 0.0194952	 0.0185007	 0.0213118	 0.0178443	 0.0219608	85.3081460	84.7477650	85.6216160	84.6234470	85.8286460
21111	 4.3299305	 4.1911596	 4.3355033	 4.1367547	 4.4260972	 1.2017242	 1.1910226	 1.2008007	 1.1868933	 1.2069645	 3.6031050	 3.5163759	 3.6128909	 3.4838266	 3.6758655	 0.1396817	 0.1357997	 0.1444409	 0.1333227	 0.1472344	-0.2395498	-0.2423501	-0.2376144	-0.2433431	-0.2362444	-29.8767450	-30.3652240	-29.3870650	-30.6129290	-29.0420100
21129	 1.3681532	 1.3585049	 1.3690677	 1.3536333	 1.3768349	 1.0280402	 1.0249118	 1.0287945	 1.0230086	 1.0294610	 1.3308363	 1.3226831	 1.3327636	 1.3190743	 1.3381531	-0.1091424	-0.1110459	-0.1070933	-0.1118609	-0.1058255	 0.0182561	 0.0180644	 0.0197139	 0.0168334	 0.0203231	85.2520580	84.7773690	85.3408930	84.5879430	85.6909970
21164	 4.0332163	 3.9249928	 4.1361674	 3.8729193	 4.2274705	 1.1685571	 1.1625283	 1.1711150	 1.1579853	 1.1757121	 3.4514392	 3.3687280	 3.5366191	 3.3445217	 3.5994847	-0.0618460	-0.0655320	-0.0584432	-0.0671589	-0.0574397	-0.2761708	-0.2789394	-0.2753113	-0.2809770	-0.2732143	-51.3113100	-51.6689390	-50.9807690	-51.7882930	-50.8661650
21527	 4.1468616	 4.0319762	 4.2477257	 3.9679514	 4.3326373	 1.1485448	 1.1398645	 1.1492032	 1.1366087	 1.1512948	 3.6105300	 3.5393586	 3.7140231	 3.4836580	 3.7664612	-0.0567364	-0.0587674	-0.0530581	-0.0603167	-0.0512867	-0.2913772	-0.2965265	-0.2911991	-0.2991264	-0.2891775	-50.5093210	-50.6568580	-50.1282930	-50.7545040	-49.9890980
21610	 1.0000000	 1.0000000	 1.0000000	 1.0000000	 1.0000000	 1.0000000	 1.0000000	 1.0000000	 1.0000000	 1.0000000	 1.0000000	 1.0000000	 1.0000000	 1.0000000	 1.0000000	 1.0000000	 1.0000000	 1.0000000	 1.0000000	 1.0000000	 1.0000000	 1.0000000	 1.0000000	 1.0000000	 1.0000000	 0.0000000	 0.0000000	 0.0000000	 0.0000000	 0.0000000
21651	 2.8387775	 2.7928139	 2.8664325	 2.7560164	 2.8967818	 1.1694608	 1.1636378	 1.1738541	 1.1604520	 1.1770350	 2.4274244	 2.3961074	 2.4428652	 2.3736657	 2.4597930	-0.0273071	-0.0290041	-0.0242417	-0.0303614	-0.0225785	-0.2198787	-0.2208293	-0.2182944	-0.2218151	-0.2171609	-48.5397020	-48.7576870	-48.1568370	-48.9120830	-47.9478340
21749	 1.0000000	 1.0000000	 1.0000000	 1.0000000	 1.0000000	 1.0000000	 1.0000000	 1.0000000	 1.0000000	 1.0000000	 1.0000000	 1.0000000	 1.0000000	 1.0000000	 1.0000000	 1.0000000	 1.0000000	 1.0000000	 1.0000000	 1.0000000	 1.0000000	 1.0000000	 1.0000000	 1.0000000	 1.0000000	 0.0000000	 0.0000000	 0.0000000	 0.0000000	 0.0000000
21834	 1.9492905	 1.9145188	 1.9535532	 1.9002893	 1.9617300	 1.2532255	 1.2411956	 1.2533001	 1.2354846	 1.2561766	 1.5554190	 1.5426651	 1.5615202	 1.5353097	 1.5688322	-0.0185478	-0.0218980	-0.0160648	-0.0236744	-0.0137505	 0.0752619	 0.0750462	 0.0781219	 0.0729766	 0.0792611	51.9221340	50.8589560	53.0129970	50.0901970	53.5098630
21858	 1.8743456	 1.8494668	 1.8928041	 1.8389053	 1.9037201	 1.1622367	 1.1510937	 1.1604835	 1.1485341	 1.1646248	 1.6127050	 1.6043540	 1.6387477	 1.5945483	 1.6475694	-0.0626425	-0.0666119	-0.0599987	-0.0678157	-0.0579050	 0.1025475	 0.1042925	 0.1096804	 0.1008363	 0.1121159	60.7096100	59.7103520	61.0395890	59.4475690	61.2673620
21954	 2.2088196	 2.1592233	 2.2098810	 2.1322515	 2.2546882	 1.4537499	 1.4274261	 1.4582364	 1.4187130	 1.4674209	 1.5193945	 1.4887429	 1.5359417	 1.4770587	 1.5531500	 0.0086974	 0.0062906	 0.0090286	 0.0048924	 0.0104468	-0.0120484	-0.0226342	-0.0034794	-0.0260493	-0.0013139	-27.0877910	-35.4234550	-12.5718220	-37.4128150	-5.4046337
22002	 1.0000000	 1.0000000	 1.0000000	 1.0000000	 1.0000000	 1.0000000	 1.0000000	 1.0000000	 1.0000000	 1.0000000	 1.0000000	 1.0000000	 1.0000000	 1.0000000	 1.0000000	 1.0000000	 1.0000000	 1.0000000	 1.0000000	 1.0000000	 1.0000000	 1.0000000	 1.0000000	 1.0000000	 1.0000000	 0.0000000	 0.0000000	 0.0000000	 0.0000000	 0.0000000
22028	 1.4792054	 1.4664314	 1.4816452	 1.4613194	 1.4855934	 1.0502071	 1.0448987	 1.0507557	 1.0430405	 1.0523398	 1.4084892	 1.3989633	 1.4134753	 1.3944204	 1.4176198	-0.1122819	-0.1148230	-0.1094463	-0.1162481	-0.1080998	 0.0453819	 0.0458797	 0.0482441	 0.0441213	 0.0491972	78.9962510	78.1811360	78.8889710	78.0612220	79.3457560
22043	 1.0000000	 1.0000000	 1.0000000	 1.0000000	 1.0000000	 1.0000000	 1.0000000	 1.0000000	 1.0000000	 1.0000000	 1.0000000	 1.0000000	 1.0000000	 1.0000000	 1.0000000	 1.0000000	 1.0000000	 1.0000000	 1.0000000	 1.0000000	 1.0000000	 1.0000000	 1.0000000	 1.0000000	 1.0000000	 0.0000000	 0.0000000	 0.0000000	 0.0000000	 0.0000000
22084	 1.3719139	 1.3610263	 1.3740060	 1.3572785	 1.3782444	 1.0292072	 1.0263610	 1.0296637	 1.0247789	 1.0308575	 1.3329812	 1.3236974	 1.3356655	 1.3201447	 1.3390059	-0.1084080	-0.1104337	-0.1060742	-0.1117092	-0.1042935	 0.0224675	 0.0216183	 0.0238239	 0.0209676	 0.0244211	84.1456310	83.7032090	84.4713360	83.5037820	84.6711650
22179	 2.7086024	 2.6226507	 2.7119566	 2.5948992	 2.7509673	 1.6402996	 1.5936593	 1.6270862	 1.5830288	 1.6442486	 1.6512852	 1.6425284	 1.6732215	 1.6279750	 1.7009347	 0.0018662	-0.0013080	 0.0039452	-0.0031877	 0.0067171	 0.0007934	-0.0106464	 0.0105166	-0.0179080	 0.0127559	11.5161450	-37.8249690	48.7582740	-51.0131510	56.6370770
22223	 4.3432222	 4.2100646	 4.4000197	 4.1416142	 4.5446199	 1.1722222	 1.1627612	 1.1702246	 1.1592783	 1.1729800	 3.7051213	 3.6160020	 3.7602936	 3.5669955	 3.8703261	-0.0528052	-0.0532601	-0.0488281	-0.0548512	-0.0469621	-0.2867708	-0.2909029	-0.2865640	-0.2935446	-0.2848209	-50.2167090	-50.2433740	-49.8057050	-50.3338180	-49.6384900
22297	 3.5817127	 3.4628941	 3.5834444	 3.3998491	 3.6306651	 1.2348161	 1.2224107	 1.2338034	 1.2149446	 1.2390361	 2.9006088	 2.8305170	 2.9087849	 2.7983618	 2.9334463	 0.1599839	 0.1572709	 0.1635214	 0.1554554	 0.1654159	-0.1687616	-0.1723116	-0.1663750	-0.1730978	-0.1638138	-23.2647410	-23.8120620	-22.7599210	-23.9592080	-22.4298070
22335	 1.3021491	 1.2944820	 1.3035213	 1.2916347	 1.3070771	 1.0142515	 1.0114643	 1.0150250	 1.0100359	 1.0156942	 1.2838522	 1.2770065	 1.2854951	 1.2753206	 1.2901187	-0.1027278	-0.1043881	-0.1010049	-0.1059356	-0.0996408	 0.0127941	 0.0118376	 0.0138449	 0.0110343	 0.0144390	86.4503510	86.0928660	86.7391180	85.9377350	87.0310500
22346	 1.3667705	 1.3551344	 1.3683932	 1.3512897	 1.3745172	 1.0310544	 1.0279995	 1.0317070	 1.0271212	 1.0325877	 1.3256046	 1.3164109	 1.3286632	 1.3122116	 1.3331122	-0.1049625	-0.1070152	-0.1023249	-0.1081283	-0.1007402	 0.0243683	 0.0235639	 0.0259417	 0.0230164	 0.0267464	83.4648330	82.8850820	83.7908390	82.6868300	83.9792810
22431	 3.4341353	 3.3007066	 3.4118598	 3.2522666	 3.5092802	 1.6077742	 1.5529744	 1.6310327	 1.5365295	 1.6446434	 2.1359562	 2.0787323	 2.1387158	 2.0540226	 2.1600395	 0.0245676	 0.0157223	 0.0270186	 0.0116798	 0.0308051	-0.0728719	-0.0855392	-0.0616243	-0.0903407	-0.0569843	-35.6846270	-39.9260090	-32.9145220	-41.0800730	-31.5513020
22491	 1.0000000	 1.0000000	 1.0000000	 1.0000000	 1.0000000	 1.0000000	 1.0000000	 1.0000000	 1.0000000	 1.0000000	 1.0000000	 1.0000000	 1.0000000	 1.0000000	 1.0000000	 1.0000000	 1.0000000	 1.0000000	 1.0000000	 1.0000000	 1.0000000	 1.0000000	 1.0000000	 1.0000000	 1.0000000	 0.0000000	 0.0000000	 0.0000000	 0.0000000	 0.0000000
22587	 2.5391866	 2.4877497	 2.5349151	 2.4570945	 2.5611275	 1.1513222	 1.1385278	 1.1480564	 1.1353274	 1.1533936	 2.2054528	 2.1768427	 2.2113544	 2.1636518	 2.2283824	 0.1321521	 0.1313364	 0.1358858	 0.1286397	 0.1374781	-0.1600693	-0.1637784	-0.1583699	-0.1654434	-0.1559573	-25.2285780	-25.5798560	-24.7030410	-25.8634140	-24.3725490
22638	 1.0000000	 1.0000000	 1.0000000	 1.0000000	 1.0000000	 1.0000000	 1.0000000	 1.0000000	 1.0000000	 1.0000000	 1.0000000	 1.0000000	 1.0000000	 1.0000000	 1.0000000	 1.0000000	 1.0000000	 1.0000000	 1.0000000	 1.0000000	 1.0000000	 1.0000000	 1.0000000	 1.0000000	 1.0000000	 0.0000000	 0.0000000	 0.0000000	 0.0000000	 0.0000000
22755	 1.8030910	 1.7873989	 1.8330413	 1.7736134	 1.8489180	 1.1449009	 1.1382254	 1.1439614	 1.1352041	 1.1467288	 1.5748866	 1.5672851	 1.6102133	 1.5564604	 1.6217130	-0.0889635	-0.0971366	-0.0875758	-0.0991350	-0.0850156	 0.0793895	 0.0796137	 0.0845019	 0.0780856	 0.0858616	69.1274100	68.5517270	69.6346550	68.2299030	69.9223720
22782	 1.0000000	 1.0000000	 1.0000000	 1.0000000	 1.0000000	 1.0000000	 1.0000000	 1.0000000	 1.0000000	 1.0000000	 1.0000000	 1.0000000	 1.0000000	 1.0000000	 1.0000000	 1.0000000	 1.0000000	 1.0000000	 1.0000000	 1.0000000	 1.0000000	 1.0000000	 1.0000000	 1.0000000	 1.0000000	 0.0000000	 0.0000000	 0.0000000	 0.0000000	 0.0000000
22861	 1.0000000	 1.0000000	 1.0000000	 1.0000000	 1.0000000	 1.0000000	 1.0000000	 1.0000000	 1.0000000	 1.0000000	 1.0000000	 1.0000000	 1.0000000	 1.0000000	 1.0000000	 1.0000000	 1.0000000	 1.0000000	 1.0000000	 1.0000000	 1.0000000	 1.0000000	 1.0000000	 1.0000000	 1.0000000	 0.0000000	 0.0000000	 0.0000000	 0.0000000	 0.0000000
22876	 1.3306266	 1.3199463	 1.3318021	 1.3174117	 1.3367435	 1.0201825	 1.0172781	 1.0204768	 1.0158626	 1.0215718	 1.3043025	 1.2959957	 1.3065397	 1.2927975	 1.3110229	-0.1048330	-0.1063937	-0.1025663	-0.1073061	-0.1016905	 0.0202019	 0.0192791	 0.0213822	 0.0185165	 0.0222027	84.5462440	84.0875510	84.8240280	83.8417690	85.0830030
22977	 3.5964807	 3.4990961	 3.6100582	 3.4223335	 3.6668989	 1.2459317	 1.2371043	 1.2466513	 1.2325427	 1.2504372	 2.8865752	 2.8303639	 2.8932798	 2.7738703	 2.9269474	 0.0564938	 0.0568060	 0.0623793	 0.0540459	 0.0650453	-0.2209835	-0.2211462	-0.2186983	-0.2224791	-0.2160915	-37.8298220	-37.7984080	-37.0252840	-38.1614820	-36.6737720
22991	 4.3066132	 4.1478259	 4.3685796	 4.0134443	 4.5395738	 1.2284970	 1.2144818	 1.2344718	 1.2055769	 1.2472654	 3.5054736	 3.4057275	 3.5465960	 3.3350594	 3.6485214	-0.0425490	-0.0478099	-0.0344111	-0.0497709	-0.0333157	-0.2609208	-0.2632427	-0.2592104	-0.2645501	-0.2570732	-49.6309170	-50.2043000	-48.7432820	-50.4297500	-48.6369230
23144	 1.0000000	 1.0000000	 1.0000000	 1.0000000	 1.0000000	 1.0000000	 1.0000000	 1.0000000	 1.0000000	 1.0000000	 1.0000000	 1.0000000	 1.0000000	 1.0000000	 1.0000000	 1.0000000	 1.0000000	 1.0000000	 1.0000000	 1.0000000	 1.0000000	 1.0000000	 1.0000000	 1.0000000	 1.0000000	 0.0000000	 0.0000000	 0.0000000	 0.0000000	 0.0000000
23168	 1.0000000	 1.0000000	 1.0000000	 1.0000000	 1.0000000	 1.0000000	 1.0000000	 1.0000000	 1.0000000	 1.0000000	 1.0000000	 1.0000000	 1.0000000	 1.0000000	 1.0000000	 1.0000000	 1.0000000	 1.0000000	 1.0000000	 1.0000000	 1.0000000	 1.0000000	 1.0000000	 1.0000000	 1.0000000	 0.0000000	 0.0000000	 0.0000000	 0.0000000	 0.0000000
23391	 3.3784904	 3.2339320	 3.3634213	 3.1812630	 3.4217663	 1.7041365	 1.6581177	 1.7042487	 1.6410866	 1.7129563	 1.9825234	 1.9229316	 2.0085827	 1.8919356	 2.0383156	-0.0192240	-0.0224572	-0.0171426	-0.0245755	-0.0144228	-0.0364399	-0.0478321	-0.0274365	-0.0526954	-0.0249661	-58.9070310	-63.9288320	-55.3886360	-67.9252120	-52.9342030
23417	 1.8788890	 1.8624190	 1.9047993	 1.8530757	 1.9174205	 1.1491148	 1.1422516	 1.1494406	 1.1397747	 1.1515806	 1.6350731	 1.6269828	 1.6631634	 1.6193827	 1.6769626	-0.0773745	-0.0804692	-0.0746779	-0.0829406	-0.0729816	 0.1036198	 0.1040691	 0.1106734	 0.1020390	 0.1136313	63.3746230	62.4422400	63.3855930	62.1187700	63.8310980
23456	 5.4734648	 5.1708053	 5.6123079	 4.9586581	 5.8235869	 1.7739283	 1.7000743	 1.8247875	 1.6532995	 1.8624350	 3.0855041	 2.9744408	 3.1167659	 2.9350745	 3.1427978	 0.0212620	 0.0134954	 0.0245349	 0.0108494	 0.0296160	-0.1179106	-0.1302710	-0.1059827	-0.1359214	-0.1015384	-39.8890500	-42.0534150	-38.6871080	-42.7410540	-37.3188150
23470	 3.2792458	 3.1039378	 3.2595858	 3.0555700	 3.3388922	 1.7199392	 1.6857960	 1.7120168	 1.6752994	 1.7278161	 1.9066057	 1.8379575	 1.9085009	 1.8230716	 1.9481182	-0.0208977	-0.0224113	-0.0171528	-0.0250115	-0.0151369	-0.0193225	-0.0258538	-0.0120570	-0.0318610	-0.0106420	-68.6214420	-75.0784220	-62.4330210	-78.1095480	-58.4887210
23541	 1.0000000	 1.0000000	 1.0000000	 1.0000000	 1.0000000	 1.0000000	 1.0000000	 1.0000000	 1.0000000	 1.0000000	 1.0000000	 1.0000000	 1.0000000	 1.0000000	 1.0000000	 1.0000000	 1.0000000	 1.0000000	 1.0000000	 1.0000000	 1.0000000	 1.0000000	 1.0000000	 1.0000000	 1.0000000	 0.0000000	 0.0000000	 0.0000000	 0.0000000	 0.0000000
23573	 1.5098734	 1.4956204	 1.5124753	 1.4903514	 1.5204861	 1.0760156	 1.0703647	 1.0757921	 1.0678723	 1.0781262	 1.4032078	 1.3936307	 1.4084535	 1.3893519	 1.4147959	-0.0891607	-0.0916862	-0.0862870	-0.0931342	-0.0851826	 0.0615652	 0.0616422	 0.0647591	 0.0600203	 0.0657892	72.6875210	71.8881910	73.0700780	71.6399840	73.2519510
23604	 1.8716421	 1.8475975	 1.8766444	 1.8281273	 1.8871289	 1.2576740	 1.2510469	 1.2590855	 1.2468724	 1.2622904	 1.4881775	 1.4742022	 1.4915001	 1.4656715	 1.4967881	-0.0336748	-0.0364633	-0.0305643	-0.0383079	-0.0290457	 0.0515543	 0.0499266	 0.0523035	 0.0487499	 0.0534714	61.5761150	60.1069360	63.1317010	59.4358930	63.6612690
23608	 3.3435942	 3.1626077	 3.3570439	 3.1016372	 3.4373590	 1.7617104	 1.7188500	 1.7661818	 1.7039658	 1.7777364	 1.8979250	 1.8415294	 1.9057510	 1.8128129	 1.9335595	-0.0199513	-0.0219977	-0.0153459	-0.0257208	-0.0116531	-0.0041061	-0.0130287	 0.0029523	-0.0160342	 0.0052306	-84.1852980	-81.3678890	86.7533980	-89.9285980	88.9349590
23619	 1.8452780	 1.8227271	 1.8497403	 1.8091691	 1.8566704	 1.2342356	 1.2294547	 1.2359911	 1.2258418	 1.2375413	 1.4950776	 1.4815931	 1.4970142	 1.4741732	 1.5043528	-0.0488215	-0.0510280	-0.0457037	-0.0525231	-0.0438170	 0.0511065	 0.0491928	 0.0521529	 0.0480134	 0.0531236	66.8450160	65.8160770	67.9094350	64.9015180	68.6048430
23775	 1.9590272	 1.9216946	 1.9601265	 1.9040302	 1.9731573	 1.2937237	 1.2777245	 1.2952189	 1.2723111	 1.3010563	 1.5142548	 1.5042171	 1.5167707	 1.4956088	 1.5202598	 0.0253849	 0.0233509	 0.0287034	 0.0216591	 0.0297846	 0.0502365	 0.0497953	 0.0526525	 0.0474352	 0.0539328	31.5960660	30.4570410	32.5250760	29.8214660	33.5176440
23821	 3.3364007	 3.2501207	 3.3540529	 3.2127232	 3.3964361	 1.2473746	 1.2372921	 1.2470746	 1.2331743	 1.2507553	 2.6747307	 2.6262300	 2.6897801	 2.6002263	 2.7184541	 0.0622763	 0.0630336	 0.0676017	 0.0599886	 0.0695580	-0.2046410	-0.2057706	-0.2029015	-0.2068630	-0.2015383	-36.5369790	-36.4689320	-35.7939050	-36.8569970	-35.5847000
23889	 2.7517380	 2.7004091	 2.7592130	 2.6708484	 2.7960106	 1.2271210	 1.2194629	 1.2275026	 1.2151076	 1.2325568	 2.2424342	 2.2119579	 2.2507956	 2.1969115	 2.2662703	 0.0370107	 0.0376089	 0.0418905	 0.0363037	 0.0440639	-0.1807352	-0.1813301	-0.1788561	-0.1825863	-0.1780588	-39.2135250	-39.1658050	-38.4181240	-39.3146720	-38.0473190
23890	 2.7316507	 2.6766493	 2.7414377	 2.6384519	 2.7712611	 1.2172897	 1.2100653	 1.2180409	 1.2065514	 1.2220121	 2.2440420	 2.2109982	 2.2506930	 2.1898740	 2.2697510	-0.0004252	 0.0001911	 0.0036984	-0.0022135	 0.0064098	-0.1879359	-0.1886728	-0.1866839	-0.1901900	-0.1855707	-45.0648130	-44.9709100	-44.4384500	-45.3341010	-44.0153610
23910	 3.1681439	 2.9980300	 3.1651643	 2.9615230	 3.2116095	 1.6825971	 1.6520691	 1.6747875	 1.6426647	 1.6867371	 1.8828893	 1.8135896	 1.8903281	 1.8049035	 1.9167125	-0.0237005	-0.0250910	-0.0195716	-0.0270347	-0.0162098	-0.0209165	-0.0284559	-0.0137104	-0.0319902	-0.0117313	-69.2852700	-75.0446040	-62.6844680	-78.0254270	-58.9057590
23920	 3.4221338	 3.3301290	 3.4297083	 3.2781512	 3.4766517	 1.2787144	 1.2703312	 1.2794192	 1.2656416	 1.2824500	 2.6762288	 2.6179588	 2.6790940	 2.5907926	 2.7159718	 0.0153656	 0.0159251	 0.0216300	 0.0135902	 0.0231425	-0.2036087	-0.2042275	-0.2013558	-0.2060273	-0.2001625	-42.8421360	-42.7590070	-41.9477320	-43.0960630	-41.7252330
23955	 3.0416604	 2.9727068	 3.0443920	 2.9351823	 3.0726121	 1.2130721	 1.2024142	 1.2115546	 1.1978634	 1.2145036	 2.5074029	 2.4697295	 2.5117157	 2.4394161	 2.5290625	 0.1139718	 0.1130758	 0.1178903	 0.1094176	 0.1194616	-0.1796671	-0.1823800	-0.1779055	-0.1839514	-0.1760009	-28.8055040	-29.0699000	-28.2704520	-29.4848720	-27.9924280
24012	 2.0323463	 1.9924924	 2.0360692	 1.9756690	 2.0489847	 1.3145146	 1.2980666	 1.3162419	 1.2927647	 1.3223925	 1.5460812	 1.5346430	 1.5498494	 1.5276236	 1.5533270	 0.0237217	 0.0206078	 0.0265994	 0.0197709	 0.0281517	 0.0517967	 0.0517548	 0.0546077	 0.0504583	 0.0562115	32.6966530	31.6724130	34.1888100	30.7390690	34.7944460
24131	 4.3958994	 4.1231236	 4.3532519	 4.0596133	 4.4383398	 1.7456580	 1.7029126	 1.7420989	 1.6877007	 1.7656320	 2.5181909	 2.4090046	 2.5271882	 2.3793484	 2.5695916	-0.0533963	-0.0548442	-0.0502203	-0.0593076	-0.0484291	-0.0697848	-0.0789205	-0.0625933	-0.0834934	-0.0601795	-63.7108230	-65.4940640	-61.6081500	-66.7365230	-60.0926570
24186	 1.0000000	 1.0000000	 1.0000000	 1.0000000	 1.0000000	 1.0000000	 1.0000000	 1.0000000	 1.0000000	 1.0000000	 1.0000000	 1.0000000	 1.0000000	 1.0000000	 1.0000000	 1.0000000	 1.0000000	 1.0000000	 1.0000000	 1.0000000	 1.0000000	 1.0000000	 1.0000000	 1.0000000	 1.0000000	 0.0000000	 0.0000000	 0.0000000	 0.0000000	 0.0000000
24219	 1.5332936	 1.5213725	 1.5350550	 1.5152456	 1.5437837	 1.0920706	 1.0875456	 1.0922336	 1.0852851	 1.0936546	 1.4040242	 1.3972920	 1.4090043	 1.3905271	 1.4135067	-0.0781489	-0.0801875	-0.0758109	-0.0815878	-0.0741677	 0.0651234	 0.0650390	 0.0673063	 0.0634594	 0.0690140	70.0973610	69.2867560	70.1987010	69.0085090	70.7194950
24278	 3.5464206	 3.4485878	 3.5649524	 3.4045094	 3.6088124	 1.2341901	 1.2243439	 1.2340984	 1.2192298	 1.2377169	 2.8734785	 2.8115675	 2.8886107	 2.7799737	 2.9308357	-0.0704111	-0.0692391	-0.0660808	-0.0706108	-0.0640784	-0.2201322	-0.2228272	-0.2194617	-0.2246712	-0.2178996	-53.8686530	-53.6793560	-53.3429690	-53.7963450	-53.0963680
24531	 2.0253316	 1.9987777	 2.0282456	 1.9782931	 2.0499230	 1.2942522	 1.2793259	 1.2955041	 1.2759964	 1.3021622	 1.5648668	 1.5568576	 1.5718192	 1.5494197	 1.5792284	 0.0226764	 0.0218016	 0.0269660	 0.0192238	 0.0282586	 0.0628412	 0.0622643	 0.0660822	 0.0603134	 0.0675613	35.0789600	33.7013590	35.4298420	33.0633800	36.2383260
24687	 1.0000000	 1.0000000	 1.0000000	 1.0000000	 1.0000000	 1.0000000	 1.0000000	 1.0000000	 1.0000000	 1.0000000	 1.0000000	 1.0000000	 1.0000000	 1.0000000	 1.0000000	 1.0000000	 1.0000000	 1.0000000	 1.0000000	 1.0000000	 1.0000000	 1.0000000	 1.0000000	 1.0000000	 1.0000000	 0.0000000	 0.0000000	 0.0000000	 0.0000000	 0.0000000
24714	 1.4323106	 1.4208772	 1.4346921	 1.4164571	 1.4395415	 1.0476838	 1.0443502	 1.0478130	 1.0433545	 1.0492871	 1.3671212	 1.3582646	 1.3704261	 1.3540626	 1.3747106	-0.0991668	-0.1000434	-0.0963825	-0.1012576	-0.0950590	 0.0509971	 0.0513269	 0.0534999	 0.0504684	 0.0547489	76.3926280	75.6199200	76.3512890	75.4648650	76.7438300
24808	 1.3397819	 1.3290367	 1.3417726	 1.3271517	 1.3463005	 1.0190013	 1.0155144	 1.0200875	 1.0142726	 1.0208599	 1.3147991	 1.3059921	 1.3169060	 1.3016676	 1.3220617	-0.1077812	-0.1098580	-0.1050777	-0.1109460	-0.1034691	 0.0238585	 0.0226610	 0.0249239	 0.0220133	 0.0253429	83.7591320	83.3633050	84.1211850	83.1849840	84.3394950
24817	 1.5111084	 1.4971691	 1.5126690	 1.4908782	 1.5172292	 1.0687356	 1.0646614	 1.0687725	 1.0609854	 1.0701672	 1.4139216	 1.4034635	 1.4179412	 1.4001288	 1.4240017	-0.0951144	-0.0974524	-0.0926108	-0.0988828	-0.0907486	 0.0632343	 0.0631551	 0.0656578	 0.0624451	 0.0669994	73.1915430	72.4851180	73.3220620	72.2427790	73.6356160
24922	 1.0000000	 1.0000000	 1.0000000	 1.0000000	 1.0000000	 1.0000000	 1.0000000	 1.0000000	 1.0000000	 1.0000000	 1.0000000	 1.0000000	 1.0000000	 1.0000000	 1.0000000	 1.0000000	 1.0000000	 1.0000000	 1.0000000	 1.0000000	 1.0000000	 1.0000000	 1.0000000	 1.0000000	 1.0000000	 0.0000000	 0.0000000	 0.0000000	 0.0000000	 0.0000000
24924	 1.0000000	 1.0000000	 1.0000000	 1.0000000	 1.0000000	 1.0000000	 1.0000000	 1.0000000	 1.0000000	 1.0000000	 1.0000000	 1.0000000	 1.0000000	 1.0000000	 1.0000000	 1.0000000	 1.0000000	 1.0000000	 1.0000000	 1.0000000	 1.0000000	 1.0000000	 1.0000000	 1.0000000	 1.0000000	 0.0000000	 0.0000000	 0.0000000	 0.0000000	 0.0000000
24989	 1.0000000	 1.0000000	 1.0000000	 1.0000000	 1.0000000	 1.0000000	 1.0000000	 1.0000000	 1.0000000	 1.0000000	 1.0000000	 1.0000000	 1.0000000	 1.0000000	 1.0000000	 1.0000000	 1.0000000	 1.0000000	 1.0000000	 1.0000000	 1.0000000	 1.0000000	 1.0000000	 1.0000000	 1.0000000	 0.0000000	 0.0000000	 0.0000000	 0.0000000	 0.0000000
24996	 1.7593104	 1.7384977	 1.7645040	 1.7316039	 1.7745036	 1.2157526	 1.2111986	 1.2166483	 1.2088116	 1.2189751	 1.4470957	 1.4346961	 1.4505845	 1.4309369	 1.4571217	-0.0447988	-0.0478714	-0.0419068	-0.0488962	-0.0399908	 0.0481238	 0.0461614	 0.0488034	 0.0446967	 0.0500259	66.4753460	65.2369930	67.9000190	64.6977180	68.4393470
25028	 4.3351354	 3.9804669	 4.4172360	 3.9232360	 4.5260643	 1.8217918	 1.7845760	 1.8294893	 1.7696035	 1.8460350	 2.3796001	 2.2346474	 2.4152368	 2.2077679	 2.4726076	-0.0483350	-0.0489261	-0.0417374	-0.0527749	-0.0362515	-0.0424596	-0.0479221	-0.0380525	-0.0507029	-0.0355956	-69.3512320	-69.9102920	-66.3774720	-71.4975350	-64.6066820
25100	 1.0000000	 1.0000000	 1.0000000	 1.0000000	 1.0000000	 1.0000000	 1.0000000	 1.0000000	 1.0000000	 1.0000000	 1.0000000	 1.0000000	 1.0000000	 1.0000000	 1.0000000	 1.0000000	 1.0000000	 1.0000000	 1.0000000	 1.0000000	 1.0000000	 1.0000000	 1.0000000	 1.0000000	 1.0000000	 0.0000000	 0.0000000	 0.0000000	 0.0000000	 0.0000000
25147	 1.6649260	 1.6505752	 1.6715002	 1.6406477	 1.6838201	 1.1751115	 1.1706921	 1.1764224	 1.1680894	 1.1791191	 1.4168239	 1.4095457	 1.4212576	 1.4023163	 1.4292183	-0.0295680	-0.0289445	-0.0249829	-0.0304943	-0.0233185	 0.0662946	 0.0658753	 0.0691206	 0.0640247	 0.0702049	57.0186500	55.0783030	56.6699920	54.3734260	57.6350730
25149	 1.7589405	 1.7410037	 1.7730262	 1.7298728	 1.7832434	 1.1704194	 1.1665270	 1.1715254	 1.1636946	 1.1732948	 1.5028304	 1.4924807	 1.5147450	 1.4833335	 1.5228762	-0.0644116	-0.0670302	-0.0615993	-0.0685526	-0.0601746	 0.0691363	 0.0688169	 0.0716439	 0.0675982	 0.0725747	66.4869180	65.4883170	66.9489720	65.1808010	67.3441700
25197	 1.5125417	 1.5032587	 1.5194253	 1.4980770	 1.5233301	 1.1059388	 1.1027219	 1.1052389	 1.1008613	 1.1061856	 1.3676548	 1.3630384	 1.3759420	 1.3589889	 1.3793452	 0.0203102	 0.0202767	 0.0225265	 0.0187632	 0.0234377	-0.0840975	-0.0867705	-0.0836052	-0.0881456	-0.0829224	-38.2113040	-38.2930580	-37.5474240	-38.8437130	-37.1885590
25447	 3.5111650	 3.4071265	 3.5343146	 3.3517466	 3.6032807	 1.3192276	 1.3076329	 1.3183027	 1.3014883	 1.3265816	 2.6615313	 2.5994754	 2.6859302	 2.5720484	 2.7261383	-0.0685765	-0.0705199	-0.0660996	-0.0734334	-0.0633882	-0.1784230	-0.1821586	-0.1765439	-0.1836225	-0.1745517	-55.5120800	-55.6797470	-55.1808110	-55.9430020	-54.9265700
25558	 5.6489058	 5.1687103	 5.7111290	 5.0543381	 5.8345134	 1.6934477	 1.6503392	 1.6940138	 1.6360642	 1.7108880	 3.3357451	 3.1319100	 3.3572160	 3.0852419	 3.4293048	-0.0922440	-0.0915437	-0.0852595	-0.0964342	-0.0825810	-0.1123466	-0.1176417	-0.1111513	-0.1205038	-0.1067729	-64.6941370	-64.6908740	-63.0360710	-65.8537580	-62.4284170
25614	 1.7243885	 1.7090354	 1.7269599	 1.6982070	 1.7359114	 1.2072238	 1.2035018	 1.2093489	 1.2019012	 1.2116678	 1.4283914	 1.4176954	 1.4288075	 1.4116905	 1.4333963	-0.0323582	-0.0319891	-0.0280832	-0.0340946	-0.0271112	 0.0553671	 0.0542426	 0.0565591	 0.0530638	 0.0573780	60.1516360	58.3466220	60.1169130	57.9573690	61.1682170
25774	 3.6632786	 3.4173246	 3.7242230	 3.3633820	 3.7885599	 1.6307257	 1.6005912	 1.6367325	 1.5929742	 1.6464703	 2.2464104	 2.1341127	 2.2745946	 2.1134868	 2.3040129	-0.0552204	-0.0546981	-0.0481538	-0.0561135	-0.0436129	-0.0633445	-0.0678393	-0.0607237	-0.0699569	-0.0577714	-65.5401180	-65.2357950	-63.2729390	-66.7227930	-62.0818860
25786	 1.0000000	 1.0000000	 1.0000000	 1.0000000	 1.0000000	 1.0000000	 1.0000000	 1.0000000	 1.0000000	 1.0000000	 1.0000000	 1.0000000	 1.0000000	 1.0000000	 1.0000000	 1.0000000	 1.0000000	 1.0000000	 1.0000000	 1.0000000	 1.0000000	 1.0000000	 1.0000000	 1.0000000	 1.0000000	 0.0000000	 0.0000000	 0.0000000	 0.0000000	 0.0000000
25931	 3.6230343	 3.5441902	 3.7011577	 3.4969490	 3.7728317	 1.2807303	 1.2697025	 1.2794696	 1.2655608	 1.2866338	 2.8288009	 2.7929651	 2.8975000	 2.7585981	 2.9438515	 0.0389878	 0.0388623	 0.0430419	 0.0364184	 0.0457657	-0.2100614	-0.2161953	-0.2095082	-0.2175913	-0.2078327	-39.7427160	-39.9360480	-39.2068010	-40.1823890	-38.8199910
26184	 1.0000000	 1.0000000	 1.0000000	 1.0000000	 1.0000000	 1.0000000	 1.0000000	 1.0000000	 1.0000000	 1.0000000	 1.0000000	 1.0000000	 1.0000000	 1.0000000	 1.0000000	 1.0000000	 1.0000000	 1.0000000	 1.0000000	 1.0000000	 1.0000000	 1.0000000	 1.0000000	 1.0000000	 1.0000000	 0.0000000	 0.0000000	 0.0000000	 0.0000000	 0.0000000
26185	 4.0703132	 3.9648012	 4.1043043	 3.8924991	 4.2084857	 1.4016938	 1.3944071	 1.4096484	 1.3890651	 1.4222384	 2.9037814	 2.8357879	 2.9122811	 2.7900925	 2.9785849	-0.0748008	-0.0732939	-0.0692502	-0.0751854	-0.0678520	-0.1686808	-0.1700882	-0.1657965	-0.1720992	-0.1647544	-56.9573530	-56.8235210	-56.1695450	-57.0298030	-55.9117000
26311	 1.0000000	 1.0000000	 1.0000000	 1.0000000	 1.0000000	 1.0000000	 1.0000000	 1.0000000	 1.0000000	 1.0000000	 1.0000000	 1.0000000	 1.0000000	 1.0000000	 1.0000000	 1.0000000	 1.0000000	 1.0000000	 1.0000000	 1.0000000	 1.0000000	 1.0000000	 1.0000000	 1.0000000	 1.0000000	 0.0000000	 0.0000000	 0.0000000	 0.0000000	 0.0000000
26433	 1.0000000	 1.0000000	 1.0000000	 1.0000000	 1.0000000	 1.0000000	 1.0000000	 1.0000000	 1.0000000	 1.0000000	 1.0000000	 1.0000000	 1.0000000	 1.0000000	 1.0000000	 1.0000000	 1.0000000	 1.0000000	 1.0000000	 1.0000000	 1.0000000	 1.0000000	 1.0000000	 1.0000000	 1.0000000	 0.0000000	 0.0000000	 0.0000000	 0.0000000	 0.0000000
26502	 1.0000000	 1.0000000	 1.0000000	 1.0000000	 1.0000000	 1.0000000	 1.0000000	 1.0000000	 1.0000000	 1.0000000	 1.0000000	 1.0000000	 1.0000000	 1.0000000	 1.0000000	 1.0000000	 1.0000000	 1.0000000	 1.0000000	 1.0000000	 1.0000000	 1.0000000	 1.0000000	 1.0000000	 1.0000000	 0.0000000	 0.0000000	 0.0000000	 0.0000000	 0.0000000
26720	 1.4627153	 1.4485949	 1.4653199	 1.4424003	 1.4718490	 1.0659087	 1.0606913	 1.0661826	 1.0593396	 1.0676466	 1.3722707	 1.3610030	 1.3756224	 1.3572991	 1.3827807	-0.0833018	-0.0852692	-0.0802096	-0.0878061	-0.0785931	 0.0634655	 0.0631756	 0.0658593	 0.0621846	 0.0677116	71.3485880	70.6308590	71.5824880	70.3640090	71.9743100
26835	 4.3586926	 3.9996460	 4.5378484	 3.8328466	 4.7471738	 1.4468230	 1.3906995	 1.4695819	 1.3669128	 1.4950769	 3.0125954	 2.8660885	 3.0895912	 2.8013741	 3.1689657	-0.1578096	-0.1591352	-0.1546778	-0.1631167	-0.1531016	 0.0857768	 0.0840731	 0.1001321	 0.0811308	 0.1031299	75.7369460	73.6712850	75.8305280	73.1718810	76.2557050
26882	 1.7830602	 1.7610295	 1.7833585	 1.7452793	 1.7948254	 1.3014634	 1.2901232	 1.3060392	 1.2858947	 1.3127952	 1.3700425	 1.3606793	 1.3690342	 1.3572490	 1.3743311	 0.0161120	 0.0138526	 0.0185346	 0.0128992	 0.0199330	 0.0104987	 0.0076124	 0.0108958	 0.0066857	 0.0116900	16.5443280	13.4776810	16.5554990	12.7949820	17.7320240
27011	 1.6952451	 1.6767953	 1.6959970	 1.6651171	 1.7034724	 1.2078814	 1.2012426	 1.2066830	 1.1980065	 1.2111836	 1.4034864	 1.3945304	 1.4054923	 1.3898501	 1.4103152	-0.0263708	-0.0291564	-0.0234565	-0.0304846	-0.0218032	 0.0513126	 0.0508159	 0.0530537	 0.0492547	 0.0536571	58.5998720	57.1160030	59.7891050	56.4922640	60.1292920
27064	 1.0000000	 1.0000000	 1.0000000	 1.0000000	 1.0000000	 1.0000000	 1.0000000	 1.0000000	 1.0000000	 1.0000000	 1.0000000	 1.0000000	 1.0000000	 1.0000000	 1.0000000	 1.0000000	 1.0000000	 1.0000000	 1.0000000	 1.0000000	 1.0000000	 1.0000000	 1.0000000	 1.0000000	 1.0000000	 0.0000000	 0.0000000	 0.0000000	 0.0000000	 0.0000000
27148	 1.8889481	 1.8605190	 1.8895866	 1.8451515	 1.9031778	 1.3388172	 1.3252777	 1.3454972	 1.3212764	 1.3519254	 1.4109081	 1.4002818	 1.4111828	 1.3962704	 1.4143897	 0.0135913	 0.0109135	 0.0165667	 0.0098734	 0.0180835	 0.0133944	 0.0104303	 0.0138045	 0.0094270	 0.0149013	22.2910380	18.7853630	22.9191670	17.2157760	24.7904500
27266	 1.0000000	 1.0000000	 1.0000000	 1.0000000	 1.0000000	 1.0000000	 1.0000000	 1.0000000	 1.0000000	 1.0000000	 1.0000000	 1.0000000	 1.0000000	 1.0000000	 1.0000000	 1.0000000	 1.0000000	 1.0000000	 1.0000000	 1.0000000	 1.0000000	 1.0000000	 1.0000000	 1.0000000	 1.0000000	 0.0000000	 0.0000000	 0.0000000	 0.0000000	 0.0000000
27335	 1.4644124	 1.4511442	 1.4657037	 1.4447887	 1.4733340	 1.0564723	 1.0533120	 1.0565400	 1.0518021	 1.0581033	 1.3861343	 1.3756396	 1.3885603	 1.3714610	 1.3956638	-0.0941874	-0.0957401	-0.0910620	-0.0977618	-0.0901784	 0.0616277	 0.0616487	 0.0637063	 0.0603320	 0.0647634	73.4014450	72.6536980	73.5151090	72.3397140	73.9084990
27456	 1.0000000	 1.0000000	 1.0000000	 1.0000000	 1.0000000	 1.0000000	 1.0000000	 1.0000000	 1.0000000	 1.0000000	 1.0000000	 1.0000000	 1.0000000	 1.0000000	 1.0000000	 1.0000000	 1.0000000	 1.0000000	 1.0000000	 1.0000000	 1.0000000	 1.0000000	 1.0000000	 1.0000000	 1.0000000	 0.0000000	 0.0000000	 0.0000000	 0.0000000	 0.0000000
27506	 1.4878033	 1.4734879	 1.4876390	 1.4674285	 1.4944278	 1.0629562	 1.0583764	 1.0628992	 1.0571504	 1.0646375	 1.3996845	 1.3874334	 1.4015071	 1.3846068	 1.4073684	-0.0902672	-0.0914210	-0.0868384	-0.0931199	-0.0858869	 0.0682471	 0.0680099	 0.0705910	 0.0669282	 0.0716766	71.4543270	70.7204050	71.4243110	70.4844010	71.8962840
27621	 1.3486620	 1.3381234	 1.3485666	 1.3355471	 1.3523214	 1.0505817	 1.0463094	 1.0504694	 1.0450925	 1.0521093	 1.2837289	 1.2760565	 1.2859127	 1.2734242	 1.2892463	-0.0680713	-0.0696143	-0.0655767	-0.0711994	-0.0646977	 0.0532688	 0.0530833	 0.0555659	 0.0518167	 0.0568871	70.9776210	70.2402830	70.9999980	70.0593740	71.4279910
27679	 4.5541597	 4.3531725	 4.6708658	 4.2521409	 4.7635794	 1.4990913	 1.4775287	 1.5234251	 1.4663113	 1.5435446	 3.0379483	 2.9424728	 3.0628303	 2.8882197	 3.1048082	-0.1596558	-0.1597361	-0.1552731	-0.1611988	-0.1523216	-0.0552662	-0.0605357	-0.0476714	-0.0621893	-0.0433782	-80.4531320	-81.5389730	-79.5268720	-82.2794500	-79.0103230
27773	 1.6128729	 1.5941750	 1.6151694	 1.5847504	 1.6243869	 1.1225986	 1.1157594	 1.1230798	 1.1129588	 1.1255499	 1.4367316	 1.4237359	 1.4416346	 1.4193812	 1.4468806	-0.0536476	-0.0550057	-0.0498882	-0.0566834	-0.0489693	 0.0812736	 0.0803273	 0.0847862	 0.0788192	 0.0875049	61.7141330	60.5005960	61.7795990	60.0910630	62.6144510
27862	 5.2815500	 4.9655216	 5.4862532	 4.7738776	 5.6799031	 1.5893981	 1.5477901	 1.6430194	 1.5312114	 1.6629807	 3.3229879	 3.2058465	 3.3730303	 3.1178463	 3.4344438	-0.1573540	-0.1585604	-0.1477404	-0.1606188	-0.1451338	-0.0466290	-0.0556548	-0.0378405	-0.0595412	-0.0348284	-81.7468870	-82.9869040	-80.1787310	-83.4146010	-79.5480400
27922	 1.0000000	 1.0000000	 1.0000000	 1.0000000	 1.0000000	 1.0000000	 1.0000000	 1.0000000	 1.0000000	 1.0000000	 1.0000000	 1.0000000	 1.0000000	 1.0000000	 1.0000000	 1.0000000	 1.0000000	 1.0000000	 1.0000000	 1.0000000	 1.0000000	 1.0000000	 1.0000000	 1.0000000	 1.0000000	 0.0000000	 0.0000000	 0.0000000	 0.0000000	 0.0000000
28005	 1.0000000	 1.0000000	 1.0000000	 1.0000000	 1.0000000	 1.0000000	 1.0000000	 1.0000000	 1.0000000	 1.0000000	 1.0000000	 1.0000000	 1.0000000	 1.0000000	 1.0000000	 1.0000000	 1.0000000	 1.0000000	 1.0000000	 1.0000000	 1.0000000	 1.0000000	 1.0000000	 1.0000000	 1.0000000	 0.0000000	 0.0000000	 0.0000000	 0.0000000	 0.0000000
28110	 1.5018162	 1.4857629	 1.5029782	 1.4797358	 1.5112959	 1.0659687	 1.0606616	 1.0666646	 1.0587917	 1.0681273	 1.4088745	 1.3955126	 1.4127475	 1.3924725	 1.4184363	-0.0888964	-0.0911754	-0.0855046	-0.0928163	-0.0842540	 0.0716295	 0.0712508	 0.0743141	 0.0701117	 0.0758823	70.5696920	69.8435000	70.5497190	69.6097430	71.2324440
28124	 1.0000000	 1.0000000	 1.0000000	 1.0000000	 1.0000000	 1.0000000	 1.0000000	 1.0000000	 1.0000000	 1.0000000	 1.0000000	 1.0000000	 1.0000000	 1.0000000	 1.0000000	 1.0000000	 1.0000000	 1.0000000	 1.0000000	 1.0000000	 1.0000000	 1.0000000	 1.0000000	 1.0000000	 1.0000000	 0.0000000	 0.0000000	 0.0000000	 0.0000000	 0.0000000
28237	 1.0000000	 1.0000000	 1.0000000	 1.0000000	 1.0000000	 1.0000000	 1.0000000	 1.0000000	 1.0000000	 1.0000000	 1.0000000	 1.0000000	 1.0000000	 1.0000000	 1.0000000	 1.0000000	 1.0000000	 1.0000000	 1.0000000	 1.0000000	 1.0000000	 1.0000000	 1.0000000	 1.0000000	 1.0000000	 0.0000000	 0.0000000	 0.0000000	 0.0000000	 0.0000000
28265	 1.0000000	 1.0000000	 1.0000000	 1.0000000	 1.0000000	 1.0000000	 1.0000000	 1.0000000	 1.0000000	 1.0000000	 1.0000000	 1.0000000	 1.0000000	 1.0000000	 1.0000000	 1.0000000	 1.0000000	 1.0000000	 1.0000000	 1.0000000	 1.0000000	 1.0000000	 1.0000000	 1.0000000	 1.0000000	 0.0000000	 0.0000000	 0.0000000	 0.0000000	 0.0000000
28284	 1.4621611	 1.4493301	 1.4633419	 1.4434808	 1.4664187	 1.0593615	 1.0555881	 1.0598976	 1.0537764	 1.0608951	 1.3802286	 1.3709160	 1.3821830	 1.3663444	 1.3866983	-0.0888532	-0.0904434	-0.0860780	-0.0916096	-0.0850833	 0.0643769	 0.0642586	 0.0664168	 0.0634702	 0.0672878	72.0377530	71.3123940	72.1038880	71.1098220	72.4383710
28308	 1.7219904	 1.6967040	 1.7207186	 1.6920071	 1.7268435	 1.2058382	 1.1981912	 1.2047159	 1.1959142	 1.2085255	 1.4280443	 1.4160390	 1.4304873	 1.4116826	 1.4341780	-0.0292519	-0.0317428	-0.0262360	-0.0328918	-0.0248014	 0.0575081	 0.0567665	 0.0595907	 0.0551678	 0.0607179	58.4802330	56.9997600	59.4234020	56.5489430	60.1003760
28399	 1.0000000	 1.0000000	 1.0000000	 1.0000000	 1.0000000	 1.0000000	 1.0000000	 1.0000000	 1.0000000	 1.0000000	 1.0000000	 1.0000000	 1.0000000	 1.0000000	 1.0000000	 1.0000000	 1.0000000	 1.0000000	 1.0000000	 1.0000000	 1.0000000	 1.0000000	 1.0000000	 1.0000000	 1.0000000	 0.0000000	 0.0000000	 0.0000000	 0.0000000	 0.0000000
28430	 1.0000000	 1.0000000	 1.0000000	 1.0000000	 1.0000000	 1.0000000	 1.0000000	 1.0000000	 1.0000000	 1.0000000	 1.0000000	 1.0000000	 1.0000000	 1.0000000	 1.0000000	 1.0000000	 1.0000000	 1.0000000	 1.0000000	 1.0000000	 1.0000000	 1.0000000	 1.0000000	 1.0000000	 1.0000000	 0.0000000	 0.0000000	 0.0000000	 0.0000000	 0.0000000
28662	 1.0000000	 1.0000000	 1.0000000	 1.0000000	 1.0000000	 1.0000000	 1.0000000	 1.0000000	 1.0000000	 1.0000000	 1.0000000	 1.0000000	 1.0000000	 1.0000000	 1.0000000	 1.0000000	 1.0000000	 1.0000000	 1.0000000	 1.0000000	 1.0000000	 1.0000000	 1.0000000	 1.0000000	 1.0000000	 0.0000000	 0.0000000	 0.0000000	 0.0000000	 0.0000000
28876	 3.1073255	 3.0394506	 3.1045319	 3.0101812	 3.1695915	 1.5218120	 1.5000346	 1.5274240	 1.4886085	 1.5366958	 2.0418594	 1.9998807	 2.0559700	 1.9819140	 2.0819326	-0.0501308	-0.0514224	-0.0470484	-0.0534456	-0.0450837	-0.0670029	-0.0744709	-0.0627347	-0.0766391	-0.0596453	-63.4017210	-63.9976000	-61.9966360	-64.5785930	-61.2928710
28969	 1.0000000	 1.0000000	 1.0000000	 1.0000000	 1.0000000	 1.0000000	 1.0000000	 1.0000000	 1.0000000	 1.0000000	 1.0000000	 1.0000000	 1.0000000	 1.0000000	 1.0000000	 1.0000000	 1.0000000	 1.0000000	 1.0000000	 1.0000000	 1.0000000	 1.0000000	 1.0000000	 1.0000000	 1.0000000	 0.0000000	 0.0000000	 0.0000000	 0.0000000	 0.0000000
29020	 2.8182493	 2.7795109	 2.8984276	 2.7372690	 2.9602974	 1.2435270	 1.2271241	 1.2397104	 1.2212879	 1.2473520	 2.2663337	 2.2610392	 2.3429583	 2.2298152	 2.3966596	 0.1713994	 0.1731377	 0.1835287	 0.1692176	 0.1876747	-0.0595863	-0.0617820	-0.0570159	-0.0630529	-0.0556986	-9.5849056	-9.5969570	-8.7894128	-9.9909691	-8.4406894
29149	 1.0000000	 1.0000000	 1.0000000	 1.0000000	 1.0000000	 1.0000000	 1.0000000	 1.0000000	 1.0000000	 1.0000000	 1.0000000	 1.0000000	 1.0000000	 1.0000000	 1.0000000	 1.0000000	 1.0000000	 1.0000000	 1.0000000	 1.0000000	 1.0000000	 1.0000000	 1.0000000	 1.0000000	 1.0000000	 0.0000000	 0.0000000	 0.0000000	 0.0000000	 0.0000000
29178	12.8866220	11.0097420	13.3532920	10.4648330	13.9609490	 2.2518522	 2.2196068	 2.2756046	 2.1999602	 2.3006687	 5.7226887	 4.9438612	 5.8668860	 4.7132505	 6.1185908	-0.0669597	-0.0644777	-0.0473980	-0.0676973	-0.0394335	-0.1168412	-0.1195739	-0.1129544	-0.1244811	-0.1108225	-59.9081420	-59.3581290	-56.2044890	-59.8582220	-54.5804340
29244	 1.4239117	 1.4119435	 1.4250113	 1.4067929	 1.4327065	 1.0575930	 1.0553088	 1.0577505	 1.0545497	 1.0589501	 1.3463702	 1.3365282	 1.3495162	 1.3323844	 1.3558333	-0.0854255	-0.0872648	-0.0829044	-0.0890940	-0.0812873	 0.0546352	 0.0542985	 0.0558693	 0.0536636	 0.0564964	73.6991960	73.0946780	73.9690070	72.7625900	74.2990230
29315	 6.2261819	 5.5897519	 6.4603995	 5.4380806	 6.6030291	 2.1332177	 2.1110186	 2.1810480	 2.0903635	 2.2172887	 2.9186804	 2.6258805	 2.9575035	 2.5615555	 3.0241096	-0.0591624	-0.0562517	-0.0446061	-0.0608151	-0.0385703	-0.0218763	-0.0245987	-0.0114562	-0.0272218	-0.0082780	-79.8536450	-83.0174480	-78.1405550	-84.1182390	-77.3590140
29316	 7.5970165	 6.7900185	 7.8725630	 6.6398929	 8.1651307	 2.2672868	 2.2606340	 2.3260274	 2.2266044	 2.3474575	 3.3507065	 2.9838635	 3.4046825	 2.9123922	 3.5773797	-0.0612083	-0.0598576	-0.0435914	-0.0639575	-0.0395534	-0.0365793	-0.0389727	-0.0259121	-0.0423566	-0.0242778	-74.5683120	-75.5146470	-72.8573210	-77.1271860	-71.9430330
29398	 3.1670032	 3.0596406	 3.2054017	 3.0170630	 3.2768846	 1.4502008	 1.4256849	 1.4683277	 1.4171460	 1.4812930	 2.1838374	 2.1434142	 2.1904028	 2.1238619	 2.2143127	-0.1111376	-0.1153525	-0.1038100	-0.1168976	-0.1015328	 0.0326172	 0.0236276	 0.0399749	 0.0197026	 0.0435988	81.8219220	79.3227530	83.9164220	78.4067640	85.2701060
29498	 1.0000000	 1.0000000	 1.0000000	 1.0000000	 1.0000000	 1.0000000	 1.0000000	 1.0000000	 1.0000000	 1.0000000	 1.0000000	 1.0000000	 1.0000000	 1.0000000	 1.0000000	 1.0000000	 1.0000000	 1.0000000	 1.0000000	 1.0000000	 1.0000000	 1.0000000	 1.0000000	 1.0000000	 1.0000000	 0.0000000	 0.0000000	 0.0000000	 0.0000000	 0.0000000
29553	 1.0000000	 1.0000000	 1.0000000	 1.0000000	 1.0000000	 1.0000000	 1.0000000	 1.0000000	 1.0000000	 1.0000000	 1.0000000	 1.0000000	 1.0000000	 1.0000000	 1.0000000	 1.0000000	 1.0000000	 1.0000000	 1.0000000	 1.0000000	 1.0000000	 1.0000000	 1.0000000	 1.0000000	 1.0000000	 0.0000000	 0.0000000	 0.0000000	 0.0000000	 0.0000000
29592	 1.0000000	 1.0000000	 1.0000000	 1.0000000	 1.0000000	 1.0000000	 1.0000000	 1.0000000	 1.0000000	 1.0000000	 1.0000000	 1.0000000	 1.0000000	 1.0000000	 1.0000000	 1.0000000	 1.0000000	 1.0000000	 1.0000000	 1.0000000	 1.0000000	 1.0000000	 1.0000000	 1.0000000	 1.0000000	 0.0000000	 0.0000000	 0.0000000	 0.0000000	 0.0000000
29596	 1.0000000	 1.0000000	 1.0000000	 1.0000000	 1.0000000	 1.0000000	 1.0000000	 1.0000000	 1.0000000	 1.0000000	 1.0000000	 1.0000000	 1.0000000	 1.0000000	 1.0000000	 1.0000000	 1.0000000	 1.0000000	 1.0000000	 1.0000000	 1.0000000	 1.0000000	 1.0000000	 1.0000000	 1.0000000	 0.0000000	 0.0000000	 0.0000000	 0.0000000	 0.0000000
29700	 1.4449331	 1.4356000	 1.4488990	 1.4279678	 1.4531051	 1.0730395	 1.0725594	 1.0740134	 1.0716788	 1.0753764	 1.3465795	 1.3377849	 1.3499231	 1.3321224	 1.3538018	-0.0791090	-0.0802754	-0.0761471	-0.0815383	-0.0746555	 0.0519742	 0.0510650	 0.0524743	 0.0504822	 0.0528717	73.3476370	72.7953410	73.6317900	72.6130900	73.9879420
29925	 1.0000000	 1.0000000	 1.0000000	 1.0000000	 1.0000000	 1.0000000	 1.0000000	 1.0000000	 1.0000000	 1.0000000	 1.0000000	 1.0000000	 1.0000000	 1.0000000	 1.0000000	 1.0000000	 1.0000000	 1.0000000	 1.0000000	 1.0000000	 1.0000000	 1.0000000	 1.0000000	 1.0000000	 1.0000000	 0.0000000	 0.0000000	 0.0000000	 0.0000000	 0.0000000
30020	 1.0000000	 1.0000000	 1.0000000	 1.0000000	 1.0000000	 1.0000000	 1.0000000	 1.0000000	 1.0000000	 1.0000000	 1.0000000	 1.0000000	 1.0000000	 1.0000000	 1.0000000	 1.0000000	 1.0000000	 1.0000000	 1.0000000	 1.0000000	 1.0000000	 1.0000000	 1.0000000	 1.0000000	 1.0000000	 0.0000000	 0.0000000	 0.0000000	 0.0000000	 0.0000000
30101	 1.0000000	 1.0000000	 1.0000000	 1.0000000	 1.0000000	 1.0000000	 1.0000000	 1.0000000	 1.0000000	 1.0000000	 1.0000000	 1.0000000	 1.0000000	 1.0000000	 1.0000000	 1.0000000	 1.0000000	 1.0000000	 1.0000000	 1.0000000	 1.0000000	 1.0000000	 1.0000000	 1.0000000	 1.0000000	 0.0000000	 0.0000000	 0.0000000	 0.0000000	 0.0000000
30249	 1.9651341	 1.9329157	 1.9674219	 1.9219807	 1.9776374	 1.3551557	 1.3407300	 1.3512870	 1.3373060	 1.3554345	 1.4501168	 1.4381777	 1.4578093	 1.4327093	 1.4640114	 0.0045825	-0.0009410	 0.0071787	-0.0017156	 0.0081792	-0.0237229	-0.0283217	-0.0231902	-0.0295872	-0.0204391	-39.5335030	-46.0380420	-36.6027590	-46.7355730	-34.8656860
30320	 1.0000000	 1.0000000	 1.0000000	 1.0000000	 1.0000000	 1.0000000	 1.0000000	 1.0000000	 1.0000000	 1.0000000	 1.0000000	 1.0000000	 1.0000000	 1.0000000	 1.0000000	 1.0000000	 1.0000000	 1.0000000	 1.0000000	 1.0000000	 1.0000000	 1.0000000	 1.0000000	 1.0000000	 1.0000000	 0.0000000	 0.0000000	 0.0000000	 0.0000000	 0.0000000
30354	 2.0224501	 1.9930588	 2.0301966	 1.9726176	 2.0443962	 1.3088398	 1.2941822	 1.3067598	 1.2909220	 1.3148601	 1.5452235	 1.5361834	 1.5607467	 1.5257574	 1.5685245	 0.0148193	 0.0088254	 0.0167274	 0.0074894	 0.0202414	-0.0565298	-0.0632481	-0.0566235	-0.0661122	-0.0551439	-37.6552090	-40.9360520	-36.8862760	-41.5913330	-35.0932360
30390	 1.7216730	 1.6987084	 1.7209732	 1.6879766	 1.7332822	 1.2207667	 1.2132914	 1.2207985	 1.2090319	 1.2238494	 1.4103210	 1.3983541	 1.4101693	 1.3915418	 1.4163945	-0.0236203	-0.0252584	-0.0202991	-0.0273760	-0.0192843	 0.0497245	 0.0485920	 0.0511848	 0.0471192	 0.0529510	57.7044030	55.9850190	58.7285890	55.1639690	59.7582960
30414	 7.0991760	 6.6373191	 7.3425548	 6.4895775	 7.7789055	 2.2115961	 2.1022331	 2.2592208	 2.0516651	 2.3038084	 3.2099798	 3.1261925	 3.2809726	 3.0661095	 3.3821586	-0.0683702	-0.0776653	-0.0623661	-0.0856125	-0.0545969	-0.0164308	-0.0214958	-0.0155659	-0.0252109	-0.0126836	-83.2434430	-84.0072250	-80.9509600	-85.0138130	-79.0349080
30571	 1.0000000	 1.0000000	 1.0000000	 1.0000000	 1.0000000	 1.0000000	 1.0000000	 1.0000000	 1.0000000	 1.0000000	 1.0000000	 1.0000000	 1.0000000	 1.0000000	 1.0000000	 1.0000000	 1.0000000	 1.0000000	 1.0000000	 1.0000000	 1.0000000	 1.0000000	 1.0000000	 1.0000000	 1.0000000	 0.0000000	 0.0000000	 0.0000000	 0.0000000	 0.0000000
30572	 1.0000000	 1.0000000	 1.0000000	 1.0000000	 1.0000000	 1.0000000	 1.0000000	 1.0000000	 1.0000000	 1.0000000	 1.0000000	 1.0000000	 1.0000000	 1.0000000	 1.0000000	 1.0000000	 1.0000000	 1.0000000	 1.0000000	 1.0000000	 1.0000000	 1.0000000	 1.0000000	 1.0000000	 1.0000000	 0.0000000	 0.0000000	 0.0000000	 0.0000000	 0.0000000
30599	 1.0000000	 1.0000000	 1.0000000	 1.0000000	 1.0000000	 1.0000000	 1.0000000	 1.0000000	 1.0000000	 1.0000000	 1.0000000	 1.0000000	 1.0000000	 1.0000000	 1.0000000	 1.0000000	 1.0000000	 1.0000000	 1.0000000	 1.0000000	 1.0000000	 1.0000000	 1.0000000	 1.0000000	 1.0000000	 0.0000000	 0.0000000	 0.0000000	 0.0000000	 0.0000000
30649	 1.6381871	 1.6189953	 1.6391543	 1.6138545	 1.6471567	 1.1576790	 1.1531318	 1.1582459	 1.1509386	 1.1599941	 1.4150616	 1.4019007	 1.4177292	 1.3992790	 1.4241915	-0.0553168	-0.0585224	-0.0526264	-0.0597802	-0.0513614	 0.0557789	 0.0547145	 0.0566054	 0.0540355	 0.0576860	67.3808450	66.6220870	68.3238280	66.1394860	68.6795930
30673	 1.3452847	 1.3352788	 1.3455558	 1.3317267	 1.3488328	 1.1061462	 1.1029682	 1.1062411	 1.1017166	 1.1075549	 1.2161907	 1.2100282	 1.2166464	 1.2079663	 1.2190886	-0.0251900	-0.0265385	-0.0235682	-0.0271631	-0.0228205	 0.0322223	 0.0313600	 0.0327718	 0.0307360	 0.0334827	64.0083840	62.9749640	65.0488920	62.5162070	65.5175830
30790	 1.3196284	 1.3126328	 1.3263461	 1.3099318	 1.3301688	 1.0606006	 1.0606629	 1.0617504	 1.0603479	 1.0629502	 1.2442274	 1.2372620	 1.2499350	 1.2348276	 1.2515845	-0.0664232	-0.0687424	-0.0641275	-0.0691062	-0.0634822	 0.0207042	 0.0175250	 0.0207325	 0.0163679	 0.0216287	81.3438480	81.1417350	82.7796900	80.5490260	83.3255830
30801	 1.0000000	 1.0000000	 1.0000000	 1.0000000	 1.0000000	 1.0000000	 1.0000000	 1.0000000	 1.0000000	 1.0000000	 1.0000000	 1.0000000	 1.0000000	 1.0000000	 1.0000000	 1.0000000	 1.0000000	 1.0000000	 1.0000000	 1.0000000	 1.0000000	 1.0000000	 1.0000000	 1.0000000	 1.0000000	 0.0000000	 0.0000000	 0.0000000	 0.0000000	 0.0000000
31028	 1.0000000	 1.0000000	 1.0000000	 1.0000000	 1.0000000	 1.0000000	 1.0000000	 1.0000000	 1.0000000	 1.0000000	 1.0000000	 1.0000000	 1.0000000	 1.0000000	 1.0000000	 1.0000000	 1.0000000	 1.0000000	 1.0000000	 1.0000000	 1.0000000	 1.0000000	 1.0000000	 1.0000000	 1.0000000	 0.0000000	 0.0000000	 0.0000000	 0.0000000	 0.0000000
31083	 1.7657374	 1.7392279	 1.7668263	 1.7305887	 1.7766578	 1.2644413	 1.2550890	 1.2648340	 1.2520784	 1.2688516	 1.3964566	 1.3847352	 1.3969239	 1.3786085	 1.4025319	-0.0218774	-0.0251080	-0.0190299	-0.0260978	-0.0178839	 0.0303122	 0.0290357	 0.0316062	 0.0280006	 0.0330852	62.9096270	60.8087550	64.9489830	60.1247710	66.3315260
31109	 1.0000000	 1.0000000	 1.0000000	 1.0000000	 1.0000000	 1.0000000	 1.0000000	 1.0000000	 1.0000000	 1.0000000	 1.0000000	 1.0000000	 1.0000000	 1.0000000	 1.0000000	 1.0000000	 1.0000000	 1.0000000	 1.0000000	 1.0000000	 1.0000000	 1.0000000	 1.0000000	 1.0000000	 1.0000000	 0.0000000	 0.0000000	 0.0000000	 0.0000000	 0.0000000
31133	 1.6832308	 1.6614844	 1.6818669	 1.6511629	 1.6919032	 1.2257438	 1.2180695	 1.2251246	 1.2154737	 1.2281834	 1.3732321	 1.3621269	 1.3745452	 1.3592396	 1.3774027	-0.0227197	-0.0260097	-0.0200245	-0.0269012	-0.0192894	 0.0374596	 0.0367136	 0.0388101	 0.0351949	 0.0401808	60.6186230	59.0043720	62.4902060	58.4969710	63.4070000
31232	22.3153070	19.3237330	25.8225100	17.2286220	28.2689040	 1.6141195	 1.5600458	 1.6223284	 1.5406535	 1.6452597	-13.8251580	-15.9147930	-12.4753910	-17.5571480	-10.9373930	-0.2378655	-0.2425201	-0.2337507	-0.2461246	-0.2311606	-0.2511756	-0.2693611	-0.2459675	-0.2755037	-0.2421369	-66.7204930	-66.8463980	-65.8769950	-66.9659310	-65.5055360
31694	 1.0000000	 1.0000000	 1.0000000	 1.0000000	 1.0000000	 1.0000000	 1.0000000	 1.0000000	 1.0000000	 1.0000000	 1.0000000	 1.0000000	 1.0000000	 1.0000000	 1.0000000	 1.0000000	 1.0000000	 1.0000000	 1.0000000	 1.0000000	 1.0000000	 1.0000000	 1.0000000	 1.0000000	 1.0000000	 0.0000000	 0.0000000	 0.0000000	 0.0000000	 0.0000000
31707	 1.7580940	 1.7321678	 1.7551707	 1.7236977	 1.7664144	 1.2757948	 1.2651271	 1.2754760	 1.2613310	 1.2783734	 1.3780382	 1.3669501	 1.3804073	 1.3619056	 1.3856922	-0.0220973	-0.0268053	-0.0200328	-0.0284968	-0.0188119	 0.0189007	 0.0173324	 0.0200151	 0.0156959	 0.0211380	69.7291420	67.9469130	73.6258070	66.8527160	74.6567610
31742	 1.0000000	 1.0000000	 1.0000000	 1.0000000	 1.0000000	 1.0000000	 1.0000000	 1.0000000	 1.0000000	 1.0000000	 1.0000000	 1.0000000	 1.0000000	 1.0000000	 1.0000000	 1.0000000	 1.0000000	 1.0000000	 1.0000000	 1.0000000	 1.0000000	 1.0000000	 1.0000000	 1.0000000	 1.0000000	 0.0000000	 0.0000000	 0.0000000	 0.0000000	 0.0000000
31808	 1.7531024	 1.7320245	 1.7525603	 1.7186860	 1.7599299	 1.2445103	 1.2352704	 1.2438273	 1.2309934	 1.2476081	 1.4086684	 1.3985821	 1.4117506	 1.3932984	 1.4162646	-0.0321108	-0.0365889	-0.0300418	-0.0380203	-0.0283351	 0.0340726	 0.0327509	 0.0350179	 0.0319494	 0.0363966	66.6510700	65.4265360	68.6892500	64.7237430	69.6157920
31809	 1.7512200	 1.7286405	 1.7517542	 1.7155992	 1.7572076	 1.2416130	 1.2322718	 1.2418922	 1.2294595	 1.2448007	 1.4104395	 1.3979392	 1.4131596	 1.3924550	 1.4205025	-0.0330185	-0.0372651	-0.0303209	-0.0391376	-0.0287352	 0.0351179	 0.0340556	 0.0363106	 0.0320643	 0.0376861	66.6175780	65.2763240	68.4413990	64.4323770	69.6330700
31912	 1.8164141	 1.7889970	 1.8108714	 1.7794030	 1.8217182	 1.3090636	 1.2979713	 1.3079606	 1.2938065	 1.3106704	 1.3875675	 1.3735141	 1.3904358	 1.3695130	 1.3969673	-0.0201441	-0.0244808	-0.0175930	-0.0260461	-0.0165144	 0.0078224	 0.0058893	 0.0088972	 0.0043252	 0.0110029	79.3887830	77.0754480	82.8849570	75.4980850	84.9088470
31914	 1.3222515	 1.3173124	 1.3242162	 1.3142981	 1.3265942	 1.1082418	 1.1060831	 1.1105139	 1.1052248	 1.1125375	 1.1931074	 1.1898396	 1.1937402	 1.1880046	 1.1956074	 0.0226526	 0.0201805	 0.0232831	 0.0193861	 0.0241088	-0.0227313	-0.0236849	-0.0218059	-0.0242460	-0.0214075	-22.5496710	-24.4498460	-21.8953820	-25.0146820	-21.2460930
31927	 7.0298358	 6.3106712	 7.4433497	 6.0537845	 7.7922590	 1.8147685	 1.7655094	 1.8231377	 1.7440783	 1.8504350	 3.8736828	 3.5458462	 4.0915114	 3.4587632	 4.2389009	-0.1367830	-0.1430681	-0.1351182	-0.1451542	-0.1317803	-0.0523011	-0.0536742	-0.0442490	-0.0574011	-0.0397278	-79.5374290	-81.0129640	-79.4629460	-81.8414910	-78.4688140
32065	 1.9813938	 1.9460080	 1.9805567	 1.9321223	 1.9954232	 1.3697222	 1.3527026	 1.3685112	 1.3491069	 1.3745115	 1.4465662	 1.4306046	 1.4570719	 1.4244235	 1.4680429	-0.0186981	-0.0258852	-0.0166300	-0.0269830	-0.0144371	-0.0051387	-0.0067775	-0.0033946	-0.0086763	-0.0016852	-82.3164880	-85.2037930	-80.6161330	-87.9141130	-78.7109150
32092	 1.0000000	 1.0000000	 1.0000000	 1.0000000	 1.0000000	 1.0000000	 1.0000000	 1.0000000	 1.0000000	 1.0000000	 1.0000000	 1.0000000	 1.0000000	 1.0000000	 1.0000000	 1.0000000	 1.0000000	 1.0000000	 1.0000000	 1.0000000	 1.0000000	 1.0000000	 1.0000000	 1.0000000	 1.0000000	 0.0000000	 0.0000000	 0.0000000	 0.0000000	 0.0000000
32111	 1.6288677	 1.6111056	 1.6285411	 1.6036632	 1.6385720	 1.1736629	 1.1678988	 1.1731442	 1.1657692	 1.1753524	 1.3878498	 1.3781277	 1.3892959	 1.3737708	 1.3948086	-0.0366740	-0.0383256	-0.0339293	-0.0398827	-0.0331172	 0.0545684	 0.0539719	 0.0565028	 0.0529961	 0.0572913	61.9520120	60.8049190	62.4918450	60.3315680	63.2584840
32265	 1.0000000	 1.0000000	 1.0000000	 1.0000000	 1.0000000	 1.0000000	 1.0000000	 1.0000000	 1.0000000	 1.0000000	 1.0000000	 1.0000000	 1.0000000	 1.0000000	 1.0000000	 1.0000000	 1.0000000	 1.0000000	 1.0000000	 1.0000000	 1.0000000	 1.0000000	 1.0000000	 1.0000000	 1.0000000	 0.0000000	 0.0000000	 0.0000000	 0.0000000	 0.0000000
32305	 2.9035446	 2.6963496	 3.0514341	 2.6121456	 3.1714719	 1.1300037	 1.1073065	 1.1480008	 1.0983650	 1.1588105	 2.5695001	 2.4333488	 2.6582562	 2.3782127	 2.7377426	-0.2025491	-0.2042283	-0.2011890	-0.2053517	-0.1991158	-0.1429033	-0.1427535	-0.1392392	-0.1442666	-0.1376973	-72.3980560	-72.8095300	-72.4071820	-73.0174790	-72.0702060
32310	 1.7456810	 1.7214086	 1.7462646	 1.7129918	 1.7567106	 1.2274473	 1.2199636	 1.2271651	 1.2176006	 1.2306555	 1.4222045	 1.4087917	 1.4266151	 1.4043434	 1.4334384	-0.0432208	-0.0475668	-0.0412878	-0.0493925	-0.0390147	 0.0352655	 0.0335579	 0.0357703	 0.0326358	 0.0365414	70.3938430	69.6847970	72.2405500	69.0076650	73.0768570
32575	 3.9282853	 3.6899337	 4.0610881	 3.6121530	 4.1754883	 1.7420638	 1.7058690	 1.7378294	 1.6906241	 1.7552683	 2.2549608	 2.1638362	 2.3339194	 2.1353803	 2.3931007	-0.0610445	-0.0720047	-0.0562923	-0.0779209	-0.0524576	-0.0231383	-0.0276748	-0.0201040	-0.0309338	-0.0176333	-79.6206670	-81.8062020	-77.3258330	-83.3478150	-75.9684850
32638	 1.0000000	 1.0000000	 1.0000000	 1.0000000	 1.0000000	 1.0000000	 1.0000000	 1.0000000	 1.0000000	 1.0000000	 1.0000000	 1.0000000	 1.0000000	 1.0000000	 1.0000000	 1.0000000	 1.0000000	 1.0000000	 1.0000000	 1.0000000	 1.0000000	 1.0000000	 1.0000000	 1.0000000	 1.0000000	 0.0000000	 0.0000000	 0.0000000	 0.0000000	 0.0000000
32752	 1.0000000	 1.0000000	 1.0000000	 1.0000000	 1.0000000	 1.0000000	 1.0000000	 1.0000000	 1.0000000	 1.0000000	 1.0000000	 1.0000000	 1.0000000	 1.0000000	 1.0000000	 1.0000000	 1.0000000	 1.0000000	 1.0000000	 1.0000000	 1.0000000	 1.0000000	 1.0000000	 1.0000000	 1.0000000	 0.0000000	 0.0000000	 0.0000000	 0.0000000	 0.0000000
32837	 1.0000000	 1.0000000	 1.0000000	 1.0000000	 1.0000000	 1.0000000	 1.0000000	 1.0000000	 1.0000000	 1.0000000	 1.0000000	 1.0000000	 1.0000000	 1.0000000	 1.0000000	 1.0000000	 1.0000000	 1.0000000	 1.0000000	 1.0000000	 1.0000000	 1.0000000	 1.0000000	 1.0000000	 1.0000000	 0.0000000	 0.0000000	 0.0000000	 0.0000000	 0.0000000
32915	 1.0000000	 1.0000000	 1.0000000	 1.0000000	 1.0000000	 1.0000000	 1.0000000	 1.0000000	 1.0000000	 1.0000000	 1.0000000	 1.0000000	 1.0000000	 1.0000000	 1.0000000	 1.0000000	 1.0000000	 1.0000000	 1.0000000	 1.0000000	 1.0000000	 1.0000000	 1.0000000	 1.0000000	 1.0000000	 0.0000000	 0.0000000	 0.0000000	 0.0000000	 0.0000000
32921	 3.0985317	 3.0586391	 3.2087278	 3.0056523	 3.2818272	 1.4038529	 1.3938016	 1.4170631	 1.3865413	 1.4257571	 2.2071658	 2.1919103	 2.2609743	 2.1692027	 2.3032991	 0.0901567	 0.0877553	 0.0929707	 0.0845871	 0.0946076	-0.0931404	-0.0983888	-0.0922368	-0.1006591	-0.0903795	-22.9662900	-24.1219360	-22.4935620	-24.4202470	-22.1743550
32927	 1.0000000	 1.0000000	 1.0000000	 1.0000000	 1.0000000	 1.0000000	 1.0000000	 1.0000000	 1.0000000	 1.0000000	 1.0000000	 1.0000000	 1.0000000	 1.0000000	 1.0000000	 1.0000000	 1.0000000	 1.0000000	 1.0000000	 1.0000000	 1.0000000	 1.0000000	 1.0000000	 1.0000000	 1.0000000	 0.0000000	 0.0000000	 0.0000000	 0.0000000	 0.0000000
33000	 1.0000000	 1.0000000	 1.0000000	 1.0000000	 1.0000000	 1.0000000	 1.0000000	 1.0000000	 1.0000000	 1.0000000	 1.0000000	 1.0000000	 1.0000000	 1.0000000	 1.0000000	 1.0000000	 1.0000000	 1.0000000	 1.0000000	 1.0000000	 1.0000000	 1.0000000	 1.0000000	 1.0000000	 1.0000000	 0.0000000	 0.0000000	 0.0000000	 0.0000000	 0.0000000
33068	 1.0000000	 1.0000000	 1.0000000	 1.0000000	 1.0000000	 1.0000000	 1.0000000	 1.0000000	 1.0000000	 1.0000000	 1.0000000	 1.0000000	 1.0000000	 1.0000000	 1.0000000	 1.0000000	 1.0000000	 1.0000000	 1.0000000	 1.0000000	 1.0000000	 1.0000000	 1.0000000	 1.0000000	 1.0000000	 0.0000000	 0.0000000	 0.0000000	 0.0000000	 0.0000000
33078	 1.0000000	 1.0000000	 1.0000000	 1.0000000	 1.0000000	 1.0000000	 1.0000000	 1.0000000	 1.0000000	 1.0000000	 1.0000000	 1.0000000	 1.0000000	 1.0000000	 1.0000000	 1.0000000	 1.0000000	 1.0000000	 1.0000000	 1.0000000	 1.0000000	 1.0000000	 1.0000000	 1.0000000	 1.0000000	 0.0000000	 0.0000000	 0.0000000	 0.0000000	 0.0000000
33107	 1.0000000	 1.0000000	 1.0000000	 1.0000000	 1.0000000	 1.0000000	 1.0000000	 1.0000000	 1.0000000	 1.0000000	 1.0000000	 1.0000000	 1.0000000	 1.0000000	 1.0000000	 1.0000000	 1.0000000	 1.0000000	 1.0000000	 1.0000000	 1.0000000	 1.0000000	 1.0000000	 1.0000000	 1.0000000	 0.0000000	 0.0000000	 0.0000000	 0.0000000	 0.0000000
33157	 3.3082708	 3.2153180	 3.4218417	 3.1029705	 3.5124542	 1.4442127	 1.4172695	 1.4674808	 1.4027047	 1.4881910	 2.2907086	 2.2618788	 2.3287595	 2.2165568	 2.3601124	-0.0099058	-0.0123496	 0.0061219	-0.0178561	 0.0112792	-0.1275522	-0.1314133	-0.1250498	-0.1329775	-0.1227868	-47.2203580	-47.8265260	-43.6524630	-49.0980400	-42.5398650
33220	 1.0000000	 1.0000000	 1.0000000	 1.0000000	 1.0000000	 1.0000000	 1.0000000	 1.0000000	 1.0000000	 1.0000000	 1.0000000	 1.0000000	 1.0000000	 1.0000000	 1.0000000	 1.0000000	 1.0000000	 1.0000000	 1.0000000	 1.0000000	 1.0000000	 1.0000000	 1.0000000	 1.0000000	 1.0000000	 0.0000000	 0.0000000	 0.0000000	 0.0000000	 0.0000000
33229	 1.0000000	 1.0000000	 1.0000000	 1.0000000	 1.0000000	 1.0000000	 1.0000000	 1.0000000	 1.0000000	 1.0000000	 1.0000000	 1.0000000	 1.0000000	 1.0000000	 1.0000000	 1.0000000	 1.0000000	 1.0000000	 1.0000000	 1.0000000	 1.0000000	 1.0000000	 1.0000000	 1.0000000	 1.0000000	 0.0000000	 0.0000000	 0.0000000	 0.0000000	 0.0000000
33251	 1.6156419	 1.6001430	 1.6168296	 1.5920357	 1.6249917	 1.1751374	 1.1695532	 1.1752999	 1.1673936	 1.1775519	 1.3748537	 1.3652259	 1.3783417	 1.3610278	 1.3833952	-0.0472656	-0.0511319	-0.0452787	-0.0520184	-0.0435358	 0.0398256	 0.0382089	 0.0404865	 0.0370002	 0.0413627	69.9414090	69.2388860	71.6045650	68.7103830	72.0786150
33295	 1.0000000	 1.0000000	 1.0000000	 1.0000000	 1.0000000	 1.0000000	 1.0000000	 1.0000000	 1.0000000	 1.0000000	 1.0000000	 1.0000000	 1.0000000	 1.0000000	 1.0000000	 1.0000000	 1.0000000	 1.0000000	 1.0000000	 1.0000000	 1.0000000	 1.0000000	 1.0000000	 1.0000000	 1.0000000	 0.0000000	 0.0000000	 0.0000000	 0.0000000	 0.0000000
33373	 1.9557443	 1.9292825	 1.9563169	 1.9101625	 1.9687391	 1.3580243	 1.3429463	 1.3579808	 1.3385360	 1.3619056	 1.4401394	 1.4280700	 1.4483658	 1.4216374	 1.4545571	-0.0166007	-0.0210282	-0.0143595	-0.0232208	-0.0127550	 0.0128505	 0.0119837	 0.0161331	 0.0111819	 0.0184635	71.1283690	67.8434230	73.0857660	65.3173790	76.0630980
33437	 1.0000000	 1.0000000	 1.0000000	 1.0000000	 1.0000000	 1.0000000	 1.0000000	 1.0000000	 1.0000000	 1.0000000	 1.0000000	 1.0000000	 1.0000000	 1.0000000	 1.0000000	 1.0000000	 1.0000000	 1.0000000	 1.0000000	 1.0000000	 1.0000000	 1.0000000	 1.0000000	 1.0000000	 1.0000000	 0.0000000	 0.0000000	 0.0000000	 0.0000000	 0.0000000
33440	 1.0000000	 1.0000000	 1.0000000	 1.0000000	 1.0000000	 1.0000000	 1.0000000	 1.0000000	 1.0000000	 1.0000000	 1.0000000	 1.0000000	 1.0000000	 1.0000000	 1.0000000	 1.0000000	 1.0000000	 1.0000000	 1.0000000	 1.0000000	 1.0000000	 1.0000000	 1.0000000	 1.0000000	 1.0000000	 0.0000000	 0.0000000	 0.0000000	 0.0000000	 0.0000000
33541	 1.0000000	 1.0000000	 1.0000000	 1.0000000	 1.0000000	 1.0000000	 1.0000000	 1.0000000	 1.0000000	 1.0000000	 1.0000000	 1.0000000	 1.0000000	 1.0000000	 1.0000000	 1.0000000	 1.0000000	 1.0000000	 1.0000000	 1.0000000	 1.0000000	 1.0000000	 1.0000000	 1.0000000	 1.0000000	 0.0000000	 0.0000000	 0.0000000	 0.0000000	 0.0000000
33548	 1.0000000	 1.0000000	 1.0000000	 1.0000000	 1.0000000	 1.0000000	 1.0000000	 1.0000000	 1.0000000	 1.0000000	 1.0000000	 1.0000000	 1.0000000	 1.0000000	 1.0000000	 1.0000000	 1.0000000	 1.0000000	 1.0000000	 1.0000000	 1.0000000	 1.0000000	 1.0000000	 1.0000000	 1.0000000	 0.0000000	 0.0000000	 0.0000000	 0.0000000	 0.0000000
33579	 1.0000000	 1.0000000	 1.0000000	 1.0000000	 1.0000000	 1.0000000	 1.0000000	 1.0000000	 1.0000000	 1.0000000	 1.0000000	 1.0000000	 1.0000000	 1.0000000	 1.0000000	 1.0000000	 1.0000000	 1.0000000	 1.0000000	 1.0000000	 1.0000000	 1.0000000	 1.0000000	 1.0000000	 1.0000000	 0.0000000	 0.0000000	 0.0000000	 0.0000000	 0.0000000
33586	 3.0359812	 3.0025904	 3.1295708	 2.9604504	 3.1667642	 1.4651511	 1.4532426	 1.4771363	 1.4457012	 1.4903953	 2.0721280	 2.0634794	 2.1147886	 2.0447632	 2.1395216	 0.0759794	 0.0747662	 0.0801293	 0.0717240	 0.0820781	-0.0649609	-0.0676065	-0.0627755	-0.0692158	-0.0604775	-20.2649030	-20.9958810	-19.1886970	-21.5751980	-18.5945440
33673	 1.7741765	 1.7477507	 1.7751936	 1.7406809	 1.7810928	 1.2495051	 1.2403566	 1.2489593	 1.2373786	 1.2526570	 1.4199035	 1.4058358	 1.4217077	 1.4004822	 1.4276091	-0.0357711	-0.0395324	-0.0332166	-0.0406733	-0.0311109	 0.0320394	 0.0303075	 0.0330252	 0.0286533	 0.0344910	69.0749710	67.5909100	71.0768620	66.2829070	72.0297420
33744	 1.0000000	 1.0000000	 1.0000000	 1.0000000	 1.0000000	 1.0000000	 1.0000000	 1.0000000	 1.0000000	 1.0000000	 1.0000000	 1.0000000	 1.0000000	 1.0000000	 1.0000000	 1.0000000	 1.0000000	 1.0000000	 1.0000000	 1.0000000	 1.0000000	 1.0000000	 1.0000000	 1.0000000	 1.0000000	 0.0000000	 0.0000000	 0.0000000	 0.0000000	 0.0000000
34023	 1.0000000	 1.0000000	 1.0000000	 1.0000000	 1.0000000	 1.0000000	 1.0000000	 1.0000000	 1.0000000	 1.0000000	 1.0000000	 1.0000000	 1.0000000	 1.0000000	 1.0000000	 1.0000000	 1.0000000	 1.0000000	 1.0000000	 1.0000000	 1.0000000	 1.0000000	 1.0000000	 1.0000000	 1.0000000	 0.0000000	 0.0000000	 0.0000000	 0.0000000	 0.0000000
34026	 1.4763086	 1.4652798	 1.4778197	 1.4572734	 1.4827616	 1.0789613	 1.0754576	 1.0789826	 1.0738803	 1.0802476	 1.3682684	 1.3602088	 1.3716120	 1.3527537	 1.3748405	-0.0739087	-0.0766188	-0.0717724	-0.0780676	-0.0701259	 0.0643290	 0.0631483	 0.0648540	 0.0624525	 0.0656417	69.4820910	69.0162410	70.1509320	68.6834450	70.5312420
34064	 3.2826868	 3.1188782	 3.4087744	 3.0480472	 3.4486071	 1.7478709	 1.7021720	 1.7539190	 1.6789820	 1.7754678	 1.8781060	 1.8269607	 1.9407413	 1.7994075	 1.9581086	-0.0105187	-0.0232818	-0.0058798	-0.0261183	-0.0032841	-0.0168182	-0.0217581	-0.0125419	-0.0251237	-0.0092232	-61.0116870	-75.7377420	-52.8860900	-79.9791350	-49.7549730
34114	 3.0908416	 2.9641389	 3.2706967	 2.9138612	 3.3237234	 1.4766189	 1.4222202	 1.5094008	 1.4082689	 1.5353292	 2.0931884	 2.0803952	 2.1655842	 2.0359243	 2.1865140	 0.0333928	 0.0270211	 0.0467327	 0.0235463	 0.0495665	-0.0939854	-0.1040842	-0.0941917	-0.1098231	-0.0907850	-35.2199870	-37.1850370	-32.7524770	-37.8305670	-32.0103080
34138	 1.4977238	 1.4846370	 1.4981881	 1.4783831	 1.5038617	 1.0990462	 1.0955203	 1.0996472	 1.0937414	 1.1010460	 1.3627486	 1.3544438	 1.3647762	 1.3488598	 1.3685319	-0.0555548	-0.0577753	-0.0528796	-0.0587642	-0.0520468	 0.0682914	 0.0674716	 0.0690316	 0.0666888	 0.0699579	64.5641270	63.8311370	65.2173270	63.5732030	65.5624450
34175	 1.0000000	 1.0000000	 1.0000000	 1.0000000	 1.0000000	 1.0000000	 1.0000000	 1.0000000	 1.0000000	 1.0000000	 1.0000000	 1.0000000	 1.0000000	 1.0000000	 1.0000000	 1.0000000	 1.0000000	 1.0000000	 1.0000000	 1.0000000	 1.0000000	 1.0000000	 1.0000000	 1.0000000	 1.0000000	 0.0000000	 0.0000000	 0.0000000	 0.0000000	 0.0000000
34181	 1.0000000	 1.0000000	 1.0000000	 1.0000000	 1.0000000	 1.0000000	 1.0000000	 1.0000000	 1.0000000	 1.0000000	 1.0000000	 1.0000000	 1.0000000	 1.0000000	 1.0000000	 1.0000000	 1.0000000	 1.0000000	 1.0000000	 1.0000000	 1.0000000	 1.0000000	 1.0000000	 1.0000000	 1.0000000	 0.0000000	 0.0000000	 0.0000000	 0.0000000	 0.0000000
34262	 1.0000000	 1.0000000	 1.0000000	 1.0000000	 1.0000000	 1.0000000	 1.0000000	 1.0000000	 1.0000000	 1.0000000	 1.0000000	 1.0000000	 1.0000000	 1.0000000	 1.0000000	 1.0000000	 1.0000000	 1.0000000	 1.0000000	 1.0000000	 1.0000000	 1.0000000	 1.0000000	 1.0000000	 1.0000000	 0.0000000	 0.0000000	 0.0000000	 0.0000000	 0.0000000
34265	 1.6367830	 1.6191617	 1.6368389	 1.6109790	 1.6461223	 1.1595388	 1.1545783	 1.1595631	 1.1536222	 1.1615980	 1.4115812	 1.3998691	 1.4116671	 1.3953878	 1.4174062	-0.0381410	-0.0395750	-0.0347993	-0.0410416	-0.0337821	 0.0668821	 0.0661185	 0.0684047	 0.0653236	 0.0689723	59.8474490	58.5731920	60.2911210	58.2721460	61.1184860
34310	 2.8687978	 2.8226868	 2.9118888	 2.7848037	 2.9524678	 1.3486113	 1.3366640	 1.3514021	 1.3294850	 1.3589968	 2.1272225	 2.1093888	 2.1587725	 2.0868402	 2.1805210	 0.0892797	 0.0847130	 0.0926716	 0.0827899	 0.0947241	-0.1021987	-0.1087004	-0.1016252	-0.1115041	-0.0993815	-24.4299420	-25.9228360	-24.0133290	-26.5984080	-23.4424760
34385	 1.0000000	 1.0000000	 1.0000000	 1.0000000	 1.0000000	 1.0000000	 1.0000000	 1.0000000	 1.0000000	 1.0000000	 1.0000000	 1.0000000	 1.0000000	 1.0000000	 1.0000000	 1.0000000	 1.0000000	 1.0000000	 1.0000000	 1.0000000	 1.0000000	 1.0000000	 1.0000000	 1.0000000	 1.0000000	 0.0000000	 0.0000000	 0.0000000	 0.0000000	 0.0000000
34495	 1.7557941	 1.7304648	 1.7553352	 1.7210950	 1.7625660	 1.2409781	 1.2338361	 1.2409446	 1.2302379	 1.2445206	 1.4148469	 1.4004182	 1.4140657	 1.3963700	 1.4210269	-0.0359776	-0.0391045	-0.0330384	-0.0409001	-0.0318511	 0.0340167	 0.0322758	 0.0346614	 0.0306496	 0.0353900	68.3023760	67.0252530	69.9580920	66.3338710	71.0768410
34506	 2.6583037	 2.4920356	 2.7629827	 2.4575909	 2.8244974	 1.1472606	 1.1220279	 1.1607358	 1.1177386	 1.1691114	 2.3170902	 2.2177104	 2.3813032	 2.1947749	 2.4159379	-0.0920584	-0.0959423	-0.0924636	-0.0985236	-0.0907947	-0.1998493	-0.2002580	-0.1982429	-0.2018506	-0.1972084	-57.3663210	-57.8561560	-57.3920550	-58.2070760	-57.2799820
34556	 1.0000000	 1.0000000	 1.0000000	 1.0000000	 1.0000000	 1.0000000	 1.0000000	 1.0000000	 1.0000000	 1.0000000	 1.0000000	 1.0000000	 1.0000000	 1.0000000	 1.0000000	 1.0000000	 1.0000000	 1.0000000	 1.0000000	 1.0000000	 1.0000000	 1.0000000	 1.0000000	 1.0000000	 1.0000000	 0.0000000	 0.0000000	 0.0000000	 0.0000000	 0.0000000
34579	 2.9418382	 2.7267693	 3.1645999	 2.6712314	 3.2599005	 1.1370811	 1.1114191	 1.1560367	 1.1069781	 1.1664792	 2.5872174	 2.4556879	 2.7318602	 2.4118226	 2.7946889	-0.1520304	-0.1585850	-0.1527319	-0.1608187	-0.1512391	-0.1939885	-0.1939794	-0.1909734	-0.1948421	-0.1894594	-64.0430420	-64.7590470	-64.1906320	-65.1160020	-63.9382890
34604	 1.0000000	 1.0000000	 1.0000000	 1.0000000	 1.0000000	 1.0000000	 1.0000000	 1.0000000	 1.0000000	 1.0000000	 1.0000000	 1.0000000	 1.0000000	 1.0000000	 1.0000000	 1.0000000	 1.0000000	 1.0000000	 1.0000000	 1.0000000	 1.0000000	 1.0000000	 1.0000000	 1.0000000	 1.0000000	 0.0000000	 0.0000000	 0.0000000	 0.0000000	 0.0000000
34605	 3.2230469	 2.9503505	 3.4395848	 2.8690784	 3.5328409	 1.1574656	 1.1314208	 1.1803361	 1.1198974	 1.1892698	 2.7845741	 2.6035774	 2.9116724	 2.5554950	 2.9705989	-0.1438433	-0.1467114	-0.1433922	-0.1476490	-0.1402214	-0.2074217	-0.2074057	-0.2043572	-0.2086459	-0.2027554	-62.3703100	-62.8295160	-62.3700050	-62.9781080	-62.0839140
34695	 2.0640586	 2.0395211	 2.0689095	 2.0234595	 2.0830078	 1.3265596	 1.3156346	 1.3266528	 1.3135132	 1.3302497	 1.5559487	 1.5473903	 1.5611248	 1.5398562	 1.5681514	 0.0360877	 0.0355853	 0.0400468	 0.0330503	 0.0411772	-0.0422542	-0.0441518	-0.0397765	-0.0455603	-0.0373097	-24.7503070	-25.3770060	-22.4620810	-26.4610500	-21.4188730
34777	 2.5038035	 2.3470314	 2.6199341	 2.3000278	 2.6915009	 1.1113321	 1.0888469	 1.1263150	 1.0855885	 1.1344487	 2.2529764	 2.1507190	 2.3275223	 2.1147059	 2.3699063	-0.1102717	-0.1132217	-0.1097788	-0.1142578	-0.1086974	-0.1995391	-0.2000863	-0.1969247	-0.2012094	-0.1949169	-59.4632240	-59.8334640	-59.4836770	-60.0477320	-59.3318860
34790	 1.0000000	 1.0000000	 1.0000000	 1.0000000	 1.0000000	 1.0000000	 1.0000000	 1.0000000	 1.0000000	 1.0000000	 1.0000000	 1.0000000	 1.0000000	 1.0000000	 1.0000000	 1.0000000	 1.0000000	 1.0000000	 1.0000000	 1.0000000	 1.0000000	 1.0000000	 1.0000000	 1.0000000	 1.0000000	 0.0000000	 0.0000000	 0.0000000	 0.0000000	 0.0000000
34878	 2.8868355	 2.7974425	 2.9239357	 2.7603614	 2.9657775	 1.6084181	 1.5813424	 1.6146680	 1.5720904	 1.6359009	 1.7948289	 1.7470765	 1.8304964	 1.7276379	 1.8723847	-0.0187379	-0.0307491	-0.0116341	-0.0399543	-0.0090303	 0.0262926	 0.0214938	 0.0272011	 0.0193773	 0.0297460	62.7381860	58.8103750	70.4202080	56.7857170	72.2433310
34909	 1.0000000	 1.0000000	 1.0000000	 1.0000000	 1.0000000	 1.0000000	 1.0000000	 1.0000000	 1.0000000	 1.0000000	 1.0000000	 1.0000000	 1.0000000	 1.0000000	 1.0000000	 1.0000000	 1.0000000	 1.0000000	 1.0000000	 1.0000000	 1.0000000	 1.0000000	 1.0000000	 1.0000000	 1.0000000	 0.0000000	 0.0000000	 0.0000000	 0.0000000	 0.0000000
34976	 2.6001367	 2.5007700	 2.6521750	 2.4803469	 2.6930394	 1.5724135	 1.5331677	 1.5933809	 1.5179879	 1.6061282	 1.6535960	 1.6298528	 1.6672391	 1.6200717	 1.6826038	 0.0051925	-0.0074055	 0.0089023	-0.0114326	 0.0133818	-0.0147223	-0.0196646	-0.0099320	-0.0208771	-0.0073818	-35.2861610	-63.5611000	-32.2509400	-70.8129630	-28.2022720
35076	 1.6158759	 1.5943554	 1.6141653	 1.5884197	 1.6188511	 1.1615600	 1.1568249	 1.1614509	 1.1536474	 1.1632820	 1.3911256	 1.3778517	 1.3900619	 1.3744128	 1.3950125	-0.0415564	-0.0439887	-0.0389650	-0.0450309	-0.0376506	 0.0576104	 0.0560507	 0.0580914	 0.0553633	 0.0588379	62.9021210	61.9785400	63.9338640	61.5047660	64.4543460
35113	 1.4658761	 1.4509681	 1.4655850	 1.4475817	 1.4727208	 1.0879689	 1.0837721	 1.0885445	 1.0817739	 1.0899126	 1.3473511	 1.3386899	 1.3467902	 1.3336399	 1.3512284	-0.0503091	-0.0519063	-0.0475729	-0.0533997	-0.0466560	 0.0727774	 0.0719149	 0.0736058	 0.0710700	 0.0743958	62.3275410	61.5992820	62.7417960	61.2463850	63.3275500
35123	 2.1010257	 2.0673040	 2.0997364	 2.0509739	 2.1111246	 1.4457191	 1.4264264	 1.4424968	 1.4169951	 1.4480604	 1.4532738	 1.4459370	 1.4571481	 1.4415154	 1.4612118	 0.0001363	-0.0011513	 0.0032942	-0.0038308	 0.0059742	 0.0017927	 0.0007624	 0.0055962	-0.0014902	 0.0077105	42.8255940	14.1955560	45.2777990	-74.1589360	77.8818400
35153	 1.0000000	 1.0000000	 1.0000000	 1.0000000	 1.0000000	 1.0000000	 1.0000000	 1.0000000	 1.0000000	 1.0000000	 1.0000000	 1.0000000	 1.0000000	 1.0000000	 1.0000000	 1.0000000	 1.0000000	 1.0000000	 1.0000000	 1.0000000	 1.0000000	 1.0000000	 1.0000000	 1.0000000	 1.0000000	 0.0000000	 0.0000000	 0.0000000	 0.0000000	 0.0000000
35379	 1.0000000	 1.0000000	 1.0000000	 1.0000000	 1.0000000	 1.0000000	 1.0000000	 1.0000000	 1.0000000	 1.0000000	 1.0000000	 1.0000000	 1.0000000	 1.0000000	 1.0000000	 1.0000000	 1.0000000	 1.0000000	 1.0000000	 1.0000000	 1.0000000	 1.0000000	 1.0000000	 1.0000000	 1.0000000	 0.0000000	 0.0000000	 0.0000000	 0.0000000	 0.0000000
35401	 2.1489847	 2.1180306	 2.1518152	 2.1009045	 2.1688030	 1.3775693	 1.3667651	 1.3772385	 1.3625039	 1.3831993	 1.5599829	 1.5494075	 1.5638305	 1.5389994	 1.5728375	 0.0187160	 0.0163282	 0.0222861	 0.0143788	 0.0232810	-0.0380922	-0.0403876	-0.0363074	-0.0423617	-0.0348194	-31.9167670	-33.8022600	-29.3046920	-35.1143830	-28.3028420
35426	 2.4315658	 2.3334281	 2.5511877	 2.2701064	 2.6232008	 1.1219387	 1.1024815	 1.1360196	 1.0941605	 1.1452463	 2.1673014	 2.1137457	 2.2505189	 2.0766108	 2.2903872	-0.0237641	-0.0250911	-0.0217883	-0.0262520	-0.0184587	-0.2136378	-0.2185411	-0.2142860	-0.2194189	-0.2131321	-48.1736130	-48.3453530	-47.8719440	-48.4935250	-47.4292120
35436	 3.7815318	 3.4741213	 4.0010756	 3.3940000	 4.1707814	 1.2103147	 1.1764529	 1.2267189	 1.1666324	 1.2459596	 3.1244187	 2.9530464	 3.2600358	 2.8987210	 3.3474434	-0.0857151	-0.0901322	-0.0852744	-0.0926705	-0.0822273	-0.2381290	-0.2411548	-0.2365987	-0.2435117	-0.2347505	-54.8982280	-55.4492910	-54.7505070	-55.7385590	-54.4187340
35488	 1.0000000	 1.0000000	 1.0000000	 1.0000000	 1.0000000	 1.0000000	 1.0000000	 1.0000000	 1.0000000	 1.0000000	 1.0000000	 1.0000000	 1.0000000	 1.0000000	 1.0000000	 1.0000000	 1.0000000	 1.0000000	 1.0000000	 1.0000000	 1.0000000	 1.0000000	 1.0000000	 1.0000000	 1.0000000	 0.0000000	 0.0000000	 0.0000000	 0.0000000	 0.0000000
35492	 1.9441786	 1.9142042	 1.9449208	 1.9029638	 1.9570928	 1.3157289	 1.3032402	 1.3147223	 1.2989731	 1.3194626	 1.4776438	 1.4677108	 1.4797887	 1.4597761	 1.4898939	-0.0192920	-0.0219834	-0.0169357	-0.0238143	-0.0148622	 0.0369024	 0.0365580	 0.0398793	 0.0341801	 0.0426602	58.7999400	56.8414490	59.6393950	55.0883980	61.7951860
35516	 1.6680154	 1.6482982	 1.6671229	 1.6408850	 1.6731382	 1.1866738	 1.1794583	 1.1859607	 1.1768706	 1.1887509	 1.4056223	 1.3949897	 1.4070632	 1.3900316	 1.4107870	-0.0423838	-0.0449623	-0.0404308	-0.0467034	-0.0375161	 0.0501109	 0.0494097	 0.0516982	 0.0487109	 0.0530663	65.1122700	64.2973060	65.8376130	63.2791340	66.9663730
35542	 1.0000000	 1.0000000	 1.0000000	 1.0000000	 1.0000000	 1.0000000	 1.0000000	 1.0000000	 1.0000000	 1.0000000	 1.0000000	 1.0000000	 1.0000000	 1.0000000	 1.0000000	 1.0000000	 1.0000000	 1.0000000	 1.0000000	 1.0000000	 1.0000000	 1.0000000	 1.0000000	 1.0000000	 1.0000000	 0.0000000	 0.0000000	 0.0000000	 0.0000000	 0.0000000
35585	 2.8858711	 2.8171113	 2.9323528	 2.7931162	 2.9739603	 1.5778019	 1.5580740	 1.5890393	 1.5486532	 1.6057846	 1.8290457	 1.7888271	 1.8721159	 1.7668324	 1.8890624	-0.0346153	-0.0482113	-0.0286364	-0.0537510	-0.0234736	 0.0263939	 0.0191947	 0.0244176	 0.0164568	 0.0268029	71.3373850	69.5990060	78.2451730	67.3807130	80.4430870
35738	 1.5110133	 1.4945495	 1.5109630	 1.4900248	 1.5172750	 1.0910782	 1.0870649	 1.0914677	 1.0852332	 1.0930240	 1.3848809	 1.3734340	 1.3853198	 1.3705138	 1.3899644	-0.0525294	-0.0540236	-0.0494214	-0.0556495	-0.0485640	 0.0818075	 0.0809818	 0.0828225	 0.0804698	 0.0835077	61.3524610	60.5559350	61.7079420	60.3576560	62.2515780
35796	 1.9191277	 1.8909142	 1.9195893	 1.8817748	 1.9238548	 1.3607587	 1.3498700	 1.3602459	 1.3450794	 1.3622631	 1.4103366	 1.3992965	 1.4126322	 1.3948695	 1.4157959	-0.0085141	-0.0095948	-0.0055574	-0.0118064	-0.0040562	 0.0097136	 0.0090091	 0.0124827	 0.0073815	 0.0149359	65.6175960	56.9994150	66.4976710	54.2201270	73.0718640
35849	 1.4740306	 1.4607595	 1.4729071	 1.4555789	 1.4793579	 1.0960914	 1.0918335	 1.0961424	 1.0898767	 1.0974626	 1.3448063	 1.3364088	 1.3443147	 1.3328017	 1.3489929	-0.0461230	-0.0477414	-0.0438365	-0.0488807	-0.0429702	 0.0706415	 0.0699290	 0.0716997	 0.0694073	 0.0727677	61.5705910	60.8890620	61.9696710	60.6563020	62.4239980
35973	 2.4211955	 2.3462019	 2.4356266	 2.3153404	 2.4696929	 1.4712112	 1.4411850	 1.4888210	 1.4253072	 1.5170302	 1.6457158	 1.6250399	 1.6441588	 1.6118146	 1.6562871	 0.0302637	 0.0246704	 0.0331263	 0.0172060	 0.0368404	-0.0195644	-0.0236282	-0.0166688	-0.0250731	-0.0118260	-16.4406340	-18.8579240	-16.0924090	-20.5444220	-14.7774570
35992	 2.1463290	 2.1115325	 2.1481310	 2.0911712	 2.1649204	 1.3396282	 1.3295806	 1.3392257	 1.3268105	 1.3419248	 1.6021829	 1.5872524	 1.6081563	 1.5754646	 1.6174729	 0.0113395	 0.0097569	 0.0140206	 0.0075844	 0.0155168	-0.0601033	-0.0621817	-0.0582355	-0.0637210	-0.0569397	-39.6578800	-40.5861510	-38.2965070	-41.5074770	-37.5763510
36195	 1.0000000	 1.0000000	 1.0000000	 1.0000000	 1.0000000	 1.0000000	 1.0000000	 1.0000000	 1.0000000	 1.0000000	 1.0000000	 1.0000000	 1.0000000	 1.0000000	 1.0000000	 1.0000000	 1.0000000	 1.0000000	 1.0000000	 1.0000000	 1.0000000	 1.0000000	 1.0000000	 1.0000000	 1.0000000	 0.0000000	 0.0000000	 0.0000000	 0.0000000	 0.0000000
36210	 1.0000000	 1.0000000	 1.0000000	 1.0000000	 1.0000000	 1.0000000	 1.0000000	 1.0000000	 1.0000000	 1.0000000	 1.0000000	 1.0000000	 1.0000000	 1.0000000	 1.0000000	 1.0000000	 1.0000000	 1.0000000	 1.0000000	 1.0000000	 1.0000000	 1.0000000	 1.0000000	 1.0000000	 1.0000000	 0.0000000	 0.0000000	 0.0000000	 0.0000000	 0.0000000
36282	 1.0000000	 1.0000000	 1.0000000	 1.0000000	 1.0000000	 1.0000000	 1.0000000	 1.0000000	 1.0000000	 1.0000000	 1.0000000	 1.0000000	 1.0000000	 1.0000000	 1.0000000	 1.0000000	 1.0000000	 1.0000000	 1.0000000	 1.0000000	 1.0000000	 1.0000000	 1.0000000	 1.0000000	 1.0000000	 0.0000000	 0.0000000	 0.0000000	 0.0000000	 0.0000000
36304	 1.0000000	 1.0000000	 1.0000000	 1.0000000	 1.0000000	 1.0000000	 1.0000000	 1.0000000	 1.0000000	 1.0000000	 1.0000000	 1.0000000	 1.0000000	 1.0000000	 1.0000000	 1.0000000	 1.0000000	 1.0000000	 1.0000000	 1.0000000	 1.0000000	 1.0000000	 1.0000000	 1.0000000	 1.0000000	 0.0000000	 0.0000000	 0.0000000	 0.0000000	 0.0000000
36322	 1.0000000	 1.0000000	 1.0000000	 1.0000000	 1.0000000	 1.0000000	 1.0000000	 1.0000000	 1.0000000	 1.0000000	 1.0000000	 1.0000000	 1.0000000	 1.0000000	 1.0000000	 1.0000000	 1.0000000	 1.0000000	 1.0000000	 1.0000000	 1.0000000	 1.0000000	 1.0000000	 1.0000000	 1.0000000	 0.0000000	 0.0000000	 0.0000000	 0.0000000	 0.0000000
36334	 1.0000000	 1.0000000	 1.0000000	 1.0000000	 1.0000000	 1.0000000	 1.0000000	 1.0000000	 1.0000000	 1.0000000	 1.0000000	 1.0000000	 1.0000000	 1.0000000	 1.0000000	 1.0000000	 1.0000000	 1.0000000	 1.0000000	 1.0000000	 1.0000000	 1.0000000	 1.0000000	 1.0000000	 1.0000000	 0.0000000	 0.0000000	 0.0000000	 0.0000000	 0.0000000
36444	 1.0000000	 1.0000000	 1.0000000	 1.0000000	 1.0000000	 1.0000000	 1.0000000	 1.0000000	 1.0000000	 1.0000000	 1.0000000	 1.0000000	 1.0000000	 1.0000000	 1.0000000	 1.0000000	 1.0000000	 1.0000000	 1.0000000	 1.0000000	 1.0000000	 1.0000000	 1.0000000	 1.0000000	 1.0000000	 0.0000000	 0.0000000	 0.0000000	 0.0000000	 0.0000000
36678	 1.8230706	 1.7942194	 1.8213786	 1.7873317	 1.8331481	 1.2595391	 1.2496679	 1.2592078	 1.2455204	 1.2624176	 1.4474109	 1.4351499	 1.4481688	 1.4299465	 1.4561557	-0.0261677	-0.0278230	-0.0233406	-0.0306232	-0.0218514	 0.0443869	 0.0435885	 0.0472874	 0.0419378	 0.0502342	60.2604600	58.1812700	60.7923720	56.9867100	62.9276870
36689	 2.4232115	 2.3467763	 2.4928282	 2.3122862	 2.5165427	 1.4880877	 1.4564407	 1.5293654	 1.4433630	 1.5410623	 1.6284063	 1.6047447	 1.6312799	 1.5967553	 1.6429844	 0.0182022	 0.0067260	 0.0203940	 0.0053526	 0.0233988	-0.0225157	-0.0258542	-0.0165559	-0.0288648	-0.0142475	-25.5236280	-34.1063580	-25.6045050	-36.1815420	-23.2489160
36691	 2.2521623	 2.1833466	 2.2852474	 2.1617535	 2.3193757	 1.3828197	 1.3581867	 1.4098231	 1.3478024	 1.4236895	 1.6286738	 1.6052012	 1.6271179	 1.5939417	 1.6397991	 0.0430112	 0.0364386	 0.0454826	 0.0336921	 0.0479097	-0.0336037	-0.0348276	-0.0270211	-0.0387545	-0.0235230	-18.9998390	-19.4307160	-17.2792500	-19.9149060	-16.7895950
36695	 1.0000000	 1.0000000	 1.0000000	 1.0000000	 1.0000000	 1.0000000	 1.0000000	 1.0000000	 1.0000000	 1.0000000	 1.0000000	 1.0000000	 1.0000000	 1.0000000	 1.0000000	 1.0000000	 1.0000000	 1.0000000	 1.0000000	 1.0000000	 1.0000000	 1.0000000	 1.0000000	 1.0000000	 1.0000000	 0.0000000	 0.0000000	 0.0000000	 0.0000000	 0.0000000
36755	 1.7172011	 1.6942938	 1.7160548	 1.6855987	 1.7287462	 1.1947367	 1.1875760	 1.1944779	 1.1838693	 1.1975767	 1.4373051	 1.4262690	 1.4378471	 1.4197572	 1.4443399	-0.0343245	-0.0365943	-0.0315489	-0.0381230	-0.0294246	 0.0617275	 0.0605369	 0.0634167	 0.0593284	 0.0644896	59.5384750	58.3386430	60.3621610	57.5079420	61.2303770
36857	 4.3271679	 4.1578769	 4.4074547	 4.0668156	 4.5049833	 1.4488106	 1.4278847	 1.4433240	 1.4164208	 1.4496865	 2.9867003	 2.8953396	 3.0680871	 2.8482206	 3.1314026	 0.0112207	 0.0053796	 0.0133148	 0.0042407	 0.0160545	-0.1773472	-0.1855581	-0.1757603	-0.1887144	-0.1735753	-43.1898640	-44.1706670	-42.8550620	-44.3510310	-42.3205080
37005	 1.6336233	 1.6138007	 1.6332812	 1.6085151	 1.6435481	 1.1617513	 1.1569776	 1.1620839	 1.1538670	 1.1635123	 1.4061730	 1.3942281	 1.4050246	 1.3915427	 1.4136543	-0.0379153	-0.0401990	-0.0350510	-0.0410129	-0.0342159	 0.0644897	 0.0633759	 0.0649978	 0.0623921	 0.0660934	60.2262410	59.3588380	61.1039150	58.8950360	61.5917760
37047	 1.0000000	 1.0000000	 1.0000000	 1.0000000	 1.0000000	 1.0000000	 1.0000000	 1.0000000	 1.0000000	 1.0000000	 1.0000000	 1.0000000	 1.0000000	 1.0000000	 1.0000000	 1.0000000	 1.0000000	 1.0000000	 1.0000000	 1.0000000	 1.0000000	 1.0000000	 1.0000000	 1.0000000	 1.0000000	 0.0000000	 0.0000000	 0.0000000	 0.0000000	 0.0000000
37056	 2.2093994	 2.0779727	 2.2702081	 2.0599752	 2.3057988	 1.0626403	 1.0443056	 1.0675704	 1.0420631	 1.0707035	 2.0791602	 1.9922749	 2.1232390	 1.9751794	 2.1550559	-0.0868097	-0.0907924	-0.0874806	-0.0927680	-0.0862541	-0.2130364	-0.2152449	-0.2098351	-0.2178199	-0.2081989	-56.0851470	-56.4862170	-56.1993260	-56.7221850	-56.0014390
37084	 1.0000000	 1.0000000	 1.0000000	 1.0000000	 1.0000000	 1.0000000	 1.0000000	 1.0000000	 1.0000000	 1.0000000	 1.0000000	 1.0000000	 1.0000000	 1.0000000	 1.0000000	 1.0000000	 1.0000000	 1.0000000	 1.0000000	 1.0000000	 1.0000000	 1.0000000	 1.0000000	 1.0000000	 1.0000000	 0.0000000	 0.0000000	 0.0000000	 0.0000000	 0.0000000
37126	 2.1962479	 2.1489045	 2.1920446	 2.1332915	 2.2111129	 1.3954309	 1.3842815	 1.3933704	 1.3810768	 1.3995529	 1.5738851	 1.5502814	 1.5752281	 1.5415765	 1.5866508	-0.0371649	-0.0392985	-0.0326363	-0.0425440	-0.0315302	 0.0164112	 0.0153939	 0.0191926	 0.0140607	 0.0213737	78.0874120	75.1727130	79.0451080	73.6684220	80.6978260
37169	 1.5787503	 1.5597198	 1.5787503	 1.5554115	 1.5856051	 1.1353081	 1.1305260	 1.1356784	 1.1294244	 1.1370349	 1.3905920	 1.3801709	 1.3900490	 1.3751029	 1.3948575	-0.0427967	-0.0453321	-0.0404600	-0.0462820	-0.0391141	 0.0685942	 0.0670656	 0.0684753	 0.0663888	 0.0691217	60.9802540	60.2413530	61.8415130	59.8850990	62.3436010
37187	 1.0000000	 1.0000000	 1.0000000	 1.0000000	 1.0000000	 1.0000000	 1.0000000	 1.0000000	 1.0000000	 1.0000000	 1.0000000	 1.0000000	 1.0000000	 1.0000000	 1.0000000	 1.0000000	 1.0000000	 1.0000000	 1.0000000	 1.0000000	 1.0000000	 1.0000000	 1.0000000	 1.0000000	 1.0000000	 0.0000000	 0.0000000	 0.0000000	 0.0000000	 0.0000000
37206	 1.5837579	 1.5655730	 1.5818739	 1.5597186	 1.5865511	 1.1461965	 1.1413591	 1.1460395	 1.1392516	 1.1470902	 1.3817508	 1.3710317	 1.3811072	 1.3675063	 1.3842455	-0.0378936	-0.0404018	-0.0352657	-0.0413132	-0.0342863	 0.0639869	 0.0625933	 0.0644121	 0.0618574	 0.0651353	60.3172120	59.3570820	61.1841310	59.0784540	61.7722040
37233	 1.0000000	 1.0000000	 1.0000000	 1.0000000	 1.0000000	 1.0000000	 1.0000000	 1.0000000	 1.0000000	 1.0000000	 1.0000000	 1.0000000	 1.0000000	 1.0000000	 1.0000000	 1.0000000	 1.0000000	 1.0000000	 1.0000000	 1.0000000	 1.0000000	 1.0000000	 1.0000000	 1.0000000	 1.0000000	 0.0000000	 0.0000000	 0.0000000	 0.0000000	 0.0000000
37504	 1.5231723	 1.5070289	 1.5219018	 1.5036467	 1.5296349	 1.0910140	 1.0868225	 1.0912596	 1.0846535	 1.0924374	 1.3961070	 1.3855186	 1.3957401	 1.3836146	 1.4006578	-0.0545415	-0.0567978	-0.0521362	-0.0578041	-0.0507542	 0.0839961	 0.0828840	 0.0845583	 0.0823942	 0.0852050	61.4984940	60.9603580	62.0894350	60.6754940	62.4496370
37537	 1.0000000	 1.0000000	 1.0000000	 1.0000000	 1.0000000	 1.0000000	 1.0000000	 1.0000000	 1.0000000	 1.0000000	 1.0000000	 1.0000000	 1.0000000	 1.0000000	 1.0000000	 1.0000000	 1.0000000	 1.0000000	 1.0000000	 1.0000000	 1.0000000	 1.0000000	 1.0000000	 1.0000000	 1.0000000	 0.0000000	 0.0000000	 0.0000000	 0.0000000	 0.0000000
37600	 1.0000000	 1.0000000	 1.0000000	 1.0000000	 1.0000000	 1.0000000	 1.0000000	 1.0000000	 1.0000000	 1.0000000	 1.0000000	 1.0000000	 1.0000000	 1.0000000	 1.0000000	 1.0000000	 1.0000000	 1.0000000	 1.0000000	 1.0000000	 1.0000000	 1.0000000	 1.0000000	 1.0000000	 1.0000000	 0.0000000	 0.0000000	 0.0000000	 0.0000000	 0.0000000
37705	 1.0000000	 1.0000000	 1.0000000	 1.0000000	 1.0000000	 1.0000000	 1.0000000	 1.0000000	 1.0000000	 1.0000000	 1.0000000	 1.0000000	 1.0000000	 1.0000000	 1.0000000	 1.0000000	 1.0000000	 1.0000000	 1.0000000	 1.0000000	 1.0000000	 1.0000000	 1.0000000	 1.0000000	 1.0000000	 0.0000000	 0.0000000	 0.0000000	 0.0000000	 0.0000000
37733	 1.0000000	 1.0000000	 1.0000000	 1.0000000	 1.0000000	 1.0000000	 1.0000000	 1.0000000	 1.0000000	 1.0000000	 1.0000000	 1.0000000	 1.0000000	 1.0000000	 1.0000000	 1.0000000	 1.0000000	 1.0000000	 1.0000000	 1.0000000	 1.0000000	 1.0000000	 1.0000000	 1.0000000	 1.0000000	 0.0000000	 0.0000000	 0.0000000	 0.0000000	 0.0000000
37753	 1.9590893	 1.8744000	 2.0241926	 1.8525470	 2.0712376	 1.0413854	 1.0289130	 1.0468185	 1.0264064	 1.0552241	 1.8812337	 1.8196328	 1.9323934	 1.8061786	 1.9624688	-0.0866454	-0.0900742	-0.0865117	-0.0915504	-0.0856111	-0.1960537	-0.1996459	-0.1920416	-0.2005147	-0.1909394	-56.9214510	-57.3002080	-56.9602910	-57.4371690	-56.8229040
37775	 2.1772522	 2.1094647	 2.2303692	 2.0860047	 2.2614481	 1.1741555	 1.1499492	 1.1874802	 1.1438308	 1.1936353	 1.8543136	 1.8319373	 1.8835432	 1.8200344	 1.8982847	 0.0378963	 0.0359584	 0.0408202	 0.0343619	 0.0414980	-0.1515295	-0.1592764	-0.1500013	-0.1620595	-0.1487456	-37.9794080	-38.3627470	-37.7214270	-38.5679950	-37.5528600
37800	 1.0000000	 1.0000000	 1.0000000	 1.0000000	 1.0000000	 1.0000000	 1.0000000	 1.0000000	 1.0000000	 1.0000000	 1.0000000	 1.0000000	 1.0000000	 1.0000000	 1.0000000	 1.0000000	 1.0000000	 1.0000000	 1.0000000	 1.0000000	 1.0000000	 1.0000000	 1.0000000	 1.0000000	 1.0000000	 0.0000000	 0.0000000	 0.0000000	 0.0000000	 0.0000000
37844	 1.0000000	 1.0000000	 1.0000000	 1.0000000	 1.0000000	 1.0000000	 1.0000000	 1.0000000	 1.0000000	 1.0000000	 1.0000000	 1.0000000	 1.0000000	 1.0000000	 1.0000000	 1.0000000	 1.0000000	 1.0000000	 1.0000000	 1.0000000	 1.0000000	 1.0000000	 1.0000000	 1.0000000	 1.0000000	 0.0000000	 0.0000000	 0.0000000	 0.0000000	 0.0000000
37984	 1.0000000	 1.0000000	 1.0000000	 1.0000000	 1.0000000	 1.0000000	 1.0000000	 1.0000000	 1.0000000	 1.0000000	 1.0000000	 1.0000000	 1.0000000	 1.0000000	 1.0000000	 1.0000000	 1.0000000	 1.0000000	 1.0000000	 1.0000000	 1.0000000	 1.0000000	 1.0000000	 1.0000000	 1.0000000	 0.0000000	 0.0000000	 0.0000000	 0.0000000	 0.0000000
38054	 2.1510500	 2.0794675	 2.1912487	 2.0584123	 2.2415455	 1.1730348	 1.1472885	 1.1840786	 1.1434747	 1.1967225	 1.8337481	 1.8098702	 1.8563147	 1.7987763	 1.8766073	 0.0450487	 0.0439706	 0.0477647	 0.0425443	 0.0495251	-0.1468237	-0.1537645	-0.1451176	-0.1548589	-0.1430258	-36.4714260	-36.6868570	-36.2125300	-36.9000970	-36.0543310
38059	 1.5955704	 1.5745872	 1.5945032	 1.5688477	 1.6029289	 1.1237623	 1.1189295	 1.1236818	 1.1165452	 1.1255116	 1.4198469	 1.4077228	 1.4198469	 1.4040615	 1.4260249	-0.0476103	-0.0500499	-0.0454630	-0.0516350	-0.0442737	 0.0796367	 0.0780940	 0.0796367	 0.0772896	 0.0806716	60.4364100	59.9350020	61.2293050	59.5080780	61.7288890
38108	 2.2476682	 2.1460879	 2.3377411	 2.1186068	 2.3929308	 1.0553903	 1.0363134	 1.0595502	 1.0335507	 1.0706143	 2.1297039	 2.0704549	 2.2025506	 2.0459242	 2.2287594	-0.0155936	-0.0183228	-0.0151437	-0.0193847	-0.0137788	-0.2384747	-0.2457943	-0.2390017	-0.2497043	-0.2375270	-46.8705910	-47.1431030	-46.7875770	-47.2848730	-46.6163010
38163	 1.5574949	 1.5411411	 1.5555603	 1.5389023	 1.5618589	 1.1610545	 1.1557775	 1.1613012	 1.1544678	 1.1627399	 1.3414486	 1.3327869	 1.3398044	 1.3307195	 1.3441231	-0.0250603	-0.0255143	-0.0227159	-0.0281949	-0.0218365	 0.0522086	 0.0512146	 0.0533148	 0.0503511	 0.0542631	57.8205930	56.6376880	57.9899750	56.1282750	59.4633700
38165	 1.0000000	 1.0000000	 1.0000000	 1.0000000	 1.0000000	 1.0000000	 1.0000000	 1.0000000	 1.0000000	 1.0000000	 1.0000000	 1.0000000	 1.0000000	 1.0000000	 1.0000000	 1.0000000	 1.0000000	 1.0000000	 1.0000000	 1.0000000	 1.0000000	 1.0000000	 1.0000000	 1.0000000	 1.0000000	 0.0000000	 0.0000000	 0.0000000	 0.0000000	 0.0000000
38248	 1.5166775	 1.4996442	 1.5157552	 1.4966053	 1.5226916	 1.0882935	 1.0840226	 1.0886099	 1.0823584	 1.0902021	 1.3936291	 1.3827262	 1.3937711	 1.3786926	 1.3974726	-0.0508022	-0.0531215	-0.0483719	-0.0539746	-0.0466342	 0.0868991	 0.0856730	 0.0869602	 0.0851685	 0.0879888	60.1555140	59.6250920	60.7889270	59.1059150	61.1555010
38335	 2.1543656	 2.0923559	 2.1852230	 2.0611664	 2.2151522	 1.2227391	 1.1995537	 1.2351764	 1.1924944	 1.2453081	 1.7619176	 1.7432658	 1.7715409	 1.7278119	 1.7803982	 0.0587253	 0.0571146	 0.0643265	 0.0555012	 0.0657106	-0.1105008	-0.1142764	-0.1068906	-0.1152847	-0.1049911	-31.0058720	-31.2800810	-30.2038450	-31.5720250	-30.0082710
38369	 2.2715475	 2.1876417	 2.3488274	 2.1543913	 2.3967915	 1.1625467	 1.1380895	 1.1762087	 1.1303104	 1.1872874	 1.9539422	 1.9199731	 1.9947251	 1.9056880	 2.0229069	 0.0070371	 0.0034152	 0.0072260	 0.0014996	 0.0082697	-0.1740551	-0.1806060	-0.1739891	-0.1837120	-0.1725092	-43.8423950	-44.4413830	-43.8547920	-44.7667280	-43.6408740
38378	 1.0000000	 1.0000000	 1.0000000	 1.0000000	 1.0000000	 1.0000000	 1.0000000	 1.0000000	 1.0000000	 1.0000000	 1.0000000	 1.0000000	 1.0000000	 1.0000000	 1.0000000	 1.0000000	 1.0000000	 1.0000000	 1.0000000	 1.0000000	 1.0000000	 1.0000000	 1.0000000	 1.0000000	 1.0000000	 0.0000000	 0.0000000	 0.0000000	 0.0000000	 0.0000000
38458	 2.0223897	 1.9814289	 2.0412641	 1.9627259	 2.0584116	 1.3451550	 1.3238087	 1.3577980	 1.3170130	 1.3761177	 1.5034622	 1.4882600	 1.5069741	 1.4834110	 1.5166967	 0.0355836	 0.0296800	 0.0386820	 0.0258402	 0.0414016	-0.0162984	-0.0198113	-0.0130313	-0.0219288	-0.0108625	-12.3046130	-13.7180850	-11.5292870	-14.6606070	-10.9198190
38475	 1.4994154	 1.4833555	 1.4946059	 1.4794775	 1.5004307	 1.0974417	 1.0930455	 1.0968519	 1.0916555	 1.0984418	 1.3662825	 1.3566893	 1.3637021	 1.3532399	 1.3672530	-0.0446164	-0.0464973	-0.0423256	-0.0487081	-0.0411803	 0.0777575	 0.0765438	 0.0780041	 0.0759137	 0.0789576	59.9233750	59.3151230	60.4400240	58.8957660	61.2973830
38506	 1.0000000	 1.0000000	 1.0000000	 1.0000000	 1.0000000	 1.0000000	 1.0000000	 1.0000000	 1.0000000	 1.0000000	 1.0000000	 1.0000000	 1.0000000	 1.0000000	 1.0000000	 1.0000000	 1.0000000	 1.0000000	 1.0000000	 1.0000000	 1.0000000	 1.0000000	 1.0000000	 1.0000000	 1.0000000	 0.0000000	 0.0000000	 0.0000000	 0.0000000	 0.0000000
38607	 2.2353093	 2.1500278	 2.3309200	 2.1142980	 2.3741232	 1.1687207	 1.1516366	 1.1892071	 1.1454106	 1.1958624	 1.9126075	 1.8662813	 1.9585376	 1.8447630	 1.9860338	 0.0325886	 0.0316215	 0.0365682	 0.0302276	 0.0408443	-0.1631725	-0.1641632	-0.1606672	-0.1660029	-0.1579381	-39.3527820	-39.4965510	-38.6078760	-39.7603300	-37.7821890
38669	 1.7537509	 1.7287650	 1.7523350	 1.7220254	 1.7578517	 1.1955432	 1.1900731	 1.1958934	 1.1878080	 1.1983608	 1.4669070	 1.4516549	 1.4655091	 1.4490692	 1.4690885	-0.0209952	-0.0216212	-0.0163823	-0.0243045	-0.0152559	 0.0744634	 0.0727742	 0.0746909	 0.0721082	 0.0755439	52.8729970	51.1490420	53.1784080	50.8287940	54.3133500
38693	 1.5143742	 1.4977218	 1.5139999	 1.4922376	 1.5205849	 1.1035914	 1.0992966	 1.1038123	 1.0978380	 1.1054544	 1.3722236	 1.3614655	 1.3712003	 1.3580717	 1.3762185	-0.0441301	-0.0464841	-0.0422050	-0.0480298	-0.0408349	 0.0769362	 0.0755540	 0.0768316	 0.0752065	 0.0778364	59.9191500	59.4444320	60.7790080	59.0712990	61.2408550
38716	 1.0000000	 1.0000000	 1.0000000	 1.0000000	 1.0000000	 1.0000000	 1.0000000	 1.0000000	 1.0000000	 1.0000000	 1.0000000	 1.0000000	 1.0000000	 1.0000000	 1.0000000	 1.0000000	 1.0000000	 1.0000000	 1.0000000	 1.0000000	 1.0000000	 1.0000000	 1.0000000	 1.0000000	 1.0000000	 0.0000000	 0.0000000	 0.0000000	 0.0000000	 0.0000000
38744	 1.0000000	 1.0000000	 1.0000000	 1.0000000	 1.0000000	 1.0000000	 1.0000000	 1.0000000	 1.0000000	 1.0000000	 1.0000000	 1.0000000	 1.0000000	 1.0000000	 1.0000000	 1.0000000	 1.0000000	 1.0000000	 1.0000000	 1.0000000	 1.0000000	 1.0000000	 1.0000000	 1.0000000	 1.0000000	 0.0000000	 0.0000000	 0.0000000	 0.0000000	 0.0000000
38766	 1.6725970	 1.6182361	 1.6981353	 1.6092570	 1.7193141	 1.0085822	 1.0012978	 1.0098350	 1.0000345	 1.0140684	 1.6583646	 1.6147067	 1.6797304	 1.6046254	 1.6995455	-0.1071920	-0.1097932	-0.1043802	-0.1110914	-0.1034622	-0.1619890	-0.1649637	-0.1572854	-0.1667226	-0.1556172	-61.7467780	-61.9633400	-61.7361080	-62.0408360	-61.5912160
38987	 1.3579227	 1.3468337	 1.3567686	 1.3450800	 1.3620066	 1.0655289	 1.0624223	 1.0654222	 1.0609088	 1.0669016	 1.2744119	 1.2676720	 1.2744440	 1.2649397	 1.2769375	-0.0370647	-0.0385556	-0.0351558	-0.0399487	-0.0341240	 0.0673927	 0.0665037	 0.0676376	 0.0658842	 0.0683554	59.4049670	58.7733970	59.9953310	58.3356840	60.5158130
39243	 1.0000000	 1.0000000	 1.0000000	 1.0000000	 1.0000000	 1.0000000	 1.0000000	 1.0000000	 1.0000000	 1.0000000	 1.0000000	 1.0000000	 1.0000000	 1.0000000	 1.0000000	 1.0000000	 1.0000000	 1.0000000	 1.0000000	 1.0000000	 1.0000000	 1.0000000	 1.0000000	 1.0000000	 1.0000000	 0.0000000	 0.0000000	 0.0000000	 0.0000000	 0.0000000
39369	 3.0696126	 3.0033165	 3.1021823	 2.9524204	 3.1429533	 1.5437505	 1.5305645	 1.5521195	 1.5238606	 1.5616242	 1.9884125	 1.9478713	 2.0055889	 1.9171443	 2.0317730	-0.0720816	-0.0759173	-0.0670009	-0.0795459	-0.0639342	 0.0070926	 0.0061559	 0.0098479	 0.0044969	 0.0125464	87.1901910	85.7465470	87.6507420	84.7572560	88.1914000
39408	 1.8731083	 1.8195171	 1.9048358	 1.8059186	 1.9246022	 1.1370103	 1.1188541	 1.1467234	 1.1150921	 1.1540467	 1.6473979	 1.6265633	 1.6599045	 1.6195241	 1.6691564	 0.0481263	 0.0472160	 0.0499423	 0.0457078	 0.0512046	-0.1274575	-0.1313215	-0.1249003	-0.1328292	-0.1241029	-34.6570630	-34.8458030	-34.3960770	-35.2585220	-34.2460620
39646	 2.0769696	 2.0354112	 2.0761929	 2.0266975	 2.0852115	 1.2048600	 1.1950089	 1.2037724	 1.1916971	 1.2076728	 1.7238265	 1.7007655	 1.7280243	 1.6933805	 1.7363405	-0.0628089	-0.0666353	-0.0596069	-0.0698905	-0.0574790	 0.1079974	 0.1068711	 0.1094601	 0.1053777	 0.1127448	60.0906720	59.4616630	60.6998720	59.0330750	61.3692500
39744	 2.0328462	 1.9890601	 2.0710371	 1.9742973	 2.0928102	 1.3404937	 1.3239709	 1.3744443	 1.3156356	 1.3804556	 1.5164913	 1.4991698	 1.5144403	 1.4943770	 1.5229272	 0.0252447	 0.0166068	 0.0266286	 0.0132552	 0.0302814	-0.0351652	-0.0373042	-0.0268851	-0.0389881	-0.0245458	-27.1629150	-29.3822570	-26.7309730	-31.2975790	-25.8081230
39855	 1.8987094	 1.8512362	 1.9224418	 1.8374639	 1.9398542	 1.2130338	 1.1934768	 1.2273670	 1.1915418	 1.2382837	 1.5652567	 1.5480889	 1.5669036	 1.5419045	 1.5765809	 0.0506296	 0.0472192	 0.0536053	 0.0452838	 0.0552583	-0.0777162	-0.0804845	-0.0734040	-0.0820537	-0.0704230	-28.4585200	-28.9326860	-27.9233060	-29.5390620	-27.4731140
40022	 1.0000000	 1.0000000	 1.0000000	 1.0000000	 1.0000000	 1.0000000	 1.0000000	 1.0000000	 1.0000000	 1.0000000	 1.0000000	 1.0000000	 1.0000000	 1.0000000	 1.0000000	 1.0000000	 1.0000000	 1.0000000	 1.0000000	 1.0000000	 1.0000000	 1.0000000	 1.0000000	 1.0000000	 1.0000000	 0.0000000	 0.0000000	 0.0000000	 0.0000000	 0.0000000
40074	 1.9323929	 1.8843946	 1.9519989	 1.8659509	 1.9758963	 1.1621882	 1.1434512	 1.1715481	 1.1388120	 1.1830247	 1.6627194	 1.6442057	 1.6679673	 1.6362601	 1.6819919	 0.0590206	 0.0576838	 0.0614670	 0.0563057	 0.0626181	-0.1152805	-0.1189785	-0.1117967	-0.1204601	-0.1090905	-31.4443690	-31.7310230	-31.0735620	-32.1458390	-30.7941360
40115	 1.0000000	 1.0000000	 1.0000000	 1.0000000	 1.0000000	 1.0000000	 1.0000000	 1.0000000	 1.0000000	 1.0000000	 1.0000000	 1.0000000	 1.0000000	 1.0000000	 1.0000000	 1.0000000	 1.0000000	 1.0000000	 1.0000000	 1.0000000	 1.0000000	 1.0000000	 1.0000000	 1.0000000	 1.0000000	 0.0000000	 0.0000000	 0.0000000	 0.0000000	 0.0000000
40242	 2.9436186	 2.8909838	 2.9709016	 2.8395314	 3.0080111	 1.5061017	 1.4921239	 1.5110729	 1.4855478	 1.5203049	 1.9544626	 1.9263665	 1.9756643	 1.9011367	 2.0029669	-0.0570067	-0.0633361	-0.0545354	-0.0677040	-0.0499937	-0.0505004	-0.0523715	-0.0478314	-0.0541804	-0.0443632	-69.2316530	-70.8918680	-68.5011720	-71.9116330	-67.5405880
40299	 1.0000000	 1.0000000	 1.0000000	 1.0000000	 1.0000000	 1.0000000	 1.0000000	 1.0000000	 1.0000000	 1.0000000	 1.0000000	 1.0000000	 1.0000000	 1.0000000	 1.0000000	 1.0000000	 1.0000000	 1.0000000	 1.0000000	 1.0000000	 1.0000000	 1.0000000	 1.0000000	 1.0000000	 1.0000000	 0.0000000	 0.0000000	 0.0000000	 0.0000000	 0.0000000
40362	 1.7744793	 1.7552880	 1.7793983	 1.7462386	 1.7903262	 1.1614276	 1.1581362	 1.1623928	 1.1568052	 1.1637012	 1.5278433	 1.5151073	 1.5328738	 1.5093151	 1.5386281	-0.0545483	-0.0596358	-0.0531665	-0.0615145	-0.0509688	 0.0876596	 0.0845052	 0.0872103	 0.0835359	 0.0882960	60.9464620	60.6933660	62.5108490	60.0662120	62.9978880
40411	26.7176100	22.6949660	27.2136800	20.1599960	28.8189340	 6.2175836	 5.5993100	 6.4353291	 5.1067327	 6.8627310	-4.2970880	-4.5168808	-3.9092396	-5.1038695	-3.5587746	-0.1958521	-0.2138340	-0.1931641	-0.2265348	-0.1884097	 0.0190348	 0.0160445	 0.0210696	 0.0151187	 0.0220492	87.2244340	87.0044210	87.7602530	86.7046140	88.0423260
40425	 1.0000000	 1.0000000	 1.0000000	 1.0000000	 1.0000000	 1.0000000	 1.0000000	 1.0000000	 1.0000000	 1.0000000	 1.0000000	 1.0000000	 1.0000000	 1.0000000	 1.0000000	 1.0000000	 1.0000000	 1.0000000	 1.0000000	 1.0000000	 1.0000000	 1.0000000	 1.0000000	 1.0000000	 1.0000000	 0.0000000	 0.0000000	 0.0000000	 0.0000000	 0.0000000
40483	 1.0000000	 1.0000000	 1.0000000	 1.0000000	 1.0000000	 1.0000000	 1.0000000	 1.0000000	 1.0000000	 1.0000000	 1.0000000	 1.0000000	 1.0000000	 1.0000000	 1.0000000	 1.0000000	 1.0000000	 1.0000000	 1.0000000	 1.0000000	 1.0000000	 1.0000000	 1.0000000	 1.0000000	 1.0000000	 0.0000000	 0.0000000	 0.0000000	 0.0000000	 0.0000000
40633	 1.0000000	 1.0000000	 1.0000000	 1.0000000	 1.0000000	 1.0000000	 1.0000000	 1.0000000	 1.0000000	 1.0000000	 1.0000000	 1.0000000	 1.0000000	 1.0000000	 1.0000000	 1.0000000	 1.0000000	 1.0000000	 1.0000000	 1.0000000	 1.0000000	 1.0000000	 1.0000000	 1.0000000	 1.0000000	 0.0000000	 0.0000000	 0.0000000	 0.0000000	 0.0000000
40777	 2.2143311	 2.1820227	 2.2191389	 2.1590635	 2.2364602	 1.3674890	 1.3549324	 1.3650904	 1.3492986	 1.3720706	 1.6192678	 1.6073941	 1.6283542	 1.5978235	 1.6355237	-0.0086589	-0.0142429	-0.0049470	-0.0179939	-0.0020165	-0.0561888	-0.0598369	-0.0560938	-0.0612305	-0.0531123	-49.3803060	-51.8745750	-47.5331680	-53.5489890	-46.0205980
40782	 1.0000000	 1.0000000	 1.0000000	 1.0000000	 1.0000000	 1.0000000	 1.0000000	 1.0000000	 1.0000000	 1.0000000	 1.0000000	 1.0000000	 1.0000000	 1.0000000	 1.0000000	 1.0000000	 1.0000000	 1.0000000	 1.0000000	 1.0000000	 1.0000000	 1.0000000	 1.0000000	 1.0000000	 1.0000000	 0.0000000	 0.0000000	 0.0000000	 0.0000000	 0.0000000
41033	 1.7772752	 1.7280861	 1.8088346	 1.7114974	 1.8275646	 1.0511355	 1.0398376	 1.0558417	 1.0363460	 1.0592749	 1.6908149	 1.6611011	 1.7138902	 1.6512902	 1.7254058	 0.0062924	 0.0036280	 0.0071175	 0.0029297	 0.0076808	-0.1798506	-0.1824481	-0.1787494	-0.1848193	-0.1780258	-43.9981020	-44.4199050	-43.8793120	-44.5336190	-43.7846730
41216	 1.0000000	 1.0000000	 1.0000000	 1.0000000	 1.0000000	 1.0000000	 1.0000000	 1.0000000	 1.0000000	 1.0000000	 1.0000000	 1.0000000	 1.0000000	 1.0000000	 1.0000000	 1.0000000	 1.0000000	 1.0000000	 1.0000000	 1.0000000	 1.0000000	 1.0000000	 1.0000000	 1.0000000	 1.0000000	 0.0000000	 0.0000000	 0.0000000	 0.0000000	 0.0000000
41220	 1.0000000	 1.0000000	 1.0000000	 1.0000000	 1.0000000	 1.0000000	 1.0000000	 1.0000000	 1.0000000	 1.0000000	 1.0000000	 1.0000000	 1.0000000	 1.0000000	 1.0000000	 1.0000000	 1.0000000	 1.0000000	 1.0000000	 1.0000000	 1.0000000	 1.0000000	 1.0000000	 1.0000000	 1.0000000	 0.0000000	 0.0000000	 0.0000000	 0.0000000	 0.0000000
41225	 1.8838621	 1.8393792	 1.9120896	 1.8159787	 1.9399024	 1.0865940	 1.0729509	 1.0925211	 1.0702543	 1.0991746	 1.7337314	 1.7092829	 1.7536569	 1.6960669	 1.7652595	 0.0439897	 0.0429653	 0.0460402	 0.0419018	 0.0468109	-0.1660294	-0.1694341	-0.1655750	-0.1706914	-0.1642910	-37.5801960	-37.8346790	-37.2540290	-37.9857790	-37.1067410
41274	 2.3697118	 2.3210025	 2.3698509	 2.3052211	 2.3895935	 1.3766029	 1.3618082	 1.3756991	 1.3582723	 1.3815953	 1.7214198	 1.7017307	 1.7280456	 1.6879990	 1.7366528	 0.0117689	 0.0057757	 0.0153157	 0.0033244	 0.0168869	-0.0717968	-0.0749973	-0.0710004	-0.0761535	-0.0681212	-40.3454320	-42.7283680	-38.9959020	-43.6998840	-38.4464090
41455	 1.0000000	 1.0000000	 1.0000000	 1.0000000	 1.0000000	 1.0000000	 1.0000000	 1.0000000	 1.0000000	 1.0000000	 1.0000000	 1.0000000	 1.0000000	 1.0000000	 1.0000000	 1.0000000	 1.0000000	 1.0000000	 1.0000000	 1.0000000	 1.0000000	 1.0000000	 1.0000000	 1.0000000	 1.0000000	 0.0000000	 0.0000000	 0.0000000	 0.0000000	 0.0000000
41657	 1.0000000	 1.0000000	 1.0000000	 1.0000000	 1.0000000	 1.0000000	 1.0000000	 1.0000000	 1.0000000	 1.0000000	 1.0000000	 1.0000000	 1.0000000	 1.0000000	 1.0000000	 1.0000000	 1.0000000	 1.0000000	 1.0000000	 1.0000000	 1.0000000	 1.0000000	 1.0000000	 1.0000000	 1.0000000	 0.0000000	 0.0000000	 0.0000000	 0.0000000	 0.0000000
41684	 1.0000000	 1.0000000	 1.0000000	 1.0000000	 1.0000000	 1.0000000	 1.0000000	 1.0000000	 1.0000000	 1.0000000	 1.0000000	 1.0000000	 1.0000000	 1.0000000	 1.0000000	 1.0000000	 1.0000000	 1.0000000	 1.0000000	 1.0000000	 1.0000000	 1.0000000	 1.0000000	 1.0000000	 1.0000000	 0.0000000	 0.0000000	 0.0000000	 0.0000000	 0.0000000
41744	 1.5812112	 1.5418969	 1.6092667	 1.5291282	 1.6230463	 1.0094514	 1.0022149	 1.0117518	 1.0008432	 1.0151245	 1.5664064	 1.5376425	 1.5915938	 1.5262880	 1.6001712	-0.0486414	-0.0501850	-0.0485555	-0.0508683	-0.0478755	-0.1692662	-0.1734447	-0.1654973	-0.1744604	-0.1637598	-53.0164370	-53.3126440	-52.9559080	-53.4048650	-52.8092310
41851	 1.0000000	 1.0000000	 1.0000000	 1.0000000	 1.0000000	 1.0000000	 1.0000000	 1.0000000	 1.0000000	 1.0000000	 1.0000000	 1.0000000	 1.0000000	 1.0000000	 1.0000000	 1.0000000	 1.0000000	 1.0000000	 1.0000000	 1.0000000	 1.0000000	 1.0000000	 1.0000000	 1.0000000	 1.0000000	 0.0000000	 0.0000000	 0.0000000	 0.0000000	 0.0000000
41913	 1.6697661	 1.6575944	 1.6763710	 1.6494263	 1.6854604	 1.1135094	 1.1095112	 1.1142601	 1.1077913	 1.1167006	 1.4995532	 1.4930281	 1.5046397	 1.4879168	 1.5101201	 0.0107323	 0.0109209	 0.0151104	 0.0082244	 0.0166107	 0.1150989	 0.1144676	 0.1164553	 0.1135305	 0.1172502	42.3364490	41.2584900	42.2228600	40.9124040	42.9548240
41916	 1.6126431	 1.5771622	 1.6402475	 1.5631525	 1.6581070	 1.0114484	 1.0045513	 1.0139346	 1.0027223	 1.0176140	 1.5943898	 1.5676397	 1.6185922	 1.5553819	 1.6311638	-0.0396975	-0.0410173	-0.0393660	-0.0418168	-0.0384646	-0.1763276	-0.1800823	-0.1735573	-0.1814073	-0.1709778	-51.3438690	-51.6438330	-51.2073070	-51.7229880	-51.0938820
41964	 3.0336274	 2.9803109	 3.0718183	 2.9194837	 3.1099247	 1.2438226	 1.2331286	 1.2451117	 1.2286310	 1.2540072	 2.4389553	 2.4101647	 2.4771623	 2.3607215	 2.5111719	 0.1818106	 0.1797972	 0.1867044	 0.1758927	 0.1889338	-0.0758046	-0.0790819	-0.0745038	-0.0812822	-0.0717712	-11.3166650	-11.7656260	-11.1029590	-11.9944860	-10.6431870
42041	 2.9766769	 2.9114370	 3.0055911	 2.8677818	 3.0357185	 1.1680728	 1.1598732	 1.1690205	 1.1573998	 1.1740641	 2.5483611	 2.5015305	 2.5766664	 2.4733764	 2.6128922	 0.1364754	 0.1338666	 0.1397107	 0.1325355	 0.1407120	 0.1874282	 0.1854292	 0.1903439	 0.1836807	 0.1940495	26.9699250	26.6973730	27.2945560	26.6115480	27.4784950
42046	 1.0000000	 1.0000000	 1.0000000	 1.0000000	 1.0000000	 1.0000000	 1.0000000	 1.0000000	 1.0000000	 1.0000000	 1.0000000	 1.0000000	 1.0000000	 1.0000000	 1.0000000	 1.0000000	 1.0000000	 1.0000000	 1.0000000	 1.0000000	 1.0000000	 1.0000000	 1.0000000	 1.0000000	 1.0000000	 0.0000000	 0.0000000	 0.0000000	 0.0000000	 0.0000000
42156	 1.7203909	 1.6870268	 1.7367943	 1.6701305	 1.7524747	 1.0893834	 1.0777271	 1.0952333	 1.0740653	 1.0995361	 1.5792337	 1.5655858	 1.5871454	 1.5552179	 1.5957946	 0.0588836	 0.0578440	 0.0604050	 0.0568706	 0.0619626	-0.1296179	-0.1331987	-0.1276993	-0.1342726	-0.1260757	-32.7841730	-33.1662360	-32.4717840	-33.3362880	-32.1213960
42203	 2.6409296	 2.6020229	 2.6697718	 2.5744569	 2.7078509	 1.4070997	 1.3990041	 1.4153003	 1.3898955	 1.4200466	 1.8768615	 1.8568074	 1.8931411	 1.8393201	 1.9209023	-0.0289239	-0.0336266	-0.0219569	-0.0365878	-0.0196684	 0.0841041	 0.0787583	 0.0895587	 0.0749117	 0.0917943	54.4892140	51.8587580	56.4091620	51.1258630	58.0548040
42213	 3.0644987	 3.0094025	 3.1013028	 2.9769112	 3.1576174	 1.5308314	 1.5173446	 1.5409489	 1.5106577	 1.5499144	 2.0018531	 1.9639633	 2.0234541	 1.9447578	 2.0459317	-0.0373369	-0.0381903	-0.0264098	-0.0407762	-0.0233436	 0.0671720	 0.0616804	 0.0763600	 0.0572196	 0.0782774	59.5335180	54.5691810	60.7431320	53.6605400	62.0931770
42238	 2.5672009	 2.5310612	 2.6022843	 2.5053326	 2.6415593	 1.4354538	 1.4320045	 1.4478446	 1.4268523	 1.4571675	 1.7884243	 1.7697985	 1.8012884	 1.7533365	 1.8166411	-0.0303736	-0.0388187	-0.0232517	-0.0427231	-0.0209049	 0.0616724	 0.0543282	 0.0642530	 0.0515282	 0.0659842	58.1100880	55.0781360	62.5302160	53.8323750	63.9238210
42244	 3.0329703	 2.9646641	 3.0733638	 2.9406100	 3.1171848	 1.4865254	 1.4702455	 1.4956125	 1.4670717	 1.5016231	 2.0403085	 2.0094413	 2.0616544	 1.9893874	 2.0837950	-0.0191229	-0.0256623	-0.0061448	-0.0301567	-0.0043616	 0.0892686	 0.0844775	 0.0938501	 0.0830723	 0.0953728	51.0455140	46.8818550	53.2423700	46.3311490	54.9851870
42272	 1.0000000	 1.0000000	 1.0000000	 1.0000000	 1.0000000	 1.0000000	 1.0000000	 1.0000000	 1.0000000	 1.0000000	 1.0000000	 1.0000000	 1.0000000	 1.0000000	 1.0000000	 1.0000000	 1.0000000	 1.0000000	 1.0000000	 1.0000000	 1.0000000	 1.0000000	 1.0000000	 1.0000000	 1.0000000	 0.0000000	 0.0000000	 0.0000000	 0.0000000	 0.0000000
42280	 3.3071033	 3.2328604	 3.3291488	 3.1924099	 3.4255366	 1.5405613	 1.5186007	 1.5506209	 1.5090416	 1.5617156	 2.1466882	 2.1134596	 2.1713625	 2.0744071	 2.2175999	-0.0230295	-0.0249338	-0.0104848	-0.0286901	-0.0077947	 0.0886992	 0.0828581	 0.0967862	 0.0795569	 0.0986825	52.2773340	48.0129100	53.3293330	47.2849100	54.6022740
42328	 3.0041882	 2.9212193	 3.0212894	 2.8740633	 3.0743724	 1.1411455	 1.1315216	 1.1385829	 1.1284772	 1.1457352	 2.6326086	 2.5822795	 2.6540826	 2.5297622	 2.6986639	 0.1728334	 0.1704163	 0.1765917	 0.1678299	 0.1776420	 0.1781770	 0.1767502	 0.1813490	 0.1745793	 0.1839789	22.9360830	22.6736470	23.2591700	22.5429170	23.4596960
42360	 2.1199003	 2.0876272	 2.1259061	 2.0644429	 2.1362327	 1.2137434	 1.2028809	 1.2142437	 1.1995414	 1.2175168	 1.7465804	 1.7334353	 1.7567667	 1.7133336	 1.7639257	 0.0863167	 0.0833101	 0.0904963	 0.0821463	 0.0915377	-0.0913435	-0.0949144	-0.0903170	-0.0970990	-0.0887792	-23.3103640	-24.2110130	-22.6980040	-24.5093590	-22.3053930
42422	 2.1168225	 2.0933269	 2.1381115	 2.0774844	 2.1512821	 1.2356702	 1.2207214	 1.2378981	 1.2167111	 1.2466756	 1.7130969	 1.7055845	 1.7374587	 1.6974380	 1.7535491	 0.0685605	 0.0650698	 0.0733175	 0.0601700	 0.0759353	-0.0895346	-0.0965296	-0.0902321	-0.0987175	-0.0877090	-26.2785790	-27.5054060	-25.8701780	-27.9957020	-25.3927680
42480	 1.0000000	 1.0000000	 1.0000000	 1.0000000	 1.0000000	 1.0000000	 1.0000000	 1.0000000	 1.0000000	 1.0000000	 1.0000000	 1.0000000	 1.0000000	 1.0000000	 1.0000000	 1.0000000	 1.0000000	 1.0000000	 1.0000000	 1.0000000	 1.0000000	 1.0000000	 1.0000000	 1.0000000	 1.0000000	 0.0000000	 0.0000000	 0.0000000	 0.0000000	 0.0000000
42489	 1.6156008	 1.5741173	 1.6385970	 1.5637591	 1.6623612	 1.0163360	 1.0080192	 1.0196242	 1.0057758	 1.0231149	 1.5896326	 1.5604381	 1.6076572	 1.5516526	 1.6248039	-0.0118530	-0.0139402	-0.0109365	-0.0143794	-0.0100317	-0.1770288	-0.1805792	-0.1750176	-0.1813035	-0.1728577	-46.9152630	-47.2760120	-46.7393590	-47.3599050	-46.6150000
42644	 2.0600318	 2.0254806	 2.0638373	 2.0162817	 2.0764991	 1.1085706	 1.1012685	 1.1071734	 1.0996167	 1.1099316	 1.8582774	 1.8381871	 1.8659667	 1.8261498	 1.8777734	 0.0251703	 0.0208921	 0.0270862	 0.0197761	 0.0284171	 0.1802156	 0.1793245	 0.1829862	 0.1774096	 0.1863895	41.0245300	40.7527990	41.7106710	40.5199120	41.9092430
42869	 1.0000000	 1.0000000	 1.0000000	 1.0000000	 1.0000000	 1.0000000	 1.0000000	 1.0000000	 1.0000000	 1.0000000	 1.0000000	 1.0000000	 1.0000000	 1.0000000	 1.0000000	 1.0000000	 1.0000000	 1.0000000	 1.0000000	 1.0000000	 1.0000000	 1.0000000	 1.0000000	 1.0000000	 1.0000000	 0.0000000	 0.0000000	 0.0000000	 0.0000000	 0.0000000
43052	 1.0000000	 1.0000000	 1.0000000	 1.0000000	 1.0000000	 1.0000000	 1.0000000	 1.0000000	 1.0000000	 1.0000000	 1.0000000	 1.0000000	 1.0000000	 1.0000000	 1.0000000	 1.0000000	 1.0000000	 1.0000000	 1.0000000	 1.0000000	 1.0000000	 1.0000000	 1.0000000	 1.0000000	 1.0000000	 0.0000000	 0.0000000	 0.0000000	 0.0000000	 0.0000000
43078	 1.8380498	 1.8221862	 1.8402746	 1.8067559	 1.8515391	 1.1765584	 1.1674108	 1.1780687	 1.1636937	 1.1821387	 1.5622261	 1.5541918	 1.5686114	 1.5431404	 1.5752497	 0.0827520	 0.0801077	 0.0865082	 0.0789575	 0.0879947	-0.0644878	-0.0669080	-0.0637398	-0.0681960	-0.0623748	-18.9644810	-19.6013960	-18.5007820	-20.1134560	-18.0657990
43158	 1.0000000	 1.0000000	 1.0000000	 1.0000000	 1.0000000	 1.0000000	 1.0000000	 1.0000000	 1.0000000	 1.0000000	 1.0000000	 1.0000000	 1.0000000	 1.0000000	 1.0000000	 1.0000000	 1.0000000	 1.0000000	 1.0000000	 1.0000000	 1.0000000	 1.0000000	 1.0000000	 1.0000000	 1.0000000	 0.0000000	 0.0000000	 0.0000000	 0.0000000	 0.0000000
43197	 1.8906747	 1.8745195	 1.9000743	 1.8612728	 1.9142082	 1.1705585	 1.1687965	 1.1794595	 1.1659349	 1.1852146	 1.6151883	 1.6004419	 1.6169090	 1.5951912	 1.6220435	 0.0271975	 0.0254039	 0.0297115	 0.0243366	 0.0310438	 0.1143964	 0.1088808	 0.1138626	 0.1061622	 0.1155535	38.3131650	37.4790690	38.5211470	37.1051540	38.9371170
43239	 1.0000000	 1.0000000	 1.0000000	 1.0000000	 1.0000000	 1.0000000	 1.0000000	 1.0000000	 1.0000000	 1.0000000	 1.0000000	 1.0000000	 1.0000000	 1.0000000	 1.0000000	 1.0000000	 1.0000000	 1.0000000	 1.0000000	 1.0000000	 1.0000000	 1.0000000	 1.0000000	 1.0000000	 1.0000000	 0.0000000	 0.0000000	 0.0000000	 0.0000000	 0.0000000
43311	 1.9541950	 1.9333839	 1.9568733	 1.9173432	 1.9650262	 1.2043128	 1.1907465	 1.2066605	 1.1864201	 1.2162531	 1.6226639	 1.6147666	 1.6332530	 1.6079017	 1.6433740	 0.0927492	 0.0910956	 0.0984376	 0.0855918	 0.1006015	-0.0534321	-0.0556989	-0.0516022	-0.0575001	-0.0489448	-14.9729570	-15.2454130	-14.2599000	-15.6328360	-13.3748510
43388	 1.9848786	 1.9583862	 1.9866533	 1.9439560	 2.0028056	 1.2084295	 1.1971518	 1.2122731	 1.1929615	 1.2170125	 1.6425273	 1.6292387	 1.6494410	 1.6201546	 1.6614098	 0.0943789	 0.0915589	 0.0994301	 0.0897726	 0.1007966	-0.0552297	-0.0570960	-0.0526455	-0.0593487	-0.0506934	-15.1679010	-15.4538620	-14.2928990	-15.8252440	-13.8090190
43496	 1.0000000	 1.0000000	 1.0000000	 1.0000000	 1.0000000	 1.0000000	 1.0000000	 1.0000000	 1.0000000	 1.0000000	 1.0000000	 1.0000000	 1.0000000	 1.0000000	 1.0000000	 1.0000000	 1.0000000	 1.0000000	 1.0000000	 1.0000000	 1.0000000	 1.0000000	 1.0000000	 1.0000000	 1.0000000	 0.0000000	 0.0000000	 0.0000000	 0.0000000	 0.0000000
43497	 1.8150184	 1.7961860	 1.8194629	 1.7855369	 1.8287146	 1.1081798	 1.1008207	 1.1098029	 1.0988350	 1.1136539	 1.6378375	 1.6267307	 1.6437789	 1.6147718	 1.6537916	 0.1426567	 0.1409127	 0.1458512	 0.1385826	 0.1475670	-0.0306384	-0.0324710	-0.0294484	-0.0336940	-0.0281240	-6.0606389	-6.3062928	-5.8127745	-6.5175561	-5.4526762
43514	 2.2095293	 2.1753826	 2.2163625	 2.1491948	 2.2327984	 1.0965530	 1.0894427	 1.0964718	 1.0869516	 1.0996287	 2.0149774	 1.9918438	 2.0283877	 1.9722811	 2.0462985	 0.1404316	 0.1378472	 0.1440591	 0.1362988	 0.1451451	 0.1532102	 0.1522139	 0.1554033	 0.1498145	 0.1584910	23.7459030	23.4210940	24.0619780	23.3290970	24.1739430
43709	 2.3924834	 2.3546158	 2.3997696	 2.3360962	 2.4186350	 1.1294765	 1.1185395	 1.1301950	 1.1161237	 1.1338861	 2.1182233	 2.0978195	 2.1344711	 2.0762258	 2.1524938	 0.2065803	 0.2046539	 0.2110112	 0.2025726	 0.2139485	-0.0048024	-0.0063160	-0.0025032	-0.0073939	 0.0004078	-0.6658643	-0.8738252	-0.3421511	-1.0142467	 0.0557136
43832	 1.0000000	 1.0000000	 1.0000000	 1.0000000	 1.0000000	 1.0000000	 1.0000000	 1.0000000	 1.0000000	 1.0000000	 1.0000000	 1.0000000	 1.0000000	 1.0000000	 1.0000000	 1.0000000	 1.0000000	 1.0000000	 1.0000000	 1.0000000	 1.0000000	 1.0000000	 1.0000000	 1.0000000	 1.0000000	 0.0000000	 0.0000000	 0.0000000	 0.0000000	 0.0000000
43842	 1.9390845	 1.9147803	 1.9400358	 1.9040650	 1.9512134	 1.1785065	 1.1665472	 1.1816741	 1.1636223	 1.1881234	 1.6453745	 1.6354808	 1.6499331	 1.6299134	 1.6629637	 0.1071007	 0.1046963	 0.1126091	 0.1023612	 0.1142287	-0.0549696	-0.0571543	-0.0526062	-0.0588146	-0.0504230	-13.5846240	-13.8785880	-12.9080030	-14.2364740	-12.2196280
44387	 1.8078995	 1.7892396	 1.8095036	 1.7760349	 1.8210653	 1.1405967	 1.1292210	 1.1416060	 1.1267655	 1.1499684	 1.5850472	 1.5739992	 1.5926775	 1.5674889	 1.6018378	 0.1107961	 0.1097052	 0.1157893	 0.1049098	 0.1199244	-0.0532289	-0.0559460	-0.0508086	-0.0569536	-0.0483837	-12.8303300	-13.1547320	-12.1954000	-13.4313300	-11.6084540
44394	 1.7867792	 1.7660825	 1.7867203	 1.7554615	 1.7933001	 1.1000727	 1.0918934	 1.1013844	 1.0901179	 1.1047315	 1.6242375	 1.6103418	 1.6265101	 1.6032344	 1.6401807	 0.1425573	 0.1400449	 0.1455749	 0.1382078	 0.1472027	-0.0345262	-0.0363518	-0.0337621	-0.0382778	-0.0319124	-6.8072148	-7.1649579	-6.6769221	-7.3526737	-6.3783903
44403	 1.0000000	 1.0000000	 1.0000000	 1.0000000	 1.0000000	 1.0000000	 1.0000000	 1.0000000	 1.0000000	 1.0000000	 1.0000000	 1.0000000	 1.0000000	 1.0000000	 1.0000000	 1.0000000	 1.0000000	 1.0000000	 1.0000000	 1.0000000	 1.0000000	 1.0000000	 1.0000000	 1.0000000	 1.0000000	 0.0000000	 0.0000000	 0.0000000	 0.0000000	 0.0000000
44472	 1.9188295	 1.8911825	 1.9187275	 1.8831708	 1.9268345	 1.0850270	 1.0798814	 1.0859198	 1.0777851	 1.0885497	 1.7684625	 1.7499055	 1.7698897	 1.7400590	 1.7807873	 0.1283377	 0.1247938	 0.1304752	 0.1233852	 0.1322608	 0.1234676	 0.1221796	 0.1247041	 0.1206537	 0.1258782	21.9460010	21.6588430	22.4091290	21.4937200	22.5422040
44493	 1.8703598	 1.8526019	 1.8795090	 1.8433408	 1.8916063	 1.0857677	 1.0811827	 1.0862595	 1.0795925	 1.0869433	 1.7226162	 1.7125519	 1.7336826	 1.7029044	 1.7462060	 0.0474537	 0.0456506	 0.0500572	 0.0442956	 0.0509755	 0.1635003	 0.1626052	 0.1659528	 0.1606624	 0.1692298	36.9076800	36.5092850	37.2825870	36.3280040	37.4365930
44644	 1.9731783	 1.9403592	 1.9739801	 1.9276831	 1.9806792	 1.0913422	 1.0860200	 1.0924297	 1.0841159	 1.0945262	 1.8080291	 1.7852739	 1.8114531	 1.7684496	 1.8180850	 0.1376773	 0.1341256	 0.1398477	 0.1314033	 0.1416774	 0.1184321	 0.1171930	 0.1195052	 0.1157425	 0.1207581	20.3513080	20.1033160	20.7420440	19.9017400	20.9759230
44648	 1.0000000	 1.0000000	 1.0000000	 1.0000000	 1.0000000	 1.0000000	 1.0000000	 1.0000000	 1.0000000	 1.0000000	 1.0000000	 1.0000000	 1.0000000	 1.0000000	 1.0000000	 1.0000000	 1.0000000	 1.0000000	 1.0000000	 1.0000000	 1.0000000	 1.0000000	 1.0000000	 1.0000000	 1.0000000	 0.0000000	 0.0000000	 0.0000000	 0.0000000	 0.0000000
44755	 2.0338490	 2.0016688	 2.0360586	 1.9926499	 2.0514868	 1.1057627	 1.1009789	 1.1079910	 1.0989142	 1.1120916	 1.8393184	 1.8132419	 1.8427422	 1.8006880	 1.8587351	 0.1480749	 0.1438202	 0.1503271	 0.1419022	 0.1516551	 0.1029329	 0.1009681	 0.1036952	 0.0993946	 0.1059296	17.4023710	17.0901120	17.7437510	16.9500650	17.9056000
44984	 1.9081384	 1.8853077	 1.9125121	 1.8770746	 1.9282602	 1.1351059	 1.1256021	 1.1371454	 1.1235407	 1.1417273	 1.6810226	 1.6693100	 1.6892882	 1.6612497	 1.7028687	 0.1338417	 0.1317298	 0.1384114	 0.1301976	 0.1393434	-0.0504933	-0.0524826	-0.0486106	-0.0538977	-0.0465452	-10.3347780	-10.5810340	-9.9424810	-10.8489080	-9.6198505
45092	 1.9278613	 1.9023960	 1.9282574	 1.8891241	 1.9361719	 1.1632530	 1.1511711	 1.1651820	 1.1492709	 1.1680742	 1.6573018	 1.6470979	 1.6627679	 1.6323154	 1.6690429	 0.1146462	 0.1127627	 0.1193944	 0.1104657	 0.1209122	-0.0572237	-0.0592233	-0.0558746	-0.0607536	-0.0529656	-13.2626520	-13.5856450	-12.7685390	-13.8736700	-12.1940600
45097	 1.8856804	 1.8648107	 1.8864367	 1.8572537	 1.8977583	 1.1354635	 1.1257771	 1.1361890	 1.1231597	 1.1416949	 1.6607142	 1.6508555	 1.6677731	 1.6401917	 1.6757330	 0.1288972	 0.1268295	 0.1331941	 0.1255232	 0.1346276	-0.0527506	-0.0551873	-0.0510697	-0.0564829	-0.0489744	-11.1283110	-11.4982080	-10.7585360	-11.8941440	-10.2767340
45099	 1.5802346	 1.5677770	 1.5795658	 1.5623803	 1.5866074	 1.1007264	 1.0930860	 1.1014337	 1.0912616	 1.1036150	 1.4356288	 1.4298264	 1.4388831	 1.4272972	 1.4472542	 0.0969490	 0.0960381	 0.1006853	 0.0947275	 0.1017477	-0.0427749	-0.0445969	-0.0416791	-0.0458620	-0.0394640	-11.9037690	-12.1886230	-11.4353080	-12.4819160	-11.0880360
45105	 1.0000000	 1.0000000	 1.0000000	 1.0000000	 1.0000000	 1.0000000	 1.0000000	 1.0000000	 1.0000000	 1.0000000	 1.0000000	 1.0000000	 1.0000000	 1.0000000	 1.0000000	 1.0000000	 1.0000000	 1.0000000	 1.0000000	 1.0000000	 1.0000000	 1.0000000	 1.0000000	 1.0000000	 1.0000000	 0.0000000	 0.0000000	 0.0000000	 0.0000000	 0.0000000
45183	 1.0000000	 1.0000000	 1.0000000	 1.0000000	 1.0000000	 1.0000000	 1.0000000	 1.0000000	 1.0000000	 1.0000000	 1.0000000	 1.0000000	 1.0000000	 1.0000000	 1.0000000	 1.0000000	 1.0000000	 1.0000000	 1.0000000	 1.0000000	 1.0000000	 1.0000000	 1.0000000	 1.0000000	 1.0000000	 0.0000000	 0.0000000	 0.0000000	 0.0000000	 0.0000000
45209	 1.6776477	 1.6586483	 1.6784956	 1.6530625	 1.6858985	 1.1045509	 1.0937203	 1.1062993	 1.0915160	 1.1137227	 1.5188505	 1.5118668	 1.5219541	 1.5068984	 1.5307744	 0.0990193	 0.0976920	 0.1029020	 0.0947842	 0.1045527	-0.0737671	-0.0772462	-0.0722483	-0.0791280	-0.0694483	-18.3426280	-18.7479560	-18.0188520	-18.9486230	-17.6949720
45390	 1.0000000	 1.0000000	 1.0000000	 1.0000000	 1.0000000	 1.0000000	 1.0000000	 1.0000000	 1.0000000	 1.0000000	 1.0000000	 1.0000000	 1.0000000	 1.0000000	 1.0000000	 1.0000000	 1.0000000	 1.0000000	 1.0000000	 1.0000000	 1.0000000	 1.0000000	 1.0000000	 1.0000000	 1.0000000	 0.0000000	 0.0000000	 0.0000000	 0.0000000	 0.0000000
45474	 1.0000000	 1.0000000	 1.0000000	 1.0000000	 1.0000000	 1.0000000	 1.0000000	 1.0000000	 1.0000000	 1.0000000	 1.0000000	 1.0000000	 1.0000000	 1.0000000	 1.0000000	 1.0000000	 1.0000000	 1.0000000	 1.0000000	 1.0000000	 1.0000000	 1.0000000	 1.0000000	 1.0000000	 1.0000000	 0.0000000	 0.0000000	 0.0000000	 0.0000000	 0.0000000
45570	 2.2543590	 2.2304395	 2.2612931	 2.2166237	 2.2909287	 1.1005521	 1.0927188	 1.1018839	 1.0899205	 1.1066435	 2.0483892	 2.0329911	 2.0640855	 2.0218766	 2.0838034	 0.1975669	 0.1955279	 0.2014789	 0.1924430	 0.2032561	 0.0718410	 0.0710070	 0.0757459	 0.0692040	 0.0785068	 9.9913541	 9.7790822	10.5598830	 9.5824267	10.8857900
45576	 2.0948577	 2.0711839	 2.0984917	 2.0526082	 2.1098174	 1.1220888	 1.1164332	 1.1248970	 1.1141971	 1.1288874	 1.8669267	 1.8444573	 1.8740865	 1.8265984	 1.8840606	 0.1729253	 0.1690240	 0.1758489	 0.1659183	 0.1771171	 0.0412525	 0.0397491	 0.0414337	 0.0389197	 0.0424116	 6.7087552	 6.4061322	 6.8058354	 6.2350693	 6.9948298
45889	 1.7221544	 1.7056604	 1.7246374	 1.6972659	 1.7289598	 1.0964340	 1.0881816	 1.0974319	 1.0858027	 1.1028669	 1.5706868	 1.5642826	 1.5783845	 1.5588724	 1.5825564	 0.1227564	 0.1209411	 0.1260322	 0.1190175	 0.1274265	-0.0623688	-0.0659095	-0.0621358	-0.0674992	-0.0609568	-13.4668760	-13.9613650	-13.4307580	-14.1462960	-13.0872830
45924	 1.8052947	 1.7817921	 1.8062639	 1.7723378	 1.8156786	 1.0721346	 1.0669954	 1.0733079	 1.0657206	 1.0757017	 1.6838323	 1.6659989	 1.6874645	 1.6555153	 1.6945475	 0.1301248	 0.1270267	 0.1328459	 0.1259345	 0.1337232	 0.1084891	 0.1062763	 0.1091751	 0.1050041	 0.1107484	19.9095120	19.5328480	20.1109030	19.4098980	20.3382370
46085	 1.0000000	 1.0000000	 1.0000000	 1.0000000	 1.0000000	 1.0000000	 1.0000000	 1.0000000	 1.0000000	 1.0000000	 1.0000000	 1.0000000	 1.0000000	 1.0000000	 1.0000000	 1.0000000	 1.0000000	 1.0000000	 1.0000000	 1.0000000	 1.0000000	 1.0000000	 1.0000000	 1.0000000	 1.0000000	 0.0000000	 0.0000000	 0.0000000	 0.0000000	 0.0000000
46151	 1.7219598	 1.7049425	 1.7231721	 1.6945761	 1.7328265	 1.0669949	 1.0623218	 1.0683514	 1.0611202	 1.0701295	 1.6138401	 1.6005163	 1.6153620	 1.5948806	 1.6263507	 0.1194243	 0.1180151	 0.1219437	 0.1164105	 0.1228712	 0.1046458	 0.1022034	 0.1048565	 0.1010379	 0.1070809	20.6132680	20.1966170	20.6473540	19.9736300	21.0203100
46310	 1.6661641	 1.6464974	 1.6657555	 1.6413839	 1.6731728	 1.0592933	 1.0528954	 1.0602481	 1.0512231	 1.0635575	 1.5729015	 1.5603908	 1.5758302	 1.5528215	 1.5866665	 0.1529935	 0.1506578	 0.1556198	 0.1495551	 0.1576954	 0.0186738	 0.0166510	 0.0186538	 0.0155812	 0.0197360	 3.4794348	 3.0715004	 3.4820238	 2.8146205	 3.7358544
46491	 1.6359973	 1.6197789	 1.6347323	 1.6152048	 1.6451021	 1.0820780	 1.0732123	 1.0833174	 1.0705642	 1.0883409	 1.5119034	 1.5043976	 1.5150148	 1.4996026	 1.5216517	 0.1090312	 0.1077165	 0.1117847	 0.1068274	 0.1148342	-0.0732731	-0.0767307	-0.0713569	-0.0778836	-0.0690284	-16.9512960	-17.4665710	-16.5717960	-17.5909800	-16.2180220
46523	 1.7860083	 1.7675827	 1.7903718	 1.7552614	 1.8001600	 1.1038137	 1.0970830	 1.1065920	 1.0947696	 1.1101585	 1.6180342	 1.6058653	 1.6245496	 1.5980699	 1.6337243	 0.1357832	 0.1327700	 0.1384088	 0.1314754	 0.1395373	-0.0478210	-0.0504874	-0.0477950	-0.0516470	-0.0458129	-9.7007847	-10.1631880	-9.6526083	-10.3798070	-9.5126698
46702	 1.6757641	 1.6585280	 1.6763267	 1.6516551	 1.6874641	 1.0803531	 1.0708360	 1.0823188	 1.0687086	 1.0867307	 1.5511264	 1.5435069	 1.5552645	 1.5381505	 1.5603945	 0.1218727	 0.1204096	 0.1248408	 0.1194126	 0.1277236	-0.0698393	-0.0728756	-0.0680819	-0.0744993	-0.0665679	-14.9074520	-15.2536320	-14.6486490	-15.6247100	-14.3009640
46730	 1.0000000	 1.0000000	 1.0000000	 1.0000000	 1.0000000	 1.0000000	 1.0000000	 1.0000000	 1.0000000	 1.0000000	 1.0000000	 1.0000000	 1.0000000	 1.0000000	 1.0000000	 1.0000000	 1.0000000	 1.0000000	 1.0000000	 1.0000000	 1.0000000	 1.0000000	 1.0000000	 1.0000000	 1.0000000	 0.0000000	 0.0000000	 0.0000000	 0.0000000	 0.0000000
46758	 1.7254352	 1.7094017	 1.7287230	 1.7017077	 1.7373131	 1.1012007	 1.0939746	 1.1048654	 1.0924575	 1.1084157	 1.5668671	 1.5568537	 1.5697540	 1.5518977	 1.5781294	 0.1191894	 0.1163670	 0.1212370	 0.1150956	 0.1229717	-0.0632705	-0.0660819	-0.0624125	-0.0670086	-0.0603462	-13.9805680	-14.4123030	-13.9133300	-14.5809960	-13.6345740
46937	 1.8177566	 1.7977845	 1.8206430	 1.7899966	 1.8317499	 1.0526315	 1.0459600	 1.0528275	 1.0432413	 1.0562644	 1.7268694	 1.7161005	 1.7341603	 1.7061581	 1.7461129	 0.1772312	 0.1758010	 0.1815881	 0.1737260	 0.1832590	 0.0546264	 0.0533991	 0.0553195	 0.0521983	 0.0560361	 8.5652071	 8.2760701	 8.6394882	 8.0600494	 8.8119102
46972	 1.8286261	 1.8081411	 1.8290816	 1.7963887	 1.8372803	 1.0918872	 1.0840293	 1.0947530	 1.0826383	 1.0965231	 1.6747390	 1.6618318	 1.6787379	 1.6575387	 1.6889621	 0.1590364	 0.1566660	 0.1629911	 0.1553173	 0.1637163	-0.0102871	-0.0117490	-0.0073449	-0.0129872	-0.0050950	-1.8504756	-2.0886488	-1.3494172	-2.2874955	-0.9055766
46973	 1.7535026	 1.7354618	 1.7540377	 1.7288401	 1.7630957	 1.0754274	 1.0681385	 1.0767766	 1.0660390	 1.0809475	 1.6305169	 1.6200003	 1.6351871	 1.6114971	 1.6441007	 0.1582788	 0.1561549	 0.1618216	 0.1541146	 0.1633499	-0.0006740	-0.0020698	 0.0025085	-0.0032892	 0.0046961	-0.1219875	-0.3707735	 0.4530482	-0.5907573	 0.8352354
46974	 1.7618425	 1.7462999	 1.7655643	 1.7382806	 1.7741491	 1.0907845	 1.0835973	 1.0919419	 1.0819634	 1.0957824	 1.6152067	 1.6069957	 1.6224644	 1.5977133	 1.6326443	 0.1447138	 0.1426919	 0.1482448	 0.1414262	 0.1496484	-0.0347508	-0.0373636	-0.0341454	-0.0382228	-0.0320674	-6.7515206	-7.1434168	-6.5908975	-7.2982706	-6.3403017
47025	 1.5848522	 1.5691809	 1.5863858	 1.5619408	 1.5976837	 1.0701365	 1.0626073	 1.0732948	 1.0610287	 1.0767746	 1.4809813	 1.4730183	 1.4820053	 1.4700201	 1.4867051	 0.0971598	 0.0959156	 0.0986843	 0.0948251	 0.1005164	-0.0857923	-0.0885993	-0.0830837	-0.0892992	-0.0813339	-20.7222880	-21.0380970	-20.3400000	-21.3470580	-19.9937200
47040	 1.7577832	 1.7382454	 1.7578059	 1.7286456	 1.7628022	 1.0562621	 1.0501195	 1.0576783	 1.0485858	 1.0600498	 1.6641543	 1.6501245	 1.6664725	 1.6350203	 1.6775396	 0.1589287	 0.1560899	 0.1618401	 0.1537604	 0.1631459	 0.0681255	 0.0668249	 0.0692771	 0.0663293	 0.0705025	11.6013150	11.2851510	11.8635270	11.1109840	12.1548850
47271	 1.6861509	 1.6736189	 1.6890364	 1.6680835	 1.6979233	 1.1206472	 1.1151438	 1.1262041	 1.1129814	 1.1295704	 1.5046223	 1.4943534	 1.5065805	 1.4875018	 1.5097447	 0.1023410	 0.0977789	 0.1036432	 0.0961407	 0.1046303	-0.0499074	-0.0524966	-0.0494853	-0.0554571	-0.0475170	-12.9982650	-13.8116370	-13.0822120	-14.0767490	-12.8621850
47378	 1.5045752	 1.4931798	 1.5070648	 1.4863735	 1.5119719	 1.0530812	 1.0459619	 1.0539816	 1.0443954	 1.0565880	 1.4287362	 1.4229082	 1.4337341	 1.4199666	 1.4378915	 0.1104613	 0.1102497	 0.1136278	 0.1078845	 0.1157015	-0.0581612	-0.0607092	-0.0573894	-0.0623230	-0.0550600	-13.8840780	-14.2559540	-13.6255060	-14.3972720	-13.3229700
47584	 1.5928434	 1.5743517	 1.5905626	 1.5660587	 1.5953363	 1.0322961	 1.0260292	 1.0315102	 1.0252018	 1.0338644	 1.5430101	 1.5312581	 1.5445996	 1.5228234	 1.5494823	 0.1094875	 0.1082191	 0.1121946	 0.1057333	 0.1137573	 0.1171045	 0.1159176	 0.1179751	 0.1137445	 0.1194147	23.4626480	23.0909490	23.5915920	22.8864140	23.9391770
47653	 1.7118208	 1.6937625	 1.7159005	 1.6832557	 1.7240678	 1.0977489	 1.0928712	 1.1026272	 1.0914333	 1.1055982	 1.5593921	 1.5433118	 1.5593982	 1.5350968	 1.5696835	 0.1346930	 0.1304269	 0.1361298	 0.1283244	 0.1371450	-0.0062916	-0.0079921	-0.0041022	-0.0091062	-0.0028685	-1.3371861	-1.7017679	-0.9063018	-1.9362522	-0.6464870
47875	 1.5822312	 1.5670639	 1.5814147	 1.5592662	 1.5874576	 1.0458125	 1.0413232	 1.0466384	 1.0403583	 1.0485775	 1.5129207	 1.5017191	 1.5139225	 1.4947641	 1.5188506	 0.1183320	 0.1160597	 0.1203471	 0.1144557	 0.1215363	 0.0882407	 0.0866360	 0.0886203	 0.0858666	 0.0892814	18.3560240	18.0282350	18.4873470	17.8791810	18.8306170
48006	 1.4506759	 1.4203961	 1.4612707	 1.4144304	 1.4760547	 1.0110430	 1.0047770	 1.0123131	 1.0021226	 1.0151456	 1.4348310	 1.4143811	 1.4455303	 1.4097595	 1.4545441	-0.0076437	-0.0095239	-0.0068778	-0.0101830	-0.0061285	-0.1458656	-0.1487430	-0.1435725	-0.1500476	-0.1420600	-46.4998530	-46.8910190	-46.3314410	-47.0204640	-46.1981230
48070	 1.6357858	 1.6198813	 1.6335055	 1.6120617	 1.6525156	 1.0526436	 1.0475428	 1.0533431	 1.0462476	 1.0554003	 1.5539787	 1.5426536	 1.5563070	 1.5383979	 1.5718070	 0.1484707	 0.1458370	 0.1509105	 0.1446593	 0.1527019	 0.0379330	 0.0365894	 0.0391875	 0.0360040	 0.0405394	 7.1659882	 6.8618777	 7.4793994	 6.7398211	 7.7751437
48208	 1.5786093	 1.5696510	 1.5810763	 1.5642598	 1.5867535	 1.0584779	 1.0516702	 1.0584779	 1.0496612	 1.0628192	 1.4913954	 1.4885377	 1.4990826	 1.4837699	 1.5037336	 0.1174263	 0.1158995	 0.1198799	 0.1145064	 0.1207861	-0.0708022	-0.0756644	-0.0715581	-0.0769748	-0.0681923	-15.5439390	-16.2603450	-15.6626090	-16.4969540	-15.4141120
48252	 1.6961036	 1.6868095	 1.7009017	 1.6763664	 1.7094673	 1.0519374	 1.0461166	 1.0521803	 1.0430942	 1.0552326	 1.6123619	 1.6079822	 1.6232215	 1.5960790	 1.6281363	 0.1651440	 0.1649689	 0.1693313	 0.1607784	 0.1712374	-0.0046478	-0.0067071	-0.0038264	-0.0077101	-0.0027087	-0.8060488	-1.1385033	-0.6450550	-1.2773689	-0.4583706
48253	 1.0000000	 1.0000000	 1.0000000	 1.0000000	 1.0000000	 1.0000000	 1.0000000	 1.0000000	 1.0000000	 1.0000000	 1.0000000	 1.0000000	 1.0000000	 1.0000000	 1.0000000	 1.0000000	 1.0000000	 1.0000000	 1.0000000	 1.0000000	 1.0000000	 1.0000000	 1.0000000	 1.0000000	 1.0000000	 0.0000000	 0.0000000	 0.0000000	 0.0000000	 0.0000000
48262	 1.5712142	 1.5594149	 1.5730417	 1.5547133	 1.5789636	 1.0680007	 1.0621184	 1.0702058	 1.0604273	 1.0733392	 1.4711734	 1.4639067	 1.4727612	 1.4606542	 1.4801576	 0.1112240	 0.1101473	 0.1129744	 0.1090122	 0.1146228	-0.0639535	-0.0662745	-0.0611161	-0.0676221	-0.0600278	-14.9494020	-15.2640260	-14.4682560	-15.5143070	-14.2156030
48377	 1.0000000	 1.0000000	 1.0000000	 1.0000000	 1.0000000	 1.0000000	 1.0000000	 1.0000000	 1.0000000	 1.0000000	 1.0000000	 1.0000000	 1.0000000	 1.0000000	 1.0000000	 1.0000000	 1.0000000	 1.0000000	 1.0000000	 1.0000000	 1.0000000	 1.0000000	 1.0000000	 1.0000000	 1.0000000	 0.0000000	 0.0000000	 0.0000000	 0.0000000	 0.0000000
48445	 1.4479587	 1.4359711	 1.4483359	 1.4287830	 1.4573024	 1.0483600	 1.0429014	 1.0506812	 1.0415064	 1.0533595	 1.3811656	 1.3743954	 1.3816150	 1.3715907	 1.3860116	 0.0846691	 0.0835437	 0.0855329	 0.0827426	 0.0869245	-0.0777064	-0.0799969	-0.0757029	-0.0806241	-0.0748671	-21.2723140	-21.6970070	-21.0437080	-21.8466770	-20.7610270
48463	 1.3655505	 1.3553074	 1.3661828	 1.3516132	 1.3713001	 1.0440889	 1.0394521	 1.0460285	 1.0383448	 1.0482930	 1.3078872	 1.3029114	 1.3082028	 1.3004764	 1.3111546	 0.0747465	 0.0738455	 0.0752606	 0.0731159	 0.0767287	-0.0611774	-0.0630554	-0.0595661	-0.0640109	-0.0580990	-19.6495760	-20.0951040	-19.3681760	-20.3213830	-18.9604740
48464	 1.5121769	 1.4978227	 1.5139526	 1.4900497	 1.5193065	 1.0510988	 1.0453125	 1.0538833	 1.0416105	 1.0565671	 1.4386630	 1.4311828	 1.4386838	 1.4270454	 1.4422282	 0.0920080	 0.0906337	 0.0924966	 0.0898647	 0.0944681	-0.0891985	-0.0918222	-0.0870952	-0.0943027	-0.0859478	-22.0558670	-22.5293420	-21.7695400	-23.0517230	-21.5104440
48510	 1.5850200	 1.5672566	 1.5836729	 1.5622689	 1.5902722	 1.0290262	 1.0240199	 1.0298597	 1.0224967	 1.0317189	 1.5403106	 1.5289132	 1.5407558	 1.5225145	 1.5503930	 0.1304389	 0.1282148	 0.1327254	 0.1267270	 0.1339737	 0.0948630	 0.0931933	 0.0957973	 0.0924834	 0.0967638	18.0134490	17.6937610	18.2645770	17.5528370	18.5293740
48512	 1.6954151	 1.6806796	 1.6968266	 1.6704296	 1.7045794	 1.0457554	 1.0397712	 1.0457418	 1.0379918	 1.0492940	 1.6212349	 1.6126240	 1.6257756	 1.6081167	 1.6303186	 0.1657160	 0.1641643	 0.1684290	 0.1630037	 0.1702842	 0.0366315	 0.0354908	 0.0406426	 0.0337140	 0.0430609	 6.2323888	 6.0207582	 6.8968083	 5.7249215	 7.2920603
48540	 1.4279570	 1.4147777	 1.4314355	 1.4085567	 1.4362130	 1.0409699	 1.0350138	 1.0429124	 1.0325509	 1.0457934	 1.3717563	 1.3658099	 1.3728981	 1.3628534	 1.3754209	 0.0779552	 0.0769725	 0.0783059	 0.0764348	 0.0792001	-0.0856647	-0.0882160	-0.0841158	-0.0892750	-0.0831300	-23.8488420	-24.3378810	-23.6141470	-24.6706560	-23.3535950
48573	 1.0000000	 1.0000000	 1.0000000	 1.0000000	 1.0000000	 1.0000000	 1.0000000	 1.0000000	 1.0000000	 1.0000000	 1.0000000	 1.0000000	 1.0000000	 1.0000000	 1.0000000	 1.0000000	 1.0000000	 1.0000000	 1.0000000	 1.0000000	 1.0000000	 1.0000000	 1.0000000	 1.0000000	 1.0000000	 0.0000000	 0.0000000	 0.0000000	 0.0000000	 0.0000000
48834	 1.6183479	 1.6074017	 1.6226478	 1.6019464	 1.6295970	 1.0624952	 1.0565707	 1.0640023	 1.0549871	 1.0677238	 1.5231575	 1.5188935	 1.5298394	 1.5134102	 1.5331195	 0.1192343	 0.1169374	 0.1204696	 0.1157848	 0.1212597	-0.0777146	-0.0825047	-0.0786505	-0.0839659	-0.0757827	-16.5477550	-17.3844920	-16.7753600	-17.6775480	-16.4839580
48984	 1.5910623	 1.5805294	 1.5974324	 1.5709917	 1.6031905	 1.0649074	 1.0597663	 1.0685276	 1.0577629	 1.0709875	 1.4940852	 1.4881373	 1.4986271	 1.4812296	 1.5045719	 0.1099973	 0.1079184	 0.1112887	 0.1066308	 0.1126486	-0.0780443	-0.0814007	-0.0772066	-0.0836763	-0.0755038	-17.6780680	-18.1860170	-17.6648570	-18.5723110	-17.4956390
49057	 1.5858646	 1.5700688	 1.5860495	 1.5658994	 1.5922973	 1.0554429	 1.0495516	 1.0570023	 1.0480102	 1.0602901	 1.5025584	 1.4917640	 1.5044824	 1.4854808	 1.5100523	 0.1368440	 0.1345273	 0.1386878	 0.1329588	 0.1398948	-0.0338523	-0.0365312	-0.0325928	-0.0375891	-0.0306244	-6.9474085	-7.4076173	-6.7761676	-7.5721031	-6.4410060
49236	 1.5859265	 1.5710922	 1.5848990	 1.5647928	 1.5899821	 1.0364727	 1.0313796	 1.0375385	 1.0300619	 1.0399221	 1.5301188	 1.5202455	 1.5306500	 1.5141075	 1.5385210	 0.1535099	 0.1511087	 0.1559318	 0.1502474	 0.1573052	 0.0256214	 0.0240676	 0.0277353	 0.0232181	 0.0288015	 4.7377805	 4.4412580	 5.1430979	 4.1982194	 5.3083910
49281	 1.0000000	 1.0000000	 1.0000000	 1.0000000	 1.0000000	 1.0000000	 1.0000000	 1.0000000	 1.0000000	 1.0000000	 1.0000000	 1.0000000	 1.0000000	 1.0000000	 1.0000000	 1.0000000	 1.0000000	 1.0000000	 1.0000000	 1.0000000	 1.0000000	 1.0000000	 1.0000000	 1.0000000	 1.0000000	 0.0000000	 0.0000000	 0.0000000	 0.0000000	 0.0000000
49431	 1.4900723	 1.4764526	 1.4895062	 1.4689328	 1.5017832	 1.0452909	 1.0395661	 1.0464764	 1.0380086	 1.0505892	 1.4255097	 1.4165312	 1.4266952	 1.4139040	 1.4294178	 0.0917197	 0.0905639	 0.0921910	 0.0895482	 0.0931610	-0.0886858	-0.0911691	-0.0869758	-0.0921882	-0.0860246	-22.0182760	-22.4322340	-21.8664340	-22.7333960	-21.6334590
49545	 1.0000000	 1.0000000	 1.0000000	 1.0000000	 1.0000000	 1.0000000	 1.0000000	 1.0000000	 1.0000000	 1.0000000	 1.0000000	 1.0000000	 1.0000000	 1.0000000	 1.0000000	 1.0000000	 1.0000000	 1.0000000	 1.0000000	 1.0000000	 1.0000000	 1.0000000	 1.0000000	 1.0000000	 1.0000000	 0.0000000	 0.0000000	 0.0000000	 0.0000000	 0.0000000
49702	 1.4769856	 1.4627130	 1.4764575	 1.4570537	 1.4813121	 1.0367275	 1.0314905	 1.0381727	 1.0283130	 1.0406106	 1.4246613	 1.4166945	 1.4240048	 1.4133313	 1.4290042	 0.0938850	 0.0923187	 0.0938841	 0.0917327	 0.0952098	-0.0918269	-0.0944957	-0.0904858	-0.0960749	-0.0892009	-22.1825380	-22.7311450	-22.0714550	-23.0581100	-21.8708070
49721	 1.4779824	 1.4658966	 1.4791207	 1.4607846	 1.4859097	 1.0566007	 1.0520624	 1.0600626	 1.0509515	 1.0618755	 1.3988089	 1.3914910	 1.3990789	 1.3871218	 1.4025984	 0.0893220	 0.0870004	 0.0892777	 0.0854267	 0.0903781	-0.0736477	-0.0763674	-0.0720680	-0.0769130	-0.0707164	-19.7531090	-20.4345950	-19.7982220	-20.6719820	-19.4968670
49723	 1.4755397	 1.4625754	 1.4742546	 1.4586784	 1.4808489	 1.0538291	 1.0488575	 1.0562301	 1.0477078	 1.0586318	 1.4001699	 1.3925838	 1.4003932	 1.3896023	 1.4054733	 0.0917033	 0.0898945	 0.0920543	 0.0887028	 0.0934077	-0.0732397	-0.0756350	-0.0714971	-0.0770493	-0.0699071	-19.3064650	-19.8642800	-19.2029310	-20.0324510	-18.9272900
49752	 1.0000000	 1.0000000	 1.0000000	 1.0000000	 1.0000000	 1.0000000	 1.0000000	 1.0000000	 1.0000000	 1.0000000	 1.0000000	 1.0000000	 1.0000000	 1.0000000	 1.0000000	 1.0000000	 1.0000000	 1.0000000	 1.0000000	 1.0000000	 1.0000000	 1.0000000	 1.0000000	 1.0000000	 1.0000000	 0.0000000	 0.0000000	 0.0000000	 0.0000000	 0.0000000
49991	 1.0000000	 1.0000000	 1.0000000	 1.0000000	 1.0000000	 1.0000000	 1.0000000	 1.0000000	 1.0000000	 1.0000000	 1.0000000	 1.0000000	 1.0000000	 1.0000000	 1.0000000	 1.0000000	 1.0000000	 1.0000000	 1.0000000	 1.0000000	 1.0000000	 1.0000000	 1.0000000	 1.0000000	 1.0000000	 0.0000000	 0.0000000	 0.0000000	 0.0000000	 0.0000000
50000	 1.4844633	 1.4731982	 1.4844944	 1.4686230	 1.4891009	 1.0335066	 1.0302646	 1.0342162	 1.0295413	 1.0368539	 1.4363365	 1.4271307	 1.4382406	 1.4230094	 1.4411941	 0.1238511	 0.1212815	 0.1253997	 0.1201162	 0.1259293	 0.0554122	 0.0541128	 0.0567688	 0.0534722	 0.0575995	12.0520960	11.7837200	12.5039990	11.6208660	12.7601830
50020	 1.0000000	 1.0000000	 1.0000000	 1.0000000	 1.0000000	 1.0000000	 1.0000000	 1.0000000	 1.0000000	 1.0000000	 1.0000000	 1.0000000	 1.0000000	 1.0000000	 1.0000000	 1.0000000	 1.0000000	 1.0000000	 1.0000000	 1.0000000	 1.0000000	 1.0000000	 1.0000000	 1.0000000	 1.0000000	 0.0000000	 0.0000000	 0.0000000	 0.0000000	 0.0000000
50290	 1.0000000	 1.0000000	 1.0000000	 1.0000000	 1.0000000	 1.0000000	 1.0000000	 1.0000000	 1.0000000	 1.0000000	 1.0000000	 1.0000000	 1.0000000	 1.0000000	 1.0000000	 1.0000000	 1.0000000	 1.0000000	 1.0000000	 1.0000000	 1.0000000	 1.0000000	 1.0000000	 1.0000000	 1.0000000	 0.0000000	 0.0000000	 0.0000000	 0.0000000	 0.0000000
50379	 1.4584576	 1.4493297	 1.4593821	 1.4445218	 1.4652030	 1.0284351	 1.0233167	 1.0288827	 1.0221837	 1.0317967	 1.4181329	 1.4139635	 1.4220940	 1.4105938	 1.4280660	 0.1253624	 0.1249964	 0.1276311	 0.1240037	 0.1303415	-0.0461849	-0.0483907	-0.0447605	-0.0491720	-0.0434336	-10.1121740	-10.4559080	-9.7939489	-10.6385730	-9.5950535
50802	 1.5198047	 1.5100315	 1.5219495	 1.5048827	 1.5271105	 1.0232304	 1.0177136	 1.0233574	 1.0158766	 1.0271688	 1.4853005	 1.4805649	 1.4901892	 1.4751232	 1.4974816	 0.1386238	 0.1381405	 0.1417141	 0.1368169	 0.1434649	-0.0623890	-0.0648872	-0.0607921	-0.0655749	-0.0589379	-12.1152880	-12.3977070	-11.7764010	-12.5614700	-11.5693930
51076	 1.4861443	 1.4748986	 1.4884784	 1.4684831	 1.4942722	 1.0163189	 1.0094396	 1.0175332	 1.0070822	 1.0196663	 1.4622815	 1.4577795	 1.4656814	 1.4516981	 1.4714142	 0.1236097	 0.1225944	 0.1253725	 0.1218295	 0.1268824	-0.0850452	-0.0888092	-0.0845232	-0.0910810	-0.0828818	-17.2642550	-17.7048730	-17.2232820	-17.9942420	-17.0386320
51398	 1.5071641	 1.4956411	 1.5057410	 1.4914230	 1.5096096	 1.0224505	 1.0179968	 1.0232098	 1.0160572	 1.0261818	 1.4740705	 1.4673944	 1.4749078	 1.4615612	 1.4791884	 0.1494202	 0.1476638	 0.1517401	 0.1460699	 0.1525876	 0.0109986	 0.0087857	 0.0112175	 0.0079580	 0.0127961	 2.1049316	 1.6771206	 2.1675630	 1.5133276	 2.4879467
51435	 1.4572851	 1.4460450	 1.4558716	 1.4432255	 1.4611161	 1.0181759	 1.0127123	 1.0183396	 1.0102805	 1.0201981	 1.4312705	 1.4265128	 1.4323043	 1.4221277	 1.4367072	 0.1378269	 0.1369505	 0.1404265	 0.1357267	 0.1421921	-0.0330509	-0.0348780	-0.0316703	-0.0357761	-0.0300465	-6.7424571	-7.0628799	-6.4416677	-7.2750925	-6.1024867
51572	 1.0000000	 1.0000000	 1.0000000	 1.0000000	 1.0000000	 1.0000000	 1.0000000	 1.0000000	 1.0000000	 1.0000000	 1.0000000	 1.0000000	 1.0000000	 1.0000000	 1.0000000	 1.0000000	 1.0000000	 1.0000000	 1.0000000	 1.0000000	 1.0000000	 1.0000000	 1.0000000	 1.0000000	 1.0000000	 0.0000000	 0.0000000	 0.0000000	 0.0000000	 0.0000000
51660	 1.4720950	 1.4613597	 1.4721947	 1.4576057	 1.4782251	 1.0182040	 1.0128458	 1.0188929	 1.0115077	 1.0220168	 1.4457761	 1.4400509	 1.4475400	 1.4363373	 1.4538416	 0.1397359	 0.1387218	 0.1418278	 0.1378412	 0.1446895	-0.0395521	-0.0416821	-0.0376026	-0.0422058	-0.0363548	-7.9020539	-8.2280159	-7.5276702	-8.3891053	-7.3324963
51704	 1.0000000	 1.0000000	 1.0000000	 1.0000000	 1.0000000	 1.0000000	 1.0000000	 1.0000000	 1.0000000	 1.0000000	 1.0000000	 1.0000000	 1.0000000	 1.0000000	 1.0000000	 1.0000000	 1.0000000	 1.0000000	 1.0000000	 1.0000000	 1.0000000	 1.0000000	 1.0000000	 1.0000000	 1.0000000	 0.0000000	 0.0000000	 0.0000000	 0.0000000	 0.0000000
52621	 1.4544239	 1.4456344	 1.4553090	 1.4423448	 1.4617654	 1.0115502	 1.0066921	 1.0111985	 1.0050541	 1.0142234	 1.4378164	 1.4326565	 1.4409467	 1.4298691	 1.4481874	 0.1421483	 0.1413527	 0.1448526	 0.1400595	 0.1475563	-0.0356121	-0.0374349	-0.0335650	-0.0384015	-0.0329073	-7.0323534	-7.3127746	-6.6197895	-7.4796256	-6.4775073
53041	 1.0000000	 1.0000000	 1.0000000	 1.0000000	 1.0000000	 1.0000000	 1.0000000	 1.0000000	 1.0000000	 1.0000000	 1.0000000	 1.0000000	 1.0000000	 1.0000000	 1.0000000	 1.0000000	 1.0000000	 1.0000000	 1.0000000	 1.0000000	 1.0000000	 1.0000000	 1.0000000	 1.0000000	 1.0000000	 0.0000000	 0.0000000	 0.0000000	 0.0000000	 0.0000000
53362	 1.3857782	 1.3750453	 1.3853443	 1.3725521	 1.3908466	 1.0102946	 1.0057077	 1.0101986	 1.0043431	 1.0128273	 1.3716575	 1.3661979	 1.3728412	 1.3624126	 1.3764156	 0.1296648	 0.1285737	 0.1315994	 0.1275014	 0.1332166	-0.0136627	-0.0151484	-0.0121469	-0.0156726	-0.0113621	-3.0075169	-3.2943881	-2.6649670	-3.4326727	-2.5062073
53845	 1.3982365	 1.3870334	 1.3971799	 1.3842718	 1.4043726	 1.0061726	 1.0012353	 1.0064928	 0.9997660	 1.0086393	 1.3896586	 1.3839660	 1.3907184	 1.3800439	 1.3930747	 0.1322252	 0.1313503	 0.1337217	 0.1303894	 0.1349264	-0.0363548	-0.0381850	-0.0350313	-0.0388497	-0.0339149	-7.6866907	-8.0237378	-7.4402023	-8.1700608	-7.2573133
60010	34.9532970	33.9995610	43.9787910	29.5593390	50.6487140	 1.6523356	 1.5894627	 1.6633805	 1.5711893	 1.6876199	-21.1553680	-26.6260370	-21.3396820	-30.3707020	-18.1489350	-0.2148299	-0.2152196	-0.2080198	-0.2175645	-0.2054129	-0.2455168	-0.2579903	-0.2432655	-0.2651428	-0.2381379	-65.5931410	-65.5331940	-64.7270470	-65.7827490	-64.0918410
60018	 6.3060479	 5.9986697	 6.4594261	 5.7991461	 6.6713949	 1.7872550	 1.7570328	 1.7929451	 1.7462269	 1.8093811	 3.5283349	 3.3864789	 3.6427088	 3.2785557	 3.7175061	-0.1062725	-0.1116810	-0.1011120	-0.1143092	-0.0974562	-0.0881114	-0.0931528	-0.0875439	-0.0952203	-0.0856655	-70.1687960	-70.2164560	-69.4157790	-70.8863950	-68.9521180
60032	 1.0000000	 1.0000000	 1.0000000	 1.0000000	 1.0000000	 1.0000000	 1.0000000	 1.0000000	 1.0000000	 1.0000000	 1.0000000	 1.0000000	 1.0000000	 1.0000000	 1.0000000	 1.0000000	 1.0000000	 1.0000000	 1.0000000	 1.0000000	 1.0000000	 1.0000000	 1.0000000	 1.0000000	 1.0000000	 0.0000000	 0.0000000	 0.0000000	 0.0000000	 0.0000000
60040	10.1639380	 9.0342525	10.6967170	 8.4257932	11.4206900	 1.7672872	 1.6816909	 1.8397569	 1.6461872	 1.8709835	 5.7511634	 5.3138440	 5.8639529	 5.0978334	 6.1217652	 0.0688590	 0.0672795	 0.0772928	 0.0626586	 0.0816323	-0.1834852	-0.1897357	-0.1688160	-0.1948957	-0.1672706	-34.7148550	-34.9133130	-32.8503010	-35.5714300	-32.0593540
60046	36.8661640	30.5497190	46.4746800	24.5923830	56.7381190	 1.9027725	 1.7155151	 2.0906125	 1.6295819	 2.1231103	-19.3749690	-24.4942160	-15.8592460	-31.9586740	-13.5333840	-0.2302720	-0.2545728	-0.2112139	-0.2736189	-0.2013120	-0.1739361	-0.1870041	-0.1636850	-0.1937675	-0.1575876	-71.4671990	-71.9124810	-70.7584820	-72.4531350	-70.3186000
60053	101.9162200	85.6086720	423.0660400	70.9947660	2342.6118000	 1.9356180	 1.8232765	 1.9393219	 1.7677941	 1.9713586	-52.6596140	-143.4279400	-42.2099240	-1046.3813000	674.3161600	-0.1428847	-0.1479168	-0.1419287	-0.1522403	-0.1392118	-0.2265090	-0.2445135	-0.2201917	-0.2533272	-0.2160550	-61.1221210	-61.8794170	-60.3821600	-62.4352150	-59.6286640
60055	 7.7705121	 6.8913081	 7.8341782	 6.6059502	 8.2382525	 1.9035943	 1.8121960	 1.9081955	 1.7736308	 1.9366571	 4.0820238	 3.8157294	 4.1115186	 3.7141312	 4.3018935	-0.1077272	-0.1123289	-0.1064035	-0.1138873	-0.1036727	-0.0896842	-0.0965974	-0.0869153	-0.1023447	-0.0803194	-70.1110950	-70.9735420	-69.1856760	-71.9988780	-68.5612860
60061	14.2062720	13.1219410	16.3747470	12.2150780	17.0952390	 1.7300292	 1.6061444	 1.7337574	 1.5733002	 1.7896299	-8.2115966	-9.5351917	-8.0437682	-10.2967500	-7.3333105	-0.2488717	-0.2625967	-0.2454747	-0.2674910	-0.2419065	-0.2459558	-0.2606234	-0.2418442	-0.2718719	-0.2327077	-67.6688170	-67.9427450	-67.3415890	-68.1500490	-67.1210660
60064	 1.0000000	 1.0000000	 1.0000000	 1.0000000	 1.0000000	 1.0000000	 1.0000000	 1.0000000	 1.0000000	 1.0000000	 1.0000000	 1.0000000	 1.0000000	 1.0000000	 1.0000000	 1.0000000	 1.0000000	 1.0000000	 1.0000000	 1.0000000	 1.0000000	 1.0000000	 1.0000000	 1.0000000	 1.0000000	 0.0000000	 0.0000000	 0.0000000	 0.0000000	 0.0000000
60067	63.0191490	51.9782700	81.1403460	46.1950630	114.3413900	 1.6162663	 1.5617130	 1.6154218	 1.5391174	 1.6373512	-38.9918270	-53.2822050	-32.5913720	-74.2953530	-28.7951850	-0.2063984	-0.2081186	-0.2015072	-0.2120465	-0.1979032	-0.2473832	-0.2638154	-0.2465345	-0.2682721	-0.2394036	-64.9195690	-64.9873550	-63.7645430	-65.2176570	-63.2023200
60070	 1.0000000	 1.0000000	 1.0000000	 1.0000000	 1.0000000	 1.0000000	 1.0000000	 1.0000000	 1.0000000	 1.0000000	 1.0000000	 1.0000000	 1.0000000	 1.0000000	 1.0000000	 1.0000000	 1.0000000	 1.0000000	 1.0000000	 1.0000000	 1.0000000	 1.0000000	 1.0000000	 1.0000000	 1.0000000	 0.0000000	 0.0000000	 0.0000000	 0.0000000	 0.0000000
60076	90.1416080	51.5232760	89.0647820	36.7956570	121.4240600	 2.3895250	 2.2469219	 2.3772843	 2.1626121	 2.4455351	37.7242860	22.7192620	38.1337640	17.1768790	51.0549210	-0.1677553	-0.1782906	-0.1614868	-0.1872481	-0.1596464	-0.1013471	-0.1105007	-0.0917730	-0.1125296	-0.0823361	-74.4311400	-76.2214120	-73.1544670	-77.9854960	-72.5207360
60079	 1.0000000	 1.0000000	 1.0000000	 1.0000000	 1.0000000	 1.0000000	 1.0000000	 1.0000000	 1.0000000	 1.0000000	 1.0000000	 1.0000000	 1.0000000	 1.0000000	 1.0000000	 1.0000000	 1.0000000	 1.0000000	 1.0000000	 1.0000000	 1.0000000	 1.0000000	 1.0000000	 1.0000000	 1.0000000	 0.0000000	 0.0000000	 0.0000000	 0.0000000	 0.0000000
60081	13.1875650	11.7207480	14.0435660	10.7560300	15.1153400	 1.6651869	 1.6014407	 1.6767450	 1.5781638	 1.6999337	-7.9196075	-8.4347328	-7.4043530	-9.0414991	-6.6616522	-0.2777280	-0.2884834	-0.2733568	-0.2926288	-0.2706268	-0.2343661	-0.2480150	-0.2306700	-0.2532034	-0.2261903	-69.9200030	-70.0189330	-69.5663590	-70.2019520	-69.3568240
60084	 1.0000000	 1.0000000	 1.0000000	 1.0000000	 1.0000000	 1.0000000	 1.0000000	 1.0000000	 1.0000000	 1.0000000	 1.0000000	 1.0000000	 1.0000000	 1.0000000	 1.0000000	 1.0000000	 1.0000000	 1.0000000	 1.0000000	 1.0000000	 1.0000000	 1.0000000	 1.0000000	 1.0000000	 1.0000000	 0.0000000	 0.0000000	 0.0000000	 0.0000000	 0.0000000
60141	 1.5604206	 1.5441537	 1.5625943	 1.5362347	 1.5672825	 1.0672385	 1.0628692	 1.0674468	 1.0615569	 1.0689203	 1.4621105	 1.4493779	 1.4652421	 1.4414647	 1.4698799	-0.1234873	-0.1255520	-0.1203238	-0.1274410	-0.1187501	 0.0275696	 0.0272819	 0.0300752	 0.0261777	 0.0314471	83.7073000	82.9978840	83.8825650	82.6863590	84.1356580
60157	 1.9488461	 1.9194603	 1.9527614	 1.8962653	 1.9640163	 1.2760990	 1.2670407	 1.2772542	 1.2607425	 1.2817504	 1.5271902	 1.5154445	 1.5297981	 1.5036536	 1.5354884	-0.0185558	-0.0205786	-0.0149197	-0.0217209	-0.0130139	 0.0616902	 0.0609125	 0.0628520	 0.0597279	 0.0649034	53.3703830	51.6251270	54.3171850	50.8610810	54.6905280
