5.214729628916703
10.733517096345
3.844349838644394
-9.545952804275414
7.918573678625587
-11.144852325389266
-12.450029308409443
12.199682756623798
12.204872485364534
-2.933865823970973
8.953891982738531
3.9222329897230166
-4.445153261881764
-0.7740438331737125
-5.814422517221451
10.824734015163997
17.007063255903574
-9.178771753309581
-1.4971727294998871
2.827803685134956
-9.728448190808573
1.7054133754124148
5.019275792266808
4.476431546279172
5.003209177611987
-9.851420895714522
-7.630413689221003
2.586010216641203
-9.023050329156707
7.9456450342594325
5.325185546227131
-2.5611492150780033
0.3888000769465203
13.768061948235509
-28.091924566349892
-3.0462062901413427
8.288873449044333
11.307565969199521
0.30771529989764124
-14.191367026283574
-5.867617562952
4.790540171561725
-6.708105367235612
4.065070255568843
-0.7428733143198518
2.3143016718108074
5.182142269575457
-6.963876072851796
-15.080530275916106
-4.603199897852856
-1.631152179375375
9.686977229343505
9.62405571001032
-3.474362439299662
-4.179286299797979
-9.721194989422779
-10.1179955880458
1.0295807283289382
6.926794029587211
7.915902171055109
9.549993139788123
-11.951387399364025
-11.360249066159316
3.7889669387890463
2.1091037475736205
4.61048944878729
13.269396316301188
-4.443170895669948
-0.25852769582717633
-7.925928241927921
-6.738365017921399
0.7304425779676054
10.180290644536223
1.689572158742912
6.699568758031256
-5.973361740711152
-6.349360823041424
3.755185455144846
-7.250368483522376
2.036750418020348
-1.2440399580148171
-1.1716363997851245
1.8406355380628385
-7.349143657897961
-8.206878556797985
1.7688020013242927
4.737179293472979
3.039920239596814
2.087817021611535
0.9109081759305125
-11.253627325355353
-1.2986867452051416
-5.832411095758579
8.603962644505314
5.2942339907300955
3.549143570471752
-3.8193212862585604
-2.739104096585584
-14.359696147348878
3.379886631298703
4.734170484415794
-0.6106965735088015
6.136285483309749
-2.817649940781253
-5.856429138395836
2.568123664720998
-10.619131135299709
3.7036416901880536
12.719180853380276
0.5679649380673265
-7.3350601037978445
0.1003224402148002
-4.5127194993860265
-6.967337705629534
4.526898520451571
-5.654123722648826
7.158934717572541
3.4751270464907997
-0.5184358037299901
-6.976975066918917
3.8223418967988683
-5.157581679351842
8.485196740497987
0.9425946745292496
-7.511144965054122
-0.5515721330620403
-5.010789706403016
-10.41373162972704
5.005836279790445
-0.45206279364603286
11.56371239868005
6.364339600940042
-7.6933219732873415
-10.859369764370038
1.3443354612329048
2.809449846617239
4.470825252690385
3.8054992956604887
-0.49270061528505815
6.454462413737748
-3.081280759925363
-4.231721787067715
-2.532615650316893
9.438717012892372
-2.7837638123718995
5.107971352966593
-5.7384483502653465
-6.585723832078229
-1.6547226418230623
2.7823930450144703
-4.205991987308814
7.53438059828148
1.396360118731015
-9.496694479602645
7.243100801574453
-8.763066549280207
-10.805102407807263
21.53748052333972
6.029671749037125
-8.125271348579016
1.544896571915894
-4.246288918688988
-5.537414326100949
-3.292059975351571
12.13607951062107
5.127229971149584
7.886209387397481
-3.9457159395475836
-2.8297828766691997
-1.3018075563124667
-8.61462360025518
0.5873221892839864
13.741955299316942
-9.605093640779234
-6.327116482532692
8.276736166934988
-2.2455906262903076
-2.8840645123820847
5.93599391504976
7.583387085897822
-8.399628903754339
-1.1668676230554853
-10.295409220128944
0.6055203925772998
2.3505714222979717
-0.9532553721286173
9.11127583173951
8.767130096805277
-5.2898992426489535
-6.226204657607368
2.9794546031883016
7.950594507900061
0.6471795252591435
19.928651683681736
-7.77236912711435
-6.203823087190985
13.285849657309717
-10.816394176371984
-12.704248570384758
8.201382180273379
-2.7363007113871403
10.927479009589792
-3.1659867788988216
-17.53373482201422
14.54866176468609
3.8345734263326343
-10.22650149368397
9.090304418641058
3.552915563532789
-9.997351437671432
-0.08751447325134401
-1.324797158925646
-6.904090436621048
1.9906089948372148
1.5029669221267223
-2.064111417434396
1.5872636974789058
-9.25966117192942
3.636118758855802
0.6337026199918544
-0.5577988097392028
-1.3034599094772161
7.95117693391207
2.564213805942051
-1.019040350245553
1.639759031972077
-1.813343483295624
-0.8121153005275163
7.252715720410805
3.195903584034615
-4.891709367294204
-2.5988829404502227
-4.517077239963247
-1.168885210735458
0.2437292893660916
-0.2879144644263685
3.9695946605986157
6.289443852612463
-7.751253927287787
-7.164322397045734
-3.183750457643353
2.1636747589936367
-7.358819358120237
2.2711179488639632
-6.088488774315433
2.9371147090674863
7.912154125602088
-4.069448544760961
-4.720597231212454
15.660180366126797
-1.7035866740020063
-4.221667465629093
-2.6329970550067694
-1.168548544519469
4.717214192675127
-4.4501146551755
-2.6587707652852193
0.21919268564214714
-1.484352756421919
-4.065216341911319
6.13148750771779
-12.511074904578836
-2.6903609231277352
5.012625975864475
2.085163958856761
-7.139328798890676
2.49118586616665
-2.259998516776748
0.2783847335353173
0.4373321525650817
-7.579526264988979
8.851831304668302
-1.1394786407829218
-7.199656110733304
6.083834111950034
5.411184183739444
-5.2117191165952175
9.671906638551
-9.875297319114704
-2.615118456402428
1.6097270737673712
-4.131574862764203
-4.219761573259666
8.959288429059908
-3.694234532349844
1.500405184950764
3.58105030261931
-9.112708823434213
-3.756719194407158
5.759774319393692
6.96577988879361
1.5955064890668642
-9.936757670263663
-5.977169329017341
13.793183785521608
1.351739540801106
-8.60455721954433
-4.178874669094917
4.137677157642065
1.8479215807380729
1.400344373756771
-10.478866488204487
1.4832568298534055
0.9967565553485139
1.7157847291061565
2.220120786902885
9.87903380210199
-7.478864309593653
6.994829745212491
-5.550825707774903
-11.29242128966156
4.602752657683588
13.96391698368566
-4.398229073591982
0.33650939359789006
6.956267337079468
7.124238920445739
8.763378816062229
-1.2145108863741123
-8.308654248674445
6.3154496553820385
-1.0313305909030848
1.1124292169009364
-2.2564973467275506
-5.903375898027239
4.068901714862422
7.613538033217581
-2.861531314969672
6.0133318711050245
11.323529672137537
-20.951768727723966
3.474738835876443
-2.901283673537609
-6.2991746982774846
-0.7593022102359039
2.8124515487650723
-3.723234122919106
-2.389286608833408
-4.839640053958079
3.6452472348616065
6.108091069212447
-10.188369637990006
-1.1227390858879627
14.685041062392573
-8.119590588408606
-3.610721318626847
3.7882650062026406
5.329495643870096
-2.489334680207258
-5.839116155717317
6.989154789434343
5.684131225510487
-2.504731415869165
-1.41039366884166
6.170223402297263
-6.779712634244392
-0.1260990654569879
10.306056255119364
1.524527384332011
-6.193198128722518
2.1399103444524075
-5.9777105937813015
1.4458094551753082
-0.46116876141656804
2.861436842988337
3.2833355753955353
1.2741236031003058
-1.2189298303522063
-0.7756718517764083
-13.074203187239034
-0.6677231264130636
5.27144727465136
-0.35306123156431196
1.6425846970388012
-0.2569278037557656
-10.162351376867564
5.256523086643676
-6.5541463966202755
-0.031104066660492622
5.733524681367985
-7.6235550304988235
-0.28221510146051504
-0.5163820265895621
-4.016368151778407
0.5050300974598694
1.4107761042767961
1.3899500619346796
6.709766419427608
0.6894634017803857
-5.904981372964285
2.2829272523017328
-2.871571721503544
-3.9186113192711254
3.9905945176587436
-9.575339875697301
-0.16406316818838937
-0.18056247770226697
5.367477579198094
-7.433529530885812
-6.554520326729253
-0.7590624480066571
0.552183821044213
-4.140902659955251
-2.35991307573446
0.6765146256445024
2.786891169231579
-1.0942886132882017
-0.9299997025481833
1.927798378754327
-4.386560903915397
10.58670478595393
7.536088274080334
0.5040746827912886
0.6537594666152614
7.642241839261913
-3.2165211292943496
4.249323661800827
0.764038832676288
-1.0434757732185647
-0.7083607047734899
-0.36875932898998276
-2.0386965272663886
0.46736193742540416
6.708465827306859
2.4289370299619697
-9.49135758371937
4.919110152557117
3.9461561574562545
-5.402581586235545
6.27718412422439
-3.303589284076037
-4.208611661623855
-4.8093191796889645
0.48199554123812915
-6.411865331438197
7.554245376328805
-5.947970657061946
8.018440290000791
4.4270989392501034
-17.126236258260423
3.845417761839263
17.942680306033992
-10.333202340770109
3.7506085083423595
11.284390263793767
-2.067555577790644
-7.262499608471873
6.65128653145134
-8.035829824213344
2.637308989294204
7.74018194100099
-5.4096298725429355
-4.402930105976529
-0.42563711114145253
-4.810286942088031
4.602063115456605
0.043438964528717476
-4.166567337599207
-0.006061797260206003
-0.6492651393044102
-4.229023928564136
3.231633471337607
-0.3283686338637141
11.527207167194389
20.096164651034393
5.173140614375491
-1.8067907379861035
10.671093083630323
-4.760876999792138
-6.689909590379739
-1.3601467144669532
10.560526805810357
-5.550601584186142
-4.073937086229211
-3.846505907990764
14.040930151229755
-0.943015558764682
-13.305600907433263
6.157067294670878
11.296849174480311
0.5314267745254321
4.7890716060814436
-1.0717202992388957
-1.098398918784553
5.382960327614121
-8.867548145822347
3.9645713187046505
-4.035078237741557
1.435766305372936
0.4367682570939058
4.495520189172383
4.436714992698382
0.21896116336269555
6.767852963830395
5.848685653859232
-10.933943997056284
0.7450744341374798
4.007147140090293
-2.9746941877573616
4.83138396413499
0.14517947364332662
0.7127175300185215
-13.561885592026982
3.9514550587292434
-2.5151884732433514
2.353847784469243
-5.750731582044287
1.7937366954216494
4.066214508960881
-5.404630677694569
-8.154178440385461
-2.075680314141521
0.22138962187888897
0.16098005990122968
-0.43654771863717434
5.062854496597787
-4.643660975517964
0.8597028538096138
3.8441288964779052
-2.141970569812099
-8.894436036237199
1.5768111219700849
-1.4300940228994543
-1.5010709656014891
3.308504090844551
-7.125008695503809
-9.314573793648435
-1.2797393016864262
7.6051147951155125
-4.602059715964558
1.6470770972345832
2.34548731383335
-5.863139516479055
-10.36945514096879
-2.5314319345332525
1.4999894820237363
5.191006567063503
3.5697375419499258
8.648157816813178
0.3907137558684562
-10.026158380125336
13.776206373302681
0.8339287735540025
-11.538485710760543
2.593932371279459
-6.244159546937156
4.642363779089629
-1.8033663360791092
-2.596407645665654
10.207128866084684
6.181646472861926
8.58549166884298
5.25841934969179
-9.74422640518911
-7.7581730437322705
3.320476912695531
2.065175335407395
-6.056066207967836
4.558988425857763
2.6342436592511227
5.451849547718809
2.3352751589630065
-10.904205494426682
3.2987578183185606
1.224061016577094
7.41903956927997
-1.0530644528627406
7.073514198627452
-9.584224933970745
5.538738302461473
2.8797733365170544
-2.645346033755456
4.3174773171086445
3.5593132191130645
-16.815135783393696
7.706740155388349
0.7889856539134275
1.6855481816846865
-3.9140403658279714
-7.9544680272824095
15.352685819410539
-9.64118157645022
-20.023103413423712
11.309605093622855
8.57828149510482
-8.461303207434238
5.411746103405614
-7.61474714420237
2.3056680453467973
11.604531574177347
-2.27595167038243
1.5329680234482648
-5.006449801248809
-22.57642522715877
2.7242618541975037
-4.951617093393085
1.0142073989289564
7.682415563426426
-2.285638699883838
0.11197794722226255
1.6668934106366047
-5.620806963898884
-3.302546221477578
8.751841230205976
-14.50902046044073
8.701736656482765
-2.0505804457457852
1.2939421701732396
1.1635798697369009
-7.694428972443948
-1.2003382528730948
9.171400914178307
2.5938956233839403
2.162018927401352
-2.132233540086422
-14.6220242907239
-0.896139594338166
6.044497300120631
-1.5796947818238625
3.3626472586593734
3.3493350953979752
0.40048580237485903
-0.9008173059231561
-0.3455093163204784
-8.121017063186583
4.330282610109104
14.604895996388008
-1.198505963828893
10.592754298576015
-16.024659040265945
-7.939270140436549
-2.0273337968910274
3.8640596081037315
3.883688166812889
7.810292778181885
-8.852579665157114
-1.1382858039741681
-0.8919151305322983
-6.677529014300348
5.502989653878631
6.731260464015898
-2.1329368774084294
3.489600727292013
-4.447163870127369
-6.096860146760122
3.140294187328943
3.7165240121517438
3.9650354821427554
1.794997696217207
-0.9708959149642434
-1.1048026566207376
0.270882663805351
-7.378022192292829
4.638921297847273
7.375837964488549
1.7873793155174302
-2.6251279682707604
-5.083720325048321
-9.39430781457766
0.589962736686056
4.665340205538444
-7.968634747482856
4.334639165535581
7.945740175027169
-2.5143336624841535
0.989062153007777
-9.220933844214041
-0.518682874365132
14.790294583635804
4.822509701734839
-11.239898714702926
4.817017291627581
-0.32205795120272185
3.758287603352414
3.93656818033299
3.4967849894233485
-4.989009460607223
2.055172860765776
-6.781708483439869
-9.9647309407127
-6.783868299571484
2.669694307222899
19.2398944035725
0.2497435138025426
-11.619892587535622
0.03164169571989471
-3.001395739064026
4.260259654991433
6.445924071994286
0.3908671815129969
-9.470104753137058
11.474207577321286
-7.776928479310854
2.86986541422219
1.3820504793724087
5.032193760524547
8.556814973283547
1.9481603537618501
-3.9214888869142164
-1.485941027478308
-2.072167918346125
-0.1746260812455168
1.6877818593874085
4.219867857432642
-2.346956550792995
-4.83150306964459
1.1151738300498895
1.1140965892532555
-7.469416487987227
-3.9085479786575656
18.7503459498597
2.9494648474779144
-9.695296876629879
5.501965670813898
-6.910596895965479
-4.88928173407416
11.580890221927989
-4.815171705064354
4.330045461022555
1.8274882111544708
-1.918246703375624
-6.21858671249146
-3.6387338807970298
0.6242447357326817
11.683617995060068
1.2682215354837274
-8.148798342741975
-2.500212391072074
-3.6120757196431508
3.556273408568865
3.715606047558166
-12.155531195128301
9.424886734116534
-0.8475382342066742
-10.643841782709657
0.4520281555273962
-1.0540224847602222
7.459736700674961
8.60649104421314
-11.097376409678658
6.255173867440987
12.369178936425124
-13.085015597121956
5.450113792903209
-4.149378022710429
-11.935549147707258
11.244237462082934
5.276392519476508
-9.101434187991027
1.0957709745854685
-10.094334803996885
5.174431984773467
16.63060382133096
-4.801258211795867
0.23544250858244772
4.339031672755465
-18.000475222735353
0.9388452878051811
3.823550296879988
2.2277296786113303
2.5913598054899993
2.929020762488333
-9.775865313000146
5.949157376370205
-1.0232404658398642
3.619283056290061
8.038911409604452
-5.15802404432091
-2.989629473470068
1.3632077185899978
-4.783924930429779
2.494130718308128
-1.2509310444287596
0.6207924453272897
5.995708899951371
-4.702049609175697
-0.48477405551718117
-3.5984119830354198
-3.295897782860133
1.65014018063375
8.94564147426511
-2.4072242307170653
1.962059097466611
-9.481828220676379
-3.6283776281764792
1.3047401665066036
4.310598810367766
-8.130066766344267
4.182712901785799
-1.4906323844091702
-8.657948248256766
-3.2512031718905257
-11.188260372432676
-3.801022274235428
14.155427511496697
0.4611303162418404
-8.822033907250123
-3.9507907781136318
4.5249929120389085
8.106648984213967
3.5342802353030973
-1.6403012710445521
4.596542035586639
-8.978888140752227
5.489933202825284
-5.966391153863408
-6.47108387862355
15.957637973982111
-8.381476969458088
-8.818684177437238
2.6661775035006317
-5.138872844677514
-3.7094130037404054
2.9095256583087203
-10.706964963505989
4.9382561785685715
11.924112974620838
-0.7791695777311648
3.158169572198662
-4.377968852602181
-14.327718524015726
13.580279332366986
-2.1312595430324337
-0.20712582503648191
23.292605312795203
-18.890802871568933
-0.9061713181043045
4.155502461195034
-14.20457047086744
26.243570086978927
-5.5840685517892155
-19.768631917395737
17.750958586448842
-10.123770835795213
1.4747404892280445
10.954829434506314
-24.72731124352283
-9.925679564323573
27.616681935219823
-27.091681644749883
2.6208669753219436
12.59567430631274
-28.654280505952137
11.117099507232137
2.012769628839976
-20.467239298861585
13.801212151929692
-5.563122752443539
-6.013413051096768
15.476047197412408
-4.066925654928393
3.5660425510439193
12.59302678968203
-2.58822585035139
5.387401134513604
2.680785933803397
3.3396039651501774
4.8814156772753075
1.033226106812832
-10.8340915747243
14.004053941809753
9.697018863760396
-17.109621280694753
8.891845829548409
-1.4840114198420569
-6.774359640630831
3.746133391126792
-7.786946548550136
7.081132057704587
13.99840906761831
-7.263194271987534
-2.9682678043904747
2.808453170946586
-13.314318349341773
12.48387800504239
6.052102355011956
-16.340690568545888
10.549229749128259
-2.48672737577421
-6.103947725661779
3.8562695997953726
-2.499444095106314
-7.635187923638858
4.733022987988395
-6.297341635054769
2.4820348695456596
-2.3032264211331044
0.9552372577910642
-2.322978812833165
-4.081021793770902
2.1019718258059146
10.107134810310558
-7.5715683800891265
0.26246581339612834
-0.26146217451397785
5.6986242989343365
-1.5645951262279207
16.782310600127182
3.6965319290550624
-4.6116797427467935
-5.210459654022776
4.696970115672987
-6.944257370033775
-1.2945521047534385
9.089406965494566
-5.8781803464817
-1.4709748782697774
-3.695547698615272
2.0015805454148303
4.29652210491287
7.897928214154771
-0.8002071566833953
-0.9850446786858263
3.101371436310596
-2.293434880816648
5.158420194661345
-1.3307037930471846
7.842154074061011
3.6963519011547152
6.22331496697618
1.945203153895351
-12.436146020798136
-0.9519416812183987
4.85977246930366
-3.7427023282979404
6.86903921149083
5.970076584407055
-7.531967694236462
-4.719400986414352
1.447331359946811
-13.747400544942145
12.956178200625109
-11.981095651293582
3.8800475068527813
1.3880048838779893
-2.4355443341981178
-2.015235561803203
4.972098844615435
5.442565705839198
-0.18410222582197916
-5.014036774712548
-1.4999372074560628
-1.3109589722104167
4.413886819653547
-8.734509218693148
-2.2034101061968014
2.0653771140166817
3.255875409238084
-5.875458456716047
6.287845441876085
-12.036114762232467
4.88764014301009
-0.3849587177290692
-3.0458109183217266
-1.8728684532784745
1.3168670634793083
2.9805552605612284
2.9116577354916156
-0.8709754706868393
2.6915012995295475
-2.6645429482799474
-4.525865931330273
-11.48061464238071
5.113410962061149
-7.625096930437971
0.38659967935249434
-5.074129063716732
0.054786775201771755
2.3430052769634
1.8057297281147298
0.6476580635252528
-2.862872834001852
3.1433132607163476
-1.6584020671673092
-4.455456719036431
-4.43706414920419
6.0495787571375645
-9.79713841254822
1.7186007605590887
6.763171715836764
-11.486613001881505
0.5297588178139504
9.182709740246057
-8.012971643402064
5.046077765043728
-2.2700420599221465
3.6864877993189733
-6.122235896566492
-3.5022795980280854
-4.7305253914972445
2.3760471142413957
-0.9428042551130079
4.502312173811412
-6.968610243792934
-3.772590565178607
2.347952077633627
7.2950370924096255
-4.818772402786054
2.1010417659528677
4.39868869457418
0.00895888587604859
-0.28490516995468146
7.402923006874827
-5.415474863677526
3.4081793827267473
2.589778488858034
-12.832170763653735
1.8551861594228523
-2.699363423127667
-3.4419018615644705
6.712861658857367
-6.432490909950995
-0.38155647324794195
9.783936086280537
-11.815534077691868
6.508390120419446
0.8013451724809323
-1.4773489643206519
1.1751748046607635
7.1687717198507155
-9.644878238019539
5.279906670035819
-1.9661497650512179
-6.55675048890407
-6.865292827124828
-3.3868457956081954
-0.3824594908240913
5.4743501784258415
2.3286413418879404
-3.0141532536014375
0.7502223767052859
2.924179397476535
0.21791930532917805
4.590198963063042
-7.733254099555725
-3.10334179618339
5.084085877575873
10.540783292564637
-5.72939383168359
12.028165829170074
0.07341246628879419
-13.79639882653078
11.280253413616453
-11.587401409708479
1.026225908356682
20.22915406860628
-17.832036542851018
-2.9932358978138485
15.92526500654622
-11.404061982494913
-4.270976716105573
7.2345311863048725
-20.1474522144647
-2.511529435233747
14.901106023864852
-13.338329263964187
22.492292633178334
-9.849573670028942
-4.509186619317299
12.93239990701812
-15.409441475723904
7.65857541732274
20.643488484470534
-14.555851994043193
-7.439834789962093
6.840846110442514
-9.384861021588877
10.160208913698304
7.187505427859649
-4.9515549713545886
10.593498955031356
0.09049167597905776
-8.282043755361494
10.989148723198861
2.9916319014342574
-6.351694558464918
17.82557545672629
-15.872444626313332
-8.6991088963822
3.794459583494608
-6.483262819390461
-1.0261631654524166
4.83684473507572
-5.49912326205616
-0.7583032121797815
2.6193256454445724
1.222797235920887
-8.459777179972537
13.436381227550658
6.048271019750414
-1.8673232274163925
1.885488763590516
-18.950139086003418
-2.554921971155745
6.95381090160938
-7.597289898042138
-6.786055694163004
22.18805881052368
5.332765257439095
0.5183498396499896
-5.101245995786138
-6.604048066483198
20.2991191712816
2.4326492071449515
-22.62608677021607
-6.855943371344447
7.122010972826155
-19.612890348974727
4.3395098918501676
-3.5652227288808627
9.71489813051932
6.254772527714745
0.8538276838850241
-16.259117005640075
7.164011972415811
-5.386403698985002
0.5724022932626232
-7.003363912253855
-1.8242868614574266
5.98353290601825
5.169084833511559
-15.385597370085947
-8.816832183855958
-2.548387950182401
7.5096525667898
2.501178874941635
-2.0986640508176446
-8.65997808589609
-3.8546585821705284
-6.0146648457592855
2.967961612295637
2.6550940230232896
6.2227542717289825
3.4803105735211766
-1.818698136299233
-8.394404888335815
-8.644005635528242
6.4155831465219855
1.6247184463050166
4.127830258252091
-2.3722739658221546
3.3647294854644354
-10.024393198512286
-0.5148689896113646
4.7676000118570645
4.591496796873632
0.538321327176396
6.0578317728140085
-5.267188960788561
-0.8641992629256301
1.2885040598996997
-1.103237451239833
3.3498465694304325
5.124984787887329
1.7239015569085299
1.9494740438493703
5.626711334615037
-2.5774457286446286
1.3847314466479221
2.1108889248869427
2.4610664025170474
11.393838850849928
2.423528184300592
-10.857505872479091
0.24106560929703622
-3.5906725546588794
2.229453199413591
4.004633318994786
-11.588906821522109
-0.8348416236089593
6.661189110343065
-3.6685244126205583
1.1822474634084068
-3.020244257230982
1.1513119365676783
0.397832669994065
-0.7361691226706718
-0.12021322444373342
-0.5247293726214126
-4.5188831447124
-7.488956505039486
6.280453101722305
7.313427385254948
1.005873037190626
1.4368239935221212
5.788192822225248
-9.210766233733711
1.3793791544424117
5.353707502195232
7.332514917311875
4.208171859951238
-2.356031748268191
2.8339000233740665
-1.3714116340836486
-12.97414266201073
12.230191611146543
2.863588654798073
-6.264635843582482
12.641310958723054
-8.384644838989662
-19.3518444095215
13.023492977822743
-4.691489976426477
-2.0375852685734563
12.2965779229751
-5.187419558737276
-6.310358974401821
7.512846751992597
-12.453311689438692
4.610688620501462
4.868148311011592
-9.626951556285807
6.555295323117234
-0.11072252864079428
-13.749128717047634
4.900345292259102
0.13261011088747574
0.6411585768625833
9.365017730092116
1.9951876613140513
3.1872858859602857
-0.5270671617590473
-5.302824324338331
-1.3178477327254177
8.731095667576973
-5.235425784354256
7.51101091992982
3.107008712077218
-1.6148846507382144
0.322729019469881
5.530868770967013
-7.167061191778724
6.956167332144644
-4.835329921493241
-4.059758973896916
-0.825447680686153
-0.9736977038077993
-2.504458293034517
3.6118606368380717
-6.737589723316502
10.644890392346161
-1.818152487725417
-1.1335711888801236
-4.58838749879538
-2.111029502331423
-3.7387367759390355
10.463993378553827
2.6324117386695893
-0.7735675535871561
2.4736436607134897
0.19140324858363053
-1.8776966555228534
1.2542515389209872
2.8266336500273392
-0.9655455485744108
-1.5958797679588237
-1.1914181145536655
0.2995955153696936
-2.116623212487152
3.7180356694859533
2.765431117379705
-6.346943869506577
-2.754673556017139
3.87778005387311
13.024338697869224
-2.917946745137009
-8.38582779303445
2.5312628084835835
9.160087098758392
-2.7616717499461436
0.4806544461638365
7.1547697477409775
-6.791764405329699
1.3836579022668813
0.37579273893979787
0.40908009864535794
1.8393677945981217
7.428020740153425
0.5612011537229714
-1.290592216205693
-4.071893390796329
0.35981160908710275
10.450452698705712
-2.6091650576289904
2.714318320525714
11.956403442116178
-4.639330107383022
-2.947982221477917
3.0914672895681607
3.781757350274512
-11.209034239187345
-21.930344683058728
-5.6158333606445225
2.833779909007906
-7.328375836335197
6.470344379544776
12.3812658514603
-13.133396870853552
8.900698307259358
7.372566130357167
-18.12562320707051
8.91545309769832
-6.211253914921379
-8.364884583768687
10.364997558356173
-10.940247630322744
5.656011660309346
6.431405778946383
-11.214347014129508
5.1534831282928035
11.009186456875868
-9.520824240184739
6.400254826355724
1.87437074316193
-4.13899504022323
13.353609718107597
9.23827770130214
-9.797961491804577
10.512329292380292
-2.377553417170171
-4.631512348639958
7.140957396024852
-6.174367007520519
-4.289377350607498
14.262724417275104
-8.741732109444204
-7.371873155395407
3.2608984792983566
1.392581083939722
-7.258038856538983
16.835210028461347
-9.823158867202087
-5.050443238710962
15.996486780175209
-3.392428658380792
-11.804010244057078
9.22166555604344
-3.648256121698989
3.2912410813495785
9.323449040953664
-13.411746770522045
12.204523478518603
5.505010900853225
-9.869325365293028
5.2516068229163455
2.007483004906304
0.1380350435324241
1.3805781919989946
-1.676697646107092
-3.5597098921567345
0.9491505786502935
-7.2742973286378065
-3.1387588130290642
-1.9388775568518934
-5.261998529891259
4.413918327768213
0.17241467019534001
2.9955417315767368
6.134280344356562
12.816465019789025
-5.172685651047473
2.250998666944241
-2.677068881225838
0.13045031438669266
-6.429638931544913
17.327811986774385
0.06234389204484132
3.9428412902789276
-10.3906707708012
8.572691916762471
2.054226981890427
-3.5814800567872807
7.020215452628159
9.300170291107829
-8.422303290398961
7.2042033041425055
-1.4137679046842073
-4.861689272714172
6.9207139062832725
4.903600497710866
-15.713536598399683
11.583447436067589
13.525974523547543
-14.133163804131541
9.609407007297676
0.18090256812996436
-3.6078056848282274
9.720185029379676
-0.3876698258123689
-3.6564947915434094
1.6646540493118567
-6.16687772350563
-0.04064553139901057
7.701861552989359
-2.2233705139395057
0.2141516990945025
10.348558787969846
-12.302312088369604
-0.7034897812543875
2.244061517805706
-7.601204767992788
-0.5351941370400028
8.985804828171212
3.058797002876121
-6.853608144120097
12.437822127676114
1.0022633178083131
10.75105394772423
2.0343932709486254
-0.08890158610138824
5.218870928715074
-10.310909544423875
-7.32836740863652
5.1428395766681
-1.6501961580000835
-1.4422142522697137
3.5983937464218942
-1.581125840740803
-5.436057513463014
-2.8807063948310128
-15.800797372215483
11.10277941128549
7.901311956498707
-3.086075880470004
9.124005124242291
0.3139915024842663
-3.5160750906714235
12.60645700599951
-0.8164121102999884
-5.121979026170197
0.5939696492738777
-1.2967428853698915
-0.29563596812840875
-0.10538687422386041
2.4669741728684134
-2.431965057441442
-1.9720222279038924
-3.1047132334908856
4.706631731680145
-0.5856394813463347
0.6787552478825344
4.5161685491010175
-0.4332885848303965
-6.201568913330706
4.290680960617771
4.96090721502093
0.6820340940314129
-0.8195544147913416
-0.6609841304750718
6.66728721354454
-9.328386927600398
-8.300962672823465
0.2060098004384458
-3.1918582341770576
-5.082288809066159
-0.18909094203635757
16.125448450676856
1.5342145412481007
-5.65028241924479
8.066038094468952
-4.203773505804391
-5.938997310724221
-0.9507249070919772
-2.357779368709589
-5.815617786294391
-2.0392477991882396
7.29107750451611
3.251944141364479
-3.2376751433603523
4.732403623670983
-2.472911831336904
1.1039471189813768
-5.008122495289025
1.2691587359235708
-3.8615295348498004
0.7448537771009413
-12.1054189593589
4.532271392516528
1.1803792113791556
4.452053325802081
0.6538707452313103
6.225545295096698
-0.3330875912854202
-4.76397207662718
5.904256286864982
-3.3826343293079715
-4.060780517502343
-5.1101703928888815
-0.8741905098781229
-2.916978000653243
2.1201559792340983
-1.0689577974020044
-3.787552777114052
-1.721070280884744
9.696907315901298
-23.249769840428158
9.589659597977791
-1.668673110451977
-5.721597876233556
-1.6420991013757316
-2.8902381723315935
-2.1090925570311807
6.582445721449404
-14.895500037492248
8.986350765994509
-0.5163437870644573
-1.2969077514756187
2.9128338767327313
1.5149593294409858
0.6783322915870209
2.523023820384024
0.7493626581575794
-16.44679804086407
-5.771468992347389
0.18729464920919717
4.248674364999522
-5.079264703735315
1.1477955991458617
-2.762248355615003
3.250746812899235
-5.225042037401233
-1.7652459303499022
7.525088830274547
0.9449469910653433
0.09492764639299243
0.7668839961894006
-4.614153716814745
7.227315209892073
-3.2066570333774638
6.201898663846763
-11.754579852926248
-2.9629232801650773
8.095155045895664
2.8006527201963642
-2.538495677427941
8.519927504436959
-4.969612173733316
-2.2339545781541266
-3.746004354738908
0.16739838076749664
-5.427451901255878
4.795298904261547
-2.743897878739487
0.3792983885536353
12.106017964663515
-2.821475981154297
1.5565656601861384
1.0236273460193472
-0.3928697532711402
2.6551438043102467
6.745842361876066
-3.88516067479576
-0.8327424343894001
-4.623551556825161
7.180788165914307
2.403022949666883
0.18901541386507154
-3.4025592840594894
8.92010772915232
-4.390762133863998
-3.735138650362541
-3.2157813596879263
0.40139703377078423
-6.693259163536561
9.53614549297176
-1.785984974196897
4.4299501398959436
6.550054961349511
4.137527506378395
-0.4162000769368057
-0.9836706412132441
-7.623142603855741
5.107325128079803
7.207728564370773
-15.897193341836623
-1.2429190352014055
10.43777588639095
-4.139242438048347
6.801968931697893
4.874229478632327
-5.768341434533911
-3.647141410048664
-1.0867299288445564
-5.036240737014822
4.260111494257668
4.957039855697875
-1.5788355648587475
4.017126978893375
-4.871848728410904
-4.700257610318525
3.3290116688043923
-1.7741542277096196
-6.175030828713661
0.1738263259918915
5.512598304865338
13.332717737916893
-0.6341901589288367
-3.913585491967838
-0.46046383119851314
-1.3744258351680805
-2.187329961215706
6.1800650553206244
-12.779749723927084
9.669870898428274
3.4974232981910838
-26.759033416022337
1.5218417676757623
16.86805155007133
-16.09450065583296
3.8583603941511178
13.2283239983657
-14.137766674618131
2.7615336516411664
6.064580629621721
-6.320103005922364
7.666377604992614
-9.424597651937546
3.423812615086158
-11.578439106909165
8.819591168331177
-7.6950133243282925
1.8494312212339774
8.4754139180897
-14.491577806707198
10.786364331575447
11.126857315469945
-5.68028230780291
-1.0590576981706192
-10.327582750504252
18.495246627835815
38.83997816737334
-44.84262777467165
-3.062907686426737
37.01864973224624
-31.23412399496105
-4.090907726128195
27.87781358759799
-25.01690003360793
5.80043855093805
-4.137241038343654
-7.88252226639468
29.272561103282094
-11.347320646906018
-12.884423977165895
38.61962101386947
-13.688999488405218
-12.791226926234446
21.134257317390382
-11.84930333513647
-2.6085194404648018
-0.3122309443520689
-4.373804254326488
3.0949993690515125
-3.6236465083034517
-8.81305707391411
12.40224029389765
-3.70141686088731
-11.575727196707497
19.12988632922616
20.79283004268193
-30.09640372663734
1.3260102825549531
2.9128474559127175
-0.23958407940372523
-0.8889033411625977
-7.334349193342533
4.693644876666951
13.969063819134588
-7.117503221148593
0.16856596438287366
14.997446228650306
-19.178657206390444
0.8137630125891988
17.307296358844493
-11.137108806608579
0.6612073175244959
3.0619706237702626
-10.919464927465924
5.531318829089825
-8.459814590193174
-4.579604614910243
5.374717759680123
-1.4850549529886743
-1.2823950385292537
2.481380858684375
-4.8814216470184455
-1.9121736548280617
17.701779916765034
21.322830546083757
-14.227507213119404
1.7514303792302084
1.3047547067019716
-3.691810548795554
-2.7458625696563175
-4.7137917600122785
2.9322977798140384
15.116403110297867
-8.758248323154799
-10.225160353449638
15.280919979911573
-16.179792729220082
-2.027429748716765
10.806024088284016
-4.302030781717848
2.4280120613469283
1.5262931189762363
4.645129359443965
-9.508939210539365
0.8191071095056529
-3.3936259744109822
-1.2716397577660146
10.521017501189643
-8.199848419665317
6.1225645576287056
-3.0212230101331574
1.3368876954229059
22.952975603771716
-3.622468044438791
-3.0786047534209717
7.0261478852925885
-5.237957935893484
-0.8420029057109137
-7.62920497097428
-0.7197583974507807
16.446568707124456
-8.0311689443848
-0.453728113966642
3.1888158159784274
-13.20253388574329
2.8124988771091712
8.576586526862586
1.4498426281831507
-1.2232705756912514
-3.3772468869287744
-4.908442956717272
3.811186737190819
10.671437382749929
-5.871080453134895
3.18961507994409
4.8817582660839
-1.5153840615616532
-6.973577841952587
-16.31284815024805
2.965197334286627
7.40901834215973
3.0869320054559517
5.948316143782783
5.748903954452241
-7.22822635316109
-0.32802348248274493
8.381041111639401
-10.308652864970387
-1.8013856413714548
3.9522234413671096
-4.417312744465643
-3.2912264100308914
2.281081441179085
-5.640938892431977
-0.2520131495921164
4.372511546542347
0.46476056478285116
-0.8282380743079726
-5.159533647232617
-5.283012257258957
5.938182561073477
-4.430441175995891
-2.2904637488450774
12.077721415007725
-1.6125702199798388
-1.83755594262216
3.929424930795886
-2.2285847130030723
0.03784052306476045
14.392677689574912
6.4736199619020764
-3.3330296936165142
0.07241359923373383
-4.701475181674887
4.310807790453203
-10.354014365184229
-2.4508429829394154
7.679568249306228
-1.02353773764574
-6.962417069797306
2.622447232135108
-0.973253847943124
-7.3819544618800474
6.110277166502137
8.622186174647453
-7.362722078973041
4.689435425346217
-14.446608966409125
0.4709509874933522
3.703119860266502
-2.2760591027239054
-6.8201625689834
2.896755248269065
-4.166496377522849
0.7078530525951343
-2.5406681870586176
-7.470428730566784
-2.460773830611118
11.62060281463585
-6.9375741746040775
0.15976828089160142
22.726424932501715
-8.690635597051413
-16.85386675103222
8.539378137509482
4.219754567929541
-14.085811293682868
7.925287215758854
0.7820434747352601
-8.901073677945467
-2.9022757130024224
6.884436698111828
1.9055361372784985
4.7582411606108845
-3.3441663877194983
3.5171223658529955
-3.852729094354977
-6.210736390400442
10.077549181651355
9.756313318485189
-6.819371030845957
1.069285527312399
7.551215394181209
-13.21833771205604
8.071263303891996
3.4090300498545862
-0.0528836373704271
6.267379405603363
16.22836174122728
-17.940094772071244
2.5935081967520808
10.670289180992643
-17.470756919289528
1.590581453765898
6.9102108442066585
-10.382529843977958
3.534283115114306
-4.425595806052917
-7.642772675341069
7.801686654159726
-4.030572117595432
-1.7963024686518698
9.926887649120127
6.39219108618938
-8.345877743797278
4.000713286698163
-8.651984045021608
0.932445284175867
-4.367880037815324
2.7974926604506525
2.2281044354308617
0.10140280205816253
-9.090834022341177
5.546379985184006
-5.05482780671111
3.457808529018042
3.8270577623518007
3.3608040465765834
2.2286813583251144
-18.505516850819966
-3.7248756605757793
5.380241058237354
-8.098623404280486
0.12460503611288096
5.7268227917864225
-10.865314460749563
-5.923359188712623
2.5323780151647726
-3.57965098707654
-2.8377556560342367
3.6811051349115362
-5.762303853939958
1.4249638788962191
-3.128808185252483
-3.6279248730435403
2.671300442473914
-3.2664170235240078
-3.6954754452290346
5.066694624358785
-3.15714593549923
-5.038633672412296
-3.820845049936902
0.3641721309090583
4.6476324469445975
12.537705814142408
-5.136355779156403
8.648799359930011
1.6668068483444907
-22.752948858139014
5.348919254588243
12.920851620451565
-23.866408582762492
3.411956912702379
14.422376529933045
0.35864546058148866
-5.9470828844765435
4.135220232850035
-3.9925823626424473
2.3024702550773726
-9.078623977942264
0.2936767478300847
5.989137977697348
-8.088359186138893
-1.4134796635268985
3.0756978737755594
-8.702379552794612
-7.719211310275806
2.1235653271771144
-2.0123381920195467
-10.172013160246557
3.461257898048137
3.3928224868051986
-5.020397112239134
31.08123384136302
-11.085580386303729
15.651207591320318
-3.5665806186374684
-6.314790445576665
9.73832742521236
-8.268914705019077
-1.1784181441501203
5.9627899975317105
-13.635701938672781
8.331855058863981
-2.6491983371277747
-4.518012998677355
-1.0982152385016266
-3.4191956488722464
-15.439225433727776
7.254711483174529
4.462111672269489
-0.4229246188625681
-4.053361114753012
0.8230257363367988
6.066326785070056
-0.0006836365840688121
-13.17407543141023
3.239448466698496
2.288064838217914
-9.290950460495466
1.7130034705263357
7.977376690835525
12.689397617301323
-21.18510036949418
-2.0089980717852614
-1.9327674503709045
-0.8936440017519208
2.0291021195106373
2.7767803854887454
-3.4195545963955603
-1.9104386023036484
1.7727266981323486
2.865537160235658
3.624347306615605
-2.5582843690584443
-5.453701412443933
4.416562997089834
-2.9442159225738096
-5.535130262894042
-3.501374061008653
0.9559173303927615
-3.1665382496635655
-2.8080281614020737
-6.96210176855834
4.212447805230479
2.238997577293085
-7.20892563052266
-4.795516583326872
5.198053852276538
13.647551345704748
-8.080935909797992
-2.339603555722274
4.482376755631657
-11.759862259203086
4.975477968991051
7.333868412407236
-3.8409368192869695
-2.970353743774604
4.063189019439129
-4.652964353520206
3.2485547139661044
-0.14518141925815425
3.480926976038382
-0.19477466938141919
-6.946906394058239
-7.8851866161388955
3.3003586881605314
-7.431676326782726
-2.901504013639127
-0.3274880268872805
3.673199937908098
-6.703623797002936
3.331072926409323
6.1455319565013005
-6.749240147343022
18.40094114276385
24.117384941041212
-41.22391994868574
2.648048964382802
8.750612044087763
-11.806905777060374
13.497452259250437
10.236053103898488
1.0772703566487072
-2.4442741294069377
-15.816827222200649
6.353971843410162
13.628715666233449
-18.3254746267344
-1.7420384981497736
14.696210183645778
-7.932847248825741
-10.1767222483073
15.937119860617784
-16.058884216259024
5.005610175120832
-4.981571702966214
-3.0640600025396725
20.28563627259378
-15.825962091312299
-14.968501110344711
18.172252762270332
-22.980917864220746
-7.469299652493317
21.99010342667337
-11.453835279600797
2.4557234343451473
5.3075593565904855
-1.2074154180857846
5.999369413599822
3.376841309136467
-21.30403146015022
21.531161153981095
1.2026829972560322
-21.93033148276885
7.857095782683555
-2.3167983824679763
-9.869828107557417
26.54671571456524
-14.482093314207331
-6.966119325997015
13.470204155846416
-12.60782132918852
-0.3632733424164646
15.580815917602036
-13.702643549216875
6.440452932836772
2.046952336032176
-3.28864951899403
11.068033598450636
-1.795326445709786
-3.7591110022960676
15.047039361632013
-13.543750498323382
-16.396781601193545
15.905309956626077
-2.9690220704004036
-3.0555520516020995
11.214813070341165
-3.261882631362351
10.342613228365487
1.7480317626650859
-6.28518356222571
9.754757563324414
2.1202198922905833
-9.110136123711033
6.126418329385489
-0.7793927459692336
-9.519492284589939
11.652399175522303
-3.5349927205843423
0.23807853811670754
4.549902724707507
-0.5037293137278797
4.666390791141064
1.0949499616870864
-9.288213058675652
2.628347902976002
8.956107985578438
-2.0465608898589327
1.3405988147435468
3.2575767643614015
1.5912971814234471
5.63529647918658
-1.4473133652425474
-10.385605127871681
0.5155080749007347
0.5539852870959222
2.4323899019667685
-2.8666210131118093
-6.927198519027815
3.8584857391659395
7.314408344880224
-6.132183494223574
4.221987081859142
-7.1763014487959005
0.9836185174069001
1.196615263953211
5.600390193621605
-5.036139419228583
1.7430173644643443
-0.6780575752418263
-1.40763411261399
-1.2223499727987022
-2.796936545908624
0.8277334178504606
6.238605425561547
-5.831070113109237
-3.838860920680177
8.888076435698853
-2.0467462666480207
-5.390414353633292
10.629909044593907
-3.493194501760425
2.3652886165592255
12.745760070350926
-12.3583767409068
4.39373030187508
-0.25535076523503897
1.1711402411292353
8.147416591221383
0.7829373439999728
-3.0837466617434828
8.044130992811615
-2.821591570027164
3.3153239239718686
1.7036100144695252
-8.185648259499091
-0.4432380561834221
3.143756866427989
1.8138611670043374
-0.17464269300926163
-2.184548064679756
8.577191186359915
-0.9599559223897176
-4.8509529082172556
2.398523627239891
-0.3364186019491046
-1.2764423014274966
0.3648603436934678
-5.021811022397354
8.616729105296207
9.159198975878295
-9.484047070616077
8.483682949853055
-3.2052799300780195
-6.13134593692525
5.006398915021763
-1.843112721123354
2.125202911719641
3.7820145231462146
-1.7568647406593958
20.603926124002417
-17.573278559527278
5.838697548059376
2.3657245635560153
-6.724899334760316
7.955198126072144
-3.3142710815034797
-3.9694611177377643
13.932517673973525
-4.830185355956237
5.634050830490785
2.230615582051081
-4.084239728604386
-0.09644296287757631
8.676780865554639
-18.543610239243254
3.159810320586844
8.052014354758143
-3.3294030470937463
5.4764214601215295
1.1012417692753806
-4.176677792472122
-2.729930676853844
-2.9837697697666585
0.7617881334599965
-0.7765769372320361
4.450588307564752
-6.030243177322889
1.47237605618063
-7.587718237119067
-9.80154335486156
1.7132627164917673
1.653674743123376
1.0686386290355983
-0.8735800035575562
5.000160181360879
-1.4624346655891318
3.7969025207264395
-1.8138053423456262
2.0163396005080023
5.051585632102745
-2.019387314629306
-1.4855523568255489
2.559311567903802
2.8676825090546325
1.2439486102102606
2.5062461815551895
-0.15217800763753328
0.44899086008648337
4.122230697133296
-0.3980849086001844
0.5305968870334848
3.8874963838118903
-6.255735794116888
1.1971477004971642
2.2457828189329643
3.4000984803849046
2.521747823201194
-8.445566702462955
-5.832727744208821
3.2296597626394123
4.426112189879506
3.880643861837425
-1.6959627638346422
-2.204656332748745
1.6937264015881375
0.26760901296720535
-6.738226902286044
5.526908775526442
-1.207059228902738
0.27530631782476395
0.16672575744415458
-5.720508607631067
1.14056915623517
6.629590776624605
2.3876473974879064
1.8310602910889566
1.4499700275640335
6.0532510484377715
2.743861553803459
1.3798571931895296
-1.933331831701089
4.658512236444714
1.205986497208845
1.3860848993930799
0.9464288815728756
2.0229841795527532
-0.14921769415976652
1.8964019579386981
-2.431645899098611
-1.1524415457198154
-0.8290340199352068
4.180231841248272
-8.42308693133151
2.7700572049010264
-1.9816033745692403
5.543973322293172
3.519829251346208
-1.881863370418263
0.31371684265026556
2.6528139788440934
1.0993358964487971
-8.574506568819634
-1.7015315426973465
6.214868505697342
-1.3154866460394945
3.930267358364576
0.49939945887432796
-1.489027052974276
3.581063904820678
1.1857724194058024
0.3165869052929942
-3.6232005560212324
-0.09021694240933978
-7.756476304191281
13.528281513043448
-20.28309272203736
10.29864810595798
4.987233294632154
-7.179267360716279
15.27779493469027
-17.319811118149367
-10.009095911879983
27.113598325758154
-25.616591817876934
-3.9178981939159923
18.748945844663353
-17.0276370862259
-3.9142433391988423
3.428156241254458
-8.130254769674528
0.59867831914673
15.988236332432788
-21.705355133142522
2.9959127380084998
2.702197188273819
-6.142777056576586
15.673102381890624
-8.17097646766313
2.820223768975506
4.676221662431764
-2.5808890447751436
-2.1547392787732416
-4.703065720858091
5.409366797410744
6.922666014973977
3.1160094072420783
-5.537864339469025
2.4296724145335435
-2.0932502803562487
7.617993482885725
-11.23350630350597
1.5139998497915872
0.30361679304035577
5.2337283677746465
5.036438193647538
-1.740254087416821
-2.9398832926697493
4.85879883582364
-0.5762852214697681
-2.014236359173001
-4.4653173705891245
4.504424797001048
5.968645543158248
0.5784241254061029
-11.434413154123048
0.1860131972094893
7.221641299294847
-3.8166600387951384
-7.162667705101402
-12.285820236258395
6.40446753525825
4.8086987651155955
-3.646113844969523
-7.7768652474321005
6.2225744966193774
4.200136448962121
1.8229118771468478
-1.8855370941957939
-1.6463282407487358
-3.5812346021405874
5.499234766670671
-5.800778680607663
-6.717431074989649
9.39123622105188
7.603149680321354
-3.1651206723821526
-2.00523562318082
-4.504302702111421
7.359974241969442
8.414814869886929
-10.794127344464163
-4.295157311017738
9.975213213249642
1.7554004790586213
0.6388657566600021
2.3340423786988556
-3.0416757393005835
9.93904102308883
4.893552400134081
-6.580880731347084
-7.532232894884301
5.1923867533259855
0.7167247823430548
0.14889357860588576
-5.737893567677186
6.328321933315419
5.994966841017686
5.0723341284875
-4.817882591605649
-7.790722780819256
1.8407068944027494
6.483861437982961
-4.656073094263602
-6.09728342407874
1.6170456141190537
0.18427860747818783
-3.317436690222368
-3.227747949061215
-0.9258380613777315
6.075707825726449
2.344115533596712
8.58815584790948
0.7302040393019887
-12.093429231955891
-0.19429772195663125
10.639335972543229
-14.23921871223057
-14.727954113797367
27.095033686077976
3.3423414790994546
-11.0923602135402
3.029457368350077
-13.825050241179689
13.737047128874858
4.935526407805161
-9.106887879389308
-14.401142226163923
6.077458094985513
8.014653593145017
-12.584454431766108
19.276826819380524
11.253281304336616
-9.173818420008383
-2.3742229538172035
4.632407051526233
-0.13484025988188733
7.6425252844718
-14.923509235626053
0.14049559984561374
18.894267136493777
-0.6434912915612129
2.4170346985847857
12.961803200622466
-18.017219667789696
-3.2461629508212364
9.914948877466527
2.019103903834533
-5.851266389314978
-2.462378503966479
-7.977445887188613
11.873153346883775
-3.4830426069232283
-4.46511928920442
13.386721198741942
7.564429874985276
-9.566865142607705
-1.8884329816988414
-1.7828879097044106
4.72550014347498
0.6625887038142829
-1.5399707357446506
-0.9467464559034735
3.9198204831099694
-7.367896600547807
-1.5929138792570243
-2.181061679955006
1.1398577771843978
0.07832646670325945
3.352814763782273
-6.6520033515668056
0.7261115682945335
-1.8967242532507738
7.09664747368703
-0.42057434143911376
-6.918267844085801
3.0710377958687833
7.821108852142248
-3.832289883497853
7.772699135681983
1.9238483670471338
1.3396616939773538
4.6048603185756445
4.5259531286703005
-10.808346650218553
6.244655171650203
2.4638312417560178
-0.32149442592138505
3.220855401797373
3.4340295932432414
0.09970497135693585
2.9500387058876902
-4.132932190780386
-8.056742289022033
2.202403500676056
1.9104782508311358
-7.327381304818554
-3.4096160471501844
0.13662961254844563
3.2930201650786626
4.3587620291519995
1.518281686369112
-2.28973752552054
-0.937129335295992
1.6019101649579264
3.329369928049212
-1.585949125754436
-13.528750266014725
6.692189873239014
2.492858989942454
3.1796263862397445
-8.58402699435239
15.592740456276212
1.918601556889024
-18.746996219528977
0.054895090463121014
9.895796680453492
-12.388036381322994
3.9491635956038538
11.006773301524872
-9.904278049871985
3.061177572281516
9.262901102922994
-3.074358185819013
-5.10343836361289
4.768390347548453
-8.626351835592578
4.336155839980271
-5.157065963938429
-4.043922115358233
8.630448937269955
3.162083169929004
-3.4843383973972037
8.57409216143745
-7.27016936994266
0.9789364373679397
6.970935826587199
-2.243077263866585
-3.100176626605292
0.3702213690759495
-2.662618983251446
5.110689049830964
0.7490482174026267
-4.9649435404423725
4.015575852318248
9.206185358037535
2.1895359295280064
-7.0551293379705475
-1.5190106323730264
5.709702259853925
-15.381855090504231
-4.832399188799595
6.857393950263456
7.2502173064266024
-3.408974511691038
-11.332007342842783
4.651056654553085
7.705053654947519
-4.691371920028422
11.622733938583066
5.607034573847166
-2.566903145605422
8.426811825163048
-2.1605313236360004
-0.26712275377382033
-1.526510658851116
2.057192915255586
-2.4096801805350374
0.07868572035404742
-7.190795366356606
1.5161777405104981
4.990892038075779
-5.503378816136278
-5.338112554132072
11.49945194388353
-5.3684193483697875
-5.225006835415732
5.944002787107204
-3.1713292176365364
3.798316738925832
8.921009677170993
-18.62156394318643
-8.328913827663023
10.78826378312985
-0.016446881020284243
-1.7868896926937732
-2.8602516424290974
-1.4730886640375767
8.63990042771631
2.98971872991442
-4.881829145925374
2.9547180000004483
2.9309648591230744
0.37476995747782216
1.9848877776443101
-9.199925717444664
1.8553463292306085
5.275026440455268
-13.97531309738492
1.2243921542938967
4.803144683678469
-0.19943816858430338
10.316313090347027
-2.237946119531802
-14.700705842190551
16.034469550131885
1.987421258106789
-23.769865414389994
15.503250436551948
-2.9254071107443043
-29.475415795833303
19.20767036938361
2.14875896453778
-13.21121510825627
-0.11877724440138507
1.0100188622691397
-3.347367207046564
2.722415712069916
-12.824962901539633
6.023311748173784
10.980323504043875
-12.711536307343858
0.22699948306695372
11.990943568031575
-14.061607481236095
-0.4303062156653125
1.076904791686882
5.651372915605219
13.196006769530353
0.4879431889136464
1.0372202709845
-0.6140133052808167
-1.9687532266557148
8.548262824407576
28.583627610940454
-27.741333697111006
3.78070292873625
25.772542269096352
-19.41468817765339
-0.4050136492950526
7.561047003411067
-7.126340293084105
5.190630560793915
2.3482650084917873
-4.261849925460876
7.035711135550338
-7.7403289625396265
-4.296205183180467
15.564593374113844
-8.58477963176014
-10.225913965814708
8.523966789875244
-13.257743510225193
-5.11814178352099
7.668704375235103
0.9760725164336825
1.7358737786465996
-2.185999328990695
-7.250330695592395
-6.777699279517194
4.052864909743815
-8.209068021651301
-10.05671661658573
12.425041884071051
-1.7310081230186067
-15.918978708945444
-1.1057350105650563
13.413297424420167
-7.361491052976787
1.5855832564687555
2.124036008369056
10.323001604697241
-6.310313841980929
-4.017419913391164
-3.1184173851454378
7.326258906122522
1.4919574022804751
4.726153062281279
1.6935166537001123
-1.0404794575441436
-1.2470392587553163
-0.9660403611537501
-8.214743847692471
0.6513611321230173
-3.053050312967356
-2.1497444903372114
7.025912855661384
0.5249308762790743
15.843808971847862
-13.676725527342516
0.3621711110017169
6.336233632443936
-12.436131606995747
-8.545880076401929
20.407974142450044
-12.259611598781762
-6.58917431495071
7.431031234163812
3.438340452007136
-1.9107012763293423
1.3580378263121842
-4.883477038213294
6.155951556698105
-7.0998214490852956
-1.5146923013676759
7.788413608772951
-6.252658301428822
-2.8307035041878628
2.6107935524987775
-3.8690065598768513
-10.541864663116012
0.6825506758501019
9.34018524954417
0.09205358684571457
13.055994899195529
6.927128912209332
-0.07986779194758148
-5.331392490875064
-8.378166103764585
-0.8070784296763884
-1.4807822782928588
-9.35166606067175
5.685069876657538
5.560449363730417
-20.29489172969814
3.7598761760629413
3.134780194368671
-12.594405428319492
0.08769854622412733
11.083937619665987
-4.467038498298019
-1.4083745694908338
-10.127124722489999
2.82814123994683
7.807951844596286
-2.774124154883107
-6.417649233415734
-3.4457146473198472
-5.926812659823089
7.18173692189782
8.576445187612276
1.9120245304682995
-2.3315654456661097
3.4690679395392774
-6.358862678691716
-2.5856343777901247
6.207106815633455
-11.312731283019168
5.7698422713330455
3.7287001426338873
-12.120935398021498
2.916190804173733
11.983150438588776
-13.675853951711083
6.279715604093123
-3.307970909971853
-2.696996290333265
4.369058117366211
-2.6211677170072964
-11.526100339869448
10.419976257082723
-11.285892184264675
0.615086869315732
9.634477324155911
-0.7765171066511325
0.5118266141543454
20.53869328914425
0.979079367119774
-0.10806721341328686
-10.034177892927842
4.878917544173492
-0.4385231673113026
0.6604409873275844
-9.508578013748775
9.017821463476489
6.898063562941948
-16.265713827359278
5.184739437847474
12.274453869860949
-16.824669605940386
3.4136049799432238
6.183390400165993
-1.5182619102706398
3.0720733583438515
1.3935003522899179
-5.220857733940547
-3.0773748525496036
2.0853307753315
-5.010989664957209
9.472036138437602
-13.689240041122872
-2.3213336086353125
11.473544891565199
13.402217703798046
-27.63247076167829
7.367204872584768
10.918053356979211
-18.031167002915183
-6.398233218565117
13.401753692943792
-9.924589463026111
-2.8099809563748837
2.51944359229159
13.79237318928415
-4.074837888153771
1.8788622683513523
3.2535620734605146
-3.1241789454158595
6.492633486688971
-9.454463378685897
5.092276167643578
1.2265033730041317
-10.5928716290909
1.8272155484871084
2.5360791319875076
-7.472546798442162
10.379384487282586
-0.9886188278560754
14.897932776580355
12.58673831396012
-6.475594070194183
0.2864383882758518
6.253430522896324
-10.221045755452561
3.5304501696521027
-5.250195948135132
3.127405189070378
0.5471881666876494
-14.429234359402777
-4.7524792853251085
5.4877243076698825
-6.33450567829957
7.046542640969246
-2.143151775200924
0.8251732100156024
-2.4414339965487075
-5.265646571942425
-14.934752396070385
8.269517067281322
1.401976794231634
-0.18501218245771198
14.913192485004641
-4.838500742158754
0.4511545054751113
24.702451621800023
15.212111995495453
-13.754592587818653
0.9165337294133556
10.450779627009526
-0.41236353391035685
-9.210575143742926
-0.8293471925764986
15.004457973987304
0.4775610767745547
-20.638642695583634
13.281399075614718
2.7368281407830732
-10.30996975742749
-0.5704793745266374
2.78359655788851
1.6274755135736392
2.847254243980339
-7.065028683793329
0.4578502565127651
2.793113566208632
-7.569989321518207
-7.796465998388236
6.4741027213921845
-0.7337135089762086
2.4469223820552295
5.160176095941334
-5.353659727921795
3.849994205884038
3.7683798870354823
-7.676736511105683
9.7519532134035
-1.9086290755207096
-3.562476354357973
2.031906795038437
4.106592703622811
-1.2215651932451825
5.3228244670093305
11.2516935752911
-4.946401106340501
-2.6709809750470472
0.35396123399481255
-0.6226612861638745
8.893648687281022
1.064740000368086
0.325469093821273
13.333392224424188
-6.44512818053347
-4.135068145792816
2.7335424744352874
-5.04137129471948
-6.375159022881279
6.810136819394076
-2.498335503609586
-2.6949156340068487
0.6220728660226398
-1.8343530214756307
-1.5506172260578885
3.3602316362162465
-3.8753442022156355
7.640071859335398
-5.64845612957491
-2.04943380234005
3.458580017371966
-1.2531484332368854
-4.213551230737567
8.97239314453706
-3.376087713119208
2.9111154402012973
4.5953354003343145
-2.8660370931556804
0.17338550783325996
-1.4826513061815005
-6.145222996482051
-0.5781387465663785
5.710921991991267
-5.823540210921131
5.184073305260157
0.8220389277871888
-4.769166723047902
-0.06930493329941691
4.838384024261037
-3.5573214070045798
4.253143548735484
-13.469758674687691
0.234677981648812
6.222016342278485
-2.865130866308621
1.86306469506492
8.758894406417816
-0.2806618373295566
-6.591507515466302
5.76728758671633
-7.992548068817895
6.913334716988812
5.0555597793610945
-7.726622440512646
2.8691048274431425
3.1995480534176006
-3.852628162472432
6.938960017467452
-4.05940837764625
-2.0128043851265445
-1.672639394695866
-0.04205971409560919
-0.9219482579398395
8.124801657888368
-1.239086203082048
7.135115617877984
-4.105363167080107
1.155932037175521
-5.8204230992481065
-3.4235574132588873
-8.332482631478241
1.4754167930001365
-3.916549126376583
1.4379611119801337
4.728688563388113
1.3824095360767652
0.9051344581632418
2.04648602851512
-3.904017613750443
5.843280155368865
3.3970161167341395
3.0504733918214435
0.24858702950114353
-0.11394741648644026
-0.3455895268971037
2.306169659290487
-0.8323599271155643
3.065325660988256
1.3351245430917502
-1.3589314183927124
-1.2698607908976498
4.437043133260488
-4.989379819633585
-0.6230263260081994
2.80467958061354
-2.984766284681691
-2.4727720980530363
1.524707190152648
-1.04210103966494
1.7076046676861272
3.39898087246439
-1.22326152242436
-0.12058573844507323
-0.4565469856710744
-3.9291223962993778
-2.0879580007918928
4.464455661927109
-0.29854939103032146
2.1510089487789683
-3.075670213345179
0.8777366495243765
-0.687316551321169
1.3157272361213277
-8.796236133894388
4.207461254928553
1.9845155136178985
1.209562257503389
-2.912022241979052
-4.696748963237521
-0.8998981239306094
1.8169676749327954
1.9138135587902951
-3.53217118775217
-3.0293556509972652
3.227761163219829
3.57560070241016
0.587295022302441
-0.5494608525539956
-3.1353724713599407
0.8297107376402234
0.155212995385153
7.443217703761981
-0.8024993305286483
2.014816439848553
-3.5115144068757833
-0.1076839737447153
-2.601820912924811
3.567067553451911
-4.263706565910598
-0.8593201206127045
4.503708112140828
-0.6309034574679662
5.61195067567017
0.5874296962681178
2.240137264608982
1.444490264497227
-0.06341654349804993
-1.0143437601183698
-1.125066408970932
-4.516088430354652
6.961650640946469
2.6368645459563895
-1.7968077726855798
1.405299937421961
1.9159196815239101
-4.024778764685767
-0.6887833750331305
1.4955361923125376
-0.580368010852984
-0.0014989855945276597
8.012336912445024
-4.424284777868329
4.247694938823738
3.7278801165942825
-0.745689491278009
4.248052916225951
-0.13598941145886498
-1.2986602312618682
5.805129127376103
-1.948871550797586
1.551176264151088
6.546210207534912
-10.072448546846566
-0.6435031842854462
-4.819659832231049
-3.236084089833227
-0.18608600698550787
0.08966145328094298
-4.667465742342235
0.016997134507615086
2.6955096210409724
3.974185839230437
-2.9492467402955502
1.358835866387355
-0.2229355670503272
3.821588142960513
1.6428067036568177
1.9572943900285635
-1.7865918286775193
2.4054836847735834
3.4570787089650805
-0.8086048591006288
-1.3099051173450995
-0.3911036100355581
3.1308772803966582
-2.8101644978980618
0.9142122898337095
0.4855808980409857
-1.8206004254000547
-1.2019159079988249
4.407932275695365
4.813314050768394
0.09958367829564325
2.7493123663188186
4.64051359370468
-8.321370271509782
-9.346086413094325
9.424443660623952
3.190501558652972
-7.7205332788851475
5.1409777589082495
-2.004902659804603
3.0986578451721063
1.062758559885435
0.6597644292532671
0.07249534855931061
2.028110280353451
-9.696648710687738
0.48646233775936687
-2.5337347816991858
-9.957478797744805
7.819620426871302
1.4153327971980876
-4.296858015450717
3.560242375279803
3.8350532342478165
-3.8077154806114812
3.4940572392589675
-1.7208554875133042
0.02323174567813184
3.864264868672517
-1.237441338575264
-4.470497632879259
-0.35574189916852317
-5.746204807252491
1.6627976194429228
1.5491909794692516
-2.149197510732021
-9.523431976217061
4.8146558397142325
-4.507377496219321
5.8028732698285985
5.52265870123297
-5.791504765324111
1.2012352918104499
-2.5163827633555296
-3.384025165556486
0.506378952230968
0.18328138766604918
-3.933450751495488
1.3428625357338857
-1.9847167288131478
-3.8968048630171137
0.49562436875962923
-9.181324947424613
-3.774821069208769
11.205306445444506
-3.3525232547187316
1.4784587555884732
13.774067809632237
7.925360516974639
-9.556368026042502
2.2909453590919737
1.1702791694423236
-0.8770619122212637
2.1120510642963986
-0.47270163909492113
-0.0608285789649589
5.281262823996797
-6.6753606657914695
-2.4989699696913314
3.0913925761003047
3.767582813649199
-1.2642787378521587
6.424772300224051
-4.854076176861099
3.309073205173383
3.344501846143866
0.41491947639722865
0.7990633380721176
9.64070378343222
-3.601295846510719
0.7639848202829576
6.44076463237666
2.92209383037711
-0.8528086433935022
-0.37041491578516983
5.339309788672683
0.7947726411708468
2.7795378497523204
2.744877666642793
-2.776278413506425
1.9205923741421012
-1.0120339066939692
2.994400920008301
5.280151779164467
-0.6285360737061789
-1.449438773820782
7.635055552471539
-3.3446836219286573
1.5816329361062098
-0.39010699780976543
0.2808054603097168
-2.9190674712863314
0.08067924964342998
-4.750709275581944
8.105892172454665
3.6997848876631885
-7.673281038640241
-2.772201602589042
1.5594011577929452
-0.04821534477905779
-9.881523479948504
0.2708680113805996
-3.296412138640308
-2.246825410247237
2.4104825790052433
2.506853358032747
3.648870955683585
3.5970711477894257
-4.264214536382743
0.7379258172571427
-1.7374926117826042
2.2711862941391905
-0.5378793111895798
8.48168199922357
1.2935817782690324
6.741640566387413
-5.359874621231487
-6.780628849870846
10.203422992574993
-13.626062659977986
-10.862792467846972
-4.299520807970712
5.7216932377251295
0.5331213562580399
3.139282769189967
-3.586771944955328
-2.1081287084308444
1.4305073078394916
-1.5496497273885323
1.5698062270034125
5.471795641092179
-2.802934793576615
-5.486420777645427
3.259205983164062
0.3332065349451974
-6.4801356256359
9.308624736810676
-2.317906817325151
-4.662438184222609
-2.425009190617928
3.3388258727250664
0.5044624476724581
5.808390612068892
-6.921039759190439
0.3147950984646711
7.126200756652321
-1.5958597713481644
1.6087659775924419
5.007901494590893
-2.071969481145767
0.32188905977552384
6.270192532281605
-6.5599862296232025
1.2121731092489327
5.330353744386417
-10.439323321339339
-3.330665848146795
8.502182841884423
-13.53147059144303
7.047737392739183
-2.8825788953776237
0.1265511391263607
0.957047944820641
0.9874960651800471
-2.923620671392617
12.584617811177774
-4.296598344344526
-2.420351214649435
3.8096302869286696
0.601447719189309
-3.3768740593472715
4.481607936274248
1.043989090163286
-6.861356897311871
-8.665753634842599
7.775704347017288
4.087701985175544
2.8309376355449687
-9.423672748264492
7.1874253051283
2.935238290065179
0.5357305424220106
6.094389624415156
12.937803078735389
-7.80720176077061
-12.086001748058464
1.2317776749379192
-0.14853046218413193
6.091912225795524
-2.7897183055419
-4.946562978765781
5.915487545470951
4.5600716965679835
-10.868176696145165
3.239576526121657
-2.7395957007856118
-8.30114873394654
3.5410237218626843
-8.493356907158214
3.2740546743907974
0.5838115429524084
-6.00219667875795
4.687771797647627
-5.116972062447923
-12.095162043866006
7.7985584573250835
7.965819574921449
-4.907848403641673
0.6414391602119779
-4.039908638568304
5.847020575246743
2.583216224962763
14.594439839389725
11.449988976642576
-18.520926741363553
-2.7643985049918784
15.080879793185696
-9.532724635014691
0.7018965891346314
12.574623624860132
-1.767775455093563
-0.09426548371242731
6.624040094608406
-6.19104560442516
6.482300831480316
-10.325156719631217
-12.87446058386725
5.042864931181516
3.4722883696082003
0.15604634761345876
10.676148996904717
0.4223369646713746
-14.898616737151798
5.402550473936818
-3.0602957638439574
-5.462310599067929
1.7301707383241471
-0.0371864922389492
10.926063894202798
-1.7310332723058124
8.207758379658063
25.084371353118513
-18.94827461812215
-3.8336462198377896
13.343613690609606
-5.3097031132058445
-2.4576290859596934
13.238788375000707
-6.540651974657766
-0.03705821153550346
-5.489719974888287
-5.798839566847641
6.566379369624367
-10.527113882161169
-9.784768514326005
8.137860203440342
0.7580506181072378
-10.475349429860525
7.374769736871584
-0.7326182815274527
-0.6563849640996545
7.320888054550069
3.7129763772988205
-0.502632229353757
6.735603713601945
-7.022517890081233
-1.3366742549389057
-6.21472955924533
8.760342462080091
22.026165958470212
-16.21427166653445
-7.428730331858532
16.278158128261808
-16.866748410077093
-2.853358120302328
8.565399841691313
-1.1810536975743875
-3.4618452880405077
8.213533718955771
-1.8519025734921537
10.823907689202487
-7.338380620933493
-11.708915751220559
8.280772252374524
2.093625091940271
-8.844092378829352
4.131677184175415
-8.331697081883146
-3.6497211766053645
5.0751872472099775
-3.173138173596663
2.3118429969776195
9.305056448608587
-5.731172092032344
5.08390332861205
5.653922454922144
-2.2109883522614946
17.799241389416967
-15.857500389614225
-7.033762906220954
8.993068570085063
-5.7323502193089855
-14.080923119966798
6.905791834350846
-4.566175125631168
7.021960909699391
6.270275381689921
-10.668991501119116
-2.0931464908733806
4.564040689161116
-15.523189847352963
9.637629629597702
-1.3685743930552257
-2.6168012810832457
-0.3971609395009142
-1.2640259444503195
-9.491194519617052
4.828565320845881
-3.4104888864092535
2.8923460864654826
7.977010597058953
-2.815363280369219
3.7829483630492615
5.348856411452568
-1.810117517408168
2.4306520842437083
8.921707837501986
-6.513652865422156
-11.74572148218822
3.281592387490686
-3.650784185080082
-6.048285387591213
1.1767408255952365
4.984190478848925
-6.232905324574647
-0.004608102788585865
-2.7393292063232697
-3.408345624901631
-2.1031183923956873
5.946520725352388
0.16015000165637913
-7.767924858509732
2.0025695412643945
-2.2636012517583697
-4.696587925739815
-6.323169293923508
-1.0824978819408322
-3.7658192241689634
4.261319124573881
0.8131780260365464
-2.3449839052543915
11.593528105114437
10.165505056021248
-16.72631575483874
7.688613345507382
3.807727059689687
-16.008991548378937
-1.002264107757288
-0.5653744409806473
-5.138824350999681
9.325707508853966
-0.32037899960091754
2.849621213694317
-1.0319258759123866
-3.7828729761766073
-3.695725395237541
7.142942975976876
-4.913536555278066
6.070981608688675
1.7536742406122103
-7.392760578814551
-4.319586624344439
3.8120070601766978
-14.020806670464589
1.9570701596306537
-0.3502216502341531
-1.1609859783433643
-0.970865743354387
-0.7477989750796705
11.347675697663194
24.980484432517816
-24.00432406401063
-4.372370714971472
9.471453460251404
-18.490394349118105
-0.19083546417710145
7.110234242153578
-6.425098656631463
-3.984609269034917
6.794631711910141
1.5190004145222313
0.5858757204222802
-9.228886352732012
-9.877048513838654
10.634564536757196
-11.588908019463041
2.311465543592725
5.187301574463792
-5.793705744846183
0.4944543575468267
5.36594639283232
2.961111158439363
5.445731228996227
5.438679436616681
-5.734092626810137
0.16997285519479322
-0.5566679755013662
-7.399738839865189
12.104769602480983
5.844698431541642
-2.0131180239066895
-10.090777515187154
4.326087681413061
2.4997355984734755
-6.399575935583907
-11.76403563726638
10.486214905637498
1.4529282203419553
-4.58016029331723
-2.786229102271545
-2.6421965844649153
6.157268230285289
4.952319503264849
3.641654226251211
-2.130424621979731
-2.5958022251972115
-0.6788769147258257
3.2697249118191545
1.4135650229899137
-4.070451687990169
6.466077763468441
-0.31987303819093277
-9.636584728523566
1.1736732231709794
8.637900103774744
13.953278627775322
-24.107856778597753
2.7709962435698263
9.951728957805301
-10.155189180510584
0.8745753630021313
11.307870745708577
-10.752622467794687
0.7847817823567386
3.887750213298534
1.0447815816071708
2.5647154090847684
-8.781517616392806
-4.127949002476182
18.096893910167985
-4.614616818234347
-6.214546438885865
4.997632123499057
-0.6963083160140022
-9.659052005424243
8.670430445685229
1.126675975376921
-11.837402508754042
-2.4782167373192268
1.5461614890468476
-0.9218111025127252
5.1345461828033025
2.9256869371649095
-0.06316984829518395
-13.853772089441689
-1.7194807234527043
6.128539178185155
-5.84268393928997
-10.787539454949785
9.815632240934537
-11.199672592212197
-0.23824237168097553
5.853863355394733
5.194877970370612
-2.774658879735357
-8.937608463896689
-4.0711223889829915
7.94005566796416
-2.5315787328909285
-5.175781037812247
5.729751847534371
2.4202739479669115
-4.102437949408956
2.0458159837709102
2.7204791122121366
4.566673968181174
17.872495326818697
-9.09092759698928
1.74236508980569
2.897424784420097
-1.2679248246881984
-3.0921470088281917
2.252697160299375
-10.590828219365335
12.353068866693565
-8.522921127651417
-4.602395463520894
9.036958519350737
-12.616615112788423
-6.699165155900974
10.747353855484674
-10.939963309231004
3.311923075507661
7.20820373371762
-4.678046881234967
-6.124087376437058
4.267797602537158
-7.7450494443312
2.192249128025477
-0.9340519537989626
-6.095087186792794
1.4965575277696563
5.305020151678879
-6.479562012371043
7.895040902741915
-6.392299441248502
-0.47734219276445217
0.4210706376071384
2.1174775348265404
14.758587227406034
-2.948321364609362
-10.555465924439527
6.594759811657323
7.558111470986219
-17.982532405695565
4.015132576163828
9.859451465088561
-13.834542402899196
-0.9301050562391842
0.243887081281494
-1.0254744658000756
1.728686111002781
-11.503488272510003
0.13643170822021908
3.638264738521606
-9.152657695142066
1.3880771242400893
7.292926877961956
-15.036565371987196
-3.1178940783336477
-0.17494749898316406
-5.9216713069776565
1.1478006957634912
2.322588014217431
-3.230211776772576
4.504587586470669
-2.820337230184495
4.751844219419683
2.499378779335968
7.069477948287009
12.730716584290239
-2.4012451048510512
-7.531713319391796
11.531545305895904
-1.1313933780120005
-1.2012672217540719
3.6591786750579254
2.956884008613275
1.8975830806111618
5.170350094961291
-4.234442967215206
6.05865064121935
2.7532023945125292
5.70281434620248
-8.017600677286483
-3.6676281367598436
4.961616593522474
-2.3328807289486004
-5.054188449703067
0.055033409363422374
-7.2492451313812545
2.8087061418336168
-0.6959380735400476
1.7831014948933244
2.0667740753547523
-5.592160245112194
7.993702000680591
6.86960004113016
-5.956494584820186
-1.8770542642714063
-0.7121525763565771
-2.9683691502407816
4.8868745026196105
0.5307448126829322
-2.375807901608982
-4.589596637371979
3.5854495650238114
-1.7876935589817293
-2.2406198210852
-6.151386539929391
-0.8148816238619822
0.8063846014783597
0.5839154840848592
-1.0548458531596656
-2.7039923014308322
8.430959397614394
-5.598976559186251
4.258238013307244
2.8111669946157667
-5.077187129693731
2.780333151325454
2.445260591275209
0.28939275915495216
-3.8210588010449387
3.410861937493137
-2.656540832201122
10.483314655532167
-0.7847044926769291
-2.0003629262549025
2.9887952352854534
0.23866781485912705
-16.90084437472151
1.9993287430596645
5.469938220969508
3.710720799672818
-1.8988493649918197
2.202922033049167
-0.34872572973902266
9.28858500365688
-2.7184168925735577
0.8502664036672531
-4.331248820282269
-1.9467778980627473
3.384652178972802
6.004698148737823
-0.31959703733509237
3.270065127436536
5.642367380164408
3.0274354486433688
-4.17163502666691
-0.5358981744127636
-2.6504089940565416
5.379970414630393
0.49342899119104566
-4.634759239986661
1.3533674779466358
0.05122451786643707
-5.258738490794649
-3.225186711035269
-0.3643893357342626
2.3003601804751392
-4.094360478762438
-3.159290791799681
-11.546767043207254
2.1339800322897253
-2.200272734522135
3.6556038293238986
1.0307484655463488
4.534856037077856
-7.1012376241559245
7.707081454928992
-10.608136785811379
-1.6403458661661199
10.670941621038503
-0.46809507894257224
-1.9269008258635818
0.8105410643432202
0.8669737466743838
-3.811893106928772
4.305799924641661
-2.623626727025726
4.073478045602904
2.7224101514203043
-1.8949117916052305
-2.553023455228651
3.183896217284835
-0.3508725265347179
2.830348988642292
-0.6048838127014627
-0.5767383336792834
-1.6111835651730442
3.5587126204796187
-9.50100043425689
8.418788821362355
-7.28303044990392
-4.500607706523856
7.938800137567507
3.7383763743266503
-7.238874010361523
4.439976003753613
-5.282558490299059
1.409508413319275
0.05357949762667131
-2.6788661024925378
-6.13392470158347
9.291146681376745
-3.736940429410236
2.796091437647883
9.269974121044514
-7.149989930904764
-3.5216438051255823
5.327141392370162
-1.3832766591470163
0.8694322433831234
7.994058348767099
-0.2737661984019584
2.2920619000855638
2.6589913344431233
-6.693328025026426
2.4021112260552075
3.1796517412163263
-10.241804305095002
-1.8590324306758481
0.3442568858971108
0.5806532423292353
2.3393276924669797
1.804842146519682
-2.399383943133144
6.064140066751703
-3.5552565775472704
0.9663715067313959
4.908857152251918
-2.104700669681482
-8.68760202265382
9.67121388558668
-4.505881849982237
3.3887633697590402
4.093507830636013
-2.354853241657938
-5.7702914250580095
-0.022907897371668873
-3.4898655044572506
3.1464052660255692
-0.8528126627032601
-3.683403108588458
1.2040548603738714
3.0331240296318707
0.36954406077644053
3.667112187648443
-9.293779835633364
-0.11036670259626015
-3.785835595971572
0.9534646282365044
1.2623527914153365
4.617758993865295
-6.737276536750068
2.00797533388228
0.26041230525972675
-1.4477711838273293
1.8652319844529937
-3.99896933449993
-1.1307379962902362
5.2096868080242675
-1.2702417276357019
2.2159921393673687
6.074081596571375
-0.7078724714620201
3.180844285226317
-6.5873553053654454
5.25856531701087
2.4069196854872446
1.1075274525893142
-9.912949648157259
2.9009508977827254
-1.2214288776019149
0.5149649388969932
1.1171956688380835
6.469795434225498
2.2250437547724715
5.709986017764451
-0.6304686375948056
0.4063383677539999
6.2163613068246875
2.4688909120339435
-5.458470183620117
7.7549851674963115
-3.199278933501543
5.634244845065054
-6.518404702077132
0.12274720265378732
-2.020394244673388
2.383686808011508
-5.248782979927114
5.990934518808107
2.3778248488943206
-0.8778464997440603
3.8133002814800685
-5.357010291441751
-4.674310787184255
-0.3448094037157564
1.0438908948105976
4.028320892117074
-8.330107297621925
-1.8667842144325122
1.2779522645437924
3.92376237183297
-0.41374770742662065
2.71769075135097
0.01429641959051327
-0.5397849988921836
-7.3127149275171295
8.712064053520782
-6.274217247728509
0.9430558832040612
-6.024705054557287
4.42063361441691
-3.9642092966411497
7.006067891903949
-0.6911406086898906
3.1945691567980474
-4.750445134930089
-1.4581968255754458
0.08762859261882353
2.6423156423398844
1.3173600812913002
4.574934746319337
-4.380894039899963
-2.8250214172498773
0.8374023592729455
6.268583382953601
1.1954509028871703
5.48322053120133
-5.268952721245744
2.8894693066790516
0.24492541367048884
2.994357329287955
4.468397133353266
-0.5072965207834614
-5.1525369955104035
1.9573939440496468
3.4397086397375305
-0.555812100924661
-1.114176540954831
-4.073368367746077
-4.701683076719967
4.747678435137991
1.2318033587839896
3.7494690884840765
8.628083649955853
-2.4657929253415047
0.5715606120243858
3.4097126226517784
-1.8682875392187166
-0.5070561928926888
4.692391989331367
-5.735185269905862
-3.772446621840522
0.2732245044766047
-3.911946952768641
3.6031381203180186
4.056575145233815
-4.255273165181251
-1.369074646758805
-3.964049218820995
1.7803211969577124
7.00459580180988
-1.8212032542156984
4.453193824988068
7.5689092104305615
1.0203496449953462
7.338346284294954
0.10014579593310385
-2.301047232855209
-1.8808424469938398
-7.538149487122295
2.8494471864961026
-1.3757387901270068
-0.8153108759462103
-1.300869912062012
2.9753098453795324
-6.355207958957013
4.683124430080292
-5.342171077309445
-0.5649698970683211
5.113867601047513
-3.1433712976366643
-0.7593636991663838
4.924284763008366
-14.01228284477078
1.457339480538645
6.065619755120113
-14.16263114189781
0.17222356471511152
4.550487808194544
-4.275513811419259
3.431450246693852
0.23785969044703148
-2.4595359368376926
4.5111935153910645
-0.10189546171915462
-6.173455478652288
5.441134161699404
-0.7288765061231531
-4.18023363826168
9.014411827612594
-1.4543501608445435
-3.5792268495930952
7.852365986854803
-2.156077122591692
-4.7003982871241785
0.8512478588584952
-1.706480091286504
-3.159329841940285
2.2116949655239146
-7.830355551332993
9.001186358683055
-5.467971419751635
-2.822146102068086
-4.971398334280782
2.1753804173864792
2.5718446747686134
0.7857014607150411
-3.1139047520886987
3.9708201669710554
-12.295453621728765
4.122531958006371
4.884754159986632
-6.867377476773063
0.32833226746582833
2.2323386016416156
-2.6246039945967135
2.3415257009013857
-5.762461793253851
1.8872671035028568
10.746074457081555
-0.69696821727992
-10.147009387725108
7.953295388613943
2.965191454172085
-2.4175173194832524
4.8983168004487485
-4.906980716708785
-10.58541448295033
2.706239863443859
-7.405798940599302
2.1366669952297928
-4.990033368563436
3.460150800164776
6.562139151350934
2.7519803553271043
-3.5682855012054655
1.3547835746194505
7.136587249189155
-4.270801496852482
-8.36132188109687
3.090306893569665
-2.5853976862187045
-3.720041420293864
1.2986858030619222
-5.935796472932415
6.016925909162094
4.77769780961025
-4.947699631836839
-1.5249140598104736
-4.973143673442519
-2.2017571709528747
4.8517609981202
-1.7209891602930736
-3.2497263952717845
2.8408204029630566
-5.779104892541045
-5.684011649621662
9.71945684387682
-3.3712952311810516
-3.913762368488044
2.291360549905601
2.3734230976974287
-13.782789683256205
6.9478704066804715
3.073993239979062
2.66255408301773
1.5944551780080558
-3.650209785079393
5.574687082874295
3.797076176586587
-2.958545029561937
0.030539315664253067
6.157007475529551
-3.0717421724413763
-5.538813865998683
1.1874733681568141
7.550883717450315
2.0603114377563942
-9.100862276895302
4.49496461061744
-8.021913301557989
-0.6454251823556871
6.808941319300913
-0.5914749351473999
-2.3092900817202606
4.523660951794905
-5.570295764879398
0.2514784218319903
-15.163753138905783
-1.5308880632587196
12.267978976689225
-2.9544079228237585
-10.65502241767088
2.3321512888541895
12.389278185437254
-1.0361315462694562
-5.324896275467995
9.422953906574772
-21.925520075029837
1.4754454333906684
8.457484930826567
-6.315778780831915
7.991183547871448
4.082004767138677
-5.862054975039571
2.088689186667534
2.7508175642302373
-8.296241857068383
-4.34027550611416
-0.5259475737275567
-8.639646748713089
4.782486008975975
5.026332632679603
-13.029045255766539
-0.3145216060748382
6.46688061200349
-8.721681700369642
-8.639780153033424
8.164541063498614
-0.6782815823236568
-2.1520290624881246
-5.747320365359207
-10.57126203572559
7.318395799390025
12.855190213253293
-16.25596454662699
19.383672435058163
2.28897163598599
-9.90036543547994
7.055164439590333
3.0271420793124317
-5.868174753774211
12.15880647741253
-3.3855053724225757
4.15820899690348
10.373020844528613
-10.809242767897434
-6.381614418676266
16.506149338987726
-16.121892525120863
2.06012237695054
4.059476193194182
-3.4559615323835846
3.633607103546014
12.931446424261686
-7.911062883218166
2.2124706421008247
6.847877573789526
-1.2801907852415544
-8.307959901460906
-1.6927855218711143
-2.270888260990528
6.4183305143335465
-0.6313154131942016
-4.250636086934434
5.003469293601615
-8.249275643040493
0.5387166265311744
4.10225880428748
-15.603884607562525
-3.089567533596061
7.6423151450362194
-15.252109489906758
10.093393920790113
0.627597916196586
-12.600585200738802
9.368826088308612
4.663794161604942
-11.170061058294264
21.537380472500477
-6.02252711641429
-1.2943514221777719
-8.312288310165908
-2.8293148557450674
1.378269407193711
7.7096192163941835
-1.3960083057279347
9.833949371661364
-7.558041740177859
3.4095952549792727
4.966742059680763
-3.678465458519026
0.6197581038413555
4.739717912585495
-5.6679352831260195
3.9846960951738852
0.0005540258674333604
-6.363126113423776
3.3060731392028813
1.3637993335363383
1.0118986492626962
-0.47751430905383424
-2.7237328935725404
1.500660169247554
3.658170825754249
-8.61063957815225
5.4179311012759
1.5544863436884915
2.9433030178338933
-3.076387889484087
0.4810765899027491
1.5610023617221755
0.9307847087809801
-3.6909745291358536
-11.410715216217838
3.6094078870860793
19.73143631686385
-20.43728213710295
-3.6068619145527467
0.48770315879437504
4.393523383775354
4.528502730771981
-1.5817875655601228
-2.293672084121145
15.536095817949247
2.7199501307904588
3.3041137095445863
10.953709529036527
-6.798840225791345
-9.968101119661645
9.071756112379882
-6.37822416694245
-3.968460807419129
7.469833867672892
-8.534452563047806
4.168746551355069
7.554200473258613
-24.10469065411757
5.467193090952473
1.438442134290453
-8.998798238112549
9.575139400510874
6.075609760802697
-7.762326569794543
11.273540921269783
-1.8013556840385896
-11.455315497514675
6.1528445185841205
-1.8453480084473646
-9.151317811798458
8.582994714023469
7.301859678789603
1.9940138841895472
-7.930121335393008
-4.910304162235927
6.953849064685577
-7.159988157051383
-4.929404302954758
7.711333872729749
-2.5401219981452843
-15.915039902997075
0.024918005599105272
10.569712952184403
5.605079600715136
0.859361141507768
0.955902101003648
5.98882665808351
1.370770152038152
-6.173493517463366
2.2596631736286388
-2.6326179600598314
2.4718948297083063
6.345545183289917
7.128534054171263
-5.176299840167855
12.149564330260455
1.7355787880328948
-9.531502413690887
1.4216523607262428
3.138325050025513
-23.631569129768003
2.368196001657729
-0.14088815130581187
1.209502965743671
7.056880389845903
-3.924612153756001
1.0299403716388849
-2.626381208041341
-3.967437191916445
8.919397274363945
17.50197263645459
-10.4776109925797
-2.0997924215687886
2.371415398461879
2.1239322075264213
1.23610653162269
4.099993172640642
-3.6152264644273715
4.570536469514323
10.481320691758608
-5.701887391383215
-6.106974592560799
13.767944144086748
-7.824538195919773
1.5509914811414702
2.4523844248523257
-6.043750060422269
0.3586555708378207
3.738506195370766
-5.684892760075412
7.888015892196971
-8.090557856650472
-4.538173912441375
8.564192770246626
-2.7030896932878927
-7.311471012163591
6.728169463437146
-6.685373186500863
-7.669600115769905
12.373390245913628
-1.8072506285064975
5.873204835579906
8.880370091298415
-14.919333755514138
-5.60750643349494
21.901577216512845
-15.922658721986258
1.2119070789937048
4.38923592497502
-11.069410066410834
-3.081301149514022
11.89391900612579
-9.484464476067869
4.600010258235111
1.20794058273484
-20.648462710205376
6.49455180543683
10.306258320202009
-13.17845813595433
11.896017041368271
-9.807770268185175
1.8752876120219881
12.985598054505017
-0.8062080571180333
-13.738302005443499
19.257375872343452
-11.914048747341875
-7.864997656046077
15.191502774269365
-11.403521770796639
-4.053260957002072
14.423925929803923
-15.042896715482938
3.8866522586178496
8.9760231905847
-5.213653366173198
14.671183339514915
-7.073194712217324
-16.434373402570937
15.508137485876514
-2.7119546493549795
-3.8223316826090636
20.54407690356836
-0.05996884989138064
-10.27616667546703
11.450112551278314
-5.841241719040842
-12.194086364622194
6.075279882178791
-6.612157375659073
-6.741864325048215
0.9194662874186594
1.3885824305301562
-3.3512885062543654
-0.18157672594378602
-11.385480080444706
-0.19791802627613925
-2.1861163856244783
-3.07114867320098
9.449151883367813
3.286315401445936
-5.4652950484413845
3.3297157779517046
17.32189471191531
-12.596337722799214
6.3394532447625105
15.153923665776697
-12.07663643938442
-1.2326697077345286
0.7296745215105473
-6.454389864472694
2.091751157020141
9.45786425662801
-6.036767258057664
13.378747539022832
3.3564854830921234
-7.454552830952738
8.981740156731608
-2.600339616350331
-12.782007575973049
15.870017851466853
-4.869746467156939
-2.47610109659079
12.944916004764295
7.346761067941488
-17.4625432927952
6.401327798330455
-4.42072209160885
2.8519618581968103
7.308006714082965
-8.774456875179807
1.4034143678626374
11.954584725875666
-13.966010749844932
0.09958740160772984
4.856065527471059
-9.111614852866545
10.007619223708355
0.6517295213238486
-2.142802930717173
7.27779153947705
-4.888949688668844
-3.92280961840229
13.374551265850723
6.317610175371326
-6.012405663490021
13.92772271642803
-5.1761250796365434
-12.864423903133748
11.141187736971474
-0.39358838269171054
-5.996310043707729
5.508519113797771
-7.381584425483922
3.891969732381264
11.305531100544806
-16.815422800521706
7.586593794340499
-2.3183702762972436
-10.94716372163259
1.4938556238621405
9.269032255332752
-7.051179279564937
7.9503527281664095
7.740885633593923
-4.985426243561921
-4.384347748068457
3.0361475925904444
-11.066472420702786
13.012649595061092
-0.7652905739982641
-0.6490521140094964
4.056188300448948
-4.033138417261218
-12.389428135872055
-2.1986858500173856
-8.210904657329579
-7.002818910472027
-1.7001977205728467
-0.18249359164701145
5.4276582856713125
3.371155665733732
-5.4844533137468385
9.593778940520485
18.44757732842593
-2.810680798420165
-3.717386879141508
-0.015466321899604762
2.9584138772897988
-11.16587903913118
-1.5517661276620582
2.223133517580169
11.98048014590622
-9.238006349530423
-4.956675189177256
-4.049382236508773
3.327134742161837
-11.339652060062715
2.8239988706941457
0.11582749727612561
4.671403943127209
-2.6970973586316225
8.608855431364994
4.663410576005298
5.886089440031137
2.1768325303609504
-7.094168604983144
-4.256564984665138
7.660339154228465
-12.184571951669463
7.8401170047501925
-1.6319312429194324
-17.164964088778728
7.666248189512236
10.052131577977628
-11.67148452122534
3.9786069047119343
-5.975145265781264
5.118973637088153
-7.20360194587454
3.986036569008444
14.043845370167016
-3.442216231536386
-1.7302624386420995
5.552701111063222
2.2131482509137306
0.5964638733253519
-0.19455727255345295
-6.820243500282478
2.9994169708836087
-21.725787730967877
-2.384935659831293
10.635081665144142
-21.21023379355843
-4.938594565591327
17.25614591464681
-10.760971025099495
-1.6795990899368338
5.378476574784772
0.3416836761289163
-4.1562429105306435
1.4209261453266162
-5.708459978302726
9.707287781841806
3.0951736524858715
-3.0215441093445854
10.356452866427132
5.4610589904036715
-17.18068383668358
9.5416456493818
2.570461730944868
-8.079278062255263
7.970935959666521
-7.723238405708647
7.461412976842766
1.0971217805191815
1.6679590508833906
6.194310582946763
-3.6434123089357695
-20.797912607522598
13.258973716099927
10.002417642820614
-6.6626600558878755
6.23853631485869
2.0283570220349385
-12.08280383654533
19.02823013243612
3.309252677510732
2.751742821286734
7.965147431549904
-2.9295752835181075
-2.2893542931004864
10.123406835940482
1.8341665947999575
-3.383235994243255
-2.599239232842135
-10.05946790975989
-7.589748107125173
-2.69848104230733
-10.897706423036912
7.778475129691671
0.8996352550503809
-1.732954925771809
2.183124006614953
4.980034255300459
-6.257671216872407
4.930732992686535
7.999513610142196
-3.524430944001892
-4.153095234069162
-5.0517206585537835
-3.475052998280396
1.8738163036214128
0.03559978375822012
-2.2120452293921455
7.617720433773833
-6.419400122505123
-0.4461121570158337
14.496212315797045
-16.60253569317813
-2.3906056847031456
10.20220848815034
-4.523787317050083
5.5162497158726325
-4.34437700123009
-2.094425381944274
10.75284028475472
-4.86944186948133
-9.862650475529264
10.195959143034464
-3.5085767098606935
-1.7842743435084965
4.349805501290774
-1.9401974304376841
0.40639322298930475
6.630904030578997
-5.896515093265403
6.894500014109171
5.504526772529117
-6.386987162845137
6.0325566447048296
-4.9755017230187075
-0.3866891372494491
2.658477265123901
1.155179488752288
-6.2102569089678425
4.800282953434795
0.030307857116790213
-4.662290130076262
7.66273689926708
-0.3557701184586924
-5.785723166194751
10.205685449226307
-6.801480294969819
4.655594920190814
1.9122749609957155
-14.852155549532867
12.424144190207635
0.0008969098706913059
-9.359739184501741
10.912955866665788
-1.7256304491054666
-6.428936009981889
12.771227067329306
-7.59230634728566
-7.219451811716693
10.553388850001761
-9.971496698902225
1.1453045947485267
2.9258625536994143
-14.852771756522765
1.8217453293629873
4.6124107382482995
-10.214197407912904
14.661568810484967
-1.654518607635956
-11.727753128353271
8.682068546778105
-0.006600392317014858
-12.461334396896412
15.299168021156689
-2.0950412219779015
-7.023691896931064
13.260698332411604
-9.703485170996737
-7.273361161391888
16.094718786443256
-7.512869960241789
-7.309793426209526
16.313861510522383
-4.593106884847384
1.8557150887035827
12.689517371511583
-7.714682390703069
-6.51918702338551
8.661537721295915
-9.384769342480995
12.544801207273522
7.835625596111679
-12.24955173578346
11.810789473245498
7.183216917296023
-16.455283574826417
14.673528511424717
6.762428877327218
-4.448467088526307
12.757739716898838
-3.4896994277187985
-8.346712047045846
6.218910998180269
-3.3505050483220185
4.726886108471976
3.077366003709665
-4.33401654129493
-4.699901389655245
8.161987618547512
-17.371438403123545
8.58841748899762
5.061478772429844
-9.72132089727461
9.86119122993913
4.006427846129214
-2.0413663081744033
7.941086963368811
-2.0096291621875975
-5.4290534254760985
6.456011576031464
-1.4287085095358074
-3.0266274273003484
2.8014382632191124
-3.383840513883849
-8.65647666037751
7.602694597395436
-2.0108042270758264
2.0629405127036886
-6.564620794582087
-2.45460259639218
-1.0731345149182798
4.944668978419702
-8.756270498128748
4.731523197015299
2.187700774626757
-4.1614340676000605
1.5447767751817796
3.254200103299565
-2.3558724419701274
2.389054500218208
-7.8057124627964045
4.173516636711488
-6.979436680431566
3.6945320941128768
-1.1633622352979864
3.926774038806287
-13.741390531945946
2.411354936821124
0.13487904412976506
2.745607008235857
-7.075157872333519
4.6910753326768395
1.6325814258874107
0.9543894291786834
-0.9907563596035869
-2.3070244348655233
0.08307626560253287
-0.6101793035672158
-4.431740243720217
3.2359188533483922
3.2593553816851846
0.6730759186816301
-10.134909294128713
1.4071806005706653
-3.611456980294962
7.551032969609868
-5.905892273890445
3.9478565405001276
-2.609439711056268
2.382882428261782
-2.908204505753285
0.8845997777934287
0.625732115870217
6.308290629860553
-3.516466847270488
-2.5564575499603337
-4.686416366599487
1.067551998583195
0.0005533203519107198
0.7362113978589672
0.18655279873874236
-3.148048478317615
0.8104122617236393
3.1618301963526343
0.42502172190693704
0.6879918142886592
-8.396910906438393
-3.958150016346929
-2.967303586804777
3.5784006738175895
-0.28397901666598235
3.635149532597543
0.2372072425086555
0.07493015347177988
-1.118834809057919
3.623482446474737
2.0244099017713704
-6.564877900372481
-4.415048937430051
2.6428408635771374
4.343292014822804
-1.8738492020963056
11.23521469863186
-7.365698857877253
-3.8186496692925003
4.643082083910688
-4.78746927004007
-1.407548469633251
3.1998411473909005
2.007994319481576
8.909743594006475
-6.6183707476698155
-10.343441063172262
0.05199783478544117
2.020347464558209
-10.840289669920805
5.741762179191241
-0.08725297506241209
2.484671689350861
-7.801476888146958
-0.49745288006042704
-3.9212352384316014
2.7019302608225777
-3.581141590826002
-0.41035168641685726
-2.6373312171124663
-2.26773936570133
3.674985606329652
1.7620353764835088
4.942999304999603
-6.299799702109051
-6.541285967314446
9.563159047179159
-2.3713686747212113
6.06303648024877
5.132239938807211
-2.0182639033776018
-1.11484400140003
-0.47316015729294475
-3.8585194079447542
7.374859073551041
2.212256216434322
-0.9664434661954897
3.3111111477211526
0.3119598132417916
-14.139680792100334
3.2175305673256536
-8.948847137537701
2.8373687020871485
2.9934667593382716
-4.291280321919323
-10.980342190060238
4.867976027072977
-4.061909424619672
14.378435192505494
-17.498053244972926
1.4000617160334028
-11.169156690533592
8.594236292231077
-13.731700172617112
-4.698946342959931
9.059636179441812
-3.918952637792542
-4.382438712450229
7.92793423632186
-11.767457237837057
7.35325431459072
-9.694884556516662
1.6190166169936953
2.6888850769995645
-6.433725632192741
12.072181199691698
12.52071586007653
-10.918128112923078
-0.1252690443032451
-10.828963514963405
0.28663089945093245
-3.9851389664625296
-18.73357100584115
7.107118826093616
5.402880788634906
-3.261850211522398
-6.639808419614388
-4.549342855479146
-0.1771857520366498
5.822134720276067
-16.02275473279613
4.377144062861772
7.1978154402323025
4.6187048755053715
2.070086181346582
1.1426937630972098
-22.368726807320986
12.230596434090085
1.9093977345852648
-12.754409783041435
-12.112528779597673
5.202297060846349
-4.204068655056603
7.783257997644408
-11.110837185189474
9.883203083700577
2.3587274625211396
-9.927966190389455
7.06847383351948
1.776035243414969
-18.01457779538535
10.56906602945559
-6.3217810823311185
-3.358350184617272
7.313609081186116
4.640907631499591
-15.34800901242348
12.58441803037996
-18.960459940443982
-4.687976976336046
11.713693765874039
-0.5252352626330532
-6.809936795369652
5.741813802899933
-0.04843880920842774
13.481125711520068
1.998382280374198
-12.74913522512034
5.520639077433048
4.625517542546645
-14.86856406065803
9.719338924269328
6.024490152182274
1.1722702603254027
2.682983060848189
6.165642474960297
-12.688954828752301
9.819537740169066
4.704670255127078
1.9210758598792606
-5.595526109493861
-3.7330059928742267
-2.6360559347191335
5.7054947475428675
-6.119313444017486
-2.7928457275472236
-4.704724423821476
5.292018841202061
-8.307592658973098
-3.824388217686744
-11.121663108386663
10.236217273638019
-16.774063407693195
-7.784274671820341
-5.2209214171398575
-1.1841773917071623
5.94763073601761
2.68710493780234
-12.646217868004028
6.937784196663198
-1.7152956193804623
1.5767095700318208
-6.4496951648732646
5.057491223653617
2.7875205461905685
6.609924951893787
3.1208445245322363
7.417138297867022
-5.430278897133576
1.3525430746907787
-1.0861249241144715
-11.904912874909192
-2.435968135914053
10.645836527572676
-3.0698100749001207
-1.275976017321751
-3.9482005650001133
4.562383062690122
16.146830376523933
5.313641471756798
-8.931610306923876
1.3706420879115142
-7.105610491156044
-0.15042804754347452
3.582407619116172
6.169600767301904
6.830928093229042
12.992077272867501
-4.250215974671544
7.048767778607945
-0.4475616425850891
-1.9288907969257303
2.919071875828256
-12.00233598842569
-10.058419623074668
1.4843976936198058
9.70710262718602
-1.4897417092278253
-3.2318639620191556
1.2979474720899635
4.325028395366995
0.726834136545976
-3.154925067876707
-8.436129284277603
-3.772355354294674
2.5287087363693197
5.665632670812916
6.588882349392776
7.020880753217176
9.156499127996852
8.750976800836703
-2.818251907593906
-2.4146955026302517
-8.799066304358073
9.825966948154097
-3.4786096673970666
2.6063131801527226
1.8717255700282658
-1.7069557611262245
0.6597313474233382
0.27462917366724854
-8.94408657851264
9.083507338799862
-4.702294529738348
-7.387844973862363
-7.121824046691106
5.442137246761236
0.9127307386721171
13.639789846806794
-4.534822579917754
0.5324823123172958
11.223655177682797
4.932571310719606
-4.90446048611317
-13.352378480065827
4.904903918684911
-3.006433423919361
-9.60697362379617
-1.3936631693479666
-1.0195648999084186
-0.36362280992218365
10.860745424438939
-6.433002743125431
-1.0815284866945962
5.5353002467739545
-12.62523858430898
6.4441876179467465
-2.216265922503526
-4.841077342238112
11.847637773814927
11.470392883957008
-8.423758398485365
20.996741840256185
10.289636618867156
0.829708573506571
-5.015908797735213
-11.996243074015128
-1.3677750268326647
18.110644273047438
-2.502373943314827
-7.819794455959461
-3.133644581461501
1.3312157841708094
8.448276591061848
-0.44458911798373574
-7.313428137399411
-3.8460214405352002
3.653232052980573
-5.190346819302266
-2.009026576332844
-3.009188543557219
6.604306230340303
1.7213909948873227
2.9742811989763087
2.7003350748110924
14.323498821158092
-10.9882680866794
6.667988776133947
6.200083635372312
-9.121209129334517
-2.5085929853663282
13.007069099325635
-19.342316996055395
3.234710605603372
8.382996981759176
1.0614428477868783
7.269215008175401
-2.080453365838065
-8.01068911269638
26.951916189415552
-10.796905390319441
2.1961414083599524
9.742835881392375
-7.238979060665923
-7.526796317432194
15.376932662097092
4.130556309424599
-18.15099410917884
8.682336699586592
3.1439154210366107
-11.521783902968362
-1.1187948294465437
0.014238957411276131
0.7040098378122703
4.553339238241952
-20.125867946791555
7.88282439974722
18.31619576659702
-9.545559010514166
-1.4911393931249817
8.05213081113049
-6.874900401504683
8.17567213842717
-4.989187918022738
2.094411814578963
4.150863748871454
5.673474083297971
3.8611621318374576
4.491638491584641
-8.391511001434196
-3.8973059964339996
-0.7710797438091324
10.335900009747203
-18.25008302875346
5.105832124600554
-1.3181162613514166
-3.1991652428105057
0.923492165211872
2.672430892816611
-12.584616157316985
4.639237791367791
-5.545049199555939
1.6072347186471017
-16.463117200806447
4.708254144238375
-5.605666217541278
14.758649609452837
-3.5021530931645866
3.4610963593487254
7.01537930455645
0.45972338649117195
-7.278702578107093
10.732827449468523
-16.67868293285297
-6.260608180675522
3.550009843441695
-9.36987257860537
-3.6924875381721396
11.461522166517543
-8.920345960727655
3.296219152170155
-0.19335003988238258
5.681209404876026
9.369263346421716
5.450526040109799
0.07702852549559143
21.759612487699883
-5.115359684753225
-15.33210370224435
10.073165291551703
3.126216684789762
-21.628198200306002
13.754498395318741
-11.213727452381992
-6.791870635078925
15.97356821902547
-5.456541978268312
-9.775456489299255
11.82188934103056
-4.7897991082636215
1.5589305109913474