wavenumber_cm_inv,intensity
8111.903300,5.72319000
8111.912770,7.06797000
8111.922250,6.82948000
8111.931730,5.13360000
8111.941210,3.65633000
8111.950680,2.00682000
8111.960160,0.58916500
8111.969640,0.60241400
8111.979110,0.69515800
8111.988590,0.29768500
8111.998070,0.07245090
8112.007540,-0.32502200
8112.017020,0.00620547
8112.026500,0.82102400
8112.035980,1.66897000
8112.045450,6.77649000
8112.054930,14.20920000
8112.064410,13.85810000
8112.073880,7.02822000
8112.083360,3.19923000
8112.092840,2.27180000
8112.102320,1.56960000
8112.111790,2.74214000
8112.121270,4.15317000
8112.130750,3.39797000
8112.140220,2.30492000
8112.149700,2.13268000
8112.159180,1.81471000
8112.168660,0.99988700
8112.178130,0.21819100
8112.187610,-0.41776500
8112.197090,-0.95435300
8112.206560,-1.10672000
8112.216040,-0.81523800
8112.225520,0.09894910
8112.234990,1.64909000
8112.244470,2.52353000
8112.253950,2.03332000
8112.263430,1.34436000
8112.272900,0.78127700
8112.282380,0.22481500
8112.291860,0.31755900
8112.301330,0.70178200
8112.310810,0.52954400
8112.320290,-0.00041907
8112.329770,-0.23227800
8112.339240,0.33080800
8112.348720,0.96676400
8112.358200,0.69515800
8112.367670,0.60241400
8112.377150,1.21187000
8112.386630,1.24499000
8112.396110,0.98001300
8112.405580,1.11913000
8112.415060,0.98663800
8112.424540,0.92039200
8112.434010,0.92701700
8112.443490,-0.29189900
8112.452970,-1.82217000
8112.462440,-1.98778000
8112.471920,-1.89504000
8112.481400,-2.33226000
8112.490880,-2.07390000
8112.500350,-0.97422700
8112.509830,-0.00704361
8112.519310,0.72165600
8112.528780,1.49673000
8112.538260,2.06644000
8112.547740,2.17906000
8112.557220,2.14593000
8112.566690,2.24530000
8112.576170,2.29167000
8112.585650,2.13268000
8112.595120,1.94057000
8112.604600,2.27842000
8112.614080,3.23236000
8112.623560,3.57683000
8112.633030,2.64940000
8112.642510,1.43048000
8112.651990,0.15194500
8112.661460,-1.33195000
8112.670940,-1.41807000
8112.680420,0.80115100
8112.689900,3.19923000
8112.699370,3.90806000
8112.708850,4.11342000
8112.718330,5.21972000
8112.727800,6.10741000
8112.737280,6.24652000
8112.746760,6.99510000
8112.756230,7.67080000
8112.765710,6.58438000
8112.775190,4.70301000
8112.784670,2.75539000
8112.794140,0.17181900
8112.803620,-1.77580000
8112.813100,-2.21302000
8112.822570,-2.08053000
8112.832050,-1.15309000
8112.841530,0.58254100
8112.851010,1.75508000
8112.860480,2.21880000
8112.869960,2.15918000
8112.879440,1.72196000
8112.888910,1.72859000
8112.898390,1.74846000
8112.907870,1.35761000
8112.917350,1.03301000
8112.926820,0.29106100
8112.936300,0.39705300
8112.945780,2.64277000
8112.955250,4.17304000
8112.964730,3.66958000
8112.974210,2.52353000
8112.983680,0.76140300
8112.993160,-0.51324000
8113.002640,-1.22178000
8113.012120,-2.46774000
8113.021590,-2.43926000
8113.031070,-1.92451000
8113.040550,-2.05196000
8113.050020,-0.79798300
8113.059500,-0.63073100
8113.068980,4.78574000
8113.078460,26.90470000
8113.087930,44.06200000
8113.097410,30.61550000
8113.106890,8.80476000
8113.116360,3.24923000
8113.125840,3.06927000
8113.135320,1.17531000
8113.144800,1.89767000
8113.154270,2.01378000
8113.163750,1.19328000
8113.173230,1.68619000
8113.182700,0.96465700
8113.192180,-0.22296900
8113.201660,-0.15192100
8113.211130,-0.38137400
8113.220610,-0.48891300
8113.230090,0.33241800
8113.239570,1.28451000
8113.249040,2.08649000
8113.258520,2.13293000
8113.268000,1.36800000
8113.277470,0.74294500
8113.286950,0.10490000
8113.296430,-0.48034300
8113.305910,-0.11266500
8113.315380,0.55661800
8113.324860,0.56131800
8113.334340,0.83638500
8113.343810,1.78101000
8113.353290,2.09119000
8113.362770,1.60547000
8113.372250,0.86596500
8113.381720,-0.44468100
8113.391200,-1.71579000
8113.400680,-2.34914000
8113.410150,-2.96617000
8113.419630,-3.12900000
8113.429110,-2.52386000
8113.438580,-2.04062000
8113.448060,-1.29863000
8113.457540,-0.02807180
8113.467020,0.59891500
8113.476490,0.58868600
8113.485970,0.89222800
8113.495450,1.50899000
8113.504920,2.22969000
8113.514400,3.18924000
8113.523880,3.72860000
8113.533360,3.16022000
8113.542830,2.48596000
8113.552310,2.03341000
8113.561790,1.06473000
8113.571260,0.64204100
8113.580740,0.60333800
8113.590220,-0.26885900
8113.599700,-0.20251100
8113.609170,0.69650200
8113.618650,2.26646000
8113.628130,9.28799000
8113.637600,18.32900000
8113.647080,17.57180000
8113.656560,8.43819000
8113.666030,2.58603000
8113.675510,1.83713000
8113.684990,1.37270000
8113.694470,1.46890000
8113.703940,2.66897000
8113.713420,2.62197000
8113.722900,3.07397000
8113.732370,4.52256000
8113.741850,2.89234000
8113.751330,0.75234400
8113.760810,0.67576800
8113.770280,-0.60170400
8113.779760,-0.49941800
8113.789240,1.10758000
8113.798710,0.69290800
8113.808190,2.73283000
8113.817670,5.17553000
8113.827150,4.73764000
8113.836620,6.95725000
8113.846100,6.56137000
8113.855580,3.58927000
8113.865050,5.58274000
8113.874530,3.48173000
8113.884010,3.79799000
8113.893490,11.35310000
8113.902960,12.67150000
8113.912440,55.38650000
8113.921920,152.42500000
8113.931390,173.73700000
8113.940870,83.09030000
8113.950350,15.93490000
8113.959820,10.38330000
8113.969300,4.76860000
8113.978780,0.52095600
8113.988260,4.28979000
8113.997730,0.50989800
8114.007210,-0.35068800
8114.016690,1.51977000
8114.026160,-1.43492000
8114.035640,-0.27383500
8114.045120,2.10612000
8114.054600,1.07109000
8114.064070,2.06824000
8114.073550,2.41049000
8114.083030,1.01801000
8114.092500,1.30054000
8114.101980,1.16536000
8114.111460,0.73050500
8114.120940,1.09127000
8114.130410,0.85822400
8114.139890,0.87121800
8114.149370,1.05533000
8114.158840,0.59780900
8114.168320,0.27187600
8114.177800,-0.07147440
8114.187270,-0.20555200
8114.196750,0.15632000
8114.206230,0.40982400
8114.215710,0.87840500
8114.225180,1.13467000
8114.234660,0.67576800
8114.244140,0.65088700
8114.253610,0.84384900
8114.263090,0.28901500
8114.272570,-0.36561600
8114.282050,-0.59894000
8114.291520,-0.43417600
8114.301000,0.29150300
8114.310480,1.11228000
8114.319950,1.49433000
8114.329430,2.06990000
8114.338910,3.07618000
8114.348390,3.53287000
8114.357860,3.65119000
8114.367340,3.84139000
8114.376820,3.03554000
8114.386290,1.88827000
8114.395770,1.49350000
8114.405250,0.57569300
8114.414720,-0.57433600
8114.424200,-0.80931700
8114.433680,-1.25385000
8114.443160,-1.90516000
8114.452630,-2.05527000
8114.462110,-2.40775000
8114.471590,-2.69525000
8114.481060,-2.54155000
8114.490540,-1.99777000
8114.500020,-0.55194300
8114.509500,0.65227000
8114.518970,0.80514600
8114.528450,1.13467000
8114.537930,1.23005000
8114.547400,1.14628000
8114.556880,2.53185000
8114.566360,3.45740000
8114.575840,1.86367000
8114.585310,0.09163070
8114.594790,-0.60861500
8114.604270,-1.27762000
8114.613740,-1.57619000
8114.623220,-1.28398000
8114.632700,-0.99785600
8114.642170,-0.72472400
8114.651650,-0.64096000
8114.661130,-0.78747800
8114.670610,-0.70482000
8114.680080,-0.44910400
8114.689560,-0.02143710
8114.699040,0.53533200
8114.708510,0.63347100
8114.717990,0.57652300
8114.727470,0.64591100
8114.736950,0.21575600
8114.746420,-0.04023560
8114.755900,0.10600600
8114.765380,-0.74822200
8114.774850,-1.45676000
8114.784330,-0.52844500
8114.793810,0.36973900
8114.803290,1.33925000
8114.812760,3.44579000
8114.822240,4.38627000
8114.831720,3.44828000
8114.841190,2.56945000
8114.850670,1.82967000
8114.860150,1.28866000
8114.869630,1.32874000
8114.879100,1.02548000
8114.888580,0.66609200
8114.898060,0.76561400
8114.907530,0.69567200
8114.917010,0.89775700
8114.926490,1.42965000
8114.935960,1.85814000
8114.945440,3.12981000
8114.954920,4.43575000
8114.964400,3.79633000
8114.973870,2.03645000
8114.983350,0.33739400
8114.992830,-1.18888000
8115.002300,-1.93585000
8115.011780,-2.19599000
8115.021260,-2.37485000
8115.030740,-1.75809000
8115.040210,-0.83889800
8115.049690,-0.27190000
8115.059170,0.69567200
8115.068640,1.55018000
8115.078120,1.29861000
8115.087600,0.75925600
8115.097080,0.25833000
8115.106550,-0.35538800
8115.116030,0.07172630
8115.125510,1.27345000
8115.134980,1.70969000
8115.144460,2.17302000
8115.153940,3.31558000
8115.163410,3.44220000
8115.172890,2.33502000
8115.182370,1.36717000
8115.191850,0.44438000
8115.201320,-0.72334200
8115.210800,-1.23864000
8115.220280,-0.51324000
8115.229750,0.72000000
8115.239230,1.44209000
8115.248710,2.15367000
8115.258190,3.61083000
8115.267660,4.90378000
8115.277140,5.77183000
8115.286620,6.75793000
8115.296090,6.74023000
8115.305570,5.57721000
8115.315050,4.80924000
8115.324530,3.71312000
8115.334000,1.45314000
8115.343480,-0.34405300
8115.352960,-1.29144000
8115.362430,-2.13157000
8115.371910,-2.30933000
8115.381390,-1.73902000
8115.390860,-0.89087000
8115.400340,-0.15275000
8115.409820,-0.41731200
8115.419300,-0.97269900
8115.428770,-0.34211800
8115.438250,1.01387000
8115.447730,2.67643000
8115.457200,4.04016000
8115.466680,4.17451000
8115.476160,4.42884000
8115.485640,4.67516000
8115.495110,3.54365000
8115.504590,2.73919000
8115.514070,1.54022000
8115.523540,-1.07139000
8115.533020,-1.44874000
8115.542500,-0.42560600
8115.551980,-0.01259070
8115.561450,1.76000000
8115.570930,2.24572000
8115.580410,1.93555000
8115.589880,3.30369000
8115.599360,1.12445000
8115.608840,0.14692100
8115.618310,2.66703000
8115.627790,-1.40396000
8115.637270,8.18468000
8115.646750,42.02150000
8115.656220,49.80190000
8115.665700,18.95620000
8115.675180,0.97322700
8115.684650,3.46542000
8115.694130,2.36598000
8115.703610,1.40559000
8115.713090,2.73172000
8115.722560,1.71135000
8115.732040,1.48355000
8115.741520,1.56428000
8115.750990,1.67568000
8115.760470,2.33087000
8115.769950,2.75964000
8115.779430,3.67662000
8115.788900,2.90505000
8115.798380,2.38118000
8115.807860,3.02807000
8115.817330,0.64895200
8115.826810,0.72304100
8115.836290,2.15781000
8115.845770,-0.38358600
8115.855240,1.63394000
8115.864720,2.60207000
8115.874200,-0.18675400
8115.883670,4.65719000
8115.893150,2.89870000
8115.902630,1.33897000
8115.912100,15.56090000
8115.921580,20.64150000
8115.931060,72.98050000
8115.940540,214.92700000
8115.950010,267.67700000
8115.959490,140.95600000
8115.968970,27.26240000
8115.978440,13.40520000
8115.987920,6.84363000
8115.997400,-2.55012000
8116.006880,1.96319000
8116.016350,-3.06404000
8116.025830,-5.33894000
8116.035310,-1.31328000
8116.044780,-4.21738000
8116.054260,-2.78786000
8116.063740,0.69954300
8116.073220,-0.96136500
8116.082690,0.81150500
8116.092170,2.39832000
8116.101650,0.88808100
8116.111120,1.58390000
8116.120600,1.17835000
8116.130080,-0.19062400
8116.139550,0.13890300
8116.149030,-0.48891300
8116.158510,-0.65892900
8116.167990,0.17207700
8116.177460,-0.27190000
8116.186940,0.04629300
8116.196420,1.39924000
8116.205890,1.46282000
8116.215370,1.23198000
8116.224850,1.92449000
8116.234330,2.72398000
8116.243800,3.26084000
8116.253280,3.33134000
8116.262760,2.08511000
8116.272230,0.01643650
8116.281710,-1.56430000
8116.291190,-2.40388000
8116.300670,-2.33421000
8116.310140,-1.78021000
8116.319620,-0.98790400
8116.329100,0.15493800
8116.338570,0.02721800
8116.348050,-0.26637100
8116.357530,0.54445500
8116.367000,-0.43638700
8116.376480,-0.70067300
8116.385960,1.48991000
8116.395440,1.36247000
8116.404910,1.18112000
8116.414390,1.39232000
8116.423870,-0.71145400
8116.433340,0.48031800
8116.442820,1.30828000
8116.452300,-0.77946100
8116.461780,1.98807000
8116.471250,0.76229700
8116.480730,-2.92415000
8116.490210,1.51894000
8116.499680,-2.01768000
8116.509160,-3.58459000
8116.518640,5.45862000
8116.528120,-1.68538000
8116.537590,36.16020000
8116.547070,150.93000000
8116.556550,179.11700000
8116.566020,72.05550000
8116.575500,4.27127000
8116.584980,11.60080000
8116.594450,7.66606000
8116.603930,4.10706000
8116.613410,8.80586000
8116.622890,1.10952000
8116.632360,1.20213000
8116.641840,3.10327000
8116.651320,-0.89695200
8116.660790,5.84620000
8116.670270,8.74173000
8116.679750,20.20550000
8116.689230,63.30510000
8116.698700,79.74410000
8116.708180,40.70090000
8116.717660,7.43329000
8116.727130,1.57091000
8116.736610,-1.82969000
8116.746090,-3.14863000
8116.755570,-1.27707000
8116.765040,-1.53610000
8116.774520,-0.32636100
8116.784000,0.75289700
8116.793470,0.05983900
8116.802950,1.00944000
8116.812430,1.47526000
8116.821910,0.81288700
8116.831380,1.67099000
8116.840860,2.56253000
8116.850340,2.83981000
8116.859810,2.95177000
8116.869290,2.24904000
8116.878770,2.35492000
8116.888240,3.08281000
8116.897720,2.78259000
8116.907200,2.80968000
8116.916680,2.56585000
8116.926150,1.68536000
8116.935630,2.53738000
8116.945110,2.92966000
8116.954580,1.67237000
8116.964060,1.89270000
8116.973540,2.60870000
8116.983020,3.43501000
8116.992490,4.37963000
8117.001970,2.77595000
8117.011450,3.06042000
8117.020920,5.22281000
8117.030400,5.49953000
8117.039880,20.54720000
8117.049360,48.86420000
8117.058830,49.81380000
8117.068310,21.23890000
8117.077790,4.20768000
8117.087260,3.96994000
8117.096740,3.03830000
8117.106220,2.53517000
8117.115690,2.61091000
8117.125170,0.60029700
8117.134650,0.18396500
8117.144130,-0.17210200
8117.153600,-1.62871000
8117.163080,-1.48247000
8117.172560,-1.62761000
8117.182030,-2.37651000
8117.191510,-1.79182000
8117.200990,-1.43630000
8117.210470,-1.36277000
8117.219940,-0.62492600
8117.229420,-0.13008200
8117.238900,0.51681000
8117.248370,1.30580000
8117.257850,1.25825000
8117.267330,0.79712900
8117.276810,0.02749450
8117.286280,-0.88340600
8117.295760,-0.84332100
8117.305240,0.22405000
8117.314710,1.67292000
8117.324190,2.67090000
8117.333670,2.76489000
8117.343140,2.71403000
8117.352620,2.54263000
8117.362100,1.97314000
8117.371580,1.96844000
8117.381050,2.25181000
8117.390530,1.89657000
8117.400010,1.47802000
8117.409480,0.98179700
8117.418960,0.41701100
8117.428440,0.88255200
8117.437920,1.46310000
8117.447390,0.84689000
8117.456870,0.44327400
8117.466350,0.98511500
8117.475820,1.33565000
8117.485300,1.25769000
8117.494780,1.05561000
8117.504260,0.85628900
8117.513730,0.72193500
8117.523210,0.27546900
8117.532690,-0.05765190
8117.542160,0.50215800
8117.551640,1.23475000
8117.561120,1.55736000
8117.570590,1.71936000
8117.580070,1.31298000
8117.589550,0.35453400
8117.599030,-0.38690300
8117.608500,-0.74075800
8117.617980,-0.76619100
8117.627460,-0.83226300
8117.636930,-1.34231000
8117.646410,-1.39843000
8117.655890,-0.51075200
8117.665370,0.29426800
8117.674840,0.81565100
8117.684320,1.25244000
8117.693800,0.78551800
8117.703270,-0.32387300
8117.712750,-0.83779200
8117.722230,-0.79908900
8117.731710,-0.42063000
8117.741180,0.24201900
8117.750660,0.07919050
8117.760140,-0.95832400
8117.769610,-1.48137000
8117.779090,-1.34093000
8117.788570,-0.88312900
8117.798040,-0.19836500
8117.807520,0.01560710
8117.817000,-0.00789104
8117.826480,0.37278000
8117.835950,0.39931900
8117.845430,-0.22158600
8117.854910,-0.68906200
8117.864380,-0.02668960
8117.873860,2.03065000
8117.883340,3.04024000
8117.892820,1.47360000
8117.902290,0.23814900
8117.911770,0.42834600
8117.921250,0.13061000
8117.930720,0.10517700
8117.940200,0.74018100
8117.949680,0.15438500
8117.959160,-0.58235300
8117.968630,0.33518200
8117.978110,1.32459000
8117.987590,1.41638000
8117.997060,1.99858000
8118.006540,3.22021000
8118.016020,3.71920000
8118.025500,3.26472000
8118.034970,2.58161000
8118.044450,1.69863000
8118.053930,1.01525000
8118.063400,1.88247000
8118.072880,3.72030000
8118.082360,4.16760000
8118.091830,3.06788000
8118.101310,1.90873000
8118.110790,0.97046300
8118.120270,0.48087100
8118.129740,0.64784700
8118.139220,0.29620300
8118.148700,-0.72334200
8118.158170,-1.36719000
8118.167650,-1.79486000
8118.177130,-1.68898000
8118.186610,-0.63321900
8118.196080,0.04546370
8118.205560,0.37139700
8118.215040,1.02022000
8118.224510,0.95664000
8118.233990,0.54086100
8118.243470,0.34955800
8118.252950,-0.03498310
8118.262420,0.87868200
8118.271900,2.62971000
8118.281380,4.21764000
8118.290850,9.52325000
8118.300330,15.93740000
8118.309810,13.57960000
8118.319280,5.30574000
8118.328760,1.52861000
8118.338240,1.19466000
8118.347720,0.00067889
8118.357190,-0.24702000
8118.366670,0.33490600
8118.376150,-0.25006100
8118.385620,-1.01887000
8118.395100,-1.67267000
8118.404580,-2.32730000
8118.414060,-1.57895000
8118.423530,-0.77807900
8118.433010,-0.26581800
8118.442490,4.29919000
8118.451960,9.75298000
8118.461440,7.20412000
8118.470920,1.00778000
8118.480400,0.86403000
8118.489870,3.80379000
8118.499350,4.37687000
8118.508830,4.12585000
8118.518300,4.02329000
8118.527780,3.42754000
8118.537260,2.67671000
8118.546730,1.61293000
8118.556210,0.34181700
8118.565690,-0.47536700
8118.575170,-0.34018300
8118.584640,0.60029700
8118.594120,1.04040000
8118.603600,0.95664000
8118.613070,1.39758000
8118.622550,1.70444000
8118.632030,1.80285000
8118.641510,2.19375000
8118.650980,1.64113000
8118.660460,0.40374200
8118.669940,-0.09082580
8118.679410,-0.36368100
8118.688890,-0.34792400
8118.698370,0.27602200
8118.707850,0.09660680
8118.717320,-0.93123100
8118.726800,-1.58503000
8118.736280,-1.84738000
8118.745750,-1.94580000
8118.755230,-1.99224000
8118.764710,-1.82942000
8118.774180,-1.13829000
8118.783660,-0.71891900
8118.793140,-0.82341600
8118.802620,-0.64814700
8118.812090,-0.57350600
8118.821570,-0.82507500
8118.831050,-0.90635100
8118.840520,-1.31273000
8118.850000,-1.92120000
8118.859480,-1.98589000
8118.868960,-2.05500000
8118.878430,-2.18161000
8118.887910,-1.65995000
8118.897390,-1.02384000
8118.906860,-0.68159800
8118.916340,-0.03498310
8118.925820,0.68710200
8118.935300,0.74377400
8118.944770,0.49469400
8118.954250,0.44382700
8118.963730,0.32550700
8118.973200,0.36890900
8118.982680,0.87674700
8118.992160,1.28092000
8119.001640,1.98088000
8119.011110,3.58457000
8119.020590,4.49077000
8119.030070,3.70814000
8119.039540,2.51333000
8119.049020,1.53635000
8119.058500,0.90079800
8119.067970,1.18333000
8119.077450,1.93859000
8119.086930,2.49950000
8119.096410,2.85751000
8119.105880,2.65404000
8119.115360,2.07267000
8119.124840,1.93582000
8119.134310,1.84183000
8119.143790,1.10924000
8119.153270,0.26772900
8119.162750,0.04491080
8119.172220,0.54666600
8119.181700,1.29336000
8119.191180,1.94412000
8119.200650,2.53240000
8119.210130,2.41436000
8119.219610,1.62344000
8119.229090,1.45646000
8119.238560,1.55736000
8119.248040,1.01857000
8119.257520,0.37913800
8119.266990,-0.03470660
8119.276470,-0.06345730
8119.285950,-0.37888600
8119.295420,-1.17036000
8119.304900,-0.07783270
8119.314380,1.53055000
8119.323860,1.16729000
8119.333330,1.78156000
8119.342810,2.06631000
8119.352290,0.25805300
8119.361760,0.97516300
8119.371240,0.87978800
8119.380720,-1.69340000
8119.390200,0.02832380
8119.399670,0.77667200
8119.409150,0.65890500
8119.418630,6.84003000
8119.428100,9.93875000
8119.437580,27.85570000
8119.447060,82.19870000
8119.456540,110.92800000
8119.466010,68.59410000
8119.475490,21.01580000
8119.484970,11.25410000
8119.494440,8.25241000
8119.503920,3.66225000
8119.513400,4.98451000
8119.522870,3.91382000
8119.532350,2.63137000
8119.541830,3.07562000
8119.551310,0.86928200
8119.560780,0.07559660
8119.570260,0.80017000
8119.579740,0.20663400
8119.589210,0.64204100
8119.598690,0.72525200
8119.608170,-0.25724800
8119.617650,-0.12482900
8119.627120,-0.22407400
8119.636600,-0.36451100
8119.646080,0.31970100
8119.655550,0.37830900
8119.665030,0.59670300
8119.674510,0.91157900
8119.683990,-0.07589760
8119.693460,-0.88865800
8119.702940,-1.17202000
8119.712420,-2.03620000
8119.721890,-2.68668000
8119.731370,-2.68751000
8119.740850,-2.33145000
8119.750320,-1.60687000
8119.759800,-0.80765900
8119.769280,0.11347000
8119.778760,1.09127000
8119.788230,1.80009000
8119.797710,2.53655000
8119.807190,3.29734000
8119.816660,3.83641000
8119.826140,3.96358000
8119.835620,3.11516000
8119.845100,1.96181000
8119.854570,1.52087000
8119.864050,0.72387000
8119.873530,-0.84470300
8119.883000,-1.87005000
8119.892480,-2.36075000
8119.901960,-2.39475000
8119.911440,-1.21349000
8119.920910,-0.18150100
8119.930390,-0.66805200
8119.939870,-0.95003000
8119.949340,0.09660680
8119.958820,1.04234000
8119.968300,1.05810000
8119.977780,0.85905400
8119.987250,1.25216000
8119.996730,2.20813000
8120.006210,2.84894000
8120.015680,2.79530000
8120.025160,2.59046000
8120.034640,2.47186000
8120.044110,2.33695000
8120.053590,2.03756000
8120.063070,1.18582000
8120.072550,0.36227400
8120.082020,0.55993600
8120.091500,0.53007900
8120.100980,-0.71256000
8120.110450,-0.92376700
8120.119930,0.40982400
8120.129410,0.63513000
8120.138890,0.09246000
8120.148360,0.61412000
8120.157840,0.69622500
8120.167320,-0.34654100
8120.176790,-0.52678600
8120.186270,0.00593142
8120.195750,-0.20085300
8120.205230,-0.27853500
8120.214700,0.72304100
8120.224180,1.76443000
8120.233660,2.40053000
8120.243130,3.41400000
8120.252610,4.41336000
8120.262090,4.60411000
8120.271560,4.27652000
8120.281040,3.52762000
8120.290520,2.69578000
8120.300000,2.47324000
8120.309470,2.20260000
8120.318950,1.79898000
8120.328430,2.03203000
8120.337900,1.80755000
8120.347380,0.97709800
8120.356860,1.28672000
8120.366340,2.12685000
8120.375810,2.36045000
8120.385290,2.68141000
8120.394770,2.92330000
8120.404240,2.89317000
8120.413720,3.12787000
8120.423200,2.82903000
8120.432680,1.81778000
8120.442150,1.26184000
8120.451630,0.90190300
8120.461110,0.27878700
8120.470580,0.12922800
8120.480060,0.46124300
8120.489540,0.68682600
8120.499010,0.68267900
8120.508490,0.55800100
8120.517970,0.80265800
8120.527450,1.62592000
8120.536920,2.44200000
8120.546400,2.86829000
8120.555880,2.98053000
8120.565350,3.41510000
8120.574830,4.57398000
8120.584310,4.84435000
8120.593790,3.33936000
8120.603260,2.02346000
8120.612740,1.53829000
8120.622220,1.10565000
8120.631690,1.31409000
8120.641170,1.70499000
8120.650650,1.60215000
8120.660130,2.05940000
8120.669600,2.44504000
8120.679080,2.01378000
8120.688560,2.21006000
8120.698030,2.40413000
8120.707510,1.17172000
8120.716990,-0.25006100
8120.726460,-0.81844000
8120.735940,-0.30313900
8120.745420,0.86292400
8120.754900,0.69926600
8120.764370,-0.35372900
8120.773850,0.15438500
8120.783330,1.27843000
8120.792800,1.43213000
8120.802280,1.71936000
8120.811760,2.36073000
8120.821240,2.59184000
8120.830710,2.83511000
8120.840190,3.11018000
8120.849670,3.07507000
8120.859140,2.83898000
8120.868620,2.18573000
8120.878100,1.65357000
8120.887580,1.72240000
8120.897050,1.51451000
8120.906530,1.45231000
8120.916010,1.92836000
8120.925480,1.62316000
8120.934960,1.25216000
8120.944440,1.71383000
8120.953920,1.79760000
8120.963390,1.65025000
8120.972870,1.66435000
8120.982350,1.61652000
8120.991820,1.70167000
8121.001300,1.44402000
8121.010780,1.73236000
8121.020250,2.41546000
8121.029730,1.77908000
8121.039210,2.22665000
8121.048690,3.33714000
8121.058160,2.47794000
8121.067640,3.08198000
8121.077120,3.62355000
8121.086590,2.31539000
8121.096070,4.05812000
8121.105550,4.15599000
8121.115030,2.01461000
8121.124500,4.41530000
8121.133980,3.74380000
8121.143460,2.26839000
8121.152930,5.83763000
8121.162410,3.45851000
8121.171890,7.49854000
8121.181370,18.51420000
8121.190840,18.84400000
8121.200320,67.98510000
8121.209800,173.70500000
8121.219270,188.76000000
8121.228750,87.51870000
8121.238230,18.78980000
8121.247700,13.31500000
8121.257180,6.84059000
8121.266660,3.36617000
8121.276140,7.33101000
8121.285610,3.82922000
8121.295090,2.53904000
8121.304570,1.69725000
8121.314040,-2.92554000
8121.323520,-2.38784000
8121.333000,-0.43942800
8121.342480,1.32653000
8121.351950,7.01917000
8121.361430,11.31220000
8121.370910,14.00590000
8121.380380,17.16680000
8121.389860,17.81010000
8121.399340,18.12970000
8121.408820,18.83130000
8121.418290,17.37470000
8121.427770,15.28720000
8121.437250,12.27390000
8121.446720,7.56267000
8121.456200,3.17846000
8121.465680,-0.95390000
8121.475150,-4.43633000
8121.484630,-5.46334000
8121.494110,-4.25692000
8121.503590,-1.39898000
8121.513060,1.84487000
8121.522540,3.64621000
8121.532020,4.27928000
8121.541490,4.33043000
8121.550970,3.80075000
8121.560450,3.32775000
8121.569930,2.70601000
8121.579400,1.38403000
8121.588880,0.29399200
8121.598360,-0.11653600
8121.607830,-0.76646800
8121.617310,-1.53831000
8121.626790,-1.60826000
8121.636270,-1.19607000
8121.645740,-0.69735500
8121.655220,-0.31309100
8121.664700,-0.30866800
8121.674170,-0.52457500
8121.683650,-0.89114600
8121.693130,-1.25661000
8121.702600,-1.26629000
8121.712080,-1.22233000
8121.721560,-0.76536200
8121.731040,0.74515700
8121.740510,2.20343000
8121.749990,2.87492000
8121.759470,3.08862000
8121.768940,2.70076000
8121.778420,2.28940000
8121.787900,2.14454000
8121.797380,1.40062000
8121.806850,0.52676200
8121.816330,0.16240200
8121.825810,-0.05350520
8121.835280,0.01477780
8121.844760,-0.29761000
8121.854240,-1.40451000
8121.863720,-1.59250000
8121.873190,-0.78526600
8121.882670,-0.40238400
8121.892150,0.18921700
8121.901620,1.00308000
8121.911100,0.80321100
8121.920580,0.44908000
8121.930060,0.80984600
8121.939530,1.07054000
8121.949010,1.29971000
8121.958490,1.76553000
8121.967960,1.77106000
8121.977440,1.37823000
8121.986920,0.88946300
8121.996390,0.07808470
8122.005870,-0.45546200
8122.015350,-0.19062400
8122.024830,0.04878110
8122.034300,-0.48393700
8122.043780,-1.77855000
8122.053260,-3.38306000
8122.062730,-4.23812000
8122.072210,-3.49779000
8122.081690,-1.37438000
8122.091170,1.53746000
8122.100640,4.97013000
8122.110120,8.48629000
8122.119600,11.03760000
8122.129070,12.04500000
8122.138550,12.05140000
8122.148030,11.59520000
8122.157510,10.90520000
8122.166980,10.14060000
8122.176460,8.67096000
8122.185940,5.78261000
8122.195410,2.01074000
8122.204890,-1.62622000
8122.214370,-4.49217000
8122.223840,-6.08231000
8122.233320,-5.87166000
8122.242800,-3.75295000
8122.252280,-0.93123100
8122.261750,1.01497000
8122.271230,2.11247000
8122.280710,2.66786000
8122.290180,2.13238000
8122.299660,1.20876000
8122.309140,1.07275000
8122.318620,1.28230000
8122.328090,1.58888000
8122.337570,2.20121000
8122.347050,2.40385000
8122.356520,2.06161000
8122.366000,1.57368000
8122.375480,1.00834000
8122.384960,1.11505000
8122.394430,1.66684000
8122.403910,1.53884000
8122.413390,1.89380000
8122.422860,3.32885000
8122.432340,3.73661000
8122.441820,2.83539000
8122.451290,2.27779000
8122.460770,2.21725000
8122.470250,1.57616000
8122.479730,-0.08640260
8122.489200,-1.07830000
8122.498680,-0.33714200
8122.508160,0.10130600
8122.517630,0.10794100
8122.527110,0.96686900
8122.536590,0.59919100
8122.546070,-1.03186000
8122.555540,-1.24445000
8122.565020,-0.76867900
8122.574500,0.58315700
8122.583970,4.11258000
8122.593450,6.06598000
8122.602930,4.52449000
8122.612410,3.07728000
8122.621880,2.58133000
8122.631360,1.51341000
8122.640840,0.20939800
8122.650310,-0.79660100
8122.659790,-1.02357000
8122.669270,-0.27908800
8122.678740,0.41894700
8122.688220,0.39766000
8122.697700,0.17152500
8122.707180,0.97654500
8122.716650,2.53102000
8122.726130,2.20868000
8122.735610,0.03799950
8122.745080,-0.94754200
8122.754560,-0.52623300
8122.764040,-0.15551500
8122.773520,0.28044600
8122.782990,0.88172300
8122.792470,1.60077000
8122.801950,2.51084000
8122.811420,3.08751000
8122.820900,3.33217000
8122.830380,3.50108000
8122.839860,3.16547000
8122.849330,2.29272000
8122.858810,1.33455000
8122.868290,0.56740000
8122.877760,0.14470900
8122.887240,0.13254500
8122.896720,0.41231200
8122.906190,0.17041900
8122.915670,-0.79825900
8122.925150,-0.86764800
8122.934630,-0.05295230
8122.944100,-0.32884900
8122.953580,-0.91105100
8122.963060,-0.40791300
8122.972530,-0.27438800
8122.982010,-0.73633500
8122.991490,-0.34598800
8123.000970,0.47589500
8123.010440,1.37795000
8123.019920,3.01398000
8123.029400,4.88581000
8123.038870,6.77147000
8123.048350,9.24680000
8123.057830,11.49650000
8123.067310,12.21750000
8123.076780,11.20540000
8123.086260,9.00131000
8123.095740,6.79940000
8123.105210,5.47797000
8123.114690,4.63894000
8123.124170,3.94644000
8123.133650,3.50357000
8123.143120,2.78176000
8123.152600,1.74231000
8123.162080,1.68508000
8123.171550,2.45444000
8123.181030,1.59137000
8123.190510,-1.09130000
8123.199980,-2.59463000
8123.209460,-2.13987000
8123.218940,-1.30057000
8123.228420,0.05265130
8123.237890,1.93776000
8123.247370,2.96090000
8123.256850,3.13285000
8123.266320,2.86331000
8123.275800,1.73208000
8123.285280,0.27242800
8123.294760,-0.79964200
8123.304230,-1.17257000
8123.313710,-0.48449000
8123.323190,0.26524100
8123.332660,0.02224190
8123.342140,-0.61497400
8123.351620,-1.16151000
8123.361100,-1.18667000
8123.370570,-0.29512200
8123.380050,0.60886700
8123.389530,1.31409000
8123.399000,2.15643000
8123.408480,2.12215000
8123.417960,1.56566000
8123.427430,1.88413000
8123.436910,2.02263000
8123.446390,1.15817000
8123.455870,0.75953200
8123.465340,1.26875000
8123.474820,1.62814000
8123.484300,1.57672000
8123.493770,1.69227000
8123.503250,2.13874000
8123.512730,2.34137000
8123.522210,1.96596000
8123.531680,1.22231000
8123.541160,0.20331600
8123.550640,-0.60916800
8123.560110,-0.42201200
8123.569590,0.48308300
8123.579070,1.58860000
8123.588550,3.20473000
8123.598020,4.61241000
8123.607500,4.25966000
8123.616980,2.82710000
8123.626450,2.16196000
8123.635930,2.11524000
8123.645410,1.90486000
8123.654880,1.96209000
8123.664360,2.48734000
8123.673840,2.77899000
8123.683320,2.19956000
8123.692790,0.76727300
8123.702270,-0.71366600
8123.711750,-1.51482000
8123.721220,-1.99639000
8123.730700,-2.69387000
8123.740180,-3.04330000
8123.749660,-2.65019000
8123.759130,-2.40968000
8123.768610,-2.29330000
8123.778090,-1.40341000
8123.787560,-0.86958300
8123.797040,-1.30333000
8123.806520,-0.91630300
8123.816000,-0.14445700
8123.825470,-0.56991200
8123.834950,-0.94864800
8123.844430,-0.98956200
8123.853900,-1.81338000
8123.863380,-2.05113000
8123.872860,-0.83281600
8123.882330,0.34237000
8123.891810,0.90881500
8123.901290,1.12776000
8123.910770,0.94171200
8123.920240,0.62987700
8123.929720,0.43802200
8123.939200,0.13807400
8123.948670,-0.68353300
8123.958150,-1.63701000
8123.967630,-1.81006000
8123.977110,-1.77606000
8123.986580,-2.04587000
8123.996060,-1.54412000
8124.005540,-0.61386800
8124.015010,-0.20555200
8124.024490,0.63319500
8124.033970,1.71771000
8124.043450,1.62565000
8124.052920,0.94309400
8124.062400,0.59587400
8124.071880,0.42834600
8124.081350,0.46926000
8124.090830,0.45543800
8124.100310,0.11070600
8124.109790,0.04021110
8124.119260,0.38356100
8124.128740,0.38052000
8124.138220,-0.04355300
8124.147690,-0.05239940
8124.157170,0.26855800
8124.166650,-0.10464800
8124.176120,-0.56327800
8124.185600,0.04463430
8124.195080,0.39240700
8124.204560,-0.49140100
8124.214030,-1.17865000
8124.223510,-1.77993000
8124.232990,-3.94563000
8124.242460,-7.59919000
8124.251940,-12.45810000
8124.261420,-18.34200000
8124.270900,-22.20040000
8124.280370,-20.80520000
8124.289850,-15.50010000
8124.299330,-9.65182000
8124.308800,-4.67850000
8124.318280,-1.09461000
8124.327760,0.98290300
8124.337240,2.44200000
8124.346710,3.37198000
8124.356190,3.27716000
8124.365670,2.80470000
8124.375140,2.31760000
8124.384620,1.51921000
8124.394100,0.64065900
8124.403570,-0.19394100
8124.413050,-0.63460100
8124.422530,-0.29595100
8124.432010,0.03523500
8124.441480,0.28680400
8124.450960,0.98262700
8124.460440,1.11643000
8124.469910,0.65392800
8124.479390,0.82809200
8124.488870,1.10786000
8124.498350,1.07220000
8124.507820,1.37657000
8124.517300,1.33261000
8124.526780,0.33297100
8124.536250,-0.60778600
8124.545730,-0.78941300
8124.555210,-0.65340000
8124.564690,-0.66777500
8124.574160,-0.46126800
8124.583640,0.30035000
8124.593120,0.95332300
8124.602590,1.07054000
8124.612070,0.81675700
8124.621550,0.19944600
8124.631020,-0.52429800
8124.640500,-1.26767000
8124.649980,-1.98699000
8124.659460,-1.90903000
8124.668930,-1.42967000
8124.678410,-1.71718000
8124.687890,-1.75920000
8124.697360,-0.66335200
8124.706840,0.22902600
8124.716320,0.63291800
8124.725800,1.23641000
8124.735270,1.14380000
8124.744750,0.21022700
8124.754230,-0.15800300
8124.763700,-0.23375000
8124.773180,-0.71173100
8124.782660,-0.36644600
8124.792140,0.95277000
8124.801610,1.66656000
8124.811090,1.69034000
8124.820570,1.80617000
8124.830040,1.97563000
8124.839520,2.17827000
8124.849000,2.24158000
8124.858470,1.79870000
8124.867950,1.19936000
8124.877430,0.80238200
8124.886910,0.50160500
8124.896380,0.32965300
8124.905860,0.26855800
8124.915340,0.21409800
8124.924810,0.21935000
8124.934290,0.10462400
8124.943770,-0.36451100
8124.953250,-0.85907800
8124.962720,-0.98099200
8124.972200,-1.06531000
8124.981680,-1.63590000
8124.991150,-2.40719000
8125.000630,-2.55786000
8125.010110,-1.91926000
8125.019590,-1.05619000
8125.029060,0.26772900
8125.038540,2.81659000
8125.048020,5.36932000
8125.057490,5.85781000
8125.066970,4.70391000
8125.076450,3.49030000
8125.085930,2.50586000
8125.095400,1.47084000
8125.104880,0.39655400
8125.114360,-0.08059720
8125.123830,0.48363600
8125.133310,0.85905400
8125.142790,0.33545900
8125.152260,0.23234300
8125.161740,0.44631500
8125.171220,-0.42809400
8125.180700,-1.51924000
8125.190170,-1.61296000
8125.199650,-1.22759000
8125.209130,-0.58041700
8125.218600,-0.21854500
8125.228080,-0.92459700
8125.237560,-1.42331000
8125.247040,-1.37770000
8125.256510,-1.91180000
8125.265990,-1.94829000
8125.275470,-1.59996000
8125.284940,-2.04118000
8125.294420,-1.13829000
8125.303900,0.74460400
8125.313380,1.09735000
8125.322850,1.55571000
8125.332330,2.00991000
8125.341810,1.77244000
8125.351280,3.00458000
8125.360760,3.59286000
8125.370240,7.57511000
8125.379710,23.41790000
8125.389190,34.89330000
8125.398670,23.26550000
8125.408150,5.78427000
8125.417620,1.13523000
8125.427100,1.41389000
8125.436580,0.69429000
8125.446050,1.55709000
8125.455530,1.96374000
8125.465010,1.41914000
8125.474490,1.67181000
8125.483960,1.74452000
8125.493440,1.34173000
8125.502920,1.32819000
8125.512390,1.82331000
8125.521870,2.12298000
8125.531350,1.63035000
8125.540830,1.31907000
8125.550300,1.43020000
8125.559780,0.98041500
8125.569260,0.65973400
8125.578730,0.68793200
8125.588210,0.05375710
8125.597690,-0.38137400
8125.607160,0.07034410
8125.616640,0.44382700
8125.626120,0.94834700
8125.635600,1.99084000
8125.645070,2.47324000
8125.654550,2.15118000
8125.664030,1.67983000
8125.673500,0.54030800
8125.682980,-1.20962000
8125.692460,-2.19930000
8125.701940,-2.45530000
8125.711410,-2.33587000
8125.720890,-1.11479000
8125.730370,0.38217900
8125.739840,0.86983500
8125.749320,0.87370600
8125.758800,0.64729400
8125.768280,0.58536900
8125.777750,1.64666000
8125.787230,2.48789000
8125.796710,1.73761000
8125.806180,0.80791100
8125.815660,0.64121200
8125.825140,0.79187700
8125.834610,1.10869000
8125.844090,1.18001000
8125.853570,0.77888400
8125.863050,0.41950000
8125.872520,0.35259900
8125.882000,0.39047200
8125.891480,0.07587310
8125.900950,-0.36312800
8125.910430,0.40236000
8125.919910,2.24849000
8125.929390,3.71450000
8125.938860,4.68262000
8125.948340,4.93226000
8125.957820,3.75818000
8125.967290,2.31815000
8125.976770,1.47084000
8125.986250,0.56270000
8125.995730,0.04712240
8126.005200,0.09881840
8126.014680,-0.23817300
8126.024160,-0.47730200
8126.033630,-0.33327200
8126.043110,-0.70012000
8126.052590,-0.75734500
8126.062070,0.31887200
8126.071540,1.13606000
8126.081020,0.89969200
8126.090500,0.24810100
8126.099970,-0.27300600
8126.109450,-0.38773200
8126.118930,-0.35787600
8126.128400,-0.31170900
8126.137880,0.32053100
8126.147360,1.28423000
8126.156840,1.93804000
8126.166310,2.44560000
8126.175790,2.33889000
8126.185270,1.24249000
8126.194740,0.49773500
8126.204220,0.53367300
8126.213700,0.33490600
8126.223180,0.31223700
8126.232650,0.81371600
8126.242130,0.60527300
8126.251610,-0.21992800
8126.261080,-0.52457500
8126.270560,-0.66086400
8126.280040,-0.97214600
8126.289520,-0.79964200
8126.298990,-0.24093800
8126.308470,0.15549000
8126.317950,0.65807500
8126.327420,1.28368000
8126.336900,1.37574000
8126.346380,1.11422000
8126.355850,0.68516700
8126.365330,-0.68519200
8126.374810,-2.20539000
8126.384290,-2.55261000
8126.393760,-2.90259000
8126.403240,-3.30870000
8126.412720,-2.04283000
8126.422190,-0.43307000
8126.431670,-0.09690770
8126.441150,0.06730320
8126.450630,0.23483100
8126.460100,0.23925500
8126.469580,0.68959000
8126.479060,0.72414700
8126.488530,0.11374700
8126.498010,0.03606440
8126.507490,0.27768100
8126.516970,0.27685200
8126.526440,0.08941910
8126.535920,-0.15081500
8126.545400,0.08665460
8126.554870,0.37056800
8126.564350,0.04435790
8126.573830,0.04767530
8126.583300,0.51404500
8126.592780,0.46234900
8126.602260,-0.03802400
8126.611740,-0.61220900
8126.621210,-0.87455900
8126.630690,-0.68270400
8126.640170,-0.65727000
8126.649640,-0.30894400
8126.659120,0.91849000
8126.668600,1.79069000
8126.678080,2.15919000
8126.687550,2.92247000
8126.697030,3.44938000
8126.706510,3.32747000
8126.715980,2.97361000
8126.725460,2.43509000
8126.734940,2.28857000
8126.744420,2.70767000
8126.753890,2.61064000
8126.763370,1.79981000
8126.772850,0.78662400
8126.782320,-0.33741900
8126.791800,-0.89778100
8126.801280,-0.50964600
8126.810750,-0.10437200
8126.820230,-0.02281930
8126.829710,0.33822300
8126.839190,0.92789000
8126.848660,1.13661000
8126.858140,0.71004800
8126.867620,0.13033400
8126.877090,0.13503300
8126.886570,0.60914400
8126.896050,1.08187000
8126.905530,1.72213000
8126.915000,2.40109000
8126.924480,2.39445000
8126.933960,1.51617000
8126.943430,0.03827600
8126.952910,-1.68234000
8126.962390,-2.75469000
8126.971870,-2.41355000
8126.981340,-1.35862000
8126.990820,-0.66860500
8127.000300,0.02085970
8127.009770,0.78386000
8127.019250,0.53533200
8127.028730,0.02942960
8127.038200,0.45156800
8127.047680,0.45875500
8127.057160,-0.02254290
8127.066640,0.61799000
8127.076110,1.51037000
8127.085590,1.73927000
8127.095070,1.66214000
8127.104540,0.73465200
8127.114020,0.02970610
8127.123500,0.72939900
8127.132980,0.89499200
8127.142450,0.38245500
8127.151930,0.55800100
8127.161410,-0.06483960
8127.170880,-1.63645000
8127.180360,-2.41576000
8127.189840,-2.74391000
8127.199320,-2.60624000
8127.208790,-1.42442000
8127.218270,-0.05267580
8127.227750,1.41803000
8127.237220,2.90284000
8127.246700,3.38138000
8127.256180,3.03637000
8127.265660,2.00853000
8127.275130,0.21741500
8127.284610,-1.07305000
8127.294090,-1.61544000
8127.303560,-2.02017000
8127.313040,-1.56126000
8127.322520,-0.34875300
8127.331990,0.46594300
8127.341470,0.96631600
8127.350950,1.31243000
8127.360430,1.13384000
8127.369900,0.71391800
8127.379380,0.51542700
8127.388860,0.88531600
8127.398330,1.84377000
8127.407810,2.40081000
8127.417290,2.18352000
8127.426770,2.17053000
8127.436240,2.28691000
8127.445720,1.86726000
8127.455200,1.50318000
8127.464670,1.21595000
8127.474150,0.44051000
8127.483630,-0.03111280
8127.493110,0.36863300
8127.502580,1.64279000
8127.512060,4.29338000
8127.521540,7.02774000
8127.531010,7.25802000
8127.540490,4.65028000
8127.549970,0.69705500
8127.559440,-2.49262000
8127.568920,-2.64577000
8127.578400,0.16406000
8127.587880,3.03996000
8127.597350,3.72611000
8127.606830,2.92689000
8127.616310,2.03922000
8127.625780,1.02326000
8127.635260,0.57597000
8127.644740,1.40089000
8127.654220,1.53497000
8127.663690,0.53975500
8127.673170,0.53947800
8127.682650,0.82311500
8127.692120,0.08527230
8127.701600,-0.33797100
8127.711080,-0.24895500
8127.720560,-0.36865700
8127.730030,-0.09773700
8127.739510,0.59034500
8127.748990,0.95442900
8127.758460,0.61163200
8127.767940,-0.43472900
8127.777420,-1.73929000
8127.786890,-2.81357000
8127.796370,-2.88352000
8127.805850,-1.63341000
8127.815330,-0.39602600
8127.824800,0.13116300
8127.834280,0.59034500
8127.843760,1.01497000
8127.853230,1.48466000
8127.862710,1.98669000
8127.872190,1.87473000
8127.881670,1.46199000
8127.891140,1.17338000
8127.900620,0.87508800
8127.910100,1.01608000
8127.919570,1.44430000
8127.929050,1.71466000
8127.938530,2.34801000
8127.948010,3.14584000
8127.957480,3.44745000
8127.966960,3.27743000
8127.976440,2.49397000
8127.985910,1.37629000
8127.995390,0.54362500
8128.004870,-0.09414320
8128.014340,-0.53369700
8128.023820,-0.75706900
8128.033300,-0.85686700
8128.042780,-0.52844500
8128.052250,0.03440570
8128.061730,0.68959000
8128.071210,1.47167000
8128.080680,1.21319000
8128.090160,-0.14832700
8128.099640,-0.95942900
8128.109120,-1.22454000
8128.118590,-1.53500000
8128.128070,-1.51647000
8128.137550,-1.47390000
8128.147020,-1.40479000
8128.156500,-0.71919500
8128.165980,0.17014200
8128.175460,1.09431000
8128.184930,2.32838000
8128.194410,3.40156000
8128.203890,3.98321000
8128.213360,4.08383000
8128.222840,3.87484000
8128.232320,3.63488000
8128.241800,2.88239000
8128.251270,1.70831000
8128.260750,1.01884000
8128.270230,0.18838800
8128.279700,-0.88589400
8128.289180,-0.45435700
8128.298660,0.79934100
8128.308130,0.63900000
8128.317610,-0.03802400
8128.327090,0.32523000
8128.336570,0.49773500
8128.346040,-0.32719000
8128.355520,-0.35870500
8128.365000,0.80459300
8128.374470,0.93065400
8128.383950,0.12618700
8128.393430,0.59311000
8128.402910,1.59856000
8128.412380,1.60740000
8128.421860,1.28064000
8128.431340,0.81344000
8128.440810,0.23289600
8128.450290,0.52233900
8128.459770,1.33012000
8128.469250,1.60243000
8128.478720,1.02907000
8128.488200,-0.28351100
8128.497680,-1.13000000
8128.507150,-0.87124200
8128.516630,-0.67524000
8128.526110,-0.67938600
8128.535580,-0.32193700
8128.545060,-0.11957700
8128.554540,-0.01784320
8128.564020,0.24976000
8128.573490,0.19640500
8128.582970,0.00676077
8128.592450,-0.11764100
8128.601920,-0.71228400
8128.611400,-1.65774000
8128.620880,-2.32702000
8128.630360,-2.45253000
8128.639830,-2.03703000
8128.649310,-1.22399000
8128.658790,-0.11156000
8128.668260,0.97018600
8128.677740,1.47554000
8128.687220,1.47084000
8128.696700,1.28644000
8128.706170,0.77141900
8128.715650,-0.08529680
8128.725130,-0.79162500
8128.734600,-1.24555000
8128.744080,-1.71884000
8128.753560,-1.32655000
8128.763030,0.83002700
8128.772510,2.83235000
8128.781990,2.61368000
8128.791470,1.62039000
8128.800940,1.73567000
8128.810420,2.55839000
8128.819900,3.11543000
8128.829370,2.80664000
8128.838850,2.02263000
8128.848330,1.95628000
8128.857810,2.24351000
8128.867280,1.65661000
8128.876760,0.58758100
8128.886240,-0.07285660
8128.895710,-0.22186300
8128.905190,0.09411870
8128.914670,0.57707600
8128.924150,0.87729900
8128.933620,1.22148000
8128.943100,1.58722000
8128.952580,1.47249000
8128.962050,1.03322000
8128.971530,0.68986700
8128.981010,0.46179600
8128.990480,0.73824500
8128.999960,1.53110000
8129.009440,1.91620000
8129.018920,1.78378000
8129.028390,1.23198000
8129.037870,-0.03608890
8129.047350,-0.69265600
8129.056820,0.05735100
8129.066300,0.86403000
8129.075780,1.82082000
8129.085260,3.07728000
8129.094730,2.99518000
8129.104210,2.14924000
8129.113690,1.70250000
8129.123160,0.65116400
8129.132640,-0.67413400
8129.142120,-1.40313000
8129.151600,-1.98284000
8129.161070,-2.24243000
8129.170550,-2.03758000
8129.180030,-0.22545700
8129.189500,4.20326000
8129.198980,6.83202000
8129.208460,4.56403000
8129.217940,1.74867000
8129.227410,0.55440700
8129.236890,-0.63930100
8129.246370,-0.90801000
8129.255840,-0.46596700
8129.265320,-0.97988700
8129.274800,-1.39345000
8129.284270,-0.99536800
8129.293750,-0.39326100
8129.303230,0.30643200
8129.312710,0.56795300
8129.322180,0.47700100
8129.331660,0.59006900
8129.341140,0.48999400
8129.350610,0.25473600
8129.360090,-0.04852910
8129.369570,-0.64814700
8129.379050,-0.65892900
8129.388520,-0.47370800
8129.398000,-1.39401000
8129.407480,-2.30435000
8129.416950,-2.49759000
8129.426430,-2.95318000
8129.435910,-2.94323000
8129.445390,-1.80426000
8129.454860,-1.06614000
8129.464340,-1.21210000
8129.473820,-1.12779000
8129.483290,-0.86488400
8129.492770,-1.07056000
8129.502250,-1.40838000
8129.511720,-1.74123000
8129.521200,-2.05389000
8129.530680,-1.34176000
8129.540160,-0.06539250
8129.549630,-0.14390400
8129.559110,-0.82286300
8129.568590,-0.77780200
8129.578060,-1.33374000
8129.587540,-2.49262000
8129.597020,-2.58910000
8129.606500,-2.06744000
8129.615970,-1.72906000
8129.625450,-1.21874000
8129.634930,-0.49278300
8129.644400,0.40899400
8129.653880,1.14711000
8129.663360,1.37767000
8129.672840,1.62537000
8129.682310,1.52613000
8129.691790,0.48888800
8129.701270,-0.40570100
8129.710740,-0.94007800
8129.720220,-1.73653000
8129.729700,-1.69285000
8129.739170,-0.43058200
8129.748650,0.73161100
8129.758130,1.86395000
8129.767610,3.60060000
8129.777080,5.03758000
8129.786560,5.27312000
8129.796040,4.63369000
8129.805510,3.66280000
8129.814990,2.30958000
8129.824470,0.84384900
8129.833950,0.40899400
8129.843420,0.85048400
8129.852900,0.51957400
8129.862380,-0.33907700
8129.871850,-0.40874200
8129.881330,-0.39768400
8129.890810,-0.89114600
8129.900290,-1.16317000
8129.909760,-1.50459000
8129.919240,-1.89963000
8129.928720,-1.17423000
8129.938190,0.34651700
8129.947670,1.74231000
8129.957150,2.83290000
8129.966620,2.64547000
8129.976100,1.06335000
8129.985580,-0.13312300
8129.995060,-0.43666400
8130.004530,-0.60861500
8130.014010,-0.66639300
8130.023490,-0.61856700
8130.032960,-0.51241100
8130.042440,-0.10934800
8130.051920,0.23593700
8130.061400,0.33380000
8130.070870,0.76036100
8130.080350,1.32100000
8130.089830,1.15790000
8130.099300,0.62517800
8130.108780,0.84329600
8130.118260,1.72379000
8130.127740,2.20619000
8130.137210,2.06658000
8130.146690,1.98227000
8130.156170,2.00245000
8130.165640,1.61680000
8130.175120,1.21153000
8130.184600,1.34008000
8130.194080,1.44596000
8130.203550,1.41582000
8130.213030,1.80589000
8130.222510,2.02650000
8130.231980,1.73623000
8130.241460,1.63311000
8130.250940,1.18056000
8130.260410,-0.15302700
8130.269890,-1.04872000
8130.279370,-0.84000300
8130.288850,-0.29595100
8130.298320,0.19529900
8130.307800,0.69954300
8130.317280,1.13882000
8130.326750,0.94447700
8130.336230,-0.06207510
8130.345710,-0.53231500
8130.355190,-0.16270300
8130.364660,-0.57710000
8130.374140,-1.37825000
8130.383620,-0.99840900
8130.393090,-0.18951800
8130.402570,0.34264700
8130.412050,0.98953800
8130.421530,1.16481000
8130.431000,0.68516700
8130.440480,0.22294400
8130.449960,-0.16795500
8130.459430,-0.55719600
8130.468910,-1.23007000
8130.478390,-1.91456000
8130.487860,-1.53306000
8130.497340,-0.59534600
8130.506820,0.91793700
8130.516300,3.11875000
8130.525770,2.68832000
8130.535250,2.68334000
8130.544730,11.14930000
8130.554200,19.54730000
8130.563680,14.56210000
8130.573160,5.00939000
8130.582640,2.68583000
8130.592110,2.99020000
8130.601590,2.36957000
8130.611070,2.60621000
8130.620540,2.00577000
8130.630020,0.88034000
8130.639500,0.95885200
8130.648980,0.80708100
8130.658450,0.73907500
8130.667930,1.47664000
8130.677410,1.23668000
8130.686880,0.20442200
8130.696360,-0.63128400
8130.705840,-1.74040000
8130.715310,-2.17249000
8130.724790,-1.50708000
8130.734270,-1.44598000
8130.743750,-1.80702000
8130.753220,-1.17534000
8130.762700,-0.22545700
8130.772180,0.08886620
8130.781650,0.31970100
8130.791130,0.80735800
8130.800610,0.88338100
8130.810090,0.29758500
8130.819560,-0.14943300
8130.829040,0.11678800
8130.838520,0.65282300
8130.847990,1.08547000
8130.857470,1.92642000
8130.866950,3.50937000
8130.876430,5.17664000
8130.885900,5.84454000
8130.895380,4.53970000
8130.904860,1.76443000
8130.914330,-0.22075700
8130.923810,-0.67938600
8130.933290,-0.50632900
8130.942760,0.38577300
8130.952240,1.31824000
8130.961720,1.31354000
8130.971200,1.04151000
8130.980670,0.02611220
8130.990150,-1.65829000
8130.999630,-2.28721000
8131.009100,-3.12928000
8131.018580,-4.48582000
8131.028060,-4.01641000
8131.037540,-3.01455000
8131.047010,-2.40526000
8131.056490,-1.32462000
8131.065970,-1.02854000
8131.075440,-0.62133200
8131.084920,-0.24812500
8131.094400,-1.62070000
8131.103880,-1.64917000
8131.113350,-1.41004000
8131.122830,-2.07103000
8131.132310,1.32681000
8131.141780,3.43418000
8131.151260,9.34853000
8131.160740,39.28720000
8131.170220,66.92960000
8131.179690,51.06970000
8131.189170,19.38750000
8131.198650,9.35323000
8131.208120,7.42887000
8131.217600,3.23292000
8131.227080,2.29825000
8131.236550,0.59780900
8131.246030,-1.03877000
8131.255510,-0.14279800
8131.264990,-0.65367600
8131.274460,-0.66445800
8131.283940,0.54528400
8131.293420,-0.03498310
8131.302890,-0.18454200
8131.312370,0.39351300
8131.321850,-0.07534470
8131.331330,-0.11045400
8131.340800,0.10738800
8131.350280,0.17041900
8131.359760,0.65835200
8131.369230,0.39876600
8131.378710,-0.21744000
8131.388190,-0.47564300
8131.397670,-1.16096000
8131.407140,-1.22206000
8131.416620,-0.48808300
8131.426100,-0.43859900
8131.435570,-0.31336700
8131.445050,0.15549000
8131.454530,-0.34543600
8131.464000,-1.26684000
8131.473480,-1.55711000
8131.482960,-1.24804000
8131.492440,-0.31530300
8131.501910,0.68323200
8131.511390,0.92733700
8131.520870,0.96935700
8131.530340,1.30580000
8131.539820,1.32266000
8131.549300,1.05284000
8131.558780,0.71889400
8131.568250,0.22294400
8131.577730,0.76174400
8131.587210,2.44090000
8131.596680,3.19754000
8131.606160,2.92164000
8131.615640,2.20785000
8131.625120,0.45018500
8131.634590,-1.00145000
8131.644070,-1.24555000
8131.653550,-1.54080000
8131.663020,-1.22150000
8131.672500,-0.08640260
8131.681980,0.11319400
8131.691450,0.11706400
8131.700930,0.73354600
8131.710410,0.68267900
8131.719890,0.25169500
8131.729360,0.19115200
8131.738840,0.13669200
8131.748320,0.01616000
8131.757790,-0.20721100
8131.767270,0.07034410
8131.776750,0.96023400
8131.786230,0.70396600
8131.795700,-0.42837000
8131.805180,-0.65395300
8131.814660,-0.61414400
8131.824130,-0.71145400
8131.833610,-0.39326100
8131.843090,-0.22131000
8131.852570,0.22045600
8131.862040,1.33676000
8131.871520,1.72379000
8131.881000,1.35639000
8131.890470,1.21070000
8131.899950,0.79408800
8131.909430,-0.06262800
8131.918900,-0.59838700
8131.928380,-0.72997600
8131.937860,-0.90801000
8131.947340,-0.91077400
8131.956810,-0.15966200
8131.966290,0.52952600
8131.975770,0.22239100
8131.985240,-0.06594540
8131.994720,0.07144990
8132.004200,-0.19338800
8132.013680,-0.54447900
8132.023150,-0.80572400
8132.032630,-1.03103000
8132.042110,-0.10050200
8132.051580,1.98641000
8132.061060,4.02744000
8132.070540,5.10587000
8132.080020,3.70399000
8132.089490,0.09964770
8132.098970,-2.55067000
8132.108450,-2.90314000
8132.117920,-2.00413000
8132.127400,-0.62409600
8132.136880,0.42419900
8132.146350,1.03460000
8132.155830,1.96209000
8132.165310,2.65901000
8132.174790,2.52024000
8132.184260,2.36515000
8132.193740,2.48264000
8132.203220,2.55756000
8132.212690,2.69219000
8132.222170,2.58907000
8132.231650,1.95269000
8132.241130,1.05699000
8132.250600,-0.05433450
8132.260080,-0.98956200
8132.269560,-0.96440500
8132.279030,-0.37501600
8132.288510,-0.04769970
8132.297990,0.21354500
8132.307470,0.52068000
8132.316940,0.20138100
8132.326420,-0.71034900
8132.335900,-1.07775000
8132.345370,-0.70703100
8132.354850,-0.55498400
8132.364330,-0.50384100
8132.373810,0.05956260
8132.383280,0.91876700
8132.392760,1.81446000
8132.402240,2.22969000
8132.411710,2.29963000
8132.421190,2.84341000
8132.430670,2.66565000
8132.440140,1.78046000
8132.449620,2.08704000
8132.459100,1.78433000
8132.468580,0.88863400
8132.478050,2.04889000
8132.487530,2.52521000
8132.497010,6.18430000
8132.506480,20.57350000
8132.515960,30.25580000
8132.525440,19.59790000
8132.534920,5.01104000
8132.544390,1.41665000
8132.553870,1.12500000
8132.563350,0.54583700
8132.572820,2.11579000
8132.582300,3.05987000
8132.591780,2.97859000
8132.601260,2.87630000
8132.610730,1.53359000
8132.620210,-0.03055990
8132.629690,-1.07830000
8132.639160,-2.16088000
8132.648640,-2.17359000
8132.658120,-1.20740000
8132.667590,-0.63543100
8132.677070,-0.45712100
8132.686550,-0.50384100
8132.696030,-0.44081100
8132.705500,0.44272100
8132.714980,1.49129000
8132.724460,1.60823000
8132.733930,1.38984000
8132.743410,2.14288000
8132.752890,3.34959000
8132.762370,3.26361000
8132.771840,2.13404000
8132.781320,1.73015000
8132.790800,2.04419000
8132.800270,1.96209000
8132.809750,1.66463000
8132.819230,1.51009000
8132.828710,1.04566000
8132.838180,0.51736300
8132.847660,0.34043500
8132.857140,-0.00678524
8132.866610,-0.42339400
8132.876090,-0.62243800
8132.885570,-1.28398000
8132.895040,-2.09094000
8132.904520,-2.46608000
8132.914000,-3.04496000
8132.923480,-3.20199000
8132.932950,-2.31348000
8132.942430,-2.00938000
8132.951910,-2.56477000
8132.961380,-2.84233000
8132.970860,-3.21995000
8132.980340,-3.38748000
8132.989820,-2.55620000
8132.999290,-1.94608000
8133.008770,-1.93308000
8133.018250,-1.34784000
8133.027720,-0.43694000
8133.037200,0.35232200
8133.046680,1.13633000
8133.056160,1.02216000
8133.065630,-0.12980500
8133.075110,-1.25965000
8133.084590,-2.27256000
8133.094060,-2.76630000
8133.103540,-2.06550000
8133.113020,-1.45842000
8133.122490,-1.40230000
8133.131970,-0.53231500
8133.141450,0.35149300
8133.150930,-0.01590810
8133.160400,-0.52264000
8133.169880,-0.83834500
8133.179360,-1.58586000
8133.188830,-2.17470000
8133.198310,-2.44369000
8133.207790,-2.71571000
8133.217270,-2.60430000
8133.226740,-2.16502000
8133.236220,-1.71828000
8133.245700,-1.21487000
8133.255170,-0.75181600
8133.264650,-0.30120400
8133.274130,-0.08612620
8133.283610,-0.53176200
8133.293080,-0.90607500
8133.302560,-0.16574400
8133.312040,1.43324000
8133.321510,2.56972000
8133.330990,2.31926000
8133.340470,1.54990000
8133.349950,1.20766000
8133.359420,0.80901600
8133.368900,0.67687400
8133.378380,1.25465000
8133.387850,1.61376000
8133.397330,2.06631000
8133.406810,2.86856000
8133.416280,2.48043000
8133.425760,1.48908000
8133.435240,1.52336000
8133.444720,1.95656000
8133.454190,2.41519000
8133.463670,2.71541000
8133.473150,2.73283000
8133.482620,4.79763000
8133.492100,8.56204000
8133.501580,8.87498000
8133.511060,4.98948000
8133.520530,1.87777000
8133.530010,1.44817000
8133.539490,1.21540000
8133.548960,0.01643650
8133.558440,-0.60308600
8133.567920,-0.25254900
8133.577400,-0.26001300
8133.586870,-0.44772200
8133.596350,-0.23153800
8133.605830,-0.18371300
8133.615300,-0.00982619
8133.624780,0.41480000
8133.634260,0.39987200
8133.643730,0.72635800
8133.653210,1.82110000
8133.662690,2.71513000
8133.672170,3.47316000
8133.681640,4.20907000
8133.691120,4.40424000
8133.700600,4.13636000
8133.710070,3.36175000
8133.719550,2.28608000
8133.729030,1.29474000
8133.738510,0.15880800
8133.747980,-0.21412200
8133.757460,0.67687400
8133.766940,1.32819000
8133.776410,1.90763000
8133.785890,2.83373000
8133.795370,2.41574000
8133.804850,1.38237000
8133.814320,1.37933000
8133.823800,1.01248000
8133.833280,-0.03498310
8133.842750,-0.61414400
8133.852230,-0.91989700
8133.861710,-0.51572800
8133.871180,0.69954300
8133.880660,1.36772000
8133.890140,1.42660000
8133.899620,1.05754000
8133.909090,-0.11266500
8133.918570,-1.23422000
8133.928050,-1.73017000
8133.937520,-1.68732000
8133.947000,-0.98154500
8133.956480,-0.20112900
8133.965960,0.43995700
8133.975430,1.01055000
8133.984910,0.76616700
8133.994390,0.06647380
8134.003860,-0.63128400
8134.013340,-1.72713000
8134.022820,-2.15977000
8134.032300,-1.87337000
8134.041770,-2.27560000
8134.051250,-2.34002000
8134.060730,-1.68013000
8134.070200,-1.54771000
8134.079680,-0.94671300
8134.089160,0.02777090
8134.098630,-0.23817300
8134.108110,-0.43832300
8134.117590,-0.00125626
8134.127070,-0.44219300
8134.136540,-0.96081200
8134.146020,-0.46320300
8134.155500,0.29509700
8134.164970,0.94447700
8134.174450,1.66380000
8134.183930,2.50172000
8134.193410,3.00098000
8134.202880,2.67726000
8134.212360,2.30792000
8134.221840,2.17606000
8134.231310,1.30220000
8134.240790,-0.17873700
8134.250270,-1.18391000
8134.259750,-1.14133000
8134.269220,-0.52651000
8134.278700,-0.25061300
8134.288180,0.23953100
8134.297650,1.28368000
8134.307130,1.38984000
8134.316610,0.65227000
8134.326090,0.41922300
8134.335560,0.26966400
8134.345040,-0.12151200
8134.354520,-0.23734400
8134.363990,-0.22435100
8134.373470,-0.16021500
8134.382950,0.30007300
8134.392420,1.37048000
8134.401900,2.69993000
8134.411380,3.65009000
8134.420860,4.43465000
8134.430330,4.84296000
8134.439810,3.83337000
8134.449290,2.25374000
8134.458760,1.63201000
8134.468240,1.70720000
8134.477720,1.82137000
8134.487200,1.54244000
8134.496670,0.97792700
8134.506150,0.96880400
8134.515630,1.11864000
8134.525100,0.81565100
8134.534580,0.92070200
8134.544060,1.44430000
8134.553540,1.48328000
8134.563010,1.05423000
8134.572490,0.44935600
8134.581970,-0.04880550
8134.591440,-0.43002900
8134.600920,-1.01389000
8134.610400,-1.12475000
8134.619870,-0.49554800
8134.629350,-0.23153800
8134.638830,0.08361370
8134.648310,1.44070000
8134.657780,2.43813000
8134.667260,2.07101000
8134.676740,1.40255000
8134.686210,0.73078100
8134.695690,0.05541580
8134.705170,0.39074900
8134.714650,1.46227000
8134.724120,2.02456000
8134.733600,2.14924000
8134.743080,1.86699000
8134.752550,0.70534800
8134.762030,-0.65892900
8134.771510,-1.43078000
8134.780990,-1.70474000
8134.790460,-1.84075000
8134.799940,-2.21617000
8134.809420,-2.18216000
8134.818890,-0.75292200
8134.828370,1.34671000
8134.837850,3.39243000
8134.847320,5.48018000
8134.856800,6.81543000
8134.866280,7.22955000
8134.875760,7.38132000
8134.885230,6.67029000
8134.894710,4.87807000
8134.904190,2.74471000
8134.913660,0.48750600
8134.923140,-1.29836000
8134.932620,-2.22861000
8134.942100,-2.61398000
8134.951570,-2.08181000
8134.961050,-1.24583000
8134.970530,-1.14907000
8134.980000,-0.63073100
8134.989480,0.38632600
8134.998960,0.51211000
8135.008440,0.66498600
8135.017910,0.98566800
8135.027390,0.02307130
8135.036870,-0.88948800
8135.046340,-0.77448500
8135.055820,-1.12392000
8135.065300,-1.36885000
8135.074770,-0.71781300
8135.084250,-0.54669100
8135.093730,-0.51821600
8135.103210,0.23870200
8135.112680,0.86845300
8135.122160,1.72959000
8135.131640,3.02006000
8135.141110,3.43777000
8135.150590,3.72473000
8135.160070,4.69810000
8135.169550,4.97732000
8135.179020,4.44488000
8135.188500,3.56162000
8135.197980,2.33225000
8135.207450,2.37095000
8135.216930,4.09932000
8135.226410,5.97115000
8135.235890,7.48831000
8135.245360,7.64505000
8135.254840,5.77626000
8135.264320,3.58401000
8135.273790,1.74314000
8135.283270,0.33158900
8135.292750,0.13226900
8135.302230,0.11042900
8135.311700,-0.16961400
8135.321180,0.07200280
8135.330660,-0.19670600
8135.340130,-0.70150200
8135.349610,0.00786657
8135.359090,0.93673600
8135.368560,1.45563000
8135.378040,1.71992000
8135.387520,1.41638000
8135.397000,1.50069000
8135.406470,1.68508000
8135.415950,0.97820300
8135.425430,0.85324800
8135.434900,0.87038800
8135.444380,-0.28793400
8135.453860,-0.32801900
8135.463340,0.91268500
8135.472810,1.24664000
8135.482290,1.70001000
8135.491770,2.44477000
8135.501240,2.08566000
8135.510720,1.95600000
8135.520200,2.55811000
8135.529680,2.59239000
8135.539150,2.45776000
8135.548630,2.20951000
8135.558110,1.19715000
8135.567580,0.29675600
8135.577060,-0.03111280
8135.586540,-0.19504700
8135.596010,0.06481510
8135.605490,0.67715000
8135.614970,1.17227000
8135.624450,1.27953000
8135.633920,0.49884000
8135.643400,-0.72887100
8135.652880,-1.13967000
8135.662350,-1.01334000
8135.671830,-1.18059000
8135.681310,-1.02688000
8135.690790,-0.28323500
8135.700260,0.23344900
8135.709740,0.61799000
8135.719220,1.24194000
8135.728690,1.35058000
8135.738170,0.76893100
8135.747650,0.34596400
8135.757130,0.27685200
8135.766600,0.61301400
8135.776080,1.58252000
8135.785560,2.42127000
8135.795030,2.39832000
8135.804510,1.94052000
8135.813990,1.55211000
8135.823460,1.22037000
8135.832940,0.64287000
8135.842420,-0.22269200
8135.851900,-0.89750500
8135.861370,-1.32158000
8135.870850,-1.55407000
8135.880330,-1.09268000
8135.889800,-0.09359030
8135.899280,0.82532700
8135.908760,1.52060000
8135.918240,1.79788000
8135.927710,1.95518000
8135.937190,2.31373000
8135.946670,1.95296000
8135.956140,0.74045700
8135.965620,-0.21937500
8135.975100,-0.78305500
8135.984580,-1.11231000
8135.994050,-1.18639000
8136.003530,-1.19109000
8136.013010,-0.43887500
8136.022480,1.13412000
8136.031960,2.06106000
8136.041440,2.26894000
8136.050910,2.39666000
8136.060390,1.79815000
8136.069870,0.67549100
8136.079350,-0.26333000
8136.088820,-1.24555000
8136.098300,-1.41115000
8136.107780,-0.43694000
8136.117250,-0.21854500
8136.126730,-0.38773200
8136.136210,0.69567200
8136.145690,1.51756000
8136.155160,1.52917000
8136.164640,2.19817000
8136.174120,2.59211000
8136.183590,2.33612000
8136.193070,2.40496000
8136.202550,1.44513000
8136.212030,-0.42311800
8136.221500,-1.15930000
8136.230980,-1.33070000
8136.240460,-1.11728000
8136.249930,-0.00706169
8136.259410,0.29648000
8136.268890,-0.27577000
8136.278360,-0.56051300
8136.287840,-1.30776000
8136.297320,-2.35384000
8136.306800,-3.06100000
8136.316270,-3.37587000
8136.325750,-2.32592000
8136.335230,-0.61497400
8136.344700,0.92540200
8136.354180,3.92792000
8136.363660,7.04350000
8136.373140,7.39376000
8136.382610,6.39163000
8136.392090,5.55261000
8136.401570,4.41364000
8136.411040,3.22684000
8136.420520,1.87556000
8136.430000,0.52648500
8136.439480,-0.30811500
8136.448950,-1.65276000
8136.458430,-3.15112000
8136.467910,-3.32196000
8136.477380,-3.12264000
8136.486860,-2.83403000
8136.496340,-1.31301000
8136.505820,0.12839800
8136.515290,0.14000900
8136.524770,-0.44551000
8136.534250,-1.27043000
8136.543720,-2.06606000
8136.553200,-2.26620000
8136.562680,-2.59739000
8136.572150,-2.94406000
8136.581630,-2.10973000
8136.591110,-1.37162000
8136.600590,-2.15231000
8136.610060,-2.88213000
8136.619540,-2.85808000
8136.629020,-3.07869000
8136.638490,-2.95318000
8136.647970,-2.04339000
8136.657450,-1.13083000
8136.666930,-0.02254290
8136.676400,1.04815000
8136.685880,1.36247000
8136.695360,1.81723000
8136.704830,2.19292000
8136.714310,1.11781000
8136.723790,0.07310860
8136.733270,0.40788900
8136.742740,0.65254600
8136.752220,0.74322200
8136.761700,1.59137000
8136.771170,2.03590000
8136.780650,1.49240000
8136.790130,0.73631000
8136.799600,-0.09359030
8136.809080,-0.69237900
8136.818560,-0.95279500
8136.828040,-1.24942000
8136.837510,-0.89999300
8136.846990,-0.17265500
8136.856470,-0.36285200
8136.865940,-0.44164000
8136.875420,-0.00733814
8136.884900,-0.60198100
8136.894380,-0.97739900
8136.903850,-0.09718410
8136.913330,-0.15551500
8136.922810,-0.72195900
8136.932280,-0.01590810
8136.941760,0.51625700
8136.951240,0.54611300
8136.960720,1.10454000
8136.970190,1.07081000
8136.979670,0.55496000
8136.989150,0.95498200
8136.998620,1.47222000
8137.008100,1.63422000
8137.017580,1.94108000
8137.027050,1.60768000
8137.036530,0.77003700
8137.046010,0.54003100
8137.055490,0.33380000
8137.064960,0.07338500
8137.074440,1.00585000
8137.083920,2.23107000
8137.093390,2.00411000
8137.102870,0.97184500
8137.112350,0.30228500
8137.121830,0.03053540
8137.131300,-0.27411200
8137.140780,-1.24583000
8137.150260,-2.24188000
8137.159730,-2.03758000
8137.169210,-1.88553000
8137.178690,-2.66208000
8137.188170,-2.41632000
8137.197640,-1.27292000
8137.207120,-0.91160400
8137.216600,-0.09220810
8137.226070,1.24608000
8137.235550,1.43545000
8137.245030,2.79033000
8137.254500,6.08229000
8137.263980,6.57437000
8137.273460,3.81983000
8137.282940,1.69144000
8137.292410,0.25750000
8137.301890,-0.88257600
8137.311370,-0.75043400
8137.320840,0.04988680
8137.330320,1.71605000
8137.339800,4.20215000
8137.349280,6.36703000
8137.358750,8.23748000
8137.368230,8.03651000
8137.377710,5.70880000
8137.387180,5.17996000
8137.396660,5.24852000
8137.406140,4.13719000
8137.415620,4.02716000
8137.425090,2.76738000
8137.434570,0.86624100
8137.444050,1.16840000
8137.453520,-0.27079400
8137.463000,-0.99536800
8137.472480,0.79325900
8137.481960,-0.18122500
8137.491430,11.75810000
8137.500910,40.68760000
8137.510390,45.66590000
8137.519860,18.82600000
8137.529340,2.83180000
8137.538820,4.55601000
8137.548290,3.78223000
8137.557770,3.23873000
8137.567250,4.69119000
8137.576730,3.01149000
8137.586200,2.19873000
8137.595680,2.31649000
8137.605160,0.93701200
8137.614630,0.22653800
8137.624110,-0.53093300
8137.633590,-1.48994000
8137.643070,-1.50901000
8137.652540,-2.08126000
8137.662020,-2.36766000
8137.671500,-1.66106000
8137.680970,-1.85264000
8137.690450,-2.21423000
8137.699930,-1.79071000
8137.709410,-1.13995000
8137.718880,-0.00097981
8137.728360,0.63789400
8137.737840,0.20331600
8137.747310,0.35674600
8137.756790,0.99257900
8137.766270,1.05229000
8137.775740,1.20655000
8137.785220,1.55239000
8137.794700,1.27760000
8137.804180,0.49939300
8137.813650,-0.40072500
8137.823130,-1.33982000
8137.832610,-1.73072000
8137.842080,-1.04402000
8137.851560,-0.08806130
8137.861040,0.20801600
8137.870520,0.38964300
8137.879990,0.88117000
8137.889470,1.10896000
8137.898950,1.19273000
8137.908420,1.26295000
8137.917900,0.46456100
8137.927380,-0.82783900
8137.936860,-1.39373000
8137.946330,-1.18584000
8137.955810,0.42032900
8137.965290,3.42201000
8137.974760,4.36498000
8137.984240,1.81114000
8137.993720,-0.58345800
8138.003190,-1.04043000
8138.012670,-1.46505000
8138.022150,-2.21783000
8138.031630,-2.06440000
8138.041100,-1.02080000
8138.050580,0.36199800
8138.060060,2.23328000
8138.069530,4.22897000
8138.079010,5.52579000
8138.088490,6.66504000
8138.097970,7.63869000
8138.107440,6.91606000
8138.116920,5.34057000
8138.126400,4.55435000
8138.135870,3.39658000
8138.145350,1.71190000
8138.154830,0.93480100
8138.164310,0.64922900
8138.173780,0.47921300
8138.183260,0.76395500
8138.192740,1.21899000
8138.202210,1.98558000
8138.211690,2.56723000
8138.221170,2.15698000
8138.230640,1.61348000
8138.240120,1.21180000
8138.249600,1.02105000
8138.259080,2.10446000
8138.268550,2.99048000
8138.278030,2.31428000
8138.287510,2.16472000
8138.296980,2.46799000
8138.306460,1.67568000
8138.315940,1.25548000
8138.325420,1.32183000
8138.334890,0.83804400
8138.344370,1.17863000
8138.353850,1.80755000
8138.363320,1.13412000
8138.372800,0.51681000
8138.382280,0.36338000
8138.391760,0.18645300
8138.401230,0.86403000
8138.410710,1.58363000
8138.420190,1.42439000
8138.429660,1.05837000
8138.439140,0.30753800
8138.448620,-0.56714800
8138.458100,-1.29338000
8138.467570,-2.04256000
8138.477050,-1.48109000
8138.486530,-0.57544100
8138.496000,-0.46983800
8138.505480,1.17808000
8138.514960,2.33198000
8138.524430,3.50965000
8138.533910,13.50740000
8138.543390,25.27090000
8138.552870,21.43710000
8138.562340,8.85120000
8138.571820,3.19809000
8138.581300,2.08815000
8138.590770,1.17006000
8138.600250,2.24517000
8138.609730,3.42837000
8138.619210,3.23956000
8138.628680,2.77844000
8138.638160,2.02705000
8138.647640,1.49931000
8138.657110,1.17946000
8138.666590,0.28901500
8138.676070,-0.24232000
8138.685550,-0.34985900
8138.695020,-1.06199000
8138.704500,-1.25634000
8138.713980,-0.04604100
8138.723450,0.90411500
8138.732930,0.80431700
8138.742410,0.92595400
8138.751880,1.36302000
8138.761360,1.31298000
8138.770840,1.56041000
8138.780320,2.51581000
8138.789790,3.03803000
8138.799270,3.01011000
8138.808750,3.10714000
8138.818220,3.19201000
8138.827700,2.97666000
8138.837180,2.34718000
8138.846660,1.32045000
8138.856130,0.23151400
8138.865610,-0.51158200
8138.875090,-0.75015700
8138.884560,-0.78609600
8138.894040,-0.58843400
8138.903520,0.11568200
8138.913000,0.51542700
8138.922470,0.27768100
8138.931950,0.20884500
8138.941430,-0.01950190
8138.950900,-0.46735000
8138.960380,-0.10050200
8138.969860,0.32329500
8138.979330,-0.00650880
8138.988810,0.18147700
8138.998290,0.90300900
8139.007770,0.90826200
8139.017240,0.82781500
8139.026720,1.41997000
8139.036200,1.66960000
8139.045670,1.65136000
8139.055150,2.75854000
8139.064630,3.85632000
8139.074110,3.12151000
8139.083580,1.96374000
8139.093060,1.38237000
8139.102540,0.42972800
8139.112010,0.03772310
8139.121490,0.73824500
8139.130970,1.03902000
8139.140450,1.35832000
8139.149920,2.16113000
8139.159400,2.06575000
8139.168880,1.59607000
8139.178350,1.69421000
8139.187830,1.34450000
8139.197310,0.51681000
8139.206780,-0.14556300
8139.216260,-0.81097600
8139.225740,-1.05729000
8139.235220,-0.64814700
8139.244690,0.01671290
8139.254170,0.93701200
8139.263650,1.56206000
8139.273120,1.58003000
8139.282600,1.98171000
8139.292080,2.51443000
8139.301560,2.02788000
8139.311030,1.30773000
8139.320510,1.34146000
8139.329990,1.47111000
8139.339460,1.26101000
8139.348940,1.11781000
8139.358420,1.15900000
8139.367900,1.08906000
8139.377370,0.79574700
8139.386850,0.72801700
8139.396330,1.21014000
8139.405800,1.62122000
8139.415280,1.27483000
8139.424760,0.54086100
8139.434240,0.36863300
8139.443710,0.86043600
8139.453190,1.01552000
8139.462670,0.67355600
8139.472140,0.74930300
8139.481620,0.90466800
8139.491100,0.42862200
8139.500570,0.03274700
8139.510050,-0.22877400
8139.519530,-1.02467000
8139.529010,-1.43271000
8139.538480,-0.54226700
8139.547960,0.90798500
8139.557440,2.06824000
8139.566910,2.61921000
8139.576390,2.53102000
8139.585870,2.06963000
8139.595350,1.53801000
8139.604820,1.28479000
8139.614300,1.17891000
8139.623780,0.67936200
8139.633250,0.19060000
8139.642730,0.13143900
8139.652210,-0.26830600
8139.661690,-0.83945000
8139.671160,-0.37114500
8139.680640,0.41839400
8139.690120,0.02887670
8139.699590,-0.75928000
8139.709070,-0.90966800
8139.718550,-1.19469000
8139.728020,-1.63397000
8139.737500,-1.31328000
8139.746980,-0.69099700
8139.756460,-0.16657300
8139.765930,0.46373100
8139.775410,0.49911700
8139.784890,0.26911100
8139.794360,0.99036700
8139.803840,1.82911000
8139.813320,1.91951000
8139.822800,1.96844000
8139.832270,2.14980000
8139.841750,2.29935000
8139.851230,2.10501000
8139.860700,1.23226000
8139.870180,0.96852800
8139.879660,1.67264000
8139.889140,1.47858000
8139.898610,0.58923900
8139.908090,0.36033900
8139.917570,0.11042900
8139.927040,-0.24342600
8139.936520,0.01864810
8139.946000,0.10268900
8139.955470,-0.54060900
8139.964950,-1.44598000
8139.974430,-2.28196000
8139.983910,-2.47796000
8139.993380,-1.92451000
8140.002860,-1.36913000
8140.012340,-0.73218800
8140.021810,0.48640000
8140.031290,1.42301000
8140.040770,1.00087000
8140.050250,0.02113610
8140.059720,-0.06870990
8140.069200,0.52178600
8140.078680,0.97460900
8140.088150,1.46199000
8140.097630,2.06631000
8140.107110,2.32811000
8140.116590,2.09865000
8140.126060,1.60685000
8140.135540,1.47858000
8140.145020,2.08179000
8140.154490,2.80222000
8140.163970,3.36949000
8140.173450,4.08936000
8140.182920,4.45732000
8140.192400,4.09130000
8140.201880,3.51684000
8140.211360,2.84534000
8140.220830,1.97840000
8140.230310,1.14186000
8140.239790,0.12369900
8140.249260,-0.83005100
8140.258740,-0.63930100
8140.268220,0.49303500
8140.277700,1.63892000
8140.287170,2.82848000
8140.296650,3.22601000
8140.306130,1.84073000
8140.315600,0.46456100
8140.325080,0.47009000
8140.334560,0.55053600
8140.344040,0.58923900
8140.353510,1.12306000
8140.362990,1.07773000
8140.372470,0.79353500
8140.381940,1.35611000
8140.391420,1.78350000
8140.400900,1.75143000
8140.410380,1.91481000
8140.419850,1.68177000
8140.429330,1.07662000
8140.438810,0.83527900
8140.448280,0.80514600
8140.457760,1.13440000
8140.467240,1.87832000
8140.476710,2.41878000
8140.486190,2.83732000
8140.495670,3.13423000
8140.505150,2.80802000
8140.514620,2.03645000
8140.524100,1.37795000
8140.533580,1.39177000
8140.543050,1.65274000
8140.552530,0.85546000
8140.562010,-0.27245300
8140.571490,-0.58898700
8140.580960,-1.21266000
8140.590440,-1.95271000
8140.599920,-1.43520000
8140.609390,-0.59230500
8140.618870,-0.22518000
8140.628350,0.17346000
8140.637830,0.79712900
8140.647300,2.00604000
8140.656780,3.02338000
8140.666260,2.75715000
8140.675730,2.63220000
8140.685210,3.09912000
8140.694690,2.57857000
8140.704160,1.69974000
8140.713640,1.56068000
8140.723120,1.50816000
8140.732600,1.28064000
8140.742070,0.77916000
8140.751550,0.01809520
8140.761030,-0.07949140
8140.770500,0.66581600
8140.779980,1.56317000
8140.789460,2.18463000
8140.798940,2.43343000
8140.808410,2.52853000
8140.817890,2.30875000
8140.827370,1.73070000
8140.836840,1.33316000
8140.846320,0.67853200
8140.855800,-0.33658900
8140.865280,-0.54199100
8140.874750,-0.01867260
8140.884230,0.92623100
8140.893710,2.42403000
8140.903180,3.20003000
8140.912660,3.23541000
8140.922140,3.67994000
8140.931610,3.43860000
8140.941090,2.33059000
8140.950570,1.86146000
8140.960050,1.43324000
8140.969520,0.61688400
8140.979000,0.43995700
8140.988480,0.53643800
8140.997950,0.30698500
8141.007430,0.17511800
8141.016910,0.25805300
8141.026390,0.24588900
8141.035860,0.05596870
8141.045340,0.23262000
8141.054820,0.66664500
8141.064290,0.84302000
8141.073770,2.35879000
8141.083250,5.04228000
8141.092730,4.84407000
8141.102200,1.98973000
8141.111680,0.60776100
8141.121160,0.40595300
8141.130630,-0.25254900
8141.140110,-0.35262300
8141.149590,0.14415600
8141.159060,0.47202500
8141.168540,0.81178100
8141.178020,1.21706000
8141.187500,1.32515000
8141.196970,0.76119100
8141.206450,0.49386400
8141.215930,1.55571000
8141.225400,2.21310000
8141.234880,1.84598000
8141.244360,2.25899000
8141.253840,2.50172000
8141.263310,1.45757000
8141.272790,0.83749100
8141.282270,0.72995200
8141.291740,0.50768700
8141.301220,0.91019700
8141.310700,1.60823000
8141.320180,2.35105000
8141.329650,2.91141000
8141.339130,2.24711000
8141.348610,1.72932000
8141.358080,2.43813000
8141.367560,2.48043000
8141.377040,2.01544000
8141.386510,2.12768000
8141.395990,1.72240000
8141.405470,1.01331000
8141.414950,0.65696900
8141.424420,0.12922800
8141.433900,0.07062050
8141.443380,0.44244500
8141.452850,0.20718600
8141.462330,-0.18537100
8141.471810,-0.51075200
8141.481290,-0.61801500
8141.490760,0.22515600
8141.500240,0.98235000
8141.509720,1.02879000
8141.519190,1.45895000
8141.528670,1.90431000
8141.538150,1.96209000
8141.547630,2.47545000
8141.557100,2.85004000
8141.566580,2.12022000
8141.576060,0.85573600
8141.585530,-0.22103300
8141.595010,-1.01444000
8141.604490,-1.34452000
8141.613970,-0.25531300
8141.623440,2.77568000
8141.632920,6.42287000
8141.642400,9.31287000
8141.651870,11.08880000
8141.661350,11.61850000
8141.670830,11.52090000
8141.680300,11.43820000
8141.689780,11.11260000
8141.699260,10.27680000
8141.708740,8.30273000
8141.718210,5.01768000
8141.727690,1.92394000
8141.737170,-0.29595100
8141.746640,-1.86618000
8141.756120,-2.06108000
8141.765600,-1.34646000
8141.775080,-1.12336000
8141.784550,-1.14659000
8141.794030,-1.12585000
8141.803510,-1.32379000
8141.812980,-1.25247000
8141.822460,-0.67247500
8141.831940,0.25335300
8141.841420,1.31547000
8141.850890,1.98586000
8141.860370,2.40053000
8141.869850,2.72260000
8141.879320,2.46522000
8141.888800,2.00300000
8141.898280,1.63422000
8141.907750,1.01082000
8141.917230,0.67604400
8141.926710,0.53920200
8141.936190,0.02473000
8141.945660,0.06592090
8141.955140,0.35287500
8141.964620,-0.39796100
8141.974090,-1.01831000
8141.983570,-0.84940200
8141.993050,-0.79356000
8142.002530,-0.21191100
8142.012000,0.83334400
8142.021480,1.16177000
8142.030960,1.60270000
8142.040430,2.30322000
8142.049910,1.87445000
8142.059390,1.12776000
8142.068870,0.95138800
8142.078340,0.26302900
8142.087820,-0.53203900
8142.097300,-0.20444600
8142.106770,0.48778200
8142.116250,0.88586900
8142.125730,1.40808000
8142.135200,1.72655000
8142.144680,1.45259000
8142.154160,0.96880400
8142.163640,0.46013800
8142.173110,0.15327900
8142.182590,0.33103600
8142.192070,0.42254000
8142.201540,0.10517700
8142.211020,-0.02530730
8142.220500,-0.00153271
8142.229980,-0.20030000
8142.239450,-0.27383500
8142.248930,-0.10354200
8142.258410,0.17677700
8142.267880,0.76257300
8142.277360,1.37159000
8142.286840,1.67956000
8142.296320,1.96955000
8142.305790,2.17772000
8142.315270,2.20398000
8142.324750,2.17440000
8142.334220,1.65357000
8142.343700,0.89305700
8142.353180,0.78192400
8142.362650,0.76837800
8142.372130,0.39379000
8142.381610,0.44410300
8142.391090,0.67493900
8142.400560,0.44852700
8142.410040,0.18479400
8142.419520,-0.09663120
8142.428990,-0.49969400
8142.438470,-0.49029500
8142.447950,-0.26609500
8142.457430,-0.16325600
8142.466900,0.49386400
8142.476380,1.49710000
8142.485860,1.53525000
8142.495330,1.12666000
8142.504810,1.61100000
8142.514290,1.87528000
8142.523770,1.03294000
8142.533240,0.43359800
8142.542720,0.21078000
8142.552200,1.12527000
8142.561670,5.79008000
8142.571150,10.70920000
8142.580630,8.98666000
8142.590110,3.05765000
8142.599580,0.29896800
8142.609060,1.20683000
8142.618540,2.36598000
8142.628010,2.85087000
8142.637490,3.07397000
8142.646970,2.74637000
8142.656440,1.65219000
8142.665920,0.76146700
8142.675400,0.80625200
8142.684880,0.90466800
8142.694350,0.39351300
8142.703830,-0.10824200
8142.713310,-0.00263851
8142.722780,0.27519300
8142.732260,-0.18454200
8142.741740,-0.82092800
8142.751220,-0.64400100
8142.760690,-0.67302800
8142.770170,-1.12475000
8142.779650,-0.42809400
8142.789120,0.83832000
8142.798600,1.23779000
8142.808080,1.22756000
8142.817560,1.39813000
8142.827030,1.90486000
8142.836510,2.02512000
8142.845990,0.58149900
8142.855460,-0.78747800
8142.864940,-0.33631300
8142.874420,0.17567100
8142.883890,0.12591000
8142.893370,0.93397200
8142.902850,1.80313000
8142.912330,1.39039000
8142.921800,0.09301290
8142.931280,-1.31052000
8142.940760,-2.05002000
8142.950230,-1.71994000
8142.959710,-0.87373000
8142.969190,-0.15800300
8142.978670,0.59670300
8142.988140,1.58224000
8142.997620,2.07598000
8143.007100,2.25899000
8143.016570,3.20970000
8143.026050,3.99786000
8143.035530,3.84996000
8143.045010,3.89087000
8143.054480,3.78555000
8143.063960,2.97693000
8143.073440,2.26812000
8143.082910,1.61791000
8143.092390,2.17799000
8143.101870,5.42876000
8143.111340,7.98398000
8143.120820,6.06045000
8143.130300,2.48623000
8143.139780,1.62039000
8143.149250,1.91288000
8143.158730,0.90853800
8143.168210,0.75427900
8143.177680,1.31050000
8143.187160,0.39406600
8143.196640,0.56601800
8143.206120,1.88192000
8143.215590,2.25346000
8143.225070,5.49594000
8143.234550,10.76040000
8143.244020,11.54850000
8143.253500,7.79655000
8143.262980,2.72951000
8143.272460,1.04842000
8143.281930,2.67339000
8143.291410,0.34043500
8143.300890,4.54246000
8143.310360,24.30530000
8143.319840,30.47890000
8143.329320,11.29470000
8143.338790,-0.13091100
8143.348270,3.27052000
8143.357750,2.32728000
8143.367230,0.30035000
8143.376700,0.58813400
8143.386180,-2.36047000
8143.395660,-3.44250000
8143.405130,-2.81357000
8143.414610,-4.18283000
8143.424090,-2.03758000
8143.433570,1.18416000
8143.443040,3.07286000
8143.452520,13.72200000
8143.462000,27.29730000
8143.471470,25.10120000
8143.480950,12.08570000
8143.490430,4.88222000
8143.499910,3.51075000
8143.509380,2.31097000
8143.518860,1.51562000
8143.528340,0.83417300
8143.537810,-0.08640260
8143.547290,-0.15192100
8143.556770,0.27685200
8143.566250,1.36800000
8143.575720,3.26361000
8143.585200,4.09987000
8143.594680,3.65230000
8143.604150,2.76434000
8143.613630,1.21291000
8143.623110,0.30062600
8143.632580,0.69981900
8143.642060,0.83030300
8143.651540,1.06860000
8143.661020,2.01903000
8143.670490,2.13210000
8143.679970,1.56206000
8143.689450,1.52944000
8143.698920,1.76304000
8143.708400,2.12602000
8143.717880,2.43426000
8143.727360,2.63718000
8143.736830,3.71229000
8143.746310,4.73957000
8143.755790,3.98569000
8143.765260,2.72951000
8143.774740,1.97674000
8143.784220,0.81648100
8143.793700,-0.18868900
8143.803170,-0.51904600
8143.812650,-0.94146000
8143.822130,-1.12558000
8143.831600,-0.88755300
8143.841080,-0.70399000
8143.850560,-0.11930000
8143.860030,0.61329000
8143.869510,0.92457200
8143.878990,1.53608000
8143.888470,2.15284000
8143.897940,1.92615000
8143.907420,1.63643000
8143.916900,1.64997000
8143.926370,1.52861000
8143.935850,1.57285000
8143.945330,1.65965000
8143.954810,1.40338000
8143.964280,1.47692000
8143.973760,1.95656000
8143.983240,1.52834000
8143.992710,0.00565497
8144.002190,-0.98348000
8144.011670,-0.63791900
8144.021150,0.21520300
8144.030620,0.92153100
8144.040100,1.36274000
8144.049580,1.52115000
8144.059050,1.62896000
8144.068530,1.63422000
8144.078010,1.35722000
8144.087480,1.13246000
8144.096960,1.07994000
8144.106440,0.87425900
8144.115920,0.27823400
8144.125390,-0.40155500
8144.134870,0.14747300
8144.144350,2.08759000
8144.153820,3.03609000
8144.163300,2.23301000
8144.172780,1.67126000
8144.182260,1.63864000
8144.191730,1.14905000
8144.201210,0.49524700
8144.210690,-0.34128900
8144.220160,-1.36581000
8144.229640,-1.54605000
8144.239120,-0.89999300
8144.248600,-0.05875770
8144.258070,0.91710800
8144.267550,1.31298000
8144.277030,1.01552000
8144.286500,1.01718000
8144.295980,1.04759000
8144.305460,0.80984600
8144.314930,1.10399000
8144.324410,1.39896000
8144.333890,0.73326900
8144.343370,-0.07479180
8144.352840,-0.13422800
8144.362320,0.15438500
8144.371800,0.16737800
8144.381270,0.01505420
8144.390750,0.35232200
8144.400230,1.34256000
8144.409710,2.28387000
8144.419180,2.44477000
8144.428660,1.98171000
8144.438140,1.59634000
8144.447610,1.26129000
8144.457090,0.94585900
8144.466570,1.46254000
8144.476050,2.28968000
8144.485520,1.98945000
8144.495000,1.11339000
8144.504480,0.18507100
8144.513950,-2.21534000
8144.523430,-6.53292000
8144.532910,-11.29340000
8144.542390,-14.59940000
8144.551860,-14.86430000
8144.561340,-12.07490000
8144.570820,-7.89001000
8144.580290,-4.14799000
8144.589770,-1.66935000
8144.599250,0.24533600
8144.608720,1.68121000
8144.618200,1.33621000
8144.627680,0.16958900
8144.637160,0.38687800
8144.646630,1.30165000
8144.656110,1.52087000
8144.665590,1.23502000
8144.675060,1.17393000
8144.684540,1.98227000
8144.694020,2.62197000
8144.703500,2.19624000
8144.712970,2.32479000
8144.722450,2.56751000
8144.731930,1.09099000
8144.741400,-0.35317600
8144.750880,-0.87732400
8144.760360,-1.67571000
8144.769840,-1.48137000
8144.779310,-0.03415370
8144.788790,0.64812300
8144.798270,0.37056800
8144.807740,-0.44440400
8144.817220,-1.41751000
8144.826700,-1.65608000
8144.836170,-1.48855000
8144.845650,-1.12281000
8144.855130,-0.45795000
8144.864610,-0.44965700
8144.874080,-0.71919500
8144.883560,-0.55636600
8144.893040,-1.06227000
8144.902510,-1.74759000
8144.911990,-1.40120000
8144.921470,-1.39567000
8144.930950,-1.63065000
8144.940420,-0.24784900
8144.949900,1.19715000
8144.959380,1.66490000
8144.968850,3.17100000
8144.978330,4.57951000
8144.987810,4.85098000
8144.997290,6.23654000
8145.006760,7.01613000
8145.016240,5.59850000
8145.025720,4.37798000
8145.035190,2.13680000
8145.044670,-0.81346400
8145.054150,-1.44017000
8145.063620,-2.12881000
8145.073100,-2.35522000
8145.082580,-0.56548900
8145.092060,-0.91326200
8145.101530,-1.00449000
8145.111010,0.19115200
8145.120490,-1.05121000
8145.129960,1.91288000
8145.139440,6.42757000
8145.148920,11.12060000
8145.158400,40.62850000
8145.167870,77.15160000
8145.177350,64.10260000
8145.186830,21.47530000
8145.196300,5.09647000
8145.205780,4.62567000
8145.215260,-0.16187300
8145.224740,-0.22545700
8145.234210,0.99119700
8145.243690,-0.50964600
8145.253170,0.71364100
8145.262640,1.28921000
8145.272120,0.70700700
8145.281600,1.50484000
8145.291070,0.90439100
8145.300550,0.40595300
8145.310030,0.87370600
8145.319510,0.29288600
8145.328980,0.69207800
8145.338460,1.42743000
8145.347940,3.27301000
8145.357410,11.20240000
8145.366890,18.53990000
8145.376370,15.17470000
8145.385850,6.42812000
8145.395320,1.55571000
8145.404800,0.72718800
8145.414280,0.76202000
8145.423750,0.61660800
8145.433230,0.61854300
8145.442710,0.39766000
8145.452190,-0.17735400
8145.461660,-0.10464800
8145.471140,-0.11183600
8145.480620,-1.23809000
8145.490090,-2.00054000
8145.499570,-1.82472000
8145.509050,-1.59747000
8145.518530,-1.09185000
8145.528000,-0.57571800
8145.537480,-0.54779600
8145.546960,-0.08170300
8145.556430,0.96189300
8145.565910,1.60436000
8145.575390,1.62592000
8145.584860,1.25161000
8145.594340,0.68185000
8145.603820,0.14249700
8145.613300,0.05016330
8145.622770,0.75842600
8145.632250,1.45010000
8145.641730,1.46752000
8145.651200,1.36026000
8145.660680,0.97129200
8145.670160,0.52095600
8145.679640,1.17863000
8145.689110,1.94439000
8145.698590,1.70914000
8145.708070,1.66297000
8145.717540,1.70029000
8145.727020,0.83140900
8145.736500,-0.04382940
8145.745980,-0.24259600
8145.755450,-0.23153800
8145.764930,-0.28295800
8145.774410,-0.30369200
8145.783880,-0.15634400
8145.793360,-0.34405300
8145.802840,-0.96993400
8145.812310,-1.04236000
8145.821790,-0.80461800
8145.831270,-1.03794000
8145.840750,-1.24555000
8145.850220,-1.56402000
8145.859700,-2.23165000
8145.869180,-2.34333000
8145.878650,-2.06882000
8145.888130,-2.11886000
8145.897610,-2.19460000
8145.907090,-2.30104000
8145.916560,-2.43429000
8145.926040,-2.02569000
8145.935520,-1.01970000
8145.944990,0.43940400
8145.954470,2.14316000
8145.963950,3.60447000
8145.973430,4.91512000
8145.982900,6.05575000
8145.992380,6.24318000
8146.001860,5.59186000
8146.011330,4.90738000
8146.020810,3.89115000
8146.030290,2.45168000
8146.039760,1.92670000
8146.049240,2.60151000
8146.058720,3.08862000
8146.068200,2.94956000
8146.077670,2.58161000
8146.087150,1.88744000
8146.096630,1.15596000
8146.106100,0.86624100
8146.115580,0.86154200
8146.125060,0.93839500
8146.134540,0.91904300
8146.144010,0.78579500
8146.153490,0.73382200
8146.162970,0.40982400
8146.172440,-0.20665800
8146.181920,-0.47481400
8146.191400,-0.53314500
8146.200880,-0.53646200
8146.210350,-0.16989000
8146.219830,0.13005700
8146.229310,0.07559660
8146.238780,0.04546370
8146.248260,0.10711200
8146.257740,0.20165700
8146.267210,0.23566100
8146.276690,0.49275900
8146.286170,1.28202000
8146.295650,1.25908000
8146.305120,-0.15413300
8146.314600,-1.17478000
8146.324080,-1.47556000
8146.333550,-1.65055000
8146.343030,-0.99149700
8146.352510,0.02085970
8146.361990,0.72746400
8146.371460,1.71632000
8146.380940,2.13763000
8146.390420,1.41582000
8146.399890,0.91406700
8146.409370,0.83362000
8146.418850,0.56242400
8146.428330,0.38079700
8146.437800,0.31610700
8146.447280,0.01201330
8146.456760,-0.38082100
8146.466230,-0.25503700
8146.475710,0.05237490
8146.485190,-0.35372900
8146.494660,-0.50245900
8146.504140,0.37139700
8146.513620,1.01110000
8146.523100,1.22341000
8146.532570,1.61321000
8146.542050,2.22886000
8146.551530,3.20749000
8146.561000,3.65009000
8146.570480,3.07037000
8146.579960,2.27226000
8146.589440,1.46254000
8146.598910,1.43075000
8146.608390,1.98863000
8146.617870,1.49268000
8146.627340,0.82422100
8146.636820,0.32412400
8146.646300,-0.68298000
8146.655780,-0.79107200
8146.665250,-0.64013000
8146.674730,-0.35096500
8146.684210,1.24774000
8146.693680,1.40449000
8146.703160,0.99534300
8146.712640,1.62896000
8146.722120,-0.26664800
8146.731590,-1.32296000
8146.741070,-0.45242100
8146.750550,-2.19709000
8146.760020,-0.20140600
8146.769500,2.67035000
8146.778980,5.84841000
8146.788450,37.03770000
8146.797930,77.93030000
8146.807410,66.53400000
8146.816890,21.98500000
8146.826360,4.37963000
8146.835840,4.79652000
8146.845320,1.35252000
8146.854790,1.48106000
8146.864270,1.53083000
8146.873750,-0.95224200
8146.883230,-0.10713600
8146.892700,-0.29705700
8146.902180,-1.52836000
8146.911660,-0.59119900
8146.921130,-0.80406500
8146.930610,-0.64206600
8146.940090,0.80542300
8146.949570,0.36808000
8146.959040,0.07200280
8146.968520,0.60665600
8146.978000,0.07393790
8146.987470,-0.13284600
8146.996950,0.11623500
8147.006430,0.05541580
8147.015900,-0.08750840
8147.025380,-0.74435200
8147.034860,-0.79162500
8147.044340,-0.06013990
8147.053810,-0.27936400
8147.063290,-0.47066700
8147.072770,-0.03000700
8147.082240,-0.09027290
8147.091720,0.30090300
8147.101200,1.34533000
8147.110680,1.67292000
8147.120150,1.59496000
8147.129630,1.32819000
8147.139110,0.37388500
8147.148580,-0.50854100
8147.158060,-0.54669100
8147.167540,-0.28157600
8147.177020,-0.35677000
8147.186490,-0.20555200
8147.195970,0.58592200
8147.205450,0.75123900
8147.214920,-0.14777400
8147.224400,-0.74518100
8147.233880,-0.63957800
8147.243350,-0.17818400
8147.252830,0.69373700
8147.262310,1.72766000
8147.271790,2.62999000
8147.281260,2.80802000
8147.290740,2.05331000
8147.300220,1.66988000
8147.309690,1.64085000
8147.319170,0.97571500
8147.328650,0.86181800
8147.338130,1.36274000
8147.347600,0.99230200
8147.357080,0.60250900
8147.366560,0.40954700
8147.376030,-0.40597800
8147.385510,-0.34598800
8147.394990,0.38743100
8147.404470,-0.27107100
8147.413940,-1.31660000
8147.423420,-1.53113000
8147.432900,-1.36415000
8147.442370,-0.75623900
8147.451850,-0.40072500
8147.461330,-0.77918400
8147.470800,-1.00891000
8147.480280,-1.12060000
8147.489760,-0.82783900
8147.499240,0.48418900
8147.508710,1.29087000
8147.518190,0.91987300
8147.527670,0.65558700
8147.537140,0.54473100
8147.546620,0.47257800
8147.556100,0.97046300
8147.565580,1.53027000
8147.575050,1.80921000
8147.584530,2.02705000
8147.594010,1.76360000
8147.603480,1.13301000
8147.612960,0.83445000
8147.622440,0.45156800
8147.631920,-0.59534600
8147.641390,-1.62871000
8147.650870,-2.05776000
8147.660350,-2.26372000
8147.669820,-2.26123000
8147.679300,-1.56789000
8147.688780,-0.49637700
8147.698260,0.30228500
8147.707730,0.81454500
8147.717210,1.13937000
8147.726690,1.15790000
8147.736160,0.81067500
8147.745640,0.07587310
8147.755120,-0.83281600
8147.764590,-1.41529000
8147.774070,-1.57481000
8147.783550,-1.65193000
8147.793030,-1.58061000
8147.802500,-1.12060000
8147.811980,-0.53369700
8147.821460,0.11789300
8147.830930,0.91323800
8147.840410,0.97378000
8147.849890,-0.12427600
8147.859370,-1.02495000
8147.868840,-0.97546300
8147.878320,-0.81761100
8147.887800,-0.65450600
8147.897270,-0.00180916
8147.906750,0.31334300
8147.916230,-0.49250700
8147.925710,-1.55656000
8147.935180,-2.02956000
8147.944660,-2.07269000
8147.954140,-1.80536000
8147.963610,-1.36774000
8147.973090,-1.15543000
8147.982570,-1.00228000
8147.992040,-0.09082580
8148.001520,2.36819000
8148.011000,5.53464000
8148.020480,6.51493000
8148.029950,4.42940000
8148.039430,2.23024000
8148.048910,1.76830000
8148.058380,1.79013000
8148.067860,1.30497000
8148.077340,0.60665600
8148.086820,0.08748390
8148.096290,-0.19477100
8148.105770,-0.27190000
8148.115250,0.37554400
8148.124720,1.93444000
8148.134200,3.22629000
8148.143680,3.35346000
8148.153160,2.87354000
8148.162630,2.72398000
8148.172110,3.06927000
8148.181590,3.10023000
8148.191060,2.51056000
8148.200540,2.15090000
8148.210020,1.85814000
8148.219490,0.72912300
8148.228970,-0.32276700
8148.238450,-0.37833300
8148.247930,-0.49748300
8148.257400,-1.00256000
8148.266880,-1.02992000
8148.276360,-0.78886000
8148.285830,-0.45739700
8148.295310,0.29012100
8148.304790,0.70286000
8148.314270,0.51515100
8148.323740,0.70064800
8148.333220,1.08851000
8148.342700,0.88365800
8148.352170,0.49967000
8148.361650,0.56408200
8148.371130,0.84910200
8148.380610,0.87785200
8148.390080,0.73769300
8148.399560,0.54473100
8148.409040,0.12231700
8148.418510,0.25169500
8148.427990,1.40200000
8148.437470,2.29244000
8148.446940,2.67228000
8148.456420,2.96809000
8148.465900,2.44670000
8148.475380,2.57387000
8148.484850,4.78104000
8148.494330,5.34721000
8148.503810,2.52134000
8148.513280,0.77722500
8148.522760,1.46835000
8148.532240,1.52723000
8148.541720,1.21623000
8148.551190,1.94937000
8148.560670,2.00107000
8148.570150,0.78855900
8148.579620,0.05486290
8148.589100,-0.13339900
8148.598580,-0.48144900
8148.608060,-0.42422400
8148.617530,-0.16629600
8148.627010,-0.59976900
8148.636490,-1.08355000
8148.645960,-0.95860000
8148.655440,-0.81567600
8148.664920,-0.24010800
8148.674400,1.44236000
8148.683870,2.91998000
8148.693350,3.36949000
8148.702830,3.35290000
8148.712300,2.88681000
8148.721780,2.66648000
8148.731260,3.13285000
8148.740730,3.02586000
8148.750210,2.66454000
8148.759690,2.86995000
8148.769170,2.74306000
8148.778640,2.38727000
8148.788120,1.93665000
8148.797600,1.08132000
8148.807070,0.59698000
8148.816550,0.07089700
8148.826030,-0.50301200
8148.835510,-0.49775900
8148.844980,-0.91823800
8148.854460,-0.54558500
8148.863940,0.58758100
8148.873410,0.19474600
8148.882890,1.16508000
8148.892370,2.82737000
8148.901850,2.09340000
8148.911320,3.55001000
8148.920800,4.60632000
8148.930280,3.14584000
8148.939750,7.03244000
8148.949230,9.66949000
8148.958710,19.75440000
8148.968180,64.92200000
8148.977660,103.39700000
8148.987140,75.06520000
8148.996620,23.04240000
8149.006090,5.19433000
8149.015570,2.79171000
8149.025050,-1.49961000
8149.034520,-0.31447300
8149.044000,0.65282300
8149.053480,0.18617600
8149.062960,1.88219000
8149.072430,2.04253000
8149.081910,2.10722000
8149.091390,3.05765000
8149.100860,2.68085000
8149.110340,2.86773000
8149.119820,2.50890000
8149.129300,0.62324300
8149.138770,0.39185500
8149.148250,0.65807500
8149.157730,-0.17707800
8149.167200,-0.21108100
8149.176680,0.22128500
8149.186160,0.12756900
8149.195630,0.20221000
8149.205110,0.72497600
8149.214590,1.30193000
8149.224070,1.80672000
8149.233540,2.55313000
8149.243020,2.72287000
8149.252500,1.82967000
8149.261970,1.32211000
8149.271450,0.70894200
8149.280930,-0.68546800
8149.290410,-0.72527700
8149.299880,0.26994000
8149.309360,0.73796900
8149.318840,1.71439000
8149.328310,2.64298000
8149.337790,2.58410000
8149.347270,2.93215000
8149.356750,3.35539000
8149.366220,2.86746000
8149.375700,2.43758000
8149.385180,2.07377000
8149.394650,0.97488600
8149.404130,-0.33410100
8149.413610,-0.96606400
8149.423080,-0.64400100
8149.432560,0.28321000
8149.442040,1.08104000
8149.451520,1.06943000
8149.460990,0.12784600
8149.470470,-1.01085000
8149.479950,-1.70335000
8149.489420,-1.94193000
8149.498900,-1.71192000
8149.508380,-1.13995000
8149.517860,-0.52540400
8149.527330,0.15908400
8149.536810,0.95885200
8149.546290,1.72517000
8149.555760,2.34276000
8149.565240,2.70214000
8149.574720,2.52770000
8149.584200,1.78931000
8149.593670,1.31989000
8149.603150,1.38099000
8149.612630,1.10758000
8149.622100,1.33372000
8149.631580,3.22048000
8149.641060,4.51814000
8149.650540,3.50910000
8149.660010,2.16887000
8149.669490,1.71715000
8149.678970,1.45535000
8149.688440,1.18554000
8149.697920,0.87038800
8149.707400,0.71944700
8149.716870,0.96604000
8149.726350,0.76920800
8149.735830,-0.10326600
8149.745310,-0.74628700
8149.754780,-0.84415000
8149.764260,-0.56079000
8149.773740,-0.50356500
8149.783210,-1.22261000
8149.792690,-1.81697000
8149.802170,-1.77219000
8149.811650,-1.66990000
8149.821120,-0.91188000
8149.830600,0.78579500
8149.840080,1.90597000
8149.849550,1.58694000
8149.859030,0.37775600
8149.868510,-0.34847600
8149.877990,0.43940400
8149.887460,1.36744000
8149.896940,1.25714000
8149.906420,1.57450000
8149.915890,2.57691000
8149.925370,2.85529000
8149.934850,2.66095000
8149.944320,2.25374000
8149.953800,1.09680000
8149.963280,0.12895100
8149.972760,0.02417710
8149.982230,-0.03885340
8149.991710,0.06675030
8150.001190,0.68765500
8150.010660,0.85214300
8150.020140,0.48805900
8150.029620,0.68433800
8150.039100,1.45453000
8150.048570,2.16251000
8150.058050,2.45223000
8150.067530,2.09810000
8150.077000,1.55432000
8150.086480,1.27622000
8150.095960,0.89775700
8150.105440,0.46041400
8150.114910,0.33435300
8150.124390,0.38273200
8150.133870,0.59255700
8150.143340,0.82615600
8150.152820,0.74018100
8150.162300,0.52703800
8150.171770,0.42392300
8150.181250,0.67576800
8150.190730,1.25825000
8150.200210,1.23862000
8150.209680,0.71198300
8150.219160,0.66636900
8150.228640,0.49690500
8150.238110,-0.14888000
8150.247590,-0.26526500
8150.257070,-0.07949140
8150.266550,-0.42394700
8150.276020,-1.02965000
8150.285500,-1.46091000
8150.294980,-1.68511000
8150.304450,-1.82167000
8150.313930,-1.66990000
8150.323410,-0.91464500
8150.332890,-0.04189430
8150.342360,0.44935600
8150.351840,0.63678900
8150.361320,0.54279600
8150.370790,0.45930800
8150.380270,0.67549100
8150.389750,0.98428500
8150.399220,1.13882000
8150.408700,0.97848000
8150.418180,1.02603000
8150.427660,1.53580000
8150.437130,1.32929000
8150.446610,0.73299300
8150.456090,1.02603000
8150.465560,1.08408000
8150.475040,0.84136100
8150.484520,1.66103000
8150.494000,1.91315000
8150.503470,0.75096200
8150.512950,0.22405000
8150.522430,0.30173200
8150.531900,0.29233300
8150.541380,1.07413000
8150.550860,1.80755000
8150.560340,1.22922000
8150.569810,0.40429500
8150.579290,0.23870200
8150.588770,0.31942500
8150.598240,0.42641100
8150.607720,0.40623000
8150.617200,-0.05765190
8150.626670,-0.65478200
8150.636150,-0.94228900
8150.645630,-1.19552000
8150.655110,-1.57342000
8150.664580,-1.68926000
8150.674060,-1.19828000
8150.683540,-0.09386680
8150.693010,0.84412600
8150.702490,1.14739000
8150.711970,1.36026000
8150.721450,0.91268500
8150.730920,-0.33576000
8150.740400,-0.51821600
8150.749880,-0.28655200
8150.759350,-1.21874000
8150.768830,-1.50763000
8150.778310,-1.26491000
8150.787790,-2.64190000
8150.797260,-3.83975000
8150.806740,-3.04165000
8150.816220,-1.57066000
8150.825690,-0.21965100
8150.835170,0.93784200
8150.844650,2.01378000
8150.854130,3.14916000
8150.863600,3.85632000
8150.873080,4.42359000
8150.882560,4.46561000
8150.892030,3.00347000
8150.901510,1.73899000
8150.910990,1.28976000
8150.920460,0.05513940
8150.929940,-0.90192800
8150.939420,-1.05785000
8150.948900,-1.77025000
8150.958370,-1.89189000
8150.967850,-0.95915300
8150.977330,-0.33686600
8150.986800,0.40678300
8150.996280,1.14020000
8151.005760,0.84191400
8151.015240,0.32606000
8151.024710,0.97405700
8151.034190,3.35788000
8151.043670,5.49815000
8151.053140,4.18114000
8151.062620,0.72857000
8151.072100,-1.17534000
8151.081580,-1.12447000
8151.091050,-0.44606300
8151.100530,-0.27245300
8151.110010,-0.89169900
8151.119480,-1.51399000
8151.128960,-2.08126000
8151.138440,-1.84600000
8151.147910,1.02354000
8151.157390,5.38895000
8151.166870,8.28586000
8151.176350,8.58360000
8151.185820,6.39108000
8151.195300,2.75633000
8151.204780,-0.30092700
8151.214250,-1.33734000
8151.223730,-0.54724300
8151.233210,0.66360400
8151.242690,1.52806000
8151.252160,1.98420000
8151.261640,1.50899000
8151.271120,0.32301900
8151.280590,-0.65644100
8151.290070,-1.06227000
8151.299550,-0.51241100
8151.309030,0.63153600
8151.318500,1.20157000
8151.327980,1.04704000
8151.337460,0.31693700
8151.346930,-0.95860000
8151.356410,-2.07601000
8151.365890,-2.63526000
8151.375360,-2.66070000
8151.384840,-2.13185000
8151.394320,-0.90165200
8151.403800,1.34422000
8151.413270,3.41897000
8151.422750,3.73827000
8151.432230,3.18703000
8151.441700,2.70325000
8151.451180,1.98669000
8151.460660,1.46199000
8151.470140,1.16923000
8151.479610,0.88669900
8151.489090,1.03101000
8151.498570,1.05119000
8151.508040,0.79243000
8151.517520,1.08906000
8151.527000,1.36827000
8151.536480,1.17586000
8151.545950,1.15154000
8151.555430,1.11145000
8151.564910,0.88421100
8151.574380,0.77418400
8151.583860,0.71861800
8151.593340,0.71364100
8151.602810,0.56214700
8151.612290,0.27712800
8151.621770,0.42419900
8151.631250,0.75427900
8151.640720,0.82864400
8151.650200,0.69346100
8151.659680,0.04214630
8151.669150,-0.74131100
8151.678630,-0.84885000
8151.688110,-0.65340000
8151.697590,-0.49941800
8151.707060,-0.33354800
8151.716540,-0.42588200
8151.726020,-0.52485100
8151.735490,-0.51379300
8151.744970,-0.84000300
8151.754450,-0.93454900
8151.763930,-0.04438230
8151.773400,1.22286000
8151.782880,1.98697000
8151.792360,2.06935000
8151.801830,1.74867000
8151.811310,1.30555000
8151.820790,0.96400400
8151.830270,1.09742000
8151.839740,1.42829000
8151.849220,1.22016000
8151.858700,0.83592500
8151.868170,0.64914200
8151.877650,-0.00726534
8151.887130,-1.10128000
8151.896600,-1.86442000
8151.906080,-1.97115000
8151.915560,-1.28806000
8151.925040,-0.03394860
8151.934510,1.21483000
8151.943990,2.05802000
8151.953470,2.39956000
8151.962940,2.47961000
8151.972420,2.08470000
8151.981900,1.47099000
8151.991380,1.70046000
8152.000850,1.40695000
8152.010330,-0.24207800
8152.019810,-0.43419700
8152.029280,0.29158700
8152.038760,-0.09798830
8152.048240,0.20620100
8152.057720,0.32894300
8152.067190,2.73577000
8152.076670,15.07410000
8152.086150,26.51050000
8152.095620,19.47150000
8152.105100,4.99851000
8152.114580,0.62779600
8152.124050,1.30555000
8152.133530,0.65981600
8152.143010,1.27353000
8152.152490,1.91393000
8152.161960,0.95866800
8152.171440,0.07278440
8152.180920,-0.20472100
8152.190390,0.15817100
8152.199870,0.73452900
8152.209350,1.01203000
8152.218830,1.57772000
8152.228300,1.87123000
8152.237780,1.57772000
8152.247260,2.03133000
8152.256730,3.07198000
8152.266210,3.62699000
8152.275690,3.65901000
8152.285170,3.15737000
8152.294640,2.52764000
8152.304120,2.25014000
8152.313600,1.49767000
8152.323070,-0.41285100
8152.332550,-2.66492000
8152.342030,-4.01509000
8152.351500,-3.89234000
8152.360980,-2.25399000
8152.370460,0.63846900
8152.379940,3.80844000
8152.389410,6.04983000
8152.398890,6.75427000
8152.408370,5.70828000
8152.417840,3.54694000
8152.427320,1.83921000
8152.436800,1.57772000
8152.446280,3.30679000
8152.455750,7.05845000
8152.465230,11.09300000
8152.474710,13.69720000
8152.484180,14.96740000
8152.493660,15.34090000
8152.503140,15.36230000
8152.512620,15.84790000
8152.522090,16.38160000
8152.531570,16.05070000
8152.541050,15.00470000
8152.550520,13.02480000
8152.560000,9.47062000
8152.569480,4.88644000
8152.578950,0.25956700
8152.588430,-3.16656000
8152.597910,-4.19653000
8152.607390,-3.50811000
8152.616860,-1.94980000
8152.626340,0.51572600
8152.635820,2.37822000
8152.645290,2.94390000
8152.654770,3.32280000
8152.664250,3.12535000
8152.673730,2.96525000
8152.683200,3.69637000
8152.692680,3.14669000
8152.702160,1.57772000
8152.711630,0.63846900
8152.721110,-0.86646600
8152.730590,-1.57090000
8152.740070,-0.54626700
8152.749540,-0.42886000
8152.759020,-0.17803800
8152.768500,0.83592500
8152.777970,0.90530100
8152.787450,1.96729000
8152.796930,3.06131000
8152.806410,2.15408000
8152.815880,1.64176000
8152.825360,0.46236000
8152.834840,-0.26876100
8152.844310,1.88191000
8152.853790,2.34620000
8152.863270,11.40250000
8152.872740,37.74950000
8152.882220,48.41750000
8152.891700,24.80280000
8152.901180,3.22141000
8152.910650,1.20415000
8152.920130,-0.11399800
8152.929610,-2.29669000
8152.939080,-1.08527000
8152.948560,-2.61155000
8152.958040,-3.31599000
8152.967520,-1.58691000
8152.976990,-2.54217000
8152.986470,-1.49619000
8152.995950,3.20006000
8153.005420,5.37741000
8153.014900,4.55023000
8153.024380,1.60974000
8153.033860,-0.54626700
8153.043330,1.07074000
8153.052810,0.75053900
8153.062290,0.15817100
8153.071760,3.48290000
8153.081240,4.32076000
8153.090720,18.29210000
8153.100190,57.26030000
8153.109670,74.11880000
8153.119150,41.79470000
8153.128630,9.23581000
8153.138100,3.44555000
8153.147580,1.56705000
8153.157060,-0.99454500
8153.166530,0.90530100
8153.176010,0.96934100
8153.185490,2.78380000
8153.194970,8.99032000
8153.204440,10.92220000
8153.213920,6.95172000
8153.223400,2.46360000
8153.232870,0.25423000
8153.242350,0.10480400
8153.251830,-0.41285100
8153.261310,-2.02985000
8153.270780,-2.94776000
8153.280260,-2.90506000
8153.289740,-2.53684000
8153.299210,-1.69898000
8153.308690,-0.67968300
8153.318170,-0.57828700
8153.327640,-1.40547000
8153.337120,-1.92312000
8153.346600,-1.99250000
8153.356080,-1.82706000
8153.365550,-1.18666000
8153.375030,-0.62631600
8153.384510,0.07812100
8153.393980,1.42829000
8153.403460,2.17542000
8153.412940,2.18076000
8153.422420,2.39956000
8153.431890,2.30350000
8153.441370,1.72181000
8153.450850,1.27887000
8153.460320,1.14545000
8153.469800,1.01737000
8153.479280,0.45168600
8153.488760,-0.15135500
8153.498230,-0.47689000
8153.507710,-0.72771300
8153.517190,-0.28477100
8153.526660,0.53173600
8153.536140,0.87861800
8153.545620,1.58839000
8153.555090,2.27682000
8153.564570,2.02066000
8153.574050,1.86056000
8153.583530,1.57772000
8153.593000,0.82525200
8153.602480,0.94799400
8153.611960,1.40161000
8153.621430,1.37493000
8153.630910,1.34291000
8153.640390,0.55308300
8153.649870,-0.53025700
8153.659340,-0.27409800
8153.668820,0.29692400
8153.678300,0.33428000
8153.687770,0.60644900
8153.697250,0.74520200
8153.706730,0.61178600
8153.716210,0.83592500
8153.725680,0.83592500
8153.735160,0.54240900
8153.744640,0.46769600
8153.754110,-0.15135500
8153.763590,-1.20801000
8153.773070,-1.66696000
8153.782550,-1.90178000
8153.792020,-1.64028000
8153.801500,-0.51958300
8153.810980,0.28625000
8153.820450,2.39423000
8153.829930,6.91437000
8153.839410,8.62209000
8153.848880,5.69761000
8153.858360,3.23208000
8153.867840,2.22345000
8153.877320,1.05473000
8153.886790,0.73986500
8153.896270,0.68649900
8153.905750,0.30226000
8153.915220,0.70784500
8153.924700,1.26819000
8153.934180,1.86590000
8153.943660,3.08265000
8153.953130,3.59497000
8153.962610,3.41353000
8153.972090,3.38684000
8153.981560,2.97592000
8153.991040,2.47428000
8154.000520,1.94061000
8154.010000,1.16146000
8154.019470,1.28954000
8154.028950,1.55637000
8154.038430,0.88929100
8154.047900,1.00136000
8154.057380,1.57238000
8154.066860,1.07074000
8154.076330,0.86794500
8154.085810,1.06006000
8154.095290,0.11014100
8154.104770,-1.18666000
8154.114240,-1.75235000
8154.123720,-1.66163000
8154.133200,-1.16532000
8154.142670,-1.00522000
8154.152150,-1.10661000
8154.161630,-0.67434600
8154.171110,-0.26876100
8154.180580,-0.35948400
8154.190060,-0.32212800
8154.199540,0.07278440
8154.209010,0.48904300
8154.218490,0.50505300
8154.227970,0.40899300
8154.237450,0.87328100
8154.246920,1.20949000
8154.256400,0.93732100
8154.265880,0.96400400
8154.275350,1.03338000
8154.284830,0.65447900
8154.294310,0.80924200
8154.303780,1.50834000
8154.313260,2.18076000
8154.322740,3.22674000
8154.332220,4.00056000
8154.341690,3.48290000
8154.351170,2.38355000
8154.360650,1.54570000
8154.370120,0.95866800
8154.379600,0.48904300
8154.389080,0.31827000
8154.398560,0.93198500
8154.408030,1.82320000
8154.417510,1.74315000
8154.426990,0.88929100
8154.436460,-0.05529520
8154.445940,-1.22402000
8154.455420,-2.48881000
8154.464900,-3.33733000
8154.474370,-3.54013000
8154.483850,-3.04382000
8154.493330,-2.08856000
8154.502800,-0.80242600
8154.512280,0.59043900
8154.521760,1.51902000
8154.531230,2.04201000
8154.540710,2.41557000
8154.550190,2.24480000
8154.559670,1.68979000
8154.569140,1.41762000
8154.578620,1.51368000
8154.588100,1.83921000
8154.597570,2.03133000
8154.607050,1.66844000
8154.616530,0.63846900
8154.626010,-1.02123000
8154.635480,-2.29135000
8154.644960,-2.31803000
8154.654440,-2.22197000
8154.663910,-1.86976000
8154.673390,-0.07664180
8154.682870,1.19348000
8154.692350,0.87328100
8154.701820,1.10276000
8154.711300,1.56171000
8154.720780,1.40695000
8154.730250,1.74849000
8154.739730,1.68979000
8154.749210,2.11138000
8154.758690,5.39876000
8154.768160,6.69023000
8154.777640,2.21812000
8154.787120,-1.38946000
8154.796590,-0.35414700
8154.806070,0.92131100
8154.815550,1.04405000
8154.825020,1.86590000
8154.834500,2.83183000
8154.843980,2.85318000
8154.853460,1.97797000
8154.862930,0.69717200
8154.872410,-0.64232600
8154.881890,-1.95514000
8154.891360,-2.71295000
8154.900840,-2.77699000
8154.910320,-2.72362000
8154.919800,-2.11524000
8154.929270,-0.61564300
8154.938750,0.69183500
8154.948230,1.42829000
8154.957700,2.03133000
8154.967180,2.27148000
8154.976660,1.88724000
8154.986140,1.37493000
8154.995610,1.39094000
8155.005090,1.65243000
8155.014570,1.36959000
8155.024040,0.91597500
8155.033520,0.59043900
8155.043000,-0.49823700
8155.052470,-1.97115000
8155.061950,-2.69694000
8155.071430,-2.84636000
8155.080910,-2.31270000
8155.090380,-0.94651500
8155.099860,0.29158700
8155.109340,1.45498000
8155.118810,2.58635000
8155.128290,2.58101000
8155.137770,2.28749000
8155.147250,2.72510000
8155.156720,2.46360000
8155.166200,1.70580000
8155.175680,1.72181000
8155.185150,1.16680000
8155.194630,-0.48756400
8155.204110,-1.67764000
8155.213590,-2.18995000
8155.223060,-2.25399000
8155.232540,-1.44282000
8155.242020,-0.21539500
8155.251490,0.68116200
8155.260970,0.87861800
8155.270450,0.31293400
8155.279920,-0.29010800
8155.289400,-0.48756400
8155.298880,-0.83444600
8155.308360,-1.41614000
8155.317830,-1.44816000
8155.327310,-0.56761300
8155.336790,0.04610110
8155.346260,-1.52821000
8155.355740,-5.70147000
8155.365220,-11.17150000
8155.374700,-16.19870000
8155.384170,-18.45070000
8155.393650,-16.25740000
8155.403130,-11.16620000
8155.412600,-6.53398000
8155.422080,-3.59883000
8155.431560,-1.70432000
8155.441040,-0.46088000
8155.450510,0.52106300
8155.459990,1.55637000
8155.469470,1.89792000
8155.478940,1.30555000
8155.488420,0.87861800
8155.497900,0.93732100
8155.507370,0.98535100
8155.516850,1.19882000
8155.526330,1.88724000
8155.535810,2.57034000
8155.545280,2.27682000
8155.554760,1.18281000
8155.564240,0.60644900
8155.573710,0.51038900
8155.583190,0.21687400
8155.592670,0.59577600
8155.602150,1.67378000
8155.611620,2.07936000
8155.621100,1.81787000
8155.630580,1.46565000
8155.640050,1.04405000
8155.649530,0.88395500
8155.659010,0.80390500
8155.668490,0.22221000
8155.677960,-0.67968300
8155.687440,-1.44282000
8155.696920,-1.63494000
8155.706390,-1.61893000
8155.715870,-2.07255000
8155.725350,-2.17394000
8155.734820,-1.61893000
8155.744300,-1.63494000
8155.753780,-1.56023000
8155.763260,-0.60497000
8155.772730,-0.25808800
8155.782210,-0.37549400
8155.791690,0.60644900
8155.801160,1.90325000
8155.810640,2.15408000
8155.820120,1.71647000
8155.829600,1.17747000
8155.839070,0.43034000
8155.848550,-0.50891000
8155.858030,-0.99988200
8155.867500,-0.89314900
8155.876980,-0.70102900
8155.886460,-0.36482100
8155.895940,0.08879430
8155.905410,0.22221000
8155.914890,0.43034000
8155.924370,1.15612000
8155.933840,1.87657000
8155.943320,2.04201000
8155.952800,1.78585000
8155.962280,1.75916000
8155.971750,1.70046000
8155.981230,0.92131100
8155.990710,0.22754700
8156.000180,-0.16202800
8156.009660,-1.16532000
8156.019140,-1.85375000
8156.028610,-1.60826000
8156.038090,-1.48018000
8156.047570,-0.95718900
8156.057050,0.15817100
8156.066520,0.38231000
8156.076000,0.22754700
8156.085480,0.49971600
8156.094950,0.17951700
8156.104430,-0.33813700
8156.113910,-0.30611800
8156.123390,-0.86646600
8156.132860,-2.01918000
8156.142340,-2.29135000
8156.151820,-1.61893000
8156.161290,-0.90382200
8156.170770,-0.60497000
8156.180250,-0.71703900
8156.189730,-0.96786200
8156.199200,-0.80242600
8156.208680,0.03542780
8156.218160,0.63313200
8156.227630,0.47837000
8156.237110,0.79856800
8156.246590,1.62575000
8156.256060,1.78585000
8156.265540,1.82854000
8156.275020,1.96196000
8156.284500,1.50301000
8156.293970,1.36959000
8156.303450,1.88191000
8156.312930,2.06869000
8156.322400,1.94595000
8156.331880,1.80719000
8156.341360,1.59907000
8156.350840,0.70784500
8156.360310,-0.63699000
8156.369790,-0.80242600
8156.379270,-0.66367300
8156.388740,-0.73304900
8156.398220,0.53173600
8156.407700,0.52639900
8156.417180,-0.73838600
8156.426650,0.39298300
8156.436130,0.44101300
8156.445610,-0.61030700
8156.455080,1.10276000
8156.464560,0.87861800
8156.474040,0.12081400
8156.483510,2.11138000
8156.492990,1.32690000
8156.502470,3.25343000
8156.511950,7.28259000
8156.521420,8.92095000
8156.530900,39.06770000
8156.540380,91.49490000
8156.549850,91.90580000
8156.559330,39.66540000
8156.568810,8.62743000
8156.578290,6.18858000
8156.587760,2.01532000
8156.597240,-0.17803800
8156.606720,0.80390500
8156.616190,-0.81843600
8156.625670,-0.82377200
8156.635150,-0.88247500
8156.644630,-2.25933000
8156.654100,-2.41409000
8156.663580,-3.10252000
8156.673060,-3.10252000
8156.682530,-1.77903000
8156.692010,-1.34676000
8156.701490,-0.30611800
8156.710960,0.34495300
8156.720440,-0.85579200
8156.729920,-1.18133000
8156.739400,-1.33075000
8156.748870,-1.81105000
8156.758350,-0.36482100
8156.767830,1.14011000
8156.777300,1.55637000
8156.786780,2.28749000
8156.796260,2.06869000
8156.805740,0.95333100
8156.815210,0.77722200
8156.824690,0.79856800
8156.834170,0.15283400
8156.843640,-0.52492000
8156.853120,-0.53559300
8156.862600,0.28625000
8156.872080,1.12410000
8156.881550,1.35892000
8156.891030,1.19348000
8156.900510,0.83058800
8156.909980,0.50505300
8156.919460,-0.02327530
8156.928940,-0.77574300
8156.938420,-0.81309900
8156.947890,-0.13534500
8156.957370,0.49971600
8156.966850,1.15612000
8156.976320,1.73782000
8156.985800,1.87123000
8156.995280,1.70046000
8157.004750,1.27887000
8157.014230,0.41966600
8157.023710,-0.47689000
8157.033190,-0.42886000
8157.042660,0.79323200
8157.052140,2.10071000
8157.061620,2.97592000
8157.071090,3.84046000
8157.080570,4.79572000
8157.090050,5.89507000
8157.099530,6.67955000
8157.109000,6.76494000
8157.118480,7.22923000
8157.127960,7.69352000
8157.137430,6.92504000
8157.146910,6.18325000
8157.156390,5.45746000
8157.165870,3.86714000
8157.175340,3.09866000
8157.184820,2.81582000
8157.194300,3.06131000
8157.203770,6.85033000
8157.213250,9.87087000
8157.222730,6.16190000
8157.232200,1.54570000
8157.241680,1.56705000
8157.251160,2.67173000
8157.260640,2.59702000
8157.270110,2.13273000
8157.279590,1.49767000
8157.289070,1.01203000
8157.298540,0.41966600
8157.308020,-0.04462190
8157.317500,0.27557700
8157.326980,0.60111200
8157.336450,0.48904300
8157.345930,0.05143780
8157.355410,-0.42886000
8157.364880,-0.02861190
8157.374360,0.90530100
8157.383840,1.85522000
8157.393320,2.93323000
8157.402790,3.44555000
8157.412270,3.76574000
8157.421750,3.71238000
8157.431220,3.39218000
8157.440700,7.42135000
8157.450180,13.62790000
8157.459650,11.51460000
8157.469130,3.39218000
8157.478610,-0.23674100
8157.488090,-0.45020700
8157.497560,-0.96786200
8157.507040,-0.31679100
8157.516520,0.28625000
8157.525990,0.11547800
8157.535470,1.43897000
8157.544950,3.02395000
8157.554430,2.40490000
8157.563900,0.62779600
8157.573380,-0.64232600
8157.582860,-1.12262000
8157.592330,-0.79175200
8157.601810,-0.01793860
8157.611290,0.39832000
8157.620770,0.46236000
8157.630240,0.52106300
8157.639720,0.12615100
8157.649200,-0.48222700
8157.658670,-0.50357400
8157.668150,-0.46621700
8157.677630,-0.49823700
8157.687100,0.12615100
8157.696580,0.77722200
8157.706060,0.91597500
8157.715540,0.92664800
8157.725010,0.54774600
8157.734490,-0.08197840
8157.743970,-0.37015700
8157.753440,-0.75439600
8157.762920,-1.06392000
8157.772400,-0.46088000
8157.781880,0.53173600
8157.791350,1.00670000
8157.800830,1.11877000
8157.810310,1.34291000
8157.819780,1.89792000
8157.829260,2.23413000
8157.838740,1.67912000
8157.848220,0.97467800
8157.857690,0.87861800
8157.867170,0.80390500
8157.876650,0.98001400
8157.886120,1.99398000
8157.895600,2.58101000
8157.905080,2.06869000
8157.914560,1.49233000
8157.924030,0.64914200
8157.933510,-0.80776200
8157.942990,-1.45350000
8157.952460,-1.24537000
8157.961940,-1.80038000
8157.971420,-2.75030000
8157.980890,-2.88372000
8157.990370,-2.93175000
8157.999850,-3.39070000
8158.009330,-2.96377000
8158.018800,-1.65629000
8158.028280,-1.04791000
8158.037760,-0.72237600
8158.047230,0.33961700
8158.056710,0.80924200
8158.066190,0.08345770
8158.075670,-0.25808800
8158.085140,-0.24741400
8158.094620,-0.80776200
8158.104100,-0.90915900
8158.113570,0.10480400
8158.123050,1.16680000
8158.132530,1.80719000
8158.142010,2.25547000
8158.151480,2.38355000
8158.160960,2.03667000
8158.170440,0.94265800
8158.179910,-0.61030700
8158.189390,-1.33075000
8158.198870,-1.05858000
8158.208340,-0.98387200
8158.217820,-0.97319800
8158.227300,-0.25808800
8158.236780,0.43567600
8158.246250,0.54774600
8158.255730,0.88395500
8158.265210,1.55637000
8158.274680,1.52969000
8158.284160,0.49971600
8158.293640,-0.66901000
8158.303120,-1.00522000
8158.312590,-0.57828700
8158.322070,-0.37015700
8158.331550,-0.41818700
8158.341020,-0.06063180
8158.350500,0.01408120
8158.359980,-0.51424700
8158.369460,-0.50891000
8158.378930,-0.10332500
8158.388410,0.29692400
8158.397890,1.55104000
8158.407360,2.95991000
8158.416840,3.24809000
8158.426320,3.05597000
8158.435790,2.60236000
8158.445270,1.56171000
8158.454750,0.78255800
8158.464230,0.46769600
8158.473700,0.14749700
8158.483180,0.03009120
8158.492660,0.06744770
8158.502130,0.22221000
8158.511610,0.69717200
8158.521090,0.98535100
8158.530570,0.96400400
8158.540040,1.24151000
8158.549520,1.51902000
8158.559000,1.17213000
8158.568470,0.64380600
8158.577950,0.53707300
8158.587430,0.64914200
8158.596910,0.76121200
8158.606380,0.93198500
8158.615860,0.73986500
8158.625340,0.27024000
8158.634810,0.47837000
8158.644290,1.08141000
8158.653770,1.14545000
8158.663240,0.86794500
8158.672720,0.28091400
8158.682200,-0.58362300
8158.691680,-1.14397000
8158.701150,-1.82706000
8158.710630,-2.46746000
8158.720110,-1.93913000
8158.729580,-0.96252500
8158.739060,-0.11399800
8158.748540,1.24685000
8158.758020,2.00999000
8158.767490,1.83921000
8158.776970,2.23413000
8158.786450,2.35153000
8158.795920,1.62041000
8158.805400,1.58839000
8158.814880,1.54570000
8158.824360,0.65447900
8158.833830,0.15283400
8158.843310,-0.06596850
8158.852790,-0.15135500
8158.862260,0.31827000
8158.871740,-0.04995850
8158.881220,-0.75439600
8158.890700,0.02475450
8158.900170,0.66515200
8158.909650,0.21687400
8158.919130,0.25423000
8158.928600,0.38764700
8158.938080,-0.11933500
8158.947560,-0.54626700
8158.957030,-0.59963300
8158.966510,0.14749700
8158.975990,1.19882000
8158.985470,1.00136000
8158.994940,0.28625000
8159.004420,0.08879430
8159.013900,-0.56761300
8159.023370,-1.65095000
8159.032850,-2.29669000
8159.042330,-2.73429000
8159.051810,-2.72362000
8159.061280,-1.87509000
8159.070760,-0.77040600
8159.080240,0.16884400
8159.089710,0.81457800
8159.099190,0.94799400
8159.108670,0.69717200
8159.118150,-0.01260200
8159.127620,-1.17599000
8159.137100,-1.76836000
8159.146580,-1.57624000
8159.156050,-1.83774000
8159.165530,-2.41409000
8159.175010,-2.39808000
8159.184480,-2.40342000
8159.193960,-2.62222000
8159.203440,-2.49948000
8159.212920,-2.35539000
8159.222390,-1.84841000
8159.231870,-0.62098000
8159.241350,0.49971600
8159.250820,1.36425000
8159.260300,1.66844000
8159.269780,0.86794500
8159.279260,0.29158700
8159.288730,0.17418100
8159.298210,-0.58362300
8159.307690,-0.81309900
8159.317160,-0.39684100
8159.326640,-0.94117900
8159.336120,-1.49085000
8159.345600,-1.23469000
8159.355070,-1.15464000
8159.364550,-1.06392000
8159.374030,-0.65833600
8159.383500,0.03009120
8159.392980,1.42829000
8159.402460,2.84250000
8159.411930,3.71771000
8159.421410,4.35278000
8159.430890,4.42749000
8159.440370,4.13397000
8159.449840,3.82978000
8159.459320,2.92789000
8159.468800,1.76984000
8159.478270,0.91597500
8159.487750,-0.14068200
8159.497230,-1.02656000
8159.506710,-0.94651500
8159.516180,-0.21539500
8159.525660,0.41966600
8159.535140,0.24889400
8159.544610,-0.71170300
8159.554090,-1.57090000
8159.563570,-2.06187000
8159.573050,-2.37674000
8159.582520,-1.79504000
8159.592000,0.01408120
8159.601480,1.33223000
8159.610950,1.04939000
8159.620430,0.70784500
8159.629910,0.78255800
8159.639380,0.18485400
8159.648860,-0.24741400
8159.658340,-0.10866200
8159.667820,-0.49290000
8159.677290,-0.46088000
8159.686770,0.27024000
8159.696250,0.29692400
8159.705720,0.48370600
8159.715200,0.96400400
8159.724680,0.05143780
8159.734160,-0.89848500
8159.743630,-0.51424700
8159.753110,-0.38083100
8159.762590,-0.71170300
8159.772060,-0.64766300
8159.781540,-0.57828700
8159.791020,-0.55694000
8159.800500,-0.50357400
8159.809970,-0.60497000
8159.819450,-0.72771300
8159.828930,-1.20267000
8159.838400,-1.92846000
8159.847880,-1.82173000
8159.857360,-1.18133000
8159.866830,-0.94651500
8159.876310,-0.54093000
8159.885790,0.08879430
8159.895270,0.15817100
8159.904740,0.33428000
8159.914220,0.90530100
8159.923700,0.94799400
8159.933170,1.03872000
8159.942650,1.48166000
8159.952130,1.12410000
8159.961610,0.49971600
8159.971080,0.24355700
8159.980560,-0.49290000
8159.990040,-1.15464000
8159.999510,-1.08527000
8160.008990,-1.11729000
8160.018470,-0.93584200
8160.027950,-0.02327530
8160.037420,0.69183500
8160.046900,0.73986500
8160.056380,0.73986500
8160.065850,0.70784500
8160.075330,-0.19938500
8160.084810,-1.02656000
8160.094290,-0.45020700
8160.103760,-0.48756400
8160.113240,0.44635000
8160.122720,7.42135000
8160.132190,13.61190000
8160.141670,9.40124000
8160.151150,2.35687000
8160.160620,1.39094000
8160.170100,2.04734000
8160.179580,1.39627000
8160.189060,1.68979000
8160.198530,2.05268000
8160.208010,1.72181000
8160.217490,1.76450000
8160.226960,2.03133000
8160.236440,2.05802000
8160.245920,1.75383000
8160.255400,1.35892000
8160.264870,1.10276000
8160.274350,0.72919200
8160.283830,0.39298300
8160.293300,0.34495300
8160.302780,0.40899300
8160.312260,0.60644900
8160.321740,0.54774600
8160.331210,0.12615100
8160.340690,-0.24207800
8160.350170,-0.94651500
8160.359640,-1.71499000
8160.369120,-1.74701000
8160.378600,-1.83774000
8160.388070,-1.86976000
8160.397550,-0.87713900
8160.407030,-0.21539500
8160.416510,-0.54626700
8160.425980,-0.56761300
8160.435460,-0.56761300
8160.444940,-1.04791000
8160.454410,-1.25070000
8160.463890,-1.14931000
8160.473370,-0.65300000
8160.482850,0.22221000
8160.492320,0.38231000
8160.501800,0.29692400
8160.511280,0.89996500
8160.520750,1.12944000
8160.530230,1.02271000
8160.539710,1.24685000
8160.549190,0.66515200
8160.558660,-0.32746400
8160.568140,-0.31145400
8160.577620,-0.37015700
8160.587090,-1.37878000
8160.596570,-2.18462000
8160.606050,-2.17394000
8160.615520,-1.69898000
8160.625000,-1.11195000
8160.634480,-0.34347400
8160.643960,0.63313200
8160.653430,1.12944000
8160.662910,1.06006000
8160.672390,1.00136000
8160.681860,0.56909300
8160.691340,-0.39150400
8160.700820,-1.09594000
8160.710300,-1.68831000
8160.719770,-2.46212000
8160.729250,-2.35539000
8160.738730,-1.04791000
8160.748200,0.19019100
8160.757680,1.14011000
8160.767160,2.43692000
8160.776640,3.38684000
8160.786110,3.53627000
8160.795590,3.49358000
8160.805070,3.11467000
8160.814540,2.05802000
8160.824020,0.91597500
8160.833500,0.52106300
8160.842970,0.96934100
8160.852450,1.42829000
8160.861930,1.74849000
8160.871410,2.38355000
8160.880880,2.49029000
8160.890360,1.99931000
8160.899840,1.87657000
8160.909310,1.47632000
8160.918790,0.96934100
8160.928270,1.77517000
8160.937750,3.29612000
8160.947220,4.87577000
8160.956700,5.82569000
8160.966180,4.21936000
8160.975650,1.52969000
8160.985130,0.59577600
8160.994610,0.21153700
8161.004090,-0.14601800
8161.013560,0.70784500
8161.023040,1.24151000
8161.032520,0.93198500
8161.041990,1.28420000
8161.051470,1.40695000
8161.060950,0.88929100
8161.070430,0.99068800
8161.079900,0.96934100
8161.089380,0.20086400
8161.098860,-0.69569300
8161.108330,-1.50153000
8161.117810,-0.99988200
8161.127290,0.87328100
8161.136760,1.87123000
8161.146240,1.94595000
8161.155720,2.31951000
8161.165200,2.50630000
8161.174670,2.18076000
8161.184150,1.87123000
8161.193630,1.89792000
8161.203100,1.86056000
8161.212580,1.17213000
8161.222060,0.06744770
8161.231540,-0.96252500
8161.241010,-1.50686000
8161.250490,-2.04053000
8161.259970,-2.93708000
8161.269440,-2.77699000
8161.278920,-2.05120000
8161.288400,-1.75769000
8161.297880,-0.62098000
8161.307350,-0.36482100
8161.316830,-0.90382200
8161.326310,0.35562700
8161.335780,0.13682400
8161.345260,-0.76506900
8161.354740,0.24355700
8161.364210,-0.95718900
8161.373690,-0.93050500
8161.383170,1.31089000
8161.392650,0.30759700
8161.402120,2.11672000
8161.411600,3.60564000
8161.421080,0.25956700
8161.430550,3.28545000
8161.440030,4.08061000
8161.449510,0.41433000
8161.458990,7.13317000
8161.468460,6.97307000
8161.477940,1.28954000
8161.487420,6.48743000
8161.496890,0.98001400
8161.506370,-0.12467200
8161.515850,11.06630000
8161.525330,1.03872000
8161.534800,10.73540000
8161.544280,32.55160000
8161.553760,46.27750000
8161.563230,231.47000000
8161.572710,520.14000000
8161.582190,490.53700000
8161.591660,191.26400000
8161.601140,39.06770000
8161.610620,34.25400000
8161.620100,12.96080000
8161.629570,9.57735000
8161.639050,14.03880000
8161.648530,-1.54422000
8161.658000,0.75587500
8161.667480,2.69841000
8161.676960,-4.42067000
8161.686440,1.24151000
8161.695910,1.60440000
8161.705390,-0.54093000
8161.714870,5.76165000
8161.724340,3.40819000
8161.733820,-0.73838600
8161.743300,1.14545000
8161.752780,-0.76506900
8161.762250,-1.35744000
8161.771730,0.32360700
8161.781210,-0.03394860
8161.790680,2.17542000
8161.800160,4.24604000
8161.809640,3.84579000
8161.819110,3.08799000
8161.828590,-0.14068200
8161.838070,-2.81968000
8161.847550,-2.27000000
8161.857020,-1.76302000
8161.866500,-0.53559300
8161.875980,1.61508000
8161.885450,2.43692000
8161.894930,3.39752000
8161.904410,5.26001000
8161.913890,6.47142000
8161.923360,6.78629000
8161.932840,6.79162000
8161.942320,6.47676000
8161.951790,5.48948000
8161.961270,4.28874000
8161.970750,2.73577000
8161.980230,0.53173600
8161.989700,-0.67434600
8161.999180,-0.70636600
8162.008660,-0.75439600
8162.018130,-0.08731510
8162.027610,1.10276000
8162.037090,1.69513000
8162.046570,1.82320000
8162.056040,1.46031000
8162.065520,1.30555000
8162.075000,1.92460000
8162.084470,2.14340000
8162.093950,2.15941000
8162.103430,2.58101000
8162.112900,2.23946000
8162.122380,1.40161000
8162.131860,1.32690000
8162.141340,1.38026000
8162.150810,0.91063800
8162.160290,0.38231000
8162.169770,-0.01793860
8162.179240,-0.26342400
8162.188720,-0.04462190
8162.198200,0.53707300
8162.207680,1.06006000
8162.217150,1.57238000
8162.226630,1.90859000
8162.236110,1.51368000
8162.245580,0.80390500
8162.255060,0.48904300
8162.264540,0.37697300
8162.274020,0.42500300
8162.283490,0.85727100
8162.292970,1.10276000
8162.302450,0.82525200
8162.311920,0.59577600
8162.321400,0.52639900
8162.330880,0.38231000
8162.340350,0.38231000
8162.349830,0.34495300
8162.359310,-0.16202800
8162.368790,-0.43953400
8162.378260,0.21153700
8162.387740,0.88395500
8162.397220,0.69183500
8162.406690,0.31293400
8162.416170,0.26490400
8162.425650,-0.12467200
8162.435130,-0.78641600
8162.444600,-0.83444600
8162.454080,-0.26342400
8162.463560,0.43034000
8162.473030,0.96400400
8162.482510,1.37493000
8162.491990,2.31418000
8162.501470,3.50958000
8162.510940,3.65367000
8162.520420,3.18939000
8162.529900,2.96525000
8162.539370,2.19143000
8162.548850,1.15079000
8162.558330,1.04405000
8162.567800,1.25752000
8162.577280,1.02271000
8162.586760,0.60111200
8162.596240,0.35029000
8162.605710,0.89462800
8162.615190,1.73782000
8162.624670,1.71114000
8162.634140,1.73248000
8162.643620,2.21278000
8162.653100,1.97797000
8162.662580,1.74315000
8162.672050,1.73782000
8162.681530,0.91597500
8162.691010,0.81457800
8162.700480,1.33757000
8162.709960,0.80390500
8162.719440,1.84989000
8162.728920,4.12864000
8162.738390,2.77313000
8162.747870,-0.35414700
8162.757350,-1.24003000
8162.766820,-1.39479000
8162.776300,-1.40547000
8162.785780,-0.77040600
8162.795250,-0.66901000
8162.804730,-0.64766300
8162.814210,-0.20472100
8162.823690,0.11014100
8162.833160,0.41966600
8162.842640,0.51572600
8162.852120,0.89996500
8162.861590,1.86590000
8162.871070,2.07936000
8162.880550,2.95991000
8162.890030,5.35073000
8162.899500,4.95048000
8162.908980,1.19348000
8162.918460,-1.50686000
8162.927930,-2.45145000
8162.937410,-2.63823000
8162.946890,-1.57090000
8162.956370,-0.04462190
8162.965840,1.00136000
8162.975320,1.48166000
8162.984800,1.09742000
8162.994270,-0.02861190
8163.003750,-1.47484000
8163.013230,-2.49948000
8163.022710,-2.36606000
8163.032180,-1.76302000
8163.041660,-1.13863000
8163.051140,-0.26876100
8163.060610,-0.34347400
8163.070090,-1.79504000
8163.079570,-2.99045000
8163.089040,-3.13454000
8163.098520,-2.31803000
8163.108000,-0.79175200
8163.117480,0.38231000
8163.126950,0.62779600
8163.136430,0.17418100
8163.145910,-0.71170300
8163.155380,-1.38946000
8163.164860,-1.30407000
8163.174340,-0.65833600
8163.183820,-0.46621700
8163.193290,-1.32008000
8163.202770,-1.86442000
8163.212250,-1.43749000
8163.221720,-1.25070000
8163.231200,-0.75973300
8163.240680,0.48370600
8163.250160,0.71851900
8163.259630,0.31293400
8163.269110,0.53173600
8163.278590,0.35562700
8163.288060,0.01408120
8163.297540,0.86260800
8163.307020,1.85522000
8163.316490,1.88724000
8163.325970,1.98864000
8163.335450,2.68240000
8163.344930,2.74111000
8163.354400,2.12739000
8163.363880,1.99931000
8163.373360,1.77517000
8163.382830,1.36959000
8163.392310,1.84989000
8163.401790,1.87123000
8163.411270,1.19348000
8163.420740,1.74315000
8163.430220,2.34620000
8163.439700,2.18076000
8163.449170,2.72510000
8163.458650,3.95786000
8163.468130,6.95172000
8163.477610,10.99160000
8163.487080,10.30850000
8163.496560,5.07322000
8163.506040,1.63642000
8163.515510,0.76121200
8163.524990,0.13148700
8163.534470,-0.16202800
8163.543940,0.18485400
8163.553420,0.83058800
8163.562900,1.15079000
8163.572380,1.37493000
8163.581850,1.69513000
8163.591330,2.26081000
8163.600810,6.80763000
8163.610280,14.19360000
8163.619760,13.97480000
8163.629240,5.96978000
8163.638720,1.06540000
8163.648190,0.20620100
8163.657670,-0.80242600
8163.667150,-0.87713900
8163.676620,-0.49823700
8163.686100,-0.70102900
8163.695580,-0.62631600
8163.705060,-1.34676000
8163.714530,-2.60621000
8163.724010,-2.82502000
8163.733490,-2.91040000
8163.742960,-3.14521000
8163.752440,-2.34472000
8163.761920,-0.87180200
8163.771390,-0.08731510
8163.780870,0.11547800
8163.790350,0.62779600
8163.799830,0.61712200
8163.809300,0.08345770
8163.818780,0.35029000
8163.828260,0.40899300
8163.837730,0.17418100
8163.847210,0.43567600
8163.856690,0.22221000
8163.866170,0.72919200
8163.875640,1.47099000
8163.885120,0.86794500
8163.894600,1.37493000
8163.904070,0.75053900
8163.913550,-1.42681000
8163.923030,0.22754700
8163.932510,0.78789500
8163.941980,-0.43419700
8163.951460,2.46360000
8163.960940,1.95662000
8163.970410,0.55308300
8163.979890,3.67502000
8163.989370,0.57442900
8163.998850,1.34291000
8164.008320,7.82160000
8164.017800,9.20912000
8164.027280,54.42650000
8164.036750,138.46300000
8164.046230,140.00500000
8164.055710,56.09160000
8164.065180,9.15042000
8164.074660,8.02973000
8164.084140,0.72385500
8164.093620,-1.44282000
8164.103090,2.54899000
8164.112570,-0.68502000
8164.122050,0.52106300
8164.131520,3.08265000
8164.141000,0.78255800
8164.150480,2.84784000
8164.159960,4.04325000
8164.169430,0.79323200
8164.178910,1.78585000
8164.188390,2.02066000
8164.197860,-0.13534500
8164.207340,2.74111000
8164.216820,3.30679000
8164.226300,1.54036000
8164.235770,5.11592000
8164.245250,4.43283000
8164.254730,2.34620000
8164.264200,6.01781000
8164.273680,2.47428000
8164.283160,-0.17803800
8164.292630,3.32814000
8164.302110,-3.12920000
8164.311590,-2.36606000
8164.321070,4.18200000
8164.330540,-3.71623000
8164.340020,4.59292000
8164.349500,9.74813000
8164.358970,5.80434000
8164.368450,109.53300000
8164.377930,248.57400000
8164.387410,193.89400000
8164.396880,40.20970000
8164.406360,-0.03928520
8164.415840,10.54330000
8164.425310,-2.29669000
8164.434790,1.78585000
8164.444270,5.03053000
8164.453750,-1.49619000
8164.463220,4.13397000
8164.472700,3.43487000
8164.482180,-1.21868000
8164.491650,2.21278000
8164.501130,0.40899300
8164.510610,-0.26342400
8164.520080,3.46156000
8164.529560,1.57238000
8164.539040,1.82854000
8164.548520,4.03791000
8164.557990,1.72181000
8164.567470,1.27353000
8164.576950,1.45498000
8164.586420,-0.28477100
8164.595900,0.33428000
8164.605380,0.71851900
8164.614860,-0.14068200
8164.624330,0.46236000
8164.633810,0.39832000
8164.643290,-0.59963300
8164.652760,-0.38083100
8164.662240,0.60111200
8164.671720,1.18281000
8164.681200,1.38026000
8164.690670,2.21278000
8164.700150,3.10400000
8164.709630,2.71442000
8164.719100,2.26615000
8164.728580,2.63971000
8164.738060,2.83183000
8164.747530,2.67173000
8164.757010,2.95457000
8164.766490,3.66435000
8164.775970,3.57363000
8164.785440,2.76779000
8164.794920,2.15408000
8164.804400,0.84126200
8164.813870,-0.53559300
8164.823350,-0.24207800
8164.832830,0.19552700
8164.842310,-0.34881100
8164.851780,-0.91983200
8164.861260,-1.54956000
8164.870740,-1.40547000
8164.880210,0.39832000
8164.889690,1.77517000
8164.899170,1.12944000
8164.908650,0.09413100
8164.918120,0.46236000
8164.927600,1.42829000
8164.937080,1.56705000
8164.946550,1.34291000
8164.956030,1.24151000
8164.965510,1.04405000
8164.974980,1.24151000
8164.984460,1.67912000
8164.993940,1.68979000
8165.003420,1.39094000
8165.012890,0.60111200
8165.022370,-0.37549400
8165.031850,-0.59429700
8165.041320,-0.45020700
8165.050800,-0.31145400
8165.060280,0.01408120
8165.069760,0.20620100
8165.079230,0.84659800
8165.088710,2.26081000
8165.098190,3.21073000
8165.107660,3.52026000
8165.117140,3.55762000
8165.126620,2.85851000
8165.136100,2.05268000
8165.145570,1.68445000
8165.155050,1.25218000
8165.164530,1.11343000
8165.174000,1.10276000
8165.183480,0.25423000
8165.192960,-0.61564300
8165.202440,-0.49823700
8165.211910,0.29692400
8165.221390,1.46031000
8165.230870,2.06335000
8165.240340,1.48700000
8165.249820,0.71318200
8165.259300,0.21153700
8165.268770,0.07812100
8165.278250,0.81991500
8165.287730,1.31089000
8165.297210,0.83592500
8165.306680,0.79323200
8165.316160,0.98001400
8165.325640,0.13148700
8165.335110,-0.88781200
8165.344590,-0.93584200
8165.354070,-0.14068200
8165.363550,0.57442900
8165.373020,0.11014100
8165.382500,-0.61030700
8165.391980,-0.23140500
8165.401450,0.14216100
8165.410930,0.18485400
8165.420410,1.10809000
8165.429890,1.90325000
8165.439360,1.48166000
8165.448840,1.12944000
8165.458320,1.22550000
8165.467790,1.07607000
8165.477270,0.94265800
8165.486750,0.88929100
8165.496220,0.69717200
8165.505700,0.56375600
8165.515180,0.11014100
8165.524660,-0.87713900
8165.534130,-1.46417000
8165.543610,-1.17599000
8165.553090,-0.45554400
8165.562560,-0.03928520
8165.572040,-0.26342400
8165.581520,-0.38083100
8165.591000,-0.25275100
8165.600470,-0.64232600
8165.609950,-0.70102900
8165.619430,0.11014100
8165.628900,0.27557700
8165.638380,-0.30078100
8165.647860,-0.64232600
8165.657340,-0.56761300
8165.666810,0.45168600
8165.676290,1.65777000
8165.685770,1.99931000
8165.695240,2.46360000
8165.704720,2.69841000
8165.714200,2.35153000
8165.723670,2.66106000
8165.733150,2.44226000
8165.742630,2.01532000
8165.752110,3.00260000
8165.761580,3.45088000
8165.771060,7.70953000
8165.780540,19.33270000
8165.790010,23.18580000
8165.799490,11.32240000
8165.808970,0.87328100
8165.818450,0.29158700
8165.827920,1.15079000
8165.837400,1.64710000
8165.846880,3.07198000
8165.856350,3.13068000
8165.865830,2.69308000
8165.875310,2.39956000
8165.884790,1.22550000
8165.894260,0.35029000
8165.903740,0.15817100
8165.913220,0.29692400
8165.922690,1.43897000
8165.932170,2.99727000
8165.941650,4.20335000
8165.951120,5.21731000
8165.960600,5.71362000
8165.970080,5.45746000
8165.979560,4.87043000
8165.989030,4.55557000
8165.998510,4.39547000
8166.007990,3.46156000
8166.017460,2.26081000
8166.026940,1.71647000
8166.036420,0.91063800
8166.045900,-0.20472100
8166.055370,-0.95185200
8166.064850,-2.12591000
8166.074330,-3.05449000
8166.083800,-2.40342000
8166.093280,-1.62961000
8166.102760,-1.43215000
8166.112240,-0.79708900
8166.121710,-0.50891000
8166.131190,-1.02656000
8166.140670,-1.19200000
8166.150140,-1.05858000
8166.159620,-0.89314900
8166.169100,-0.35414700
8166.178580,0.14749700
8166.188050,0.46236000
8166.197530,0.60644900
8166.207010,0.06744770
8166.216480,-0.34347400
8166.225960,0.17418100
8166.235440,0.50505300
8166.244910,0.35562700
8166.254390,0.64380600
8166.263870,1.11343000
8166.273350,1.21483000
8166.282820,1.06540000
8166.292300,0.89462800
8166.301780,0.98001400
8166.311250,1.02804000
8166.320730,0.67582500
8166.330210,0.29692400
8166.339690,-0.22073100
8166.349160,-1.20801000
8166.358640,-2.01384000
8166.368120,-2.22197000
8166.377590,-1.96581000
8166.387070,-1.39479000
8166.396550,-1.03190000
8166.406030,-1.06926000
8166.415500,-1.14931000
8166.424980,-1.30407000
8166.434460,-1.27739000
8166.443930,-0.83978200
8166.453410,-0.64232600
8166.462890,-0.44487000
8166.472360,0.41433000
8166.481840,0.75587500
8166.491320,-0.06063180
8166.500800,-0.71170300
8166.510270,-0.85579200
8166.519750,-0.92516900
8166.529230,-0.45554400
8166.538700,0.49971600
8166.548180,1.45498000
8166.557660,2.31418000
8166.567140,2.61837000
8166.576610,2.89587000
8166.586090,4.17667000
8166.595570,4.86509000
8166.605040,3.36550000
8166.614520,1.49767000
8166.624000,0.98001400
8166.633480,1.23084000
8166.642950,1.75916000
8166.652430,2.63437000
8166.661910,3.24275000
8166.671380,2.90121000
8166.680860,2.46360000
8166.690340,2.93323000
8166.699810,3.15203000
8166.709290,2.75712000
8166.718770,3.00794000
8166.728250,2.68774000
8166.737720,1.02804000
8166.747200,0.40899300
8166.756680,0.58510200
8166.766150,0.23822000
8166.775630,0.88395500
8166.785110,1.73248000
8166.794590,1.14545000
8166.804060,0.95333100
8166.813540,1.16680000
8166.823020,0.62245900
8166.832490,0.78789500
8166.841970,0.94265800
8166.851450,-0.33280100
8166.860930,-0.79708900
8166.870400,0.06744770
8166.879880,0.25956700
8166.889360,0.00340795
8166.898830,-0.03394860
8166.908310,-0.07664180
8166.917790,-0.13534500
8166.927260,-0.33813700
8166.936740,-0.25275100
8166.946220,0.20620100
8166.955700,-0.13000800
8166.965170,-1.02123000
8166.974650,-1.22402000
8166.984130,-0.82377200
8166.993600,-0.16202800
8167.003080,0.36096300
8167.012560,0.20086400
8167.022040,-0.08197840
8167.031510,-0.16202800
8167.040990,-0.54626700
8167.050470,-1.06392000
8167.059940,-1.54956000
8167.069420,-2.02452000
8167.078900,-1.87509000
8167.088380,-1.03724000
8167.097850,-0.07664180
8167.107330,0.72385500
8167.116810,0.79856800
8167.126280,0.18485400
8167.135760,0.01408120
8167.145240,0.09413100
8167.154720,-0.47689000
8167.164190,-0.65833600
8167.173670,0.16350700
8167.183150,0.43567600
8167.192620,-0.11933500
8167.202100,-0.47155400
8167.211580,-0.87713900
8167.221050,-1.44282000
8167.230530,-1.71499000
8167.240010,-2.12591000
8167.249490,-2.56886000
8167.258960,-2.72896000
8167.268440,-3.18257000
8167.277920,-3.49743000
8167.287390,-3.26262000
8167.296870,-3.02781000
8167.306350,-2.05120000
8167.315830,-0.43419700
8167.325300,0.04610110
8167.334780,0.17418100
8167.344260,1.14545000
8167.353730,1.59373000
8167.363210,1.59907000
8167.372690,2.29283000
8167.382170,2.42625000
8167.391640,1.23084000
8167.401120,0.24889400
8167.410600,0.62245900
8167.420070,1.49767000
8167.429550,1.59907000
8167.439030,1.27353000
8167.448500,1.44430000
8167.457980,1.68445000
8167.467460,1.39094000
8167.476940,0.63846900
8167.486410,-0.29544400
8167.495890,-1.10128000
8167.505370,-2.00851000
8167.514840,-2.73963000
8167.524320,-2.01918000
8167.533800,-0.31145400
8167.543280,0.62245900
8167.552750,0.59577600
8167.562230,0.19019100
8167.571710,-0.19404800
8167.581180,-0.13000800
8167.590660,-0.09798830
8167.600140,-0.52492000
8167.609620,-0.88781200
8167.619090,-0.88247500
8167.628570,-0.59963300
8167.638050,-0.09265170
8167.647520,0.70784500
8167.657000,1.89792000
8167.666480,2.60769000
8167.675950,2.17542000
8167.685430,1.73782000
8167.694910,1.83921000
8167.704390,1.48166000
8167.713860,0.48370600
8167.723340,-0.59963300
8167.732820,-1.35210000
8167.742290,-1.47484000
8167.751770,-1.38412000
8167.761250,-1.29340000
8167.770730,-0.71170300
8167.780200,0.12615100
8167.789680,1.27353000
8167.799160,3.33348000
8167.808630,4.84375000
8167.818110,4.37946000
8167.827590,3.52559000
8167.837070,3.36550000
8167.846540,2.71442000
8167.856020,1.18814000
8167.865500,-0.35414700
8167.874970,-1.34143000
8167.884450,-1.99250000
8167.893930,-2.72896000
8167.903400,-2.90506000
8167.912880,-2.16327000
8167.922360,-1.64028000
8167.931840,-1.56557000
8167.941310,-1.32542000
8167.950790,-0.87180200
8167.960270,0.47837000
8167.969740,2.44226000
8167.979220,2.72510000
8167.988700,1.40161000
8167.998180,0.84126200
8168.007650,1.33757000
8168.017130,1.67912000
8168.026610,1.43363000
8168.036080,1.01737000
8168.045560,0.81457800
8168.055040,0.28625000
8168.064520,-0.72771300
8168.073990,-1.09060000
8168.083470,-0.57828700
8168.092950,-0.02861190
8168.102420,0.44101300
8168.111900,0.90530100
8168.121380,1.22550000
8168.130860,1.41762000
8168.140330,1.53503000
8168.149810,1.60440000
8168.159290,1.34824000
8168.168760,0.65447900
8168.178240,0.36630000
8168.187720,0.65447900
8168.197190,0.61178600
8168.206670,0.19019100
8168.216150,-0.10866200
8168.225630,-0.32212800
8168.235100,-0.34881100
8168.244580,-0.23140500
8168.254060,-0.48222700
8168.263530,-1.15464000
8168.273010,-1.78971000
8168.282490,-1.90711000
8168.291970,-1.37345000
8168.301440,-0.60497000
8168.310920,-0.02861190
8168.320400,0.31293400
8168.329870,0.53707300
8168.339350,0.79856800
8168.348830,0.84659800
8168.358310,0.24889400
8168.367780,-0.47689000
8168.377260,-0.67434600
8168.386740,-0.94651500
8168.396210,-1.46417000
8168.405690,-1.15464000
8168.415170,-0.07664180
8168.424640,0.49437900
8168.434120,0.46236000
8168.443600,0.46769600
8168.453080,0.56375600
8168.462550,0.36096300
8168.472030,-0.71170300
8168.481510,-2.24332000
8168.490980,-2.80367000
8168.500460,-2.17928000
8168.509940,-1.14397000
8168.519420,0.03542780
8168.528890,0.87328100
8168.538370,1.07074000
8168.547850,1.11877000
8168.557320,0.80390500
8168.566800,-0.36482100
8168.576280,-2.03519000
8168.585760,-3.39070000
8168.595230,-3.49743000
8168.604710,-2.70227000
8168.614190,-1.99250000
8168.623660,-0.62631600
8168.633140,1.31089000
8168.642620,1.57772000
8168.652090,0.60644900
8168.661570,0.53173600
8168.671050,0.54240900
8168.680530,-0.00192870
8168.690000,0.25423000
8168.699480,1.02804000
8168.708960,1.51902000
8168.718430,2.27148000
8168.727910,2.60769000
8168.737390,1.57238000
8168.746870,0.40365600
8168.756340,0.03009120
8168.765820,-0.03394860
8168.775300,0.07278440
8168.784770,0.32894300
8168.794250,0.70250900
8168.803730,1.34824000
8168.813210,1.89258000
8168.822680,1.96729000
8168.832160,1.55637000
8168.841640,0.88395500
8168.851110,1.10809000
8168.860590,2.09004000
8168.870070,1.68445000
8168.879540,0.53707300
8168.889020,1.03872000
8168.898500,2.25547000
8168.907980,2.58101000
8168.917450,2.61303000
8168.926930,2.38889000
8168.936410,1.46031000
8168.945880,0.33961700
8168.955360,-0.47155400
8168.964840,-0.81843600
8168.974320,-0.91983200
8168.983790,-0.98920800
8168.993270,-0.40217700
8169.002750,0.91063800
8169.012220,1.85522000
8169.021700,1.96196000
8169.031180,1.79118000
8169.040660,1.66311000
8169.050130,1.06540000
8169.059610,-0.21005800
8169.069090,-1.25604000
8169.078560,-1.52287000
8169.088040,-1.19200000
8169.097520,-0.26342400
8169.106990,0.51038900
8169.116470,0.47303300
8169.125950,0.30759700
8169.135430,-0.08197840
8169.144900,-1.27739000
8169.154380,-2.37674000
8169.163860,-2.57419000
8169.173330,-2.20063000
8169.182810,-1.72567000
8169.192290,-1.30941000
8169.201770,-0.81843600
8169.211240,-0.83978200
8169.220720,-1.68831000
8169.230200,-1.91779000
8169.239670,-1.14931000
8169.249150,-0.56227700
8169.258630,-0.44487000
8169.268110,-0.90915900
8169.277580,-1.38412000
8169.287060,-0.87180200
8169.296540,-0.39684100
8169.306010,-0.53025700
8169.315490,-0.21005800
8169.324970,0.31293400
8169.334450,0.60644900
8169.343920,0.54774600
8169.353400,-0.20472100
8169.362880,-1.03724000
8169.372350,-1.67230000
8169.381830,-1.54422000
8169.391310,-0.23674100
8169.400780,-0.02861190
8169.410260,-0.65300000
8169.419740,-0.29010800
8169.429220,-0.78641600
8169.438690,-0.51958300
8169.448170,2.06335000
8169.457650,4.49153000
8169.467120,13.44110000
8169.476600,28.36770000
8169.486080,28.41040000
8169.495560,12.53390000
8169.505030,2.78380000
8169.514510,1.46031000
8169.523990,-0.22073100
8169.533460,-0.63699000
8169.542940,-0.59963300
8169.552420,-1.77903000
8169.561900,-1.14931000
8169.571370,0.37697300
8169.580850,1.30021000
8169.590330,2.25547000
8169.599800,2.22345000
8169.609280,1.61508000
8169.618760,1.10276000
8169.628230,0.12081400
8169.637710,-0.18337500
8169.647190,0.02475450
8169.656670,-0.37549400
8169.666140,-0.20472100
8169.675620,0.40365600
8169.685100,0.65447900
8169.694570,1.41762000
8169.704050,2.01532000
8169.713530,2.05802000
8169.723010,2.85851000
8169.732480,3.31213000
8169.741960,2.66106000
8169.751440,2.52764000
8169.760910,1.95128000
8169.770390,0.18485400
8169.779870,-0.68502000
8169.789350,-0.93050500
8169.798820,-1.32008000
8169.808300,-1.00522000
8169.817780,-1.19734000
8169.827250,-1.65629000
8169.836730,-0.65833600
8169.846210,0.46236000
8169.855680,1.35892000
8169.865160,2.06869000
8169.874640,1.49233000
8169.884120,1.33757000
8169.893590,1.34291000
8169.903070,0.46769600
8169.912550,0.92131100
8169.922020,0.62245900
8169.931500,-0.59429700
8169.940980,0.69717200
8169.950460,0.76121200
8169.959930,1.59907000
8169.969410,5.46280000
8169.978890,6.40205000
8169.988360,24.52530000
8169.997840,68.20040000
8170.007320,80.93370000
8170.016800,41.20230000
8170.026270,8.44065000
8170.035750,4.59292000
8170.045230,1.72181000
8170.054700,-1.08527000
8170.064180,1.13478000
8170.073660,0.72919200
8170.083130,0.97467800
8170.092610,2.59702000
8170.102090,1.74849000
8170.111570,1.83921000
8170.121040,1.97797000
8170.130520,0.24355700
8170.140000,-0.12467200
8170.149470,0.13148700
8170.158950,0.06211110
8170.168430,0.67048900
8170.177910,0.55308300
8170.187380,0.44101300
8170.196860,0.92131100
8170.206340,0.38231000
8170.215810,0.01941790
8170.225290,-0.02861190
8170.234770,-0.91983200
8170.244250,-1.04791000
8170.253720,-0.95185200
8170.263200,-0.61564300
8170.272680,2.60236000
8170.282150,4.82240000
8170.291630,2.29817000
8170.301110,-0.08731510
8170.310590,-0.30078100
8170.320060,-0.37015700
8170.329540,0.26490400
8170.339020,0.68649900
8170.348490,0.64380600
8170.357970,1.15612000
8170.367450,0.63846900
8170.376920,3.45622000
8170.386400,12.73130000
8170.395880,15.89590000
8170.405360,7.58678000
8170.414830,1.26286000
8170.424310,1.39627000
8170.433790,1.20949000
8170.443260,0.89462800
8170.452740,2.13273000
8170.462220,2.95457000
8170.471700,3.10400000
8170.481170,2.83183000
8170.490650,1.87123000
8170.500130,0.11014100
8170.509600,-2.06721000
8170.519080,-3.01180000
8170.528560,-2.78232000
8170.538040,-2.67559000
8170.547510,-1.93913000
8170.556990,-0.83978200
8170.566470,-0.90915900
8170.575940,-1.45350000
8170.585420,-1.70966000
8170.594900,-1.85375000
8170.604370,-1.42148000
8170.613850,-0.18337500
8170.623330,1.70580000
8170.632810,3.62165000
8170.642280,4.56090000
8170.651760,4.65696000
8170.661240,4.20335000
8170.670710,2.86385000
8170.680190,1.38560000
8170.689670,0.49437900
8170.699150,-0.11399800
8170.708620,-0.17803800
8170.718100,0.44635000
8170.727580,1.09208000
8170.737050,1.53503000
8170.746530,1.71114000
8170.756010,1.78051000
8170.765490,2.22345000
8170.774960,2.63437000
8170.784440,2.66639000
8170.793920,2.46894000
8170.803390,1.57772000
8170.812870,0.49971600
8170.822350,-0.00726534
8170.831820,-0.77040600
8170.841300,-1.05325000
8170.850780,0.14216100
8170.860260,1.05473000
8170.869730,1.48700000
8170.879210,2.30350000
8170.888690,2.24480000
8170.898160,1.57238000
8170.907640,1.09208000
8170.917120,0.43567600
8170.926600,0.73986500
8170.936070,1.64176000
8170.945550,1.62041000
8170.955030,1.39627000
8170.964500,0.80390500
8170.973980,0.43567600
8170.983460,1.36425000
8170.992940,1.34291000
8171.002410,1.38026000
8171.011890,3.02395000
8171.021370,2.88520000
8171.030840,2.75178000
8171.040320,3.54694000
8171.049800,3.91517000
8171.059270,16.56300000
8171.068750,39.14240000
8171.078230,39.55330000
8171.087710,16.64310000
8171.097180,2.84250000
8171.106660,1.83388000
8171.116140,-0.06063180
8171.125610,-1.01056000
8171.135090,-0.59429700
8171.144570,-1.36811000
8171.154050,-0.53559300
8171.163520,0.40899300
8171.173000,-0.22606800
8171.182480,-0.01260200
8171.191950,0.59043900
8171.201430,1.10276000
8171.210910,2.00465000
8171.220390,2.22879000
8171.229860,2.53298000
8171.239340,3.37617000
8171.248820,3.27477000
8171.258290,2.93323000
8171.267770,3.00794000
8171.277250,2.07403000
8171.286730,0.57976600
8171.296200,0.45702300
8171.305680,1.06006000
8171.315160,0.53707300
8171.324630,-0.33280100
8171.334110,-0.26342400
8171.343590,0.23288400
8171.353060,0.89996500
8171.362540,1.19882000
8171.372020,0.70250900
8171.381500,1.26286000
8171.390970,3.08799000
8171.400450,4.77437000
8171.409930,8.41930000
8171.419400,15.76790000
8171.428880,24.89350000
8171.438360,33.91780000
8171.447840,39.91090000
8171.457310,38.33120000
8171.466790,29.60580000
8171.476270,19.39680000
8171.485740,11.49850000
8171.495220,6.75427000
8171.504700,4.67297000
8171.514180,2.99727000
8171.523650,1.38026000
8171.533130,1.44964000
8171.542610,1.60974000
8171.552080,0.94265800
8171.561560,1.31622000
8171.571040,1.64710000
8171.580510,1.18814000
8171.589990,1.14011000
8171.599470,-0.01260200
8171.608950,-1.40547000
8171.618420,-0.66367300
8171.627900,-0.18871100
8171.637380,0.98535100
8171.646850,5.58020000
8171.656330,7.97636000
8171.665810,7.37332000
8171.675290,11.42380000
8171.684760,15.73050000
8171.694240,11.16770000
8171.703720,3.77642000
8171.713190,1.13478000
8171.722670,1.00670000
8171.732150,1.38560000
8171.741630,1.23084000
8171.751100,0.28091400
8171.760580,1.00670000
8171.770060,1.87123000
8171.779530,0.99068800
8171.789010,0.86260800
8171.798490,1.18814000
8171.807960,0.91597500
8171.817440,1.21483000
8171.826920,1.50301000
8171.836400,1.68979000
8171.845870,1.86590000
8171.855350,1.10276000
8171.864830,0.29692400
8171.874300,0.08345770
8171.883780,-0.38616700
8171.893260,-1.60826000
8171.902740,-2.15260000
8171.912210,-0.89848500
8171.921690,-0.36482100
8171.931170,-0.08731510
8171.940640,1.25752000
8171.950120,0.66515200
8171.959600,0.78789500
8171.969080,2.51163000
8171.978550,2.35153000
8171.988030,3.79776000
8171.997510,2.85851000
8172.006980,-1.07459000
8172.016460,1.89258000
8172.025940,1.98330000
8172.035410,-1.11195000
8172.044890,3.97921000
8172.054370,2.35153000
8172.063850,0.10480400
8172.073320,6.48743000
8172.082800,0.94265800
8172.092280,0.72385500
8172.101750,8.11511000
8172.111230,-1.41080000
8172.120710,2.77313000
8172.130190,8.31790000
8172.139660,-6.63538000
8172.149140,4.70499000
8172.158620,6.54080000
8172.168090,-9.50650000
8172.177570,15.88530000
8172.187050,8.84090000
8172.196530,2.07936000
8172.206000,62.40480000
8172.215480,67.67740000
8172.224960,294.91700000
8172.234430,944.32300000
8172.243910,1187.20000000
8172.253390,622.75800000
8172.262870,127.72000000
8172.272340,71.68520000
8172.281820,37.72820000
8172.291300,-2.46746000
8172.300770,22.28920000
8172.310250,2.89053000
8172.319730,-3.96172000
8172.329200,12.71000000
8172.338680,-3.03848000
8172.348160,0.70784500
8172.357640,8.89426000
8172.367110,-3.61484000
8172.376590,2.52764000
8172.386070,3.88849000
8172.395540,-4.87429000
8172.405020,2.00999000
8172.414500,1.39627000
8172.423980,-2.56886000
8172.433450,2.90654000
8172.442930,0.42500300
8172.452410,-1.03724000
8172.461880,2.58101000
8172.471360,0.11547800
8172.480840,0.20086400
8172.490320,2.17542000
8172.499790,0.19019100
8172.509270,0.73986500
8172.518750,2.34086000
8172.528220,1.78585000
8172.537700,1.89258000
8172.547180,2.09004000
8172.556650,1.32156000
8172.566130,1.34824000
8172.575610,1.73248000
8172.585090,0.39298300
8172.594560,0.52639900
8172.604040,2.65572000
8172.613520,2.05802000
8172.622990,1.49233000
8172.632470,1.44430000
8172.641950,-1.16532000
8172.651430,-1.67764000
8172.660900,-1.41080000
8172.670380,-2.93175000
8172.679860,-1.52287000
8172.689330,0.30226000
8172.698810,0.06211110
8172.708290,0.19552700
8172.717770,-0.26342400
8172.727240,-2.27000000
8172.736720,-3.68955000
8172.746200,-1.73100000
8172.755670,-1.58691000
8172.765150,-2.93708000
8172.774630,0.88395500
8172.784100,-1.17599000
8172.793580,-2.59554000
8172.803060,5.56419000
8172.812540,-0.26876100
8172.822010,-2.46746000
8172.831490,6.82364000
8172.840970,-4.42067000
8172.850440,-0.93584200
8172.859920,9.09705000
8172.869400,-9.82136000
8172.878880,2.49029000
8172.888350,9.37456000
8172.897830,-15.59560000
8172.907310,9.25182000
8172.916780,5.59621000
8172.926260,-20.56940000
8172.935740,20.47480000
8172.945220,-1.66696000
8172.954690,-20.08370000
8172.964170,34.51550000
8172.973650,-18.50940000
8172.983120,-13.57840000
8172.992600,51.57140000
8173.002080,-36.00290000
8173.011550,27.55120000
8173.021030,92.43950000
8173.030510,-22.25570000
8173.039990,202.97200000
8173.049460,307.73000000
8173.058940,702.40200000
8173.068420,3242.69000000
8173.077890,5555.53000000
8173.087370,3942.29000000
8173.096850,1054.95000000
8173.106330,298.55700000
8173.115800,271.74000000
8173.125280,-3.59349000
8173.134760,69.03830000
8173.144230,65.74020000
8173.153710,-40.34160000
8173.163190,45.41830000
8173.172670,10.90620000
8173.182140,-29.72170000
8173.191620,34.91040000
8173.201100,-8.60994000
8173.210570,-14.58700000
8173.220050,25.88080000
8173.229530,-13.19950000
8173.239010,-1.06926000
8173.248480,17.65700000
8173.257960,-13.90390000
8173.267440,3.41886000
8173.276910,7.83227000
8173.286390,-12.25490000
8173.295870,4.66764000
8173.305340,1.98330000
8173.314820,-6.15508000
8173.324300,8.75017000
8173.333780,2.82649000
8173.343250,-1.57090000
8173.352730,5.34539000
8173.362210,-0.73838600
8173.371680,-0.81309900
8173.381160,1.54570000
8173.390640,-3.63619000
8173.400120,-1.41614000
8173.409590,2.13273000
8173.419070,2.21812000
8173.428550,4.85442000
8173.438020,5.93776000
8173.447500,4.49153000
8173.456980,3.77108000
8173.466460,4.25672000
8173.475930,3.85113000
8173.485410,2.77846000
8173.494890,3.51492000
8173.504360,2.76779000
8173.513840,0.98001400
8173.523320,0.84126200
8173.532790,-0.78641600
8173.542270,-0.98920800
8173.551750,0.94265800
8173.561230,0.22754700
8173.570700,0.45168600
8173.580180,1.30555000
8173.589660,-0.43419700
8173.599130,-0.43419700
8173.608610,0.30759700
8173.618090,-0.56227700
8173.627570,-0.19938500
8173.637040,0.20620100
8173.646520,-0.29544400
8173.656000,-0.38083100
8173.665470,-0.82377200
8173.674950,-1.11195000
8173.684430,-0.59963300
8173.693910,-0.14068200
8173.703380,0.43567600
8173.712860,1.49767000
8173.722340,2.33019000
8173.731810,2.50096000
8173.741290,3.13602000
8173.750770,3.63233000
8173.760240,2.35687000
8173.769720,1.15612000
8173.779200,0.56375600
8173.788680,-0.95718900
8173.798150,-2.04053000
8173.807630,-2.48881000
8173.817110,-2.88905000
8173.826580,-2.23265000
8173.836060,-1.71499000
8173.845540,-1.40547000
8173.855020,-0.19404800
8173.864490,0.11547800
8173.873970,-0.14068200
8173.883450,0.14216100
8173.892920,-0.82377200
8173.902400,-1.61360000
8173.911880,-0.24741400
8173.921360,0.62779600
8173.930830,0.43034000
8173.940310,0.88395500
8173.949790,0.44635000
8173.959260,-0.88247500
8173.968740,-0.42886000
8173.978220,0.01941790
8173.987690,-1.51220000
8173.997170,-2.24866000
8174.006650,-1.93379000
8174.016130,-2.33404000
8174.025600,-2.20063000
8174.035080,-1.41080000
8174.044560,-0.92516900
8174.054030,-0.36482100
8174.063510,-0.26342400
8174.072990,-0.46088000
8174.082470,0.03009120
8174.091940,0.47303300
8174.101420,0.33961700
8174.110900,-0.10332500
8174.120370,-0.22606800
8174.129850,0.48904300
8174.139330,0.76654900
8174.148810,0.36630000
8174.158280,0.79856800
8174.167760,1.40161000
8174.177240,1.41762000
8174.186710,1.53503000
8174.196190,1.26286000
8174.205670,0.43034000
8174.215140,0.03542780
8174.224620,-0.08197840
8174.234100,-0.53025700
8174.243580,-0.93584200
8174.253050,-0.69035600
8174.262530,0.46769600
8174.272010,2.08470000
8174.281480,2.85851000
8174.290960,2.54899000
8174.300440,2.52231000
8174.309920,2.54899000
8174.319390,1.62575000
8174.328870,0.79323200
8174.338350,0.40899300
8174.347820,-0.18337500
8174.357300,-0.30078100
8174.366780,0.08345770
8174.376260,0.41966600
8174.385730,0.99602400
8174.395210,1.12410000
8174.404690,0.71851900
8174.414160,1.07607000
8174.423640,1.80719000
8174.433120,2.14340000
8174.442600,2.37288000
8174.452070,2.46360000
8174.461550,2.52231000
8174.471030,2.36754000
8174.480500,1.39627000
8174.489980,0.29692400
8174.499460,-0.22073100
8174.508930,-0.47155400
8174.518410,-0.41818700
8174.527890,0.24355700
8174.537370,1.44964000
8174.546840,2.27682000
8174.556320,1.96196000
8174.565800,1.28420000
8174.575270,0.31293400
8174.584750,-1.30941000
8174.594230,-1.97115000
8174.603710,-1.64562000
8174.613180,-1.74168000
8174.622660,-1.34143000
8174.632140,-0.55160300
8174.641610,-0.80776200
8174.651090,-1.33075000
8174.660570,-1.63494000
8174.670050,-1.83240000
8174.679520,-1.74168000
8174.689000,-1.81639000
8174.698480,-1.58158000
8174.707950,-1.18666000
8174.717430,-1.12262000
8174.726910,0.04076450
8174.736380,0.95333100
8174.745860,0.45168600
8174.755340,0.48904300
8174.764820,-0.58896000
8174.774290,-1.41080000
8174.783770,0.68116200
8174.793250,1.05473000
8174.802720,8.57940000
8174.812200,31.91660000
8174.821680,42.72860000
8174.831160,24.00760000
8174.840630,5.38275000
8174.850110,1.92994000
8174.859590,0.37697300
8174.869060,-0.35414700
8174.878540,1.45498000
8174.888020,1.39627000
8174.897500,1.58839000
8174.906970,2.10071000
8174.916450,0.93198500
8174.925930,0.75587500
8174.935400,1.08141000
8174.944880,0.43567600
8174.954360,0.24355700
8174.963830,-0.00726534
8174.973310,-0.29010800
8174.982790,0.17951700
8174.992270,0.48904300
8175.001740,0.87328100
8175.011220,0.95333100
8175.020700,-0.08197840
8175.030170,-0.53025700
8175.039650,-0.49290000
8175.049130,-1.23469000
8175.058610,-1.28806000
8175.068080,-0.69035600
8175.077560,-0.62631600
8175.087040,-0.35948400
8175.096510,-0.24207800
8175.105990,-1.01589000
8175.115470,-1.86976000
8175.124950,-2.64357000
8175.134420,-2.88905000
8175.143900,-1.77370000
8175.153380,-0.47689000
8175.162850,0.30226000
8175.172330,1.48166000
8175.181810,2.55433000
8175.191280,2.41557000
8175.200760,1.54036000
8175.210240,0.53707300
8175.219720,-0.66901000
8175.229190,-1.20267000
8175.238670,-0.29544400
8175.248150,0.55308300
8175.257620,1.37493000
8175.267100,4.53422000
8175.276580,7.25591000
8175.286060,5.33472000
8175.295530,2.26081000
8175.305010,1.83921000
8175.314490,2.50096000
8175.323960,3.77108000
8175.333440,5.79901000
8175.342920,7.51741000
8175.352400,8.88893000
8175.361870,9.53466000
8175.371350,9.89755000
8175.380830,10.49530000
8175.390300,9.70010000
8175.399780,8.93696000
8175.409260,9.04902000
8175.418740,6.79162000
8175.428210,4.10729000
8175.437690,2.55433000
8175.447170,1.25752000
8175.456640,8.09910000
8175.466120,20.15990000
8175.475600,18.85240000
8175.485070,6.93038000
8175.494550,1.31089000
8175.504030,3.31747000
8175.513510,10.07900000
8175.522980,17.07530000
8175.532460,15.54370000
8175.541940,9.75346000
8175.551410,6.63152000
8175.560890,2.91188000
8175.570370,0.04610110
8175.579850,0.25956700
8175.589320,-0.77040600
8175.598800,-2.48347000
8175.608280,-2.81968000
8175.617750,-3.58282000
8175.627230,-3.98840000
8175.636710,-3.30531000
8175.646190,-2.70227000
8175.655660,-1.83240000
8175.665140,-0.93050500
8175.674620,-0.47155400
8175.684090,0.04610110
8175.693570,0.36096300
8175.703050,0.69717200
8175.712520,1.39627000
8175.722000,1.58839000
8175.731480,1.18281000
8175.740960,0.86260800
8175.750430,0.79323200
8175.759910,1.00670000
8175.769390,1.35358000
8175.778860,1.94595000
8175.788340,2.91188000
8175.797820,3.63766000
8175.807300,3.90450000
8175.816770,3.97921000
8175.826250,3.54160000
8175.835730,2.46894000
8175.845200,1.31622000
8175.854680,0.81457800
8175.864160,1.09742000
8175.873640,1.12410000
8175.883110,0.43034000
8175.892590,-0.19938500
8175.902070,-1.20801000
8175.911540,-2.67559000
8175.921020,-2.71828000
8175.930500,-1.66163000
8175.939970,-1.35744000
8175.949450,-0.49823700
8175.958930,1.55637000
8175.968410,2.59168000
8175.977880,2.73043000
8175.987360,3.46689000
8175.996840,3.87781000
8176.006310,3.34415000
8176.015790,2.84784000
8176.025270,2.73577000
8176.034750,2.09004000
8176.044220,0.16350700
8176.053700,-1.85908000
8176.063180,-2.95309000
8176.072650,-3.80162000
8176.082130,-3.20392000
8176.091610,-0.08731510
8176.101090,3.18405000
8176.110560,6.01781000
8176.120040,9.39591000
8176.129520,11.65330000
8176.138990,12.71000000
8176.148470,14.12950000
8176.157950,15.61310000
8176.167420,17.76380000
8176.176900,19.81300000
8176.186380,18.01990000
8176.195860,13.07290000
8176.205330,8.54738000
8176.214810,4.41681000
8176.224290,0.29158700
8176.233760,-2.70227000
8176.243240,-4.12716000
8176.252720,-3.52945000
8176.262200,-1.24537000
8176.271670,0.88929100
8176.281150,2.63437000
8176.290630,5.63891000
8176.300100,8.79287000
8176.309580,8.14180000
8176.319060,4.15532000
8176.328540,1.67378000
8176.338010,1.31622000
8176.347490,0.61178600
8176.356970,0.11547800
8176.366440,0.35029000
8176.375920,-0.01260200
8176.385400,-0.42352400
8176.394880,-0.08731510
8176.404350,-0.03394860
8176.413830,0.25956700
8176.423310,1.54036000
8176.432780,1.55637000
8176.442260,0.09946760
8176.451740,-0.19938500
8176.461210,0.23822000
8176.470690,0.57976600
8176.480170,1.34824000
8176.489650,1.39094000
8176.499120,1.17213000
8176.508600,1.67378000
8176.518080,1.26286000
8176.527550,0.80924200
8176.537030,1.31622000
8176.546510,0.95866800
8176.555990,0.28091400
8176.565460,-0.23140500
8176.574940,-1.15998000
8176.584420,-1.36811000
8176.593890,-1.46951000
8176.603370,-1.06392000
8176.612850,0.82525200
8176.622330,1.63109000
8176.631800,7.94968000
8176.641280,26.62790000
8176.650760,37.34930000
8176.660230,23.19110000
8176.669710,6.37536000
8176.679190,4.28874000
8176.688660,3.64300000
8176.698140,1.44964000
8176.707620,3.23208000
8176.717100,1.65777000
8176.726570,0.09413100
8176.736050,3.16804000
8176.745530,1.64710000
8176.755000,0.57442900
8176.764480,2.92789000
8176.773960,0.04610110
8176.783440,0.62779600
8176.792910,3.34949000
8176.802390,1.77517000
8176.811870,8.83556000
8176.821340,10.72470000
8176.830820,1.06540000
8176.840300,4.11796000
8176.849780,3.09333000
8176.859250,-3.02781000
8176.868730,7.35731000
8176.878210,2.70375000
8176.887680,2.44759000
8176.897160,25.43250000
8176.906640,25.25110000
8176.916110,128.47300000
8176.925590,386.27500000
8176.935070,451.53700000
8176.944550,216.39900000
8176.954020,41.55990000
8176.963500,29.15750000
8176.972980,13.45710000
8176.982450,0.76654900
8176.991930,10.55400000
8177.001410,1.37493000
8177.010890,0.25423000
8177.020360,6.15656000
8177.029840,-0.48756400
8177.039320,0.66515200
8177.048790,1.29488000
8177.058270,-3.78561000
8177.067750,-0.16202800
8177.077230,0.57976600
8177.086700,-1.27205000
8177.096180,2.34086000
8177.105660,1.75916000
8177.115130,1.28420000
8177.124610,4.26205000
8177.134090,3.30679000
8177.143560,3.11467000
8177.153040,3.49358000
8177.162520,0.33428000
8177.172000,-0.76506900
8177.181470,-0.67434600
8177.190950,-2.07788000
8177.200430,-1.56557000
8177.209900,-0.13000800
8177.219380,0.55841900
8177.228860,1.24685000
8177.238340,1.20949000
8177.247810,0.76121200
8177.257290,0.48904300
8177.266770,0.01941790
8177.276240,-0.48222700
8177.285720,-0.50357400
8177.295200,0.13148700
8177.304680,0.35029000
8177.314150,0.00874460
8177.323630,0.14216100
8177.333110,0.14216100
8177.342580,-0.10332500
8177.352060,0.07278440
8177.361540,0.06211110
8177.371020,0.18485400
8177.380490,0.71318200
8177.389970,0.91063800
8177.399450,1.55637000
8177.408920,2.81582000
8177.418400,3.41886000
8177.427880,3.35482000
8177.437350,2.82649000
8177.446830,1.87657000
8177.456310,0.93198500
8177.465790,-0.17270100
8177.475260,-1.20267000
8177.484740,-1.59225000
8177.494220,-1.40013000
8177.503690,-0.72237600
8177.513170,-0.19404800
8177.522650,-0.14068200
8177.532130,0.35562700
8177.541600,0.72919200
8177.551080,0.11547800
8177.560560,-0.01793860
8177.570030,0.23288400
8177.579510,-0.70636600
8177.588990,-1.34143000
8177.598470,-0.48222700
8177.607940,0.51572600
8177.617420,1.74849000
8177.626900,3.29612000
8177.636370,3.47757000
8177.645850,2.66639000
8177.655330,2.41557000
8177.664800,2.14874000
8177.674280,1.01203000
8177.683760,-0.35414700
8177.693240,-1.29873000
8177.702710,-2.02452000
8177.712190,-2.34472000
8177.721670,-1.61360000
8177.731140,-0.53025700
8177.740620,-0.10866200
8177.750100,-0.23674100
8177.759580,-1.07459000
8177.769050,-2.62756000
8177.778530,-3.91903000
8177.788010,-4.58611000
8177.797480,-4.72486000
8177.806960,-4.17519000
8177.816440,-2.93708000
8177.825920,-0.93584200
8177.835390,1.57772000
8177.844870,3.89382000
8177.854350,5.51616000
8177.863820,6.10320000
8177.873300,5.94310000
8177.882780,5.79901000
8177.892250,5.54818000
8177.901730,4.64095000
8177.911210,3.01861000
8177.920690,1.38560000
8177.930160,0.35562700
8177.939640,-0.91983200
8177.949120,-2.32337000
8177.958590,-2.10457000
8177.968070,-0.88781200
8177.977550,-0.08197840
8177.987030,1.01737000
8177.996500,2.13273000
8178.005980,2.72510000
8178.015460,3.53093000
8178.024930,3.25876000
8178.034410,1.03338000
8178.043890,-0.71170300
8178.053370,-0.97853500
8178.062840,-0.74372300
8178.072320,-0.04462190
8178.081800,0.44101300
8178.091270,-0.15669100
8178.100750,-0.93584200
8178.110230,-1.26671000
8178.119700,-1.33609000
8178.129180,-0.87180200
8178.138660,0.02475450
8178.148140,0.99602400
8178.157610,1.87123000
8178.167090,2.17009000
8178.176570,1.99398000
8178.186040,1.51902000
8178.195520,0.10480400
8178.205000,-1.39479000
8178.214480,-1.38946000
8178.223950,-0.61030700
8178.233430,-0.23140500
8178.242910,0.00874460
8178.252380,-0.03394860
8178.261860,-0.80242600
8178.271340,-1.66696000
8178.280820,-1.69365000
8178.290290,-1.18133000
8178.299770,-0.65833600
8178.309250,0.23822000
8178.318720,0.73986500
8178.328200,-0.02861190
8178.337680,-0.69569300
8178.347160,-0.90915900
8178.356630,-1.27205000
8178.366110,-0.59963300
8178.375590,0.67048900
8178.385060,1.36425000
8178.394540,2.13273000
8178.404020,2.60236000
8178.413490,2.82649000
8178.422970,3.04530000
8178.432450,2.41557000
8178.441930,2.68240000
8178.451400,2.92789000
8178.460880,0.77188500
8178.470360,0.45702300
8178.479830,1.02271000
8178.489310,-0.70636600
8178.498790,1.26286000
8178.508270,4.02190000
8178.517740,9.28917000
8178.527220,35.09720000
8178.536700,60.51030000
8178.546170,45.84520000
8178.555650,14.88200000
8178.565130,5.92709000
8178.574610,6.53013000
8178.584080,3.81377000
8178.593560,3.76041000
8178.603040,3.79243000
8178.612510,3.57896000
8178.621990,4.69966000
8178.631470,2.46360000
8178.640940,-0.65300000
8178.650420,-1.14397000
8178.659900,-1.75769000
8178.669380,-1.87509000
8178.678850,-0.87180200
8178.688330,-0.30078100
8178.697810,0.49971600
8178.707280,0.86260800
8178.716760,0.71851900
8178.726240,1.86056000
8178.735720,2.82116000
8178.745190,2.48495000
8178.754670,2.23413000
8178.764150,1.96196000
8178.773620,1.58306000
8178.783100,1.70580000
8178.792580,2.00999000
8178.802060,2.19677000
8178.811530,2.12739000
8178.821010,2.99727000
8178.830490,5.64424000
8178.839960,6.20993000
8178.849440,2.83717000
8178.858920,0.62245900
8178.868390,1.83388000
8178.877870,3.79776000
8178.887350,5.94310000
8178.896830,7.60279000
8178.906300,6.94639000
8178.915780,5.10524000
8178.925260,3.58430000
8178.934730,2.33552000
8178.944210,1.54036000
8178.953690,0.80924200
8178.963170,0.02475450
8178.972640,-0.06596850
8178.982120,-0.41285100
8178.991600,-2.29135000
8179.001070,-5.37593000
8179.010550,-9.60256000
8179.020030,-14.48560000
8179.029510,-17.44210000
8179.038980,-16.17200000
8179.048460,-11.71590000
8179.057940,-7.11034000
8179.067410,-3.57748000
8179.076890,-1.20267000
8179.086370,-0.41818700
8179.095840,-0.02327530
8179.105320,0.96400400
8179.114800,1.54036000
8179.124280,1.88724000
8179.133750,2.31951000
8179.143230,1.81253000
8179.152710,1.08141000
8179.162180,0.89462800
8179.171660,0.72385500
8179.181140,1.02271000
8179.190620,1.55104000
8179.200090,1.60974000
8179.209570,1.80719000
8179.219050,1.36959000
8179.228520,0.10480400
8179.238000,-0.01260200
8179.247480,0.29158700
8179.256960,-0.29544400
8179.266430,-0.21539500
8179.275910,0.63846900
8179.285390,1.16680000
8179.294860,1.38026000
8179.304340,0.79323200
8179.313820,-0.09265170
8179.323290,-0.14601800
8179.332770,-0.15669100
8179.342250,-0.21005800
8179.351730,0.60644900
8179.361200,1.42829000
8179.370680,1.76984000
8179.380160,2.04201000
8179.389630,1.80719000
8179.399110,1.27353000
8179.408590,1.19882000
8179.418070,1.14011000
8179.427540,0.51572600
8179.437020,0.01408120
8179.446500,0.84659800
8179.455970,2.04734000
8179.465450,1.37493000
8179.474930,0.20620100
8179.484410,0.77188500
8179.493880,1.14011000
8179.503360,0.50505300
8179.512840,1.00670000
8179.522310,1.87657000
8179.531790,1.56171000
8179.541270,1.25218000
8179.550750,1.22550000
8179.560220,1.05473000
8179.569700,1.30555000
8179.579180,0.99068800
8179.588650,-0.62631600
8179.598130,-1.72033000
8179.607610,-1.67764000
8179.617080,-1.75235000
8179.626560,-1.97649000
8179.636040,-1.91245000
8179.645520,-1.57090000
8179.654990,-0.72771300
8179.664470,0.29692400
8179.673950,1.17747000
8179.683420,1.79652000
8179.692900,1.30555000
8179.702380,0.37163700
8179.711860,0.60111200
8179.721330,0.86260800
8179.730810,0.40365600
8179.740290,0.46236000
8179.749760,0.21153700
8179.759240,-0.92516900
8179.768720,-1.46951000
8179.778200,-1.72033000
8179.787670,-2.10990000
8179.797150,-1.92312000
8179.806630,-1.67230000
8179.816100,-1.11729000
8179.825580,0.36630000
8179.835060,1.47099000
8179.844530,1.72715000
8179.854010,1.68979000
8179.863490,1.58306000
8179.872970,1.94595000
8179.882440,2.19677000
8179.891920,2.17009000
8179.901400,2.71976000
8179.910870,2.75178000
8179.920350,3.57896000
8179.929830,7.55476000
8179.939310,9.39591000
8179.948780,5.27602000
8179.958260,1.01203000
8179.967740,-0.09265170
8179.977210,-0.36482100
8179.986690,-0.00726534
8179.996170,0.96400400
8180.005650,1.33757000
8180.015120,1.41228000
8180.024600,1.90859000
8180.034080,2.73043000
8180.043550,3.21073000
8180.053030,3.32814000
8180.062510,3.84046000
8180.071980,3.92051000
8180.081460,3.02929000
8180.090940,2.33019000
8180.100420,1.54570000
8180.109890,0.51572600
8180.119370,0.46236000
8180.128850,0.36096300
8180.138320,-0.62631600
8180.147800,-0.81309900
8180.157280,-0.19938500
8180.166760,-0.04995850
8180.176230,-0.16736500
8180.185710,-0.30611800
8180.195190,-0.34881100
8180.204660,-0.13534500
8180.214140,-0.00726534
8180.223620,0.36096300
8180.233100,1.14545000
8180.242570,1.73248000
8180.252050,2.60236000
8180.261530,3.81377000
8180.271000,3.61098000
8180.280480,2.01532000
8180.289960,0.89996500
8180.299430,0.61712200
8180.308910,0.76121200
8180.318390,1.26286000
8180.327870,1.24685000
8180.337340,0.32360700
8180.346820,-0.43953400
8180.356300,-0.62098000
8180.365770,-0.50891000
8180.375250,0.15283400
8180.384730,1.23084000
8180.394210,2.06335000
8180.403680,2.39956000
8180.413160,2.14874000
8180.422640,1.56171000
8180.432110,1.19348000
8180.441590,0.84659800
8180.451070,0.52106300
8180.460550,1.01203000
8180.470020,1.73248000
8180.479500,1.51368000
8180.488980,0.95333100
8180.498450,0.76121200
8180.507930,0.76654900
8180.517410,1.24151000
8180.526890,1.99931000
8180.536360,2.44759000
8180.545840,2.85318000
8180.555320,3.00794000
8180.564790,2.34620000
8180.574270,1.31622000
8180.583750,0.23288400
8180.593220,-0.83978200
8180.602700,-1.39479000
8180.612180,-1.36277000
8180.621660,-0.79708900
8180.631130,0.15283400
8180.640610,0.51572600
8180.650090,0.52106300
8180.659560,1.18814000
8180.669040,1.75383000
8180.678520,1.87657000
8180.688000,2.46360000
8180.697470,2.77313000
8180.706950,2.25014000
8180.716430,2.14874000
8180.725900,2.22345000
8180.735380,1.26819000
8180.744860,0.19019100
8180.754340,-0.02861190
8180.763810,0.10480400
8180.773290,0.31827000
8180.782770,0.54774600
8180.792240,0.69717200
8180.801720,0.95866800
8180.811200,0.90530100
8180.820670,0.47837000
8180.830150,0.56909300
8180.839630,0.65981600
8180.849110,0.16350700
8180.858580,0.22754700
8180.868060,0.77188500
8180.877540,1.08141000
8180.887010,1.86056000
8180.896490,2.41024000
8180.905970,1.73248000
8180.915450,1.22550000
8180.924920,1.53503000
8180.934400,1.79118000
8180.943880,1.97263000
8180.953350,2.03667000
8180.962830,1.72715000
8180.972310,1.33757000
8180.981790,0.92131100
8180.991260,0.35562700
8181.000740,-0.22073100
8181.010220,-0.67968300
8181.019690,-0.91983200
8181.029170,-0.89848500
8181.038650,-0.41285100
8181.048120,0.13148700
8181.057600,0.08879430
8181.067080,0.25956700
8181.076560,0.72385500
8181.086030,0.55841900
8181.095510,0.98001400
8181.104990,2.09537000
8181.114460,1.48166000
8181.123940,-0.15135500
8181.133420,-0.41285100
8181.142900,0.02475450
8181.152370,0.28625000
8181.161850,0.47837000
8181.171330,0.22221000
8181.180800,-0.14068200
8181.190280,-0.24207800
8181.199760,-0.73838600
8181.209240,-1.37345000
8181.218710,-1.08527000
8181.228190,-0.18337500
8181.237670,0.39832000
8181.247140,0.98535100
8181.256620,1.92994000
8181.266100,2.55966000
8181.275570,2.91722000
8181.285050,3.30146000
8181.294530,2.78380000
8181.304010,1.47099000
8181.313480,0.65981600
8181.322960,0.43034000
8181.332440,0.60644900
8181.341910,1.12944000
8181.351390,1.06006000
8181.360870,0.36096300
8181.370350,0.08879430
8181.379820,0.25956700
8181.389300,0.06211110
8181.398780,-0.71703900
8181.408250,-1.25604000
8181.417730,-0.81309900
8181.427210,-0.03394860
8181.436690,0.32894300
8181.446160,0.40365600
8181.455640,0.23288400
8181.465120,0.07812100
8181.474590,0.44101300
8181.484070,0.96400400
8181.493550,1.28420000
8181.503030,1.75383000
8181.512500,2.17009000
8181.521980,2.06335000
8181.531460,1.79652000
8181.540930,1.58306000
8181.550410,1.27887000
8181.559890,1.40161000
8181.569360,1.60440000
8181.578840,0.96934100
8181.588320,0.89462800
8181.597800,1.83388000
8181.607270,2.45827000
8181.616750,5.48948000
8181.626230,11.42920000
8181.635700,12.24570000
8181.645180,5.83103000
8181.654660,0.30759700
8181.664140,-1.80572000
8181.673610,-3.19324000
8181.683090,-2.94776000
8181.692570,-1.56023000
8181.702040,-1.04257000
8181.711520,-0.37549400
8181.721000,0.22754700
8181.730480,-0.18871100
8181.739950,0.04076450
8181.749430,0.89996500
8181.758910,1.27887000
8181.768380,2.49029000
8181.777860,3.84579000
8181.787340,3.12535000
8181.796810,2.07403000
8181.806290,2.43692000
8181.815770,2.62904000
8181.825250,2.27682000
8181.834720,2.02066000
8181.844200,1.17213000
8181.853680,0.48904300
8181.863150,1.10276000
8181.872630,1.64176000
8181.882110,1.83921000
8181.891590,3.17338000
8181.901060,4.47552000
8181.910540,3.89382000
8181.920020,2.69308000
8181.929490,2.37822000
8181.938970,2.33019000
8181.948450,1.90325000
8181.957930,1.60440000
8181.967400,1.98864000
8181.976880,2.77313000
8181.986360,2.94390000
8181.995830,1.95662000
8182.005310,0.63846900
8182.014790,0.09946760
8182.024260,0.46236000
8182.033740,1.40695000
8182.043220,2.18610000
8182.052700,1.89792000
8182.062170,1.30555000
8182.071650,1.51902000
8182.081130,1.36959000
8182.090600,0.61178600
8182.100080,1.02271000
8182.109560,1.76984000
8182.119040,1.07607000
8182.128510,0.12081400
8182.137990,-0.45020700
8182.147470,-1.56023000
8182.156940,-2.39275000
8182.166420,-2.24332000
8182.175900,-1.98716000
8182.185380,-1.74701000
8182.194850,-1.26671000
8182.204330,-0.86112900
8182.213810,-0.66901000
8182.223280,-0.79708900
8182.232760,-1.25070000
8182.242240,-1.92312000
8182.251710,-2.62756000
8182.261190,-2.55818000
8182.270670,-1.84307000
8182.280150,-1.67230000
8182.289620,-1.38412000
8182.299100,-0.15669100
8182.308580,0.87861800
8182.318050,1.75383000
8182.327530,2.98659000
8182.337010,2.95457000
8182.346490,1.37493000
8182.355960,0.47837000
8182.365440,1.11877000
8182.374920,2.21812000
8182.384390,2.68240000
8182.393870,2.29283000
8182.403350,1.70580000
8182.412830,1.42296000
8182.422300,1.36959000
8182.431780,1.20415000
8182.441260,0.33428000
8182.450730,-1.14931000
8182.460210,-2.21664000
8182.469690,-2.48347000
8182.479170,-2.40876000
8182.488640,-1.90711000
8182.498120,-0.74372300
8182.507600,0.01408120
8182.517070,-0.29010800
8182.526550,-0.27943400
8182.536030,0.37163700
8182.545500,0.26490400
8182.554980,-0.15135500
8182.564460,0.21687400
8182.573940,0.84659800
8182.583410,1.29488000
8182.592890,1.34291000
8182.602370,0.77188500
8182.611840,0.22754700
8182.621320,0.28625000
8182.630800,1.44964000
8182.640280,3.31747000
8182.649750,3.29612000
8182.659230,1.16680000
8182.668710,0.05143780
8182.678180,0.15817100
8182.687660,-0.25808800
8182.697140,-0.79708900
8182.706620,-1.16532000
8182.716090,-1.50686000
8182.725570,-1.05325000
8182.735050,-0.16202800
8182.744520,0.17418100
8182.754000,0.36630000
8182.763480,0.69183500
8182.772950,0.38764700
8182.782430,-0.41285100
8182.791910,-1.02656000
8182.801390,-1.73100000
8182.810860,-2.27534000
8182.820340,-1.99783000
8182.829820,-2.17928000
8182.839290,-3.16122000
8182.848770,-2.53684000
8182.858250,-0.40751400
8182.867730,1.02271000
8182.877200,2.21812000
8182.886680,3.66435000
8182.896160,4.19801000
8182.905630,3.78709000
8182.915110,2.67707000
8182.924590,0.89996500
8182.934070,-0.41818700
8182.943540,-0.70636600
8182.953020,-0.29010800
8182.962500,0.80924200
8182.971970,2.14340000
8182.981450,2.98126000
8182.990930,2.98659000
8183.000400,2.22345000
8183.009880,1.46031000
8183.019360,1.31089000
8183.028840,1.44430000
8183.038310,1.31089000
8183.047790,0.68649900
8183.057270,-0.05529520
8183.066740,-0.75973300
8183.076220,-1.87509000
8183.085700,-2.76631000
8183.095180,-2.79833000
8183.104650,-2.70227000
8183.114130,-2.31803000
8183.123610,-1.07459000
8183.133080,0.31827000
8183.142560,1.55637000
8183.152040,2.36221000
8183.161520,1.94061000
8183.170990,0.89462800
8183.180470,-0.22606800
8183.189950,-1.78437000
8183.199420,-3.05449000
8183.208900,-3.44407000
8183.218380,-3.29998000
8183.227850,-2.14192000
8183.237330,-0.02327530
8183.246810,1.36425000
8183.256290,1.49233000
8183.265760,1.25218000
8183.275240,0.59043900
8183.284720,-0.32746400
8183.294190,-0.45020700
8183.303670,0.01941790
8183.313150,1.01737000
8183.322630,2.86385000
8183.332100,3.59497000
8183.341580,2.92255000
8183.351060,2.86919000
8183.360530,2.51697000
8183.370010,1.88191000
8183.379490,2.36754000
8183.388970,2.31418000
8183.398440,2.25014000
8183.407920,2.70909000
8183.417400,2.10071000
8183.426870,4.75302000
8183.436350,9.81217000
8183.445830,12.07490000
8183.455300,22.25190000
8183.464780,38.79020000
8183.474260,34.70760000
8183.483740,13.16890000
8183.493210,2.34620000
8183.502690,0.64380600
8183.512170,-2.68626000
8183.521640,-2.68093000
8183.531120,-1.26671000
8183.540600,-2.28601000
8183.550080,-1.58158000
8183.559550,-0.51424700
8183.569030,-1.21868000
8183.578510,-1.13863000
8183.587980,-0.86646600
8183.597460,-0.89314900
8183.606940,-0.01260200
8183.616420,0.79323200
8183.625890,1.25752000
8183.635370,1.78051000
8183.644850,1.80719000
8183.654320,1.57238000
8183.663800,1.32690000
8183.673280,0.86260800
8183.682760,0.17418100
8183.692230,-0.59429700
8183.701710,-0.49823700
8183.711190,0.35562700
8183.720660,0.43034000
8183.730140,0.26490400
8183.739620,1.17213000
8183.749090,2.23946000
8183.758570,2.52764000
8183.768050,2.63971000
8183.777530,2.97592000
8183.787000,3.09333000
8183.796480,3.24809000
8183.805960,4.48085000
8183.815430,5.84170000
8183.824910,5.36140000
8183.834390,4.10195000
8183.843870,3.89382000
8183.853340,3.87248000
8183.862820,3.55762000
8183.872300,3.78709000
8183.881770,3.80310000
8183.891250,2.90121000
8183.900730,2.27148000
8183.910210,2.05802000
8183.919680,1.16146000
8183.929160,0.17418100
8183.938640,-0.14601800
8183.948110,-0.66901000
8183.957590,-1.37878000
8183.967070,-1.23469000
8183.976540,-0.64232600
8183.986020,-0.44487000
8183.995500,-0.31145400
8184.004980,0.25956700
8184.014450,1.17747000
8184.023930,1.95128000
8184.033410,2.37822000
8184.042880,2.62370000
8184.052360,2.34620000
8184.061840,1.48700000
8184.071320,0.76654900
8184.080790,0.15283400
8184.090270,-0.23674100
8184.099750,0.32894300
8184.109220,1.08675000
8184.118700,1.35892000
8184.128180,1.92460000
8184.137660,2.19677000
8184.147130,1.35892000
8184.156610,0.39298300
8184.166090,-0.40217700
8184.175560,-0.93050500
8184.185040,-0.32212800
8184.194520,0.45168600
8184.203990,0.48904300
8184.213470,0.96934100
8184.222950,1.45498000
8184.232430,0.86794500
8184.241900,0.85727100
8184.251380,2.04201000
8184.260860,2.50630000
8184.270330,2.03667000
8184.279810,1.71647000
8184.289290,1.57772000
8184.298770,1.55104000
8184.308240,1.54570000
8184.317720,1.33757000
8184.327200,1.41762000
8184.336670,1.75916000
8184.346150,1.73248000
8184.355630,1.31622000
8184.365110,0.56909300
8184.374580,0.18485400
8184.384060,1.11877000
8184.393540,2.06869000
8184.403010,2.02066000
8184.412490,2.31418000
8184.421970,2.71976000
8184.431440,1.83921000
8184.440920,0.42500300
8184.450400,-0.48756400
8184.459880,-0.97319800
8184.469350,-1.30407000
8184.478830,-1.27205000
8184.488310,-0.11933500
8184.497780,1.01203000
8184.507260,1.15079000
8184.516740,3.69637000
8184.526220,8.20583000
8184.535690,7.60813000
8184.545170,2.47961000
8184.554650,0.09413100
8184.564120,0.41966600
8184.573600,0.29692400
8184.583080,0.56909300
8184.592560,1.08675000
8184.602030,0.89996500
8184.611510,0.75587500
8184.620990,0.50505300
8184.630460,0.13682400
8184.639940,0.27557700
8184.649420,0.13148700
8184.658900,-0.29544400
8184.668370,-0.05529520
8184.677850,0.10480400
8184.687330,-0.27943400
8184.696800,-0.41818700
8184.706280,-0.37549400
8184.715760,-0.36482100
8184.725230,-0.03928520
8184.734710,0.72385500
8184.744190,1.46031000
8184.753670,1.22550000
8184.763140,0.40899300
8184.772620,0.02475450
8184.782100,-0.45020700
8184.791570,-0.42886000
8184.801050,1.36959000
8184.810530,2.61837000
8184.820010,1.79118000
8184.829480,1.47099000
8184.838960,2.08470000
8184.848440,1.74849000
8184.857910,0.93198500
8184.867390,0.54774600
8184.876870,0.59043900
8184.886350,1.07074000
8184.895820,1.32156000
8184.905300,1.03338000
8184.914780,0.51572600
8184.924250,-0.33280100
8184.933730,-0.81309900
8184.943210,-0.29544400
8184.952680,0.33961700
8184.962160,0.91597500
8184.971640,1.44964000
8184.981120,1.14545000
8184.990590,0.73986500
8185.000070,0.98535100
8185.009550,0.85193500
8185.019020,0.40899300
8185.028500,0.10480400
8185.037980,-0.76506900
8185.047460,-1.42681000
8185.056930,-1.11195000
8185.066410,-0.91983200
8185.075890,-0.71703900
8185.085360,0.05677440
8185.094840,0.37697300
8185.104320,0.15817100
8185.113800,-0.01260200
8185.123270,-0.47689000
8185.132750,-1.14397000
8185.142230,-1.73634000
8185.151700,-2.06721000
8185.161180,-1.45350000
8185.170660,-0.15669100
8185.180130,0.75587500
8185.189610,1.25752000
8185.199090,1.80719000
8185.208570,2.17542000
8185.218040,1.58839000
8185.227520,0.45168600
8185.237000,0.18485400
8185.246470,0.40365600
8185.255950,0.33961700
8185.265430,0.95866800
8185.274910,1.69513000
8185.284380,1.56705000
8185.293860,2.12739000
8185.303340,3.56829000
8185.312810,4.11796000
8185.322290,3.76041000
8185.331770,3.05597000
8185.341250,2.10071000
8185.350720,1.26819000
8185.360200,0.58510200
8185.369680,0.16350700
8185.379150,-0.17270100
8185.388630,-0.80242600
8185.398110,-0.83978200
8185.407580,-0.42886000
8185.417060,-0.94651500
8185.426540,-1.44282000
8185.436020,-1.05858000
8185.445490,-1.11729000
8185.454970,-1.27739000
8185.464450,-0.52492000
8185.473920,-0.03928520
8185.483400,-0.34347400
8185.492880,-0.33280100
8185.502360,0.22754700
8185.511830,0.92664800
8185.521310,1.68445000
8185.530790,2.13807000
8185.540260,1.83388000
8185.549740,1.09208000
8185.559220,0.49971600
8185.568700,0.00340795
8185.578170,-0.30078100
8185.587650,0.00340795
8185.597130,0.52106300
8185.606600,0.95333100
8185.616080,2.00999000
8185.625560,3.01861000
8185.635040,2.87986000
8185.644510,4.13931000
8185.653990,8.61676000
8185.663470,11.20500000
8185.672940,7.94968000
8185.682420,3.81911000
8185.691900,3.20006000
8185.701370,3.34949000
8185.710850,2.61837000
8185.720330,2.80515000
8185.729810,3.85647000
8185.739280,5.13726000
8185.748760,6.81297000
8185.758240,7.68818000
8185.767710,6.74359000
8185.777190,4.76903000
8185.786670,2.61837000
8185.796150,0.49437900
8185.805620,-1.54422000
8185.815100,-2.93175000
8185.824580,-3.58282000
8185.834050,-4.51673000
8185.843530,-4.96501000
8185.853010,-3.56147000
8185.862490,-2.03519000
8185.871960,-0.93050500
8185.881440,1.02804000
8185.890920,2.00999000
8185.900390,2.58101000
8185.909870,6.19926000
8185.919350,9.34788000
8185.928820,7.59212000
8185.938300,4.58759000
8185.947780,3.33881000
8185.957260,2.64505000
8185.966730,2.18076000
8185.976210,1.35358000
8185.985690,0.17951700
8185.995160,0.40899300
8186.004640,1.34824000
8186.014120,1.49767000
8186.023600,1.22016000
8186.033070,0.27557700
8186.042550,-0.77574300
8186.052030,-0.49290000
8186.061500,0.18485400
8186.070980,0.75053900
8186.080460,2.03667000
8186.089940,2.46360000
8186.099410,1.15079000
8186.108890,-0.05529520
8186.118370,-0.90915900
8186.127840,-1.91245000
8186.137320,-2.13125000
8186.146800,-1.78437000
8186.156270,-1.83774000
8186.165750,-1.98182000
8186.175230,-1.74701000
8186.184710,-1.39479000
8186.194180,-1.54422000
8186.203660,-1.97649000
8186.213140,-1.92312000
8186.222610,-1.72567000
8186.232090,-1.49619000
8186.241570,-0.70636600
8186.251050,0.30759700
8186.260520,1.47099000
8186.270000,2.39423000
8186.279480,2.27682000
8186.288950,1.98330000
8186.298430,1.79118000
8186.307910,1.50834000
8186.317390,1.82320000
8186.326860,1.41762000
8186.336340,0.31293400
8186.345820,0.35562700
8186.355290,-0.10866200
8186.364770,-0.98387200
8186.374250,-0.75973300
8186.383720,-1.17065000
8186.393200,-1.03724000
8186.402680,-0.68502000
8186.412160,-2.46746000
8186.421630,-2.24332000
8186.431110,-1.53355000
8186.440590,-3.54013000
8186.450060,-2.04586000
8186.459540,-0.98920800
8186.469020,-2.64891000
8186.478500,1.38026000
8186.487970,2.45293000
8186.497450,12.47520000
8186.506930,60.19010000
8186.516400,95.78560000
8186.525880,62.37810000
8186.535360,14.25760000
8186.544840,3.89382000
8186.554310,3.66435000
8186.563790,-0.79175200
8186.573270,-0.33280100
8186.582740,-1.46951000
8186.592220,-2.85170000
8186.601700,-0.53559300
8186.611180,0.27557700
8186.620650,1.07607000
8186.630130,2.45293000
8186.639610,1.78051000
8186.649080,1.35358000
8186.658560,0.87328100
8186.668040,-0.12467200
8186.677510,0.07278440
8186.686990,-0.31145400
8186.696470,-1.04791000
8186.705950,-0.73838600
8186.715420,-0.89848500
8186.724900,-0.85045600
8186.734380,-0.19404800
8186.743850,-0.13534500
8186.753330,0.00874460
8186.762810,-0.53025700
8186.772290,-1.66696000
8186.781760,-0.86112900
8186.791240,0.27557700
8186.800720,0.56909300
8186.810190,2.86919000
8186.819670,5.59621000
8186.829150,5.27068000
8186.838630,3.74973000
8186.848100,3.15737000
8186.857580,2.65572000
8186.867060,1.62575000
8186.876530,0.36096300
8186.886010,-0.56761300
8186.895490,-0.90382200
8186.904960,-1.06392000
8186.914440,-1.19734000
8186.923920,-1.04257000
8186.933400,-0.46088000
8186.942870,0.30759700
8186.952350,0.74520200
8186.961830,1.16146000
8186.971300,1.96729000
8186.980780,2.23413000
8186.990260,1.98864000
8186.999740,2.36221000
8187.009210,2.41024000
8187.018690,1.41228000
8187.028170,1.06006000
8187.037640,1.91926000
8187.047120,3.18405000
8187.056600,4.52888000
8187.066080,4.90245000
8187.075550,3.77108000
8187.085030,2.53832000
8187.094510,1.85522000
8187.103980,1.29488000
8187.113460,1.25218000
8187.122940,1.97797000
8187.132410,2.51163000
8187.141890,1.72715000
8187.151370,0.14749700
8187.160850,-0.48222700
8187.170320,0.01941790
8187.179800,0.78789500
8187.189280,1.94595000
8187.198750,3.18405000
8187.208230,3.85113000
8187.217710,4.33143000
8187.227190,4.04859000
8187.236660,2.48495000
8187.246140,1.30555000
8187.255620,0.73452900
8187.265090,-0.65300000
8187.274570,-1.89644000
8187.284050,-2.09389000
8187.293530,-2.30736000
8187.303000,-2.24332000
8187.312480,-1.33609000
8187.321960,-0.40751400
8187.331430,0.54240900
8187.340910,1.59907000
8187.350390,2.10605000
8187.359860,2.33019000
8187.369340,2.36221000
8187.378820,1.76450000
8187.388300,0.89462800
8187.397770,-0.11933500
8187.407250,-1.00522000
8187.416730,-1.02656000
8187.426200,-0.61030700
8187.435680,0.18485400
8187.445160,1.56705000
8187.454640,1.84455000
8187.464110,1.05473000
8187.473590,1.06540000
8187.483070,0.82525200
8187.492540,-0.21005800
8187.502020,-0.25808800
8187.511500,-0.02327530
8187.520980,-0.63699000
8187.530450,-1.11195000
8187.539930,-1.56557000
8187.549410,-1.92846000
8187.558880,-1.32008000
8187.568360,-0.93050500
8187.577840,-1.14397000
8187.587320,-0.48222700
8187.596790,0.38764700
8187.606270,0.45702300
8187.615750,0.44635000
8187.625220,0.08879430
8187.634700,-0.98920800
8187.644180,-1.73634000
8187.653650,-1.80038000
8187.663130,-1.69898000
8187.672610,-1.49619000
8187.682090,-0.91983200
8187.691560,-0.04462190
8187.701040,0.46236000
8187.710520,0.45702300
8187.719990,0.46769600
8187.729470,0.16884400
8187.738950,-0.49823700
8187.748430,-0.70636600
8187.757900,-0.71703900
8187.767380,-0.93050500
8187.776860,-0.93584200
8187.786330,-0.92516900
8187.795810,-0.96252500
8187.805290,-0.75973300
8187.814770,-0.54626700
8187.824240,0.01941790
8187.833720,0.85727100
8187.843200,0.79856800
8187.852670,0.31827000
8187.862150,0.32894300
8187.871630,0.05677440
8187.881100,-0.38616700
8187.890580,-0.23140500
8187.900060,-0.08197840
8187.909540,-0.20472100
8187.919010,-0.24741400
8187.928490,-0.33813700
8187.937970,-0.41285100
8187.947440,-0.44487000
8187.956920,-0.80242600
8187.966400,-1.37878000
8187.975880,-1.85375000
8187.985350,-1.90711000
8187.994830,-1.20801000
8188.004310,-0.42352400
8188.013780,-0.43419700
8188.023260,-0.50891000
8188.032740,0.07278440
8188.042220,0.69717200
8188.051690,1.26286000
8188.061170,2.10071000
8188.070650,2.50630000
8188.080120,2.30884000
8188.089600,2.38355000
8188.099080,2.55433000
8188.108550,1.97797000
8188.118030,1.23617000
8188.127510,1.63109000
8188.136990,2.77313000
8188.146460,3.11467000
8188.155940,2.69308000
8188.165420,2.57034000
8188.174890,2.41024000
8188.184370,1.55637000
8188.193850,0.24889400
8188.203330,-0.77040600
8188.212800,-0.24207800
8188.222280,1.19348000
8188.231760,0.88929100
8188.241230,-0.61564300
8188.250710,-0.99454500
8188.260190,-0.78107900
8188.269670,-0.38083100
8188.279140,0.59577600
8188.288620,0.85727100
8188.298100,0.58510200
8188.307570,1.25752000
8188.317050,1.99398000
8188.326530,2.25547000
8188.336000,3.01328000
8188.345480,3.81911000
8188.354960,4.04325000
8188.364440,4.02190000
8188.373910,3.72839000
8188.383390,3.44021000
8188.392870,3.44555000
8188.402340,3.04530000
8188.411820,2.27682000
8188.421300,2.01532000
8188.430780,2.00465000
8188.440250,1.32690000
8188.449730,0.08345770
8188.459210,-0.97319800
8188.468680,-1.62427000
8188.478160,-2.33938000
8188.487640,-2.78766000
8188.497120,-2.02452000
8188.506590,-0.69035600
8188.516070,0.08345770
8188.525550,0.60644900
8188.535020,1.12944000
8188.544500,1.64710000
8188.553980,1.92994000
8188.563450,0.83592500
8188.572930,-0.76506900
8188.582410,-0.60497000
8188.591890,0.29692400
8188.601360,0.59043900
8188.610840,1.20415000
8188.620320,1.78585000
8188.629790,1.55104000
8188.639270,1.14011000
8188.648750,1.23617000
8188.658230,2.23946000
8188.667700,3.07198000
8188.677180,2.55433000
8188.686660,1.87657000
8188.696130,1.53503000
8188.705610,1.18814000
8188.715090,1.60440000
8188.724570,1.85522000
8188.734040,1.04405000
8188.743520,0.53173600
8188.753000,0.37163700
8188.762470,0.28091400
8188.771950,0.89996500
8188.781430,1.42829000
8188.790910,1.42829000
8188.800380,1.52969000
8188.809860,1.35892000
8188.819340,0.72919200
8188.828810,0.06211110
8188.838290,-0.30611800
8188.847770,-0.20472100
8188.857240,-0.20472100
8188.866720,-0.18871100
8188.876200,0.64914200
8188.885680,1.33223000
8188.895150,1.01203000
8188.904630,0.68649900
8188.914110,0.91063800
8188.923580,1.66311000
8188.933060,2.50096000
8188.942540,2.47961000
8188.952020,2.20211000
8188.961490,2.13807000
8188.970970,1.40161000
8188.980450,1.01737000
8188.989920,1.61508000
8188.999400,1.24151000
8189.008880,0.27024000
8189.018360,0.06744770
8189.027830,-0.34881100
8189.037310,-0.50357400
8189.046790,0.27557700
8189.056260,0.38231000
8189.065740,-0.02861190
8189.075220,0.40365600
8189.084690,1.22016000
8189.094170,1.72181000
8189.103650,1.91393000
8189.113130,2.33019000
8189.122600,2.59168000
8189.132080,1.55104000
8189.141560,0.31827000
8189.151030,0.13148700
8189.160510,0.05677440
8189.169990,-0.19404800
8189.179470,-0.45020700
8189.188940,-0.71703900
8189.198420,-0.38083100
8189.207900,0.32894300
8189.217370,0.81991500
8189.226850,1.02804000
8189.236330,0.93198500
8189.245810,0.83058800
8189.255280,0.84659800
8189.264760,1.25752000
8189.274240,1.72715000
8189.283710,1.38026000
8189.293190,1.09208000
8189.302670,0.83058800
8189.312140,0.01941790
8189.321620,0.11547800
8189.331100,0.23822000
8189.340580,0.46769600
8189.350050,2.55966000
8189.359530,2.90654000
8189.369010,2.19677000
8189.378480,3.82978000
8189.387960,3.10934000
8189.397440,2.24480000
8189.406920,4.47552000
8189.416390,2.86385000
8189.425870,3.25343000
8189.435350,7.67751000
8189.444820,7.51741000
8189.454300,30.45970000
8189.463780,83.24980000
8189.473260,94.73960000
8189.482730,46.18140000
8189.492210,10.75140000
8189.501690,8.22184000
8189.511160,5.37208000
8189.520640,3.22141000
8189.530120,4.18734000
8189.539590,1.48700000
8189.549070,1.42296000
8189.558550,0.60644900
8189.568030,-0.56761300
8189.577500,2.78380000
8189.586980,2.04201000
8189.596460,2.74111000
8189.605930,6.49811000
8189.615410,3.56295000
8189.624890,5.60689000
8189.634370,7.55476000
8189.643840,1.68979000
8189.653320,5.72963000
8189.662800,4.79038000
8189.672270,-3.01180000
8189.681750,3.37083000
8189.691230,-1.43215000
8189.700710,-6.86486000
8189.710180,4.66230000
8189.719660,-3.49743000
8189.729140,-1.94447000
8189.738610,12.88070000
8189.748090,-4.06312000
8189.757570,4.05926000
8189.767050,16.33350000
8189.776520,-9.38909000
8189.786000,15.10080000
8189.795480,19.94110000
8189.804950,-8.31109000
8189.814430,59.97670000
8189.823910,64.41140000
8189.833380,203.27100000
8189.842860,907.54300000
8189.852340,1377.73000000
8189.861820,831.83200000
8189.871290,168.17700000
8189.880770,68.67540000
8189.890250,53.68470000
8189.899720,-9.46914000
8189.909200,23.02040000
8189.918680,11.29580000
8189.928160,-8.42316000
8189.937630,15.82120000
8189.947110,-1.38412000
8189.956590,-5.66411000
8189.966060,10.31380000
8189.975540,-3.99908000
8189.985020,0.10480400
8189.994500,8.00304000
8190.003970,-4.16985000
8190.013450,1.11877000
8190.022930,2.60769000
8190.032400,-4.72486000
8190.041880,2.71442000
8190.051360,2.66639000
8190.060830,-0.84511900
8190.070310,3.89916000
8190.079790,0.60111200
8190.089270,-1.51220000
8190.098740,1.10809000
8190.108220,-1.84841000
8190.117700,-1.45350000
8190.127170,0.56909300
8190.136650,-1.24537000
8190.146130,-0.25808800
8190.155610,0.12081400
8190.165080,-2.05654000
8190.174560,-1.94980000
8190.184040,-1.65629000
8190.193510,-1.95514000
8190.202990,-1.01056000
8190.212470,-0.19938500
8190.221950,-0.34881100
8190.231420,-0.40751400
8190.240900,0.19552700
8190.250380,0.15817100
8190.259850,-0.38083100
8190.269330,-0.18337500
8190.278810,-0.01793860
8190.288280,0.65981600
8190.297760,1.58839000
8190.307240,1.03338000
8190.316720,1.06540000
8190.326190,1.80186000
8190.335670,0.88929100
8190.345150,0.21153700
8190.354620,0.27024000
8190.364100,-0.11399800
8190.373580,0.46769600
8190.383060,1.01737000
8190.392530,0.01408120
8190.402010,-0.71170300
8190.411490,-0.53559300
8190.420960,-0.21005800
8190.430440,0.15817100
8190.439920,0.22754700
8190.449400,0.03009120
8190.458870,-0.54093000
8190.468350,-1.59759000
8190.477830,-1.72567000
8190.487300,-0.72771300
8190.496780,-0.14068200
8190.506260,1.12944000
8190.515730,3.77642000
8190.525210,4.28874000
8190.534690,1.97797000
8190.544170,0.60644900
8190.553640,0.99602400
8190.563120,1.71647000
8190.572600,2.45293000
8190.582070,3.04530000
8190.591550,4.34210000
8190.601030,6.19392000
8190.610510,5.92175000
8190.619980,3.60564000
8190.629460,1.74700000
8190.638940,0.58593600
8190.648410,-0.06747460
8190.657890,0.30446700
8190.667370,0.70154000
8190.676850,0.33462400
8190.686320,-0.03731720
8190.695800,-0.31376000
8190.705280,-0.55502000
8190.714750,-0.24841900
8190.724230,-0.22831400
8190.733710,-0.79627900
8190.743190,-0.33889200
8190.752660,0.56080500
8190.762140,0.57588400
8190.771620,0.98803600
8190.781090,1.52584000
8190.790570,0.80709100
8190.800050,-0.09763210
8190.809520,-0.80633200
8190.819000,-1.55022000
8190.828480,-1.37932000
8190.837960,-0.86664700
8190.847430,-0.66057100
8190.856910,-0.05742220
8190.866390,0.27431000
8190.875860,-0.18307800
8190.885340,-0.72088600
8190.894820,-1.41451000
8190.904300,-1.70603000
8190.913770,-0.61533500
8190.923250,0.79703800
8190.932730,1.49569000
8190.942200,1.83244000
8190.951680,1.70176000
8190.961160,1.39013000
8190.970640,1.76710000
8190.980110,1.94302000
8190.989590,1.06343000
8190.999070,0.38991300
8191.008540,0.17881100
8191.018020,-0.70580700
8191.027500,-1.64571000
8191.036970,-1.90708000
8191.046450,-2.26394000
8191.055930,-2.53033000
8191.065410,-1.95231000
8191.074880,-0.95209300
8191.084360,0.01294520
8191.093840,0.73672400
8191.103310,0.85232700
8191.112790,0.62614600
8191.122270,0.74175000
8191.131750,1.10364000
8191.141220,0.96290400
8191.150700,0.33462400
8191.160180,0.15870600
8191.169650,0.11849600
8191.179130,-0.19815700
8191.188610,1.32982000
8191.198090,4.91353000
8191.207560,6.55711000
8191.217040,4.93363000
8191.226520,2.60648000
8191.235990,0.78698600
8191.245470,-0.46454800
8191.254950,-1.30393000
8191.264420,-2.31923000
8191.273900,-2.56552000
8191.283380,-1.47985000
8191.292860,-0.41931100
8191.302330,0.46028000
8191.311810,1.52082000
8191.321290,1.88271000
8191.330760,1.47558000
8191.340240,0.60604100
8191.349720,-0.72088600
8191.359200,-1.52006000
8191.368670,-1.46980000
8191.378150,-1.28885000
8191.387630,-1.05764000
8191.397100,-0.92696200
8191.406580,-0.84151500
8191.416060,0.09839120
8191.425540,1.45548000
8191.435010,1.75705000
8191.444490,1.14385000
8191.453970,0.52562200
8191.463440,-0.07752710
8191.472920,-0.41428500
8191.482400,0.15870600
8191.491870,1.02825000
8191.501350,1.31474000
8191.510830,1.59118000
8191.520310,1.94805000
8191.529780,1.57611000
8191.539260,1.11369000
8191.548740,1.05840000
8191.558210,0.35975600
8191.567690,-0.61533500
8191.577170,-0.71083300
8191.586650,-0.47962600
8191.596120,-0.25847200
8191.605600,0.41504400
8191.615080,0.93777300
8191.624550,0.59598900
8191.634030,-0.08255340
8191.643510,-0.10768500
8191.652990,0.33965100
8191.662460,-0.09763210
8191.671940,-1.03754000
8191.681420,-0.38412800
8191.690890,1.29966000
8191.700370,1.49066000
8191.709850,0.31954600
8191.719330,-0.27857700
8191.728800,0.28938800
8191.738280,1.07348000
8191.747760,1.32479000
8191.757230,1.77213000
8191.766710,2.64669000
8191.776190,2.62156000
8191.785660,2.02344000
8191.795140,2.01339000
8191.804620,1.48563000
8191.814100,0.15870600
8191.823570,-0.66057100
8191.833050,-1.43964000
8191.842530,-2.07797000
8191.852000,-1.17325000
8191.861480,-0.10768500
8191.870960,-0.25847200
8191.880440,-0.12779000
8191.889910,0.51556900
8191.899390,0.38991300
8191.908870,-0.18307800
8191.918340,-0.12276300
8191.927820,1.15893000
8191.937300,2.71204000
8191.946780,2.69193000
8191.956250,1.79223000
8191.965730,1.91286000
8191.975210,2.56627000
8191.984680,2.72209000
8191.994160,2.47580000
8192.003640,2.09883000
8192.013110,1.67663000
8192.022590,0.95787800
8192.032070,0.13860100
8192.041550,-0.05239590
8192.051020,-0.00213354
8192.060500,-0.22328800
8192.069980,-0.13281600
8192.079450,0.11347000
8192.088930,-0.04234350
8192.098410,-0.38915400
8192.107890,-0.93198800
8192.117360,-1.34414000
8192.126840,-0.68067600
8192.136320,0.64122500
8192.145790,1.13882000
8192.155270,0.67640900
8192.164750,0.12352200
8192.174230,-0.37407500
8192.183700,-0.93198800
8192.193180,-1.03251000
8192.202660,-0.40423300
8192.212130,0.27431000
8192.221610,0.31452000
8192.231090,-0.04234350
8192.240560,-0.18810400
8192.250040,-0.32883900
8192.259520,-1.03251000
8192.269000,-2.12823000
8192.278470,-2.87212000
8192.287950,-2.53536000
8192.297430,-1.27377000
8192.306900,-0.03229100
8192.316380,0.90761600
8192.325860,1.48563000
8192.335340,1.28961000
8192.344810,0.83222200
8192.354290,0.66133000
8192.363770,0.20394200
8192.373240,-0.67062300
8192.382720,-1.31901000
8192.392200,-1.08277000
8192.401680,-0.21826200
8192.411150,-0.06747460
8192.420630,-0.43941600
8192.430110,-0.29365500
8192.439580,-0.27355000
8192.449060,-0.20318300
8192.458540,0.41001800
8192.468010,0.37986100
8192.477490,0.00791894
8192.486970,-0.10265800
8192.496450,-0.63544000
8192.505920,-0.88172500
8192.515400,-0.83146300
8192.524880,-0.46454800
8192.534350,1.22427000
8192.543830,1.66155000
8192.553310,3.42576000
8192.562790,14.20200000
8192.572260,23.92780000
8192.581740,17.48920000
8192.591220,5.46641000
8192.600690,2.39538000
8192.610170,2.85277000
8192.619650,1.39516000
8192.629130,0.72667100
8192.638600,0.83222200
8192.648080,0.99306200
8192.657560,1.50071000
8192.667030,1.46050000
8192.676510,1.22427000
8192.685990,1.43034000
8192.695460,1.61129000
8192.704940,1.48061000
8192.714420,0.85232700
8192.723900,0.42007100
8192.733370,0.47033300
8192.742850,-0.01721230
8192.752330,-0.28862900
8192.761800,0.25923100
8192.771280,-0.06747460
8192.780760,-0.59020400
8192.790240,-0.08757960
8192.799710,-0.07752710
8192.809190,0.21399500
8192.818670,1.99328000
8192.828140,2.62659000
8192.837620,1.93799000
8192.847100,2.41549000
8192.856580,2.89298000
8192.866050,2.04355000
8192.875530,1.07851000
8192.885010,0.35472900
8192.894480,-0.17302600
8192.903960,-0.21323600
8192.913440,-0.15794700
8192.922920,-0.17302600
8192.932390,-0.07250090
8192.941870,0.25420500
8192.951350,0.78196000
8192.960820,0.89756300
8192.970300,0.67138200
8192.979780,0.74175000
8192.989250,0.53064800
8192.998730,-0.30370800
8193.008210,-1.13304000
8193.017690,-1.90708000
8193.027160,-2.72636000
8193.036640,-3.05306000
8193.046120,-2.50520000
8193.055590,-1.70603000
8193.065070,-1.31901000
8193.074550,-0.64549200
8193.084030,0.32457200
8193.093500,0.31452000
8193.102980,0.19891600
8193.112460,1.15390000
8193.121930,1.70176000
8193.131410,1.52082000
8193.140890,1.62134000
8193.150370,1.45548000
8193.159840,1.20416000
8193.169320,1.70679000
8193.178800,1.83747000
8193.188270,1.12374000
8193.197750,0.75682900
8193.207230,0.53567400
8193.216700,-0.30370800
8193.226180,-1.03251000
8193.235660,-1.08277000
8193.245140,-0.93701400
8193.254610,-0.59020400
8193.264090,-0.21323600
8193.273570,-0.48465200
8193.283040,-0.73093800
8193.292520,-0.15292100
8193.302000,0.38488700
8193.311480,0.46028000
8193.320950,0.44520200
8193.330430,0.25923100
8193.339910,0.48038500
8193.349380,1.98826000
8193.358860,4.51143000
8193.368340,6.50182000
8193.377820,5.56191000
8193.387290,2.05862000
8193.396770,-0.18810400
8193.406250,0.03807640
8193.415720,0.84227500
8193.425200,1.45548000
8193.434680,1.58616000
8193.444150,1.34490000
8193.453630,1.47558000
8193.463110,1.11872000
8193.472590,-0.03229100
8193.482060,-0.53994100
8193.491540,-0.40423300
8193.501020,-0.36402300
8193.510490,-0.20318300
8193.519970,0.26425700
8193.529450,1.14385000
8193.538930,1.55097000
8193.548400,0.63117300
8193.557880,0.13860100
8193.567360,1.02825000
8193.576830,1.67160000
8193.586310,1.74700000
8193.595790,2.00334000
8193.605270,2.40544000
8193.614740,2.85277000
8193.624220,2.90303000
8193.633700,2.59141000
8193.643170,2.61151000
8193.652650,2.58638000
8193.662130,2.94827000
8193.671600,4.48630000
8193.681080,4.53656000
8193.690560,1.81234000
8193.700040,0.42007100
8193.709510,1.80229000
8193.718990,2.60146000
8193.728470,2.00836000
8193.737940,1.72689000
8193.747420,2.04355000
8193.756900,2.28983000
8193.766380,1.95307000
8193.775850,1.28458000
8193.785330,0.57085800
8193.794810,-0.36904900
8193.804280,-0.89680400
8193.813760,-1.03754000
8193.823240,-1.38435000
8193.832720,-1.12801000
8193.842190,-0.92193500
8193.851670,-1.42959000
8193.861150,-0.80130600
8193.870620,0.02802390
8193.880100,0.26928300
8193.889580,2.02847000
8193.899060,3.10408000
8193.908530,2.02344000
8193.918010,1.15893000
8193.927490,-0.23334100
8193.936960,-0.77617400
8193.946440,0.25923100
8193.955920,-0.33889200
8193.965390,1.43537000
8193.974870,3.67205000
8193.984350,1.21422000
8193.993830,12.35740000
8194.003300,36.63410000
8194.012780,35.63890000
8194.022260,11.35720000
8194.031730,0.99808800
8194.041210,2.16418000
8194.050690,-0.44946900
8194.060170,-0.47460000
8194.069640,1.58113000
8194.079120,1.22930000
8194.088600,1.73695000
8194.098070,2.12899000
8194.107550,1.74197000
8194.117030,2.10386000
8194.126510,1.50071000
8194.135980,0.56080500
8194.145460,0.12352200
8194.154940,-0.95209300
8194.164410,-1.49493000
8194.173890,-1.27377000
8194.183370,-0.98727600
8194.192840,-0.29868200
8194.202320,0.34970300
8194.211800,2.51601000
8194.221280,6.49679000
8194.230750,7.57241000
8194.240230,4.84819000
8194.249710,2.28983000
8194.259180,0.90761600
8194.268660,-0.07752710
8194.278140,-0.67565000
8194.287620,-0.85156800
8194.297090,-0.71083300
8194.306570,-0.90685700
8194.316050,-1.21848000
8194.325520,-0.95711900
8194.335000,-0.89177800
8194.344480,-0.89177800
8194.353960,-0.27355000
8194.363430,-0.14789400
8194.372910,-0.46454800
8194.382390,-0.15292100
8194.391860,-0.07250090
8194.401340,-0.48465200
8194.410820,-0.55502000
8194.420290,-0.80130600
8194.429770,-1.28885000
8194.439250,-1.56027000
8194.448730,-2.32928000
8194.458200,-3.17369000
8194.467680,-3.12343000
8194.477160,-2.95756000
8194.486630,-2.62080000
8194.496110,-1.41451000
8194.505590,-0.43439000
8194.515070,0.13357500
8194.524540,0.97798300
8194.534020,1.09861000
8194.543500,0.72164500
8194.552970,1.25443000
8194.562450,1.77716000
8194.571930,1.56103000
8194.581410,1.63139000
8194.590880,1.75202000
8194.600360,1.30971000
8194.609840,0.69148700
8194.619310,0.01294520
8194.628790,-0.59020400
8194.638270,-0.78622700
8194.647740,-0.78622700
8194.657220,-0.81135800
8194.666700,-0.82643700
8194.676180,-0.76109600
8194.685650,-0.75104300
8194.695130,-1.11293000
8194.704610,-1.51503000
8194.714080,-1.51503000
8194.723560,-1.16822000
8194.733040,-0.14789400
8194.742520,1.02825000
8194.751990,1.00311000
8194.761470,0.51054300
8194.770950,0.59096300
8194.780420,0.38991300
8194.789900,0.06823380
8194.799380,0.43012300
8194.808860,0.74677600
8194.818330,0.70656600
8194.827810,0.70656600
8194.837290,0.73169700
8194.846760,0.96290400
8194.856240,1.11369000
8194.865720,0.85232700
8194.875200,1.00814000
8194.884670,1.82742000
8194.894150,2.50596000
8194.903630,2.60146000
8194.913100,2.10386000
8194.922580,1.30469000
8194.932060,0.43012300
8194.941530,-0.25344600
8194.951010,-0.41931100
8194.960490,-0.73093800
8194.969970,-1.46477000
8194.979440,-1.76132000
8194.988920,-1.48990000
8194.998400,0.07326000
8195.007870,3.26492000
8195.017350,4.89845000
8195.026830,3.02366000
8195.036310,0.07326000
8195.045780,-1.39440000
8195.055260,-1.11796000
8195.064740,-0.83146300
8195.074210,-0.94706700
8195.083690,-0.00715978
8195.093170,0.84730100
8195.102650,3.74744000
8195.112120,13.25710000
8195.121600,20.23850000
8195.131080,14.28240000
8195.140550,4.98390000
8195.150030,2.34512000
8195.159510,2.24460000
8195.168980,2.16418000
8195.178460,2.87790000
8195.187940,2.86282000
8195.197420,2.50596000
8195.206890,2.09381000
8195.216370,1.12374000
8195.225850,0.68143500
8195.235320,0.24917800
8195.244800,-0.47460000
8195.254280,-0.20820900
8195.263760,0.18383700
8195.273230,0.25923100
8195.282710,0.57588400
8195.292190,0.31452000
8195.301660,0.22404700
8195.311140,0.87745800
8195.320620,0.81714300
8195.330100,0.77190700
8195.339570,1.22930000
8195.349050,0.67640900
8195.358530,0.13357500
8195.368000,0.70154000
8195.377480,1.17401000
8195.386960,1.38008000
8195.396430,1.34490000
8195.405910,0.80206500
8195.415390,0.68646100
8195.424870,1.16395000
8195.434340,1.62134000
8195.443820,1.90784000
8195.453300,1.90784000
8195.462770,2.23454000
8195.472250,2.77235000
8195.481730,2.29486000
8195.491210,1.93297000
8195.500680,2.70701000
8195.510160,2.61654000
8195.519640,1.42029000
8195.529110,0.75682900
8195.538590,0.09336500
8195.548070,-0.43439000
8195.557550,0.74175000
8195.567020,2.26973000
8195.576500,2.10386000
8195.585980,1.59621000
8195.595450,1.83747000
8195.604930,1.26448000
8195.614410,-0.15292100
8195.623880,-0.81638400
8195.633360,-1.29388000
8195.642840,-2.26897000
8195.652320,-2.14331000
8195.661790,-0.83146300
8195.671270,-0.32381300
8195.680750,-0.57009900
8195.690220,-0.41931100
8195.699700,-0.02726470
8195.709180,0.39493900
8195.718660,0.93274700
8195.728130,1.72187000
8195.737610,3.02366000
8195.747090,3.81781000
8195.756560,3.27497000
8195.766040,3.00858000
8195.775520,3.93844000
8195.785000,4.58682000
8195.794470,4.24001000
8195.803950,3.35539000
8195.813430,2.20941000
8195.822900,1.63642000
8195.832380,2.23957000
8195.841860,2.98345000
8195.851340,2.79246000
8195.860810,1.98323000
8195.870290,1.13882000
8195.879770,0.49043800
8195.889240,0.39996600
8195.898720,0.57588400
8195.908200,0.40499200
8195.917670,0.34467700
8195.927150,0.70154000
8195.936630,1.11369000
8195.946110,1.77716000
8195.955580,2.03349000
8195.965060,0.99808800
8195.974540,0.10844400
8195.984010,0.06320760
8195.993490,-0.20318300
8196.002970,-0.00715978
8196.012450,0.76688100
8196.021920,0.52562200
8196.031400,0.27431000
8196.040880,1.11872000
8196.050350,1.54595000
8196.059830,1.83747000
8196.069310,2.72711000
8196.078790,2.55120000
8196.088260,1.71684000
8196.097740,1.76208000
8196.107220,1.25443000
8196.116690,-0.14789400
8196.126170,-0.35397000
8196.135650,0.46028000
8196.145120,0.55577900
8196.154600,-0.09260580
8196.164080,-0.69575500
8196.173560,-1.33911000
8196.183030,-2.21870000
8196.192510,-2.81180000
8196.201990,-2.96259000
8196.211460,-2.90227000
8196.220940,-2.33933000
8196.230420,-1.93724000
8196.239900,-2.43986000
8196.249370,-2.49515000
8196.258850,-1.76132000
8196.268330,-1.58540000
8196.277800,-1.47482000
8196.287280,-1.12801000
8196.296760,-1.29388000
8196.306240,-0.86664700
8196.315710,0.25420500
8196.325190,0.59598900
8196.334670,1.01317000
8196.344140,1.70176000
8196.353620,1.28458000
8196.363100,0.84730100
8196.372570,1.02825000
8196.382050,1.24437000
8196.391530,2.32502000
8196.401010,3.28503000
8196.410480,5.02913000
8196.419960,11.32700000
8196.429440,15.94110000
8196.438910,10.95000000
8196.448390,4.14954000
8196.457870,2.72209000
8196.467350,1.71684000
8196.476820,-0.12779000
8196.486300,-0.31878700
8196.495780,-0.66057100
8196.505250,-1.18833000
8196.514730,-0.62036100
8196.524210,-0.04234350
8196.533690,0.85232700
8196.543160,2.76732000
8196.552640,4.45111000
8196.562120,4.83813000
8196.571590,4.51646000
8196.581070,5.34579000
8196.590550,6.87879000
8196.600020,6.68276000
8196.609500,6.80842000
8196.618980,9.56280000
8196.628460,9.92469000
8196.637930,5.01908000
8196.647410,0.62614600
8196.656890,0.11849600
8196.666360,0.95285200
8196.675840,2.15412000
8196.685320,3.67707000
8196.694800,4.36567000
8196.704270,4.80295000
8196.713750,5.33573000
8196.723230,4.71750000
8196.732700,3.40063000
8196.742180,2.36523000
8196.751660,1.54092000
8196.761140,1.49066000
8196.770610,2.06868000
8196.780090,2.19936000
8196.789570,2.48585000
8196.799040,3.11916000
8196.808520,2.62659000
8196.818000,1.80731000
8196.827480,2.30491000
8196.836950,2.68690000
8196.846430,2.28481000
8196.855910,2.81256000
8196.865380,3.54639000
8196.874860,3.00858000
8196.884340,2.66177000
8196.893810,3.33529000
8196.903290,3.81781000
8196.912770,3.86807000
8196.922250,3.73739000
8196.931720,2.89298000
8196.941200,1.44542000
8196.950680,0.66635600
8196.960150,0.71661900
8196.969630,0.28436200
8196.979110,0.03305010
8196.988590,1.83244000
8196.998060,4.02891000
8197.007540,3.75247000
8197.017020,2.12397000
8197.026490,1.41527000
8197.035970,1.03830000
8197.045450,0.32959800
8197.054930,0.28938800
8197.064400,0.87243200
8197.073880,1.09861000
8197.083360,0.96290400
8197.092830,0.86740600
8197.102310,0.88751100
8197.111790,0.74175000
8197.121260,0.51054300
8197.130740,0.81714300
8197.140220,1.12374000
8197.149700,1.14385000
8197.159170,1.56103000
8197.168650,1.42532000
8197.178130,0.90259000
8197.187600,1.51579000
8197.197080,1.38511000
8197.206560,-0.57512500
8197.216040,-2.19357000
8197.225510,-3.49034000
8197.234990,-4.89266000
8197.244470,-4.64135000
8197.253940,-2.14331000
8197.263420,1.83747000
8197.272900,6.26559000
8197.282380,10.18610000
8197.291850,13.29230000
8197.301330,15.15200000
8197.310810,15.54400000
8197.320280,15.09670000
8197.329760,14.27740000
8197.339240,13.04600000
8197.348710,11.23150000
8197.358190,8.78876000
8197.367670,5.70767000
8197.377150,2.71204000
8197.386620,0.81714300
8197.396100,-0.79627900
8197.405580,-2.38960000
8197.415050,-2.32426000
8197.424530,-1.24864000
8197.434010,-0.60025600
8197.443490,-0.07250090
8197.452960,-0.36904900
8197.462440,-1.89200000
8197.471920,-2.80678000
8197.481390,-2.28405000
8197.490870,-1.77137000
8197.500350,-1.89703000
8197.509830,-1.22351000
8197.519300,-0.37910100
8197.528780,-1.06267000
8197.538260,-1.69598000
8197.547730,-1.45974000
8197.557210,-0.97722400
8197.566690,0.43012300
8197.576160,1.36500000
8197.585640,1.19914000
8197.595120,1.75202000
8197.604600,2.07873000
8197.614070,1.48563000
8197.623550,1.04835000
8197.633030,0.72164500
8197.642500,0.87745800
8197.651980,1.32982000
8197.661460,1.42532000
8197.670940,1.19411000
8197.680410,0.48038500
8197.689890,0.64625100
8197.699370,1.69171000
8197.708840,1.72689000
8197.718320,1.55600000
8197.727800,1.88271000
8197.737280,2.79748000
8197.746750,4.02891000
8197.756230,3.09403000
8197.765710,1.22427000
8197.775180,1.15390000
8197.784660,1.52082000
8197.794140,1.35998000
8197.803610,0.92772100
8197.813090,0.76688100
8197.822570,0.19891600
8197.832050,-1.45974000
8197.841520,-1.56529000
8197.851000,-1.59545000
8197.860480,-2.35944000
8197.869950,-0.01721230
8197.879430,1.05338000
8197.888910,0.28938800
8197.898390,2.12899000
8197.907860,1.11872000
8197.917340,-0.20318300
8197.926820,1.93799000
8197.936290,0.97798300
8197.945770,0.98300900
8197.955250,2.49088000
8197.964730,0.10341700
8197.974200,-0.24339300
8197.983680,-0.18810400
8197.993160,-2.07294000
8198.002630,-1.10791000
8198.012110,-0.91690900
8198.021590,-1.56529000
8198.031070,-0.94706700
8198.040540,-0.77617400
8198.050020,-2.14331000
8198.059500,-4.91780000
8198.068970,-2.39462000
8198.078450,-2.17347000
8198.087930,-5.79236000
8198.097400,1.33485000
8198.106880,-1.57032000
8198.116360,-7.51636000
8198.125840,4.89342000
8198.135310,-3.45013000
8198.144790,-7.47112000
8198.154270,8.96468000
8198.163740,-9.03931000
8198.173220,-3.64113000
8198.182700,15.57420000
8198.192180,-14.21630000
8198.201650,5.81323000
8198.211130,17.57970000
8198.220610,-25.32940000
8198.230080,15.35300000
8198.239560,10.21620000
8198.249040,-34.93950000
8198.258520,33.70380000
8198.267990,-2.08802000
8198.277470,-34.97970000
8198.286950,58.16150000
8198.296420,-29.17440000
8198.305900,-26.18380000
8198.315380,82.50360000
8198.324850,-72.90770000
8198.334330,11.77940000
8198.343810,105.47900000
8198.353290,-146.29600000
8198.362760,117.30000000
8198.372240,82.31260000
8198.381720,-92.59550000
8198.391190,2456.10000000
8198.400670,5120.26000000
8198.410150,3167.55000000
8198.419630,152.46400000
8198.429100,-16.46810000
8198.438580,190.33100000
8198.448060,-150.12600000
8198.457530,57.67900000
8198.467010,58.37260000
8198.476490,-90.96700000
8198.485970,67.93750000
8198.495440,3.70723000
8198.504920,-52.02870000
8198.514400,55.80420000
8198.523870,-20.99170000
8198.533350,-22.44430000
8198.542830,41.45930000
8198.552300,-26.69650000
8198.561780,-2.88719000
8198.571260,24.68680000
8198.580740,-26.14360000
8198.590210,5.73281000
8198.599690,10.32180000
8198.609170,-19.39340000
8198.618640,10.79420000
8198.628120,2.84272000
8198.637600,-10.21550000
8198.647080,12.82990000
8198.656550,0.35472900
8198.666030,-4.79214000
8198.675510,6.61742000
8198.684980,-4.25433000
8198.694460,-2.24384000
8198.703940,2.94324000
8198.713420,-4.71172000
8198.722890,-1.18833000
8198.732370,2.20941000
8198.741850,0.53567400
8198.751320,3.00356000
8198.760800,2.69193000
8198.770280,0.58593600
8198.779750,0.37986100
8198.789230,0.75682900
8198.798710,-0.44946900
8198.808190,-1.76634000
8198.817660,0.25420500
8198.827140,-0.10265800
8198.836620,-0.97722400
8198.846090,1.42532000
8198.855570,-0.33386500
8198.865050,-1.54016000
8198.874530,0.27431000
8198.884000,-1.74624000
8198.893480,-1.72111000
8198.902960,-0.58015100
8198.912430,-3.05306000
8198.921910,-2.40970000
8198.931390,-1.44466000
8198.940870,-3.27924000
8198.950340,-2.51525000
8198.959820,-1.39943000
8198.969300,-1.60550000
8198.978770,-0.79125300
8198.988250,0.29441500
8198.997730,1.44542000
8199.007210,2.25967000
8199.016680,2.07873000
8199.026160,0.86740600
8199.035640,-0.89177800
8199.045110,-1.74121000
8199.054590,-2.28907000
8199.064070,-2.20865000
8199.073540,-0.76109600
8199.083020,-0.10265800
8199.092500,0.95787800
8199.101980,3.04879000
8199.111450,3.64692000
8199.120930,3.95352000
8199.130410,3.49110000
8199.139880,1.23432000
8199.149360,0.22404700
8199.158840,0.04310260
8199.168320,0.03305010
8199.177790,1.26448000
8199.187270,1.54092000
8199.196750,1.55097000
8199.206220,2.58638000
8199.215700,2.12899000
8199.225180,1.58616000
8199.234660,2.86282000
8199.244130,3.35037000
8199.253610,2.71204000
8199.263090,2.50596000
8199.272560,2.21444000
8199.282040,1.80229000
8199.291520,2.12899000
8199.300990,2.45067000
8199.310470,2.01841000
8199.319950,1.73192000
8199.329430,1.83747000
8199.338900,2.07370000
8199.348380,2.57130000
8199.357860,2.53109000
8199.367330,2.20439000
8199.376810,2.45067000
8199.386290,2.32502000
8199.395770,1.84250000
8199.405240,1.51076000
8199.414720,0.75682900
8199.424200,0.26425700
8199.433670,0.14865400
8199.443150,-0.42936400
8199.452630,-1.06267000
8199.462110,-1.70100000
8199.471580,-2.14834000
8199.481060,-1.91713000
8199.490540,-1.85179000
8199.500010,-1.38435000
8199.509490,0.77693300
8199.518970,3.01864000
8199.528440,3.55142000
8199.537920,2.94827000
8199.547400,1.99328000
8199.556880,0.54070000
8199.566350,-0.65554500
8199.575830,-0.05742220
8199.585310,1.79726000
8199.594780,3.59163000
8199.604260,5.24526000
8199.613740,6.07962000
8199.623220,6.12988000
8199.632690,6.68779000
8199.642170,6.93910000
8199.651650,6.33595000
8199.661120,6.39627000
8199.670600,6.89889000
8199.680080,7.07481000
8199.689560,7.21555000
8199.699030,5.56694000
8199.708510,1.73192000
8199.717990,-0.56004600
8199.727460,-0.69575500
8199.736940,-1.22854000
8199.746420,-1.33911000
8199.755890,-0.69072800
8199.765370,-1.09283000
8199.774850,-1.22854000
8199.784330,-0.14286800
8199.793800,0.43514900
8199.803280,0.87745800
8199.812760,1.94302000
8199.822230,2.52104000
8199.831710,2.22449000
8199.841190,1.65653000
8199.850670,1.60626000
8199.860140,1.85255000
8199.869620,1.39013000
8199.879100,0.75682900
8199.888570,0.49043800
8199.898050,0.18383700
8199.907530,0.15870600
8199.917010,0.32457200
8199.926480,0.19891600
8199.935960,-0.40423300
8199.945440,-1.67587000
8199.954910,-2.24384000
8199.964390,-1.90205000
8199.973870,-2.73641000
8199.983350,-3.56071000
8199.992820,-2.72133000
8200.002300,-2.25389000
8200.011780,-1.87189000
8200.021250,0.05315510
8200.030730,1.57611000
8200.040210,1.85255000
8200.049680,2.22449000
8200.059160,2.44564000
8200.068640,2.23454000
8200.078120,2.17423000
8200.087590,2.65675000
8200.097070,3.38555000
8200.106550,2.91811000
8200.116020,1.63642000
8200.125500,1.68668000
8200.134980,2.56125000
8200.144460,3.48105000
8200.153930,4.59688000
8200.163410,3.54136000
8200.172890,0.70656600
8200.182360,-0.19815700
8200.191840,-0.56004600
8200.201320,-2.15839000
8200.210800,-2.40970000
8200.220270,-1.88697000
8200.229750,-1.90205000
8200.239230,-0.20820900
8200.248700,1.84752000
8200.258180,1.32479000
8200.267660,0.29441500
8200.277130,0.21902100
8200.286610,-0.46957400
8200.296090,-1.44466000
8200.305570,-1.56027000
8200.315040,-1.24361000
8200.324520,-0.84151500
8200.334000,-0.42936400
8200.343470,-0.05742220
8200.352950,0.30949300
8200.362430,0.25420500
8200.371910,0.01797140
8200.381380,0.38488700
8200.390860,0.74677600
8200.400340,0.83222200
8200.409810,1.60626000
8200.419290,2.54617000
8200.428770,2.81256000
8200.438250,2.96837000
8200.447720,2.57633000
8200.457200,1.11872000
8200.466680,-0.10768500
8200.476150,-0.28360300
8200.485630,-0.00715978
8200.495110,0.04812890
8200.504580,-0.02223850
8200.514060,0.61106800
8200.523540,1.77716000
8200.533020,2.38030000
8200.542490,2.47580000
8200.551970,2.55120000
8200.561450,2.49591000
8200.570920,2.23957000
8200.580400,1.64145000
8200.589880,1.23432000
8200.599360,1.96313000
8200.608830,2.82764000
8200.618310,2.64167000
8200.627790,2.50093000
8200.637260,2.75225000
8200.646740,2.24962000
8200.656220,1.40521000
8200.665700,0.85735300
8200.675170,0.21399500
8200.684650,-0.17805200
8200.694130,-0.30370800
8200.703600,-0.49470500
8200.713080,0.46530700
8200.722560,2.75727000
8200.732030,4.76777000
8200.741510,6.00422000
8200.750990,6.44150000
8200.760470,6.04443000
8200.769940,5.43626000
8200.779420,4.56672000
8200.788900,3.45592000
8200.798370,2.60648000
8200.807850,1.45548000
8200.817330,0.05315510
8200.826810,-0.72591200
8200.836280,-1.20843000
8200.845760,-1.41953000
8200.855240,-0.95711900
8200.864710,-0.54496700
8200.874190,-0.47962600
8200.883670,-0.43439000
8200.893150,-0.27857700
8200.902620,0.41504400
8200.912100,1.33485000
8200.921580,1.85255000
8200.931050,2.38030000
8200.940530,2.85277000
8200.950010,2.87790000
8200.959490,2.62156000
8200.968960,1.74700000
8200.978440,0.79201200
8200.987920,0.83724800
8200.997390,0.91264200
8201.006870,0.55075300
8201.016350,0.61609400
8201.025820,0.61106800
8201.035300,0.47535900
8201.044780,0.68143500
8201.054260,0.52059500
8201.063730,0.42509700
8201.073210,0.71661900
8201.082690,0.16373200
8201.092160,-0.42433800
8201.101640,-0.08757960
8201.111120,-0.14286800
8201.120600,-0.14789400
8201.130070,0.85735300
8201.139550,1.50071000
8201.149030,1.28961000
8201.158500,0.80709100
8201.167980,0.14865400
8201.177460,0.13357500
8201.186940,0.66635600
8201.196410,0.47033300
8201.205890,-0.02726470
8201.215370,0.03807640
8201.224840,-0.00715978
8201.234320,-0.39920600
8201.243800,-0.21323600
8201.253270,0.42509700
8201.262750,0.44520200
8201.272230,0.24917800
8201.281710,0.83222200
8201.291180,1.49066000
8201.300660,1.43034000
8201.310140,1.02322000
8201.319610,0.39996600
8201.329090,-0.37407500
8201.338570,-1.00236000
8201.348050,-1.37932000
8201.357520,-1.08780000
8201.367000,-0.25344600
8201.376480,0.44520200
8201.385950,1.19411000
8201.395430,2.08376000
8201.404910,2.92816000
8201.414390,3.67205000
8201.423860,3.35037000
8201.433340,2.02344000
8201.442820,1.26448000
8201.452290,0.68143500
8201.461770,-0.24841900
8201.471250,-0.46454800
8201.480720,-0.50475700
8201.490200,-0.90183000
8201.499680,-0.73093800
8201.509160,-0.35397000
8201.518630,-0.18810400
8201.528110,0.13860100
8201.537590,0.20394200
8201.547060,0.19389000
8201.556540,0.46530700
8201.566020,0.30446700
8201.575500,0.16875900
8201.584970,1.28961000
8201.594450,3.38555000
8201.603930,4.88840000
8201.613400,4.37069000
8201.622880,2.96335000
8201.632360,2.70701000
8201.641840,2.56125000
8201.651310,1.25443000
8201.660790,0.06320760
8201.670270,-0.35899700
8201.679740,-0.33386500
8201.689220,0.03305010
8201.698700,0.20394200
8201.708170,0.04812890
8201.717650,-0.17302600
8201.727130,-0.48465200
8201.736610,-0.40423300
8201.746080,0.11347000
8201.755560,0.26425700
8201.765040,0.22404700
8201.774510,0.57588400
8201.783990,1.14385000
8201.793470,1.20919000
8201.802950,0.19891600
8201.812420,-0.80130600
8201.821900,-0.64549200
8201.831380,0.04310260
8201.840850,1.19914000
8201.850330,2.52104000
8201.859810,2.81256000
8201.869290,2.69193000
8201.878760,2.24460000
8201.888240,1.18406000
8201.897720,1.46553000
8201.907190,2.41046000
8201.916670,2.82764000
8201.926150,3.48105000
8201.935620,1.88773000
8201.945100,3.17948000
8201.954580,16.31810000
8201.964060,26.49620000
8201.973530,17.39370000
8201.983010,4.65719000
8201.992490,2.41046000
8202.001960,2.38030000
8202.011440,1.25443000
8202.020920,2.08376000
8202.030400,2.70701000
8202.039870,2.77235000
8202.049350,3.07392000
8202.058830,2.22449000
8202.068300,0.53064800
8202.077780,-0.25344600
8202.087260,0.00791894
8202.096740,-0.18810400
8202.106210,0.09839120
8202.115690,1.09861000
8202.125170,-0.48967900
8202.134640,1.84752000
8202.144120,14.63430000
8202.153600,21.38950000
8202.163080,11.45770000
8202.172550,1.93799000
8202.182030,1.32982000
8202.191510,1.05840000
8202.200980,0.20896800
8202.210460,0.48038500
8202.219940,-0.09763210
8202.229410,-0.37910100
8202.238890,0.05818130
8202.248370,0.33965100
8202.257850,0.85735300
8202.267320,1.21422000
8202.276800,1.97318000
8202.286280,3.15937000
8202.295750,2.77235000
8202.305230,1.54595000
8202.314710,0.97295700
8202.324190,0.20896800
8202.333660,-0.40925900
8202.343140,-0.11271100
8202.352620,0.13860100
8202.362090,-0.04736970
8202.371570,-0.29868200
8202.381050,-0.75606900
8202.390530,-1.43461000
8202.400000,-1.58540000
8202.409480,-0.77114800
8202.418960,0.07326000
8202.428430,0.43514900
8202.437910,1.27453000
8202.447390,2.63162000
8202.456860,2.99351000
8202.466340,2.28983000
8202.475820,2.37025000
8202.485300,3.32021000
8202.494770,3.53634000
8202.504250,3.58157000
8202.513730,3.94849000
8202.523200,2.93822000
8202.532680,1.20416000
8202.542160,0.42509700
8202.551640,-0.30873400
8202.561110,-0.73093800
8202.570590,-0.14789400
8202.580070,-0.49973100
8202.589540,-1.57032000
8202.599020,-1.53011000
8202.608500,-1.45472000
8202.617980,-1.70603000
8202.627450,-0.95711900
8202.636930,0.07326000
8202.646410,0.49546400
8202.655880,0.59598900
8202.665360,0.41001800
8202.674840,0.47535900
8202.684310,0.71159200
8202.693790,0.04310260
8202.703270,-0.81638400
8202.712750,-1.01241000
8202.722220,-1.48487000
8202.731700,-1.83671000
8202.741180,-1.16822000
8202.750650,-0.71585900
8202.760130,-0.65554500
8202.769610,0.20394200
8202.779090,1.07348000
8202.788560,0.88751100
8202.798040,0.05818130
8202.807520,-0.79125300
8202.816990,-0.77114800
8202.826470,0.26928300
8202.835950,0.98300900
8202.845430,0.86238000
8202.854900,0.51556900
8202.864380,0.02299770
8202.873860,-0.61533500
8202.883330,-0.96717100
8202.892810,-0.65051800
8202.902290,0.23410000
8202.911760,0.90259000
8202.921240,0.66133000
8202.930720,0.01797140
8202.940200,0.39493900
8202.949670,1.88271000
8202.959150,2.60648000
8202.968630,1.73695000
8202.978100,0.54572700
8202.987580,0.14362700
8202.997060,0.50049000
8203.006540,0.83724800
8203.016010,1.00311000
8203.025490,2.19936000
8203.034970,3.78765000
8203.044440,3.87812000
8203.053920,3.07392000
8203.063400,2.09883000
8203.072880,0.67138200
8203.082350,-0.08255340
8203.091830,-0.32381300
8203.101310,-1.26372000
8203.110780,-1.74121000
8203.120260,-1.50498000
8203.129740,-1.99252000
8203.139220,-2.60070000
8203.148690,-2.74143000
8203.158170,-2.84196000
8203.167650,-2.45494000
8203.177120,-1.73619000
8203.186600,-1.08277000
8203.196080,-0.21826200
8203.205550,-0.02726470
8203.215030,-0.57009900
8203.224510,-0.16799900
8203.233990,0.64122500
8203.243460,0.38991300
8203.252940,-0.21323600
8203.262420,-0.46454800
8203.271890,-0.26349800
8203.281370,0.64122500
8203.290850,1.51579000
8203.300330,1.88773000
8203.309800,2.08878000
8203.319280,1.58113000
8203.328760,0.50049000
8203.338230,-0.20820900
8203.347710,-0.76612200
8203.357190,-0.63544000
8203.366670,0.64625100
8203.376140,0.63117300
8203.385620,-1.20340000
8203.395100,-1.82163000
8203.404570,-0.92696200
8203.414050,-0.43439000
8203.423530,-0.27857700
8203.433000,-0.12779000
8203.442480,-0.20318300
8203.451960,-0.45449500
8203.461440,-1.00236000
8203.470910,-1.50498000
8203.480390,-1.67587000
8203.489870,-1.82163000
8203.499340,-1.41451000
8203.508820,-0.30873400
8203.518300,0.39996600
8203.527780,0.68646100
8203.537250,0.97798300
8203.546730,0.77190700
8203.556210,0.27431000
8203.565680,0.14362700
8203.575160,0.11849600
8203.584640,0.09336500
8203.594120,0.49546400
8203.603590,0.96290400
8203.613070,1.02322000
8203.622550,1.42029000
8203.632020,2.26470000
8203.641500,2.02344000
8203.650980,0.81211700
8203.660450,0.16373200
8203.669930,-0.27857700
8203.679410,-0.48465200
8203.688890,0.73672400
8203.698360,2.40041000
8203.707840,3.50618000
8203.717320,4.76777000
8203.726790,5.42118000
8203.736270,4.85321000
8203.745750,4.11436000
8203.755230,3.05885000
8203.764700,1.47055000
8203.774180,0.25420500
8203.783660,-0.76109600
8203.793130,-1.64571000
8203.802610,-1.96739000
8203.812090,-2.23378000
8203.821570,-2.04781000
8203.831040,-0.89680400
8203.840520,-0.22328800
8203.850000,-0.55502000
8203.859470,-0.99732900
8203.868950,-1.55524000
8203.878430,-1.88195000
8203.887900,-1.23859000
8203.897380,-0.23334100
8203.906860,0.48038500
8203.916340,0.68646100
8203.925810,0.05818130
8203.935290,-0.89680400
8203.944770,-1.26372000
8203.954240,-0.89680400
8203.963720,-0.22831400
8203.973200,-0.15794700
8203.982680,-0.68067600
8203.992150,-0.40423300
8204.001630,0.41504400
8204.011110,0.22907300
8204.020580,-0.20820900
8204.030060,0.16373200
8204.039540,0.21399500
8204.049020,-0.26852400
8204.058490,-0.19313100
8204.067970,0.30949300
8204.077450,0.69651400
8204.086920,0.67640900
8204.096400,0.02299770
8204.105880,-0.53491500
8204.115360,-0.62036100
8204.124830,-0.89177800
8204.134310,-1.30393000
8204.143790,-1.50498000
8204.153260,-1.34917000
8204.162740,-0.51983600
8204.172220,0.48541200
8204.181690,0.93777300
8204.191170,1.04332000
8204.200650,0.88248500
8204.210130,0.33462400
8204.219600,-0.40925900
8204.229080,-0.94706700
8204.238560,-0.73596400
8204.248030,-0.37910100
8204.257510,-0.60025600
8204.266990,-0.11773700
8204.276470,1.23432000
8204.285940,1.42532000
8204.295420,0.43514900
8204.304900,-0.26852400
8204.314370,-0.41428500
8204.323850,-0.16799900
8204.333330,0.07828630
8204.342810,0.14865400
8204.352280,0.73169700
8204.361760,1.45045000
8204.371240,1.50071000
8204.380710,1.84752000
8204.390190,2.82764000
8204.399670,2.72711000
8204.409140,1.38511000
8204.418620,0.61609400
8204.428100,0.53567400
8204.437580,0.50049000
8204.447050,1.09861000
8204.456530,1.47558000
8204.466010,0.18383700
8204.475480,-1.24864000
8204.484960,-1.41953000
8204.494440,-1.34917000
8204.503920,-1.39943000
8204.513390,-1.33911000
8204.522870,-1.62561000
8204.532350,-2.09305000
8204.541820,-2.15336000
8204.551300,-1.67084000
8204.560780,-0.91690900
8204.570260,-0.08757960
8204.579730,1.05840000
8204.589210,2.13402000
8204.598690,2.58135000
8204.608160,2.81759000
8204.617640,2.43559000
8204.627120,1.11872000
8204.636590,0.07828630
8204.646070,-0.75104300
8204.655550,-1.59043000
8204.665030,-1.49995000
8204.674500,-1.57032000
8204.683980,-2.54038000
8204.693460,-2.75651000
8204.702930,-2.35441000
8204.712410,-2.04781000
8204.721890,-1.17325000
8204.731370,-0.48465200
8204.740840,-0.62036100
8204.750320,-0.64549200
8204.759800,-0.32381300
8204.769270,0.11849600
8204.778750,0.32959800
8204.788230,0.17881100
8204.797710,0.35975600
8204.807180,0.43514900
8204.816660,-0.10768500
8204.826140,-0.21323600
8204.835610,0.03807640
8204.845090,-0.00213354
8204.854570,0.04310260
8204.864040,-0.26852400
8204.873520,-0.99732900
8204.883000,-1.04256000
8204.892480,-0.70580700
8204.901950,-0.58015100
8204.911430,-0.19313100
8204.920910,0.38488700
8204.930380,0.79703800
8204.939860,1.30971000
8204.949340,2.13904000
8204.958820,2.98848000
8204.968290,3.74241000
8204.977770,5.17489000
8204.987250,7.18539000
8204.996720,8.06498000
8205.006200,7.21555000
8205.015680,5.49155000
8205.025160,3.64692000
8205.034630,2.47078000
8205.044110,2.12899000
8205.053590,2.10889000
8205.063060,2.10386000
8205.072540,1.44040000
8205.082020,0.18886400
8205.091500,-0.36402300
8205.100970,-0.36402300
8205.110450,-0.41931100
8205.119930,0.25420500
8205.129400,1.29464000
8205.138880,1.48061000
8205.148360,1.43537000
8205.157830,1.91789000
8205.167310,2.26973000
8205.176790,1.75705000
8205.186270,0.79201200
8205.195740,0.86740600
8205.205220,1.76208000
8205.214700,1.52082000
8205.224170,0.96793100
8205.233650,1.50071000
8205.243130,1.58616000
8205.252610,1.30469000
8205.262080,1.77213000
8205.271560,1.66658000
8205.281040,1.29464000
8205.290510,1.52082000
8205.299990,1.02825000
8205.309470,0.97295700
8205.318950,1.98826000
8205.328420,1.77213000
8205.337900,1.30469000
8205.347380,1.23432000
8205.356850,1.65653000
8205.366330,7.59754000
8205.375810,15.43850000
8205.385280,13.56870000
8205.394760,5.75794000
8205.404240,2.23454000
8205.413720,0.75682900
8205.423190,-1.13806000
8205.432670,-0.82141100
8205.442150,0.37483400
8205.451620,0.65630400
8205.461100,0.54070000
8205.470580,0.36478200
8205.480060,0.53064800
8205.489530,0.53064800
8205.499010,0.22404700
8205.508490,0.04812890
8205.517960,-0.90183000
8205.527440,-1.91713000
8205.536920,-1.78142000
8205.546400,-0.86664700
8205.555870,2.86282000
8205.565350,8.59274000
8205.574830,9.13557000
8205.584300,3.93341000
8205.593780,0.24415200
8205.603260,-0.53994100
8205.612730,-1.45472000
8205.622210,-0.79125300
8205.631690,3.60671000
8205.641170,7.14518000
8205.650640,5.26537000
8205.660120,1.72187000
8205.669600,0.64122500
8205.679070,0.03305010
8205.688550,-0.92193500
8205.698030,-0.83648900
8205.707510,-0.53994100
8205.716980,-0.13784200
8205.726460,0.87745800
8205.735940,1.37003000
8205.745410,1.41527000
8205.754890,1.66155000
8205.764370,1.52584000
8205.773850,0.92269500
8205.783320,-0.11773700
8205.792800,-1.47985000
8205.802280,-1.95734000
8205.811750,-1.46477000
8205.821230,-1.02246000
8205.830710,-0.40423300
8205.840180,0.95787800
8205.849660,2.37025000
8205.859140,2.64167000
8205.868620,2.02847000
8205.878090,1.71684000
8205.887570,1.27453000
8205.897050,0.15870600
8205.906520,-0.40423300
8205.916000,-0.13784200
8205.925480,0.12854900
8205.934960,0.43514900
8205.944430,0.56583100
8205.953910,0.24415200
8205.963390,-0.19815700
8205.972860,-0.80633200
8205.982340,-1.28382000
8205.991820,-1.21848000
8206.001300,-1.13806000
8206.010770,-0.85156800
8206.020250,-0.13784200
8206.029730,0.43012300
8206.039200,1.39013000
8206.048680,2.68188000
8206.058160,2.54114000
8206.067640,1.20919000
8206.077110,0.15368000
8206.086590,-0.76612200
8206.096070,-1.65577000
8206.105540,-2.05284000
8206.115020,-2.05284000
8206.124500,-1.88697000
8206.133970,-1.41953000
8206.143450,-0.58517700
8206.152930,-0.26852400
8206.162410,-1.23356000
8206.171880,-2.25389000
8206.181360,-2.52028000
8206.190840,-2.77662000
8206.200310,-2.30918000
8206.209790,-0.78622700
8206.219270,-0.15292100
8206.228750,-0.13784200
8206.238220,0.80709100
8206.247700,1.38511000
8206.257180,1.29966000
8206.266650,2.19936000
8206.276130,2.99853000
8206.285610,2.52606000
8206.295090,1.72689000
8206.304560,0.74175000
8206.314040,0.29944100
8206.323520,0.67640900
8206.332990,0.22404700
8206.342470,0.09839120
8206.351950,1.01317000
8206.361420,0.67138200
8206.370900,0.45022800
8206.380380,1.08856000
8206.389860,0.67138200
8206.399330,1.01819000
8206.408810,1.45045000
8206.418290,0.35975600
8206.427760,0.89253700
8206.437240,1.06846000
8206.446720,-0.67565000
8206.456200,-0.69575500
8206.465670,-1.33911000
8206.475150,-2.09808000
8206.484630,0.27933600
8206.494100,4.02891000
8206.503580,12.58860000
8206.513060,17.70030000
8206.522540,8.83399000
8206.532010,6.18014000
8206.541490,10.40720000
8206.550970,12.00050000
8206.560440,55.08040000
8206.569920,123.07000000
8206.579400,113.62100000
8206.588870,42.97220000
8206.598350,10.55300000
8206.607830,10.17600000
8206.617310,3.46597000
8206.626780,2.71706000
8206.636260,4.70745000
8206.645740,1.19411000
8206.655210,1.39516000
8206.664690,1.39516000
8206.674170,-0.53994100
8206.683650,0.83724800
8206.693120,1.17903000
8206.702600,0.50049000
8206.712080,1.22427000
8206.721550,0.82217000
8206.731030,0.74677600
8206.740510,1.00814000
8206.749990,0.30949300
8206.759460,0.90761600
8206.768940,1.32479000
8206.778420,0.61609400
8206.787890,1.27956000
8206.797370,1.65653000
8206.806850,0.73672400
8206.816320,0.63619900
8206.825800,0.82719600
8206.835280,0.83222200
8206.844760,1.51076000
8206.854230,1.80229000
8206.863710,0.87243200
8206.873190,-0.24339300
8206.882660,-0.63041300
8206.892140,-0.47962600
8206.901620,-0.10768500
8206.911100,0.64122500
8206.920570,1.50574000
8206.930050,1.64647000
8206.939530,0.83724800
8206.949000,0.10341700
8206.958480,0.30446700
8206.967960,0.64122500
8206.977440,0.77190700
8206.986910,1.29464000
8206.996390,1.40019000
8207.005870,0.40499200
8207.015340,-0.90183000
8207.024820,-2.00258000
8207.034300,-2.36447000
8207.043770,-1.93724000
8207.053250,-1.56529000
8207.062730,-0.83146300
8207.072210,0.51556900
8207.081680,1.55600000
8207.091160,2.35517000
8207.100640,2.96335000
8207.110110,2.79748000
8207.119590,2.18931000
8207.129070,1.63642000
8207.138550,1.39013000
8207.148020,1.44040000
8207.157500,1.34490000
8207.166980,1.36500000
8207.176450,1.76208000
8207.185930,2.10386000
8207.195410,2.18931000
8207.204890,1.35495000
8207.214360,-0.14286800
8207.223840,-0.63041300
8207.233320,-0.91690900
8207.242790,-2.04781000
8207.252270,-2.03776000
8207.261750,-0.77617400
8207.271230,-0.09260580
8207.280700,0.41504400
8207.290180,1.19411000
8207.299660,1.85255000
8207.309130,2.38533000
8207.318610,2.39036000
8207.328090,2.23454000
8207.337560,2.28983000
8207.347040,1.80229000
8207.356520,1.47055000
8207.366000,1.80731000
8207.375470,1.48563000
8207.384950,0.68646100
8207.394430,0.10341700
8207.403900,-0.42433800
8207.413380,-0.04736970
8207.422860,0.63619900
8207.432340,0.38991300
8207.441810,0.63619900
8207.451290,1.37003000
8207.460770,1.16395000
8207.470240,1.04835000
8207.479720,1.07348000
8207.489200,0.47033300
8207.498680,0.52562200
8207.508150,0.86238000
8207.517630,0.44017600
8207.527110,0.49043800
8207.536580,0.67640900
8207.546060,0.06320760
8207.555540,0.04310260
8207.565010,0.79201200
8207.574490,1.38511000
8207.583970,1.83747000
8207.593450,1.52584000
8207.602920,0.51556900
8207.612400,-0.00715978
8207.621880,-0.09763210
8207.631350,0.16373200
8207.640830,0.90761600
8207.650310,1.10867000
8207.659790,0.84227500
8207.669260,0.99306200
8207.678740,1.06846000
8207.688220,1.35495000
8207.697690,2.50596000
8207.707170,3.11916000
8207.716650,2.59141000
8207.726130,2.23454000
8207.735600,1.94805000
8207.745080,1.09861000
8207.754560,0.87243200
8207.764030,1.76710000
8207.773510,2.37528000
8207.782990,2.42051000
8207.792460,2.61654000
8207.801940,2.51601000
8207.811420,1.95307000
8207.820900,1.48563000
8207.830370,0.50049000
8207.839850,-1.16822000
8207.849330,-2.26897000
8207.858800,-2.41975000
8207.868280,-2.10813000
8207.877760,-1.94226000
8207.887240,-2.20363000
8207.896710,-1.70100000
8207.906190,-0.22328800
8207.915670,0.59598900
8207.925140,0.90259000
8207.934620,1.09359000
8207.944100,0.19891600
8207.953580,-0.97219800
8207.963050,-1.70100000
8207.972530,-2.49012000
8207.982010,-2.08802000
8207.991480,-0.61030800
8208.000960,-0.05742220
8208.010440,0.32457200
8208.019910,1.12374000
8208.029390,0.93274700
8208.038870,0.23912600
8208.048350,-0.33889200
8208.057820,-1.25367000
8208.067300,-1.77640000
8208.076780,-1.75629000
8208.086250,-1.80153000
8208.095730,-1.49493000
8208.105210,-0.83648900
8208.114690,-0.15292100
8208.124160,0.44520200
8208.133640,0.44017600
8208.143120,0.34970300
8208.152590,0.55577900
8208.162070,-0.02726470
8208.171550,-1.02749000
8208.181030,-1.30393000
8208.190500,-1.34917000
8208.199980,-0.98225000
8208.209460,0.17881100
8208.218930,0.81211700
8208.228410,0.88751100
8208.237890,1.60626000
8208.247370,2.16920000
8208.256840,1.74197000
8208.266320,1.24940000
8208.275800,1.02322000
8208.285270,0.72164500
8208.294750,0.52059500
8208.304230,0.33462400
8208.313700,0.03807640
8208.323180,-0.16297300
8208.332660,-0.37407500
8208.342140,-0.57009900
8208.351610,-0.80633200
8208.361090,-1.41953000
8208.370570,-1.75126000
8208.380040,-1.27377000
8208.389520,-0.60528200
8208.399000,0.38991300
8208.408480,1.78721000
8208.417950,2.50093000
8208.427430,2.68690000
8208.436910,3.02366000
8208.446380,2.71204000
8208.455860,1.79223000
8208.465340,1.39516000
8208.474820,1.19411000
8208.484290,0.73169700
8208.493770,0.86238000
8208.503250,1.60124000
8208.512720,2.07873000
8208.522200,2.57633000
8208.531680,2.95832000
8208.541150,2.31999000
8208.550630,1.62134000
8208.560110,1.55600000
8208.569590,1.00814000
8208.579060,0.56583100
8208.588540,0.76185500
8208.598020,0.15368000
8208.607490,-0.47962600
8208.616970,-0.01218600
8208.626450,0.09839120
8208.635930,0.29944100
8208.645400,1.50574000
8208.654880,1.57108000
8208.664360,0.65127800
8208.673830,1.04835000
8208.683310,1.84250000
8208.692790,1.90784000
8208.702270,1.74700000
8208.711740,0.85735300
8208.721220,-0.21826200
8208.730700,-0.23334100
8208.740170,0.11849600
8208.749650,0.90259000
8208.759130,2.45067000
8208.768600,3.59665000
8208.778080,4.53153000
8208.787560,5.06432000
8208.797040,4.39080000
8208.806510,4.02388000
8208.815990,3.60671000
8208.825470,2.52104000
8208.834940,2.94827000
8208.844420,2.91309000
8208.853900,1.30469000
8208.863380,1.35998000
8208.872850,0.81714300
8208.882330,-0.68570200
8208.891810,0.09336500
8208.901280,-0.41931100
8208.910760,-0.63041300
8208.920240,2.44062000
8208.929720,2.76230000
8208.939190,3.56650000
8208.948670,6.06956000
8208.958150,8.91944000
8208.967620,37.00100000
8208.977100,81.70940000
8208.986580,80.02560000
8208.996050,34.71910000
8209.005530,9.07023000
8209.015010,7.10497000
8209.024490,3.25990000
8209.033960,1.36500000
8209.043440,1.15390000
8209.052920,-1.26372000
8209.062390,-1.10288000
8209.071870,-1.16319000
8209.081350,-1.63566000
8209.090830,0.41001800
8209.100300,0.49043800
8209.109780,-0.18307800
8209.119260,1.30971000
8209.128730,1.78721000
8209.138210,2.69696000
8209.147690,4.86327000
8209.157170,4.76274000
8209.166640,3.64692000
8209.176120,3.15434000
8209.185600,2.62659000
8209.195070,2.82764000
8209.204550,3.10911000
8209.214030,2.72711000
8209.223510,2.67183000
8209.232980,3.31016000
8209.242460,4.09425000
8209.251940,3.80273000
8209.261410,5.05929000
8209.270890,10.77410000
8209.280370,13.16660000
8209.289840,7.07984000
8209.299320,1.23432000
8209.308800,-0.24841900
8209.318280,-0.85659400
8209.327750,-0.49973100
8209.337230,0.17881100
8209.346710,0.54070000
8209.356180,1.37003000
8209.365660,0.33965100
8209.375140,-1.67084000
8209.384620,-2.09808000
8209.394090,-2.29410000
8209.403570,-1.54519000
8209.413050,-0.24339300
8209.422520,0.05818130
8209.432000,1.22930000
8209.441480,1.30971000
8209.450960,0.28938800
8209.460430,1.06343000
8209.469910,-0.21323600
8209.479390,-0.64549200
8209.488860,2.16920000
8209.498340,1.24940000
8209.507820,4.64714000
8209.517290,10.65850000
8209.526770,10.80430000
8209.536250,45.76180000
8209.545730,113.80200000
8209.555200,119.14500000
8209.564680,53.42180000
8209.574160,11.37730000
8209.583630,7.16026000
8209.593110,1.91286000
8209.602590,-0.17805200
8209.612070,1.54595000
8209.621540,-1.27377000
8209.631020,-0.88172500
8209.640500,0.64122500
8209.649970,-0.45449500
8209.659450,0.48038500
8209.668930,0.89253700
8209.678410,0.59598900
8209.687880,2.03852000
8209.697360,1.66155000
8209.706840,0.41001800
8209.716310,0.59096300
8209.725790,0.09336500
8209.735270,-0.45449500
8209.744740,-0.32883900
8209.754220,-0.59020400
8209.763700,-0.78622700
8209.773180,-0.81638400
8209.782650,-0.28360300
8209.792130,1.20416000
8209.801610,2.39538000
8209.811080,2.80251000
8209.820560,2.42554000
8209.830040,1.23935000
8209.839520,0.21902100
8209.848990,-0.58015100
8209.858470,-1.30896000
8209.867950,-1.20340000
8209.877420,-0.40423300
8209.886900,0.50049000
8209.896380,1.04332000
8209.905860,0.88248500
8209.915330,0.55577900
8209.924810,0.30949300
8209.934290,0.43514900
8209.943760,1.65150000
8209.953240,2.97340000
8209.962720,3.61173000
8209.972190,4.15959000
8209.981670,3.83791000
8209.991150,2.72711000
8210.000630,2.54617000
8210.010100,2.48083000
8210.019580,1.57611000
8210.029060,1.11872000
8210.038530,1.13380000
8210.048010,1.41527000
8210.057490,2.48585000
8210.066970,3.00858000
8210.076440,2.28983000
8210.085920,1.68166000
8210.095400,1.58113000
8210.104870,1.50574000
8210.114350,1.10364000
8210.123830,0.65630400
8210.133310,1.09359000
8210.142780,1.51076000
8210.152260,0.90761600
8210.161740,0.76688100
8210.171210,1.08353000
8210.180690,0.58593600
8210.190170,0.12352200
8210.199650,-0.12779000
8210.209120,-0.89680400
8210.218600,-1.66582000
8210.228080,-2.09305000
8210.237550,-1.47985000
8210.247030,0.37483400
8210.256510,1.35998000
8210.265980,1.37506000
8210.275460,2.05360000
8210.284940,2.23957000
8210.294420,1.12374000
8210.303890,0.05818130
8210.313370,-0.84151500
8210.322850,-1.77640000
8210.332320,-2.11818000
8210.341800,-1.91713000
8210.351280,-1.72613000
8210.360760,-1.77640000
8210.370230,-1.51001000
8210.379710,-0.63041300
8210.389190,-0.17302600
8210.398660,-0.23334100
8210.408140,0.11347000
8210.417620,0.30949300
8210.427100,0.16373200
8210.436570,0.42509700
8210.446050,0.31954600
8210.455530,-0.73596400
8210.465000,-1.54016000
8210.474480,-1.35419000
8210.483960,-0.65554500
8210.493430,-0.18307800
8210.502910,0.20394200
8210.512390,1.52082000
8210.521870,3.09906000
8210.531340,3.25487000
8210.540820,2.56125000
8210.550300,2.39538000
8210.559770,2.57130000
8210.569250,2.53109000
8210.578730,2.21946000
8210.588210,1.81234000
8210.597680,1.50071000
8210.607160,1.33485000
8210.616640,1.11872000
8210.626110,0.35975600
8210.635590,-0.71585900
8210.645070,-1.05764000
8210.654550,-0.86664700
8210.664020,-0.73093800
8210.673500,-0.17302600
8210.682980,0.58091000
8210.692450,1.36500000
8210.701930,2.84272000
8210.711410,3.80273000
8210.720880,2.81759000
8210.730360,1.25443000
8210.739840,0.15870600
8210.749320,-1.12801000
8210.758790,-2.28405000
8210.768270,-2.38960000
8210.777750,-1.72613000
8210.787220,-1.15314000
8210.796700,-0.78120100
8210.806180,-0.21826200
8210.815660,0.30949300
8210.825130,0.45022800
8210.834610,0.52059500
8210.844090,0.67640900
8210.853560,0.75682900
8210.863040,0.75682900
8210.872520,0.66635600
8210.882000,0.54572700
8210.891470,0.34467700
8210.900950,0.00289270
8210.910430,-0.01218600
8210.919900,0.13860100
8210.929380,-0.42936400
8210.938860,-1.33409000
8210.948330,-1.48487000
8210.957810,-1.02749000
8210.967290,-0.96717100
8210.976770,-1.66582000
8210.986240,-2.13326000
8210.995720,-1.23859000
8211.005200,0.31954600
8211.014670,1.24940000
8211.024150,1.68668000
8211.033630,1.92292000
8211.043110,1.64647000
8211.052580,0.84227500
8211.062060,-0.29868200
8211.071540,-1.36424000
8211.081010,-2.02268000
8211.090490,-2.64594000
8211.099970,-2.93746000
8211.109450,-2.24886000
8211.118920,-1.63064000
8211.128400,-1.40445000
8211.137880,-0.39418000
8211.147350,0.65630400
8211.156830,0.76185500
8211.166310,0.74175000
8211.175790,0.59598900
8211.185260,0.02299770
8211.194740,-0.49973100
8211.204220,-0.42936400
8211.213690,2.54617000
8211.223170,8.13535000
8211.232650,9.93474000
8211.242120,6.39627000
8211.251600,3.91331000
8211.261080,3.97865000
8211.270560,3.36042000
8211.280030,2.61151000
8211.289510,2.61151000
8211.298990,2.42554000
8211.308460,2.43057000
8211.317940,2.23957000
8211.327420,1.23432000
8211.336900,0.72667100
8211.346370,0.42509700
8211.355850,-0.30873400
8211.365330,0.29441500
8211.374800,1.72689000
8211.384280,2.15412000
8211.393760,2.78743000
8211.403240,3.61173000
8211.412710,3.34032000
8211.422190,3.20963000
8211.431670,3.07895000
8211.441140,1.97820000
8211.450620,1.44542000
8211.460100,1.37506000
8211.469570,1.59118000
8211.479050,4.34556000
8211.488530,6.90895000
8211.498010,4.85321000
8211.507480,1.54092000
8211.516960,0.74677600
8211.526440,0.39996600
8211.535910,-0.54496700
8211.545390,-0.89177800
8211.554870,-1.18833000
8211.564350,-1.95231000
8211.573820,-2.40970000
8211.583300,-2.57054000
8211.592780,-2.77159000
8211.602250,-2.27399000
8211.611730,-0.92193500
8211.621210,0.21902100
8211.630690,1.04332000
8211.640160,1.86763000
8211.649640,2.06365000
8211.659120,1.59118000
8211.668590,0.95285200
8211.678070,0.05818130
8211.687550,-0.76109600
8211.697020,-0.87167300
8211.706500,-0.32381300
8211.715980,0.42509700
8211.725460,0.56080500
8211.734930,-0.12779000
8211.744410,-0.71585900
8211.753890,-0.97219800
8211.763360,-1.46477000
8211.772840,-1.78142000
8211.782320,-1.31901000
8211.791800,-0.85659400
8211.801270,-1.12298000
8211.810750,-1.39943000
8211.820230,-1.28382000
8211.829700,-1.47482000
8211.839180,-1.75126000
8211.848660,-1.42959000
8211.858140,-0.95209300
8211.867610,-0.38915400
8211.877090,0.62112000
8211.886570,1.31474000
8211.896040,1.23935000
8211.905520,1.05338000
8211.915000,0.94279900
8211.924470,0.33462400
8211.933950,-1.02246000
8211.943430,-2.47504000
8211.952910,-3.26919000
8211.962380,-3.65118000
8211.971860,-3.90752000
8211.981340,-3.75673000
8211.990810,-3.36469000
8212.000290,-2.66101000
8212.009770,-1.21346000
8212.019250,0.16875900
8212.028720,0.63117300
8212.038200,0.57085800
8212.047680,0.34970300
8212.057150,0.16373200
8212.066630,0.14865400
8212.076110,0.15368000
8212.085590,0.51556900
8212.095060,0.89756300
8212.104540,0.41504400
8212.114020,0.11347000
8212.123490,0.75180200
8212.132970,0.93777300
8212.142450,0.82719600
8212.151920,1.40019000
8212.161400,1.75202000
8212.170880,1.68166000
8212.180360,1.78721000
8212.189830,1.50574000
8212.199310,0.88751100
8212.208790,0.82719600
8212.218260,1.23432000
8212.227740,1.37506000
8212.237220,0.73169700
8212.246700,-0.16297300
8212.256170,-0.47460000
8212.265650,-0.89177800
8212.275130,-1.89703000
8212.284600,-2.48007000
8212.294080,-2.34436000
8212.303560,-1.82666000
8212.313040,-0.63544000
8212.322510,1.07348000
8212.331990,2.40544000
8212.341470,2.74219000
8212.350940,2.35517000
8212.360420,2.22449000
8212.369900,2.71706000
8212.379380,3.21466000
8212.388850,3.14429000
8212.398330,2.66177000
8212.407810,2.77738000
8212.417280,3.83289000
8212.426760,4.11938000
8212.436240,2.91309000
8212.445710,2.08878000
8212.455190,1.91789000
8212.464670,0.77693300
8212.474150,-0.46957400
8212.483620,-0.50978400
8212.493100,-0.62538700
8212.502580,-1.16319000
8212.512050,-1.03251000
8212.521530,-0.44946900
8212.531010,0.31452000
8212.540490,1.19411000
8212.549960,1.66155000
8212.559440,1.88271000
8212.568920,1.49066000
8212.578390,0.41001800
8212.587870,0.20896800
8212.597350,0.12352200
8212.606830,-1.02749000
8212.616300,-0.86664700
8212.625780,0.38991300
8212.635260,0.06823380
8212.644730,-0.45952100
8212.654210,-0.03229100
8212.663690,0.16875900
8212.673160,0.54070000
8212.682640,1.16898000
8212.692120,1.41527000
8212.701600,1.62134000
8212.711070,1.43034000
8212.720550,0.93274700
8212.730030,0.88248500
8212.739500,0.54572700
8212.748980,-0.19815700
8212.758460,-0.53994100
8212.767940,-0.63041300
8212.777410,-0.47962600
8212.786890,-0.32381300
8212.796370,-0.45952100
8212.805840,0.11849600
8212.815320,1.27956000
8212.824800,1.88271000
8212.834280,2.30491000
8212.843750,2.48083000
8212.853230,1.79223000
8212.862710,1.39013000
8212.872180,1.75202000
8212.881660,1.58616000
8212.891140,0.78196000
8212.900610,0.25923100
8212.910090,0.07326000
8212.919570,-0.24841900
8212.929050,-0.64549200
8212.938520,-0.27857700
8212.948000,0.50049000
8212.957480,0.52562200
8212.966950,0.58593600
8212.976430,1.25945000
8212.985910,1.63642000
8212.995390,2.20439000
8213.004860,2.84774000
8213.014340,2.42051000
8213.023820,1.78721000
8213.033290,1.12877000
8213.042770,0.05315510
8213.052250,-0.37407500
8213.061730,-1.03754000
8213.071200,-2.37954000
8213.080680,-2.26897000
8213.090160,-1.27377000
8213.099630,-0.92696200
8213.109110,-0.28360300
8213.118590,0.64625100
8213.128060,0.73672400
8213.137540,0.34467700
8213.147020,0.41504400
8213.156500,0.44520200
8213.165970,0.27431000
8213.175450,0.74175000
8213.184930,0.51054300
8213.194400,-0.05239590
8213.203880,1.06846000
8213.213360,0.86238000
8213.222840,-0.24339300
8213.232310,0.89253700
8213.241790,0.74677600
8213.251270,0.50551700
8213.260740,1.94302000
8213.270220,0.91766800
8213.279700,1.25443000
8213.289180,1.96815000
8213.298650,-1.00738000
8213.308130,0.46028000
8213.317610,1.59621000
8213.327080,-1.01743000
8213.336560,2.93822000
8213.346040,2.28983000
8213.355520,-1.92216000
8213.364990,2.88795000
8213.374470,-0.75606900
8213.383950,-2.06792000
8213.393420,7.77848000
8213.402900,1.35495000
8213.412380,10.99530000
8213.421850,35.32230000
8213.431330,34.35220000
8213.440810,116.85300000
8213.450290,272.48000000
8213.459760,256.34600000
8213.469240,95.96390000
8213.478720,23.10350000
8213.488190,33.69380000
8213.497670,78.20620000
8213.507150,147.76900000
8213.516630,130.35800000
8213.526100,42.73600000
8213.535580,12.71930000
8213.545060,14.50860000
8213.554530,3.92336000
8213.564010,6.95921000
8213.573490,7.59251000
8213.582970,1.47558000
8213.592440,4.63206000
8213.601920,3.04879000
8213.611400,0.81211700
8213.620870,4.13446000
8213.630350,1.59118000
8213.639830,0.37483400
8213.649300,2.38030000
8213.658780,0.32959800
8213.668260,0.43514900
8213.677740,1.45045000
8213.687210,0.17378500
8213.696690,1.31977000
8213.706170,1.89276000
8213.715640,0.89253700
8213.725120,1.79223000
8213.734600,2.28481000
8213.744080,2.31496000
8213.753550,2.86785000
8213.763030,1.97820000
8213.772510,0.79703800
8213.781980,0.57085800
8213.791460,0.62614600
8213.800940,1.11872000
8213.810420,1.55097000
8213.819890,1.47055000
8213.829370,1.35495000
8213.838850,1.20919000
8213.848320,0.77693300
8213.857800,0.34467700
8213.867280,0.23410000
8213.876750,0.05818130
8213.886230,0.01294520
8213.895710,0.36980800
8213.905190,0.07326000
8213.914660,-0.11271100
8213.924140,0.60101500
8213.933620,0.35975600
8213.943090,-0.15292100
8213.952570,-0.01721230
8213.962050,-0.30873400
8213.971530,2.60146000
8213.981000,8.63295000
8213.990480,9.34165000
8213.999960,4.92358000
8214.009430,2.25967000
8214.018910,1.02322000
8214.028390,0.01294520
8214.037870,-0.25344600
8214.047340,-0.87167300
8214.056820,-0.69072800
8214.066300,-0.53491500
8214.075770,-0.76612200
8214.085250,4.88840000
8214.094730,12.78460000
8214.104200,10.99030000
8214.113680,4.20483000
8214.123160,2.03349000
8214.132640,1.20919000
8214.142110,0.21902100
8214.151590,1.30469000
8214.161070,1.81234000
8214.170540,1.39013000
8214.180020,1.40019000
8214.189500,0.51054300
8214.198980,-0.52486200
8214.208450,-0.58517700
8214.217930,-0.54496700
8214.227410,-0.39920600
8214.236880,-0.19313100
8214.246360,0.14362700
8214.255840,1.15390000
8214.265320,2.24962000
8214.274790,3.00858000
8214.284270,2.94827000
8214.293750,1.73695000
8214.303220,0.86238000
8214.312700,0.64122500
8214.322180,0.48541200
8214.331660,1.41024000
8214.341130,2.50596000
8214.350610,2.17925000
8214.360090,1.88271000
8214.369560,2.09883000
8214.379040,1.72187000
8214.388520,1.18909000
8214.397990,0.97295700
8214.407470,1.16898000
8214.416950,1.88773000
8214.426430,2.53612000
8214.435900,3.30011000
8214.445380,4.02388000
8214.454860,3.16440000
8214.464330,1.42029000
8214.473810,0.65630400
8214.483290,0.34467700
8214.492770,-0.26349800
8214.502240,-0.82141100
8214.511720,-0.99230300
8214.521200,-0.33889200
8214.530670,0.64122500
8214.540150,1.17903000
8214.549630,1.83747000
8214.559110,2.33507000
8214.568580,2.06365000
8214.578060,2.59141000
8214.587540,4.26514000
8214.597010,4.90348000
8214.606490,3.87310000
8214.615970,2.29988000
8214.625440,1.08856000
8214.634920,0.85735300
8214.644400,1.40019000
8214.653880,1.91789000
8214.663350,2.20941000
8214.672830,2.38533000
8214.682310,2.45570000
8214.691780,2.43057000
8214.701260,2.32502000
8214.710740,2.47078000
8214.720220,2.92816000
8214.729690,3.00356000
8214.739170,2.25967000
8214.748650,1.20919000
8214.758120,0.96290400
8214.767600,1.71181000
8214.777080,2.26973000
8214.786560,2.58135000
8214.796030,3.26995000
8214.805510,3.12419000
8214.814990,2.02847000
8214.824460,1.67160000
8214.833940,1.37506000
8214.843420,1.02322000
8214.852890,2.25967000
8214.862370,2.93822000
8214.871850,1.57611000
8214.881330,1.13882000
8214.890800,1.26950000
8214.900280,0.10844400
8214.909760,0.05818130
8214.919230,1.47558000
8214.928710,2.19433000
8214.938190,2.71204000
8214.947670,3.25990000
8214.957140,3.35539000
8214.966620,3.71728000
8214.976100,4.11938000
8214.985570,4.20985000
8214.995050,4.20483000
8215.004530,3.76252000
8215.014010,3.26995000
8215.023480,2.75727000
8215.032960,1.65150000
8215.042440,0.82719600
8215.051910,0.48541200
8215.061390,-0.19815700
8215.070870,-0.82643700
8215.080340,-1.19335000
8215.089820,-1.06267000
8215.099300,-0.10768500
8215.108780,0.31452000
8215.118250,0.15368000
8215.127730,0.72667100
8215.137210,1.12374000
8215.146680,0.92269500
8215.156160,1.16898000
8215.165640,1.26448000
8215.175120,0.86740600
8215.184590,0.83222200
8215.194070,0.90259000
8215.203550,0.74677600
8215.213020,0.87745800
8215.222500,1.07851000
8215.231980,0.84227500
8215.241460,0.58593600
8215.250930,0.73672400
8215.260410,0.64122500
8215.269890,-0.14789400
8215.279360,-1.02246000
8215.288840,-1.41953000
8215.298320,-0.95711900
8215.307800,0.21902100
8215.317270,1.05840000
8215.326750,1.37506000
8215.336230,1.63139000
8215.345700,1.58616000
8215.355180,1.72689000
8215.364660,2.27978000
8215.374130,2.01841000
8215.383610,1.01317000
8215.393090,0.34970300
8215.402570,-0.12276300
8215.412040,-0.36402300
8215.421520,-0.16799900
8215.431000,0.02299770
8215.440470,0.07326000
8215.449950,0.00289270
8215.459430,-0.19313100
8215.468910,-0.15794700
8215.478380,0.26928300
8215.487860,1.05338000
8215.497340,1.47055000
8215.506810,0.73169700
8215.516290,0.02802390
8215.525770,0.18886400
8215.535250,0.05315510
8215.544720,-0.35397000
8215.554200,-0.24841900
8215.563680,-0.26349800
8215.573150,-0.46454800
8215.582630,-0.27857700
8215.592110,-0.04234350
8215.601580,0.09336500
8215.611060,0.54070000
8215.620540,1.40019000
8215.630020,2.40544000
8215.639490,3.21969000
8215.648970,3.62681000
8215.658450,3.60168000
8215.667920,3.46597000
8215.677400,3.57152000
8215.686880,3.43581000
8215.696360,2.73214000
8215.705830,2.18931000
8215.715310,1.76710000
8215.724790,0.82217000
8215.734260,0.09336500
8215.743740,0.13357500
8215.753220,0.23410000
8215.762700,0.13860100
8215.772170,-0.23836700
8215.781650,-0.91690900
8215.791130,-1.12801000
8215.800600,-1.05764000
8215.810080,-1.16319000
8215.819560,-0.65554500
8215.829030,0.14865400
8215.838510,0.80709100
8215.847990,1.96815000
8215.857470,2.60146000
8215.866940,2.43057000
8215.876420,2.79748000
8215.885900,2.79246000
8215.895370,2.10889000
8215.904850,1.85757000
8215.914330,1.75705000
8215.923810,2.41046000
8215.933280,3.09906000
8215.942760,1.96313000
8215.952240,0.58593600
8215.961710,-0.53994100
8215.971190,-1.35922000
8215.980670,-0.16297300
8215.990150,0.68143500
8215.999620,0.72164500
8216.009100,1.66155000
8216.018580,0.80709100
8216.028050,0.37483400
8216.037530,1.51076000
8216.047010,-0.01218600
8216.056480,0.44017600
8216.065960,2.10386000
8216.075440,-0.30873400
8216.084920,0.99808800
8216.094390,2.00334000
8216.103870,-0.82643700
8216.113350,4.79290000
8216.122820,7.48696000
8216.132300,20.57030000
8216.141780,85.25290000
8216.151260,136.42000000
8216.160730,92.26960000
8216.170210,25.47080000
8216.179690,10.34690000
8216.189160,9.20091000
8216.198640,3.57655000
8216.208120,5.91878000
8216.217600,4.17970000
8216.227070,0.65630400
8216.236550,1.75705000
8216.246030,-0.12276300
8216.255500,-0.81638400
8216.264980,0.70154000
8216.274460,-0.72088600
8216.283930,-0.28862900
8216.293410,1.23935000
8216.302890,0.59096300
8216.312370,1.05840000
8216.321840,1.05338000
8216.331320,-0.34894400
8216.340800,-0.66057100
8216.350270,-1.42959000
8216.359750,-2.30918000
8216.369230,-2.01766000
8216.378710,-2.31420000
8216.388180,-2.68615000
8216.397660,-1.88697000
8216.407140,-0.43941600
8216.416610,1.28961000
8216.426090,2.94827000
8216.435570,4.50640000
8216.445050,4.66724000
8216.454520,2.19433000
8216.464000,-0.16297300
8216.473480,-0.48465200
8216.482950,-0.47962600
8216.492430,-0.53491500
8216.501910,-0.15292100
8216.511390,0.27431000
8216.520860,0.75682900
8216.530340,0.92269500
8216.539820,0.50049000
8216.549290,0.29441500
8216.558770,0.34970300
8216.568250,0.10341700
8216.577720,0.10341700
8216.587200,0.90259000
8216.596680,1.78721000
8216.606160,1.99831000
8216.615630,1.79223000
8216.625110,1.52082000
8216.634590,0.86740600
8216.644060,-0.00715978
8216.653540,0.00289270
8216.663020,0.69651400
8216.672500,0.62112000
8216.681970,0.23912600
8216.691450,0.69651400
8216.700930,1.27956000
8216.710400,1.34992000
8216.719880,0.81714300
8216.729360,-0.08255340
8216.738840,-0.32883900
8216.748310,-0.64046600
8216.757790,-1.50498000
8216.767270,-1.28382000
8216.776740,-0.55502000
8216.786220,2.04355000
8216.795700,10.09560000
8216.805170,16.31300000
8216.814650,11.58840000
8216.824130,3.20963000
8216.833610,0.38991300
8216.843080,0.25923100
8216.852560,-0.53994100
8216.862040,-1.27880000
8216.871510,-1.83168000
8216.880990,-1.89703000
8216.890470,-1.19838000
8216.899950,-0.27355000
8216.909420,0.21902100
8216.918900,-0.29365500
8216.928380,-1.02246000
8216.937850,-1.26875000
8216.947330,-1.53514000
8216.956810,-0.98727600
8216.966290,0.53567400
8216.975760,1.13882000
8216.985240,1.00814000
8216.994720,1.14385000
8217.004190,0.85735300
8217.013670,0.83222200
8217.023150,1.65150000
8217.032620,1.76710000
8217.042100,1.59621000
8217.051580,2.25465000
8217.061060,2.14910000
8217.070530,0.97295700
8217.080010,0.02299770
8217.089490,-1.28382000
8217.098960,-2.77159000
8217.108440,-3.00782000
8217.117920,-2.43483000
8217.127400,-1.77640000
8217.136870,-0.99732900
8217.146350,-0.54999400
8217.155830,-0.36402300
8217.165300,-0.20820900
8217.174780,-0.17805200
8217.184260,-0.02223850
8217.193740,-0.23334100
8217.203210,-1.09785000
8217.212690,-1.60048000
8217.222170,-1.84676000
8217.231640,-2.23378000
8217.241120,-1.93724000
8217.250600,-1.26875000
8217.260070,-1.20843000
8217.269550,-1.42456000
8217.279030,-1.36927000
8217.288510,-1.34414000
8217.297980,-2.00258000
8217.307460,-2.74143000
8217.316940,-2.27902000
8217.326410,-1.33409000
8217.335890,-0.51481000
8217.345370,1.00311000
8217.354850,2.23454000
8217.364320,2.38030000
8217.373800,2.51601000
8217.383280,2.15915000
8217.392750,1.07348000
8217.402230,0.78196000
8217.411710,1.16395000
8217.421190,1.80229000
8217.430660,2.68188000
8217.440140,2.35517000
8217.449620,1.25945000
8217.459090,1.58113000
8217.468570,2.32502000
8217.478050,2.04355000
8217.487530,1.48061000
8217.497000,0.33965100
8217.506480,-1.52006000
8217.515960,-2.31923000
8217.525430,-1.76634000
8217.534910,-0.76109600
8217.544390,1.08353000
8217.553860,3.42074000
8217.563340,5.36589000
8217.572820,7.11502000
8217.582300,7.91922000
8217.591770,7.44173000
8217.601250,7.73325000
8217.610730,8.81389000
8217.620200,8.90939000
8217.629680,8.28613000
8217.639160,6.78832000
8217.648640,4.04399000
8217.658110,1.74197000
8217.667590,0.11849600
8217.677070,-1.44969000
8217.686540,-1.96237000
8217.696020,-1.70603000
8217.705500,-1.19335000
8217.714980,0.03305010
8217.724450,0.94782600
8217.733930,1.42029000
8217.743410,2.14407000
8217.752880,2.56627000
8217.762360,4.55164000
8217.771840,8.61787000
8217.781310,9.48238000
8217.790790,5.84841000
8217.800270,2.22952000
8217.809750,-0.07752710
8217.819220,-1.89703000
8217.828700,-3.23903000
8217.838180,-4.22417000
8217.847650,-3.62605000
8217.857130,-1.58540000
8217.866610,-0.40423300
8217.876090,0.37986100
8217.885560,1.61632000
8217.895040,1.75202000
8217.904520,0.88751100
8217.913990,0.42509700
8217.923470,0.48038500
8217.932950,0.95787800
8217.942430,1.50574000
8217.951900,1.66155000
8217.961380,1.63139000
8217.970860,2.06365000
8217.980330,3.70220000
8217.989810,5.30557000
8217.999290,4.40588000
8218.008760,2.15915000
8218.018240,1.20416000
8218.027720,0.91264200
8218.037200,0.27933600
8218.046670,0.00791894
8218.056150,0.00791894
8218.065630,-0.06244840
8218.075100,0.29441500
8218.084580,0.83222200
8218.094060,0.83724800
8218.103540,0.56583100
8218.113010,0.24917800
8218.122490,0.02299770
8218.131970,0.94782600
8218.141440,2.58638000
8218.150920,2.59141000
8218.160400,1.34490000
8218.169880,0.88248500
8218.179350,0.66635600
8218.188830,0.34970300
8218.198310,0.82719600
8218.207780,1.07348000
8218.217260,0.33965100
8218.226740,-0.18307800
8218.236210,-0.06244840
8218.245690,0.50551700
8218.255170,1.50071000
8218.264650,2.41549000
8218.274120,3.24482000
8218.283600,5.00400000
8218.293080,8.69829000
8218.302550,15.32290000
8218.312030,25.61660000
8218.321510,37.45840000
8218.330990,45.31950000
8218.340460,45.21390000
8218.349940,37.65440000
8218.359420,25.93830000
8218.368890,15.34800000
8218.378370,9.36678000
8218.387850,6.08464000
8218.397330,3.84797000
8218.406800,3.28000000
8218.416280,2.91811000
8218.425760,2.06365000
8218.435230,1.72187000
8218.444710,0.99306200
8218.454190,0.17881100
8218.463670,0.44017600
8218.473140,0.62112000
8218.482620,1.13882000
8218.492100,2.58638000
8218.501570,2.80753000
8218.511050,2.12899000
8218.520530,2.02847000
8218.530000,1.28458000
8218.539480,0.13357500
8218.548960,-0.45449500
8218.558440,-1.05764000
8218.567910,-1.07775000
8218.577390,-0.66559700
8218.586870,-1.11293000
8218.596340,-1.51001000
8218.605820,-1.24361000
8218.615300,-0.61030800
8218.624780,0.84227500
8218.634250,1.60626000
8218.643730,0.99306200
8218.653210,1.41024000
8218.662680,2.03852000
8218.672160,0.80709100
8218.681640,-0.20318300
8218.691120,-0.22328800
8218.700590,-0.84151500
8218.710070,-1.18330000
8218.719550,-0.59020400
8218.729020,-0.07250090
8218.738500,0.23912600
8218.747980,0.35975600
8218.757450,0.30446700
8218.766930,0.32959800
8218.776410,-0.05742220
8218.785890,-0.32883900
8218.795360,0.22404700
8218.804840,0.09839120
8218.814320,-1.02749000
8218.823790,-1.27377000
8218.833270,-0.56004600
8218.842750,0.07828630
8218.852230,0.56583100
8218.861700,0.85735300
8218.871180,1.02322000
8218.880660,1.13882000
8218.890130,0.81211700
8218.899610,0.46028000
8218.909090,0.48541200
8218.918570,0.12352200
8218.928040,-0.37910100
8218.937520,-0.27857700
8218.947000,-0.36402300
8218.956470,-0.66559700
8218.965950,-0.18307800
8218.975430,0.37986100
8218.984900,0.27431000
8218.994380,0.30446700
8219.003860,0.58593600
8219.013340,0.73169700
8219.022810,1.03830000
8219.032290,1.32479000
8219.041770,1.25945000
8219.051240,1.19914000
8219.060720,1.08353000
8219.070200,0.87243200
8219.079680,1.14385000
8219.089150,1.59621000
8219.098630,1.55600000
8219.108110,1.51579000
8219.117580,1.87265000
8219.127060,2.29988000
8219.136540,2.74219000
8219.146020,2.95832000
8219.155490,2.55622000
8219.164970,1.73695000
8219.174450,0.60101500
8219.183920,-0.89177800
8219.193400,-2.16844000
8219.202880,-2.61578000
8219.212350,-2.28405000
8219.221830,-1.65577000
8219.231310,-0.82141100
8219.240790,0.25923100
8219.250260,1.10364000
8219.259740,1.54092000
8219.269220,1.72187000
8219.278690,1.42029000
8219.288170,1.20416000
8219.297650,1.54595000
8219.307130,1.47558000
8219.316600,1.16395000
8219.326080,1.52584000
8219.335560,1.68166000
8219.345030,1.02322000
8219.354510,0.21399500
8219.363990,-0.59020400
8219.373470,-1.24864000
8219.382940,-1.43461000
8219.392420,-1.45974000
8219.401900,-1.27377000
8219.411370,-0.69575500
8219.420850,-0.34894400
8219.430330,-0.43439000
8219.439810,-0.62036100
8219.449280,-0.72591200
8219.458760,-0.30873400
8219.468240,0.25923100
8219.477710,0.60604100
8219.487190,1.83747000
8219.496670,3.05885000
8219.506140,3.16942000
8219.515620,3.65697000
8219.525100,3.20963000
8219.534580,1.52584000
8219.544050,1.64647000
8219.553530,1.11872000
8219.563010,-0.46454800
8219.572480,0.60604100
8219.581960,0.53567400
8219.591440,-0.79125300
8219.600920,0.39493900
8219.610390,0.00289270
8219.619870,-0.21323600
8219.629350,1.34992000
8219.638820,-0.47460000
8219.648300,-0.50475700
8219.657780,0.67640900
8219.667260,-2.06792000
8219.676730,-0.43439000
8219.686210,0.33462400
8219.695690,-3.16364000
8219.705160,0.51556900
8219.714640,0.13357500
8219.724120,-2.57054000
8219.733590,4.69237000
8219.743070,2.09883000
8219.752550,4.64211000
8219.762030,21.55540000
8219.771500,28.72780000
8219.780980,119.08000000
8219.790460,308.56400000
8219.799930,345.94900000
8219.809410,170.42800000
8219.818890,39.58450000
8219.828370,23.85240000
8219.837840,10.66860000
8219.847320,1.40521000
8219.856800,7.42665000
8219.866270,2.19433000
8219.875750,2.42051000
8219.885230,6.49679000
8219.894710,2.56125000
8219.904180,3.74241000
8219.913660,4.53153000
8219.923140,1.65653000
8219.932610,3.96357000
8219.942090,4.46619000
8219.951570,3.13927000
8219.961040,4.22996000
8219.970520,2.28481000
8219.980000,0.85232700
8219.989480,2.26973000
8219.998950,1.80229000
8220.008430,1.95810000
8220.017910,2.86282000
8220.027380,1.17401000
8220.036860,-0.53994100
8220.046340,-0.66559700
8220.055820,-0.69575500
8220.065290,-0.75606900
8220.074770,-0.47962600
8220.084250,-0.25847200
8220.093720,0.28938800
8220.103200,1.59621000
8220.112680,1.65150000
8220.122160,3.74744000
8220.131630,13.45310000
8220.141110,19.93190000
8220.150590,12.76950000
8220.160060,4.20985000
8220.169540,3.01864000
8220.179020,2.53109000
8220.188490,1.26950000
8220.197970,0.96290400
8220.207450,-0.00715978
8220.216930,-1.10288000
8220.226400,-2.16342000
8220.235880,-3.10332000
8220.245360,-2.60070000
8220.254830,-1.86687000
8220.264310,-1.34917000
8220.273790,-0.09763210
8220.283270,0.77693300
8220.292740,0.85232700
8220.302220,0.06320760
8220.311700,-1.80655000
8220.321170,-2.31420000
8220.330650,-1.04759000
8220.340130,-0.40423300
8220.349610,0.66635600
8220.359080,3.03874000
8220.368560,4.11938000
8220.378040,3.50618000
8220.387510,2.73214000
8220.396990,1.70679000
8220.406470,0.39493900
8220.415950,-0.54999400
8220.425420,-0.92696200
8220.434900,-0.62538700
8220.444380,0.23912600
8220.453850,1.29464000
8220.463330,2.12397000
8220.472810,2.47078000
8220.482280,2.85277000
8220.491760,3.20963000
8220.501240,2.59141000
8220.510720,1.83244000
8220.520190,2.02847000
8220.529670,1.69674000
8220.539150,0.35472900
8220.548620,-0.28360300
8220.558100,-0.36904900
8220.567580,-0.90183000
8220.577060,-1.06770000
8220.586530,-0.47460000
8220.596010,0.52059500
8220.605490,1.96815000
8220.614960,3.19455000
8220.624440,3.81278000
8220.633920,4.17467000
8220.643400,3.39058000
8220.652870,1.56605000
8220.662350,0.76688100
8220.671830,0.75682900
8220.681300,0.18383700
8220.690780,-0.02223850
8220.700260,0.62112000
8220.709730,0.79703800
8220.719210,0.21399500
8220.728690,-0.00715978
8220.738170,0.27933600
8220.747640,-0.09260580
8220.757120,-0.78120100
8220.766600,-0.37910100
8220.776070,0.10844400
8220.785550,-0.31376000
8220.795030,-0.28360300
8220.804510,0.39493900
8220.813980,0.82719600
8220.823460,1.43034000
8220.832940,1.99328000
8220.842410,1.89778000
8220.851890,1.71684000
8220.861370,1.57108000
8220.870850,0.92269500
8220.880320,0.04310260
8220.889800,-0.65554500
8220.899280,-0.87669900
8220.908750,-0.31878700
8220.918230,0.33462400
8220.927710,0.60101500
8220.937180,1.54092000
8220.946660,3.05382000
8220.956140,3.54136000
8220.965620,3.58660000
8220.975090,3.98870000
8220.984570,3.41068000
8220.994050,2.51099000
8221.003520,2.91811000
8221.013000,3.18953000
8221.022480,2.54617000
8221.031960,2.14407000
8221.041430,1.70679000
8221.050910,1.18909000
8221.060390,1.53087000
8221.069860,2.30994000
8221.079340,2.63162000
8221.088820,2.20439000
8221.098300,1.01819000
8221.107770,0.01294520
8221.117250,0.33462400
8221.126730,1.44542000
8221.136200,2.36523000
8221.145680,5.15981000
8221.155160,11.08070000
8221.164630,14.04620000
8221.174110,9.66835000
8221.183590,4.21991000
8221.193070,2.43559000
8221.202540,1.15390000
8221.212020,-0.34391800
8221.221500,-0.54999400
8221.230970,-1.04256000
8221.240450,-1.91210000
8221.249930,-1.50498000
8221.259410,-0.52486200
8221.268880,0.05818130
8221.278360,0.50049000
8221.287840,0.79703800
8221.297310,0.77190700
8221.306790,0.69651400
8221.316270,0.83724800
8221.325750,0.69148700
8221.335220,-0.02726470
8221.344700,-0.25847200
8221.354180,0.13860100
8221.363650,-0.05239590
8221.373130,-0.56004600
8221.382610,-0.52988900
8221.392080,-0.41931100
8221.401560,-0.64549200
8221.411040,-1.18330000
8221.420520,-2.01766000
8221.429990,-2.75149000
8221.439470,-3.14856000
8221.448950,-3.08824000
8221.458420,-2.43483000
8221.467900,-1.77137000
8221.477380,-1.23356000
8221.486860,-0.18810400
8221.496330,0.58091000
8221.505810,0.16373200
8221.515290,-0.59523000
8221.524760,-1.00738000
8221.534240,-0.82141100
8221.543720,0.14362700
8221.553200,0.87745800
8221.562670,0.89756300
8221.572150,1.07851000
8221.581630,1.05338000
8221.591100,0.30446700
8221.600580,-0.16799900
8221.610060,-0.20820900
8221.619540,-0.58517700
8221.629010,-0.78120100
8221.638490,-0.31376000
8221.647970,-0.11773700
8221.657440,-0.43439000
8221.666920,-0.24339300
8221.676400,0.36478200
8221.685870,0.45525400
8221.695350,0.43012300
8221.704830,0.60604100
8221.714310,0.34467700
8221.723780,-0.21323600
8221.733260,-0.46957400
8221.742740,-0.28360300
8221.752210,0.27933600
8221.761690,0.59096300
8221.771170,0.33965100
8221.780650,-0.00213354
8221.790120,-0.56004600
8221.799600,-1.38435000
8221.809080,-2.01263000
8221.818550,-2.13829000
8221.828030,-1.24361000
8221.837510,0.24415200
8221.846990,1.26448000
8221.856460,2.46072000
8221.865940,3.77257000
8221.875420,3.56650000
8221.884890,2.54617000
8221.894370,2.16920000
8221.903850,1.68166000
8221.913320,0.73169700
8221.922800,0.10844400
8221.932280,-0.06244840
8221.941760,-0.04736970
8221.951230,0.20394200
8221.960710,1.11872000
8221.970190,2.66680000
8221.979660,3.82786000
8221.989140,3.71728000
8221.998620,2.33507000
8222.008100,0.62614600
8222.017570,-0.56004600
8222.027050,-1.76634000
8222.036530,-2.85201000
8222.046000,-2.36949000
8222.055480,-1.21346000
8222.064960,-1.11293000
8222.074440,-1.31398000
8222.083910,-1.04256000
8222.093390,-0.39920600
8222.102870,0.55577900
8222.112340,0.60101500
8222.121820,-0.18307800
8222.131300,0.68646100
8222.140770,2.48585000
8222.150250,2.19936000
8222.159730,1.05840000
8222.169210,1.35998000
8222.178680,1.61632000
8222.188160,0.76688100
8222.197640,0.17378500
8222.207110,0.10341700
8222.216590,-0.01218600
8222.226070,0.05818130
8222.235550,0.25923100
8222.245020,0.59096300
8222.254500,1.43034000
8222.263980,2.38533000
8222.273450,2.71706000
8222.282930,2.22952000
8222.292410,1.25443000
8222.301890,0.64625100
8222.311360,0.33462400
8222.320840,-0.34391800
8222.330320,-0.57512500
8222.339790,-0.02223850
8222.349270,0.13357500
8222.358750,0.05315510
8222.368220,0.02299770
8222.377700,-0.85659400
8222.387180,-1.71105000
8222.396660,-1.38435000
8222.406130,-0.89680400
8222.415610,-0.48967900
8222.425090,0.28436200
8222.434560,0.49546400
8222.444040,0.01294520
8222.453520,-0.81135800
8222.463000,-2.31923000
8222.472470,-3.48029000
8222.481950,-3.11338000
8222.491430,-1.91210000
8222.500900,-0.60528200
8222.510380,0.45022800
8222.519860,0.98803600
8222.529340,1.61632000
8222.538810,2.42051000
8222.548290,3.00858000
8222.557770,3.62681000
8222.567240,3.63686000
8222.576720,2.41046000
8222.586200,1.30971000
8222.595680,1.28961000
8222.605150,1.83244000
8222.614630,2.25465000
8222.624110,1.62637000
8222.633580,0.10341700
8222.643060,-0.83648900
8222.652540,-1.30896000
8222.662010,-2.06289000
8222.671490,-2.16342000
8222.680970,-1.25367000
8222.690450,-0.29365500
8222.699920,0.22404700
8222.709400,-0.13784200
8222.718880,-0.98225000
8222.728350,-0.88172500
8222.737830,-0.30873400
8222.747310,-0.35397000
8222.756790,0.06823380
8222.766260,1.09359000
8222.775740,1.28458000
8222.785220,0.86238000
8222.794690,0.59096300
8222.804170,0.42509700
8222.813650,0.44017600
8222.823130,0.09336500
8222.832600,-0.72088600
8222.842080,-0.91690900
8222.851560,-0.70580700
8222.861030,-0.60025600
8222.870510,0.26425700
8222.879990,1.63642000
8222.889460,2.40041000
8222.898940,2.84774000
8222.908420,3.23476000
8222.917900,3.19958000
8222.927370,3.06387000
8222.936850,2.94324000
8222.946330,2.32502000
8222.955800,1.70176000
8222.965280,1.78721000
8222.974760,1.60124000
8222.984240,0.63619900
8222.993710,0.30446700
8223.003190,0.47535900
8223.012670,0.00791894
8223.022140,0.00289270
8223.031620,1.02825000
8223.041100,1.73192000
8223.050580,1.82239000
8223.060050,1.43537000
8223.069530,0.70656600
8223.079010,0.48038500
8223.088480,0.42509700
8223.097960,0.17378500
8223.107440,0.46028000
8223.116910,0.89756300
8223.126390,1.40019000
8223.135870,2.74219000
8223.145350,4.13446000
8223.154820,4.67730000
8223.164300,4.01383000
8223.173780,2.09381000
8223.183250,0.99808800
8223.192730,1.52082000
8223.202210,1.66155000
8223.211690,1.87265000
8223.221160,2.90806000
8223.230640,2.76230000
8223.240120,1.62637000
8223.249590,1.25945000
8223.259070,1.26448000
8223.268550,1.54092000
8223.278030,2.03852000
8223.287500,1.69171000
8223.296980,1.22427000
8223.306460,1.89276000
8223.315930,2.74219000
8223.325410,2.84774000
8223.334890,2.52104000
8223.344360,2.16920000
8223.353840,2.22449000
8223.363320,2.71204000
8223.372800,3.00858000
8223.382270,2.96837000
8223.391750,2.84774000
8223.401230,2.83769000
8223.410700,3.07895000
8223.420180,3.27497000
8223.429660,3.28000000
8223.439140,3.62178000
8223.448610,3.83289000
8223.458090,3.20461000
8223.467570,2.74722000
8223.477040,2.58638000
8223.486520,1.61129000
8223.496000,0.58091000
8223.505480,0.08833880
8223.514950,-0.66057100
8223.524430,-0.80633200
8223.533910,0.07326000
8223.543380,0.27933600
8223.552860,-0.36402300
8223.562340,-0.73093800
8223.571820,-0.72088600
8223.581290,-0.47962600
8223.590770,-0.24339300
8223.600250,-0.06747460
8223.609720,0.51054300
8223.619200,1.00814000
8223.628680,0.75682900
8223.638150,0.48541200
8223.647630,0.66635600
8223.657110,0.55075300
8223.666590,-0.05239590
8223.676060,-0.11271100
8223.685540,0.70154000
8223.695020,1.44542000
8223.704490,2.04857000
8223.713970,2.76230000
8223.723450,2.75225000
8223.732930,2.56125000
8223.742400,3.49613000
8223.751880,4.00881000
8223.761360,2.66177000
8223.770830,1.22930000
8223.780310,0.78698600
8223.789790,0.43514900
8223.799270,0.02802390
8223.808740,-0.04234350
8223.818220,0.11347000
8223.827700,0.15368000
8223.837170,-0.01218600
8223.846650,0.13860100
8223.856130,0.48541200
8223.865600,0.11347000
8223.875080,-0.38915400
8223.884560,-0.36402300
8223.894040,-0.77114800
8223.903510,-1.10288000
8223.912990,-0.31878700
8223.922470,0.29944100
8223.931940,0.46028000
8223.941420,1.02322000
8223.950900,0.79703800
8223.960380,-0.26852400
8223.969850,-0.33386500
8223.979330,-0.01721230
8223.988810,-0.43439000
8223.998280,-0.74601700
8224.007760,-0.75606900
8224.017240,-0.58517700
8224.026720,0.18383700
8224.036190,0.77693300
8224.045670,0.34467700
8224.055150,-0.63041300
8224.064620,-1.55022000
8224.074100,-1.85682000
8224.083580,-1.23356000
8224.093050,-0.36904900
8224.102530,0.07828630
8224.112010,-0.12276300
8224.121490,-0.74099100
8224.130960,-0.74601700
8224.140440,-0.25344600
8224.149920,-0.54999400
8224.159390,-1.04256000
8224.168870,-0.65554500
8224.178350,-0.22831400
8224.187830,-0.28862900
8224.197300,-0.37407500
8224.206780,-0.43439000
8224.216260,-0.09260580
8224.225730,0.65127800
8224.235210,0.81714300
8224.244690,0.58091000
8224.254170,0.98300900
8224.263640,1.63139000
8224.273120,1.49569000
8224.282600,0.86740600
8224.292070,0.55075300
8224.301550,0.27933600
8224.311030,-0.05742220
8224.320500,0.40499200
8224.329980,1.17401000
8224.339460,1.03327000
8224.348940,0.67640900
8224.358410,0.79201200
8224.367890,0.84730100
8224.377370,1.03327000
8224.386840,1.57108000
8224.396320,1.78721000
8224.405800,1.58616000
8224.415280,1.29464000
8224.424750,0.55577900
8224.434230,-0.90183000
8224.443710,-2.23881000
8224.453180,-2.63588000
8224.462660,-2.73138000
8224.472140,-2.80175000
8224.481620,-2.17850000
8224.491090,-1.44466000
8224.500570,-1.16822000
8224.510050,-0.47962600
8224.519520,0.57588400
8224.529000,1.32479000
8224.538480,1.78721000
8224.547960,1.69674000
8224.557430,1.23432000
8224.566910,1.07851000
8224.576390,1.10364000
8224.585860,1.41527000
8224.595340,2.23454000
8224.604820,2.79246000
8224.614290,2.80753000
8224.623770,2.44564000
8224.633250,1.66658000
8224.642730,1.10364000
8224.652200,1.14888000
8224.661680,1.22930000
8224.671160,1.09359000
8224.680630,0.84730100
8224.690110,0.66133000
8224.699590,0.52562200
8224.709070,-0.04234350
8224.718540,-0.69072800
8224.728020,-0.70078100
8224.737500,-0.92696200
8224.746970,-1.67084000
8224.756450,-1.92718000
8224.765930,-1.93221000
8224.775410,-1.84676000
8224.784880,-0.93198800
8224.794360,0.07828630
8224.803840,0.66635600
8224.813310,1.54595000
8224.822790,2.09883000
8224.832270,2.10889000
8224.841740,2.47078000
8224.851220,2.49591000
8224.860700,2.07370000
8224.870180,2.18931000
8224.879650,1.96815000
8224.889130,1.33987000
8224.898610,1.34992000
8224.908080,0.88248500
8224.917560,-0.22328800
8224.927040,-0.41428500
8224.936520,-0.09763210
8224.945990,0.26425700
8224.955470,0.82719600
8224.964950,1.00311000
8224.974420,1.38511000
8224.983900,2.21946000
8224.993380,2.52104000
8225.002860,2.93822000
8225.012330,3.43581000
8225.021810,2.80251000
8225.031290,2.10889000
8225.040760,1.83747000
8225.050240,0.92772100
8225.059720,-0.02726470
8225.069190,-0.57009900
8225.078670,-1.01241000
8225.088150,-0.96214500
8225.097630,-0.79627900
8225.107100,-0.61533500
8225.116580,0.20896800
8225.126060,0.91264200
8225.135530,1.03327000
8225.145010,1.01819000
8225.154490,0.76688100
8225.163970,0.73169700
8225.173440,1.04835000
8225.182920,0.95787800
8225.192400,0.83222200
8225.201870,1.08856000
8225.211350,1.31977000
8225.220830,1.53087000
8225.230310,1.64647000
8225.239780,1.63642000
8225.249260,1.75202000
8225.258740,1.79726000
8225.268210,2.12397000
8225.277690,2.88795000
8225.287170,3.37047000
8225.296640,4.10933000
8225.306120,5.10955000
8225.315600,4.59185000
8225.325080,2.90806000
8225.334550,1.97820000
8225.344030,1.96313000
8225.353510,2.15412000
8225.362980,1.94302000
8225.372460,1.56605000
8225.381940,1.96313000
8225.391420,2.14910000
8225.400890,1.15390000
8225.410370,0.78698600
8225.419850,1.32479000
8225.429320,0.93274700
8225.438800,0.22907300
8225.448280,0.10844400
8225.457760,-0.39418000
8225.467230,-0.90685700
8225.476710,-0.59020400
8225.486190,-0.12779000
8225.495660,0.57588400
8225.505140,1.56103000
8225.514620,1.53590000
8225.524090,1.18406000
8225.533570,1.83747000
8225.543050,1.79726000
8225.552530,0.47535900
8225.562000,0.11849600
8225.571480,0.41001800
8225.580960,-0.28862900
8225.590430,-0.57512500
8225.599910,0.42007100
8225.609390,1.16395000
8225.618870,1.72689000
8225.628340,2.74722000
8225.637820,3.10911000
8225.647300,2.59141000
8225.656770,1.90281000
8225.666250,0.71661900
8225.675730,-0.41931100
8225.685210,-0.30370800
8225.694680,0.21902100
8225.704160,0.28938800
8225.713640,0.88751100
8225.723110,2.04857000
8225.732590,2.41549000
8225.742070,1.88773000
8225.751550,1.47055000
8225.761020,1.35495000
8225.770500,1.10867000
8225.779980,0.88751100
8225.789450,0.94782600
8225.798930,0.69651400
8225.808410,-0.04234350
8225.817880,-0.56507200
8225.827360,-0.92696200
8225.836840,-1.33911000
8225.846320,-0.90183000
8225.855790,0.53567400
8225.865270,1.82239000
8225.874750,2.73214000
8225.884220,3.54639000
8225.893700,3.49110000
8225.903180,2.34009000
8225.912660,1.18406000
8225.922130,0.48038500
8225.931610,-0.22328800
8225.941090,-0.79627900
8225.950560,-0.76109600
8225.960040,0.03305010
8225.969520,1.33987000
8225.979000,2.63162000
8225.988470,3.98367000
8225.997950,5.63228000
8226.007430,6.73805000
8226.016900,6.50182000
8226.026380,5.09950000
8226.035860,3.03372000
8226.045330,1.46553000
8226.054810,1.13380000
8226.064290,1.08353000
8226.073770,0.90761600
8226.083240,1.09359000
8226.092720,0.73672400
8226.102200,-0.51481000
8226.111670,-1.13806000
8226.121150,-0.78120100
8226.130630,-0.47460000
8226.140110,-0.30873400
8226.149580,-0.03229100
8226.159060,-0.12779000
8226.168540,-0.69072800
8226.178010,-0.93701400
8226.187490,-0.54496700
8226.196970,0.10341700
8226.206450,0.82719600
8226.215920,1.23432000
8226.225400,1.11872000
8226.234880,1.31474000
8226.244350,1.66658000
8226.253830,1.16898000
8226.263310,0.69148700
8226.272780,0.86238000
8226.282260,0.59096300
8226.291740,-0.07752710
8226.301220,-0.56507200
8226.310690,-1.17827000
8226.320170,-1.26875000
8226.329650,-0.37910100
8226.339120,0.57085800
8226.348600,1.37506000
8226.358080,2.06868000
8226.367560,2.34009000
8226.377030,2.66680000
8226.386510,3.04377000
8226.395990,3.22471000
8226.405460,4.08922000
8226.414940,4.85321000
8226.424420,4.03394000
8226.433900,3.21969000
8226.443370,3.34032000
8226.452850,2.69696000
8226.462330,1.83747000
8226.471800,2.18428000
8226.481280,2.67183000
8226.490760,2.74219000
8226.500230,2.64167000
8226.509710,1.77716000
8226.519190,0.71159200
8226.528670,0.59598900
8226.538140,1.09861000
8226.547620,1.61129000
8226.557100,1.83747000
8226.566570,1.85757000
8226.576050,1.99831000
8226.585530,1.66658000
8226.595010,0.70154000
8226.604480,0.25420500
8226.613960,0.30446700
8226.623440,0.15870600
8226.632910,0.33462400
8226.642390,0.97798300
8226.651870,1.61632000
8226.661350,2.51601000
8226.670820,3.96860000
8226.680300,5.15981000
8226.689780,5.17489000
8226.699250,4.65719000
8226.708730,4.44106000
8226.718210,3.81278000
8226.727690,2.59141000
8226.737160,1.48563000
8226.746640,-0.09260580
8226.756120,-1.99252000
8226.765590,-2.58562000
8226.775070,-2.08300000
8226.784550,-1.42959000
8226.794020,-0.37407500
8226.803500,0.82719600
8226.812980,1.92292000
8226.822460,3.05885000
8226.831930,3.59665000
8226.841410,3.37047000
8226.850890,2.83267000
8226.860360,1.82239000
8226.869840,0.80709100
8226.879320,0.38991300
8226.888800,0.01294520
8226.898270,-0.13281600
8226.907750,0.39996600
8226.917230,0.47535900
8226.926700,0.20394200
8226.936180,1.42029000
8226.945660,3.14429000
8226.955140,2.98848000
8226.964610,1.92292000
8226.974090,1.79726000
8226.983570,2.06365000
8226.993040,2.33507000
8227.002520,3.13927000
8227.012000,4.18975000
8227.021470,5.02913000
8227.030950,5.16987000
8227.040430,4.12441000
8227.049910,2.96335000
8227.059380,2.92314000
8227.068860,3.24482000
8227.078340,3.25487000
8227.087810,3.47602000
8227.097290,3.68210000
8227.106770,3.36545000
8227.116250,3.02366000
8227.125720,2.74722000
8227.135200,2.27475000
8227.144680,2.44564000
8227.154150,3.10408000
8227.163630,2.70701000
8227.173110,2.20941000
8227.182590,3.41068000
8227.192060,4.99897000
8227.201540,6.68779000
8227.211020,11.04050000
8227.220490,20.15310000
8227.229970,39.21760000
8227.239450,78.99530000
8227.248920,149.40800000
8227.258400,249.18900000
8227.267880,348.62300000
8227.277360,391.91400000
8227.286830,347.99500000
8227.296310,247.83200000
8227.305790,147.61300000
8227.315260,77.47230000
8227.324740,38.40340000
8227.334220,20.41950000
8227.343700,12.60870000
8227.353170,8.24090000
8227.362650,5.22013000
8227.372130,3.60168000
8227.381600,3.50618000
8227.391080,3.59163000
8227.400560,2.92816000
8227.410040,2.14407000
8227.419510,1.15390000
8227.428990,-0.14789400
8227.438470,-0.56507200
8227.447940,0.11849600
8227.457420,1.05840000
8227.466900,1.96313000
8227.476370,2.67685000
8227.485850,2.79246000
8227.495330,1.86763000
8227.504810,0.16875900
8227.514280,-0.93701400
8227.523760,-1.02246000
8227.533240,-0.60025600
8227.542710,0.84730100
8227.552190,3.48608000
8227.561670,6.02935000
8227.571150,7.64780000
8227.580620,8.43190000
8227.590100,8.53242000
8227.599580,8.00969000
8227.609050,6.97931000
8227.618530,5.90370000
8227.628010,4.88337000
8227.637490,3.45089000
8227.646960,1.55097000
8227.656440,-0.45952100
8227.665920,-2.22373000
8227.675390,-3.44008000
8227.684870,-4.02312000
8227.694350,-3.66626000
8227.703830,-2.39462000
8227.713300,-1.23859000
8227.722780,-0.67565000
8227.732260,-0.28862900
8227.741730,-0.07752710
8227.751210,0.04812890
8227.760690,0.26928300
8227.770160,0.23410000
8227.779640,0.20896800
8227.789120,0.86238000
8227.798600,1.53087000
8227.808070,1.47558000
8227.817550,1.48061000
8227.827030,1.83747000
8227.836500,1.91789000
8227.845980,2.06868000
8227.855460,2.17423000
8227.864940,1.32479000
8227.874410,0.26425700
8227.883890,-0.35899700
8227.893370,-0.96717100
8227.902840,-0.62538700
8227.912320,0.54070000
8227.921800,1.43537000
8227.931280,4.19478000
8227.940750,8.79881000
8227.950230,9.80909000
8227.959710,6.07459000
8227.969180,2.48585000
8227.978660,1.09359000
8227.988140,0.57588400
8227.997610,0.60604100
8228.007090,1.15893000
8228.016570,1.26448000
8228.026050,0.71661900
8228.035520,0.41504400
8228.045000,0.48541200
8228.054480,0.45022800
8228.063950,0.33462400
8228.073430,0.07828630
8228.082910,-0.19815700
8228.092390,-0.11773700
8228.101860,0.17881100
8228.111340,0.79703800
8228.120820,1.76208000
8228.130290,2.30491000
8228.139770,2.36523000
8228.149250,2.07370000
8228.158730,1.56605000
8228.168200,1.78218000
8228.177680,1.83747000
8228.187160,0.70656600
8228.196630,0.29441500
8228.206110,0.59096300
8228.215590,1.28458000
8228.225060,5.72778000
8228.234540,11.03050000
8228.244020,9.69851000
8228.253500,4.72756000
8228.262970,2.66680000
8228.272450,2.09883000
8228.281930,1.33987000
8228.291400,1.09359000
8228.300880,0.61106800
8228.310360,0.22404700
8228.319840,0.25923100
8228.329310,-0.59020400
8228.338790,-2.26897000
8228.348270,-3.61600000
8228.357740,-3.75673000
8228.367220,-2.26394000
8228.376700,0.49043800
8228.386180,4.02388000
8228.395650,7.34120000
8228.405130,9.58290000
8228.414610,11.01040000
8228.424080,11.64870000
8228.433560,12.22170000
8228.443040,12.75950000
8228.452510,11.37730000
8228.461990,9.06018000
8228.471470,6.80339000
8228.480950,3.10911000
8228.490420,-0.12276300
8228.499900,-2.15336000
8228.509380,-3.80700000
8228.518850,-2.61578000
8228.528330,-1.08780000
8228.537810,-0.02726470
8228.547290,4.57677000
8228.556760,7.57241000
8228.566240,18.47430000
8228.575720,54.06510000
8228.585190,79.04050000
8228.594670,57.70910000
8228.604150,28.38610000
8228.613630,23.86750000
8228.623100,22.40990000
8228.632580,15.07160000
8228.642060,10.91990000
8228.651530,6.75816000
8228.661010,3.32524000
8228.670490,2.89298000
8228.679970,1.59118000
8228.689440,0.75180200
8228.698920,1.00311000
8228.708400,0.54070000
8228.717870,0.97295700
8228.727350,1.28458000
8228.736830,0.48541200
8228.746300,0.23410000
8228.755780,-0.44444300
8228.765260,-1.00236000
8228.774740,-0.09763210
8228.784210,-0.07250090
8228.793690,-0.88675200
8228.803170,-0.82141100
8228.812640,-0.80633200
8228.822120,-0.79627900
8228.831600,-0.30873400
8228.841080,-0.00213354
8228.850550,0.24917800
8228.860030,0.07326000
8228.869510,-0.65051800
8228.878980,-0.85659400
8228.888460,-0.77617400
8228.897940,-0.91188300
8228.907420,-1.24361000
8228.916890,-2.02771000
8228.926370,-2.07294000
8228.935850,-0.93701400
8228.945320,-0.21323600
8228.954800,0.63619900
8228.964280,2.26470000
8228.973750,2.70198000
8228.983230,2.11391000
8228.992710,2.01841000
8229.002190,1.84250000
8229.011660,1.56103000
8229.021140,1.28961000
8229.030620,0.59096300
8229.040090,0.81211700
8229.049570,1.71684000
8229.059050,1.09861000
8229.068530,0.34970300
8229.078000,1.22427000
8229.087480,2.04355000
8229.096960,2.37528000
8229.106430,3.03372000
8229.115910,3.18953000
8229.125390,2.71204000
8229.134870,2.19433000
8229.144340,1.29966000
8229.153820,0.23410000
8229.163300,-0.22831400
8229.172770,-0.01218600
8229.182250,0.44017600
8229.191730,0.68143500
8229.201200,0.86238000
8229.210680,1.41024000
8229.220160,1.90281000
8229.229640,1.60124000
8229.239110,0.59096300
8229.248590,-0.39920600
8229.258070,-0.91690900
8229.267540,-1.06770000
8229.277020,-0.85156800
8229.286500,-0.41931100
8229.295980,-0.35899700
8229.305450,-0.41931100
8229.314930,-0.49470500
8229.324410,-1.31398000
8229.333880,-1.31901000
8229.343360,1.05338000
8229.352840,2.72711000
8229.362320,1.06846000
8229.371790,-1.81158000
8229.381270,-3.32950000
8229.390750,-2.86206000
8229.400220,-1.56027000
8229.409700,-1.10288000
8229.419180,-0.74099100
8229.428650,0.39996600
8229.438130,0.82719600
8229.447610,0.26356800
8229.457090,-0.27505500
8229.466560,-0.72000500
8229.476040,-0.74342300
8229.485520,-0.50923900
8229.494990,-0.42727500
8229.504470,0.32211400
8229.513950,1.50474000
8229.523430,1.80918000
8229.532900,1.45791000
8229.542380,0.81390000
8229.551860,-0.14625400
8229.561330,-0.96589800
8229.570810,-1.59819000
8229.580290,-1.72700000
8229.589770,-0.97760700
8229.599240,0.09963910
8229.608720,1.24714000
8229.618200,2.46490000
8229.627670,2.73421000
8229.637150,1.43449000
8229.646630,-0.29847400
8229.656110,-0.88393400
8229.665580,-0.81367900
8229.675060,-1.41085000
8229.684540,-2.18366000
8229.694010,-2.26562000
8229.703490,-1.94947000
8229.712970,-1.31717000
8229.722440,-0.63804000
8229.731920,-0.35702000
8229.741400,-0.32189200
8229.750880,-0.73171400
8229.760350,-1.35230000
8229.769830,-1.24692000
8229.779310,-1.08299000
8229.788780,-1.42256000
8229.798260,-1.43427000
8229.807740,-1.11812000
8229.817220,-0.43898400
8229.826690,0.97782900
8229.836170,2.19559000
8229.845650,2.30097000
8229.855120,1.27056000
8229.864600,-0.42727500
8229.874080,-1.39914000
8229.883560,-1.71529000
8229.893030,-2.58177000
8229.902510,-2.95646000
8229.911990,-2.10169000
8229.921460,-1.45768000
8229.930940,-0.91906100
8229.940420,0.00596554
8229.949890,-0.14625400
8229.959370,-1.59819000
8229.968850,-2.99159000
8229.978330,-3.92833000
8229.987800,-3.97516000
8229.997280,-2.74570000
8230.006760,-1.02444000
8230.016230,0.46262400
8230.025710,1.42278000
8230.035190,1.72722000
8230.044670,1.59842000
8230.054140,1.53987000
8230.063620,1.97311000
8230.073100,2.44148000
8230.082570,2.16046000
8230.092050,1.65696000
8230.101530,1.48132000
8230.111010,1.01296000
8230.120480,0.63826200
8230.129960,0.72022700
8230.139440,0.13476700
8230.148910,-0.80196900
8230.158390,-0.84880600
8230.167870,-1.07128000
8230.177340,-2.06656000
8230.186820,-2.24220000
8230.196300,-1.16495000
8230.205780,0.04109310
8230.215250,0.97782900
8230.224730,1.84431000
8230.234210,2.76934000
8230.243680,3.36651000
8230.253160,3.02694000
8230.262640,1.93798000
8230.272120,0.60313500
8230.281590,-0.80196900
8230.291070,-1.75041000
8230.300550,-1.64503000
8230.310020,-0.35702000
8230.319500,1.76235000
8230.328980,3.61240000
8230.338460,4.32666000
8230.347930,4.47888000
8230.357410,4.63110000
8230.366890,4.51401000
8230.376360,3.98709000
8230.385840,3.35480000
8230.395320,2.60541000
8230.404790,1.76235000
8230.414270,1.08321000
8230.423750,0.74364500
8230.433230,0.76706400
8230.442700,0.97782900
8230.452180,0.73193600
8230.461660,0.04109310
8230.471130,-0.38043800
8230.480610,-0.56778500
8230.490090,-0.19309100
8230.499570,0.80219100
8230.509040,0.98953800
8230.518520,1.10663000
8230.528000,2.31268000
8230.537470,2.54686000
8230.546950,2.07849000
8230.556430,2.50003000
8230.565910,2.38293000
8230.575380,2.34781000
8230.584860,2.93327000
8230.594340,2.28926000
8230.603810,2.59370000
8230.613290,4.04564000
8230.622770,4.31495000
8230.632240,7.37105000
8230.641720,14.87670000
8230.651200,22.27690000
8230.660680,23.08480000
8230.670150,14.58390000
8230.679630,20.01700000
8230.689110,56.87760000
8230.698580,80.07350000
8230.708060,52.49830000
8230.717540,16.76180000
8230.727020,8.69419000
8230.736490,8.88154000
8230.745970,7.24225000
8230.755450,9.16256000
8230.764920,9.30307000
8230.774400,7.55840000
8230.783880,7.05490000
8230.793360,5.31023000
8230.802830,3.65924000
8230.812310,3.02694000
8230.821790,1.76235000
8230.831260,1.37594000
8230.840740,1.68038000
8230.850220,1.37594000
8230.859700,1.71551000
8230.869170,2.34781000
8230.878650,1.90286000
8230.888130,0.63826200
8230.897600,-1.05957000
8230.907080,-2.35929000
8230.916560,-2.44126000
8230.926030,-1.72700000
8230.935510,-1.04786000
8230.944990,-0.55607600
8230.954470,-0.25163700
8230.963940,-0.48582100
8230.973420,-1.21179000
8230.982900,-1.49281000
8230.992370,-1.02444000
8231.001850,-0.70829600
8231.011330,-1.21179000
8231.020810,-1.80896000
8231.030280,-1.50452000
8231.039760,-0.74342300
8231.049240,0.16989400
8231.058710,1.70380000
8231.068190,2.60541000
8231.077670,2.07849000
8231.087150,1.61013000
8231.096620,1.41107000
8231.106100,0.89586500
8231.115580,0.57971600
8231.125050,0.20502200
8231.134530,-0.29847400
8231.144010,-0.12283600
8231.153480,0.29869600
8231.162960,0.68509900
8231.172440,1.27056000
8231.181920,1.43449000
8231.191390,1.50474000
8231.200870,1.61013000
8231.210350,0.36895100
8231.219820,-1.39914000
8231.229300,-1.83238000
8231.238780,-1.86751000
8231.248260,-1.96118000
8231.257730,-1.17666000
8231.267210,-0.43898400
8231.276690,-0.16967200
8231.286160,0.74364500
8231.295640,1.41107000
8231.305120,0.72022700
8231.314600,0.02938390
8231.324070,-0.36872900
8231.333550,-1.50452000
8231.343030,-2.23049000
8231.352500,-1.32888000
8231.361980,-0.09941730
8231.371460,0.67339000
8231.380930,1.30569000
8231.390410,1.29398000
8231.399890,0.75535400
8231.409370,0.45091500
8231.418840,0.25185900
8231.428320,0.54458900
8231.437800,1.49303000
8231.447270,1.68038000
8231.456750,1.30569000
8231.466230,1.73893000
8231.475710,2.00824000
8231.485180,1.71551000
8231.494660,1.77406000
8231.504140,1.63354000
8231.513610,1.04808000
8231.523090,0.72022700
8231.532570,0.26356800
8231.542050,-0.22821800
8231.551520,-0.34531100
8231.561000,-0.66145900
8231.570480,-0.74342300
8231.579950,0.00596554
8231.589430,0.57971600
8231.598910,0.70851800
8231.608380,1.04808000
8231.617860,1.03638000
8231.627340,0.35724200
8231.636820,-0.18138200
8231.646290,-0.49753000
8231.655770,-1.08299000
8231.665250,-1.49281000
8231.674720,-1.36401000
8231.684200,-1.04786000
8231.693680,-0.39214700
8231.703160,0.66168100
8231.712630,1.35252000
8231.722110,1.68038000
8231.731590,2.18388000
8231.741060,2.55857000
8231.750540,2.75763000
8231.760020,2.89814000
8231.769500,2.44148000
8231.778970,1.51645000
8231.788450,0.56800700
8231.797930,-0.49753000
8231.807400,-1.38743000
8231.816880,-1.73871000
8231.826360,-1.56307000
8231.835840,-1.03615000
8231.845310,-0.48582100
8231.854790,0.14647600
8231.864270,0.87244600
8231.873740,1.00125000
8231.883220,0.73193600
8231.892700,0.49775200
8231.902170,-0.11112600
8231.911650,-0.40385600
8231.921130,0.25185900
8231.930610,0.70851800
8231.940080,0.64997200
8231.949560,0.60313500
8231.959040,0.56800700
8231.968510,0.91928300
8231.977990,1.20030000
8231.987470,0.66168100
8231.996950,0.29869600
8232.006420,0.24015000
8232.015900,-0.00574366
8232.025380,0.47433400
8232.034850,1.41107000
8232.044330,1.48132000
8232.053810,1.07150000
8232.063290,0.73193600
8232.072760,0.66168100
8232.082240,0.88415600
8232.091720,0.62655300
8232.101190,0.22844000
8232.110670,0.42749700
8232.120150,0.16989400
8232.129620,-0.09941730
8232.139100,0.95441100
8232.148580,2.06678000
8232.158060,2.28926000
8232.167530,1.94969000
8232.177010,0.75535400
8232.186490,-0.29847400
8232.195960,-0.38043800
8232.205440,-0.72000500
8232.214920,-1.18837000
8232.224400,-1.08299000
8232.233870,-1.11812000
8232.243350,-0.59120400
8232.252830,0.73193600
8232.262300,1.05979000
8232.271780,1.03638000
8232.281260,1.56329000
8232.290740,0.70851800
8232.300210,-0.94248000
8232.309690,-0.95418900
8232.319170,-0.48582100
8232.328640,-0.76684200
8232.338120,-0.39214700
8232.347600,0.52117000
8232.357070,0.75535400
8232.366550,0.72022700
8232.376030,0.31040500
8232.385510,-1.04786000
8232.394980,-1.77383000
8232.404460,-1.76212000
8232.413940,-2.74570000
8232.423410,-2.68715000
8232.432890,-0.61462200
8232.442370,0.79048200
8232.451850,5.87228000
8232.461320,17.18340000
8232.470800,21.75000000
8232.480280,13.49500000
8232.489750,5.35707000
8232.499230,3.37822000
8232.508710,1.68038000
8232.518190,-0.11112600
8232.527660,0.08792990
8232.537140,0.81390000
8232.546620,1.50474000
8232.556090,2.09020000
8232.565570,2.41806000
8232.575050,2.99181000
8232.584520,3.00352000
8232.594000,2.35951000
8232.603480,2.33610000
8232.612960,2.55857000
8232.622430,2.62883000
8232.631910,3.33138000
8232.641390,4.08077000
8232.650860,3.94026000
8232.660340,3.57727000
8232.669820,3.71778000
8232.679300,3.85829000
8232.688770,3.31967000
8232.698250,2.46490000
8232.707730,1.98482000
8232.717200,1.63354000
8232.726680,1.16518000
8232.736160,0.80219100
8232.745640,0.42749700
8232.755110,-0.12283600
8232.764590,-0.64975000
8232.774070,-0.66145900
8232.783540,0.63826200
8232.793020,2.83959000
8232.802500,4.08077000
8232.811980,3.35480000
8232.821450,1.32911000
8232.830930,-0.56778500
8232.840410,-1.17666000
8232.849880,-0.87222500
8232.859360,-0.69658600
8232.868840,-0.50923900
8232.878310,0.11134800
8232.887790,0.60313500
8232.897270,0.35724200
8232.906750,-0.26334600
8232.916220,-0.34531100
8232.925700,-0.08770810
8232.935180,-0.25163700
8232.944650,-0.33360100
8232.954130,0.04109310
8232.963610,0.40407800
8232.973090,1.23543000
8232.982560,2.57028000
8232.992040,3.60069000
8233.001520,4.81845000
8233.010990,5.87228000
8233.020470,5.53271000
8233.029950,4.78332000
8233.039430,4.24470000
8233.048900,3.17916000
8233.058380,2.44148000
8233.067860,1.90286000
8233.077330,0.43920600
8233.086810,-0.60291300
8233.096290,-0.91906100
8233.105760,-1.71529000
8233.115240,-1.65674000
8233.124720,-0.14625400
8233.134200,1.23543000
8233.143670,2.33610000
8233.153150,2.94498000
8233.162630,2.66395000
8233.172100,2.51173000
8233.181580,2.27755000
8233.191060,1.28227000
8233.200540,0.38066000
8233.210010,-0.54436700
8233.219490,-1.76212000
8233.228970,-1.69187000
8233.238440,-0.52094900
8233.247920,-0.07599890
8233.257400,-0.07599890
8233.266880,0.80219100
8233.276350,1.91457000
8233.285830,2.09020000
8233.295310,1.66867000
8233.304780,1.27056000
8233.314260,0.68509900
8233.323740,0.21673100
8233.333210,0.20502200
8233.342690,0.26356800
8233.352170,0.64997200
8233.361650,1.46962000
8233.371120,1.42278000
8233.380600,0.28698600
8233.390080,-0.63804000
8233.399550,-0.69658600
8233.409030,0.06451150
8233.418510,1.21201000
8233.427990,1.90286000
8233.437460,1.86773000
8233.446940,1.30569000
8233.456420,0.62655300
8233.465890,0.47433400
8233.475370,0.68509900
8233.484850,0.68509900
8233.494330,0.63826200
8233.503800,0.64997200
8233.513280,0.98953800
8233.522760,2.16046000
8233.532230,2.95668000
8233.541710,2.40635000
8233.551190,1.82089000
8233.560660,1.94969000
8233.570140,2.34781000
8233.579620,3.38992000
8233.589100,4.43204000
8233.598570,4.09248000
8233.608050,3.02694000
8233.617530,2.12533000
8233.627000,1.55158000
8233.636480,2.10191000
8233.645960,3.01523000
8233.655440,2.96839000
8233.664910,3.05036000
8233.674390,3.27283000
8233.683870,2.34781000
8233.693340,1.62184000
8233.702820,1.66867000
8233.712300,1.01296000
8233.721780,0.47433400
8233.731250,0.63826200
8233.740730,0.11134800
8233.750210,-0.23992800
8233.759680,0.20502200
8233.769160,-0.06428970
8233.778640,-0.18138200
8233.788120,0.90757400
8233.797590,1.46962000
8233.807070,1.32911000
8233.816550,1.83260000
8233.826020,2.31268000
8233.835500,2.10191000
8233.844980,1.71551000
8233.854450,1.13005000
8233.863930,0.53288000
8233.873410,0.36895100
8233.882890,0.13476700
8233.892360,-0.20480000
8233.901840,0.15818500
8233.911320,0.69680800
8233.920790,0.82561000
8233.930270,0.98953800
8233.939750,0.63826200
8233.949230,-0.41556600
8233.958700,-1.00103000
8233.968180,-1.43427000
8233.977660,-2.51151000
8233.987130,-3.34287000
8233.996610,-3.09697000
8234.006090,-2.20707000
8234.015570,-1.59819000
8234.025040,-1.28205000
8234.034520,-0.80196900
8234.044000,-0.29847400
8234.053470,0.34553200
8234.062950,0.49775200
8234.072430,-0.15796300
8234.081900,-0.05258050
8234.091380,0.26356800
8234.100860,0.21673100
8234.110340,1.14176000
8234.119810,1.01296000
8234.129290,0.21673100
8234.138770,1.20030000
8234.148240,0.54458900
8234.157720,-0.74342300
8234.167200,0.13476700
8234.176680,-0.61462200
8234.186150,-0.79026000
8234.195630,0.22844000
8234.205110,-1.55136000
8234.214580,-1.04786000
8234.224060,-0.40385600
8234.233540,-2.42955000
8234.243020,0.46262400
8234.252490,-0.06428970
8234.261970,-3.20236000
8234.271450,3.42505000
8234.280920,4.03393000
8234.290400,5.01750000
8234.299880,17.54630000
8234.309350,19.19730000
8234.318830,73.92620000
8234.328310,217.49300000
8234.337790,267.26800000
8234.347260,143.08100000
8234.356740,35.01650000
8234.366220,20.36830000
8234.375690,11.30530000
8234.385170,1.63354000
8234.394650,5.27511000
8234.404130,0.47433400
8234.413600,-1.31717000
8234.423080,1.49303000
8234.432560,-0.31018300
8234.442030,2.12533000
8234.451510,5.01750000
8234.460990,13.43640000
8234.470470,31.45690000
8234.479940,31.24610000
8234.489420,12.96810000
8234.498900,4.38521000
8234.508370,2.96839000
8234.517850,0.79048200
8234.527330,1.02467000
8234.536800,0.18160400
8234.546280,-0.54436700
8234.555760,0.83731900
8234.565240,1.16518000
8234.574710,2.83959000
8234.584190,4.74819000
8234.593670,2.17217000
8234.603140,-0.76684200
8234.612620,-0.67316800
8234.622100,-0.14625400
8234.631580,0.18160400
8234.641050,0.68509900
8234.650530,0.86073700
8234.660010,0.79048200
8234.669480,0.72022700
8234.678960,0.76706400
8234.688440,0.53288000
8234.697920,0.08792990
8234.707390,0.47433400
8234.716870,1.28227000
8234.726350,1.55158000
8234.735820,1.93798000
8234.745300,2.45319000
8234.754780,2.39464000
8234.764260,2.60541000
8234.773730,3.24941000
8234.783210,2.94498000
8234.792690,1.91457000
8234.802160,0.93099200
8234.811640,-0.20480000
8234.821120,-0.52094900
8234.830590,0.49775200
8234.840070,1.38765000
8234.849550,1.86773000
8234.859030,2.50003000
8234.868500,3.09719000
8234.877980,3.74120000
8234.887460,3.97538000
8234.896930,3.77633000
8234.906410,4.26811000
8234.915890,5.36878000
8234.925370,6.55141000
8234.934840,7.57011000
8234.944320,8.07361000
8234.953800,8.76445000
8234.963270,9.30307000
8234.972750,9.01034000
8234.982230,9.30307000
8234.991710,9.93537000
8235.001180,10.57940000
8235.010660,12.48800000
8235.020140,14.16240000
8235.029610,15.89540000
8235.039090,19.18560000
8235.048570,22.87400000
8235.058040,30.27430000
8235.067520,43.90380000
8235.077000,65.91710000
8235.086480,113.78400000
8235.095950,223.85100000
8235.105430,496.06600000
8235.114910,1150.65000000
8235.124380,2470.91000000
8235.133860,4581.41000000
8235.143340,7019.51000000
8235.152820,8576.06000000
8235.162290,8198.17000000
8235.171770,6151.69000000
8235.181250,3715.37000000
8235.190720,1878.33000000
8235.200200,832.98700000
8235.209680,353.65900000
8235.219160,165.12900000
8235.228630,90.62350000
8235.238110,60.40200000
8235.247590,45.48450000
8235.257060,34.45440000
8235.266540,28.20170000
8235.276020,23.42440000
8235.285490,19.40810000
8235.294970,16.93750000
8235.304450,13.34270000
8235.313930,10.66130000
8235.323400,9.93537000
8235.332880,8.68248000
8235.342360,7.74575000
8235.351830,6.63337000
8235.361310,4.35008000
8235.370790,3.07378000
8235.380270,2.44148000
8235.389740,1.61013000
8235.399220,1.94969000
8235.408700,2.60541000
8235.418170,2.50003000
8235.427650,2.76934000
8235.437130,3.65924000
8235.446610,4.44375000
8235.456080,4.54914000
8235.465560,4.16273000
8235.475040,3.90513000
8235.484510,3.87000000
8235.493990,4.65452000
8235.503470,5.74347000
8235.512940,5.11118000
8235.522420,3.88171000
8235.531900,3.71778000
8235.541380,3.30796000
8235.550850,2.99181000
8235.560330,3.35480000
8235.569810,3.13232000
8235.579280,3.34309000
8235.588760,3.94026000
8235.598240,3.33138000
8235.607720,2.27755000
8235.617190,0.56800700
8235.626670,2.23071000
8235.636150,12.64020000
8235.645620,19.79450000
8235.655100,12.07820000
8235.664580,2.71079000
8235.674060,1.69209000
8235.683530,1.59842000
8235.693010,0.89586500
8235.702490,1.75064000
8235.711960,1.23543000
8235.721440,0.62655300
8235.730920,1.30569000
8235.740390,1.10663000
8235.749870,1.35252000
8235.759350,2.65224000
8235.768830,3.03865000
8235.778300,2.98010000
8235.787780,2.74592000
8235.797260,1.83260000
8235.806730,1.13005000
8235.816210,0.63826200
8235.825690,0.14647600
8235.835170,0.36895100
8235.844640,0.84902800
8235.854120,1.01296000
8235.863600,1.09492000
8235.873070,0.82561000
8235.882550,0.53288000
8235.892030,0.96612000
8235.901510,1.37594000
8235.910980,1.17689000
8235.920460,1.49303000
8235.929940,2.30097000
8235.939410,2.25413000
8235.948890,1.84431000
8235.958370,2.16046000
8235.967850,2.74592000
8235.977320,3.07378000
8235.986800,2.96839000
8235.996280,2.33610000
8236.005750,1.79747000
8236.015230,1.39936000
8236.024710,0.82561000
8236.034180,0.82561000
8236.043660,1.41107000
8236.053140,1.52816000
8236.062620,1.05979000
8236.072090,0.11134800
8236.081570,-1.36401000
8236.091050,-2.59348000
8236.100520,-2.97988000
8236.110000,-2.55835000
8236.119480,-1.31717000
8236.128960,0.26356800
8236.138430,1.48132000
8236.147910,2.17217000
8236.157390,2.45319000
8236.166860,2.40635000
8236.176340,2.03166000
8236.185820,1.56329000
8236.195300,1.50474000
8236.204770,2.00824000
8236.214250,2.47661000
8236.223730,2.60541000
8236.233200,2.46490000
8236.242680,1.84431000
8236.252160,0.97782900
8236.261630,0.64997200
8236.271110,0.84902800
8236.280590,1.10663000
8236.290070,1.04808000
8236.299540,0.40407800
8236.309020,-0.33360100
8236.318500,-0.39214700
8236.327970,-0.14625400
8236.337450,-0.13454500
8236.346930,-0.22821800
8236.356410,-0.28676400
8236.365880,-0.00574366
8236.375360,0.61484400
8236.384840,0.86073700
8236.394310,1.13005000
8236.403790,1.90286000
8236.413270,2.20730000
8236.422750,1.71551000
8236.432220,1.22372000
8236.441700,1.07150000
8236.451180,1.49303000
8236.460650,1.91457000
8236.470130,1.18859000
8236.479610,0.35724200
8236.489080,0.84902800
8236.498560,1.55158000
8236.508040,1.37594000
8236.517520,0.83731900
8236.526990,0.22844000
8236.536470,-0.57949500
8236.545950,-1.34059000
8236.555420,-1.84409000
8236.564900,-1.89093000
8236.574380,-1.29376000
8236.583860,-0.52094900
8236.593330,0.06451150
8236.602810,1.02467000
8236.612290,2.28926000
8236.621760,2.50003000
8236.631240,1.24714000
8236.640720,-0.04087130
8236.650200,-0.42727500
8236.659670,-0.49753000
8236.669150,-0.89564300
8236.678630,-1.15325000
8236.688100,-0.89564300
8236.697580,-0.62633100
8236.707060,-0.28676400
8236.716530,0.55629800
8236.726010,1.13005000
8236.735490,1.21201000
8236.744970,1.53987000
8236.754440,1.85602000
8236.763920,1.76235000
8236.773400,1.76235000
8236.782870,1.75064000
8236.792350,1.39936000
8236.801830,0.81390000
8236.811310,-0.04087130
8236.820780,-0.80196900
8236.830260,-0.96589800
8236.839740,-0.93077100
8236.849210,-0.63804000
8236.858690,0.35724200
8236.868170,1.56329000
8236.877650,2.54686000
8236.887120,3.15574000
8236.896600,3.43676000
8236.906080,3.83487000
8236.915550,3.41334000
8236.925030,1.62184000
8236.934510,1.11834000
8236.943990,2.64054000
8236.953460,2.89814000
8236.962940,1.37594000
8236.972420,0.52117000
8236.981890,0.47433400
8236.991370,0.33382300
8237.000850,0.22844000
8237.010320,0.19331300
8237.019800,-0.27505500
8237.029280,-1.25863000
8237.038760,-1.57478000
8237.048230,-0.94248000
8237.057710,-1.22350000
8237.067190,-2.38271000
8237.076660,-2.59348000
8237.086140,-2.65202000
8237.095620,-3.62389000
8237.105100,-3.91662000
8237.114570,-3.56534000
8237.124050,-4.50208000
8237.133530,-5.32172000
8237.143000,-4.39669000
8237.152480,-3.60047000
8237.161960,-3.02672000
8237.171440,-1.24692000
8237.180910,0.50946100
8237.190390,1.96140000
8237.199870,3.44847000
8237.209340,3.74120000
8237.218820,3.92855000
8237.228300,4.68965000
8237.237770,4.86528000
8237.247250,5.08776000
8237.256730,4.02222000
8237.266210,2.12533000
8237.275680,2.72250000
8237.285160,1.29398000
8237.294640,2.35951000
8237.304110,20.15750000
8237.313590,36.17570000
8237.323070,24.22060000
8237.332550,5.15801000
8237.342020,2.26584000
8237.351500,2.83959000
8237.360980,0.26356800
8237.370450,1.04808000
8237.379930,2.37122000
8237.389410,2.50003000
8237.398890,3.24941000
8237.408360,3.14403000
8237.417840,2.50003000
8237.427320,1.73893000
8237.436790,0.63826200
8237.446270,0.21673100
8237.455750,-0.84880600
8237.465220,-2.41784000
8237.474700,-2.41784000
8237.484180,-2.27733000
8237.493660,-2.06656000
8237.503130,-0.32189200
8237.512610,0.60313500
8237.522090,0.29869600
8237.531560,0.72022700
8237.541040,0.87244600
8237.550520,0.73193600
8237.560000,1.34081000
8237.569470,1.23543000
8237.578950,0.80219100
8237.588430,1.56329000
8237.597900,1.71551000
8237.607380,0.91928300
8237.616860,1.39936000
8237.626340,2.18388000
8237.635810,1.79747000
8237.645290,1.31740000
8237.654770,0.53288000
8237.664240,-0.86051500
8237.673720,-1.37572000
8237.683200,-1.24692000
8237.692670,-1.01273000
8237.702150,0.46262400
8237.711630,2.25413000
8237.721110,2.30097000
8237.730580,0.82561000
8237.740060,-1.22350000
8237.749540,-3.05014000
8237.759010,-3.81123000
8237.768490,-3.70585000
8237.777970,-2.67544000
8237.787450,-0.00574366
8237.796920,3.37822000
8237.806400,5.84886000
8237.815880,7.34763000
8237.825350,8.53026000
8237.834830,9.27965000
8237.844310,9.24452000
8237.853790,8.53026000
8237.863260,7.23054000
8237.872740,5.07605000
8237.882220,2.38293000
8237.891690,0.11134800
8237.901170,-1.49281000
8237.910650,-2.68715000
8237.920130,-3.34287000
8237.929600,-3.20236000
8237.939080,-2.31246000
8237.948560,-0.89564300
8237.958030,0.40407800
8237.967510,1.09492000
8237.976990,1.57500000
8237.986460,2.05508000
8237.995940,2.37122000
8238.005420,2.62883000
8238.014900,2.21900000
8238.024370,1.07150000
8238.033850,1.05979000
8238.043330,2.16046000
8238.052800,2.30097000
8238.062280,2.10191000
8238.071760,2.60541000
8238.081240,2.64054000
8238.090710,2.20730000
8238.100190,1.92627000
8238.109670,1.16518000
8238.119140,0.20502200
8238.128620,-0.32189200
8238.138100,-0.64975000
8238.147580,-0.47411200
8238.157050,0.38066000
8238.166530,1.37594000
8238.176010,2.06678000
8238.185480,2.58199000
8238.194960,3.22600000
8238.204440,3.30796000
8238.213910,2.14875000
8238.223390,0.98953800
8238.232870,0.13476700
8238.242350,-1.35230000
8238.251820,-2.20707000
8238.261300,-1.39914000
8238.270780,-0.11112600
8238.280250,0.86073700
8238.289730,1.20030000
8238.299210,1.20030000
8238.308690,1.69209000
8238.318160,1.57500000
8238.327640,0.14647600
8238.337120,-0.64975000
8238.346590,-0.66145900
8238.356070,-1.21179000
8238.365550,-1.29376000
8238.375030,-0.41556600
8238.384500,0.12305800
8238.393980,0.33382300
8238.403460,0.57971600
8238.412930,0.28698600
8238.422410,-0.13454500
8238.431890,-0.06428970
8238.441360,-0.12283600
8238.450840,-0.31018300
8238.460320,-0.19309100
8238.469800,-0.31018300
8238.479270,-0.42727500
8238.488750,0.05280230
8238.498230,0.26356800
8238.507700,0.02938390
8238.517180,0.21673100
8238.526660,0.39236900
8238.536140,0.33382300
8238.545610,0.80219100
8238.555090,1.48132000
8238.564570,1.76235000
8238.574040,1.91457000
8238.583520,1.57500000
8238.593000,0.59142600
8238.602480,0.14647600
8238.611950,0.50946100
8238.621430,0.59142600
8238.630910,0.18160400
8238.640380,0.00596554
8238.649860,0.29869600
8238.659340,0.90757400
8238.668810,1.79747000
8238.678290,3.00352000
8238.687770,4.23299000
8238.697250,4.75990000
8238.706720,4.36179000
8238.716200,3.81146000
8238.725680,3.23770000
8238.735150,2.10191000
8238.744630,0.97782900
8238.754110,0.73193600
8238.763590,0.55629800
8238.773060,-0.06428970
8238.782540,-0.13454500
8238.792020,0.02938390
8238.801490,-1.03615000
8238.810970,-2.12511000
8238.820450,-1.71529000
8238.829930,-1.30546000
8238.839400,-1.27034000
8238.848880,-0.09941730
8238.858360,1.25885000
8238.867830,1.64525000
8238.877310,2.19559000
8238.886790,2.73421000
8238.896270,2.45319000
8238.905740,2.33610000
8238.915220,2.48832000
8238.924700,2.09020000
8238.934170,1.79747000
8238.943650,2.10191000
8238.953130,2.42977000
8238.962600,2.48832000
8238.972080,2.28926000
8238.981560,2.19559000
8238.991040,2.51173000
8239.000510,2.27755000
8239.009990,1.10663000
8239.019470,0.12305800
8239.028940,-0.25163700
8239.038420,-0.25163700
8239.047900,0.33382300
8239.057380,1.03638000
8239.066850,1.41107000
8239.076330,1.91457000
8239.085810,2.11362000
8239.095280,1.59842000
8239.104760,1.44620000
8239.114240,1.94969000
8239.123720,1.97311000
8239.133190,1.46962000
8239.142670,0.94270200
8239.152150,0.25185900
8239.161620,-0.49753000
8239.171100,-0.55607600
8239.180580,0.19331300
8239.190050,0.80219100
8239.199530,0.93099200
8239.209010,1.03638000
8239.218490,0.67339000
8239.227960,-0.28676400
8239.237440,-0.32189200
8239.246920,0.76706400
8239.256390,1.80918000
8239.265870,2.76934000
8239.275350,3.12061000
8239.284830,2.23071000
8239.294300,1.66867000
8239.303780,1.77406000
8239.313260,1.36423000
8239.322730,1.30569000
8239.332210,1.63354000
8239.341690,1.01296000
8239.351170,0.79048200
8239.360640,1.66867000
8239.370120,2.00824000
8239.379600,2.13704000
8239.389070,2.21900000
8239.398550,1.14176000
8239.408030,0.24015000
8239.417500,0.34553200
8239.426980,-0.04087130
8239.436460,-0.35702000
8239.445940,0.12305800
8239.455410,0.35724200
8239.464890,0.70851800
8239.474370,1.31740000
8239.483840,0.77877300
8239.493320,-0.06428970
8239.502800,0.24015000
8239.512280,0.42749700
8239.521750,0.04109310
8239.531230,0.38066000
8239.540710,1.14176000
8239.550180,1.28227000
8239.559660,1.09492000
8239.569140,0.68509900
8239.578620,0.09963910
8239.588090,-0.00574366
8239.597570,0.04109310
8239.607050,-0.26334600
8239.616520,-0.53265800
8239.626000,-1.05957000
8239.635480,-1.48110000
8239.644950,-0.91906100
8239.654430,-0.76684200
8239.663910,-1.50452000
8239.673390,-1.30546000
8239.682860,-0.86051500
8239.692340,-1.43427000
8239.701820,-1.76212000
8239.711290,-1.63332000
8239.720770,-1.80896000
8239.730250,-2.01973000
8239.739730,-2.26562000
8239.749200,-2.17195000
8239.758680,-1.59819000
8239.768160,-1.34059000
8239.777630,-0.75513200
8239.787110,0.20502200
8239.796590,-0.05258050
8239.806070,-0.55607600
8239.815540,-0.40385600
8239.825020,-0.84880600
8239.834500,-1.25863000
8239.843970,-0.83709700
8239.853450,-0.67316800
8239.862930,-0.14625400
8239.872400,0.95441100
8239.881880,0.98953800
8239.891360,0.54458900
8239.900840,0.75535400
8239.910310,1.02467000
8239.919790,0.90757400
8239.929270,0.34553200
8239.938740,-0.02916210
8239.948220,0.36895100
8239.957700,0.38066000
8239.967180,0.16989400
8239.976650,0.82561000
8239.986130,0.73193600
8239.995610,-0.63804000
8240.005080,-1.29376000
8240.014560,-1.22350000
8240.024040,-0.97760700
8240.033520,0.15818500
8240.042990,1.32911000
8240.052470,1.39936000
8240.061950,1.20030000
8240.071420,1.21201000
8240.080900,0.68509900
8240.090380,-0.67316800
8240.099860,-2.30075000
8240.109330,-2.89792000
8240.118810,-2.40613000
8240.128290,-2.17195000
8240.137760,-1.17666000
8240.147240,0.72022700
8240.156720,0.29869600
8240.166190,-0.83709700
8240.175670,0.05280230
8240.185150,-0.05258050
8240.194630,-0.21650900
8240.204100,1.22372000
8240.213580,1.02467000
8240.223060,1.24714000
8240.232530,2.30097000
8240.242010,1.29398000
8240.251490,2.60541000
8240.260970,4.08077000
8240.270440,1.99653000
8240.279920,3.14403000
8240.289400,3.87000000
8240.298870,1.38765000
8240.308350,2.81617000
8240.317830,1.37594000
8240.327310,-1.16495000
8240.336780,2.07849000
8240.346260,-0.95418900
8240.355740,0.09963910
8240.365210,9.36162000
8240.374690,12.96810000
8240.384170,67.25190000
8240.393640,174.88300000
8240.403120,188.74700000
8240.412600,87.38000000
8240.422080,20.11070000
8240.431550,14.30290000
8240.441030,6.21184000
8240.450510,1.97311000
8240.459980,4.81845000
8240.469460,0.41578800
8240.478940,0.67339000
8240.488420,2.39464000
8240.497890,-0.84880600
8240.507370,-0.49753000
8240.516850,-0.33360100
8240.526320,-1.41085000
8240.535800,0.46262400
8240.545280,0.12305800
8240.554760,-0.69658600
8240.564230,0.87244600
8240.573710,0.76706400
8240.583190,0.79048200
8240.592660,1.51645000
8240.602140,0.61484400
8240.611620,0.32211400
8240.621090,0.28698600
8240.630570,-0.22821800
8240.640050,0.57971600
8240.649530,1.07150000
8240.659000,0.89586500
8240.668480,1.25885000
8240.677960,0.45091500
8240.687430,-1.03615000
8240.696910,-1.10641000
8240.706390,-0.55607600
8240.715870,-0.14625400
8240.725340,0.31040500
8240.734820,0.82561000
8240.744300,1.35252000
8240.753770,1.46962000
8240.763250,0.88415600
8240.772730,-0.12283600
8240.782210,-1.05957000
8240.791680,-1.45768000
8240.801160,-1.39914000
8240.810640,-1.09470000
8240.820110,-0.83709700
8240.829590,-0.81367900
8240.839070,-0.41556600
8240.848540,0.31040500
8240.858020,0.59142600
8240.867500,0.68509900
8240.876980,0.66168100
8240.886450,0.14647600
8240.895930,-0.21650900
8240.905410,-0.12283600
8240.914880,0.05280230
8240.924360,0.24015000
8240.933840,0.08792990
8240.943320,0.06451150
8240.952790,0.73193600
8240.962270,0.76706400
8240.971750,-0.01745290
8240.981220,-0.09941730
8240.990700,-0.09941730
8241.000180,-0.66145900
8241.009660,-0.56778500
8241.019130,-0.27505500
8241.028610,-0.36872900
8241.038090,-0.06428970
8241.047560,-0.00574366
8241.057040,-0.57949500
8241.066520,-0.73171400
8241.076000,-1.02444000
8241.085470,-1.91434000
8241.094950,-2.11340000
8241.104430,-1.36401000
8241.113900,-0.29847400
8241.123380,0.88415600
8241.132860,1.84431000
8241.142330,2.34781000
8241.151810,2.35951000
8241.161290,2.13704000
8241.170770,1.91457000
8241.180240,1.55158000
8241.189720,1.25885000
8241.199200,1.21201000
8241.208670,1.36423000
8241.218150,1.79747000
8241.227630,1.80918000
8241.237110,1.31740000
8241.246580,1.66867000
8241.256060,2.39464000
8241.265540,2.76934000
8241.275010,3.55385000
8241.284490,3.92855000
8241.293970,3.26112000
8241.303450,2.61712000
8241.312920,1.50474000
8241.322400,-0.46240200
8241.331880,-1.69187000
8241.341350,-1.42256000
8241.350830,0.24015000
8241.360310,2.57028000
8241.369780,3.69436000
8241.379260,3.03865000
8241.388740,1.87944000
8241.398220,1.10663000
8241.407690,0.96612000
8241.417170,1.50474000
8241.426650,2.28926000
8241.436120,2.47661000
8241.445600,1.87944000
8241.455080,1.50474000
8241.464560,1.69209000
8241.474030,1.37594000
8241.483510,0.45091500
8241.492990,-0.43898400
8241.502460,-1.25863000
8241.511940,-1.58649000
8241.521420,-1.17666000
8241.530900,-0.74342300
8241.540370,-0.19309100
8241.549850,0.74364500
8241.559330,1.14176000
8241.568800,0.91928300
8241.578280,0.38066000
8241.587760,-0.19309100
8241.597230,0.49775200
8241.606710,1.79747000
8241.616190,2.00824000
8241.625670,2.21900000
8241.635140,2.61712000
8241.644620,2.10191000
8241.654100,1.48132000
8241.663570,1.10663000
8241.673050,1.08321000
8241.682530,1.76235000
8241.692010,1.64525000
8241.701480,0.70851800
8241.710960,0.42749700
8241.720440,0.11134800
8241.729910,-0.31018300
8241.739390,0.15818500
8241.748870,0.81390000
8241.758350,0.72022700
8241.767820,0.14647600
8241.777300,-0.27505500
8241.786780,-0.89564300
8241.796250,-1.99631000
8241.805730,-3.06185000
8241.815210,-4.01029000
8241.824680,-3.95174000
8241.834160,-3.40141000
8241.843640,-4.11567000
8241.853120,-4.52550000
8241.862590,-4.43182000
8241.872070,-4.66601000
8241.881550,-3.75269000
8241.891020,-3.86978000
8241.900500,-3.82294000
8241.909980,-1.04786000
8241.919460,-0.69658600
8241.928930,0.22844000
8241.938410,3.30796000
8241.947890,1.25885000
8241.957360,1.49303000
8241.966840,3.41334000
8241.976320,-1.04786000
8241.985800,0.40407800
8241.995270,1.78576000
8242.004750,-3.08526000
8242.014230,2.18388000
8242.023700,2.07849000
8242.033180,-4.27960000
8242.042660,2.61712000
8242.052140,-2.06656000
8242.061610,-6.51606000
8242.071090,5.31023000
8242.080570,-4.04542000
8242.090040,-1.64503000
8242.099520,15.13430000
8242.109000,-1.45768000
8242.118470,20.57900000
8242.127950,49.51250000
8242.137430,76.93540000
8242.146910,394.88700000
8242.156380,820.93800000
8242.165860,710.07500000
8242.175340,245.93400000
8242.184810,51.45620000
8242.194290,47.47510000
8242.203770,6.02450000
8242.213250,5.13460000
8242.222720,13.70570000
8242.232200,-5.43881000
8242.241680,2.95668000
8242.251150,3.91684000
8242.260630,-6.00085000
8242.270110,2.67566000
8242.279590,-0.36872900
8242.289060,-4.13909000
8242.298540,3.69436000
8242.308020,-0.25163700
8242.317490,-1.21179000
8242.326970,3.36651000
8242.336450,-0.23992800
8242.345920,0.77877300
8242.355400,2.17217000
8242.364880,-1.50452000
8242.374360,-0.19309100
8242.383830,-0.27505500
8242.393310,-2.00802000
8242.402790,0.09963910
8242.412260,-0.32189200
8242.421740,-1.04786000
8242.431220,-0.47411200
8242.440700,-1.46939000
8242.450170,-0.05258050
8242.459650,1.13005000
8242.469130,0.91928300
8242.478600,2.79276000
8242.488080,3.24941000
8242.497560,11.64490000
8242.507040,32.83860000
8242.516510,38.40040000
8242.525990,18.76410000
8242.535470,3.02694000
8242.544940,0.97782900
8242.554420,0.02938390
8242.563900,-0.62633100
8242.573370,0.83731900
8242.582850,1.13005000
8242.592330,1.14176000
8242.601810,1.91457000
8242.611280,2.58199000
8242.620760,3.47189000
8242.630240,4.30324000
8242.639710,4.71306000
8242.649190,4.31495000
8242.658670,2.73421000
8242.668150,1.73893000
8242.677620,1.68038000
8242.687100,1.17689000
8242.696580,1.09492000
8242.706050,1.75064000
8242.715530,1.83260000
8242.725010,1.87944000
8242.734490,2.50003000
8242.743960,2.69908000
8242.753440,2.09020000
8242.762920,1.39936000
8242.772390,1.02467000
8242.781870,0.94270200
8242.791350,1.11834000
8242.800820,1.35252000
8242.810300,1.87944000
8242.819780,2.37122000
8242.829260,1.69209000
8242.838730,1.04808000
8242.848210,1.22372000
8242.857690,0.57971600
8242.867160,-0.40385600
8242.876640,-0.84880600
8242.886120,-1.38743000
8242.895600,-0.91906100
8242.905070,0.13476700
8242.914550,0.95441100
8242.924030,3.98709000
8242.933500,6.89098000
8242.942980,4.57255000
8242.952460,0.74364500
8242.961940,0.41578800
8242.971410,0.73193600
8242.980890,-0.12283600
8242.990370,0.26356800
8242.999840,1.21201000
8243.009320,1.53987000
8243.018800,2.03166000
8243.028280,1.55158000
8243.037750,0.28698600
8243.047230,-0.08770810
8243.056710,-0.83709700
8243.066180,-1.82067000
8243.075660,-1.85580000
8243.085140,-1.25863000
8243.094610,0.47433400
8243.104090,1.42278000
8243.113570,0.82561000
8243.123050,1.37594000
8243.132520,1.22372000
8243.142000,-0.02916210
8243.151480,0.73193600
8243.160950,1.50474000
8243.170430,1.80918000
8243.179910,2.87472000
8243.189390,2.42977000
8243.198860,0.98953800
8243.208340,0.19331300
8243.217820,-0.04087130
8243.227290,-0.01745290
8243.236770,0.07622070
8243.246250,0.62655300
8243.255730,0.25185900
8243.265200,0.75535400
8243.274680,2.34781000
8243.284160,0.32211400
8243.293630,0.24015000
8243.303110,1.01296000
8243.312590,-3.42483000
8243.322060,-1.44598000
8243.331540,-0.26334600
8243.341020,-5.62616000
8243.350500,-0.11112600
8243.359970,-0.74342300
8243.369450,-5.83693000
8243.378930,5.07605000
8243.388400,0.25185900
8243.397880,-4.19764000
8243.407360,9.34991000
8243.416840,-3.69414000
8243.426310,-3.88149000
8243.435790,11.45760000
8243.445270,-9.47849000
8243.454740,1.43449000
8243.464220,14.81810000
8243.473700,-14.68910000
8243.483180,10.47400000
8243.492650,11.07120000
8243.502130,-24.32580000
8243.511610,24.43140000
8243.521080,5.54442000
8243.530560,-21.21110000
8243.540040,60.56600000
8243.549510,3.79975000
8243.558990,23.63510000
8243.568470,170.37500000
8243.577950,128.18700000
8243.587420,917.22300000
8243.596900,2622.09000000
8243.606380,2742.14000000
8243.615850,1075.19000000
8243.625330,153.18600000
8243.634810,176.65100000
8243.644290,41.11700000
8243.653760,-6.34042000
8243.663240,62.52140000
8243.672720,-14.70080000
8243.682190,-0.27505500
8243.691670,28.88090000
8243.701150,-22.78010000
8243.710630,6.21184000
8243.720100,13.16710000
8243.729580,-16.85530000
8243.739060,11.80880000
8243.748530,5.52100000
8243.758010,-9.36140000
8243.767490,12.44110000
8243.776960,-0.01745290
8243.786440,-5.80180000
8243.795920,7.26567000
8243.805400,-4.18593000
8243.814870,-1.44598000
8243.824350,6.78559000
8243.833830,-1.80896000
8243.843300,3.37822000
8243.852780,13.91650000
8243.862260,22.41740000
8243.871740,27.82700000
8243.881210,12.37090000
8243.890690,0.79048200
8243.900170,5.08776000
8243.909640,1.92627000
8243.919120,0.25185900
8243.928600,4.29153000
8243.938080,2.47661000
8243.947550,3.53044000
8243.957030,4.66623000
8243.966510,0.84902800
8243.975980,2.59370000
8243.985460,2.69908000
8243.994940,-0.69658600
8244.004420,2.72250000
8244.013890,1.99653000
8244.023370,-0.04087130
8244.032850,4.85357000
8244.042320,1.27056000
8244.051800,0.22844000
8244.061280,5.50929000
8244.070750,-2.10169000
8244.080230,0.07622070
8244.089710,5.74347000
8244.099190,-5.07583000
8244.108660,4.71306000
8244.118140,9.72460000
8244.127620,-2.95646000
8244.137090,18.33090000
8244.146570,16.36370000
8244.156050,8.53026000
8244.165530,60.54250000
8244.175000,71.43210000
8244.184480,263.17000000
8244.193960,846.60500000
8244.203430,1117.66000000
8244.212910,636.54200000
8244.222390,149.73200000
8244.231870,70.98710000
8244.241340,44.33700000
8244.250820,5.18143000
8244.260300,28.89260000
8244.269770,16.53940000
8244.279250,2.80446000
8244.288730,13.82280000
8244.298200,0.83731900
8244.307680,0.67339000
8244.317160,7.79258000
8244.326640,-2.38271000
8244.336110,2.12533000
8244.345590,5.41562000
8244.355070,-2.04314000
8244.364540,2.51173000
8244.374020,2.59370000
8244.383500,-1.73871000
8244.392980,1.89115000
8244.402450,-0.06428970
8244.411930,-1.87922000
8244.421410,1.34081000
8244.430880,-0.23992800
8244.440360,0.18160400
8244.449840,2.32439000
8244.459320,0.06451150
8244.468790,0.01767470
8244.478270,1.04808000
8244.487750,0.21673100
8244.497220,1.31740000
8244.506700,1.98482000
8244.516180,0.94270200
8244.525650,1.00125000
8244.535130,1.49303000
8244.544610,1.55158000
8244.554090,1.34081000
8244.563560,0.84902800
8244.573040,0.09963910
8244.582520,-0.84880600
8244.591990,-1.02444000
8244.601470,-0.54436700
8244.610950,-0.19309100
8244.620430,0.35724200
8244.629900,0.89586500
8244.639380,1.51645000
8244.648860,2.45319000
8244.658330,2.89814000
8244.667810,3.00352000
8244.677290,3.03865000
8244.686770,2.55857000
8244.696240,1.70380000
8244.705720,0.46262400
8244.715200,-0.47411200
8244.724670,-0.18138200
8244.734150,0.06451150
8244.743630,-0.19309100
8244.753100,0.40407800
8244.762580,1.27056000
8244.772060,1.14176000
8244.781540,0.87244600
8244.791010,1.04808000
8244.800490,0.73193600
8244.809970,-0.18138200
8244.819440,-0.39214700
8244.828920,-0.00574366
8244.838400,0.00596554
8244.847880,0.01767470
8244.857350,0.62655300
8244.866830,1.38765000
8244.876310,1.94969000
8244.885780,2.30097000
8244.895260,2.21900000
8244.904740,1.37594000
8244.914220,0.14647600
8244.923690,-0.70829600
8244.933170,-1.00103000
8244.942650,-0.76684200
8244.952120,-0.27505500
8244.961600,-0.28676400
8244.971080,-0.54436700
8244.980550,-0.27505500
8244.990030,0.14647600
8244.999510,0.24015000
8245.008990,0.16989400
8245.018460,0.11134800
8245.027940,0.40407800
8245.037420,0.93099200
8245.046890,1.13005000
8245.056370,1.10663000
8245.065850,1.18859000
8245.075330,0.95441100
8245.084800,0.41578800
8245.094280,0.21673100
8245.103760,0.21673100
8245.113230,-0.01745290
8245.122710,-0.18138200
8245.132190,0.18160400
8245.141670,1.01296000
8245.151140,1.78576000
8245.160620,2.12533000
8245.170100,2.30097000
8245.179570,2.23071000
8245.189050,1.56329000
8245.198530,0.40407800
8245.208010,-0.88393400
8245.217480,-1.66845000
8245.226960,-1.79725000
8245.236440,-2.04314000
8245.245910,-1.91434000
8245.255390,-0.90735200
8245.264870,-0.54436700
8245.274340,-0.94248000
8245.283820,-0.82538800
8245.293300,-0.54436700
8245.302780,-0.47411200
8245.312250,-0.35702000
8245.321730,-0.22821800
8245.331210,0.49775200
8245.340680,1.41107000
8245.350160,1.44620000
8245.359640,1.45791000
8245.369120,1.84431000
8245.378590,2.00824000
8245.388070,2.42977000
8245.397550,2.65224000
8245.407020,1.90286000
8245.416500,1.63354000
8245.425980,2.13704000
8245.435460,1.52816000
8245.444930,0.16989400
8245.454410,-0.48582100
8245.463890,-0.90735200
8245.473360,-1.09470000
8245.482840,-0.45069300
8245.492320,-0.14625400
8245.501790,-0.63804000
8245.511270,-0.91906100
8245.520750,-1.31717000
8245.530230,-1.99631000
8245.539700,-1.78554000
8245.549180,-1.03615000
8245.558660,-0.49753000
8245.568130,0.11134800
8245.577610,0.48604300
8245.587090,0.64997200
8245.596570,1.36423000
8245.606040,1.79747000
8245.615520,1.24714000
8245.625000,0.67339000
8245.634470,0.24015000
8245.643950,-0.50923900
8245.653430,-1.02444000
8245.662910,-1.18837000
8245.672380,-1.39914000
8245.681860,-0.82538800
8245.691340,0.84902800
8245.700810,2.48832000
8245.710290,3.90513000
8245.719770,4.74819000
8245.729240,3.58898000
8245.738720,1.17689000
8245.748200,-0.42727500
8245.757680,-1.12983000
8245.767150,-1.17666000
8245.776630,-0.76684200
8245.786110,-0.43898400
8245.795580,0.50946100
8245.805060,2.18388000
8245.814540,4.43204000
8245.824020,8.19070000
8245.833490,10.45060000
8245.842970,6.93781000
8245.852450,1.69209000
8245.861920,0.08792990
8245.871400,0.08792990
8245.880880,-0.22821800
8245.890360,0.42749700
8245.899830,1.32911000
8245.909310,1.52816000
8245.918790,1.84431000
8245.928260,2.30097000
8245.937740,2.23071000
8245.947220,1.82089000
8245.956690,1.63354000
8245.966170,1.66867000
8245.975650,1.31740000
8245.985130,0.82561000
8245.994600,0.91928300
8246.004080,1.22372000
8246.013560,1.09492000
8246.023030,0.70851800
8246.032510,0.64997200
8246.041990,1.31740000
8246.051470,1.97311000
8246.060940,1.42278000
8246.070420,0.27527700
8246.079900,-0.19309100
8246.089370,0.04109310
8246.098850,0.69680800
8246.108330,1.48132000
8246.117810,1.82089000
8246.127280,1.89115000
8246.136760,2.05508000
8246.146240,1.75064000
8246.155710,0.72022700
8246.165190,-0.25163700
8246.174670,-0.34531100
8246.184150,0.41578800
8246.193620,0.81390000
8246.203100,0.18160400
8246.212580,-0.42727500
8246.222050,-0.54436700
8246.231530,-0.67316800
8246.241010,-0.45069300
8246.250480,0.14647600
8246.259960,0.66168100
8246.269440,1.61013000
8246.278920,2.75763000
8246.288390,2.96839000
8246.297870,2.58199000
8246.307350,2.28926000
8246.316820,2.06678000
8246.326300,1.82089000
8246.335780,1.24714000
8246.345260,1.14176000
8246.354730,2.51173000
8246.364210,3.26112000
8246.373690,2.03166000
8246.383160,1.10663000
8246.392640,0.95441100
8246.402120,-0.04087130
8246.411600,-1.00103000
8246.421070,-1.55136000
8246.430550,-2.82766000
8246.440030,-3.40141000
8246.449500,-2.42955000
8246.458980,-1.89093000
8246.468460,-1.65674000
8246.477930,-0.38043800
8246.487410,0.56800700
8246.496890,0.46262400
8246.506370,0.52117000
8246.515840,0.86073700
8246.525320,1.25885000
8246.534800,1.99653000
8246.544270,2.89814000
8246.553750,3.74120000
8246.563230,3.82317000
8246.572710,2.62883000
8246.582180,1.71551000
8246.591660,1.97311000
8246.601140,1.75064000
8246.610610,0.47433400
8246.620090,-0.39214700
8246.629570,0.02938390
8246.639050,0.95441100
8246.648520,1.25885000
8246.658000,1.42278000
8246.667480,1.78576000
8246.676950,1.48132000
8246.686430,1.34081000
8246.695910,1.99653000
8246.705380,2.03166000
8246.714860,2.05508000
8246.724340,2.92156000
8246.733820,2.67566000
8246.743290,1.69209000
8246.752770,1.90286000
8246.762250,2.59370000
8246.771720,3.70607000
8246.781200,5.42733000
8246.790680,5.31023000
8246.800160,3.12061000
8246.809630,1.48132000
8246.819110,0.93099200
8246.828590,0.61484400
8246.838060,0.83731900
8246.847540,1.98482000
8246.857020,3.95197000
8246.866500,7.46473000
8246.875970,14.39660000
8246.885450,25.60230000
8246.894930,38.35360000
8246.904400,46.67880000
8246.913880,45.94120000
8246.923360,37.34660000
8246.932830,25.77790000
8246.942310,15.69630000
8246.951790,9.93537000
8246.961270,7.75746000
8246.970740,6.11817000
8246.980220,4.68965000
8246.989700,3.92855000
8246.999170,2.66395000
8247.008650,1.08321000
8247.018130,0.06451150
8247.027610,-0.56778500
8247.037080,-0.75513200
8247.046560,-0.69658600
8247.056040,-0.59120400
8247.065510,-0.47411200
8247.074990,-1.11812000
8247.084470,-1.49281000
8247.093950,-0.62633100
8247.103420,-0.09941730
8247.112900,0.89586500
8247.122380,3.10890000
8247.131850,2.85130000
8247.141330,0.67339000
8247.150810,0.75535400
8247.160290,1.62184000
8247.169760,1.69209000
8247.179240,2.33610000
8247.188720,2.44148000
8247.198190,1.66867000
8247.207670,1.72722000
8247.217150,2.18388000
8247.226620,2.92156000
8247.236100,3.94026000
8247.245580,3.54214000
8247.255060,2.13704000
8247.264530,1.57500000
8247.274010,1.42278000
8247.283490,1.07150000
8247.292960,2.17217000
8247.302440,5.93082000
8247.311920,8.82299000
8247.321400,6.69192000
8247.330870,2.92156000
8247.340350,2.24242000
8247.349830,2.18388000
8247.359300,0.41578800
8247.368780,-1.04786000
8247.378260,-1.65674000
8247.387740,-2.07827000
8247.397210,-1.77383000
8247.406690,-1.10641000
8247.416170,-0.86051500
8247.425640,-0.66145900
8247.435120,0.24015000
8247.444600,1.39936000
8247.454070,1.45791000
8247.463550,0.84902800
8247.473030,0.89586500
8247.482510,0.54458900
8247.491980,-1.02444000
8247.501460,-1.72700000
8247.510940,-0.47411200
8247.520410,0.79048200
8247.529890,0.82561000
8247.539370,0.50946100
8247.548850,0.32211400
8247.558320,0.09963910
8247.567800,0.33382300
8247.577280,1.02467000
8247.586750,1.15347000
8247.596230,0.40407800
8247.605710,-0.53265800
8247.615190,-0.74342300
8247.624660,0.21673100
8247.634140,1.48132000
8247.643620,2.04337000
8247.653090,2.03166000
8247.662570,1.59842000
8247.672050,0.76706400
8247.681520,0.19331300
8247.691000,0.08792990
8247.700480,0.02938390
8247.709960,-0.00574366
8247.719430,0.34553200
8247.728910,0.98953800
8247.738390,1.32911000
8247.747860,1.07150000
8247.757340,0.77877300
8247.766820,0.60313500
8247.776300,-0.01745290
8247.785770,-0.80196900
8247.795250,-1.38743000
8247.804730,-1.72700000
8247.814200,-0.90735200
8247.823680,1.03638000
8247.833160,2.46490000
8247.842640,3.61240000
8247.852110,5.57955000
8247.861590,7.33593000
8247.871070,7.82771000
8247.880540,6.96123000
8247.890020,5.16972000
8247.899500,4.10419000
8247.908970,3.74120000
8247.918450,2.34781000
8247.927930,0.61484400
8247.937410,-0.38043800
8247.946880,-1.42256000
8247.956360,-1.90263000
8247.965840,-1.23521000
8247.975310,-0.83709700
8247.984790,-0.62633100
8247.994270,0.35724200
8248.003750,1.07150000
8248.013220,0.93099200
8248.022700,1.08321000
8248.032180,1.64525000
8248.041650,1.45791000
8248.051130,0.36895100
8248.060610,-0.50923900
8248.070090,-0.70829600
8248.079560,-1.17666000
8248.089040,-2.12511000
8248.098520,-2.23049000
8248.107990,-1.49281000
8248.117470,-1.11812000
8248.126950,-0.63804000
8248.136430,0.46262400
8248.145900,0.83731900
8248.155380,0.40407800
8248.164860,0.77877300
8248.174330,1.76235000
8248.183810,2.26584000
8248.193290,2.37122000
8248.202760,2.31268000
8248.212240,2.05508000
8248.221720,2.09020000
8248.231200,2.51173000
8248.240670,2.44148000
8248.250150,1.68038000
8248.259630,1.39936000
8248.269100,1.91457000
8248.278580,2.11362000
8248.288060,2.25413000
8248.297540,3.19087000
8248.307010,3.82317000
8248.316490,3.34309000
8248.325970,2.68737000
8248.335440,2.19559000
8248.344920,1.73893000
8248.354400,1.36423000
8248.363880,0.39236900
8248.373350,-0.94248000
8248.382830,-1.41085000
8248.392310,-1.34059000
8248.401780,-1.32888000
8248.411260,-0.69658600
8248.420740,0.22844000
8248.430210,0.28698600
8248.439690,0.16989400
8248.449170,0.81390000
8248.458650,1.22372000
8248.468120,0.74364500
8248.477600,0.40407800
8248.487080,0.08792990
8248.496550,-0.21650900
8248.506030,0.35724200
8248.515510,0.67339000
8248.524990,0.41578800
8248.534460,0.59142600
8248.543940,-0.31018300
8248.553420,-1.87922000
8248.562890,-1.92605000
8248.572370,-1.70358000
8248.581850,-1.18837000
8248.591330,-0.36872900
8248.600800,-1.16495000
8248.610280,-1.50452000
8248.619760,-1.35230000
8248.629230,-2.23049000
8248.638710,-1.23521000
8248.648190,-0.27505500
8248.657660,-0.53265800
8248.667140,1.28227000
8248.676620,1.30569000
8248.686100,0.75535400
8248.695570,3.20258000
8248.705050,2.12533000
8248.714530,1.99653000
8248.724000,5.06434000
8248.733480,2.34781000
8248.742960,3.02694000
8248.752440,5.53271000
8248.761910,0.67339000
8248.771390,6.01279000
8248.780870,9.60751000
8248.790340,18.48310000
8248.799820,102.28600000
8248.809300,195.43300000
8248.818780,152.53000000
8248.828250,45.71870000
8248.837730,11.10630000
8248.847210,10.33350000
8248.856680,-0.41556600
8248.866160,1.11834000
8248.875640,1.78576000
8248.885110,-2.82766000
8248.894590,0.16989400
8248.904070,-0.77855100
8248.913550,-2.94475000
8248.923020,0.40407800
8248.932500,-0.56778500
8248.941980,-1.58649000
8248.951450,0.76706400
8248.960930,0.16989400
8248.970410,0.54458900
8248.979890,2.33610000
8248.989360,1.72722000
8248.998840,2.18388000
8249.008320,4.31495000
8249.017790,6.11817000
8249.027270,6.36406000
8249.036750,3.65924000
8249.046230,1.32911000
8249.055700,0.89586500
8249.065180,-0.02916210
8249.074660,-0.15796300
8249.084130,0.38066000
8249.093610,-0.43898400
8249.103090,-0.96589800
8249.112560,-0.70829600
8249.122040,-0.89564300
8249.131520,-0.98931700
8249.141000,-0.64975000
8249.150470,-0.01745290
8249.159950,0.72022700
8249.169430,0.87244600
8249.178900,0.87244600
8249.188380,1.02467000
8249.197860,0.47433400
8249.207340,-0.46240200
8249.216810,-0.73171400
8249.226290,-0.83709700
8249.235770,-1.49281000
8249.245240,-1.78554000
8249.254720,-1.21179000
8249.264200,-0.56778500
8249.273680,0.01767470
8249.283150,0.55629800
8249.292630,0.48604300
8249.302110,0.25185900
8249.311580,0.25185900
8249.321060,-0.08770810
8249.330540,-0.61462200
8249.340020,-0.89564300
8249.349490,-0.95418900
8249.358970,-0.42727500
8249.368450,0.62655300
8249.377920,1.25885000
8249.387400,1.24714000
8249.396880,1.24714000
8249.406350,1.35252000
8249.415830,0.95441100
8249.425310,0.39236900
8249.434790,0.64997200
8249.444260,1.25885000
8249.453740,1.28227000
8249.463220,1.23543000
8249.472690,1.39936000
8249.482170,1.20030000
8249.491650,0.80219100
8249.501130,0.59142600
8249.510600,0.48604300
8249.520080,0.83731900
8249.529560,1.69209000
8249.539030,2.51173000
8249.548510,3.02694000
8249.557990,3.08549000
8249.567470,2.67566000
8249.576940,1.94969000
8249.586420,0.88415600
8249.595900,-0.04087130
8249.605370,-0.39214700
8249.614850,-0.83709700
8249.624330,-0.86051500
8249.633800,0.73193600
8249.643280,2.38293000
8249.652760,2.57028000
8249.662240,2.58199000
8249.671710,2.78105000
8249.681190,2.24242000
8249.690670,1.51645000
8249.700140,0.77877300
8249.709620,-0.41556600
8249.719100,-1.10641000
8249.728580,-0.83709700
8249.738050,-0.32189200
8249.747530,0.39236900
8249.757010,1.17689000
8249.766480,1.64525000
8249.775960,1.92627000
8249.785440,2.01995000
8249.794920,1.87944000
8249.804390,1.85602000
8249.813870,1.51645000
8249.823350,0.31040500
8249.832820,-0.74342300
8249.842300,-0.67316800
8249.851780,-0.54436700
8249.861250,-0.35702000
8249.870730,1.05979000
8249.880210,2.16046000
8249.889690,2.18388000
8249.899160,3.05036000
8249.908640,3.31967000
8249.918120,2.45319000
8249.927590,3.02694000
8249.937070,3.22600000
8249.946550,5.66151000
8249.956030,16.30520000
8249.965500,23.41270000
8249.974980,15.12250000
8249.984460,4.42033000
8249.993930,2.07849000
8250.003410,1.75064000
8250.012890,0.98953800
8250.022370,1.11834000
8250.031840,0.36895100
8250.041320,-0.19309100
8250.050800,-0.01745290
8250.060270,-0.31018300
8250.069750,-0.14625400
8250.079230,0.09963910
8250.088700,-0.02916210
8250.098180,0.32211400
8250.107660,0.25185900
8250.117140,0.31040500
8250.126610,1.25885000
8250.136090,0.39236900
8250.145570,-1.75041000
8250.155040,-2.07827000
8250.164520,-1.75041000
8250.174000,-1.80896000
8250.183480,-1.12983000
8250.192950,-0.52094900
8250.202430,-0.50923900
8250.211910,-0.47411200
8250.221380,-0.79026000
8250.230860,-0.97760700
8250.240340,-0.49753000
8250.249820,-0.39214700
8250.259290,-0.57949500
8250.268770,0.01767470
8250.278250,1.07150000
8250.287720,1.55158000
8250.297200,1.27056000
8250.306680,0.70851800
8250.316160,0.19331300
8250.325630,-0.16967200
8250.335110,-0.16967200
8250.344590,-0.12283600
8250.354060,0.00596554
8250.363540,0.70851800
8250.373020,1.08321000
8250.382490,0.75535400
8250.391970,1.05979000
8250.401450,1.52816000
8250.410930,1.45791000
8250.420400,1.75064000
8250.429880,1.65696000
8250.439360,1.04808000
8250.448830,1.70380000
8250.458310,2.14875000
8250.467790,0.35724200
8250.477270,-1.37572000
8250.486740,-1.24692000
8250.496220,0.25185900
8250.505700,3.10890000
8250.515170,6.71534000
8250.524650,9.61922000
8250.534130,11.14140000
8250.543610,11.72690000
8250.553080,12.30060000
8250.562560,12.95630000
8250.572040,12.85100000
8250.581510,11.72690000
8250.590990,9.60751000
8250.600470,6.56312000
8250.609940,3.48360000
8250.619420,0.72022700
8250.628900,-1.84409000
8250.638380,-3.21406000
8250.647850,-2.74570000
8250.657330,-1.34059000
8250.666810,0.20502200
8250.676280,1.48132000
8250.685760,1.69209000
8250.695240,0.90757400
8250.704720,0.06451150
8250.714190,-0.91906100
8250.723670,-1.98460000
8250.733150,-2.14853000
8250.742620,-1.65674000
8250.752100,-1.18837000
8250.761580,-0.64975000
8250.771060,-0.54436700
8250.780530,-0.95418900
8250.790010,-0.77855100
8250.799490,-0.31018300
8250.808960,-0.04087130
8250.818440,0.69680800
8250.827920,1.30569000
8250.837390,1.08321000
8250.846870,0.80219100
8250.856350,0.15818500
8250.865830,-1.25863000
8250.875300,-1.98460000
8250.884780,-1.45768000
8250.894260,-0.39214700
8250.903730,1.00125000
8250.913210,2.07849000
8250.922690,2.12533000
8250.932170,1.72722000
8250.941640,1.64525000
8250.951120,2.24242000
8250.960600,3.37822000
8250.970070,4.20957000
8250.979550,3.91684000
8250.989030,2.06678000
8250.998510,-0.11112600
8251.007980,-0.54436700
8251.017460,-0.23992800
8251.026940,-1.05957000
8251.036410,-1.53965000
8251.045890,-0.77855100
8251.055370,-0.19309100
8251.064840,0.25185900
8251.074320,0.70851800
8251.083800,0.54458900
8251.093280,0.28698600
8251.102750,0.35724200
8251.112230,0.43920600
8251.121710,0.61484400
8251.131180,0.55629800
8251.140660,0.08792990
8251.150140,-0.00574366
8251.159620,0.33382300
8251.169090,0.55629800
8251.178570,0.76706400
8251.188050,0.90757400
8251.197520,0.88415600
8251.207000,0.69680800
8251.216480,-0.07599890
8251.225960,-0.88393400
8251.235430,-1.01273000
8251.244910,-1.45768000
8251.254390,-2.47639000
8251.263860,-2.57006000
8251.273340,-1.98460000
8251.282820,-1.39914000
8251.292300,-0.27505500
8251.301770,0.35724200
8251.311250,-0.21650900
8251.320730,-0.28676400
8251.330200,0.21673100
8251.339680,0.14647600
8251.349160,0.22844000
8251.358630,0.53288000
8251.368110,0.66168100
8251.377590,1.28227000
8251.387070,1.76235000
8251.396540,1.24714000
8251.406020,0.46262400
8251.415500,-0.25163700
8251.424970,-0.73171400
8251.434450,-0.81367900
8251.443930,-1.11812000
8251.453410,-1.38743000
8251.462880,-1.25863000
8251.472360,-1.53965000
8251.481840,-1.94947000
8251.491310,-1.85580000
8251.500790,-1.69187000
8251.510270,-1.36401000
8251.519750,-0.80196900
8251.529220,-0.74342300
8251.538700,-1.07128000
8251.548180,-1.14154000
8251.557650,-0.70829600
8251.567130,-0.06428970
8251.576610,0.15818500
8251.586080,0.15818500
8251.595560,0.20502200
8251.605040,-0.19309100
8251.614520,-0.41556600
8251.623990,0.12305800
8251.633470,0.34553200
8251.642950,-0.12283600
8251.652420,-0.29847400
8251.661900,0.24015000
8251.671380,0.98953800
8251.680860,0.94270200
8251.690330,0.11134800
8251.699810,-0.27505500
8251.709290,-0.35702000
8251.718760,-0.81367900
8251.728240,-0.60291300
8251.737720,0.53288000
8251.747200,1.09492000
8251.756670,1.27056000
8251.766150,2.23071000
8251.775630,3.03865000
8251.785100,2.55857000
8251.794580,1.73893000
8251.804060,1.14176000
8251.813530,0.15818500
8251.823010,-0.48582100
8251.832490,-0.34531100
8251.841970,-0.52094900
8251.851440,-1.05957000
8251.860920,-1.56307000
8251.870400,-2.14853000
8251.879870,-1.71529000
8251.889350,-0.41556600
8251.898830,-0.02916210
8251.908310,-0.00574366
8251.917780,0.49775200
8251.927260,0.54458900
8251.936740,0.53288000
8251.946210,0.96612000
8251.955690,0.95441100
8251.965170,0.60313500
8251.974650,0.42749700
8251.984120,0.24015000
8251.993600,0.12305800
8252.003080,0.09963910
8252.012550,0.73193600
8252.022030,2.71079000
8252.031510,5.32194000
8252.040980,7.88626000
8252.050460,10.27490000
8252.059940,11.77370000
8252.069420,12.10160000
8252.078890,11.80880000
8252.088370,11.29360000
8252.097850,10.53250000
8252.107320,9.31478000
8252.116800,7.95651000
8252.126280,6.44603000
8252.135760,3.98709000
8252.145230,1.31740000
8252.154710,0.06451150
8252.164190,0.07622070
8252.173660,0.83731900
8252.183140,2.17217000
8252.192620,3.29625000
8252.202100,3.56556000
8252.211570,2.58199000
8252.221050,0.54458900
8252.230530,-1.38743000
8252.240000,-2.53493000
8252.249480,-2.92133000
8252.258960,-2.34758000
8252.268440,-1.07128000
8252.277910,0.09963910
8252.287390,0.47433400
8252.296870,0.36895100
8252.306340,0.79048200
8252.315820,1.37594000
8252.325300,1.39936000
8252.334770,1.85602000
8252.344250,2.86301000
8252.353730,3.07378000
8252.363210,2.73421000
8252.372680,2.44148000
8252.382160,1.69209000
8252.391640,0.81390000
8252.401110,0.33382300
8252.410590,-0.38043800
8252.420070,-1.45768000
8252.429550,-1.97289000
8252.439020,-1.51623000
8252.448500,-0.49753000
8252.457980,0.41578800
8252.467450,0.05280230
8252.476930,-1.37572000
8252.486410,-1.93776000
8252.495890,-1.75041000
8252.505360,-2.32417000
8252.514840,-2.59348000
8252.524320,-1.45768000
8252.533790,-0.05258050
8252.543270,0.96612000
8252.552750,1.34081000
8252.562220,1.35252000
8252.571700,2.06678000
8252.581180,2.58199000
8252.590660,2.72250000
8252.600130,5.06434000
8252.609610,7.85113000
8252.619090,6.49286000
8252.628560,2.99181000
8252.638040,1.51645000
8252.647520,1.18859000
8252.657000,0.72022700
8252.666470,1.04808000
8252.675950,2.00824000
8252.685430,2.61712000
8252.694900,2.86301000
8252.704380,2.89814000
8252.713860,2.82788000
8252.723340,2.83959000
8252.732810,2.82788000
8252.742290,3.12061000
8252.751770,3.95197000
8252.761240,4.05735000
8252.770720,3.02694000
8252.780200,2.16046000
8252.789670,1.59842000
8252.799150,1.13005000
8252.808630,1.07150000
8252.818110,0.87244600
8252.827580,1.16518000
8252.837060,1.96140000
8252.846540,1.11834000
8252.856010,-0.16967200
8252.865490,-0.09941730
8252.874970,-0.04087130
8252.884450,2.75763000
8252.893920,9.39674000
8252.903400,11.36390000
8252.912880,6.58654000
8252.922350,3.82317000
8252.931830,5.21656000
8252.941310,6.66850000
8252.950790,7.25396000
8252.960260,6.62166000
8252.969740,4.79503000
8252.979220,3.49531000
8252.988690,2.68737000
8252.998170,1.71551000
8253.007650,1.07150000
8253.017120,0.69680800
8253.026600,0.75535400
8253.036080,1.59842000
8253.045560,2.23071000
8253.055030,2.33610000
8253.064510,2.66395000
8253.073990,2.34781000
8253.083460,0.91928300
8253.092940,0.15818500
8253.102420,0.52117000
8253.111900,0.62655300
8253.121370,0.34553200
8253.130850,0.15818500
8253.140330,0.24015000
8253.149800,0.54458900
8253.159280,0.46262400
8253.168760,0.41578800
8253.178240,1.25885000
8253.187710,2.37122000
8253.197190,3.22600000
8253.206670,3.36651000
8253.216140,3.17916000
8253.225620,4.08077000
8253.235100,4.22128000
8253.244580,2.34781000
8253.254050,1.53987000
8253.263530,1.42278000
8253.273010,2.92156000
8253.282480,11.20000000
8253.291960,18.21380000
8253.301440,12.52310000
8253.310910,3.21429000
8253.320390,1.10663000
8253.329870,1.50474000
8253.339350,1.00125000
8253.348820,1.05979000
8253.358300,1.03638000
8253.367780,1.68038000
8253.377250,3.34309000
8253.386730,4.37350000
8253.396210,5.00579000
8253.405690,5.56784000
8253.415160,5.52100000
8253.424640,4.79503000
8253.434120,3.00352000
8253.443590,1.02467000
8253.453070,0.38066000
8253.462550,0.84902800
8253.472030,2.03166000
8253.481500,3.49531000
8253.490980,3.96368000
8253.500460,3.71778000
8253.509930,3.87000000
8253.519410,4.09248000
8253.528890,4.56084000
8253.538360,5.82544000
8253.547840,7.04320000
8253.557320,8.02677000
8253.566800,9.12743000
8253.576270,9.73631000
8253.585750,10.42720000
8253.595230,11.20000000
8253.604700,10.29840000
8253.614180,9.18598000
8253.623660,8.97521000
8253.633140,8.27266000
8253.642610,9.37333000
8253.652090,12.19520000
8253.661570,13.26080000
8253.671040,14.86490000
8253.680520,17.21850000
8253.690000,19.61890000
8253.699480,28.90430000
8253.708950,48.11910000
8253.718430,84.44100000
8253.727910,164.91800000
8253.737380,357.57000000
8253.746860,857.60000000
8253.756340,2045.58000000
8253.765810,4341.00000000
8253.775290,7698.57000000
8253.784770,10968.00000000
8253.794250,12253.60000000
8253.803720,10652.70000000
8253.813200,7270.38000000
8253.822680,3994.03000000
8253.832150,1836.95000000
8253.841630,753.21200000
8253.851110,310.04200000
8253.860590,145.35200000
8253.870060,81.32640000
8253.879540,55.43730000
8253.889020,41.16380000
8253.898490,32.68630000
8253.907970,28.37740000
8253.917450,23.55320000
8253.926930,20.01700000
8253.936400,17.75710000
8253.945880,14.90010000
8253.955360,13.31930000
8253.964830,12.12500000
8253.974310,10.42720000
8253.983790,9.18598000
8253.993260,7.45302000
8254.002740,6.09475000
8254.012220,6.18842000
8254.021700,6.09475000
8254.031170,5.87228000
8254.040650,6.03620000
8254.050130,6.00108000
8254.059600,6.32893000
8254.069080,7.00807000
8254.078560,7.33593000
8254.088040,7.54669000
8254.097510,7.47644000
8254.106990,6.84414000
8254.116470,6.07133000
8254.125940,5.48587000
8254.135420,5.06434000
8254.144900,4.29153000
8254.154380,2.87472000
8254.163850,1.68038000
8254.173330,1.27056000
8254.182810,1.08321000
8254.192280,1.29398000
8254.201760,2.24242000
8254.211240,2.88643000
8254.220710,2.89814000
8254.230190,3.06207000
8254.239670,2.88643000
8254.249150,2.25413000
8254.258620,2.13704000
8254.268100,2.10191000
8254.277580,1.90286000
8254.287050,1.99653000
8254.296530,1.52816000
8254.306010,0.64997200
8254.315490,0.40407800
8254.324960,0.18160400
8254.334440,0.21673100
8254.343920,1.28227000
8254.353390,2.41806000
8254.362870,3.85829000
8254.372350,5.90740000
8254.381830,6.49286000
8254.391300,5.50929000
8254.400780,5.25169000
8254.410260,5.47416000
8254.419730,4.66623000
8254.429210,3.30796000
8254.438690,2.27755000
8254.448170,1.14176000
8254.457640,-0.28676400
8254.467120,-1.01273000
8254.476600,-0.69658600
8254.486070,-0.21650900
8254.495550,-0.20480000
8254.505030,-0.73171400
8254.514500,-1.59819000
8254.523980,-2.33587000
8254.533460,-2.66373000
8254.542940,-2.57006000
8254.552410,-2.23049000
8254.561890,-1.65674000
8254.571370,-0.47411200
8254.580840,0.87244600
8254.590320,1.50474000
8254.599800,1.71551000
8254.609280,1.98482000
8254.618750,1.99653000
8254.628230,1.45791000
8254.637710,0.46262400
8254.647180,-0.52094900
8254.656660,-1.12983000
8254.666140,-1.39914000
8254.675620,-1.23521000
8254.685090,-0.95418900
8254.694570,-0.74342300
8254.704050,0.18160400
8254.713520,1.10663000
8254.723000,0.67339000
8254.732480,0.36895100
8254.741950,1.03638000
8254.751430,1.04808000
8254.760910,0.46262400
8254.770390,-0.11112600
8254.779860,-1.03615000
8254.789340,-1.32888000
8254.798820,-0.42727500
8254.808290,0.40407800
8254.817770,0.84902800
8254.827250,1.10663000
8254.836730,0.59142600
8254.846200,-0.42727500
8254.855680,-1.11812000
8254.865160,-1.12983000
8254.874630,-0.49753000
8254.884110,0.32211400
8254.893590,0.94270200
8254.903070,1.13005000
8254.912540,0.70851800
8254.922020,0.39236900
8254.931500,0.41578800
8254.940970,0.07622070
8254.950450,-0.23992800
8254.959930,-0.05258050
8254.969400,-0.11112600
8254.978880,-0.28676400
8254.988360,-0.25163700
8254.997840,-0.69658600
8255.007310,-1.05957000
8255.016790,-0.82538800
8255.026270,-0.77855100
8255.035740,0.27527700
8255.045220,3.44847000
8255.054700,5.76689000
8255.064180,5.38049000
8255.073650,4.33837000
8255.083130,3.61240000
8255.092610,2.59370000
8255.102080,1.44620000
8255.111560,0.40407800
8255.121040,-0.53265800
8255.130520,-1.41085000
8255.139990,-2.21878000
8255.149470,-2.35929000
8255.158950,-1.84409000
8255.168420,-1.45768000
8255.177900,-1.17666000
8255.187380,-0.66145900
8255.196850,-0.08770810
8255.206330,0.29869600
8255.215810,0.39236900
8255.225290,0.72022700
8255.234760,1.34081000
8255.244240,1.18859000
8255.253720,0.69680800
8255.263190,0.74364500
8255.272670,0.45091500
8255.282150,-0.13454500
8255.291630,0.15818500
8255.301100,1.09492000
8255.310580,2.19559000
8255.320060,3.44847000
8255.329530,3.98709000
8255.339010,3.24941000
8255.348490,2.04337000
8255.357970,1.27056000
8255.367440,0.55629800
8255.376920,-0.45069300
8255.386400,-1.07128000
8255.395870,-0.98931700
8255.405350,-0.49753000
8255.414830,0.28698600
8255.424310,1.02467000
8255.433780,1.56329000
8255.443260,1.59842000
8255.452740,0.70851800
8255.462210,-0.20480000
8255.471690,-0.21650900
8255.481170,0.38066000
8255.490640,0.96612000
8255.500120,1.28227000
8255.509600,1.90286000
8255.519080,1.97311000
8255.528550,0.15818500
8255.538030,-1.20008000
8255.547510,-1.25863000
8255.556980,-2.03144000
8255.566460,-2.11340000
8255.575940,-0.98931700
8255.585420,0.19331300
8255.594890,3.34309000
8255.604370,8.28437000
8255.613850,11.70350000
8255.623320,9.90024000
8255.632800,3.07378000
8255.642280,-0.53265800
8255.651760,-0.63804000
8255.661230,-3.23748000
8255.670710,-2.49980000
8255.680190,-0.00574366
8255.689660,-1.45768000
8255.699140,1.64525000
8255.708620,3.70607000
8255.718090,1.37594000
8255.727570,7.41789000
8255.737050,9.77144000
8255.746530,29.64200000
8255.756000,109.97900000
8255.765480,165.72600000
8255.774960,108.57400000
8255.784430,30.25080000
8255.793910,10.77840000
8255.803390,7.38276000
8255.812870,3.05036000
8255.822340,6.15330000
8255.831820,11.98450000
8255.841300,35.52000000
8255.850770,54.60600000
8255.860250,33.89240000
8255.869730,7.17200000
8255.879210,2.35951000
8255.888680,0.96612000
8255.898160,-0.14625400
8255.907640,1.62184000
8255.917110,0.66168100
8255.926590,1.31740000
8255.936070,2.98010000
8255.945540,2.33610000
8255.955020,3.17916000
8255.964500,3.74120000
8255.973980,2.95668000
8255.983450,3.77633000
8255.992930,3.89342000
8256.002410,2.73421000
8256.011880,2.66395000
8256.021360,2.65224000
8256.030840,2.26584000
8256.040320,2.01995000
8256.049790,1.38765000
8256.059270,0.60313500
8256.068750,0.11134800
8256.078220,0.02938390
8256.087700,0.07622070
8256.097180,-0.28676400
8256.106660,-0.64975000
8256.116130,-0.86051500
8256.125610,-1.08299000
8256.135090,-1.02444000
8256.144560,-0.63804000
8256.154040,-0.01745290
8256.163520,0.62655300
8256.172990,1.03638000
8256.182470,1.45791000
8256.191950,1.59842000
8256.201430,1.08321000
8256.210900,0.45091500
8256.220380,-0.18138200
8256.229860,-0.79026000
8256.239330,-1.10641000
8256.248810,-1.73871000
8256.258290,-2.57006000
8256.267770,-2.93304000
8256.277240,-3.41312000
8256.286720,-3.81123000
8256.296200,-3.35458000
8256.305670,-2.60519000
8256.315150,-1.53965000
8256.324630,-0.00574366
8256.334110,0.73193600
8256.343580,0.79048200
8256.353060,1.38765000
8256.362540,1.99653000
8256.372010,2.03166000
8256.381490,1.79747000
8256.390970,1.23543000
8256.400450,0.70851800
8256.409920,0.83731900
8256.419400,1.38765000
8256.428880,1.97311000
8256.438350,2.25413000
8256.447830,2.42977000
8256.457310,3.00352000
8256.466780,3.51873000
8256.476260,3.37822000
8256.485740,3.01523000
8256.495220,2.72250000
8256.504690,2.44148000
8256.514170,2.05508000
8256.523650,1.83260000
8256.533120,2.44148000
8256.542600,2.93327000
8256.552080,2.53515000
8256.561560,2.46490000
8256.571030,2.35951000
8256.580510,1.48132000
8256.589990,1.18859000
8256.599460,1.02467000
8256.608940,-0.01745290
8256.618420,-0.43898400
8256.627900,-0.01745290
8256.637370,0.26356800
8256.646850,0.62655300
8256.656330,0.73193600
8256.665800,0.24015000
8256.675280,-0.23992800
8256.684760,-0.14625400
8256.694230,1.02467000
8256.703710,2.18388000
8256.713190,1.49303000
8256.722670,0.07622070
8256.732140,-0.04087130
8256.741620,0.74364500
8256.751100,0.94270200
8256.760570,0.20502200
8256.770050,-0.13454500
8256.779530,0.57971600
8256.789010,1.44620000
8256.798480,2.23071000
8256.807960,2.44148000
8256.817440,1.44620000
8256.826910,1.38765000
8256.836390,2.53515000
8256.845870,1.72722000
8256.855350,-0.25163700
8256.864820,-0.07599890
8256.874300,1.11834000
8256.883780,1.32911000
8256.893250,1.52816000
8256.902730,2.07849000
8256.912210,1.98482000
8256.921680,1.58671000
8256.931160,1.50474000
8256.940640,1.25885000
8256.950120,1.00125000
8256.959590,1.32911000
8256.969070,1.69209000
8256.978550,1.83260000
8256.988020,2.18388000
8256.997500,2.47661000
8257.006980,2.38293000
8257.016460,1.92627000
8257.025930,1.41107000
8257.035410,1.05979000
8257.044890,0.60313500
8257.054360,0.68509900
8257.063840,1.57500000
8257.073320,1.91457000
8257.082800,2.21900000
8257.092270,3.14403000
8257.101750,3.68265000
8257.111230,6.60996000
8257.120700,12.52310000
8257.130180,13.44810000
8257.139660,7.20712000
8257.149130,1.52816000
8257.158610,-0.55607600
8257.168090,-1.00103000
8257.177570,-0.53265800
8257.187040,-0.05258050
8257.196520,0.32211400
8257.206000,0.72022700
8257.215470,0.08792990
8257.224950,-0.55607600
8257.234430,-0.09941730
8257.243910,0.11134800
8257.253380,0.01767470
8257.262860,0.43920600
8257.272340,0.73193600
8257.281810,0.52117000
8257.291290,0.33382300
8257.300770,0.11134800
8257.310250,-0.72000500
8257.319720,-1.62161000
8257.329200,-1.31717000
8257.338680,-0.57949500
8257.348150,-0.18138200
8257.357630,1.16518000
8257.367110,2.41806000
8257.376590,1.55158000
8257.386060,0.02938390
8257.395540,-1.02444000
8257.405020,-1.96118000
8257.414490,-1.85580000
8257.423970,-1.21179000
8257.433450,-1.03615000
8257.442920,-0.00574366
8257.452400,2.05508000
8257.461880,3.95197000
8257.471360,5.52100000
8257.480830,6.09475000
8257.490310,5.41562000
8257.499790,4.70135000
8257.509260,3.97538000
8257.518740,3.00352000
8257.528220,2.54686000
8257.537700,2.37122000
8257.547170,1.92627000
8257.556650,1.21201000
8257.566130,0.09963910
8257.575600,-0.42727500
8257.585080,0.28698600
8257.594560,0.21673100
8257.604040,-1.16495000
8257.613510,-1.78554000
8257.622990,-2.14853000
8257.632470,-3.29603000
8257.641940,-3.38970000
8257.651420,-2.53493000
8257.660900,-2.64031000
8257.670370,-2.66373000
8257.679850,-1.69187000
8257.689330,-1.02444000
8257.698810,-0.59120400
8257.708280,0.09963910
8257.717760,0.20502200
8257.727240,-0.40385600
8257.736710,-0.94248000
8257.746190,-0.83709700
8257.755670,-0.70829600
8257.765150,-1.46939000
8257.774620,-1.92605000
8257.784100,-0.90735200
8257.793580,0.06451150
8257.803050,0.67339000
8257.812530,1.80918000
8257.822010,2.17217000
8257.831490,1.28227000
8257.840960,0.48604300
8257.850440,-0.27505500
8257.859920,-1.12983000
8257.869390,-1.22350000
8257.878870,-0.55607600
8257.888350,0.43920600
8257.897820,0.95441100
8257.907300,0.55629800
8257.916780,0.39236900
8257.926260,0.64997200
8257.935730,0.09963910
8257.945210,-0.72000500
8257.954690,-0.77855100
8257.964160,-0.89564300
8257.973640,-1.62161000
8257.983120,-2.23049000
8257.992600,-2.20707000
8258.002070,-1.90263000
8258.011550,-1.65674000
8258.021030,-0.84880600
8258.030500,0.15818500
8258.039980,0.15818500
8258.049460,0.20502200
8258.058940,1.07150000
8258.068410,1.48132000
8258.077890,2.60541000
8258.087370,5.00579000
8258.096840,4.94725000
8258.106320,2.24242000
8258.115800,0.89586500
8258.125270,0.91928300
8258.134750,0.76706400
8258.144230,0.95441100
8258.153710,0.89586500
8258.163180,0.36895100
8258.172660,0.28698600
8258.182140,0.33382300
8258.191610,0.45091500
8258.201090,0.83731900
8258.210570,0.72022700
8258.220050,0.45091500
8258.229520,0.77877300
8258.239000,1.07150000
8258.248480,1.08321000
8258.257950,0.82561000
8258.267430,0.39236900
8258.276910,0.60313500
8258.286390,1.10663000
8258.295860,0.84902800
8258.305340,0.56800700
8258.314820,1.00125000
8258.324290,1.42278000
8258.333770,1.28227000
8258.343250,1.20030000
8258.352730,1.51645000
8258.362200,1.55158000
8258.371680,1.11834000
8258.381160,0.72022700
8258.390630,0.38066000
8258.400110,0.39236900
8258.409590,0.74364500
8258.419060,0.32211400
8258.428540,-0.21650900
8258.438020,0.45091500
8258.447500,1.25885000
8258.456970,1.98482000
8258.466450,3.15574000
8258.475930,3.60069000
8258.485400,3.65924000
8258.494880,4.38521000
8258.504360,3.99880000
8258.513840,2.05508000
8258.523310,0.76706400
8258.532790,0.64997200
8258.542270,0.68509900
8258.551740,0.55629800
8258.561220,0.55629800
8258.570700,1.07150000
8258.580180,1.93798000
8258.589650,2.41806000
8258.599130,1.87944000
8258.608610,0.79048200
8258.618080,0.39236900
8258.627560,0.40407800
8258.637040,0.05280230
8258.646510,0.48604300
8258.655990,2.06678000
8258.665470,3.37822000
8258.674950,4.42033000
8258.684420,5.57955000
8258.693900,6.27039000
8258.703380,6.49286000
8258.712850,6.44603000
8258.722330,6.10646000
8258.731810,5.91911000
8258.741290,5.87228000
8258.750760,5.11118000
8258.760240,3.06207000
8258.769720,0.36895100
8258.779190,-1.38743000
8258.788670,-1.57478000
8258.798150,-0.79026000
8258.807630,0.43920600
8258.817100,1.37594000
8258.826580,1.29398000
8258.836060,0.34553200
8258.845530,-0.84880600
8258.855010,-1.64503000
8258.864490,-1.99631000
8258.873960,-2.06656000
8258.883440,-1.14154000
8258.892920,0.02938390
8258.902400,-0.26334600
8258.911870,-0.93077100
8258.921350,-0.89564300
8258.930830,-1.08299000
8258.940300,-0.68487700
8258.949780,1.07150000
8258.959260,2.52344000
8258.968740,2.99181000
8258.978210,2.94498000
8258.987690,2.38293000
8258.997170,2.14875000
8259.006640,2.51173000
8259.016120,2.65224000
8259.025600,2.64054000
8259.035080,2.75763000
8259.044550,2.53515000
8259.054030,2.03166000
8259.063510,1.45791000
8259.072980,0.60313500
8259.082460,-0.28676400
8259.091940,-0.68487700
8259.101410,-0.88393400
8259.110890,-1.30546000
8259.120370,-1.62161000
8259.129850,-1.71529000
8259.139320,-2.01973000
8259.148800,-2.37100000
8259.158280,-2.12511000
8259.167750,-1.49281000
8259.177230,-1.18837000
8259.186710,-1.18837000
8259.196190,-0.77855100
8259.205660,0.05280230
8259.215140,0.76706400
8259.224620,1.32911000
8259.234090,1.76235000
8259.243570,1.89115000
8259.253050,1.93798000
8259.262530,1.82089000
8259.272000,1.49303000
8259.281480,1.32911000
8259.290960,0.90757400
8259.300430,0.07622070
8259.309910,-0.32189200
8259.319390,-0.53265800
8259.328860,-0.48582100
8259.338340,0.80219100
8259.347820,1.94969000
8259.357300,1.44620000
8259.366770,0.87244600
8259.376250,1.09492000
8259.385730,0.96612000
8259.395200,0.59142600
8259.404680,0.80219100
8259.414160,1.22372000
8259.423640,1.38765000
8259.433110,1.48132000
8259.442590,1.28227000
8259.452070,0.39236900
8259.461540,-0.26334600
8259.471020,-0.09941730
8259.480500,-0.07599890
8259.489980,-0.40385600
8259.499450,-0.32189200
8259.508930,-0.20480000
8259.518410,-0.50923900
8259.527880,-0.43898400
8259.537360,0.24015000
8259.546840,0.70851800
8259.556320,0.69680800
8259.565790,0.60313500
8259.575270,0.11134800
8259.584750,-0.94248000
8259.594220,-1.38743000
8259.603700,-0.95418900
8259.613180,-0.94248000
8259.622650,-1.07128000
8259.632130,-0.40385600
8259.641610,0.02938390
8259.651090,-0.21650900
8259.660560,0.06451150
8259.670040,0.73193600
8259.679520,0.76706400
8259.688990,0.28698600
8259.698470,-0.28676400
8259.707950,-0.55607600
8259.717430,0.09963910
8259.726900,1.30569000
8259.736380,2.03166000
8259.745860,1.93798000
8259.755330,1.51645000
8259.764810,0.90757400
8259.774290,-0.22821800
8259.783770,-1.18837000
8259.793240,-1.15325000
8259.802720,-0.94248000
8259.812200,-0.72000500
8259.821670,0.50946100
8259.831150,1.83260000
8259.840630,2.31268000
8259.850100,2.60541000
8259.859580,2.67566000
8259.869060,2.69908000
8259.878540,3.01523000
8259.888010,2.83959000
8259.897490,2.13704000
8259.906970,1.31740000
8259.916440,0.07622070
8259.925920,-0.75513200
8259.935400,-0.84880600
8259.944880,-1.00103000
8259.954350,-0.68487700
8259.963830,0.06451150
8259.973310,0.07622070
8259.982780,-0.27505500
8259.992260,-0.48582100
8260.001740,-0.36872900
8260.011220,0.32211400
8260.020690,0.42749700
8260.030170,0.09963910
8260.039650,1.24714000
8260.049120,2.65224000
8260.058600,2.46490000
8260.068080,2.18388000
8260.077550,2.19559000
8260.087030,1.48132000
8260.096510,1.35252000
8260.105990,1.89115000
8260.115460,1.43449000
8260.124940,1.09492000
8260.134420,1.08321000
8260.143890,-0.16967200
8260.153370,-1.04786000
8260.162850,-1.02444000
8260.172330,-1.39914000
8260.181800,-0.82538800
8260.191280,-0.55607600
8260.200760,-1.70358000
8260.210230,-1.36401000
8260.219710,-1.16495000
8260.229190,-2.04314000
8260.238670,-1.27034000
8260.248140,-2.14853000
8260.257620,-3.48338000
8260.267100,-2.21878000
8260.276570,-3.69414000
8260.286050,3.23770000
8260.295530,26.63270000
8260.305000,34.37250000
8260.314480,14.39660000
8260.323960,1.13005000
8260.333440,3.01523000
8260.342910,2.80446000
8260.352390,2.52344000
8260.361870,4.16273000
8260.371340,3.36651000
8260.380820,3.41334000
8260.390300,3.60069000
8260.399780,2.72250000
8260.409250,4.04564000
8260.418730,4.61939000
8260.428210,3.06207000
8260.437680,2.73421000
8260.447160,2.87472000
8260.456640,2.81617000
8260.466120,3.12061000
8260.475590,2.59370000
8260.485070,1.98482000
8260.494550,1.82089000
8260.504020,1.24714000
8260.513500,0.57971600
8260.522980,-0.36872900
8260.532460,-1.17666000
8260.541930,-1.07128000
8260.551410,-1.18837000
8260.560890,-1.08299000
8260.570360,0.13476700
8260.579840,0.73193600
8260.589320,0.67339000
8260.598790,0.95441100
8260.608270,0.62655300
8260.617750,0.11134800
8260.627230,0.05280230
8260.636700,-0.46240200
8260.646180,-0.98931700
8260.655660,-0.75513200
8260.665130,-0.36872900
8260.674610,0.16989400
8260.684090,0.61484400
8260.693570,0.54458900
8260.703040,0.50946100
8260.712520,0.41578800
8260.722000,-0.01745290
8260.731470,0.06451150
8260.740950,0.43920600
8260.750430,0.45091500
8260.759910,0.84902800
8260.769380,1.53987000
8260.778860,1.65696000
8260.788340,1.76235000
8260.797810,2.03166000
8260.807290,1.56329000
8260.816770,0.68509900
8260.826240,0.02938390
8260.835720,-0.87222500
8260.845200,-1.68016000
8260.854680,-1.77383000
8260.864150,-1.96118000
8260.873630,-2.26562000
8260.883110,-1.73871000
8260.892580,-1.03615000
8260.902060,-0.33360100
8260.911540,1.31740000
8260.921020,2.45319000
8260.930490,2.28926000
8260.939970,2.62883000
8260.949450,2.74592000
8260.958920,1.34081000
8260.968400,0.28698600
8260.977880,0.16989400
8260.987360,-0.08770810
8260.996830,0.00596554
8261.006310,0.70851800
8261.015790,1.61013000
8261.025260,2.26584000
8261.034740,2.17217000
8261.044220,2.28926000
8261.053690,2.73421000
8261.063170,2.03166000
8261.072650,1.29398000
8261.082130,1.50474000
8261.091600,0.96612000
8261.101080,0.33382300
8261.110560,0.97782900
8261.120030,1.31740000
8261.129510,0.89586500
8261.138990,1.15347000
8261.148470,2.13704000
8261.157940,3.05036000
8261.167420,3.28454000
8261.176900,2.81617000
8261.186370,2.32439000
8261.195850,2.07849000
8261.205330,2.28926000
8261.214810,2.89814000
8261.224280,3.02694000
8261.233760,2.65224000
8261.243240,2.28926000
8261.252710,1.62184000
8261.262190,0.77877300
8261.271670,0.26356800
8261.281140,-0.15796300
8261.290620,-0.80196900
8261.300100,-1.42256000
8261.309580,-1.48110000
8261.319050,-0.90735200
8261.328530,-0.49753000
8261.338010,-0.56778500
8261.347480,-0.57949500
8261.356960,-0.36872900
8261.366440,0.01767470
8261.375920,0.88415600
8261.385390,2.06678000
8261.394870,2.59370000
8261.404350,1.98482000
8261.413820,0.70851800
8261.423300,-0.47411200
8261.432780,-1.03615000
8261.442260,-0.97760700
8261.451730,-0.35702000
8261.461210,0.90757400
8261.470690,1.53987000
8261.480160,0.63826200
8261.489640,0.46262400
8261.499120,1.90286000
8261.508600,1.78576000
8261.518070,-0.33360100
8261.527550,-1.56307000
8261.537030,-1.50452000
8261.546500,-0.98931700
8261.555980,0.09963910
8261.565460,0.96612000
8261.574930,0.96612000
8261.584410,0.48604300
8261.593890,-0.48582100
8261.603370,-1.73871000
8261.612840,-2.25391000
8261.622320,-2.00802000
8261.631800,-1.86751000
8261.641270,-1.29376000
8261.650750,0.05280230
8261.660230,0.52117000
8261.669710,-0.01745290
8261.679180,0.09963910
8261.688660,-0.31018300
8261.698140,-2.21878000
8261.707610,-3.03843000
8261.717090,-2.20707000
8261.726570,-1.72700000
8261.736050,-1.68016000
8261.745520,-1.59819000
8261.755000,-1.62161000
8261.764480,-1.37572000
8261.773950,-1.22350000
8261.783430,-1.41085000
8261.792910,-1.24692000
8261.802380,-1.10641000
8261.811860,-1.30546000
8261.821340,-0.97760700
8261.830820,-0.29847400
8261.840290,0.13476700
8261.849770,0.82561000
8261.859250,1.84431000
8261.868720,2.38293000
8261.878200,2.35951000
8261.887680,1.98482000
8261.897160,0.96612000
8261.906630,-0.43898400
8261.916110,-1.37572000
8261.925590,-1.90263000
8261.935060,-2.27733000
8261.944540,-2.12511000
8261.954020,-1.64503000
8261.963500,-1.44598000
8261.972970,-1.49281000
8261.982450,-1.58649000
8261.991930,-1.44598000
8262.001400,-0.80196900
8262.010880,0.02938390
8262.020360,0.73193600
8262.029830,1.28227000
8262.039310,1.69209000
8262.048790,1.69209000
8262.058270,0.68509900
8262.067740,-0.70829600
8262.077220,-1.36401000
8262.086700,-1.62161000
8262.096170,-1.69187000
8262.105650,-1.46939000
8262.115130,-1.62161000
8262.124610,-1.65674000
8262.134080,-1.00103000
8262.143560,-0.04087130
8262.153040,1.17689000
8262.162510,1.73893000
8262.171990,1.13005000
8262.181470,0.20502200
8262.190950,-1.01273000
8262.200420,-1.35230000
8262.209900,-0.72000500
8262.219380,-1.31717000
8262.228850,-0.88393400
8262.238330,0.82561000
8262.247810,0.28698600
8262.257280,0.83731900
8262.266760,2.39464000
8262.276240,1.24714000
8262.285720,2.33610000
8262.295190,3.44847000
8262.304670,1.42278000
8262.314150,4.32666000
8262.323620,7.13687000
8262.333100,17.31220000
8262.342580,59.78140000
8262.352060,95.09640000
8262.361530,68.16520000
8262.371010,21.22300000
8262.380490,6.84414000
8262.389960,4.67794000
8262.399440,-0.49753000
8262.408920,-0.45069300
8262.418400,-1.25863000
8262.427870,-2.89792000
8262.437350,-1.00103000
8262.446830,-0.62633100
8262.456300,-0.57949500
8262.465780,0.79048200
8262.475260,0.35724200
8262.484740,0.19331300
8262.494210,0.39236900
8262.503690,-1.00103000
8262.513170,-1.57478000
8262.522640,-1.16495000
8262.532120,-0.97760700
8262.541600,0.02938390
8262.551070,1.28227000
8262.560550,1.80918000
8262.570030,1.71551000
8262.579510,1.38765000
8262.588980,1.78576000
8262.598460,2.39464000
8262.607940,2.21900000
8262.617410,1.43449000
8262.626890,0.21673100
8262.636370,-0.39214700
8262.645850,0.16989400
8262.655320,0.46262400
8262.664800,0.29869600
8262.674280,0.19331300
8262.683750,-0.28676400
8262.693230,-0.61462200
8262.702710,-0.41556600
8262.712190,-0.41556600
8262.721660,-0.70829600
8262.731140,-1.05957000
8262.740620,-1.04786000
8262.750090,-0.45069300
8262.759570,0.09963910
8262.769050,0.52117000
8262.778520,1.05979000
8262.788000,1.27056000
8262.797480,1.29398000
8262.806960,1.57500000
8262.816430,2.00824000
8262.825910,2.50003000
8262.835390,2.40635000
8262.844860,1.59842000
8262.854340,1.18859000
8262.863820,0.76706400
8262.873300,-0.19309100
8262.882770,-0.19309100
8262.892250,0.52117000
8262.901730,0.32211400
8262.911200,0.36895100
8262.920680,1.53987000
8262.930160,2.32439000
8262.939640,2.57028000
8262.949110,2.57028000
8262.958590,1.84431000
8262.968070,0.98953800
8262.977540,0.34553200
8262.987020,-0.60291300
8262.996500,-0.83709700
8263.005970,-0.09941730
8263.015450,0.39236900
8263.024930,1.01296000
8263.034410,1.91457000
8263.043880,2.07849000
8263.053360,1.78576000
8263.062840,1.22372000
8263.072310,0.22844000
8263.081790,-0.27505500
8263.091270,-0.47411200
8263.100750,-1.04786000
8263.110220,-1.18837000
8263.119700,-1.10641000
8263.129180,-1.41085000
8263.138650,-1.24692000
8263.148130,-0.75513200
8263.157610,-0.54436700
8263.167090,0.14647600
8263.176560,1.14176000
8263.186040,1.86773000
8263.195520,2.54686000
8263.204990,2.62883000
8263.214470,1.69209000
8263.223950,0.41578800
8263.233420,-0.40385600
8263.242900,-0.12283600
8263.252380,1.03638000
8263.261860,2.13704000
8263.271330,2.88643000
8263.280810,3.27283000
8263.290290,3.33138000
8263.299760,3.34309000
8263.309240,3.28454000
8263.318720,3.29625000
8263.328200,3.60069000
8263.337670,3.40163000
8263.347150,2.55857000
8263.356630,2.18388000
8263.366100,1.82089000
8263.375580,0.21673100
8263.385060,-1.27034000
8263.394540,-1.00103000
8263.404010,-0.35702000
8263.413490,-0.02916210
8263.422970,1.07150000
8263.432440,1.69209000
8263.441920,0.73193600
8263.451400,0.39236900
8263.460870,1.01296000
8263.470350,0.70851800
8263.479830,0.07622070
8263.489310,0.04109310
8263.498780,-0.14625400
8263.508260,-0.29847400
8263.517740,0.19331300
8263.527210,1.10663000
8263.536690,1.92627000
8263.546170,2.04337000
8263.555650,1.61013000
8263.565120,1.27056000
8263.574600,0.88415600
8263.584080,0.54458900
8263.593550,0.64997200
8263.603030,1.08321000
8263.612510,2.11362000
8263.621990,3.06207000
8263.631460,2.23071000
8263.640940,0.53288000
8263.650420,0.12305800
8263.659890,0.31040500
8263.669370,0.00596554
8263.678850,-0.29847400
8263.688330,-0.67316800
8263.697800,-0.75513200
8263.707280,0.57971600
8263.716760,2.47661000
8263.726230,3.63582000
8263.735710,4.12760000
8263.745190,3.63582000
8263.754660,2.79276000
8263.764140,3.02694000
8263.773620,3.64753000
8263.783100,4.06906000
8263.792570,4.13931000
8263.802050,2.31268000
8263.811530,0.21673100
8263.821000,0.80219100
8263.830480,1.41107000
8263.839960,0.16989400
8263.849440,0.01767470
8263.858910,0.87244600
8263.868390,0.88415600
8263.877870,0.84902800
8263.887340,0.73193600
8263.896820,0.60313500
8263.906300,1.57500000
8263.915780,2.42977000
8263.925250,2.38293000
8263.934730,2.41806000
8263.944210,1.99653000
8263.953680,1.04808000
8263.963160,0.33382300
8263.972640,-0.63804000
8263.982110,-1.21179000
8263.991590,-0.57949500
8264.001070,-0.25163700
8264.010550,-0.41556600
8264.020020,0.06451150
8264.029500,0.35724200
8264.038980,0.09963910
8264.048450,0.21673100
8264.057930,0.46262400
8264.067410,0.57971600
8264.076890,1.25885000
8264.086360,2.11362000
8264.095840,2.13704000
8264.105320,2.05508000
8264.114790,2.90985000
8264.124270,3.49531000
8264.133750,3.91684000
8264.143230,6.94952000
8264.152700,10.45060000
8264.162180,8.51855000
8264.171660,3.34309000
8264.181130,1.31740000
8264.190610,1.17689000
8264.200090,0.08792990
8264.209560,0.14647600
8264.219040,1.08321000
8264.228520,0.86073700
8264.238000,1.08321000
8264.247470,2.00824000
8264.256950,2.13704000
8264.266430,3.23770000
8264.275900,5.27511000
8264.285380,4.66623000
8264.294860,2.32439000
8264.304340,1.57500000
8264.313810,1.89115000
8264.323290,2.21900000
8264.332770,2.82788000
8264.342240,2.55857000
8264.351720,1.21201000
8264.361200,0.38066000
8264.370680,0.01767470
8264.380150,-0.55607600
8264.389630,-0.46240200
8264.399110,0.36895100
8264.408580,0.68509900
8264.418060,0.62655300
8264.427540,0.68509900
8264.437010,0.57971600
8264.446490,1.15347000
8264.455970,2.39464000
8264.465450,1.97311000
8264.474920,0.26356800
8264.484400,-0.47411200
8264.493880,-0.63804000
8264.503350,-0.48582100
8264.512830,0.39236900
8264.522310,0.70851800
8264.531790,0.75535400
8264.541260,1.39936000
8264.550740,1.10663000
8264.560220,0.28698600
8264.569690,0.57971600
8264.579170,0.68509900
8264.588650,0.43920600
8264.598130,1.01296000
8264.607600,1.42278000
8264.617080,1.04808000
8264.626560,0.43920600
8264.636030,-0.08770810
8264.645510,-0.09941730
8264.654990,-0.32189200
8264.664470,-1.04786000
8264.673940,-0.84880600
8264.683420,-0.32189200
8264.692900,-0.18138200
8264.702370,0.76706400
8264.711850,1.69209000
8264.721330,1.49303000
8264.730800,1.13005000
8264.740280,0.39236900
8264.749760,-0.70829600
8264.759240,-0.66145900
8264.768710,-0.06428970
8264.778190,0.32211400
8264.787670,1.01296000
8264.797140,1.37594000
8264.806620,1.30569000
8264.816100,1.41107000
8264.825580,1.09492000
8264.835050,0.82561000
8264.844530,1.77406000
8264.854010,2.74592000
8264.863480,2.79276000
8264.872960,2.65224000
8264.882440,2.42977000
8264.891920,1.91457000
8264.901390,1.59842000
8264.910870,1.61013000
8264.920350,1.53987000
8264.929820,1.11834000
8264.939300,0.87244600
8264.948780,1.53987000
8264.958250,2.37122000
8264.967730,2.51173000
8264.977210,2.62883000
8264.986690,2.99181000
8264.996160,2.69908000
8265.005640,1.63354000
8265.015120,0.60313500
8265.024590,0.33382300
8265.034070,0.28698600
8265.043550,-0.28676400
8265.053030,-0.48582100
8265.062500,-0.05258050
8265.071980,0.69680800
8265.081460,3.08549000
8265.090930,5.66151000
8265.100410,4.57255000
8265.109890,1.89115000
8265.119370,1.41107000
8265.128840,1.44620000
8265.138320,0.76706400
8265.147800,0.38066000
8265.157270,-0.21650900
8265.166750,-0.50923900
8265.176230,0.20502200
8265.185700,0.46262400
8265.195180,0.27527700
8265.204660,0.54458900
8265.214140,0.33382300
8265.223610,-0.01745290
8265.233090,0.76706400
8265.242570,1.75064000
8265.252040,2.04337000
8265.261520,2.55857000
8265.271000,3.30796000
8265.280480,3.26112000
8265.289950,2.78105000
8265.299430,2.48832000
8265.308910,1.75064000
8265.318380,0.67339000
8265.327860,0.06451150
8265.337340,-0.39214700
8265.346820,-0.63804000
8265.356290,-0.09941730
8265.365770,0.39236900
8265.375250,0.38066000
8265.384720,0.56800700
8265.394200,0.95441100
8265.403680,1.58671000
8265.413150,2.24242000
8265.422630,1.71551000
8265.432110,0.46262400
8265.441590,0.09963910
8265.451060,0.41578800
8265.460540,0.81390000
8265.470020,1.20030000
8265.479490,0.93099200
8265.488970,0.19331300
8265.498450,-0.47411200
8265.507930,-1.04786000
8265.517400,-0.70829600
8265.526880,0.40407800
8265.536360,0.48604300
8265.545830,-0.11112600
8265.555310,0.14647600
8265.564790,0.95441100
8265.574270,1.86773000
8265.583740,2.74592000
8265.593220,2.99181000
8265.602700,2.83959000
8265.612170,2.94498000
8265.621650,3.08549000
8265.631130,2.62883000
8265.640610,1.99653000
8265.650080,2.05508000
8265.659560,1.68038000
8265.669040,-0.01745290
8265.678510,-0.98931700
8265.687990,-1.02444000
8265.697470,-2.27733000
8265.706940,-3.57705000
8265.716420,-3.06185000
8265.725900,-1.73871000
8265.735380,-0.50923900
8265.744850,0.26356800
8265.754330,0.48604300
8265.763810,0.98953800
8265.773280,1.53987000
8265.782760,1.72722000
8265.792240,2.01995000
8265.801720,2.03166000
8265.811190,1.83260000
8265.820670,1.79747000
8265.830150,1.29398000
8265.839620,1.13005000
8265.849100,1.83260000
8265.858580,1.94969000
8265.868060,1.62184000
8265.877530,1.70380000
8265.887010,1.73893000
8265.896490,1.94969000
8265.905960,2.20730000
8265.915440,1.94969000
8265.924920,1.73893000
8265.934390,1.48132000
8265.943870,0.97782900
8265.953350,0.91928300
8265.962830,1.02467000
8265.972300,1.03638000
8265.981780,1.03638000
8265.991260,0.33382300
8266.000730,-0.46240200
8266.010210,-0.38043800
8266.019690,0.22844000
8266.029170,1.28227000
8266.038640,2.17217000
8266.048120,1.99653000
8266.057600,1.80918000
8266.067070,1.93798000
8266.076550,1.52816000
8266.086030,1.37594000
8266.095510,1.68038000
8266.104980,1.49303000
8266.114460,1.27056000
8266.123940,1.13005000
8266.133410,0.60313500
8266.142890,0.29869600
8266.152370,0.14647600
8266.161840,-0.34531100
8266.171320,-0.42727500
8266.180800,-0.27505500
8266.190280,-0.91906100
8266.199750,-1.77383000
8266.209230,-2.00802000
8266.218710,-2.10169000
8266.228180,-2.31246000
8266.237660,-2.27733000
8266.247140,-1.99631000
8266.256620,-1.94947000
8266.266090,-2.14853000
8266.275570,-1.71529000
8266.285050,-0.53265800
8266.294520,0.34553200
8266.304000,0.61484400
8266.313480,0.20502200
8266.322960,-0.91906100
8266.332430,-1.25863000
8266.341910,-0.54436700
8266.351390,-0.50923900
8266.360860,-0.48582100
8266.370340,0.41578800
8266.379820,0.61484400
8266.389290,0.42749700
8266.398770,0.97782900
8266.408250,1.02467000
8266.417730,0.72022700
8266.427200,1.00125000
8266.436680,0.84902800
8266.446160,0.68509900
8266.455630,1.75064000
8266.465110,2.59370000
8266.474590,2.10191000
8266.484070,1.46962000
8266.493540,1.36423000
8266.503020,1.24714000
8266.512500,1.13005000
8266.521970,1.23543000
8266.531450,1.10663000
8266.540930,0.82561000
8266.550410,1.18859000
8266.559880,1.84431000
8266.569360,2.45319000
8266.578840,3.12061000
8266.588310,2.62883000
8266.597790,1.15347000
8266.607270,0.53288000
8266.616750,0.24015000
8266.626220,0.12305800
8266.635700,1.35252000
8266.645180,2.11362000
8266.654650,1.70380000
8266.664130,2.27755000
8266.673610,2.64054000
8266.683080,1.49303000
8266.692560,1.05979000
8266.702040,1.02467000
8266.711520,0.29869600
8266.720990,0.60313500
8266.730470,1.32911000
8266.739950,1.25885000
8266.749420,1.91457000
8266.758900,2.69908000
8266.768380,2.32439000
8266.777860,2.19559000
8266.787330,2.20730000
8266.796810,1.41107000
8266.806290,0.59142600
8266.815760,-0.29847400
8266.825240,-1.09470000
8266.834720,-1.14154000
8266.844200,-1.25863000
8266.853670,-1.09470000
8266.863150,0.02938390
8266.872630,0.38066000
8266.882100,-0.12283600
8266.891580,-0.00574366
8266.901060,0.26356800
8266.910530,0.25185900
8266.920010,0.39236900
8266.929490,0.59142600
8266.938970,0.61484400
8266.948440,0.13476700
8266.957920,-0.32189200
8266.967400,0.02938390
8266.976870,0.55629800
8266.986350,1.25885000
8266.995830,2.16046000
8267.005310,1.84431000
8267.014780,1.32911000
8267.024260,1.94969000
8267.033740,2.14875000
8267.043210,1.87944000
8267.052690,1.59842000
8267.062170,0.66168100
8267.071650,0.54458900
8267.081120,1.16518000
8267.090600,0.43920600
8267.100080,-0.09941730
8267.109550,0.76706400
8267.119030,1.50474000
8267.128510,2.34781000
8267.137980,3.08549000
8267.147460,2.58199000
8267.156940,2.30097000
8267.166420,2.57028000
8267.175890,2.12533000
8267.185370,2.12533000
8267.194850,3.47189000
8267.204320,5.05263000
8267.213800,6.27039000
8267.223280,6.37577000
8267.232760,4.81845000
8267.242230,2.80446000
8267.251710,1.14176000
8267.261190,-0.46240200
8267.270660,-1.57478000
8267.280140,-1.59819000
8267.289620,-1.16495000
8267.299100,-0.77855100
8267.308570,-0.15796300
8267.318050,0.36895100
8267.327530,0.45091500
8267.337000,0.94270200
8267.346480,1.72722000
8267.355960,1.35252000
8267.365430,0.25185900
8267.374910,0.05280230
8267.384390,0.48604300
8267.393870,0.40407800
8267.403340,-0.21650900
8267.412820,-0.41556600
8267.422300,0.01767470
8267.431770,0.14647600
8267.441250,-0.11112600
8267.450730,-0.16967200
8267.460210,-0.04087130
8267.469680,0.25185900
8267.479160,0.46262400
8267.488640,0.22844000
8267.498110,0.31040500
8267.507590,0.84902800
8267.517070,0.57971600
8267.526550,-0.18138200
8267.536020,-0.36872900
8267.545500,-0.28676400
8267.554980,-0.26334600
8267.564450,-0.16967200
8267.573930,-0.21650900
8267.583410,-0.23992800
8267.592890,0.00596554
8267.602360,0.29869600
8267.611840,0.45091500
8267.621320,0.63826200
8267.630790,1.30569000
8267.640270,2.20730000
8267.649750,2.18388000
8267.659220,1.32911000
8267.668700,0.96612000
8267.678180,1.09492000
8267.687660,1.23543000
8267.697130,1.76235000
8267.706610,2.33610000
8267.716090,2.31268000
8267.725560,1.86773000
8267.735040,1.15347000
8267.744520,0.24015000
8267.754000,-0.36872900
8267.763470,-0.45069300
8267.772950,-0.15796300
8267.782430,-0.02916210
8267.791900,-0.40385600
8267.801380,-0.82538800
8267.810860,-1.29376000
8267.820340,-1.99631000
8267.829810,-2.10169000
8267.839290,-2.14853000
8267.848770,-2.86279000
8267.858240,-2.27733000
8267.867720,-0.27505500
8267.877200,0.39236900
8267.886670,0.56800700
8267.896150,2.11362000
8267.905630,2.89814000
8267.915110,2.30097000
8267.924580,2.47661000
8267.934060,2.42977000
8267.943540,0.66168100
8267.953010,-0.75513200
8267.962490,-0.67316800
8267.971970,-0.22821800
8267.981450,0.54458900
8267.990920,1.70380000
8268.000400,2.59370000
8268.009880,3.16745000
8268.019350,2.78105000
8268.028830,0.88415600
8268.038310,-0.97760700
8268.047790,-1.46939000
8268.057260,-0.89564300
8268.066740,0.28698600
8268.076220,1.66867000
8268.085690,3.10890000
8268.095170,4.52572000
8268.104650,5.23998000
8268.114120,5.08776000
8268.123600,4.52572000
8268.133080,3.56556000
8268.142560,2.31268000
8268.152030,0.93099200
8268.161510,-0.64975000
8268.170990,-1.77383000
8268.180460,-1.99631000
8268.189940,-1.90263000
8268.199420,-2.03144000
8268.208900,-2.10169000
8268.218370,-1.38743000
8268.227850,-0.42727500
8268.237330,-0.57949500
8268.246800,-1.43427000
8268.256280,-1.78554000
8268.265760,-1.79184000
8268.275240,-1.33331000
8268.284710,0.05854420
8268.294190,1.39910000
8268.303670,1.71797000
8268.313140,1.41402000
8268.322620,1.17741000
8268.332100,1.28566000
8268.341570,1.81334000
8268.351050,2.68769000
8268.360530,3.36384000
8268.370010,3.31186000
8268.379480,2.90554000
8268.388960,2.69786000
8268.398440,2.65243000
8268.407910,2.42192000
8268.417390,1.69470000
8268.426870,0.90984000
8268.436350,0.43639600
8268.445820,-0.48292200
8268.455300,-1.51569000
8268.464780,-1.57083000
8268.474250,-1.65987000
8268.483730,-2.15501000
8268.493210,-1.57987000
8268.502690,-0.82326000
8268.512160,-1.26642000
8268.521640,-1.58009000
8268.531120,-1.48405000
8268.540590,-1.81105000
8268.550070,-1.48450000
8268.559550,-0.40066300
8268.569020,-0.10823500
8268.578500,-0.48947600
8268.587980,-0.94009600
8268.597460,-1.58416000
8268.606930,-1.81580000
8268.616410,-1.32405000
8268.625890,-0.57467300
8268.635360,0.33424900
8268.644840,1.04295000
8268.654320,1.30758000
8268.663800,1.63187000
8268.673270,1.87662000
8268.682750,1.66419000
8268.692230,1.12724000
8268.701700,0.23978600
8268.711180,-0.35975900
8268.720660,-0.15252800
8268.730140,-0.02665320
8268.739610,0.09334630
8268.749090,0.63345700
8268.758570,0.43797800
8268.768040,-0.11682200
8268.777520,0.26554900
8268.787000,0.67006700
8268.796480,0.75142300
8268.805950,1.07074000
8268.815430,1.04747000
8268.824910,1.09560000
8268.834380,1.66645000
8268.843860,1.51052000
8268.853340,0.46893800
8268.862810,-0.52382600
8268.872290,-0.73354300
8268.881770,0.05854420
8268.891250,0.31119900
8268.900720,-0.33105900
8268.910200,-0.22642600
8268.919680,-0.13128600
8268.929150,-0.71523800
8268.938630,-0.63975800
8268.948110,-0.37444800
8268.957590,0.53492600
8268.967060,3.30011000
8268.976540,4.54395000
8268.986020,2.58983000
8268.995490,1.28634000
8269.004970,1.59097000
8269.014450,1.66035000
8269.023930,1.86464000
8269.033400,2.00769000
8269.042880,1.42803000
8269.052360,1.38735000
8269.061830,1.78532000
8269.071310,1.05018000
8269.080790,0.12927800
8269.090260,0.54306200
8269.099740,1.28634000
8269.109220,1.46193000
8269.118700,1.30261000
8269.128170,0.46148000
8269.137650,-0.49422200
8269.147130,-0.32314900
8269.156600,0.40340200
8269.166080,1.00588000
8269.175560,1.50464000
8269.185040,1.38215000
8269.194510,1.05877000
8269.203990,1.02961000
8269.213470,0.65334400
8269.222940,0.58102800
8269.232420,1.32792000
8269.241900,1.81786000
8269.251380,2.46328000
8269.260850,3.80746000
8269.270330,4.80835000
8269.279810,6.23050000
8269.289280,10.33670000
8269.298760,18.58570000
8269.308240,32.20010000
8269.317710,50.42190000
8269.327190,67.51570000
8269.336670,74.22320000
8269.346150,65.37870000
8269.355620,46.65540000
8269.365100,28.46390000
8269.374580,15.63590000
8269.384050,8.36043000
8269.393530,5.45739000
8269.403010,4.24881000
8269.412490,3.67570000
8269.421960,4.19028000
8269.431440,4.49446000
8269.440920,4.42305000
8269.450390,5.23389000
8269.459870,5.41310000
8269.469350,4.04384000
8269.478830,3.12068000
8269.488300,2.36859000
8269.497780,0.48340100
8269.507260,-0.93083000
8269.516730,-0.94777900
8269.526210,-0.30326200
8269.535690,1.08295000
8269.545160,2.47096000
8269.554640,2.89017000
8269.564120,3.11073000
8269.573600,3.31141000
8269.583070,2.95887000
8269.592550,2.32656000
8269.602030,1.44588000
8269.611500,0.70193100
8269.620980,0.69763800
8269.630460,0.66667700
8269.639940,0.41447500
8269.649410,0.61967200
8269.658890,0.86486900
8269.668370,0.93786300
8269.677840,0.93582900
8269.687320,0.40182000
8269.696800,-0.16541000
8269.706280,-0.24337500
8269.715750,-0.27840400
8269.725230,-0.19659600
8269.734710,-0.18597500
8269.744180,-0.71320400
8269.753660,-1.18235000
8269.763140,-1.39411000
8269.772620,-1.58552000
8269.782090,-1.47975000
8269.791570,-1.29761000
8269.801050,-0.97241200
8269.810520,-0.20857300
8269.820000,0.14532400
8269.829480,0.06826170
8269.838950,0.29718700
8269.848430,0.35368400
8269.857910,0.26893900
8269.867390,0.44227100
8269.876860,0.50102800
8269.886340,0.82803200
8269.895820,1.06170000
8269.905290,0.12182100
8269.914770,-0.61806300
8269.924250,-0.34190600
8269.933730,-0.31659500
8269.943200,-0.03478870
8269.952680,0.78961500
8269.962160,0.96046100
8269.971630,1.23097000
8269.981110,2.02351000
8269.990590,2.36452000
8270.000070,3.02418000
8270.009540,3.80655000
8270.019020,3.06305000
8270.028500,2.12927000
8270.037970,2.47209000
8270.047450,2.76588000
8270.056930,2.90486000
8270.066400,3.76904000
8270.075880,4.16248000
8270.085360,3.29943000
8270.094840,2.30848000
8270.104310,1.70373000
8270.113790,1.31300000
8270.123270,1.13086000
8270.132740,0.54012400
8270.142220,-0.19930800
8270.151700,0.34328900
8270.161180,1.40295000
8270.170650,1.40362000
8270.180130,1.34351000
8270.189610,1.91707000
8270.199080,2.14645000
8270.208560,2.18757000
8270.218040,2.43503000
8270.227520,2.28249000
8270.236990,1.72249000
8270.246470,1.17334000
8270.255950,0.75571600
8270.265420,0.67707300
8270.274900,0.95865300
8270.284380,1.30125000
8270.293850,1.32679000
8270.303330,1.03481000
8270.312810,1.09199000
8270.322290,1.36453000
8270.331760,0.77786300
8270.341240,-0.39275300
8270.350720,-1.34009000
8270.360190,-2.29354000
8270.369670,-2.61851000
8270.379150,-1.67207000
8270.388630,-0.95184700
8270.398100,-1.02936000
8270.407580,-0.74145200
8270.417060,-0.41354400
8270.426530,-0.50122700
8270.436010,-0.07252870
8270.445490,0.65379600
8270.454970,0.77650700
8270.464440,1.11775000
8270.473920,2.60407000
8270.483400,4.06553000
8270.492870,4.13017000
8270.502350,3.09831000
8270.511830,1.54170000
8270.521300,0.08927850
8270.530780,-0.50823300
8270.540260,-0.58484300
8270.549740,-0.05874340
8270.559210,1.03481000
8270.568690,1.39843000
8270.578170,1.87933000
8270.587640,3.01605000
8270.597120,2.88701000
8270.606600,2.32543000
8270.616080,2.00385000
8270.625550,0.81537700
8270.635030,0.32091600
8270.644510,0.31391000
8270.653980,-0.08021230
8270.663460,0.31933400
8270.672940,-0.33038100
8270.682420,-0.99614100
8270.691890,0.43571800
8270.701370,0.57967200
8270.710850,1.20091000
8270.720320,2.59616000
8270.729800,0.51888100
8270.739280,0.46577400
8270.748760,1.12792000
8270.758230,-1.81828000
8270.767710,0.48272300
8270.777190,1.44453000
8270.786660,-1.49829000
8270.796140,5.58666000
8270.805620,4.90756000
8270.815090,8.03162000
8270.824570,62.31590000
8270.834050,105.07400000
8270.843530,60.73960000
8270.853000,7.24179000
8270.862480,5.60654000
8270.871960,6.85219000
8270.881430,-0.07659650
8270.890910,2.38509000
8270.900390,0.19074700
8270.909870,-2.97195000
8270.919340,-0.45083200
8270.928820,-1.40789000
8270.938300,-1.44201000
8270.947770,0.13651000
8270.957250,-1.56066000
8270.966730,-1.57354000
8270.976210,-1.65467000
8270.985680,-3.38393000
8270.995160,-2.39839000
8271.004640,-2.13715000
8271.014110,-3.01240000
8271.023590,-1.74484000
8271.033070,-1.05083000
8271.042540,-0.42552200
8271.052020,1.23029000
8271.061500,2.28950000
8271.070980,4.60451000
8271.080450,6.41490000
8271.089930,4.26621000
8271.099410,1.68905000
8271.108880,1.26080000
8271.118360,1.27707000
8271.127840,0.99594100
8271.137320,0.83888000
8271.146790,1.07504000
8271.156270,1.30554000
8271.165750,1.77560000
8271.175220,2.44317000
8271.184700,2.39526000
8271.194180,2.70192000
8271.203660,3.02441000
8271.213130,2.46328000
8271.222610,2.80068000
8271.232090,2.19503000
8271.241560,0.71616900
8271.251040,2.09854000
8271.260520,2.53650000
8271.269990,1.67051000
8271.279470,2.89198000
8271.288950,1.26916000
8271.298430,-0.51636900
8271.307900,0.79255200
8271.317380,-1.10235000
8271.326860,-0.73512500
8271.336330,1.73809000
8271.345810,-1.06100000
8271.355290,1.10894000
8271.364770,2.52249000
8271.374240,-2.43681000
8271.383720,3.91570000
8271.393200,2.88949000
8271.402670,4.79864000
8271.412150,71.78250000
8271.421630,133.24800000
8271.431110,82.37120000
8271.440580,8.06484000
8271.450060,0.98645000
8271.459540,3.77062000
8271.469010,-4.69940000
8271.478490,-0.02913900
8271.487970,-0.13851700
8271.497440,-3.30189000
8271.506920,1.16950000
8271.516400,-0.08337610
8271.525880,-0.98958700
8271.535350,3.14192000
8271.544830,2.02057000
8271.554310,1.96678000
8271.563780,4.31977000
8271.573260,3.65627000
8271.582740,10.65920000
8271.592220,23.50640000
8271.601690,23.96490000
8271.611170,12.83910000
8271.620650,4.14870000
8271.630120,1.41040000
8271.639600,0.68023700
8271.649080,0.43119800
8271.658560,0.98012200
8271.668030,1.76701000
8271.677510,2.52068000
8271.686990,3.06237000
8271.696460,2.45424000
8271.705940,0.87775000
8271.715420,-0.19795200
8271.724900,-0.12224600
8271.734370,0.09334630
8271.743850,-0.15750000
8271.753330,0.05131260
8271.762800,0.34532300
8271.772280,-0.11998600
8271.781760,-0.34597400
8271.791230,-0.47275300
8271.800710,-1.19004000
8271.810190,-1.48721000
8271.819670,-1.34032000
8271.829140,-1.19117000
8271.838620,-0.59795000
8271.848100,0.11210300
8271.857570,0.80972700
8271.867050,1.52046000
8271.876530,1.56972000
8271.886010,1.29425000
8271.895480,1.14939000
8271.904960,0.72181800
8271.914440,0.13131200
8271.923910,-0.34303600
8271.933390,-0.44608600
8271.942870,0.06780970
8271.952350,0.57899400
8271.961820,0.69379600
8271.971300,0.78532100
8271.980780,1.05312000
8271.990250,1.42554000
8271.999730,1.43617000
8272.009210,1.06577000
8272.018680,1.22441000
8272.028160,1.98961000
8272.037640,2.77492000
8272.047120,3.42870000
8272.056590,3.48678000
8272.066070,2.92113000
8272.075550,2.41492000
8272.085020,1.61899000
8272.094500,0.31481400
8272.103980,-0.41670800
8272.113460,-0.44473100
8272.122930,-0.38665200
8272.132410,0.29153800
8272.141890,1.75775000
8272.151360,2.98599000
8272.160840,3.54282000
8272.170320,3.57943000
8272.179800,3.00927000
8272.189270,1.96904000
8272.198750,0.74283500
8272.208230,-0.42913700
8272.217700,-1.13377000
8272.227180,-1.45015000
8272.236660,-1.92563000
8272.246130,-2.23207000
8272.255610,-1.59343000
8272.265090,-0.44699000
8272.274570,0.27662200
8272.284040,0.73447400
8272.293520,1.40136000
8272.303000,1.96001000
8272.312470,2.00023000
8272.321950,1.76227000
8272.331430,1.55842000
8272.340910,1.16860000
8272.350380,0.70396500
8272.359860,0.89695900
8272.369340,1.56724000
8272.378810,2.44995000
8272.388290,4.23231000
8272.397770,5.41852000
8272.407250,3.87118000
8272.416720,1.76701000
8272.426200,0.93221300
8272.435680,-0.42100200
8272.445150,-1.57128000
8272.454630,-0.57851500
8272.464110,1.11278000
8272.473580,2.41695000
8272.483060,3.17424000
8272.492540,2.56588000
8272.502020,1.60091000
8272.511490,1.02645000
8272.520970,0.26080300
8272.530450,0.41718700
8272.539920,1.49379000
8272.549400,1.78984000
8272.558880,1.60882000
8272.568360,1.23006000
8272.577830,0.43368400
8272.587310,0.19052100
8272.596790,0.52543500
8272.606260,0.95503800
8272.615740,1.07707000
8272.625220,0.88159200
8272.634700,3.12904000
8272.644170,7.39207000
8272.653650,7.67298000
8272.663130,3.87774000
8272.672600,1.38758000
8272.682080,0.87503800
8272.691560,0.76611200
8272.701030,0.83933200
8272.710510,0.86215700
8272.719990,1.00679000
8272.729470,0.74825900
8272.738940,0.15165100
8272.748420,0.81379500
8272.757900,1.73040000
8272.767370,1.50916000
8272.776850,1.52272000
8272.786330,1.83051000
8272.795810,1.89017000
8272.805280,2.49401000
8272.814760,3.01288000
8272.824240,2.95028000
8272.833710,3.05243000
8272.843190,3.05040000
8272.852670,2.88768000
8272.862150,2.68610000
8272.871620,1.77673000
8272.881100,0.65311800
8272.890580,-0.24631300
8272.900050,-1.53987000
8272.909530,-2.31862000
8272.919010,-1.72992000
8272.928490,-1.01874000
8272.937960,-0.83117000
8272.947440,-0.71795000
8272.956920,-0.63343000
8272.966390,-0.37738600
8272.975870,0.11074700
8272.985350,0.30261100
8272.994820,0.27458800
8273.004300,0.56520900
8273.013780,0.97153500
8273.023260,0.90419000
8273.032730,0.50916400
8273.042210,0.32927800
8273.051690,0.05651030
8273.061160,-0.47682100
8273.070640,-0.29625700
8273.080120,0.43300600
8273.089600,0.48814700
8273.099070,0.09583220
8273.108550,-0.44111500
8273.118030,-1.24744000
8273.127500,-1.43885000
8273.136980,-1.10190000
8273.146460,-1.05173000
8273.155940,-0.75614200
8273.165410,-0.23117200
8273.174890,0.16204700
8273.184370,0.83933200
8273.193840,1.01628000
8273.203320,0.05379850
8273.212800,-1.02439000
8273.222270,-1.35343000
8273.231750,-0.53038000
8273.241230,0.78057500
8273.250710,1.43549000
8273.260180,1.60249000
8273.269660,1.43775000
8273.279140,2.99864000
8273.288610,8.63930000
8273.298090,12.24720000
8273.307570,7.74326000
8273.317050,1.67277000
8273.326520,0.05877020
8273.336000,-0.41557800
8273.345480,-1.16699000
8273.354950,-0.77376900
8273.364430,-0.32021100
8273.373910,-0.15569200
8273.383390,0.32069000
8273.392860,0.52927700
8273.402340,0.35436200
8273.411820,0.25989900
8273.421290,0.21379800
8273.430770,-0.01151200
8273.440250,-0.29354500
8273.449720,-0.33716000
8273.459200,-0.26642600
8273.468680,-0.21331900
8273.478160,-0.31885500
8273.487630,-0.84224300
8273.497110,-1.01558000
8273.506590,-0.37648200
8273.516060,-0.00134256
8273.525540,-0.02190740
8273.535020,0.27210300
8273.544500,0.53560400
8273.553970,0.45741300
8273.563450,0.27707400
8273.572930,0.32792200
8273.582400,0.81221300
8273.591880,1.31933000
8273.601360,1.81786000
8273.610840,2.52769000
8273.620310,2.76769000
8273.629790,2.50486000
8273.639270,2.30825000
8273.648740,1.77989000
8273.658220,0.76114000
8273.667700,-0.33670800
8273.677170,-0.94484100
8273.686650,-0.27885600
8273.696130,0.96000900
8273.705610,1.77786000
8273.715080,2.96701000
8273.724560,4.29175000
8273.734040,4.60067000
8273.743510,4.64994000
8273.752990,4.81943000
8273.762470,4.15322000
8273.771950,2.65718000
8273.781420,1.08340000
8273.790900,0.53922000
8273.800380,1.51436000
8273.809850,2.44701000
8273.819330,2.39277000
8273.828810,2.27707000
8273.838290,2.32000000
8273.847760,2.24159000
8273.857240,1.99051000
8273.866720,1.05967000
8273.876190,-0.37738600
8273.885670,-1.54168000
8273.895150,-2.28179000
8273.904630,-2.35455000
8273.914100,-1.57422000
8273.923580,-0.50642500
8273.933060,0.24114200
8273.942530,0.46803400
8273.952010,0.75074500
8273.961490,1.51910000
8273.970960,1.59006000
8273.980440,0.60407900
8273.989920,0.11300700
8273.999400,-0.02642720
8274.008870,-0.79433400
8274.018350,-1.02688000
8274.027830,-0.44902400
8274.037300,-0.40540900
8274.046780,-0.48518200
8274.056260,-0.25399700
8274.065740,-0.38597400
8274.075210,-0.09919530
8274.084690,0.78758100
8274.094170,1.02939000
8274.103640,1.06577000
8274.113120,1.14125000
8274.122600,0.56746900
8274.132080,-0.10009900
8274.141550,-1.03772000
8274.151030,-2.10868000
8274.160510,-2.07094000
8274.169980,-1.76043000
8274.179460,-0.86461600
8274.188940,0.90690200
8274.198410,1.67888000
8274.207890,5.85445000
8274.217370,13.53170000
8274.226850,12.16430000
8274.236320,3.70056000
8274.245800,1.76701000
8274.255280,3.18780000
8274.264750,2.91187000
8274.274230,3.52361000
8274.283710,2.68678000
8274.293190,2.13808000
8274.302660,2.93831000
8274.312140,1.38713000
8274.321620,3.17831000
8274.331090,6.27276000
8274.340570,10.52360000
8274.350050,39.37110000
8274.359530,75.74230000
8274.369000,65.62550000
8274.378480,25.14500000
8274.387960,6.24812000
8274.397430,3.53989000
8274.406910,-0.46597300
8274.416390,-0.53716000
8274.425860,-0.41083200
8274.435340,-1.87184000
8274.444820,-0.11659600
8274.454300,0.59775100
8274.463770,0.26374100
8274.473250,1.65583000
8274.482730,1.24973000
8274.492200,1.06871000
8274.501680,3.48294000
8274.511160,4.26169000
8274.520640,3.61243000
8274.530110,3.77717000
8274.539590,3.57830000
8274.549070,3.44339000
8274.558540,3.86327000
8274.568020,3.81582000
8274.577500,3.24904000
8274.586980,2.03594000
8274.596450,0.75662000
8274.605930,0.69831600
8274.615410,0.90306000
8274.624880,0.22961700
8274.634360,-0.52495600
8274.643840,-1.02326000
8274.653310,-1.49557000
8274.662790,-1.51320000
8274.672270,-0.88631100
8274.681750,0.11458900
8274.691220,1.06600000
8274.700700,1.48023000
8274.710180,1.52453000
8274.719650,1.58509000
8274.729130,1.57763000
8274.738610,1.51481000
8274.748090,1.15119000
8274.757560,0.19956100
8274.767040,-0.45286600
8274.776520,-0.12789600
8274.785990,0.58600000
8274.795470,1.24475000
8274.804950,1.76792000
8274.814430,2.00814000
8274.823900,1.68407000
8274.833380,0.75820200
8274.842860,0.54057600
8274.852330,1.61085000
8274.861810,1.97311000
8274.871290,1.06216000
8274.880770,0.75277900
8274.890240,1.01470000
8274.899720,0.41221500
8274.909200,-0.55410900
8274.918670,-0.32360100
8274.928150,1.19368000
8274.937630,2.55661000
8274.947100,2.85876000
8274.956580,2.41763000
8274.966060,1.82102000
8274.975540,1.67526000
8274.985010,1.88859000
8274.994490,1.80972000
8275.003970,1.74147000
8275.013440,1.59210000
8275.022920,0.55978500
8275.032400,-0.16654000
8275.041880,0.48317500
8275.051350,1.13696000
8275.060830,1.70486000
8275.070310,3.22373000
8275.079780,4.50915000
8275.089260,4.88112000
8275.098740,5.28971000
8275.108220,5.10417000
8275.117690,4.03525000
8275.127170,3.70011000
8275.136650,3.82644000
8275.146120,3.00723000
8275.155600,1.70645000
8275.165080,0.20430600
8275.174550,-1.58145000
8275.184030,-2.64789000
8275.193510,-2.96540000
8275.202990,-2.92223000
8275.212460,-1.71591000
8275.221940,0.11165100
8275.231420,1.07142000
8275.240890,1.23142000
8275.250370,0.67232700
8275.259850,-0.57874100
8275.269330,-1.26190000
8275.278800,-1.08134000
8275.288280,-0.94393800
8275.297760,-0.77263900
8275.307230,-0.31162400
8275.316710,0.05651030
8275.326190,0.34826000
8275.335670,0.82238300
8275.345140,1.33176000
8275.354620,1.44249000
8275.364100,0.98984000
8275.373570,0.78961500
8275.383050,1.73786000
8275.392530,2.88949000
8275.402000,2.50057000
8275.411480,1.06283000
8275.420960,0.37289300
8275.430440,0.09266840
8275.439910,-0.81354300
8275.449390,-1.33761000
8275.458870,-1.07953000
8275.468340,-1.27998000
8275.477820,-1.76247000
8275.487300,-1.90710000
8275.496780,-2.03817000
8275.506250,-1.49422000
8275.515730,-0.19546600
8275.525210,0.16588800
8275.534680,-0.41173600
8275.544160,-0.50280900
8275.553640,-0.14461900
8275.563120,0.16792200
8275.572590,0.49040700
8275.582070,0.61786400
8275.591550,0.26916500
8275.601020,-0.20540900
8275.610500,-0.13083400
8275.619980,0.38306300
8275.629450,0.82509500
8275.638930,1.16792000
8275.648410,1.19210000
8275.657890,1.32995000
8275.667360,2.67051000
8275.676840,3.87209000
8275.686320,2.97446000
8275.695790,1.21786000
8275.705270,0.29537900
8275.714750,0.09673610
8275.724230,0.28475800
8275.733700,0.54622600
8275.743180,0.81334300
8275.752660,1.21176000
8275.762130,1.35210000
8275.771610,1.32905000
8275.781090,1.49063000
8275.790570,1.35391000
8275.800040,0.68724200
8275.809520,-0.12156800
8275.819000,-0.80269500
8275.828470,-1.29919000
8275.837950,-1.55501000
8275.847430,-1.18122000
8275.856910,-0.32292300
8275.866380,0.40475700
8275.875860,1.52656000
8275.885340,2.91661000
8275.894810,3.13876000
8275.904290,2.83706000
8275.913770,3.20904000
8275.923240,3.25356000
8275.932720,2.55390000
8275.942200,1.63865000
8275.951680,0.44091500
8275.961150,-0.33535200
8275.970630,-0.33173700
8275.980110,-0.41964600
8275.989580,-0.16111600
8275.999060,0.95323000
8276.008540,1.87097000
8276.018020,2.48723000
8276.027490,2.73966000
8276.036970,1.56792000
8276.046450,0.33967300
8276.055920,0.55458700
8276.065400,0.55729900
8276.074880,0.83752400
8276.084360,3.27910000
8276.093830,4.82824000
8276.103310,3.18441000
8276.112790,1.28001000
8276.122260,0.41876900
8276.131740,-0.30913800
8276.141220,-0.54506900
8276.150690,-0.62710300
8276.160170,-0.67252600
8276.169650,0.13854400
8276.179130,0.84972700
8276.188600,0.84701500
8276.198080,1.04701000
8276.207560,1.17899000
8276.217030,1.12792000
8276.226510,1.67436000
8276.235990,2.27661000
8276.245470,1.93108000
8276.254940,0.58193200
8276.264420,-0.85444600
8276.273900,-1.24360000
8276.283370,-1.03998000
8276.292850,-0.94642300
8276.302330,-0.17512700
8276.311810,1.16611000
8276.321280,2.06102000
8276.330760,2.92407000
8276.340240,4.68135000
8276.349710,7.13580000
8276.359190,8.15501000
8276.368670,5.47118000
8276.378140,1.05492000
8276.387620,-1.14303000
8276.397100,-0.96970000
8276.406580,-0.21264100
8276.416050,0.49922000
8276.425530,0.93899300
8276.435010,1.50939000
8276.444480,2.42870000
8276.453960,2.86260000
8276.463440,2.69356000
8276.472920,2.04882000
8276.482390,0.74260900
8276.491870,-0.19026800
8276.501350,0.02939180
8276.510820,0.81921900
8276.520300,1.65944000
8276.529780,1.93447000
8276.539260,1.62170000
8276.548730,1.63029000
8276.558210,1.67345000
8276.567690,1.26441000
8276.577160,1.10645000
8276.586640,1.15752000
8276.596120,0.74147900
8276.605590,0.01741440
8276.615070,0.05605830
8276.624550,1.63074000
8276.634030,2.90260000
8276.643500,1.84294000
8276.652980,0.28679200
8276.662460,0.09922200
8276.671930,0.12295100
8276.681410,-0.27501400
8276.690890,-0.71704600
8276.700370,-1.41354000
8276.709840,-1.98371000
8276.719320,-1.48925000
8276.728800,0.05289450
8276.738270,1.61605000
8276.747750,2.58102000
8276.757230,3.11232000
8276.766710,2.84430000
8276.776180,1.58554000
8276.785660,0.29266800
8276.795140,-0.48021100
8276.804610,-0.55636800
8276.814090,0.12159500
8276.823570,0.77899300
8276.833050,1.35345000
8276.842520,1.87142000
8276.852000,1.41176000
8276.861480,0.88362500
8276.870950,1.12656000
8276.880430,0.61018000
8276.889910,-0.31388400
8276.899380,-0.50778100
8276.908860,-0.82145200
8276.918340,-0.47252700
8276.927820,1.11278000
8276.937290,1.91345000
8276.946770,2.11978000
8276.956250,2.77401000
8276.965720,2.47435000
8276.975200,1.20769000
8276.984680,0.54215800
8276.994160,0.53244100
8277.003630,0.51345800
8277.013110,0.72543400
8277.022590,2.00068000
8277.032060,3.37175000
8277.041540,3.44768000
8277.051020,3.75457000
8277.060500,4.39367000
8277.069970,3.46305000
8277.079450,2.47435000
8277.088930,2.16543000
8277.098400,1.04023000
8277.107880,0.50306200
8277.117360,0.88543300
8277.126830,0.79300400
8277.136310,1.14148000
8277.145790,1.43820000
8277.155270,1.00927000
8277.164740,1.34080000
8277.174220,1.74871000
8277.183700,1.56814000
8277.193170,1.70238000
8277.202650,2.11797000
8277.212130,2.96475000
8277.221610,2.97153000
8277.231080,1.83752000
8277.240560,1.71955000
8277.250040,0.89650700
8277.259510,-0.00744422
8277.268990,1.24023000
8277.278470,0.25831700
8277.287950,5.26078000
8277.297420,25.06820000
8277.306900,33.66650000
8277.316380,15.90100000
8277.325850,1.08249000
8277.335330,1.61018000
8277.344810,1.73696000
8277.354280,1.26193000
8277.363760,2.78576000
8277.373240,1.08091000
8277.382720,-0.14190700
8277.392190,0.78554700
8277.401670,-0.18032500
8277.411150,-1.39908000
8277.420620,-1.81128000
8277.430100,-2.11049000
8277.439580,-1.21580000
8277.449060,-0.39614300
8277.458530,-0.02936500
8277.468010,0.84385200
8277.477490,0.81582900
8277.486960,0.44046400
8277.496440,0.95978300
8277.505920,0.80859800
8277.515400,-0.02507130
8277.524870,-0.66439100
8277.534350,-1.70461000
8277.543830,-2.48404000
8277.553300,-2.30687000
8277.562780,-2.09060000
8277.572260,-2.04314000
8277.581730,-1.61512000
8277.591210,-0.70371200
8277.600690,0.39210200
8277.610170,0.94034800
8277.619640,0.66893700
8277.629120,0.41447500
8277.638600,0.51910700
8277.648070,0.23571900
8277.657550,-0.34823400
8277.667030,-0.51727300
8277.676510,-0.53987100
8277.685980,-0.38981600
8277.695460,0.16769600
8277.704940,0.33673500
8277.714410,0.87413400
8277.723890,2.85333000
8277.733370,3.59254000
8277.742850,1.51594000
8277.752320,-0.26687800
8277.761800,0.02238620
8277.771280,1.07730000
8277.780750,1.86690000
8277.790230,1.81537000
8277.799710,0.90758000
8277.809180,-0.18213300
8277.818660,-0.99727100
8277.828140,-1.13942000
8277.837620,-0.91388100
8277.847090,-1.09083000
8277.856570,-1.17670000
8277.866050,-0.48766800
8277.875520,0.73899300
8277.885000,1.92385000
8277.894480,2.14599000
8277.903960,1.24905000
8277.913430,-0.12021200
8277.922910,-1.70891000
8277.932390,-2.49128000
8277.941860,-1.83727000
8277.951340,-1.15863000
8277.960820,-0.77241300
8277.970300,-0.21422300
8277.979770,-0.44518300
8277.989250,-0.95930500
8277.998730,-0.54958900
8278.008200,-0.20495800
8278.017680,-0.27569200
8278.027160,-0.04518420
8278.036640,0.01538050
8278.046110,-0.28857300
8278.055590,-0.35930700
8278.065070,0.05854420
8278.074540,0.63707300
8278.084020,0.82012300
8278.093500,1.23549000
8278.102970,2.15503000
8278.112450,1.89695000
8278.121930,0.71594300
8278.131410,0.22396700
8278.140880,-0.66393900
8278.150360,-2.16789000
8278.159840,-2.47659000
8278.169310,-1.98009000
8278.178790,-1.46055000
8278.188270,-0.54710300
8278.197750,0.17990000
8278.207220,0.74057500
8278.216700,1.58351000
8278.226180,1.61537000
8278.235650,0.75571600
8278.245130,0.16905200
8278.254610,-0.31207600
8278.264090,-0.76359900
8278.273560,-0.44563400
8278.283040,0.34238500
8278.292520,0.78193100
8278.301990,0.82645100
8278.311470,0.85605500
8278.320950,0.93582900
8278.330420,0.70599900
8278.339900,0.22735700
8278.349380,0.05379850
8278.358860,0.26306300
8278.368330,0.69944500
8278.377810,1.36340000
8278.387290,1.83978000
8278.396760,1.77063000
8278.406240,1.61922000
8278.415720,1.76204000
8278.425200,1.78486000
8278.434670,1.37673000
8278.444150,0.84769300
8278.453630,0.51662100
8278.463100,0.38238500
8278.472580,0.35843000
8278.482060,0.54984200
8278.491540,0.95978300
8278.501010,0.95820100
8278.510490,0.40001200
8278.519970,0.32001200
8278.529440,0.86080100
8278.538920,1.32046000
8278.548400,2.04769000
8278.557870,2.95910000
8278.567350,3.06983000
8278.576830,2.10916000
8278.586310,0.36769500
8278.595780,-0.49987200
8278.605260,0.27707400
8278.614740,0.36995500
8278.624210,2.39277000
8278.633690,10.93470000
8278.643170,17.41710000
8278.652650,12.86050000
8278.662120,5.70055000
8278.671600,3.88768000
8278.681080,3.52542000
8278.690550,2.73424000
8278.700030,2.80204000
8278.709510,3.22102000
8278.718990,4.17084000
8278.728460,4.49084000
8278.737940,2.96520000
8278.747420,1.58035000
8278.756890,1.20588000
8278.766370,0.97447300
8278.775850,0.77989700
8278.785320,0.75775000
8278.794800,1.33718000
8278.804280,1.96475000
8278.813760,1.87729000
8278.823230,1.79097000
8278.832710,1.46713000
8278.842190,0.89311700
8278.851660,0.65628200
8278.861140,-0.07885640
8278.870620,-0.05580560
8278.880100,0.89221300
8278.889570,0.14216000
8278.899050,0.22509700
8278.908530,1.69786000
8278.918000,3.10983000
8278.927480,13.91480000
8278.936960,30.82750000
8278.946440,29.70050000
8278.955910,12.03360000
8278.965390,2.18961000
8278.974870,1.21199000
8278.984340,-0.78665000
8278.993820,-1.05964000
8279.003300,0.29673500
8279.012780,0.18012600
8279.022250,2.81424000
8279.031730,8.39953000
8279.041210,9.70054000
8279.050680,5.35773000
8279.060160,1.25131000
8279.069640,0.03006970
8279.079110,-0.30055000
8279.088590,-0.37829000
8279.098070,0.11752700
8279.107550,0.43187600
8279.117020,0.51119800
8279.126500,0.45967200
8279.135980,0.32566200
8279.145450,1.09538000
8279.154930,2.18735000
8279.164410,2.00046000
8279.173890,1.41040000
8279.183360,1.59255000
8279.192840,1.90645000
8279.202320,2.11458000
8279.211790,2.39074000
8279.221270,2.67209000
8279.230750,3.38893000
8279.240230,3.81762000
8279.249700,2.69017000
8279.259180,1.16453000
8279.268660,0.10216000
8279.278130,-1.46235000
8279.287610,-2.83478000
8279.297090,-3.02664000
8279.306560,-2.55410000
8279.316040,-1.66371000
8279.325520,-1.06168000
8279.335000,-1.08518000
8279.344470,-0.89874000
8279.353950,-0.57015400
8279.363430,0.14125600
8279.372900,1.11255000
8279.382380,1.22035000
8279.391860,1.43662000
8279.401340,1.66622000
8279.410810,0.99661900
8279.420290,1.05831000
8279.429770,0.58080200
8279.439240,-0.77580300
8279.448720,0.03323360
8279.458200,0.41944700
8279.467680,0.15323300
8279.477150,1.75029000
8279.486630,1.15707000
8279.496110,1.53583000
8279.505580,4.15841000
8279.515060,5.12293000
8279.524540,28.44150000
8279.534010,75.61050000
8279.543490,84.24940000
8279.552970,41.57410000
8279.562450,11.02980000
8279.571920,8.11478000
8279.581400,4.60406000
8279.590880,1.78893000
8279.600350,3.03322000
8279.609830,1.26893000
8279.619310,0.58984100
8279.628790,1.49063000
8279.638260,1.05244000
8279.647740,1.74848000
8279.657220,1.74622000
8279.666690,0.15210300
8279.676170,-0.28721700
8279.685650,-0.90958700
8279.695130,-1.83478000
8279.704600,-1.36337000
8279.714080,-0.94371200
8279.723560,-1.37557000
8279.733030,-1.85783000
8279.742510,-1.95659000
8279.751990,-1.71297000
8279.761460,-1.81218000
8279.770940,-2.10303000
8279.780420,-2.40698000
8279.789900,-3.03116000
8279.799370,-2.76472000
8279.808850,-1.37015000
8279.818330,-0.21693500
8279.827800,0.84136600
8279.837280,1.66600000
8279.846760,1.47843000
8279.856240,1.11504000
8279.865710,0.98464200
8279.875190,0.90825800
8279.884670,1.48407000
8279.894140,1.86645000
8279.903620,1.01018000
8279.913100,0.64475600
8279.922580,1.72362000
8279.932050,2.14193000
8279.941530,1.37379000
8279.951010,1.35210000
8279.960480,1.79752000
8279.969960,1.22012000
8279.979440,0.69718600
8279.988920,1.05515000
8279.998390,0.86012300
8280.007870,-0.01693570
8280.017350,-0.40744300
8280.026820,-0.62009700
8280.036300,-1.05332000
8280.045780,-1.11456000
8280.055250,-1.07026000
8280.064730,-1.43275000
8280.074210,-1.31976000
8280.083690,-0.47908100
8280.093160,-0.29399700
8280.102640,-0.74891000
8280.112120,-0.40314900
8280.121590,0.47029400
8280.131070,0.92317300
8280.140550,1.42261000
8280.150030,2.14577000
8280.159500,2.14441000
8280.168980,1.14306000
8280.178460,0.11910900
8280.187930,-0.33535200
8280.197410,-0.79410800
8280.206890,-1.10846000
8280.216370,-0.45806400
8280.225840,0.23797800
8280.235320,-0.01806560
8280.244800,-0.33422300
8280.254270,-0.12947800
8280.263750,0.37266700
8280.273230,0.85469900
8280.282700,0.81153500
8280.292180,0.85695900
8280.301660,1.46080000
8280.311140,1.50238000
8280.320610,0.92543300
8280.330090,0.35391000
8280.339570,-0.47523900
8280.349040,-0.90936100
8280.358520,-0.42394000
8280.368000,0.30238500
8280.377480,1.09560000
8280.386950,1.79413000
8280.396430,2.23209000
8280.405910,2.24272000
8280.415380,1.14170000
8280.424860,0.31232800
8280.434340,1.00860000
8280.443820,0.99571500
8280.453290,0.20408000
8280.462770,0.74057500
8280.472250,1.12634000
8280.481720,0.44724300
8280.491200,0.30012500
8280.500680,0.33673500
8280.510150,0.19571900
8280.519630,0.66035000
8280.529110,1.35345000
8280.538590,1.96633000
8280.548060,2.30531000
8280.557540,2.02215000
8280.567020,1.78509000
8280.576490,1.67481000
8280.585970,1.46600000
8280.595450,1.88362000
8280.604930,2.46328000
8280.614400,2.65740000
8280.623880,3.41604000
8280.633360,4.12226000
8280.642830,3.51661000
8280.652310,2.70644000
8280.661790,2.32950000
8280.671270,1.35888000
8280.680740,0.19662300
8280.690220,-0.23185000
8280.699700,-0.66484300
8280.709170,-1.26981000
8280.718650,-1.05015000
8280.728130,-0.43320500
8280.737600,-0.04315030
8280.747080,1.12792000
8280.756560,2.90599000
8280.766040,3.36181000
8280.775510,2.23029000
8280.784990,1.05990000
8280.794470,0.88950100
8280.803940,1.50667000
8280.813420,1.82509000
8280.822900,1.44385000
8280.832380,1.19594000
8280.841850,0.96904900
8280.851330,0.03910930
8280.860810,-0.56766800
8280.870280,-0.25783900
8280.879760,-0.42484400
8280.889240,-1.05693000
8280.898720,-1.07365000
8280.908190,-0.93354200
8280.917670,-0.74868400
8280.927150,-0.33444900
8280.936620,-0.43297900
8280.946100,-0.39275300
8280.955580,0.35865600
8280.965060,0.71300500
8280.974530,1.24385000
8280.984010,2.41017000
8280.993490,2.47187000
8281.002960,1.55933000
8281.012440,0.68091400
8281.021920,-0.28857300
8281.031390,-0.46868500
8281.040870,-0.25377100
8281.050350,-0.83930500
8281.059830,-0.80405100
8281.069300,-0.19004200
8281.078780,0.33492700
8281.088260,3.38441000
8281.097730,7.53083000
8281.107210,7.57670000
8281.116690,4.86643000
8281.126170,3.49017000
8281.135640,3.17266000
8281.145120,2.84407000
8281.154600,2.25582000
8281.164070,1.23052000
8281.173550,0.48091500
8281.183030,0.08679270
8281.192510,-0.41851600
8281.201980,-0.78416400
8281.211460,-0.96359800
8281.220940,-0.82958800
8281.230410,-0.25987300
8281.239890,0.38238500
8281.249370,1.26826000
8281.258840,1.74690000
8281.268320,0.63142300
8281.277800,-0.71636800
8281.287280,-0.96405000
8281.296750,-0.94258200
8281.306230,-0.58506900
8281.315710,0.26487100
8281.325180,0.51232800
8281.334660,0.15504100
8281.344140,-0.01535380
8281.353620,0.35820400
8281.363090,0.97808800
8281.372570,0.89085700
8281.382050,0.50622600
8281.391520,0.76859800
8281.401000,1.10758000
8281.410480,1.63187000
8281.419960,2.23119000
8281.429430,1.39707000
8281.438910,0.23006900
8281.448390,0.45311900
8281.457860,0.74147900
8281.467340,0.73357000
8281.476820,1.24430000
8281.486290,1.24114000
8281.495770,0.07752720
8281.505250,-1.42122000
8281.514730,-2.02461000
8281.524200,-1.11637000
8281.533680,-0.14846100
8281.543160,-0.22868600
8281.552630,-0.62958800
8281.562110,-1.34100000
8281.571590,-2.18280000
8281.581070,-2.44337000
8281.590540,-2.71546000
8281.600020,-2.51161000
8281.609500,-0.66303500
8281.618970,1.55684000
8281.628450,3.43774000
8281.637930,5.75570000
8281.647410,7.49467000
8281.656880,7.97467000
8281.666360,8.44246000
8281.675840,8.75342000
8281.685310,7.84721000
8281.694790,6.27750000
8281.704270,4.61920000
8281.713740,2.81989000
8281.723220,1.73967000
8281.732700,1.22916000
8281.742180,-0.45716000
8281.751650,-2.52224000
8281.761130,-2.89127000
8281.770610,-2.49580000
8281.780080,-2.25173000
8281.789560,-1.53625000
8281.799040,-1.19072000
8281.808520,-1.43659000
8281.817990,-1.05806000
8281.827470,-0.36201900
8281.836950,0.54351400
8281.846420,2.07842000
8281.855900,3.06057000
8281.865380,3.28068000
8281.874860,3.56407000
8281.884330,3.34124000
8281.893810,2.55661000
8281.903290,1.54984000
8281.912760,0.07436330
8281.922240,-0.84744100
8281.931720,-0.93580200
8281.941190,-1.42642000
8281.950670,-1.49761000
8281.960150,-0.33557800
8281.969630,0.41063300
8281.979100,-0.00608830
8281.988580,-0.88608500
8281.998060,-1.70348000
8282.007530,-1.91523000
8282.017010,-1.65264000
8282.026490,-1.25128000
8282.035970,-0.49264000
8282.045440,0.18012600
8282.054920,0.34916400
8282.064400,0.20588800
8282.073870,-0.51004100
8282.083350,-1.39614000
8282.092830,-1.67071000
8282.102310,-1.88382000
8282.111780,-2.02642000
8282.121260,-1.34281000
8282.130740,-0.44631200
8282.140210,0.45085900
8282.149690,1.75187000
8282.159170,2.10690000
8282.168650,1.12995000
8282.178120,0.83413400
8282.187600,1.11571000
8282.197080,0.32227200
8282.206550,-0.51953200
8282.216030,-0.27930700
8282.225510,0.05538040
8282.234980,0.46283600
8282.244460,1.19345000
8282.253940,1.18735000
8282.263420,0.80882400
8282.272890,0.82825800
8282.282370,0.32566200
8282.291850,-0.36427900
8282.301320,-0.21987300
8282.310800,0.04385500
8282.320280,0.42328800
8282.329760,1.48611000
8282.339230,2.72723000
8282.348710,4.17107000
8282.358190,5.45491000
8282.367660,6.02937000
8282.377140,7.06620000
8282.386620,7.86394000
8282.396100,6.52202000
8282.405570,4.73310000
8282.415050,3.44090000
8282.424530,1.20498000
8282.434000,-0.64495600
8282.443480,-1.10959000
8282.452960,-1.39817000
8282.462430,-0.51071900
8282.471910,1.56453000
8282.481390,2.18238000
8282.490870,1.54532000
8282.500340,1.02803000
8282.509820,0.22215900
8282.519300,-0.17083300
8282.528770,0.44340100
8282.538250,0.78825900
8282.547730,0.55775100
8282.557210,0.32905200
8282.566680,0.06464590
8282.576160,0.05786620
8282.585640,0.40114200
8282.595110,0.33289300
8282.604590,-0.13987300
8282.614070,-0.16382800
8282.623550,0.14012600
8282.633020,0.10577600
8282.642500,0.07978700
8282.651980,0.35119800
8282.661450,0.45989800
8282.670930,0.68362600
8282.680410,1.31345000
8282.689880,1.88972000
8282.699360,2.62961000
8282.708840,3.05853000
8282.718320,1.82147000
8282.727790,0.29447500
8282.737270,0.32046400
8282.746750,0.33786500
8282.756220,-0.57173600
8282.765700,-0.84563300
8282.775180,-0.26055000
8282.784660,0.49876800
8282.794130,1.26509000
8282.803610,1.15323000
8282.813090,0.34035100
8282.822560,0.54645200
8282.832040,1.33176000
8282.841520,1.24521000
8282.851000,0.98961400
8282.860470,0.87978400
8282.869950,0.28069000
8282.879430,0.09357230
8282.888900,0.61334400
8282.898380,0.94984000
8282.907860,1.40724000
8282.917330,1.61831000
8282.926810,0.98871000
8282.936290,1.06464000
8282.945770,1.74532000
8282.955240,1.31165000
8282.964720,0.60430500
8282.974200,0.10984300
8282.983670,-0.98551900
8282.993150,-1.71004000
8283.002630,-1.71004000
8283.012110,-1.55953000
8283.021580,-0.73761100
8283.031060,0.05538040
8283.040540,0.36814700
8283.050010,1.55933000
8283.059490,2.87119000
8283.068970,3.32113000
8283.078450,4.07593000
8283.087920,4.30282000
8283.097400,3.09627000
8283.106880,2.15933000
8283.116350,1.21176000
8283.125830,-0.32631300
8283.135310,-0.35591700
8283.144790,0.46193200
8283.154260,0.42509600
8283.163740,1.79029000
8283.173220,4.11231000
8283.182690,3.56746000
8283.192170,1.48091000
8283.201650,0.55797700
8283.211120,-0.14778300
8283.220600,0.02780990
8283.230080,1.79549000
8283.239560,2.56836000
8283.249030,2.07458000
8283.258510,2.17311000
8283.267990,2.41153000
8283.277460,2.10034000
8283.286940,1.45040000
8283.296420,0.81741100
8283.305900,0.51436200
8283.315370,-0.16699200
8283.324850,-0.75908000
8283.334330,-0.29377100
8283.343800,-0.35704700
8283.353280,-0.00066459
8283.362760,3.01085000
8283.372240,4.27525000
8283.381710,1.19843000
8283.391190,-0.88292100
8283.400670,-0.20653900
8283.410140,0.44385300
8283.419620,1.05289000
8283.429100,1.37108000
8283.438570,0.71662100
8283.448050,0.66984100
8283.457530,1.40385000
8283.467010,1.91616000
8283.476480,2.52836000
8283.485960,2.82509000
8283.495440,2.28701000
8283.504910,1.78238000
8283.514390,1.46012000
8283.523870,0.90125300
8283.533350,0.51391000
8283.542820,0.28069000
8283.552300,-0.33603000
8283.561780,-0.97309000
8283.571250,-1.20699000
8283.580730,-1.45241000
8283.590210,-1.52902000
8283.599690,-1.12405000
8283.609160,-1.11591000
8283.618640,-0.99139500
8283.628120,0.78464300
8283.637590,2.25289000
8283.647070,1.23029000
8283.656550,0.06848770
8283.666020,0.33560500
8283.675500,0.19142500
8283.684980,-0.46845900
8283.694460,-0.53874100
8283.703930,-0.96066100
8283.713410,-1.95455000
8283.722890,-1.86484000
8283.732360,-0.67456000
8283.741840,0.03730140
8283.751320,0.21967300
8283.760800,0.74034900
8283.770270,1.27097000
8283.779750,1.29492000
8283.789230,1.08498000
8283.798700,0.79955800
8283.808180,0.44046400
8283.817660,0.11865700
8283.827140,-0.01331990
8283.836610,0.43978600
8283.846090,1.24475000
8283.855570,1.43052000
8283.865040,1.10238000
8283.874520,0.98215600
8283.884000,0.63526500
8283.893470,-0.17806500
8283.902950,-0.29874200
8283.912430,0.47775100
8283.921910,0.73831500
8283.931380,0.71752500
8283.940860,1.93673000
8283.950340,3.44926000
8283.959810,3.72972000
8283.969290,3.55548000
8283.978770,3.41469000
8283.988250,3.05288000
8283.997720,2.87661000
8284.007200,2.57130000
8284.016680,2.11526000
8284.026150,2.28791000
8284.035630,2.38961000
8284.045110,2.16633000
8284.054590,2.36791000
8284.064060,2.00159000
8284.073540,1.03775000
8284.083020,1.09266000
8284.092490,1.41673000
8284.101970,1.12521000
8284.111450,1.19617000
8284.120930,1.27752000
8284.130400,0.63503900
8284.139880,-0.08134220
8284.149360,-0.78755400
8284.158830,-1.54055000
8284.168310,-1.42326000
8284.177790,-0.44337500
8284.187260,0.31707400
8284.196740,1.08724000
8284.206220,2.33017000
8284.215700,2.46509000
8284.225170,1.22012000
8284.234650,0.78938900
8284.244130,0.72204400
8284.253600,-0.42416600
8284.263080,-1.04789000
8284.272560,-0.80450300
8284.282040,-1.00473000
8284.291510,-0.86936200
8284.300990,-0.13851700
8284.310470,0.22012500
8284.319940,0.21470200
8284.329420,0.28295000
8284.338900,1.17176000
8284.348380,2.14441000
8284.357850,2.72927000
8284.367330,6.83659000
8284.376810,13.08540000
8284.386280,12.05740000
8284.395760,4.47932000
8284.405240,0.07571930
8284.414710,-0.41716000
8284.424190,-0.84608500
8284.433670,-0.81512400
8284.443150,-0.45987200
8284.452620,-0.46416500
8284.462100,-0.15478800
8284.471580,0.11278100
8284.481050,0.04475890
8284.490530,0.12227300
8284.500010,0.37560500
8284.509490,0.81650700
8284.518960,1.19413000
8284.528440,1.18803000
8284.537920,0.93695900
8284.547390,0.41944700
8284.556870,0.01605850
8284.566350,0.16295100
8284.575830,0.22667900
8284.585300,0.07730120
8284.594780,0.54283600
8284.604260,1.60159000
8284.613730,2.49447000
8284.623210,2.85469000
8284.632690,2.54825000
8284.642160,1.48792000
8284.651640,0.50441800
8284.661120,0.53266700
8284.670600,0.62374000
8284.680070,0.08249890
8284.689550,-0.00518435
8284.699030,0.20769600
8284.708500,0.15571900
8284.717980,0.66893700
8284.727460,1.36747000
8284.736940,1.60566000
8284.746410,1.79933000
8284.755890,1.35594000
8284.765370,0.66938900
8284.774840,0.96294700
8284.784320,0.77492500
8284.793800,-0.58913700
8284.803280,-1.51094000
8284.812750,-2.07207000
8284.822230,-2.66235000
8284.831710,-2.59704000
8284.841180,-2.13128000
8284.850660,-1.53625000
8284.860140,-0.93128200
8284.869610,-0.75320400
8284.879090,-0.37648200
8284.888570,0.53899400
8284.898050,1.03526000
8284.907520,0.75413400
8284.917000,0.20543600
8284.926480,0.04453300
8284.935950,0.37944700
8284.945430,0.51526500
8284.954910,0.46351400
8284.964390,0.74012300
8284.973860,0.95887900
8284.983340,0.83074400
8284.992820,0.76543400
8285.002290,0.93176100
8285.011770,0.97289100
8285.021250,0.52520900
8285.030730,-0.35320600
8285.040200,-1.29964000
8285.049680,-1.30823000
8285.059160,-0.04812200
8285.068630,0.60792000
8285.078110,1.72317000
8285.087590,7.35320000
8285.097070,13.36880000
8285.106540,11.72810000
8285.116020,5.86914000
8285.125500,3.32384000
8285.134970,2.91051000
8285.144450,1.82758000
8285.153930,0.96317300
8285.163400,0.43006800
8285.172880,-0.23817800
8285.182360,-0.79704500
8285.191840,-1.24586000
8285.201310,-1.29942000
8285.210790,-0.69648100
8285.220270,0.31436200
8285.229740,1.48995000
8285.239220,2.54644000
8285.248700,3.74870000
8285.258180,5.93603000
8285.267650,9.36156000
8285.277130,13.59300000
8285.286610,16.97620000
8285.296080,17.03180000
8285.305560,13.80630000
8285.315040,9.82076000
8285.324520,6.47705000
8285.333990,4.05378000
8285.343470,2.71322000
8285.352950,1.88837000
8285.362420,1.40362000
8285.371900,1.51504000
8285.381380,1.83865000
8285.390850,3.26102000
8285.400330,6.88857000
8285.409810,10.16520000
8285.419290,10.04470000
8285.428760,7.42552000
8285.438240,4.48971000
8285.447720,2.04362000
8285.457190,0.14622700
8285.466670,-1.08608000
8285.476150,-1.25580000
8285.485630,-0.81693200
8285.495100,-0.43772500
8285.504580,0.58148000
8285.514060,1.75051000
8285.523530,1.56724000
8285.533010,1.16182000
8285.542490,1.46690000
8285.551970,1.44679000
8285.561440,1.84340000
8285.570920,3.16362000
8285.580400,3.57446000
8285.589870,3.06509000
8285.599350,3.06644000
8285.608830,3.32452000
8285.618300,3.05921000
8285.627780,1.95955000
8285.637260,0.66825900
8285.646740,0.56882500
8285.656210,1.40566000
8285.665690,2.00498000
8285.675170,2.20136000
8285.684640,1.75684000
8285.694120,0.72362600
8285.703600,0.20860000
8285.713080,0.69786400
8285.722550,1.46984000
8285.732030,1.51436000
8285.741510,0.96814500
8285.750980,1.22961000
8285.760460,2.19029000
8285.769940,2.46983000
8285.779420,2.23029000
8285.788890,1.80882000
8285.798370,0.78396500
8285.807850,-0.28088900
8285.817320,-0.74258200
8285.826800,-0.72314700
8285.836280,-0.33783800
8285.845750,0.05063460
8285.855230,0.30871300
8285.864710,0.67074500
8285.874190,0.83097000
8285.883660,0.74012300
8285.893140,0.71888000
8285.902620,0.51955900
8285.912090,0.11820500
8285.921570,-0.06055130
8285.931050,0.14961700
8285.940530,0.65063200
8285.950000,0.86147900
8285.959480,0.46577400
8285.968960,0.25063400
8285.978430,0.50961600
8285.987910,0.57040600
8285.997390,0.77063200
8286.006870,1.83210000
8286.016340,2.70373000
8286.025820,2.52543000
8286.035300,2.66147000
8286.044770,3.44045000
8286.054250,3.16859000
8286.063730,1.97334000
8286.073210,1.19323000
8286.082680,0.66803300
8286.092160,0.24408000
8286.101640,0.29605700
8286.111110,0.56317500
8286.120590,0.52001100
8286.130070,-0.16767000
8286.139540,-0.97874000
8286.149020,-1.15320000
8286.158500,-1.09558000
8286.167980,-1.18687000
8286.177450,-1.41851000
8286.186930,-1.66552000
8286.196410,-1.02462000
8286.205880,0.13696200
8286.215360,0.86238300
8286.224840,2.15051000
8286.234320,4.06124000
8286.243790,6.58823000
8286.253270,10.74840000
8286.262750,12.68450000
8286.272220,9.22687000
8286.281700,5.45784000
8286.291180,4.23457000
8286.300660,3.07977000
8286.310130,2.44475000
8286.319610,2.61379000
8286.329090,2.54961000
8286.338560,3.84632000
8286.348040,5.54801000
8286.357520,4.21333000
8286.366990,0.93876600
8286.376470,-0.84088700
8286.385950,-0.37670800
8286.395430,0.45786500
8286.404900,1.00611000
8286.414380,4.22282000
8286.423860,9.54935000
8286.433330,10.53690000
8286.442810,6.71185000
8286.452290,4.34711000
8286.461770,4.57514000
8286.471240,4.86011000
8286.480720,5.69558000
8286.490200,6.99772000
8286.499670,6.58507000
8286.509150,4.27841000
8286.518630,1.79277000
8286.528110,0.22351500
8286.537580,-0.49603000
8286.547060,-0.82778000
8286.556540,-0.83523700
8286.566010,-0.74258200
8286.575490,-0.90823100
8286.584970,-0.84314700
8286.594440,-0.24902500
8286.603920,0.22600100
8286.613400,0.18780900
8286.622880,-0.02190740
8286.632350,0.18893900
8286.641830,0.70125300
8286.651310,0.95368200
8286.660780,1.01086000
8286.670260,0.58328800
8286.679740,-0.16134200
8286.689220,0.06216000
8286.698690,0.44995500
8286.708170,0.21944700
8286.717650,0.77311700
8286.727120,1.48294000
8286.736600,2.16091000
8286.746080,3.33582000
8286.755560,2.89605000
8286.765030,6.11637000
8286.774510,18.42050000
8286.783990,25.11860000
8286.793460,15.50890000
8286.802940,4.74756000
8286.812420,2.65266000
8286.821890,2.07548000
8286.831370,0.97447300
8286.840850,0.76882400
8286.850330,-0.07478860
8286.859800,-0.22394000
8286.869280,0.66690300
8286.878760,0.65402200
8286.888230,0.34645300
8286.897710,0.40453100
8286.907190,0.49311900
8286.916670,0.76068800
8286.926140,0.90848400
8286.935620,1.13447000
8286.945100,1.74373000
8286.954570,1.84227000
8286.964050,1.17086000
8286.973530,0.52679100
8286.983010,0.29515300
8286.992480,0.13605800
8287.001960,-0.24314900
8287.011440,-0.38846000
8287.020910,-0.18484500
8287.030390,0.08182090
8287.039870,0.82893600
8287.049340,1.68769000
8287.058820,2.03277000
8287.068300,2.64904000
8287.077780,2.89333000
8287.087250,1.63955000
8287.096730,0.82599900
8287.106210,1.14283000
8287.115680,0.56859900
8287.125160,-0.40518300
8287.134640,-0.54574700
8287.144120,-0.53806300
8287.153590,-0.07682250
8287.163070,0.83277800
8287.172550,1.02939000
8287.182020,1.23978000
8287.191500,1.99323000
8287.200980,2.44678000
8287.210460,2.83074000
8287.219930,3.07593000
8287.229410,3.48994000
8287.238890,5.08044000
8287.248360,5.21197000
8287.257840,2.25921000
8287.267320,0.32543600
8287.276800,0.62938900
8287.286270,0.56769500
8287.295750,0.75616800
8287.305230,1.27571000
8287.314700,0.36385400
8287.324180,-0.51388300
8287.333660,-0.17286700
8287.343130,-0.15795200
8287.352610,-0.34800800
8287.362090,0.28023800
8287.371570,0.94351200
8287.381040,0.80927600
8287.390520,0.39730000
8287.400000,0.54374000
8287.409470,1.06125000
8287.418950,1.41967000
8287.428430,1.79413000
8287.437910,1.76882000
8287.447380,0.99820100
8287.456860,0.81560300
8287.466340,1.51571000
8287.475810,1.84972000
8287.485290,2.08317000
8287.494770,2.48475000
8287.504250,2.04611000
8287.513720,1.05221000
8287.523200,0.28091600
8287.532680,-0.32879900
8287.542150,-0.32586100
8287.551630,0.09199040
8287.561110,-0.02348940
8287.570580,0.07504130
8287.580060,0.99774900
8287.589540,1.55775000
8287.599020,1.46080000
8287.608490,1.41153000
8287.617970,1.46215000
8287.627450,1.63616000
8287.636920,1.83458000
8287.646400,1.83910000
8287.655880,2.13876000
8287.665360,2.64859000
8287.674830,2.50305000
8287.684310,2.07571000
8287.693790,2.07594000
8287.703260,1.92249000
8287.712740,1.36747000
8287.722220,1.00769000
8287.731700,0.70012300
8287.741170,0.28091600
8287.750650,0.41718700
8287.760130,0.89537700
8287.769600,0.76882400
8287.779080,0.23413700
8287.788560,-0.40314900
8287.798030,-1.28495000
8287.807510,-1.45218000
8287.816990,-0.69083100
8287.826470,-0.76924900
8287.835940,-1.83636000
8287.845420,-2.51749000
8287.854900,-2.92698000
8287.864370,-3.07297000
8287.873850,-2.56088000
8287.883330,-2.20043000
8287.892810,-1.79478000
8287.902280,-0.59275300
8287.911760,0.30713100
8287.921240,0.59820300
8287.930710,1.25696000
8287.940190,2.11142000
8287.949670,3.13424000
8287.959150,4.35548000
8287.968620,4.55299000
8287.978100,3.58260000
8287.987580,2.75774000
8287.997050,2.25108000
8288.006530,1.19865000
8288.016010,0.07910910
8288.025480,0.17357200
8288.034960,0.66035000
8288.044440,1.06961000
8288.053920,2.53062000
8288.063390,2.40475000
8288.072870,0.75616800
8288.082350,5.19118000
8288.091820,12.26820000
8288.101300,9.60901000
8288.110780,2.04159000
8288.120260,0.39187600
8288.129730,0.99842700
8288.139210,0.54984200
8288.148690,1.24362000
8288.158160,1.16860000
8288.167640,0.44679100
8288.177120,1.07097000
8288.186600,1.33831000
8288.196070,1.53198000
8288.205550,2.40904000
8288.215030,2.04633000
8288.224500,0.97673200
8288.233980,0.29741300
8288.243460,-0.63343000
8288.252940,-1.46009000
8288.262410,-2.20563000
8288.271890,-2.92178000
8288.281370,-2.83433000
8288.290840,-2.54777000
8288.300320,-2.20698000
8288.309800,-1.02868000
8288.319270,0.18238500
8288.328750,0.82916200
8288.338230,1.49515000
8288.347710,2.05469000
8288.357180,1.99707000
8288.366660,1.69266000
8288.376140,1.65628000
8288.385610,1.39707000
8288.395090,0.83684600
8288.404570,0.42690400
8288.414050,-0.04224630
8288.423520,0.09266840
8288.433000,0.30441900
8288.442480,-0.71026600
8288.451950,-0.35410900
8288.461430,0.89176100
8288.470910,-0.04789600
8288.480390,0.61131000
8288.489860,2.42757000
8288.499340,1.65899000
8288.508820,2.82667000
8288.518290,3.86350000
8288.527770,5.85490000
8288.537250,21.24200000
8288.546720,33.48800000
8288.556200,24.33480000
8288.565680,21.85960000
8288.575160,32.46650000
8288.584630,23.58070000
8288.594110,4.51706000
8288.603590,1.36747000
8288.613060,2.83932000
8288.622540,0.94667600
8288.632020,1.75888000
8288.641500,1.55684000
8288.650970,0.27142500
8288.660450,0.93537700
8288.669930,0.73582900
8288.679400,0.53696000
8288.688880,1.39481000
8288.698360,1.33357000
8288.707840,1.01673000
8288.717310,0.92701500
8288.726790,1.04001000
8288.736270,1.64272000
8288.745740,1.85221000
8288.755220,2.17447000
8288.764700,2.60407000
8288.774170,2.06871000
8288.783650,1.83097000
8288.793130,1.91368000
8288.802610,1.21538000
8288.812080,1.04498000
8288.821560,1.22509000
8288.831040,0.30984300
8288.840510,-0.73015300
8288.849990,-0.88405100
8288.859470,-0.47094500
8288.868950,-0.03139890
8288.878420,0.21538000
8288.887900,0.71029300
8288.897380,1.34532000
8288.906850,1.53718000
8288.916330,1.44724000
8288.925810,1.51300000
8288.935290,1.96927000
8288.944760,2.21334000
8288.954240,1.71865000
8288.963720,1.44566000
8288.973190,1.26374000
8288.982670,0.30848700
8288.992150,-0.02190740
8289.001620,0.68950200
8289.011100,1.09266000
8289.020580,1.81763000
8289.030060,3.11119000
8289.039530,3.32949000
8289.049010,2.30893000
8289.058490,1.12295000
8289.067960,0.64769400
8289.077440,1.05425000
8289.086920,1.16023000
8289.096400,0.96588500
8289.105870,1.82034000
8289.115350,2.89740000
8289.124830,3.47209000
8289.134300,5.37943000
8289.143780,8.31591000
8289.153260,9.05082000
8289.162740,7.20563000
8289.172210,5.36022000
8289.181690,4.08791000
8289.191170,2.47390000
8289.200640,1.24882000
8289.210120,1.09334000
8289.219600,1.35187000
8289.229080,1.82147000
8289.238550,2.20068000
8289.248030,1.96294000
8289.257510,1.67029000
8289.266980,1.17289000
8289.276460,0.02577600
8289.285940,-0.21648300
8289.295410,0.80362600
8289.304890,1.43639000
8289.314370,1.75300000
8289.323850,1.92001000
8289.333320,1.14894000
8289.342800,0.58554800
8289.352280,0.90825800
8289.361750,0.45628300
8289.371230,-0.92292100
8289.380710,-1.82122000
8289.390190,-1.95546000
8289.399660,-1.65422000
8289.409140,-1.15004000
8289.418620,-0.46100200
8289.428090,0.46328800
8289.437570,1.16069000
8289.447050,1.42148000
8289.456530,1.15571000
8289.466000,0.05379850
8289.475480,-0.52518200
8289.484960,0.88588500
8289.494430,2.73650000
8289.503910,3.29311000
8289.513390,3.21379000
8289.522860,3.55616000
8289.532340,4.58146000
8289.541820,5.53129000
8289.551300,5.14440000
8289.560770,3.68203000
8289.570250,2.80610000
8289.579730,2.98554000
8289.589200,2.72927000
8289.598680,1.67142000
8289.608160,1.44069000
8289.617640,1.39278000
8289.627110,0.42035100
8289.636590,0.74690300
8289.646070,1.68882000
8289.655540,1.41244000
8289.665020,4.72225000
8289.674500,11.27950000
8289.683980,11.45240000
8289.693450,5.42349000
8289.702930,1.71368000
8289.712410,0.73921900
8289.721880,-0.34077600
8289.731360,-0.96857000
8289.740840,-1.20269000
8289.750310,-1.13896000
8289.759790,-0.55433500
8289.769270,-0.16541000
8289.778750,0.26012500
8289.788220,0.92746700
8289.797700,1.29899000
8289.807180,1.73221000
8289.816650,2.09560000
8289.826130,1.65696000
8289.835610,0.91277800
8289.845090,0.37379700
8289.854560,-0.15004200
8289.864040,-0.33783800
8289.873520,0.14532400
8289.882990,0.62916300
8289.892470,0.48046300
8289.901950,0.26645300
8289.911430,0.52046300
8289.920900,0.83119600
8289.930380,1.01086000
8289.939860,1.18125000
8289.949330,1.35052000
8289.958810,2.05176000
8289.968290,3.49763000
8289.977760,4.31118000
8289.987240,3.27887000
8289.996720,1.73379000
8290.006200,1.59481000
8290.015670,2.12068000
8290.025150,1.98215000
8290.034630,1.55391000
8290.044100,0.96769300
8290.053580,0.53944600
8290.063060,1.16408000
8290.072540,1.79074000
8290.082010,1.87277000
8290.091490,2.93537000
8290.100970,3.98802000
8290.110440,3.14689000
8290.119920,1.84068000
8290.129400,1.19639000
8290.138880,0.60046300
8290.148350,0.56837300
8290.157830,1.25470000
8290.167310,1.46351000
8290.176780,1.24498000
8290.186260,1.55549000
8290.195740,2.05017000
8290.205220,2.00656000
8290.214690,2.14147000
8290.224170,3.55005000
8290.233650,5.84835000
8290.243120,7.88902000
8290.252600,9.33173000
8290.262080,10.10350000
8290.271550,9.44834000
8290.281030,7.31704000
8290.290510,5.33355000
8290.299990,4.54711000
8290.309460,4.31502000
8290.318940,3.93762000
8290.328420,2.98622000
8290.337890,1.54826000
8290.347370,0.99390800
8290.356850,1.78260000
8290.366330,2.29537000
8290.375800,1.86306000
8290.385280,1.67323000
8290.394760,2.19526000
8290.404230,2.69831000
8290.413710,2.93175000
8290.423190,3.07887000
8290.432670,2.79458000
8290.442140,2.09334000
8290.451620,1.77831000
8290.461100,1.93650000
8290.470570,2.03684000
8290.480050,2.10509000
8290.489530,2.18057000
8290.499000,1.94464000
8290.508480,1.38419000
8290.517960,0.95774900
8290.527440,0.95255200
8290.536910,0.89424700
8290.546390,0.52068900
8290.555870,0.37085900
8290.565340,0.23458900
8290.574820,-0.40563500
8290.584300,-0.81105700
8290.593780,-0.68947500
8290.603250,-0.64857100
8290.612730,-0.46868500
8290.622210,-0.35749900
8290.631680,-0.75184800
8290.641160,-0.35298000
8290.650640,0.65967200
8290.660120,1.15820000
8290.669590,4.54756000
8290.679070,11.56990000
8290.688550,14.16330000
8290.698020,9.39975000
8290.707500,4.15254000
8290.716980,1.37876000
8290.726450,0.04159510
8290.735930,1.20204000
8290.745410,3.10644000
8290.754890,2.94418000
8290.764360,1.98916000
8290.773840,1.38351000
8290.783320,0.88475500
8290.792790,0.72656400
8290.802270,0.73176200
8290.811750,1.20521000
8290.821230,1.93356000
8290.830700,1.66170000
8290.840180,1.25221000
8290.849660,1.78170000
8290.859130,2.45605000
8290.868610,2.92859000
8290.878090,2.65627000
8290.887570,1.53018000
8290.897040,1.04091000
8290.906520,0.91323000
8290.916000,0.38102900
8290.925470,0.70328700
8290.934950,1.76475000
8290.944430,2.43232000
8290.953900,2.75661000
8290.963380,2.30690000
8290.972860,0.97402100
8290.982340,-0.41173600
8290.991810,-1.69693000
8291.001290,-2.35275000
8291.010770,-1.66032000
8291.020240,-0.18190700
8291.029720,1.72430000
8291.039200,4.01966000
8291.048680,5.87005000
8291.058150,6.94100000
8291.067630,7.70981000
8291.077110,8.25263000
8291.086580,8.36585000
8291.096060,7.85083000
8291.105540,6.45581000
8291.115020,4.36497000
8291.124490,1.88340000
8291.133970,-0.98777900
8291.143450,-3.45059000
8291.152920,-4.29918000
8291.162400,-3.70551000
8291.171880,-2.21489000
8291.181360,-0.04292430
8291.190830,1.67707000
8291.200310,2.23142000
8291.209790,2.23978000
8291.219260,1.94441000
8291.228740,1.48046000
8291.238220,1.26216000
8291.247690,1.02487000
8291.257170,0.51210200
8291.266650,-0.01083400
8291.276130,-0.09377150
8291.285600,0.54125400
8291.295080,1.13628000
8291.304560,0.93673300
8291.314030,0.42871200
8291.323510,0.09854400
8291.332990,0.05199060
8291.342470,0.08724460
8291.351940,-0.42416600
8291.361420,-1.02484000
8291.370900,-0.77557700
8291.380370,-0.15501400
8291.389850,0.31481400
8291.399330,0.87775000
8291.408810,1.25018000
8291.418280,0.98599800
8291.427760,0.44114100
8291.437240,0.13718800
8291.446710,-0.16428000
8291.456190,-0.66981400
8291.465670,-0.68201800
8291.475140,-0.02913900
8291.484620,0.46238400
8291.494100,0.63436100
8291.503580,0.93673300
8291.513050,1.22554000
8291.522530,0.94509400
8291.532010,0.29131200
8291.541480,0.23300700
8291.550960,0.68249600
8291.560440,0.88407700
8291.569920,1.33199000
8291.579390,2.27616000
8291.588870,2.91706000
8291.598350,3.11186000
8291.607820,2.64271000
8291.617300,0.76114000
8291.626780,-1.91704000
8291.636260,-3.34709000
8291.645730,-2.34506000
8291.655210,-0.45015400
8291.664690,0.15752700
8291.674160,0.04136910
8291.683640,0.23074700
8291.693120,-0.32179300
8291.702590,-1.59523000
8291.712070,-1.80947000
8291.721550,-0.89467200
8291.731030,0.02780990
8291.740500,1.01831000
8291.749980,1.87436000
8291.759460,1.92136000
8291.768930,2.09673000
8291.778410,2.70283000
8291.787890,2.51684000
8291.797370,2.04046000
8291.806840,1.46102000
8291.816320,0.91684600
8291.825800,4.00700000
8291.835270,9.29579000
8291.844750,9.11207000
8291.854230,4.37220000
8291.863710,1.44588000
8291.873180,0.09967400
8291.882660,-0.89015200
8291.892140,-0.83071800
8291.901610,-0.97535000
8291.911090,-1.45444000
8291.920570,-1.44970000
8291.930040,-1.46168000
8291.939520,-1.52495000
8291.949000,-1.44292000
8291.958480,-0.82665000
8291.967950,0.34690500
8291.977430,0.67277900
8291.986910,0.16159500
8291.996380,-0.40902400
8292.005860,-1.38326000
8292.015340,-1.99794000
8292.024820,-1.98597000
8292.034290,-1.92721000
8292.043770,-0.95116900
8292.053250,0.21560600
8292.062720,0.40588700
8292.072200,0.88656300
8292.081680,1.34215000
8292.091160,1.09334000
8292.100630,1.45379000
8292.110110,2.40339000
8292.119590,4.22824000
8292.129060,6.89716000
8292.138540,6.80812000
8292.148020,3.51593000
8292.157490,1.16656000
8292.166970,0.58012400
8292.176450,0.40249800
8292.185930,0.61311800
8292.195400,0.74735500
8292.204880,0.80701600
8292.214360,1.35549000
8292.223830,1.66848000
8292.233310,1.41854000
8292.242790,1.17786000
8292.252270,0.59368300
8292.261740,-0.51275300
8292.271220,-1.06507000
8292.280700,-0.66823200
8292.290170,-0.03817860
8292.299650,0.55526500
8292.309130,0.97153500
8292.318610,1.05425000
8292.328080,1.25357000
8292.337560,1.24543000
8292.347040,0.51503900
8292.356510,0.09153840
8292.365990,0.06261200
8292.375470,-0.58597300
8292.384950,-1.05580000
8292.394420,-0.65987100
8292.403900,0.00566307
8292.413380,0.73108400
8292.422850,0.60814600
8292.432330,-0.61987100
8292.441810,-1.13264000
8292.451280,-1.19863000
8292.460760,-2.20608000
8292.470240,-2.59184000
8292.479720,-1.67139000
8292.489190,-0.88088700
8292.498670,0.39368400
8292.508150,2.43752000
8292.517620,3.12972000
8292.527100,2.28972000
8292.536580,1.50803000
8292.546060,0.81854100
8292.555530,0.24362800
8292.565010,0.45854300
8292.574490,0.66012400
8292.583960,0.00521109
8292.593440,-0.45942000
8292.602920,-0.05490170
8292.612400,0.40837300
8292.621870,0.66532100
8292.631350,1.01831000
8292.640830,1.06894000
8292.650300,0.55797700
8292.659780,0.01199070
8292.669260,-0.15569200
8292.678730,-0.36676500
8292.688210,-1.22823000
8292.697690,-1.87907000
8292.707170,-1.42913000
8292.716640,-1.25128000
8292.726120,-1.23230000
8292.735600,0.24543600
8292.745070,0.84769300
8292.754550,1.70396000
8292.764030,10.09530000
8292.773510,20.05910000
8292.782980,17.18570000
8292.792460,7.24789000
8292.801940,3.54282000
8292.811410,2.75345000
8292.820890,3.31164000
8292.830370,10.70390000
8292.839850,16.21350000
8292.849320,10.59360000
8292.858800,2.67706000
8292.868280,0.15933500
8292.877750,-0.03930850
8292.887230,0.30848700
8292.896710,1.19278000
8292.906180,1.71639000
8292.915660,2.02690000
8292.925140,1.72611000
8292.934620,0.98577200
8292.944090,0.79729800
8292.953570,0.29289300
8292.963050,-0.39478700
8292.972520,0.05266850
8292.982000,0.57018000
8292.991480,0.47526600
8293.000960,0.38035100
8293.010430,-0.33354500
8293.019910,-1.38800000
8293.029390,-1.76066000
8293.038860,-1.79230000
8293.048340,-1.11139000
8293.057820,0.52407900
8293.067300,1.50238000
8293.076770,1.59797000
8293.086250,1.96114000
8293.095730,2.28882000
8293.105200,2.18848000
8293.114680,2.02735000
8293.124160,1.58984000
8293.133630,0.65786400
8293.143110,-0.24314900
8293.152590,-0.47885500
8293.162070,-0.04947790
8293.171540,0.36046400
8293.181020,0.48950300
8293.190500,0.60272300
8293.199970,0.47504000
8293.209450,0.30690500
8293.218930,0.91752400
8293.228410,1.87549000
8293.237880,2.41130000
8293.247360,2.72204000
8293.256840,2.46554000
8293.266310,1.62871000
8293.275790,1.49831000
8293.285270,1.70306000
8293.294750,0.88837100
8293.304220,-0.08202020
8293.313700,-0.36066300
8293.323180,-0.49422200
8293.332650,-0.22913800
8293.342130,0.46419200
8293.351610,0.79210000
8293.361090,1.09063000
8293.370560,1.82034000
8293.380040,2.55684000
8293.389520,2.94124000
8293.398990,2.32430000
8293.408470,0.73537700
8293.417950,-0.15659600
8293.427420,0.23481500
8293.436900,0.73311800
8293.446380,0.74554700
8293.455860,0.41605700
8293.465330,0.25063400
8293.474810,0.72837200
8293.484290,1.04001000
8293.493760,0.53989800
8293.503240,0.02396810
8293.512720,-0.35523900
8293.522200,-0.87388100
8293.531670,-0.91049100
8293.541150,-0.70574600
8293.550630,-0.86077400
8293.560100,-0.65806300
8293.569580,-0.38461800
8293.579060,-1.13399000
8293.588540,-1.66461000
8293.598010,-0.81806200
8293.607490,-0.12812200
8293.616970,-0.41377000
8293.626440,-0.63478600
8293.635920,-0.64857100
8293.645400,-0.67727200
8293.654870,-0.00970410
8293.664350,1.19639000
8293.673830,1.84814000
8293.683310,2.03571000
8293.692780,2.44023000
8293.702260,2.88181000
8293.711740,2.99367000
8293.721210,2.73288000
8293.730690,2.22464000
8293.740170,1.70193000
8293.749650,1.28927000
8293.759120,1.35413000
8293.768600,1.92249000
8293.778080,1.94667000
8293.787550,1.37944000
8293.797030,1.05312000
8293.806510,0.49040700
8293.815990,0.35594400
8293.825460,2.14034000
8293.834940,3.70689000
8293.844420,3.05085000
8293.853890,2.10125000
8293.863370,1.68724000
8293.872850,1.08069000
8293.882320,1.27526000
8293.891800,2.36904000
8293.901280,2.99435000
8293.910760,3.02599000
8293.920230,2.76565000
8293.929710,2.26531000
8293.939190,1.79368000
8293.948660,1.15323000
8293.958140,0.14170800
8293.967620,-0.92427600
8293.977100,-1.75297000
8293.986570,-2.04314000
8293.996050,-1.67749000
8294.005530,-0.91229900
8294.015000,-0.10597500
8294.024480,0.12543700
8294.033960,-0.42077600
8294.043440,-0.92879600
8294.052910,-1.05377000
8294.062390,-1.48224000
8294.071870,-2.24111000
8294.081340,-2.38755000
8294.090820,-1.48608000
8294.100300,-0.03659660
8294.109770,1.19910000
8294.119250,1.66080000
8294.128730,1.24814000
8294.138210,0.18713100
8294.147680,-1.18507000
8294.157160,-2.19794000
8294.166640,-2.50732000
8294.176110,-2.59387000
8294.185590,-2.42393000
8294.195070,-1.56879000
8294.204550,-0.54778100
8294.214020,0.36430600
8294.223500,1.50803000
8294.232980,2.28068000
8294.242450,2.17582000
8294.251930,1.81808000
8294.261410,1.49266000
8294.270890,0.99255200
8294.280360,0.45063300
8294.289840,0.07187750
8294.299320,-0.12676600
8294.308790,-0.11275500
8294.318270,0.35843000
8294.327750,0.91775000
8294.337230,0.52068900
8294.346700,-0.15795200
8294.356180,0.30148100
8294.365660,0.74238300
8294.375130,0.17538000
8294.384610,-0.04857400
8294.394090,0.21131200
8294.403560,0.29628300
8294.413040,0.59616900
8294.422520,0.35594400
8294.432000,-0.79071800
8294.441470,-1.06077000
8294.450950,-0.14665300
8294.460430,0.77876700
8294.469900,1.40204000
8294.479380,1.27571000
8294.488860,0.62712900
8294.498340,0.44340100
8294.507810,0.23933400
8294.517290,-0.06800890
8294.526770,0.52227100
8294.536240,1.33854000
8294.545720,1.57289000
8294.555200,1.78193000
8294.564680,2.12046000
8294.574150,2.58870000
8294.583630,3.13266000
8294.593110,3.29265000
8294.602580,3.18554000
8294.612060,2.70938000
8294.621540,1.86577000
8294.631010,1.69515000
8294.640490,1.84181000
8294.649970,1.50509000
8294.659450,1.58261000
8294.668920,1.43368000
8294.678400,0.09086040
8294.687880,-0.32201900
8294.697350,0.59097100
8294.706830,0.35594400
8294.716310,-0.64405200
8294.725790,-0.67026600
8294.735260,-0.35908100
8294.744740,0.21809200
8294.754220,2.19729000
8294.763690,3.84361000
8294.773170,2.40452000
8294.782650,-0.18416700
8294.792130,-0.56676400
8294.801600,0.32069000
8294.811080,1.13244000
8294.820560,2.22848000
8294.830030,2.43164000
8294.839510,1.75955000
8294.848990,1.65537000
8294.858460,0.85130900
8294.867940,-0.59004100
8294.877420,-0.50235700
8294.886900,-0.14665300
8294.896370,-0.29693500
8294.905850,0.82803200
8294.915330,1.97243000
8294.924800,1.65876000
8294.934280,1.31752000
8294.943760,1.30283000
8294.953240,1.38080000
8294.962710,1.67210000
8294.972190,1.24860000
8294.981670,0.47368400
8294.991140,0.45515300
8295.000620,0.55142300
8295.010100,0.55549100
8295.019580,0.88339900
8295.029050,1.08249000
8295.038530,1.22148000
8295.048010,1.56001000
8295.057480,1.61741000
8295.066960,1.16837000
8295.076440,0.18396700
8295.085910,-1.35162000
8295.095390,-2.94935000
8295.104870,-3.72246000
8295.114350,-3.25353000
8295.123820,-2.57557000
8295.133300,-2.36766000
8295.142780,-1.65670000
8295.152250,-0.57715900
8295.161730,0.55707300
8295.171210,3.11458000
8295.180690,5.40700000
8295.190160,4.05536000
8295.199640,1.25289000
8295.209120,0.35549200
8295.218590,-0.03546670
8295.228070,-0.85015300
8295.237550,-0.76066100
8295.247030,-0.14846100
8295.256500,0.23752600
8295.265980,0.79345600
8295.275460,1.20611000
8295.284930,1.22374000
8295.294410,1.41650000
8295.303890,1.46306000
8295.313370,0.99594100
8295.322840,0.91526400
8295.332320,1.06103000
8295.341800,0.36724300
8295.351270,-0.11230300
8295.360750,0.31504000
8295.370230,-0.03569270
8295.379700,-0.76585900
8295.389180,-0.47026700
8295.398660,-0.88789200
8295.408140,-2.25354000
8295.417610,-2.25218000
8295.427090,-1.44540000
8295.436570,-0.79388200
8295.446040,0.25944700
8295.455520,0.62825900
8295.465000,0.21357200
8295.474480,0.31413600
8295.483950,0.31345800
8295.493430,0.14125600
8295.502910,0.25854300
8295.512380,-0.08495800
8295.521860,-0.43772500
8295.531340,-0.20925100
8295.540820,0.64407800
8295.550290,1.88249000
8295.559770,1.55142000
8295.569250,1.06871000
8295.578720,2.60204000
8295.588200,3.22124000
8295.597680,8.56631000
8295.607150,24.70230000
8295.616630,32.60080000
8295.626110,18.62750000
8295.635590,3.20226000
8295.645060,0.15594500
8295.654540,-0.35049400
8295.664020,-1.45422000
8295.673490,-0.33829000
8295.682970,0.06848770
8295.692450,-0.35026800
8295.701930,-0.24699100
8295.711400,-0.69173500
8295.720880,-1.00292000
8295.730360,-0.76631100
8295.739830,-0.54167900
8295.749310,0.16385400
8295.758790,0.73334400
8295.768270,0.33786500
8295.777740,-0.56970200
8295.787220,-1.89761000
8295.796700,-3.10122000
8295.806170,-3.04901000
8295.815650,-2.26597000
8295.825130,-2.00472000
8295.834600,-1.98235000
8295.844080,-1.44201000
8295.853560,-0.63998400
8295.863040,0.24362800
8295.872510,0.94622400
8295.881990,0.52362700
8295.891470,-0.28540900
8295.900940,0.07571930
8295.910420,1.00250000
8295.919900,1.88588000
8295.929380,3.01695000
8295.938850,3.79186000
8295.948330,3.67277000
8295.957810,2.43955000
8295.967280,0.66532100
8295.976760,-0.10597500
8295.986240,-0.34281000
8295.995720,-0.66755400
8296.005190,0.13583200
8296.014670,1.13086000
8296.024150,1.37447000
8296.033620,2.23413000
8296.043100,3.14667000
8296.052580,3.63955000
8296.062050,4.34553000
8296.071530,3.69401000
8296.081010,1.99978000
8296.090490,1.29221000
8296.099960,1.15187000
8296.109440,1.64588000
8296.118920,2.21063000
8296.128390,3.35209000
8296.137870,10.20810000
8296.147350,18.67250000
8296.156830,16.65850000
8296.166300,7.87026000
8296.175780,4.02734000
8296.185260,4.33401000
8296.194730,4.84519000
8296.204210,5.52406000
8296.213690,4.92542000
8296.223170,3.39932000
8296.232640,2.65469000
8296.242120,2.16452000
8296.251600,2.19797000
8296.261070,3.10644000
8296.270550,3.66440000
8296.280030,3.37627000
8296.289500,2.53492000
8296.298980,2.16452000
8296.308460,3.08904000
8296.317940,3.88926000
8296.327410,3.60565000
8296.336890,3.08927000
8296.346370,2.43978000
8296.355840,1.66306000
8296.365320,1.14374000
8296.374800,0.38690400
8296.384280,-0.40247100
8296.393750,-0.18371500
8296.403230,0.54057600
8296.412710,0.83526400
8296.422180,1.32362000
8296.431660,2.27458000
8296.441140,2.37808000
8296.450620,1.34939000
8296.460090,0.66080200
8296.469570,0.83933200
8296.479050,1.03572000
8296.488520,0.82034900
8296.498000,0.33221500
8296.507480,-0.17196300
8296.516960,-0.13557900
8296.526430,0.75571600
8296.535910,1.66645000
8296.545390,1.42419000
8296.554860,0.20498400
8296.564340,-1.00337000
8296.573820,-1.74778000
8296.583290,-1.86597000
8296.592770,-1.62552000
8296.602250,-1.69309000
8296.611730,-1.81467000
8296.621200,-1.22800000
8296.630680,-0.02959100
8296.640160,0.91119600
8296.649630,0.61673400
8296.659110,-0.66845800
8296.668590,-1.53512000
8296.678070,-1.66868000
8296.687540,-1.30258000
8296.697020,0.01899630
8296.706500,1.43052000
8296.715970,1.62193000
8296.725450,1.41018000
8296.734930,1.41583000
8296.744410,1.14758000
8296.753880,1.02148000
8296.763360,0.71752500
8296.772840,-0.50100100
8296.782310,-1.13422000
8296.791790,-0.76676300
8296.801270,-0.89874000
8296.810740,-0.64043600
8296.820220,0.46012400
8296.829700,0.32950400
8296.839180,-0.53535200
8296.848650,-0.54755500
8296.858130,-0.67614200
8296.867610,-1.29693000
8296.877080,-2.01309000
8296.886560,-2.84314000
8296.896040,-2.53986000
8296.905520,-0.90077400
8296.914990,0.41515300
8296.924470,1.12882000
8296.933950,1.51481000
8296.943420,1.49198000
8296.952900,1.33876000
8296.962380,0.63458700
8296.971860,-0.27569200
8296.981330,-0.11976000
8296.990810,0.28340200
8297.000290,0.19730100
8297.009760,0.71865400
8297.019240,1.65108000
8297.028720,2.18147000
8297.038190,2.51255000
8297.047670,2.44678000
8297.057150,1.94306000
8297.066630,1.39345000
8297.076100,0.84001000
8297.085580,0.84430400
8297.095060,1.40905000
8297.104530,1.37447000
8297.114010,0.99006600
8297.123490,1.05515000
8297.132970,0.96181700
8297.142440,0.69944500
8297.151920,0.86758000
8297.161400,1.14216000
8297.170870,1.52294000
8297.180350,2.12000000
8297.189830,2.41673000
8297.199310,2.50983000
8297.208780,2.24950000
8297.218260,1.27549000
8297.227740,0.66125400
8297.237210,0.56995400
8297.246690,0.91323000
8297.256170,4.25401000
8297.265640,9.27365000
8297.275120,9.43184000
8297.284600,4.91141000
8297.294080,2.04972000
8297.303550,1.84453000
8297.313030,1.90758000
8297.322510,2.23322000
8297.331980,2.76271000
8297.341460,2.84091000
8297.350940,2.69243000
8297.360420,2.56769000
8297.369890,2.50712000
8297.379370,2.34509000
8297.388850,2.12701000
8297.398320,2.33198000
8297.407800,2.54238000
8297.417280,2.47955000
8297.426760,2.72000000
8297.436230,2.26441000
8297.445710,0.36995500
8297.455190,-0.95252500
8297.464660,-0.78032200
8297.474140,-0.39636900
8297.483620,-0.01106000
8297.493100,0.62803300
8297.502570,0.81198700
8297.512050,0.24656600
8297.521530,-0.29738600
8297.531000,-0.29625700
8297.540480,-0.54619900
8297.549960,-1.31637000
8297.559430,-1.37264000
8297.568910,-0.87207300
8297.578390,-0.66732800
8297.587870,0.05312050
8297.597340,0.76656400
8297.606820,0.15052100
8297.616300,-0.34710400
8297.625770,0.02170820
8297.635250,0.14057800
8297.644730,0.54351400
8297.654210,1.16317000
8297.663680,0.92746700
8297.673160,1.09538000
8297.682640,2.07413000
8297.692110,2.09673000
8297.701590,1.27481000
8297.711070,0.38487100
8297.720550,-0.58213100
8297.730020,-0.74303400
8297.739500,-0.18326300
8297.748980,0.03775330
8297.758450,0.39820400
8297.767930,1.01538000
8297.777410,1.20814000
8297.786880,1.29605000
8297.796360,0.98893600
8297.805840,0.04837470
8297.815320,-0.18100300
8297.824790,0.04159510
8297.834270,-0.60111400
8297.843750,-0.93376800
8297.853220,-0.13964700
8297.862700,0.25425000
8297.872180,-0.06055130
8297.881660,0.00408115
8297.891130,0.33741300
8297.900610,0.44520900
8297.910090,0.59345700
8297.919560,0.71051900
8297.929040,0.57244000
8297.938520,0.87390800
8297.948000,1.66035000
8297.957470,1.89243000
8297.966950,2.00656000
8297.976430,2.47119000
8297.985900,1.72136000
8297.995380,0.17266800
8298.004860,0.21357200
8298.014330,1.06600000
8298.023810,1.00543000
8298.033290,0.84159200
8298.042770,0.94916200
8298.052240,0.68453000
8298.061720,0.37040700
8298.071200,0.43006800
8298.080670,0.77921900
8298.090150,0.93921800
8298.099630,0.36882500
8298.109110,-0.26891200
8298.118580,-0.25467500
8298.128060,-0.31930700
8298.137540,-0.71682000
8298.147010,-0.53015400
8298.156490,0.43662200
8298.165970,1.44656000
8298.175450,1.93153000
8298.184920,2.04068000
8298.194400,2.23526000
8298.203880,2.23255000
8298.213350,1.48159000
8298.222830,0.48136700
8298.232310,-0.01173800
8298.241780,-0.01444980
8298.251260,0.31187600
8298.260740,0.68204400
8298.270220,0.57244000
8298.279690,0.14939100
8298.289170,-0.16902500
8298.298650,-0.56879800
8298.308120,-1.04405000
8298.317600,-1.34620000
8298.327080,-1.27139000
8298.336560,-0.39772500
8298.346030,0.47888100
8298.355510,-0.12111600
8298.364990,-1.33444000
8298.374460,-1.76201000
8298.383940,-2.00495000
8298.393420,-2.20653000
8298.402900,-1.75772000
8298.412370,-1.02303000
8298.421850,-0.25512700
8298.431330,0.26803500
8298.440800,0.04249910
8298.450280,-0.20563500
8298.459760,0.00430714
8298.469240,0.10487200
8298.478710,0.16950400
8298.488190,0.04408100
8298.497670,-0.54326100
8298.507140,-0.48586000
8298.516620,0.70170500
8298.526100,2.11481000
8298.535570,3.04362000
8298.545050,3.18915000
8298.554530,3.34215000
8298.564010,3.94373000
8298.573480,3.17062000
8298.582960,0.96407700
8298.592440,-0.22574800
8298.601910,-0.38348800
8298.611390,-0.35749900
8298.620870,0.44294900
8298.630350,1.59210000
8298.639820,3.26147000
8298.649300,5.98914000
8298.658780,6.91863000
8298.668250,4.73762000
8298.677730,2.93559000
8298.687210,2.68836000
8298.696690,2.09176000
8298.706160,1.31820000
8298.715640,1.02080000
8298.725120,0.67390900
8298.734590,0.39323200
8298.744070,0.39617000
8298.753550,0.32566200
8298.763020,0.02780990
8298.772500,-0.13444900
8298.781980,0.30509700
8298.791460,0.84701500
8298.800930,0.94102600
8298.810410,1.17086000
8298.819890,1.37605000
8298.829360,1.15345000
8298.838840,1.29764000
8298.848320,1.41379000
8298.857800,0.97085700
8298.867270,1.05086000
8298.876750,1.02555000
8298.886230,0.11097300
8298.895700,-0.28744300
8298.905180,-0.47546500
8298.914660,-0.75840200
8298.924140,0.28837400
8298.933610,1.73153000
8298.943090,4.62350000
8298.952570,11.71660000
8298.962040,16.49060000
8298.971520,11.98980000
8298.981000,4.94982000
8298.990470,2.87797000
8298.999950,3.26328000
8299.009430,3.19593000
8299.018910,3.07774000
8299.028380,2.61899000
8299.037860,1.41786000
8299.047340,-0.26846000
8299.056810,-1.72450000
8299.066290,-2.09535000
8299.075770,-1.79094000
8299.085250,-1.71365000
8299.094720,-1.76608000
8299.104200,-1.69964000
8299.113680,-1.78100000
8299.123150,-2.00834000
8299.132630,-1.87275000
8299.142110,-1.47862000
8299.151590,-1.41060000
8299.161060,-1.09693000
8299.170540,-0.01490180
8299.180020,0.64633800
8299.189490,0.33221500
8299.198970,0.00905288
8299.208450,-0.22620000
8299.217920,-0.77715800
8299.227400,-0.99207300
8299.236880,-0.53783800
8299.246360,-0.15817800
8299.255830,-0.02303740
8299.265310,0.36972900
8299.274790,0.85243900
8299.284260,1.29402000
8299.293740,2.19752000
8299.303220,3.25559000
8299.312700,3.63231000
8299.322170,3.52678000
8299.331650,3.52994000
8299.341130,3.78192000
8299.350600,4.13401000
8299.360080,3.95118000
8299.369560,2.90124000
8299.379040,2.04204000
8299.388510,2.20475000
8299.397990,2.30441000
8299.407470,1.40611000
8299.416940,0.29922100
8299.426420,-0.64450400
8299.435900,-1.65331000
8299.445380,-1.82235000
8299.454850,-0.92337300
8299.464330,-0.10439300
8299.473810,0.44859900
8299.483280,0.92317300
8299.492760,1.08295000
8299.502240,1.16340000
8299.511710,1.45899000
8299.521190,3.02848000
8299.530670,6.29377000
8299.540150,7.86326000
8299.549620,5.75095000
8299.559100,3.30418000
8299.568580,2.28543000
8299.578050,1.38419000
8299.587530,0.84385200
8299.597010,0.70825900
8299.606490,0.28566200
8299.615960,0.44724300
8299.625440,1.38328000
8299.634920,1.93243000
8299.644390,1.77402000
8299.653870,1.29876000
8299.663350,1.00747000
8299.672830,0.74373900
8299.682300,0.00837492
8299.691780,-0.49309200
8299.701260,-0.68698900
8299.710730,-1.38755000
8299.720210,-1.43343000
8299.729690,-0.27885600
8299.739160,0.33289300
8299.748640,0.39910800
8299.758120,0.78328700
8299.767600,0.94193000
8299.777070,1.16860000
8299.786550,1.65741000
8299.796030,1.60995000
8299.805500,1.69605000
8299.814980,2.27051000
8299.824460,2.21537000
8299.833940,1.89628000
8299.843410,2.01130000
8299.852890,2.00159000
8299.862370,1.80091000
8299.871840,1.28453000
8299.881320,0.34080300
8299.890800,0.05696230
8299.900280,0.46035000
8299.909750,0.64814600
8299.919230,1.20069000
8299.928710,2.25944000
8299.938180,2.90102000
8299.947660,3.32113000
8299.957140,3.60746000
8299.966610,3.03232000
8299.976090,1.63707000
8299.985570,-0.28947700
8299.995050,-2.12179000
8300.004520,-2.64901000
8300.014000,-2.36314000
8300.023480,-2.42099000
8300.032950,-2.22732000
8300.042430,-1.69693000
8300.051910,-1.18416000
8300.061390,0.33718700
8300.070860,1.94396000
8300.080340,1.55775000
8300.089820,0.59662100
8300.099290,0.53492600
8300.108770,0.40340200
8300.118250,0.15797900
8300.127730,-0.09241560
8300.137200,0.59232700
8300.146680,4.85400000
8300.156160,9.60901000
8300.165630,8.48133000
8300.175110,4.01921000
8300.184590,2.22147000
8300.194060,1.82351000
8300.203540,0.53040700
8300.213020,-0.16563600
8300.222500,-0.04992990
8300.231970,-0.21377100
8300.241450,-0.23953400
8300.250930,0.22532300
8300.260400,0.55097200
8300.269880,0.52091500
8300.279360,0.73108400
8300.288840,1.68566000
8300.298310,2.83639000
8300.307790,3.05966000
8300.317270,2.26554000
8300.326740,1.42690000
8300.336220,1.16453000
8300.345700,1.30328000
8300.355180,1.34577000
8300.364650,1.07752000
8300.374130,0.74441700
8300.383610,0.66057600
8300.393080,1.11639000
8300.402560,1.75232000
8300.412040,1.47978000
8300.421520,0.54667800
8300.430990,0.22780900
8300.440470,0.46984200
8300.449950,0.49922000
8300.459420,-0.02936500
8300.468900,-0.62484300
8300.478380,-0.36879900
8300.487850,0.18667900
8300.497330,0.44249700
8300.506810,0.79481200
8300.516290,0.41311900
8300.525760,-0.69580300
8300.535240,-1.42461000
8300.544720,-2.26235000
8300.554190,-2.34484000
8300.563670,-0.78280800
8300.573150,0.58713000
8300.582630,1.58509000
8300.592100,2.24317000
8300.601580,1.76724000
8300.611060,1.53040000
8300.620530,1.36204000
8300.630010,2.22757000
8300.639490,6.06191000
8300.648970,7.19614000
8300.658440,3.55819000
8300.667920,1.20792000
8300.677400,0.30170700
8300.686870,0.57131000
8300.696350,2.33108000
8300.705830,2.43096000
8300.715300,5.35276000
8300.724780,8.48698000
8300.734260,5.44428000
8300.743740,15.84970000
8300.753210,38.82830000
8300.762690,34.41730000
8300.772170,8.32292000
8300.781640,-0.24247100
8300.791120,2.35616000
8300.800600,-0.12269800
8300.810080,0.11413700
8300.819550,1.54577000
8300.829030,0.47729900
8300.838510,1.46916000
8300.847980,1.77650000
8300.857460,0.41108500
8300.866940,0.61628200
8300.876420,0.59616900
8300.885890,0.45085900
8300.895370,1.16498000
8300.904850,1.16091000
8300.914320,1.45153000
8300.923800,2.17695000
8300.933280,2.18147000
8300.942750,2.59526000
8300.952230,2.77447000
8300.961710,1.83300000
8300.971190,1.47436000
8300.980660,1.62374000
8300.990140,1.25108000
8300.999620,0.95684500
8301.009090,0.63413500
8301.018570,-0.15117200
8301.028050,-0.35998500
8301.037530,0.52859900
8301.047000,1.16905000
8301.056480,0.96588500
8301.065960,0.88159200
8301.075430,1.01741000
8301.084910,1.48543000
8301.094390,2.70147000
8301.103870,3.08249000
8301.113340,2.13311000
8301.122820,1.69402000
8301.132300,1.81741000
8301.141770,2.13763000
8301.151250,2.66576000
8301.160730,1.86803000
8301.170200,0.13990000
8301.179680,-0.79388200
8301.189160,-1.25693000
8301.198640,-1.17693000
8301.208110,-0.74461600
8301.217590,-0.56495600
8301.227070,0.39481400
8301.236540,1.02735000
8301.246020,0.47865500
8301.255500,1.06826000
8301.264980,1.67390000
8301.274450,1.28249000
8301.283930,1.92407000
8301.293410,1.78667000
8301.302880,1.22509000
8301.312360,2.42848000
8301.321840,3.15480000
8301.331320,9.64992000
8301.340790,24.69320000
8301.350270,28.22430000
8301.359750,13.72630000
8301.369220,2.21560000
8301.378700,0.21063400
8301.388180,-0.78665000
8301.397650,-0.78439000
8301.407130,-0.23343200
8301.416610,-0.79591500
8301.426090,0.01266870
8301.435560,0.74848500
8301.445040,0.13628400
8301.454520,0.30735700
8301.463990,0.37176300
8301.473470,0.09086040
8301.482950,0.80769400
8301.492430,1.50261000
8301.501900,1.88792000
8301.511380,1.95571000
8301.520860,1.11504000
8301.530330,0.58713000
8301.539810,0.39684800
8301.549290,-0.19185000
8301.558770,0.06193400
8301.568240,0.55277900
8301.577720,-0.07546650
8301.587200,-0.30642600
8301.596670,0.36453200
8301.606150,0.70396500
8301.615630,0.94803200
8301.625110,1.36905000
8301.634580,1.40521000
8301.644060,1.02600000
8301.653540,0.43052000
8301.663010,-0.13919500
8301.672490,-0.55523900
8301.681970,-1.02755000
8301.691440,-1.06529000
8301.700920,-0.23704800
8301.710400,0.43142400
8301.719880,0.41741300
8301.729350,0.52091500
8301.738830,0.82938800
8301.748310,1.12159000
8301.757780,1.76227000
8301.767260,2.49899000
8301.776740,2.80791000
8301.786220,2.53492000
8301.795690,1.34193000
8301.805170,-0.25354500
8301.814650,-0.71094400
8301.824120,0.20295000
8301.833600,1.04159000
8301.843080,0.92181700
8301.852560,0.54826000
8301.862030,0.37560500
8301.871510,-0.33874200
8301.880990,-1.40744000
8301.890460,-2.00992000
8301.899940,-2.62958000
8301.909420,-3.19342000
8301.918890,-2.76540000
8301.928370,-1.64066000
8301.937850,-0.30190600
8301.947330,0.80023600
8301.956800,1.20295000
8301.966280,1.88701000
8301.975760,2.44949000
8301.985230,1.20814000
8301.994710,-0.07072080
8302.004190,-0.16631400
8302.013670,-1.24269000
8302.023140,-2.43726000
8302.032620,-1.58800000
8302.042100,-0.38055000
8302.051570,0.05515440
8302.061050,0.62825900
8302.070530,1.27775000
8302.080010,1.91616000
8302.089480,2.33673000
8302.098960,1.99797000
8302.108440,1.47052000
8302.117910,0.82170500
8302.127390,-0.37625600
8302.136870,-1.07953000
8302.146340,-0.72879700
8302.155820,-0.00111657
8302.165300,0.80927600
8302.174780,1.16814000
8302.184250,0.73763700
8302.193730,0.21199000
8302.203210,-0.10891300
8302.212680,-0.12721800
8302.222160,0.21379800
8302.231640,-0.08721790
8302.241120,-0.99229900
8302.250590,-0.95455900
8302.260070,-0.18213300
8302.269550,0.23481500
8302.279020,0.46080200
8302.288500,0.28927800
8302.297980,-0.41331800
8302.307460,-0.58326100
8302.316930,-0.19230200
8302.326410,-0.03704860
8302.335890,0.25244200
8302.345360,0.89311700
8302.354840,1.15097000
8302.364320,0.76882400
8302.373790,0.45244100
8302.383270,1.06826000
8302.392750,2.31051000
8302.402230,3.02170000
8302.411700,3.11797000
8302.421180,3.15932000
8302.430660,3.06780000
8302.440130,2.77153000
8302.449610,2.36904000
8302.459090,1.80046000
8302.468570,1.18103000
8302.478040,0.72611200
8302.487520,0.61605600
8302.497000,0.64656400
8302.506470,0.17809200
8302.515950,-0.47365700
8302.525430,-0.35862900
8302.534910,0.16385400
8302.544380,0.42893800
8302.553860,0.68769400
8302.563340,0.63616900
8302.572810,-0.25490100
8302.582290,-1.19727000
8302.591770,-1.35433000
8302.601250,-0.82303400
8302.610720,-0.02913900
8302.620200,0.15481500
8302.629680,-0.25286700
8302.639150,0.22893900
8302.648630,1.09741000
8302.658110,0.55119700
8302.667580,-0.25625700
8302.677060,-0.01851760
8302.686540,0.01040880
8302.696020,-0.49467400
8302.705490,-1.02077000
8302.714970,-1.47930000
8302.724450,-0.86258200
8302.733920,0.24204600
8302.743400,0.05357250
8302.752880,-0.06100330
8302.762360,0.93560300
8302.771830,1.36521000
8302.781310,1.43187000
8302.790790,1.92249000
8302.800260,1.80046000
8302.809740,1.35210000
8302.819220,1.38690000
8302.828700,1.38012000
8302.838170,1.29266000
8302.847650,0.89944500
8302.857130,-0.39049300
8302.866600,-1.55930000
8302.876080,-1.61603000
8302.885560,-1.10959000
8302.895030,-0.56473000
8302.904510,-0.10235900
8302.913990,0.09605820
8302.923470,-0.03727460
8302.932940,-0.36224500
8302.942420,-0.68902300
8302.951900,-1.11478000
8302.961370,-1.38665000
8302.970850,-0.83297700
8302.980330,-0.08970380
8302.989810,-0.19139800
8302.999280,-0.46100200
8303.008760,-0.29851600
8303.018240,-0.24540900
8303.027710,-0.19795200
8303.037190,0.17990000
8303.046670,0.60407900
8303.056150,1.10351000
8303.065620,1.65922000
8303.075100,1.87323000
8303.084580,1.82848000
8303.094050,1.37922000
8303.103530,-0.01444980
8303.113010,-1.51772000
8303.122480,-1.97715000
8303.131960,-2.07162000
8303.141440,-2.13602000
8303.150920,-1.15049000
8303.160390,0.00995683
8303.169870,-0.21535300
8303.179350,-0.52653800
8303.188820,0.12498500
8303.198300,0.57650800
8303.207780,0.85763700
8303.217260,1.29831000
8303.226730,0.94351200
8303.236210,0.30893900
8303.245690,0.27504000
8303.255160,0.27639600
8303.264640,0.74825900
8303.274120,1.94825000
8303.283600,2.25492000
8303.293070,1.33334000
8303.302550,0.38125500
8303.312030,-0.25309300
8303.321500,-0.71930600
8303.330980,-1.07569000
8303.340460,-1.24518000
8303.349930,-1.06394000
8303.359410,-0.46755500
8303.368890,0.59571700
8303.378370,1.49967000
8303.387840,1.81854000
8303.397320,2.18870000
8303.406800,2.00588000
8303.416270,0.59255300
8303.425750,-0.53015400
8303.435230,-0.85602800
8303.444710,-1.23162000
8303.454180,-1.50168000
8303.463660,-1.30913000
8303.473140,-0.10755700
8303.482610,1.54509000
8303.492090,2.52271000
8303.501570,4.82191000
8303.511050,7.69693000
8303.520520,5.92225000
8303.530000,1.59503000
8303.539480,0.56746900
8303.548950,0.89695900
8303.558430,-0.00089058
8303.567910,-0.23230200
8303.577390,0.47684800
8303.586860,1.05515000
8303.596340,1.24769000
8303.605820,0.96520700
8303.615290,0.61085800
8303.624770,0.19843100
8303.634250,-0.46529500
8303.643720,-0.91071700
8303.653200,-0.76314700
8303.662680,0.14961700
8303.672160,1.25922000
8303.681630,2.06057000
8303.691110,3.36520000
8303.700590,4.66869000
8303.710060,4.63977000
8303.719540,3.87231000
8303.729020,2.64497000
8303.738500,1.02216000
8303.747970,0.45424900
8303.757450,1.01018000
8303.766930,1.50215000
8303.776400,1.45198000
8303.785880,0.78102700
8303.795360,0.21967300
8303.804840,-0.16066400
8303.814310,-1.27094000
8303.823790,-1.96811000
8303.833270,-1.35885000
8303.842740,-1.07230000
8303.852220,-0.99003900
8303.861700,0.44453100
8303.871170,2.05967000
8303.880650,2.14215000
8303.890130,1.68882000
8303.899610,2.06351000
8303.909080,2.38486000
8303.918560,1.78825000
8303.928040,1.37334000
8303.937510,1.31730000
8303.946990,0.21221600
8303.956470,-1.55704000
8303.965950,-2.42506000
8303.975420,-2.15568000
8303.984900,-0.89467200
8303.994380,1.15752000
8304.003850,2.78757000
8304.013330,3.06915000
8304.022810,2.51096000
8304.032290,1.70938000
8304.041760,0.63142300
8304.051240,-0.19411000
8304.060720,0.00543708
8304.070190,0.64701600
8304.079670,0.89469900
8304.089150,1.19662000
8304.098620,1.67187000
8304.108100,1.32023000
8304.117580,0.25199000
8304.127060,0.09854400
8304.136530,1.18442000
8304.146010,1.86441000
8304.155490,1.52294000
8304.164960,1.16927000
8304.174440,1.03707000
8304.183920,0.95549000
8304.193400,1.31956000
8304.202870,1.68927000
8304.212350,1.70125000
8304.221830,2.22599000
8304.231300,2.85537000
8304.240780,2.39051000
8304.250260,1.84340000
8304.259740,2.05063000
8304.269210,1.66532000
8304.278690,0.62193200
8304.288170,0.42532200
8304.297640,0.83503800
8304.307120,0.70193100
8304.316600,0.09538020
8304.326070,-0.60925000
8304.335550,-1.47975000
8304.345030,-2.40404000
8304.354510,-3.02122000
8304.363980,-3.24607000
8304.373460,-3.15161000
8304.382940,-2.74235000
8304.392410,-2.51704000
8304.401890,-2.53647000
8304.411370,-1.70778000
8304.420850,-0.22077700
8304.430320,0.96791900
8304.439800,2.17628000
8304.449280,2.64384000
8304.458750,1.74645000
8304.468230,1.00114000
8304.477710,0.15300700
8304.487190,-1.28021000
8304.496660,-1.98439000
8304.506140,-2.58868000
8304.515620,-2.79365000
8304.525090,-1.53083000
8304.534570,-0.78800600
8304.544050,-0.03546670
8304.553530,0.82984000
8304.563000,0.54396600
8304.572480,7.51411000
8304.581960,21.81910000
8304.591430,23.63250000
8304.600910,10.63030000
8304.610390,1.92678000
8304.619860,0.63074500
8304.629340,-0.37490000
8304.638820,-0.16089000
8304.648300,0.32430600
8304.657770,-0.77376900
8304.667250,-0.77941800
8304.676730,-0.08970380
8304.686200,-0.40676500
8304.695680,-0.38032400
8304.705160,0.00521109
8304.714640,0.23571900
8304.724110,0.92249500
8304.733590,1.08814000
8304.743070,0.99797500
8304.752540,1.89515000
8304.762020,1.59549000
8304.771500,0.37311900
8304.780980,0.65786400
8304.790450,-0.03252890
8304.799930,-1.16134000
8304.809410,-0.20021200
8304.818880,-0.55908000
8304.828360,-1.27682000
8304.837840,-0.45535200
8304.847310,-1.25580000
8304.856790,-0.49964600
8304.866270,1.34916000
8304.875750,0.16769600
8304.885220,1.46215000
8304.894700,2.16791000
8304.904180,-0.37173600
8304.913650,2.46464000
8304.923130,2.89311000
8304.932610,0.24905200
8304.942090,4.52293000
8304.951560,2.49627000
8304.961040,2.98644000
8304.970520,15.33870000
8304.979990,18.86950000
8304.989470,71.44560000
8304.998950,197.64900000
8305.008430,232.26500000
8305.017900,116.81200000
8305.027380,24.29460000
8305.036860,13.90780000
8305.046330,6.41355000
8305.055810,-0.24744300
8305.065290,4.49129000
8305.074760,0.40837300
8305.084240,-0.60405200
8305.093720,2.53537000
8305.103200,-0.56721600
8305.112670,0.02713190
8305.122150,2.01334000
8305.131630,0.62667700
8305.141100,2.04226000
8305.150580,2.47503000
8305.160060,1.09831000
8305.169540,1.70080000
8305.179010,1.25402000
8305.188490,1.63797000
8305.197970,3.80090000
8305.207440,3.34621000
8305.216920,2.35119000
8305.226400,2.56294000
8305.235880,2.28701000
8305.245350,2.39209000
8305.254830,2.34079000
8305.264310,2.67074000
8305.273780,5.46236000
8305.283260,7.53783000
8305.292740,7.11320000
8305.302210,7.35478000
8305.311690,7.75433000
8305.321170,6.67321000
8305.330650,6.40112000
8305.340120,6.95908000
8305.349600,6.11547000
8305.359080,4.59570000
8305.368550,2.84769000
8305.378030,0.49741200
8305.387510,-0.88631100
8305.396990,-1.30665000
8305.406460,-1.53015000
8305.415940,-0.67207400
8305.425420,0.17040800
8305.434890,0.26509700
8305.444370,0.84023600
8305.453850,0.62057600
8305.463330,-0.69196100
8305.472800,-1.23478000
8305.482280,-1.73037000
8305.491760,-2.14574000
8305.501230,-1.27659000
8305.510710,-0.09173770
8305.520190,1.65673000
8305.529660,4.05966000
8305.539140,4.61920000
8305.548620,3.03548000
8305.558100,1.10984000
8305.567570,0.05538040
8305.577050,0.54328800
8305.586530,1.46396000
8305.596000,1.66916000
8305.605480,1.43594000
8305.614960,0.64498200
8305.624440,-0.19411000
8305.633910,-0.43433500
8305.643390,-0.65263900
8305.652870,-0.46891100
8305.662340,0.23052100
8305.671820,0.47662200
8305.681300,1.01199000
8305.690780,2.16837000
8305.700250,2.62147000
8305.709730,2.46554000
8305.719210,2.27639000
8305.728680,2.08272000
8305.738160,2.29447000
8305.747640,2.58780000
8305.757120,2.71390000
8305.766590,3.04633000
8305.776070,2.68045000
8305.785550,1.30645000
8305.795020,0.44340100
8305.804500,0.37198900
8305.813980,0.45989800
8305.823450,0.87752400
8305.832930,1.11730000
8305.842410,0.63842900
8305.851890,0.35458800
8305.861360,0.61696000
8305.870840,0.82690300
8305.880320,1.12543000
8305.889790,1.21379000
8305.899270,0.47029400
8305.908750,0.21289400
8305.918230,1.17221000
8305.927700,1.57198000
8305.937180,1.13153000
8305.946660,1.04679000
8305.956130,0.74848500
8305.965610,0.20227200
8305.975090,0.43345800
8305.984570,0.65967200
8305.994040,0.58893700
8306.003520,1.27707000
8306.013000,1.79187000
8306.022470,1.45470000
8306.031950,1.82916000
8306.041430,2.74825000
8306.050900,3.13288000
8306.060380,4.00203000
8306.069860,5.02440000
8306.079340,4.31231000
8306.088810,2.82396000
8306.098290,2.07323000
8306.107770,1.18396000
8306.117240,0.15119900
8306.126720,0.14645300
8306.136200,0.69921900
8306.145680,0.94803200
8306.155150,1.24317000
8306.164630,1.85741000
8306.174110,2.12339000
8306.183580,1.53470000
8306.193060,0.88159200
8306.202540,0.82306100
8306.212020,0.86102700
8306.221490,1.11187000
8306.230970,1.53470000
8306.240450,0.82803200
8306.249920,-0.42958900
8306.259400,-0.51026700
8306.268880,-0.06348920
8306.278350,0.36543600
8306.287830,1.44950000
8306.297310,2.25966000
8306.306790,1.87187000
8306.316260,1.00046000
8306.325740,0.17786600
8306.335220,-0.33625600
8306.344690,-0.34597400
8306.354170,-0.00676626
8306.363650,0.52023700
8306.373130,0.67436100
8306.382600,0.44475700
8306.392080,0.51616900
8306.401560,0.49492700
8306.411030,0.74712900
8306.420510,2.09628000
8306.429990,2.60294000
8306.439470,1.93673000
8306.448940,2.71661000
8306.458420,3.95344000
8306.467900,3.66169000
8306.477370,3.06576000
8306.486850,2.33673000
8306.496330,1.26803000
8306.505800,0.89063100
8306.515280,0.56950200
8306.524760,0.27594400
8306.534240,0.73967100
8306.543710,0.57357000
8306.553190,0.18916500
8306.562670,1.12182000
8306.572140,1.61085000
8306.581620,0.86147900
8306.591100,0.10193400
8306.600580,-1.02190000
8306.610050,-2.13399000
8306.619530,-2.29896000
8306.629010,-2.20585000
8306.638480,-1.68111000
8306.647960,-0.46168000
8306.657440,0.38125500
8306.666920,0.90599800
8306.676390,1.32362000
8306.685870,1.19413000
8306.695350,1.14216000
8306.704820,1.02012000
8306.714300,0.16204700
8306.723780,-0.11343200
8306.733260,0.72950200
8306.742730,1.52340000
8306.752210,2.17921000
8306.761690,2.34983000
8306.771160,1.26057000
8306.780640,0.24611400
8306.790120,0.47617000
8306.799590,0.97402100
8306.809070,1.11210000
8306.818550,1.31843000
8306.828030,1.83368000
8306.837500,2.12701000
8306.846980,1.27006000
8306.856460,-0.29490100
8306.865930,-1.28427000
8306.875410,-1.64518000
8306.884890,-1.33444000
8306.894370,-0.13038200
8306.903840,0.80995400
8306.913320,0.99707100
8306.922800,1.18170000
8306.932270,0.86373900
8306.941750,-0.28518300
8306.951230,-0.90755300
8306.960710,-0.47320500
8306.970180,0.18464500
8306.979660,0.63933300
8306.989140,1.13944000
8306.998610,2.17650000
8307.008090,3.65695000
8307.017570,4.60361000
8307.027040,4.66666000
8307.036520,4.30214000
8307.046000,3.45898000
8307.055480,2.28633000
8307.064950,1.41221000
8307.074430,0.62893700
8307.083910,-0.09192740
8307.093380,0.00561546
8307.102860,0.60713000
8307.112340,1.08401000
8307.121820,1.59340000
8307.131290,1.70178000
8307.140770,1.18697000
8307.150250,0.59087200
8307.159720,-0.16237500
8307.169200,-0.67176500
8307.178680,-0.36829900
8307.188160,-0.17863200
8307.197630,-0.30868900
8307.207110,0.14109200
8307.216590,0.91601500
8307.226060,1.67468000
8307.235540,2.51463000
8307.245020,3.00235000
8307.254490,2.93190000
8307.263970,2.52005000
8307.273450,2.35206000
8307.282930,3.05654000
8307.292400,3.63638000
8307.301880,2.77475000
8307.311360,1.13820000
8307.320830,0.05980590
8307.330310,-0.15695600
8307.339790,-0.14069900
8307.349270,-0.31410800
8307.358740,-0.18405100
8307.368220,0.28198700
8307.377700,0.48249100
8307.387170,0.86724400
8307.396650,2.04860000
8307.406130,3.25162000
8307.415610,3.38168000
8307.425080,2.85603000
8307.434560,2.58508000
8307.444040,2.10821000
8307.453510,1.73429000
8307.462990,2.87229000
8307.472470,3.91817000
8307.481940,2.94274000
8307.491420,1.78848000
8307.500900,1.49043000
8307.510380,1.07859000
8307.519850,0.98104400
8307.529330,1.20322000
8307.538810,0.99730100
8307.548280,0.73718700
8307.557760,0.79137700
8307.567240,1.31161000
8307.576720,1.78306000
8307.586190,1.07859000
8307.595670,0.11941500
8307.605150,0.07606310
8307.614620,0.16818700
8307.624100,0.61796800
8307.633580,1.76681000
8307.643060,1.96189000
8307.652530,1.07859000
8307.662010,0.67215800
8307.671490,0.49874900
8307.680960,-0.08108930
8307.690440,-0.34662300
8307.699920,-0.38455600
8307.709400,-0.97523200
8307.718870,-1.35457000
8307.728350,-0.71511800
8307.737830,0.10315800
8307.747300,0.59629100
8307.756780,1.12736000
8307.766260,1.66384000
8307.775730,1.98899000
8307.785210,1.51211000
8307.794690,0.23321500
8307.804170,-0.36829900
8307.813640,-0.17863200
8307.823120,-0.20030800
8307.832600,0.20070100
8307.842070,1.00272000
8307.851550,1.38747000
8307.861030,1.86435000
8307.870510,1.91312000
8307.879980,0.80221500
8307.889460,-0.24908000
8307.898940,-1.01317000
8307.908410,-1.28412000
8307.917890,0.27656800
8307.927370,1.70178000
8307.936850,0.69925300
8307.946320,-0.28159400
8307.955800,0.29282500
8307.965280,0.33617700
8307.974750,-0.39539400
8307.984230,-0.62299400
8307.993710,-0.67718400
8308.003180,-0.59589900
8308.012660,0.36327200
8308.022140,1.21948000
8308.031620,0.93227200
8308.041090,0.67215800
8308.050570,0.87808200
8308.060050,0.47707200
8308.069520,0.18986300
8308.079000,0.70467200
8308.088480,0.56377700
8308.097960,0.16818700
8308.107430,1.01898000
8308.116910,1.75055000
8308.126390,1.30619000
8308.135860,0.95394800
8308.145340,0.73176800
8308.154820,-0.01064170
8308.164300,-0.51461300
8308.173770,-0.21114600
8308.183250,0.41746300
8308.192730,1.12194000
8308.202200,1.92938000
8308.211680,2.42251000
8308.221160,2.34122000
8308.230630,2.28703000
8308.240110,2.35206000
8308.249590,2.09195000
8308.259070,2.14614000
8308.268540,2.53631000
8308.278020,2.22742000
8308.287500,1.56088000
8308.296970,0.84556800
8308.306450,-0.37371800
8308.315930,-1.45753000
8308.325410,-2.27580000
8308.334880,-2.85564000
8308.344360,-2.10781000
8308.353840,-1.07277000
8308.363310,-0.91562200
8308.372790,0.08148210
8308.382270,1.18697000
8308.391750,0.52584400
8308.401220,-0.01064170
8308.410700,0.18986300
8308.420180,-0.41707000
8308.429650,-0.60673700
8308.439130,0.36869200
8308.448610,0.98646300
8308.458080,1.15445000
8308.467560,1.60423000
8308.477040,2.12446000
8308.486520,2.25994000
8308.495990,1.98899000
8308.505470,1.99982000
8308.514950,2.12988000
8308.524420,1.83183000
8308.533900,2.06485000
8308.543380,2.63927000
8308.552860,1.88602000
8308.562330,0.69925300
8308.571810,0.34701500
8308.581290,-0.07567020
8308.590760,-0.61757500
8308.600240,-0.63925100
8308.609720,-0.85601300
8308.619200,-1.47378000
8308.628670,-1.89105000
8308.638150,-2.01569000
8308.647630,-1.91815000
8308.657100,-1.54423000
8308.666580,-0.86143200
8308.676060,-0.05941310
8308.685540,0.49333000
8308.695010,0.72634900
8308.704490,0.31450100
8308.713970,-0.78014600
8308.723440,-1.20825000
8308.732920,-0.89394600
8308.742400,-1.25702000
8308.751870,-1.46295000
8308.761350,-0.66634600
8308.770830,-0.40623200
8308.780310,-0.47126100
8308.789780,-0.09192740
8308.799260,-0.74763200
8308.808740,-1.91273000
8308.818210,-1.76099000
8308.827690,-1.05110000
8308.837170,-0.33578400
8308.846650,0.28740600
8308.856120,-0.28159400
8308.865600,-1.37624000
8308.875080,-1.70138000
8308.884550,-1.66345000
8308.894030,-1.54965000
8308.903510,-1.87479000
8308.912990,-2.69849000
8308.922460,-2.53592000
8308.931940,-1.72848000
8308.941420,-1.36540000
8308.950890,-0.56338400
8308.960370,0.20612000
8308.969850,-0.08650830
8308.979320,-0.03773690
8308.988800,1.19239000
8308.998280,2.96441000
8309.007760,4.21079000
8309.017230,3.19743000
8309.026710,0.96478700
8309.036190,0.56919600
8309.045660,1.38205000
8309.055140,1.82641000
8309.064620,2.87229000
8309.074100,4.12409000
8309.083570,4.12951000
8309.093050,3.66889000
8309.102530,3.31665000
8309.112000,2.17865000
8309.121480,0.29824400
8309.130960,-1.17574000
8309.140440,-1.62010000
8309.149910,-1.49004000
8309.159390,-1.19741000
8309.168870,-0.28701300
8309.178340,0.97020600
8309.187820,1.45250000
8309.197300,1.77764000
8309.206770,2.99151000
8309.216250,3.85314000
8309.225730,3.34917000
8309.235210,1.92938000
8309.244680,-0.17863200
8309.254160,-2.02653000
8309.263640,-2.25955000
8309.273110,-1.44669000
8309.282590,-0.54712700
8309.292070,0.16818700
8309.301550,0.26031100
8309.311020,0.14651100
8309.320500,0.45539600
8309.329980,0.73718700
8309.339450,0.73176800
8309.348930,0.31450100
8309.358410,-0.34662300
8309.367890,-0.16779400
8309.377360,0.50416800
8309.386840,0.59629100
8309.396320,0.80763400
8309.405790,1.30619000
8309.415270,1.41457000
8309.424750,1.41999000
8309.434220,1.36580000
8309.443700,1.05149000
8309.453180,0.77512000
8309.462660,0.60713000
8309.472130,0.91059600
8309.481610,1.56630000
8309.491090,1.98357000
8309.500560,2.62843000
8309.510040,2.70972000
8309.519520,1.31702000
8309.529000,0.53668200
8309.538470,0.68299600
8309.547950,1.24658000
8309.557430,5.51679000
8309.566900,11.51570000
8309.576380,11.20680000
8309.585860,5.58723000
8309.595340,2.09195000
8309.604810,1.52295000
8309.614290,1.28993000
8309.623770,1.16529000
8309.633240,0.96478700
8309.642720,0.54752000
8309.652200,0.69925300
8309.661680,1.79932000
8309.671150,3.19743000
8309.680630,3.78269000
8309.690110,3.54425000
8309.699580,3.40878000
8309.709060,3.33291000
8309.718540,2.92106000
8309.728010,1.95105000
8309.737490,0.13025400
8309.746970,-1.21367000
8309.756450,-0.77472700
8309.765920,-0.04315600
8309.775400,0.05980590
8309.784880,0.47707200
8309.794350,0.94852900
8309.803830,1.31702000
8309.813310,2.27620000
8309.822790,2.89397000
8309.832260,2.33581000
8309.841740,1.70720000
8309.851220,1.75055000
8309.860690,1.98357000
8309.870170,2.03776000
8309.879650,2.18407000
8309.889130,2.36290000
8309.898600,1.99982000
8309.908080,1.71803000
8309.917560,1.98899000
8309.927030,1.60423000
8309.936510,0.91601500
8309.945990,1.13820000
8309.955460,1.06775000
8309.964940,0.24405300
8309.974420,-0.33036500
8309.983900,-0.95897500
8309.993370,-1.40876000
8310.002850,-1.26786000
8310.012330,-1.69055000
8310.021800,-2.47089000
8310.031280,-2.25955000
8310.040760,-1.23535000
8310.050240,-0.15153700
8310.059710,0.25489200
8310.069190,-0.15695600
8310.078670,-0.17321300
8310.088140,0.57461500
8310.097620,1.29535000
8310.107100,1.89144000
8310.116580,2.34122000
8310.126050,2.33039000
8310.135530,1.95647000
8310.145010,1.44166000
8310.154480,1.10568000
8310.163960,1.10568000
8310.173440,1.00272000
8310.182910,0.60171100
8310.192390,0.60713000
8310.201870,1.37663000
8310.211350,1.76139000
8310.220820,0.85098700
8310.230300,-0.30868900
8310.239780,-0.47668000
8310.249250,0.42830100
8310.258730,1.81558000
8310.268210,2.45502000
8310.277690,2.15156000
8310.287160,2.14614000
8310.296640,2.10821000
8310.306120,1.20864000
8310.315590,0.67757700
8310.325070,0.79679600
8310.334550,0.56919600
8310.344030,0.31992000
8310.353500,-0.01606070
8310.362980,-0.46584200
8310.372460,0.28198700
8310.381930,1.41999000
8310.391410,1.43082000
8310.400890,1.63133000
8310.410360,2.26536000
8310.419840,2.16781000
8310.429320,2.07569000
8310.438800,2.27620000
8310.448270,2.48212000
8310.457750,3.05654000
8310.467230,3.14324000
8310.476700,3.44671000
8310.486180,5.45718000
8310.495660,6.05327000
8310.505140,3.72850000
8310.514610,2.30871000
8310.524090,2.29787000
8310.533570,1.70178000
8310.543040,1.55546000
8310.552520,2.25994000
8310.562000,2.43335000
8310.571480,1.62049000
8310.580950,0.41204400
8310.590430,0.41746300
8310.599910,1.57714000
8310.609380,1.96189000
8310.618860,2.05401000
8310.628340,2.62843000
8310.637810,2.68262000
8310.647290,2.73681000
8310.656770,3.34375000
8310.666250,3.55509000
8310.675720,3.44671000
8310.685200,3.23537000
8310.694680,2.89939000
8310.704150,2.92648000
8310.713630,2.69346000
8310.723110,1.63133000
8310.732590,0.31992000
8310.742060,-0.25991800
8310.751540,1.11652000
8310.761020,2.95900000
8310.770490,2.89939000
8310.779970,3.49006000
8310.789450,6.06953000
8310.798930,6.43260000
8310.808400,4.09700000
8310.817880,2.66095000
8310.827360,2.45502000
8310.836830,2.48212000
8310.846310,2.24368000
8310.855790,1.07859000
8310.865270,-0.05941310
8310.874740,-0.52003200
8310.884220,-1.09445000
8310.893700,-1.31121000
8310.903170,-0.58506100
8310.912650,0.36869200
8310.922130,1.07317000
8310.931600,1.33328000
8310.941080,1.06233000
8310.950560,0.46623400
8310.960040,-0.33036500
8310.969510,-1.08361000
8310.978990,-1.46836000
8310.988470,-1.13238000
8310.997940,-0.08650830
8311.007420,0.49874900
8311.016900,0.17902500
8311.026380,0.15193000
8311.035850,0.79137700
8311.045330,1.76681000
8311.054810,2.92648000
8311.064280,3.31665000
8311.073760,2.75307000
8311.083240,2.43877000
8311.092720,2.60134000
8311.102190,2.66637000
8311.111670,2.33581000
8311.121150,1.65842000
8311.130620,1.41999000
8311.140100,1.79390000
8311.149580,2.01066000
8311.159050,2.16240000
8311.168530,2.46586000
8311.178010,2.53089000
8311.187490,2.54173000
8311.196960,2.75307000
8311.206440,2.87771000
8311.215920,2.57424000
8311.225390,1.82100000
8311.234870,1.20322000
8311.244350,0.95936800
8311.253830,0.56919600
8311.263300,0.12483400
8311.272780,-0.10818500
8311.282260,-0.50919400
8311.291730,-1.06736000
8311.301210,-1.36540000
8311.310690,-0.96439400
8311.320170,0.03812970
8311.329640,0.41204400
8311.339120,0.18444400
8311.348600,0.88350100
8311.358070,2.15156000
8311.367550,2.76933000
8311.377030,3.27330000
8311.386500,4.28666000
8311.395980,5.07242000
8311.405460,4.50884000
8311.414940,2.70972000
8311.424410,1.39831000
8311.433890,1.39289000
8311.443370,1.68552000
8311.452840,1.64217000
8311.462320,1.32244000
8311.471800,0.59087200
8311.481280,-0.29243200
8311.490750,-0.55254600
8311.500230,0.09773920
8311.509710,0.91601500
8311.519180,1.30619000
8311.528660,1.70178000
8311.538140,2.17865000
8311.547620,2.19491000
8311.557090,2.04318000
8311.566570,2.13530000
8311.576050,1.99441000
8311.585520,1.55546000
8311.595000,1.50127000
8311.604480,1.53379000
8311.613950,1.04607000
8311.623430,1.09484000
8311.632910,2.08653000
8311.642390,2.27078000
8311.651860,1.47418000
8311.661340,0.80221500
8311.670820,-0.10276500
8311.680290,-0.73679400
8311.689770,-0.15695600
8311.699250,0.56919600
8311.708730,1.30077000
8311.718200,2.50921000
8311.727680,2.79642000
8311.737160,2.11904000
8311.746630,1.94021000
8311.756110,1.96731000
8311.765590,1.38205000
8311.775070,0.47165300
8311.784540,0.02729160
8311.794020,0.44455800
8311.803500,1.06775000
8311.812970,1.66926000
8311.822450,2.41167000
8311.831930,2.53631000
8311.841410,2.12446000
8311.850880,1.59340000
8311.860360,0.44997700
8311.869840,-0.27617500
8311.879310,0.16818700
8311.888790,0.29824400
8311.898270,0.04354880
8311.907740,0.07606310
8311.917220,-0.32494600
8311.926700,-0.63925100
8311.936180,-0.50919400
8311.945650,-1.13780000
8311.955130,-1.97776000
8311.964610,-2.22161000
8311.974080,-2.76894000
8311.983560,-3.35419000
8311.993040,-3.13743000
8312.002520,-2.45463000
8312.011990,-1.38166000
8312.021470,-0.11902300
8312.030950,0.93227200
8312.040420,2.09737000
8312.049900,2.68804000
8312.059380,1.69636000
8312.068860,0.41204400
8312.078330,0.15193000
8312.087810,0.13025400
8312.097290,-0.12444200
8312.106760,-0.03231790
8312.116240,0.26573000
8312.125720,0.21153900
8312.135190,0.11941500
8312.144670,0.50416800
8312.154150,1.09484000
8312.163630,1.05691000
8312.173100,-0.25449900
8312.182580,-1.91273000
8312.192060,-1.96150000
8312.201530,-0.70969900
8312.211010,0.04896780
8312.220490,0.49874900
8312.229970,1.19239000
8312.239440,1.63675000
8312.248920,2.20575000
8312.258400,3.09447000
8312.267870,4.02113000
8312.277350,6.34048000
8312.286830,11.15800000
8312.296310,18.14320000
8312.305780,27.05750000
8312.315260,35.03970000
8312.324740,36.56250000
8312.334210,30.59610000
8312.343690,21.81730000
8312.353170,13.94340000
8312.362640,7.71692000
8312.372120,4.06448000
8312.381600,3.33833000
8312.391080,3.14324000
8312.400550,2.02692000
8312.410030,1.41999000
8312.419510,1.12736000
8312.428980,0.12483400
8312.438460,-0.33578400
8312.447940,-0.43874600
8312.457420,-0.93729900
8312.466890,-0.16779400
8312.476370,1.30619000
8312.485850,1.96189000
8312.495320,3.21369000
8312.504800,4.81773000
8312.514280,6.51931000
8312.523760,11.71080000
8312.533230,24.03910000
8312.542710,54.09850000
8312.552190,125.74900000
8312.561660,266.65000000
8312.571140,488.03900000
8312.580620,739.89500000
8312.590090,894.09900000
8312.599570,845.78900000
8312.609050,629.84000000
8312.618530,378.32500000
8312.628000,189.93800000
8312.637480,83.60520000
8312.646960,35.12650000
8312.656430,15.28190000
8312.665910,6.78484000
8312.675390,3.59302000
8312.684870,2.68262000
8312.694340,2.51463000
8312.703820,3.08905000
8312.713300,3.22453000
8312.722770,2.48212000
8312.732250,1.83725000
8312.741730,1.03523000
8312.751210,0.62338700
8312.760680,1.45250000
8312.770160,1.64759000
8312.779640,1.07859000
8312.789110,1.53921000
8312.798590,1.46876000
8312.808070,0.24405300
8312.817550,-0.10276500
8312.827020,-0.54170800
8312.836500,-1.88563000
8312.845980,-2.44379000
8312.855450,-2.39502000
8312.864930,-1.89647000
8312.874410,-0.41707000
8312.883880,0.68841500
8312.893360,1.40373000
8312.902840,2.52547000
8312.912320,2.62843000
8312.921790,1.98899000
8312.931270,2.13530000
8312.940750,1.86435000
8312.950220,0.35243400
8312.959700,-0.97523200
8312.969180,-1.20825000
8312.978660,-0.82349900
8312.988130,-0.70428000
8312.997610,-0.68260300
8313.007090,-0.37913700
8313.016560,-0.55796500
8313.026040,-0.86685100
8313.035520,-0.55254600
8313.045000,-0.44958400
8313.054470,0.44997700
8313.063950,3.01319000
8313.073430,3.82062000
8313.082900,1.95105000
8313.092380,0.91601500
8313.101860,1.04065000
8313.111330,0.93227200
8313.120810,1.13278000
8313.130290,0.95394800
8313.139770,-0.07567020
8313.149240,-0.25449900
8313.158720,0.18986300
8313.168200,-0.28159400
8313.177670,-0.82891800
8313.187150,-0.43332700
8313.196630,0.14651100
8313.206110,0.21153900
8313.215580,-0.04857500
8313.225060,-0.17321300
8313.234540,0.16818700
8313.244010,0.80763400
8313.253490,1.24658000
8313.262970,1.23574000
8313.272450,0.84556800
8313.281920,0.46623400
8313.291400,0.29824400
8313.300880,0.04354880
8313.310350,-0.12444200
8313.319830,0.23863400
8313.329310,0.58003400
8313.338780,0.69925300
8313.348260,1.33328000
8313.357740,2.25994000
8313.367220,3.04028000
8313.376690,3.98861000
8313.386170,4.31376000
8313.395650,3.15950000
8313.405120,1.77222000
8313.414600,1.28451000
8313.424080,1.19781000
8313.433560,1.02440000
8313.443030,0.79137700
8313.452510,0.76970100
8313.461990,1.36580000
8313.471460,2.21659000
8313.480940,2.35748000
8313.490420,2.04318000
8313.499900,2.01608000
8313.509370,1.68552000
8313.518850,0.92143400
8313.528330,0.67757700
8313.537800,0.53126300
8313.547280,0.07064400
8313.556760,0.11399600
8313.566230,0.10315800
8313.575710,-0.24366100
8313.585190,0.36327200
8313.594670,0.73718700
8313.604140,-0.61215600
8313.613620,-1.57675000
8313.623100,-1.04568000
8313.632570,-0.28701300
8313.642050,0.75886300
8313.651530,1.85351000
8313.661010,1.77764000
8313.670480,1.15987000
8313.679960,0.94852900
8313.689440,0.69383400
8313.698910,0.31992000
8313.708390,0.26031100
8313.717870,0.91059600
8313.727350,2.16781000
8313.736820,2.74765000
8313.746300,2.03776000
8313.755780,1.36580000
8313.765250,1.31702000
8313.774730,1.30619000
8313.784210,1.33870000
8313.793690,1.28451000
8313.803160,0.67215800
8313.812640,-0.35204200
8313.822120,-1.54423000
8313.831590,-2.53592000
8313.841070,-2.81771000
8313.850550,-2.48173000
8313.860020,-1.62010000
8313.869500,-0.36288000
8313.878980,0.34159600
8313.888460,0.25489200
8313.897930,0.15193000
8313.907410,0.20612000
8313.916890,0.14651100
8313.926360,-0.08650830
8313.935840,-0.05941310
8313.945320,0.56919600
8313.954800,0.85098700
8313.964270,0.47165300
8313.973750,0.62338700
8313.983230,0.69383400
8313.992700,-0.41707000
8314.002180,-1.32205000
8314.011660,-1.40334000
8314.021140,-1.66345000
8314.030610,-1.57133000
8314.040090,-0.39539400
8314.049570,0.89975800
8314.059040,1.37121000
8314.068520,1.15445000
8314.078000,0.98104400
8314.087470,1.23032000
8314.096950,1.40915000
8314.106430,1.55546000
8314.115910,2.42251000
8314.125380,3.56051000
8314.134860,3.83146000
8314.144340,3.20285000
8314.153810,2.24368000
8314.163290,0.93769100
8314.172770,-0.68260300
8314.182250,-1.61468000
8314.191720,-1.01317000
8314.201200,0.10315800
8314.210680,0.35785300
8314.220150,0.35243400
8314.229630,0.59629100
8314.239110,0.30908200
8314.248590,-0.21656500
8314.258060,-0.28159400
8314.267540,-0.41165100
8314.277020,-0.47126100
8314.286490,-0.04857500
8314.295970,0.20612000
8314.305450,0.31992000
8314.314920,0.64506300
8314.324400,0.77512000
8314.333880,0.99730100
8314.343360,1.62049000
8314.352830,1.98899000
8314.362310,1.89144000
8314.371790,1.59340000
8314.381260,1.23574000
8314.390740,1.25742000
8314.400220,1.78848000
8314.409700,2.02150000
8314.419170,1.12194000
8314.428650,-0.23282300
8314.438130,-0.72595600
8314.447600,-0.76930800
8314.457080,-0.99690800
8314.466560,-0.68260300
8314.476040,-0.18947000
8314.485510,-0.18405100
8314.494990,0.30366300
8314.504470,1.40915000
8314.513940,2.39541000
8314.523420,3.25704000
8314.532900,3.44671000
8314.542370,2.84520000
8314.551850,2.50380000
8314.561330,2.48212000
8314.570810,2.42793000
8314.580280,2.53089000
8314.589760,2.45502000
8314.599240,2.08653000
8314.608710,1.90228000
8314.618190,2.19491000
8314.627670,2.92106000
8314.637150,3.47380000
8314.646620,3.51716000
8314.656100,3.40336000
8314.665580,3.05112000
8314.675050,2.72598000
8314.684530,2.99693000
8314.694010,2.98067000
8314.703490,2.07569000
8314.712960,1.24116000
8314.722440,0.84014900
8314.731920,0.84014900
8314.741390,1.31161000
8314.750870,1.38747000
8314.760350,0.76970100
8314.769830,0.50958700
8314.779300,0.84014900
8314.788780,0.94311000
8314.798260,0.66132000
8314.807730,0.68299600
8314.817210,1.15987000
8314.826690,1.62049000
8314.836160,2.17323000
8314.845640,2.79642000
8314.855120,2.55257000
8314.864600,1.38205000
8314.874070,0.28198700
8314.883550,-0.41165100
8314.893030,-0.66634600
8314.902500,-0.34120300
8314.911980,0.24405300
8314.921460,0.77512000
8314.930940,1.09484000
8314.940410,1.08401000
8314.949890,0.87266300
8314.959370,0.35243400
8314.968840,-0.44958400
8314.978320,-1.04026000
8314.987800,-1.64719000
8314.997280,-2.32457000
8315.006750,-1.82060000
8315.016230,-0.37371800
8315.025710,0.19528200
8315.035180,0.13025400
8315.044660,0.77512000
8315.054140,1.69094000
8315.063610,1.94563000
8315.073090,2.04318000
8315.082570,2.69888000
8315.092050,3.28956000
8315.101520,3.03486000
8315.111000,2.73140000
8315.120480,2.73681000
8315.129950,1.69636000
8315.139430,-0.18947000
8315.148910,-1.21367000
8315.158390,-1.53339000
8315.167860,-1.70138000
8315.177340,-0.98065100
8315.186820,0.49333000
8315.196290,1.95105000
8315.205770,3.14324000
8315.215250,3.54967000
8315.224730,3.04028000
8315.234200,2.11904000
8315.243680,0.63964400
8315.253160,-1.13780000
8315.262630,-1.92356000
8315.272110,-1.48462000
8315.281590,-0.47126100
8315.291060,0.88350100
8315.300540,2.02150000
8315.310020,2.28703000
8315.319500,2.09195000
8315.328970,2.06485000
8315.338450,2.31413000
8315.347930,2.91022000
8315.357400,3.38710000
8315.366880,2.98067000
8315.376360,1.96189000
8315.385840,0.98646300
8315.395310,0.13025400
8315.404790,-0.42248900
8315.414270,-0.44958400
8315.423740,-0.12986100
8315.433220,0.63964400
8315.442700,1.63133000
8315.452180,2.01608000
8315.461650,1.87519000
8315.471130,1.60965000
8315.480610,1.25200000
8315.490080,1.16529000
8315.499560,1.18697000
8315.509040,0.95936800
8315.518510,1.24116000
8315.527990,1.72887000
8315.537470,1.04607000
8315.546950,0.02187260
8315.556420,-0.14611800
8315.565900,-0.14611800
8315.575380,-0.22198400
8315.584850,-0.31410800
8315.594330,-0.95355600
8315.603810,-1.70680000
8315.613290,-2.06446000
8315.622760,-2.51966000
8315.632240,-3.30000000
8315.641720,-4.32420000
8315.651190,-5.28879000
8315.660670,-5.27795000
8315.670150,-4.16163000
8315.679630,-2.68223000
8315.689100,-1.34373000
8315.698580,-0.66634600
8315.708060,-0.60131800
8315.717530,-0.44958400
8315.727010,-0.30868900
8315.736490,-0.21114600
8315.745960,0.36327200
8315.755440,0.91059600
8315.764920,1.09484000
8315.774400,1.61507000
8315.783870,2.14072000
8315.793350,1.82641000
8315.802830,1.14903000
8315.812300,0.68841500
8315.821780,0.21695800
8315.831260,-0.19488900
8315.840740,-0.24366100
8315.850210,-0.22740400
8315.859690,-0.32494600
8315.869170,-0.12986100
8315.878640,0.23863400
8315.888120,0.42288200
8315.897600,0.67757700
8315.907080,0.86724400
8315.916550,0.81305300
8315.926030,0.73718700
8315.935510,0.15734900
8315.944980,-0.47126100
8315.954460,0.04354880
8315.963940,0.46081500
8315.973420,-0.17321300
8315.982890,-0.31410800
8315.992370,-0.02689880
8316.001850,-0.41165100
8316.011320,-0.86685100
8316.020800,-1.20825000
8316.030280,-1.75016000
8316.039750,-1.66887000
8316.049230,-0.66092700
8316.058710,0.28198700
8316.068190,0.53668200
8316.077660,0.59629100
8316.087140,0.52584400
8316.096620,-0.01606070
8316.106090,0.55835800
8316.115570,2.61760000
8316.125050,2.82352000
8316.134530,1.06775000
8316.144000,0.78053900
8316.153480,1.34954000
8316.162960,0.97020600
8316.172430,0.65048200
8316.181910,0.35243400
8316.191390,-0.16237500
8316.200870,-0.13528000
8316.210340,-0.35204200
8316.219820,-0.88852700
8316.229300,-0.88852700
8316.238770,-1.33289000
8316.248250,-2.02653000
8316.257730,-1.69055000
8316.267200,-1.43585000
8316.276680,-1.58758000
8316.286160,-1.07277000
8316.295640,-0.75305100
8316.305110,-1.07819000
8316.314590,-1.02400000
8316.324070,-0.52003200
8316.333540,0.29824400
8316.343020,1.43082000
8316.352500,1.89686000
8316.361980,1.20864000
8316.371450,0.27656800
8316.380930,0.13567300
8316.390410,0.63422500
8316.399880,0.74260600
8316.409360,0.25489200
8316.418840,-0.34662300
8316.428320,-0.89394600
8316.437790,-0.69344100
8316.447270,0.37953000
8316.456750,0.92143400
8316.466220,0.74260600
8316.475700,0.68299600
8316.485180,0.21153900
8316.494650,-0.69344100
8316.504130,-1.09987000
8316.513610,-1.35998000
8316.523090,-1.60384000
8316.532560,-1.24077000
8316.542040,-0.73137500
8316.551520,-0.10818500
8316.560990,1.17613000
8316.570470,1.90770000
8316.579950,0.96478700
8316.589430,-0.49293700
8316.598900,-0.95897500
8316.608380,-0.20572700
8316.617860,0.61796800
8316.627330,0.63964400
8316.636810,0.52042500
8316.646290,0.42288200
8316.655770,-0.18405100
8316.665240,-0.77472700
8316.674720,-0.98607000
8316.684200,-1.04026000
8316.693670,-0.87768900
8316.703150,-0.65550800
8316.712630,-0.05399400
8316.722100,1.04607000
8316.731580,1.25200000
8316.741060,0.89975800
8316.750540,1.59881000
8316.760010,2.41167000
8316.769490,2.71514000
8316.778970,3.44671000
8316.788440,3.58219000
8316.797920,2.55799000
8316.807400,1.78306000
8316.816880,1.20322000
8316.826350,0.44455800
8316.835830,0.05438690
8316.845310,-0.45500300
8316.854780,-1.03484000
8316.864260,-0.59589900
8316.873740,0.33075800
8316.883220,0.87808200
8316.892690,1.52295000
8316.902170,1.76681000
8316.911650,0.77512000
8316.921120,0.20612000
8316.930600,0.64506300
8316.940080,-0.31410800
8316.949560,-2.26496000
8316.959030,-2.55759000
8316.968510,-1.68513000
8316.977990,-0.31952700
8316.987460,1.45250000
8316.996940,2.06485000
8317.006420,1.99441000
8317.015890,1.85893000
8317.025370,0.71551000
8317.034850,-0.20572700
8317.044330,-0.72595600
8317.053800,-1.14322000
8317.063280,-0.13528000
8317.072760,0.16818700
8317.082230,0.66132000
8317.091710,3.49006000
8317.101190,3.40878000
8317.110670,8.78989000
8317.120140,30.70990000
8317.129620,43.05450000
8317.139100,25.45890000
8317.148570,5.81483000
8317.158050,2.83436000
8317.167530,2.60676000
8317.177010,1.13278000
8317.186480,2.55799000
8317.195960,3.27872000
8317.205440,2.98067000
8317.214910,2.96441000
8317.224390,2.12988000
8317.233870,1.50127000
8317.243340,0.96478700
8317.252820,0.25489200
8317.262300,0.95936800
8317.271780,1.90770000
8317.281250,2.31413000
8317.290730,3.38168000
8317.300210,3.64180000
8317.309680,3.16492000
8317.319160,4.25957000
8317.328640,5.08868000
8317.338120,4.26499000
8317.347590,3.59302000
8317.357070,2.51463000
8317.366550,0.48249100
8317.376020,-0.94271800
8317.385500,-1.64177000
8317.394980,-1.92356000
8317.404460,-1.67971000
8317.413930,-1.27328000
8317.423410,-0.79640300
8317.432890,-0.10818500
8317.442360,1.09484000
8317.451840,2.01608000
8317.461320,1.78306000
8317.470790,1.77222000
8317.480270,2.01608000
8317.489750,1.66384000
8317.499230,1.95647000
8317.508700,2.36832000
8317.518180,1.91854000
8317.527660,1.63133000
8317.537130,1.13820000
8317.546610,0.25489200
8317.556090,-0.25449900
8317.565570,-0.38455600
8317.575040,-0.04857500
8317.584520,-0.06483210
8317.594000,-0.29243200
8317.603470,0.01103450
8317.612950,-0.56880300
8317.622430,-1.36540000
8317.631910,-1.31121000
8317.641380,-1.41959000
8317.650860,-0.70969900
8317.660340,0.67757700
8317.669810,1.60423000
8317.679290,2.86145000
8317.688770,3.47922000
8317.698240,2.81268000
8317.707720,2.03234000
8317.717200,1.42541000
8317.726680,0.14651100
8317.736150,-2.18910000
8317.745630,-2.72558000
8317.755110,-2.37335000
8317.764580,-2.82313000
8317.774060,-0.06483210
8317.783540,0.91601500
8317.793020,-0.30327000
8317.802490,4.03197000
8317.811970,3.35459000
8317.821450,0.63422500
8317.830920,5.39215000
8317.840400,1.46876000
8317.849880,-0.03231790
8317.859360,6.16707000
8317.868830,-2.07530000
8317.878310,-0.67718400
8317.887790,5.44634000
8317.897260,-7.34803000
8317.906740,0.05980590
8317.916220,3.94526000
8317.925700,-11.60740000
8317.935170,5.85277000
8317.944650,4.53052000
8317.954130,-11.47190000
8317.963600,14.45820000
8317.973080,-1.23535000
8317.982560,-11.29850000
8317.992030,26.22300000
8318.001510,-8.54564000
8318.010990,1.70720000
8318.020470,51.41070000
8318.029940,-1.74474000
8318.039420,82.91700000
8318.048900,181.65200000
8318.058370,331.72200000
8318.067850,1498.12000000
8318.077330,2919.85000000
8318.086810,2453.65000000
8318.096280,856.77800000
8318.105760,201.34500000
8318.115240,171.09600000
8318.124710,29.13840000
8318.134190,28.20090000
8318.143670,50.42980000
8318.153150,-11.48280000
8318.162620,18.50080000
8318.172100,18.34370000
8318.181580,-13.23850000
8318.191050,16.63670000
8318.200530,4.86650000
8318.210010,-9.24470000
8318.219480,12.96260000
8318.228960,-2.17826000
8318.238440,-4.68186000
8318.247920,9.23425000
8318.257390,-4.45426000
8318.266870,-0.81266000
8318.276350,5.79316000
8318.285820,-3.22414000
8318.295300,3.63096000
8318.304780,4.30292000
8318.314260,-1.70138000
8318.323730,4.12409000
8318.333210,1.67468000
8318.342690,-1.06194000
8318.352160,1.89686000
8318.361640,-0.90478400
8318.371120,1.41999000
8318.380600,3.21911000
8318.390070,0.48791100
8318.399550,2.81810000
8318.409030,1.10026000
8318.418500,0.43913900
8318.427980,2.93190000
8318.437460,-1.86937000
8318.446930,0.33075800
8318.456410,2.17323000
8318.465890,-3.64682000
8318.475370,4.60097000
8318.484840,5.22416000
8318.494320,1.95647000
8318.503800,23.50800000
8318.513270,29.39850000
8318.522750,99.43430000
8318.532230,328.62700000
8318.541710,452.55000000
8318.551180,274.07900000
8318.560660,72.70210000
8318.570140,33.48990000
8318.579610,21.56260000
8318.589090,1.66384000
8318.598570,8.58397000
8318.608050,3.78811000
8318.617520,-2.16742000
8318.627000,3.66889000
8318.636480,-0.96439400
8318.645950,-1.43585000
8318.655430,3.24079000
8318.664910,-0.49835600
8318.674380,0.29824400
8318.683860,2.14072000
8318.693340,-1.24618000
8318.702820,-0.24908000
8318.712290,0.28740600
8318.721770,-1.60926000
8318.731250,-0.94813700
8318.740720,-1.54423000
8318.750200,-1.55507000
8318.759680,0.18986300
8318.769160,-0.44416500
8318.778630,-0.83975600
8318.788110,-0.43874600
8318.797590,-1.06736000
8318.807060,-1.19741000
8318.816540,-1.70680000
8318.826020,-2.11323000
8318.835500,-0.98065100
8318.844970,-0.58506100
8318.854450,-0.71511800
8318.863930,0.39578700
8318.873400,1.51211000
8318.882880,2.12446000
8318.892360,2.53089000
8318.901840,1.50127000
8318.911310,-1.00775000
8318.920790,-2.75810000
8318.930270,-3.12659000
8318.939740,-3.29458000
8318.949220,-3.00737000
8318.958700,-2.18910000
8318.968170,-1.68513000
8318.977650,-1.34373000
8318.987130,-1.26786000
8318.996610,-1.23535000
8319.006080,-0.53087000
8319.015560,0.02187260
8319.025040,0.27114900
8319.034510,0.94311000
8319.043990,1.64759000
8319.053470,2.23284000
8319.062950,2.48754000
8319.072420,2.12988000
8319.081900,1.52837000
8319.091380,0.44455800
8319.100850,-0.60131800
8319.110330,-1.01317000
8319.119810,-1.90189000
8319.129290,-2.70391000
8319.138760,-2.36251000
8319.148240,-2.36793000
8319.157720,-2.70933000
8319.167190,-2.17284000
8319.176670,-1.71764000
8319.186150,-1.78809000
8319.195620,-1.36540000
8319.205100,-0.24366100
8319.214580,0.74802500
8319.224060,0.57461500
8319.233530,-0.41165100
8319.243010,-0.66092700
8319.252490,-0.42248900
8319.261960,-0.67718400
8319.271440,-0.41165100
8319.280920,0.62338700
8319.290400,0.89975800
8319.299870,1.06233000
8319.309350,2.12988000
8319.318830,2.52547000
8319.328300,2.08111000
8319.337780,2.10279000
8319.347260,1.67468000
8319.356740,0.55835800
8319.366210,0.05980590
8319.375690,-0.03231790
8319.385170,-0.15153700
8319.394640,-0.03773690
8319.404120,0.16276800
8319.413600,0.50958700
8319.423070,0.59087200
8319.432550,0.07064400
8319.442030,0.32533900
8319.451510,1.42541000
8319.460980,1.65842000
8319.470460,1.22490000
8319.479940,1.01898000
8319.489410,0.47707200
8319.498890,-0.33578400
8319.508370,-0.88310800
8319.517850,-1.28954000
8319.527320,-0.78556500
8319.536800,0.98646300
8319.546280,1.95105000
8319.555750,1.13278000
8319.565230,0.43372000
8319.574710,0.75344400
8319.584190,1.48501000
8319.593660,2.17323000
8319.603140,2.17865000
8319.612620,1.71261000
8319.622090,1.39831000
8319.631570,0.71551000
8319.641050,0.13567300
8319.650520,0.74802500
8319.660000,1.48501000
8319.669480,1.32244000
8319.678960,1.14903000
8319.688430,1.51753000
8319.697910,1.68552000
8319.707390,1.57172000
8319.716860,1.76139000
8319.726340,1.28993000
8319.735820,0.10315800
8319.745300,-0.20030800
8319.754770,-0.66634600
8319.764250,-1.27328000
8319.773730,-0.53628900
8319.783200,-0.55254600
8319.792680,-0.37371800
8319.802160,1.53921000
8319.811640,1.48501000
8319.821110,1.81558000
8319.830590,3.95610000
8319.840070,2.68262000
8319.849540,1.81016000
8319.859020,2.41167000
8319.868500,0.26573000
8319.877970,1.30619000
8319.887450,2.50921000
8319.896930,-0.21114600
8319.906410,1.71803000
8319.915880,1.34412000
8319.925360,-1.89647000
8319.934840,2.30329000
8319.944310,0.32533900
8319.953790,0.52042500
8319.963270,12.78910000
8319.972750,17.35200000
8319.982220,76.03480000
8319.991700,215.22300000
8320.001180,258.43500000
8320.010650,136.50600000
8320.020130,31.36020000
8320.029610,15.21690000
8320.039090,7.44055000
8320.048560,0.26573000
8320.058040,4.53594000
8320.067520,1.20322000
8320.076990,0.68841500
8320.086470,3.28956000
8320.095950,-0.35746100
8320.105430,-0.70969900
8320.114900,-0.37371800
8320.124380,-1.85854000
8320.133860,0.87266300
8320.143330,1.74513000
8320.152810,0.79137700
8320.162290,2.43877000
8320.171760,1.96731000
8320.181240,0.55835800
8320.190720,0.47707200
8320.200200,-0.16237500
8320.209670,-0.01064170
8320.219150,-0.01606070
8320.228630,-0.19488900
8320.238100,0.67215800
8320.247580,0.22779600
8320.257060,0.80763400
8320.266540,2.67179000
8320.276010,2.08653000
8320.285490,2.80726000
8320.294970,4.13493000
8320.304440,7.12082000
8320.313920,24.15290000
8320.323400,41.22290000
8320.332880,31.04050000
8320.342350,9.71655000
8320.351830,3.10531000
8320.361310,2.68804000
8320.370780,0.50416800
8320.380260,1.51753000
8320.389740,2.40625000
8320.399210,1.27909000
8320.408690,1.95105000
8320.418170,2.81268000
8320.427650,1.89144000
8320.437120,0.51500600
8320.446600,-0.74763200
8320.456080,-1.56049000
8320.465550,-2.24329000
8320.475030,-3.19704000
8320.484510,-3.41922000
8320.493990,-3.22956000
8320.503460,-3.37587000
8320.512940,-2.97486000
8320.522420,-1.88021000
8320.531890,-0.78014600
8320.541370,0.22779600
8320.550850,1.18697000
8320.560330,1.88061000
8320.569800,1.71803000
8320.579280,0.89433900
8320.588760,0.51500600
8320.598230,0.42288200
8320.607710,0.24405300
8320.617190,0.65590100
8320.626660,1.49043000
8320.636140,2.03234000
8320.645620,2.18407000
8320.655100,1.91312000
8320.664570,1.33870000
8320.674050,0.37953000
8320.683530,-0.57422200
8320.693000,-0.10818500
8320.702480,1.25742000
8320.711960,1.84267000
8320.721440,2.65553000
8320.730910,4.39504000
8320.740390,5.21332000
8320.749870,4.43840000
8320.759340,2.75307000
8320.768820,1.10026000
8320.778300,0.88892000
8320.787780,1.61507000
8320.797250,1.73429000
8320.806730,1.71261000
8320.816210,1.51211000
8320.825680,0.23321500
8320.835160,-1.04026000
8320.844640,-1.60926000
8320.854110,-2.25955000
8320.863590,-2.55217000
8320.873070,-2.22703000
8320.882550,-2.11865000
8320.892020,-2.05904000
8320.901500,-1.62010000
8320.910980,-0.83975600
8320.920450,0.25489200
8320.929930,0.82931000
8320.939410,0.70467200
8320.948890,0.97020600
8320.958360,1.38205000
8320.967840,1.64759000
8320.977320,2.69346000
8320.986790,3.60928000
8320.996270,3.06738000
8321.005750,2.18407000
8321.015230,1.43624000
8321.024700,0.42830100
8321.034180,0.16276800
8321.043660,0.40662500
8321.053130,-0.07567020
8321.062610,-0.18947000
8321.072090,0.76970100
8321.081570,1.58256000
8321.091040,2.27078000
8321.100520,3.07280000
8321.110000,3.22453000
8321.119470,3.17576000
8321.128950,3.42503000
8321.138430,3.37084000
8321.147900,3.34375000
8321.157380,3.47922000
8321.166860,2.99693000
8321.176340,2.50380000
8321.185810,2.52547000
8321.195290,1.91854000
8321.204770,0.52042500
8321.214240,-0.63925100
8321.223720,-1.07277000
8321.233200,-0.68802200
8321.242680,-0.00522263
8321.252150,0.28198700
8321.261630,0.39036800
8321.271110,0.39036800
8321.280580,0.09232020
8321.290060,-0.01606070
8321.299540,0.42830100
8321.309020,1.01898000
8321.318490,0.95936800
8321.327970,0.14109200
8321.337450,-0.02689880
8321.346920,0.76970100
8321.356400,1.12736000
8321.365880,1.38205000
8321.375350,2.12446000
8321.384830,2.20033000
8321.394310,1.86977000
8321.403790,1.98899000
8321.413260,1.63675000
8321.422740,0.74802500
8321.432220,0.00019642
8321.441690,-0.76930800
8321.451170,-1.00775000
8321.460650,-0.54170800
8321.470130,-0.46584200
8321.479600,-0.34120300
8321.489080,0.65048200
8321.498560,1.30077000
8321.508030,0.89433900
8321.517510,0.69383400
8321.526990,1.13820000
8321.536470,0.76970100
8321.545940,-0.70969900
8321.555420,-1.58217000
8321.564900,-1.33289000
8321.574370,-0.82349900
8321.583850,-0.18405100
8321.593330,0.35243400
8321.602800,0.61254900
8321.612280,1.26283000
8321.621760,1.97815000
8321.631240,2.02150000
8321.640710,1.64217000
8321.650190,0.89975800
8321.659670,-0.10818500
8321.669140,-0.77472700
8321.678620,-0.92646000
8321.688100,-0.73679400
8321.697580,-0.57964100
8321.707050,-0.51461300
8321.716530,0.05980590
8321.726010,0.55835800
8321.735480,0.52042500
8321.744960,1.26283000
8321.754440,2.19491000
8321.763920,1.96731000
8321.773390,2.57966000
8321.782870,4.57929000
8321.792350,4.86650000
8321.801820,2.91564000
8321.811300,1.01898000
8321.820780,-0.10818500
8321.830250,-0.94271800
8321.839730,-1.36540000
8321.849210,-1.19741000
8321.858690,-1.00775000
8321.868160,-0.70969900
8321.877640,0.30908200
8321.887120,0.74802500
8321.896590,-0.16779400
8321.906070,-0.52545100
8321.915550,-0.16237500
8321.925030,-0.46584200
8321.934500,-0.81266000
8321.943980,-0.86143200
8321.953460,-0.92646000
8321.962930,-0.57422200
8321.972410,-0.26533700
8321.981890,-0.08650830
8321.991370,0.46081500
8322.000840,0.15734900
8322.010320,-1.18657000
8322.019800,-1.84770000
8322.029270,-1.84770000
8322.038750,-2.09697000
8322.048230,-2.10239000
8322.057710,-1.57133000
8322.067180,-1.37082000
8322.076660,-1.63636000
8322.086140,-1.51172000
8322.095610,-1.50088000
8322.105090,-1.58217000
8322.114570,-0.54170800
8322.124040,-0.14611800
8322.133520,-0.85059400
8322.143000,0.28740600
8322.152480,1.70178000
8322.161950,5.28919000
8322.171430,18.89100000
8322.180910,32.46030000
8322.190380,27.77280000
8322.199860,12.94090000
8322.209340,5.37589000
8322.218820,3.45755000
8322.228290,1.58256000
8322.237770,0.84556800
8322.247250,0.63422500
8322.256720,0.50958700
8322.266200,1.20864000
8322.275680,1.46876000
8322.285160,1.40915000
8322.294630,1.89144000
8322.304110,1.90770000
8322.313590,1.56630000
8322.323060,1.70720000
8322.332540,1.73429000
8322.342020,1.62591000
8322.351490,1.89144000
8322.360970,2.46586000
8322.370450,3.56051000
8322.379930,4.31918000
8322.389400,3.82604000
8322.398880,3.89107000
8322.408360,5.14829000
8322.417830,5.49511000
8322.427310,4.90985000
8322.436790,4.04280000
8322.446270,1.99441000
8322.455740,-0.26533700
8322.465220,-1.36540000
8322.474700,-1.81518000
8322.484170,-1.59842000
8322.493650,-0.83975600
8322.503130,-0.17863200
8322.512610,0.47707200
8322.522080,0.52042500
8322.531560,-0.20572700
8322.541040,-0.74221300
8322.550510,-1.39250000
8322.559990,-1.84228000
8322.569470,-1.27328000
8322.578940,-0.86143200
8322.588420,-0.70969900
8322.597900,0.04354880
8322.607380,0.71009100
8322.616850,1.34412000
8322.626330,1.65842000
8322.635810,0.87266300
8322.645280,0.26031100
8322.654760,-0.56880300
8322.664240,-2.13491000
8322.673720,-1.43043000
8322.683190,1.09484000
8322.692670,2.31955000
8322.702150,2.95900000
8322.711620,3.35459000
8322.721100,2.89939000
8322.730580,1.92396000
8322.740060,-0.22198400
8322.749530,-1.65803000
8322.759010,-1.39792000
8322.768490,-2.30832000
8322.777960,-1.06194000
8322.787440,4.80689000
8322.796920,8.26424000
8322.806390,9.24509000
8322.815870,11.49400000
8322.825350,8.88201000
8322.834830,1.88061000
8322.844300,-0.54170800
8322.853780,0.15734900
8322.863260,-0.41165100
8322.872730,-0.63383200
8322.882210,-0.52545100
8322.891690,-0.51461300
8322.901170,-0.05399400
8322.910640,-0.21656500
8322.920120,-0.38997500
8322.929600,0.35785300
8322.939070,0.88350100
8322.948550,1.37121000
8322.958030,2.28703000
8322.967510,2.76933000
8322.976980,2.69888000
8322.986460,2.22201000
8322.995940,1.50669000
8323.005410,1.34954000
8323.014890,1.70178000
8323.024370,1.95105000
8323.033850,1.99441000
8323.043320,1.69094000
8323.052800,1.12736000
8323.062280,0.79679600
8323.071750,0.70467200
8323.081230,0.41746300
8323.090710,-0.20030800
8323.100180,-0.69886000
8323.109660,-0.33036500
8323.119140,0.75344400
8323.128620,1.56630000
8323.138090,1.86977000
8323.147570,1.84267000
8323.157050,1.36038000
8323.166520,0.95936800
8323.176000,1.14903000
8323.185480,1.41999000
8323.194960,1.82641000
8323.204430,2.44419000
8323.213910,2.29245000
8323.223390,1.50127000
8323.232860,1.09484000
8323.242340,1.07859000
8323.251820,0.98646300
8323.261300,0.41204400
8323.270770,-0.45500300
8323.280250,-0.81266000
8323.289730,-0.95897500
8323.299200,-1.46836000
8323.308680,-1.89647000
8323.318160,-2.33541000
8323.327630,-2.72016000
8323.337110,-2.06446000
8323.346590,-0.51461300
8323.356070,0.70467200
8323.365540,1.12736000
8323.375020,1.45250000
8323.384500,2.52005000
8323.393970,3.42503000
8323.403450,2.85061000
8323.412930,1.50127000
8323.422410,0.33075800
8323.431880,-0.44416500
8323.441360,-0.31410800
8323.450840,0.34159600
8323.460310,0.68841500
8323.469790,1.11110000
8323.479270,1.71261000
8323.488750,2.15698000
8323.498220,2.95900000
8323.507700,3.99403000
8323.517180,4.41672000
8323.526650,4.48175000
8323.536130,4.35711000
8323.545610,3.43587000
8323.555080,2.15698000
8323.564560,1.32786000
8323.574040,0.68299600
8323.583520,0.02729160
8323.592990,-0.18947000
8323.602470,0.22237700
8323.611950,0.84556800
8323.621420,1.02982000
8323.630900,0.93769100
8323.640380,1.04065000
8323.649860,0.76428200
8323.659330,0.10857700
8323.668810,0.34159600
8323.678290,0.96478700
8323.687760,0.49874900
8323.697240,-0.52003200
8323.706720,-1.12697000
8323.716200,-1.19741000
8323.725670,-0.86685100
8323.735150,-0.76388900
8323.744630,-0.66634600
8323.754100,0.30908200
8323.763580,1.20864000
8323.773060,1.37663000
8323.782530,2.02692000
8323.792010,2.81810000
8323.801490,2.28703000
8323.810970,0.94852900
8323.820440,-0.15695600
8323.829920,-0.80724100
8323.839400,-0.86143200
8323.848870,-0.29785100
8323.858350,0.82389100
8323.867830,2.08653000
8323.877310,2.75849000
8323.886780,2.83978000
8323.896260,2.46044000
8323.905740,1.52837000
8323.915210,0.68841500
8323.924690,0.05438690
8323.934170,-0.55254600
8323.943650,-0.21114600
8323.953120,0.72634900
8323.962600,0.99730100
8323.972080,1.41999000
8323.981550,2.22742000
8323.991030,2.17865000
8324.000510,1.90770000
8324.009990,2.15698000
8324.019460,1.97815000
8324.028940,1.44708000
8324.038420,1.20322000
8324.047890,0.76970100
8324.057370,-0.13528000
8324.066850,-0.91562200
8324.076320,-0.96439400
8324.085800,-0.62841300
8324.095280,-0.53628900
8324.104760,-0.35204200
8324.114230,0.14651100
8324.123710,0.57461500
8324.133190,0.94852900
8324.142660,1.19781000
8324.152140,1.24116000
8324.161620,1.27909000
8324.171100,0.96478700
8324.180570,0.43913900
8324.190050,0.46081500
8324.199530,0.50416800
8324.209000,0.15734900
8324.218480,0.30908200
8324.227960,1.00814000
8324.237440,1.45792000
8324.246910,1.53921000
8324.256390,1.36580000
8324.265870,0.92685300
8324.275340,0.58003400
8324.284820,0.71551000
8324.294300,0.75886300
8324.303770,0.16818700
8324.313250,0.04354880
8324.322730,0.88892000
8324.332210,1.26283000
8324.341680,1.02440000
8324.351160,1.17613000
8324.360640,1.19239000
8324.370110,0.92143400
8324.379590,1.32244000
8324.389070,1.99982000
8324.398550,1.86977000
8324.408020,0.80763400
8324.417500,-0.36288000
8324.426980,-0.64467000
8324.436450,-0.41707000
8324.445930,-0.22740400
8324.455410,0.91601500
8324.464890,2.48212000
8324.474360,2.54173000
8324.483840,1.98899000
8324.493320,2.40625000
8324.502790,3.06196000
8324.512270,3.33291000
8324.521750,3.25162000
8324.531220,2.91564000
8324.540700,3.01319000
8324.550180,3.11073000
8324.559660,2.35748000
8324.569130,1.78848000
8324.578610,1.60423000
8324.588090,0.82389100
8324.597560,0.65590100
8324.607040,1.45250000
8324.616520,1.00814000
8324.626000,-0.33036500
8324.635470,-0.79640300
8324.644950,-1.28412000
8324.654430,-1.86396000
8324.663900,-0.95897500
8324.673380,0.91059600
8324.682860,2.15698000
8324.692340,2.21117000
8324.701810,1.38747000
8324.711290,0.67757700
8324.720770,0.03812970
8324.730240,-0.96981300
8324.739720,-1.35457000
8324.749200,-0.86143200
8324.758670,-0.41165100
8324.768150,-0.00522263
8324.777630,0.53126300
8324.787110,1.04607000
8324.796580,1.61507000
8324.806060,2.03234000
8324.815540,2.08111000
8324.825010,1.87519000
8324.834490,1.80474000
8324.843970,1.93480000
8324.853450,1.44708000
8324.862920,0.75344400
8324.872400,1.25200000
8324.881880,1.91312000
8324.891350,1.61507000
8324.900830,1.83725000
8324.910310,2.61218000
8324.919790,2.19491000
8324.929260,1.30619000
8324.938740,1.08942000
8324.948220,0.58003400
8324.957690,-0.18405100
8324.967170,-0.59589900
8324.976650,-1.51714000
8324.986120,-2.30290000
8324.995600,-1.69597000
8325.005080,-0.84517500
8325.014560,-0.50919400
8325.024030,-0.23282300
8325.033510,-0.21114600
8325.042990,-0.28701300
8325.052460,-0.33036500
8325.061940,-0.60673700
8325.071420,-1.03484000
8325.080900,-1.40334000
8325.090370,-1.02400000
8325.099850,-0.13528000
8325.109330,0.05980590
8325.118800,0.13025400
8325.128280,0.57461500
8325.137760,0.67215800
8325.147240,0.34701500
8325.156710,-0.37371800
8325.166190,-0.63383200
8325.175670,0.11941500
8325.185140,0.66132000
8325.194620,1.35496000
8325.204100,2.90481000
8325.213580,4.19996000
8325.223050,4.95862000
8325.232530,5.23499000
8325.242010,4.76354000
8325.251480,3.92900000
8325.260960,3.46839000
8325.270440,3.36542000
8325.279910,2.60134000
8325.289390,2.52547000
8325.298870,2.99151000
8325.308350,0.87808200
8325.317820,-0.36288000
8325.327300,0.15734900
8325.336780,-1.45211000
8325.346250,-0.58506100
8325.355730,0.73718700
8325.365210,-1.38708000
8325.374690,0.65048200
8325.384160,1.30077000
8325.393640,-1.19199000
8325.403120,2.55257000
8325.412590,1.55546000
8325.422070,-0.68802200
8325.431550,4.37337000
8325.441030,-0.27075600
8325.450500,-1.02942000
8325.459980,7.01244000
8325.469460,0.68841500
8325.478930,3.54967000
8325.488410,9.65152000
8325.497890,-3.12117000
8325.507360,4.52510000
8325.516840,7.29965000
8325.526320,-9.27721000
8325.535800,8.75196000
8325.545270,3.13782000
8325.554750,-13.53660000
8325.564230,25.81650000
8325.573700,-1.43585000
8325.583180,53.76260000
8325.592660,413.30000000
8325.602140,580.88400000
8325.611610,250.95600000
8325.621090,-9.10922000
8325.630570,15.62330000
8325.640040,9.09336000
8325.649520,-14.28980000
8325.659000,13.10890000
8325.668480,-0.40623200
8325.677950,-5.59768000
8325.687430,9.46185000
8325.696910,-3.50051000
8325.706380,-0.63383200
8325.715860,7.55435000
8325.725340,-1.98859000
8325.734810,3.59844000
8325.744290,6.12914000
8325.753770,-0.55254600
8325.763250,4.74728000
8325.772720,3.46839000
8325.782200,-0.78014600
8325.791680,2.94274000
8325.801150,-0.09734640
8325.810630,-1.31663000
8325.820110,2.61760000
8325.829590,0.78595800
8325.839060,1.73971000
8325.848540,4.73102000
8325.858020,3.26246000
8325.867490,3.38710000
8325.876970,2.98609000
8325.886450,0.20612000
8325.895930,-0.69886000
8325.905400,-1.04568000
8325.914880,-0.93729900
8325.924360,-0.13528000
8325.933830,0.66132000
8325.943310,2.62843000
8325.952790,3.51716000
8325.962260,5.76606000
8325.971740,14.54490000
8325.981220,20.27830000
8325.990700,13.94880000
8326.000170,5.27293000
8326.009650,2.99151000
8326.019130,2.78017000
8326.028600,1.82641000
8326.038080,1.66926000
8326.047560,1.00272000
8326.057040,-0.17863200
8326.066510,-0.01606070
8326.075990,0.22779600
8326.085470,-0.02147980
8326.094940,0.22779600
8326.104420,0.30366300
8326.113900,0.34159600
8326.123380,0.74802500
8326.132850,0.76970100
8326.142330,0.69383400
8326.151810,0.69383400
8326.161280,0.62880600
8326.170760,0.99188200
8326.180240,1.30619000
8326.189720,1.28451000
8326.199190,1.44708000
8326.208670,1.75055000
8326.218150,2.17865000
8326.227620,2.07027000
8326.237100,0.84014900
8326.246580,-0.03231790
8326.256050,0.14109200
8326.265530,0.31992000
8326.275010,0.60713000
8326.284490,1.10568000
8326.293960,1.05149000
8326.303440,0.70467200
8326.312920,0.39036800
8326.322390,-0.17321300
8326.331870,-0.39539400
8326.341350,0.10857700
8326.350830,0.76428200
8326.360300,1.47960000
8326.369780,1.90770000
8326.379260,1.79932000
8326.388730,1.98357000
8326.398210,1.61507000
8326.407690,-0.48209900
8326.417170,-2.42754000
8326.426640,-3.23497000
8326.436120,-3.87442000
8326.445600,-3.53302000
8326.455070,-2.09697000
8326.464550,-1.25160000
8326.474030,-1.05652000
8326.483500,-0.90478400
8326.492980,-1.06736000
8326.502460,-1.33831000
8326.511940,-1.27328000
8326.521410,-0.81266000
8326.530890,-0.42790800
8326.540370,-0.43874600
8326.549840,0.04354880
8326.559320,1.26825000
8326.568800,2.05401000
8326.578280,2.37374000
8326.587750,2.94274000
8326.597230,3.44671000
8326.606710,3.70682000
8326.616180,3.61470000
8326.625660,2.47128000
8326.635140,0.88892000
8326.644620,0.20070100
8326.654090,0.07064400
8326.663570,-0.09734640
8326.673050,-0.16237500
8326.682520,-0.44958400
8326.692000,-0.71511800
8326.701480,0.13567300
8326.710950,1.65842000
8326.720430,2.25452000
8326.729910,1.71803000
8326.739390,1.34954000
8326.748860,1.48501000
8326.758340,1.13820000
8326.767820,0.85098700
8326.777290,1.46334000
8326.786770,1.53379000
8326.796250,0.96478700
8326.805730,1.13820000
8326.815200,1.14362000
8326.824680,0.95936800
8326.834160,1.55546000
8326.843630,1.58798000
8326.853110,1.36580000
8326.862590,1.85351000
8326.872070,1.85893000
8326.881540,2.48754000
8326.891020,3.43587000
8326.900500,3.65805000
8326.909970,10.43730000
8326.919450,22.26160000
8326.928930,21.51920000
8326.938400,8.51352000
8326.947880,1.29535000
8326.957360,0.76428200
8326.966840,-0.53087000
8326.976310,-0.34662300
8326.985790,0.78053900
8326.995270,0.18444400
8327.004740,0.29824400
8327.014220,0.83472900
8327.023700,0.76970100
8327.033180,1.83725000
8327.042650,2.82894000
8327.052130,2.82352000
8327.061610,3.31665000
8327.071080,3.49548000
8327.080560,2.86145000
8327.090040,2.62301000
8327.099520,2.54715000
8327.108990,2.41709000
8327.118470,2.29787000
8327.127950,1.85351000
8327.137420,1.82641000
8327.146900,2.35206000
8327.156380,2.49296000
8327.165860,2.48212000
8327.175330,2.48212000
8327.184810,2.34664000
8327.194290,2.86145000
8327.203760,3.56051000
8327.213240,3.25704000
8327.222720,2.65011000
8327.232190,2.15156000
8327.241670,0.99188200
8327.251150,0.17902500
8327.260630,0.91059600
8327.270100,1.82100000
8327.279580,1.69094000
8327.289060,1.19781000
8327.298530,0.73176800
8327.308010,0.40120600
8327.317490,0.82389100
8327.326970,1.58256000
8327.336440,1.79932000
8327.345920,1.93480000
8327.355400,1.98357000
8327.364870,1.25200000
8327.374350,0.86724400
8327.383830,1.53379000
8327.393310,1.48501000
8327.402780,0.56377700
8327.412260,0.49874900
8327.421740,1.20864000
8327.431210,1.91312000
8327.440690,2.39541000
8327.450170,1.97273000
8327.459640,1.00814000
8327.469120,0.62338700
8327.478600,0.54752000
8327.488080,0.69925300
8327.497550,1.47418000
8327.507030,1.83725000
8327.516510,1.14362000
8327.525980,0.28198700
8327.535460,-0.11902300
8327.544940,-0.01606070
8327.554420,0.05438690
8327.563890,-0.56338400
8327.573370,-1.12697000
8327.582850,-0.77472700
8327.592320,0.01645360
8327.601800,0.60171100
8327.611280,0.74260600
8327.620760,0.84014900
8327.630230,1.56088000
8327.639710,2.25994000
8327.649190,2.07027000
8327.658660,1.40915000
8327.668140,0.46081500
8327.677620,-1.00775000
8327.687090,-2.51424000
8327.696570,-3.09950000
8327.706050,-2.47089000
8327.715530,-1.67429000
8327.725000,-1.25702000
8327.734480,-0.56880300
8327.743960,0.00561546
8327.753430,0.16818700
8327.762910,0.73176800
8327.772390,1.43082000
8327.781870,1.86977000
8327.791340,1.98899000
8327.800820,1.02440000
8327.810300,-0.05399400
8327.819770,-0.23282300
8327.829250,-0.60673700
8327.838730,-0.92646000
8327.848210,-0.68802200
8327.857680,-0.25449900
8327.867160,0.98104400
8327.876640,1.57172000
8327.886110,0.89975800
8327.895590,1.28451000
8327.905070,1.68010000
8327.914540,4.79605000
8327.924020,15.77500000
8327.933500,22.39710000
8327.942980,13.21720000
8327.952450,2.31413000
8327.961930,0.37411100
8327.971410,-0.47668000
8327.980880,-2.18910000
8327.990360,-1.93440000
8327.999840,-2.27038000
8328.009320,-2.51424000
8328.018790,-1.47378000
8328.028270,-1.52797000
8328.037750,-1.94524000
8328.047220,-1.32747000
8328.056700,-0.59589900
8328.066180,0.00561546
8328.075660,0.12483400
8328.085130,0.33617700
8328.094610,1.69094000
8328.104090,2.27620000
8328.113560,1.43082000
8328.123040,1.26283000
8328.132520,1.62591000
8328.142000,1.95105000
8328.151470,2.70972000
8328.160950,2.49296000
8328.170430,0.88350100
8328.179900,-0.08108930
8328.189380,-0.17321300
8328.198860,-0.47668000
8328.208330,-0.50919400
8328.217810,0.27656800
8328.227290,0.91059600
8328.236770,0.91059600
8328.246240,1.34954000
8328.255720,2.26536000
8328.265200,2.35748000
8328.274670,1.85893000
8328.284150,1.18155000
8328.293630,-0.20030800
8328.303110,-1.06194000
8328.312580,-0.82891800
8328.322060,-1.16490000
8328.331540,-1.32747000
8328.341010,-0.07025120
8328.350490,0.46623400
8328.359970,-0.29243200
8328.369450,-0.34120300
8328.378920,0.01645360
8328.388400,-0.38997500
8328.397880,-1.09987000
8328.407350,-1.28954000
8328.416830,-0.72595600
8328.426310,-0.13528000
8328.435780,0.18444400
8328.445260,0.89975800
8328.454740,1.39289000
8328.464220,1.25742000
8328.473690,1.65842000
8328.483170,2.03776000
8328.492650,1.30077000
8328.502120,0.49874900
8328.511600,0.22779600
8328.521080,0.34701500
8328.530560,0.91059600
8328.540030,1.28993000
8328.549510,1.73429000
8328.558990,2.60676000
8328.568460,2.56341000
8328.577940,2.03234000
8328.587420,2.36832000
8328.596900,2.36290000
8328.606370,1.82100000
8328.615850,1.83725000
8328.625330,1.90228000
8328.634800,2.00524000
8328.644280,2.11904000
8328.653760,1.41457000
8328.663230,1.21406000
8328.672710,2.01608000
8328.682190,2.18407000
8328.691670,2.23826000
8328.701140,2.72598000
8328.710620,2.61218000
8328.720100,2.11904000
8328.729570,1.41457000
8328.739050,1.93480000
8328.748530,5.67936000
8328.758010,8.18837000
8328.767480,5.08868000
8328.776960,1.08942000
8328.786440,0.35785300
8328.795910,0.99730100
8328.805390,1.58256000
8328.814870,1.51211000
8328.824350,0.39036800
8328.833820,-0.23282300
8328.843300,0.09773920
8328.852780,0.50416800
8328.862250,1.05149000
8328.871730,1.40373000
8328.881210,1.57714000
8328.890680,2.41709000
8328.900160,2.72598000
8328.909640,1.45250000
8328.919120,0.23863400
8328.928590,-0.06483210
8328.938070,0.04354880
8328.947550,0.76970100
8328.957020,1.51753000
8328.966500,1.69636000
8328.975980,2.37916000
8328.985460,3.36542000
8328.994930,3.46839000
8329.004410,3.32749000
8329.013890,3.34917000
8329.023360,3.00777000
8329.032840,2.93190000
8329.042320,3.25162000
8329.051800,2.84520000
8329.061270,1.84809000
8329.070750,1.47418000
8329.080230,1.69636000
8329.089700,1.46876000
8329.099180,0.98646300
8329.108660,1.17071000
8329.118130,1.15987000
8329.127610,0.27656800
8329.137090,-0.03773690
8329.146570,0.38494900
8329.156040,0.26573000
8329.165520,-0.40623200
8329.175000,-1.20283000
8329.184470,-1.48462000
8329.193950,-0.54170800
8329.203430,0.49874900
8329.212910,0.62338700
8329.222380,0.72093000
8329.231860,1.51211000
8329.241340,2.91564000
8329.250810,3.98861000
8329.260290,3.56051000
8329.269770,2.50921000
8329.279250,1.85351000
8329.288720,1.02982000
8329.298200,0.59629100
8329.307680,1.02982000
8329.317150,0.94311000
8329.326630,0.26031100
8329.336110,0.17360600
8329.345590,0.24947300
8329.355060,-0.12986100
8329.364540,-0.28701300
8329.374020,0.05438690
8329.383490,0.20612000
8329.392970,0.15734900
8329.402450,0.48791100
8329.411920,0.72634900
8329.421400,0.37953000
8329.430880,0.02187260
8329.440360,-0.27075600
8329.449830,-0.57422200
8329.459310,-0.38455600
8329.468790,-0.11360400
8329.478260,-0.27075600
8329.487740,-0.55254600
8329.497220,-1.12155000
8329.506700,-1.44669000
8329.516170,-0.72595600
8329.525650,-0.23824200
8329.535130,-0.55796500
8329.544600,-0.23824200
8329.554080,0.47165300
8329.563560,0.80221500
8329.573040,1.52837000
8329.582510,1.92938000
8329.591990,0.76970100
8329.601470,-0.60131800
8329.610940,-1.14864000
8329.620420,-1.33289000
8329.629900,-0.90478400
8329.639370,-0.13528000
8329.648850,0.35785300
8329.658330,0.97020600
8329.667810,1.64759000
8329.677280,3.73392000
8329.686760,9.22883000
8329.696240,13.51530000
8329.705710,10.78410000
8329.715190,5.10494000
8329.724670,2.54715000
8329.734150,1.94021000
8329.743620,1.15987000
8329.753100,0.70467200
8329.762580,0.75886300
8329.772050,0.91059600
8329.781530,0.61254900
8329.791010,0.01645360
8329.800490,0.17902500
8329.809960,0.87808200
8329.819440,1.12736000
8329.828920,0.99730100
8329.838390,0.82931000
8329.847870,0.79679600
8329.857350,0.89433900
8329.866820,0.69383400
8329.876300,0.29282500
8329.885780,0.25489200
8329.895260,0.41204400
8329.904730,0.03271070
8329.914210,-0.99148900
8329.923690,-1.95608000
8329.933160,-2.08072000
8329.942640,-0.95897500
8329.952120,0.73718700
8329.961600,1.63675000
8329.971070,1.99982000
8329.980550,2.70972000
8329.990030,3.04028000
8329.999500,3.13782000
8330.008980,3.76101000
8330.018460,3.70141000
8330.027940,2.70430000
8330.037410,1.99982000
8330.046890,1.57172000
8330.056370,1.56630000
8330.065840,1.76681000
8330.075320,1.11110000
8330.084800,0.63964400
8330.094270,0.98104400
8330.103750,0.93227200
8330.113230,1.44708000
8330.122710,2.89939000
8330.132180,3.23537000
8330.141660,2.69888000
8330.151140,2.23284000
8330.160610,1.04065000
8330.170090,-0.05399400
8330.179570,0.30908200
8330.189050,1.28993000
8330.198520,1.73429000
8330.208000,1.89686000
8330.217480,2.47128000
8330.226950,2.73681000
8330.236430,2.35748000
8330.245910,3.30040000
8330.255390,4.76354000
8330.264860,3.38710000
8330.274340,0.83472900
8330.283820,0.15734900
8330.293290,0.01645360
8330.302770,0.00561546
8330.312250,1.04065000
8330.321730,1.53379000
8330.331200,1.37121000
8330.340680,1.96731000
8330.350160,2.21659000
8330.359630,1.54462000
8330.369110,1.19781000
8330.378590,1.08401000
8330.388060,1.11110000
8330.397540,1.97815000
8330.407020,2.89939000
8330.416500,2.73681000
8330.425970,1.74513000
8330.435450,0.61796800
8330.444930,-0.18405100
8330.454400,-0.50377500
8330.463880,-0.35746100
8330.473360,0.12483400
8330.482840,0.38494900
8330.492310,0.26031100
8330.501790,0.41746300
8330.511270,0.94852900
8330.520740,1.23032000
8330.530220,1.43082000
8330.539700,2.06485000
8330.549180,2.22201000
8330.558650,0.99188200
8330.568130,-0.11360400
8330.577610,-0.17863200
8330.587080,-0.88310800
8330.596560,-1.72848000
8330.606040,-0.61757500
8330.615510,0.75886300
8330.624990,1.00272000
8330.634470,1.90228000
8330.643950,2.90481000
8330.653420,2.56882000
8330.662900,2.25994000
8330.672380,2.20033000
8330.681850,1.52837000
8330.691330,0.76428200
8330.700810,-0.18947000
8330.710290,-1.03484000
8330.719760,-0.61215600
8330.729240,-0.09734640
8330.738720,-0.44958400
8330.748190,-0.29785100
8330.757670,0.27114900
8330.767150,0.42830100
8330.776630,0.81305300
8330.786100,1.26283000
8330.795580,1.32244000
8330.805060,1.53921000
8330.814530,1.53379000
8330.824010,1.05691000
8330.833490,1.27909000
8330.842960,2.04318000
8330.852440,2.10821000
8330.861920,1.66384000
8330.871400,1.31161000
8330.880870,1.14903000
8330.890350,1.18155000
8330.899830,1.18697000
8330.909300,1.23574000
8330.918780,1.19239000
8330.928260,0.43913900
8330.937740,-0.12444200
8330.947210,0.55293900
8330.956690,1.34954000
8330.966170,1.62591000
8330.975640,1.84267000
8330.985120,1.57172000
8330.994600,1.11110000
8331.004080,1.01356000
8331.013550,0.62338700
8331.023030,0.34701500
8331.032510,0.72634900
8331.041980,0.68841500
8331.051460,0.33617700
8331.060940,0.40662500
8331.070410,0.31450100
8331.079890,0.16276800
8331.089370,0.46081500
8331.098850,0.78053900
8331.108320,0.93769100
8331.117800,0.95936800
8331.127280,1.00272000
8331.136750,1.53921000
8331.146230,2.04318000
8331.155710,1.76681000
8331.165190,0.98646300
8331.174660,0.16818700
8331.184140,-0.23282300
8331.193620,-0.16779400
8331.203090,-0.36829900
8331.212570,-0.87227000
8331.222050,-0.50377500
8331.231530,1.35496000
8331.241000,3.19743000
8331.250480,2.87229000
8331.259960,0.78595800
8331.269430,-0.88852700
8331.278910,-0.98065100
8331.288390,0.17902500
8331.297870,0.96478700
8331.307340,1.65842000
8331.316820,5.26209000
8331.326300,9.67319000
8331.335770,9.21799000
8331.345250,5.54930000
8331.354730,3.25704000
8331.364200,1.95105000
8331.373680,1.12736000
8331.383160,1.31702000
8331.392640,1.26825000
8331.402110,1.02982000
8331.411590,1.37121000
8331.421070,1.36038000
8331.430540,0.96478700
8331.440020,1.30619000
8331.449500,2.19491000
8331.458980,2.60134000
8331.468450,2.36290000
8331.477930,2.08653000
8331.487410,1.95105000
8331.496880,2.01608000
8331.506360,2.30329000
8331.515840,2.02692000
8331.525320,1.36580000
8331.534790,1.25200000
8331.544270,0.64506300
8331.553750,-0.87768900
8331.563220,-1.66345000
8331.572700,-1.79351000
8331.582180,-1.90731000
8331.591650,-1.07277000
8331.601130,0.15734900
8331.610610,0.53668200
8331.620090,0.58003400
8331.629560,0.44455800
8331.639040,-0.51461300
8331.648520,-1.63094000
8331.657990,-2.12407000
8331.667470,-2.62262000
8331.676950,-2.99654000
8331.686430,-2.21619000
8331.695900,-1.25160000
8331.705380,-1.35998000
8331.714860,-1.07277000
8331.724330,0.10315800
8331.733810,0.39578700
8331.743290,-0.11902300
8331.752770,-0.53628900
8331.762240,-0.88852700
8331.771720,-0.40623200
8331.781200,0.99730100
8331.790670,2.30329000
8331.800150,3.47380000
8331.809630,4.23789000
8331.819100,4.26499000
8331.828580,4.64432000
8331.838060,5.31628000
8331.847540,5.16455000
8331.857010,4.33001000
8331.866490,2.92648000
8331.875970,1.19781000
8331.885440,0.28198700
8331.894920,0.05980590
8331.904400,-0.16779400
8331.913880,-0.16237500
8331.923350,-0.08650830
8331.932830,-0.01064170
8331.942310,0.54210100
8331.951780,1.04065000
8331.961260,0.86182500
8331.970740,0.25489200
8331.980220,-0.69886000
8331.989690,-1.49004000
8331.999170,-1.41417000
8332.008650,-0.87768900
8332.018120,-0.57422200
8332.027600,-0.88310800
8332.037080,-1.71222000
8332.046550,-2.01569000
8332.056030,-1.51714000
8332.065510,-0.74763200
8332.074990,0.46081500
8332.084460,1.43624000
8332.093940,1.40915000
8332.103420,1.63133000
8332.112890,2.20033000
8332.122370,1.63675000
8332.131850,0.69925300
8332.141330,0.33617700
8332.150800,-0.16779400
8332.160280,-0.48209900
8332.169760,-0.18405100
8332.179230,0.10857700
8332.188710,0.49874900
8332.198190,0.80763400
8332.207670,0.11399600
8332.217140,-0.93729900
8332.226620,-0.97523200
8332.236100,-0.15695600
8332.245570,0.46623400
8332.255050,0.53126300
8332.264530,0.72634900
8332.274010,1.21406000
8332.283480,1.35496000
8332.292960,1.38205000
8332.302440,1.39831000
8332.311910,0.61796800
8332.321390,-0.18405100
8332.330870,-0.02147980
8332.340340,-0.11360400
8332.349820,-0.67718400
8332.359300,-0.36288000
8332.368780,0.41204400
8332.378250,1.00272000
8332.387730,2.19491000
8332.397210,3.77185000
8332.406680,4.31376000
8332.416160,3.46297000
8332.425640,2.31413000
8332.435120,1.84267000
8332.444590,1.73429000
8332.454070,1.75597000
8332.463550,2.12446000
8332.473020,2.16781000
8332.482500,1.72887000
8332.491980,1.53921000
8332.501460,1.28451000
8332.510930,1.13820000
8332.520410,1.84267000
8332.529890,2.19491000
8332.539360,1.56088000
8332.548840,1.25200000
8332.558320,1.06233000
8332.567790,0.35785300
8332.577270,0.14109200
8332.586750,0.42830100
8332.596230,0.18986300
8332.605700,-0.16237500
8332.615180,0.20612000
8332.624660,1.01898000
8332.634130,1.56630000
8332.643610,2.02692000
8332.653090,2.89939000
8332.662570,3.44129000
8332.672040,3.30581000
8332.681520,3.88565000
8332.691000,4.54678000
8332.700470,3.05112000
8332.709950,1.00272000
8332.719430,0.79137700
8332.728910,0.54752000
8332.738380,-0.69886000
8332.747860,-1.30037000
8332.757340,-1.83686000
8332.766810,-2.57927000
8332.776290,-1.63094000
8332.785770,0.05438690
8332.795240,0.34159600
8332.804720,0.04896780
8332.814200,0.32533900
8332.823680,1.23574000
8332.833150,2.12988000
8332.842630,1.78306000
8332.852110,0.98104400
8332.861580,0.96478700
8332.871060,0.44455800
8332.880540,-0.41165100
8332.890020,0.25489200
8332.899490,1.24658000
8332.908970,1.14903000
8332.918450,0.69383400
8332.927920,-0.52545100
8332.937400,-2.31374000
8332.946880,-2.52508000
8332.956360,-1.62010000
8332.965830,-1.32205000
8332.975310,-0.91562200
8332.984790,-0.21656500
8332.994260,-0.01064170
8333.003740,0.49333000
8333.013220,1.23574000
8333.022690,1.02440000
8333.032170,0.63422500
8333.041650,0.78053900
8333.051130,0.77512000
8333.060600,0.89433900
8333.070080,1.02982000
8333.079560,0.13025400
8333.089030,-0.98607000
8333.098510,-1.21909000
8333.107990,-0.85601300
8333.117470,0.13025400
8333.126940,1.21948000
8333.136420,1.13820000
8333.145900,0.53126300
8333.155370,0.76970100
8333.164850,1.31161000
8333.174330,1.19781000
8333.183810,0.65048200
8333.193280,0.08148210
8333.202760,-0.55796500
8333.212240,-1.07277000
8333.221710,-0.90478400
8333.231190,-0.48209900
8333.240670,-0.84517500
8333.250150,-1.47378000
8333.259620,-0.92104100
8333.269100,0.40120600
8333.278580,0.84014900
8333.288050,0.41204400
8333.297530,0.18444400
8333.307010,-0.11360400
8333.316480,-0.95355600
8333.325960,-1.64177000
8333.335440,-1.79893000
8333.344920,-1.59300000
8333.354390,-0.86143200
8333.363870,0.09773920
8333.373350,0.80763400
8333.382820,1.36038000
8333.392300,1.30077000
8333.401780,0.34159600
8333.411260,-0.29785100
8333.420730,0.11941500
8333.430210,0.97020600
8333.439690,1.95105000
8333.449160,2.68262000
8333.458640,2.79642000
8333.468120,2.97525000
8333.477600,3.15950000
8333.487070,2.34664000
8333.496550,1.12194000
8333.506030,0.31992000
8333.515500,-0.49293700
8333.524980,-1.09445000
8333.534460,-0.90478400
8333.543930,-0.08650830
8333.553410,1.18697000
8333.562890,2.29245000
8333.572370,2.20033000
8333.581840,1.24116000
8333.591320,0.67215800
8333.600800,0.43372000
8333.610270,-0.34662300
8333.619750,-0.93729900
8333.629230,-0.53087000
8333.638710,-0.38455600
8333.648180,-0.43332700
8333.657660,0.70467200
8333.667140,1.74513000
8333.676610,1.81016000
8333.686090,2.12988000
8333.695570,2.17865000
8333.705050,1.69094000
8333.714520,1.57714000
8333.724000,1.19239000
8333.733480,0.88892000
8333.742950,1.37121000
8333.752430,1.39289000
8333.761910,1.34954000
8333.771380,1.79932000
8333.780860,1.50669000
8333.790340,1.20864000
8333.799820,1.27367000
8333.809290,0.62338700
8333.818770,0.47707200
8333.828250,1.05149000
8333.837720,0.94311000
8333.847200,0.93769100
8333.856680,1.02440000
8333.866160,0.42830100
8333.875630,0.35243400
8333.885110,0.75886300
8333.894590,0.69925300
8333.904060,0.63422500
8333.913540,0.40120600
8333.923020,0.01645360
8333.932500,0.33617700
8333.941970,0.77512000
8333.951450,1.04065000
8333.960930,2.22742000
8333.970400,3.79895000
8333.979880,3.90733000
8333.989360,2.67721000
8333.998830,1.78848000
8334.008310,1.50127000
8334.017790,1.19239000
8334.027270,1.27367000
8334.036740,1.80474000
8334.046220,2.11904000
8334.055700,2.21117000
8334.065170,1.80474000
8334.074650,0.76970100
8334.084130,0.36327200
8334.093610,0.89975800
8334.103080,1.27909000
8334.112560,1.66926000
8334.122040,2.52547000
8334.131510,2.65011000
8334.140990,1.60965000
8334.150470,0.93227200
8334.159950,0.73718700
8334.169420,-0.10818500
8334.178900,-0.85601300
8334.188380,-0.97523200
8334.197850,-1.36540000
8334.207330,-1.54423000
8334.216810,-1.24077000
8334.226280,-1.27870000
8334.235760,-0.80182200
8334.245240,0.56919600
8334.254720,1.41457000
8334.264190,1.58256000
8334.273670,1.59340000
8334.283150,1.47418000
8334.292620,1.28993000
8334.302100,0.95394800
8334.311580,1.05149000
8334.321060,1.30077000
8334.330530,1.30077000
8334.340010,4.18912000
8334.349490,9.54314000
8334.358960,10.24760000
8334.368440,6.26461000
8334.377920,4.33543000
8334.387400,4.19996000
8334.396870,2.62843000
8334.406350,0.89433900
8334.415830,-0.10276500
8334.425300,-0.85059400
8334.434780,-1.08903000
8334.444260,-1.37624000
8334.453740,-2.06446000
8334.463210,-1.95608000
8334.472690,-0.60673700
8334.482170,0.61796800
8334.491640,0.84556800
8334.501120,1.07859000
8334.510600,1.81016000
8334.520070,2.02150000
8334.529550,1.63675000
8334.539030,1.33328000
8334.548510,1.16529000
8334.557980,1.37121000
8334.567460,1.25742000
8334.576940,-0.05399400
8334.586410,-0.70969900
8334.595890,0.32533900
8334.605370,0.69383400
8334.614850,0.07606310
8334.624320,0.09773920
8334.633800,-0.23824200
8334.643280,-1.11613000
8334.652750,-0.89936500
8334.662230,-0.68802200
8334.671710,-1.40334000
8334.681190,-1.62552000
8334.690660,-1.78267000
8334.700140,-1.84770000
8334.709620,0.03812970
8334.719090,2.43335000
8334.728570,3.37084000
8334.738050,3.83146000
8334.747520,3.20285000
8334.757000,0.96478700
8334.766480,-0.62841300
8334.775960,-1.26786000
8334.785430,-1.99943000
8334.794910,-2.18910000
8334.804390,-2.03195000
8334.813860,-1.99401000
8334.823340,-1.28412000
8334.832820,0.05980590
8334.842300,1.21406000
8334.851770,1.75055000
8334.861250,1.80474000
8334.870730,1.98357000
8334.880200,1.75597000
8334.889680,0.49874900
8334.899160,-0.53628900
8334.908640,-1.03484000
8334.918110,-1.86937000
8334.927590,-2.25413000
8334.937070,-1.68513000
8334.946540,-0.88852700
8334.956020,0.13025400
8334.965500,1.03523000
8334.974970,1.49585000
8334.984450,2.50380000
8334.993930,3.61470000
8335.003410,3.21911000
8335.012880,2.07027000
8335.022360,1.13820000
8335.031840,-0.16237500
8335.041310,-1.22993000
8335.050790,-1.43585000
8335.060270,-1.83144000
8335.069750,-2.31374000
8335.079220,-1.96150000
8335.088700,-1.15406000
8335.098180,0.29282500
8335.107650,2.36832000
8335.117130,3.12699000
8335.126610,2.15156000
8335.136090,1.21406000
8335.145560,0.28198700
8335.155040,-1.30037000
8335.164520,-2.44379000
8335.173990,-2.72016000
8335.183470,-2.70933000
8335.192950,-2.05904000
8335.202420,-0.81266000
8335.211900,-0.15695600
8335.221380,-0.46042200
8335.230860,-1.11071000
8335.240330,-1.65261000
8335.249810,-1.99943000
8335.259290,-1.74474000
8335.268760,-0.25991800
8335.278240,1.45250000
8335.287720,1.52295000
8335.297200,0.66132000
8335.306670,0.48249100
8335.316150,0.28740600
8335.325630,-0.46584200
8335.335100,-0.88310800
8335.344580,-0.68260300
8335.354060,-0.12444200
8335.363540,0.28198700
8335.373010,0.29824400
8335.382490,0.94852900
8335.391970,2.64469000
8335.401440,4.64432000
8335.410920,6.28629000
8335.420400,6.08037000
8335.429880,4.14035000
8335.439350,3.41420000
8335.448830,3.64721000
8335.458310,2.29245000
8335.467780,1.01898000
8335.477260,1.52295000
8335.486740,1.85893000
8335.496210,1.43624000
8335.505690,1.00814000
8335.515170,0.05980590
8335.524650,-1.00775000
8335.534120,-1.18116000
8335.543600,-0.96439400
8335.553080,-1.04026000
8335.562550,-1.28412000
8335.572030,-1.09987000
8335.581510,-0.17863200
8335.590990,0.61254900
8335.600460,0.86724400
8335.609940,1.11110000
8335.619420,1.02440000
8335.628890,0.92685300
8335.638370,1.84809000
8335.647850,2.65011000
8335.657330,2.29245000
8335.666800,1.89144000
8335.676280,1.69636000
8335.685760,1.18697000
8335.695230,0.81305300
8335.704710,1.09484000
8335.714190,2.37374000
8335.723660,3.64180000
8335.733140,3.08905000
8335.742620,1.98899000
8335.752100,2.12446000
8335.761570,2.15698000
8335.771050,1.70178000
8335.780530,1.62049000
8335.790000,1.05149000
8335.799480,0.39578700
8335.808960,0.60713000
8335.818440,0.22237700
8335.827910,-0.63383200
8335.837390,-0.37913700
8335.846870,-0.02689880
8335.856340,0.08690120
8335.865820,1.02982000
8335.875300,1.79932000
8335.884780,1.80474000
8335.894250,1.90228000
8335.903730,1.56088000
8335.913210,0.75886300
8335.922680,0.44997700
8335.932160,0.31992000
8335.941640,0.35785300
8335.951110,0.74802500
8335.960590,0.43372000
8335.970070,-0.25991800
8335.979550,-0.17321300
8335.989020,0.02729160
8335.998500,0.07606310
8336.007980,0.50958700
8336.017450,0.73176800
8336.026930,0.72093000
8336.036410,0.93769100
8336.045890,0.86182500
8336.055360,0.81847200
8336.064840,1.23032000
8336.074320,0.96478700
8336.083790,0.26031100
8336.093270,0.44997700
8336.102750,0.68841500
8336.112230,0.18986300
8336.121700,-0.03773690
8336.131180,0.11399600
8336.140660,0.04354880
8336.150130,0.00019642
8336.159610,0.31992000
8336.169090,1.09484000
8336.178560,1.90228000
8336.188040,1.79390000
8336.197520,1.21948000
8336.207000,1.22490000
8336.216470,1.20322000
8336.225950,0.52584400
8336.235430,-0.18405100
8336.244900,-0.60673700
8336.254380,-1.05110000
8336.263860,-1.64177000
8336.273340,-1.83686000
8336.282810,-1.10529000
8336.292290,-0.16237500
8336.301770,0.21153900
8336.311240,0.52584400
8336.320720,1.18697000
8336.330200,1.81016000
8336.339680,1.78848000
8336.349150,0.89975800
8336.358630,-0.08108930
8336.368110,-0.62299400
8336.377580,-0.99148900
8336.387060,-0.76930800
8336.396540,-0.08650830
8336.406020,0.03812970
8336.415490,0.00561546
8336.424970,0.10315800
8336.434450,-0.39539400
8336.443920,-0.94813700
8336.453400,-1.07819000
8336.462880,-1.26244000
8336.472350,-1.09987000
8336.481830,-0.54712700
8336.491310,-0.12986100
8336.500790,0.47707200
8336.510260,0.64506300
8336.519740,-0.33036500
8336.529220,-1.02942000
8336.538690,-0.85059400
8336.548170,-0.81808000
8336.557650,-0.83433700
8336.567130,-0.38455600
8336.576600,0.15193000
8336.586080,0.49333000
8336.595560,0.87266300
8336.605030,1.46334000
8336.614510,1.84809000
8336.623990,1.66384000
8336.633470,1.34954000
8336.642940,0.89433900
8336.652420,0.08148210
8336.661900,-0.32494600
8336.671370,-0.42790800
8336.680850,-0.93729900
8336.690330,-1.09445000
8336.699800,-0.67176500
8336.709280,-0.52545100
8336.718760,-0.28701300
8336.728240,0.23863400
8336.737710,0.44997700
8336.747190,1.19239000
8336.756670,2.90481000
8336.766140,3.88023000
8336.775620,3.41420000
8336.785100,2.34122000
8336.794580,0.93227200
8336.804050,-0.16237500
8336.813530,-0.00522263
8336.823010,0.65590100
8336.832480,0.91601500
8336.841960,1.01898000
8336.851440,0.73176800
8336.860920,0.12483400
8336.870390,-0.03773690
8336.879870,-0.31410800
8336.889350,-0.71511800
8336.898820,0.30366300
8336.908300,1.66384000
8336.917780,1.19239000
8336.927250,0.27656800
8336.936730,0.22779600
8336.946210,-0.22198400
8336.955690,-0.87227000
8336.965160,-0.65550800
8336.974640,-0.50377500
8336.984120,-0.81808000
8336.993590,-0.41165100
8337.003070,0.47165300
8337.012550,1.01356000
8337.022030,1.77764000
8337.031500,2.31955000
8337.040980,1.62049000
8337.050460,1.02982000
8337.059930,1.29535000
8337.069410,1.00272000
8337.078890,0.68841500
8337.088370,1.46334000
8337.097840,1.83725000
8337.107320,1.00814000
8337.116800,0.07064400
8337.126270,-0.54712700
8337.135750,-0.87227000
8337.145230,-0.95897500
8337.154700,-1.09445000
8337.164180,-1.05110000
8337.173660,-0.72053700
8337.183140,-0.44416500
8337.192610,-0.38997500
8337.202090,-0.80724100
8337.211570,-1.43585000
8337.221040,-1.45753000
8337.230520,-0.83433700
8337.240000,-0.06483210
8337.249480,0.35785300
8337.258950,-0.01606070
8337.268430,-0.21114600
8337.277910,0.73176800
8337.287380,1.41999000
8337.296860,1.35496000
8337.306340,1.96731000
8337.315820,2.21117000
8337.325290,0.70467200
8337.334770,-0.40081300
8337.344250,-0.09192740
8337.353720,0.08148210
8337.363200,-0.00522263
8337.372680,-0.22198400
8337.382160,-0.83975600
8337.391630,-0.87227000
8337.401110,-0.41707000
8337.410590,-0.24366100
8337.420060,0.17360600
8337.429540,0.20612000
8337.439020,-0.57964100
8337.448490,-0.69886000
8337.457970,-0.66092700
8337.467450,-1.18657000
8337.476930,-0.61215600
8337.486400,0.24405300
8337.495880,-0.54712700
8337.505360,-1.54423000
8337.514830,-1.88563000
8337.524310,-1.98859000
8337.533790,-1.06736000
8337.543270,0.32533900
8337.552740,1.00814000
8337.562220,1.53379000
8337.571700,1.95647000
8337.581170,1.89144000
8337.590650,1.18155000
8337.600130,-0.77472700
8337.609610,-2.77436000
8337.619080,-2.85022000
8337.628560,-1.72306000
8337.638040,-0.56338400
8337.647510,0.55835800
8337.656990,1.25200000
8337.666470,1.59340000
8337.675940,1.70178000
8337.685420,1.25742000
8337.694900,0.76970100
8337.704380,0.22779600
8337.713850,-1.11071000
8337.723330,-2.39502000
8337.732810,-2.57927000
8337.742280,-2.10239000
8337.751760,-1.44127000
8337.761240,-0.42248900
8337.770720,0.85640600
8337.780190,2.04860000
8337.789670,3.36542000
8337.799150,4.57387000
8337.808620,4.44381000
8337.818100,3.44129000
8337.827580,2.64469000
8337.837060,1.32786000
8337.846530,0.36869200
8337.856010,1.20322000
8337.865490,1.72345000
8337.874960,1.15445000
8337.884440,1.15987000
8337.893920,0.89433900
8337.903390,0.06522500
8337.912870,0.02187260
8337.922350,0.03271070
8337.931830,-0.03773690
8337.941300,0.48249100
8337.950780,0.76428200
8337.960260,1.10026000
8337.969730,1.79932000
8337.979210,1.64217000
8337.988690,0.96478700
8337.998170,0.41204400
8338.007640,-0.13528000
8338.017120,0.05980590
8338.026600,0.62880600
8338.036070,0.67757700
8338.045550,0.47707200
8338.055030,-0.26533700
8338.064510,-1.10529000
8338.073980,-0.92104100
8338.083460,-0.51461300
8338.092940,-0.12444200
8338.102410,0.82931000
8338.111890,1.60423000
8338.121370,2.78559000
8338.130840,4.46549000
8338.140320,4.05906000
8338.149800,2.21659000
8338.159280,1.79932000
8338.168750,1.63675000
8338.178230,0.47165300
8338.187710,0.10315800
8338.197180,0.56919600
8338.206660,0.14109200
8338.216140,-0.92646000
8338.225620,-1.30579000
8338.235090,-0.96439400
8338.244570,-0.65550800
8338.254050,-0.36829900
8338.263520,0.23863400
8338.273000,0.75886300
8338.282480,1.15445000
8338.291960,2.14614000
8338.301430,3.42503000
8338.310910,3.73934000
8338.320390,2.75307000
8338.329860,1.53921000
8338.339340,1.09484000
8338.348820,1.15987000
8338.358300,1.06233000
8338.367770,1.01898000
8338.377250,1.31702000
8338.386730,1.36038000
8338.396200,0.93769100
8338.405680,0.97020600
8338.415160,1.82641000
8338.424630,2.33039000
8338.434110,1.63675000
8338.443590,0.56919600
8338.453070,0.10857700
8338.462540,0.01103450
8338.472020,0.00019642
8338.481500,0.31992000
8338.490970,0.52584400
8338.500450,0.27114900
8338.509930,0.53668200
8338.519410,1.24658000
8338.528880,1.01898000
8338.538360,0.17360600
8338.547840,-0.40081300
8338.557310,-0.91020300
8338.566790,-0.72595600
8338.576270,0.36327200
8338.585750,1.04607000
8338.595220,1.37121000
8338.604700,1.97273000
8338.614180,1.94563000
8338.623650,1.12194000
8338.633130,0.46081500
8338.642610,-0.09734640
8338.652080,-0.82349900
8338.661560,-0.98607000
8338.671040,-0.05941310
8338.680520,1.20864000
8338.689990,1.73429000
8338.699470,1.50127000
8338.708950,1.47418000
8338.718420,2.29245000
8338.727900,3.31665000
8338.737380,3.49006000
8338.746860,2.95358000
8338.756330,2.40625000
8338.765810,1.94021000
8338.775290,2.00524000
8338.784760,2.84520000
8338.794240,3.30581000
8338.803720,3.14324000
8338.813200,3.59302000
8338.822670,4.16744000
8338.832150,3.66889000
8338.841630,3.26788000
8338.851100,4.25957000
8338.860580,5.12119000
8338.870060,4.09158000
8338.879530,2.03234000
8338.889010,0.65590100
8338.898490,-0.02689880
8338.907970,-0.92104100
8338.917440,-1.54965000
8338.926920,-0.94271800
8338.936400,-0.11902300
8338.945870,-0.23282300
8338.955350,-0.07567020
8338.964830,1.03523000
8338.974310,1.76139000
8338.983780,1.73971000
8338.993260,1.52837000
8339.002740,0.88892000
8339.012210,0.16818700
8339.021690,-0.23282300
8339.031170,-1.07819000
8339.040650,-1.59300000
8339.050120,-0.15695600
8339.059600,1.64759000
8339.069080,1.61507000
8339.078550,0.80763400
8339.088030,0.66673900
8339.097510,0.55835800
8339.106980,-0.22198400
8339.116460,-1.26244000
8339.125940,-1.79893000
8339.135420,-1.51714000
8339.144890,-0.81266000
8339.154370,-0.58506100
8339.163850,-0.99690800
8339.173320,-0.97523200
8339.182800,-0.35746100
8339.192280,-0.16237500
8339.201760,-0.28159400
8339.211230,-0.31952700
8339.220710,-0.47126100
8339.230190,-0.46584200
8339.239660,-0.73679400
8339.249140,-1.60384000
8339.258620,-1.67971000
8339.268100,-1.26786000
8339.277570,-1.54965000
8339.287050,-1.06194000
8339.296530,-0.06483210
8339.306000,-0.64467000
8339.315480,-1.09445000
8339.324960,-0.07025120
8339.334430,0.27114900
8339.343910,0.11399600
8339.353390,0.73718700
8339.362870,0.86182500
8339.372340,0.40120600
8339.381820,0.29824400
8339.391300,0.28198700
8339.400770,0.63964400
8339.410250,1.10568000
8339.419730,0.98104400
8339.429210,1.10568000
8339.438680,1.06775000
8339.448160,0.18444400
8339.457640,0.26573000
8339.467110,1.06775000
8339.476590,0.76970100
8339.486070,0.66132000
8339.495550,1.68010000
8339.505020,2.54715000
8339.514500,2.87771000
8339.523980,2.79642000
8339.533450,2.21117000
8339.542930,1.36038000
8339.552410,0.93769100
8339.561890,1.73429000
8339.571360,2.62843000
8339.580840,2.07027000
8339.590320,1.18155000
8339.599790,0.53668200
8339.609270,-0.52545100
8339.618750,-0.87768900
8339.628220,-0.38997500
8339.637700,-0.38997500
8339.647180,-0.30868900
8339.656660,0.00019642
8339.666130,-0.13528000
8339.675610,0.00019642
8339.685090,0.15734900
8339.694560,-0.08108930
8339.704040,0.27656800
8339.713520,0.53668200
8339.723000,0.30908200
8339.732470,1.03523000
8339.741950,1.77222000
8339.751430,1.69636000
8339.760900,2.21659000
8339.770380,2.74223000
8339.779860,2.63385000
8339.789340,2.72598000
8339.798810,2.07569000
8339.808290,0.86182500
8339.817770,0.52584400
8339.827240,0.19528200
8339.836720,0.01645360
8339.846200,0.97562500
8339.855670,1.73429000
8339.865150,2.32497000
8339.874630,3.12699000
8339.884110,2.15156000
8339.893580,0.21153900
8339.903060,-0.11360400
8339.912540,0.03812970
8339.922010,-0.38997500
8339.931490,-0.42790800
8339.940970,-0.53628900
8339.950450,-0.98607000
8339.959920,-0.81808000
8339.969400,-0.53628900
8339.978880,-0.68802200
8339.988350,-0.43332700
8339.997830,0.00561546
8340.007310,-0.17321300
8340.016790,-0.45500300
8340.026260,-0.31952700
8340.035740,0.07064400
8340.045220,0.54210100
8340.054690,1.00272000
8340.064170,1.46876000
8340.073650,1.85351000
8340.083120,1.86435000
8340.092600,1.66926000
8340.102080,1.31161000
8340.111560,0.26573000
8340.121030,-0.46584200
8340.130510,0.58003400
8340.139990,1.33328000
8340.149460,0.22779600
8340.158940,0.27656800
8340.168420,2.01608000
8340.177900,2.39000000
8340.187370,2.06485000
8340.196850,2.52005000
8340.206330,2.40625000
8340.215800,2.01608000
8340.225280,1.74513000
8340.234760,0.28740600
8340.244240,-1.35457000
8340.253710,-1.59842000
8340.263190,-1.21909000
8340.272670,-0.66634600
8340.282140,0.23321500
8340.291620,1.07859000
8340.301100,1.71261000
8340.310570,1.77764000
8340.320050,0.80221500
8340.329530,-0.47126100
8340.339010,-1.37624000
8340.348480,-2.11323000
8340.357960,-1.97776000
8340.367440,-0.78556500
8340.376910,0.46081500
8340.386390,2.18949000
8340.395870,3.89649000
8340.405350,3.69599000
8340.414820,2.94816000
8340.424300,2.66095000
8340.433780,1.61507000
8340.443250,1.30077000
8340.452730,2.14072000
8340.462210,2.42251000
8340.471690,2.89397000
8340.481160,2.92648000
8340.490640,3.29498000
8340.500120,9.06084000
8340.509590,15.74250000
8340.519070,12.82170000
8340.528550,4.13493000
8340.538030,0.07606310
8340.547500,-0.20030800
8340.556980,-1.06194000
8340.566460,-1.34915000
8340.575930,-0.55796500
8340.585410,-0.32494600
8340.594890,-0.15695600
8340.604360,0.80221500
8340.613840,1.85351000
8340.623320,1.92396000
8340.632800,0.84014900
8340.642270,0.03812970
8340.651750,0.15734900
8340.661230,0.33075800
8340.670700,0.78053900
8340.680180,1.36038000
8340.689660,1.28993000
8340.699140,1.27367000
8340.708610,1.50669000
8340.718090,1.53379000
8340.727570,1.56088000
8340.737040,1.20864000
8340.746520,0.25489200
8340.756000,-0.76930800
8340.765480,-0.95355600
8340.774950,0.18444400
8340.784430,1.03523000
8340.793910,0.82389100
8340.803380,0.69383400
8340.812860,0.79679600
8340.822340,1.42541000
8340.831810,2.50380000
8340.841290,2.40625000
8340.850770,1.12736000
8340.860250,0.05980590
8340.869720,-0.41707000
8340.879200,-0.77472700
8340.888680,-0.74221300
8340.898150,0.40662500
8340.907630,1.14362000
8340.917110,0.73718700
8340.926590,0.75344400
8340.936060,0.63422500
8340.945540,0.59087200
8340.955020,1.40915000
8340.964490,1.44708000
8340.973970,1.65301000
8340.983450,2.43877000
8340.992930,1.78848000
8341.002400,1.20322000
8341.011880,0.62880600
8341.021360,-1.18116000
8341.030830,-2.00485000
8341.040310,-1.85854000
8341.049790,-1.31121000
8341.059260,-0.09192740
8341.068740,0.15734900
8341.078220,-0.11360400
8341.087700,-0.29785100
8341.097170,-0.91562200
8341.106650,-1.10529000
8341.116130,-0.89936500
8341.125600,-0.86685100
8341.135080,-2.09156000
8341.144560,-3.40296000
8341.154040,-2.29206000
8341.163510,-1.85854000
8341.172990,-1.72306000
8341.182470,0.29282500
8341.191940,0.05980590
8341.201420,0.52042500
8341.210900,2.36832000
8341.220380,0.43913900
8341.229850,0.67215800
8341.239330,1.65842000
8341.248810,-1.40876000
8341.258280,-0.90478400
8341.267760,-0.15153700
8341.277240,-1.93440000
8341.286710,0.00019642
8341.296190,0.90517700
8341.305670,1.05149000
8341.315150,3.52258000
8341.324620,4.08074000
8341.334100,4.66600000
8341.343580,5.19706000
8341.353050,3.90733000
8341.362530,1.11110000
8341.372010,-0.18405100
8341.381490,3.30581000
8341.390960,0.94311000
8341.400440,-0.45500300
8341.409920,4.79605000
8341.419390,-2.97486000
8341.428870,-0.78556500
8341.438350,8.85492000
8341.447830,-5.87405000
8341.457300,0.81847200
8341.466780,8.39972000
8341.476260,-12.74540000
8341.485730,7.58144000
8341.495210,9.08252000
8341.504690,-17.54670000
8341.514170,17.67710000
8341.523640,2.92648000
8341.533120,-22.68930000
8341.542600,27.90290000
8341.552070,-11.56400000
8341.561550,-20.39170000
8341.571030,43.13580000
8341.580500,-29.65280000
8341.589980,-5.43511000
8341.599460,53.60000000
8341.608940,-60.51430000
8341.618410,21.81190000
8341.627890,52.06640000
8341.637370,-96.36670000
8341.646840,84.39640000
8341.656320,30.07590000
8341.665800,-130.43100000
8341.675280,220.18100000
8341.684750,-72.03520000
8341.694230,483.33000000
8341.703710,3961.20000000
8341.713180,5546.95000000
8341.722660,2375.08000000
8341.732140,-97.36380000
8341.741620,144.47700000
8341.751090,82.90080000
8341.760570,-135.31900000
8341.770050,122.25900000
8341.779520,-8.77324000
8341.789000,-55.15490000
8341.798480,86.27140000
8341.807950,-39.22830000
8341.817430,-14.81010000
8341.826910,54.99810000
8341.836390,-41.53680000
8341.845860,9.26135000
8341.855340,30.11380000
8341.864820,-35.14770000
8341.874290,17.50910000
8341.883770,10.31810000
8341.893250,-24.62390000
8341.902730,18.43580000
8341.912200,-2.28664000
8341.921680,-14.85880000
8341.931160,15.41740000
8341.940630,-5.82528000
8341.950110,-4.02074000
8341.959590,12.30680000
8341.969070,-7.10417000
8341.978540,-1.99943000
8341.988020,4.73102000
8341.997500,-5.40801000
8342.006970,2.01608000
8342.016450,2.35206000
8342.025930,-3.59263000
8342.035400,1.95647000
8342.044880,2.62843000
8342.054360,1.86435000
8342.063840,3.39252000
8342.073310,0.81305300
8342.082790,-1.19199000
8342.092270,-0.67176500
8342.101740,0.51500600
8342.111220,-0.25449900
8342.120700,-0.02689880
8342.130180,2.53089000
8342.139650,1.13278000
8342.149130,0.92143400
8342.158610,3.09989000
8342.168080,1.56088000
8342.177560,2.29787000
8342.187040,3.22453000
8342.196520,0.86182500
8342.205990,2.05943000
8342.215470,2.53631000
8342.224950,0.81305300
8342.234420,1.84267000
8342.243900,1.05149000
8342.253380,-0.51461300
8342.262850,0.44997700
8342.272330,0.61254900
8342.281810,0.76970100
8342.291290,0.76970100
8342.300760,-0.75847000
8342.310240,-1.21909000
8342.319720,-0.47668000
8342.329190,-0.18947000
8342.338670,-0.78556500
8342.348150,-1.35457000
8342.357630,-0.98607000
8342.367100,-0.60131800
8342.376580,0.07606310
8342.386060,0.33617700
8342.395530,-0.81808000
8342.405010,-0.85059400
8342.414490,-0.46042200
8342.423970,-1.20283000
8342.433440,-1.16490000
8342.442920,-1.39250000
8342.452400,-2.06446000
8342.461870,-1.70138000
8342.471350,-1.59842000
8342.480830,-0.55796500
8342.490310,1.51753000
8342.499780,1.64759000
8342.509260,1.17613000
8342.518740,0.97020600
8342.528210,-0.33036500
8342.537690,-0.93729900
8342.547170,-0.48209900
8342.556640,-0.84517500
8342.566120,-1.40876000
8342.575600,-1.51714000
8342.585080,-1.60926000
8342.594550,-0.91562200
8342.604030,0.54210100
8342.613510,0.96478700
8342.622980,0.56919600
8342.632460,0.44455800
8342.641940,-0.22740400
8342.651420,-0.46584200
8342.660890,0.84556800
8342.670370,1.68552000
8342.679850,1.96731000
8342.689320,2.75307000
8342.698800,3.02402000
8342.708280,2.92106000
8342.717760,2.74765000
8342.727230,2.37916000
8342.736710,2.58508000
8342.746190,2.54715000
8342.755660,1.84809000
8342.765140,1.57172000
8342.774620,0.97562500
8342.784090,-0.10276500
8342.793570,-0.68260300
8342.803050,-1.26244000
8342.812530,-1.59300000
8342.822000,-0.88852700
8342.831480,-0.03773690
8342.840960,0.11941500
8342.850430,-0.07025120
8342.859910,-0.07567020
8342.869390,0.24405300
8342.878870,0.84014900
8342.888340,1.17071000
8342.897820,0.87266300
8342.907300,1.05691000
8342.916770,1.88061000
8342.926250,1.84267000
8342.935730,1.31161000
8342.945210,1.10568000
8342.954680,0.39578700
8342.964160,-0.46042200
8342.973640,-0.59589900
8342.983110,-0.62299400
8342.992590,-0.79640300
8343.002070,-0.63925100
8343.011540,-0.17863200
8343.021020,0.35785300
8343.030500,0.75886300
8343.039980,0.59629100
8343.049450,-0.10818500
8343.058930,-0.61215600
8343.068410,-1.00233000
8343.077880,-1.90731000
8343.087360,-2.60095000
8343.096840,-2.11865000
8343.106320,-1.03484000
8343.115790,-0.35746100
8343.125270,-0.08108930
8343.134750,0.18444400
8343.144220,0.20070100
8343.153700,-0.02147980
8343.163180,0.01645360
8343.172660,0.07606310
8343.182130,-0.01064170
8343.191610,0.04354880
8343.201090,0.17902500
8343.210560,0.67757700
8343.220040,1.23032000
8343.229520,0.64506300
8343.238990,-0.47668000
8343.248470,-0.76930800
8343.257950,-0.37371800
8343.267430,-0.00522263
8343.276900,-0.24908000
8343.286380,-0.66634600
8343.295860,-0.44958400
8343.305330,-0.26533700
8343.314810,-0.48751800
8343.324290,-0.61757500
8343.333770,-1.00775000
8343.343240,-1.63636000
8343.352720,-1.73932000
8343.362200,-1.43585000
8343.371670,-0.94813700
8343.381150,-0.01064170
8343.390630,1.21406000
8343.400110,2.24910000
8343.409580,2.81810000
8343.419060,2.81268000
8343.428540,2.23284000
8343.438010,1.62591000
8343.447490,1.37663000
8343.456970,0.97020600
8343.466440,0.42288200
8343.475920,0.11941500
8343.485400,-0.56338400
8343.494880,-1.44127000
8343.504350,-1.44127000
8343.513830,-1.05110000
8343.523310,-0.75305100
8343.532780,0.13025400
8343.542260,1.07859000
8343.551740,0.92685300
8343.561220,0.20612000
8343.570690,-0.11360400
8343.580170,0.04896780
8343.589650,0.71009100
8343.599120,1.75055000
8343.608600,2.56882000
8343.618080,2.90481000
8343.627560,2.78017000
8343.637030,1.89144000
8343.646510,0.56377700
8343.655990,-0.24908000
8343.665460,-0.59048000
8343.674940,-0.69344100
8343.684420,0.29824400
8343.693900,2.00524000
8343.703370,2.89939000
8343.712850,3.42503000
8343.722330,4.16744000
8343.731800,3.97778000
8343.741280,2.96983000
8343.750760,2.17865000
8343.760230,1.40915000
8343.769710,0.97020600
8343.779190,0.89975800
8343.788670,0.11399600
8343.798140,-0.20572700
8343.807620,1.27367000
8343.817100,2.17323000
8343.826570,1.41999000
8343.836050,1.11652000
8343.845530,1.24658000
8343.855010,0.90517700
8343.864480,0.69383400
8343.873960,0.16276800
8343.883440,-0.61757500
8343.892910,-0.19488900
8343.902390,0.59629100
8343.911870,0.82931000
8343.921350,1.32786000
8343.930820,1.54462000
8343.940300,0.99188200
8343.949780,0.28740600
8343.959250,-0.86143200
8343.968730,-1.72848000
8343.978210,-1.01858000
8343.987680,0.48249100
8343.997160,2.12988000
8344.006640,3.69599000
8344.016120,4.50342000
8344.025590,5.09952000
8344.035070,5.43550000
8344.044550,4.30292000
8344.054020,2.41167000
8344.063500,0.93769100
8344.072980,-0.25991800
8344.082460,-1.18116000
8344.091930,-1.66887000
8344.101410,-1.75557000
8344.110890,-1.46295000
8344.120360,-1.20825000
8344.129840,-1.14864000
8344.139320,-0.90478400
8344.148800,-0.66634600
8344.158270,-1.03484000
8344.167750,-1.90189000
8344.177230,-2.55759000
8344.186700,-2.37876000
8344.196180,-1.17574000
8344.205660,0.09232020
8344.215130,0.65048200
8344.224610,1.48501000
8344.234090,2.45502000
8344.243570,2.01608000
8344.253040,1.30619000
8344.262520,1.45792000
8344.272000,1.21948000
8344.281470,1.15987000
8344.290950,1.94563000
8344.300430,2.22201000
8344.309910,2.19491000
8344.319380,1.91312000
8344.328860,0.34701500
8344.338340,-1.13780000
8344.347810,-1.54965000
8344.357290,-1.75557000
8344.366770,-1.55507000
8344.376250,-1.05110000
8344.385720,-0.60131800
8344.395200,0.30366300
8344.404680,1.05149000
8344.414150,1.12736000
8344.423630,1.01356000
8344.433110,0.50416800
8344.442580,0.03812970
8344.452060,0.26031100
8344.461540,0.78053900
8344.471020,2.24368000
8344.480490,4.67141000
8344.489970,5.83109000
8344.499450,5.00739000
8344.508920,3.20285000
8344.518400,0.89433900
8344.527880,-1.00233000
8344.537360,-1.71764000
8344.546830,-1.78809000
8344.556310,-1.48462000
8344.565790,-0.95355600
8344.575260,-0.98607000
8344.584740,-1.17574000
8344.594220,-0.59048000
8344.603700,-0.17863200
8344.613170,-0.48751800
8344.622650,-0.08108930
8344.632130,1.51211000
8344.641600,3.17034000
8344.651080,3.88565000
8344.660560,3.50090000
8344.670040,2.62843000
8344.679510,1.35496000
8344.688990,-0.04857500
8344.698470,-0.54712700
8344.707940,-0.69344100
8344.717420,-0.92646000
8344.726900,-0.35746100
8344.736370,-0.04315600
8344.745850,-0.49835600
8344.755330,-0.67718400
8344.764810,-1.02400000
8344.774280,-1.06736000
8344.783760,-0.29243200
8344.793240,0.05980590
8344.802710,0.58003400
8344.812190,1.18155000
8344.821670,1.26283000
8344.831150,1.98357000
8344.840620,2.03776000
8344.850100,6.14539000
8344.859580,22.44050000
8344.869050,35.97180000
8344.878530,26.48310000
8344.888010,7.68982000
8344.897490,0.84014900
8344.906960,0.37411100
8344.916440,-1.52797000
8344.925920,-0.68260300
8344.935390,0.28198700
8344.944870,-1.93982000
8344.954350,-1.45753000
8344.963820,0.06522500
8344.973300,-1.21909000
8344.982780,0.19528200
8344.992260,1.18697000
8345.001730,-0.53628900
8345.011210,2.62301000
8345.020690,2.10821000
8345.030160,4.79063000
8345.039640,39.86270000
8345.049120,71.82970000
8345.058600,46.75570000
8345.068070,6.38925000
8345.077550,-0.41707000
8345.087030,1.41999000
8345.096500,-2.25955000
8345.105980,-0.74763200
8345.115460,-0.39539400
8345.124940,-0.22198400
8345.134410,3.85314000
8345.143890,3.84230000
8345.153370,2.10821000
8345.162840,2.88313000
8345.172320,2.39541000
8345.181800,2.14072000
8345.191270,2.60676000
8345.200750,3.33291000
8345.210230,7.13708000
8345.219710,9.16380000
8345.229180,5.78774000
8345.238660,2.83978000
8345.248140,1.83183000
8345.257610,1.09484000
8345.267090,1.77764000
8345.276570,2.29245000
8345.286050,1.40915000
8345.295520,0.70467200
8345.305000,0.18444400
8345.314480,-0.16237500
8345.323950,-0.04857500
8345.333430,-0.13528000
8345.342910,0.33617700
8345.352390,1.62591000
8345.361860,2.21117000
8345.371340,2.43335000
8345.380820,2.86687000
8345.390290,2.19491000
8345.399770,0.87808200
8345.409250,0.65590100
8345.418720,1.10568000
8345.428200,1.13278000
8345.437680,0.72634900
8345.447160,0.40662500
8345.456630,0.65590100
8345.466110,1.01898000
8345.475590,0.80221500
8345.485060,0.50416800
8345.494540,0.46623400
8345.504020,0.36869200
8345.513500,0.75886300
8345.522970,1.62049000
8345.532450,1.50669000
8345.541930,0.36327200
8345.551400,-0.68260300
8345.560880,-1.83144000
8345.570360,-2.96402000
8345.579840,-3.08866000
8345.589310,-2.88274000
8345.598790,-2.86648000
8345.608270,-2.09697000
8345.617740,-1.10529000
8345.627220,-0.70428000
8345.636700,-0.27617500
8345.646180,0.23321500
8345.655650,0.73718700
8345.665130,0.90517700
8345.674610,0.82389100
8345.684080,3.45755000
8345.693560,7.94994000
8345.703040,7.94994000
8345.712510,4.18370000
8345.721990,2.34664000
8345.731470,2.01066000
8345.740950,1.67468000
8345.750420,1.84809000
8345.759900,1.34954000
8345.769380,0.65590100
8345.778850,0.71551000
8345.788330,-0.15153700
8345.797810,-1.55507000
8345.807290,-2.00485000
8345.816760,-2.44379000
8345.826240,-2.75810000
8345.835720,-2.04820000
8345.845190,-1.22993000
8345.854670,-0.92104100
8345.864150,-0.79640300
8345.873630,-0.79640300
8345.883100,-1.33289000
8345.892580,-2.52508000
8345.902060,-3.14002000
8345.911530,-2.37742000
8345.921010,-1.25020000
8345.930490,-0.06516590
8345.939960,1.33775000
8345.949440,2.01141000
8345.958920,2.23819000
8345.968400,2.82515000
8345.977870,2.40939000
8345.987350,0.70854900
8345.996830,-0.28305100
8346.006300,-0.67880200
8346.015780,-1.61037000
8346.025260,-1.93053000
8346.034740,-1.27910000
8346.044210,-1.07455000
8346.053690,-1.24353000
8346.063170,-1.11457000
8346.072640,-1.07900000
8346.082120,-1.13236000
8346.091600,-0.96338700
8346.101080,-0.69214200
8346.110550,-0.26081800
8346.120030,0.57292700
8346.129510,1.77574000
8346.138980,2.65395000
8346.148460,2.31601000
8346.157940,1.09763000
8346.167410,0.08824310
8346.176890,-0.37198400
8346.186370,-0.28305100
8346.195850,0.52623700
8346.205320,1.66680000
8346.214800,2.06255000
8346.224280,1.28661000
8346.233750,0.31946800
8346.243230,-0.06961260
8346.252710,-0.17410900
8346.262190,-0.15187500
8346.271660,-0.14298200
8346.281140,-0.42756700
8346.290620,-0.64100600
8346.300090,-0.65434600
8346.309570,-0.80330800
8346.319050,-0.71882200
8346.328530,-0.06738920
8346.338000,0.79970500
8346.347480,1.46670000
8346.356960,1.38444000
8346.366430,0.36838100
8346.375910,-0.93670700
8346.385390,-1.86383000
8346.394860,-1.88162000
8346.404340,-0.83443400
8346.413820,0.67519900
8346.423300,2.05366000
8346.432770,2.80069000
8346.442250,2.67396000
8346.451730,2.53612000
8346.461200,2.65618000
8346.470680,1.85134000
8346.480160,0.39506100
8346.489640,-0.23858500
8346.499110,-0.33863400
8346.508590,-0.74550200
8346.518070,-1.06344000
8346.527540,-1.05899000
8346.537020,-1.08122000
8346.546500,-1.02342000
8346.555980,-0.70548200
8346.565450,-0.52539300
8346.574930,-0.64767600
8346.584410,-0.34308100
8346.593880,0.62851000
8346.603360,1.51117000
8346.612840,2.19373000
8346.622320,2.75400000
8346.631790,2.69842000
8346.641270,2.39827000
8346.650750,1.81354000
8346.660220,-0.10296200
8346.669700,-1.93498000
8346.679180,-1.74155000
8346.688650,-1.03676000
8346.698130,-1.11902000
8346.707610,-1.18127000
8346.717090,-1.23241000
8346.726560,-1.37025000
8346.736040,-1.15904000
8346.745520,-1.17238000
8346.754990,-1.90607000
8346.764470,-2.76650000
8346.773950,-3.17781000
8346.783430,-3.23340000
8346.792900,-3.15558000
8346.802380,-2.33517000
8346.811860,-0.46314000
8346.821330,1.31329000
8346.830810,2.26710000
8346.840290,2.58948000
8346.849770,2.37604000
8346.859240,2.14704000
8346.868720,1.86245000
8346.878200,0.76190900
8346.887670,-0.26748800
8346.897150,-0.10518600
8346.906630,0.40395400
8346.916100,0.59293700
8346.925580,0.89753100
8346.935060,1.11542000
8346.944540,0.53735400
8346.954010,-0.51872300
8346.963490,-0.79441500
8346.972970,-0.22746800
8346.982440,0.09046640
8346.991920,0.45286700
8347.001400,1.23548000
8347.010880,1.47115000
8347.020350,1.78019000
8347.029830,2.92520000
8347.039310,2.81181000
8347.048780,1.00203000
8347.058260,0.17495300
8347.067740,0.73078200
8347.077220,1.09541000
8347.086690,0.87529800
8347.096170,0.17272900
8347.105650,-0.49649000
8347.115120,-0.47425700
8347.124600,-0.40533400
8347.134080,-0.94337700
8347.143550,-1.60370000
8347.153030,-1.73488000
8347.162510,-1.27021000
8347.171990,-0.77885100
8347.181460,-0.36531400
8347.190940,0.16161300
8347.200420,0.07712650
8347.209890,-0.47870300
8347.219370,-0.43423700
8347.228850,-0.19189500
8347.238330,0.15494300
8347.247800,1.25326000
8347.257280,1.76018000
8347.266760,0.75523900
8347.276230,-0.30750800
8347.285710,-0.58764600
8347.295190,-0.58097600
8347.304670,-0.95894000
8347.314140,-1.54145000
8347.323620,-1.06121000
8347.333100,0.15049600
8347.342570,0.66630600
8347.352050,1.12209000
8347.361530,1.85356000
8347.371000,1.70237000
8347.380480,1.18879000
8347.389960,1.24215000
8347.399440,1.50894000
8347.408910,2.26043000
8347.418390,3.22090000
8347.427870,2.64506000
8347.437340,1.03093000
8347.446820,0.74634600
8347.456300,1.39333000
8347.465780,1.41556000
8347.475250,1.49338000
8347.484730,1.70237000
8347.494210,1.05094000
8347.503680,0.44397400
8347.513160,0.64629600
8347.522640,1.50005000
8347.532120,3.16754000
8347.541590,4.05909000
8347.551070,3.36542000
8347.560550,2.91186000
8347.570020,2.73622000
8347.579500,2.60504000
8347.588980,2.96077000
8347.598460,4.33034000
8347.607930,11.73180000
8347.617410,23.02400000
8347.626890,23.57090000
8347.636360,13.83500000
8347.645840,8.54575000
8347.655320,7.38962000
8347.664790,4.81947000
8347.674270,3.45435000
8347.683750,2.93409000
8347.693230,2.64506000
8347.702700,2.70287000
8347.712180,3.10529000
8347.721660,11.70290000
8347.731130,24.60030000
8347.740610,22.41260000
8347.750090,8.95706000
8347.759570,2.78958000
8347.769040,2.32935000
8347.778520,1.46892000
8347.788000,1.82243000
8347.797470,1.59788000
8347.806950,1.05316000
8347.816430,1.91803000
8347.825910,1.48226000
8347.835380,0.50400400
8347.844860,0.99313400
8347.854340,0.99091100
8347.863810,0.71521900
8347.873290,1.51117000
8347.882770,2.48943000
8347.892240,3.26537000
8347.901720,3.34985000
8347.911200,2.15593000
8347.920680,0.80192900
8347.930150,0.35281800
8347.939630,0.44397400
8347.949110,0.49066400
8347.958580,0.83972500
8347.968060,1.43780000
8347.977540,1.05094000
8347.987020,0.18606900
8347.996490,0.25276900
8348.005970,0.32391500
8348.015450,-0.14075900
8348.024920,-0.09851570
8348.034400,0.04600000
8348.043880,-0.27860500
8348.053360,-0.20301200
8348.062830,0.23498200
8348.072310,-0.00513630
8348.081790,-0.64100600
8348.091260,-0.50983000
8348.100740,0.18606900
8348.110220,0.49955700
8348.119690,0.62851000
8348.129170,1.11319000
8348.138650,1.66902000
8348.148130,1.79131000
8348.157600,1.77574000
8348.167080,2.28711000
8348.176560,2.57836000
8348.186030,1.74906000
8348.195510,1.08207000
8348.204990,1.35776000
8348.214470,1.56897000
8348.223940,1.63567000
8348.233420,1.89358000
8348.242900,1.87135000
8348.252370,1.30440000
8348.261850,0.62184000
8348.271330,0.87307500
8348.280810,1.82466000
8348.290280,1.80020000
8348.299760,1.23548000
8348.309240,1.06650000
8348.318710,0.13493300
8348.328190,-0.92559100
8348.337670,-0.11185600
8348.347140,1.42446000
8348.356620,1.66458000
8348.366100,0.97979400
8348.375580,0.51956700
8348.385050,0.75968600
8348.394530,1.43335000
8348.404010,1.90025000
8348.413480,1.97139000
8348.422960,1.79798000
8348.432440,1.42890000
8348.441920,1.31107000
8348.451390,1.54674000
8348.460870,1.07984000
8348.470350,0.06600990
8348.479820,-0.16521500
8348.489300,-0.00513630
8348.498780,0.18162300
8348.508260,0.94422100
8348.517730,1.37110000
8348.527210,0.99980400
8348.536690,0.65963600
8348.546160,0.86418200
8348.555640,1.74017000
8348.565120,1.81576000
8348.574590,1.26438000
8348.584070,2.26710000
8348.593550,2.42940000
8348.603030,1.46225000
8348.612500,2.19373000
8348.621980,0.75079200
8348.631460,3.44990000
8348.640930,21.58330000
8348.650410,33.69590000
8348.659890,19.64900000
8348.669370,4.41705000
8348.678840,5.64876000
8348.688320,7.35405000
8348.697800,4.85504000
8348.707270,4.70385000
8348.716750,3.97238000
8348.726230,2.29822000
8348.735710,1.78464000
8348.745180,0.65741300
8348.754660,-0.77885100
8348.764140,-1.78824000
8348.773610,-2.60197000
8348.783090,-2.69313000
8348.792570,-2.75316000
8348.802050,-3.01551000
8348.811520,-2.83320000
8348.821000,-2.21289000
8348.830480,-1.06344000
8348.839950,-0.30750800
8348.849430,-0.46314000
8348.858910,-0.40533400
8348.868380,-0.07628250
8348.877860,0.55514000
8348.887340,1.89803000
8348.896820,2.82293000
8348.906290,2.51833000
8348.915770,1.60677000
8348.925250,1.33553000
8348.934720,1.96695000
8348.944200,2.67396000
8348.953680,3.88345000
8348.963160,4.46818000
8348.972630,3.05637000
8348.982110,2.42051000
8348.991590,1.89358000
8349.001060,0.35281800
8349.010540,1.73350000
8349.020020,2.90519000
8349.029500,7.60306000
8349.038970,30.36540000
8349.048450,51.27350000
8349.057930,38.42270000
8349.067400,12.37210000
8349.076880,3.36986000
8349.086360,2.21151000
8349.095830,0.27277900
8349.105310,1.63345000
8349.114790,2.31379000
8349.124270,1.25104000
8349.133740,1.15766000
8349.143220,0.44397400
8349.152700,0.05267000
8349.162170,0.58626700
8349.171650,0.27055500
8349.181130,0.02599020
8349.190610,-0.20745800
8349.200080,-1.22352000
8349.209560,-1.54812000
8349.219040,-0.40533400
8349.228510,2.04921000
8349.237990,4.00129000
8349.247470,2.89407000
8349.256950,0.53068400
8349.266420,-0.11185600
8349.275900,0.33947800
8349.285380,0.54402400
8349.294850,0.29723500
8349.304330,0.08157320
8349.313810,0.33058500
8349.323280,0.85306500
8349.332760,1.82021000
8349.342240,2.64951000
8349.351720,2.26932000
8349.361190,1.84911000
8349.370670,2.21374000
8349.380150,2.02253000
8349.389620,1.16655000
8349.399100,0.62406300
8349.408580,0.31279800
8349.418060,-0.20745800
8349.427530,-0.71659800
8349.437010,-0.44757700
8349.446490,0.41507100
8349.455960,1.35776000
8349.465440,3.16976000
8349.474920,4.92396000
8349.484400,4.18360000
8349.493870,2.20707000
8349.503350,1.41556000
8349.512830,1.25104000
8349.522300,1.12209000
8349.531780,0.89753100
8349.541260,-0.02959280
8349.550730,-0.82109500
8349.560210,-1.25242000
8349.569690,-2.46635000
8349.579170,-3.44461000
8349.588640,-3.33345000
8349.598120,-3.12001000
8349.607600,-1.65262000
8349.617070,1.35554000
8349.626550,2.56947000
8349.636030,1.93804000
8349.645510,2.27377000
8349.654980,2.82515000
8349.664460,2.55390000
8349.673940,2.47831000
8349.683410,2.23375000
8349.692890,1.58898000
8349.702370,1.22658000
8349.711850,0.69965600
8349.721320,0.29056500
8349.730800,0.72411200
8349.740280,1.03760000
8349.749750,0.85973500
8349.759230,0.76857900
8349.768710,0.62851000
8349.778190,0.64407300
8349.787660,0.88641500
8349.797140,0.75301600
8349.806620,0.44397400
8349.816090,0.22608900
8349.825570,0.15049600
8349.835050,0.74634600
8349.844520,1.39111000
8349.854000,1.08651000
8349.863480,0.66852900
8349.872960,0.63518000
8349.882430,0.29723500
8349.891910,-0.03403950
8349.901390,-0.07183590
8349.910860,-0.26971100
8349.920340,0.00153366
8349.929820,0.91976500
8349.939300,1.09096000
8349.948770,0.86418200
8349.958250,1.36665000
8349.967730,1.14877000
8349.977200,0.13715600
8349.986680,0.81749200
8349.996160,2.18928000
8350.005640,1.84467000
8350.015110,1.27994000
8350.024590,1.31552000
8350.034070,0.54847000
8350.043540,-0.11852600
8350.053020,0.21719600
8350.062500,0.34614800
8350.071970,0.17495300
8350.081450,0.11937000
8350.090930,0.11270000
8350.100410,0.63073300
8350.109880,0.97090100
8350.119360,0.41729400
8350.128840,0.59960700
8350.138310,1.83577000
8350.147790,2.46497000
8350.157270,2.68063000
8350.166750,3.01413000
8350.176220,2.75623000
8350.185700,2.08701000
8350.195180,1.31107000
8350.204650,0.27500200
8350.214130,-0.22524500
8350.223610,-0.01847620
8350.233090,-0.09406910
8350.242560,-0.50983000
8350.252040,-0.87890100
8350.261520,-1.14570000
8350.270990,-0.91002700
8350.280470,-0.26081800
8350.289950,0.20830200
8350.299420,0.46843100
8350.308900,0.61961600
8350.318380,0.62406300
8350.327860,0.39506100
8350.337330,-0.38754700
8350.346810,-1.30133000
8350.356290,-1.43918000
8350.365760,-1.11013000
8350.375240,-0.75884200
8350.384720,0.13715600
8350.394200,1.09763000
8350.403670,1.09096000
8350.413150,1.01092000
8350.422630,1.62900000
8350.432100,1.64457000
8350.441580,0.89308500
8350.451060,0.64407300
8350.460540,0.39283800
8350.470010,-0.41645000
8350.479490,-0.56318900
8350.488970,0.25499200
8350.498440,1.22436000
8350.507920,1.83355000
8350.517400,1.73795000
8350.526870,1.65124000
8350.536350,2.19595000
8350.545830,2.27821000
8350.555310,1.67792000
8350.564780,1.05539000
8350.574260,-0.16299200
8350.583740,-1.48809000
8350.593210,-1.55924000
8350.602690,-1.05232000
8350.612170,-0.74327800
8350.621650,-0.08739910
8350.631120,0.68853900
8350.640600,0.89308500
8350.650080,0.70410300
8350.659550,0.45064400
8350.669030,-0.25414800
8350.678510,-1.40583000
8350.687990,-1.85271000
8350.697460,-1.47475000
8350.706940,-1.29688000
8350.716420,-1.07011000
8350.725890,-0.72993800
8350.735370,-1.05010000
8350.744850,-1.31022000
8350.754330,-0.93670700
8350.763800,-0.38087700
8350.773280,0.70632600
8350.782760,1.78241000
8350.792230,2.08034000
8350.801710,2.83404000
8350.811190,3.83676000
8350.820660,3.89457000
8350.830140,4.26141000
8350.839620,5.04625000
8350.849100,4.69718000
8350.858570,4.34145000
8350.868050,5.10850000
8350.877530,5.32194000
8350.887000,4.04575000
8350.896480,2.46719000
8350.905960,1.67569000
8350.915440,1.53340000
8350.924910,1.43780000
8350.934390,1.27327000
8350.943870,0.95533800
8350.953340,0.52401400
8350.962820,0.72633600
8350.972300,1.77130000
8350.981780,2.82515000
8350.991250,2.90964000
8351.000730,1.60455000
8351.010210,-0.02069950
8351.019680,-0.82554100
8351.029160,-1.29688000
8351.038640,-1.34135000
8351.048110,-0.47203300
8351.057590,-0.23191500
8351.067070,-1.22129000
8351.076550,-1.59259000
8351.086020,-0.71882200
8351.095500,0.62628600
8351.104980,2.06922000
8351.114450,3.22535000
8351.123930,3.93014000
8351.133410,4.23918000
8351.142890,4.12579000
8351.152360,4.00796000
8351.161840,3.77228000
8351.171320,3.00301000
8351.180790,2.39827000
8351.190270,2.12480000
8351.199750,1.61122000
8351.209230,1.33775000
8351.218700,1.20213000
8351.228180,0.48621700
8351.237660,0.04600000
8351.247130,0.23275900
8351.256610,0.30835200
8351.266090,0.86640500
8351.275560,2.01808000
8351.285040,2.31823000
8351.294520,2.02031000
8351.304000,2.54501000
8351.313470,3.27426000
8351.322950,2.85628000
8351.332430,1.86468000
8351.341900,1.36221000
8351.351380,0.75968600
8351.360860,-0.26971100
8351.370340,-0.49204300
8351.379810,0.01709690
8351.389290,-0.06294260
8351.398770,-0.30528400
8351.408240,-0.07628250
8351.417720,-0.03181610
8351.427200,-0.05182600
8351.436680,0.21719600
8351.446150,0.19273900
8351.455630,-0.02959280
8351.465110,0.05267000
8351.474580,-0.06071930
8351.484060,-0.60098600
8351.493540,-0.82109500
8351.503010,-0.63878200
8351.512490,-1.03231000
8351.521970,-1.77935000
8351.531450,-1.29688000
8351.540920,0.18384600
8351.550400,0.99758100
8351.559880,1.25326000
8351.569350,1.55563000
8351.578830,1.36443000
8351.588310,0.79748200
8351.597790,0.45953700
8351.607260,0.13493300
8351.616740,-0.26526500
8351.626220,-0.42312000
8351.635690,-0.21857500
8351.645170,0.41284800
8351.654650,1.30218000
8351.664130,1.76685000
8351.673600,1.31552000
8351.683080,0.43508100
8351.692560,-0.29639100
8351.702030,-1.18350000
8351.711510,-1.98167000
8351.720990,-1.89051000
8351.730470,-1.44585000
8351.739940,-1.20573000
8351.749420,-0.73660800
8351.758900,-0.36976100
8351.768370,-0.51205300
8351.777850,-0.62544200
8351.787330,-0.61654900
8351.796800,-0.74105500
8351.806280,-0.88112400
8351.815760,-0.76551200
8351.825240,-0.37198400
8351.834710,-0.24747800
8351.844190,-0.54318000
8351.853670,-0.84555100
8351.863140,-0.93670700
8351.872620,-0.13186600
8351.882100,1.18656000
8351.891580,1.24882000
8351.901050,0.75301600
8351.910530,1.04427000
8351.920010,1.06873000
8351.929480,0.87085100
8351.938960,0.87974500
8351.948440,-0.07405920
8351.957920,-1.22352000
8351.967390,-1.36136000
8351.976870,-1.26354000
8351.986350,-0.83221100
8351.995820,-0.12519600
8352.005300,0.08824310
8352.014780,0.55291700
8352.024250,1.20213000
8352.033730,1.14654000
8352.043210,1.05761000
8352.052690,1.08429000
8352.062160,1.37332000
8352.071640,2.90297000
8352.081120,4.03019000
8352.090590,2.71843000
8352.100070,0.59960700
8352.109550,-0.29639100
8352.119030,-0.34530400
8352.128500,-0.41867400
8352.137980,-0.51427600
8352.147460,-0.46314000
8352.156930,-0.54985000
8352.166410,-0.75439500
8352.175890,-0.71437500
8352.185370,-0.38310100
8352.194840,0.38394500
8352.204320,1.35998000
8352.213800,1.97584000
8352.223270,2.36715000
8352.232750,2.13147000
8352.242230,1.01092000
8352.251700,0.48177100
8352.261180,0.62406300
8352.270660,0.31057500
8352.280140,0.38616800
8352.289610,0.71966600
8352.299090,0.22831200
8352.308570,0.28167200
8352.318040,1.08651000
8352.327520,1.11764000
8352.337000,1.33553000
8352.346480,2.22708000
8352.355950,2.47386000
8352.365430,2.68063000
8352.374910,3.11418000
8352.384380,2.38938000
8352.393860,1.35776000
8352.403340,1.55786000
8352.412820,2.10924000
8352.422290,2.00252000
8352.431770,1.46003000
8352.441250,0.59960700
8352.450720,-0.45647000
8352.460200,-1.01675000
8352.469680,-0.87000800
8352.479150,-0.82998800
8352.488630,-1.00341000
8352.498110,-0.64100600
8352.507590,-0.35197400
8352.517060,-0.92336700
8352.526540,-1.18350000
8352.536020,-0.22524500
8352.545490,0.91531800
8352.554970,1.23325000
8352.564450,1.08874000
8352.573930,1.32886000
8352.583400,2.03809000
8352.592880,2.63394000
8352.602360,2.51611000
8352.611830,1.39555000
8352.621310,0.34837100
8352.630790,0.60627700
8352.640270,0.95756100
8352.649740,0.33058500
8352.659220,0.03710680
8352.668700,0.31946800
8352.678170,0.31279800
8352.687650,0.77302500
8352.697130,2.03809000
8352.706600,2.87629000
8352.716080,2.93187000
8352.725560,2.83404000
8352.735040,2.55168000
8352.744510,1.71349000
8352.753990,0.88641500
8352.763470,0.94866800
8352.772940,1.40889000
8352.782420,1.35109000
8352.791900,1.04205000
8352.801380,0.83972500
8352.810850,0.62184000
8352.820330,0.72633600
8352.829810,1.34887000
8352.839280,1.79353000
8352.848760,1.61789000
8352.858240,1.39333000
8352.867720,1.30218000
8352.877190,0.60405300
8352.886670,-0.28527500
8352.896150,-0.02292290
8352.905620,1.00203000
8352.915100,1.60232000
8352.924580,1.74462000
8352.934060,1.27327000
8352.943530,-0.11852600
8352.953010,-1.61704000
8352.962490,-2.48191000
8352.971960,-2.53083000
8352.981440,-1.69486000
8352.990920,-0.71437500
8353.000390,-0.10296200
8353.009870,0.57959700
8353.019350,0.72855900
8353.028830,-0.04515600
8353.038300,-0.07405920
8353.047780,0.57070300
8353.057260,-0.01180630
8353.066730,-0.83665800
8353.076210,-0.32084800
8353.085690,0.34392500
8353.095170,0.47954700
8353.104640,0.72411200
8353.114120,1.03538000
8353.123600,1.40667000
8353.133070,1.83355000
8353.142550,2.10479000
8353.152030,2.30489000
8353.161510,1.77574000
8353.170980,0.36838100
8353.180460,-0.22079800
8353.189940,0.14160300
8353.199410,-0.18744800
8353.208890,-0.76106500
8353.218370,-0.26526500
8353.227840,0.97534700
8353.237320,2.42051000
8353.246800,3.31873000
8353.256280,2.66062000
8353.265750,1.68014000
8353.275230,2.06033000
8353.284710,2.40050000
8353.294180,1.67347000
8353.303660,1.30662000
8353.313140,1.01759000
8353.322620,-0.19189500
8353.332090,-0.90113400
8353.341570,-0.73660800
8353.351050,-0.95894000
8353.360520,-1.03898000
8353.370000,-0.52094600
8353.379480,-0.33418800
8353.388960,-0.10740900
8353.398430,0.87974500
8353.407910,1.76685000
8353.417390,2.09812000
8353.426860,2.34047000
8353.436340,2.00919000
8353.445820,0.37505100
8353.455290,-1.80825000
8353.464770,-3.35568000
8353.474250,-3.87149000
8353.483730,-3.31788000
8353.493200,-2.28849000
8353.502680,-1.80380000
8353.512160,-1.69486000
8353.521630,-1.16571000
8353.531110,-0.59431600
8353.540590,-0.78329800
8353.550070,-1.46808000
8353.559540,-1.90830000
8353.569020,-2.01279000
8353.578500,-1.91719000
8353.587970,-1.47697000
8353.597450,-0.99006700
8353.606930,-0.91225100
8353.616410,-0.96561000
8353.625880,-1.00563000
8353.635360,-1.23686000
8353.644840,-1.28799000
8353.654310,-1.05010000
8353.663790,-1.28132000
8353.673270,-2.04392000
8353.682740,-2.47747000
8353.692220,-2.84654000
8353.701700,-4.19387000
8353.711180,-5.69016000
8353.720650,-5.73908000
8353.730130,-4.71413000
8353.739610,-3.28231000
8353.749080,-1.45696000
8353.758560,-0.43868400
8353.768040,-0.80330800
8353.777520,-1.23463000
8353.786990,-1.31912000
8353.796470,-1.47030000
8353.805950,-1.35024000
8353.815420,-0.91447400
8353.824900,-0.24747800
8353.834380,0.73522900
8353.843860,1.38888000
8353.853330,1.51339000
8353.862810,1.67347000
8353.872290,1.64012000
8353.881760,1.09318000
8353.891240,0.26166200
8353.900720,-0.75217200
8353.910200,-1.11457000
8353.919670,-0.36309100
8353.929150,-0.06738920
8353.938630,-0.66990900
8353.948100,-0.64767600
8353.957580,-0.18300200
8353.967060,0.07267990
8353.976530,0.82416200
8353.986010,1.23103000
8353.995490,0.34837100
8354.004970,-0.22746800
8354.014440,0.13715600
8354.023920,0.31946800
8354.033400,0.41062400
8354.042870,0.47065400
8354.052350,-0.20968200
8354.061830,-1.02119000
8354.071310,-1.03676000
8354.080780,-0.71437500
8354.090260,-0.59653900
8354.099740,-0.63211200
8354.109210,-0.70548200
8354.118690,-0.35197400
8354.128170,0.79748200
8354.137650,2.08256000
8354.147120,2.84961000
8354.156600,3.21868000
8354.166080,2.99634000
8354.175550,1.93137000
8354.185030,0.80859900
8354.194510,0.43952800
8354.203980,0.35726500
8354.213460,-0.15187500
8354.222940,-0.44090700
8354.232420,0.01709690
8354.241890,0.37060500
8354.251370,0.83305500
8354.260850,1.72016000
8354.270320,1.14432000
8354.279800,-0.36531400
8354.289280,-0.15409900
8354.298760,0.49733400
8354.308230,0.12159300
8354.317710,-0.01402960
8354.327190,-0.43423700
8354.336660,-1.23241000
8354.346140,-0.93893000
8354.355620,-0.55429600
8354.365100,-0.47203300
8354.374570,0.52846000
8354.384050,1.54674000
8354.393530,2.21596000
8354.403000,3.21201000
8354.412480,3.85899000
8354.421960,3.92125000
8354.431430,2.95633000
8354.440910,0.97090100
8354.450390,0.37282800
8354.459870,1.00203000
8354.469340,0.91531800
8354.478820,1.44669000
8354.488300,2.20262000
8354.497770,0.97757100
8354.507250,-0.27860500
8354.516730,-0.17410900
8354.526210,-0.20968200
8354.535680,-0.05849600
8354.545160,0.41729400
8354.554640,0.19273900
8354.564110,0.01042690
8354.573590,0.22164200
8354.583070,0.20385600
8354.592550,0.32169200
8354.602020,0.40617800
8354.611500,-0.20523500
8354.620980,-1.10790000
8354.630450,-1.57480000
8354.639930,-1.16793000
8354.649410,-0.20745800
8354.658880,0.53290700
8354.668360,1.20213000
8354.677840,1.95583000
8354.687320,2.34491000
8354.696790,2.35603000
8354.706270,2.04921000
8354.715750,1.60899000
8354.725220,1.31329000
8354.734700,0.86418200
8354.744180,0.65519000
8354.753660,0.97979400
8354.763130,0.49955700
8354.772610,-0.62099600
8354.782090,-0.82109500
8354.791560,-0.62988900
8354.801040,-0.69658900
8354.810520,-0.76551200
8354.820000,-1.23019000
8354.829470,-1.29466000
8354.838950,-0.32529400
8354.848430,0.07934980
8354.857900,0.37060500
8354.867380,2.43385000
8354.876860,4.55489000
8354.886340,4.67273000
8354.895810,3.89679000
8354.905290,3.04748000
8354.914770,1.72905000
8354.924240,0.31502200
8354.933720,-0.47425700
8354.943200,-0.35197400
8354.952670,0.33503200
8354.962150,0.58404300
8354.971630,0.14604900
8354.981110,-0.14520500
8354.990580,-0.20745800
8355.000060,-0.39644000
8355.009540,-0.08072920
8355.019010,0.69520900
8355.028490,0.81526900
8355.037970,0.73967600
8355.047450,1.38888000
8355.056920,1.87579000
8355.066400,2.09590000
8355.075880,2.97411000
8355.085350,3.24758000
8355.094830,1.78019000
8355.104310,0.39061500
8355.113790,0.19496200
8355.123260,0.17717600
8355.132740,0.13715600
8355.142220,0.23720600
8355.151690,-0.06071930
8355.161170,-0.40311000
8355.170650,-0.26526500
8355.180120,-0.30083800
8355.189600,-0.64545200
8355.199080,-0.67880200
8355.208560,-0.50316000
8355.218030,-0.33418800
8355.227510,-0.01402960
8355.236990,0.37505100
8355.246460,0.81526900
8355.255940,1.18212000
8355.265420,0.94644400
8355.274900,0.15938900
8355.284370,-0.39421700
8355.293850,-0.26081800
8355.303330,0.19273900
8355.312800,0.23942900
8355.322280,-0.05182600
8355.331760,0.15938900
8355.341240,0.96645400
8355.350710,1.63345000
8355.360190,1.86690000
8355.369670,2.08478000
8355.379140,2.73844000
8355.388620,3.60553000
8355.398100,4.08799000
8355.407570,4.31922000
8355.417050,4.84392000
8355.426530,5.20188000
8355.436010,4.32144000
8355.445480,2.58948000
8355.454960,1.72683000
8355.464440,1.93137000
8355.473910,1.72683000
8355.483390,0.75523900
8355.492870,-0.18300200
8355.502350,-0.36531400
8355.511820,0.73522900
8355.521300,1.89580000
8355.530780,1.17989000
8355.540250,-0.11852600
8355.549730,0.07267990
8355.559210,0.61294600
8355.568690,0.60405300
8355.578160,0.90642500
8355.587640,0.85751200
8355.597120,-0.13853500
8355.606590,-0.56096600
8355.616070,0.03710680
8355.625550,0.75523900
8355.635020,1.96028000
8355.644500,3.60998000
8355.653980,4.01907000
8355.663460,2.87629000
8355.672930,1.68681000
8355.682410,1.17989000
8355.691890,1.17767000
8355.701360,1.38666000
8355.710840,1.42001000
8355.720320,1.62678000
8355.729800,2.46052000
8355.739270,3.01191000
8355.748750,2.57391000
8355.758230,1.93137000
8355.767700,1.42223000
8355.777180,0.48177100
8355.786660,-0.64989900
8355.796140,-1.13458000
8355.805610,-1.10123000
8355.815090,-1.38137000
8355.824570,-1.81269000
8355.834040,-1.38804000
8355.843520,-0.24747800
8355.853000,0.33725500
8355.862480,0.00820361
8355.871950,-0.33196400
8355.881430,-0.05849600
8355.890910,0.38172100
8355.900380,0.53068400
8355.909860,0.91087100
8355.919340,1.74239000
8355.928810,2.06255000
8355.938290,1.72461000
8355.947770,1.96472000
8355.957250,2.87851000
8355.966720,3.25647000
8355.976200,3.08528000
8355.985680,3.14531000
8355.995150,3.01635000
8356.004630,2.18039000
8356.014110,1.44669000
8356.023590,1.34887000
8356.033060,1.21991000
8356.042540,0.89308500
8356.052020,1.22658000
8356.061490,2.09145000
8356.070970,2.16927000
8356.080450,1.55563000
8356.089930,1.42890000
8356.099400,1.23992000
8356.108880,0.30835200
8356.118360,-0.28527500
8356.127830,-0.51650000
8356.137310,-1.17683000
8356.146790,-1.25242000
8356.156260,-0.52317000
8356.165740,-0.21857500
8356.175220,0.46620700
8356.184700,2.29822000
8356.194170,3.37653000
8356.203650,2.74956000
8356.213130,1.61344000
8356.222600,0.75968600
8356.232080,0.55069400
8356.241560,0.79081200
8356.251040,0.33947800
8356.260510,-0.62766600
8356.269990,-0.78107500
8356.279470,-0.25637100
8356.288940,0.17717600
8356.298420,0.40395400
8356.307900,0.20830200
8356.317380,0.00375698
8356.326850,0.52846000
8356.336330,1.01092000
8356.345810,1.01314000
8356.355280,1.43557000
8356.364760,1.64679000
8356.374240,0.97534700
8356.383710,0.94644400
8356.393190,1.47115000
8356.402670,1.06428000
8356.412150,0.81082200
8356.421620,1.28217000
8356.431100,0.91976500
8356.440580,0.38616800
8356.450050,0.92643400
8356.459530,1.07984000
8356.469010,-0.00291298
8356.478490,-1.09456000
8356.487960,-1.08122000
8356.497440,0.01932020
8356.506920,0.70410300
8356.516390,0.38394500
8356.525870,0.68631600
8356.535350,1.27327000
8356.544830,0.26833200
8356.554300,-1.11013000
8356.563780,-1.29688000
8356.573260,-1.47030000
8356.582730,-2.24847000
8356.592210,-2.90434000
8356.601690,-3.18893000
8356.611160,-2.96882000
8356.620640,-2.35296000
8356.630120,-1.97944000
8356.639600,-2.28182000
8356.649070,-3.08443000
8356.658550,-3.33345000
8356.668030,-2.58863000
8356.677500,-2.21734000
8356.686980,-2.34629000
8356.696460,-1.58147000
8356.705940,-0.82331800
8356.715410,-1.02564000
8356.724890,-0.55429600
8356.734370,0.46620700
8356.743840,0.18606900
8356.753320,-0.56763600
8356.762800,-0.56985900
8356.772280,-0.64322900
8356.781750,-1.15237000
8356.791230,-1.43918000
8356.800710,-1.11680000
8356.810180,-0.55652000
8356.819660,-0.42312000
8356.829140,-0.02514620
8356.838620,1.14877000
8356.848090,1.68236000
8356.857570,1.57120000
8356.867050,1.96250000
8356.876520,1.72683000
8356.886000,0.73522900
8356.895480,0.96200800
8356.904950,1.70904000
8356.914430,1.33108000
8356.923910,0.87307500
8356.933390,0.92643400
8356.942860,0.61739300
8356.952340,0.17717600
8356.961820,-0.04293270
8356.971290,-0.45869300
8356.980770,-0.81664800
8356.990250,-0.69881200
8356.999730,-0.12074900
8357.009200,0.78636500
8357.018680,1.28439000
8357.028160,1.22658000
8357.037630,1.43335000
8357.047110,1.40889000
8357.056590,0.98201700
8357.066070,1.43335000
8357.075540,1.76685000
8357.085020,0.82860800
8357.094500,0.43730400
8357.103970,0.73300600
8357.113450,0.49066400
8357.122930,0.68631600
8357.132400,1.21324000
8357.141880,1.25104000
8357.151360,1.81799000
8357.160840,2.50499000
8357.170310,2.36715000
8357.179790,2.12925000
8357.189270,1.56230000
8357.198740,0.84417200
8357.208220,1.28217000
8357.217700,1.99140000
8357.227180,2.15815000
8357.236650,2.40494000
8357.246130,2.19595000
8357.255610,1.60232000
8357.265080,1.24659000
8357.274560,0.45731400
8357.284040,-0.13631200
8357.293520,0.34392500
8357.302990,0.89530800
8357.312470,1.76685000
8357.321950,3.20978000
8357.331420,3.56107000
8357.340900,3.19644000
8357.350380,3.34318000
8357.359850,2.82737000
8357.369330,1.40000000
8357.378810,0.31279800
8357.388290,-0.38532400
8357.397760,-0.86111400
8357.407240,-1.07900000
8357.416720,-1.27910000
8357.426190,-1.13681000
8357.435670,-0.49871300
8357.445150,0.34392500
8357.454630,1.27772000
8357.464100,1.59343000
8357.473580,1.03093000
8357.483060,0.70410300
8357.492530,0.57959700
8357.502010,-0.30083800
8357.511490,-1.35469000
8357.520970,-1.75267000
8357.530440,-1.64372000
8357.539920,-1.09901000
8357.549400,-0.34308100
8357.558870,0.33503200
8357.568350,0.90420100
8357.577830,0.57959700
8357.587300,-0.97450400
8357.596780,-2.25736000
8357.606260,-2.41744000
8357.615740,-2.44189000
8357.625210,-2.82208000
8357.634690,-2.87099000
8357.644170,-2.42855000
8357.653640,-1.81936000
8357.663120,-0.56763600
8357.672600,1.05983000
8357.682080,1.68681000
8357.691550,2.03142000
8357.701030,2.89185000
8357.710510,2.99857000
8357.719980,3.12307000
8357.729460,3.55217000
8357.738940,2.10479000
8357.748420,0.45064400
8357.757890,-0.13631200
8357.767370,-1.30355000
8357.776850,-0.54095600
8357.786320,1.21991000
8357.795800,2.73844000
8357.805280,14.91560000
8357.814750,33.48030000
8357.824230,32.82220000
8357.833710,14.84440000
8357.843190,4.38592000
8357.852660,2.85850000
8357.862140,0.56181000
8357.871620,-0.52317000
8357.881090,0.14604900
8357.890570,0.05044670
8357.900050,-0.00513630
8357.909530,-0.24970100
8357.919000,-0.84332800
8357.928480,-0.67657900
8357.937960,-0.22746800
8357.947430,-0.07628250
8357.956910,0.08379650
8357.966390,0.27500200
8357.975870,0.11047600
8357.985340,-0.41645000
8357.994820,-0.51872300
8358.004300,-0.14075900
8358.013770,0.21052600
8358.023250,0.74412200
8358.032730,1.27550000
8358.042210,1.85578000
8358.051680,2.66062000
8358.061160,2.42495000
8358.070640,1.12209000
8358.080110,0.22831200
8358.089590,-0.28527500
8358.099070,-0.74550200
8358.108540,-1.17905000
8358.118020,-1.42139000
8358.127500,-0.63655900
8358.136980,0.12604000
8358.146450,-0.18300200
8358.155930,0.33058500
8358.165410,1.65124000
8358.174880,1.89358000
8358.184360,1.73128000
8358.193840,1.44447000
8358.203320,0.48177100
8358.212790,-0.02069950
8358.222270,-0.30083800
8358.231750,-1.57925000
8358.241220,-2.72203000
8358.250700,-2.92658000
8358.260180,-3.23340000
8358.269660,-3.76255000
8358.279130,-3.96264000
8358.288610,-4.26057000
8358.298090,-4.67188000
8358.307560,-4.28280000
8358.317040,-3.29120000
8358.326520,-2.58419000
8358.335990,-2.27737000
8358.345470,-2.68424000
8358.354950,-3.93596000
8358.364430,-5.09431000
8358.373900,-5.44782000
8358.383380,-4.92757000
8358.392860,-3.95597000
8358.402330,-3.09110000
8358.411810,-2.03947000
8358.421290,-0.92781400
8358.430770,-0.25637100
8358.440240,0.39506100
8358.449720,0.50178100
8358.459200,-0.51650000
8358.468670,-1.12124000
8358.478150,-0.87223100
8358.487630,-0.79441500
8358.497110,-0.58319900
8358.506580,-0.30973100
8358.516060,-0.64989900
8358.525540,-0.39199400
8358.535010,0.91754100
8358.544490,1.09985000
8358.553970,0.49288700
8358.563440,1.25771000
8358.572920,1.37110000
8358.582400,0.00598030
8358.591880,0.02376680
8358.601350,0.11047600
8358.610830,-0.70548200
8358.620310,-0.29639100
8358.629780,-0.45424700
8358.639260,-0.72771500
8358.648740,0.52401400
8358.658220,-0.15409900
8358.667690,-0.78774500
8358.677170,0.14827300
8358.686650,-1.43028000
8358.696120,-1.31467000
8358.705600,0.68186900
8358.715080,-0.08517580
8358.724560,3.39432000
8358.734030,8.25894000
8358.743510,6.18236000
8358.752990,3.28538000
8358.762460,-1.04120000
8358.771940,-2.41521000
8358.781420,4.54600000
8358.790890,3.26759000
8358.800370,19.77350000
8358.809850,81.70190000
8358.819330,106.23000000
8358.828800,48.31650000
8358.838280,1.65791000
8358.847760,3.02302000
8358.857230,1.63790000
8358.866710,-2.43078000
8358.876190,2.59615000
8358.885670,1.70015000
8358.895140,0.25276900
8358.904620,1.71349000
8358.914100,-0.46314000
8358.923570,-0.81220100
8358.933050,0.07712650
8358.942530,-1.10346000
8358.952010,-1.02342000
8358.961480,-1.61482000
8358.970960,-2.72203000
8358.980440,-1.99278000
8358.989910,-1.76823000
8358.999390,-0.92559100
8359.008870,1.09985000
8359.018350,2.21151000
8359.027820,4.09466000
8359.037300,5.74214000
8359.046780,5.35973000
8359.056250,5.92223000
8359.065730,6.84936000
8359.075210,5.92890000
8359.084680,5.35751000
8359.094160,5.37974000
8359.103640,4.38147000
8359.113120,3.91458000
8359.122590,4.44373000
8359.132070,3.49214000
8359.141550,1.17100000
8359.151020,-0.22969200
8359.160500,-0.72326800
8359.169980,-0.67657900
8359.179460,0.24609900
8359.188930,0.70410300
8359.198410,0.41062400
8359.207890,0.48177100
8359.217360,0.12381600
8359.226840,-0.67880200
8359.236320,-0.54985000
8359.245800,0.00820361
8359.255270,0.56848000
8359.264750,1.54452000
8359.274230,2.28711000
8359.283700,2.53612000
8359.293180,2.77624000
8359.302660,2.91853000
8359.312130,2.63617000
8359.321610,1.81799000
8359.331090,0.87529800
8359.340570,0.35504100
8359.350040,0.05044670
8359.359520,-0.25859500
8359.369000,-0.39866400
8359.378470,-0.29639100
8359.387950,0.04822340
8359.397430,0.42618800
8359.406910,0.77302500
8359.416380,1.34887000
8359.425860,1.81799000
8359.435340,1.70682000
8359.444810,1.50450000
8359.454290,1.44891000
8359.463770,0.87974500
8359.473250,0.05267000
8359.482720,-0.12297200
8359.492200,-0.36086700
8359.501680,-1.46808000
8359.511150,-2.08839000
8359.520630,-1.77045000
8359.530110,-2.10840000
8359.539580,-2.63977000
8359.549060,-1.99278000
8359.558540,-1.30133000
8359.568020,-0.74105500
8359.577490,1.03760000
8359.586970,2.35158000
8359.596450,1.34887000
8359.605920,-0.19411800
8359.615400,-0.87445400
8359.624880,-1.10123000
8359.634360,-0.59209300
8359.643830,0.71744200
8359.653310,1.76907000
8359.662790,1.93582000
8359.672260,1.65124000
8359.681740,1.45781000
8359.691220,1.33997000
8359.700700,1.43335000
8359.710170,1.61566000
8359.719650,1.47337000
8359.729130,2.47164000
8359.738600,4.77722000
8359.748080,4.63938000
8359.757560,2.02698000
8359.767030,0.92421100
8359.776510,0.67519900
8359.785990,-0.49426700
8359.795470,-0.79663800
8359.804940,-0.28527500
8359.814420,-0.26081800
8359.823900,-0.05849600
8359.833370,0.05489330
8359.842850,-0.54762600
8359.852330,-0.93448400
8359.861810,-0.82109500
8359.871280,-0.82998800
8359.880760,-1.01452000
8359.890240,-1.07678000
8359.899710,-1.16349000
8359.909190,-1.40138000
8359.918670,-0.84555100
8359.928150,0.57737300
8359.937620,1.18879000
8359.947100,1.03093000
8359.956580,1.45336000
8359.966050,1.99585000
8359.975530,1.97362000
8359.985010,1.66458000
8359.994490,1.16878000
8360.003960,0.55069400
8360.013440,-0.08517580
8360.022920,-0.48537300
8360.032390,-0.51205300
8360.041870,-0.74327800
8360.051350,-1.04120000
8360.060820,-1.02119000
8360.070300,-1.50365000
8360.079780,-1.93275000
8360.089260,-0.85444400
8360.098730,0.42618800
8360.108210,0.58404300
8360.117690,0.94866800
8360.127160,1.78908000
8360.136640,1.75573000
8360.146120,1.18656000
8360.155600,0.93977400
8360.165070,0.38839100
8360.174550,-0.41645000
8360.184030,-0.66768500
8360.193500,-0.94782400
8360.202980,-1.48142000
8360.212460,-1.38804000
8360.221940,-0.91002700
8360.231410,-0.50983000
8360.240890,-0.26748800
8360.250370,-0.56318900
8360.259840,-0.56096600
8360.269320,-0.10296200
8360.278800,-0.54985000
8360.288270,-0.13853500
8360.297750,2.73399000
8360.307230,4.32811000
8360.316710,2.79625000
8360.326180,1.33553000
8360.335660,1.03093000
8360.345140,0.57070300
8360.354610,0.04600000
8360.364090,-0.33418800
8360.373570,-0.91002700
8360.383050,-1.39249000
8360.392520,-1.40805000
8360.402000,-1.20573000
8360.411480,-1.04120000
8360.420950,-0.62988900
8360.430430,0.17050600
8360.439910,0.86640500
8360.449390,0.98424100
8360.458860,0.69298600
8360.468340,0.72188900
8360.477820,0.90420100
8360.487290,-0.06961260
8360.496770,-1.88829000
8360.506250,-2.74204000
8360.515720,-2.50637000
8360.525200,-1.71487000
8360.534680,-0.38532400
8360.544160,-0.06071930
8360.553630,-1.69486000
8360.563110,-3.01773000
8360.572590,-2.74427000
8360.582060,-2.55084000
8360.591540,-2.93102000
8360.601020,-2.81097000
8360.610500,-2.35741000
8360.619970,-2.29516000
8360.629450,-2.36630000
8360.638930,-1.67040000
8360.648400,-0.03403950
8360.657880,1.12876000
8360.667360,1.30218000
8360.676840,1.96028000
8360.686310,2.88518000
8360.695790,2.68953000
8360.705270,2.22930000
8360.714740,2.14481000
8360.724220,1.78686000
8360.733700,1.84244000
8360.743170,2.56502000
8360.752650,2.80292000
8360.762130,2.58058000
8360.771610,2.18261000
8360.781080,1.24437000
8360.790560,0.47287700
8360.800040,0.36171100
8360.809510,-0.06516590
8360.818990,-0.99673700
8360.828470,-1.65929000
8360.837950,-2.05948000
8360.847420,-2.08172000
8360.856900,-1.16793000
8360.866380,-0.02292290
8360.875850,0.48399400
8360.885330,0.77302500
8360.894810,1.03093000
8360.904290,1.29106000
8360.913760,1.98918000
8360.923240,2.67396000
8360.932720,2.61393000
8360.942190,1.80465000
8360.951670,0.69298600
8360.961150,0.06156330
8360.970630,-0.34530400
8360.980100,-1.16571000
8360.989580,-1.42361000
8360.999060,-0.92114400
8361.008530,-0.78107500
8361.018010,-0.63878200
8361.027490,-0.00958294
8361.036960,0.56625700
8361.046440,0.56848000
8361.055920,-0.20968200
8361.065400,-0.56541300
8361.074870,0.17717600
8361.084350,0.57959700
8361.093830,0.82638500
8361.103300,1.76018000
8361.112780,2.06922000
8361.122260,1.37110000
8361.131740,0.60627700
8361.141210,0.50845000
8361.150690,1.04427000
8361.160170,1.50894000
8361.169640,5.17297000
8361.179120,13.83950000
8361.188600,17.80590000
8361.198080,11.34050000
8361.207550,4.22362000
8361.217030,2.28488000
8361.226510,1.36221000
8361.235980,0.69743300
8361.245460,1.14877000
8361.254940,1.29328000
8361.264410,1.64679000
8361.273890,2.44941000
8361.283370,2.33824000
8361.292850,1.83577000
8361.302320,2.00919000
8361.311800,1.96917000
8361.321280,0.71299600
8361.330750,-0.67880200
8361.340230,-0.81442500
8361.349710,-0.27193500
8361.359190,0.17939900
8361.368660,0.56181000
8361.378140,0.53290700
8361.387620,0.51512000
8361.397090,1.05316000
8361.406570,1.27327000
8361.416050,1.19990000
8361.425530,1.66902000
8361.435000,1.94694000
8361.444480,1.46892000
8361.453960,0.86640500
8361.463430,0.36615800
8361.472910,0.02599020
8361.482390,-0.11407900
8361.491860,-0.18077900
8361.501340,0.23720600
8361.510820,1.03315000
8361.520300,1.29995000
8361.529770,1.25104000
8361.539250,1.04205000
8361.548730,-0.12297200
8361.558200,-1.39471000
8361.567680,-1.42806000
8361.577160,-0.84555100
8361.586640,-0.19856500
8361.596110,0.15938900
8361.605590,-0.32529400
8361.615070,-0.61210200
8361.624540,-0.49204300
8361.634020,-1.01452000
8361.643500,-1.09012000
8361.652980,-0.64100600
8361.662450,-1.12791000
8361.671930,-1.15682000
8361.681410,-0.16299200
8361.690880,0.30835200
8361.700360,0.87974500
8361.709840,1.68459000
8361.719310,1.83800000
8361.728790,1.83133000
8361.738270,1.46670000
8361.747750,1.32219000
8361.757220,1.75129000
8361.766700,2.09812000
8361.776180,7.52969000
8361.785650,18.27720000
8361.795130,19.92030000
8361.804610,9.56625000
8361.814090,2.55613000
8361.823560,2.26710000
8361.833040,1.35776000
8361.842520,0.61961600
8361.851990,1.09763000
8361.861470,0.40840100
8361.870950,-0.27193500
8361.880430,-0.19411800
8361.889900,-0.14075900
8361.899380,0.40395400
8361.908860,1.12431000
8361.918330,1.68903000
8361.927810,1.95361000
8361.937290,0.92198800
8361.946770,-0.27193500
8361.956240,-0.12297200
8361.965720,0.05267000
8361.975200,-0.34752700
8361.984670,-0.72326800
8361.994150,-1.26354000
8362.003630,-1.44807000
8362.013100,-0.90780400
8362.022580,-0.38087700
8362.032060,0.10380600
8362.041540,0.32391500
8362.051010,-0.12741900
8362.060490,-0.06961260
8362.069970,0.96423100
8362.079440,1.78019000
8362.088920,2.10257000
8362.098400,1.96917000
8362.107880,1.08874000
8362.117350,0.50400400
8362.126830,0.88196800
8362.136310,0.82860800
8362.145780,-0.46314000
8362.155260,-1.63038000
8362.164740,-1.23019000
8362.174220,0.21497200
8362.183690,0.81971500
8362.193170,0.07712650
8362.202650,-0.50983000
8362.212120,-0.19634200
8362.221600,0.37282800
8362.231080,1.04205000
8362.240550,1.82910000
8362.250030,2.16260000
8362.259510,1.81354000
8362.268990,0.89308500
8362.278460,-0.22969200
8362.287940,-0.62321900
8362.297420,-0.30083800
8362.306890,-0.21190500
8362.316370,-0.21635200
8362.325850,0.05711660
8362.335330,0.32391500
8362.344800,0.77302500
8362.354280,1.07095000
8362.363760,0.53290700
8362.373230,0.00820361
8362.382710,-0.22302200
8362.392190,-1.08567000
8362.401670,-1.71487000
8362.411140,-1.25687000
8362.420620,-0.89668700
8362.430100,-0.89446400
8362.439570,-0.49204300
8362.449050,0.14160300
8362.458530,0.76857900
8362.468000,1.14432000
8362.477480,0.95533800
8362.486960,0.65741300
8362.496440,0.53290700
8362.505910,0.63962600
8362.515390,1.03315000
8362.524870,0.82193800
8362.534340,0.12826300
8362.543820,0.27055500
8362.553300,0.33725500
8362.562780,-0.42534400
8362.572250,-0.28082800
8362.581730,0.59738300
8362.591210,0.71299600
8362.600680,0.85306500
8362.610160,1.50450000
8362.619640,2.10924000
8362.629120,2.77846000
8362.638590,2.91631000
8362.648070,1.99585000
8362.657550,0.74189900
8362.667020,-0.40311000
8362.676500,-1.00563000
8362.685980,-1.07678000
8362.695450,-1.61260000
8362.704930,-2.20845000
8362.714410,-1.91497000
8362.723890,-1.30355000
8362.733360,-0.84555100
8362.742840,-0.63655900
8362.752320,-0.55429600
8362.761790,-0.09184580
8362.771270,0.20607900
8362.780750,0.25276900
8362.790230,0.96645400
8362.799700,1.59343000
8362.809180,1.58009000
8362.818660,1.72461000
8362.828130,1.64234000
8362.837610,1.29328000
8362.847090,1.40889000
8362.856570,1.39333000
8362.866040,0.99535700
8362.875520,0.51512000
8362.885000,-0.04515600
8362.894470,0.08157320
8362.903950,0.73522900
8362.913430,0.67742300
8362.922900,0.09046640
8362.932380,-0.68769500
8362.941860,-1.74377000
8362.951340,-2.55528000
8362.960810,-2.83542000
8362.970290,-2.35296000
8362.979770,-1.29466000
8362.989240,-0.59876300
8362.998720,-0.00958294
8363.008200,0.59516000
8363.017680,0.25943900
8363.027150,-0.20968200
8363.036630,-0.11185600
8363.046110,-0.50316000
8363.055580,-0.78996800
8363.065060,0.01487360
8363.074540,0.77524900
8363.084020,0.95311400
8363.093490,0.77080200
8363.102970,-0.10518600
8363.112450,-0.72549200
8363.121920,-0.23191500
8363.131400,-0.01625290
8363.140880,-0.52094600
8363.150360,-0.41867400
8363.159830,-0.02514620
8363.169310,-0.03403950
8363.178790,0.40173100
8363.188260,0.92865800
8363.197740,0.44619800
8363.207220,-0.45647000
8363.216690,-1.34135000
8363.226170,-2.22623000
8363.235650,-2.31294000
8363.245130,-1.65929000
8363.254600,-0.92114400
8363.264080,0.01932020
8363.273560,0.94199800
8363.283030,1.38444000
8363.292510,1.24215000
8363.301990,0.61294600
8363.311470,0.00820361
8363.320940,-0.82331800
8363.330420,-2.18177000
8363.339900,-2.79540000
8363.349370,-2.56418000
8363.358850,-2.50415000
8363.368330,-1.99056000
8363.377810,-1.24353000
8363.387280,-1.27243000
8363.396760,-1.06344000
8363.406240,-0.26748800
8363.415710,0.29501200
8363.425190,0.76190900
8363.434670,0.97979400
8363.444140,1.01314000
8363.453620,1.34664000
8363.463100,1.17989000
8363.472580,0.39061500
8363.482050,-0.30750800
8363.491530,-1.10568000
8363.501010,-1.29911000
8363.510480,-0.45869300
8363.519960,-0.09406910
8363.529440,-0.10518600
8363.538920,0.53290700
8363.548390,0.59071300
8363.557870,-0.60987900
8363.567350,-1.67040000
8363.576820,-1.89273000
8363.586300,-1.67040000
8363.595780,-1.33690000
8363.605260,-1.03676000
8363.614730,-0.32751800
8363.624210,1.16433000
8363.633690,2.38049000
8363.643160,2.59170000
8363.652640,3.06749000
8363.662120,4.27253000
8363.671590,5.11072000
8363.681070,5.93557000
8363.690550,7.02945000
8363.700030,6.25351000
8363.709500,2.95855000
8363.718980,-0.06071930
8363.728460,-1.05010000
8363.737930,-1.10568000
8363.747410,-1.31245000
8363.756890,-1.55924000
8363.766370,-1.40360000
8363.775840,-0.77662800
8363.785320,-0.19856500
8363.794800,0.19940900
8363.804270,0.47510100
8363.813750,-0.02069950
8363.823230,-0.75439500
8363.832710,-0.66323900
8363.842180,-0.64767600
8363.851660,-0.76773500
8363.861140,-0.07405920
8363.870610,0.35948800
8363.880090,0.50622700
8363.889570,1.68903000
8363.899040,2.78735000
8363.908520,2.88740000
8363.918000,2.81403000
8363.927480,2.54723000
8363.936950,2.26932000
8363.946430,2.65173000
8363.955910,2.80069000
8363.965380,1.73128000
8363.974860,0.44842100
8363.984340,-0.04737940
8363.993820,-0.48537300
8364.003290,-0.75439500
8364.012770,0.13270900
8364.022250,1.04872000
8364.031720,0.90864800
8364.041200,0.63073300
8364.050680,0.35726500
8364.060160,-0.39866400
8364.069630,-0.72549200
8364.079110,-0.05404930
8364.088590,-0.00735962
8364.098060,-0.95004700
8364.107540,-0.80775500
8364.117020,-0.22079800
8364.126500,-0.29861400
8364.135970,0.34837100
8364.145450,0.43508100
8364.154930,-0.12519600
8364.164400,0.82193800
8364.173880,1.27105000
8364.183360,1.76907000
8364.192830,2.79402000
8364.202310,2.17594000
8364.211790,8.83256000
8364.221270,24.31580000
8364.230740,29.49830000
8364.240220,18.88200000
8364.249700,6.90272000
8364.259170,3.14975000
8364.268650,3.92792000
8364.278130,1.38666000
8364.287610,0.45286700
8364.297080,2.93409000
8364.306560,0.50845000
8364.316040,1.27327000
8364.325510,4.55489000
8364.334990,0.83527800
8364.344470,3.78562000
8364.353950,5.68211000
8364.363420,-1.71265000
8364.372900,3.46324000
8364.382380,3.32762000
8364.391850,-3.57134000
8364.401330,10.10870000
8364.410810,7.66309000
8364.420280,7.04946000
8364.429760,38.23600000
8364.439240,46.13990000
8364.448720,181.30700000
8364.458190,534.26300000
8364.467670,663.87100000
8364.477150,360.63300000
8364.486620,83.77620000
8364.496100,40.95730000
8364.505580,21.84120000
8364.515060,0.65741300
8364.524530,12.35650000
8364.534010,3.26537000
8364.543490,-0.34530400
8364.552960,8.42347000
8364.562440,1.05539000
8364.571920,1.88913000
8364.581400,5.47979000
8364.590870,-0.83443400
8364.600350,1.91581000
8364.609830,3.14308000
8364.619300,-1.21685000
8364.628780,1.77797000
8364.638260,2.24264000
8364.647730,0.57070300
8364.657210,2.92965000
8364.666690,2.38716000
8364.676170,2.38493000
8364.685640,3.83454000
8364.695120,1.98918000
8364.704600,1.87579000
8364.714070,3.01635000
8364.723550,2.00919000
8364.733030,1.63345000
8364.742510,1.48893000
8364.751980,1.27772000
8364.761460,1.64457000
8364.770940,1.13543000
8364.780410,0.98201700
8364.789890,1.52895000
8364.799370,1.50894000
8364.808850,1.74684000
8364.818320,1.79575000
8364.827800,1.16433000
8364.837280,0.89308500
8364.846750,0.68409300
8364.856230,0.33947800
8364.865710,0.20607900
8364.875180,0.00153366
8364.884660,-0.28305100
8364.894140,-0.58542300
8364.903620,-0.82109500
8364.913090,-0.59209300
8364.922570,0.03710680
8364.932050,0.64407300
8364.941520,1.27327000
8364.951000,2.03587000
8364.960480,2.19373000
8364.969960,1.44891000
8364.979430,0.66186000
8364.988910,-0.19411800
8364.998390,-1.32134000
8365.007860,-1.86605000
8365.017340,-1.87272000
8365.026820,-1.77268000
8365.036300,-1.42584000
8365.045770,-1.06788000
8365.055250,-0.61210200
8365.064730,-0.11185600
8365.074200,0.12159300
8365.083680,0.82193800
8365.093160,1.68903000
8365.102640,1.48449000
8365.112110,1.04205000
8365.121590,1.13543000
8365.131070,0.78414200
8365.140540,-0.19189500
8365.150020,-0.95671700
8365.159500,-1.15459000
8365.168970,-1.05232000
8365.178450,-0.98784300
8365.187930,-1.11457000
8365.197410,-1.63928000
8365.206880,-2.13508000
8365.216360,-1.84382000
8365.225840,-1.41250000
8365.235310,-1.44585000
8365.244790,-1.19461000
8365.254270,-0.77885100
8365.263750,-0.78552100
8365.273220,-0.60987900
8365.282700,-0.30973100
8365.292180,-0.82776400
8365.301650,-1.78157000
8365.311130,-1.93053000
8365.320610,-1.07678000
8365.330090,-0.34085800
8365.339560,-0.28749800
8365.349040,0.04822340
8365.358520,0.76857900
8365.367990,0.78191900
8365.377470,0.30612800
8365.386950,-0.04737940
8365.396420,-0.55429600
8365.405900,-1.08345000
8365.415380,-1.28132000
8365.424860,-1.07900000
8365.434330,-0.60543300
8365.443810,-0.33418800
8365.453290,-0.04293270
8365.462760,0.47954700
8365.472240,0.38616800
8365.481720,0.03043680
8365.491200,0.18384600
8365.500670,0.20385600
8365.510150,0.39506100
8365.519630,0.86195800
8365.529100,0.25276900
8365.538580,-0.36753700
8365.548060,0.35726500
8365.557540,0.56848000
8365.567010,-0.12074900
8365.576490,-0.12964200
8365.585970,-0.11852600
8365.595440,-0.58764600
8365.604920,-0.35642100
8365.614400,0.14160300
8365.623870,-0.17855500
8365.633350,-0.45869300
8365.642830,0.01709690
8365.652310,0.23498200
8365.661780,-0.22302200
8365.671260,-0.32529400
8365.680740,0.12159300
8365.690210,0.28611900
8365.699690,0.17272900
8365.709170,0.24165200
8365.718650,0.24165200
8365.728120,-0.26748800
8365.737600,-1.22574000
8365.747080,-2.12841000
8365.756550,-2.43522000
8365.766030,-1.88829000
8365.775510,-0.73883200
8365.784990,0.17939900
8365.794460,0.41507100
8365.803940,0.47065400
8365.813420,0.62628600
8365.822890,0.65741300
8365.832370,0.61517000
8365.841850,0.49955700
8365.851320,0.12381600
8365.860800,-0.28527500
8365.870280,-0.35864400
8365.879760,-0.13853500
8365.889230,-0.10963200
8365.898710,-0.44535400
8365.908190,-0.43868400
8365.917660,0.04377670
8365.927140,0.15271900
8365.936620,0.18384600
8365.946100,0.73522900
8365.955570,0.80859900
8365.965050,0.33280800
8365.974530,0.50622700
8365.984000,0.65074300
8365.993480,0.48177100
8366.002960,1.33775000
8366.012440,2.07367000
8366.021910,2.19150000
8366.031390,4.47263000
8366.040870,7.03167000
8366.050340,5.68434000
8366.059820,3.26981000
8366.069300,2.43385000
8366.078780,0.96867800
8366.088250,-0.23858500
8366.097730,0.09046640
8366.107210,0.33058500
8366.116680,1.58898000
8366.126160,3.75005000
8366.135640,3.42767000
8366.145110,1.92248000
8366.154590,1.84467000
8366.164070,1.54007000
8366.173550,0.43285800
8366.183020,-0.60765600
8366.192500,-1.79268000
8366.201980,-2.23290000
8366.211450,-1.55924000
8366.220930,-1.04565000
8366.230410,-0.86778400
8366.239890,-0.89001700
8366.249360,-1.31912000
8366.258840,-1.56813000
8366.268320,-1.66596000
8366.277790,-2.11284000
8366.287270,-2.42188000
8366.296750,-2.42188000
8366.306230,-2.47080000
8366.315700,-2.24180000
8366.325180,-1.57480000
8366.334660,-0.95671700
8366.344130,-0.51872300
8366.353610,-0.16743900
8366.363090,-0.07405920
8366.372560,-0.26081800
8366.382040,-0.42312000
8366.391520,-0.16299200
8366.401000,0.44397400
8366.410470,0.60627700
8366.419950,0.15716600
8366.429430,0.05711660
8366.438900,0.39728400
8366.448380,0.36393500
8366.457860,0.39728400
8366.467340,1.35554000
8366.476810,2.63617000
8366.486290,3.47214000
8366.495770,3.85677000
8366.505240,3.49214000
8366.514720,2.44941000
8366.524200,1.72683000
8366.533680,1.30440000
8366.543150,0.42841100
8366.552630,-0.40311000
8366.562110,-0.88779400
8366.571580,-1.50810000
8366.581060,-1.53033000
8366.590540,-0.44980000
8366.600010,0.48399400
8366.609490,0.46398400
8366.618970,-0.19189500
8366.628450,-0.93448400
8366.637920,-1.21018000
8366.647400,-1.18572000
8366.656880,-1.09456000
8366.666350,-0.75884200
8366.675830,-0.59431600
8366.685310,-0.45869300
8366.694790,0.34170200
8366.704260,1.17322000
8366.713740,1.54674000
8366.723220,1.68014000
8366.732690,1.21324000
8366.742170,0.69520900
8366.751650,0.95311400
8366.761130,1.46892000
8366.770600,2.06700000
8366.780080,2.50054000
8366.789560,1.84689000
8366.799030,0.58404300
8366.808510,-0.51872300
8366.817990,-1.47253000
8366.827460,-1.73488000
8366.836940,-1.37915000
8366.846420,-1.08122000
8366.855900,-0.35642100
8366.865370,1.11986000
8366.874850,2.63172000
8366.884330,3.49214000
8366.893800,3.32762000
8366.903280,2.21374000
8366.912760,0.59960700
8366.922240,-0.80330800
8366.931710,-1.39471000
8366.941190,-1.30133000
8366.950670,-0.36976100
8366.960140,1.66013000
8366.969620,3.56996000
8366.979100,4.54822000
8366.988580,5.43755000
8366.998050,6.36245000
8367.007530,6.47806000
8367.017010,5.75548000
8367.026480,4.93286000
8367.035960,4.13691000
8367.045440,2.83849000
8367.054910,1.33997000
8367.064390,0.07045660
8367.073870,-1.30578000
8367.083350,-2.06838000
8367.092820,-1.46363000
8367.102300,-0.43868400
8367.111780,0.47287700
8367.121250,1.11319000
8367.130730,1.03982000
8367.140210,0.98646400
8367.149690,1.18656000
8367.159160,0.88196800
8367.168640,0.50845000
8367.178120,0.49288700
8367.187590,0.71299600
8367.197070,1.10875000
8367.206550,0.81749200
8367.216030,0.15049600
8367.225500,0.36615800
8367.234980,0.45731400
8367.244460,-0.00958294
8367.253930,0.29723500
8367.263410,0.83750200
8367.272890,1.13320000
8367.282370,1.94916000
8367.291840,2.31156000
8367.301320,1.77574000
8367.310800,1.54452000
8367.320270,1.09096000
8367.329750,-0.01847620
8367.339230,-0.56763600
8367.348700,-0.91669700
8367.358180,-1.62816000
8367.367660,-1.31245000
8367.377140,-0.00291298
8367.386610,0.74856900
8367.396090,1.07984000
8367.405570,1.51117000
8367.415040,1.72461000
8367.424520,2.01808000
8367.434000,2.46942000
8367.443480,2.32268000
8367.452950,1.79353000
8367.462430,1.75573000
8367.471910,2.19595000
8367.481380,2.49165000
8367.490860,2.25376000
8367.500340,1.83577000
8367.509820,1.44669000
8367.519290,0.41284800
8367.528770,-0.85889100
8367.538250,-1.27688000
8367.547720,-1.61704000
8367.557200,-2.27515000
8367.566680,-1.89718000
8367.576150,-0.66768500
8367.585630,0.17272900
8367.595110,0.59738300
8367.604590,0.47954700
8367.614060,-0.18077900
8367.623540,-0.53651000
8367.633020,-0.50093700
8367.642490,-0.38087700
8367.651970,-0.07850580
8367.661450,0.01709690
8367.670930,-0.43201400
8367.680400,-1.09012000
8367.689880,-1.57480000
8367.699360,-1.96610000
8367.708830,-2.94659000
8367.718310,-4.25390000
8367.727790,-4.35173000
8367.737270,-3.39792000
8367.746740,-2.58863000
8367.756220,-1.59703000
8367.765700,-0.50983000
8367.775170,0.05489330
8367.784650,0.60405300
8367.794130,0.64407300
8367.803600,-0.41645000
8367.813080,-1.01230000
8367.822560,-0.88112400
8367.832040,-1.46808000
8367.841510,-2.22846000
8367.850990,-1.93942000
8367.860470,-0.93003700
8367.869940,-0.17410900
8367.879420,-0.10296200
8367.888900,-0.15632200
8367.898380,-0.20745800
8367.907850,-0.71882200
8367.917330,-0.88779400
8367.926810,-0.40311000
8367.936280,-0.06516590
8367.945760,0.54402400
8367.955240,1.16878000
8367.964720,0.72411200
8367.974190,0.47732400
8367.983670,1.17545000
8367.993150,1.34220000
8368.002620,1.21324000
8368.012100,1.71349000
8368.021580,1.97584000
8368.031050,1.70015000
8368.040530,1.50227000
8368.050010,1.12876000
8368.059490,0.45731400
8368.068960,0.27055500
8368.078440,0.80192900
8368.087920,1.24882000
8368.097390,1.57120000
8368.106870,2.17149000
8368.116350,2.01141000
8368.125830,1.43335000
8368.135300,2.31156000
8368.144780,2.80292000
8368.154260,1.37777000
8368.163730,0.90197800
8368.173210,1.13320000
8368.182690,0.20830200
8368.192170,-0.16076900
8368.201640,-0.25859500
8368.211120,-0.34975100
8368.220600,0.68631600
8368.230070,0.36171100
8368.239550,0.21941900
8368.249030,2.12925000
8368.258510,2.91631000
8368.267980,13.52150000
8368.277460,38.60500000
8368.286940,46.75570000
8368.296410,24.90050000
8368.305890,5.43755000
8368.315370,2.29378000
8368.324840,0.99091100
8368.334320,-0.12741900
8368.343800,1.27994000
8368.353280,1.03315000
8368.362750,0.75746200
8368.372230,1.57787000
8368.381710,1.18879000
8368.391180,1.01092000
8368.400660,1.59343000
8368.410140,1.56675000
8368.419620,1.60677000
8368.429090,1.59343000
8368.438570,0.84861800
8368.448050,0.44397400
8368.457520,0.56403300
8368.467000,0.61294600
8368.476480,1.02426000
8368.485960,1.41779000
8368.495430,0.89753100
8368.504910,-0.00068966
8368.514390,-0.84332800
8368.523860,-1.90830000
8368.533340,-2.53972000
8368.542820,-2.00835000
8368.552290,-1.40138000
8368.561770,-1.54145000
8368.571250,-0.85666800
8368.580730,0.88196800
8368.590200,1.69126000
8368.599680,1.64012000
8368.609160,1.33330000
8368.618630,0.68409300
8368.628110,0.59516000
8368.637590,0.62851000
8368.647070,0.83972500
8368.656540,2.08923000
8368.666020,1.96250000
8368.675500,0.52179000
8368.684970,0.43063400
8368.694450,0.08824310
8368.703930,-0.81887100
8368.713410,-0.64989900
8368.722880,-0.56318900
8368.732360,-0.42089700
8368.741840,0.21719600
8368.751310,0.35059500
8368.760790,0.30612800
8368.770270,0.00598030
8368.779740,-0.67213200
8368.789220,-0.99673700
8368.798700,-0.66101600
8368.808180,-0.32307100
8368.817650,-0.39866400
8368.827130,1.09763000
8368.836610,2.62727000
8368.846080,1.58231000
8368.855560,1.13765000
8368.865040,-0.26304100
8368.874520,-1.82603000
8368.883990,0.76857900
8368.893470,-0.88112400
8368.902950,-3.15558000
8368.912420,0.90420100
8368.921900,-1.67707000
8368.931380,-2.26625000
8368.940860,2.84738000
8368.950330,-3.29565000
8368.959810,-1.84827000
8368.969290,4.04131000
8368.978760,-3.65360000
8368.988240,3.76117000
8368.997720,7.70533000
8369.007190,-4.20276000
8369.016670,7.82095000
8369.026150,5.91556000
8369.035630,-6.81961000
8369.045100,11.81630000
8369.054580,-0.18522500
8369.064060,-8.03354000
8369.073530,19.86240000
8369.083010,-4.24056000
8369.092490,5.34417000
8369.101970,46.75570000
8369.111440,25.05610000
8369.120920,108.23500000
8369.130400,175.34800000
8369.139870,279.59700000
8369.149350,1191.15000000
8369.158830,2304.13000000
8369.168310,1943.97000000
8369.177780,694.96700000
8369.187260,168.12000000
8369.196740,134.71200000
8369.206210,24.42690000
8369.215690,21.76780000
8369.225170,37.45560000
8369.234650,-10.05450000
8369.244120,11.93410000
8369.253600,11.43160000
8369.263080,-12.26450000
8369.272550,11.03360000
8369.282030,3.37653000
8369.291510,-5.67460000
8369.300980,12.19420000
8369.310460,0.52401400
8369.319940,-1.69931000
8369.329420,9.29501000
8369.338890,-1.19684000
8369.348370,1.21769000
8369.357850,6.36912000
8369.367320,-1.63928000
8369.376800,2.70287000
8369.386280,3.73449000
8369.395760,-1.94165000
8369.405230,2.30267000
8369.414710,2.20262000
8369.424190,0.05934000
8369.433660,3.44323000
8369.443140,2.68953000
8369.452620,3.20089000
8369.462100,6.30687000
8369.471570,5.14629000
8369.481050,5.09961000
8369.490530,6.49363000
8369.500000,5.45089000
8369.509480,4.87950000
8369.518960,5.16186000
8369.528430,4.20138000
8369.537910,2.74956000
8369.547390,2.27821000
8369.556870,1.62678000
8369.566340,0.21274900
8369.575820,0.36615800
8369.585300,1.08651000
8369.594770,0.92421100
8369.604250,1.57787000
8369.613730,1.84689000
8369.623210,1.23325000
8369.632680,1.38444000
8369.642160,0.87529800
8369.651640,-0.38310100
8369.661110,-1.09012000
8369.670590,-1.79713000
8369.680070,-1.73933000
8369.689550,-0.88557100
8369.699020,-0.76106500
8369.708500,-0.70992900
8369.717980,0.02376680
8369.727450,0.50400400
8369.736930,0.43508100
8369.746410,0.84194800
8369.755880,2.05366000
8369.765360,2.83627000
8369.774840,2.77624000
8369.784320,2.38716000
8369.793790,1.68236000
8369.803270,1.01314000
8369.812750,0.31279800
8369.822220,-0.69436500
8369.831700,-1.24797000
8369.841180,-1.41027000
8369.850660,-1.36803000
8369.860130,-0.43868400
8369.869610,0.67742300
8369.879090,1.15321000
8369.888560,1.41556000
8369.898040,1.34220000
8369.907520,1.12209000
8369.917000,1.44002000
8369.926470,1.41334000
8369.935950,0.61072300
8369.945430,0.71521900
8369.954900,1.88913000
8369.964380,2.30934000
8369.973860,2.23597000
8369.983330,2.44941000
8369.992810,1.71127000
8370.002290,0.29501200
8370.011770,0.06156330
8370.021240,0.81082200
8370.030720,1.56897000
8370.040200,2.31156000
8370.049670,3.10306000
8370.059150,3.77895000
8370.068630,4.08799000
8370.078110,4.35924000
8370.087580,4.96176000
8370.097060,5.61319000
8370.106540,6.94051000
8370.116010,9.33280000
8370.125490,12.18980000
8370.134970,17.01210000
8370.144450,26.36120000
8370.153920,44.54570000
8370.163400,84.28090000
8370.172880,164.27400000
8370.182350,297.18400000
8370.191830,467.94600000
8370.201310,609.36200000
8370.210790,634.48600000
8370.220260,525.47600000
8370.229740,354.52100000
8370.239220,203.77800000
8370.248690,105.47600000
8370.258170,52.86540000
8370.267650,27.59290000
8370.277120,15.43140000
8370.286600,9.91754000
8370.296080,7.68310000
8370.305560,6.86714000
8370.315030,6.61591000
8370.324510,5.97115000
8370.333990,5.25524000
8370.343460,4.73720000
8370.352940,4.16581000
8370.362420,4.42149000
8370.371900,4.94175000
8370.381370,4.37258000
8370.390850,3.52772000
8370.400330,2.82737000
8370.409800,2.49610000
8370.419280,3.52327000
8370.428760,4.45484000
8370.438240,4.15469000
8370.447710,4.45707000
8370.457190,5.28414000
8370.466670,5.04180000
8370.476140,4.62381000
8370.485620,5.08849000
8370.495100,6.03118000
8370.504570,7.43854000
8370.514050,9.77747000
8370.523530,13.18580000
8370.533010,17.72140000
8370.542480,24.99160000
8370.551960,39.06970000
8370.561440,66.38540000
8370.570910,120.73900000
8370.580390,228.79200000
8370.589870,420.96700000
8370.599350,700.10500000
8370.608820,994.08100000
8370.618300,1155.83000000
8370.627780,1078.34000000
8370.637250,812.68300000
8370.646730,512.25400000
8370.656210,284.51700000
8370.665690,147.47000000
8370.675160,77.74430000
8370.684640,45.51070000
8370.694120,28.96690000
8370.703590,19.56230000
8370.713070,14.08850000
8370.722550,10.19770000
8370.732020,7.78315000
8370.741500,6.60702000
8370.750980,5.50870000
8370.760460,4.49042000
8370.769930,3.91458000
8370.779410,3.61887000
8370.788890,3.73449000
8370.798360,4.09689000
8370.807840,4.06354000
8370.817320,3.68335000
8370.826800,3.10973000
8370.836270,2.20040000
8370.845750,1.53785000
8370.855230,1.68903000
8370.864700,1.81576000
8370.874180,0.94866800
8370.883660,0.30612800
8370.893140,1.12876000
8370.902610,1.86023000
8370.912090,1.84911000
8370.921570,2.17149000
8370.931040,2.02920000
8370.940520,1.34887000
8370.950000,1.33330000
8370.959470,1.44224000
8370.968950,1.81132000
8370.978430,2.49165000
8370.987910,2.00697000
8370.997380,1.23770000
8371.006860,1.49116000
8371.016340,1.88024000
8371.025810,1.90470000
8371.035290,1.72905000
8371.044770,1.64679000
8371.054250,1.46225000
8371.063720,0.84639500
8371.073200,0.40617800
8371.082680,-0.07405920
8371.092150,-0.57208300
8371.101630,-0.60098600
8371.111110,-0.82998800
8371.120590,-0.59209300
8371.130060,-0.13408900
8371.139540,-0.26081800
8371.149020,0.32613800
8371.158490,0.00375698
8371.167970,-0.76551200
8371.177450,-0.01847620
8371.186930,-1.15237000
8371.196400,-1.27688000
8371.205880,0.27944900
8371.215360,-1.85938000
8371.224830,0.36393500
8371.234310,4.44150000
8371.243790,0.71077300
8371.253260,1.37332000
8371.262740,2.46497000
8371.272220,-2.11951000
8371.281700,2.52500000
8371.291170,2.87851000
8371.300650,-1.44140000
8371.310130,6.71818000
8371.319600,2.67174000
8371.329080,-2.28182000
8371.338560,8.20113000
8371.348040,-1.20795000
8371.357510,0.03710680
8371.366990,15.76710000
8371.376470,1.02871000
8371.385940,22.43700000
8371.395420,52.69640000
8371.404900,89.42790000
8371.414380,411.10400000
8371.423850,836.25600000
8371.433330,733.14800000
8371.442810,270.03700000
8371.452280,62.63020000
8371.461760,52.82540000
8371.471240,12.33430000
8371.480710,8.10998000
8371.490190,15.44920000
8371.499670,-2.90434000
8371.509150,3.95682000
8371.518620,4.90618000
8371.528100,-4.58295000
8371.537580,4.00351000
8371.547050,2.45830000
8371.556530,-0.97672700
8371.566010,6.28019000
8371.575490,3.09639000
8371.584960,2.28711000
8371.594440,6.22460000
8371.603920,1.40889000
8371.613390,0.25721500
8371.622870,0.52846000
8371.632350,-2.89100000
8371.641830,-0.73883200
8371.651300,0.19718600
8371.660780,-1.67040000
8371.670260,0.47954700
8371.679730,0.98201700
8371.689210,-0.08739910
8371.698690,0.50400400
8371.708160,-0.10518600
8371.717640,-0.24525500
8371.727120,0.45731400
8371.736600,0.01487360
8371.746070,-0.30528400
8371.755550,-0.34530400
8371.765030,-0.46758700
8371.774500,-0.86778400
8371.783980,-1.34357000
8371.793460,-0.78774500
8371.802940,-0.62321900
8371.812410,-1.17016000
8371.821890,-0.63211200
8371.831370,-0.02069950
8371.840840,0.06600990
8371.850320,0.71744200
8371.859800,1.28884000
8371.869280,1.08207000
8371.878750,1.10430000
8371.888230,1.62011000
8371.897710,1.52895000
8371.907180,1.54452000
8371.916660,1.96695000
8371.926140,0.95533800
8371.935610,-0.07183590
8371.945090,0.06823320
8371.954570,-0.29639100
8371.964050,-0.07183590
8371.973520,0.34170200
8371.983000,-0.23413800
8371.992480,0.37060500
8372.001950,0.98868700
8372.011430,0.88641500
8372.020910,1.40222000
8372.030390,0.67297600
8372.039860,0.61294600
8372.049340,2.27821000
8372.058820,2.15148000
8372.068290,2.18706000
8372.077770,2.19373000
8372.087250,-0.40978000
8372.096730,-1.26131000
8372.106200,-0.14520500
8372.115680,-0.98339700
8372.125160,-1.89496000
8372.134630,-0.95227000
8372.144110,-0.50316000
8372.153590,-1.23908000
8372.163060,0.15494300
8372.172540,1.13543000
8372.182020,-0.17188500
8372.191500,2.31823000
8372.200970,2.53612000
8372.210450,-0.82554100
8372.219930,2.46052000
8372.229400,1.23548000
8372.238880,-2.00612000
8372.248360,3.88790000
8372.257840,0.23720600
8372.267310,-2.39076000
8372.276790,4.65049000
8372.286270,-2.17287000
8372.295740,-2.41077000
8372.305220,9.64185000
8372.314700,31.96400000
8372.324180,73.35110000
8372.333650,47.19370000
8372.343130,-18.73880000
8372.352610,0.28167200
8372.362080,1.39778000
8372.371560,-26.62050000
8372.381040,17.76810000
8372.390520,1.98696000
8372.399990,-14.80800000
8372.409470,51.07120000
8372.418950,3.74783000
8372.428420,29.36050000
8372.437900,144.03500000
8372.447380,136.94000000
8372.456850,864.49700000
8372.466330,2273.32000000
8372.475810,2304.69000000
8372.485290,910.42600000
8372.494760,151.33200000
8372.504240,149.36200000
8372.513720,35.24340000
8372.523190,0.10158300
8372.532670,48.86560000
8372.542150,-12.21120000
8372.551630,2.35381000
8372.561100,23.53310000
8372.570580,-15.02140000
8372.580060,9.02376000
8372.589530,10.98470000
8372.599010,-12.54240000
8372.608490,10.18660000
8372.617970,3.06527000
8372.627440,-8.26921000
8372.636920,8.89703000
8372.646400,-1.97722000
8372.655870,-4.85864000
8372.665350,7.58972000
8372.674830,-0.91669700
8372.684300,0.50622700
8372.693780,4.70608000
8372.703260,-2.90434000
8372.712740,1.87357000
8372.722210,4.07910000
8372.731690,-0.97228000
8372.741170,2.52055000
8372.750640,2.72510000
8372.760120,0.82638500
8372.769600,3.20534000
8372.779080,2.33380000
8372.788550,2.02475000
8372.798030,3.10306000
8372.807510,1.56675000
8372.816980,1.03538000
8372.826460,1.04649000
8372.835940,0.09935970
8372.845420,0.07267990
8372.854890,0.98424100
8372.864370,1.43780000
8372.873850,0.70854900
8372.883320,0.46398400
8372.892800,0.26833200
8372.902280,-0.89446400
8372.911750,-0.70325900
8372.921230,-0.76995800
8372.930710,-1.64817000
8372.940190,-0.19856500
8372.949660,0.81082200
8372.959140,1.28884000
8372.968620,4.78167000
8372.978090,6.77599000
8372.987570,4.66161000
8372.997050,2.45385000
8373.006530,1.19768000
8373.016000,0.71744200
8373.025480,1.09541000
8373.034960,0.94866800
8373.044430,0.70854900
8373.053910,1.23325000
8373.063390,1.29995000
8373.072870,0.62406300
8373.082340,0.48177100
8373.091820,0.94199800
8373.101300,1.36665000
8373.110770,1.76907000
8373.120250,2.11369000
8373.129730,2.40717000
8373.139200,2.08034000
8373.148680,0.87307500
8373.158160,0.87752100
8373.167640,2.01364000
8373.177110,2.02253000
8373.186590,2.48276000
8373.196070,3.63221000
8373.205540,2.42495000
8373.215020,0.39950800
8373.224500,0.19718600
8373.233980,0.50845000
8373.243450,0.28611900
8373.252930,-0.22524500
8373.262410,-0.31417800
8373.271880,0.45286700
8373.281360,1.18656000
8373.290840,2.01808000
8373.300320,3.20311000
8373.309790,3.43212000
8373.319270,3.04303000
8373.328750,3.12974000
8373.338220,3.04081000
8373.347700,2.61838000
8373.357180,2.18039000
8373.366660,1.29328000
8373.376130,0.26833200
8373.385610,-0.34308100
8373.395090,-0.73660800
8373.404560,-0.63433600
8373.414040,0.11270000
8373.423520,0.64629600
8373.432990,0.81526900
8373.442470,1.11764000
8373.451950,1.42890000
8373.461430,1.56008000
8373.470900,1.28884000
8373.480380,0.91754100
8373.489860,1.49783000
8373.499330,2.70064000
8373.508810,4.15469000
8373.518290,6.53142000
8373.527770,8.06774000
8373.537240,6.42915000
8373.546720,3.08528000
8373.556200,0.83305500
8373.565670,0.43063400
8373.575150,0.54847000
8373.584630,0.23498200
8373.594110,0.54847000
8373.603580,1.41556000
8373.613060,1.47559000
8373.622540,1.22214000
8373.632010,1.41112000
8373.641490,1.94694000
8373.650970,2.53612000
8373.660440,2.88740000
8373.669920,4.57490000
8373.679400,7.53636000
8373.688880,7.55415000
8373.698350,4.61047000
8373.707830,3.08083000
8373.717310,2.75845000
8373.726780,1.91581000
8373.736260,1.82021000
8373.745740,2.29600000
8373.755220,1.93137000
8373.764690,1.04649000
8373.774170,0.24165200
8373.783650,-0.33641100
8373.793120,-0.86111400
8373.802600,-1.69264000
8373.812080,-2.29071000
8373.821560,-2.21512000
8373.831030,-2.11951000
8373.840510,-2.11507000
8373.849990,-1.79491000
8373.859460,-1.52811000
8373.868940,-1.45474000
8373.878420,-0.79886100
8373.887890,0.38172100
8373.897370,0.70410300
8373.906850,0.06378660
8373.916330,0.00598030
8373.925800,0.71521900
8373.935280,1.38221000
8373.944760,2.10702000
8373.954230,2.38493000
8373.963710,1.71571000
8373.973190,1.27327000
8373.982670,1.09763000
8373.992140,0.22386600
8374.001620,-0.15854500
8374.011100,0.74634600
8374.020570,1.43335000
8374.030050,1.43780000
8374.039530,1.71349000
8374.049010,2.21151000
8374.058480,2.07589000
8374.067960,1.24215000
8374.077440,0.72633600
8374.086910,0.91087100
8374.096390,1.02648000
8374.105870,1.03982000
8374.115340,1.12209000
8374.124820,0.57292700
8374.134300,-0.28749800
8374.143780,-0.68547200
8374.153250,-1.11235000
8374.162730,-1.46141000
8374.172210,-1.08345000
8374.181680,-0.35864400
8374.191160,0.28611900
8374.200640,0.18162300
8374.210120,-0.78552100
8374.219590,-0.74550200
8374.229070,0.28167200
8374.238550,0.19496200
8374.248020,-0.15409900
8374.257500,0.41284800
8374.266980,0.59516000
8374.276460,0.62184000
8374.285930,1.34220000
8374.295410,1.72905000
8374.304890,1.59343000
8374.314360,1.53562000
8374.323840,1.24437000
8374.333320,0.74189900
8374.342800,0.32836200
8374.352270,-0.24303100
8374.361750,-1.05677000
8374.371230,-1.51255000
8374.380700,-1.16126000
8374.390180,-0.78329800
8374.399660,-1.02342000
8374.409130,-1.22129000
8374.418610,-1.39026000
8374.428090,-1.77935000
8374.437570,-1.28799000
8374.447040,-0.02959280
8374.456520,0.39506100
8374.466000,0.03266010
8374.475470,0.01487360
8374.484950,0.83972500
8374.494430,2.11813000
8374.503910,2.78068000
8374.513380,2.74733000
8374.522860,2.69842000
8374.532340,2.18039000
8374.541810,1.27994000
8374.551290,0.85306500
8374.560770,0.37727500
8374.570250,-0.18744800
8374.579720,-0.03848610
8374.589200,0.15049600
8374.598680,0.33947800
8374.608150,1.29551000
8374.617630,1.74462000
8374.627110,1.10430000
8374.636580,0.90420100
8374.646060,1.42001000
8374.655540,2.06033000
8374.665020,2.65840000
8374.674490,2.75178000
8374.683970,2.25820000
8374.693450,1.56675000
8374.702920,1.08207000
8374.712400,1.06873000
8374.721880,0.91976500
8374.731360,0.44842100
8374.740830,0.24832200
8374.750310,0.02599020
8374.759790,0.03488340
8374.769260,0.84194800
8374.778740,1.16433000
8374.788220,0.49733400
8374.797700,-0.04070940
8374.807170,-0.26526500
8374.816650,-0.12074900
8374.826130,0.71521900
8374.835600,3.38320000
8374.845080,9.60850000
8374.854560,15.26680000
8374.864030,13.28140000
8374.873510,6.59590000
8374.882990,3.10751000
8374.892470,2.42273000
8374.901940,1.27550000
8374.911420,0.60627700
8374.920900,0.76635600
8374.930370,0.59960700
8374.939850,0.28611900
8374.949330,-0.07850580
8374.958810,-0.47870300
8374.968280,-0.26526500
8374.977760,0.09268970
8374.987240,0.11492300
8374.996710,0.68186900
8375.006190,1.46892000
8375.015670,1.47559000
8375.025150,1.42446000
8375.034620,1.49338000
8375.044100,1.15321000
8375.053580,1.56008000
8375.063050,2.70064000
8375.072530,2.43385000
8375.082010,1.01092000
8375.091480,0.44175100
8375.100960,0.74856900
8375.110440,0.89753100
8375.119920,0.63295600
8375.129390,0.41507100
8375.138870,0.92643400
8375.148350,2.31379000
8375.157820,3.89457000
8375.167300,4.57268000
8375.176780,4.25030000
8375.186260,4.04575000
8375.195730,3.89234000
8375.205210,2.98745000
8375.214690,2.00919000
8375.224160,1.15099000
8375.233640,0.04377670
8375.243120,-0.07183590
8375.252600,0.66852900
8375.262070,0.40840100
8375.271550,-0.06516590
8375.281030,0.48844100
8375.290500,0.70187900
8375.299980,0.33058500
8375.309460,0.65519000
8375.318940,1.32219000
8375.328410,1.79353000
8375.337890,2.60282000
8375.347370,3.49437000
8375.356840,3.56551000
8375.366320,2.54056000
8375.375800,0.74189900
8375.385270,-1.11013000
8375.394750,-2.38631000
8375.404230,-2.79763000
8375.413710,-2.16843000
8375.423180,-0.87667700
8375.432660,0.43508100
8375.442140,1.44891000
8375.451610,1.66235000
8375.461090,1.21102000
8375.470570,1.05094000
8375.480050,0.85306500
8375.489520,0.42174100
8375.499000,0.93532800
8375.508480,1.62456000
8375.517950,1.19768000
8375.527430,1.08874000
8375.536910,1.68681000
8375.546390,1.60455000
8375.555860,1.19323000
8375.565340,0.89308500
8375.574820,0.44397400
8375.584290,0.38394500
8375.593770,0.68853900
8375.603250,1.06428000
8375.612720,1.44891000
8375.622200,1.95805000
8375.631680,5.05292000
8375.641160,10.52450000
8375.650630,11.57390000
8375.660110,6.67371000
8375.669590,2.74289000
8375.679060,1.74017000
8375.688540,0.96423100
8375.698020,1.03538000
8375.707500,1.79353000
8375.716970,1.51561000
8375.726450,1.24659000
8375.735930,1.40000000
8375.745400,1.01759000
8375.754880,1.25993000
8375.764360,2.30489000
8375.773840,2.21151000
8375.783310,1.42668000
8375.792790,1.43335000
8375.802270,1.41779000
8375.811740,0.80859900
8375.821220,0.48844100
8375.830700,0.53290700
8375.840170,0.22386600
8375.849650,-0.59876300
8375.859130,-1.39916000
8375.868610,-1.71932000
8375.878080,-1.78157000
8375.887560,-1.55701000
8375.897040,-0.74994800
8375.906510,-0.11630200
8375.915990,-0.05849600
8375.925470,0.24609900
8375.934950,0.51512000
8375.944420,-0.14298200
8375.953900,-1.14792000
8375.963380,-1.78379000
8375.972850,-2.08172000
8375.982330,-1.89496000
8375.991810,-1.34135000
8376.001290,-0.78329800
8376.010760,-0.21412800
8376.020240,0.33725500
8376.029720,0.63073300
8376.039190,0.49288700
8376.048670,-0.07183590
8376.058150,-0.80997800
8376.067620,-1.40805000
8376.077100,-1.60148000
8376.086580,-1.23019000
8376.096060,-0.52539300
8376.105530,0.18162300
8376.115010,0.60850000
8376.124490,0.43285800
8376.133960,0.20385600
8376.143440,0.61739300
8376.152920,0.86418200
8376.162400,0.34837100
8376.171870,-0.09184580
8376.181350,-0.19189500
8376.190830,-0.25637100
8376.200300,-0.19411800
8376.209780,-0.32307100
8376.219260,-0.65879200
8376.228740,-0.53651000
8376.238210,-0.20301200
8376.247690,-0.00291298
8376.257170,0.68186900
8376.266640,1.54229000
8376.276120,1.33108000
8376.285600,0.47287700
8376.295070,0.32391500
8376.304550,0.51512000
8376.314030,0.14382600
8376.323510,-0.43868400
8376.332980,-1.15904000
8376.342460,-2.06171000
8376.351940,-2.22623000
8376.361410,-1.96388000
8376.370890,-2.07282000
8376.380370,-1.52144000
8376.389850,-0.48092700
8376.399320,-0.26081800
8376.408800,0.09935970
8376.418280,0.89753100
8376.427750,0.97312400
8376.437230,1.16433000
8376.446710,1.69793000
8376.456190,1.35554000
8376.465660,1.21769000
8376.475140,1.86690000
8376.484620,1.80242000
8376.494090,1.49560000
8376.503570,1.60899000
8376.513050,1.05983000
8376.522530,0.48621700
8376.532000,0.77969500
8376.541480,0.80859900
8376.550960,0.41062400
8376.560430,0.07934980
8376.569910,-0.54540300
8376.579390,-0.74550200
8376.588860,0.08601980
8376.598340,0.94199800
8376.607820,1.33553000
8376.617300,1.44447000
8376.626770,1.22214000
8376.636250,0.99758100
8376.645730,0.95311400
8376.655200,0.57292700
8376.664680,-0.30750800
8376.674160,-0.68547200
8376.683640,-0.05404930
8376.693110,0.42396400
8376.702590,0.73078200
8376.712070,1.48893000
8376.721540,1.23548000
8376.731020,0.43730400
8376.740500,1.07540000
8376.749980,1.35776000
8376.759450,0.43508100
8376.768930,0.05044670
8376.778410,-0.40311000
8376.787880,-0.79663800
8376.797360,-0.27415800
8376.806840,-0.03626280
8376.816310,0.29723500
8376.825790,0.74412200
8376.835270,0.58404300
8376.844750,0.91976500
8376.854220,0.44619800
8376.863700,3.26537000
8376.873180,16.80760000
8376.882650,27.12600000
8376.892130,18.12380000
8376.901610,4.75499000
8376.911090,1.70682000
8376.920560,1.19768000
8376.930040,-0.10740900
8376.939520,0.22831200
8376.948990,-0.54540300
8376.958470,-1.38359000
8376.967950,-0.82776400
8376.977430,-0.78552100
8376.986900,-0.20968200
8376.996380,0.70854900
8377.005860,1.73350000
8377.015330,5.96003000
8377.024810,9.94644000
8377.034290,7.59417000
8377.043760,2.62060000
8377.053240,0.65519000
8377.062720,0.55958700
8377.072200,0.15049600
8377.081670,-0.21857500
8377.091150,0.16828300
8377.100630,0.81304500
8377.110100,0.71966600
8377.119580,0.04155340
8377.129060,-0.49426700
8377.138540,-0.73883200
8377.148010,-0.91225100
8377.157490,-1.43028000
8377.166970,-2.00612000
8377.176440,-1.78379000
8377.185920,-1.36358000
8377.195400,-1.47253000
8377.204880,-1.07455000
8377.214350,-0.42534400
8377.223830,-1.24797000
8377.233310,-2.35963000
8377.242780,-1.90830000
8377.252260,-1.38137000
8377.261740,-1.52144000
8377.271210,-0.93448400
8377.280690,-0.33418800
8377.290170,-0.22302200
8377.299650,0.97312400
8377.309120,2.28044000
8377.318600,2.39827000
8377.328080,3.26092000
8377.337550,4.49931000
8377.347030,3.67446000
8377.356510,2.18261000
8377.365990,1.68681000
8377.375460,0.87752100
8377.384940,-0.33641100
8377.394420,-0.91669700
8377.403890,-0.97228000
8377.413370,-0.68324900
8377.422850,-0.26081800
8377.432330,-0.06738920
8377.441800,-0.06961260
8377.451280,-0.24970100
8377.460760,-0.14520500
8377.470230,0.52179000
8377.479710,0.80192900
8377.489190,0.48177100
8377.498670,0.17495300
8377.508140,-0.09629240
8377.517620,0.21497200
8377.527100,1.22658000
8377.536570,1.61566000
8377.546050,1.32663000
8377.555530,1.09985000
8377.565000,0.81082200
8377.574480,0.91976500
8377.583960,1.57120000
8377.593440,1.84022000
8377.602910,1.66458000
8377.612390,0.90864800
8377.621870,-0.51205300
8377.631340,-0.98784300
8377.640820,-0.62988900
8377.650300,-1.47697000
8377.659780,-2.55084000
8377.669250,-2.48858000
8377.678730,-2.74204000
8377.688210,-2.95770000
8377.697680,-1.61927000
8377.707160,-0.28082800
8377.716640,0.12381600
8377.726120,0.74634600
8377.735590,1.09763000
8377.745070,0.78636500
8377.754550,0.71521900
8377.764020,0.29056500
8377.773500,-0.71437500
8377.782980,-0.87000800
8377.792450,-0.00291298
8377.801930,1.31552000
8377.811410,2.86072000
8377.820890,3.85232000
8377.830360,4.20138000
8377.839840,4.36146000
8377.849320,3.98128000
8377.858790,3.25425000
8377.868270,2.55835000
8377.877750,1.42223000
8377.887230,0.15271900
8377.896700,-0.49204300
8377.906180,-0.58986900
8377.915660,-0.28527500
8377.925130,0.06378660
8377.934610,-0.19411800
8377.944090,-0.94782400
8377.953570,-1.46586000
8377.963040,-1.01675000
8377.972520,0.20385600
8377.982000,1.03982000
8377.991470,1.37555000
8378.000950,1.62233000
8378.010430,1.24882000
8378.019900,0.57515000
8378.029380,0.36393500
8378.038860,0.05711660
8378.048340,-0.30528400
8378.057810,-0.39421700
8378.067290,-0.99673700
8378.076770,-1.42139000
8378.086240,-0.71659800
8378.095720,-0.54318000
8378.105200,-1.41694000
8378.114680,-1.75934000
8378.124150,-1.49476000
8378.133630,-0.88779400
8378.143110,0.07267990
8378.152580,0.42396400
8378.162060,0.62406300
8378.171540,1.56008000
8378.181020,1.90247000
8378.190490,1.52451000
8378.199970,1.66013000
8378.209450,1.44669000
8378.218920,0.55069400
8378.228400,0.53068400
8378.237880,1.28661000
8378.247350,1.54452000
8378.256830,1.45336000
8378.266310,1.67125000
8378.275790,1.91581000
8378.285260,1.68681000
8378.294740,1.33330000
8378.304220,1.22881000
8378.313690,0.92198800
8378.323170,0.20607900
8378.332650,-0.32307100
8378.342130,0.09268970
8378.351600,1.46448000
8378.361080,2.45830000
8378.370560,2.20484000
8378.380030,1.50450000
8378.389510,0.89308500
8378.398990,0.30168200
8378.408470,0.03266010
8378.417940,0.17939900
8378.427420,0.51734400
8378.436900,0.70187900
8378.446370,0.81971500
8378.455850,1.54007000
8378.465330,2.21818000
8378.474810,1.80242000
8378.484280,1.23103000
8378.493760,1.13543000
8378.503240,0.93532800
8378.512710,0.88863800
8378.522190,1.15099000
8378.531670,1.39555000
8378.541140,1.51561000
8378.550620,0.99535700
8378.560100,0.13715600
8378.569580,0.01709690
8378.579050,0.34392500
8378.588530,0.32391500
8378.598010,-0.53428600
8378.607480,-2.06393000
8378.616960,-2.61309000
8378.626440,-1.71265000
8378.635920,-0.78552100
8378.645390,-0.09406910
8378.654870,0.08824310
8378.664350,-0.89891100
8378.673820,-1.58147000
8378.683300,-1.20795000
8378.692780,-1.33246000
8378.702260,-1.76156000
8378.711730,-1.10346000
8378.721210,0.07712650
8378.730690,0.91309500
8378.740160,1.79575000
8378.749640,2.68730000
8378.759120,2.73399000
8378.768590,2.02698000
8378.778070,1.64679000
8378.787550,1.77130000
8378.797030,1.76685000
8378.806500,1.75796000
8378.815980,2.09145000
8378.825460,2.34714000
8378.834930,2.03142000
8378.844410,1.22881000
8378.853890,0.53735400
8378.863370,0.55514000
8378.872840,1.03093000
8378.882320,1.16433000
8378.891800,0.84639500
8378.901270,0.48621700
8378.910750,0.21052600
8378.920230,0.17939900
8378.929710,0.37949800
8378.939180,0.39283800
8378.948660,0.41507100
8378.958140,0.71299600
8378.967610,0.57515000
8378.977090,-0.11185600
8378.986570,-0.53651000
8378.996040,-0.65434600
8379.005520,-0.58986900
8379.015000,0.15716600
8379.024480,1.27327000
8379.033950,1.44891000
8379.043430,0.54402400
8379.052910,0.01709690
8379.062380,0.13937900
8379.071860,-0.28305100
8379.081340,-0.98562000
8379.090820,-1.28799000
8379.100290,-1.58592000
8379.109770,-1.19239000
8379.119250,0.09935970
8379.128720,0.50622700
8379.138200,0.07934980
8379.147680,0.14160300
8379.157160,0.39728400
8379.166630,0.79970500
8379.176110,1.30218000
8379.185590,1.16878000
8379.195060,1.31329000
8379.204540,2.06922000
8379.214020,1.64901000
8379.223490,0.26610900
8379.232970,-0.32974100
8379.242450,-0.32974100
8379.251930,-0.40755700
8379.261400,-0.32084800
8379.270880,-0.08962240
8379.280360,0.12381600
8379.289830,0.58182000
8379.299310,1.06873000
8379.308790,0.76635600
8379.318270,-0.02069950
8379.327740,-0.20078800
8379.337220,0.15938900
8379.346700,0.85973500
8379.356170,1.92026000
8379.365650,2.30934000
8379.375130,2.02253000
8379.384610,2.13147000
8379.394080,2.02698000
8379.403560,1.70460000
8379.413040,2.31601000
8379.422510,2.56724000
8379.431990,1.73350000
8379.441470,1.97584000
8379.450950,3.04303000
8379.460420,2.85405000
8379.469900,2.04921000
8379.479380,1.60455000
8379.488850,1.20880000
8379.498330,1.13765000
8379.507810,1.21324000
8379.517280,0.93310400
8379.526760,1.02648000
8379.536240,1.36665000
8379.545720,0.90864800
8379.555190,0.46843100
8379.564670,1.04427000
8379.574150,1.65346000
8379.583620,1.75573000
8379.593100,2.27599000
8379.602580,3.26314000
8379.612060,3.68557000
8379.621530,3.44101000
8379.631010,3.14753000
8379.640490,2.40939000
8379.649960,0.76413200
8379.659440,-0.75884200
8379.668920,-1.37470000
8379.678400,-1.57258000
8379.687870,-1.42139000
8379.697350,-1.00563000
8379.706830,-1.13458000
8379.716300,-1.37470000
8379.725780,-0.70770500
8379.735260,0.02376680
8379.744730,-0.21635200
8379.754210,-0.94782400
8379.763690,-1.58369000
8379.773170,-1.75044000
8379.782640,-1.05454000
8379.792120,0.00153366
8379.801600,0.56625700
8379.811070,0.48399400
8379.820550,0.08824310
8379.830030,0.07267990
8379.839510,0.65519000
8379.848980,1.01537000
8379.858460,0.99980400
8379.867940,1.06873000
8379.877410,0.83083200
8379.886890,0.65963600
8379.896370,1.73795000
8379.905850,3.01191000
8379.915320,2.55835000
8379.924800,0.92198800
8379.934280,-0.33641100
8379.943750,-0.82554100
8379.953230,-0.86333800
8379.962710,-0.73438500
8379.972180,-0.38977100
8379.981660,0.41729400
8379.991140,1.54674000
8380.000620,2.51611000
8380.010090,3.14308000
8380.019570,3.55884000
8380.029050,3.48325000
8380.038520,2.57169000
8380.048000,1.66902000
8380.057480,1.65124000
8380.066960,1.63790000
8380.076430,0.83305500
8380.085910,0.10158300
8380.095390,-0.01402960
8380.104860,0.02376680
8380.114340,0.24387500
8380.123820,0.74412200
8380.133300,0.85751200
8380.142770,0.45731400
8380.152250,0.23720600
8380.161730,0.07045660
8380.171200,-0.56763600
8380.180680,-1.10346000
8380.190160,-0.97672700
8380.199630,-0.74327800
8380.209110,-0.49204300
8380.218590,0.45286700
8380.228070,1.56008000
8380.237540,1.85356000
8380.247020,1.88691000
8380.256500,2.00252000
8380.265970,1.55786000
8380.275450,1.38444000
8380.284930,2.26487000
8380.294410,2.44941000
8380.303880,1.19323000
8380.313360,0.02821350
8380.322840,-0.69436500
8380.332310,-0.77885100
8380.341790,0.93088100
8380.351270,3.14086000
8380.360750,3.70114000
8380.370220,3.72559000
8380.379700,4.23696000
8380.389180,3.78562000
8380.398650,2.74511000
8380.408130,2.51833000
8380.417610,1.70682000
8380.427090,0.02821350
8380.436560,-0.17410900
8380.446040,0.59738300
8380.455520,0.73745200
8380.464990,1.31996000
8380.474470,2.24709000
8380.483950,2.38716000
8380.493420,2.53612000
8380.502900,2.60504000
8380.512380,1.98696000
8380.521860,1.53562000
8380.531330,0.88419100
8380.540810,-0.16743900
8380.550290,0.05044670
8380.559760,1.00647000
8380.569240,0.96200800
8380.578720,0.71966600
8380.588200,1.16655000
8380.597670,1.83577000
8380.607150,2.36492000
8380.616630,2.19817000
8380.626100,1.26216000
8380.635580,0.63295600
8380.645060,0.66630600
8380.654540,0.71299600
8380.664010,0.70854900
8380.673490,0.94422100
8380.682970,1.02648000
8380.692440,0.31724500
8380.701920,-0.88334700
8380.711400,-1.31467000
8380.720870,-0.54318000
8380.730350,0.25054500
8380.739830,0.39283800
8380.749310,0.38172100
8380.758780,0.29501200
8380.768260,0.45286700
8380.777740,1.39778000
8380.787210,1.94249000
8380.796690,1.33775000
8380.806170,0.71299600
8380.815650,0.05267000
8380.825120,-0.95449400
8380.834600,-0.97228000
8380.844080,0.26166200
8380.853550,1.70015000
8380.863030,2.52945000
8380.872510,2.08701000
8380.881990,1.57564000
8380.891460,2.37159000
8380.900940,2.50277000
8380.910420,1.10652000
8380.919890,0.52179000
8380.929370,0.49733400
8380.938850,-0.44313000
8380.948320,-0.59209300
8380.957800,0.41507100
8380.967280,0.31279800
8380.976760,-0.41645000
8380.986230,-0.22302200
8380.995710,-0.03181610
8381.005190,-0.25414800
8381.014660,-0.32307100
8381.024140,-0.67880200
8381.033620,-1.02342000
8381.043100,-0.89224100
8381.052570,-1.36803000
8381.062050,-2.33962000
8381.071530,-2.50415000
8381.081000,-2.25069000
8381.090480,-2.00390000
8381.099960,-0.95227000
8381.109440,0.79525900
8381.118910,2.10924000
8381.128390,2.39160000
8381.137870,1.64012000
8381.147340,0.12604000
8381.156820,-1.33468000
8381.166300,-1.94609000
8381.175770,-2.19955000
8381.185250,-2.45746000
8381.194730,-1.85271000
8381.204210,-0.91225100
8381.213680,-0.62321900
8381.223160,0.00598030
8381.232640,0.74856900
8381.242110,0.44175100
8381.251590,0.01932020
8381.261070,-0.57208300
8381.270550,-1.80825000
8381.280020,-1.76823000
8381.289500,-0.72549200
8381.298980,-0.75439500
8381.308450,-0.76995800
8381.317930,0.16161300
8381.327410,0.87307500
8381.336890,1.09985000
8381.346360,1.03315000
8381.355840,0.92198800
8381.365320,1.36443000
8381.374790,2.06700000
8381.384270,2.44496000
8381.393750,2.80736000
8381.403220,3.85677000
8381.412700,4.63938000
8381.422180,3.73226000
8381.431660,3.24536000
8381.441130,3.88790000
8381.450610,3.33874000
8381.460090,6.61813000
8381.469560,16.52520000
8381.479040,19.94690000
8381.488520,11.04480000
8381.498000,3.28538000
8381.507470,2.72955000
8381.516950,2.71843000
8381.526430,1.67569000
8381.535900,1.48226000
8381.545380,1.25104000
8381.554860,0.69743300
8381.564340,0.45731400
8381.573810,0.69743300
8381.583290,1.16655000
8381.592770,1.35554000
8381.602240,1.21991000
8381.611720,0.83527800
8381.621200,0.25276900
8381.630680,-0.45869300
8381.640150,-1.37248000
8381.649630,-1.73266000
8381.659110,-1.07455000
8381.668580,-0.38754700
8381.678060,0.05267000
8381.687540,0.53957700
8381.697010,0.61294600
8381.706490,0.31279800
8381.715970,0.04600000
8381.725450,-0.32084800
8381.734920,-0.97450400
8381.744400,-1.90385000
8381.753880,-2.57529000
8381.763350,-2.45523000
8381.772830,-1.64372000
8381.782310,-0.29861400
8381.791790,0.80415200
8381.801260,1.00870000
8381.810740,1.33997000
8381.820220,1.92915000
8381.829690,1.76463000
8381.839170,1.90247000
8381.848650,2.67619000
8381.858130,2.04921000
8381.867600,0.65296600
8381.877080,0.56848000
8381.886560,0.56848000
8381.896030,-0.41200400
8381.905510,-1.05677000
8381.914990,-1.33246000
8381.924460,-1.63928000
8381.933940,-1.03453000
8381.943420,0.05489330
8381.952900,0.30168200
8381.962370,0.06600990
8381.971850,0.22608900
8381.981330,0.91309500
8381.990800,1.45114000
8382.000280,0.91309500
8382.009760,-0.04737940
8382.019240,-0.39421700
8382.028710,-0.66990900
8382.038190,-0.62099600
8382.047670,0.58404300
8382.057140,1.78908000
8382.066620,2.31156000
8382.076100,2.73399000
8382.085580,2.36270000
8382.095050,1.29106000
8382.104530,1.07095000
8382.114010,1.15321000
8382.123480,0.44175100
8382.132960,-0.16299200
8382.142440,-0.32751800
8382.151910,-0.40311000
8382.161390,0.40840100
8382.170870,1.89803000
8382.180350,2.41606000
8382.189820,2.03365000
8382.199300,1.99585000
8382.208780,2.03587000
8382.218250,1.51117000
8382.227730,0.87307500
8382.237210,0.22608900
8382.246690,-0.52539300
8382.256160,-0.19411800
8382.265640,1.64012000
8382.275120,3.28760000
8382.284590,3.56551000
8382.294070,2.81848000
8382.303550,1.95583000
8382.313030,1.85356000
8382.322500,1.88246000
8382.331980,1.09985000
8382.341460,0.56848000
8382.350930,0.59516000
8382.360410,-0.14298200
8382.369890,-0.79441500
8382.379360,-0.07405920
8382.388840,0.52623700
8382.398320,0.10825300
8382.407800,-0.16743900
8382.417270,0.03933010
8382.426750,0.42396400
8382.436230,1.01314000
8382.445700,1.22214000
8382.455180,0.67297600
8382.464660,-0.00958294
8382.474140,-0.67213200
8382.483610,-1.29021000
8382.493090,-1.08345000
8382.502570,-0.22302200
8382.512040,0.33058500
8382.521520,0.76635600
8382.531000,1.25771000
8382.540480,1.38888000
8382.549950,1.64234000
8382.559430,2.06922000
8382.568910,1.56453000
8382.578380,0.50400400
8382.587860,0.41729400
8382.597340,0.87307500
8382.606820,0.48621700
8382.616290,-0.07850580
8382.625770,0.18606900
8382.635250,0.29723500
8382.644720,-0.03626280
8382.654200,0.38616800
8382.663680,1.27550000
8382.673150,1.71571000
8382.682630,1.85356000
8382.692110,1.70237000
8382.701590,1.37777000
8382.711060,0.98424100
8382.720540,0.06156330
8382.730020,-0.80330800
8382.739490,-0.83888100
8382.748970,-0.46091700
8382.758450,0.38616800
8382.767930,1.79798000
8382.777400,3.55662000
8382.786880,5.83997000
8382.796360,6.78710000
8382.805830,4.41260000
8382.815310,1.39111000
8382.824790,0.62184000
8382.834270,0.52846000
8382.843740,-0.48759700
8382.853220,-1.51477000
8382.862700,-1.87495000
8382.872170,-1.57035000
8382.881650,-0.22969200
8382.891130,1.70904000
8382.900600,3.02302000
8382.910080,4.02574000
8382.919560,4.94620000
8382.929040,4.85726000
8382.938510,5.99338000
8382.947990,9.69298000
8382.957470,9.94866000
8382.966940,4.43261000
8382.976420,0.00598030
8382.985900,-1.03676000
8382.995380,-2.07727000
8383.004850,-2.70647000
8383.014330,-2.21734000
8383.023810,-1.82159000
8383.033280,-0.75217200
8383.042760,1.09985000
8383.052240,2.07589000
8383.061720,1.97584000
8383.071190,1.33108000
8383.080670,0.10380600
8383.090150,-1.26131000
8383.099620,-1.69708000
8383.109100,-1.21018000
8383.118580,-0.89668700
8383.128050,-0.79219100
8383.137530,-0.97228000
8383.147010,-1.74600000
8383.156490,-1.58369000
8383.165960,-0.65434600
8383.175440,-0.62544200
8383.184920,-0.18522500
8383.194390,0.54180000
8383.203870,0.19940900
8383.213350,0.66408300
8383.222830,1.61344000
8383.232300,1.79798000
8383.241780,2.22041000
8383.251260,1.69126000
8383.260730,1.97362000
8383.270210,4.21028000
8383.279690,3.89457000
8383.289170,10.36000000
8383.298640,31.12800000
8383.308120,40.72830000
8383.317600,24.97830000
8383.327070,8.99931000
8383.336550,4.75499000
8383.346030,1.79798000
8383.355500,0.11492300
8383.364980,0.73522900
8383.374460,0.27055500
8383.383940,1.19323000
8383.393410,2.59392000
8383.402890,2.27377000
8383.412370,3.47658000
8383.421840,4.77722000
8383.431320,3.45880000
8383.440800,2.27821000
8383.450280,1.50005000
8383.459750,0.07490320
8383.469230,-0.54095600
8383.478710,-0.82998800
8383.488180,-1.13014000
8383.497660,-0.41645000
8383.507140,0.21274900
8383.516620,0.31724500
8383.526090,0.62184000
8383.535570,0.63295600
8383.545050,0.82416200
8383.554520,1.25104000
8383.564000,0.44619800
8383.573480,-0.27193500
8383.582960,0.50178100
8383.592430,0.78858900
8383.601910,0.23053600
8383.611390,0.15271900
8383.620860,0.09713640
8383.630340,-0.01625290
8383.639820,0.19496200
8383.649290,0.46176100
8383.658770,1.12653000
8383.668250,1.97362000
8383.677730,2.76957000
8383.687200,4.19694000
8383.696680,4.67940000
8383.706160,2.87629000
8383.715630,1.33330000
8383.725110,1.08207000
8383.734590,0.39061500
8383.744070,-0.27860500
8383.753540,-0.00068966
8383.763020,0.25499200
8383.772500,0.07267990
8383.781970,-0.18300200
8383.791450,-0.45424700
8383.800930,-0.77885100
8383.810410,-1.17238000
8383.819880,-1.07678000
8383.829360,-0.28749800
8383.838840,-0.33641100
8383.848310,-1.57702000
8383.857790,-2.01946000
8383.867270,-1.48142000
8383.876740,-1.25242000
8383.886220,-0.96561000
8383.895700,-0.73660800
8383.905180,-1.30355000
8383.914650,-1.69041000
8383.924130,-1.52589000
8383.933610,-1.13903000
8383.943080,0.20385600
8383.952560,1.32441000
8383.962040,0.69298600
8383.971520,0.05044670
8383.980990,0.07267990
8383.990470,-0.52761600
8383.999950,-1.21462000
8384.009420,-1.55257000
8384.018900,-1.76601000
8384.028380,-1.34580000
8384.037860,-0.93670700
8384.047330,-1.00118000
8384.056810,-0.80997800
8384.066290,-0.91225100
8384.075760,-1.07455000
8384.085240,-0.11630200
8384.094720,0.55736400
8384.104190,0.21719600
8384.113670,0.29056500
8384.123150,0.35948800
8384.132630,-0.00513630
8384.142100,0.21274900
8384.151580,0.42396400
8384.161060,0.01932020
8384.170530,-0.26971100
8384.180010,-0.43868400
8384.189490,-0.40755700
8384.198970,0.05711660
8384.208440,0.08601980
8384.217920,-0.65879200
8384.227400,-1.32579000
8384.236870,-1.11902000
8384.246350,-0.17855500
8384.255830,0.17495300
8384.265310,-0.13631200
8384.274780,0.32169200
8384.284260,1.10208000
8384.293740,1.34220000
8384.303210,1.79353000
8384.312690,1.91581000
8384.322170,0.90420100
8384.331640,0.32169200
8384.341120,0.93310400
8384.350600,1.40000000
8384.360080,1.03093000
8384.369550,0.27277900
8384.379030,-0.17633200
8384.388510,-0.06738920
8384.397980,0.10158300
8384.407460,-0.09406910
8384.416940,-0.53651000
8384.426420,-0.90113400
8384.435890,-1.13458000
8384.445370,-1.59481000
8384.454850,-2.13730000
8384.464320,-2.20622000
8384.473800,-1.76601000
8384.483280,-0.90113400
8384.492760,0.12159300
8384.502230,0.61739300
8384.511710,0.62184000
8384.521190,0.49066400
8384.530660,0.32613800
8384.540140,0.45509100
8384.549620,0.22608900
8384.559100,-1.14570000
8384.568570,-1.96610000
8384.578050,-1.12791000
8384.587530,-0.54318000
8384.597000,-0.91892100
8384.606480,-0.65879200
8384.615960,0.77080200
8384.625430,2.31379000
8384.634910,2.52722000
8384.644390,1.31329000
8384.653870,0.64185000
8384.663340,1.19546000
8384.672820,1.49560000
8384.682300,1.30885000
8384.691770,1.50005000
8384.701250,1.98473000
8384.710730,2.34269000
8384.720210,2.26977000
8384.729680,1.75956000
8384.739160,1.21934000
8384.748640,0.80684300
8384.758110,0.72169100
8384.767590,1.07486000
8384.777070,1.19002000
8384.786550,0.77473600
8384.796020,0.35386500
8384.805500,0.10678600
8384.814980,-0.28058400
8384.824450,-1.13350000
8384.833930,-2.09319000
8384.843410,-2.29142000
8384.852880,-1.64720000
8384.862360,-0.53254900
8384.871840,0.58140100
8384.881320,0.78939400
8384.890790,0.30640300
8384.900270,0.11585900
8384.909750,-0.01047230
8384.919220,-0.09701970
8384.928700,0.39225300
8384.938180,0.86477400
8384.947660,0.85151200
8384.957130,0.65608300
8384.966610,0.37899100
8384.976090,0.45018400
8384.985560,0.91014100
8384.995040,0.83825100
8385.004520,0.24847200
8385.014000,0.01744630
8385.023470,0.27359900
8385.032950,0.34618700
8385.042430,-0.29942900
8385.051900,-0.93527400
8385.061380,-0.98552700
8385.070860,-1.45735000
8385.080330,-1.95011000
8385.089810,-1.10558000
8385.099290,-0.56674900
8385.108770,-1.44688000
8385.118240,-1.59904000
8385.127720,-0.71122700
8385.137200,-0.08445640
8385.146670,0.90106800
8385.156150,2.09389000
8385.165630,2.38703000
8385.175110,2.36191000
8385.184580,2.15670000
8385.194060,1.27238000
8385.203540,0.63863400
8385.213010,0.37271000
8385.222490,-0.38178900
8385.231970,-0.71820700
8385.241450,-0.00349264
8385.250920,0.47949800
8385.260400,0.33571800
8385.269880,0.14587200
8385.279350,-0.21846500
8385.288830,-0.42994800
8385.298310,-0.02094170
8385.307780,0.12981800
8385.317260,-0.37201700
8385.326740,-0.73077000
8385.336220,-0.83825700
8385.345690,-0.68610100
8385.355170,0.07118940
8385.364650,0.85430400
8385.374120,1.22981000
8385.383600,1.39174000
8385.393080,0.99459500
8385.402560,0.36573000
8385.412030,0.39783600
8385.421510,0.56534700
8385.430990,0.31059100
8385.440460,0.07607520
8385.449940,-0.14657500
8385.459420,-0.39225800
8385.468900,-0.44530300
8385.478370,-0.54371600
8385.487850,-0.55976900
8385.497330,-0.50532800
8385.506800,-1.04067000
8385.516280,-1.52645000
8385.525760,-1.20190000
8385.535230,-1.22563000
8385.544710,-1.75398000
8385.554190,-1.56763000
8385.563670,-1.11884000
8385.573140,-0.81522400
8385.582620,-0.07817470
8385.592100,0.25964000
8385.601570,-0.21637100
8385.611050,-0.42994800
8385.620530,-0.36224600
8385.630010,-0.06421550
8385.639480,0.79148800
8385.648960,1.24028000
8385.658440,0.97993800
8385.667910,0.71820100
8385.677390,0.51230200
8385.686870,0.77543400
8385.696350,1.26610000
8385.705820,0.94085200
8385.715300,0.50322900
8385.724780,0.22474100
8385.734250,-0.54092400
8385.743730,-0.47880600
8385.753210,0.46274700
8385.762690,0.50253100
8385.772160,0.43901600
8385.781640,0.99250100
8385.791120,0.94155000
8385.800590,0.68958500
8385.810070,0.92968400
8385.819550,0.86756600
8385.829020,0.32873800
8385.838500,-0.12703200
8385.847980,0.08794050
8385.857460,0.99389700
8385.866930,1.69116000
8385.876410,2.08551000
8385.885890,2.43729000
8385.895360,2.11343000
8385.904840,1.43710000
8385.914320,1.18235000
8385.923800,0.87663900
8385.933270,0.25894200
8385.942750,-0.45088700
8385.952230,-0.88222800
8385.961700,-0.30291900
8385.971180,0.48787300
8385.980660,0.26801500
8385.990140,0.25126400
8385.999610,1.20259000
8386.009090,1.68488000
8386.018570,1.45944000
8386.028040,1.59484000
8386.037520,2.06667000
8386.047000,2.24186000
8386.056470,2.15531000
8386.065950,2.39192000
8386.075430,2.96704000
8386.084910,3.39349000
8386.094380,3.86322000
8386.103860,4.08657000
8386.113340,3.05708000
8386.122810,1.71489000
8386.132290,1.60671000
8386.141770,2.08342000
8386.151250,2.44915000
8386.160720,3.00403000
8386.170200,3.31602000
8386.179680,3.07941000
8386.189150,2.61387000
8386.198630,1.62835000
8386.208110,0.21008400
8386.217590,-0.66376600
8386.227060,-0.87245700
8386.236540,-0.81173400
8386.246020,-0.26802100
8386.255490,0.35735400
8386.264970,0.40132600
8386.274450,0.46065300
8386.283920,0.70912800
8386.293400,0.59396400
8386.302880,0.72169100
8386.312360,1.02042000
8386.321830,0.45018400
8386.331310,0.01674830
8386.340790,0.68469900
8386.350260,1.31007000
8386.359740,1.41058000
8386.369220,1.14954000
8386.378700,0.39504400
8386.388170,-0.29873100
8386.397650,-0.60792900
8386.407130,-0.27500000
8386.416600,0.92549700
8386.426080,1.52156000
8386.435560,1.08882000
8386.445040,1.05881000
8386.454510,0.71541000
8386.463990,-0.41040500
8386.473470,-0.57931200
8386.482940,-0.44809500
8386.492420,-1.37290000
8386.501900,-1.97594000
8386.511370,-1.89218000
8386.520850,-1.99199000
8386.530330,-1.76934000
8386.539810,-1.48457000
8386.549280,-2.20208000
8386.558760,-3.12688000
8386.568240,-2.94052000
8386.577710,-2.09180000
8386.587190,-1.67372000
8386.596670,-1.31985000
8386.606150,-0.38318500
8386.615620,0.08026300
8386.625100,-0.28267800
8386.634580,-0.22195500
8386.644050,-0.18147300
8386.653530,-0.85780000
8386.663010,-0.95132700
8386.672490,-0.49625500
8386.681960,-0.50602600
8386.691440,-0.31827400
8386.700920,-0.17589000
8386.710390,-0.91642900
8386.719870,-1.26541000
8386.729350,-0.78521200
8386.738830,-0.76636700
8386.748300,-1.07836000
8386.757780,-1.03089000
8386.767260,-0.69168400
8386.776730,-0.04606840
8386.786210,0.58768200
8386.795690,0.96039500
8386.805160,1.31147000
8386.814640,1.12581000
8386.824120,0.05304240
8386.833600,-0.83197500
8386.843070,-0.82778700
8386.852550,-0.63584700
8386.862030,-0.94853500
8386.871500,-1.38755000
8386.880980,-1.32125000
8386.890460,-1.00996000
8386.899940,-0.76846000
8386.909410,-0.30222100
8386.918890,0.16960200
8386.928370,0.17588400
8386.937840,-0.17798300
8386.947320,-0.77893000
8386.956800,-1.34149000
8386.966280,-1.41547000
8386.975750,-1.25424000
8386.985230,-1.21795000
8386.994710,-1.27239000
8387.004180,-1.52156000
8387.013660,-1.69256000
8387.023140,-1.04555000
8387.032610,0.20799000
8387.042090,0.86756600
8387.051570,0.83127100
8387.061050,1.24237000
8387.070520,1.94662000
8387.080000,2.02688000
8387.089480,2.01572000
8387.098950,2.07155000
8387.108430,1.68209000
8387.117910,1.79446000
8387.127390,2.44706000
8387.136860,2.15950000
8387.146340,1.28006000
8387.155820,0.52905300
8387.165290,-0.42087500
8387.174770,-1.09930000
8387.184250,-1.44200000
8387.193730,-1.98222000
8387.203200,-2.13926000
8387.212680,-1.69605000
8387.222160,-1.13001000
8387.231630,-0.54930000
8387.241110,-0.18496300
8387.250590,0.06560570
8387.260060,0.36991800
8387.269540,0.42994300
8387.279020,0.53742900
8387.288500,0.79288400
8387.297970,0.94783100
8387.307450,1.18793000
8387.316930,0.76915300
8387.326400,-0.27849000
8387.335880,-0.19124500
8387.345360,0.63095600
8387.354840,1.08882000
8387.364310,1.74421000
8387.373790,1.69395000
8387.383270,0.37340800
8387.392740,-0.54301800
8387.402220,-0.89618800
8387.411700,-1.01345000
8387.421180,-0.39644600
8387.430650,-0.03978670
8387.440130,-0.27360400
8387.449610,-0.11726100
8387.459080,0.15703900
8387.468560,0.30570500
8387.478040,0.20799000
8387.487510,-0.38807000
8387.496990,-0.29593900
8387.506470,0.42156700
8387.515950,0.45018400
8387.525420,0.57791100
8387.534900,0.71471200
8387.544380,-0.17030600
8387.553850,-0.69308000
8387.563330,-0.56954100
8387.572810,0.34828100
8387.582290,4.57654000
8387.591760,9.06724000
8387.601240,7.65596000
8387.610720,3.32509000
8387.620190,1.92498000
8387.629670,2.11901000
8387.639150,1.55576000
8387.648630,0.85081400
8387.658100,0.21776200
8387.667580,-0.48438900
8387.677060,-1.08603000
8387.686530,-1.19073000
8387.696010,-0.37201700
8387.705490,0.46065300
8387.714970,0.58628600
8387.724440,0.80963500
8387.733920,1.19561000
8387.743400,1.43082000
8387.752870,1.69395000
8387.762350,0.97365600
8387.771830,-0.84314300
8387.781300,-1.63254000
8387.790780,-1.26332000
8387.800260,-1.38895000
8387.809740,-1.60183000
8387.819210,-1.21516000
8387.828690,-0.86896700
8387.838170,-0.46414800
8387.847640,0.17379000
8387.857120,0.40272200
8387.866600,0.10818100
8387.876080,-0.67423500
8387.885550,-1.55227000
8387.895030,-1.36382000
8387.904510,-0.74891700
8387.913980,-1.14047000
8387.923460,-1.51319000
8387.932940,-1.10837000
8387.942420,-0.71820700
8387.951890,0.07118940
8387.961370,0.97295800
8387.970850,0.44111000
8387.980320,-0.45647100
8387.989800,-0.12284400
8387.999280,0.31896600
8388.008750,0.14936100
8388.018230,0.17099800
8388.027710,0.59396400
8388.037190,0.98831300
8388.046660,0.60094400
8388.056140,-0.43274000
8388.065620,-0.55418600
8388.075090,0.06281390
8388.084570,0.06700160
8388.094050,0.25475400
8388.103530,0.72099300
8388.113000,0.01186250
8388.122480,-0.89060400
8388.131960,-0.98971500
8388.141430,-1.45386000
8388.150910,-1.99618000
8388.160390,-1.96896000
8388.169870,-1.93894000
8388.179340,-1.46503000
8388.188820,-0.68959100
8388.198300,-0.34270300
8388.207770,0.43692200
8388.217250,1.33311000
8388.226730,1.46014000
8388.236200,1.59903000
8388.245680,0.96737400
8388.255160,-0.96668200
8388.264640,-1.93266000
8388.274110,-1.70234000
8388.283590,-1.60183000
8388.293070,-1.33311000
8388.302540,-1.17607000
8388.312020,-1.20120000
8388.321500,-0.81103600
8388.330980,-0.64352500
8388.340450,0.04466680
8388.349930,2.08342000
8388.359410,2.93982000
8388.368880,1.65557000
8388.378360,0.42156700
8388.387840,-0.08166450
8388.397320,-0.17658800
8388.406790,0.05234440
8388.416270,0.02163400
8388.425750,-0.30291900
8388.435220,-0.72379100
8388.444700,-1.08324000
8388.454180,-0.75310500
8388.463650,-0.19124500
8388.473130,-0.26453100
8388.482610,-0.52207900
8388.492090,-0.77404400
8388.501560,-1.31846000
8388.511040,-1.77213000
8388.520520,-1.92080000
8388.529990,-2.10646000
8388.539470,-2.56851000
8388.548950,-2.90772000
8388.558430,-2.52942000
8388.567900,-1.90754000
8388.577380,-1.52296000
8388.586860,-0.83616300
8388.596330,0.04327090
8388.605810,0.60164200
8388.615290,1.08393000
8388.624770,1.59903000
8388.634240,1.92219000
8388.643720,1.66115000
8388.653200,0.83127100
8388.662670,0.48019600
8388.672150,0.53533500
8388.681630,-0.08236250
8388.691110,-0.94434700
8388.700580,-1.70722000
8388.710060,-2.33190000
8388.719540,-1.69675000
8388.729010,-0.44321000
8388.738490,-0.12912600
8388.747970,-0.08306050
8388.757440,-0.14238700
8388.766920,-0.62328400
8388.776400,-0.33642100
8388.785880,0.28057800
8388.795350,0.14028800
8388.804830,0.21427200
8388.814310,0.33641500
8388.823780,-0.11377100
8388.833260,0.09352430
8388.842740,0.58907800
8388.852220,0.13610000
8388.861690,-0.51230800
8388.871170,-1.26890000
8388.880650,-2.35214000
8388.890120,-2.46242000
8388.899600,-1.71211000
8388.909080,-1.16700000
8388.918560,-0.31059600
8388.928030,0.87035700
8388.937510,1.43710000
8388.946990,1.47828000
8388.956460,1.20049000
8388.965940,0.43203600
8388.975420,-0.09981160
8388.984890,0.27708900
8388.994370,0.95830100
8389.003850,1.69744000
8389.013330,2.77789000
8389.022800,3.20225000
8389.032280,2.45124000
8389.041760,1.74142000
8389.051230,1.43710000
8389.060710,1.06718000
8389.070190,0.62258000
8389.079670,0.28406800
8389.089140,0.43343200
8389.098620,0.57162900
8389.108100,0.45995500
8389.117570,0.93177800
8389.127050,0.88431700
8389.136530,0.21497000
8389.146010,0.53812700
8389.155480,0.24777400
8389.164960,-0.15495100
8389.174440,1.42035000
8389.183910,2.16019000
8389.193390,2.19928000
8389.202870,2.70949000
8389.212340,1.26610000
8389.221820,1.00995000
8389.231300,2.09389000
8389.240780,0.31128900
8389.250250,0.07467920
8389.259730,0.78869600
8389.269210,-0.64771300
8389.278680,0.65049900
8389.288160,0.08584670
8389.297640,-1.88590000
8389.307120,2.00036000
8389.316590,1.16071000
8389.326070,1.04275000
8389.335550,9.75683000
8389.345020,12.82090000
8389.354500,52.41430000
8389.363980,149.79800000
8389.373460,182.44800000
8389.382930,98.03030000
8389.392410,23.13680000
8389.401890,10.84910000
8389.411360,4.68891000
8389.420840,-0.73286400
8389.430320,2.69763000
8389.439790,-0.02652540
8389.449270,-1.57880000
8389.458750,0.06979350
8389.468230,-2.17835000
8389.477700,-2.11693000
8389.487180,-1.26960000
8389.496660,-2.51197000
8389.506130,-1.06370000
8389.515610,0.51649000
8389.525090,1.03019000
8389.534570,2.38982000
8389.544040,1.98570000
8389.553520,0.96039500
8389.563000,0.79637300
8389.572470,-0.54162200
8389.581950,-1.83425000
8389.591430,-1.98082000
8389.600910,-1.65069000
8389.610380,-0.53673700
8389.619860,0.62467400
8389.629340,1.23609000
8389.638810,1.69535000
8389.648290,2.19649000
8389.657770,2.84559000
8389.667250,2.74160000
8389.676720,1.61788000
8389.686200,0.73425500
8389.695680,0.40202400
8389.705150,0.38666900
8389.714630,0.57162900
8389.724110,0.86268000
8389.733580,1.39802000
8389.743060,1.36731000
8389.752540,0.77752800
8389.762020,0.96597800
8389.771490,1.28774000
8389.780970,1.04973000
8389.790450,1.29960000
8389.799920,1.59554000
8389.809400,1.10208000
8389.818880,0.76636100
8389.828360,0.62746600
8389.837830,-0.31199200
8389.847310,-1.10418000
8389.856790,-0.80056700
8389.866260,-0.67144400
8389.875740,-0.56884300
8389.885220,0.35944800
8389.894700,0.72378500
8389.904170,1.09720000
8389.913650,1.99617000
8389.923130,1.51946000
8389.932600,2.28862000
8389.942080,4.47883000
8389.951560,5.10281000
8389.961030,14.63770000
8389.970510,34.52340000
8389.979990,38.30630000
8389.989470,19.70420000
8389.998940,5.13212000
8390.008420,2.63900000
8390.017900,1.32124000
8390.027370,0.52137600
8390.036850,1.06439000
8390.046330,0.55767000
8390.055810,0.49345700
8390.065280,0.49555100
8390.074760,-0.72797900
8390.084240,-1.62277000
8390.093710,-1.98361000
8390.103190,-1.82029000
8390.112670,-0.55139400
8390.122150,0.30710100
8390.131620,-0.02792140
8390.141100,-0.25057200
8390.150580,0.08933650
8390.160050,0.35526000
8390.169530,0.46344500
8390.179010,0.87594100
8390.188480,1.06928000
8390.197960,0.38387700
8390.207440,0.03978110
8390.216920,0.66934400
8390.226390,0.87524300
8390.235870,0.40272200
8390.245350,0.09631610
8390.254820,-0.15704500
8390.264300,-0.35038000
8390.273780,-0.20660000
8390.283260,-0.25615500
8390.292730,-0.68261100
8390.302210,-0.84104900
8390.311690,-0.70564400
8390.321160,-0.50532800
8390.330640,0.10329600
8390.340120,0.79218600
8390.349600,0.97435400
8390.359070,1.29472000
8390.368550,2.17345000
8390.378030,3.20574000
8390.387500,4.08029000
8390.396980,3.84368000
8390.406460,2.11971000
8390.415930,0.53184500
8390.425410,0.16541400
8390.434890,0.67213600
8390.444370,1.38196000
8390.453840,1.37498000
8390.463320,0.99808500
8390.472800,1.29402000
8390.482270,1.63742000
8390.491750,1.67441000
8390.501230,1.80214000
8390.510710,1.25563000
8390.520180,0.27499500
8390.529660,-0.01675390
8390.539140,-0.12773000
8390.548610,-0.22335100
8390.558090,0.02372790
8390.567570,0.49973900
8390.577050,2.64947000
8390.586520,6.18535000
8390.596000,7.25951000
8390.605480,5.29475000
8390.614950,3.27484000
8390.624430,2.22999000
8390.633910,1.81400000
8390.643380,1.35474000
8390.652860,0.45786100
8390.662340,0.21706400
8390.671820,0.44111000
8390.681290,0.15005900
8390.690770,0.15354900
8390.700250,0.22613700
8390.709720,-0.04467250
8390.719200,0.46344500
8390.728680,0.65957200
8390.738160,-0.25336300
8390.747630,-0.23591400
8390.757110,0.28895400
8390.766590,0.00697681
8390.776060,0.13749600
8390.785540,0.18635300
8390.795020,-1.17119000
8390.804500,-2.62923000
8390.813970,-3.04661000
8390.823450,-2.69065000
8390.832930,-2.16439000
8390.842400,-2.02479000
8390.851880,-1.95849000
8390.861360,-1.61718000
8390.870840,-0.95062900
8390.880310,0.08933650
8390.889790,0.54440900
8390.899270,0.30640300
8390.908740,0.53882500
8390.918220,0.64561300
8390.927700,0.30151700
8390.937170,0.52626200
8390.946650,0.44041200
8390.956130,-0.25755100
8390.965610,-0.02861930
8390.975080,0.57023300
8390.984560,0.84872100
8390.994040,1.58088000
8391.003510,1.90404000
8391.012990,1.45595000
8391.022470,1.53621000
8391.031950,1.73164000
8391.041420,1.59345000
8391.050900,1.83704000
8391.060380,1.79725000
8391.069850,1.21166000
8391.079330,0.92410100
8391.088810,0.29802800
8391.098290,-0.86826900
8391.107760,-1.23889000
8391.117240,-0.92271000
8391.126720,-0.88851000
8391.136190,-1.02810000
8391.145670,-1.12442000
8391.155150,-1.15513000
8391.164620,-0.88571800
8391.174100,-0.43902200
8391.183580,-0.24010200
8391.193060,-0.10190500
8391.202530,0.58419200
8391.212010,1.47759000
8391.221490,1.93475000
8391.230960,2.45264000
8391.240440,3.05289000
8391.249920,3.01939000
8391.259400,3.01939000
8391.268870,3.44794000
8391.278350,3.15828000
8391.287830,2.01851000
8391.297300,0.88641100
8391.306780,0.06420980
8391.316260,-0.42157300
8391.325740,-0.49485900
8391.335210,0.18286400
8391.344690,1.08254000
8391.354170,1.07416000
8391.363640,1.18933000
8391.373120,2.01153000
8391.382600,1.82587000
8391.392070,1.33032000
8391.401550,1.59205000
8391.411030,1.00367000
8391.420510,0.35665600
8391.429980,1.13419000
8391.439460,2.77789000
8391.448940,6.68649000
8391.458410,10.92870000
8391.467890,9.30804000
8391.477370,4.04958000
8391.486850,1.84820000
8391.496320,1.69256000
8391.505800,0.97226000
8391.515280,0.49485300
8391.524750,0.41319100
8391.534230,0.90665100
8391.543710,1.77631000
8391.553190,1.57390000
8391.562660,0.93247600
8391.572140,0.86547200
8391.581620,0.32734200
8391.591090,-0.54930000
8391.600570,-0.66446400
8391.610050,-0.61770000
8391.619520,-1.00367000
8391.629000,-1.15862000
8391.638480,-1.07277000
8391.647960,-1.42455000
8391.657430,-1.63393000
8391.666910,-1.13489000
8391.676390,-0.91084500
8391.685860,-0.71401900
8391.695340,0.53742900
8391.704820,1.65487000
8391.714300,2.13786000
8391.723770,2.98030000
8391.733250,3.24832000
8391.742730,2.83303000
8391.752200,3.29718000
8391.761680,3.88347000
8391.771160,3.73480000
8391.780640,3.51145000
8391.790110,3.05777000
8391.799590,2.61527000
8391.809070,2.49242000
8391.818540,1.90962000
8391.828020,1.11953000
8391.837500,0.55906600
8391.846980,-0.07608080
8391.856450,-0.55139400
8391.865930,-0.64422300
8391.875410,0.09352430
8391.884880,1.36172000
8391.894360,2.38145000
8391.903840,5.62488000
8391.913310,10.93220000
8391.922790,11.55620000
8391.932270,6.70254000
8391.941750,2.90771000
8391.951220,1.50481000
8391.960700,0.28267200
8391.970180,-0.34200500
8391.979650,0.09910800
8391.989130,0.84872100
8391.998610,0.97644800
8392.008090,0.69028300
8392.017560,0.98552100
8392.027040,0.87943100
8392.036520,-0.18007700
8392.045990,-0.29314700
8392.055470,0.37759500
8392.064950,0.06630370
8392.074430,-0.60304300
8392.083900,-0.47880600
8392.093380,0.23590900
8392.102860,1.04624000
8392.112330,1.50969000
8392.121810,1.33869000
8392.131290,0.61141300
8392.140760,-0.07119510
8392.150240,-0.04816230
8392.159720,0.25684800
8392.169200,0.00348699
8392.178670,-0.69657000
8392.188150,-1.23400000
8392.197630,-1.11186000
8392.207100,-0.26941700
8392.216580,0.57581700
8392.226060,0.82568800
8392.235540,0.60582900
8392.245010,0.12493300
8392.254490,-0.30152300
8392.263970,-0.42017700
8392.273440,-0.60094900
8392.282920,-0.63654500
8392.292400,0.18635300
8392.301880,0.94783100
8392.311350,0.88571300
8392.320830,1.40011000
8392.330310,2.45334000
8392.339780,2.46660000
8392.349260,2.28304000
8392.358740,2.33399000
8392.368210,1.48108000
8392.377690,2.06178000
8392.387170,5.02812000
8392.396650,5.00230000
8392.406120,1.07486000
8392.415600,-0.81103600
8392.425080,0.21776200
8392.434550,0.91223500
8392.444030,1.10627000
8392.453510,1.14466000
8392.462990,0.73216100
8392.472460,0.48438400
8392.481940,0.43133800
8392.491420,0.26103500
8392.500890,0.13749600
8392.510370,-0.04886030
8392.519850,-0.27011500
8392.529330,-0.09981160
8392.538800,0.26661900
8392.548280,0.32175800
8392.557760,0.52347000
8392.567230,0.78381000
8392.576710,0.24707600
8392.586190,-0.22544500
8392.595660,-0.52138100
8392.605140,-1.56484000
8392.614620,-1.83425000
8392.624100,-1.26192000
8392.633570,-0.84174700
8392.643050,0.52556400
8392.652530,1.33241000
8392.662000,0.94155000
8392.671480,1.12442000
8392.680960,0.57791100
8392.690440,0.40132600
8392.699910,1.19002000
8392.709390,0.62118400
8392.718870,1.53482000
8392.728340,1.83285000
8392.737820,-1.02391000
8392.747300,-0.31548200
8392.756780,0.23241900
8392.766250,-1.57251000
8392.775730,0.94573700
8392.785210,0.12842200
8392.794680,-1.67023000
8392.804160,2.30816000
8392.813640,-0.62049200
8392.823120,-1.91801000
8392.832590,2.78836000
8392.842070,-2.79604000
8392.851550,-1.41128000
8392.861020,3.80948000
8392.870500,-4.25130000
8392.879980,3.10105000
8392.889450,6.20280000
8392.898930,-6.23979000
8392.908410,11.41520000
8392.917890,5.51391000
8392.927360,18.36060000
8392.936840,210.95700000
8392.946320,368.70200000
8392.955790,218.92000000
8392.965270,20.40770000
8392.974750,3.27414000
8392.984230,11.17860000
8392.993700,-7.06339000
8393.003180,5.44481000
8393.012660,3.87439000
8393.022130,-3.53519000
8393.031610,6.06460000
8393.041090,2.67738000
8393.050570,1.00157000
8393.060040,6.28795000
8393.069520,0.60443300
8393.079000,0.88361900
8393.088470,4.54583000
8393.097950,0.14447600
8393.107430,-0.17519200
8393.116900,-0.72518700
8393.126380,-3.69013000
8393.135860,-0.94993100
8393.145340,0.35037500
8393.154810,0.20589600
8393.164290,2.42053000
8393.173770,1.54389000
8393.183240,0.76007900
8393.192720,1.65906000
8393.202200,0.22404300
8393.211680,-0.13959500
8393.221150,0.51020800
8393.230630,-0.32944200
8393.240110,0.18844700
8393.249580,1.18165000
8393.259060,1.03228000
8393.268540,1.48457000
8393.278020,1.23539000
8393.287490,-0.18077500
8393.296970,-0.32804600
8393.306450,-0.32176400
8393.315920,-1.58647000
8393.325400,-2.19510000
8393.334880,-2.36680000
8393.344350,-2.70601000
8393.353830,-1.26052000
8393.363310,0.25056600
8393.372790,0.17099800
8393.382260,0.94224800
8393.391740,1.64789000
8393.401220,4.45091000
8393.410690,14.01090000
8393.420170,19.56460000
8393.429650,11.91420000
8393.439130,3.20923000
8393.448600,1.20049000
8393.458080,0.19682300
8393.467560,-0.20939200
8393.477030,0.93736200
8393.486510,1.08673000
8393.495990,1.02880000
8393.505470,1.36661000
8393.514940,1.14605000
8393.524420,0.97993800
8393.533900,0.75030800
8393.543370,0.10957700
8393.552850,-0.61281500
8393.562330,-1.38337000
8393.571800,-1.82797000
8393.581280,-2.19859000
8393.590760,-2.04434000
8393.600240,-0.43134400
8393.609710,1.02600000
8393.619190,4.62121000
8393.628670,14.08350000
8393.638140,20.30440000
8393.647620,14.70960000
8393.657100,6.36333000
8393.666580,3.10524000
8393.676050,1.33450000
8393.685530,0.29523600
8393.695010,1.18444000
8393.704480,1.88938000
8393.713960,2.31235000
8393.723440,2.60968000
8393.732920,1.61508000
8393.742390,0.84662700
8393.751870,1.47689000
8393.761350,1.92847000
8393.770820,1.69814000
8393.780300,1.58647000
8393.789780,1.54878000
8393.799260,1.26471000
8393.808730,0.90525600
8393.818210,0.58349400
8393.827690,0.05094850
8393.837160,-0.70145600
8393.846640,-1.27309000
8393.856120,-1.46712000
8393.865590,-1.14745000
8393.875070,-0.11586500
8393.884550,0.83406300
8393.894030,0.70703400
8393.903500,0.24568000
8393.912980,0.15983100
8393.922460,-0.10958300
8393.931930,-0.35038000
8393.941410,-0.37341300
8393.950890,-0.38178900
8393.960370,0.24219000
8393.969840,0.84243900
8393.979320,1.09440000
8393.988800,1.97942000
8393.998270,1.81261000
8394.007750,0.75170400
8394.017230,1.23400000
8394.026710,0.92270500
8394.036180,-0.15495100
8394.045660,0.33432200
8394.055140,-0.57023900
8394.064610,-0.82639100
8394.074090,1.65277000
8394.083570,3.67268000
8394.093040,16.34210000
8394.102520,40.20270000
8394.112000,43.15230000
8394.121480,20.47340000
8394.130950,5.32616000
8394.140430,3.81506000
8394.149910,1.92568000
8394.159380,0.96388400
8394.168860,1.67720000
8394.178340,1.74421000
8394.187820,3.47306000
8394.197290,4.00561000
8394.206770,1.64998000
8394.216250,0.37061600
8394.225720,0.13470400
8394.235200,-0.21986100
8394.244680,-0.00000283
8394.254160,0.28267200
8394.263630,0.52975100
8394.273110,0.36224000
8394.282590,-0.36224600
8394.292060,-0.30571100
8394.301540,-0.23102900
8394.311020,-0.97226600
8394.320490,-0.94295100
8394.329970,-0.41878100
8394.339450,-0.82988100
8394.348930,-1.42385000
8394.358400,-1.00856000
8394.367880,0.14656900
8394.377360,0.62676800
8394.386830,0.15005900
8394.396310,0.15354900
8394.405790,0.57302500
8394.415270,0.24358600
8394.424740,-0.25964500
8394.434220,-0.24080000
8394.443700,-0.13680400
8394.453170,0.06839760
8394.462650,0.70354400
8394.472130,1.47968000
8394.481610,1.95429000
8394.491080,1.97593000
8394.500560,1.66743000
8394.510040,1.40360000
8394.519510,1.28844000
8394.528990,0.88012900
8394.538470,0.17379000
8394.547940,-0.33711900
8394.557420,-0.76287700
8394.566900,-1.19910000
8394.576380,-0.98064100
8394.585850,-0.05723580
8394.595330,0.22543900
8394.604810,-1.03857000
8394.614280,-2.54199000
8394.623760,-2.73532000
8394.633240,-2.31305000
8394.642720,-2.18184000
8394.652190,-1.88171000
8394.661670,-1.32683000
8394.671150,-0.75659500
8394.680620,-0.08515440
8394.690100,0.39504400
8394.699580,0.43343200
8394.709060,0.10957700
8394.718530,-0.23312300
8394.728010,-0.00419061
8394.737490,0.57930700
8394.746960,0.84662700
8394.756440,0.52277200
8394.765920,-0.34619300
8394.775400,-0.48718100
8394.784870,0.70005400
8394.794350,1.24935000
8394.803830,0.64491500
8394.813300,0.28546400
8394.822780,-0.10399900
8394.832260,-0.49695300
8394.841730,-0.03629690
8394.851210,0.48019600
8394.860690,0.56813900
8394.870170,0.70354400
8394.879640,0.83266700
8394.889120,1.08882000
8394.898600,1.15652000
8394.908070,0.84313700
8394.917550,1.38196000
8394.927030,2.44287000
8394.936510,2.57199000
8394.945980,2.40378000
8394.955460,2.14693000
8394.964940,0.89757800
8394.974410,-0.51998500
8394.983890,-1.07138000
8394.993370,-0.86966500
8395.002850,-0.12842800
8395.012320,0.57023300
8395.021800,0.81521800
8395.031280,0.69307500
8395.040750,0.11027500
8395.050230,-0.30361700
8395.059710,0.01884220
8395.069180,0.24149200
8395.078660,0.23172100
8395.088140,0.58070300
8395.097620,0.61699700
8395.107090,0.22055400
8395.116570,0.54440900
8395.126050,1.41616000
8395.135520,1.68697000
8395.145000,1.27587000
8395.154480,0.57791100
8395.163960,-0.28058400
8395.173430,-0.70564400
8395.182910,-0.26522900
8395.192390,0.11376500
8395.201860,0.53533500
8395.211340,3.24273000
8395.220820,7.15831000
8395.230300,7.40958000
8395.239770,3.81297000
8395.249250,1.03438000
8395.258730,0.30849700
8395.268200,-0.29314700
8395.277680,-0.87455100
8395.287160,-0.75380300
8395.296630,-0.41110300
8395.306110,-0.22474700
8395.315590,0.13400600
8395.325070,0.72727500
8395.334540,1.20398000
8395.344020,1.64440000
8395.353500,2.37656000
8395.362970,3.15479000
8395.372450,3.40466000
8395.381930,2.84559000
8395.391410,1.96546000
8395.400880,1.66673000
8395.410360,1.77352000
8395.419840,1.25633000
8395.429310,0.24637800
8395.438790,-0.00977431
8395.448270,0.70773200
8395.457750,1.15652000
8395.467220,0.89339000
8395.476700,0.65817700
8395.486180,0.38038700
8395.495650,0.20729200
8395.505130,0.96946800
8395.514610,1.55576000
8395.524080,1.05183000
8395.533560,0.85290800
8395.543040,0.89827600
8395.552520,0.74402600
8395.561990,1.92149000
8395.571470,3.24902000
8395.580950,2.19300000
8395.590420,0.59675600
8395.599900,0.42854700
8395.609380,0.42784900
8395.618860,0.38317900
8395.628330,0.97365600
8395.637810,1.43431000
8395.647290,1.32613000
8395.656760,0.93038200
8395.666240,0.36573000
8395.675720,-0.00139875
8395.685200,-0.13889800
8395.694670,-0.30780500
8395.704150,-0.26453100
8395.713630,-0.14448100
8395.723100,-0.12493800
8395.732580,0.47880000
8395.742060,1.44548000
8395.751530,1.74072000
8395.761010,1.54948000
8395.770490,1.25354000
8395.779970,0.84383500
8395.789440,0.81940600
8395.798920,0.93596600
8395.808400,0.36433400
8395.817870,-0.53883100
8395.827350,-1.07138000
8395.836830,-1.22283000
8395.846310,-1.56833000
8395.855780,-2.47847000
8395.865260,-2.88817000
8395.874740,-2.40588000
8395.884210,-2.52523000
8395.893690,-2.93703000
8395.903170,-2.31236000
8395.912650,-1.85170000
8395.922120,-2.38285000
8395.931600,-2.70461000
8395.941080,-2.35005000
8395.950550,-1.60741000
8395.960030,-0.86059200
8395.969510,-0.29175100
8395.978990,0.74612000
8395.988460,1.70163000
8395.997940,1.32683000
8396.007420,0.68818900
8396.016890,0.64212300
8396.026370,0.20659400
8396.035850,-0.12144800
8396.045320,0.62537200
8396.054800,1.53133000
8396.064280,2.06946000
8396.073760,2.57618000
8396.083230,2.77789000
8396.092710,2.70391000
8396.102190,2.67738000
8396.111660,2.36191000
8396.121140,1.84192000
8396.130620,1.77771000
8396.140100,1.76515000
8396.149570,0.87245100
8396.159050,-0.30571100
8396.168530,-0.42366700
8396.178000,0.30919500
8396.187480,0.86337800
8396.196960,1.12721000
8396.206440,0.97505200
8396.215910,0.23800300
8396.225390,0.02721770
8396.234870,0.83615700
8396.244340,1.39453000
8396.253820,1.27727000
8396.263300,1.04555000
8396.272770,0.81242600
8396.282250,0.96039500
8396.291730,1.42105000
8396.301210,1.43780000
8396.310680,1.23609000
8396.320160,0.79009200
8396.329640,-0.20241200
8396.339110,-0.53603900
8396.348590,-0.35805800
8396.358070,-1.15164000
8396.367550,-1.72258000
8396.377020,-1.12931000
8396.386500,-0.83057900
8396.395980,-0.66027600
8396.405450,0.30710100
8396.414930,1.55995000
8396.424410,2.75207000
8396.433890,3.02148000
8396.443360,1.94034000
8396.452840,1.49503000
8396.462320,2.06457000
8396.471790,1.68279000
8396.481270,0.72936900
8396.490750,0.48229000
8396.500220,0.41388900
8396.509700,0.33711300
8396.519180,0.28337000
8396.528660,-0.25545700
8396.538130,-0.41459300
8396.547610,0.66794800
8396.557090,1.83006000
8396.566560,2.48684000
8396.576040,3.23436000
8396.585520,3.36348000
8396.595000,2.30816000
8396.604470,1.26471000
8396.613950,0.59396400
8396.623430,-0.30989900
8396.632900,-0.87175900
8396.642380,-0.94015900
8396.651860,-1.43153000
8396.661340,-1.74212000
8396.670810,-0.98343300
8396.680290,-0.24359200
8396.689770,-0.02163970
8396.699240,0.50741600
8396.708720,0.96877000
8396.718200,1.03717000
8396.727670,1.44269000
8396.737150,1.64440000
8396.746630,1.05253000
8396.756110,0.62397600
8396.765580,0.36363600
8396.775060,-0.10120800
8396.784540,0.16052900
8396.794010,0.94434200
8396.803490,1.26191000
8396.812970,1.45734000
8396.822450,1.68977000
8396.831920,1.87682000
8396.841400,2.36958000
8396.850880,2.64528000
8396.860350,2.41844000
8396.869830,2.07923000
8396.879310,1.30170000
8396.888790,0.52137600
8396.898260,0.38387700
8396.907740,0.03978110
8396.917220,-0.26522900
8396.926690,0.06420980
8396.936170,-0.07887270
8396.945650,0.03349940
8396.955130,1.51528000
8396.964600,2.15880000
8396.974080,1.47200000
8396.983560,1.64579000
8396.993030,2.08412000
8397.002510,1.65975000
8397.011990,1.39383000
8397.021460,1.22911000
8397.030940,0.67772000
8397.040420,0.52626200
8397.049900,0.94434200
8397.059370,1.60880000
8397.068850,2.29699000
8397.078330,2.27047000
8397.087800,1.66743000
8397.097280,1.47200000
8397.106760,1.46851000
8397.116240,1.14605000
8397.125710,0.96667600
8397.135190,0.98831300
8397.144670,0.83336500
8397.154140,0.96318700
8397.163620,1.46712000
8397.173100,1.36731000
8397.182580,0.66655200
8397.192050,-0.03559900
8397.201530,-1.03787000
8397.211010,-1.52156000
8397.220480,-0.25755100
8397.229960,1.29332000
8397.239440,2.04294000
8397.248910,3.13874000
8397.258390,4.01119000
8397.267870,3.64476000
8397.277350,3.35301000
8397.286820,3.36697000
8397.296300,2.48614000
8397.305780,1.16909000
8397.315250,0.23241900
8397.324730,-0.49695300
8397.334210,-1.06300000
8397.343690,-1.43292000
8397.353160,-1.73165000
8397.362640,-1.83844000
8397.372120,-1.59904000
8397.381590,-1.21306000
8397.391070,-1.02601000
8397.400550,-1.25703000
8397.410030,-1.86287000
8397.419500,-2.17067000
8397.428980,-1.78121000
8397.438460,-1.29333000
8397.447930,-0.69308000
8397.457410,-0.15006500
8397.466890,-0.89060400
8397.476360,-1.94174000
8397.485840,-1.87962000
8397.495320,-1.84402000
8397.504800,-1.76725000
8397.514270,-1.21027000
8397.523750,-1.28565000
8397.533230,-1.11395000
8397.542700,-0.45507500
8397.552180,-0.43553200
8397.561660,0.34688500
8397.571140,1.42105000
8397.580610,1.24935000
8397.590090,1.28146000
8397.599570,1.03996000
8397.609040,0.74891200
8397.618520,1.84611000
8397.628000,1.32822000
8397.637480,0.35107300
8397.646950,1.62276000
8397.656430,3.40117000
8397.665910,14.43740000
8397.675380,34.99100000
8397.684860,37.73890000
8397.694340,17.77150000
8397.703810,3.70967000
8397.713290,1.96546000
8397.722770,0.46414300
8397.732250,-0.31478400
8397.741720,-0.04746430
8397.751200,-0.96807800
8397.760680,-0.84663200
8397.770150,-0.86966500
8397.779630,-1.54111000
8397.789110,-1.02950000
8397.798590,-1.26820000
8397.808060,-2.12460000
8397.817540,-1.80005000
8397.827020,-1.52854000
8397.836490,-1.40012000
8397.845970,-1.31776000
8397.855450,-1.82448000
8397.864930,-1.80284000
8397.874400,-1.32264000
8397.883880,-0.39016400
8397.893360,1.11325000
8397.902830,0.47949800
8397.912310,-1.74631000
8397.921790,-2.11134000
8397.931270,-1.51528000
8397.940740,-0.98413100
8397.950220,0.18774900
8397.959700,1.12930000
8397.969170,2.27675000
8397.978650,3.47027000
8397.988130,2.72345000
8397.997600,1.67720000
8398.007080,1.69186000
8398.016560,0.77892400
8398.026040,-0.40063400
8398.035510,-0.71052900
8398.044990,-1.34009000
8398.054470,-1.74072000
8398.063940,-1.55437000
8398.073420,-1.82099000
8398.082900,-1.67511000
8398.092380,-0.65469200
8398.101850,0.30849700
8398.111330,1.23330000
8398.120810,1.71629000
8398.130280,1.38406000
8398.139760,1.16699000
8398.149240,1.15233000
8398.158720,0.75379800
8398.168190,-0.07189310
8398.177670,-1.01065000
8398.187150,-1.23051000
8398.196620,-0.79009700
8398.206100,-0.43762600
8398.215580,0.22543900
8398.225050,1.09999000
8398.234530,1.49434000
8398.244010,1.58786000
8398.253490,0.95411300
8398.262960,-0.22265300
8398.272440,-0.42645800
8398.281920,-0.19124500
8398.291390,-0.51859000
8398.300870,-0.48787900
8398.310350,-0.10469700
8398.319830,-0.15495100
8398.329300,-0.30012700
8398.338780,-0.19543300
8398.348260,-0.10539500
8398.357730,-0.39644600
8398.367210,-0.63584700
8398.376690,-0.22335100
8398.386170,0.16890400
8398.395640,0.57581700
8398.405120,1.54180000
8398.414600,1.88450000
8398.424070,1.49503000
8398.433550,1.43012000
8398.443030,1.37638000
8398.452500,1.35125000
8398.461980,1.15094000
8398.471460,0.66655200
8398.480940,0.88641100
8398.490410,0.31617500
8398.499890,0.92410100
8398.509370,8.57168000
8398.518840,15.38380000
8398.528320,10.16650000
8398.537800,2.24186000
8398.547280,1.47410000
8398.556750,1.63184000
8398.566230,0.20170900
8398.575710,0.15564300
8398.585180,-0.50812000
8398.594660,-1.64231000
8398.604140,-1.59904000
8398.613620,-2.20766000
8398.623090,-2.87491000
8398.632570,-2.13437000
8398.642050,-1.62137000
8398.651520,-1.51807000
8398.661000,-0.82708900
8398.670480,-0.38946600
8398.679950,-0.52138100
8398.689430,-0.38039300
8398.698910,0.06281390
8398.708390,0.28197400
8398.717860,0.15285100
8398.727340,-0.30850300
8398.736820,-0.88781200
8398.746290,-0.95621300
8398.755770,-0.57512500
8398.765250,-0.47950400
8398.774730,-0.60164700
8398.784200,-0.45856500
8398.793680,0.14866300
8398.803160,0.91991300
8398.812630,0.81661400
8398.822110,-0.08026860
8398.831590,-0.50183800
8398.841070,-0.38178900
8398.850540,0.03629130
8398.860020,0.56953500
8398.869500,0.19542700
8398.878970,-0.61630400
8398.888450,-0.57721800
8398.897930,-0.24429000
8398.907410,0.14726700
8398.916880,1.04764000
8398.926360,1.72885000
8398.935840,1.82378000
8398.945310,1.53831000
8398.954790,0.84592900
8398.964270,0.34269700
8398.973740,0.26801500
8398.983220,0.34618700
8398.992700,0.92410100
8399.002180,1.58088000
8399.011650,1.44618000
8399.021130,1.03368000
8399.030610,0.70494000
8399.040080,0.19123900
8399.049560,0.03000960
8399.059040,0.18914500
8399.068520,-0.21497600
8399.077990,-0.54930000
8399.087470,0.14308000
8399.096950,0.99948100
8399.106420,1.34288000
8399.115900,1.46502000
8399.125380,1.08114000
8399.134860,0.37619900
8399.144330,0.10469200
8399.153810,0.02093610
8399.163290,0.17309200
8399.172760,0.94155000
8399.182240,1.55017000
8399.191720,1.79655000
8399.201190,2.09947000
8399.210670,1.87752000
8399.220150,1.15862000
8399.229630,0.64561300
8399.239100,0.21915800
8399.248580,-0.04537040
8399.258060,0.04606280
8399.267530,0.12423500
8399.277010,0.10469200
8399.286490,0.09352430
8399.295970,0.33083200
8399.305440,1.20398000
8399.314920,2.28862000
8399.324400,2.64528000
8399.333870,1.87193000
8399.343350,0.72587900
8399.352830,0.34199900
8399.362310,0.40481600
8399.371780,0.55557600
8399.381260,1.31287000
8399.390740,1.57041000
8399.400210,0.63863400
8399.409690,0.11795300
8399.419170,0.00418495
8399.428640,-0.27779200
8399.438120,0.41458700
8399.447600,1.37010000
8399.457080,1.18025000
8399.466550,0.63863400
8399.476030,-0.02303560
8399.485510,-1.00228000
8399.494980,-1.32055000
8399.504460,-0.43274000
8399.513940,1.48736000
8399.523420,2.78278000
8399.532890,1.45316000
8399.542370,-0.47322200
8399.551850,-0.28407400
8399.561320,0.56953500
8399.570800,0.90874500
8399.580280,1.40849000
8399.589760,1.50411000
8399.599230,1.17746000
8399.608710,1.25145000
8399.618190,1.09789000
8399.627660,0.37061600
8399.637140,-0.07189310
8399.646620,0.21636600
8399.656090,0.91642300
8399.665570,1.04973000
8399.675050,0.19612500
8399.684530,-0.65748400
8399.694000,-1.00507000
8399.703480,-1.16909000
8399.712960,-1.16072000
8399.722430,-1.15862000
8399.731910,-1.31427000
8399.741390,-1.40710000
8399.750870,-1.39035000
8399.760340,-0.93457600
8399.769820,0.05513630
8399.779300,0.59466200
8399.788770,0.16681000
8399.798250,-0.62468000
8399.807730,-1.09232000
8399.817210,-0.95551500
8399.826680,-0.59536600
8399.836160,-0.14936700
8399.845640,0.74263000
8399.855110,1.40011000
8399.864590,1.55995000
8399.874070,2.33329000
8399.883540,2.95587000
8399.893020,2.07085000
8399.902500,1.04624000
8399.911980,0.71331600
8399.921450,0.19193700
8399.930930,-0.07189310
8399.940410,0.08933650
8399.949880,-0.35596400
8399.959360,-1.02950000
8399.968840,-1.31148000
8399.978320,-1.72467000
8399.987790,-2.19929000
8399.997270,-2.29142000
8400.006750,-2.02828000
8400.016220,-1.34637000
8400.025700,-0.56186300
8400.035180,-0.31338800
8400.044660,-0.32246200
8400.054130,-0.13540800
8400.063610,-0.46624200
8400.073090,-1.49295000
8400.082560,-1.83774000
8400.092040,-1.38546000
8400.101520,-1.28495000
8400.111000,-1.06230000
8400.120470,-0.30222100
8400.129950,0.29244400
8400.139430,1.16490000
8400.148900,2.12809000
8400.158380,1.98570000
8400.167860,1.52923000
8400.177330,1.06230000
8400.186810,-0.16402400
8400.196290,-0.34758900
8400.205770,1.19491000
8400.215240,1.82866000
8400.224720,1.00855000
8400.234200,0.18984300
8400.243670,-0.15564900
8400.253150,0.27080700
8400.262630,0.70843000
8400.272110,0.15773700
8400.281580,-0.07677880
8400.291060,0.50392700
8400.300540,0.50741600
8400.310010,0.34688500
8400.319490,0.81801000
8400.328970,1.07486000
8400.338450,0.80405100
8400.347920,-0.01326410
8400.357400,-1.18514000
8400.366880,-1.33939000
8400.376350,-0.90944900
8400.385830,-1.31915000
8400.395310,-1.09441000
8400.404780,0.24498200
8400.414260,0.71122200
8400.423740,0.98482300
8400.433220,1.96895000
8400.442690,2.09738000
8400.452170,1.78050000
8400.461650,1.83913000
8400.471120,1.17118000
8400.480600,0.81172800
8400.490080,1.70722000
8400.499560,1.90893000
8400.509030,1.44478000
8400.518510,1.46083000
8400.527990,0.97784400
8400.537460,0.43133800
8400.546940,0.84104300
8400.556420,0.93247600
8400.565900,0.65608300
8400.575370,0.96179100
8400.584850,0.84592900
8400.594330,0.06072000
8400.603800,-0.27081300
8400.613280,-0.29384500
8400.622760,-0.35596400
8400.632230,-0.03839080
8400.641710,0.47740400
8400.651190,0.61211100
8400.660670,0.50671900
8400.670140,0.62816400
8400.679620,0.92759000
8400.689100,1.16839000
8400.698570,1.27727000
8400.708050,1.22632000
8400.717530,1.23749000
8400.727010,1.23818000
8400.736480,0.91014100
8400.745960,0.67492800
8400.755440,0.70145000
8400.764910,0.60303700
8400.774390,0.61560100
8400.783870,0.73634800
8400.793350,0.47740400
8400.802820,-0.11167700
8400.812300,-0.56605100
8400.821780,-0.35875600
8400.831250,0.17309200
8400.840730,0.22334500
8400.850210,0.04745870
8400.859680,0.18844700
8400.869160,0.71959700
8400.878640,0.90386000
8400.888120,0.25754600
8400.897590,0.16332100
8400.907070,0.37340800
8400.916550,-0.17449400
8400.926020,0.23102300
8400.935500,0.77892400
8400.944980,0.07049150
8400.954460,0.06420980
8400.963930,-0.27918800
8400.973410,-0.96249400
8400.982890,-0.19822400
8400.992360,-0.68540300
8401.001840,-0.91293900
8401.011320,0.28127600
8401.020800,-0.51021400
8401.030270,1.48945000
8401.039750,4.67147000
8401.049230,1.99687000
8401.058700,1.15233000
8401.068180,1.45176000
8401.077660,-1.41757000
8401.087140,0.77124700
8401.096610,0.54440900
8401.106090,-2.00665000
8401.115570,4.20802000
8401.125040,3.06475000
8401.134520,2.70461000
8401.144000,14.88480000
8401.153470,18.16100000
8401.162950,76.51980000
8401.172430,218.17600000
8401.181910,259.82700000
8401.191380,134.16200000
8401.200860,32.07000000
8401.210340,20.02320000
8401.219810,10.79890000
8401.229290,2.16159000
8401.238770,5.99271000
8401.248250,0.89059800
8401.257720,-0.46833600
8401.267200,1.80074000
8401.276680,-2.12321000
8401.286150,-0.72867600
8401.295630,1.11534000
8401.305110,-0.95272300
8401.314590,1.17746000
8401.324060,1.82517000
8401.333540,0.50532300
8401.343020,1.67930000
8401.352490,0.44390200
8401.361970,-0.38178900
8401.371450,1.23679000
8401.380920,0.43552600
8401.390400,-0.05514190
8401.399880,0.36293800
8401.409360,-0.77055400
8401.418830,-0.59745900
8401.428310,-0.35736000
8401.437790,-1.69815000
8401.447260,-1.70373000
8401.456740,-1.16700000
8401.466220,-0.85500800
8401.475700,0.24986800
8401.485170,0.32664400
8401.494650,-0.26453100
8401.504130,0.22194900
8401.513600,0.63374800
8401.523080,1.09580000
8401.532560,2.09459000
8401.542040,1.98710000
8401.551510,1.08254000
8401.560990,0.67632400
8401.570470,0.07398130
8401.579940,-0.58280200
8401.589420,-0.42715600
8401.598900,-0.35317200
8401.608370,-0.84035100
8401.617850,-1.05951000
8401.627330,-0.97505800
8401.636810,-0.81173400
8401.646280,-0.38109100
8401.655760,0.09631610
8401.665240,0.42017100
8401.674710,0.69656500
8401.684190,1.01274000
8401.693670,1.40011000
8401.703150,1.68558000
8401.712620,2.00385000
8401.722100,2.37517000
8401.731580,1.94173000
8401.741050,1.14884000
8401.750530,1.44548000
8401.760010,1.74979000
8401.769490,0.88501500
8401.778960,0.29104800
8401.788440,0.13819400
8401.797920,-0.22544500
8401.807390,0.35735400
8401.816870,1.19072000
8401.826350,0.83476100
8401.835820,0.72448300
8401.845300,0.89688000
8401.854780,0.47949800
8401.864260,0.78799800
8401.873730,0.68469900
8401.883210,-0.83476700
8401.892690,-0.82499500
8401.902160,0.14866300
8401.911640,-0.01047230
8401.921120,0.87943100
8401.930600,2.41146000
8401.940070,2.46520000
8401.949550,2.45194000
8401.959030,2.58595000
8401.968500,3.13874000
8401.977980,5.05186000
8401.987460,4.60376000
8401.996940,0.93457000
8402.006410,-1.03089000
8402.015890,-1.06091000
8402.025370,-0.83825700
8402.034840,0.69307500
8402.044320,1.74351000
8402.053800,1.13628000
8402.063280,1.13349000
8402.072750,1.44199000
8402.082230,1.12511000
8402.091710,1.01972000
8402.101180,0.69447100
8402.110660,0.17379000
8402.120140,0.07118940
8402.129610,-0.02722340
8402.139090,0.34548900
8402.148570,0.59885000
8402.158050,-0.50323400
8402.167520,-1.11325000
8402.177000,-1.04067000
8402.186480,-1.84263000
8402.195950,-0.83406900
8402.205430,2.16089000
8402.214910,2.12879000
8402.224390,-0.60374100
8402.233860,-1.84961000
8402.243340,-1.37848000
8402.252820,-0.36922500
8402.262290,0.59885000
8402.271770,0.87245100
8402.281250,0.84662700
8402.290730,1.02880000
8402.300200,1.38057000
8402.309680,1.46921000
8402.319160,0.79916500
8402.328630,0.25894200
8402.338110,0.38178300
8402.347590,0.49066500
8402.357060,0.96458200
8402.366540,1.47898000
8402.376020,1.54459000
8402.385500,2.81628000
8402.394970,4.11240000
8402.404450,2.61108000
8402.413930,0.59954800
8402.423400,0.38248100
8402.432880,0.48089400
8402.442360,0.68679300
8402.451840,1.25842000
8402.461310,1.20119000
8402.470790,0.68469900
8402.480270,0.09771200
8402.489740,-0.75519900
8402.499220,-1.83076000
8402.508700,-2.77790000
8402.518180,-2.53221000
8402.527650,-1.37988000
8402.537130,-1.03857000
8402.546610,-0.87385300
8402.556080,-0.09422790
8402.565560,-0.04816230
8402.575040,-0.54581000
8402.584510,-0.65120300
8402.593990,-0.48578500
8402.603470,0.54859600
8402.612950,1.96756000
8402.622420,2.64249000
8402.631900,3.48772000
8402.641380,3.96862000
8402.650850,2.73811000
8402.660330,1.70512000
8402.669810,1.48736000
8402.679290,0.48996700
8402.688760,-0.02652540
8402.698240,0.71471200
8402.707720,1.02112000
8402.717190,1.37708000
8402.726670,2.55245000
8402.736150,3.28112000
8402.745630,3.58753000
8402.755100,3.89254000
8402.764580,3.51215000
8402.774060,2.95029000
8402.783530,2.63900000
8402.793010,1.86077000
8402.802490,1.24865000
8402.811960,1.43012000
8402.821440,1.15164000
8402.830920,0.26661900
8402.840400,0.05862610
8402.849870,0.40411800
8402.859350,0.60862100
8402.868830,0.55348200
8402.878300,-0.03420300
8402.887780,-0.42087500
8402.897260,0.37899100
8402.906740,1.09859000
8402.916210,0.80474900
8402.925690,0.48857100
8402.935170,0.15424700
8402.944640,0.09073240
8402.954120,1.35823000
8402.963600,1.84681000
8402.973080,-0.09911360
8402.982550,-1.36941000
8402.992030,-0.54022600
8403.001510,-0.16681600
8403.010980,-0.63584700
8403.020460,-0.46065900
8403.029940,-0.25196800
8403.039420,-0.88920800
8403.048890,-1.27867000
8403.058370,-0.84244500
8403.067850,-0.90037500
8403.077320,-1.23540000
8403.086800,0.02861370
8403.096280,1.93126000
8403.105750,2.44357000
8403.115230,2.27047000
8403.124710,2.12530000
8403.134190,1.99966000
8403.143660,2.48893000
8403.153140,2.40169000
8403.162620,0.80474900
8403.172090,0.03210350
8403.181570,0.83336500
8403.191050,1.27797000
8403.200530,1.40221000
8403.210000,1.82447000
8403.219480,1.76794000
8403.228960,1.45176000
8403.238430,1.52086000
8403.247910,1.53691000
8403.257390,1.36870000
8403.266870,1.36382000
8403.276340,1.39941000
8403.285820,1.25005000
8403.295300,1.15094000
8403.304770,1.49015000
8403.314250,1.95150000
8403.323730,2.06248000
8403.333200,2.33608000
8403.342680,2.93842000
8403.352160,3.10663000
8403.361640,3.23296000
8403.371110,4.41880000
8403.380590,7.08642000
8403.390070,13.49370000
8403.399540,29.52310000
8403.409020,62.50330000
8403.418500,115.36000000
8403.427980,175.11400000
8403.437450,210.22100000
8403.446930,196.26000000
8403.456410,143.57400000
8403.465880,84.40050000
8403.475360,40.35480000
8403.484840,15.25750000
8403.494320,4.63866000
8403.503790,0.88361900
8403.513270,-0.84384000
8403.522750,-0.72588500
8403.532220,-0.25406100
8403.541700,-1.39104000
8403.551180,-2.37657000
8403.560650,-1.71560000
8403.570130,-0.56395700
8403.579610,0.32873800
8403.589090,0.88850400
8403.598560,1.15582000
8403.608040,1.70722000
8403.617520,2.45892000
8403.626990,2.97262000
8403.636470,3.56659000
8403.645950,3.89324000
8403.655430,3.28880000
8403.664900,2.65924000
8403.674380,2.55175000
8403.683860,2.03665000
8403.693330,1.02600000
8403.702810,-0.08166450
8403.712290,-1.25215000
8403.721770,-1.54390000
8403.731240,-0.71052900
8403.740720,0.07188740
8403.750200,0.92619400
8403.759670,2.19439000
8403.769150,2.82326000
8403.778630,2.68785000
8403.788100,2.25023000
8403.797580,1.14047000
8403.807060,-0.30431500
8403.816540,-1.33730000
8403.826010,-2.07993000
8403.835490,-2.59154000
8403.844970,-2.60899000
8403.854440,-2.13507000
8403.863920,-1.48248000
8403.873400,-1.02391000
8403.882880,-0.70634200
8403.892350,-0.36503800
8403.901830,-0.09213400
8403.911310,0.26312900
8403.920780,0.66655200
8403.930260,0.55767000
8403.939740,-0.12075000
8403.949220,-0.92829400
8403.958690,-1.77353000
8403.968170,-2.66971000
8403.977650,-3.31463000
8403.987120,-3.39141000
8403.996600,-2.90842000
8404.006080,-1.94174000
8404.015560,-0.54232000
8404.025030,0.67841800
8404.034510,0.98342700
8404.043990,0.67213600
8404.053460,0.33990500
8404.062940,-0.20939200
8404.072420,-0.88990600
8404.081890,-1.02182000
8404.091370,-1.03718000
8404.100850,-1.59066000
8404.110330,-1.40779000
8404.119800,0.06630370
8404.129280,0.96179100
8404.138760,1.36312000
8404.148230,3.03684000
8404.157710,4.34203000
8404.167190,3.25669000
8404.176670,1.61159000
8404.186140,0.96109300
8404.195620,0.80335300
8404.205100,1.20119000
8404.214570,1.78609000
8404.224050,1.61927000
8404.233530,1.34637000
8404.243010,1.54668000
8404.252480,1.30589000
8404.261960,0.63165400
8404.271440,0.53742900
8404.280910,0.78450800
8404.290390,0.96458200
8404.299870,1.39104000
8404.309340,1.45316000
8404.318820,0.87524300
8404.328300,0.62397600
8404.337780,0.54859600
8404.347250,0.40411800
8404.356730,0.73983800
8404.366210,1.07765000
8404.375680,1.18514000
8404.385160,0.91642300
8404.394640,0.01674830
8404.404120,0.02442590
8404.413590,0.30361100
8404.423070,-0.75310500
8404.432550,-0.56535300
8404.442020,0.69726300
8404.451500,0.53324100
8404.460980,0.54859600
8404.470460,0.00488292
8404.479930,-1.58927000
8404.489410,-1.38546000
8404.498890,-1.57182000
8404.508360,-2.07505000
8404.517840,-0.18915100
8404.527320,0.15075700
8404.536790,-0.07957060
8404.546270,1.24098000
8404.555750,0.45506900
8404.565230,1.37638000
8404.574700,2.27466000
8404.584180,-0.97436000
8404.593660,1.98431000
8404.603130,5.31499000
8404.612610,12.50540000
8404.622090,59.75680000
8404.631570,111.31800000
8404.641040,88.25540000
8404.650520,28.04000000
8404.660000,6.06949000
8404.669470,4.87318000
8404.678950,-0.69377800
8404.688430,-0.19403700
8404.697910,0.52556400
8404.707380,-1.53482000
8404.716860,0.33153000
8404.726340,1.23190000
8404.735810,0.97784400
8404.745290,1.88031000
8404.754770,0.88152500
8404.764240,0.97156200
8404.773720,2.60829000
8404.783200,2.03247000
8404.792680,1.85449000
8404.802150,2.84629000
8404.811630,2.28164000
8404.821110,1.24098000
8404.830580,1.07207000
8404.840060,1.20259000
8404.849540,0.73146300
8404.859020,-0.40133200
8404.868490,-1.01345000
8404.877970,-1.17188000
8404.887450,-1.12233000
8404.896920,-0.25685300
8404.906400,0.46693500
8404.915880,0.41179600
8404.925360,0.12353700
8404.934830,-0.49834900
8404.944310,-0.96249400
8404.953790,-0.88013500
8404.963260,-0.78381600
8404.972740,-0.47601400
8404.982220,-0.01256620
8404.991690,0.13819400
8405.001170,0.23730500
8405.010650,0.28337000
8405.020130,0.33990500
8405.029600,0.67772000
8405.039080,0.88012900
8405.048560,0.98133400
8405.058030,1.16629000
8405.067510,0.92968400
8405.076990,0.56325400
8405.086470,0.48019600
8405.095940,0.09492020
8405.105420,-0.28058400
8405.114900,0.27918200
8405.124370,1.08324000
8405.133850,0.94155000
8405.143330,0.16820600
8405.152810,-0.33991100
8405.162280,-0.47112800
8405.171760,-0.43413600
8405.181240,-0.49485900
8405.190710,-1.13140000
8405.200190,-1.95151000
8405.209670,-1.80284000
8405.219150,-0.74124000
8405.228620,0.24498200
8405.238100,0.87314900
8405.247580,1.28216000
8405.257050,1.47479000
8405.266530,1.49085000
8405.276010,1.50062000
8405.285480,1.73583000
8405.294960,1.86775000
8405.304440,1.24377000
8405.313920,0.36154200
8405.323390,0.39993000
8405.332870,1.22771000
8405.342350,1.52226000
8405.351820,0.90106800
8405.361300,0.36642800
8405.370780,0.22055400
8405.380260,0.07607520
8405.389730,0.35177100
8405.399210,0.64980100
8405.408690,-0.07608080
8405.418160,-0.84733000
8405.427640,-0.90246900
8405.437120,-1.03927000
8405.446600,-0.85082000
8405.456070,-0.18775500
8405.465550,0.10190000
8405.475030,0.71680600
8405.484500,1.58368000
8405.493980,1.39383000
8405.503460,1.15652000
8405.512930,1.55227000
8405.522410,1.21166000
8405.531890,0.54371100
8405.541370,0.68958500
8405.550840,1.09440000
8405.560320,1.41896000
8405.569800,1.71838000
8405.579270,1.57251000
8405.588750,1.09440000
8405.598230,1.05881000
8405.607710,1.98989000
8405.617180,3.07313000
8405.626660,2.86583000
8405.636140,1.95639000
8405.645610,1.72536000
8405.655090,1.54180000
8405.664570,1.01135000
8405.674050,1.02600000
8405.683520,1.11744000
8405.693000,0.78450800
8405.702480,1.10906000
8405.711950,1.94731000
8405.721430,2.08412000
8405.730910,1.74072000
8405.740380,1.20329000
8405.749860,0.22055400
8405.759340,-0.36085000
8405.768820,0.02023810
8405.778290,0.49485300
8405.787770,0.76496500
8405.797250,1.20817000
8405.806720,1.54668000
8405.816200,1.77003000
8405.825680,2.29699000
8405.835160,2.76812000
8405.844630,2.99984000
8405.854110,3.31951000
8405.863590,2.92377000
8405.873060,1.45595000
8405.882540,0.36224000
8405.892020,-0.32036800
8405.901500,-1.36103000
8405.910970,-1.32613000
8405.920450,-0.19822400
8405.929930,0.03559330
8405.939400,0.29523600
8405.948880,1.42663000
8405.958360,1.63044000
8405.967830,1.51179000
8405.977310,2.06178000
8405.986790,1.27099000
8405.996270,-0.39644600
8406.005740,-0.67493300
8406.015220,-0.52417300
8406.024700,-0.52975700
8406.034170,0.28965200
8406.043650,0.92968400
8406.053130,0.68330300
8406.062610,0.71331600
8406.072080,1.01763000
8406.081560,0.62746600
8406.091040,0.02791570
8406.100510,0.39853400
8406.109990,1.11395000
8406.119470,0.69447100
8406.128950,-0.23661200
8406.138420,-0.54999800
8406.147900,-0.69517400
8406.157380,-0.84733000
8406.166850,-0.86896700
8406.176330,-0.92759600
8406.185810,-0.60234500
8406.195290,-0.06770530
8406.204760,0.24637800
8406.214240,0.88710900
8406.223720,1.51318000
8406.233190,1.66953000
8406.242670,1.89008000
8406.252150,1.36870000
8406.261620,-0.12144800
8406.271100,-0.58140600
8406.280580,0.12004700
8406.290060,0.45995500
8406.299530,0.46553900
8406.309010,0.57162900
8406.318490,0.74751600
8406.327960,1.05043000
8406.337440,1.26191000
8406.346920,0.95690500
8406.356400,-0.03420300
8406.365870,-0.80545200
8406.375350,-0.32106600
8406.384830,0.49624900
8406.394300,0.80823900
8406.403780,1.35544000
8406.413260,1.93894000
8406.422740,2.09738000
8406.432210,2.19858000
8406.441690,1.71489000
8406.451170,0.80963500
8406.460640,0.53463700
8406.470120,0.09212830
8406.479600,-0.58070800
8406.489070,-0.10260300
8406.498550,0.30430900
8406.508030,-0.46763800
8406.517510,-0.78381600
8406.526980,-0.63863900
8406.536460,-1.12163000
8406.545940,-1.31915000
8406.555410,-0.87175900
8406.564890,-0.52556900
8406.574370,-0.40272800
8406.583850,-0.80266100
8406.593320,-1.58089000
8406.602800,-1.87752000
8406.612280,-1.76236000
8406.621750,-1.53343000
8406.631230,-1.22283000
8406.640710,-0.81313000
8406.650190,0.40621200
8406.659660,1.94801000
8406.669140,2.34725000
8406.678620,2.20556000
8406.688090,1.72327000
8406.697570,-0.04397450
8406.707050,-1.33800000
8406.716520,-1.19282000
8406.726000,-1.71560000
8406.735480,-2.43799000
8406.744960,-2.01153000
8406.754430,-2.12251000
8406.763910,-2.83792000
8406.773390,-2.59084000
8406.782860,-2.32701000
8406.792340,-2.80023000
8406.801820,-3.00683000
8406.811300,-2.62644000
8406.820770,-1.94592000
8406.830250,-1.27728000
8406.839730,-0.52626700
8406.849200,0.71680600
8406.858680,1.47200000
8406.868160,1.10348000
8406.877640,0.89059800
8406.887110,0.69516900
8406.896590,-0.52277700
8406.906070,-1.70164000
8406.915540,-2.07226000
8406.925020,-2.36959000
8406.934500,-2.75556000
8406.943970,-2.72695000
8406.953450,-1.64440000
8406.962930,0.04745870
8406.972410,0.77752800
8406.981880,0.94224800
8406.991360,1.64300000
8407.000840,1.73583000
8407.010310,0.95411300
8407.019790,0.60792300
8407.029270,0.52137600
8407.038750,0.48578000
8407.048220,0.95899900
8407.057700,1.21306000
8407.067180,0.93038200
8407.076650,0.74681800
8407.086130,0.47461200
8407.095610,0.23870100
8407.105090,0.66376000
8407.114560,0.75310000
8407.124040,-0.41389500
8407.133520,-1.49713000
8407.142990,-1.58508000
8407.152470,-1.36452000
8407.161950,-0.72239500
8407.171430,0.43622400
8407.180900,1.05043000
8407.190380,1.11953000
8407.199860,1.26052000
8407.209330,1.30309000
8407.218810,1.44688000
8407.228290,1.41896000
8407.237760,0.72308700
8407.247240,0.65049900
8407.256720,1.58577000
8407.266200,2.09598000
8407.275670,2.08412000
8407.285150,1.76654000
8407.294630,1.22283000
8407.304100,1.59275000
8407.313580,2.27606000
8407.323060,1.90753000
8407.332540,1.63253000
8407.342010,1.89916000
8407.351490,1.63114000
8407.360970,1.29751000
8407.370440,1.26889000
8407.379920,1.04275000
8407.389400,1.05322000
8407.398880,1.28983000
8407.408350,1.03368000
8407.417830,0.57511900
8407.427310,0.24847200
8407.436780,-0.18915100
8407.446260,-0.67772500
8407.455740,-1.19422000
8407.465210,-1.67651000
8407.474690,-1.68838000
8407.484170,-1.33241000
8407.493650,-1.03857000
8407.503120,-0.77474200
8407.512600,-0.63375400
8407.522080,-0.58838600
8407.531550,-0.20939200
8407.541030,0.18565500
8407.550510,0.16750800
8407.559990,0.01674830
8407.569460,-0.44390700
8407.578940,-1.07487000
8407.588420,-0.93248200
8407.597890,-0.35596400
8407.607370,-0.11097900
8407.616850,0.16820600
8407.626330,0.39783600
8407.635800,0.34758300
8407.645280,0.57302500
8407.654760,0.80056100
8407.664230,0.32106000
8407.673710,-0.40621700
8407.683190,-0.76148100
8407.692660,-1.06091000
8407.702140,-1.56414000
8407.711620,-1.56484000
8407.721100,-0.94364900
8407.730570,-0.82011000
8407.740050,-0.92550200
8407.749530,-0.33781700
8407.759000,-0.04257860
8407.768480,-0.13052200
8407.777960,0.49066500
8407.787440,0.65329100
8407.796910,-0.15844100
8407.806390,-0.30082500
8407.815870,-0.19403700
8407.825340,-0.77264800
8407.834820,-1.17747000
8407.844300,-1.43292000
8407.853780,-1.18794000
8407.863250,0.52905300
8407.872730,1.72815000
8407.882210,1.13489000
8407.891680,0.74542200
8407.901160,0.42086900
8407.910640,-0.65957800
8407.920110,-0.66446400
8407.929590,-0.23870600
8407.939070,-1.28356000
8407.948550,-1.69745000
8407.958020,-0.65469200
8407.967500,-0.43692800
8407.976980,-0.32665000
8407.986450,0.90595400
8407.995930,1.40988000
8408.005410,1.04764000
8408.014890,1.47619000
8408.024360,2.07853000
8408.033840,1.85658000
8408.043320,1.19142000
8408.052790,0.39644000
8408.062270,-0.13959500
8408.071750,-0.27849000
8408.081230,-0.54650800
8408.090700,-0.56325900
8408.100180,0.11097300
8408.109660,0.46484100
8408.119130,0.09910800
8408.128610,-0.29733500
8408.138090,-0.52207900
8408.147570,-0.23312300
8408.157040,0.45437100
8408.166520,0.29802800
8408.176000,-0.51998500
8408.185470,-0.85780000
8408.194950,-0.80056700
8408.204430,-0.16891000
8408.213900,0.94783100
8408.223380,1.16141000
8408.232860,0.68679300
8408.242340,0.48368600
8408.251810,0.05164650
8408.261290,-0.17449400
8408.270770,0.19612500
8408.280240,-0.07957060
8408.289720,-0.44739700
8408.299200,0.13610000
8408.308680,0.44809000
8408.318150,0.61839300
8408.327630,1.62695000
8408.337110,2.07434000
8408.346580,1.65068000
8408.356060,1.81610000
8408.365540,1.87961000
8408.375020,1.03577000
8408.384490,0.66864600
8408.393970,0.95620700
8408.403450,0.52277200
8408.412920,-0.21637100
8408.422400,-0.03210910
8408.431880,0.79079000
8408.441350,1.82238000
8408.450830,2.68925000
8408.460310,2.19509000
8408.469790,0.80823900
8408.479260,0.32315400
8408.488740,0.43552600
8408.498220,0.44739200
8408.507690,0.74891200
8408.517170,0.88222300
8408.526650,0.89827600
8408.536130,1.54599000
8408.545600,2.07295000
8408.555080,2.02269000
8408.564560,1.83704000
8408.574030,1.51737000
8408.583510,1.62067000
8408.592990,1.90544000
8408.602470,1.23818000
8408.611940,0.72238900
8408.621420,0.99389700
8408.630900,0.54161700
8408.640370,0.02512390
8408.649850,0.53603300
8408.659330,0.78730000
8408.668800,0.86337800
8408.678280,1.63393000
8408.687760,1.96895000
8408.697240,1.66953000
8408.706710,1.58019000
8408.716190,1.24726000
8408.725670,0.80125900
8408.735140,0.74612000
8408.744620,0.32943600
8408.754100,-0.38458100
8408.763580,-0.74263600
8408.773050,-0.81243200
8408.782530,-0.27569800
8408.792010,0.13819400
8408.801480,-0.43553200
8408.810960,-0.32036800
8408.820440,0.52626200
8408.829920,0.45437100
8408.839390,0.55418000
8408.848870,0.99389700
8408.858350,0.86896200
8408.867820,1.06439000
8408.877300,0.45925700
8408.886780,-0.97366200
8408.896250,-0.83197500
8408.905730,-0.63514900
8408.915210,0.02931160
8408.924690,3.26786000
8408.934160,6.32285000
8408.943640,14.01440000
8408.953120,29.52380000
8408.962590,34.00480000
8408.972070,19.34060000
8408.981550,6.26910000
8408.991030,3.25041000
8409.000500,0.73355700
8409.009980,-1.40291000
8409.019460,-1.02531000
8409.028930,-1.17816000
8409.038410,-1.10976000
8409.047890,-0.25196800
8409.057370,-0.40900900
8409.066840,-0.96458800
8409.076320,-1.01694000
8409.085800,-0.64143100
8409.095270,-0.03559900
8409.104750,0.18914500
8409.114230,0.21566800
8409.123700,0.40970200
8409.133180,0.64631100
8409.142660,1.12581000
8409.152140,1.31077000
8409.161610,0.46623700
8409.171090,-0.62956600
8409.180570,-1.07487000
8409.190040,-1.15443000
8409.199520,-1.44688000
8409.209000,-1.77562000
8409.218480,-1.75678000
8409.227950,-1.81261000
8409.237430,-1.76096000
8409.246910,-0.64143100
8409.256380,0.65259300
8409.265860,0.73216100
8409.275340,0.39225300
8409.284820,0.23660700
8409.294290,-0.37550700
8409.303770,-0.79358700
8409.313250,-0.19543300
8409.322720,0.31687300
8409.332200,0.17309200
8409.341680,0.15703900
8409.351160,-0.06351750
8409.360630,-0.61211700
8409.370110,-0.20450600
8409.379590,0.58419200
8409.389060,0.17030000
8409.398540,-0.37969500
8409.408020,0.02512390
8409.417490,0.20240700
8409.426970,-0.12563600
8409.436450,0.11306700
8409.445930,0.62188200
8409.455400,0.50881200
8409.464880,0.46623700
8409.474360,1.22841000
8409.483830,1.71210000
8409.493310,1.24028000
8409.502790,0.63654000
8409.512270,-0.02373360
8409.521740,-0.70983100
8409.531220,-0.50323400
8409.540700,-0.00070079
8409.550170,-0.07328900
8409.559650,0.28406800
8409.569130,1.17397000
8409.578610,1.69256000
8409.588080,2.16997000
8409.597560,2.59433000
8409.607040,2.72903000
8409.616510,3.34952000
8409.625990,3.96652000
8409.635470,3.43467000
8409.644940,2.58944000
8409.654420,2.25372000
8409.663900,1.79655000
8409.673380,1.04694000
8409.682850,0.52626200
8409.692330,0.38666900
8409.701810,0.40621200
8409.711280,0.42226500
8409.720760,0.47531000
8409.730240,0.62956000
8409.739720,0.87035700
8409.749190,0.99180300
8409.758670,0.95132100
8409.768150,1.02670000
8409.777620,0.69237700
8409.787100,-0.40342600
8409.796580,-0.90944900
8409.806060,-0.47810800
8409.815530,-0.29244900
8409.825010,-0.32106600
8409.834490,-0.46065900
8409.843960,-0.85431000
8409.853440,-0.80824400
8409.862920,-0.61351300
8409.872390,-0.56046700
8409.881870,-0.32106600
8409.891350,-0.58559400
8409.900830,-0.51928800
8409.910300,0.62956000
8409.919780,1.09510000
8409.929260,1.38825000
8409.938730,1.60810000
8409.948210,0.23311700
8409.957690,0.49555100
8409.967170,2.26628000
8409.976640,3.78226000
8409.986120,14.57980000
8409.995600,31.47740000
8410.005070,30.69920000
8410.014550,13.11540000
8410.024030,2.57967000
8410.033510,1.41267000
8410.042980,-0.21427800
8410.052460,-1.20539000
8410.061940,-0.70006000
8410.071410,-0.40482200
8410.080890,0.56255600
8410.090370,1.16420000
8410.099840,0.90944300
8410.109320,1.19980000
8410.118800,1.36940000
8410.128280,1.20538000
8410.137750,1.33171000
8410.147230,1.13558000
8410.156710,0.93317400
8410.166180,1.04624000
8410.175660,0.80963500
8410.185140,0.82568800
8410.194620,1.33520000
8410.204090,1.38685000
8410.213570,1.20538000
8410.223050,1.19980000
8410.232520,1.26052000
8410.242000,1.57041000
8410.251480,1.70163000
8410.260960,1.60810000
8410.270430,1.68348000
8410.279910,0.96807200
8410.289390,-0.21637100
8410.298860,-0.54441400
8410.308340,-1.09092000
8410.317820,-1.39244000
8410.327300,0.34130100
8410.336770,1.69884000
8410.346250,1.41267000
8410.355730,1.82308000
8410.365200,2.28024000
8410.374680,2.47986000
8410.384160,4.52908000
8410.393630,6.07716000
8410.403110,4.70497000
8410.412590,3.40396000
8410.422070,3.35929000
8410.431540,2.65016000
8410.441020,1.32054000
8410.450500,-0.05235010
8410.459970,-1.33870000
8410.469450,-1.69954000
8410.478930,-1.30729000
8410.488410,-1.26890000
8410.497880,-1.47829000
8410.507360,-1.08045000
8410.516840,-0.20101600
8410.526310,0.31059100
8410.535790,0.33013400
8410.545270,0.21008400
8410.554750,0.23870100
8410.564220,0.91502700
8410.573700,1.69395000
8410.583180,1.61159000
8410.592650,1.33729000
8410.602130,0.94992500
8410.611610,0.02512390
8410.621080,0.17588400
8410.630560,1.33590000
8410.640040,1.42524000
8410.649520,1.10976000
8410.658990,1.27238000
8410.668470,1.24098000
8410.677950,1.46223000
8410.687420,1.93475000
8410.696900,2.00943000
8410.706380,1.77213000
8410.715860,1.28146000
8410.725330,1.31915000
8410.734810,1.84332000
8410.744290,1.66185000
8410.753760,1.34218000
8410.763240,0.97016600
8410.772720,0.36014600
8410.782200,0.45855900
8410.791670,0.21078200
8410.801150,0.19682300
8410.810630,1.63812000
8410.820100,1.75677000
8410.829580,1.41407000
8410.839060,1.48875000
8410.848530,0.07467920
8410.858010,2.29630000
8410.867490,5.68979000
8410.876970,8.48933000
8410.886440,34.01730000
8410.895920,72.91060000
8410.905400,70.11600000
8410.914870,30.23860000
8410.924350,8.21921000
8410.933830,6.62576000
8410.943310,3.21621000
8410.952780,2.19719000
8410.962260,3.57497000
8410.971740,1.90474000
8410.981210,1.34637000
8410.990690,1.31287000
8411.000170,0.50602100
8411.009650,1.92777000
8411.019120,3.77737000
8411.028600,4.22756000
8411.038080,3.94000000
8411.047550,2.53360000
8411.057030,1.26261000
8411.066510,0.97016600
8411.075980,0.55348200
8411.085460,-0.06840320
8411.094940,-0.87385300
8411.104420,-1.80982000
8411.113890,-2.39262000
8411.123370,-2.59363000
8411.132850,-1.74700000
8411.142320,-0.08375840
8411.151800,0.63654000
8411.161280,0.82848000
8411.170760,1.80353000
8411.180230,2.60549000
8411.189710,2.52802000
8411.199190,2.00245000
8411.208660,0.63305000
8411.218140,-0.31478400
8411.227620,1.74979000
8411.237100,3.94907000
8411.246570,1.92428000
8411.256050,-0.96877600
8411.265530,-1.31217000
8411.275000,-1.51389000
8411.284480,-1.41059000
8411.293960,-0.05374600
8411.303440,0.01186250
8411.312910,-0.47461800
8411.322390,0.01256050
8411.331870,-0.69796600
8411.341340,-1.80912000
8411.350820,-1.19212000
8411.360300,-0.57442700
8411.369770,-0.52626700
8411.379250,0.14098600
8411.388730,0.71401400
8411.398210,0.93736200
8411.407680,1.29821000
8411.417160,0.88361900
8411.426640,-0.40203000
8411.436110,-1.31497000
8411.445590,-1.84402000
8411.455070,-2.14275000
8411.464550,-1.69256000
8411.474020,-1.18654000
8411.483500,-0.97784900
8411.492980,-0.42785400
8411.502450,-0.17379600
8411.511930,-0.09352990
8411.521410,0.79218600
8411.530890,1.20189000
8411.540360,0.75030800
8411.549840,1.16071000
8411.559320,2.01990000
8411.568790,1.81819000
8411.578270,0.83266700
8411.587750,0.09352430
8411.597220,-0.04118270
8411.606700,0.16960200
8411.616180,0.85988800
8411.625660,1.98291000
8411.635130,2.39541000
8411.644610,1.68139000
8411.654090,1.00855000
8411.663560,0.54091900
8411.673040,-0.82290200
8411.682520,-1.58298000
8411.692000,-0.51021400
8411.701470,-0.36643400
8411.710950,-0.30501300
8411.720430,1.30170000
8411.729900,0.88431700
8411.739380,0.96737400
8411.748860,3.11012000
8411.758340,1.80772000
8411.767810,2.26279000
8411.777290,5.73167000
8411.786770,3.94419000
8411.796240,2.95866000
8411.805720,2.91120000
8411.815200,-1.42245000
8411.824670,-0.60513700
8411.834150,-0.17170200
8411.843630,-3.19528000
8411.853110,1.66324000
8411.862580,1.45665000
8411.872060,-1.27658000
8411.881540,5.54601000
8411.891010,1.96267000
8411.900490,0.81242600
8411.909970,9.06654000
8411.919450,-0.90316700
8411.928920,1.74002000
8411.938400,13.42740000
8411.947880,3.07453000
8411.957350,27.48510000
8411.966830,52.43940000
8411.976310,95.18610000
8411.985790,381.66700000
8411.995260,724.80300000
8412.004740,659.30100000
8412.014220,392.53000000
8412.023690,352.02900000
8412.033170,393.44100000
8412.042650,335.95100000
8412.052120,260.56000000
8412.061600,175.24500000
8412.071080,91.12260000
8412.080560,55.39940000
8412.090030,30.76410000
8412.099510,11.67620000
8412.108990,12.73220000
8412.118460,7.20717000
8412.127940,3.67059000
8412.137420,7.33978000
8412.146900,2.24395000
8412.156370,1.44339000
8412.165850,3.66081000
8412.175330,0.38387700
8412.184800,3.29089000
8412.194280,6.21606000
8412.203760,3.66989000
8412.213240,3.86043000
8412.222710,2.86793000
8412.232190,1.22422000
8412.241670,2.36749000
8412.251140,0.87314900
8412.260620,-0.52207900
8412.270100,0.37480300
8412.279580,-0.78311800
8412.289050,-1.76096000
8412.298530,-1.37848000
8412.308010,-1.68838000
8412.317480,-1.45037000
8412.326960,-1.01973000
8412.336440,-1.29542000
8412.345910,-1.29682000
8412.355390,-1.08464000
8412.364870,-0.73216600
8412.374350,-0.05932970
8412.383820,0.62886200
8412.393300,1.33032000
8412.402780,1.97384000
8412.412250,2.38982000
8412.421730,2.46171000
8412.431210,1.96686000
8412.440690,1.00716000
8412.450160,0.35246900
8412.459640,0.40411800
8412.469120,0.09771200
8412.478590,-0.73146800
8412.488070,-0.65888000
8412.497550,0.05723020
8412.507030,0.52626200
8412.516500,0.96248900
8412.525980,0.86547200
8412.535460,0.08445070
8412.544930,-0.53185100
8412.554410,-0.93527400
8412.563890,-1.24028000
8412.573360,-1.49923000
8412.582840,-2.01014000
8412.592320,-2.35074000
8412.601800,-1.99478000
8412.611270,-1.04555000
8412.620750,-0.00488857
8412.630230,0.56813900
8412.639700,0.96179100
8412.649180,1.47130000
8412.658660,1.53342000
8412.668140,1.26052000
8412.677610,0.91851700
8412.687090,-0.17379600
8412.696570,-1.42734000
8412.706040,-1.28216000
8412.715520,-0.26034300
8412.725000,0.42784900
8412.734480,1.04415000
8412.743950,1.66883000
8412.753430,1.88520000
8412.762910,1.80493000
8412.772380,1.46921000
8412.781860,1.15931000
8412.791340,1.32613000
8412.800810,1.43850000
8412.810290,0.95062300
8412.819770,0.00069514
8412.829250,-1.03927000
8412.838720,-1.47759000
8412.848200,-1.43502000
8412.857680,-1.72956000
8412.867150,-1.91452000
8412.876630,-1.25215000
8412.886110,-0.37690300
8412.895590,-0.18147300
8412.905060,-0.41598900
8412.914540,-0.28058400
8412.924020,0.15424700
8412.933490,0.50113500
8412.942970,0.98482300
8412.952450,1.53272000
8412.961930,1.62835000
8412.971400,0.97575000
8412.980880,-0.01605600
8412.990360,-0.47252400
8412.999830,-0.56116500
8413.009310,-0.70355000
8413.018790,-0.51230800
8413.028260,-0.14238700
8413.037740,0.20101100
8413.047220,0.24288800
8413.056700,-0.19264100
8413.066170,0.12144300
8413.075650,0.27220300
8413.085130,-1.10697000
8413.094600,-1.50621000
8413.104080,-1.01624000
8413.113560,-1.26122000
8413.123040,-0.80475400
8413.132510,-1.06789000
8413.141990,-1.60951000
8413.151470,-0.04606840
8413.160940,-0.23661200
8413.170420,-0.45716900
8413.179900,2.07225000
8413.189380,1.27797000
8413.198850,1.86705000
8413.208330,5.80635000
8413.217810,7.40818000
8413.227280,30.50030000
8413.236760,74.88520000
8413.246240,78.72400000
8413.255720,35.04890000
8413.265190,6.92100000
8413.274670,4.97368000
8413.284150,2.14344000
8413.293620,0.61420500
8413.303100,1.75468000
8413.312580,-0.29175100
8413.322050,-0.47810800
8413.331530,0.35944800
8413.341010,-0.77055400
8413.350490,-0.67632900
8413.359960,-0.27569800
8413.369440,-0.26173900
8413.378920,0.68609500
8413.388390,0.94294600
8413.397870,0.90874500
8413.407350,1.04485000
8413.416830,-0.32176400
8413.426300,-0.47880600
8413.435780,3.78715000
8413.445260,8.36718000
8413.454730,7.75228000
8413.464210,3.99933000
8413.473690,2.16717000
8413.483170,1.68837000
8413.492640,0.48159200
8413.502120,-0.38807000
8413.511600,-0.89688600
8413.521070,-1.56902000
8413.530550,-1.44409000
8413.540030,-0.77264800
8413.549500,-0.08515440
8413.558980,0.84732500
8413.568460,1.41477000
8413.577940,1.33520000
8413.587410,0.99668900
8413.596890,0.45855900
8413.606370,0.04536480
8413.615840,0.37619900
8413.625320,1.73095000
8413.634800,2.86304000
8413.644280,2.01013000
8413.653750,0.54091900
8413.663230,0.49694700
8413.672710,0.55348200
8413.682180,0.10190000
8413.691660,0.59256800
8413.701140,1.31287000
8413.710620,1.27099000
8413.720090,1.44618000
8413.729570,1.86635000
8413.739050,1.92079000
8413.748520,1.95499000
8413.758000,2.05061000
8413.767480,2.15182000
8413.776950,2.10924000
8413.786430,1.45595000
8413.795910,0.67353200
8413.805390,0.13261000
8413.814860,-0.33921300
8413.824340,0.08445070
8413.833820,1.06997000
8413.843290,1.29123000
8413.852770,1.49294000
8413.862250,1.57809000
8413.871730,0.45227700
8413.881200,-0.03280710
8413.890680,1.00297000
8413.900160,1.62974000
8413.909630,1.84122000
8413.919110,2.10156000
8413.928590,1.94173000
8413.938070,2.24883000
8413.947540,2.67459000
8413.957020,1.78609000
8413.966500,0.67213600
8413.975970,0.16750800
8413.985450,-0.32106600
8413.994930,-0.21078800
8414.004400,0.42715100
8414.013880,0.72657700
8414.023360,1.15582000
8414.032840,1.44688000
8414.042310,0.90525600
8414.051790,0.62956000
8414.061270,0.78171600
8414.070740,0.20170900
8414.080220,-0.57652100
8414.089700,-0.86966500
8414.099180,-0.99809000
8414.108650,-0.45996100
8414.118130,0.68330300
8414.127610,1.28425000
8414.137080,1.71280000
8414.146560,2.37098000
8414.156040,1.98570000
8414.165520,0.92061100
8414.174990,0.69935600
8414.184470,0.30640300
8414.193950,-0.81452600
8414.203420,-0.65608800
8414.212900,0.65329100
8414.222380,1.34776000
8414.231850,1.92847000
8414.241330,2.57060000
8414.250810,2.25163000
8414.260290,1.42943000
8414.269760,0.61629900
8414.279240,0.01744630
8414.288720,0.44111000
8414.298190,1.30240000
8414.307670,1.84820000
8414.317150,2.51336000
8414.326630,2.91190000
8414.336100,3.20574000
8414.345580,3.81925000
8414.355060,3.25600000
8414.364530,1.88310000
8414.374010,1.50830000
8414.383490,1.09091000
8414.392970,0.26801500
8414.402440,0.05932410
8414.411920,-0.48857700
8414.421400,-1.30380000
8414.430870,-1.17188000
8414.440350,-0.80894200
8414.449830,-0.84174700
8414.459310,-1.14466000
8414.468780,-1.22144000
8414.478260,-0.09213400
8414.487740,1.09999000
8414.497210,0.96179100
8414.506690,0.57511900
8414.516170,0.33153000
8414.525640,0.05164650
8414.535120,0.25894200
8414.544600,1.29332000
8414.554080,4.80408000
8414.563550,9.48253000
8414.573030,9.06235000
8414.582510,3.61266000
8414.591980,-0.09981160
8414.601460,-0.84314300
8414.610940,-1.31776000
8414.620420,-1.70024000
8414.629890,-1.73444000
8414.639370,-1.72048000
8414.648850,-1.56204000
8414.658320,-0.92899200
8414.667800,0.15494500
8414.677280,0.55557600
8414.686760,0.10957700
8414.696230,-0.10051000
8414.705710,-0.35805800
8414.715190,-0.68121500
8414.724660,-0.50602600
8414.734140,-0.58001000
8414.743620,-0.51649600
8414.753090,0.20031300
8414.762570,0.17099800
8414.772050,0.59396400
8414.781530,3.23645000
8414.791000,4.72870000
8414.800480,2.59572000
8414.809960,-0.18007700
8414.819430,-1.26052000
8414.828910,-1.44758000
8414.838390,-1.44548000
8414.847870,-1.20888000
8414.857340,-1.05114000
8414.866820,-1.16141000
8414.876300,-0.84802800
8414.885770,0.06769960
8414.895250,0.49345700
8414.904730,0.20450000
8414.914210,-0.06700730
8414.923680,-0.60164700
8414.933160,-1.67093000
8414.942640,-2.44497000
8414.952110,-2.45404000
8414.961590,-2.03736000
8414.971070,-1.49783000
8414.980540,-0.59117800
8414.990020,1.01902000
8414.999500,2.39262000
8415.008980,2.42193000
8415.018450,1.88799000
8415.027930,1.45874000
8415.037410,0.62397600
8415.046880,-0.00488857
8415.056360,0.14726700
8415.065840,0.01884220
8415.075320,-0.62119000
8415.084790,-0.87873900
8415.094270,-0.55069600
8415.103750,-0.02652540
8415.113220,-0.04886030
8415.122700,-0.68610100
8415.132180,-0.72030100
8415.141660,0.57930700
8415.151130,3.23506000
8415.160610,7.22182000
8415.170090,12.56680000
8415.179560,20.25420000
8415.189040,30.20300000
8415.198520,39.45450000
8415.207990,44.63340000
8415.217470,42.63230000
8415.226950,33.01510000
8415.236430,21.49730000
8415.245900,13.16780000
8415.255380,7.53660000
8415.264860,4.05796000
8415.274330,2.56990000
8415.283810,1.68837000
8415.293290,1.61578000
8415.302770,2.19090000
8415.312240,2.19788000
8415.321720,2.34027000
8415.331200,2.64737000
8415.340670,1.95360000
8415.350150,0.98552100
8415.359630,0.43901600
8415.369110,0.12423500
8415.378580,0.33641500
8415.388060,0.72029500
8415.397540,0.83057300
8415.407010,0.97505200
8415.416490,1.25145000
8415.425970,1.70442000
8415.435450,1.91381000
8415.444920,1.38196000
8415.454400,0.90037000
8415.463880,0.70214800
8415.473350,-0.02094170
8415.482830,-0.80684800
8415.492310,-0.83686100
8415.501780,-0.44111600
8415.511260,-0.36015200
8415.520740,-0.90735500
8415.530220,-1.27169000
8415.539690,-0.68959100
8415.549170,-0.00349264
8415.558650,0.04396890
8415.568120,-0.04048470
8415.577600,0.07328330
8415.587080,0.14377800
8415.596560,0.03000960
8415.606030,-0.05304800
8415.615510,0.09771200
8415.624990,0.31617500
8415.634460,0.69865800
8415.643940,1.56343000
8415.653420,2.52174000
8415.662900,2.98379000
8415.672370,2.81419000
8415.681850,2.05620000
8415.691330,1.21934000
8415.700800,1.14187000
8415.710280,1.96127000
8415.719760,2.80511000
8415.729230,2.44426000
8415.738710,1.03508000
8415.748190,0.53044900
8415.757670,1.24656000
8415.767140,1.14605000
8415.776620,0.28057800
8415.786100,0.15843500
8415.795570,-0.08166450
8415.805050,-0.93248200
8415.814530,-1.11744000
8415.824010,-1.06021000
8415.833480,-1.28356000
8415.842960,-0.69098700
8415.852440,0.19891700
8415.861910,0.26871300
8415.871390,0.31128900
8415.880870,0.64351900
8415.890350,0.45995500
8415.899820,-0.18077500
8415.909300,-0.58978200
8415.918780,-0.32665000
8415.928250,0.34967700
8415.937730,0.51718800
8415.947210,0.15564300
8415.956680,0.17588400
8415.966160,0.12842200
8415.975640,-0.59466800
8415.985120,-0.68889300
8415.994590,-0.29105400
8416.004070,-1.01973000
8416.013550,-1.71211000
8416.023020,-1.55297000
8416.032500,-1.66465000
8416.041980,-1.38546000
8416.051460,-1.05532000
8416.060930,-1.40570000
8416.070410,-0.77613800
8416.079890,-0.31478400
8416.089360,-0.47741000
8416.098840,0.88501500
8416.108320,0.91363100
8416.117800,0.12563100
8416.127270,2.27606000
8416.136750,2.75974000
8416.146230,2.74439000
8416.155700,5.91593000
8416.165180,7.45425000
8416.174660,21.40160000
8416.184130,54.61840000
8416.193610,64.68030000
8416.203090,34.66710000
8416.212570,8.70988000
8416.222040,3.70339000
8416.231520,0.36991800
8416.241000,-1.73095000
8416.250470,-0.50323400
8416.259950,-1.50132000
8416.269430,-1.20190000
8416.278910,0.32873800
8416.288380,-0.31129400
8416.297860,-0.24778000
8416.307340,0.20380200
8416.316810,-0.25336300
8416.326290,-0.09283190
8416.335770,-0.39574800
8416.345250,-0.87804100
8416.354720,-0.41249900
8416.364200,-0.42017700
8416.373680,-0.33362900
8416.383150,0.13191200
8416.392630,-0.47671200
8416.402110,-1.10278000
8416.411590,-1.19073000
8416.421060,-1.41826000
8416.430540,-0.87106100
8416.440020,-0.00070079
8416.449490,-0.16053400
8416.458970,-0.81313000
8416.468450,-1.47550000
8416.477920,-2.00037000
8416.487400,-1.87822000
8416.496880,-1.36452000
8416.506360,-0.89269800
8416.515830,-0.14866900
8416.525310,1.13140000
8416.534790,2.13786000
8416.544260,1.75258000
8416.553740,0.51858400
8416.563220,-0.28756400
8416.572700,-0.71750900
8416.582170,-1.18654000
8416.591650,-1.35475000
8416.601130,-0.80196300
8416.610600,0.05792810
8416.620080,0.43273400
8416.629560,0.79846700
8416.639040,1.63742000
8416.648510,1.61788000
8416.657990,0.28057800
8416.667470,-0.95272300
8416.676940,-1.36731000
8416.686420,-1.12861000
8416.695900,-0.64631700
8416.705370,-0.32595200
8416.714850,0.04396890
8416.724330,0.36433400
8416.733810,0.62746600
8416.743280,1.33799000
8416.752760,1.52086000
8416.762240,0.74961000
8416.771710,0.69656500
8416.781190,1.02461000
8416.790670,0.55557600
8416.800150,0.36224000
8416.809620,0.29174600
8416.819100,-0.43902200
8416.828580,-0.55209200
8416.838050,-0.38458100
8416.847530,-1.03927000
8416.857010,-1.03020000
8416.866490,-0.40412400
8416.875960,-0.71750900
8416.885440,-0.67772500
8416.894920,0.06072000
8416.904390,-0.33293100
8416.913870,-0.58001000
8416.923350,0.41598300
8416.932820,0.26522300
8416.942300,-0.55976900
8416.951780,0.22892900
8416.961260,0.98970900
8416.970730,0.87663900
8416.980210,1.50481000
8416.989690,2.01990000
8416.999160,1.75119000
8417.008640,1.75258000
8417.018120,1.25424000
8417.027600,0.07677310
8417.037070,-0.33781700
8417.046550,-0.24219600
8417.056030,-0.24638400
8417.065500,-0.25685300
8417.074980,-0.08585230
8417.084460,1.07626000
8417.093940,2.25232000
8417.103410,1.58856000
8417.112890,0.33222800
8417.122370,-0.33362900
8417.131840,-1.01205000
8417.141320,-1.06579000
8417.150800,-0.62119000
8417.160270,-0.85919600
8417.169750,-0.90805300
8417.179230,-0.09143600
8417.188710,0.87314900
8417.198180,1.69954000
8417.207660,1.80144000
8417.217140,1.10208000
8417.226610,0.54859600
8417.236090,0.01535240
8417.245570,-0.50951600
8417.255050,-0.41878100
8417.264520,-0.49206700
8417.274000,-0.99669400
8417.283480,-0.99529900
8417.292950,-0.82848500
8417.302430,-0.66725600
8417.311910,0.29174600
8417.321390,1.33311000
8417.330860,1.42733000
8417.340340,1.12372000
8417.349820,0.75868300
8417.359290,-0.00419061
8417.368770,-1.00018000
8417.378250,-1.84263000
8417.387730,-2.13437000
8417.397200,-1.67651000
8417.406680,-0.96947400
8417.416160,-0.10609300
8417.425630,1.22771000
8417.435110,2.02269000
8417.444590,1.79027000
8417.454060,2.01921000
8417.463540,2.71996000
8417.473020,2.50150000
8417.482500,1.83215000
8417.491970,1.31356000
8417.501450,0.63723800
8417.510930,0.39644000
8417.520400,0.80684300
8417.529880,1.13000000
8417.539360,1.09022000
8417.548840,0.79776900
8417.558310,0.64282100
8417.567790,0.45088100
8417.577270,-0.04118270
8417.586740,0.51160400
8417.596220,1.63533000
8417.605700,1.06579000
8417.615180,0.48298800
8417.624650,1.69116000
8417.634130,2.50499000
8417.643610,2.44357000
8417.653080,2.64737000
8417.662560,2.70461000
8417.672040,2.76882000
8417.681510,2.58107000
8417.690990,1.75328000
8417.700470,1.65766000
8417.709950,1.75956000
8417.719420,0.90037000
8417.728900,0.65678100
8417.738380,1.05043000
8417.747850,0.92828800
8417.757330,1.01484000
8417.766810,0.80614500
8417.776290,-0.22055900
8417.785760,-0.51789200
8417.795240,-0.08026860
8417.804720,0.38736700
8417.814190,1.24935000
8417.823670,1.75817000
8417.833150,1.32403000
8417.842630,0.48578000
8417.852100,-0.59187600
8417.861580,-1.09232000
8417.871060,-0.46345000
8417.880530,-0.06630930
8417.890010,-0.41668700
8417.899490,-0.53045500
8417.908960,-0.25894700
8417.918440,0.05025050
8417.927920,0.37550100
8417.937400,0.74332800
8417.946870,1.23888000
8417.956350,1.68139000
8417.965830,1.60322000
8417.975300,0.79707100
8417.984780,-0.26522900
8417.994260,-0.74124000
8418.003740,-0.80196300
8418.013210,-0.97784900
8418.022690,-0.41878100
8418.032170,0.81940600
8418.041640,1.02531000
8418.051120,0.60862100
8418.060600,0.91502700
8418.070080,1.15582000
8418.079550,1.18305000
8418.089030,1.78888000
8418.098510,2.04224000
8418.107980,1.36591000
8418.117460,0.45925700
8418.126940,-0.33223300
8418.136410,-0.34340100
8418.145890,0.23800300
8418.155370,0.04815660
8418.164850,-0.21986100
8418.174320,0.28337000
8418.183800,0.29733000
8418.193280,0.15564300
8418.202750,0.75449600
8418.212230,0.50532300
8418.221710,-0.86687300
8418.231190,-1.73654000
8418.240660,-2.29211000
8418.250140,-2.90004000
8418.259620,-2.82466000
8418.269090,-2.44846000
8418.278570,-2.25163000
8418.288050,-1.70303000
8418.297530,-1.12442000
8418.307000,-1.10488000
8418.316480,-1.08464000
8418.325960,-0.79777500
8418.335430,-0.46624200
8418.344910,0.25196200
8418.354390,1.09789000
8418.363870,1.20189000
8418.373340,0.75658900
8418.382820,0.29872500
8418.392300,-0.25824900
8418.401770,-0.95062900
8418.411250,-1.49644000
8418.420730,-1.47759000
8418.430200,-1.05183000
8418.439680,-0.94574300
8418.449160,-0.93736700
8418.458640,-0.40621700
8418.468110,0.38736700
8418.477590,1.02112000
8418.487070,0.98970900
8418.496540,0.24917000
8418.506020,-0.26104100
8418.515500,-0.43134400
8418.524980,-0.57442700
8418.534450,-0.52696500
8418.543930,-0.98133900
8418.553410,-1.72048000
8418.562880,-1.55158000
8418.572360,-1.30729000
8418.581840,-1.14745000
8418.591320,0.04187500
8418.600790,0.93526800
8418.610270,0.98412500
8418.619750,1.52714000
8418.629220,1.66813000
8418.638700,1.29612000
8418.648180,1.84471000
8418.657650,1.96895000
8418.667130,1.38336000
8418.676610,1.89287000
8418.686090,2.02828000
8418.695560,1.09580000
8418.705040,1.48387000
8418.714520,2.37866000
8418.723990,2.51964000
8418.733470,3.61545000
8418.742950,4.92413000
8418.752430,5.14119000
8418.761900,5.23263000
8418.771380,4.29317000
8418.780860,2.83792000
8418.790330,3.74108000
8418.799810,5.94036000
8418.809290,9.07910000
8418.818770,15.64280000
8418.828240,24.98780000
8418.837720,36.88250000
8418.847200,49.37390000
8418.856670,54.40690000
8418.866150,49.47860000
8418.875630,38.64620000
8418.885100,25.50570000
8418.894580,15.86400000
8418.904060,10.58740000
8418.913540,6.27957000
8418.923010,5.05186000
8418.932490,4.54723000
8418.941970,2.51685000
8418.951440,3.77388000
8418.960920,3.62592000
8418.970400,2.30816000
8418.979880,6.68718000
8418.989350,8.00633000
8418.998830,23.76630000
8419.008310,76.47030000
8419.017780,106.31000000
8419.027260,66.64500000
8419.036740,19.88570000
8419.046220,8.82714000
8419.055690,5.26404000
8419.065170,1.08673000
8419.074650,2.22231000
8419.084120,1.46432000
8419.093600,0.56464900
8419.103080,1.18095000
8419.112550,1.22911000
8419.122030,1.52993000
8419.131510,0.88152500
8419.140990,0.30221500
8419.150460,-0.76427300
8419.159940,-2.10855000
8419.169420,-0.56884300
8419.178890,-0.67353700
8419.188370,-0.76915800
8419.197850,2.03107000
8419.207330,0.08375280
8419.216800,-0.09771770
8419.226280,2.40797000
8419.235760,-1.52505000
8419.245230,1.53412000
8419.254710,4.35319000
8419.264190,-2.28444000
8419.273670,6.47849000
8419.283140,6.94752000
8419.292620,10.91130000
8419.302100,108.68500000
8419.311570,206.00300000
8419.321050,138.41700000
8419.330530,22.24410000
8419.340000,2.41914000
8419.349480,7.26859000
8419.358960,-2.82745000
8419.368440,3.29369000
8419.377910,3.69920000
8419.387390,-0.89618800
8419.396870,3.94209000
8419.406340,2.53360000
8419.415820,1.12511000
8419.425300,3.72991000
8419.434780,1.54599000
8419.444250,2.20207000
8419.453730,2.94470000
8419.463210,1.14884000
8419.472680,2.89305000
8419.482160,1.32613000
8419.491640,-0.01884780
8419.501120,2.06736000
8419.510590,0.52347000
8419.520070,4.91575000
8419.529550,9.77358000
8419.539020,16.97930000
8419.548500,65.42640000
8419.557980,117.27600000
8419.567460,91.11840000
8419.576930,29.88820000
8419.586410,8.91787000
8419.595890,7.14156000
8419.605360,1.18025000
8419.614840,1.57809000
8419.624320,1.98082000
8419.633790,0.48298800
8419.643270,1.97593000
8419.652750,0.86407600
8419.662230,-0.75450100
8419.671700,0.14238200
8419.681180,-0.52836100
8419.690660,-0.94434700
8419.700130,-0.27081300
8419.709610,-0.58908400
8419.719090,0.12493300
8419.728570,1.31705000
8419.738040,1.44408000
8419.747520,1.73932000
8419.757000,1.57111000
8419.766470,1.03438000
8419.775950,1.25424000
8419.785430,1.21655000
8419.794910,0.96458200
8419.804380,1.22074000
8419.813860,1.43990000
8419.823340,1.40011000
8419.832810,1.10418000
8419.842290,0.91991300
8419.851770,0.89059800
8419.861240,0.30849700
8419.870720,-0.13889800
8419.880200,-0.25545700
8419.889680,-0.96668200
8419.899150,-1.08324000
8419.908630,-0.16262800
8419.918110,0.17099800
8419.927580,0.21148000
8419.937060,0.26801500
8419.946540,-0.50881800
8419.956020,-1.08464000
8419.965490,-1.16700000
8419.974970,-2.31933000
8419.984450,-3.63779000
8419.993920,-3.41025000
8420.003400,-2.43240000
8420.012880,-1.48946000
8420.022360,-0.71401900
8420.031830,-0.81243200
8420.041310,-1.43153000
8420.050790,-1.77492000
8420.060260,-2.18253000
8420.069740,-2.53012000
8420.079220,-2.45055000
8420.088690,-2.27327000
8420.098170,-1.68070000
8420.107650,-0.39295600
8420.117130,1.10766000
8420.126600,2.46590000
8420.136080,2.80162000
8420.145560,1.83075000
8420.155030,0.95550900
8420.164510,0.59187000
8420.173990,0.36293800
8420.183470,0.73774400
8420.192940,1.30868000
8420.202420,1.46083000
8420.211900,1.72397000
8420.221370,2.11622000
8420.230850,2.58176000
8420.240330,3.40257000
8420.249810,3.70618000
8420.259280,2.92935000
8420.268760,1.86496000
8420.278240,0.82080200
8420.287710,-0.23940400
8420.297190,-0.93876300
8420.306670,-1.28705000
8420.316140,-1.19771000
8420.325620,-0.24289400
8420.335100,0.83825100
8420.344580,1.04485000
8420.354050,1.16490000
8420.363530,1.69465000
8420.373010,1.40430000
8420.382480,0.46553900
8420.391960,0.32943600
8420.401440,0.45576700
8420.410920,-0.17868100
8420.420390,-1.04136000
8420.429870,-1.57321000
8420.439350,-1.62416000
8420.448820,-1.25843000
8420.458300,-0.71611300
8420.467780,0.22892900
8420.477260,0.98482300
8420.486730,0.52905300
8420.496210,0.00209106
8420.505690,0.33920700
8420.515160,0.31687300
8420.524640,-0.20799600
8420.534120,-0.41878100
8420.543600,-0.44809500
8420.553070,-0.10051000
8420.562550,0.63514400
8420.572030,0.93108000
8420.581500,0.70424200
8420.590980,0.27639100
8420.600460,-0.10399900
8420.609930,0.11097300
8420.619410,0.70075200
8420.628890,0.72518100
8420.638370,-0.10051000
8420.647840,-0.98413100
8420.657320,-1.11465000
8420.666800,-1.05812000
8420.676270,-1.20050000
8420.685750,-0.64492100
8420.695230,0.21357400
8420.704710,0.51509400
8420.714180,1.16001000
8420.723660,2.30048000
8420.733140,2.89864000
8420.742610,2.67250000
8420.752090,1.76515000
8420.761570,0.89967200
8420.771050,0.51649000
8420.780520,-0.12703200
8420.790000,-0.93318000
8420.799480,-1.46224000
8420.808950,-1.76096000
8420.818430,-1.11814000
8420.827910,-0.14168900
8420.837380,-0.20939200
8420.846860,-0.49625500
8420.856340,-0.96179600
8420.865820,-2.24186000
8420.875290,-2.27676000
8420.884770,-0.50742200
8420.894250,0.59396400
8420.903720,0.64003000
8420.913200,0.86547200
8420.922680,0.99110500
8420.932160,0.28057800
8420.941630,-0.71541500
8420.951110,-0.84384000
8420.960590,-0.50323400
8420.970060,-0.81313000
8420.979540,-1.18724000
8420.989020,-0.94923300
8420.998500,-0.60653300
8421.007970,-0.15076300
8421.017450,0.58070300
8421.026930,1.11953000
8421.036400,1.41128000
8421.045880,1.77631000
8421.055360,1.96337000
8421.064830,1.42245000
8421.074310,0.37201200
8421.083790,-0.49136900
8421.093270,-1.00647000
8421.102740,-1.13699000
8421.112220,-0.87315500
8421.121700,-0.45786700
8421.131170,0.16192500
8421.140650,0.48787300
8421.150130,-0.15006500
8421.159610,-0.66655800
8421.169080,-0.32176400
8421.178560,-0.28477200
8421.188040,-0.66655800
8421.197510,-0.46414800
8421.206990,-0.05514190
8421.216470,0.05932410
8421.225950,0.71331600
8421.235420,1.64998000
8421.244900,1.81331000
8421.254380,3.66779000
8421.263850,8.94719000
8421.273330,11.89750000
8421.282810,8.63520000
8421.292280,4.55281000
8421.301760,3.16805000
8421.311240,2.12669000
8421.320720,1.06090000
8421.330190,0.69656500
8421.339670,0.18495700
8421.349150,-0.54860200
8421.358620,-1.43432000
8421.368100,-2.31096000
8421.377580,-2.10995000
8421.387060,-1.16490000
8421.396530,-0.74891700
8421.406010,-0.58489600
8421.415490,-0.27569800
8421.424960,-0.64771300
8421.434440,-1.48457000
8421.443920,-1.35754000
8421.453400,-0.85570600
8421.462870,-1.32753000
8421.472350,-1.69815000
8421.481830,-1.49015000
8421.491300,-1.94592000
8421.500780,-2.29281000
8421.510260,-1.30101000
8421.519740,0.23381500
8421.529210,1.45944000
8421.538690,1.92847000
8421.548170,1.70861000
8421.557640,1.51667000
8421.567120,0.99250100
8421.576600,0.05932410
8421.586070,-0.11307300
8421.595550,0.20031300
8421.605030,0.38038700
8421.614510,1.15652000
8421.623980,2.14693000
8421.633460,2.47986000
8421.642940,2.58735000
8421.652410,2.42333000
8421.661890,1.83843000
8421.671370,1.45804000
8421.680850,0.97435400
8421.690320,0.29244400
8421.699800,0.06979350
8421.709280,-0.24568600
8421.718750,-0.33781700
8421.728230,0.53393900
8421.737710,0.54789800
8421.747190,-0.36713200
8421.756660,-0.46484600
8421.766140,-0.63235800
8421.775620,-0.54720600
8421.785090,0.07607520
8421.794570,-0.59117800
8421.804050,0.02233200
8421.813520,1.74700000
8421.823000,1.87263000
8421.832480,11.01940000
8421.841960,29.74720000
8421.851430,32.37500000
8421.860910,14.93150000
8421.870390,3.09267000
8421.879860,1.95778000
8421.889340,0.37410600
8421.898820,-0.83267300
8421.908300,-0.73635400
8421.917770,-1.79935000
8421.927250,-1.81610000
8421.936730,-0.99669400
8421.946200,-1.02112000
8421.955680,-0.79847300
8421.965160,-0.59257400
8421.974640,-0.50881800
8421.984110,0.12912000
8421.993590,0.54231500
8422.003070,0.97295800
8422.012540,1.37359000
8422.022020,0.49834300
8422.031500,-0.37550700
8422.040970,0.00418495
8422.050450,0.48089400
8422.059930,1.05183000
8422.069410,2.02339000
8422.078880,2.07434000
8422.088360,1.06439000
8422.097840,0.35107300
8422.107310,0.44180800
8422.116790,0.81870800
8422.126270,0.72169100
8422.135750,0.12074500
8422.145220,-0.14308500
8422.154700,-0.00977431
8422.164180,-0.02024380
8422.173650,0.24917000
8422.183130,0.96039500
8422.192610,1.16420000
8422.202090,0.70424200
8422.211560,0.47740400
8422.221040,0.83825100
8422.230520,1.22074000
8422.239990,1.19072000
8422.249470,1.29612000
8422.258950,1.75747000
8422.268420,1.84262000
8422.277900,1.76375000
8422.287380,1.86775000
8422.296860,1.20608000
8422.306330,-0.03280710
8422.315810,-0.62119000
8422.325290,-0.64282700
8422.334760,-0.36364200
8422.344240,0.13121400
8422.353720,0.37829300
8422.363200,0.90595400
8422.372670,2.01153000
8422.382150,2.42193000
8422.391630,1.80074000
8422.401100,1.43501000
8422.410580,1.99547000
8422.420060,2.36260000
8422.429540,1.07137000
8422.439010,-0.67493300
8422.448490,-0.64561900
8422.457970,0.10120200
8422.467440,0.00837273
8422.476920,0.23590900
8422.486400,0.97016600
8422.495880,1.15862000
8422.505350,1.53761000
8422.514830,2.23557000
8422.524310,2.04992000
8422.533780,1.67302000
8422.543260,1.98012000
8422.552740,1.93266000
8422.562210,1.35405000
8422.571690,1.04066000
8422.581170,0.73914000
8422.590650,0.56744100
8422.600120,1.38755000
8422.609600,2.83303000
8422.619080,3.74038000
8422.628550,3.67687000
8422.638030,3.06824000
8422.647510,2.42821000
8422.656990,1.60950000
8422.666460,0.67004200
8422.675940,0.30779900
8422.685420,0.28825600
8422.694890,0.14447600
8422.704370,0.43901600
8422.713850,0.72169100
8422.723330,0.01465440
8422.732800,-0.87455100
8422.742280,-1.66185000
8422.751760,-3.07523000
8422.761230,-3.96583000
8422.770710,-3.41932000
8422.780190,-2.56781000
8422.789660,-1.73235000
8422.799140,-0.78242000
8422.808620,-0.26173900
8422.818100,0.29384000
8422.827570,1.02949000
8422.837050,0.88361900
8422.846530,0.09561810
8422.856000,-0.47461800
8422.865480,-1.02252000
8422.874960,-1.51598000
8422.884440,-1.52854000
8422.893910,-1.00926000
8422.903390,-0.19054700
8422.912870,0.24637800
8422.922340,-0.05304800
8422.931820,-0.27151100
8422.941300,0.09980590
8422.950780,0.21706400
8422.960250,-0.24219600
8422.969730,-0.14866900
8422.979210,0.70005400
8422.988680,1.13977000
8422.998160,1.15303000
8423.007640,1.27518000
8423.017110,1.00786000
8423.026590,0.67283400
8423.036070,1.35893000
8423.045550,2.20696000
8423.055020,2.17625000
8423.064500,2.82745000
8423.073980,4.64215000
8423.083450,4.76429000
8423.092930,2.34864000
8423.102410,0.12144300
8423.111890,-0.36992300
8423.121360,-0.00837839
8423.130840,-0.15774300
8423.140320,-0.66935000
8423.149790,-0.11377100
8423.159270,0.96318700
8423.168750,1.09301000
8423.178230,0.51998000
8423.187700,-0.37620500
8423.197180,-1.22912000
8423.206660,-1.73584000
8423.216130,-1.68628000
8423.225610,-0.64841100
8423.235090,-0.59187600
8423.244560,-1.39872000
8423.254040,-0.01675390
8423.263520,0.48996700
8423.273000,-1.01833000
8423.282470,-0.59745900
8423.291950,-1.07207000
8423.301430,-1.84123000
8423.310900,0.40970200
8423.320380,0.39225300
8423.329860,0.69237700
8423.339340,3.47306000
8423.348810,1.62206000
8423.358290,1.47410000
8423.367770,3.20086000
8423.377240,-0.46414800
8423.386720,1.63533000
8423.396200,3.45003000
8423.405680,-0.19194300
8423.415150,9.27802000
8423.424630,15.42920000
8423.434110,44.74290000
8423.443580,167.50600000
8423.453060,269.30600000
8423.462540,194.83300000
8423.472010,61.38100000
8423.481490,18.43950000
8423.490970,13.55650000
8423.500450,2.08691000
8423.509920,3.67687000
8423.519400,2.65156000
8423.528880,-1.51389000
8423.538350,2.28543000
8423.547830,1.80936000
8423.557310,0.88339400
8423.566790,3.56640000
8423.576260,2.09238000
8423.585740,1.76519000
8423.595220,2.59626000
8423.604690,0.52348000
8423.614170,0.48748800
8423.623650,0.63636200
8423.633130,0.30098700
8423.642600,2.51283000
8423.652080,3.31118000
8423.661560,5.81423000
8423.671030,13.43130000
8423.680510,16.30250000
8423.689990,11.35360000
8423.699470,5.98273000
8423.708940,3.03961000
8423.718420,1.94678000
8423.727900,1.79300000
8423.737370,1.71283000
8423.746850,2.01222000
8423.756330,2.45066000
8423.765800,2.77949000
8423.775280,2.78931000
8423.784760,1.93369000
8423.794240,0.88339400
8423.803710,0.29935100
8423.813190,0.25027200
8423.822670,0.44495300
8423.832140,-0.24542900
8423.841620,-1.11250000
8423.851100,-0.51700100
8423.860580,0.70016500
8423.870050,1.99422000
8423.879530,3.78889000
8423.889010,4.94552000
8423.898480,4.73939000
8423.907960,3.74145000
8423.917440,2.59299000
8423.926920,2.29851000
8423.936390,2.70914000
8423.945870,2.42776000
8423.955350,1.58032000
8423.964820,0.93083800
8423.974300,0.39587400
8423.983780,0.18974100
8423.993250,0.24536400
8424.002730,0.04413870
8424.012210,-0.17181000
8424.021690,-0.38939500
8424.031160,-0.57262400
8424.040640,0.35824600
8424.050120,2.06130000
8424.059590,2.91528000
8424.069070,3.04452000
8424.078550,3.11159000
8424.088030,3.03634000
8424.097500,2.94636000
8424.106980,2.54391000
8424.116460,1.68175000
8424.125930,1.00936000
8424.135410,0.35170200
8424.144890,-0.40248300
8424.154370,-0.49409700
8424.163840,-0.39757500
8424.173320,-0.64787900
8424.182800,-0.21434600
8424.192270,0.70180100
8424.201750,0.58237500
8424.211230,-0.17508200
8424.220700,-0.35831100
8424.230180,-0.41066300
8424.239660,-0.73458600
8424.249140,-0.64624300
8424.258610,-0.19144200
8424.268090,0.13902500
8424.277570,0.51530000
8424.287040,0.42695700
8424.296520,-0.56444400
8424.306000,-1.02743000
8424.315480,-0.51536500
8424.324950,-0.47773800
8424.334430,-0.41229900
8424.343910,0.59219100
8424.353380,1.19259000
8424.362860,1.56069000
8424.372340,2.61262000
8424.381820,2.51119000
8424.391290,1.18441000
8424.400770,0.77051200
8424.410250,0.68707700
8424.419720,0.58728300
8424.429200,1.21059000
8424.438680,0.98482500
8424.448150,-0.15217800
8424.457630,-0.58407600
8424.467110,-1.08305000
8424.476590,-1.38407000
8424.486060,-0.61188800
8424.495540,-0.66096700
8424.505020,-1.43478000
8424.514490,-0.99307000
8424.523970,-0.33050000
8424.533450,-0.27160500
8424.542930,-0.10800700
8424.552400,-0.20453000
8424.561880,-0.49082600
8424.571360,-0.57098800
8424.580830,-0.91454300
8424.590310,-0.99143400
8424.599790,-0.32559200
8424.609270,0.06704240
8424.618740,0.01796310
8424.628220,0.17665300
8424.637700,0.55292700
8424.647170,1.10589000
8424.656650,1.31693000
8424.666130,0.85885500
8424.675610,0.53002400
8424.685080,0.32225500
8424.694560,0.04577470
8424.704040,0.42368500
8424.713510,0.86703500
8424.722990,0.71488900
8424.732470,0.44658900
8424.741940,-0.16199400
8424.751420,-0.39430300
8424.760900,0.38115000
8424.770380,0.41386900
8424.779850,-0.08346740
8424.789330,0.24209200
8424.798810,0.05559060
8424.808280,-0.35503900
8424.817760,0.56601500
8424.827240,1.22695000
8424.836720,0.76396800
8424.846190,0.75251600
8424.855670,1.28094000
8424.865150,1.38891000
8424.874620,1.27930000
8424.884100,1.50997000
8424.893580,1.74555000
8424.903060,1.05844000
8424.912530,-0.65278700
8424.922010,-2.05482000
8424.931490,-2.42128000
8424.940960,-2.68140000
8424.950440,-2.41637000
8424.959920,-0.62497600
8424.969390,1.02245000
8424.978870,1.78318000
8424.988350,2.78767000
8424.997830,2.97581000
8425.007300,1.86171000
8425.016780,1.31202000
8425.026260,1.61631000
8425.035730,1.24985000
8425.045210,0.07685820
8425.054690,-0.05892780
8425.064170,0.35824600
8425.073640,-0.19471400
8425.083120,-0.00330459
8425.092600,0.19464900
8425.102070,-0.56771600
8425.111550,0.38278600
8425.121030,0.69034900
8425.130510,0.06867840
8425.139980,1.80936000
8425.149460,1.66539000
8425.158940,0.90466200
8425.168410,1.63431000
8425.177890,-1.47896000
8425.187370,-1.69000000
8425.196840,0.91284200
8425.206320,-2.05482000
8425.215800,-0.37794300
8425.225280,1.91570000
8425.234750,-1.88959000
8425.244230,2.63225000
8425.253710,3.73490000
8425.263180,-1.28591000
8425.272660,4.10463000
8425.282140,-0.45319800
8425.291620,-5.53454000
8425.301090,4.08664000
8425.310570,-4.54641000
8425.320050,-4.51696000
8425.329520,9.28086000
8425.339000,-7.99178000
8425.348480,2.74841000
8425.357960,15.86890000
8425.367430,3.28337000
8425.376910,207.43500000
8425.386390,526.54500000
8425.395860,453.37500000
8425.405340,115.62400000
8425.414820,-0.47283000
8425.424290,23.12450000
8425.433770,-2.64213000
8425.443250,0.40078200
8425.452730,10.82360000
8425.462200,-4.64621000
8425.471680,3.12632000
8425.481160,5.10585000
8425.490630,-3.03313000
8425.500110,5.36106000
8425.509590,3.29319000
8425.519070,-1.68018000
8425.528540,3.78562000
8425.538020,0.71816100
8425.547500,-0.28632800
8425.556970,2.72387000
8425.566450,-1.46096000
8425.575930,-1.13867000
8425.585410,0.11775800
8425.594880,-3.39305000
8425.604360,-1.93048000
8425.613840,-0.79675300
8425.623310,-2.71575000
8425.632790,-1.45769000
8425.642270,-0.59880000
8425.651750,-0.73295000
8425.661220,-0.13254700
8425.670700,-0.78530100
8425.680180,-0.92272300
8425.689650,-0.62661200
8425.699130,-1.67691000
8425.708610,-2.52762000
8425.718080,-2.71412000
8425.727560,-2.57179000
8425.737040,-1.90594000
8425.746520,-1.10595000
8425.755990,-0.58571200
8425.765470,-0.32395600
8425.774950,0.41877700
8425.784420,1.16642000
8425.793900,1.06335000
8425.803380,1.16805000
8425.812860,1.50179000
8425.822330,1.00446000
8425.831810,0.07031430
8425.841290,-0.78693700
8425.850760,-1.65891000
8425.860240,-2.17261000
8425.869720,-1.47896000
8425.879200,-0.35340400
8425.888670,-0.09491930
8425.898150,0.41223300
8425.907630,1.28094000
8425.917100,1.37255000
8425.926580,1.65721000
8425.936060,2.03185000
8425.945530,1.19914000
8425.955010,-0.23397700
8425.964490,-0.74767400
8425.973970,0.02287100
8425.983440,0.18319700
8425.992920,-0.69532300
8426.002400,-1.07650000
8426.011870,-1.20738000
8426.021350,-0.80493300
8426.030830,-0.15217800
8426.040310,-0.15217800
8426.049780,0.08994610
8426.059260,-0.27487700
8426.068740,0.19464900
8426.078210,1.55742000
8426.087690,-0.22743300
8426.097170,-0.13418300
8426.106650,1.34801000
8426.116120,-1.50349000
8426.125600,-0.40739100
8426.135080,0.53166000
8426.144550,-2.23478000
8426.154030,2.38686000
8426.163510,1.14351000
8426.172980,-3.44867000
8426.182460,3.10996000
8426.191940,-2.07445000
8426.201420,-5.72759000
8426.210890,4.39093000
8426.220370,-4.47770000
8426.229850,-3.82985000
8426.239320,7.76595000
8426.248800,-7.02819000
8426.258280,0.40568900
8426.267760,8.95039000
8426.277230,-12.51690000
8426.286710,7.61871000
8426.296190,10.06780000
8426.305660,-13.11070000
8426.315140,28.18780000
8426.324620,15.10820000
8426.334100,3.85433000
8426.343570,91.23510000
8426.353050,84.43430000
8426.362530,415.67500000
8426.372000,1374.26000000
8426.381480,1702.33000000
8426.390960,853.97800000
8426.400430,158.05000000
8426.409910,100.39200000
8426.419390,47.61010000
8426.428870,-7.79219000
8426.438340,32.28760000
8426.447820,0.97828100
8426.457300,-6.57993000
8426.466770,18.78750000
8426.476250,-6.34271000
8426.485730,-0.15872200
8426.495210,10.72050000
8426.504680,-9.05680000
8426.514160,0.82286300
8426.523640,3.00526000
8426.533110,-9.31037000
8426.542590,1.55905000
8426.552070,0.13575300
8426.561550,-5.72595000
8426.571020,2.72223000
8426.580500,-0.38448700
8426.589980,-1.49368000
8426.599450,3.14595000
8426.608930,-1.87813000
8426.618410,-1.42170000
8426.627890,0.84576700
8426.637360,-2.90553000
8426.646840,-0.94726300
8426.656320,0.65599400
8426.665790,-1.02579000
8426.675270,0.81795500
8426.684750,1.03718000
8426.694220,-0.28305600
8426.703700,0.50384800
8426.713180,0.83267900
8426.722660,0.89484600
8426.732130,1.59177000
8426.741610,2.68133000
8426.751090,3.58112000
8426.760560,3.50750000
8426.770040,3.50096000
8426.779520,3.20157000
8426.789000,2.60117000
8426.798470,3.00198000
8426.807950,3.32591000
8426.817430,3.12959000
8426.826900,2.45230000
8426.836380,1.20077000
8426.845860,0.97991700
8426.855340,1.05190000
8426.864810,0.45804100
8426.874290,0.51366400
8426.883770,0.35988200
8426.893240,-0.09819120
8426.902720,0.38605800
8426.912200,0.28626300
8426.921670,-0.29614400
8426.931150,1.19750000
8426.940630,3.84451000
8426.950110,4.17661000
8426.959580,1.93206000
8426.969060,0.44495300
8426.978540,0.74106500
8426.988010,0.50384800
8426.997490,-0.69532300
8427.006970,-1.41679000
8427.016450,-1.39716000
8427.025920,-1.15176000
8427.035400,-0.88673200
8427.044880,-0.58407600
8427.054350,-0.46137800
8427.063830,-0.07692350
8427.073310,1.29239000
8427.082790,2.37377000
8427.092260,1.82408000
8427.101740,0.73615700
8427.111220,0.34843000
8427.120690,0.39751000
8427.130170,0.36806200
8427.139650,0.70507300
8427.149120,1.47398000
8427.158600,1.45271000
8427.168080,1.09116000
8427.177560,1.57378000
8427.187030,1.53288000
8427.196510,0.58891900
8427.205990,0.11448600
8427.215460,-0.57098800
8427.224940,-1.76852000
8427.234420,-2.02701000
8427.243900,-1.31045000
8427.253370,-0.41557100
8427.262850,0.52838800
8427.272330,1.55742000
8427.281800,2.81875000
8427.291280,4.02120000
8427.300760,4.37784000
8427.310240,3.65965000
8427.319710,2.57990000
8427.329190,1.83390000
8427.338670,1.16478000
8427.348140,0.69689300
8427.357620,0.98482500
8427.367100,0.97173700
8427.376570,0.20282800
8427.386050,0.11448600
8427.395530,0.42532100
8427.405010,0.35170200
8427.414480,0.70834500
8427.423960,0.85394700
8427.433440,-0.08346740
8427.442910,-0.67569100
8427.452390,-0.18817000
8427.461870,0.34025000
8427.471350,0.21755200
8427.480820,0.03105090
8427.490300,-0.01639240
8427.499780,-1.05851000
8427.509250,-1.44296000
8427.518730,0.64454200
8427.528210,2.60935000
8427.537690,8.53485000
8427.547160,23.41730000
8427.556640,31.65120000
8427.566120,20.71800000
8427.575590,7.25552000
8427.585070,4.16189000
8427.594550,3.60402000
8427.604030,2.45557000
8427.613500,2.75822000
8427.622980,2.01713000
8427.632460,0.90629800
8427.641930,0.72470500
8427.651410,0.06867840
8427.660890,-0.21925300
8427.670360,-0.31250400
8427.679840,-0.89000400
8427.689320,-0.30105200
8427.698800,0.24536400
8427.708270,-0.12109500
8427.717750,0.67071800
8427.727230,1.13206000
8427.736700,0.75578800
8427.746180,1.72101000
8427.755660,1.98768000
8427.765140,1.76355000
8427.774610,3.01671000
8427.784090,2.95290000
8427.793570,3.58603000
8427.803040,6.10052000
8427.812520,8.04897000
8427.822000,23.14250000
8427.831480,51.82610000
8427.840950,56.84850000
8427.850430,29.98740000
8427.859910,9.04855000
8427.869380,5.17620000
8427.878860,2.59463000
8427.888340,0.78523600
8427.897810,1.22041000
8427.907290,0.52675200
8427.916770,0.47603600
8427.926250,0.17010900
8427.935720,-0.70513800
8427.945200,0.96519300
8427.954680,2.95127000
8427.964150,3.52222000
8427.973630,4.56761000
8427.983110,5.16311000
8427.992590,4.57579000
8428.002060,3.25883000
8428.011540,1.24822000
8428.021020,0.35497400
8428.030490,0.59219100
8428.039970,-0.04911190
8428.049450,-0.44174600
8428.058930,0.31898300
8428.068400,0.66417400
8428.077880,0.64290600
8428.087360,0.86212700
8428.096830,0.69198500
8428.106310,0.20119200
8428.115790,-0.17671800
8428.125260,-0.36976300
8428.134740,-0.19471400
8428.144220,-0.18653400
8428.153700,-0.74440200
8428.163170,-0.81311300
8428.172650,-0.19798600
8428.182130,-0.27814900
8428.191600,-1.26301000
8428.201080,-2.16770000
8428.210560,-2.45400000
8428.220040,-2.06300000
8428.229510,-1.33990000
8428.238990,-0.43356600
8428.248470,0.73942900
8428.257940,1.34310000
8428.267420,1.00936000
8428.276900,0.91611400
8428.286380,1.39873000
8428.295850,1.60486000
8428.305330,1.23513000
8428.314810,0.61836600
8428.324280,0.38115000
8428.333760,0.66090200
8428.343240,0.72797700
8428.352710,0.47276400
8428.362190,0.13575300
8428.371670,-0.27651300
8428.381150,-0.05074790
8428.390620,0.71325300
8428.400100,0.96028500
8428.409580,1.22695000
8428.419050,1.42490000
8428.428530,0.08013020
8428.438010,-1.40043000
8428.447490,-1.29573000
8428.456960,-1.23847000
8428.466440,-1.47078000
8428.475920,-0.62661200
8428.485390,-0.07365160
8428.494870,-0.68714300
8428.504350,-1.06833000
8428.513830,-1.49368000
8428.523300,-2.63723000
8428.532780,-3.33579000
8428.542260,-3.20982000
8428.551730,-2.59960000
8428.561210,-1.18939000
8428.570690,0.17828900
8428.580160,0.26990300
8428.589640,-0.06219970
8428.599120,0.41714100
8428.608600,1.30875000
8428.618070,1.65230000
8428.627550,1.25803000
8428.637030,0.73942900
8428.646500,0.26826700
8428.655980,-0.53499700
8428.665460,-1.13049000
8428.674940,-1.01761000
8428.684410,-0.90472800
8428.693890,-1.03888000
8428.703370,-1.11086000
8428.712840,-1.07323000
8428.722320,-0.63806300
8428.731800,-0.04747590
8428.741280,0.33534200
8428.750750,0.98646100
8428.760230,1.45599000
8428.769710,1.16151000
8428.779180,1.06662000
8428.788660,1.12061000
8428.798140,0.50057600
8428.807620,-0.08346740
8428.817090,-0.17835400
8428.826570,-0.01802840
8428.836050,0.67726100
8428.845520,1.64576000
8428.855000,2.08747000
8428.864480,1.55251000
8428.873950,0.41550500
8428.883430,-0.27324100
8428.892910,-0.62170400
8428.902390,-1.21556000
8428.911860,-1.40206000
8428.921340,-1.29900000
8428.930820,-1.44624000
8428.940290,-1.03561000
8428.949770,-0.18489800
8428.959250,0.25845200
8428.968730,0.49894000
8428.978200,0.19792100
8428.987680,-0.88509600
8428.997160,-1.68345000
8429.006630,-2.05482000
8429.016110,-2.63232000
8429.025590,-3.09366000
8429.035070,-2.89898000
8429.044540,-1.91412000
8429.054020,-0.36321900
8429.063500,1.04536000
8429.072970,1.71774000
8429.082450,1.67193000
8429.091930,1.35946000
8429.101400,1.11898000
8429.110880,0.86867100
8429.120360,0.41386900
8429.129840,-0.18326200
8429.139310,-0.58080400
8429.148790,-0.66096700
8429.158270,-0.64951500
8429.167740,-0.38285100
8429.177220,0.21428000
8429.186700,0.58564700
8429.196180,0.49730400
8429.205650,0.17338100
8429.215130,0.06377040
8429.224610,0.59709900
8429.234080,1.27276000
8429.243560,1.58196000
8429.253040,1.57541000
8429.262520,0.93247400
8429.271990,0.31080300
8429.281470,0.61345800
8429.290950,0.48748800
8429.300420,-0.52027300
8429.309900,-0.66423900
8429.319380,0.03595880
8429.328850,0.41550500
8429.338330,0.53493200
8429.347810,0.64781400
8429.357290,0.67562600
8429.366760,0.13738900
8429.376240,-0.90963500
8429.385720,-1.30227000
8429.395190,-1.40206000
8429.404670,-2.07281000
8429.414150,-2.01065000
8429.423630,-1.18121000
8429.433100,-1.18939000
8429.442580,-1.42006000
8429.452060,-1.15667000
8429.461530,-1.13376000
8429.471010,-1.16158000
8429.480490,-1.25973000
8429.489970,-1.86177000
8429.499440,-1.96157000
8429.508920,-1.15176000
8429.518400,-0.52681700
8429.527870,-0.39757500
8429.537350,-0.27487700
8429.546830,-0.10964300
8429.556300,-0.27978500
8429.565780,-0.61188800
8429.575260,-0.44829000
8429.584740,-0.18817000
8429.594210,-0.11455100
8429.603690,0.70998100
8429.613170,1.72756000
8429.622640,1.76682000
8429.632120,1.58523000
8429.641600,1.42327000
8429.651080,0.86376300
8429.660550,0.76069600
8429.670030,1.22859000
8429.679510,1.41345000
8429.688980,1.30875000
8429.698460,1.14842000
8429.707940,1.00609000
8429.717420,0.78850800
8429.726890,0.31243900
8429.736370,-0.14399900
8429.745850,-0.03275220
8429.755320,1.21877000
8429.764800,2.88256000
8429.774280,2.93654000
8429.783760,1.86989000
8429.793230,1.65230000
8429.802710,1.86007000
8429.812190,1.83880000
8429.821660,1.87970000
8429.831140,1.74392000
8429.840620,1.48216000
8429.850090,0.95537700
8429.859570,0.05722650
8429.869050,-0.24870100
8429.878530,-0.08510340
8429.888000,-0.07365160
8429.897480,0.23718400
8429.906960,0.34843000
8429.916430,-0.22416100
8429.925910,-0.64624300
8429.935390,-0.50554900
8429.944870,0.54147500
8429.954340,2.27888000
8429.963820,3.06742000
8429.973300,2.61426000
8429.982770,2.18563000
8429.992250,2.31651000
8430.001730,2.60608000
8430.011210,1.97459000
8430.020680,0.50384800
8430.030160,-0.12927500
8430.039640,0.32061900
8430.049110,1.57214000
8430.058590,3.80034000
8430.068070,4.86045000
8430.077540,3.60239000
8430.087020,2.44902000
8430.096500,1.86662000
8430.105980,0.82777100
8430.115450,0.20773600
8430.124930,-0.20125800
8430.134410,-0.81474900
8430.143880,-0.63151900
8430.153360,-0.35994700
8430.162840,-0.65933100
8430.172320,-0.56608000
8430.181790,-0.28142100
8430.191270,-0.20289400
8430.200750,0.22736800
8430.210220,0.89157400
8430.219700,0.90793400
8430.229180,0.25845200
8430.238660,-0.22579700
8430.248130,-1.17957000
8430.257610,-2.17261000
8430.267090,-1.39716000
8430.276560,-0.93253900
8430.286040,-0.98161800
8430.295520,0.52838800
8430.304990,0.28299100
8430.314470,-0.41229900
8430.323950,1.33820000
8430.333430,0.63799800
8430.342900,0.05722650
8430.352380,1.27603000
8430.361860,-1.53294000
8430.371330,-2.05973000
8430.380810,-0.06710770
8430.390290,-1.71617000
8430.399770,0.92102200
8430.409240,2.13328000
8430.418720,-1.67364000
8430.428200,2.19872000
8430.437670,1.70138000
8430.447150,-2.21187000
8430.456630,4.36475000
8430.466110,1.09934000
8430.475580,1.42817000
8430.485060,17.13680000
8430.494540,11.56800000
8430.504010,14.43580000
8430.513490,31.79190000
8430.522970,40.69650000
8430.532440,191.10700000
8430.541920,453.26500000
8430.551400,455.00900000
8430.560880,193.10400000
8430.570350,40.13860000
8430.579830,29.17760000
8430.589310,7.64325000
8430.598780,0.74433700
8430.608260,8.52340000
8430.617740,-2.08427000
8430.627220,-0.00494056
8430.636690,4.15535000
8430.646170,-1.70308000
8430.655650,2.70587000
8430.665120,4.33040000
8430.674600,1.35456000
8430.684080,5.02896000
8430.693560,3.71691000
8430.703030,1.40200000
8430.712510,3.54840000
8430.721990,1.22531000
8430.731460,-0.41066300
8430.740940,0.11612200
8430.750420,-2.31003000
8430.759900,-2.61432000
8430.769370,-1.44787000
8430.778850,-1.77179000
8430.788330,-1.12068000
8430.797800,-0.94889900
8430.807280,-1.23519000
8430.816760,-0.93744700
8430.826230,-1.68509000
8430.835710,-1.68672000
8430.845190,-0.52518100
8430.854670,-0.35994700
8430.864140,-0.15217800
8430.873620,0.42859300
8430.883100,0.47930800
8430.892570,0.53820400
8430.902050,0.53656800
8430.911530,0.14066100
8430.921010,-0.27487700
8430.930480,-0.21761700
8430.939960,0.26826700
8430.949440,0.58237500
8430.958910,0.96355700
8430.968390,1.49525000
8430.977870,1.43635000
8430.987350,1.14024000
8430.996820,0.86376300
8431.006300,0.05395460
8431.015780,-0.64133500
8431.025250,-0.56280800
8431.034730,-0.24215700
8431.044210,0.36151800
8431.053680,1.46580000
8431.063160,1.75864000
8431.072640,0.48094400
8431.082120,-0.62497600
8431.091590,-0.51209300
8431.101070,-0.18489800
8431.110550,0.13248100
8431.120020,0.44986100
8431.129500,0.08176620
8431.138980,-0.41229900
8431.148460,-0.17017400
8431.157930,0.35497400
8431.167410,0.52675200
8431.176890,0.20446400
8431.186360,-0.32559200
8431.195840,-0.52190900
8431.205320,-0.09001130
8431.214800,0.64127000
8431.224270,0.82122700
8431.233750,0.60037100
8431.243230,0.57419500
8431.252700,-0.10964300
8431.262180,-1.02252000
8431.271660,-0.45156200
8431.281130,-0.01639240
8431.290610,-1.25646000
8431.300090,-1.81760000
8431.309570,-1.00452000
8431.319040,-0.60698000
8431.328520,-0.70841000
8431.338000,-1.17957000
8431.347470,-2.05318000
8431.356950,-2.25441000
8431.366430,-1.98120000
8431.375910,-1.99756000
8431.385380,-1.66873000
8431.394860,-1.15340000
8431.404340,-1.06833000
8431.413810,-0.83765300
8431.423290,-0.35176800
8431.432770,0.29607900
8431.442250,1.50343000
8431.451720,2.48011000
8431.461200,2.58317000
8431.470680,2.74186000
8431.480150,3.02325000
8431.489630,2.47520000
8431.499110,1.17133000
8431.508580,-0.39757500
8431.518060,-1.87323000
8431.527540,-2.42619000
8431.537020,-1.72108000
8431.546490,-0.40084700
8431.555970,0.96192100
8431.565450,1.76519000
8431.574920,1.54924000
8431.584400,1.14842000
8431.593880,1.22368000
8431.603360,0.96519300
8431.612830,0.20282800
8431.622310,-0.33704400
8431.631790,-0.74276600
8431.641260,-0.94071900
8431.650740,-0.34686000
8431.660220,0.48912400
8431.669700,0.53656800
8431.679170,0.03105090
8431.688650,-0.19798600
8431.698130,-0.37630700
8431.707600,-1.02906000
8431.717080,-1.30227000
8431.726560,-0.94235500
8431.736040,-1.40534000
8431.745510,-2.08590000
8431.754990,-1.14522000
8431.764470,0.09976190
8431.773940,0.24536400
8431.783420,0.36479000
8431.792900,0.20119200
8431.802370,-0.84256000
8431.811850,-1.25810000
8431.821330,-0.93908300
8431.830810,-1.18448000
8431.840280,-1.31045000
8431.849760,-0.35831100
8431.859240,0.93574600
8431.868710,1.63922000
8431.878190,1.64740000
8431.887670,1.44126000
8431.897150,1.16478000
8431.906620,0.59873500
8431.916100,0.25518000
8431.925580,0.38769400
8431.935050,0.31898300
8431.944530,0.27317500
8431.954010,0.91120600
8431.963490,1.58523000
8431.972960,1.75373000
8431.982440,1.95496000
8431.991920,2.26907000
8432.001390,2.22817000
8432.010870,1.79954000
8432.020350,1.06990000
8432.029820,0.34843000
8432.039300,0.22736800
8432.048780,0.47603600
8432.058260,0.57910300
8432.067730,0.72306900
8432.077210,0.78360000
8432.086690,0.58237500
8432.096160,0.56110700
8432.105640,0.72470500
8432.115120,0.70180100
8432.124600,0.17665300
8432.134070,-0.64460700
8432.143550,-0.65933100
8432.153030,-0.31414000
8432.162500,-0.76567000
8432.171980,-0.91290700
8432.181460,-0.70841000
8432.190940,-0.96198700
8432.200410,-0.51209300
8432.209890,-0.01312040
8432.219370,1.48380000
8432.228840,7.53364000
8432.238320,11.82320000
8432.247800,6.95614000
8432.257270,1.02736000
8432.266750,0.80323200
8432.276230,1.19587000
8432.285710,0.63799800
8432.295180,0.91447800
8432.304660,0.72961300
8432.314140,0.53984000
8432.323610,0.65599400
8432.333090,0.03268690
8432.342570,-0.33540800
8432.352050,-0.61679600
8432.361520,-1.35789000
8432.371000,-1.06505000
8432.380480,-0.17999000
8432.389950,0.19955600
8432.399430,0.71325300
8432.408910,1.35456000
8432.418390,1.87970000
8432.427860,1.47889000
8432.437340,-0.63315500
8432.446820,-1.83069000
8432.456290,-0.52354500
8432.465770,0.76233200
8432.475250,1.39055000
8432.484720,2.24453000
8432.494200,2.18727000
8432.503680,1.18605000
8432.513160,0.49239600
8432.522630,0.03268690
8432.532110,-0.36812700
8432.541590,-0.58080400
8432.551060,-0.72640600
8432.560540,-0.66914700
8432.570020,-0.45647000
8432.579500,-0.29123600
8432.588970,0.14393300
8432.598450,0.98155300
8432.607930,1.75864000
8432.617400,1.94514000
8432.626880,1.36437000
8432.636360,0.49239600
8432.645840,-0.04420400
8432.655310,-0.43193000
8432.664790,-1.02252000
8432.674270,-1.31045000
8432.683740,-1.11086000
8432.693220,-0.94889900
8432.702700,-0.56280800
8432.712170,0.04577470
8432.721650,-0.20453000
8432.731130,-0.80820500
8432.740610,-0.47773800
8432.750080,-0.10309900
8432.759560,-0.42702200
8432.769040,-0.59062000
8432.778510,-0.62824700
8432.787990,-1.06015000
8432.797470,-1.57057000
8432.806950,-1.73744000
8432.816420,-1.41352000
8432.825900,-1.19757000
8432.835380,-1.57548000
8432.844850,-1.59675000
8432.854330,-0.99634200
8432.863810,-0.51372900
8432.873290,0.05559060
8432.882760,0.40568900
8432.892240,0.29444300
8432.901720,0.89484600
8432.911190,1.75046000
8432.920670,2.71405000
8432.930150,5.85513000
8432.939630,8.60520000
8432.949100,6.56841000
8432.958580,2.85802000
8432.968060,1.29566000
8432.977530,0.13738900
8432.987010,-1.07814000
8432.996490,-1.13213000
8433.005960,-0.66587500
8433.015440,0.23554800
8433.024920,1.56232000
8433.034400,2.36395000
8433.043870,2.61589000
8433.053350,2.26252000
8433.062830,1.28912000
8433.072300,0.63799800
8433.081780,0.29280700
8433.091260,-0.02784420
8433.100740,0.14066100
8433.110210,0.50384800
8433.119690,0.97010100
8433.129170,1.80445000
8433.138640,2.35414000
8433.148120,2.53900000
8433.157600,2.45884000
8433.167080,1.57378000
8433.176550,0.80814000
8433.186030,0.95701300
8433.195510,1.07971000
8433.204980,1.25476000
8433.214460,1.79791000
8433.223940,1.77827000
8433.233410,1.28912000
8433.242890,0.69852900
8433.252370,-0.16199400
8433.261850,-0.42047900
8433.271320,-0.06547170
8433.280800,-0.12273100
8433.290280,0.01632710
8433.299750,0.54474700
8433.309230,0.53002400
8433.318710,0.49894000
8433.328190,0.62000200
8433.337660,0.17174500
8433.347140,0.09649000
8433.356620,1.20568000
8433.366090,2.64043000
8433.375570,3.26210000
8433.385050,2.34759000
8433.394530,0.96028500
8433.404000,0.52511600
8433.413480,-0.01475640
8433.422960,-0.89164000
8433.432430,-0.55626500
8433.441910,0.11939400
8433.451390,-0.11291500
8433.460860,-0.17835400
8433.470340,0.49239600
8433.479820,1.42327000
8433.489300,1.93860000
8433.498770,1.51979000
8433.508250,1.08298000
8433.517730,1.16151000
8433.527200,0.95537700
8433.536680,0.68053300
8433.546160,0.53329600
8433.555640,-0.09655520
8433.565110,-0.79511700
8433.574590,-1.11250000
8433.584070,-1.20902000
8433.593540,-1.05687000
8433.603020,-0.87200800
8433.612500,-0.54972100
8433.621980,-0.00657654
8433.631450,0.13248100
8433.640930,0.14720500
8433.650410,0.18974100
8433.659880,-0.55790000
8433.669360,-1.26301000
8433.678840,-0.87855200
8433.688310,-0.01312040
8433.697790,1.01427000
8433.707270,1.63922000
8433.716750,1.48707000
8433.726220,1.90261000
8433.735700,2.72550000
8433.745180,2.64861000
8433.754650,2.42121000
8433.764130,2.25271000
8433.773610,1.51979000
8433.783090,1.00282000
8433.792560,0.81141200
8433.802040,0.80159600
8433.811520,1.53124000
8433.820990,1.80936000
8433.830470,0.89484600
8433.839950,0.19628500
8433.849430,0.05559060
8433.858900,0.24372800
8433.868380,0.74760800
8433.877860,0.89321000
8433.887330,1.20895000
8433.896810,1.90752000
8433.906290,1.59832000
8433.915770,0.97991700
8433.925240,1.11243000
8433.934720,0.81795500
8433.944200,-0.00821251
8433.953670,-0.35176800
8433.963150,0.21428000
8433.972630,0.93901800
8433.982100,0.24209200
8433.991580,-0.00166861
8434.001060,1.68011000
8434.010540,1.51652000
8434.020010,1.76846000
8434.029490,7.72178000
8434.038970,11.46000000
8434.048440,6.29193000
8434.057920,0.63472600
8434.067400,-0.09655520
8434.076880,0.61345800
8434.086350,1.13206000
8434.095830,1.08626000
8434.105310,0.33861400
8434.114780,-0.05565580
8434.124260,-0.10637100
8434.133740,0.26826700
8434.143220,0.82449900
8434.152690,0.36969800
8434.162170,-0.67732700
8434.171650,-1.31863000
8434.181120,-0.80656900
8434.190600,1.17296000
8434.200080,3.25883000
8434.209550,5.02569000
8434.219030,6.53896000
8434.228510,6.69275000
8434.237990,6.28212000
8434.247460,5.97946000
8434.256940,5.34961000
8434.266420,5.02241000
8434.275890,3.85433000
8434.285370,4.64123000
8434.294850,12.97490000
8434.304330,19.09340000
8434.313800,11.41580000
8434.323280,0.89321000
8434.332760,-1.25646000
8434.342230,-0.41229900
8434.351710,0.46131300
8434.361190,2.75495000
8434.370670,3.64656000
8434.380140,2.44902000
8434.389620,0.91938600
8434.399100,-0.42375000
8434.408570,-0.64624300
8434.418050,-0.11945900
8434.427530,-0.25197300
8434.437000,-0.64133500
8434.446480,-0.66587500
8434.455960,-0.35013200
8434.465440,0.11448600
8434.474910,0.15865700
8434.484390,-0.20780200
8434.493870,-0.62006800
8434.503340,-0.74603800
8434.512820,0.23391200
8434.522300,1.82081000
8434.531780,2.08420000
8434.541250,1.02900000
8434.550730,0.39587400
8434.560210,0.74924400
8434.569680,1.50016000
8434.579160,1.92551000
8434.588640,1.48380000
8434.598120,0.72961300
8434.607590,0.46131300
8434.617070,0.31407500
8434.626550,0.22900400
8434.636020,0.45476900
8434.645500,0.22573200
8434.654980,-0.24379300
8434.664450,-0.21925300
8434.673930,-0.48591800
8434.683410,-0.26178900
8434.692890,1.76519000
8434.702360,3.18194000
8434.711840,2.84002000
8434.721320,3.19666000
8434.730790,4.06373000
8434.740270,3.87887000
8434.749750,3.51241000
8434.759230,3.02325000
8434.768700,1.73901000
8434.778180,0.73615700
8434.787660,0.69362100
8434.797130,1.02572000
8434.806610,1.23349000
8434.816090,1.10752000
8434.825570,0.94229000
8434.835040,1.05354000
8434.844520,1.33329000
8434.854000,1.76355000
8434.863470,2.07439000
8434.872950,1.83880000
8434.882430,1.40363000
8434.891910,1.18769000
8434.901380,0.80814000
8434.910860,0.41714100
8434.920340,1.55251000
8434.929810,3.76598000
8434.939290,3.47969000
8434.948770,0.55456300
8434.958240,-0.87364400
8434.967720,-0.47446600
8434.977200,-0.56280800
8434.986680,-0.48591800
8434.996150,-0.10800700
8435.005630,-0.50227700
8435.015110,-0.72477000
8435.024580,-0.53336100
8435.034060,-0.72477000
8435.043540,-1.04051000
8435.053020,-1.62456000
8435.062490,-1.92394000
8435.071970,-0.88509600
8435.081450,0.07358630
8435.090920,0.03105090
8435.100400,-0.16526600
8435.109880,-0.77548500
8435.119360,-1.42660000
8435.128830,-1.29409000
8435.138310,-0.94399100
8435.147790,-0.10146300
8435.157260,0.95864900
8435.166740,1.82899000
8435.176220,5.52957000
8435.185690,11.01340000
8435.195170,11.15900000
8435.204650,6.16105000
8435.214130,2.57663000
8435.223600,1.51815000
8435.233080,1.36110000
8435.242560,1.85844000
8435.252030,1.75701000
8435.261510,0.97500900
8435.270990,0.69852900
8435.280470,0.31734700
8435.289940,-0.47937400
8435.299420,-0.83110900
8435.308900,-0.91617900
8435.318370,-1.11086000
8435.327850,-1.11413000
8435.337330,-0.67732700
8435.346810,0.16847300
8435.356280,0.98809700
8435.365760,1.47071000
8435.375240,1.59832000
8435.384710,1.12388000
8435.394190,0.54311100
8435.403670,0.86539900
8435.413140,1.63758000
8435.422620,1.86007000
8435.432100,1.73083000
8435.441580,1.62613000
8435.451050,1.21386000
8435.460530,0.36642600
8435.470010,-0.49573300
8435.479480,-1.26955000
8435.488960,-2.02210000
8435.498440,-2.25768000
8435.507920,-2.12026000
8435.517390,-2.23150000
8435.526870,-1.84705000
8435.536350,-0.90309200
8435.545820,-0.82947300
8435.555300,-1.04706000
8435.564780,-0.56117200
8435.574260,-0.42047900
8435.583730,-0.40575500
8435.593210,0.18974100
8435.602690,0.38442200
8435.612160,0.70834500
8435.621640,1.72429000
8435.631120,1.90261000
8435.640590,1.85189000
8435.650070,2.48829000
8435.659550,2.09402000
8435.669030,1.46417000
8435.678500,2.32960000
8435.687980,2.53082000
8435.697460,1.09280000
8435.706930,-0.31577600
8435.716410,-1.53949000
8435.725890,-2.28876000
8435.735370,-1.92394000
8435.744840,-1.30391000
8435.754320,-0.50882100
8435.763800,0.63963400
8435.773270,1.28094000
8435.782750,1.72756000
8435.792230,2.13982000
8435.801710,1.71283000
8435.811180,1.08789000
8435.820660,0.70016500
8435.830140,0.16683700
8435.839610,0.38769400
8435.849090,1.23840000
8435.858570,1.26130000
8435.868050,0.80486800
8435.877520,0.39260200
8435.887000,-0.23724900
8435.896480,-0.36158300
8435.905950,0.01141920
8435.915430,-0.00821251
8435.924910,0.13575300
8435.934380,0.76724000
8435.943860,0.91611400
8435.953340,0.71488900
8435.962820,0.99464100
8435.972290,1.34801000
8435.981770,1.13533000
8435.991250,0.82449900
8436.000720,0.97010100
8436.010200,1.24331000
8436.019680,1.35128000
8436.029160,1.34474000
8436.038630,0.98318900
8436.048110,0.61836600
8436.057590,0.99300500
8436.067060,1.71611000
8436.076540,2.47356000
8436.086020,3.39462000
8436.095500,3.43225000
8436.104970,2.61262000
8436.114450,2.67642000
8436.123930,2.93818000
8436.133400,1.67684000
8436.142880,0.28626300
8436.152360,0.28626300
8436.161830,0.56765100
8436.171310,0.16847300
8436.180790,0.01632710
8436.190270,1.14188000
8436.199740,2.35905000
8436.209220,1.68502000
8436.218700,0.08667410
8436.228170,-0.34686000
8436.237650,-0.07037960
8436.247130,0.01632710
8436.256610,0.05068260
8436.266080,-0.11291500
8436.275560,-0.11455100
8436.285040,0.39096600
8436.294510,0.47112900
8436.303990,0.18646900
8436.313470,0.43840900
8436.322950,0.40568900
8436.332420,-0.26178900
8436.341900,-0.14890600
8436.351380,0.57910300
8436.360850,0.73615700
8436.370330,0.83267900
8436.379810,1.10916000
8436.389280,0.97664500
8436.398760,1.01427000
8436.408240,0.96682900
8436.417720,-0.46137800
8436.427190,-1.85687000
8436.436670,-1.48550000
8436.446150,-0.88346000
8436.455620,-1.03233000
8436.465100,-0.89164000
8436.474580,-0.69205100
8436.484060,-1.00125000
8436.493530,-1.16485000
8436.503010,-1.16976000
8436.512490,-1.54930000
8436.521960,-1.97956000
8436.531440,-2.18733000
8436.540920,-2.51944000
8436.550400,-2.59142000
8436.559870,-1.55912000
8436.569350,-0.21434600
8436.578830,0.23718400
8436.588300,0.54801900
8436.597780,1.14842000
8436.607260,1.00282000
8436.616730,0.32879900
8436.626210,-0.29614400
8436.635690,-1.31536000
8436.645170,-1.86177000
8436.654640,-1.09450000
8436.664120,-0.35340400
8436.673600,-0.12436700
8436.683070,0.33043500
8436.692550,0.62491000
8436.702030,0.72470500
8436.711510,1.20077000
8436.720980,1.68011000
8436.730460,2.20199000
8436.739940,2.86783000
8436.749410,2.78603000
8436.758890,2.40812000
8436.768370,2.69442000
8436.777850,2.74514000
8436.787320,2.15291000
8436.796800,1.49361000
8436.806280,0.55947100
8436.815750,-0.20616600
8436.825230,-0.36321900
8436.834710,-0.81965700
8436.844190,-1.15176000
8436.853660,-0.43356600
8436.863140,0.12920900
8436.872620,0.12103000
8436.882090,0.51039200
8436.891570,0.72961300
8436.901050,0.31080300
8436.910520,0.21918800
8436.920000,0.43677300
8436.929480,0.34843000
8436.938960,0.52838800
8436.948430,1.28748000
8436.957910,1.73901000
8436.967390,1.70629000
8436.976860,1.97295000
8436.986340,2.35577000
8436.995820,2.45393000
8437.005300,2.70096000
8437.014770,2.57172000
8437.024250,1.71611000
8437.033730,1.47725000
8437.043200,1.19750000
8437.052680,0.09976190
8437.062160,2.17909000
8437.071640,7.70705000
8437.081110,8.79334000
8437.090590,3.73981000
8437.100070,-0.05074790
8437.109540,-0.39757500
8437.119020,-0.50227700
8437.128500,-0.60861600
8437.137970,-0.49573300
8437.147450,-0.78530100
8437.156930,-0.62988300
8437.166410,-0.38121500
8437.175880,-0.90145600
8437.185360,-0.89491200
8437.194840,-0.37303500
8437.204310,-0.80002500
8437.213790,-1.17630000
8437.223270,-0.35994700
8437.232750,0.38115000
8437.242220,0.11285000
8437.251700,-0.61843200
8437.261180,-1.16976000
8437.270650,-1.44460000
8437.280130,-1.86177000
8437.289610,-2.27404000
8437.299090,-1.86177000
8437.308560,-1.07487000
8437.318040,-0.76076200
8437.327520,-0.20943800
8437.336990,0.61182200
8437.346470,0.49403200
8437.355950,0.07358630
8437.365420,0.31407500
8437.374900,0.10630600
8437.384380,-0.76730500
8437.393860,-0.98816200
8437.403330,-0.70186600
8437.412810,-0.97671000
8437.422290,-1.67364000
8437.431760,-1.91903000
8437.441240,-1.51004000
8437.450720,-0.86710000
8437.460200,-0.15217800
8437.469670,0.48094400
8437.479150,0.95701300
8437.488630,1.83226000
8437.498100,2.87929000
8437.507580,2.87111000
8437.517060,1.60486000
8437.526540,0.07522230
8437.536010,-0.65115100
8437.545490,-0.63151900
8437.554970,-0.56608000
8437.564440,-0.02948020
8437.573920,0.73452100
8437.583400,0.66090200
8437.592870,0.79832400
8437.602350,1.28912000
8437.611830,0.58891900
8437.621310,-0.39593900
8437.630780,-0.88018800
8437.640260,-1.32027000
8437.649740,-1.23192000
8437.659210,-0.89491200
8437.668690,0.47603600
8437.678170,2.65025000
8437.687650,3.37008000
8437.697120,9.44282000
8437.706600,23.65290000
8437.716080,27.58740000
8437.725550,15.15890000
8437.735030,6.29520000
8437.744510,6.12833000
8437.753990,4.10627000
8437.763460,1.67848000
8437.772940,1.82408000
8437.782420,1.53779000
8437.791890,1.13043000
8437.801370,0.46294900
8437.810850,-0.74767400
8437.820320,-0.51536500
8437.829800,0.01141920
8437.839280,-0.15381400
8437.848760,-0.01639240
8437.858230,-0.54317700
8437.867710,-1.15340000
8437.877190,-0.49409700
8437.886660,0.02123510
8437.896140,0.06704240
8437.905620,0.06377040
8437.915100,-0.44992600
8437.924570,-0.61025200
8437.934050,-0.31741200
8437.943530,-0.43356600
8437.953000,-0.62497600
8437.962480,-1.12558000
8437.971960,-1.55421000
8437.981440,-0.71168200
8437.990910,0.11448600
8438.000390,0.21428000
8438.009870,0.93574600
8438.019340,1.56069000
8438.028820,1.62940000
8438.038300,2.82039000
8438.047780,4.51363000
8438.057250,4.84736000
8438.066730,4.49890000
8438.076210,4.50708000
8438.085680,4.42692000
8438.095160,4.10790000
8438.104640,3.99175000
8438.114110,3.69891000
8438.123590,2.66661000
8438.133070,1.44453000
8438.142550,0.37951400
8438.152020,-0.90472800
8438.161500,-1.78161000
8438.170980,-1.54112000
8438.180450,-0.99143400
8438.189930,-0.59716400
8438.199410,0.24536400
8438.208890,1.11898000
8438.218360,1.05026000
8438.227840,0.56274300
8438.237320,0.27153900
8438.246790,-0.38448700
8438.256270,-0.96689500
8438.265750,-0.70350200
8438.275230,-0.57753200
8438.284700,-0.62988300
8438.294180,0.31898300
8438.303660,1.41836000
8438.313130,1.81754000
8438.322610,1.99422000
8438.332090,1.50343000
8438.341560,0.48421600
8438.351040,-0.25851700
8438.360520,-0.94071900
8438.370000,-0.60534400
8438.379470,1.13533000
8438.388950,1.93533000
8438.398430,1.84371000
8438.407900,2.54391000
8438.417380,2.54227000
8438.426860,1.59832000
8438.436340,2.10220000
8438.445810,3.11814000
8438.455290,2.55536000
8438.464770,1.56232000
8438.474240,1.04863000
8438.483720,0.39914600
8438.493200,-0.02784420
8438.502680,-0.22416100
8438.512150,-0.91454300
8438.521630,-1.36607000
8438.531110,-1.01107000
8438.540580,-0.66423900
8438.550060,-0.25688100
8438.559540,0.32552700
8438.569010,0.08503810
8438.578490,-0.73295000
8438.587970,-1.21066000
8438.597450,-1.52149000
8438.606920,-1.22701000
8438.616400,0.01305520
8438.625880,0.89157400
8438.635350,1.22695000
8438.644830,1.95659000
8438.654310,2.27725000
8438.663790,1.85680000
8438.673260,1.81263000
8438.682740,1.52797000
8438.692220,0.53820400
8438.701690,0.40896100
8438.711170,0.82286300
8438.720650,0.57092300
8438.730130,0.74597300
8438.739600,1.24822000
8438.749080,0.70670900
8438.758560,0.22082400
8438.768030,0.48912400
8438.777510,0.35170200
8438.786990,0.04250270
8438.796460,-0.10146300
8438.805940,-0.53172500
8438.815420,-0.30923200
8438.824900,1.13043000
8438.834370,2.78440000
8438.843850,3.80688000
8438.853330,3.20484000
8438.862800,1.10916000
8438.872280,-0.35667500
8438.881760,-0.62497600
8438.891240,-0.43847400
8438.900710,0.29935100
8438.910190,1.23022000
8438.919670,2.89074000
8438.929140,5.48540000
8438.938620,5.86985000
8438.948100,3.70545000
8438.957580,2.21017000
8438.967050,1.02736000
8438.976530,-0.48101000
8438.986010,-1.09614000
8438.995480,-1.42006000
8439.004960,-1.37916000
8439.014440,-1.10268000
8439.023920,-1.65400000
8439.033390,-1.69163000
8439.042870,-1.25483000
8439.052350,-0.94889900
8439.061820,-0.07201560
8439.071300,-0.76730500
8439.080780,-1.65564000
8439.090250,-0.33704400
8439.099730,-0.80656900
8439.109210,-1.36116000
8439.118690,-0.41229900
8439.128160,-2.71248000
8439.137640,-2.53907000
8439.147120,0.55619900
8439.156590,-0.99797800
8439.166070,0.66581000
8439.175550,1.37419000
8439.185030,-0.20616600
8439.194500,29.75180000
8439.203980,70.36000000
8439.213460,54.29970000
8439.222930,9.94180000
8439.232410,-0.13745500
8439.241890,3.50423000
8439.251370,-0.96525900
8439.260840,0.52184400
8439.270320,1.76682000
8439.279800,-0.95380700
8439.289270,0.17992500
8439.298750,-0.23888500
8439.308230,-1.36116000
8439.317700,1.26785000
8439.327180,2.01385000
8439.336660,1.63104000
8439.346140,2.24289000
8439.355610,0.81795500
8439.365090,-0.17835400
8439.374570,0.25190800
8439.384040,-0.29123600
8439.393520,-0.28305600
8439.403000,-0.04256800
8439.412480,-0.74603800
8439.421950,-0.48428200
8439.431430,0.19955600
8439.440910,-0.13418300
8439.450380,-0.57589600
8439.459860,-0.84746800
8439.469340,-0.99143400
8439.478820,-0.83438100
8439.488290,-0.77221300
8439.497770,-0.62334000
8439.507250,-0.74603800
8439.516720,-2.03519000
8439.526200,-3.14111000
8439.535680,-2.71248000
8439.545150,-2.06954000
8439.554630,-1.65237000
8439.564110,-0.57589600
8439.573590,0.12757400
8439.583060,-0.00166861
8439.592540,0.40405400
8439.602020,0.64127000
8439.611490,-0.26833300
8439.620970,-0.79838900
8439.630450,-0.49409700
8439.639930,-0.23234100
8439.649400,0.37460600
8439.658880,1.30057000
8439.668360,1.76355000
8439.677830,1.89934000
8439.687310,1.95659000
8439.696790,1.94187000
8439.706270,1.98931000
8439.715740,2.10383000
8439.725220,2.23635000
8439.734700,1.87807000
8439.744170,0.98809700
8439.753650,0.85394700
8439.763130,1.12879000
8439.772600,0.79178000
8439.782080,2.01385000
8439.791560,4.84409000
8439.801040,4.82773000
8439.810510,2.10710000
8439.819990,0.93083800
8439.829470,1.32020000
8439.838940,1.68666000
8439.848420,2.01713000
8439.857900,1.61631000
8439.867380,0.94065400
8439.876850,1.00936000
8439.886330,0.49076000
8439.895810,-0.66751100
8439.905280,-0.69205100
8439.914760,-0.28632800
8439.924240,-0.38775900
8439.933720,0.04250270
8439.943190,0.68544100
8439.952670,0.44495300
8439.962150,-0.00003263
8439.971620,-0.35667500
8439.981100,-1.26464000
8439.990580,-2.00738000
8440.000060,-1.76689000
8440.009530,-1.02743000
8440.019010,0.18483300
8440.028490,1.92715000
8440.037960,2.85965000
8440.047440,2.38358000
8440.056920,1.85353000
8440.066390,1.82899000
8440.075870,1.23022000
8440.085350,-0.06219970
8440.094830,-0.84583200
8440.104300,-0.77384900
8440.113780,-0.33540800
8440.123260,0.28789900
8440.132730,0.97664500
8440.142210,1.57050000
8440.151690,2.03676000
8440.161170,2.15128000
8440.170640,1.58686000
8440.180120,0.31243900
8440.189600,-1.12068000
8440.199070,-1.91412000
8440.208550,-1.68345000
8440.218030,-0.57426000
8440.227510,0.48912400
8440.236980,0.72634100
8440.246460,0.96846500
8440.255940,1.72919000
8440.265410,1.99749000
8440.274890,1.61140000
8440.284370,0.93083800
8440.293840,-0.25524500
8440.303320,-1.32517000
8440.312800,-1.75871000
8440.322280,-2.05155000
8440.331750,-2.46872000
8440.341230,-2.84336000
8440.350710,-2.31167000
8440.360180,-0.49082600
8440.369660,1.03554000
8440.379140,1.59341000
8440.388620,1.87807000
8440.398090,1.48707000
8440.407570,0.83267900
8440.417050,0.83104300
8440.426520,0.58728300
8440.436000,0.25027200
8440.445480,0.77705600
8440.454960,0.91284200
8440.464430,0.50384800
8440.473910,1.88788000
8440.483390,4.98151000
8440.492860,6.39827000
8440.502340,4.54635000
8440.511820,2.08747000
8440.521290,1.40527000
8440.530770,1.25967000
8440.540250,0.67726100
8440.549730,0.55456300
8440.559200,0.67726100
8440.568680,0.65599400
8440.578160,1.09116000
8440.587630,1.79791000
8440.597110,2.28870000
8440.606590,2.27070000
8440.616070,1.50834000
8440.625540,1.07644000
8440.635020,1.66048000
8440.644500,2.01222000
8440.653970,1.85680000
8440.663450,2.00567000
8440.672930,2.11856000
8440.682410,2.00077000
8440.691880,2.21835000
8440.701360,3.09687000
8440.710840,4.55943000
8440.720310,5.00769000
8440.729790,2.96599000
8440.739270,0.47440000
8440.748740,-0.16199400
8440.758220,0.07358630
8440.767700,0.22246000
8440.777180,0.51693600
8440.786650,0.28135500
8440.796130,-0.44992600
8440.805610,-0.44501800
8440.815080,-0.03111620
8440.824560,-0.26669700
8440.834040,-0.73949400
8440.843520,-0.97016700
8440.852990,-1.05197000
8440.862470,-0.33540800
8440.871950,1.24004000
8440.881420,2.27070000
8440.890900,2.48992000
8440.900380,2.74841000
8440.909860,2.78113000
8440.919330,2.22980000
8440.928810,1.45926000
8440.938290,0.54474700
8440.947760,-0.31741200
8440.957240,-0.89818400
8440.966720,-1.32845000
8440.976200,-1.08796000
8440.985670,-0.05238390
8440.995150,0.69362100
8441.004630,1.07153000
8441.014100,1.63922000
8441.023580,1.75373000
8441.033060,1.20405000
8441.042530,0.70343700
8441.052010,0.23882000
8441.061490,-0.19307800
8441.070970,-0.08837540
8441.080440,0.18483300
8441.089920,0.17338100
8441.099400,0.38933000
8441.108870,0.62981800
8441.118350,0.05559060
8441.127830,-0.73785800
8441.137310,-1.04542000
8441.146780,-1.42497000
8441.156260,-1.92067000
8441.165740,-2.11699000
8441.175210,-2.09899000
8441.184690,-1.51822000
8441.194170,-0.33377200
8441.203650,0.53656800
8441.213120,0.90302600
8441.222600,0.97173700
8441.232080,0.56601500
8441.241550,0.21755200
8441.251030,0.42695700
8441.260510,0.62654600
8441.269980,0.39260200
8441.279460,0.04086680
8441.288940,-0.10146300
8441.298420,0.02614300
8441.307890,0.64617800
8441.317370,1.66212000
8441.326850,1.90752000
8441.336320,1.00282000
8441.345800,-0.07528750
8441.355280,-1.38570000
8441.364760,-2.87117000
8441.374230,-3.27526000
8441.383710,-2.90553000
8441.393190,-2.46218000
8441.402660,-1.25810000
8441.412140,0.31898300
8441.421620,1.53615000
8441.431100,2.45393000
8441.440570,2.20690000
8441.450050,0.91120600
8441.459530,0.25190800
8441.469000,0.20282800
8441.478480,-0.05401980
8441.487960,-0.17344600
8441.497430,0.11448600
8441.506910,0.55947100
8441.516390,0.64127000
8441.525870,0.15702100
8441.535340,-0.15545000
8441.544820,0.07195030
8441.554300,0.29935100
8441.563770,0.20119200
8441.573250,-0.03929610
8441.582730,-0.17508200
8441.592210,-0.27324100
8441.601680,-0.25197300
8441.611160,0.00978322
8441.620640,-0.28796400
8441.630110,-1.14194000
8441.639590,-1.06669000
8441.649070,-0.07855950
8441.658550,0.55129100
8441.668020,0.64617800
8441.677500,0.71325300
8441.686980,1.11243000
8441.696450,1.47071000
8441.705930,1.09607000
8441.715410,0.16029300
8441.724880,-1.09286000
8441.734360,-2.05318000
8441.743840,-1.55748000
8441.753320,-0.37794300
8441.762790,0.30262300
8441.772270,1.12061000
8441.781750,1.91570000
8441.791220,2.07766000
8441.800700,2.30342000
8441.810180,2.45066000
8441.819660,1.67848000
8441.829130,0.45313300
8441.838610,-0.42702200
8441.848090,-0.99797800
8441.857560,-1.49368000
8441.867040,-1.58039000
8441.876520,-1.14522000
8441.886000,-0.61679600
8441.895470,-0.04911190
8441.904950,0.38278600
8441.914430,0.60527900
8441.923900,1.01754000
8441.933380,1.23513000
8441.942860,1.37746000
8441.952340,1.62940000
8441.961810,1.02245000
8441.971290,0.92265800
8441.980770,1.65885000
8441.990240,0.49239600
8441.999720,-0.57262400
8442.009200,-0.40575500
8442.018670,-0.36812700
8442.028150,7.61871000
8442.037630,22.14290000
8442.047110,22.94450000
8442.056580,10.13810000
8442.066060,3.34063000
8442.075540,2.83839000
8442.085010,0.85067500
8442.094490,-0.27487700
8442.103970,-1.10922000
8442.113450,-2.92843000
8442.122920,-2.92025000
8442.132400,-2.05973000
8442.141880,-1.37262000
8442.151350,-0.08183140
8442.160830,0.32716300
8442.170310,-0.06383570
8442.179790,-0.06710770
8442.189260,-0.21434600
8442.198740,-0.59552800
8442.208220,-1.47896000
8442.217690,-2.61269000
8442.227170,-2.57833000
8442.236650,-1.90267000
8442.246120,-1.03397000
8442.255600,0.69689300
8442.265080,1.86007000
8442.274560,1.85189000
8442.284030,2.25271000
8442.293510,2.69933000
8442.302990,2.21344000
8442.312460,1.41345000
8442.321940,0.43022900
8442.331420,-0.86710000
8442.340900,-1.54276000
8442.350370,-1.21066000
8442.359850,-0.68877900
8442.369330,-0.03111620
8442.378800,1.20568000
8442.388280,1.80281000
8442.397760,0.98973300
8442.407240,0.57746700
8442.416710,1.43472000
8442.426190,2.30342000
8442.435670,2.68460000
8442.445140,2.82857000
8442.454620,2.89237000
8442.464100,3.02162000
8442.473570,2.91855000
8442.483050,2.54064000
8442.492530,1.79791000
8442.502010,0.15374900
8442.511480,-1.50186000
8442.520960,-1.99102000
8442.530440,-1.92885000
8442.539910,-1.89449000
8442.549390,-1.86995000
8442.558870,-1.68672000
8442.568350,-0.74767400
8442.577820,0.40241800
8442.587300,0.94065400
8442.596780,1.18769000
8442.606250,0.59219100
8442.615730,-0.65278700
8442.625210,-0.50554900
8442.634690,0.55456300
8442.644160,0.71652500
8442.653640,0.50712000
8442.663120,0.39096600
8442.672590,0.18319700
8442.682070,0.26336000
8442.691550,0.40241800
8442.701020,0.42532100
8442.710500,0.43186500
8442.719980,-0.10637100
8442.729460,-1.11086000
8442.738930,-1.98120000
8442.748410,-2.50471000
8442.757890,-2.52925000
8442.767360,-2.47036000
8442.776840,-2.53743000
8442.786320,-1.98120000
8442.795800,-0.95053500
8442.805270,-0.36649100
8442.814750,-0.31250400
8442.824230,-0.23561300
8442.833700,0.26172400
8442.843180,0.59709900
8442.852660,0.23391200
8442.862140,-0.05238390
8442.871610,-0.22416100
8442.881090,-0.81638500
8442.890570,-0.81311300
8442.900040,0.11448600
8442.909520,0.75415200
8442.919000,0.87194300
8442.928470,0.72470500
8442.937950,0.34188600
8442.947430,0.25518000
8442.956910,0.64290600
8442.966380,1.00282000
8442.975860,0.90466200
8442.985340,0.36151800
8442.994810,-0.09001130
8443.004290,-0.34358800
8443.013770,-0.64787900
8443.023250,-0.62006800
8443.032720,-0.44011000
8443.042200,-0.77384900
8443.051680,-1.23029000
8443.061150,-1.71126000
8443.070630,-2.45890000
8443.080110,-2.56688000
8443.089590,-2.23641000
8443.099060,-2.60287000
8443.108540,-2.50144000
8443.118020,-1.02906000
8443.127490,0.17338100
8443.136970,0.45313300
8443.146450,0.51857200
8443.155930,0.40568900
8443.165400,0.18483300
8443.174880,0.00651127
8443.184360,0.18974100
8443.193830,0.86212700
8443.203310,0.71488900
8443.212790,0.08994610
8443.222260,0.55129100
8443.231740,0.46622100
8443.241220,0.96028500
8443.250700,5.90584000
8443.260170,9.69640000
8443.269650,5.79459000
8443.279130,0.57092300
8443.288600,-0.40575500
8443.298080,-0.28632800
8443.307560,0.09321800
8443.317040,1.26130000
8443.326510,1.39546000
8443.335990,1.12552000
8443.345470,1.55087000
8443.354940,1.85844000
8443.364420,2.07111000
8443.373900,2.58481000
8443.383380,3.54676000
8443.392850,4.17661000
8443.402330,2.98562000
8443.411810,1.46580000
8443.421280,1.32020000
8443.430760,0.90139000
8443.440240,0.26499600
8443.449710,0.72961300
8443.459190,0.98318900
8443.468670,0.83758700
8443.478150,1.06008000
8443.487620,0.82449900
8443.497100,0.65599400
8443.506580,0.92756600
8443.516050,0.45149700
8443.525530,0.23882000
8443.535010,0.94392600
8443.544490,0.85885500
8443.553960,0.35170200
8443.563440,0.35497400
8443.572920,0.17501700
8443.582390,0.34352200
8443.591870,0.87030700
8443.601350,0.34352200
8443.610830,-0.48919000
8443.620300,-0.52027300
8443.629780,-0.58898400
8443.639260,-0.81965700
8443.648730,-0.64297100
8443.658210,-0.79838900
8443.667690,-1.67527000
8443.677160,-2.00247000
8443.686640,-1.61638000
8443.696120,-1.84378000
8443.705600,-2.22332000
8443.715070,-2.07281000
8443.724550,-1.93703000
8443.734030,-0.85074000
8443.743500,0.66744600
8443.752980,0.74597300
8443.762460,1.26294000
8443.771940,1.94351000
8443.781410,0.61182200
8443.790890,0.63472600
8443.800370,2.00404000
8443.809840,1.84371000
8443.819320,3.09851000
8443.828800,4.29113000
8443.838280,7.70378000
8443.847750,25.17930000
8443.857230,42.42410000
8443.866710,32.84380000
8443.876180,11.19500000
8443.885660,3.27192000
8443.895140,2.24289000
8443.904610,-0.45483400
8443.914090,-0.67896300
8443.923570,-0.42702200
8443.933050,-1.21556000
8443.942520,-0.51863700
8443.952000,0.12757400
8443.961480,0.62491000
8443.970950,2.43757000
8443.980430,3.45679000
8443.989910,2.98562000
8443.999390,2.57827000
8444.008860,2.24125000
8444.018340,1.96314000
8444.027820,1.98931000
8444.037290,1.68829000
8444.046770,1.05190000
8444.056250,0.51366400
8444.065730,-0.02620830
8444.075200,-0.28469200
8444.084680,-0.02130030
8444.094160,0.33207100
8444.103630,0.77051200
8444.113110,1.34638000
8444.122590,1.77664000
8444.132070,2.21344000
8444.141540,2.11528000
8444.151020,0.94719800
8444.160500,0.09158200
8444.169970,0.14393300
8444.179450,0.17828900
8444.188930,0.38278600
8444.198400,0.61509400
8444.207880,0.18810500
8444.217360,0.04741070
8444.226840,0.62327400
8444.236310,1.02900000
8444.245790,1.20241000
8444.255270,1.11243000
8444.264740,0.52348000
8444.274220,0.03759480
8444.283700,-0.05565580
8444.293180,-0.08346740
8444.302650,-0.10309900
8444.312130,0.02123510
8444.321610,0.26499600
8444.331080,0.26826700
8444.340560,0.08667410
8444.350040,0.43840900
8444.359520,1.11243000
8444.368990,1.36764000
8444.378470,1.45926000
8444.387950,1.44126000
8444.397420,0.91938600
8444.406900,0.40078200
8444.416380,0.17828900
8444.425850,-0.10146300
8444.435330,0.10794200
8444.444810,1.10752000
8444.454290,2.04003000
8444.463760,2.69933000
8444.473240,3.15249000
8444.482720,2.72714000
8444.492190,1.74555000
8444.501670,1.21877000
8444.511150,0.98973300
8444.520630,0.61345800
8444.530100,0.12593800
8444.539580,-0.21761700
8444.549060,0.06377040
8444.558530,0.69852900
8444.568010,1.14679000
8444.577490,1.94351000
8444.586970,2.75986000
8444.596440,2.22326000
8444.605920,1.05190000
8444.615400,0.68871300
8444.624870,0.31571100
8444.634350,-0.85401200
8444.643830,-1.60820000
8444.653300,-1.00779000
8444.662780,0.24863600
8444.672260,1.14188000
8444.681740,1.52306000
8444.691210,1.94514000
8444.700690,2.32142000
8444.710170,1.63594000
8444.719640,0.16356500
8444.729120,-0.22252500
8444.738600,0.41059700
8444.748080,0.26663100
8444.757550,-0.29123600
8444.767030,-0.22252500
8444.776510,-0.36976300
8444.785980,-0.81474900
8444.795460,-0.77712100
8444.804940,-0.81802100
8444.814420,-0.87691600
8444.823890,-0.19471400
8444.833370,0.29935100
8444.842850,-0.02130030
8444.852320,-0.25033700
8444.861800,-0.19635000
8444.871280,-0.08183140
8444.880750,0.35170200
8444.890230,1.05517000
8444.899710,1.80281000
8444.909190,2.20363000
8444.918660,1.80281000
8444.928140,1.06826000
8444.937620,0.72797700
8444.947090,0.74924400
8444.956570,0.74924400
8444.966050,0.53002400
8444.975530,0.46458500
8444.985000,0.79505200
8444.994480,0.93247400
8445.003960,0.88830200
8445.013430,1.16151000
8445.022910,1.34965000
8445.032390,1.34474000
8445.041870,1.43308000
8445.051340,1.14679000
8445.060820,0.60200700
8445.070300,0.43677300
8445.079770,0.39914600
8445.089250,0.23391200
8445.098730,0.00978322
8445.108210,0.04413870
8445.117680,0.92429400
8445.127160,1.68502000
8445.136640,1.09934000
8445.146110,0.30916700
8445.155590,-0.02293630
8445.165070,-0.53499700
8445.174540,-0.23397700
8445.184020,0.90466200
8445.193500,0.84085900
8445.202980,0.07031430
8445.212450,0.16192900
8445.221930,0.27481100
8445.231410,0.03595880
8445.240880,0.07849420
8445.250360,-0.09164730
8445.259840,-0.69859500
8445.269320,-1.36116000
8445.278790,-1.69654000
8445.288270,-1.16158000
8445.297750,-0.74603800
8445.307220,-1.55421000
8445.316700,-2.23478000
8445.326180,-1.95339000
8445.335660,-1.25646000
8445.345130,0.13738900
8445.354610,2.13655000
8445.364090,4.07191000
8445.373560,5.50012000
8445.383040,6.06453000
8445.392520,6.42935000
8445.401990,6.88416000
8445.411470,6.80236000
8445.420950,6.51279000
8445.430430,6.03345000
8445.439900,5.43304000
8445.449380,5.11894000
8445.458860,3.79543000
8445.468330,1.90424000
8445.477810,1.11407000
8445.487290,0.43186500
8445.496770,0.25190800
8445.506240,0.89484600
8445.515720,0.57746700
8445.525200,0.33207100
8445.534670,-0.04256800
8445.544150,-1.17139000
8445.553630,-0.44992600
8445.563110,-0.09819120
8445.572580,-0.53826900
8445.582060,1.33656000
8445.591540,0.76069600
8445.601010,0.34025000
8445.610490,4.32712000
8445.619970,6.06617000
8445.629440,25.35920000
8445.638920,72.56040000
8445.648400,88.57990000
8445.657880,47.65270000
8445.667350,11.64650000
8445.676830,6.46862000
8445.686310,3.93285000
8445.695780,1.66376000
8445.705260,3.46333000
8445.714740,1.35619000
8445.724220,-0.09001130
8445.733690,0.84249500
8445.743170,0.08994610
8445.752650,0.78196400
8445.762120,2.15618000
8445.771600,1.90424000
8445.781080,2.12510000
8445.790560,1.95823000
8445.800030,1.17623000
8445.809510,1.06172000
8445.818990,0.60855100
8445.828460,0.39423800
8445.837940,0.51530000
8445.847420,-0.31250400
8445.856890,-0.63642700
8445.866370,0.01959910
8445.875850,0.29935100
8445.885330,0.76233200
8445.894800,1.77009000
8445.904280,2.49974000
8445.913760,2.60117000
8445.923230,2.19872000
8445.932710,1.70956000
8445.942190,1.09607000
8445.951670,0.30262300
8445.961140,0.15538500
8445.970620,0.74924400
8445.980100,1.29402000
8445.989570,1.67684000
8445.999050,2.04657000
8446.008530,2.21017000
8446.018010,2.13492000
8446.027480,2.01549000
8446.036960,1.67193000
8446.046440,0.70180100
8446.055910,-0.29941600
8446.065390,-0.51045700
8446.074870,-0.54154100
8446.084350,-0.89164000
8446.093820,-0.75258200
8446.103300,0.11775800
8446.112780,1.15987000
8446.122250,1.96314000
8446.131730,1.84535000
8446.141210,0.94719800
8446.150680,0.62000200
8446.160160,0.61182200
8446.169640,-0.24052100
8446.179120,-1.01925000
8446.188590,-1.06669000
8446.198070,-1.41515000
8446.207550,-1.70963000
8446.217020,-1.31045000
8446.226500,-0.92926700
8446.235980,0.26990300
8446.245460,2.48338000
8446.254930,2.81712000
8446.264410,1.67030000
8446.273890,2.15782000
8446.283360,2.73368000
8446.292840,2.09402000
8446.302320,2.20036000
8446.311800,1.78482000
8446.321270,0.53820400
8446.330750,1.09444000
8446.340230,2.16436000
8446.349700,5.97782000
8446.359180,16.63950000
8446.368660,23.16540000
8446.378130,15.55810000
8446.387610,4.80319000
8446.397090,0.86049100
8446.406570,0.19628500
8446.416040,0.30425900
8446.425520,0.82449900
8446.435000,0.78523600
8446.444470,1.24658000
8446.453950,1.77009000
8446.463430,1.66048000
8446.472910,1.85026000
8446.482380,1.54924000
8446.491860,1.05517000
8446.501340,1.58196000
8446.510810,1.39055000
8446.520290,0.17992500
8446.529770,-0.31086800
8446.539250,-0.24870100
8446.548720,0.17338100
8446.558200,0.69689300
8446.567680,0.67235400
8446.577150,1.00446000
8446.586630,1.35292000
8446.596110,0.89157400
8446.605580,1.26785000
8446.615060,1.92715000
8446.624540,0.90793400
8446.634020,0.08176620
8446.643490,0.40568900
8446.652970,0.08340220
8446.662450,-0.32722800
8446.671920,-0.14563500
8446.681400,-0.41393500
8446.690880,-0.59062000
8446.700360,-0.17344600
8446.709830,0.12103000
8446.719310,0.75415200
8446.728790,1.65394000
8446.738260,1.50670000
8446.747740,0.55456300
8446.757220,-0.18489800
8446.766700,-0.79511700
8446.776170,-1.58039000
8446.785650,-2.03355000
8446.795130,-1.44460000
8446.804600,-0.50718500
8446.814080,-0.15708600
8446.823560,0.40568900
8446.833030,1.20568000
8446.842510,0.55619900
8446.851990,-1.41679000
8446.861470,-2.88262000
8446.870940,-3.13784000
8446.880420,-2.65195000
8446.889900,-2.03192000
8446.899370,-1.62456000
8446.908850,-1.60165000
8446.918330,-1.67200000
8446.927810,-1.11086000
8446.937280,-0.18326200
8446.946760,0.48912400
8446.956240,1.34638000
8446.965710,2.03185000
8446.975190,1.62940000
8446.984670,1.07644000
8446.994150,1.19423000
8447.003620,1.11734000
8447.013100,0.31898300
8447.022580,-0.69695800
8447.032050,-0.83274500
8447.041530,0.22409600
8447.051010,0.80977600
8447.060480,0.47112900
8447.069960,0.68053300
8447.079440,1.03227000
8447.088920,1.17951000
8447.098390,2.02694000
8447.107870,1.97132000
8447.117350,0.40405400
8447.126820,-0.50391300
8447.136300,-1.08468000
8447.145780,-1.01597000
8447.155260,0.81141200
8447.164730,1.42654000
8447.174210,1.34147000
8447.183690,2.58808000
8447.193160,1.61795000
8447.202640,1.17133000
8447.212120,3.94921000
8447.221600,4.57743000
8447.231070,13.66040000
8447.240550,37.55870000
8447.250030,45.11690000
8447.259500,23.33720000
8447.268980,4.86045000
8447.278460,2.88747000
8447.287940,2.64861000
8447.297410,2.30669000
8447.306890,3.60402000
8447.316370,2.99544000
8447.325840,2.24453000
8447.335320,1.33656000
8447.344800,-0.86219200
8447.354270,-1.52640000
8447.363750,-1.25810000
8447.373230,-1.59347000
8447.382710,-1.16812000
8447.392180,-0.58080400
8447.401660,-0.73458600
8447.411140,-0.84746800
8447.420610,-0.54154100
8447.430090,0.18156100
8447.439570,0.45476900
8447.449050,-0.14236300
8447.458520,-0.48428200
8447.468000,-0.44992600
8447.477480,-0.26015300
8447.486950,0.47603600
8447.496430,1.07644000
8447.505910,1.21223000
8447.515390,1.35783000
8447.524860,1.31202000
8447.534340,1.31366000
8447.543820,1.62940000
8447.553290,1.67521000
8447.562770,1.61795000
8447.572250,1.56887000
8447.581720,0.85885500
8447.591200,0.19628500
8447.600680,0.55783500
8447.610160,1.04536000
8447.619630,1.01264000
8447.629110,1.15497000
8447.638590,1.50507000
8447.648060,1.44617000
8447.657540,1.21550000
8447.667020,1.48053000
8447.676500,2.17582000
8447.685970,2.69606000
8447.695450,2.88910000
8447.704930,3.19503000
8447.714400,3.77744000
8447.723880,4.08009000
8447.733360,3.62365000
8447.742840,2.93654000
8447.752310,2.68951000
8447.761790,2.33941000
8447.771270,1.67848000
8447.780740,1.67848000
8447.790220,1.87643000
8447.799700,1.21386000
8447.809170,0.97991700
8447.818650,1.78318000
8447.828130,1.98768000
8447.837610,1.77500000
8447.847080,2.24943000
8447.856560,2.53900000
8447.866040,2.47684000
8447.875510,2.81875000
8447.884990,2.76968000
8447.894470,1.98768000
8447.903950,1.55087000
8447.913420,1.63922000
8447.922900,1.84044000
8447.932380,2.06948000
8447.941850,1.99586000
8447.951330,1.48707000
8447.960810,0.74597300
8447.970290,-0.18162600
8447.979760,-1.03397000
8447.989240,-1.49859000
8447.998720,-1.70145000
8448.008190,-1.74726000
8448.017670,-1.46914000
8448.027150,-0.93744700
8448.036620,-0.57753200
8448.046100,-0.45810600
8448.055580,-0.20780200
8448.065060,0.05886250
8448.074530,0.02777900
8448.084010,-0.10637100
8448.093490,-0.28632800
8448.102960,-0.55462900
8448.112440,-0.85892000
8448.121920,-1.47078000
8448.131400,-1.96320000
8448.140870,-1.50022000
8448.150350,-0.86382800
8448.159830,-0.89818400
8448.169300,-0.91781500
8448.178780,-0.86382800
8448.188260,-1.20084000
8448.197740,-1.09941000
8448.207210,-0.09328330
8448.216690,0.62000200
8448.226170,0.24045600
8448.235640,-0.19635000
8448.245120,0.53656800
8448.254600,1.74228000
8448.264080,1.97950000
8448.273550,1.55578000
8448.283030,1.41509000
8448.292510,1.24985000
8448.301980,0.97010100
8448.311460,1.22368000
8448.320940,1.68829000
8448.330410,1.79627000
8448.339890,1.66212000
8448.349370,1.00773000
8448.358850,0.14066100
8448.368320,0.22246000
8448.377800,0.65926600
8448.387280,0.29280700
8448.396750,-0.34686000
8448.406230,-0.91290700
8448.415710,-1.32027000
8448.425190,-1.00452000
8448.434660,-0.67569100
8448.444140,-0.88182400
8448.453620,-0.74931000
8448.463090,-0.58244000
8448.472570,-0.96525900
8448.482050,-1.03070000
8448.491530,-0.79020900
8448.501000,-1.01270000
8448.510480,-1.35789000
8448.519960,-1.43315000
8448.529430,-1.35135000
8448.538910,-1.29736000
8448.548390,-1.51658000
8448.557860,-1.70472000
8448.567340,-1.42824000
8448.576820,-1.10268000
8448.586300,-1.01107000
8448.595770,-0.61516000
8448.605250,0.06704240
8448.614730,0.12593800
8448.624200,-0.37303500
8448.633680,-0.57753200
8448.643160,-0.74603800
8448.652640,-1.11740000
8448.662110,-1.15830000
8448.671590,-1.35953000
8448.681070,-2.05809000
8448.690540,-2.23314000
8448.700020,-1.82251000
8448.709500,-1.63274000
8448.718980,-1.54930000
8448.728450,-1.02743000
8448.737930,0.00814725
8448.747410,0.60364300
8448.756880,0.47112900
8448.766360,1.22859000
8448.775840,2.42448000
8448.785310,1.88952000
8448.794790,0.68871300
8448.804270,0.05068260
8448.813750,-0.96689500
8448.823220,-1.51331000
8448.832700,-0.97671000
8448.842180,-0.83438100
8448.851650,-0.80166100
8448.861130,-0.20943800
8448.870610,-0.03929610
8448.880090,-0.29941600
8448.889560,-0.28142100
8448.899040,0.04250270
8448.908520,0.19792100
8448.917990,-0.37467100
8448.927470,-1.07160000
8448.936950,-1.51004000
8448.946430,-2.36238000
8448.955900,-2.82209000
8448.965380,-2.33784000
8448.974860,-1.93703000
8448.984330,-1.01597000
8448.993810,0.72961300
8449.003290,1.83553000
8449.012760,2.71405000
8449.022240,3.82161000
8449.031720,3.81343000
8449.041200,2.71242000
8449.050670,1.23513000
8449.060150,-0.33377200
8449.069630,-1.16976000
8449.079100,-1.27282000
8449.088580,-1.00125000
8449.098060,-0.32068400
8449.107540,-0.05401980
8449.117010,-0.00330459
8449.126490,0.89484600
8449.135970,1.60486000
8449.145440,1.47235000
8449.154920,1.52961000
8449.164400,1.51325000
8449.173880,0.98646100
8449.183350,0.73288500
8449.192830,0.68707700
8449.202310,0.32879900
8449.211780,-0.15217800
8449.221260,-0.82783700
8449.230740,-1.74398000
8449.240220,-2.15789000
8449.249690,-1.77997000
8449.259170,-1.43806000
8449.268650,-1.69163000
8449.278120,-2.09572000
8449.287600,-2.04173000
8449.297080,-1.60493000
8449.306550,-1.26628000
8449.316030,-0.80002500
8449.325510,-0.21271000
8449.334990,-0.72149800
8449.344460,-1.55912000
8449.353940,-0.98979800
8449.363420,-0.12763900
8449.372890,2.94800000
8449.382370,11.61870000
8449.391850,17.66520000
8449.401330,12.20930000
8449.410800,3.55331000
8449.420280,1.14188000
8449.429760,1.00446000
8449.439230,-0.49246200
8449.448710,-1.09941000
8449.458190,-0.77548500
8449.467670,-0.93581100
8449.477140,-1.18939000
8449.486620,-1.04051000
8449.496100,-0.95053500
8449.505570,-1.24174000
8449.515050,-1.36607000
8449.524530,-1.22374000
8449.534000,-1.20411000
8449.543480,-1.00616000
8449.552960,-0.81802100
8449.562440,-0.97016700
8449.571910,-0.81311300
8449.581390,-0.57916800
8449.590870,-0.78039300
8449.600340,-0.98325400
8449.609820,-1.42988000
8449.619300,-1.84705000
8449.628780,-1.16485000
8449.638250,-0.12109500
8449.647730,0.67726100
8449.657210,1.63758000
8449.666680,1.87316000
8449.676160,1.65885000
8449.685640,2.50301000
8449.695120,3.23593000
8449.704590,2.78931000
8449.714070,2.26416000
8449.723550,1.25313000
8449.733020,-0.53990500
8449.742500,-1.09614000
8449.751980,-0.26833300
8449.761450,0.09158200
8449.770930,0.02450700
8449.780410,0.35170200
8449.789890,0.76887600
8449.799360,1.04045000
8449.808840,1.21550000
8449.818320,0.92429400
8449.827790,-0.10800700
8449.837270,-1.15176000
8449.846750,-1.19430000
8449.856230,-0.62170400
8449.865700,-0.32232000
8449.875180,-0.01148450
8449.884660,0.24863600
8449.894130,-0.41066300
8449.903610,-1.32027000
8449.913090,-1.26464000
8449.922570,-0.88182400
8449.932040,-1.08305000
8449.941520,-1.45278000
8449.951000,-1.36934000
8449.960470,-0.87037200
8449.969950,-0.34358800
8449.979430,0.32879900
8449.988900,1.31202000
8449.998380,1.79954000
8450.007860,1.63431000
8450.017340,1.63594000
8450.026810,1.58196000
8450.036290,1.51815000
8450.045770,1.72919000
8450.055240,0.94719800
8450.064720,-0.18653400
8450.074200,0.36315400
8450.083680,1.19914000
8450.093150,1.20241000
8450.102630,1.58359000
8450.112110,1.61958000
8450.121580,1.22368000
8450.131060,1.86334000
8450.140540,2.28379000
8450.150020,1.68175000
8450.159490,1.39873000
8450.168970,0.89321000
8450.178450,-0.26669700
8450.187920,-0.87200800
8450.197400,-0.82620100
8450.206880,-0.44338200
8450.216360,-0.02293630
8450.225830,-0.03275220
8450.235310,0.30916700
8450.244790,0.94556200
8450.254260,0.66253800
8450.263740,0.13084500
8450.273220,-0.18162600
8450.282690,-0.77712100
8450.292170,-0.53172500
8450.301650,0.54965500
8450.311130,0.80159600
8450.320600,0.67071800
8450.330080,0.73452100
8450.339560,0.51202800
8450.349030,0.62163800
8450.358510,0.78850800
8450.367990,0.11939400
8450.377470,-0.55953600
8450.386940,-0.90145600
8450.396420,-0.96362300
8450.405900,0.00651127
8450.415370,1.17460000
8450.424850,1.36437000
8450.434330,1.21386000
8450.443810,1.00936000
8450.453280,0.53493200
8450.462760,0.19137700
8450.472240,0.02941490
8450.481710,0.21100800
8450.491190,0.98155300
8450.500670,1.19259000
8450.510140,0.32716300
8450.519620,-0.14727100
8450.529100,-0.16526600
8450.538580,-0.54972100
8450.548050,-0.29941600
8450.557530,0.25027200
8450.567010,-0.16690200
8450.576480,-0.13418300
8450.585960,0.69034900
8450.595440,0.79668800
8450.604920,0.42204900
8450.614390,-0.18653400
8450.623870,-0.64297100
8450.633350,-0.07692350
8450.642820,0.29771500
8450.652300,-0.16035800
8450.661780,-0.70677400
8450.671260,-1.26791000
8450.680730,-1.23519000
8450.690210,-0.70841000
8450.699690,-0.14890600
8450.709160,0.51202800
8450.718640,0.08340220
8450.728120,-0.61843200
8450.737590,-0.33213600
8450.747070,-0.55953600
8450.756550,-0.57426000
8450.766030,-0.35503900
8450.775500,-1.26301000
8450.784980,-1.11904000
8450.794460,-0.61843200
8450.803930,-0.69205100
8450.813410,0.68380500
8450.822890,0.84903900
8450.832370,0.57746700
8450.841840,2.01713000
8450.851320,0.65435800
8450.860800,-0.05729180
8450.870270,1.80609000
8450.879750,-0.48428200
8450.889230,-0.82783700
8450.898710,2.09074000
8450.908180,0.39260200
8450.917660,5.22691000
8450.927140,13.84850000
8450.936610,20.26970000
8450.946090,94.77530000
8450.955570,263.23000000
8450.965040,336.86400000
8450.974520,189.17600000
8450.984000,43.32390000
8450.993480,51.09640000
8451.002950,50.40600000
8451.012430,118.84500000
8451.021910,456.50400000
8451.031380,688.64500000
8451.040860,453.28300000
8451.050340,125.90300000
8451.059820,42.37170000
8451.069290,31.85570000
8451.078770,3.01671000
8451.088250,8.97166000
8451.097720,6.40972000
8451.107200,-3.33906000
8451.116680,4.08827000
8451.126160,-0.04420400
8451.135630,-3.44213000
8451.145110,1.57705000
8451.154590,-3.66953000
8451.164060,-4.26175000
8451.173540,-0.38285100
8451.183020,-3.39632000
8451.192500,-1.38570000
8451.201970,1.29239000
8451.211450,-0.52681700
8451.220930,1.22368000
8451.230400,1.26458000
8451.239880,-0.04093200
8451.249360,2.36232000
8451.258830,2.31815000
8451.268310,1.14188000
8451.277790,1.62122000
8451.287270,0.25190800
8451.296740,-0.62334000
8451.306220,-0.40084700
8451.315700,-1.15503000
8451.325170,-0.85237600
8451.334650,-0.09982720
8451.344130,-0.10800700
8451.353610,0.54965500
8451.363080,1.37255000
8451.372560,1.56723000
8451.382040,1.46907000
8451.391510,1.30711000
8451.400990,1.43635000
8451.410470,2.03021000
8451.419950,2.85638000
8451.429420,2.58317000
8451.438900,1.03227000
8451.448380,0.38605800
8451.457850,0.24045600
8451.467330,-0.99307000
8451.476810,-1.73908000
8451.486280,-1.71290000
8451.495760,-2.31821000
8451.505240,-2.24296000
8451.514720,-0.74603800
8451.524190,0.29607900
8451.533670,0.42859300
8451.543150,0.43840900
8451.552620,0.12103000
8451.562100,-0.47610200
8451.571580,-1.04215000
8451.581060,-1.74235000
8451.590530,-2.14807000
8451.600010,-2.03028000
8451.609490,-1.77670000
8451.618960,-0.87037200
8451.628440,0.72470500
8451.637920,1.97132000
8451.647400,2.74350000
8451.656870,2.97417000
8451.666350,2.35250000
8451.675830,1.65721000
8451.685300,1.33329000
8451.694780,1.01264000
8451.704260,0.85067500
8451.713730,0.94229000
8451.723210,0.75251600
8451.732690,-0.11127900
8451.742170,-1.31045000
8451.751640,-2.50962000
8451.761120,-3.93946000
8451.770600,-4.74109000
8451.780070,-3.54847000
8451.789550,-1.32027000
8451.799030,0.45804100
8451.808510,1.90752000
8451.817980,2.88910000
8451.827460,3.49605000
8451.836940,4.55453000
8451.846410,5.21873000
8451.855890,4.57252000
8451.865370,3.68091000
8451.874850,2.85311000
8451.884320,1.72756000
8451.893800,1.01918000
8451.903280,0.80486800
8451.912750,0.78360000
8451.922230,0.93901800
8451.931710,0.41550500
8451.941180,-0.41720700
8451.950660,-0.50227700
8451.960140,-1.13867000
8451.969620,-2.52762000
8451.979090,-2.81064000
8451.988570,-2.34766000
8451.998050,-1.88631000
8452.007520,-0.85564800
8452.017000,0.33370600
8452.026480,1.33492000
8452.035960,1.92551000
8452.045430,1.12715000
8452.054910,-0.16526600
8452.064390,-0.41393500
8452.073860,-0.26506100
8452.083340,-0.25524500
8452.092820,-0.28632800
8452.102300,-0.72313400
8452.111770,-1.02743000
8452.121250,-1.03070000
8452.130730,-1.62129000
8452.140200,-2.06300000
8452.149680,-1.80124000
8452.159160,-1.93866000
8452.168630,-2.08754000
8452.178110,-1.67200000
8452.187590,-1.60820000
8452.197070,-1.90267000
8452.206540,-2.36238000
8452.216020,-2.76974000
8452.225500,-2.19551000
8452.234970,-1.28755000
8452.244450,-0.86546400
8452.253930,-0.87528000
8452.263410,-1.42006000
8452.272880,-1.07978000
8452.282360,0.07522230
8452.291840,0.24045600
8452.301310,0.55292700
8452.310790,0.94883400
8452.320270,0.82613500
8452.329750,1.97786000
8452.339220,2.53900000
8452.348700,2.09565000
8452.358180,2.62407000
8452.367650,1.36601000
8452.377130,0.26336000
8452.386610,1.00118000
8452.396090,-0.86055600
8452.405560,-0.74276600
8452.415040,1.25149000
8452.424520,-0.84583200
8452.433990,1.08953000
8452.443470,3.58603000
8452.452950,1.95823000
8452.462420,9.50172000
8452.471900,14.08240000
8452.481380,30.19030000
8452.490860,110.01800000
8452.500330,181.26300000
8452.509810,132.94800000
8452.519290,41.42450000
8452.528760,12.12910000
8452.538240,8.94712000
8452.547720,0.33370600
8452.557200,1.75864000
8452.566670,1.59995000
8452.576150,-1.65073000
8452.585630,0.97664500
8452.595100,0.74106500
8452.604580,-0.22252500
8452.614060,1.97132000
8452.623540,1.69975000
8452.633010,1.85026000
8452.642490,2.80239000
8452.651970,1.68175000
8452.661440,1.45762000
8452.670920,0.73779300
8452.680400,-0.94562700
8452.689870,-0.64624300
8452.699350,-0.83438100
8452.708830,-1.86668000
8452.718310,-1.62619000
8452.727780,-1.31372000
8452.737260,-0.62334000
8452.746740,0.16192900
8452.756210,-0.26178900
8452.765690,-0.21598100
8452.775170,0.03923080
8452.784650,-0.62988300
8452.794120,-0.44829000
8452.803600,0.21428000
8452.813080,-0.17999000
8452.822550,-0.42211500
8452.832030,-0.07201560
8452.841510,-0.15872200
8452.850990,-0.15708600
8452.860460,0.41386900
8452.869940,0.23227600
8452.879420,-0.81147700
8452.888890,-1.29082000
8452.898370,-1.60329000
8452.907850,-2.09081000
8452.917320,-1.72599000
8452.926800,-1.43806000
8452.936280,-1.56403000
8452.945760,-0.41557100
8452.955230,0.83267900
8452.964710,0.61509400
8452.974190,0.31243900
8452.983660,0.09321800
8452.993140,-0.53990500
8453.002620,-0.71331800
8453.012100,-0.61352400
8453.021570,-0.59552800
8453.031050,-0.32068400
8453.040530,-0.16363000
8453.050000,-0.03111620
8453.059480,0.34025000
8453.068960,0.58891900
8453.078440,0.89811800
8453.087910,0.92920200
8453.097390,0.27644700
8453.106870,0.15702100
8453.116340,0.79505200
8453.125820,0.99954900
8453.135300,0.73942900
8453.144770,0.55783500
8453.154250,0.82940700
8453.163730,1.55414000
8453.173210,2.14473000
8453.182680,2.64698000
8453.192160,2.81221000
8453.201640,1.88298000
8453.211110,0.81795500
8453.220590,0.49730400
8453.230070,0.41059700
8453.239550,0.67889800
8453.249020,1.08462000
8453.258500,0.88830200
8453.267980,0.37624200
8453.277450,-0.32232000
8453.286930,-1.11740000
8453.296410,-1.60002000
8453.305890,-2.09245000
8453.315360,-2.14153000
8453.324840,-0.94889900
8453.334320,0.46785700
8453.343790,1.15169000
8453.353270,1.42817000
8453.362750,1.61631000
8453.372230,1.53288000
8453.381700,0.96846500
8453.391180,0.65763000
8453.400660,0.67399000
8453.410130,-0.26342500
8453.419610,-1.18284000
8453.429090,-0.63969900
8453.438560,0.07522230
8453.448040,0.90139000
8453.457520,2.60281000
8453.467000,3.57294000
8453.476470,3.53040000
8453.485950,3.62365000
8453.495430,3.35208000
8453.504900,2.61753000
8453.514380,2.02203000
8453.523860,1.46253000
8453.533340,0.89648200
8453.542810,0.10139800
8453.552290,-0.67405500
8453.561770,-0.62170400
8453.571240,-0.41884300
8453.580720,-0.86710000
8453.590200,-1.34317000
8453.599680,-1.51658000
8453.609150,-1.27119000
8453.618630,-0.34849600
8453.628110,0.69852900
8453.637580,1.39709000
8453.647060,1.97295000
8453.656540,2.43430000
8453.666010,2.41467000
8453.675490,1.94842000
8453.684970,1.76191000
8453.694450,2.08257000
8453.703920,2.22653000
8453.713400,1.84862000
8453.722880,1.17460000
8453.732350,0.86703500
8453.741830,1.49034000
8453.751310,2.05639000
8453.760790,1.91897000
8453.770260,2.13655000
8453.779740,2.38195000
8453.789220,1.75373000
8453.798690,1.28257000
8453.808170,1.18114000
8453.817650,0.89975400
8453.827130,1.21550000
8453.836600,1.77991000
8453.846080,1.60977000
8453.855560,1.31038000
8453.865030,0.83104300
8453.874510,-0.09001130
8453.883990,-0.63479100
8453.893460,-1.23847000
8453.902940,-2.10717000
8453.912420,-2.02864000
8453.921900,-1.64255000
8453.931370,-1.63601000
8453.940850,-0.87037200
8453.950330,-0.04747590
8453.959800,-0.21598100
8453.969280,-0.01312040
8453.978760,0.65272200
8453.988240,0.59546300
8453.997710,0.50548400
8454.007190,0.74924400
8454.016670,0.24700000
8454.026140,-0.70350200
8454.035620,-0.97507400
8454.045100,-1.00125000
8454.054580,-1.36771000
8454.064050,-1.24337000
8454.073530,-0.53826900
8454.083010,-0.56771600
8454.092480,-1.22865000
8454.101960,-1.26464000
8454.111440,-0.91454300
8454.120910,-0.83274500
8454.130390,-0.59880000
8454.139870,-0.11618700
8454.149350,0.15047700
8454.158820,0.22246000
8454.168300,0.35333800
8454.177780,0.69852900
8454.187250,0.87357900
8454.196730,0.12430200
8454.206210,-0.87200800
8454.215690,-0.96853100
8454.225160,-0.81638500
8454.234640,-0.94399100
8454.244120,-0.99470600
8454.253590,-0.99961400
8454.263070,-0.28142100
8454.272550,1.14515000
8454.282030,1.86989000
8454.291500,1.97132000
8454.300980,1.39546000
8454.310460,0.19792100
8454.319930,0.34679400
8454.329410,0.90139000
8454.338890,0.61509400
8454.348370,0.88830200
8454.357840,-0.07201560
8454.367320,-0.93744700
8454.376800,1.22531000
8454.386270,1.60650000
8454.395750,8.25183000
8454.405230,32.19430000
8454.414700,46.47810000
8454.424180,28.94690000
8454.433660,7.99335000
8454.443140,3.75453000
8454.452610,2.52919000
8454.462090,0.84249500
8454.471570,2.21181000
8454.481040,2.25434000
8454.490520,2.39994000
8454.500000,3.80198000
8454.509480,3.52877000
8454.518950,3.23920000
8454.528430,3.07887000
8454.537910,2.07929000
8454.547380,2.04985000
8454.556860,1.51161000
8454.566340,-0.36321900
8454.575820,-1.37262000
8454.585290,-2.11699000
8454.594770,-2.35420000
8454.604250,-0.79511700
8454.613720,0.62654600
8454.623200,1.41018000
8454.632680,2.31324000
8454.642150,2.04985000
8454.651630,1.23349000
8454.661110,1.21223000
8454.670590,0.82940700
8454.680060,-0.19144200
8454.689540,-1.09123000
8454.699020,-1.83887000
8454.708490,-1.76034000
8454.717970,-0.82947300
8454.727450,-0.21598100
8454.736930,0.46131300
8454.746400,1.73901000
8454.755880,2.52264000
8454.765360,2.68624000
8454.774830,2.88583000
8454.784310,2.55536000
8454.793790,1.67684000
8454.803270,1.16478000
8454.812740,0.83758700
8454.822220,0.24700000
8454.831700,-0.30432400
8454.841170,-0.60043600
8454.850650,-0.75258200
8454.860130,-1.06669000
8454.869600,-1.36116000
8454.879080,-0.85074000
8454.888560,0.05068260
8454.898040,0.46949300
8454.907510,1.01591000
8454.916990,1.77009000
8454.926470,1.83880000
8454.935940,1.82735000
8454.945420,2.38522000
8454.954900,2.81875000
8454.964380,2.96436000
8454.973850,2.93818000
8454.983330,2.40976000
8454.992810,1.41018000
8455.002280,-0.02130030
8455.011760,-1.59347000
8455.021240,-2.60287000
8455.030720,-2.98078000
8455.040190,-2.73375000
8455.049670,-1.87159000
8455.059150,-1.09450000
8455.068620,-0.53008900
8455.078100,0.04413870
8455.087580,0.40078200
8455.097050,0.88666600
8455.106530,1.53942000
8455.116010,1.72756000
8455.125490,1.55251000
8455.134960,1.02245000
8455.144440,0.20937200
8455.153920,-0.03275220
8455.163390,0.18974100
8455.172870,0.41223300
8455.182350,0.89484600
8455.191830,1.34310000
8455.201300,1.61795000
8455.210780,2.19381000
8455.220260,2.85475000
8455.229730,3.14922000
8455.239210,2.79912000
8455.248690,1.95823000
8455.258170,1.37419000
8455.267640,0.87194300
8455.277120,0.10794200
8455.286600,-0.44665400
8455.296070,-1.24992000
8455.305550,-2.19224000
8455.315030,-1.77507000
8455.324510,-0.72640600
8455.333980,-0.41884300
8455.343460,-0.02948020
8455.352940,0.38442200
8455.362410,0.19628500
8455.371890,0.31898300
8455.381370,0.38933000
8455.390840,-0.27160500
8455.400320,-0.03929610
8455.409800,1.12225000
8455.419280,1.15824000
8455.428750,0.28626300
8455.438230,-0.21271000
8455.447710,-0.44011000
8455.457180,-0.59716400
8455.466660,-0.72640600
8455.476140,-0.75749000
8455.485620,0.13084500
8455.495090,1.80281000
8455.504570,2.29851000
8455.514050,1.15987000
8455.523520,0.54147500
8455.533000,1.16478000
8455.542480,1.77664000
8455.551960,2.20036000
8455.561430,2.32305000
8455.570910,1.79791000
8455.580390,1.42327000
8455.589860,1.06826000
8455.599340,0.54801900
8455.608820,1.05026000
8455.618290,1.71611000
8455.627770,1.31856000
8455.637250,1.18932000
8455.646730,1.53451000
8455.656200,1.52961000
8455.665680,1.61958000
8455.675160,1.64085000
8455.684630,1.21059000
8455.694110,1.02245000
8455.703590,1.39709000
8455.713070,1.87807000
8455.722540,2.03512000
8455.732020,1.63594000
8455.741500,0.86376300
8455.750970,0.59055500
8455.760450,0.65272200
8455.769930,0.01141920
8455.779410,-0.48428200
8455.788880,-0.98161800
8455.798360,-2.39347000
8455.807840,-2.14643000
8455.817310,-0.66260300
8455.826790,-0.33704400
8455.836270,0.76396800
8455.845740,1.00282000
8455.855220,-0.16526600
8455.864700,0.96355700
8455.874180,0.42859300
8455.883650,-0.94562700
8455.893130,1.30875000
8455.902610,0.33534200
8455.912080,-0.73622200
8455.921560,2.21017000
8455.931040,0.34188600
8455.940520,0.81795500
8455.949990,3.94267000
8455.959470,-0.21761700
8455.968950,3.18194000
8455.978420,7.29151000
8455.987900,3.40280000
8455.997380,16.46440000
8456.006860,25.28890000
8456.016330,58.08690000
8456.025810,211.92800000
8456.035290,350.00700000
8456.044760,260.25100000
8456.054240,83.55260000
8456.063720,23.65290000
8456.073190,17.21700000
8456.082670,1.36437000
8456.092150,3.39298000
8456.101630,3.41916000
8456.111100,-2.11371000
8456.120580,2.42285000
8456.130060,1.30057000
8456.139530,-0.87528000
8456.149010,2.83348000
8456.158490,1.34474000
8456.167970,0.61836600
8456.177440,1.76682000
8456.186920,-0.80820500
8456.196400,-0.41393500
8456.205870,0.28953500
8456.215350,-1.78815000
8456.224830,-0.97507400
8456.234310,-0.70023000
8456.243780,-2.00574000
8456.253260,-0.93253900
8456.262740,-0.49409700
8456.272210,-0.93253900
8456.281690,-0.60698000
8456.291170,-1.12558000
8456.300640,-1.30718000
8456.310120,-0.96853100
8456.319600,-1.08305000
8456.329080,-0.48755400
8456.338550,-0.22252500
8456.348030,-0.59062000
8456.357510,-0.13091100
8456.366980,-0.01148450
8456.376460,-0.20780200
8456.385940,0.23227600
8456.395420,-0.16363000
8456.404890,-1.06996000
8456.414370,-0.91290700
8456.423850,-0.30105200
8456.433320,0.07195030
8456.442800,0.08994610
8456.452280,0.03923080
8456.461760,0.31080300
8456.471230,0.26990300
8456.480710,0.29935100
8456.490190,0.60527900
8456.499660,-0.28632800
8456.509140,-1.10432000
8456.518620,-0.82947300
8456.528100,-1.31045000
8456.537570,-1.24828000
8456.547050,-0.56444400
8456.556530,-0.92926700
8456.566000,1.13043000
8456.575480,3.78725000
8456.584960,6.39173000
8456.594430,22.43740000
8456.603910,43.89480000
8456.613390,39.69200000
8456.622870,16.05540000
8456.632340,3.91977000
8456.641820,3.08378000
8456.651300,1.26458000
8456.660770,0.42695700
8456.670250,0.58237500
8456.679730,-0.78202900
8456.689210,-1.70799000
8456.698680,-1.88141000
8456.708160,-1.87813000
8456.717640,-1.55257000
8456.727110,-1.88304000
8456.736590,-2.65359000
8456.746070,-2.62087000
8456.755550,-1.88468000
8456.765020,-1.34971000
8456.774500,-1.29082000
8456.783980,-1.31045000
8456.793450,-1.35462000
8456.802930,-1.31209000
8456.812410,-0.95544300
8456.821880,-0.21434600
8456.831360,1.93042000
8456.840840,4.58234000
8456.850320,4.26987000
8456.859790,2.09074000
8456.869270,2.19381000
8456.878750,3.83142000
8456.888220,4.35003000
8456.897700,3.66783000
8456.907180,2.37704000
8456.916660,1.37419000
8456.926130,1.31366000
8456.935610,1.46907000
8456.945090,1.38073000
8456.954560,1.20405000
8456.964040,0.92429400
8456.973520,0.97173700
8456.983000,1.64740000
8456.992470,2.23307000
8457.001950,2.30015000
8457.011430,2.53246000
8457.020900,3.00362000
8457.030380,2.80567000
8457.039860,2.24289000
8457.049330,2.02203000
8457.058810,1.43799000
8457.068290,0.69525700
8457.077770,0.89811800
8457.087240,1.28748000
8457.096720,1.27603000
8457.106200,1.64249000
8457.115670,1.73737000
8457.125150,1.12225000
8457.134630,1.42817000
8457.144110,2.56518000
8457.153580,2.54882000
8457.163060,1.69647000
8457.172540,1.26948000
8457.182010,0.49730400
8457.191490,-0.70677400
8457.200970,-0.59880000
8457.210450,0.41223300
8457.219920,0.15538500
8457.229400,-1.00943000
8457.238880,-1.23847000
8457.248350,-0.40084700
8457.257830,0.44822500
8457.267310,0.46458500
8457.276780,-0.11618700
8457.286260,-0.43029400
8457.295740,-0.98161800
8457.305220,-2.27240000
8457.314690,-2.81718000
8457.324170,-2.10717000
8457.333650,-1.37589000
8457.343120,-0.58244000
8457.352600,0.59055500
8457.362080,1.40854000
8457.371560,1.81590000
8457.381030,1.99586000
8457.390510,1.91570000
8457.399990,2.12837000
8457.409460,2.39176000
8457.418940,2.24616000
8457.428420,2.62244000
8457.437900,3.34717000
8457.447370,3.03798000
8457.456850,2.00895000
8457.466330,0.94556200
8457.475800,-0.03602410
8457.485280,-0.35013200
8457.494760,-0.40739100
8457.504240,-0.80984100
8457.513710,-0.70186600
8457.523190,-0.18489800
8457.532670,0.01959910
8457.542140,0.13248100
8457.551620,-0.57589600
8457.561100,-1.93376000
8457.570570,-1.79961000
8457.580050,-0.84092400
8457.589530,-0.98161800
8457.599010,-1.21720000
8457.608480,-1.08959000
8457.617960,-1.23356000
8457.627440,-0.82620100
8457.636910,-0.11945900
8457.646390,0.05395460
8457.655870,0.57419500
8457.665350,1.28421000
8457.674820,1.38564000
8457.684300,1.60486000
8457.693780,1.99095000
8457.703250,1.89934000
8457.712730,1.47398000
8457.722210,0.87194300
8457.731690,0.47767200
8457.741160,0.32061900
8457.750640,-0.12109500
8457.760120,-0.05729180
8457.769590,0.59873500
8457.779070,0.16192900
8457.788550,-0.83601700
8457.798020,-0.71004600
8457.807500,-0.26506100
8457.816980,-0.42702200
8457.826460,-0.72640600
8457.835930,-1.07978000
8457.845410,-1.34971000
8457.854890,-0.80166100
8457.864360,0.48094400
8457.873840,1.51488000
8457.883320,1.87643000
8457.892800,1.92715000
8457.902270,1.98768000
8457.911750,2.11365000
8457.921230,2.01222000
8457.930700,1.47398000
8457.940180,0.94229000
8457.949660,0.54474700
8457.959140,0.18156100
8457.968610,0.39587400
8457.978090,0.86049100
8457.987570,0.74597300
8457.997040,0.61509400
8458.006520,0.66417400
8458.016000,0.33534200
8458.025470,0.16520100
8458.034950,0.46949300
8458.044430,0.79178000
8458.053910,1.26130000
8458.063380,1.72101000
8458.072860,1.62776000
8458.082340,1.37092000
8458.091810,1.55414000
8458.101290,1.78482000
8458.110770,1.25640000
8458.120250,0.26499600
8458.129720,-0.25360900
8458.139200,-0.52190900
8458.148680,-0.82292900
8458.158150,-0.59062000
8458.167630,-0.17999000
8458.177110,-0.10146300
8458.186590,0.20446400
8458.196060,0.66090200
8458.205540,0.83267900
8458.215020,0.95210600
8458.224490,0.73779300
8458.233970,0.36642600
8458.243450,0.86703500
8458.252920,1.41509000
8458.262400,0.87521500
8458.271880,0.36642600
8458.281360,-0.03766010
8458.290830,-1.34644000
8458.300310,-2.14807000
8458.309790,-1.70308000
8458.319260,-1.40370000
8458.328740,-0.75421800
8458.338220,0.70343700
8458.347700,1.48380000
8458.357170,2.05966000
8458.366650,3.26865000
8458.376130,3.71854000
8458.385600,3.42570000
8458.395080,3.36353000
8458.404560,2.75168000
8458.414040,1.55742000
8458.423510,0.68871300
8458.432990,-0.34849600
8458.442470,-1.69000000
8458.451940,-2.27568000
8458.461420,-2.16934000
8458.470900,-1.71781000
8458.480380,-0.26996900
8458.489850,1.15824000
8458.499330,1.32347000
8458.508810,2.84820000
8458.518280,6.52915000
8458.527760,7.40603000
8458.537240,4.18970000
8458.546710,1.26948000
8458.556190,0.07358630
8458.565670,-0.20780200
8458.575150,0.49239600
8458.584620,0.81632000
8458.594100,0.25845200
8458.603580,0.08176620
8458.613050,-0.02293630
8458.622530,-0.12436700
8458.632010,0.63472600
8458.641490,1.47562000
8458.650960,1.96477000
8458.660440,2.51937000
8458.669920,2.70096000
8458.679390,2.79258000
8458.688870,2.94800000
8458.698350,2.12674000
8458.707830,0.67071800
8458.717300,-0.50882100
8458.726780,-1.25810000
8458.736260,-1.08959000
8458.745730,-0.46955800
8458.755210,0.00978322
8458.764690,1.11080000
8458.774160,2.33451000
8458.783640,2.72060000
8458.793120,2.58154000
8458.802600,1.85026000
8458.812070,0.88666600
8458.821550,-0.05401980
8458.831030,-1.49204000
8458.840500,-2.38038000
8458.849980,-2.71739000
8458.859460,-3.31779000
8458.868940,-2.79101000
8458.878410,-2.11862000
8458.887890,-1.93376000
8458.897370,0.13575300
8458.906840,1.58359000
8458.916320,1.88461000
8458.925800,3.97539000
8458.935280,4.08991000
8458.944750,10.08580000
8458.954230,33.30840000
8458.963710,48.08950000
8458.973180,31.18170000
8458.982660,8.99947000
8458.992140,2.89401000
8459.001610,0.71652500
8459.011090,-1.51331000
8459.020570,-0.30105200
8459.030050,-0.26996900
8459.039520,-0.66423900
8459.049000,0.58237500
8459.058480,0.51530000
8459.067950,-0.15381400
8459.077430,-0.21761700
8459.086910,-0.46628600
8459.096390,-0.14399900
8459.105860,0.02614300
8459.115340,-0.61025200
8459.124820,-0.67732700
8459.134290,-0.66751100
8459.143770,-1.17957000
8459.153250,-1.32845000
8459.162730,-1.29900000
8459.172200,-0.81965700
8459.181680,0.58728300
8459.191160,1.25967000
8459.200630,0.75088000
8459.210110,0.77869200
8459.219590,0.88830200
8459.229060,-0.16526600
8459.238540,-0.89982000
8459.248020,-0.23070500
8459.257500,0.44495300
8459.266970,0.27971900
8459.276450,-0.14399900
8459.285930,-0.11945900
8459.295400,0.41550500
8459.304880,0.77705600
8459.314360,0.87521500
8459.323840,0.82777100
8459.333310,0.18483300
8459.342790,-0.02130030
8459.352270,0.95047000
8459.361740,1.29239000
8459.371220,0.82940700
8459.380700,1.05354000
8459.390180,1.39709000
8459.399650,1.40363000
8459.409130,1.43145000
8459.418610,0.99136900
8459.428080,0.25190800
8459.437560,-0.70841000
8459.447040,-2.08917000
8459.456520,-2.36402000
8459.465990,-1.32354000
8459.475470,-0.78693700
8459.484950,-0.45483400
8459.494420,0.34188600
8459.503900,0.87848700
8459.513380,1.54924000
8459.522850,2.42612000
8459.532330,2.29361000
8459.541810,1.17787000
8459.551290,-0.34195200
8459.560760,-1.80124000
8459.570240,-2.27731000
8459.579720,-2.11699000
8459.589190,-2.10390000
8459.598670,-1.71944000
8459.608150,-1.01597000
8459.617630,-0.39103100
8459.627100,0.39260200
8459.636580,0.63636200
8459.646060,0.08667410
8459.655530,-0.38121500
8459.665010,-1.23683000
8459.674490,-2.27077000
8459.683970,-1.81106000
8459.693440,-0.70350200
8459.702920,-0.37303500
8459.712400,0.01959910
8459.721870,0.31898300
8459.731350,-0.28796400
8459.740830,-0.98652600
8459.750300,-1.47078000
8459.759780,-2.16606000
8459.769260,-2.90225000
8459.778740,-3.39796000
8459.788210,-3.06422000
8459.797690,-1.93212000
8459.807170,-1.20902000
8459.816640,-0.93090300
8459.826120,-0.43356600
8459.835600,-0.20289400
8459.845080,-0.33868000
8459.854550,-0.21598100
8459.864030,0.10467000
8459.873510,0.37787800
8459.882980,0.53329600
8459.892460,0.43513700
8459.901940,0.11448600
8459.911420,-0.42211500
8459.920890,-1.12722000
8459.930370,-1.55257000
8459.939850,-1.66055000
8459.949320,-2.05318000
8459.958800,-2.45073000
8459.968280,-1.94357000
8459.977750,-1.11740000
8459.987230,-1.04215000
8459.996710,-1.18448000
8460.006190,-1.02743000
8460.015660,-0.82783700
8460.025140,-0.33540800
8460.034620,0.00651127
8460.044090,-0.73295000
8460.053570,-1.45932000
8460.063050,-0.96689500
8460.072530,-0.19962200
8460.082000,0.13248100
8460.091480,0.38769400
8460.100960,0.57746700
8460.110430,0.90302600
8460.119910,1.46580000
8460.129390,1.32674000
8460.138870,0.28953500
8460.148340,-0.42538600
8460.157820,-0.52190900
8460.167300,-0.73458600
8460.176770,-0.75585400
8460.186250,0.11448600
8460.195730,1.09771000
8460.205200,1.13861000
8460.214680,0.82449900
8460.224160,0.95047000
8460.233640,0.79178000
8460.243110,-0.56117200
8460.252590,-2.86626000
8460.262070,-4.77054000
8460.271540,-4.69201000
8460.281020,-2.93007000
8460.290500,-1.12886000
8460.299980,0.26172400
8460.309450,1.04045000
8460.318930,1.04208000
8460.328410,1.47725000
8460.337880,2.36722000
8460.347360,2.53409000
8460.356840,2.38358000
8460.366320,1.79300000
8460.375790,0.27317500
8460.385270,-0.45810600
8460.394750,0.20446400
8460.404220,0.74106500
8460.413700,0.74106500
8460.423180,0.47276400
8460.432660,0.37624200
8460.442130,0.85231100
8460.451610,1.06662000
8460.461090,0.81959200
8460.470560,0.80159600
8460.480040,0.68216900
8460.489520,0.36315400
8460.498990,0.13575300
8460.508470,0.05395460
8460.517950,0.74270100
8460.527430,1.82572000
8460.536900,2.06784000
8460.546380,1.73574000
8460.555860,1.35946000
8460.565330,0.93411000
8460.574810,0.71161700
8460.584290,0.35170200
8460.593770,-0.45319800
8460.603240,-0.93744700
8460.612720,-0.25851700
8460.622200,1.39382000
8460.631670,2.30997000
8460.641150,1.47889000
8460.650630,0.33370600
8460.660110,-0.36485500
8460.669580,-1.19593000
8460.679060,-1.61638000
8460.688540,-1.12068000
8460.698010,-0.11618700
8460.707490,1.02736000
8460.716970,1.81917000
8460.726440,2.22162000
8460.735920,2.36232000
8460.745400,1.95987000
8460.754880,1.63104000
8460.764350,1.50670000
8460.773830,0.55619900
8460.783310,-0.37467100
8460.792780,-0.21598100
8460.802260,-0.15872200
8460.811740,-0.52845300
8460.821220,-0.53990500
8460.830690,-0.29778000
8460.840170,0.24863600
8460.849650,0.83758700
8460.859120,0.73452100
8460.868600,0.39260200
8460.878080,0.13248100
8460.887560,-0.33377200
8460.897030,-0.51372900
8460.906510,-0.62006800
8460.915990,-1.37589000
8460.925460,-1.84869000
8460.934940,-1.46096000
8460.944420,-1.21883000
8460.953890,-1.11740000
8460.963370,-0.55462900
8460.972850,-0.33704400
8460.982330,-0.94889900
8460.991800,-1.39879000
8461.001280,-1.31536000
8461.010760,-1.20738000
8461.020230,-0.98979800
8461.029710,-0.46955800
8461.039190,0.14066100
8461.048670,0.75415200
8461.058140,1.27112000
8461.067620,1.69320000
8461.077100,2.11856000
8461.086570,2.21672000
8461.096050,1.93369000
8461.105530,1.78973000
8461.115010,1.68502000
8461.124480,1.00609000
8461.133960,-0.03602410
8461.143440,-0.39266700
8461.152910,-0.05238390
8461.162390,-0.10473500
8461.171870,-0.15217800
8461.181340,0.42859300
8461.190820,0.40732500
8461.200300,-0.17181000
8461.209780,-0.23070500
8461.219250,-0.47937400
8461.228730,-0.69041500
8461.238210,-0.10309900
8461.247680,0.05559060
8461.257160,-0.18162600
8461.266640,0.11775800
8461.276120,0.30589500
8461.285590,0.50712000
8461.295070,0.82613500
8461.304550,0.73288500
8461.314020,1.05681000
8461.323500,1.34147000
8461.332980,0.70507300
8461.342460,0.72634100
8461.351930,1.03390000
8461.361410,0.27481100
8461.370890,0.19792100
8461.380360,0.80323200
8461.389840,0.48094400
8461.399320,0.72797700
8461.408790,1.93042000
8461.418270,2.08420000
8461.427750,1.63267000
8461.437230,1.85353000
8461.446700,2.12019000
8461.456180,1.95169000
8461.465660,1.57214000
8461.475130,0.95047000
8461.484610,0.27153900
8461.494090,-0.26669700
8461.503570,-1.18448000
8461.513040,-2.16606000
8461.522520,-1.93866000
8461.532000,-1.16812000
8461.541470,-0.90145600
8461.550950,-0.02130030
8461.560430,1.24331000
8461.569910,1.42654000
8461.579380,1.43145000
8461.588860,1.77827000
8461.598340,1.68175000
8461.607810,1.77827000
8461.617290,2.03839000
8461.626770,1.49361000
8461.636250,0.58073900
8461.645720,-0.38285100
8461.655200,-1.15176000
8461.664680,-1.06996000
8461.674150,-1.01597000
8461.683630,-1.40370000
8461.693110,-1.03888000
8461.702580,0.02123510
8461.712060,1.21059000
8461.721540,2.41794000
8461.731020,2.85802000
8461.740490,2.50628000
8461.749970,1.95659000
8461.759450,1.21877000
8461.768920,1.39546000
8461.778400,3.43225000
8461.787880,5.42650000
8461.797360,5.19256000
8461.806830,3.29973000
8461.816310,1.71120000
8461.825790,0.99300500
8461.835260,0.42532100
8461.844740,-0.00494056
8461.854220,-0.40902700
8461.863700,-1.28264000
8461.873170,-1.63764000
8461.882650,-1.03233000
8461.892130,-0.62988300
8461.901600,-0.26833300
8461.911080,0.20937200
8461.920560,0.04086680
8461.930030,0.22736800
8461.939510,1.09771000
8461.948990,1.19914000
8461.958470,0.98155300
8461.967940,1.08298000
8461.977420,0.69525700
8461.986900,0.11121400
8461.996370,-0.29287200
8462.005850,-0.70186600
8462.015330,-0.73622200
8462.024810,-0.86219200
8462.034280,-1.24174000
8462.043760,-0.72313400
8462.053240,0.41059700
8462.062710,1.26130000
8462.072190,1.81754000
8462.081670,1.46744000
8462.091150,0.30098700
8462.100620,-0.47446600
8462.110100,-0.79348100
8462.119580,-0.80984100
8462.129050,-0.49409700
8462.138530,-0.61025200
8462.148010,-1.03888000
8462.157480,-0.97507400
8462.166960,-0.50391300
8462.176440,0.49239600
8462.185920,1.68993000
8462.195390,1.82408000
8462.204870,1.41345000
8462.214350,1.47398000
8462.223820,0.94556200
8462.233300,-0.17999000
8462.242780,-0.57916800
8462.252260,-0.88018800
8462.261730,-1.29573000
8462.271210,-0.68714300
8462.280690,-0.01802840
8462.290160,0.08994610
8462.299640,0.99791300
8462.309120,1.78973000
8462.318600,1.39546000
8462.328070,1.66376000
8462.337550,2.31815000
8462.347030,1.27603000
8462.356500,-0.27631400
8462.365980,-1.10449000
8462.375460,-2.05098000
8462.384930,-2.19702000
8462.394410,-0.80963900
8462.403890,-0.10993900
8462.413370,-0.81148800
8462.422840,-1.03609000
8462.432320,-0.70242000
8462.441800,-0.82165500
8462.451270,-0.74031600
8462.460750,-0.02490280
8462.470230,0.47329900
8462.479710,0.40490000
8462.489180,0.04811740
8462.498660,-0.31421100
8462.508140,-0.30496800
8462.517610,0.09618140
8462.527090,0.44372100
8462.536570,0.44002400
8462.546050,0.28104300
8462.555520,0.23667600
8462.565000,-0.06926950
8462.574480,-0.90484300
8462.583950,-1.64983000
8462.593430,-1.91696000
8462.602910,-1.61009000
8462.612390,-0.63494500
8462.621860,0.16642900
8462.631340,0.46775300
8462.640820,1.18039000
8462.650290,1.86530000
8462.659770,1.82648000
8462.669250,1.97437000
8462.678720,1.98362000
8462.688200,0.86982600
8462.697680,-0.01381110
8462.707160,0.30137800
8462.716630,0.88831200
8462.726110,1.44844000
8462.735590,1.84220000
8462.745060,1.68599000
8462.754540,1.47987000
8462.764020,1.22014000
8462.773500,0.64891700
8462.782970,0.54816700
8462.792450,0.64059800
8462.801930,0.16180700
8462.811400,0.16550400
8462.820880,0.95209000
8462.830360,1.21829000
8462.839840,0.61749100
8462.849310,-0.63956700
8462.858790,-2.00754000
8462.868270,-2.42071000
8462.877740,-2.18778000
8462.887220,-1.83100000
8462.896700,-0.65343100
8462.906170,0.89755500
8462.915650,1.58154000
8462.925130,1.45399000
8462.934610,0.95948400
8462.944080,0.36330600
8462.953560,-0.12842500
8462.963040,-0.62108100
8462.972510,-1.18306000
8462.981990,-1.67849000
8462.991470,-1.47699000
8463.000950,-0.39370100
8463.010420,0.16365600
8463.019900,-0.10069600
8463.029380,0.08878690
8463.038850,0.34204700
8463.048330,0.17382300
8463.057810,0.34666900
8463.067290,0.46405600
8463.076760,0.28011800
8463.086240,0.36700300
8463.095720,0.67202500
8463.105190,2.05294000
8463.114670,4.23523000
8463.124150,4.19733000
8463.133620,2.13151000
8463.143100,0.95024100
8463.152580,0.37532200
8463.162060,-0.19682400
8463.171530,0.23205500
8463.181010,0.74042300
8463.190490,0.45388800
8463.199960,0.52321100
8463.209440,1.15082000
8463.218920,1.58709000
8463.228400,1.77750000
8463.237870,1.73036000
8463.247350,1.52978000
8463.256830,1.41332000
8463.266300,1.08889000
8463.275780,0.36053300
8463.285260,-0.23564500
8463.294740,-0.56377400
8463.304210,-1.17104000
8463.313690,-1.46312000
8463.323170,-0.26245000
8463.332640,1.34400000
8463.342120,1.57785000
8463.351600,1.00940000
8463.361070,0.47699600
8463.370550,-0.41865800
8463.380030,-1.36977000
8463.389510,-1.76815000
8463.398980,-1.89108000
8463.408460,-1.62303000
8463.417940,-0.51016400
8463.427410,0.62118800
8463.436890,0.98166700
8463.446370,1.30055000
8463.455850,1.61574000
8463.465320,1.39298000
8463.474800,1.58247000
8463.484280,2.08621000
8463.493750,1.94295000
8463.503230,2.11579000
8463.512710,2.22671000
8463.522190,1.32828000
8463.531660,0.97797000
8463.541140,0.75521200
8463.550620,-0.05078340
8463.560090,0.25238900
8463.569570,0.39750500
8463.579050,-0.22270400
8463.588530,0.12945600
8463.598000,-0.06279940
8463.607480,-0.28648200
8463.616960,0.37439800
8463.626430,-0.65065900
8463.635910,-0.72367900
8463.645390,0.72286200
8463.654860,0.53615100
8463.664340,3.11404000
8463.673820,5.47842000
8463.683300,9.31152000
8463.692770,37.61010000
8463.702250,73.29390000
8463.711730,64.51850000
8463.721200,25.53220000
8463.730680,6.64674000
8463.740160,4.81662000
8463.749640,1.88472000
8463.759110,2.07327000
8463.768590,3.86366000
8463.778070,3.47822000
8463.787540,2.85246000
8463.797020,0.88276700
8463.806500,-0.73107300
8463.815980,-0.42882500
8463.825450,-0.74863500
8463.834930,-1.11836000
8463.844410,-1.33280000
8463.853880,-2.02788000
8463.863360,-1.38733000
8463.872840,-0.47041900
8463.882310,-0.00179514
8463.891790,2.08437000
8463.901270,3.99491000
8463.910750,3.90340000
8463.920220,3.50872000
8463.929700,2.85431000
8463.939180,1.89673000
8463.948650,2.18419000
8463.958130,2.97078000
8463.967610,2.58164000
8463.977090,1.68691000
8463.986560,1.43828000
8463.996040,1.33475000
8464.005520,0.95393800
8464.014990,1.01217000
8464.024470,1.25526000
8464.033950,1.13510000
8464.043430,1.52331000
8464.052900,2.32191000
8464.062380,2.75356000
8464.071860,3.40150000
8464.081330,3.67325000
8464.090810,2.60198000
8464.100290,1.68322000
8464.109760,1.45306000
8464.119240,0.93267900
8464.128720,0.66000900
8464.138200,0.61933900
8464.147670,0.26625400
8464.157150,0.44372100
8464.166630,0.79773000
8464.176100,0.64984100
8464.185580,0.61933900
8464.195060,0.32263700
8464.204540,0.28566400
8464.214010,1.19426000
8464.223490,1.20905000
8464.232970,2.15369000
8464.242440,6.56818000
8464.251920,8.71257000
8464.261400,5.13550000
8464.270880,1.46046000
8464.280350,0.65261400
8464.289830,0.62488500
8464.299310,0.08693830
8464.308780,0.77924400
8464.318260,6.06166000
8464.327740,11.65560000
8464.337210,9.04255000
8464.346690,2.13058000
8464.356170,-0.50646700
8464.365650,-0.65158300
8464.375120,-1.42061000
8464.384600,-1.52043000
8464.394080,-1.37809000
8464.403550,-1.88184000
8464.413030,-2.45860000
8464.422510,-2.62313000
8464.431990,-2.18316000
8464.441460,-1.78293000
8464.450940,-1.47422000
8464.460420,-0.47226700
8464.469890,0.40859700
8464.479370,0.39103500
8464.488850,-0.05078340
8464.498330,-0.82627700
8464.507800,-1.37809000
8464.517280,-1.36422000
8464.526760,-1.76260000
8464.536230,-2.30794000
8464.545710,-2.22937000
8464.555190,-2.45675000
8464.564670,-3.15738000
8464.574140,-3.21931000
8464.583620,-2.68321000
8464.593100,-2.08518000
8464.602570,-1.32078000
8464.612050,-0.51755800
8464.621530,-0.04616190
8464.631000,0.30415000
8464.640480,0.99553200
8464.649960,1.70078000
8464.659440,1.73128000
8464.668910,1.33290000
8464.678390,0.90310100
8464.687870,0.15164000
8464.697340,-0.40756600
8464.706820,-0.03969170
8464.716300,0.28474000
8464.725780,0.06013340
8464.735250,0.32541000
8464.744730,0.90679900
8464.754210,1.09166000
8464.763680,1.28022000
8464.773160,1.37265000
8464.782640,1.20443000
8464.792120,1.11015000
8464.801590,0.61009600
8464.811070,-0.06557230
8464.820550,-0.10162000
8464.830020,-0.26892000
8464.839500,-0.54898500
8464.848980,-0.00826528
8464.858450,0.48716300
8464.867930,0.62858200
8464.877410,0.96503000
8464.886890,0.59992900
8464.896360,-0.20699100
8464.905840,-0.29942200
8464.915320,-0.32530300
8464.924790,-0.21253700
8464.934270,0.62118800
8464.943750,0.97242400
8464.953230,0.62026300
8464.962700,0.53984900
8464.972180,0.51951400
8464.981660,0.40120300
8464.991130,0.23020600
8465.000610,-0.32437800
8465.010090,-0.75695400
8465.019570,-0.59335200
8465.029040,-0.19035400
8465.038520,0.25238900
8465.048000,0.63320400
8465.057470,0.97981900
8465.066950,1.22199000
8465.076430,0.95393800
8465.085900,0.74134800
8465.095380,1.16098000
8465.104860,1.36063000
8465.114340,1.16930000
8465.123810,1.23678000
8465.133290,1.36988000
8465.142770,1.49281000
8465.152240,1.64902000
8465.161720,1.45584000
8465.171200,1.03343000
8465.180680,0.46220700
8465.190150,-0.20884000
8465.199630,-0.34471300
8465.209110,-0.13766800
8465.218580,-0.19220200
8465.228060,-0.46117600
8465.237540,-1.31431000
8465.247020,-2.40592000
8465.256490,-2.43734000
8465.265970,-2.08056000
8465.275450,-2.46045000
8465.284920,-2.39205000
8465.294400,-0.92332900
8465.303880,1.13788000
8465.313350,3.24437000
8465.322830,5.53203000
8465.332310,7.35199000
8465.341790,7.58584000
8465.351260,6.90463000
8465.360740,6.91110000
8465.370220,7.20040000
8465.379690,6.73363000
8465.389170,5.38137000
8465.398650,2.96708000
8465.408130,0.58144300
8465.417600,-0.39000400
8465.427080,-1.03702000
8465.436560,-1.74596000
8465.446030,-1.18491000
8465.455510,-0.18850500
8465.464990,0.09803000
8465.474470,0.29952900
8465.483940,0.14147200
8465.493420,-0.74955900
8465.502900,-1.59345000
8465.512370,-2.13325000
8465.521850,-2.13232000
8465.531330,-1.59438000
8465.540800,-1.60362000
8465.550280,-2.02233000
8465.559760,-1.94192000
8465.569240,-1.65630000
8465.578710,-0.93534500
8465.588190,0.31709100
8465.597670,0.73765000
8465.607140,0.39288400
8465.616620,0.17105000
8465.626100,-0.48982900
8465.635580,-1.15256000
8465.645050,-0.78838000
8465.654530,0.00652363
8465.664010,0.91696600
8465.673480,1.62683000
8465.682960,1.40592000
8465.692440,1.49004000
8465.701920,2.30990000
8465.711390,1.95404000
8465.720870,0.83932400
8465.730350,0.49363300
8465.739820,0.37901900
8465.749300,0.54354600
8465.758780,1.14712000
8465.768260,1.13418000
8465.777730,0.85411300
8465.787210,0.87167500
8465.796690,0.65816000
8465.806160,0.68866200
8465.815640,0.97150000
8465.825120,0.62396100
8465.834590,0.26902700
8465.844070,0.02685840
8465.853550,-0.82350400
8465.863030,-1.22558000
8465.872500,-0.88913000
8465.881980,-1.07492000
8465.891460,-1.24591000
8465.900930,-0.73107300
8465.910410,-0.23379600
8465.919890,0.44556900
8465.929370,1.21274000
8465.938840,1.02881000
8465.948320,0.64152200
8465.957800,1.12216000
8465.967270,1.39114000
8465.976750,0.80604900
8465.986230,0.53153000
8465.995710,0.78109300
8466.005180,0.60547400
8466.014660,0.36700300
8466.024140,0.81991400
8466.033610,1.39391000
8466.043090,1.63146000
8466.052570,1.56213000
8466.062040,1.49558000
8466.071520,2.31174000
8466.081000,3.20000000
8466.090480,3.01422000
8466.099950,3.16396000
8466.109430,3.17875000
8466.118910,1.69801000
8466.128380,1.30610000
8466.137860,1.55751000
8466.147340,0.45943400
8466.156820,3.46898000
8466.166290,10.20900000
8466.175770,9.89476000
8466.185250,3.53738000
8466.194720,1.16006000
8466.204200,1.91337000
8466.213680,1.80338000
8466.223160,1.88009000
8466.232630,1.43550000
8466.242110,0.55556200
8466.251590,0.89385800
8466.261060,0.75243900
8466.270540,-0.05632920
8466.280020,0.12391100
8466.289490,-0.09330150
8466.298970,-0.75325700
8466.308450,-0.40479300
8466.317930,-0.32622700
8466.327400,-0.66729600
8466.336880,-0.26984400
8466.346360,-0.10254500
8466.355830,-0.31051400
8466.365310,-0.15430600
8466.374790,-0.24119100
8466.384270,-0.10254500
8466.393740,0.87814500
8466.403220,1.40870000
8466.412700,1.42996000
8466.422170,1.92538000
8466.431650,1.99933000
8466.441130,1.02326000
8466.450610,0.08693830
8466.460080,0.00837224
8466.469560,0.65631100
8466.479040,0.90125300
8466.488510,0.29768000
8466.497990,0.35776000
8466.507470,0.81991400
8466.516940,0.13592700
8466.526420,-0.29110300
8466.535900,0.24129800
8466.545380,0.32633400
8466.554850,0.48808800
8466.564330,0.95486200
8466.573810,1.10368000
8466.583280,1.70170000
8466.592760,2.11394000
8466.602240,1.60188000
8466.611720,1.55659000
8466.621190,1.86530000
8466.630670,1.69154000
8466.640150,1.65364000
8466.649620,1.41702000
8466.659100,0.31616600
8466.668580,-0.20237000
8466.678060,0.60547400
8466.687530,0.52136300
8466.697010,-0.31883200
8466.706490,0.41968900
8466.715960,0.80420000
8466.725440,0.20062800
8466.734920,0.67572200
8466.744400,0.05920910
8466.753870,-1.25885000
8466.763350,-1.59438000
8466.772830,-3.23872000
8466.782300,-3.54744000
8466.791780,-2.32550000
8466.801260,-2.61111000
8466.810730,-0.36135100
8466.820210,0.80512500
8466.829690,-1.35868000
8466.839170,1.23308000
8466.848640,2.79793000
8466.858120,2.53173000
8466.867600,5.92763000
8466.877070,1.50483000
8466.886550,-2.09443000
8466.896030,2.74617000
8466.905510,-1.76907000
8466.914980,-1.77739000
8466.924460,3.46343000
8466.933940,-5.79905000
8466.943410,-1.52690000
8466.952890,3.72963000
8466.962370,-8.42038000
8466.971850,7.76238000
8466.981320,7.84372000
8466.990800,27.65720000
8467.000280,249.42200000
8467.009750,466.77300000
8467.019230,326.72200000
8467.028710,63.24950000
8467.038180,1.42996000
8467.047660,11.79140000
8467.057140,-7.97764000
8467.066620,0.46775300
8467.076090,3.45234000
8467.085570,-4.53460000
8467.095050,4.17053000
8467.104520,1.29870000
8467.114000,-3.50307000
8467.123480,2.40787000
8467.132960,-1.44464000
8467.142430,-3.30157000
8467.151910,0.20062800
8467.161390,-2.55196000
8467.170860,-0.95198300
8467.180340,2.13151000
8467.189820,0.62950700
8467.199300,2.12781000
8467.208770,1.95681000
8467.218250,-0.59335200
8467.227730,0.42800800
8467.237200,0.59253400
8467.246680,-0.02212990
8467.256160,0.76168200
8467.265630,-0.01658400
8467.275110,-0.64603700
8467.284590,0.03425280
8467.294070,0.23760000
8467.303540,0.56480500
8467.313020,1.69985000
8467.322500,3.34327000
8467.331970,3.60393000
8467.341450,2.00950000
8467.350930,1.38836000
8467.360410,1.43088000
8467.369880,0.57127500
8467.379360,0.07399800
8467.388840,-0.06002650
8467.398310,-0.23841800
8467.407790,0.21911400
8467.417270,0.71269400
8467.426750,0.55556200
8467.436220,0.25608600
8467.445700,0.45573700
8467.455180,0.87259900
8467.464650,0.99738100
8467.474130,1.01772000
8467.483610,0.43355300
8467.493080,-0.80039600
8467.502560,-1.44834000
8467.512040,-1.48161000
8467.521520,-1.15348000
8467.530990,-0.89560000
8467.540470,-0.82997400
8467.549950,2.12688000
8467.559420,7.13940000
8467.568900,7.69121000
8467.578380,4.46630000
8467.587860,2.63803000
8467.597330,1.52239000
8467.606810,0.28196700
8467.616290,-0.08220980
8467.625760,-0.57671400
8467.635240,-0.77728900
8467.644720,-0.02120560
8467.654200,0.25423800
8467.663670,0.47237400
8467.673150,1.18964000
8467.682630,1.15451000
8467.692100,0.97704600
8467.701580,1.29223000
8467.711060,1.23585000
8467.720540,1.62499000
8467.730010,2.61861000
8467.739490,2.70550000
8467.748970,2.31174000
8467.758440,1.71372000
8467.767920,0.27549700
8467.777400,-0.95290700
8467.786870,-1.87444000
8467.796350,-2.77194000
8467.805830,-2.32458000
8467.815310,-1.85688000
8467.824780,-2.63052000
8467.834260,-2.10644000
8467.843740,-0.62015600
8467.853210,-0.30774100
8467.862690,0.33188000
8467.872170,1.23770000
8467.881650,0.85873500
8467.891120,0.77185000
8467.900600,1.42349000
8467.910080,1.56491000
8467.919550,1.47710000
8467.929030,0.94561900
8467.938510,0.29490700
8467.947990,0.81159500
8467.957460,1.28669000
8467.966940,0.81159500
8467.976420,0.31246900
8467.985890,-0.69872300
8467.995370,-1.77462000
8468.004850,-1.46497000
8468.014320,-1.00005000
8468.023800,-1.09987000
8468.033280,-0.91131300
8468.042760,-1.10449000
8468.052230,-1.65353000
8468.061710,-1.67479000
8468.071190,-1.68588000
8468.080660,-1.42061000
8468.090140,-0.41033900
8468.099620,0.04626880
8468.109100,-0.44084100
8468.118570,-0.99819800
8468.128050,-1.45758000
8468.137530,-1.81251000
8468.147000,-2.13972000
8468.156480,-2.64069000
8468.165960,-2.56860000
8468.175440,-1.46128000
8468.184910,-0.60629200
8468.194390,-0.65897700
8468.203870,-0.52772600
8468.213340,-0.26337400
8468.222820,-0.51848300
8468.232300,-0.53512000
8468.241770,-0.64696100
8468.251250,-1.59992000
8468.260730,-1.93914000
8468.270210,-1.26070000
8468.279680,-0.65343100
8468.289160,0.27087500
8468.298640,1.41424000
8468.308110,1.67397000
8468.317590,1.31627000
8468.327070,1.04360000
8468.336550,0.97150000
8468.346020,1.18871000
8468.355500,1.55012000
8468.364980,1.82094000
8468.374450,2.08621000
8468.383930,2.18049000
8468.393410,1.85791000
8468.402890,2.00118000
8468.412360,2.75356000
8468.421840,2.31914000
8468.431320,0.93914900
8468.440790,0.39935400
8468.450270,0.47052600
8468.459750,0.94192200
8468.469220,1.52608000
8468.478700,1.23585000
8468.488180,0.91881500
8468.497660,0.76075800
8468.507130,0.02685840
8468.516610,0.14979100
8468.526090,1.36988000
8468.535560,2.00672000
8468.545040,1.75624000
8468.554520,1.31442000
8468.564000,1.36710000
8468.573470,1.61112000
8468.582950,1.31904000
8468.592430,0.89848000
8468.601900,0.96133300
8468.611380,1.08611000
8468.620860,0.11651600
8468.630340,-0.52402900
